#
# A fatal error has been detected by the Java Runtime Environment:
#
#  EXCEPTION_ACCESS_VIOLATION (0xc0000005) at pc=0x00000257c94f0152, pid=37956, tid=30288
#
# JRE version: OpenJDK Runtime Environment Microsoft-10823458 (11.0.26+4) (build 11.0.26+4-LTS)
# Java VM: OpenJDK 64-Bit Server VM Microsoft-10823458 (11.0.26+4-LTS, mixed mode, sharing, tiered, compressed oops, g1 gc, windows-amd64)
# Problematic frame:
# J 4902 c2 java.util.Formatter$FormatSpecifier.localizedMagnitude(Ljava/lang/StringBuilder;Ljava/lang/CharSequence;ILjava/util/Formatter$Flags;ILjava/util/Locale;)Ljava/lang/StringBuilder; java.base@11.0.26 (420 bytes) @ 0x00000257c94f0152 [0x00000257c94efe40+0x0000000000000312]
#
# No core dump will be written. Minidumps are not enabled by default on client versions of Windows
#
# If you would like to submit a bug report, please visit:
#   https://github.com/microsoft/openjdk/issues
#

---------------  S U M M A R Y ------------

Command Line: -javaagent:C:\Program Files\JetBrains\IntelliJ IDEA Community Edition 2024.1.1\lib\idea_rt.jar=62927:C:\Program Files\JetBrains\IntelliJ IDEA Community Edition 2024.1.1\bin -Dfile.encoding=UTF-8 pseudo.gen.Commuter

Host: Intel(R) Core(TM) i9-14900K, 32 cores, 127G,  Windows 11 , 64 bit Build 26100 (10.0.26100.6725)
Time: Tue Nov  4 04:01:36 2025  Windows 11 , 64 bit Build 26100 (10.0.26100.6725) elapsed time: 979.135778 seconds (0d 0h 16m 19s)

---------------  T H R E A D  ---------------

Current thread (0x00000257b8b2e800):  JavaThread "main" [_thread_in_Java, id=30288, stack(0x000000eea6800000,0x000000eea6900000)]

Stack: [0x000000eea6800000,0x000000eea6900000],  sp=0x000000eea68ff0b0,  free space=1020k
Native frames: (J=compiled Java code, j=interpreted, Vv=VM code, C=native code)
C  0x00000257c94f0152


siginfo: EXCEPTION_ACCESS_VIOLATION (0xc0000005), reading address 0x000000000000018c


Register to memory mapping:

RIP=0x00000257c94f0152 is at entry_point+786 in (nmethod*)0x00000257c94efb90
RAX=0x0 is NULL
RBX=0x00000000821d3fa0 points into unknown readable memory: 0x0000003de0210909 | 09 09 21 e0 3d 00 00 00
RCX=0x0000000000000031 is an unknown value
RDX=0x0000000000003fff is an unknown value
RSP=0x000000eea68ff0b0 is pointing into the stack for thread: 0x00000257b8b2e800
RBP=0x0000000000000031 is an unknown value
RSI=0x0000000000000005 is an unknown value
RDI=0x0000000000000006 is an unknown value
R8 =0x0000000000000005 is an unknown value
R9 =0x0 is NULL
R10=0x000000023e6788e0 points into unknown readable memory: 0x0000000000000001 | 01 00 00 00 00 00 00 00
R11=0x0000000000000030 is an unknown value
R12=0x0 is NULL
R13=0x0 is NULL
R14=0x0 is NULL
R15=0x00000257b8b2e800 is a thread


Registers:
RAX=0x0000000000000000, RBX=0x00000000821d3fa0, RCX=0x0000000000000031, RDX=0x0000000000003fff
RSP=0x000000eea68ff0b0, RBP=0x0000000000000031, RSI=0x0000000000000005, RDI=0x0000000000000006
R8 =0x0000000000000005, R9 =0x0000000000000000, R10=0x000000023e6788e0, R11=0x0000000000000030
R12=0x0000000000000000, R13=0x0000000000000000, R14=0x0000000000000000, R15=0x00000257b8b2e800
RIP=0x00000257c94f0152, EFLAGS=0x0000000000010206

Top of Stack: (sp=0x000000eea68ff0b0)
0x000000eea68ff0b0:   0000000000000005 00000257c9360c8f
0x000000eea68ff0c0:   000000023e6727f8 00007ffb47cce502
0x000000eea68ff0d0:   00000000821d3fa0 0000025700000000
0x000000eea68ff0e0:   000000023e678428 00000005ffffffff
0x000000eea68ff0f0:   0000000500000030 000000023e6788f8
0x000000eea68ff100:   000000023e6788e0 0000000000000005
0x000000eea68ff110:   000000023e6788f8 0000000000000030
0x000000eea68ff120:   0000001000000030 000000023e677968
0x000000eea68ff130:   000000023e677ea8 00000000822e2f58
0x000000eea68ff140:   000000023e678118 000000023e6785f8
0x000000eea68ff150:   0000000f47ccf087 000000100000000f
0x000000eea68ff160:   000000023e678438 000000000000006f
0x000000eea68ff170:   0000000800342be0 00000257c9372ce4
0x000000eea68ff180:   000000000006857c 00000257c9384fe4
0x000000eea68ff190:   00000000ffffffff 00000257c91c9308
0x000000eea68ff1a0:   00000257d4fd0000 ffffffff00000001 

Instructions: (pc=0x00000257c94f0152)
0x00000257c94f0052:   8b 6c fc 18 3b eb 0f 84 96 10 00 00 ba 4d ff ff
0x00000257c94f0062:   ff 48 8b 6c 24 50 4c 8b 54 24 48 4c 89 94 24 d0
0x00000257c94f0072:   00 00 00 44 8b 54 24 28 44 89 54 24 20 4c 8b 54
0x00000257c94f0082:   24 30 4c 89 54 24 28 44 8b 4c 24 38 44 89 4c 24
0x00000257c94f0092:   24 44 89 44 24 38 4c 89 74 24 48 66 66 90 c5 f8
0x00000257c94f00a2:   77 e8 58 a0 e0 f7 0f 1f 84 00 00 00 00 00 45 8b
0x00000257c94f00b2:   f0 4c 8b 44 24 50 41 8b 70 0c 44 8b 6b 10 8b fe
0x00000257c94f00c2:   ff c7 49 8b c5 48 c1 e0 03 41 0f be 48 10 45 8b
0x00000257c94f00d2:   48 14 ba f7 ff ff 7f d3 fa 45 8b c6 45 3b f2 0f
0x00000257c94f00e2:   84 f2 04 00 00 44 89 4c 24 68 44 89 74 24 5c 48
0x00000257c94f00f2:   89 5c 24 20 44 89 54 24 58 44 89 5c 24 44 4d 63
0x00000257c94f0102:   ce 44 8b 9c 24 d0 00 00 00 41 81 fb 7c 85 06 00
0x00000257c94f0112:   0f 85 22 01 00 00 4c 8b 5c 24 48 45 8b 53 0c 41
0x00000257c94f0122:   80 7b 14 00 0f 85 19 05 00 00 47 8b 44 d4 0c 45
0x00000257c94f0132:   3b f0 0f 83 ba 10 00 00 49 c1 e2 03 43 0f b6 6c
0x00000257c94f0142:   0a 10 44 8b 5c 24 68 45 85 db 0f 84 96 09 00 00
0x00000257c94f0152:   47 8b 54 dc 0c 44 89 54 24 74 03 6c 24 40 83 c5
0x00000257c94f0162:   d0 45 8b da 41 d3 fb 89 ac 24 d4 00 00 00 0f b7
0x00000257c94f0172:   ed 89 6c 24 70 44 8b d6 45 2b d3 41 ff c2 45 85
0x00000257c94f0182:   d2 0f 8f 0e 01 00 00 44 8b de 44 8b d7 44 8b 4c
0x00000257c94f0192:   24 68 85 c9 0f 85 67 05 00 00 8b 8c 24 d4 00 00
0x00000257c94f01a2:   00 c1 e9 08 f7 c1 ff 00 00 00 0f 85 29 05 00 00
0x00000257c94f01b2:   4c 8b 44 24 50 45 89 50 0c 44 0f be 54 24 70 47
0x00000257c94f01c2:   8b 44 cc 0c 45 3b d8 0f 83 93 0e 00 00 4f 8d 14
0x00000257c94f01d2:   cc 44 8b 8c 24 d4 00 00 00 47 88 4c 1a 10 44 8b
0x00000257c94f01e2:   5c 24 44 44 8b 54 24 58 48 8b 5c 24 20 44 8b 44
0x00000257c94f01f2:   24 5c 41 ff c0 45 3b c3 0f 8c b0 fe ff ff 4c 8b
0x00000257c94f0202:   54 24 30 41 8b 4a 0c 4c 8b 54 24 50 45 8b 52 0c
0x00000257c94f0212:   8b 6c 24 38 41 3b ea 0f 8f a0 0b 00 00 48 8b 44
0x00000257c94f0222:   24 50 c5 f8 77 48 81 c4 c0 00 00 00 5d 4d 8b 97
0x00000257c94f0232:   08 01 00 00 41 85 02 c3 41 81 fb c2 4b 07 00 0f
0x00000257c94f0242:   85 3d 12 00 00 4c 8b 54 24 48 4d 8b c2 41 8b 6a 


Stack slot to memory mapping:
stack at sp + 0 slots: 0x0000000000000005 is an unknown value
stack at sp + 1 slots: 0x00000257c9360c8f is at entry_point+271 in (nmethod*)0x00000257c9360990
stack at sp + 2 slots: 0x000000023e6727f8 points into unknown readable memory: 0x0000000000000005 | 05 00 00 00 00 00 00 00
stack at sp + 3 slots: 0x00007ffb47cce502 is an unknown value
stack at sp + 4 slots: 0x00000000821d3fa0 points into unknown readable memory: 0x0000003de0210909 | 09 09 21 e0 3d 00 00 00
stack at sp + 5 slots: 0x0000025700000000 is an unknown value
stack at sp + 6 slots: 0x000000023e678428 points into unknown readable memory: 0x0000000000000005 | 05 00 00 00 00 00 00 00
stack at sp + 7 slots: 
[error occurred during error reporting (inspecting top of stack), id 0xc0000005, EXCEPTION_ACCESS_VIOLATION (0xc0000005) at pc=0x00007ff9b83cc3b6]



---------------  P R O C E S S  ---------------

Threads class SMR info:
_java_thread_list=0x00000257a9cbb610, length=13, elements={
0x00000257b8b2e800, 0x00000257fec3f800, 0x00000257fec41800, 0x00000257fec60000,
0x00000257fec61800, 0x00000257fec62800, 0x00000257fec63800, 0x00000257fec78800,
0x00000257ff51a000, 0x00000257ff78b800, 0x00000257ffb67000, 0x00000257a36f6800,
0x00000257a0918800
}

Java Threads: ( => current thread )
=>0x00000257b8b2e800 JavaThread "main" [_thread_in_Java, id=30288, stack(0x000000eea6800000,0x000000eea6900000)]
  0x00000257fec3f800 JavaThread "Reference Handler" daemon [_thread_blocked, id=29320, stack(0x000000eea6f00000,0x000000eea7000000)]
  0x00000257fec41800 JavaThread "Finalizer" daemon [_thread_blocked, id=46968, stack(0x000000eea7000000,0x000000eea7100000)]
  0x00000257fec60000 JavaThread "Signal Dispatcher" daemon [_thread_blocked, id=18148, stack(0x000000eea7100000,0x000000eea7200000)]
  0x00000257fec61800 JavaThread "Attach Listener" daemon [_thread_blocked, id=42872, stack(0x000000eea7200000,0x000000eea7300000)]
  0x00000257fec62800 JavaThread "Service Thread" daemon [_thread_blocked, id=42892, stack(0x000000eea7300000,0x000000eea7400000)]
  0x00000257fec63800 JavaThread "C2 CompilerThread0" daemon [_thread_blocked, id=40428, stack(0x000000eea7400000,0x000000eea7500000)]
  0x00000257fec78800 JavaThread "C1 CompilerThread0" daemon [_thread_blocked, id=25248, stack(0x000000eea7500000,0x000000eea7600000)]
  0x00000257ff51a000 JavaThread "Sweeper thread" daemon [_thread_blocked, id=34812, stack(0x000000eea7600000,0x000000eea7700000)]
  0x00000257ff78b800 JavaThread "Common-Cleaner" daemon [_thread_blocked, id=44684, stack(0x000000eea7800000,0x000000eea7900000)]
  0x00000257ffb67000 JavaThread "Monitor Ctrl-Break" daemon [_thread_in_native, id=8036, stack(0x000000eea7b00000,0x000000eea7c00000)]
  0x00000257a36f6800 JavaThread "GT authority factory disposer" daemon [_thread_blocked, id=47400, stack(0x000000eea7a00000,0x000000eea7b00000)]
  0x00000257a0918800 JavaThread "WeakCollectionCleaner" daemon [_thread_blocked, id=47620, stack(0x000000eea8500000,0x000000eea8600000)]

Other Threads:
  0x00000257fec3e800 VMThread "VM Thread" [stack: 0x000000eea6e00000,0x000000eea6f00000] [id=14192]
  0x00000257ffb1f000 WatcherThread [stack: 0x000000eea7c00000,0x000000eea7d00000] [id=44004]
  0x00000257b8b4c000 GCTaskThread "GC Thread#0" [stack: 0x000000eea6900000,0x000000eea6a00000] [id=2564]
  0x000002579e7ab000 GCTaskThread "GC Thread#1" [stack: 0x000000eea8700000,0x000000eea8800000] [id=2148]
  0x000002579e7d4800 GCTaskThread "GC Thread#2" [stack: 0x000000eea8800000,0x000000eea8900000] [id=19672]
  0x000002579f65c000 GCTaskThread "GC Thread#3" [stack: 0x000000eea8900000,0x000000eea8a00000] [id=41816]
  0x000002579ec59000 GCTaskThread "GC Thread#4" [stack: 0x000000eea8a00000,0x000000eea8b00000] [id=10456]
  0x000002579f6f1800 GCTaskThread "GC Thread#5" [stack: 0x000000eea8b00000,0x000000eea8c00000] [id=31700]
  0x000002579f275800 GCTaskThread "GC Thread#6" [stack: 0x000000eea8c00000,0x000000eea8d00000] [id=16956]
  0x000002579efa8000 GCTaskThread "GC Thread#7" [stack: 0x000000eea8d00000,0x000000eea8e00000] [id=43404]
  0x000002579f2b8800 GCTaskThread "GC Thread#8" [stack: 0x000000eea8e00000,0x000000eea8f00000] [id=32512]
  0x000002579f84f000 GCTaskThread "GC Thread#9" [stack: 0x000000eea8f00000,0x000000eea9000000] [id=46404]
  0x000002579f425800 GCTaskThread "GC Thread#10" [stack: 0x000000eea9000000,0x000000eea9100000] [id=44724]
  0x000002579f426800 GCTaskThread "GC Thread#11" [stack: 0x000000eea9100000,0x000000eea9200000] [id=43524]
  0x000002579ef4e800 GCTaskThread "GC Thread#12" [stack: 0x000000eea9200000,0x000000eea9300000] [id=26212]
  0x000002579f629000 GCTaskThread "GC Thread#13" [stack: 0x000000eea9300000,0x000000eea9400000] [id=7548]
  0x000002579f62a000 GCTaskThread "GC Thread#14" [stack: 0x000000eea9400000,0x000000eea9500000] [id=18180]
  0x000002579f30a000 GCTaskThread "GC Thread#15" [stack: 0x000000eea9500000,0x000000eea9600000] [id=3412]
  0x000002579ea28800 GCTaskThread "GC Thread#16" [stack: 0x000000eea9600000,0x000000eea9700000] [id=33184]
  0x000002579ea26800 GCTaskThread "GC Thread#17" [stack: 0x000000eea9700000,0x000000eea9800000] [id=44352]
  0x000002579ea29800 GCTaskThread "GC Thread#18" [stack: 0x000000eea9800000,0x000000eea9900000] [id=10908]
  0x000002579ea2c800 GCTaskThread "GC Thread#19" [stack: 0x000000eea9900000,0x000000eea9a00000] [id=6408]
  0x000002579ea2b800 GCTaskThread "GC Thread#20" [stack: 0x000000eea9a00000,0x000000eea9b00000] [id=37168]
  0x000002579ea2d800 GCTaskThread "GC Thread#21" [stack: 0x000000eea9b00000,0x000000eea9c00000] [id=22680]
  0x000002579ebe3800 GCTaskThread "GC Thread#22" [stack: 0x000000eea9c00000,0x000000eea9d00000] [id=23440]
  0x00000257b66ec000 ConcurrentGCThread "G1 Main Marker" [stack: 0x000000eea6a00000,0x000000eea6b00000] [id=45660]
  0x00000257b66ee000 ConcurrentGCThread "G1 Conc#0" [stack: 0x000000eea6b00000,0x000000eea6c00000] [id=6500]
  0x000002579f716800 ConcurrentGCThread "G1 Conc#1" [stack: 0x000000eea6500000,0x000000eea6600000] [id=34688]
  0x000002579f719000 ConcurrentGCThread "G1 Conc#2" [stack: 0x000000eea6600000,0x000000eea6700000] [id=39620]
  0x000002579f719800 ConcurrentGCThread "G1 Conc#3" [stack: 0x000000eea6700000,0x000000eea6800000] [id=39744]
  0x000002579ebe5000 ConcurrentGCThread "G1 Conc#4" [stack: 0x000000eea7700000,0x000000eea7800000] [id=42564]
  0x000002579ebe8000 ConcurrentGCThread "G1 Conc#5" [stack: 0x000000eea7900000,0x000000eea7a00000] [id=46540]
  0x00000257b8bba800 ConcurrentGCThread "G1 Refine#0" [stack: 0x000000eea6c00000,0x000000eea6d00000] [id=4940]
  0x000002579ebe6000 ConcurrentGCThread "G1 Refine#1" [stack: 0x000000eea8200000,0x000000eea8300000] [id=48000]
  0x000002579ebeb800 ConcurrentGCThread "G1 Refine#2" [stack: 0x000000eea8300000,0x000000eea8400000] [id=48004]
  0x000002579ebed000 ConcurrentGCThread "G1 Refine#3" [stack: 0x000000eea8400000,0x000000eea8500000] [id=48008]
  0x000002579ebee000 ConcurrentGCThread "G1 Refine#4" [stack: 0x000000eea8600000,0x000000eea8700000] [id=48012]
  0x000002579ebef800 ConcurrentGCThread "G1 Refine#5" [stack: 0x000000eea9d00000,0x000000eea9e00000] [id=48016]
  0x000002579ebf0000 ConcurrentGCThread "G1 Refine#6" [stack: 0x000000eea9e00000,0x000000eea9f00000] [id=48020]
  0x00000257fec6b000 ConcurrentGCThread "G1 Refine#7" [stack: 0x000000eea9f00000,0x000000eeaa000000] [id=48024]
  0x00000257fec70800 ConcurrentGCThread "G1 Refine#8" [stack: 0x000000eea7f00000,0x000000eea8000000] [id=48124]
  0x00000257fec6e800 ConcurrentGCThread "G1 Refine#9" [stack: 0x000000eea8000000,0x000000eea8100000] [id=10088]
  0x00000257fec74000 ConcurrentGCThread "G1 Refine#10" [stack: 0x000000eea8100000,0x000000eea8200000] [id=46136]
  0x00000257fec6c800 ConcurrentGCThread "G1 Refine#11" [stack: 0x000000eea7d00000,0x000000eea7e00000] [id=47208]
  0x00000257fec73800 ConcurrentGCThread "G1 Refine#12" [stack: 0x000000eea7e00000,0x000000eea7f00000] [id=6132]
  0x000002579f715000 ConcurrentGCThread "G1 Refine#13" [stack: 0x000000eeaa500000,0x000000eeaa600000] [id=46980]
  0x000002579f714800 ConcurrentGCThread "G1 Refine#14" [stack: 0x000000eeaa100000,0x000000eeaa200000] [id=48420]
  0x000002579f713000 ConcurrentGCThread "G1 Refine#15" [stack: 0x000000eeaa200000,0x000000eeaa300000] [id=48576]
  0x00000257a4dc9000 ConcurrentGCThread "G1 Refine#16" [stack: 0x000000eeac400000,0x000000eeac500000] [id=45196]
  0x00000257ff602000 ConcurrentGCThread "G1 Refine#17" [stack: 0x000000eeac500000,0x000000eeac600000] [id=34940]
  0x00000257b0eee000 ConcurrentGCThread "G1 Refine#18" [stack: 0x000000eeac600000,0x000000eeac700000] [id=34976]
  0x00000257a684f800 ConcurrentGCThread "G1 Refine#19" [stack: 0x000000eeac300000,0x000000eeac400000] [id=43500]
  0x00000257b0eeb000 ConcurrentGCThread "G1 Refine#20" [stack: 0x000000eeac700000,0x000000eeac800000] [id=44420]
  0x00000257feb51000 ConcurrentGCThread "G1 Young RemSet Sampling" [stack: 0x000000eea6d00000,0x000000eea6e00000] [id=17620]

Threads with active compile tasks:

VM state:not at safepoint (normal execution)

VM Mutex/Monitor currently owned by a thread: None

Heap address: 0x0000000082000000, size: 30688 MB, Compressed Oops mode: Zero based, Oop shift amount: 3
Narrow klass base: 0x0000000800000000, Narrow klass shift: 3
Compressed class space size: 1073741824 Address: 0x0000000840000000

Heap:
 garbage-first heap   total 9674752K, used 6296814K [0x0000000082000000, 0x0000000800000000)
  region size 4096K, 608 young (2490368K), 23 survivors (94208K)
 Metaspace       used 18730K, capacity 19265K, committed 19584K, reserved 1067008K
  class space    used 1882K, capacity 2105K, committed 2176K, reserved 1048576K
Heap Regions: E=young(eden), S=young(survivor), O=old, HS=humongous(starts), HC=humongous(continues), CS=collection set, F=free, A=archive, TAMS=top-at-mark-start (previous, next)
|   0|0x0000000082000000, 0x0000000082400000, 0x0000000082400000|100%| O|  |TAMS 0x0000000082400000, 0x0000000082000000| Untracked 
|   1|0x0000000082400000, 0x0000000082800000, 0x0000000082800000|100%| O|  |TAMS 0x0000000082800000, 0x0000000082400000| Untracked 
|   2|0x0000000082800000, 0x0000000082c00000, 0x0000000082c00000|100%| O|  |TAMS 0x0000000082c00000, 0x0000000082800000| Untracked 
|   3|0x0000000082c00000, 0x0000000083000000, 0x0000000083000000|100%| O|  |TAMS 0x0000000083000000, 0x0000000082c00000| Untracked 
|   4|0x0000000083000000, 0x0000000083400000, 0x0000000083400000|100%| O|  |TAMS 0x0000000083400000, 0x0000000083000000| Untracked 
|   5|0x0000000083400000, 0x0000000083800000, 0x0000000083800000|100%| O|  |TAMS 0x0000000083800000, 0x0000000083400000| Untracked 
|   6|0x0000000083800000, 0x0000000083c00000, 0x0000000083c00000|100%| O|  |TAMS 0x0000000083c00000, 0x0000000083800000| Untracked 
|   7|0x0000000083c00000, 0x0000000084000000, 0x0000000084000000|100%| O|  |TAMS 0x0000000084000000, 0x0000000083c00000| Untracked 
|   8|0x0000000084000000, 0x0000000084400000, 0x0000000084400000|100%| O|  |TAMS 0x0000000084400000, 0x0000000084000000| Untracked 
|   9|0x0000000084400000, 0x0000000084800000, 0x0000000084800000|100%| O|  |TAMS 0x0000000084800000, 0x0000000084400000| Untracked 
|  10|0x0000000084800000, 0x0000000084c00000, 0x0000000084c00000|100%| O|  |TAMS 0x0000000084c00000, 0x0000000084800000| Untracked 
|  11|0x0000000084c00000, 0x0000000085000000, 0x0000000085000000|100%| O|  |TAMS 0x0000000085000000, 0x0000000084c00000| Untracked 
|  12|0x0000000085000000, 0x0000000085400000, 0x0000000085400000|100%| O|  |TAMS 0x0000000085400000, 0x0000000085000000| Untracked 
|  13|0x0000000085400000, 0x0000000085800000, 0x0000000085800000|100%| O|  |TAMS 0x0000000085800000, 0x0000000085400000| Untracked 
|  14|0x0000000085800000, 0x0000000085c00000, 0x0000000085c00000|100%| O|  |TAMS 0x0000000085c00000, 0x0000000085800000| Untracked 
|  15|0x0000000085c00000, 0x0000000086000000, 0x0000000086000000|100%| O|  |TAMS 0x0000000086000000, 0x0000000085c00000| Untracked 
|  16|0x0000000086000000, 0x0000000086400000, 0x0000000086400000|100%| O|  |TAMS 0x0000000086400000, 0x0000000086000000| Untracked 
|  17|0x0000000086400000, 0x0000000086800000, 0x0000000086800000|100%| O|  |TAMS 0x0000000086800000, 0x0000000086400000| Untracked 
|  18|0x0000000086800000, 0x0000000086c00000, 0x0000000086c00000|100%| O|  |TAMS 0x0000000086c00000, 0x0000000086800000| Untracked 
|  19|0x0000000086c00000, 0x0000000087000000, 0x0000000087000000|100%| O|  |TAMS 0x0000000087000000, 0x0000000086c00000| Untracked 
|  20|0x0000000087000000, 0x0000000087400000, 0x0000000087400000|100%| O|  |TAMS 0x0000000087400000, 0x0000000087000000| Untracked 
|  21|0x0000000087400000, 0x0000000087800000, 0x0000000087800000|100%| O|  |TAMS 0x0000000087800000, 0x0000000087400000| Untracked 
|  22|0x0000000087800000, 0x0000000087c00000, 0x0000000087c00000|100%| O|  |TAMS 0x0000000087c00000, 0x0000000087800000| Untracked 
|  23|0x0000000087c00000, 0x0000000088000000, 0x0000000088000000|100%| O|  |TAMS 0x0000000088000000, 0x0000000087c00000| Untracked 
|  24|0x0000000088000000, 0x0000000088400000, 0x0000000088400000|100%| O|  |TAMS 0x0000000088400000, 0x0000000088000000| Untracked 
|  25|0x0000000088400000, 0x0000000088800000, 0x0000000088800000|100%| O|  |TAMS 0x0000000088800000, 0x0000000088400000| Untracked 
|  26|0x0000000088800000, 0x0000000088c00000, 0x0000000088c00000|100%| O|  |TAMS 0x0000000088c00000, 0x0000000088800000| Untracked 
|  27|0x0000000088c00000, 0x0000000089000000, 0x0000000089000000|100%| O|  |TAMS 0x0000000089000000, 0x0000000088c00000| Untracked 
|  28|0x0000000089000000, 0x0000000089400000, 0x0000000089400000|100%| O|  |TAMS 0x0000000089400000, 0x0000000089000000| Untracked 
|  29|0x0000000089400000, 0x0000000089800000, 0x0000000089800000|100%| O|  |TAMS 0x0000000089800000, 0x0000000089400000| Untracked 
|  30|0x0000000089800000, 0x0000000089c00000, 0x0000000089c00000|100%| O|  |TAMS 0x0000000089c00000, 0x0000000089800000| Untracked 
|  31|0x0000000089c00000, 0x000000008a000000, 0x000000008a000000|100%| O|  |TAMS 0x000000008a000000, 0x0000000089c00000| Untracked 
|  32|0x000000008a000000, 0x000000008a400000, 0x000000008a400000|100%| O|  |TAMS 0x000000008a400000, 0x000000008a000000| Untracked 
|  33|0x000000008a400000, 0x000000008a800000, 0x000000008a800000|100%| O|  |TAMS 0x000000008a800000, 0x000000008a400000| Untracked 
|  34|0x000000008a800000, 0x000000008ac00000, 0x000000008ac00000|100%| O|  |TAMS 0x000000008ac00000, 0x000000008a800000| Untracked 
|  35|0x000000008ac00000, 0x000000008b000000, 0x000000008b000000|100%| O|  |TAMS 0x000000008b000000, 0x000000008ac00000| Untracked 
|  36|0x000000008b000000, 0x000000008b400000, 0x000000008b400000|100%| O|  |TAMS 0x000000008b400000, 0x000000008b000000| Untracked 
|  37|0x000000008b400000, 0x000000008b800000, 0x000000008b800000|100%| O|  |TAMS 0x000000008b800000, 0x000000008b400000| Untracked 
|  38|0x000000008b800000, 0x000000008bc00000, 0x000000008bc00000|100%| O|  |TAMS 0x000000008bc00000, 0x000000008b800000| Untracked 
|  39|0x000000008bc00000, 0x000000008c000000, 0x000000008c000000|100%| O|  |TAMS 0x000000008c000000, 0x000000008bc00000| Untracked 
|  40|0x000000008c000000, 0x000000008c400000, 0x000000008c400000|100%| O|  |TAMS 0x000000008c400000, 0x000000008c000000| Untracked 
|  41|0x000000008c400000, 0x000000008c800000, 0x000000008c800000|100%| O|  |TAMS 0x000000008c800000, 0x000000008c400000| Untracked 
|  42|0x000000008c800000, 0x000000008cc00000, 0x000000008cc00000|100%| O|  |TAMS 0x000000008cc00000, 0x000000008c800000| Untracked 
|  43|0x000000008cc00000, 0x000000008d000000, 0x000000008d000000|100%| O|  |TAMS 0x000000008d000000, 0x000000008cc00000| Untracked 
|  44|0x000000008d000000, 0x000000008d400000, 0x000000008d400000|100%| O|  |TAMS 0x000000008d400000, 0x000000008d000000| Untracked 
|  45|0x000000008d400000, 0x000000008d800000, 0x000000008d800000|100%| O|  |TAMS 0x000000008d800000, 0x000000008d400000| Untracked 
|  46|0x000000008d800000, 0x000000008dc00000, 0x000000008dc00000|100%| O|  |TAMS 0x000000008dc00000, 0x000000008d800000| Untracked 
|  47|0x000000008dc00000, 0x000000008e000000, 0x000000008e000000|100%| O|  |TAMS 0x000000008e000000, 0x000000008dc00000| Untracked 
|  48|0x000000008e000000, 0x000000008e400000, 0x000000008e400000|100%| O|  |TAMS 0x000000008e400000, 0x000000008e000000| Untracked 
|  49|0x000000008e400000, 0x000000008e800000, 0x000000008e800000|100%| O|  |TAMS 0x000000008e800000, 0x000000008e400000| Untracked 
|  50|0x000000008e800000, 0x000000008ec00000, 0x000000008ec00000|100%| O|  |TAMS 0x000000008ec00000, 0x000000008e800000| Untracked 
|  51|0x000000008ec00000, 0x000000008f000000, 0x000000008f000000|100%| O|  |TAMS 0x000000008f000000, 0x000000008ec00000| Untracked 
|  52|0x000000008f000000, 0x000000008f400000, 0x000000008f400000|100%| O|  |TAMS 0x000000008f400000, 0x000000008f000000| Untracked 
|  53|0x000000008f400000, 0x000000008f800000, 0x000000008f800000|100%| O|  |TAMS 0x000000008f800000, 0x000000008f400000| Untracked 
|  54|0x000000008f800000, 0x000000008fc00000, 0x000000008fc00000|100%| O|  |TAMS 0x000000008fc00000, 0x000000008f800000| Untracked 
|  55|0x000000008fc00000, 0x0000000090000000, 0x0000000090000000|100%| O|  |TAMS 0x0000000090000000, 0x000000008fc00000| Untracked 
|  56|0x0000000090000000, 0x0000000090400000, 0x0000000090400000|100%| O|  |TAMS 0x0000000090400000, 0x0000000090000000| Untracked 
|  57|0x0000000090400000, 0x0000000090800000, 0x0000000090800000|100%| O|  |TAMS 0x0000000090800000, 0x0000000090400000| Untracked 
|  58|0x0000000090800000, 0x0000000090c00000, 0x0000000090c00000|100%| O|  |TAMS 0x0000000090c00000, 0x0000000090800000| Untracked 
|  59|0x0000000090c00000, 0x0000000091000000, 0x0000000091000000|100%| O|  |TAMS 0x0000000091000000, 0x0000000090c00000| Untracked 
|  60|0x0000000091000000, 0x0000000091400000, 0x0000000091400000|100%| O|  |TAMS 0x0000000091400000, 0x0000000091000000| Untracked 
|  61|0x0000000091400000, 0x0000000091800000, 0x0000000091800000|100%| O|  |TAMS 0x0000000091800000, 0x0000000091400000| Untracked 
|  62|0x0000000091800000, 0x0000000091c00000, 0x0000000091c00000|100%| O|  |TAMS 0x0000000091c00000, 0x0000000091800000| Untracked 
|  63|0x0000000091c00000, 0x0000000092000000, 0x0000000092000000|100%| O|  |TAMS 0x0000000092000000, 0x0000000091c00000| Untracked 
|  64|0x0000000092000000, 0x0000000092400000, 0x0000000092400000|100%| O|  |TAMS 0x0000000092400000, 0x0000000092000000| Untracked 
|  65|0x0000000092400000, 0x0000000092800000, 0x0000000092800000|100%| O|  |TAMS 0x0000000092800000, 0x0000000092400000| Untracked 
|  66|0x0000000092800000, 0x0000000092c00000, 0x0000000092c00000|100%| O|  |TAMS 0x0000000092c00000, 0x0000000092800000| Untracked 
|  67|0x0000000092c00000, 0x0000000093000000, 0x0000000093000000|100%| O|  |TAMS 0x0000000093000000, 0x0000000092c00000| Untracked 
|  68|0x0000000093000000, 0x0000000093400000, 0x0000000093400000|100%| O|  |TAMS 0x0000000093400000, 0x0000000093000000| Untracked 
|  69|0x0000000093400000, 0x0000000093800000, 0x0000000093800000|100%| O|  |TAMS 0x0000000093800000, 0x0000000093400000| Untracked 
|  70|0x0000000093800000, 0x0000000093c00000, 0x0000000093c00000|100%| O|  |TAMS 0x0000000093c00000, 0x0000000093800000| Untracked 
|  71|0x0000000093c00000, 0x0000000094000000, 0x0000000094000000|100%| O|  |TAMS 0x0000000094000000, 0x0000000093c00000| Untracked 
|  72|0x0000000094000000, 0x0000000094400000, 0x0000000094400000|100%| O|  |TAMS 0x0000000094400000, 0x0000000094000000| Untracked 
|  73|0x0000000094400000, 0x0000000094800000, 0x0000000094800000|100%| O|  |TAMS 0x0000000094800000, 0x0000000094400000| Untracked 
|  74|0x0000000094800000, 0x0000000094c00000, 0x0000000094c00000|100%| O|  |TAMS 0x0000000094c00000, 0x0000000094800000| Untracked 
|  75|0x0000000094c00000, 0x0000000095000000, 0x0000000095000000|100%| O|  |TAMS 0x0000000095000000, 0x0000000094c00000| Untracked 
|  76|0x0000000095000000, 0x0000000095400000, 0x0000000095400000|100%| O|  |TAMS 0x0000000095400000, 0x0000000095000000| Untracked 
|  77|0x0000000095400000, 0x0000000095800000, 0x0000000095800000|100%| O|  |TAMS 0x0000000095800000, 0x0000000095400000| Untracked 
|  78|0x0000000095800000, 0x0000000095c00000, 0x0000000095c00000|100%| O|  |TAMS 0x0000000095c00000, 0x0000000095800000| Untracked 
|  79|0x0000000095c00000, 0x0000000096000000, 0x0000000096000000|100%| O|  |TAMS 0x0000000096000000, 0x0000000095c00000| Untracked 
|  80|0x0000000096000000, 0x0000000096400000, 0x0000000096400000|100%| O|  |TAMS 0x0000000096400000, 0x0000000096000000| Untracked 
|  81|0x0000000096400000, 0x0000000096800000, 0x0000000096800000|100%| O|  |TAMS 0x0000000096800000, 0x0000000096400000| Untracked 
|  82|0x0000000096800000, 0x0000000096c00000, 0x0000000096c00000|100%| O|  |TAMS 0x0000000096c00000, 0x0000000096800000| Untracked 
|  83|0x0000000096c00000, 0x0000000097000000, 0x0000000097000000|100%| O|  |TAMS 0x0000000097000000, 0x0000000096c00000| Untracked 
|  84|0x0000000097000000, 0x0000000097400000, 0x0000000097400000|100%| O|  |TAMS 0x0000000097400000, 0x0000000097000000| Untracked 
|  85|0x0000000097400000, 0x0000000097800000, 0x0000000097800000|100%| O|  |TAMS 0x0000000097800000, 0x0000000097400000| Untracked 
|  86|0x0000000097800000, 0x0000000097c00000, 0x0000000097c00000|100%| O|  |TAMS 0x0000000097c00000, 0x0000000097800000| Untracked 
|  87|0x0000000097c00000, 0x0000000098000000, 0x0000000098000000|100%| O|  |TAMS 0x0000000098000000, 0x0000000097c00000| Untracked 
|  88|0x0000000098000000, 0x0000000098400000, 0x0000000098400000|100%| O|  |TAMS 0x0000000098400000, 0x0000000098000000| Untracked 
|  89|0x0000000098400000, 0x0000000098800000, 0x0000000098800000|100%| O|  |TAMS 0x0000000098800000, 0x0000000098400000| Untracked 
|  90|0x0000000098800000, 0x0000000098c00000, 0x0000000098c00000|100%| O|  |TAMS 0x0000000098c00000, 0x0000000098800000| Untracked 
|  91|0x0000000098c00000, 0x0000000099000000, 0x0000000099000000|100%| O|  |TAMS 0x0000000099000000, 0x0000000098c00000| Untracked 
|  92|0x0000000099000000, 0x0000000099400000, 0x0000000099400000|100%| O|  |TAMS 0x0000000099400000, 0x0000000099000000| Untracked 
|  93|0x0000000099400000, 0x0000000099800000, 0x0000000099800000|100%| O|  |TAMS 0x0000000099800000, 0x0000000099400000| Untracked 
|  94|0x0000000099800000, 0x0000000099c00000, 0x0000000099c00000|100%| O|  |TAMS 0x0000000099c00000, 0x0000000099800000| Untracked 
|  95|0x0000000099c00000, 0x000000009a000000, 0x000000009a000000|100%| O|  |TAMS 0x000000009a000000, 0x0000000099c00000| Untracked 
|  96|0x000000009a000000, 0x000000009a400000, 0x000000009a400000|100%| O|  |TAMS 0x000000009a400000, 0x000000009a000000| Untracked 
|  97|0x000000009a400000, 0x000000009a800000, 0x000000009a800000|100%| O|  |TAMS 0x000000009a800000, 0x000000009a400000| Untracked 
|  98|0x000000009a800000, 0x000000009ac00000, 0x000000009ac00000|100%| O|  |TAMS 0x000000009ac00000, 0x000000009a800000| Untracked 
|  99|0x000000009ac00000, 0x000000009b000000, 0x000000009b000000|100%| O|  |TAMS 0x000000009b000000, 0x000000009ac00000| Untracked 
| 100|0x000000009b000000, 0x000000009b400000, 0x000000009b400000|100%| O|  |TAMS 0x000000009b400000, 0x000000009b000000| Untracked 
| 101|0x000000009b400000, 0x000000009b800000, 0x000000009b800000|100%| O|  |TAMS 0x000000009b800000, 0x000000009b400000| Untracked 
| 102|0x000000009b800000, 0x000000009bc00000, 0x000000009bc00000|100%| O|  |TAMS 0x000000009bc00000, 0x000000009b800000| Untracked 
| 103|0x000000009bc00000, 0x000000009c000000, 0x000000009c000000|100%| O|  |TAMS 0x000000009c000000, 0x000000009bc00000| Untracked 
| 104|0x000000009c000000, 0x000000009c400000, 0x000000009c400000|100%| O|  |TAMS 0x000000009c400000, 0x000000009c000000| Untracked 
| 105|0x000000009c400000, 0x000000009c800000, 0x000000009c800000|100%| O|  |TAMS 0x000000009c800000, 0x000000009c400000| Untracked 
| 106|0x000000009c800000, 0x000000009cc00000, 0x000000009cc00000|100%| O|  |TAMS 0x000000009cc00000, 0x000000009c800000| Untracked 
| 107|0x000000009cc00000, 0x000000009d000000, 0x000000009d000000|100%| O|  |TAMS 0x000000009d000000, 0x000000009cc00000| Untracked 
| 108|0x000000009d000000, 0x000000009d400000, 0x000000009d400000|100%| O|  |TAMS 0x000000009d400000, 0x000000009d000000| Untracked 
| 109|0x000000009d400000, 0x000000009d800000, 0x000000009d800000|100%| O|  |TAMS 0x000000009d800000, 0x000000009d400000| Untracked 
| 110|0x000000009d800000, 0x000000009dc00000, 0x000000009dc00000|100%| O|  |TAMS 0x000000009dc00000, 0x000000009d800000| Untracked 
| 111|0x000000009dc00000, 0x000000009e000000, 0x000000009e000000|100%| O|  |TAMS 0x000000009e000000, 0x000000009dc00000| Untracked 
| 112|0x000000009e000000, 0x000000009e400000, 0x000000009e400000|100%| O|  |TAMS 0x000000009e400000, 0x000000009e000000| Untracked 
| 113|0x000000009e400000, 0x000000009e800000, 0x000000009e800000|100%| O|  |TAMS 0x000000009e800000, 0x000000009e400000| Untracked 
| 114|0x000000009e800000, 0x000000009ec00000, 0x000000009ec00000|100%| O|  |TAMS 0x000000009ec00000, 0x000000009e800000| Untracked 
| 115|0x000000009ec00000, 0x000000009f000000, 0x000000009f000000|100%| O|  |TAMS 0x000000009f000000, 0x000000009ec00000| Untracked 
| 116|0x000000009f000000, 0x000000009f400000, 0x000000009f400000|100%| O|  |TAMS 0x000000009f400000, 0x000000009f000000| Untracked 
| 117|0x000000009f400000, 0x000000009f800000, 0x000000009f800000|100%| O|  |TAMS 0x000000009f800000, 0x000000009f400000| Untracked 
| 118|0x000000009f800000, 0x000000009fc00000, 0x000000009fc00000|100%| O|  |TAMS 0x000000009fc00000, 0x000000009f800000| Untracked 
| 119|0x000000009fc00000, 0x00000000a0000000, 0x00000000a0000000|100%| O|  |TAMS 0x00000000a0000000, 0x000000009fc00000| Untracked 
| 120|0x00000000a0000000, 0x00000000a0400000, 0x00000000a0400000|100%| O|  |TAMS 0x00000000a0400000, 0x00000000a0000000| Untracked 
| 121|0x00000000a0400000, 0x00000000a0800000, 0x00000000a0800000|100%| O|  |TAMS 0x00000000a0800000, 0x00000000a0400000| Untracked 
| 122|0x00000000a0800000, 0x00000000a0c00000, 0x00000000a0c00000|100%| O|  |TAMS 0x00000000a0c00000, 0x00000000a0800000| Untracked 
| 123|0x00000000a0c00000, 0x00000000a1000000, 0x00000000a1000000|100%| O|  |TAMS 0x00000000a1000000, 0x00000000a0c00000| Untracked 
| 124|0x00000000a1000000, 0x00000000a1400000, 0x00000000a1400000|100%| O|  |TAMS 0x00000000a1400000, 0x00000000a1000000| Untracked 
| 125|0x00000000a1400000, 0x00000000a1800000, 0x00000000a1800000|100%| O|  |TAMS 0x00000000a1800000, 0x00000000a1400000| Untracked 
| 126|0x00000000a1800000, 0x00000000a1c00000, 0x00000000a1c00000|100%| O|  |TAMS 0x00000000a1c00000, 0x00000000a1800000| Untracked 
| 127|0x00000000a1c00000, 0x00000000a2000000, 0x00000000a2000000|100%| O|  |TAMS 0x00000000a2000000, 0x00000000a1c00000| Untracked 
| 128|0x00000000a2000000, 0x00000000a2400000, 0x00000000a2400000|100%| O|  |TAMS 0x00000000a2400000, 0x00000000a2000000| Untracked 
| 129|0x00000000a2400000, 0x00000000a2800000, 0x00000000a2800000|100%| O|  |TAMS 0x00000000a2800000, 0x00000000a2400000| Untracked 
| 130|0x00000000a2800000, 0x00000000a2c00000, 0x00000000a2c00000|100%| O|  |TAMS 0x00000000a2c00000, 0x00000000a2800000| Untracked 
| 131|0x00000000a2c00000, 0x00000000a3000000, 0x00000000a3000000|100%| O|  |TAMS 0x00000000a3000000, 0x00000000a2c00000| Untracked 
| 132|0x00000000a3000000, 0x00000000a3400000, 0x00000000a3400000|100%| O|  |TAMS 0x00000000a3400000, 0x00000000a3000000| Untracked 
| 133|0x00000000a3400000, 0x00000000a3800000, 0x00000000a3800000|100%| O|  |TAMS 0x00000000a3800000, 0x00000000a3400000| Untracked 
| 134|0x00000000a3800000, 0x00000000a3c00000, 0x00000000a3c00000|100%| O|  |TAMS 0x00000000a3c00000, 0x00000000a3800000| Untracked 
| 135|0x00000000a3c00000, 0x00000000a4000000, 0x00000000a4000000|100%| O|  |TAMS 0x00000000a4000000, 0x00000000a3c00000| Untracked 
| 136|0x00000000a4000000, 0x00000000a4400000, 0x00000000a4400000|100%| O|  |TAMS 0x00000000a4400000, 0x00000000a4000000| Untracked 
| 137|0x00000000a4400000, 0x00000000a4800000, 0x00000000a4800000|100%| O|  |TAMS 0x00000000a4800000, 0x00000000a4400000| Untracked 
| 138|0x00000000a4800000, 0x00000000a4c00000, 0x00000000a4c00000|100%| O|  |TAMS 0x00000000a4c00000, 0x00000000a4800000| Untracked 
| 139|0x00000000a4c00000, 0x00000000a5000000, 0x00000000a5000000|100%| O|  |TAMS 0x00000000a5000000, 0x00000000a4c00000| Untracked 
| 140|0x00000000a5000000, 0x00000000a5400000, 0x00000000a5400000|100%| O|  |TAMS 0x00000000a5400000, 0x00000000a5000000| Untracked 
| 141|0x00000000a5400000, 0x00000000a5800000, 0x00000000a5800000|100%| O|  |TAMS 0x00000000a5800000, 0x00000000a5400000| Untracked 
| 142|0x00000000a5800000, 0x00000000a5c00000, 0x00000000a5c00000|100%| O|  |TAMS 0x00000000a5c00000, 0x00000000a5800000| Untracked 
| 143|0x00000000a5c00000, 0x00000000a6000000, 0x00000000a6000000|100%| O|  |TAMS 0x00000000a6000000, 0x00000000a5c00000| Untracked 
| 144|0x00000000a6000000, 0x00000000a6400000, 0x00000000a6400000|100%| O|  |TAMS 0x00000000a6400000, 0x00000000a6000000| Untracked 
| 145|0x00000000a6400000, 0x00000000a6800000, 0x00000000a6800000|100%| O|  |TAMS 0x00000000a6800000, 0x00000000a6400000| Untracked 
| 146|0x00000000a6800000, 0x00000000a6c00000, 0x00000000a6c00000|100%| O|  |TAMS 0x00000000a6c00000, 0x00000000a6800000| Untracked 
| 147|0x00000000a6c00000, 0x00000000a7000000, 0x00000000a7000000|100%| O|  |TAMS 0x00000000a7000000, 0x00000000a6c00000| Untracked 
| 148|0x00000000a7000000, 0x00000000a7400000, 0x00000000a7400000|100%| O|  |TAMS 0x00000000a7400000, 0x00000000a7000000| Untracked 
| 149|0x00000000a7400000, 0x00000000a7800000, 0x00000000a7800000|100%| O|  |TAMS 0x00000000a7800000, 0x00000000a7400000| Untracked 
| 150|0x00000000a7800000, 0x00000000a7c00000, 0x00000000a7c00000|100%| O|  |TAMS 0x00000000a7c00000, 0x00000000a7800000| Untracked 
| 151|0x00000000a7c00000, 0x00000000a8000000, 0x00000000a8000000|100%| O|  |TAMS 0x00000000a8000000, 0x00000000a7c00000| Untracked 
| 152|0x00000000a8000000, 0x00000000a8400000, 0x00000000a8400000|100%| O|  |TAMS 0x00000000a8400000, 0x00000000a8000000| Untracked 
| 153|0x00000000a8400000, 0x00000000a8800000, 0x00000000a8800000|100%| O|  |TAMS 0x00000000a8800000, 0x00000000a8400000| Untracked 
| 154|0x00000000a8800000, 0x00000000a8c00000, 0x00000000a8c00000|100%| O|  |TAMS 0x00000000a8c00000, 0x00000000a8800000| Untracked 
| 155|0x00000000a8c00000, 0x00000000a9000000, 0x00000000a9000000|100%| O|  |TAMS 0x00000000a9000000, 0x00000000a8c00000| Untracked 
| 156|0x00000000a9000000, 0x00000000a9400000, 0x00000000a9400000|100%| O|  |TAMS 0x00000000a9400000, 0x00000000a9000000| Untracked 
| 157|0x00000000a9400000, 0x00000000a9800000, 0x00000000a9800000|100%| O|  |TAMS 0x00000000a9800000, 0x00000000a9400000| Untracked 
| 158|0x00000000a9800000, 0x00000000a9c00000, 0x00000000a9c00000|100%| O|  |TAMS 0x00000000a9c00000, 0x00000000a9800000| Untracked 
| 159|0x00000000a9c00000, 0x00000000aa000000, 0x00000000aa000000|100%| O|  |TAMS 0x00000000aa000000, 0x00000000a9c00000| Untracked 
| 160|0x00000000aa000000, 0x00000000aa400000, 0x00000000aa400000|100%| O|  |TAMS 0x00000000aa400000, 0x00000000aa000000| Untracked 
| 161|0x00000000aa400000, 0x00000000aa800000, 0x00000000aa800000|100%| O|  |TAMS 0x00000000aa800000, 0x00000000aa400000| Untracked 
| 162|0x00000000aa800000, 0x00000000aac00000, 0x00000000aac00000|100%| O|  |TAMS 0x00000000aac00000, 0x00000000aa800000| Untracked 
| 163|0x00000000aac00000, 0x00000000ab000000, 0x00000000ab000000|100%| O|  |TAMS 0x00000000ab000000, 0x00000000aac00000| Untracked 
| 164|0x00000000ab000000, 0x00000000ab400000, 0x00000000ab400000|100%| O|  |TAMS 0x00000000ab400000, 0x00000000ab000000| Untracked 
| 165|0x00000000ab400000, 0x00000000ab800000, 0x00000000ab800000|100%| O|  |TAMS 0x00000000ab800000, 0x00000000ab400000| Untracked 
| 166|0x00000000ab800000, 0x00000000abc00000, 0x00000000abc00000|100%| O|  |TAMS 0x00000000abc00000, 0x00000000ab800000| Untracked 
| 167|0x00000000abc00000, 0x00000000ac000000, 0x00000000ac000000|100%| O|  |TAMS 0x00000000ac000000, 0x00000000abc00000| Untracked 
| 168|0x00000000ac000000, 0x00000000ac400000, 0x00000000ac400000|100%| O|  |TAMS 0x00000000ac400000, 0x00000000ac000000| Untracked 
| 169|0x00000000ac400000, 0x00000000ac800000, 0x00000000ac800000|100%| O|  |TAMS 0x00000000ac800000, 0x00000000ac400000| Untracked 
| 170|0x00000000ac800000, 0x00000000acc00000, 0x00000000acc00000|100%| O|  |TAMS 0x00000000acc00000, 0x00000000ac800000| Untracked 
| 171|0x00000000acc00000, 0x00000000ad000000, 0x00000000ad000000|100%| O|  |TAMS 0x00000000ad000000, 0x00000000acc00000| Untracked 
| 172|0x00000000ad000000, 0x00000000ad400000, 0x00000000ad400000|100%| O|  |TAMS 0x00000000ad400000, 0x00000000ad000000| Untracked 
| 173|0x00000000ad400000, 0x00000000ad800000, 0x00000000ad800000|100%| O|  |TAMS 0x00000000ad800000, 0x00000000ad400000| Untracked 
| 174|0x00000000ad800000, 0x00000000adc00000, 0x00000000adc00000|100%| O|  |TAMS 0x00000000adc00000, 0x00000000ad800000| Untracked 
| 175|0x00000000adc00000, 0x00000000ae000000, 0x00000000ae000000|100%| O|  |TAMS 0x00000000ae000000, 0x00000000adc00000| Untracked 
| 176|0x00000000ae000000, 0x00000000ae400000, 0x00000000ae400000|100%| O|  |TAMS 0x00000000ae400000, 0x00000000ae000000| Untracked 
| 177|0x00000000ae400000, 0x00000000ae800000, 0x00000000ae800000|100%| O|  |TAMS 0x00000000ae800000, 0x00000000ae400000| Untracked 
| 178|0x00000000ae800000, 0x00000000aec00000, 0x00000000aec00000|100%| O|  |TAMS 0x00000000aec00000, 0x00000000ae800000| Untracked 
| 179|0x00000000aec00000, 0x00000000af000000, 0x00000000af000000|100%| O|  |TAMS 0x00000000af000000, 0x00000000aec00000| Untracked 
| 180|0x00000000af000000, 0x00000000af400000, 0x00000000af400000|100%| O|  |TAMS 0x00000000af400000, 0x00000000af000000| Untracked 
| 181|0x00000000af400000, 0x00000000af800000, 0x00000000af800000|100%| O|  |TAMS 0x00000000af800000, 0x00000000af400000| Untracked 
| 182|0x00000000af800000, 0x00000000afc00000, 0x00000000afc00000|100%| O|  |TAMS 0x00000000afc00000, 0x00000000af800000| Untracked 
| 183|0x00000000afc00000, 0x00000000b0000000, 0x00000000b0000000|100%| O|  |TAMS 0x00000000b0000000, 0x00000000afc00000| Untracked 
| 184|0x00000000b0000000, 0x00000000b0400000, 0x00000000b0400000|100%| O|  |TAMS 0x00000000b0400000, 0x00000000b0000000| Untracked 
| 185|0x00000000b0400000, 0x00000000b0800000, 0x00000000b0800000|100%| O|  |TAMS 0x00000000b0800000, 0x00000000b0400000| Untracked 
| 186|0x00000000b0800000, 0x00000000b0c00000, 0x00000000b0c00000|100%| O|  |TAMS 0x00000000b0c00000, 0x00000000b0800000| Untracked 
| 187|0x00000000b0c00000, 0x00000000b1000000, 0x00000000b1000000|100%| O|  |TAMS 0x00000000b1000000, 0x00000000b0c00000| Untracked 
| 188|0x00000000b1000000, 0x00000000b1400000, 0x00000000b1400000|100%| O|  |TAMS 0x00000000b1400000, 0x00000000b1000000| Untracked 
| 189|0x00000000b1400000, 0x00000000b1800000, 0x00000000b1800000|100%| O|  |TAMS 0x00000000b1800000, 0x00000000b1400000| Untracked 
| 190|0x00000000b1800000, 0x00000000b1c00000, 0x00000000b1c00000|100%| O|  |TAMS 0x00000000b1c00000, 0x00000000b1800000| Untracked 
| 191|0x00000000b1c00000, 0x00000000b2000000, 0x00000000b2000000|100%| O|  |TAMS 0x00000000b2000000, 0x00000000b1c00000| Untracked 
| 192|0x00000000b2000000, 0x00000000b2400000, 0x00000000b2400000|100%| O|  |TAMS 0x00000000b2400000, 0x00000000b2000000| Untracked 
| 193|0x00000000b2400000, 0x00000000b2800000, 0x00000000b2800000|100%| O|  |TAMS 0x00000000b2800000, 0x00000000b2400000| Untracked 
| 194|0x00000000b2800000, 0x00000000b2c00000, 0x00000000b2c00000|100%| O|  |TAMS 0x00000000b2c00000, 0x00000000b2800000| Untracked 
| 195|0x00000000b2c00000, 0x00000000b3000000, 0x00000000b3000000|100%| O|  |TAMS 0x00000000b3000000, 0x00000000b2c00000| Untracked 
| 196|0x00000000b3000000, 0x00000000b3400000, 0x00000000b3400000|100%| O|  |TAMS 0x00000000b3400000, 0x00000000b3000000| Untracked 
| 197|0x00000000b3400000, 0x00000000b3800000, 0x00000000b3800000|100%| O|  |TAMS 0x00000000b3800000, 0x00000000b3400000| Untracked 
| 198|0x00000000b3800000, 0x00000000b3c00000, 0x00000000b3c00000|100%| O|  |TAMS 0x00000000b3c00000, 0x00000000b3800000| Untracked 
| 199|0x00000000b3c00000, 0x00000000b4000000, 0x00000000b4000000|100%| O|  |TAMS 0x00000000b4000000, 0x00000000b3c00000| Untracked 
| 200|0x00000000b4000000, 0x00000000b4400000, 0x00000000b4400000|100%| O|  |TAMS 0x00000000b4400000, 0x00000000b4000000| Untracked 
| 201|0x00000000b4400000, 0x00000000b4800000, 0x00000000b4800000|100%| O|  |TAMS 0x00000000b4800000, 0x00000000b4400000| Untracked 
| 202|0x00000000b4800000, 0x00000000b4c00000, 0x00000000b4c00000|100%| O|  |TAMS 0x00000000b4c00000, 0x00000000b4800000| Untracked 
| 203|0x00000000b4c00000, 0x00000000b5000000, 0x00000000b5000000|100%| O|  |TAMS 0x00000000b5000000, 0x00000000b4c00000| Untracked 
| 204|0x00000000b5000000, 0x00000000b5400000, 0x00000000b5400000|100%| O|  |TAMS 0x00000000b5400000, 0x00000000b5000000| Untracked 
| 205|0x00000000b5400000, 0x00000000b5800000, 0x00000000b5800000|100%| O|  |TAMS 0x00000000b5800000, 0x00000000b5400000| Untracked 
| 206|0x00000000b5800000, 0x00000000b5c00000, 0x00000000b5c00000|100%| O|  |TAMS 0x00000000b5c00000, 0x00000000b5800000| Untracked 
| 207|0x00000000b5c00000, 0x00000000b6000000, 0x00000000b6000000|100%| O|  |TAMS 0x00000000b6000000, 0x00000000b5c00000| Untracked 
| 208|0x00000000b6000000, 0x00000000b6400000, 0x00000000b6400000|100%| O|  |TAMS 0x00000000b6400000, 0x00000000b6000000| Untracked 
| 209|0x00000000b6400000, 0x00000000b6800000, 0x00000000b6800000|100%| O|  |TAMS 0x00000000b6800000, 0x00000000b6400000| Untracked 
| 210|0x00000000b6800000, 0x00000000b6c00000, 0x00000000b6c00000|100%| O|  |TAMS 0x00000000b6c00000, 0x00000000b6800000| Untracked 
| 211|0x00000000b6c00000, 0x00000000b7000000, 0x00000000b7000000|100%| O|  |TAMS 0x00000000b7000000, 0x00000000b6c00000| Untracked 
| 212|0x00000000b7000000, 0x00000000b7400000, 0x00000000b7400000|100%| O|  |TAMS 0x00000000b7400000, 0x00000000b7000000| Untracked 
| 213|0x00000000b7400000, 0x00000000b7800000, 0x00000000b7800000|100%| O|  |TAMS 0x00000000b7800000, 0x00000000b7400000| Untracked 
| 214|0x00000000b7800000, 0x00000000b7c00000, 0x00000000b7c00000|100%| O|  |TAMS 0x00000000b7c00000, 0x00000000b7800000| Untracked 
| 215|0x00000000b7c00000, 0x00000000b8000000, 0x00000000b8000000|100%| O|  |TAMS 0x00000000b8000000, 0x00000000b7c00000| Untracked 
| 216|0x00000000b8000000, 0x00000000b8400000, 0x00000000b8400000|100%| O|  |TAMS 0x00000000b8400000, 0x00000000b8000000| Untracked 
| 217|0x00000000b8400000, 0x00000000b8800000, 0x00000000b8800000|100%| O|  |TAMS 0x00000000b8800000, 0x00000000b8400000| Untracked 
| 218|0x00000000b8800000, 0x00000000b8c00000, 0x00000000b8c00000|100%| O|  |TAMS 0x00000000b8c00000, 0x00000000b8800000| Untracked 
| 219|0x00000000b8c00000, 0x00000000b9000000, 0x00000000b9000000|100%| O|  |TAMS 0x00000000b9000000, 0x00000000b8c00000| Untracked 
| 220|0x00000000b9000000, 0x00000000b9400000, 0x00000000b9400000|100%| O|  |TAMS 0x00000000b9400000, 0x00000000b9000000| Untracked 
| 221|0x00000000b9400000, 0x00000000b9800000, 0x00000000b9800000|100%| O|  |TAMS 0x00000000b9800000, 0x00000000b9400000| Untracked 
| 222|0x00000000b9800000, 0x00000000b9c00000, 0x00000000b9c00000|100%| O|  |TAMS 0x00000000b9c00000, 0x00000000b9800000| Untracked 
| 223|0x00000000b9c00000, 0x00000000ba000000, 0x00000000ba000000|100%| O|  |TAMS 0x00000000ba000000, 0x00000000b9c00000| Untracked 
| 224|0x00000000ba000000, 0x00000000ba400000, 0x00000000ba400000|100%| O|  |TAMS 0x00000000ba400000, 0x00000000ba000000| Untracked 
| 225|0x00000000ba400000, 0x00000000ba800000, 0x00000000ba800000|100%| O|  |TAMS 0x00000000ba800000, 0x00000000ba400000| Untracked 
| 226|0x00000000ba800000, 0x00000000bac00000, 0x00000000bac00000|100%| O|  |TAMS 0x00000000bac00000, 0x00000000ba800000| Untracked 
| 227|0x00000000bac00000, 0x00000000bb000000, 0x00000000bb000000|100%| O|  |TAMS 0x00000000bb000000, 0x00000000bac00000| Untracked 
| 228|0x00000000bb000000, 0x00000000bb400000, 0x00000000bb400000|100%| O|  |TAMS 0x00000000bb400000, 0x00000000bb000000| Untracked 
| 229|0x00000000bb400000, 0x00000000bb800000, 0x00000000bb800000|100%| O|  |TAMS 0x00000000bb800000, 0x00000000bb400000| Untracked 
| 230|0x00000000bb800000, 0x00000000bbc00000, 0x00000000bbc00000|100%| O|  |TAMS 0x00000000bbc00000, 0x00000000bb800000| Untracked 
| 231|0x00000000bbc00000, 0x00000000bc000000, 0x00000000bc000000|100%| O|  |TAMS 0x00000000bc000000, 0x00000000bbc00000| Untracked 
| 232|0x00000000bc000000, 0x00000000bc400000, 0x00000000bc400000|100%| O|  |TAMS 0x00000000bc400000, 0x00000000bc000000| Untracked 
| 233|0x00000000bc400000, 0x00000000bc800000, 0x00000000bc800000|100%| O|  |TAMS 0x00000000bc800000, 0x00000000bc400000| Untracked 
| 234|0x00000000bc800000, 0x00000000bcc00000, 0x00000000bcc00000|100%| O|  |TAMS 0x00000000bcc00000, 0x00000000bc800000| Untracked 
| 235|0x00000000bcc00000, 0x00000000bd000000, 0x00000000bd000000|100%| O|  |TAMS 0x00000000bd000000, 0x00000000bcc00000| Untracked 
| 236|0x00000000bd000000, 0x00000000bd400000, 0x00000000bd400000|100%| O|  |TAMS 0x00000000bd400000, 0x00000000bd000000| Untracked 
| 237|0x00000000bd400000, 0x00000000bd800000, 0x00000000bd800000|100%| O|  |TAMS 0x00000000bd800000, 0x00000000bd400000| Untracked 
| 238|0x00000000bd800000, 0x00000000bdc00000, 0x00000000bdc00000|100%| O|  |TAMS 0x00000000bdc00000, 0x00000000bd800000| Untracked 
| 239|0x00000000bdc00000, 0x00000000be000000, 0x00000000be000000|100%| O|  |TAMS 0x00000000be000000, 0x00000000bdc00000| Untracked 
| 240|0x00000000be000000, 0x00000000be400000, 0x00000000be400000|100%| O|  |TAMS 0x00000000be400000, 0x00000000be000000| Untracked 
| 241|0x00000000be400000, 0x00000000be800000, 0x00000000be800000|100%| O|  |TAMS 0x00000000be800000, 0x00000000be400000| Untracked 
| 242|0x00000000be800000, 0x00000000bec00000, 0x00000000bec00000|100%| O|  |TAMS 0x00000000bec00000, 0x00000000be800000| Untracked 
| 243|0x00000000bec00000, 0x00000000bf000000, 0x00000000bf000000|100%| O|  |TAMS 0x00000000bf000000, 0x00000000bec00000| Untracked 
| 244|0x00000000bf000000, 0x00000000bf400000, 0x00000000bf400000|100%| O|  |TAMS 0x00000000bf400000, 0x00000000bf000000| Untracked 
| 245|0x00000000bf400000, 0x00000000bf800000, 0x00000000bf800000|100%| O|  |TAMS 0x00000000bf800000, 0x00000000bf400000| Untracked 
| 246|0x00000000bf800000, 0x00000000bfc00000, 0x00000000bfc00000|100%| O|  |TAMS 0x00000000bfc00000, 0x00000000bf800000| Untracked 
| 247|0x00000000bfc00000, 0x00000000c0000000, 0x00000000c0000000|100%| O|  |TAMS 0x00000000c0000000, 0x00000000bfc00000| Untracked 
| 248|0x00000000c0000000, 0x00000000c0400000, 0x00000000c0400000|100%| O|  |TAMS 0x00000000c0400000, 0x00000000c0000000| Untracked 
| 249|0x00000000c0400000, 0x00000000c0800000, 0x00000000c0800000|100%| O|  |TAMS 0x00000000c0800000, 0x00000000c0400000| Untracked 
| 250|0x00000000c0800000, 0x00000000c0c00000, 0x00000000c0c00000|100%| O|  |TAMS 0x00000000c0c00000, 0x00000000c0800000| Untracked 
| 251|0x00000000c0c00000, 0x00000000c1000000, 0x00000000c1000000|100%| O|  |TAMS 0x00000000c1000000, 0x00000000c0c00000| Untracked 
| 252|0x00000000c1000000, 0x00000000c1400000, 0x00000000c1400000|100%| O|  |TAMS 0x00000000c1400000, 0x00000000c1000000| Untracked 
| 253|0x00000000c1400000, 0x00000000c1800000, 0x00000000c1800000|100%| O|  |TAMS 0x00000000c1800000, 0x00000000c1400000| Untracked 
| 254|0x00000000c1800000, 0x00000000c1c00000, 0x00000000c1c00000|100%| O|  |TAMS 0x00000000c1c00000, 0x00000000c1800000| Untracked 
| 255|0x00000000c1c00000, 0x00000000c2000000, 0x00000000c2000000|100%| O|  |TAMS 0x00000000c2000000, 0x00000000c1c00000| Untracked 
| 256|0x00000000c2000000, 0x00000000c2400000, 0x00000000c2400000|100%| O|  |TAMS 0x00000000c2400000, 0x00000000c2000000| Untracked 
| 257|0x00000000c2400000, 0x00000000c2800000, 0x00000000c2800000|100%| O|  |TAMS 0x00000000c2800000, 0x00000000c2400000| Untracked 
| 258|0x00000000c2800000, 0x00000000c2c00000, 0x00000000c2c00000|100%| O|  |TAMS 0x00000000c2c00000, 0x00000000c2800000| Untracked 
| 259|0x00000000c2c00000, 0x00000000c3000000, 0x00000000c3000000|100%| O|  |TAMS 0x00000000c3000000, 0x00000000c2c00000| Untracked 
| 260|0x00000000c3000000, 0x00000000c3400000, 0x00000000c3400000|100%| O|  |TAMS 0x00000000c3400000, 0x00000000c3000000| Untracked 
| 261|0x00000000c3400000, 0x00000000c3800000, 0x00000000c3800000|100%| O|  |TAMS 0x00000000c3800000, 0x00000000c3400000| Untracked 
| 262|0x00000000c3800000, 0x00000000c3c00000, 0x00000000c3c00000|100%| O|  |TAMS 0x00000000c3c00000, 0x00000000c3800000| Untracked 
| 263|0x00000000c3c00000, 0x00000000c4000000, 0x00000000c4000000|100%| O|  |TAMS 0x00000000c4000000, 0x00000000c3c00000| Untracked 
| 264|0x00000000c4000000, 0x00000000c4400000, 0x00000000c4400000|100%| O|  |TAMS 0x00000000c4400000, 0x00000000c4000000| Untracked 
| 265|0x00000000c4400000, 0x00000000c4800000, 0x00000000c4800000|100%| O|  |TAMS 0x00000000c4800000, 0x00000000c4400000| Untracked 
| 266|0x00000000c4800000, 0x00000000c4c00000, 0x00000000c4c00000|100%| O|  |TAMS 0x00000000c4c00000, 0x00000000c4800000| Untracked 
| 267|0x00000000c4c00000, 0x00000000c5000000, 0x00000000c5000000|100%| O|  |TAMS 0x00000000c5000000, 0x00000000c4c00000| Untracked 
| 268|0x00000000c5000000, 0x00000000c5400000, 0x00000000c5400000|100%| O|  |TAMS 0x00000000c5400000, 0x00000000c5000000| Untracked 
| 269|0x00000000c5400000, 0x00000000c5800000, 0x00000000c5800000|100%| O|  |TAMS 0x00000000c5800000, 0x00000000c5400000| Untracked 
| 270|0x00000000c5800000, 0x00000000c5c00000, 0x00000000c5c00000|100%| O|  |TAMS 0x00000000c5c00000, 0x00000000c5800000| Untracked 
| 271|0x00000000c5c00000, 0x00000000c6000000, 0x00000000c6000000|100%| O|  |TAMS 0x00000000c6000000, 0x00000000c5c00000| Untracked 
| 272|0x00000000c6000000, 0x00000000c6400000, 0x00000000c6400000|100%| O|  |TAMS 0x00000000c6400000, 0x00000000c6000000| Untracked 
| 273|0x00000000c6400000, 0x00000000c6800000, 0x00000000c6800000|100%| O|  |TAMS 0x00000000c6800000, 0x00000000c6400000| Untracked 
| 274|0x00000000c6800000, 0x00000000c6c00000, 0x00000000c6c00000|100%| O|  |TAMS 0x00000000c6c00000, 0x00000000c6800000| Untracked 
| 275|0x00000000c6c00000, 0x00000000c7000000, 0x00000000c7000000|100%| O|  |TAMS 0x00000000c7000000, 0x00000000c6c00000| Untracked 
| 276|0x00000000c7000000, 0x00000000c7400000, 0x00000000c7400000|100%| O|  |TAMS 0x00000000c7400000, 0x00000000c7000000| Untracked 
| 277|0x00000000c7400000, 0x00000000c7800000, 0x00000000c7800000|100%| O|  |TAMS 0x00000000c7800000, 0x00000000c7400000| Untracked 
| 278|0x00000000c7800000, 0x00000000c7c00000, 0x00000000c7c00000|100%| O|  |TAMS 0x00000000c7c00000, 0x00000000c7800000| Untracked 
| 279|0x00000000c7c00000, 0x00000000c8000000, 0x00000000c8000000|100%| O|  |TAMS 0x00000000c8000000, 0x00000000c7c00000| Untracked 
| 280|0x00000000c8000000, 0x00000000c8400000, 0x00000000c8400000|100%| O|  |TAMS 0x00000000c8400000, 0x00000000c8000000| Untracked 
| 281|0x00000000c8400000, 0x00000000c8800000, 0x00000000c8800000|100%| O|  |TAMS 0x00000000c8800000, 0x00000000c8400000| Untracked 
| 282|0x00000000c8800000, 0x00000000c8c00000, 0x00000000c8c00000|100%| O|  |TAMS 0x00000000c8c00000, 0x00000000c8800000| Untracked 
| 283|0x00000000c8c00000, 0x00000000c9000000, 0x00000000c9000000|100%| O|  |TAMS 0x00000000c9000000, 0x00000000c8c00000| Untracked 
| 284|0x00000000c9000000, 0x00000000c9400000, 0x00000000c9400000|100%| O|  |TAMS 0x00000000c9400000, 0x00000000c9000000| Untracked 
| 285|0x00000000c9400000, 0x00000000c9800000, 0x00000000c9800000|100%| O|  |TAMS 0x00000000c9800000, 0x00000000c9400000| Untracked 
| 286|0x00000000c9800000, 0x00000000c9c00000, 0x00000000c9c00000|100%| O|  |TAMS 0x00000000c9c00000, 0x00000000c9800000| Untracked 
| 287|0x00000000c9c00000, 0x00000000ca000000, 0x00000000ca000000|100%| O|  |TAMS 0x00000000ca000000, 0x00000000c9c00000| Untracked 
| 288|0x00000000ca000000, 0x00000000ca400000, 0x00000000ca400000|100%| O|  |TAMS 0x00000000ca400000, 0x00000000ca000000| Untracked 
| 289|0x00000000ca400000, 0x00000000ca800000, 0x00000000ca800000|100%| O|  |TAMS 0x00000000ca800000, 0x00000000ca400000| Untracked 
| 290|0x00000000ca800000, 0x00000000cac00000, 0x00000000cac00000|100%| O|  |TAMS 0x00000000cac00000, 0x00000000ca800000| Untracked 
| 291|0x00000000cac00000, 0x00000000cb000000, 0x00000000cb000000|100%| O|  |TAMS 0x00000000cb000000, 0x00000000cac00000| Untracked 
| 292|0x00000000cb000000, 0x00000000cb400000, 0x00000000cb400000|100%| O|  |TAMS 0x00000000cb400000, 0x00000000cb000000| Untracked 
| 293|0x00000000cb400000, 0x00000000cb800000, 0x00000000cb800000|100%| O|  |TAMS 0x00000000cb800000, 0x00000000cb400000| Untracked 
| 294|0x00000000cb800000, 0x00000000cbc00000, 0x00000000cbc00000|100%| O|  |TAMS 0x00000000cbc00000, 0x00000000cb800000| Untracked 
| 295|0x00000000cbc00000, 0x00000000cc000000, 0x00000000cc000000|100%| O|  |TAMS 0x00000000cc000000, 0x00000000cbc00000| Untracked 
| 296|0x00000000cc000000, 0x00000000cc400000, 0x00000000cc400000|100%| O|  |TAMS 0x00000000cc400000, 0x00000000cc000000| Untracked 
| 297|0x00000000cc400000, 0x00000000cc800000, 0x00000000cc800000|100%| O|  |TAMS 0x00000000cc800000, 0x00000000cc400000| Untracked 
| 298|0x00000000cc800000, 0x00000000ccc00000, 0x00000000ccc00000|100%| O|  |TAMS 0x00000000ccc00000, 0x00000000cc800000| Untracked 
| 299|0x00000000ccc00000, 0x00000000cd000000, 0x00000000cd000000|100%| O|  |TAMS 0x00000000cd000000, 0x00000000ccc00000| Untracked 
| 300|0x00000000cd000000, 0x00000000cd400000, 0x00000000cd400000|100%| O|  |TAMS 0x00000000cd400000, 0x00000000cd000000| Untracked 
| 301|0x00000000cd400000, 0x00000000cd800000, 0x00000000cd800000|100%| O|  |TAMS 0x00000000cd800000, 0x00000000cd400000| Untracked 
| 302|0x00000000cd800000, 0x00000000cdc00000, 0x00000000cdc00000|100%| O|  |TAMS 0x00000000cdc00000, 0x00000000cd800000| Untracked 
| 303|0x00000000cdc00000, 0x00000000ce000000, 0x00000000ce000000|100%| O|  |TAMS 0x00000000ce000000, 0x00000000cdc00000| Untracked 
| 304|0x00000000ce000000, 0x00000000ce400000, 0x00000000ce400000|100%| O|  |TAMS 0x00000000ce400000, 0x00000000ce000000| Untracked 
| 305|0x00000000ce400000, 0x00000000ce800000, 0x00000000ce800000|100%| O|  |TAMS 0x00000000ce800000, 0x00000000ce400000| Untracked 
| 306|0x00000000ce800000, 0x00000000cec00000, 0x00000000cec00000|100%| O|  |TAMS 0x00000000cec00000, 0x00000000ce800000| Untracked 
| 307|0x00000000cec00000, 0x00000000cf000000, 0x00000000cf000000|100%| O|  |TAMS 0x00000000cf000000, 0x00000000cec00000| Untracked 
| 308|0x00000000cf000000, 0x00000000cf400000, 0x00000000cf400000|100%| O|  |TAMS 0x00000000cf400000, 0x00000000cf000000| Untracked 
| 309|0x00000000cf400000, 0x00000000cf800000, 0x00000000cf800000|100%| O|  |TAMS 0x00000000cf800000, 0x00000000cf400000| Untracked 
| 310|0x00000000cf800000, 0x00000000cfc00000, 0x00000000cfc00000|100%| O|  |TAMS 0x00000000cfc00000, 0x00000000cf800000| Untracked 
| 311|0x00000000cfc00000, 0x00000000d0000000, 0x00000000d0000000|100%| O|  |TAMS 0x00000000d0000000, 0x00000000cfc00000| Untracked 
| 312|0x00000000d0000000, 0x00000000d0400000, 0x00000000d0400000|100%| O|  |TAMS 0x00000000d0400000, 0x00000000d0000000| Untracked 
| 313|0x00000000d0400000, 0x00000000d0800000, 0x00000000d0800000|100%| O|  |TAMS 0x00000000d0800000, 0x00000000d0400000| Untracked 
| 314|0x00000000d0800000, 0x00000000d0c00000, 0x00000000d0c00000|100%| O|  |TAMS 0x00000000d0c00000, 0x00000000d0800000| Untracked 
| 315|0x00000000d0c00000, 0x00000000d1000000, 0x00000000d1000000|100%| O|  |TAMS 0x00000000d1000000, 0x00000000d0c00000| Untracked 
| 316|0x00000000d1000000, 0x00000000d1400000, 0x00000000d1400000|100%| O|  |TAMS 0x00000000d1400000, 0x00000000d1000000| Untracked 
| 317|0x00000000d1400000, 0x00000000d1800000, 0x00000000d1800000|100%| O|  |TAMS 0x00000000d1800000, 0x00000000d1400000| Untracked 
| 318|0x00000000d1800000, 0x00000000d1c00000, 0x00000000d1c00000|100%| O|  |TAMS 0x00000000d1c00000, 0x00000000d1800000| Untracked 
| 319|0x00000000d1c00000, 0x00000000d2000000, 0x00000000d2000000|100%| O|  |TAMS 0x00000000d2000000, 0x00000000d1c00000| Untracked 
| 320|0x00000000d2000000, 0x00000000d2400000, 0x00000000d2400000|100%| O|  |TAMS 0x00000000d2400000, 0x00000000d2000000| Untracked 
| 321|0x00000000d2400000, 0x00000000d2800000, 0x00000000d2800000|100%| O|  |TAMS 0x00000000d2800000, 0x00000000d2400000| Untracked 
| 322|0x00000000d2800000, 0x00000000d2c00000, 0x00000000d2c00000|100%| O|  |TAMS 0x00000000d2c00000, 0x00000000d2800000| Untracked 
| 323|0x00000000d2c00000, 0x00000000d3000000, 0x00000000d3000000|100%| O|  |TAMS 0x00000000d3000000, 0x00000000d2c00000| Untracked 
| 324|0x00000000d3000000, 0x00000000d3400000, 0x00000000d3400000|100%| O|  |TAMS 0x00000000d3400000, 0x00000000d3000000| Untracked 
| 325|0x00000000d3400000, 0x00000000d3800000, 0x00000000d3800000|100%| O|  |TAMS 0x00000000d3800000, 0x00000000d3400000| Untracked 
| 326|0x00000000d3800000, 0x00000000d3c00000, 0x00000000d3c00000|100%| O|  |TAMS 0x00000000d3c00000, 0x00000000d3800000| Untracked 
| 327|0x00000000d3c00000, 0x00000000d4000000, 0x00000000d4000000|100%| O|  |TAMS 0x00000000d4000000, 0x00000000d3c00000| Untracked 
| 328|0x00000000d4000000, 0x00000000d4400000, 0x00000000d4400000|100%| O|  |TAMS 0x00000000d4400000, 0x00000000d4000000| Untracked 
| 329|0x00000000d4400000, 0x00000000d4800000, 0x00000000d4800000|100%| O|  |TAMS 0x00000000d4800000, 0x00000000d4400000| Untracked 
| 330|0x00000000d4800000, 0x00000000d4c00000, 0x00000000d4c00000|100%| O|  |TAMS 0x00000000d4c00000, 0x00000000d4800000| Untracked 
| 331|0x00000000d4c00000, 0x00000000d5000000, 0x00000000d5000000|100%| O|  |TAMS 0x00000000d5000000, 0x00000000d4c00000| Untracked 
| 332|0x00000000d5000000, 0x00000000d5400000, 0x00000000d5400000|100%| O|  |TAMS 0x00000000d5400000, 0x00000000d5000000| Untracked 
| 333|0x00000000d5400000, 0x00000000d5800000, 0x00000000d5800000|100%| O|  |TAMS 0x00000000d5800000, 0x00000000d5400000| Untracked 
| 334|0x00000000d5800000, 0x00000000d5c00000, 0x00000000d5c00000|100%| O|  |TAMS 0x00000000d5c00000, 0x00000000d5800000| Untracked 
| 335|0x00000000d5c00000, 0x00000000d6000000, 0x00000000d6000000|100%| O|  |TAMS 0x00000000d6000000, 0x00000000d5c00000| Untracked 
| 336|0x00000000d6000000, 0x00000000d6400000, 0x00000000d6400000|100%| O|  |TAMS 0x00000000d6400000, 0x00000000d6000000| Untracked 
| 337|0x00000000d6400000, 0x00000000d6800000, 0x00000000d6800000|100%| O|  |TAMS 0x00000000d6800000, 0x00000000d6400000| Untracked 
| 338|0x00000000d6800000, 0x00000000d6c00000, 0x00000000d6c00000|100%| O|  |TAMS 0x00000000d6c00000, 0x00000000d6800000| Untracked 
| 339|0x00000000d6c00000, 0x00000000d7000000, 0x00000000d7000000|100%| O|  |TAMS 0x00000000d7000000, 0x00000000d6c00000| Untracked 
| 340|0x00000000d7000000, 0x00000000d7400000, 0x00000000d7400000|100%| O|  |TAMS 0x00000000d7400000, 0x00000000d7000000| Untracked 
| 341|0x00000000d7400000, 0x00000000d7800000, 0x00000000d7800000|100%| O|  |TAMS 0x00000000d7800000, 0x00000000d7400000| Untracked 
| 342|0x00000000d7800000, 0x00000000d7c00000, 0x00000000d7c00000|100%| O|  |TAMS 0x00000000d7c00000, 0x00000000d7800000| Untracked 
| 343|0x00000000d7c00000, 0x00000000d8000000, 0x00000000d8000000|100%| O|  |TAMS 0x00000000d8000000, 0x00000000d7c00000| Untracked 
| 344|0x00000000d8000000, 0x00000000d8400000, 0x00000000d8400000|100%| O|  |TAMS 0x00000000d8400000, 0x00000000d8000000| Untracked 
| 345|0x00000000d8400000, 0x00000000d8800000, 0x00000000d8800000|100%| O|  |TAMS 0x00000000d8800000, 0x00000000d8400000| Untracked 
| 346|0x00000000d8800000, 0x00000000d8c00000, 0x00000000d8c00000|100%| O|  |TAMS 0x00000000d8c00000, 0x00000000d8800000| Untracked 
| 347|0x00000000d8c00000, 0x00000000d9000000, 0x00000000d9000000|100%| O|  |TAMS 0x00000000d9000000, 0x00000000d8c00000| Untracked 
| 348|0x00000000d9000000, 0x00000000d9400000, 0x00000000d9400000|100%| O|  |TAMS 0x00000000d9400000, 0x00000000d9000000| Untracked 
| 349|0x00000000d9400000, 0x00000000d9800000, 0x00000000d9800000|100%| O|  |TAMS 0x00000000d9800000, 0x00000000d9400000| Untracked 
| 350|0x00000000d9800000, 0x00000000d9c00000, 0x00000000d9c00000|100%| O|  |TAMS 0x00000000d9c00000, 0x00000000d9800000| Untracked 
| 351|0x00000000d9c00000, 0x00000000da000000, 0x00000000da000000|100%| O|  |TAMS 0x00000000da000000, 0x00000000d9c00000| Untracked 
| 352|0x00000000da000000, 0x00000000da400000, 0x00000000da400000|100%| O|  |TAMS 0x00000000da400000, 0x00000000da000000| Untracked 
| 353|0x00000000da400000, 0x00000000da800000, 0x00000000da800000|100%| O|  |TAMS 0x00000000da800000, 0x00000000da400000| Untracked 
| 354|0x00000000da800000, 0x00000000dac00000, 0x00000000dac00000|100%| O|  |TAMS 0x00000000dac00000, 0x00000000da800000| Untracked 
| 355|0x00000000dac00000, 0x00000000db000000, 0x00000000db000000|100%| O|  |TAMS 0x00000000db000000, 0x00000000dac00000| Untracked 
| 356|0x00000000db000000, 0x00000000db400000, 0x00000000db400000|100%| O|  |TAMS 0x00000000db400000, 0x00000000db000000| Untracked 
| 357|0x00000000db400000, 0x00000000db800000, 0x00000000db800000|100%| O|  |TAMS 0x00000000db800000, 0x00000000db400000| Untracked 
| 358|0x00000000db800000, 0x00000000dbc00000, 0x00000000dbc00000|100%| O|  |TAMS 0x00000000dbc00000, 0x00000000db800000| Untracked 
| 359|0x00000000dbc00000, 0x00000000dc000000, 0x00000000dc000000|100%| O|  |TAMS 0x00000000dc000000, 0x00000000dbc00000| Untracked 
| 360|0x00000000dc000000, 0x00000000dc400000, 0x00000000dc400000|100%| O|  |TAMS 0x00000000dc400000, 0x00000000dc000000| Untracked 
| 361|0x00000000dc400000, 0x00000000dc800000, 0x00000000dc800000|100%| O|  |TAMS 0x00000000dc800000, 0x00000000dc400000| Untracked 
| 362|0x00000000dc800000, 0x00000000dcc00000, 0x00000000dcc00000|100%| O|  |TAMS 0x00000000dcc00000, 0x00000000dc800000| Untracked 
| 363|0x00000000dcc00000, 0x00000000dd000000, 0x00000000dd000000|100%| O|  |TAMS 0x00000000dd000000, 0x00000000dcc00000| Untracked 
| 364|0x00000000dd000000, 0x00000000dd400000, 0x00000000dd400000|100%| O|  |TAMS 0x00000000dd400000, 0x00000000dd000000| Untracked 
| 365|0x00000000dd400000, 0x00000000dd800000, 0x00000000dd800000|100%| O|  |TAMS 0x00000000dd800000, 0x00000000dd400000| Untracked 
| 366|0x00000000dd800000, 0x00000000ddc00000, 0x00000000ddc00000|100%| O|  |TAMS 0x00000000ddc00000, 0x00000000dd800000| Untracked 
| 367|0x00000000ddc00000, 0x00000000de000000, 0x00000000de000000|100%| O|  |TAMS 0x00000000de000000, 0x00000000ddc00000| Untracked 
| 368|0x00000000de000000, 0x00000000de400000, 0x00000000de400000|100%| O|  |TAMS 0x00000000de400000, 0x00000000de000000| Untracked 
| 369|0x00000000de400000, 0x00000000de800000, 0x00000000de800000|100%| O|  |TAMS 0x00000000de800000, 0x00000000de400000| Untracked 
| 370|0x00000000de800000, 0x00000000dec00000, 0x00000000dec00000|100%| O|  |TAMS 0x00000000dec00000, 0x00000000de800000| Untracked 
| 371|0x00000000dec00000, 0x00000000df000000, 0x00000000df000000|100%| O|  |TAMS 0x00000000df000000, 0x00000000dec00000| Untracked 
| 372|0x00000000df000000, 0x00000000df400000, 0x00000000df400000|100%| O|  |TAMS 0x00000000df400000, 0x00000000df000000| Untracked 
| 373|0x00000000df400000, 0x00000000df800000, 0x00000000df800000|100%| O|  |TAMS 0x00000000df800000, 0x00000000df400000| Untracked 
| 374|0x00000000df800000, 0x00000000dfc00000, 0x00000000dfc00000|100%| O|  |TAMS 0x00000000dfc00000, 0x00000000df800000| Untracked 
| 375|0x00000000dfc00000, 0x00000000e0000000, 0x00000000e0000000|100%| O|  |TAMS 0x00000000e0000000, 0x00000000dfc00000| Untracked 
| 376|0x00000000e0000000, 0x00000000e0400000, 0x00000000e0400000|100%| O|  |TAMS 0x00000000e0400000, 0x00000000e0000000| Untracked 
| 377|0x00000000e0400000, 0x00000000e0800000, 0x00000000e0800000|100%| O|  |TAMS 0x00000000e0800000, 0x00000000e0400000| Untracked 
| 378|0x00000000e0800000, 0x00000000e0c00000, 0x00000000e0c00000|100%| O|  |TAMS 0x00000000e0c00000, 0x00000000e0800000| Untracked 
| 379|0x00000000e0c00000, 0x00000000e1000000, 0x00000000e1000000|100%| O|  |TAMS 0x00000000e1000000, 0x00000000e0c00000| Untracked 
| 380|0x00000000e1000000, 0x00000000e1400000, 0x00000000e1400000|100%| O|  |TAMS 0x00000000e1400000, 0x00000000e1000000| Untracked 
| 381|0x00000000e1400000, 0x00000000e1800000, 0x00000000e1800000|100%| O|  |TAMS 0x00000000e1800000, 0x00000000e1400000| Untracked 
| 382|0x00000000e1800000, 0x00000000e1c00000, 0x00000000e1c00000|100%| O|  |TAMS 0x00000000e1c00000, 0x00000000e1800000| Untracked 
| 383|0x00000000e1c00000, 0x00000000e2000000, 0x00000000e2000000|100%| O|  |TAMS 0x00000000e2000000, 0x00000000e1c00000| Untracked 
| 384|0x00000000e2000000, 0x00000000e2400000, 0x00000000e2400000|100%| O|  |TAMS 0x00000000e2400000, 0x00000000e2000000| Untracked 
| 385|0x00000000e2400000, 0x00000000e2800000, 0x00000000e2800000|100%| O|  |TAMS 0x00000000e2800000, 0x00000000e2400000| Untracked 
| 386|0x00000000e2800000, 0x00000000e2c00000, 0x00000000e2c00000|100%| O|  |TAMS 0x00000000e2c00000, 0x00000000e2800000| Untracked 
| 387|0x00000000e2c00000, 0x00000000e3000000, 0x00000000e3000000|100%| O|  |TAMS 0x00000000e3000000, 0x00000000e2c00000| Untracked 
| 388|0x00000000e3000000, 0x00000000e3400000, 0x00000000e3400000|100%| O|  |TAMS 0x00000000e3400000, 0x00000000e3000000| Untracked 
| 389|0x00000000e3400000, 0x00000000e3800000, 0x00000000e3800000|100%| O|  |TAMS 0x00000000e3800000, 0x00000000e3400000| Untracked 
| 390|0x00000000e3800000, 0x00000000e3c00000, 0x00000000e3c00000|100%| O|  |TAMS 0x00000000e3c00000, 0x00000000e3800000| Untracked 
| 391|0x00000000e3c00000, 0x00000000e4000000, 0x00000000e4000000|100%| O|  |TAMS 0x00000000e4000000, 0x00000000e3c00000| Untracked 
| 392|0x00000000e4000000, 0x00000000e4400000, 0x00000000e4400000|100%| O|  |TAMS 0x00000000e4400000, 0x00000000e4000000| Untracked 
| 393|0x00000000e4400000, 0x00000000e4800000, 0x00000000e4800000|100%| O|  |TAMS 0x00000000e4800000, 0x00000000e4400000| Untracked 
| 394|0x00000000e4800000, 0x00000000e4c00000, 0x00000000e4c00000|100%| O|  |TAMS 0x00000000e4c00000, 0x00000000e4800000| Untracked 
| 395|0x00000000e4c00000, 0x00000000e5000000, 0x00000000e5000000|100%| O|  |TAMS 0x00000000e5000000, 0x00000000e4c00000| Untracked 
| 396|0x00000000e5000000, 0x00000000e5400000, 0x00000000e5400000|100%| O|  |TAMS 0x00000000e5400000, 0x00000000e5000000| Untracked 
| 397|0x00000000e5400000, 0x00000000e5800000, 0x00000000e5800000|100%| O|  |TAMS 0x00000000e5800000, 0x00000000e5400000| Untracked 
| 398|0x00000000e5800000, 0x00000000e5c00000, 0x00000000e5c00000|100%| O|  |TAMS 0x00000000e5c00000, 0x00000000e5800000| Untracked 
| 399|0x00000000e5c00000, 0x00000000e6000000, 0x00000000e6000000|100%| O|  |TAMS 0x00000000e6000000, 0x00000000e5c00000| Untracked 
| 400|0x00000000e6000000, 0x00000000e6400000, 0x00000000e6400000|100%| O|  |TAMS 0x00000000e6400000, 0x00000000e6000000| Untracked 
| 401|0x00000000e6400000, 0x00000000e6800000, 0x00000000e6800000|100%| O|  |TAMS 0x00000000e6800000, 0x00000000e6400000| Untracked 
| 402|0x00000000e6800000, 0x00000000e6c00000, 0x00000000e6c00000|100%| O|  |TAMS 0x00000000e6c00000, 0x00000000e6800000| Untracked 
| 403|0x00000000e6c00000, 0x00000000e7000000, 0x00000000e7000000|100%| O|  |TAMS 0x00000000e7000000, 0x00000000e6c00000| Untracked 
| 404|0x00000000e7000000, 0x00000000e7400000, 0x00000000e7400000|100%| O|  |TAMS 0x00000000e7400000, 0x00000000e7000000| Untracked 
| 405|0x00000000e7400000, 0x00000000e7800000, 0x00000000e7800000|100%| O|  |TAMS 0x00000000e7800000, 0x00000000e7400000| Untracked 
| 406|0x00000000e7800000, 0x00000000e7c00000, 0x00000000e7c00000|100%| O|  |TAMS 0x00000000e7c00000, 0x00000000e7800000| Untracked 
| 407|0x00000000e7c00000, 0x00000000e8000000, 0x00000000e8000000|100%| O|  |TAMS 0x00000000e8000000, 0x00000000e7c00000| Untracked 
| 408|0x00000000e8000000, 0x00000000e8400000, 0x00000000e8400000|100%| O|  |TAMS 0x00000000e8400000, 0x00000000e8000000| Untracked 
| 409|0x00000000e8400000, 0x00000000e8800000, 0x00000000e8800000|100%| O|  |TAMS 0x00000000e8800000, 0x00000000e8400000| Untracked 
| 410|0x00000000e8800000, 0x00000000e8c00000, 0x00000000e8c00000|100%| O|  |TAMS 0x00000000e8c00000, 0x00000000e8800000| Untracked 
| 411|0x00000000e8c00000, 0x00000000e9000000, 0x00000000e9000000|100%| O|  |TAMS 0x00000000e9000000, 0x00000000e8c00000| Untracked 
| 412|0x00000000e9000000, 0x00000000e9400000, 0x00000000e9400000|100%| O|  |TAMS 0x00000000e9400000, 0x00000000e9000000| Untracked 
| 413|0x00000000e9400000, 0x00000000e9800000, 0x00000000e9800000|100%| O|  |TAMS 0x00000000e9800000, 0x00000000e9400000| Untracked 
| 414|0x00000000e9800000, 0x00000000e9c00000, 0x00000000e9c00000|100%| O|  |TAMS 0x00000000e9c00000, 0x00000000e9800000| Untracked 
| 415|0x00000000e9c00000, 0x00000000ea000000, 0x00000000ea000000|100%| O|  |TAMS 0x00000000ea000000, 0x00000000e9c00000| Untracked 
| 416|0x00000000ea000000, 0x00000000ea400000, 0x00000000ea400000|100%| O|  |TAMS 0x00000000ea400000, 0x00000000ea000000| Untracked 
| 417|0x00000000ea400000, 0x00000000ea800000, 0x00000000ea800000|100%| O|  |TAMS 0x00000000ea800000, 0x00000000ea400000| Untracked 
| 418|0x00000000ea800000, 0x00000000eac00000, 0x00000000eac00000|100%| O|  |TAMS 0x00000000eac00000, 0x00000000ea800000| Untracked 
| 419|0x00000000eac00000, 0x00000000eb000000, 0x00000000eb000000|100%| O|  |TAMS 0x00000000eb000000, 0x00000000eac00000| Untracked 
| 420|0x00000000eb000000, 0x00000000eb400000, 0x00000000eb400000|100%| O|  |TAMS 0x00000000eb400000, 0x00000000eb000000| Untracked 
| 421|0x00000000eb400000, 0x00000000eb800000, 0x00000000eb800000|100%| O|  |TAMS 0x00000000eb800000, 0x00000000eb400000| Untracked 
| 422|0x00000000eb800000, 0x00000000ebc00000, 0x00000000ebc00000|100%| O|  |TAMS 0x00000000ebc00000, 0x00000000eb800000| Untracked 
| 423|0x00000000ebc00000, 0x00000000ec000000, 0x00000000ec000000|100%| O|  |TAMS 0x00000000ec000000, 0x00000000ebc00000| Untracked 
| 424|0x00000000ec000000, 0x00000000ec400000, 0x00000000ec400000|100%| O|  |TAMS 0x00000000ec400000, 0x00000000ec000000| Untracked 
| 425|0x00000000ec400000, 0x00000000ec800000, 0x00000000ec800000|100%| O|  |TAMS 0x00000000ec800000, 0x00000000ec400000| Untracked 
| 426|0x00000000ec800000, 0x00000000ecc00000, 0x00000000ecc00000|100%| O|  |TAMS 0x00000000ecc00000, 0x00000000ec800000| Untracked 
| 427|0x00000000ecc00000, 0x00000000ed000000, 0x00000000ed000000|100%| O|  |TAMS 0x00000000ed000000, 0x00000000ecc00000| Untracked 
| 428|0x00000000ed000000, 0x00000000ed400000, 0x00000000ed400000|100%| O|  |TAMS 0x00000000ed400000, 0x00000000ed000000| Untracked 
| 429|0x00000000ed400000, 0x00000000ed800000, 0x00000000ed800000|100%| O|  |TAMS 0x00000000ed800000, 0x00000000ed400000| Untracked 
| 430|0x00000000ed800000, 0x00000000edc00000, 0x00000000edc00000|100%| O|  |TAMS 0x00000000edc00000, 0x00000000ed800000| Untracked 
| 431|0x00000000edc00000, 0x00000000ee000000, 0x00000000ee000000|100%| O|  |TAMS 0x00000000ee000000, 0x00000000edc00000| Untracked 
| 432|0x00000000ee000000, 0x00000000ee400000, 0x00000000ee400000|100%| O|  |TAMS 0x00000000ee400000, 0x00000000ee000000| Untracked 
| 433|0x00000000ee400000, 0x00000000ee800000, 0x00000000ee800000|100%| O|  |TAMS 0x00000000ee800000, 0x00000000ee400000| Untracked 
| 434|0x00000000ee800000, 0x00000000eec00000, 0x00000000eec00000|100%| O|  |TAMS 0x00000000eec00000, 0x00000000ee800000| Untracked 
| 435|0x00000000eec00000, 0x00000000ef000000, 0x00000000ef000000|100%| O|  |TAMS 0x00000000ef000000, 0x00000000eec00000| Untracked 
| 436|0x00000000ef000000, 0x00000000ef400000, 0x00000000ef400000|100%| O|  |TAMS 0x00000000ef400000, 0x00000000ef000000| Untracked 
| 437|0x00000000ef400000, 0x00000000ef800000, 0x00000000ef800000|100%| O|  |TAMS 0x00000000ef800000, 0x00000000ef400000| Untracked 
| 438|0x00000000ef800000, 0x00000000efc00000, 0x00000000efc00000|100%| O|  |TAMS 0x00000000efc00000, 0x00000000ef800000| Untracked 
| 439|0x00000000efc00000, 0x00000000f0000000, 0x00000000f0000000|100%| O|  |TAMS 0x00000000f0000000, 0x00000000efc00000| Untracked 
| 440|0x00000000f0000000, 0x00000000f0400000, 0x00000000f0400000|100%| O|  |TAMS 0x00000000f0400000, 0x00000000f0000000| Untracked 
| 441|0x00000000f0400000, 0x00000000f0800000, 0x00000000f0800000|100%| O|  |TAMS 0x00000000f0800000, 0x00000000f0400000| Untracked 
| 442|0x00000000f0800000, 0x00000000f0c00000, 0x00000000f0c00000|100%| O|  |TAMS 0x00000000f0c00000, 0x00000000f0800000| Untracked 
| 443|0x00000000f0c00000, 0x00000000f1000000, 0x00000000f1000000|100%| O|  |TAMS 0x00000000f1000000, 0x00000000f0c00000| Untracked 
| 444|0x00000000f1000000, 0x00000000f1400000, 0x00000000f1400000|100%| O|  |TAMS 0x00000000f1400000, 0x00000000f1000000| Untracked 
| 445|0x00000000f1400000, 0x00000000f1800000, 0x00000000f1800000|100%| O|  |TAMS 0x00000000f1800000, 0x00000000f1400000| Untracked 
| 446|0x00000000f1800000, 0x00000000f1c00000, 0x00000000f1c00000|100%| O|  |TAMS 0x00000000f1c00000, 0x00000000f1800000| Untracked 
| 447|0x00000000f1c00000, 0x00000000f2000000, 0x00000000f2000000|100%| O|  |TAMS 0x00000000f2000000, 0x00000000f1c00000| Untracked 
| 448|0x00000000f2000000, 0x00000000f2400000, 0x00000000f2400000|100%| O|  |TAMS 0x00000000f2400000, 0x00000000f2000000| Untracked 
| 449|0x00000000f2400000, 0x00000000f2800000, 0x00000000f2800000|100%| O|  |TAMS 0x00000000f2800000, 0x00000000f2400000| Untracked 
| 450|0x00000000f2800000, 0x00000000f2c00000, 0x00000000f2c00000|100%| O|  |TAMS 0x00000000f2c00000, 0x00000000f2800000| Untracked 
| 451|0x00000000f2c00000, 0x00000000f3000000, 0x00000000f3000000|100%| O|  |TAMS 0x00000000f3000000, 0x00000000f2c00000| Untracked 
| 452|0x00000000f3000000, 0x00000000f3400000, 0x00000000f3400000|100%| O|  |TAMS 0x00000000f3400000, 0x00000000f3000000| Untracked 
| 453|0x00000000f3400000, 0x00000000f3800000, 0x00000000f3800000|100%| O|  |TAMS 0x00000000f3800000, 0x00000000f3400000| Untracked 
| 454|0x00000000f3800000, 0x00000000f3c00000, 0x00000000f3c00000|100%| O|  |TAMS 0x00000000f3c00000, 0x00000000f3800000| Untracked 
| 455|0x00000000f3c00000, 0x00000000f4000000, 0x00000000f4000000|100%| O|  |TAMS 0x00000000f4000000, 0x00000000f3c00000| Untracked 
| 456|0x00000000f4000000, 0x00000000f4400000, 0x00000000f4400000|100%| O|  |TAMS 0x00000000f4400000, 0x00000000f4000000| Untracked 
| 457|0x00000000f4400000, 0x00000000f4800000, 0x00000000f4800000|100%| O|  |TAMS 0x00000000f4800000, 0x00000000f4400000| Untracked 
| 458|0x00000000f4800000, 0x00000000f4c00000, 0x00000000f4c00000|100%| O|  |TAMS 0x00000000f4c00000, 0x00000000f4800000| Untracked 
| 459|0x00000000f4c00000, 0x00000000f5000000, 0x00000000f5000000|100%| O|  |TAMS 0x00000000f5000000, 0x00000000f4c00000| Untracked 
| 460|0x00000000f5000000, 0x00000000f5400000, 0x00000000f5400000|100%| O|  |TAMS 0x00000000f5400000, 0x00000000f5000000| Untracked 
| 461|0x00000000f5400000, 0x00000000f5800000, 0x00000000f5800000|100%| O|  |TAMS 0x00000000f5800000, 0x00000000f5400000| Untracked 
| 462|0x00000000f5800000, 0x00000000f5c00000, 0x00000000f5c00000|100%| O|  |TAMS 0x00000000f5c00000, 0x00000000f5800000| Untracked 
| 463|0x00000000f5c00000, 0x00000000f6000000, 0x00000000f6000000|100%| O|  |TAMS 0x00000000f6000000, 0x00000000f5c00000| Untracked 
| 464|0x00000000f6000000, 0x00000000f6400000, 0x00000000f6400000|100%| O|  |TAMS 0x00000000f6400000, 0x00000000f6000000| Untracked 
| 465|0x00000000f6400000, 0x00000000f6800000, 0x00000000f6800000|100%| O|  |TAMS 0x00000000f6800000, 0x00000000f6400000| Untracked 
| 466|0x00000000f6800000, 0x00000000f6c00000, 0x00000000f6c00000|100%| O|  |TAMS 0x00000000f6c00000, 0x00000000f6800000| Untracked 
| 467|0x00000000f6c00000, 0x00000000f7000000, 0x00000000f7000000|100%| O|  |TAMS 0x00000000f7000000, 0x00000000f6c00000| Untracked 
| 468|0x00000000f7000000, 0x00000000f7400000, 0x00000000f7400000|100%| O|  |TAMS 0x00000000f7400000, 0x00000000f7000000| Untracked 
| 469|0x00000000f7400000, 0x00000000f7800000, 0x00000000f7800000|100%| O|  |TAMS 0x00000000f7800000, 0x00000000f7400000| Untracked 
| 470|0x00000000f7800000, 0x00000000f7c00000, 0x00000000f7c00000|100%| O|  |TAMS 0x00000000f7c00000, 0x00000000f7800000| Untracked 
| 471|0x00000000f7c00000, 0x00000000f8000000, 0x00000000f8000000|100%| O|  |TAMS 0x00000000f8000000, 0x00000000f7c00000| Untracked 
| 472|0x00000000f8000000, 0x00000000f8400000, 0x00000000f8400000|100%| O|  |TAMS 0x00000000f8400000, 0x00000000f8000000| Untracked 
| 473|0x00000000f8400000, 0x00000000f8800000, 0x00000000f8800000|100%| O|  |TAMS 0x00000000f8800000, 0x00000000f8400000| Untracked 
| 474|0x00000000f8800000, 0x00000000f8c00000, 0x00000000f8c00000|100%| O|  |TAMS 0x00000000f8c00000, 0x00000000f8800000| Untracked 
| 475|0x00000000f8c00000, 0x00000000f9000000, 0x00000000f9000000|100%| O|  |TAMS 0x00000000f9000000, 0x00000000f8c00000| Untracked 
| 476|0x00000000f9000000, 0x00000000f9400000, 0x00000000f9400000|100%| O|  |TAMS 0x00000000f9400000, 0x00000000f9000000| Untracked 
| 477|0x00000000f9400000, 0x00000000f9800000, 0x00000000f9800000|100%| O|  |TAMS 0x00000000f9800000, 0x00000000f9400000| Untracked 
| 478|0x00000000f9800000, 0x00000000f9c00000, 0x00000000f9c00000|100%| O|  |TAMS 0x00000000f9c00000, 0x00000000f9800000| Untracked 
| 479|0x00000000f9c00000, 0x00000000fa000000, 0x00000000fa000000|100%| O|  |TAMS 0x00000000fa000000, 0x00000000f9c00000| Untracked 
| 480|0x00000000fa000000, 0x00000000fa400000, 0x00000000fa400000|100%| O|  |TAMS 0x00000000fa400000, 0x00000000fa000000| Untracked 
| 481|0x00000000fa400000, 0x00000000fa800000, 0x00000000fa800000|100%| O|  |TAMS 0x00000000fa800000, 0x00000000fa400000| Untracked 
| 482|0x00000000fa800000, 0x00000000fac00000, 0x00000000fac00000|100%| O|  |TAMS 0x00000000fac00000, 0x00000000fa800000| Untracked 
| 483|0x00000000fac00000, 0x00000000fb000000, 0x00000000fb000000|100%| O|  |TAMS 0x00000000fb000000, 0x00000000fac00000| Untracked 
| 484|0x00000000fb000000, 0x00000000fb400000, 0x00000000fb400000|100%| O|  |TAMS 0x00000000fb400000, 0x00000000fb000000| Untracked 
| 485|0x00000000fb400000, 0x00000000fb800000, 0x00000000fb800000|100%| O|  |TAMS 0x00000000fb800000, 0x00000000fb400000| Untracked 
| 486|0x00000000fb800000, 0x00000000fbc00000, 0x00000000fbc00000|100%| O|  |TAMS 0x00000000fbc00000, 0x00000000fb800000| Untracked 
| 487|0x00000000fbc00000, 0x00000000fc000000, 0x00000000fc000000|100%| O|  |TAMS 0x00000000fc000000, 0x00000000fbc00000| Untracked 
| 488|0x00000000fc000000, 0x00000000fc400000, 0x00000000fc400000|100%| O|  |TAMS 0x00000000fc400000, 0x00000000fc000000| Untracked 
| 489|0x00000000fc400000, 0x00000000fc800000, 0x00000000fc800000|100%| O|  |TAMS 0x00000000fc800000, 0x00000000fc400000| Untracked 
| 490|0x00000000fc800000, 0x00000000fcc00000, 0x00000000fcc00000|100%| O|  |TAMS 0x00000000fcc00000, 0x00000000fc800000| Untracked 
| 491|0x00000000fcc00000, 0x00000000fd000000, 0x00000000fd000000|100%| O|  |TAMS 0x00000000fd000000, 0x00000000fcc00000| Untracked 
| 492|0x00000000fd000000, 0x00000000fd400000, 0x00000000fd400000|100%| O|  |TAMS 0x00000000fd400000, 0x00000000fd000000| Untracked 
| 493|0x00000000fd400000, 0x00000000fd800000, 0x00000000fd800000|100%| O|  |TAMS 0x00000000fd800000, 0x00000000fd400000| Untracked 
| 494|0x00000000fd800000, 0x00000000fdc00000, 0x00000000fdc00000|100%| O|  |TAMS 0x00000000fdc00000, 0x00000000fd800000| Untracked 
| 495|0x00000000fdc00000, 0x00000000fe000000, 0x00000000fe000000|100%| O|  |TAMS 0x00000000fe000000, 0x00000000fdc00000| Untracked 
| 496|0x00000000fe000000, 0x00000000fe400000, 0x00000000fe400000|100%| O|  |TAMS 0x00000000fe400000, 0x00000000fe000000| Untracked 
| 497|0x00000000fe400000, 0x00000000fe800000, 0x00000000fe800000|100%| O|  |TAMS 0x00000000fe800000, 0x00000000fe400000| Untracked 
| 498|0x00000000fe800000, 0x00000000fec00000, 0x00000000fec00000|100%| O|  |TAMS 0x00000000fec00000, 0x00000000fe800000| Untracked 
| 499|0x00000000fec00000, 0x00000000ff000000, 0x00000000ff000000|100%| O|  |TAMS 0x00000000ff000000, 0x00000000fec00000| Untracked 
| 500|0x00000000ff000000, 0x00000000ff400000, 0x00000000ff400000|100%| O|  |TAMS 0x00000000ff400000, 0x00000000ff000000| Untracked 
| 501|0x00000000ff400000, 0x00000000ff800000, 0x00000000ff800000|100%| O|  |TAMS 0x00000000ff800000, 0x00000000ff400000| Untracked 
| 502|0x00000000ff800000, 0x00000000ffc00000, 0x00000000ffc00000|100%| O|  |TAMS 0x00000000ffc00000, 0x00000000ff800000| Untracked 
| 503|0x00000000ffc00000, 0x0000000100000000, 0x0000000100000000|100%| O|  |TAMS 0x0000000100000000, 0x00000000ffc00000| Untracked 
| 504|0x0000000100000000, 0x0000000100400000, 0x0000000100400000|100%| O|  |TAMS 0x0000000100400000, 0x0000000100000000| Untracked 
| 505|0x0000000100400000, 0x0000000100800000, 0x0000000100800000|100%| O|  |TAMS 0x0000000100800000, 0x0000000100400000| Untracked 
| 506|0x0000000100800000, 0x0000000100c00000, 0x0000000100c00000|100%| O|  |TAMS 0x0000000100c00000, 0x0000000100800000| Untracked 
| 507|0x0000000100c00000, 0x0000000101000000, 0x0000000101000000|100%| O|  |TAMS 0x0000000101000000, 0x0000000100c00000| Untracked 
| 508|0x0000000101000000, 0x0000000101400000, 0x0000000101400000|100%| O|  |TAMS 0x0000000101400000, 0x0000000101000000| Untracked 
| 509|0x0000000101400000, 0x0000000101800000, 0x0000000101800000|100%| O|  |TAMS 0x0000000101800000, 0x0000000101400000| Untracked 
| 510|0x0000000101800000, 0x0000000101c00000, 0x0000000101c00000|100%| O|  |TAMS 0x0000000101c00000, 0x0000000101800000| Untracked 
| 511|0x0000000101c00000, 0x0000000102000000, 0x0000000102000000|100%| O|  |TAMS 0x0000000102000000, 0x0000000101c00000| Untracked 
| 512|0x0000000102000000, 0x0000000102400000, 0x0000000102400000|100%| O|  |TAMS 0x0000000102400000, 0x0000000102000000| Untracked 
| 513|0x0000000102400000, 0x0000000102800000, 0x0000000102800000|100%| O|  |TAMS 0x0000000102800000, 0x0000000102400000| Untracked 
| 514|0x0000000102800000, 0x0000000102c00000, 0x0000000102c00000|100%| O|  |TAMS 0x0000000102c00000, 0x0000000102800000| Untracked 
| 515|0x0000000102c00000, 0x0000000103000000, 0x0000000103000000|100%| O|  |TAMS 0x0000000103000000, 0x0000000102c00000| Untracked 
| 516|0x0000000103000000, 0x0000000103400000, 0x0000000103400000|100%| O|  |TAMS 0x0000000103400000, 0x0000000103000000| Untracked 
| 517|0x0000000103400000, 0x0000000103800000, 0x0000000103800000|100%| O|  |TAMS 0x0000000103800000, 0x0000000103400000| Untracked 
| 518|0x0000000103800000, 0x0000000103c00000, 0x0000000103c00000|100%| O|  |TAMS 0x0000000103c00000, 0x0000000103800000| Untracked 
| 519|0x0000000103c00000, 0x0000000104000000, 0x0000000104000000|100%| O|  |TAMS 0x0000000104000000, 0x0000000103c00000| Untracked 
| 520|0x0000000104000000, 0x0000000104400000, 0x0000000104400000|100%| O|  |TAMS 0x0000000104400000, 0x0000000104000000| Untracked 
| 521|0x0000000104400000, 0x0000000104800000, 0x0000000104800000|100%| O|  |TAMS 0x0000000104800000, 0x0000000104400000| Untracked 
| 522|0x0000000104800000, 0x0000000104c00000, 0x0000000104c00000|100%| O|  |TAMS 0x0000000104c00000, 0x0000000104800000| Untracked 
| 523|0x0000000104c00000, 0x0000000105000000, 0x0000000105000000|100%| O|  |TAMS 0x0000000105000000, 0x0000000104c00000| Untracked 
| 524|0x0000000105000000, 0x0000000105400000, 0x0000000105400000|100%| O|  |TAMS 0x0000000105400000, 0x0000000105000000| Untracked 
| 525|0x0000000105400000, 0x0000000105800000, 0x0000000105800000|100%| O|  |TAMS 0x0000000105800000, 0x0000000105400000| Untracked 
| 526|0x0000000105800000, 0x0000000105c00000, 0x0000000105c00000|100%| O|  |TAMS 0x0000000105c00000, 0x0000000105800000| Untracked 
| 527|0x0000000105c00000, 0x0000000106000000, 0x0000000106000000|100%| O|  |TAMS 0x0000000106000000, 0x0000000105c00000| Untracked 
| 528|0x0000000106000000, 0x0000000106400000, 0x0000000106400000|100%| O|  |TAMS 0x0000000106400000, 0x0000000106000000| Untracked 
| 529|0x0000000106400000, 0x0000000106800000, 0x0000000106800000|100%| O|  |TAMS 0x0000000106800000, 0x0000000106400000| Untracked 
| 530|0x0000000106800000, 0x0000000106c00000, 0x0000000106c00000|100%| O|  |TAMS 0x0000000106c00000, 0x0000000106800000| Untracked 
| 531|0x0000000106c00000, 0x0000000107000000, 0x0000000107000000|100%| O|  |TAMS 0x0000000107000000, 0x0000000106c00000| Untracked 
| 532|0x0000000107000000, 0x0000000107400000, 0x0000000107400000|100%| O|  |TAMS 0x0000000107400000, 0x0000000107000000| Untracked 
| 533|0x0000000107400000, 0x0000000107800000, 0x0000000107800000|100%| O|  |TAMS 0x0000000107800000, 0x0000000107400000| Untracked 
| 534|0x0000000107800000, 0x0000000107c00000, 0x0000000107c00000|100%| O|  |TAMS 0x0000000107c00000, 0x0000000107800000| Untracked 
| 535|0x0000000107c00000, 0x0000000108000000, 0x0000000108000000|100%| O|  |TAMS 0x0000000108000000, 0x0000000107c00000| Untracked 
| 536|0x0000000108000000, 0x0000000108400000, 0x0000000108400000|100%| O|  |TAMS 0x0000000108400000, 0x0000000108000000| Untracked 
| 537|0x0000000108400000, 0x0000000108800000, 0x0000000108800000|100%| O|  |TAMS 0x0000000108800000, 0x0000000108400000| Untracked 
| 538|0x0000000108800000, 0x0000000108c00000, 0x0000000108c00000|100%| O|  |TAMS 0x0000000108c00000, 0x0000000108800000| Untracked 
| 539|0x0000000108c00000, 0x0000000109000000, 0x0000000109000000|100%| O|  |TAMS 0x0000000109000000, 0x0000000108c00000| Untracked 
| 540|0x0000000109000000, 0x0000000109400000, 0x0000000109400000|100%| O|  |TAMS 0x0000000109400000, 0x0000000109000000| Untracked 
| 541|0x0000000109400000, 0x0000000109800000, 0x0000000109800000|100%| O|  |TAMS 0x0000000109800000, 0x0000000109400000| Untracked 
| 542|0x0000000109800000, 0x0000000109c00000, 0x0000000109c00000|100%| O|  |TAMS 0x0000000109c00000, 0x0000000109800000| Untracked 
| 543|0x0000000109c00000, 0x000000010a000000, 0x000000010a000000|100%| O|  |TAMS 0x000000010a000000, 0x0000000109c00000| Untracked 
| 544|0x000000010a000000, 0x000000010a400000, 0x000000010a400000|100%| O|  |TAMS 0x000000010a400000, 0x000000010a000000| Untracked 
| 545|0x000000010a400000, 0x000000010a800000, 0x000000010a800000|100%| O|  |TAMS 0x000000010a800000, 0x000000010a400000| Untracked 
| 546|0x000000010a800000, 0x000000010ac00000, 0x000000010ac00000|100%| O|  |TAMS 0x000000010ac00000, 0x000000010a800000| Untracked 
| 547|0x000000010ac00000, 0x000000010b000000, 0x000000010b000000|100%| O|  |TAMS 0x000000010b000000, 0x000000010ac00000| Untracked 
| 548|0x000000010b000000, 0x000000010b400000, 0x000000010b400000|100%| O|  |TAMS 0x000000010b400000, 0x000000010b000000| Untracked 
| 549|0x000000010b400000, 0x000000010b800000, 0x000000010b800000|100%| O|  |TAMS 0x000000010b800000, 0x000000010b400000| Untracked 
| 550|0x000000010b800000, 0x000000010bc00000, 0x000000010bc00000|100%| O|  |TAMS 0x000000010bc00000, 0x000000010b800000| Untracked 
| 551|0x000000010bc00000, 0x000000010c000000, 0x000000010c000000|100%| O|  |TAMS 0x000000010c000000, 0x000000010bc00000| Untracked 
| 552|0x000000010c000000, 0x000000010c400000, 0x000000010c400000|100%| O|  |TAMS 0x000000010c400000, 0x000000010c000000| Untracked 
| 553|0x000000010c400000, 0x000000010c800000, 0x000000010c800000|100%| O|  |TAMS 0x000000010c800000, 0x000000010c400000| Untracked 
| 554|0x000000010c800000, 0x000000010cc00000, 0x000000010cc00000|100%| O|  |TAMS 0x000000010cc00000, 0x000000010c800000| Untracked 
| 555|0x000000010cc00000, 0x000000010d000000, 0x000000010d000000|100%| O|  |TAMS 0x000000010d000000, 0x000000010cc00000| Untracked 
| 556|0x000000010d000000, 0x000000010d400000, 0x000000010d400000|100%| O|  |TAMS 0x000000010d400000, 0x000000010d000000| Untracked 
| 557|0x000000010d400000, 0x000000010d800000, 0x000000010d800000|100%| O|  |TAMS 0x000000010d800000, 0x000000010d400000| Untracked 
| 558|0x000000010d800000, 0x000000010dc00000, 0x000000010dc00000|100%| O|  |TAMS 0x000000010dc00000, 0x000000010d800000| Untracked 
| 559|0x000000010dc00000, 0x000000010e000000, 0x000000010e000000|100%| O|  |TAMS 0x000000010e000000, 0x000000010dc00000| Untracked 
| 560|0x000000010e000000, 0x000000010e400000, 0x000000010e400000|100%| O|  |TAMS 0x000000010e400000, 0x000000010e000000| Untracked 
| 561|0x000000010e400000, 0x000000010e800000, 0x000000010e800000|100%| O|  |TAMS 0x000000010e800000, 0x000000010e400000| Untracked 
| 562|0x000000010e800000, 0x000000010ec00000, 0x000000010ec00000|100%| O|  |TAMS 0x000000010ec00000, 0x000000010e800000| Untracked 
| 563|0x000000010ec00000, 0x000000010f000000, 0x000000010f000000|100%| O|  |TAMS 0x000000010f000000, 0x000000010ec00000| Untracked 
| 564|0x000000010f000000, 0x000000010f400000, 0x000000010f400000|100%| O|  |TAMS 0x000000010f400000, 0x000000010f000000| Untracked 
| 565|0x000000010f400000, 0x000000010f800000, 0x000000010f800000|100%| O|  |TAMS 0x000000010f800000, 0x000000010f400000| Untracked 
| 566|0x000000010f800000, 0x000000010fc00000, 0x000000010fc00000|100%| O|  |TAMS 0x000000010fc00000, 0x000000010f800000| Untracked 
| 567|0x000000010fc00000, 0x0000000110000000, 0x0000000110000000|100%| O|  |TAMS 0x0000000110000000, 0x000000010fc00000| Untracked 
| 568|0x0000000110000000, 0x0000000110400000, 0x0000000110400000|100%| O|  |TAMS 0x0000000110400000, 0x0000000110000000| Untracked 
| 569|0x0000000110400000, 0x0000000110800000, 0x0000000110800000|100%| O|  |TAMS 0x0000000110800000, 0x0000000110400000| Untracked 
| 570|0x0000000110800000, 0x0000000110c00000, 0x0000000110c00000|100%| O|  |TAMS 0x0000000110c00000, 0x0000000110800000| Untracked 
| 571|0x0000000110c00000, 0x0000000111000000, 0x0000000111000000|100%| O|  |TAMS 0x0000000111000000, 0x0000000110c00000| Untracked 
| 572|0x0000000111000000, 0x0000000111400000, 0x0000000111400000|100%| O|  |TAMS 0x0000000111400000, 0x0000000111000000| Untracked 
| 573|0x0000000111400000, 0x0000000111800000, 0x0000000111800000|100%| O|  |TAMS 0x0000000111800000, 0x0000000111400000| Untracked 
| 574|0x0000000111800000, 0x0000000111c00000, 0x0000000111c00000|100%| O|  |TAMS 0x0000000111c00000, 0x0000000111800000| Untracked 
| 575|0x0000000111c00000, 0x0000000112000000, 0x0000000112000000|100%| O|  |TAMS 0x0000000112000000, 0x0000000111c00000| Untracked 
| 576|0x0000000112000000, 0x0000000112400000, 0x0000000112400000|100%| O|  |TAMS 0x0000000112400000, 0x0000000112000000| Untracked 
| 577|0x0000000112400000, 0x0000000112800000, 0x0000000112800000|100%| O|  |TAMS 0x0000000112800000, 0x0000000112400000| Untracked 
| 578|0x0000000112800000, 0x0000000112c00000, 0x0000000112c00000|100%| O|  |TAMS 0x0000000112c00000, 0x0000000112800000| Untracked 
| 579|0x0000000112c00000, 0x0000000113000000, 0x0000000113000000|100%| O|  |TAMS 0x0000000113000000, 0x0000000112c00000| Untracked 
| 580|0x0000000113000000, 0x0000000113400000, 0x0000000113400000|100%| O|  |TAMS 0x0000000113400000, 0x0000000113000000| Untracked 
| 581|0x0000000113400000, 0x0000000113800000, 0x0000000113800000|100%| O|  |TAMS 0x0000000113800000, 0x0000000113400000| Untracked 
| 582|0x0000000113800000, 0x0000000113c00000, 0x0000000113c00000|100%| O|  |TAMS 0x0000000113c00000, 0x0000000113800000| Untracked 
| 583|0x0000000113c00000, 0x0000000114000000, 0x0000000114000000|100%| O|  |TAMS 0x0000000114000000, 0x0000000113c00000| Untracked 
| 584|0x0000000114000000, 0x0000000114400000, 0x0000000114400000|100%| O|  |TAMS 0x0000000114400000, 0x0000000114000000| Untracked 
| 585|0x0000000114400000, 0x0000000114800000, 0x0000000114800000|100%| O|  |TAMS 0x0000000114800000, 0x0000000114400000| Untracked 
| 586|0x0000000114800000, 0x0000000114c00000, 0x0000000114c00000|100%| O|  |TAMS 0x0000000114c00000, 0x0000000114800000| Untracked 
| 587|0x0000000114c00000, 0x0000000115000000, 0x0000000115000000|100%| O|  |TAMS 0x0000000115000000, 0x0000000114c00000| Untracked 
| 588|0x0000000115000000, 0x0000000115400000, 0x0000000115400000|100%| O|  |TAMS 0x0000000115400000, 0x0000000115000000| Untracked 
| 589|0x0000000115400000, 0x0000000115800000, 0x0000000115800000|100%| O|  |TAMS 0x0000000115800000, 0x0000000115400000| Untracked 
| 590|0x0000000115800000, 0x0000000115c00000, 0x0000000115c00000|100%| O|  |TAMS 0x0000000115c00000, 0x0000000115800000| Untracked 
| 591|0x0000000115c00000, 0x0000000116000000, 0x0000000116000000|100%| O|  |TAMS 0x0000000116000000, 0x0000000115c00000| Untracked 
| 592|0x0000000116000000, 0x0000000116400000, 0x0000000116400000|100%| O|  |TAMS 0x0000000116400000, 0x0000000116000000| Untracked 
| 593|0x0000000116400000, 0x0000000116800000, 0x0000000116800000|100%| O|  |TAMS 0x0000000116800000, 0x0000000116400000| Untracked 
| 594|0x0000000116800000, 0x0000000116c00000, 0x0000000116c00000|100%| O|  |TAMS 0x0000000116c00000, 0x0000000116800000| Untracked 
| 595|0x0000000116c00000, 0x0000000117000000, 0x0000000117000000|100%| O|  |TAMS 0x0000000117000000, 0x0000000116c00000| Untracked 
| 596|0x0000000117000000, 0x0000000117400000, 0x0000000117400000|100%| O|  |TAMS 0x0000000117400000, 0x0000000117000000| Untracked 
| 597|0x0000000117400000, 0x0000000117800000, 0x0000000117800000|100%| O|  |TAMS 0x0000000117800000, 0x0000000117400000| Untracked 
| 598|0x0000000117800000, 0x0000000117c00000, 0x0000000117c00000|100%| O|  |TAMS 0x0000000117c00000, 0x0000000117800000| Untracked 
| 599|0x0000000117c00000, 0x0000000118000000, 0x0000000118000000|100%| O|  |TAMS 0x0000000118000000, 0x0000000117c00000| Untracked 
| 600|0x0000000118000000, 0x0000000118400000, 0x0000000118400000|100%| O|  |TAMS 0x0000000118400000, 0x0000000118000000| Untracked 
| 601|0x0000000118400000, 0x0000000118800000, 0x0000000118800000|100%| O|  |TAMS 0x0000000118800000, 0x0000000118400000| Untracked 
| 602|0x0000000118800000, 0x0000000118c00000, 0x0000000118c00000|100%| O|  |TAMS 0x0000000118c00000, 0x0000000118800000| Untracked 
| 603|0x0000000118c00000, 0x0000000119000000, 0x0000000119000000|100%| O|  |TAMS 0x0000000119000000, 0x0000000118c00000| Untracked 
| 604|0x0000000119000000, 0x0000000119400000, 0x0000000119400000|100%| O|  |TAMS 0x0000000119400000, 0x0000000119000000| Untracked 
| 605|0x0000000119400000, 0x0000000119800000, 0x0000000119800000|100%| O|  |TAMS 0x0000000119800000, 0x0000000119400000| Untracked 
| 606|0x0000000119800000, 0x0000000119c00000, 0x0000000119c00000|100%| O|  |TAMS 0x0000000119c00000, 0x0000000119800000| Untracked 
| 607|0x0000000119c00000, 0x000000011a000000, 0x000000011a000000|100%| O|  |TAMS 0x000000011a000000, 0x0000000119c00000| Untracked 
| 608|0x000000011a000000, 0x000000011a400000, 0x000000011a400000|100%| O|  |TAMS 0x000000011a400000, 0x000000011a000000| Untracked 
| 609|0x000000011a400000, 0x000000011a800000, 0x000000011a800000|100%| O|  |TAMS 0x000000011a800000, 0x000000011a400000| Untracked 
| 610|0x000000011a800000, 0x000000011ac00000, 0x000000011ac00000|100%| O|  |TAMS 0x000000011ac00000, 0x000000011a800000| Untracked 
| 611|0x000000011ac00000, 0x000000011b000000, 0x000000011b000000|100%| O|  |TAMS 0x000000011b000000, 0x000000011ac00000| Untracked 
| 612|0x000000011b000000, 0x000000011b400000, 0x000000011b400000|100%| O|  |TAMS 0x000000011b400000, 0x000000011b000000| Untracked 
| 613|0x000000011b400000, 0x000000011b800000, 0x000000011b800000|100%| O|  |TAMS 0x000000011b800000, 0x000000011b400000| Untracked 
| 614|0x000000011b800000, 0x000000011bc00000, 0x000000011bc00000|100%| O|  |TAMS 0x000000011bc00000, 0x000000011b800000| Untracked 
| 615|0x000000011bc00000, 0x000000011c000000, 0x000000011c000000|100%| O|  |TAMS 0x000000011c000000, 0x000000011bc00000| Untracked 
| 616|0x000000011c000000, 0x000000011c400000, 0x000000011c400000|100%| O|  |TAMS 0x000000011c400000, 0x000000011c000000| Untracked 
| 617|0x000000011c400000, 0x000000011c800000, 0x000000011c800000|100%| O|  |TAMS 0x000000011c800000, 0x000000011c400000| Untracked 
| 618|0x000000011c800000, 0x000000011cc00000, 0x000000011cc00000|100%| O|  |TAMS 0x000000011cc00000, 0x000000011c800000| Untracked 
| 619|0x000000011cc00000, 0x000000011d000000, 0x000000011d000000|100%| O|  |TAMS 0x000000011d000000, 0x000000011cc00000| Untracked 
| 620|0x000000011d000000, 0x000000011d400000, 0x000000011d400000|100%| O|  |TAMS 0x000000011d400000, 0x000000011d000000| Untracked 
| 621|0x000000011d400000, 0x000000011d800000, 0x000000011d800000|100%| O|  |TAMS 0x000000011d800000, 0x000000011d400000| Untracked 
| 622|0x000000011d800000, 0x000000011dc00000, 0x000000011dc00000|100%| O|  |TAMS 0x000000011dc00000, 0x000000011d800000| Untracked 
| 623|0x000000011dc00000, 0x000000011e000000, 0x000000011e000000|100%| O|  |TAMS 0x000000011e000000, 0x000000011dc00000| Untracked 
| 624|0x000000011e000000, 0x000000011e400000, 0x000000011e400000|100%| O|  |TAMS 0x000000011e400000, 0x000000011e000000| Untracked 
| 625|0x000000011e400000, 0x000000011e800000, 0x000000011e800000|100%| O|  |TAMS 0x000000011e800000, 0x000000011e400000| Untracked 
| 626|0x000000011e800000, 0x000000011ec00000, 0x000000011ec00000|100%| O|  |TAMS 0x000000011ec00000, 0x000000011e800000| Untracked 
| 627|0x000000011ec00000, 0x000000011f000000, 0x000000011f000000|100%| O|  |TAMS 0x000000011f000000, 0x000000011ec00000| Untracked 
| 628|0x000000011f000000, 0x000000011f400000, 0x000000011f400000|100%| O|  |TAMS 0x000000011f400000, 0x000000011f000000| Untracked 
| 629|0x000000011f400000, 0x000000011f800000, 0x000000011f800000|100%| O|  |TAMS 0x000000011f800000, 0x000000011f400000| Untracked 
| 630|0x000000011f800000, 0x000000011fc00000, 0x000000011fc00000|100%| O|  |TAMS 0x000000011fc00000, 0x000000011f800000| Untracked 
| 631|0x000000011fc00000, 0x0000000120000000, 0x0000000120000000|100%| O|  |TAMS 0x0000000120000000, 0x000000011fc00000| Untracked 
| 632|0x0000000120000000, 0x0000000120400000, 0x0000000120400000|100%| O|  |TAMS 0x0000000120400000, 0x0000000120000000| Untracked 
| 633|0x0000000120400000, 0x0000000120800000, 0x0000000120800000|100%| O|  |TAMS 0x0000000120800000, 0x0000000120400000| Untracked 
| 634|0x0000000120800000, 0x0000000120c00000, 0x0000000120c00000|100%| O|  |TAMS 0x0000000120c00000, 0x0000000120800000| Untracked 
| 635|0x0000000120c00000, 0x0000000121000000, 0x0000000121000000|100%| O|  |TAMS 0x0000000121000000, 0x0000000120c00000| Untracked 
| 636|0x0000000121000000, 0x0000000121400000, 0x0000000121400000|100%| O|  |TAMS 0x0000000121400000, 0x0000000121000000| Untracked 
| 637|0x0000000121400000, 0x0000000121800000, 0x0000000121800000|100%| O|  |TAMS 0x0000000121800000, 0x0000000121400000| Untracked 
| 638|0x0000000121800000, 0x0000000121c00000, 0x0000000121c00000|100%| O|  |TAMS 0x0000000121c00000, 0x0000000121800000| Untracked 
| 639|0x0000000121c00000, 0x0000000122000000, 0x0000000122000000|100%| O|  |TAMS 0x0000000122000000, 0x0000000121c00000| Untracked 
| 640|0x0000000122000000, 0x0000000122400000, 0x0000000122400000|100%| O|  |TAMS 0x0000000122400000, 0x0000000122000000| Untracked 
| 641|0x0000000122400000, 0x0000000122800000, 0x0000000122800000|100%| O|  |TAMS 0x0000000122800000, 0x0000000122400000| Untracked 
| 642|0x0000000122800000, 0x0000000122c00000, 0x0000000122c00000|100%| O|  |TAMS 0x0000000122c00000, 0x0000000122800000| Untracked 
| 643|0x0000000122c00000, 0x0000000123000000, 0x0000000123000000|100%| O|  |TAMS 0x0000000123000000, 0x0000000122c00000| Untracked 
| 644|0x0000000123000000, 0x0000000123400000, 0x0000000123400000|100%| O|  |TAMS 0x0000000123400000, 0x0000000123000000| Untracked 
| 645|0x0000000123400000, 0x0000000123800000, 0x0000000123800000|100%| O|  |TAMS 0x0000000123800000, 0x0000000123400000| Untracked 
| 646|0x0000000123800000, 0x0000000123c00000, 0x0000000123c00000|100%| O|  |TAMS 0x0000000123c00000, 0x0000000123800000| Untracked 
| 647|0x0000000123c00000, 0x0000000124000000, 0x0000000124000000|100%| O|  |TAMS 0x0000000124000000, 0x0000000123c00000| Untracked 
| 648|0x0000000124000000, 0x0000000124400000, 0x0000000124400000|100%| O|  |TAMS 0x0000000124400000, 0x0000000124000000| Untracked 
| 649|0x0000000124400000, 0x0000000124800000, 0x0000000124800000|100%| O|  |TAMS 0x0000000124800000, 0x0000000124400000| Untracked 
| 650|0x0000000124800000, 0x0000000124c00000, 0x0000000124c00000|100%| O|  |TAMS 0x0000000124c00000, 0x0000000124800000| Untracked 
| 651|0x0000000124c00000, 0x0000000125000000, 0x0000000125000000|100%| O|  |TAMS 0x0000000125000000, 0x0000000124c00000| Untracked 
| 652|0x0000000125000000, 0x0000000125400000, 0x0000000125400000|100%| O|  |TAMS 0x0000000125400000, 0x0000000125000000| Untracked 
| 653|0x0000000125400000, 0x0000000125800000, 0x0000000125800000|100%| O|  |TAMS 0x0000000125800000, 0x0000000125400000| Untracked 
| 654|0x0000000125800000, 0x0000000125c00000, 0x0000000125c00000|100%| O|  |TAMS 0x0000000125c00000, 0x0000000125800000| Untracked 
| 655|0x0000000125c00000, 0x0000000126000000, 0x0000000126000000|100%| O|  |TAMS 0x0000000126000000, 0x0000000125c00000| Untracked 
| 656|0x0000000126000000, 0x0000000126400000, 0x0000000126400000|100%| O|  |TAMS 0x0000000126400000, 0x0000000126000000| Untracked 
| 657|0x0000000126400000, 0x0000000126800000, 0x0000000126800000|100%| O|  |TAMS 0x0000000126800000, 0x0000000126400000| Untracked 
| 658|0x0000000126800000, 0x0000000126c00000, 0x0000000126c00000|100%| O|  |TAMS 0x0000000126c00000, 0x0000000126800000| Untracked 
| 659|0x0000000126c00000, 0x0000000127000000, 0x0000000127000000|100%| O|  |TAMS 0x0000000127000000, 0x0000000126c00000| Untracked 
| 660|0x0000000127000000, 0x0000000127400000, 0x0000000127400000|100%| O|  |TAMS 0x0000000127400000, 0x0000000127000000| Untracked 
| 661|0x0000000127400000, 0x0000000127800000, 0x0000000127800000|100%| O|  |TAMS 0x0000000127800000, 0x0000000127400000| Untracked 
| 662|0x0000000127800000, 0x0000000127c00000, 0x0000000127c00000|100%| O|  |TAMS 0x0000000127c00000, 0x0000000127800000| Untracked 
| 663|0x0000000127c00000, 0x0000000128000000, 0x0000000128000000|100%| O|  |TAMS 0x0000000128000000, 0x0000000127c00000| Untracked 
| 664|0x0000000128000000, 0x0000000128400000, 0x0000000128400000|100%| O|  |TAMS 0x0000000128400000, 0x0000000128000000| Untracked 
| 665|0x0000000128400000, 0x0000000128800000, 0x0000000128800000|100%| O|  |TAMS 0x0000000128800000, 0x0000000128400000| Untracked 
| 666|0x0000000128800000, 0x0000000128c00000, 0x0000000128c00000|100%| O|  |TAMS 0x0000000128c00000, 0x0000000128800000| Untracked 
| 667|0x0000000128c00000, 0x0000000129000000, 0x0000000129000000|100%| O|  |TAMS 0x0000000129000000, 0x0000000128c00000| Untracked 
| 668|0x0000000129000000, 0x0000000129400000, 0x0000000129400000|100%| O|  |TAMS 0x0000000129400000, 0x0000000129000000| Untracked 
| 669|0x0000000129400000, 0x0000000129800000, 0x0000000129800000|100%| O|  |TAMS 0x0000000129800000, 0x0000000129400000| Untracked 
| 670|0x0000000129800000, 0x0000000129c00000, 0x0000000129c00000|100%| O|  |TAMS 0x0000000129c00000, 0x0000000129800000| Untracked 
| 671|0x0000000129c00000, 0x000000012a000000, 0x000000012a000000|100%| O|  |TAMS 0x000000012a000000, 0x0000000129c00000| Untracked 
| 672|0x000000012a000000, 0x000000012a400000, 0x000000012a400000|100%| O|  |TAMS 0x000000012a400000, 0x000000012a000000| Untracked 
| 673|0x000000012a400000, 0x000000012a800000, 0x000000012a800000|100%| O|  |TAMS 0x000000012a800000, 0x000000012a400000| Untracked 
| 674|0x000000012a800000, 0x000000012ac00000, 0x000000012ac00000|100%| O|  |TAMS 0x000000012ac00000, 0x000000012a800000| Untracked 
| 675|0x000000012ac00000, 0x000000012b000000, 0x000000012b000000|100%| O|  |TAMS 0x000000012b000000, 0x000000012ac00000| Untracked 
| 676|0x000000012b000000, 0x000000012b400000, 0x000000012b400000|100%| O|  |TAMS 0x000000012b400000, 0x000000012b000000| Untracked 
| 677|0x000000012b400000, 0x000000012b800000, 0x000000012b800000|100%| O|  |TAMS 0x000000012b800000, 0x000000012b400000| Untracked 
| 678|0x000000012b800000, 0x000000012bc00000, 0x000000012bc00000|100%| O|  |TAMS 0x000000012bc00000, 0x000000012b800000| Untracked 
| 679|0x000000012bc00000, 0x000000012c000000, 0x000000012c000000|100%| O|  |TAMS 0x000000012c000000, 0x000000012bc00000| Untracked 
| 680|0x000000012c000000, 0x000000012c400000, 0x000000012c400000|100%| O|  |TAMS 0x000000012c400000, 0x000000012c000000| Untracked 
| 681|0x000000012c400000, 0x000000012c800000, 0x000000012c800000|100%| O|  |TAMS 0x000000012c800000, 0x000000012c400000| Untracked 
| 682|0x000000012c800000, 0x000000012cc00000, 0x000000012cc00000|100%| O|  |TAMS 0x000000012cc00000, 0x000000012c800000| Untracked 
| 683|0x000000012cc00000, 0x000000012d000000, 0x000000012d000000|100%| O|  |TAMS 0x000000012d000000, 0x000000012cc00000| Untracked 
| 684|0x000000012d000000, 0x000000012d400000, 0x000000012d400000|100%| O|  |TAMS 0x000000012d400000, 0x000000012d000000| Untracked 
| 685|0x000000012d400000, 0x000000012d800000, 0x000000012d800000|100%| O|  |TAMS 0x000000012d800000, 0x000000012d400000| Untracked 
| 686|0x000000012d800000, 0x000000012dc00000, 0x000000012dc00000|100%| O|  |TAMS 0x000000012dc00000, 0x000000012d800000| Untracked 
| 687|0x000000012dc00000, 0x000000012e000000, 0x000000012e000000|100%| O|  |TAMS 0x000000012e000000, 0x000000012dc00000| Untracked 
| 688|0x000000012e000000, 0x000000012e400000, 0x000000012e400000|100%| O|  |TAMS 0x000000012e400000, 0x000000012e000000| Untracked 
| 689|0x000000012e400000, 0x000000012e800000, 0x000000012e800000|100%| O|  |TAMS 0x000000012e800000, 0x000000012e400000| Untracked 
| 690|0x000000012e800000, 0x000000012ec00000, 0x000000012ec00000|100%| O|  |TAMS 0x000000012ec00000, 0x000000012e800000| Untracked 
| 691|0x000000012ec00000, 0x000000012f000000, 0x000000012f000000|100%| O|  |TAMS 0x000000012f000000, 0x000000012ec00000| Untracked 
| 692|0x000000012f000000, 0x000000012f400000, 0x000000012f400000|100%| O|  |TAMS 0x000000012f400000, 0x000000012f000000| Untracked 
| 693|0x000000012f400000, 0x000000012f800000, 0x000000012f800000|100%| O|  |TAMS 0x000000012f800000, 0x000000012f400000| Untracked 
| 694|0x000000012f800000, 0x000000012fc00000, 0x000000012fc00000|100%| O|  |TAMS 0x000000012fc00000, 0x000000012f800000| Untracked 
| 695|0x000000012fc00000, 0x0000000130000000, 0x0000000130000000|100%| O|  |TAMS 0x0000000130000000, 0x000000012fc00000| Untracked 
| 696|0x0000000130000000, 0x0000000130400000, 0x0000000130400000|100%| O|  |TAMS 0x0000000130400000, 0x0000000130000000| Untracked 
| 697|0x0000000130400000, 0x0000000130800000, 0x0000000130800000|100%| O|  |TAMS 0x0000000130800000, 0x0000000130400000| Untracked 
| 698|0x0000000130800000, 0x0000000130c00000, 0x0000000130c00000|100%| O|  |TAMS 0x0000000130c00000, 0x0000000130800000| Untracked 
| 699|0x0000000130c00000, 0x0000000131000000, 0x0000000131000000|100%| O|  |TAMS 0x0000000131000000, 0x0000000130c00000| Untracked 
| 700|0x0000000131000000, 0x0000000131400000, 0x0000000131400000|100%| O|  |TAMS 0x0000000131400000, 0x0000000131000000| Untracked 
| 701|0x0000000131400000, 0x0000000131800000, 0x0000000131800000|100%| O|  |TAMS 0x0000000131800000, 0x0000000131400000| Untracked 
| 702|0x0000000131800000, 0x0000000131c00000, 0x0000000131c00000|100%| O|  |TAMS 0x0000000131c00000, 0x0000000131800000| Untracked 
| 703|0x0000000131c00000, 0x0000000132000000, 0x0000000132000000|100%| O|  |TAMS 0x0000000132000000, 0x0000000131c00000| Untracked 
| 704|0x0000000132000000, 0x0000000132400000, 0x0000000132400000|100%| O|  |TAMS 0x0000000132400000, 0x0000000132000000| Untracked 
| 705|0x0000000132400000, 0x0000000132800000, 0x0000000132800000|100%| O|  |TAMS 0x0000000132800000, 0x0000000132400000| Untracked 
| 706|0x0000000132800000, 0x0000000132c00000, 0x0000000132c00000|100%| O|  |TAMS 0x0000000132c00000, 0x0000000132800000| Untracked 
| 707|0x0000000132c00000, 0x0000000133000000, 0x0000000133000000|100%| O|  |TAMS 0x0000000133000000, 0x0000000132c00000| Untracked 
| 708|0x0000000133000000, 0x0000000133400000, 0x0000000133400000|100%| O|  |TAMS 0x0000000133400000, 0x0000000133000000| Untracked 
| 709|0x0000000133400000, 0x0000000133800000, 0x0000000133800000|100%| O|  |TAMS 0x0000000133800000, 0x0000000133400000| Untracked 
| 710|0x0000000133800000, 0x0000000133c00000, 0x0000000133c00000|100%| O|  |TAMS 0x0000000133c00000, 0x0000000133800000| Untracked 
| 711|0x0000000133c00000, 0x0000000134000000, 0x0000000134000000|100%| O|  |TAMS 0x0000000134000000, 0x0000000133c00000| Untracked 
| 712|0x0000000134000000, 0x0000000134400000, 0x0000000134400000|100%| O|  |TAMS 0x0000000134400000, 0x0000000134000000| Untracked 
| 713|0x0000000134400000, 0x0000000134800000, 0x0000000134800000|100%| O|  |TAMS 0x0000000134800000, 0x0000000134400000| Untracked 
| 714|0x0000000134800000, 0x0000000134c00000, 0x0000000134c00000|100%| O|  |TAMS 0x0000000134c00000, 0x0000000134800000| Untracked 
| 715|0x0000000134c00000, 0x0000000135000000, 0x0000000135000000|100%| O|  |TAMS 0x0000000135000000, 0x0000000134c00000| Untracked 
| 716|0x0000000135000000, 0x0000000135400000, 0x0000000135400000|100%| O|  |TAMS 0x0000000135400000, 0x0000000135000000| Untracked 
| 717|0x0000000135400000, 0x0000000135800000, 0x0000000135800000|100%| O|  |TAMS 0x0000000135800000, 0x0000000135400000| Untracked 
| 718|0x0000000135800000, 0x0000000135c00000, 0x0000000135c00000|100%| O|  |TAMS 0x0000000135c00000, 0x0000000135800000| Untracked 
| 719|0x0000000135c00000, 0x0000000136000000, 0x0000000136000000|100%| O|  |TAMS 0x0000000136000000, 0x0000000135c00000| Untracked 
| 720|0x0000000136000000, 0x0000000136400000, 0x0000000136400000|100%| O|  |TAMS 0x0000000136400000, 0x0000000136000000| Untracked 
| 721|0x0000000136400000, 0x0000000136800000, 0x0000000136800000|100%| O|  |TAMS 0x0000000136800000, 0x0000000136400000| Untracked 
| 722|0x0000000136800000, 0x0000000136c00000, 0x0000000136c00000|100%| O|  |TAMS 0x0000000136c00000, 0x0000000136800000| Untracked 
| 723|0x0000000136c00000, 0x0000000137000000, 0x0000000137000000|100%| O|  |TAMS 0x0000000137000000, 0x0000000136c00000| Untracked 
| 724|0x0000000137000000, 0x0000000137400000, 0x0000000137400000|100%| O|  |TAMS 0x0000000137400000, 0x0000000137000000| Untracked 
| 725|0x0000000137400000, 0x0000000137800000, 0x0000000137800000|100%| O|  |TAMS 0x0000000137800000, 0x0000000137400000| Untracked 
| 726|0x0000000137800000, 0x0000000137c00000, 0x0000000137c00000|100%| O|  |TAMS 0x0000000137c00000, 0x0000000137800000| Untracked 
| 727|0x0000000137c00000, 0x0000000138000000, 0x0000000138000000|100%| O|  |TAMS 0x0000000138000000, 0x0000000137c00000| Untracked 
| 728|0x0000000138000000, 0x0000000138400000, 0x0000000138400000|100%| O|  |TAMS 0x0000000138400000, 0x0000000138000000| Untracked 
| 729|0x0000000138400000, 0x0000000138800000, 0x0000000138800000|100%| O|  |TAMS 0x0000000138800000, 0x0000000138400000| Untracked 
| 730|0x0000000138800000, 0x0000000138c00000, 0x0000000138c00000|100%| O|  |TAMS 0x0000000138c00000, 0x0000000138800000| Untracked 
| 731|0x0000000138c00000, 0x0000000139000000, 0x0000000139000000|100%| O|  |TAMS 0x0000000139000000, 0x0000000138c00000| Untracked 
| 732|0x0000000139000000, 0x0000000139400000, 0x0000000139400000|100%| O|  |TAMS 0x0000000139400000, 0x0000000139000000| Untracked 
| 733|0x0000000139400000, 0x0000000139800000, 0x0000000139800000|100%| O|  |TAMS 0x0000000139800000, 0x0000000139400000| Untracked 
| 734|0x0000000139800000, 0x0000000139c00000, 0x0000000139c00000|100%| O|  |TAMS 0x0000000139c00000, 0x0000000139800000| Untracked 
| 735|0x0000000139c00000, 0x000000013a000000, 0x000000013a000000|100%| O|  |TAMS 0x000000013a000000, 0x0000000139c00000| Untracked 
| 736|0x000000013a000000, 0x000000013a400000, 0x000000013a400000|100%| O|  |TAMS 0x000000013a400000, 0x000000013a000000| Untracked 
| 737|0x000000013a400000, 0x000000013a800000, 0x000000013a800000|100%| O|  |TAMS 0x000000013a800000, 0x000000013a400000| Untracked 
| 738|0x000000013a800000, 0x000000013ac00000, 0x000000013ac00000|100%| O|  |TAMS 0x000000013ac00000, 0x000000013a800000| Untracked 
| 739|0x000000013ac00000, 0x000000013b000000, 0x000000013b000000|100%| O|  |TAMS 0x000000013b000000, 0x000000013ac00000| Untracked 
| 740|0x000000013b000000, 0x000000013b400000, 0x000000013b400000|100%| O|  |TAMS 0x000000013b400000, 0x000000013b000000| Untracked 
| 741|0x000000013b400000, 0x000000013b800000, 0x000000013b800000|100%| O|  |TAMS 0x000000013b800000, 0x000000013b400000| Untracked 
| 742|0x000000013b800000, 0x000000013bc00000, 0x000000013bc00000|100%| O|  |TAMS 0x000000013bc00000, 0x000000013b800000| Untracked 
| 743|0x000000013bc00000, 0x000000013c000000, 0x000000013c000000|100%| O|  |TAMS 0x000000013c000000, 0x000000013bc00000| Untracked 
| 744|0x000000013c000000, 0x000000013c400000, 0x000000013c400000|100%| O|  |TAMS 0x000000013c400000, 0x000000013c000000| Untracked 
| 745|0x000000013c400000, 0x000000013c800000, 0x000000013c800000|100%| O|  |TAMS 0x000000013c800000, 0x000000013c400000| Untracked 
| 746|0x000000013c800000, 0x000000013cc00000, 0x000000013cc00000|100%| O|  |TAMS 0x000000013cc00000, 0x000000013c800000| Untracked 
| 747|0x000000013cc00000, 0x000000013d000000, 0x000000013d000000|100%| O|  |TAMS 0x000000013d000000, 0x000000013cc00000| Untracked 
| 748|0x000000013d000000, 0x000000013d400000, 0x000000013d400000|100%| O|  |TAMS 0x000000013d400000, 0x000000013d000000| Untracked 
| 749|0x000000013d400000, 0x000000013d800000, 0x000000013d800000|100%| O|  |TAMS 0x000000013d800000, 0x000000013d400000| Untracked 
| 750|0x000000013d800000, 0x000000013dc00000, 0x000000013dc00000|100%| O|  |TAMS 0x000000013dc00000, 0x000000013d800000| Untracked 
| 751|0x000000013dc00000, 0x000000013e000000, 0x000000013e000000|100%| O|  |TAMS 0x000000013e000000, 0x000000013dc00000| Untracked 
| 752|0x000000013e000000, 0x000000013e400000, 0x000000013e400000|100%| O|  |TAMS 0x000000013e400000, 0x000000013e000000| Untracked 
| 753|0x000000013e400000, 0x000000013e800000, 0x000000013e800000|100%| O|  |TAMS 0x000000013e800000, 0x000000013e400000| Untracked 
| 754|0x000000013e800000, 0x000000013ec00000, 0x000000013ec00000|100%| O|  |TAMS 0x000000013ec00000, 0x000000013e800000| Untracked 
| 755|0x000000013ec00000, 0x000000013f000000, 0x000000013f000000|100%| O|  |TAMS 0x000000013f000000, 0x000000013ec00000| Untracked 
| 756|0x000000013f000000, 0x000000013f400000, 0x000000013f400000|100%| O|  |TAMS 0x000000013f400000, 0x000000013f000000| Untracked 
| 757|0x000000013f400000, 0x000000013f800000, 0x000000013f800000|100%| O|  |TAMS 0x000000013f800000, 0x000000013f400000| Untracked 
| 758|0x000000013f800000, 0x000000013fc00000, 0x000000013fc00000|100%| O|  |TAMS 0x000000013fc00000, 0x000000013f800000| Untracked 
| 759|0x000000013fc00000, 0x0000000140000000, 0x0000000140000000|100%| O|  |TAMS 0x0000000140000000, 0x000000013fc00000| Untracked 
| 760|0x0000000140000000, 0x0000000140400000, 0x0000000140400000|100%| O|  |TAMS 0x0000000140400000, 0x0000000140000000| Untracked 
| 761|0x0000000140400000, 0x0000000140800000, 0x0000000140800000|100%| O|  |TAMS 0x0000000140800000, 0x0000000140400000| Untracked 
| 762|0x0000000140800000, 0x0000000140c00000, 0x0000000140c00000|100%| O|  |TAMS 0x0000000140c00000, 0x0000000140800000| Untracked 
| 763|0x0000000140c00000, 0x0000000141000000, 0x0000000141000000|100%| O|  |TAMS 0x0000000141000000, 0x0000000140c00000| Untracked 
| 764|0x0000000141000000, 0x0000000141400000, 0x0000000141400000|100%| O|  |TAMS 0x0000000141400000, 0x0000000141000000| Untracked 
| 765|0x0000000141400000, 0x0000000141800000, 0x0000000141800000|100%| O|  |TAMS 0x0000000141800000, 0x0000000141400000| Untracked 
| 766|0x0000000141800000, 0x0000000141c00000, 0x0000000141c00000|100%| O|  |TAMS 0x0000000141c00000, 0x0000000141800000| Untracked 
| 767|0x0000000141c00000, 0x0000000142000000, 0x0000000142000000|100%| O|  |TAMS 0x0000000142000000, 0x0000000141c00000| Untracked 
| 768|0x0000000142000000, 0x0000000142400000, 0x0000000142400000|100%| O|  |TAMS 0x0000000142400000, 0x0000000142000000| Untracked 
| 769|0x0000000142400000, 0x0000000142800000, 0x0000000142800000|100%| O|  |TAMS 0x0000000142800000, 0x0000000142400000| Untracked 
| 770|0x0000000142800000, 0x0000000142c00000, 0x0000000142c00000|100%| O|  |TAMS 0x0000000142c00000, 0x0000000142800000| Untracked 
| 771|0x0000000142c00000, 0x0000000143000000, 0x0000000143000000|100%| O|  |TAMS 0x0000000143000000, 0x0000000142c00000| Untracked 
| 772|0x0000000143000000, 0x0000000143400000, 0x0000000143400000|100%| O|  |TAMS 0x0000000143400000, 0x0000000143000000| Untracked 
| 773|0x0000000143400000, 0x0000000143800000, 0x0000000143800000|100%| O|  |TAMS 0x0000000143800000, 0x0000000143400000| Untracked 
| 774|0x0000000143800000, 0x0000000143c00000, 0x0000000143c00000|100%| O|  |TAMS 0x0000000143c00000, 0x0000000143800000| Untracked 
| 775|0x0000000143c00000, 0x0000000144000000, 0x0000000144000000|100%| O|  |TAMS 0x0000000144000000, 0x0000000143c00000| Untracked 
| 776|0x0000000144000000, 0x0000000144400000, 0x0000000144400000|100%| O|  |TAMS 0x0000000144400000, 0x0000000144000000| Untracked 
| 777|0x0000000144400000, 0x0000000144800000, 0x0000000144800000|100%| O|  |TAMS 0x0000000144800000, 0x0000000144400000| Untracked 
| 778|0x0000000144800000, 0x0000000144c00000, 0x0000000144c00000|100%| O|  |TAMS 0x0000000144c00000, 0x0000000144800000| Untracked 
| 779|0x0000000144c00000, 0x0000000145000000, 0x0000000145000000|100%| O|  |TAMS 0x0000000145000000, 0x0000000144c00000| Untracked 
| 780|0x0000000145000000, 0x0000000145400000, 0x0000000145400000|100%| O|  |TAMS 0x0000000145400000, 0x0000000145000000| Untracked 
| 781|0x0000000145400000, 0x0000000145800000, 0x0000000145800000|100%| O|  |TAMS 0x0000000145800000, 0x0000000145400000| Untracked 
| 782|0x0000000145800000, 0x0000000145c00000, 0x0000000145c00000|100%| O|  |TAMS 0x0000000145c00000, 0x0000000145800000| Untracked 
| 783|0x0000000145c00000, 0x0000000146000000, 0x0000000146000000|100%| O|  |TAMS 0x0000000146000000, 0x0000000145c00000| Untracked 
| 784|0x0000000146000000, 0x0000000146400000, 0x0000000146400000|100%| O|  |TAMS 0x0000000146400000, 0x0000000146000000| Untracked 
| 785|0x0000000146400000, 0x0000000146800000, 0x0000000146800000|100%| O|  |TAMS 0x0000000146800000, 0x0000000146400000| Untracked 
| 786|0x0000000146800000, 0x0000000146c00000, 0x0000000146c00000|100%| O|  |TAMS 0x0000000146c00000, 0x0000000146800000| Untracked 
| 787|0x0000000146c00000, 0x0000000147000000, 0x0000000147000000|100%| O|  |TAMS 0x0000000147000000, 0x0000000146c00000| Untracked 
| 788|0x0000000147000000, 0x0000000147400000, 0x0000000147400000|100%| O|  |TAMS 0x0000000147400000, 0x0000000147000000| Untracked 
| 789|0x0000000147400000, 0x0000000147800000, 0x0000000147800000|100%| O|  |TAMS 0x0000000147800000, 0x0000000147400000| Untracked 
| 790|0x0000000147800000, 0x0000000147c00000, 0x0000000147c00000|100%| O|  |TAMS 0x0000000147c00000, 0x0000000147800000| Untracked 
| 791|0x0000000147c00000, 0x0000000148000000, 0x0000000148000000|100%| O|  |TAMS 0x0000000148000000, 0x0000000147c00000| Untracked 
| 792|0x0000000148000000, 0x0000000148400000, 0x0000000148400000|100%| O|  |TAMS 0x0000000148400000, 0x0000000148000000| Untracked 
| 793|0x0000000148400000, 0x0000000148800000, 0x0000000148800000|100%| O|  |TAMS 0x0000000148800000, 0x0000000148400000| Untracked 
| 794|0x0000000148800000, 0x0000000148c00000, 0x0000000148c00000|100%| O|  |TAMS 0x0000000148c00000, 0x0000000148800000| Untracked 
| 795|0x0000000148c00000, 0x0000000149000000, 0x0000000149000000|100%| O|  |TAMS 0x0000000149000000, 0x0000000148c00000| Untracked 
| 796|0x0000000149000000, 0x0000000149400000, 0x0000000149400000|100%| O|  |TAMS 0x0000000149400000, 0x0000000149000000| Untracked 
| 797|0x0000000149400000, 0x0000000149800000, 0x0000000149800000|100%| O|  |TAMS 0x0000000149800000, 0x0000000149400000| Untracked 
| 798|0x0000000149800000, 0x0000000149c00000, 0x0000000149c00000|100%| O|  |TAMS 0x0000000149c00000, 0x0000000149800000| Untracked 
| 799|0x0000000149c00000, 0x000000014a000000, 0x000000014a000000|100%| O|  |TAMS 0x000000014a000000, 0x0000000149c00000| Untracked 
| 800|0x000000014a000000, 0x000000014a400000, 0x000000014a400000|100%| O|  |TAMS 0x000000014a01ae00, 0x000000014a000000| Untracked 
| 801|0x000000014a400000, 0x000000014a800000, 0x000000014a800000|100%|HS|  |TAMS 0x000000014a400000, 0x000000014a400000| Complete 
| 802|0x000000014a800000, 0x000000014ac00000, 0x000000014ac00000|100%|HS|  |TAMS 0x000000014a800000, 0x000000014a800000| Complete 
| 803|0x000000014ac00000, 0x000000014b000000, 0x000000014b000000|100%| O|  |TAMS 0x000000014ac00000, 0x000000014ac00000| Untracked 
| 804|0x000000014b000000, 0x000000014b400000, 0x000000014b400000|100%| O|  |TAMS 0x000000014b000000, 0x000000014b000000| Untracked 
| 805|0x000000014b400000, 0x000000014b800000, 0x000000014b800000|100%| O|  |TAMS 0x000000014b400000, 0x000000014b400000| Untracked 
| 806|0x000000014b800000, 0x000000014bc00000, 0x000000014bc00000|100%| O|  |TAMS 0x000000014b800000, 0x000000014b800000| Untracked 
| 807|0x000000014bc00000, 0x000000014c000000, 0x000000014c000000|100%| O|  |TAMS 0x000000014bc00000, 0x000000014bc00000| Untracked 
| 808|0x000000014c000000, 0x000000014c400000, 0x000000014c400000|100%| O|  |TAMS 0x000000014c000000, 0x000000014c000000| Untracked 
| 809|0x000000014c400000, 0x000000014c800000, 0x000000014c800000|100%| O|  |TAMS 0x000000014c400000, 0x000000014c400000| Untracked 
| 810|0x000000014c800000, 0x000000014cc00000, 0x000000014cc00000|100%| O|  |TAMS 0x000000014c800000, 0x000000014c800000| Untracked 
| 811|0x000000014cc00000, 0x000000014d000000, 0x000000014d000000|100%| O|  |TAMS 0x000000014cc00000, 0x000000014cc00000| Untracked 
| 812|0x000000014d000000, 0x000000014d400000, 0x000000014d400000|100%| O|  |TAMS 0x000000014d000000, 0x000000014d000000| Untracked 
| 813|0x000000014d400000, 0x000000014d800000, 0x000000014d800000|100%| O|  |TAMS 0x000000014d400000, 0x000000014d400000| Untracked 
| 814|0x000000014d800000, 0x000000014dc00000, 0x000000014dc00000|100%| O|  |TAMS 0x000000014d800000, 0x000000014d800000| Untracked 
| 815|0x000000014dc00000, 0x000000014e000000, 0x000000014e000000|100%| O|  |TAMS 0x000000014dc00000, 0x000000014dc00000| Untracked 
| 816|0x000000014e000000, 0x000000014e400000, 0x000000014e400000|100%| O|  |TAMS 0x000000014e000000, 0x000000014e000000| Untracked 
| 817|0x000000014e400000, 0x000000014e800000, 0x000000014e800000|100%| O|  |TAMS 0x000000014e400000, 0x000000014e400000| Untracked 
| 818|0x000000014e800000, 0x000000014ec00000, 0x000000014ec00000|100%| O|  |TAMS 0x000000014e800000, 0x000000014e800000| Untracked 
| 819|0x000000014ec00000, 0x000000014f000000, 0x000000014f000000|100%| O|  |TAMS 0x000000014ec00000, 0x000000014ec00000| Untracked 
| 820|0x000000014f000000, 0x000000014f400000, 0x000000014f400000|100%| O|  |TAMS 0x000000014f000000, 0x000000014f000000| Untracked 
| 821|0x000000014f400000, 0x000000014f800000, 0x000000014f800000|100%| O|  |TAMS 0x000000014f400000, 0x000000014f400000| Untracked 
| 822|0x000000014f800000, 0x000000014fc00000, 0x000000014fc00000|100%| O|  |TAMS 0x000000014f800000, 0x000000014f800000| Untracked 
| 823|0x000000014fc00000, 0x0000000150000000, 0x0000000150000000|100%| O|  |TAMS 0x000000014fc00000, 0x000000014fc00000| Untracked 
| 824|0x0000000150000000, 0x0000000150400000, 0x0000000150400000|100%| O|  |TAMS 0x0000000150000000, 0x0000000150000000| Untracked 
| 825|0x0000000150400000, 0x0000000150800000, 0x0000000150800000|100%| O|  |TAMS 0x0000000150400000, 0x0000000150400000| Untracked 
| 826|0x0000000150800000, 0x0000000150c00000, 0x0000000150c00000|100%| O|  |TAMS 0x0000000150800000, 0x0000000150800000| Untracked 
| 827|0x0000000150c00000, 0x0000000151000000, 0x0000000151000000|100%| O|  |TAMS 0x0000000150c00000, 0x0000000150c00000| Untracked 
| 828|0x0000000151000000, 0x0000000151400000, 0x0000000151400000|100%| O|  |TAMS 0x0000000151000000, 0x0000000151000000| Untracked 
| 829|0x0000000151400000, 0x0000000151800000, 0x0000000151800000|100%| O|  |TAMS 0x0000000151400000, 0x0000000151400000| Untracked 
| 830|0x0000000151800000, 0x0000000151c00000, 0x0000000151c00000|100%| O|  |TAMS 0x0000000151800000, 0x0000000151800000| Untracked 
| 831|0x0000000151c00000, 0x0000000152000000, 0x0000000152000000|100%| O|  |TAMS 0x0000000151c00000, 0x0000000151c00000| Untracked 
| 832|0x0000000152000000, 0x0000000152400000, 0x0000000152400000|100%| O|  |TAMS 0x0000000152000000, 0x0000000152000000| Untracked 
| 833|0x0000000152400000, 0x0000000152800000, 0x0000000152800000|100%| O|  |TAMS 0x0000000152400000, 0x0000000152400000| Untracked 
| 834|0x0000000152800000, 0x0000000152c00000, 0x0000000152c00000|100%| O|  |TAMS 0x0000000152800000, 0x0000000152800000| Untracked 
| 835|0x0000000152c00000, 0x0000000153000000, 0x0000000153000000|100%| O|  |TAMS 0x0000000152c00000, 0x0000000152c00000| Untracked 
| 836|0x0000000153000000, 0x0000000153400000, 0x0000000153400000|100%| O|  |TAMS 0x0000000153000000, 0x0000000153000000| Untracked 
| 837|0x0000000153400000, 0x0000000153800000, 0x0000000153800000|100%| O|  |TAMS 0x0000000153400000, 0x0000000153400000| Untracked 
| 838|0x0000000153800000, 0x0000000153c00000, 0x0000000153c00000|100%| O|  |TAMS 0x0000000153800000, 0x0000000153800000| Untracked 
| 839|0x0000000153c00000, 0x0000000154000000, 0x0000000154000000|100%| O|  |TAMS 0x0000000153c00000, 0x0000000153c00000| Untracked 
| 840|0x0000000154000000, 0x0000000154400000, 0x0000000154400000|100%| O|  |TAMS 0x0000000154000000, 0x0000000154000000| Untracked 
| 841|0x0000000154400000, 0x0000000154800000, 0x0000000154800000|100%| O|  |TAMS 0x0000000154400000, 0x0000000154400000| Untracked 
| 842|0x0000000154800000, 0x0000000154c00000, 0x0000000154c00000|100%| O|  |TAMS 0x0000000154800000, 0x0000000154800000| Untracked 
| 843|0x0000000154c00000, 0x0000000155000000, 0x0000000155000000|100%| O|  |TAMS 0x0000000154c00000, 0x0000000154c00000| Untracked 
| 844|0x0000000155000000, 0x0000000155400000, 0x0000000155400000|100%| O|  |TAMS 0x0000000155000000, 0x0000000155000000| Untracked 
| 845|0x0000000155400000, 0x0000000155800000, 0x0000000155800000|100%| O|  |TAMS 0x0000000155400000, 0x0000000155400000| Untracked 
| 846|0x0000000155800000, 0x0000000155c00000, 0x0000000155c00000|100%| O|  |TAMS 0x0000000155800000, 0x0000000155800000| Untracked 
| 847|0x0000000155c00000, 0x0000000156000000, 0x0000000156000000|100%| O|  |TAMS 0x0000000155c00000, 0x0000000155c00000| Untracked 
| 848|0x0000000156000000, 0x0000000156400000, 0x0000000156400000|100%| O|  |TAMS 0x0000000156000000, 0x0000000156000000| Untracked 
| 849|0x0000000156400000, 0x0000000156800000, 0x0000000156800000|100%| O|  |TAMS 0x0000000156400000, 0x0000000156400000| Untracked 
| 850|0x0000000156800000, 0x0000000156c00000, 0x0000000156c00000|100%| O|  |TAMS 0x0000000156800000, 0x0000000156800000| Untracked 
| 851|0x0000000156c00000, 0x0000000157000000, 0x0000000157000000|100%| O|  |TAMS 0x0000000156c00000, 0x0000000156c00000| Untracked 
| 852|0x0000000157000000, 0x0000000157400000, 0x0000000157400000|100%| O|  |TAMS 0x0000000157000000, 0x0000000157000000| Untracked 
| 853|0x0000000157400000, 0x0000000157800000, 0x0000000157800000|100%| O|  |TAMS 0x0000000157400000, 0x0000000157400000| Untracked 
| 854|0x0000000157800000, 0x0000000157c00000, 0x0000000157c00000|100%| O|  |TAMS 0x0000000157800000, 0x0000000157800000| Untracked 
| 855|0x0000000157c00000, 0x0000000158000000, 0x0000000158000000|100%| O|  |TAMS 0x0000000157c00000, 0x0000000157c00000| Untracked 
| 856|0x0000000158000000, 0x0000000158400000, 0x0000000158400000|100%| O|  |TAMS 0x0000000158000000, 0x0000000158000000| Untracked 
| 857|0x0000000158400000, 0x0000000158800000, 0x0000000158800000|100%| O|  |TAMS 0x0000000158400000, 0x0000000158400000| Untracked 
| 858|0x0000000158800000, 0x0000000158c00000, 0x0000000158c00000|100%| O|  |TAMS 0x0000000158800000, 0x0000000158800000| Untracked 
| 859|0x0000000158c00000, 0x0000000159000000, 0x0000000159000000|100%| O|  |TAMS 0x0000000158c00000, 0x0000000158c00000| Untracked 
| 860|0x0000000159000000, 0x0000000159400000, 0x0000000159400000|100%| O|  |TAMS 0x0000000159000000, 0x0000000159000000| Untracked 
| 861|0x0000000159400000, 0x0000000159800000, 0x0000000159800000|100%| O|  |TAMS 0x0000000159400000, 0x0000000159400000| Untracked 
| 862|0x0000000159800000, 0x0000000159c00000, 0x0000000159c00000|100%| O|  |TAMS 0x0000000159800000, 0x0000000159800000| Untracked 
| 863|0x0000000159c00000, 0x000000015a000000, 0x000000015a000000|100%| O|  |TAMS 0x0000000159c00000, 0x0000000159c00000| Untracked 
| 864|0x000000015a000000, 0x000000015a400000, 0x000000015a400000|100%| O|  |TAMS 0x000000015a000000, 0x000000015a000000| Untracked 
| 865|0x000000015a400000, 0x000000015a800000, 0x000000015a800000|100%| O|  |TAMS 0x000000015a400000, 0x000000015a400000| Untracked 
| 866|0x000000015a800000, 0x000000015ac00000, 0x000000015ac00000|100%| O|  |TAMS 0x000000015a800000, 0x000000015a800000| Untracked 
| 867|0x000000015ac00000, 0x000000015b000000, 0x000000015b000000|100%| O|  |TAMS 0x000000015ac00000, 0x000000015ac00000| Untracked 
| 868|0x000000015b000000, 0x000000015b400000, 0x000000015b400000|100%| O|  |TAMS 0x000000015b000000, 0x000000015b000000| Untracked 
| 869|0x000000015b400000, 0x000000015b800000, 0x000000015b800000|100%| O|  |TAMS 0x000000015b400000, 0x000000015b400000| Untracked 
| 870|0x000000015b800000, 0x000000015bc00000, 0x000000015bc00000|100%| O|  |TAMS 0x000000015b800000, 0x000000015b800000| Untracked 
| 871|0x000000015bc00000, 0x000000015c000000, 0x000000015c000000|100%| O|  |TAMS 0x000000015bc00000, 0x000000015bc00000| Untracked 
| 872|0x000000015c000000, 0x000000015c400000, 0x000000015c400000|100%| O|  |TAMS 0x000000015c000000, 0x000000015c000000| Untracked 
| 873|0x000000015c400000, 0x000000015c800000, 0x000000015c800000|100%| O|  |TAMS 0x000000015c400000, 0x000000015c400000| Untracked 
| 874|0x000000015c800000, 0x000000015cc00000, 0x000000015cc00000|100%| O|  |TAMS 0x000000015c800000, 0x000000015c800000| Untracked 
| 875|0x000000015cc00000, 0x000000015d000000, 0x000000015d000000|100%| O|  |TAMS 0x000000015cc00000, 0x000000015cc00000| Untracked 
| 876|0x000000015d000000, 0x000000015d400000, 0x000000015d400000|100%| O|  |TAMS 0x000000015d000000, 0x000000015d000000| Untracked 
| 877|0x000000015d400000, 0x000000015d800000, 0x000000015d800000|100%| O|  |TAMS 0x000000015d400000, 0x000000015d400000| Untracked 
| 878|0x000000015d800000, 0x000000015dc00000, 0x000000015dc00000|100%| O|  |TAMS 0x000000015d800000, 0x000000015d800000| Untracked 
| 879|0x000000015dc00000, 0x000000015e000000, 0x000000015e000000|100%| O|  |TAMS 0x000000015dc00000, 0x000000015dc00000| Untracked 
| 880|0x000000015e000000, 0x000000015e400000, 0x000000015e400000|100%| O|  |TAMS 0x000000015e000000, 0x000000015e000000| Untracked 
| 881|0x000000015e400000, 0x000000015e800000, 0x000000015e800000|100%| O|  |TAMS 0x000000015e400000, 0x000000015e400000| Untracked 
| 882|0x000000015e800000, 0x000000015ec00000, 0x000000015ec00000|100%| O|  |TAMS 0x000000015e800000, 0x000000015e800000| Untracked 
| 883|0x000000015ec00000, 0x000000015f000000, 0x000000015f000000|100%| O|  |TAMS 0x000000015ec00000, 0x000000015ec00000| Untracked 
| 884|0x000000015f000000, 0x000000015f400000, 0x000000015f400000|100%| O|  |TAMS 0x000000015f000000, 0x000000015f000000| Untracked 
| 885|0x000000015f400000, 0x000000015f800000, 0x000000015f800000|100%| O|  |TAMS 0x000000015f400000, 0x000000015f400000| Untracked 
| 886|0x000000015f800000, 0x000000015fc00000, 0x000000015fc00000|100%| O|  |TAMS 0x000000015f800000, 0x000000015f800000| Untracked 
| 887|0x000000015fc00000, 0x0000000160000000, 0x0000000160000000|100%| O|  |TAMS 0x000000015fc00000, 0x000000015fc00000| Untracked 
| 888|0x0000000160000000, 0x0000000160400000, 0x0000000160400000|100%| O|  |TAMS 0x0000000160000000, 0x0000000160000000| Untracked 
| 889|0x0000000160400000, 0x0000000160800000, 0x0000000160800000|100%| O|  |TAMS 0x0000000160400000, 0x0000000160400000| Untracked 
| 890|0x0000000160800000, 0x0000000160c00000, 0x0000000160c00000|100%| O|  |TAMS 0x0000000160800000, 0x0000000160800000| Untracked 
| 891|0x0000000160c00000, 0x0000000161000000, 0x0000000161000000|100%| O|  |TAMS 0x0000000160c00000, 0x0000000160c00000| Untracked 
| 892|0x0000000161000000, 0x0000000161400000, 0x0000000161400000|100%| O|  |TAMS 0x0000000161000000, 0x0000000161000000| Untracked 
| 893|0x0000000161400000, 0x0000000161800000, 0x0000000161800000|100%| O|  |TAMS 0x0000000161400000, 0x0000000161400000| Untracked 
| 894|0x0000000161800000, 0x0000000161c00000, 0x0000000161c00000|100%| O|  |TAMS 0x0000000161800000, 0x0000000161800000| Untracked 
| 895|0x0000000161c00000, 0x0000000162000000, 0x0000000162000000|100%| O|  |TAMS 0x0000000161c00000, 0x0000000161c00000| Untracked 
| 896|0x0000000162000000, 0x0000000162400000, 0x0000000162400000|100%| O|  |TAMS 0x0000000162000000, 0x0000000162000000| Untracked 
| 897|0x0000000162400000, 0x0000000162800000, 0x0000000162800000|100%| O|  |TAMS 0x0000000162400000, 0x0000000162400000| Untracked 
| 898|0x0000000162800000, 0x0000000162c00000, 0x0000000162c00000|100%| O|  |TAMS 0x0000000162800000, 0x0000000162800000| Untracked 
| 899|0x0000000162c00000, 0x0000000163000000, 0x0000000163000000|100%| O|  |TAMS 0x0000000162c00000, 0x0000000162c00000| Untracked 
| 900|0x0000000163000000, 0x0000000163400000, 0x0000000163400000|100%| O|  |TAMS 0x0000000163000000, 0x0000000163000000| Untracked 
| 901|0x0000000163400000, 0x0000000163800000, 0x0000000163800000|100%| O|  |TAMS 0x0000000163400000, 0x0000000163400000| Untracked 
| 902|0x0000000163800000, 0x0000000163c00000, 0x0000000163c00000|100%| O|  |TAMS 0x0000000163800000, 0x0000000163800000| Untracked 
| 903|0x0000000163c00000, 0x0000000164000000, 0x0000000164000000|100%| O|  |TAMS 0x0000000163c00000, 0x0000000163c00000| Untracked 
| 904|0x0000000164000000, 0x0000000164400000, 0x0000000164400000|100%| O|  |TAMS 0x0000000164000000, 0x0000000164000000| Untracked 
| 905|0x0000000164400000, 0x0000000164800000, 0x0000000164800000|100%| O|  |TAMS 0x0000000164400000, 0x0000000164400000| Untracked 
| 906|0x0000000164800000, 0x0000000164c00000, 0x0000000164c00000|100%| O|  |TAMS 0x0000000164800000, 0x0000000164800000| Untracked 
| 907|0x0000000164c00000, 0x0000000165000000, 0x0000000165000000|100%| O|  |TAMS 0x0000000164c00000, 0x0000000164c00000| Untracked 
| 908|0x0000000165000000, 0x0000000165400000, 0x0000000165400000|100%| O|  |TAMS 0x0000000165000000, 0x0000000165000000| Untracked 
| 909|0x0000000165400000, 0x0000000165800000, 0x0000000165800000|100%| O|  |TAMS 0x0000000165400000, 0x0000000165400000| Untracked 
| 910|0x0000000165800000, 0x0000000165c00000, 0x0000000165c00000|100%| O|  |TAMS 0x0000000165800000, 0x0000000165800000| Untracked 
| 911|0x0000000165c00000, 0x0000000166000000, 0x0000000166000000|100%| O|  |TAMS 0x0000000165c00000, 0x0000000165c00000| Untracked 
| 912|0x0000000166000000, 0x0000000166400000, 0x0000000166400000|100%| O|  |TAMS 0x0000000166000000, 0x0000000166000000| Untracked 
| 913|0x0000000166400000, 0x0000000166800000, 0x0000000166800000|100%| O|  |TAMS 0x0000000166400000, 0x0000000166400000| Untracked 
| 914|0x0000000166800000, 0x0000000166c00000, 0x0000000166c00000|100%| O|  |TAMS 0x0000000166800000, 0x0000000166800000| Untracked 
| 915|0x0000000166c00000, 0x0000000167000000, 0x0000000167000000|100%| O|  |TAMS 0x0000000166c00000, 0x0000000166c00000| Untracked 
| 916|0x0000000167000000, 0x0000000167400000, 0x0000000167400000|100%| O|  |TAMS 0x0000000167000000, 0x0000000167000000| Untracked 
| 917|0x0000000167400000, 0x0000000167800000, 0x0000000167800000|100%| O|  |TAMS 0x0000000167400000, 0x0000000167400000| Untracked 
| 918|0x0000000167800000, 0x0000000167c00000, 0x0000000167c00000|100%| O|  |TAMS 0x0000000167800000, 0x0000000167800000| Untracked 
| 919|0x0000000167c00000, 0x0000000168000000, 0x0000000168000000|100%| O|  |TAMS 0x0000000167c00000, 0x0000000167c00000| Untracked 
| 920|0x0000000168000000, 0x0000000168400000, 0x0000000168400000|100%| O|  |TAMS 0x0000000168000000, 0x0000000168000000| Untracked 
| 921|0x0000000168400000, 0x0000000168800000, 0x0000000168800000|100%| O|  |TAMS 0x0000000168400000, 0x0000000168400000| Untracked 
| 922|0x0000000168800000, 0x0000000168c00000, 0x0000000168c00000|100%| O|  |TAMS 0x0000000168800000, 0x0000000168800000| Untracked 
| 923|0x0000000168c00000, 0x0000000169000000, 0x0000000169000000|100%| O|  |TAMS 0x0000000168c00000, 0x0000000168c00000| Untracked 
| 924|0x0000000169000000, 0x0000000169400000, 0x0000000169400000|100%| O|  |TAMS 0x0000000169000000, 0x0000000169000000| Untracked 
| 925|0x0000000169400000, 0x0000000169800000, 0x0000000169800000|100%| O|  |TAMS 0x0000000169400000, 0x0000000169400000| Untracked 
| 926|0x0000000169800000, 0x0000000169c00000, 0x0000000169c00000|100%| O|  |TAMS 0x0000000169800000, 0x0000000169800000| Untracked 
| 927|0x0000000169c00000, 0x000000016a000000, 0x000000016a000000|100%| O|  |TAMS 0x0000000169c00000, 0x0000000169c00000| Untracked 
| 928|0x000000016a000000, 0x000000016a400000, 0x000000016a400000|100%| O|  |TAMS 0x000000016a000000, 0x000000016a000000| Untracked 
| 929|0x000000016a400000, 0x000000016a800000, 0x000000016a800000|100%| O|  |TAMS 0x000000016a400000, 0x000000016a400000| Untracked 
| 930|0x000000016a800000, 0x000000016a9f3a00, 0x000000016ac00000| 48%| O|  |TAMS 0x000000016a800000, 0x000000016a800000| Untracked 
| 931|0x000000016ac00000, 0x000000016ac00000, 0x000000016b000000|  0%| F|  |TAMS 0x000000016ac00000, 0x000000016ac00000| Untracked 
| 932|0x000000016b000000, 0x000000016b000000, 0x000000016b400000|  0%| F|  |TAMS 0x000000016b000000, 0x000000016b000000| Untracked 
| 933|0x000000016b400000, 0x000000016b400000, 0x000000016b800000|  0%| F|  |TAMS 0x000000016b400000, 0x000000016b400000| Untracked 
| 934|0x000000016b800000, 0x000000016b800000, 0x000000016bc00000|  0%| F|  |TAMS 0x000000016b800000, 0x000000016b800000| Untracked 
| 935|0x000000016bc00000, 0x000000016bc00000, 0x000000016c000000|  0%| F|  |TAMS 0x000000016bc00000, 0x000000016bc00000| Untracked 
| 936|0x000000016c000000, 0x000000016c000000, 0x000000016c400000|  0%| F|  |TAMS 0x000000016c000000, 0x000000016c000000| Untracked 
| 937|0x000000016c400000, 0x000000016c400000, 0x000000016c800000|  0%| F|  |TAMS 0x000000016c400000, 0x000000016c400000| Untracked 
| 938|0x000000016c800000, 0x000000016c800000, 0x000000016cc00000|  0%| F|  |TAMS 0x000000016c800000, 0x000000016c800000| Untracked 
| 939|0x000000016cc00000, 0x000000016cc00000, 0x000000016d000000|  0%| F|  |TAMS 0x000000016cc00000, 0x000000016cc00000| Untracked 
| 940|0x000000016d000000, 0x000000016d000000, 0x000000016d400000|  0%| F|  |TAMS 0x000000016d000000, 0x000000016d000000| Untracked 
| 941|0x000000016d400000, 0x000000016d400000, 0x000000016d800000|  0%| F|  |TAMS 0x000000016d400000, 0x000000016d400000| Untracked 
| 942|0x000000016d800000, 0x000000016d800000, 0x000000016dc00000|  0%| F|  |TAMS 0x000000016d800000, 0x000000016d800000| Untracked 
| 943|0x000000016dc00000, 0x000000016dc00000, 0x000000016e000000|  0%| F|  |TAMS 0x000000016dc00000, 0x000000016dc00000| Untracked 
| 944|0x000000016e000000, 0x000000016e000000, 0x000000016e400000|  0%| F|  |TAMS 0x000000016e000000, 0x000000016e000000| Untracked 
| 945|0x000000016e400000, 0x000000016e400000, 0x000000016e800000|  0%| F|  |TAMS 0x000000016e400000, 0x000000016e400000| Untracked 
| 946|0x000000016e800000, 0x000000016e800000, 0x000000016ec00000|  0%| F|  |TAMS 0x000000016e800000, 0x000000016e800000| Untracked 
| 947|0x000000016ec00000, 0x000000016ec00000, 0x000000016f000000|  0%| F|  |TAMS 0x000000016ec00000, 0x000000016ec00000| Untracked 
| 948|0x000000016f000000, 0x000000016f000000, 0x000000016f400000|  0%| F|  |TAMS 0x000000016f000000, 0x000000016f000000| Untracked 
| 949|0x000000016f400000, 0x000000016f400000, 0x000000016f800000|  0%| F|  |TAMS 0x000000016f400000, 0x000000016f400000| Untracked 
| 950|0x000000016f800000, 0x000000016f800000, 0x000000016fc00000|  0%| F|  |TAMS 0x000000016f800000, 0x000000016f800000| Untracked 
| 951|0x000000016fc00000, 0x000000016fc00000, 0x0000000170000000|  0%| F|  |TAMS 0x000000016fc00000, 0x000000016fc00000| Untracked 
| 952|0x0000000170000000, 0x0000000170000000, 0x0000000170400000|  0%| F|  |TAMS 0x0000000170000000, 0x0000000170000000| Untracked 
| 953|0x0000000170400000, 0x0000000170400000, 0x0000000170800000|  0%| F|  |TAMS 0x0000000170400000, 0x0000000170400000| Untracked 
| 954|0x0000000170800000, 0x0000000170800000, 0x0000000170c00000|  0%| F|  |TAMS 0x0000000170800000, 0x0000000170800000| Untracked 
| 955|0x0000000170c00000, 0x0000000170c00000, 0x0000000171000000|  0%| F|  |TAMS 0x0000000170c00000, 0x0000000170c00000| Untracked 
| 956|0x0000000171000000, 0x0000000171000000, 0x0000000171400000|  0%| F|  |TAMS 0x0000000171000000, 0x0000000171000000| Untracked 
| 957|0x0000000171400000, 0x0000000171400000, 0x0000000171800000|  0%| F|  |TAMS 0x0000000171400000, 0x0000000171400000| Untracked 
| 958|0x0000000171800000, 0x0000000171800000, 0x0000000171c00000|  0%| F|  |TAMS 0x0000000171800000, 0x0000000171800000| Untracked 
| 959|0x0000000171c00000, 0x0000000171c00000, 0x0000000172000000|  0%| F|  |TAMS 0x0000000171c00000, 0x0000000171c00000| Untracked 
| 960|0x0000000172000000, 0x0000000172000000, 0x0000000172400000|  0%| F|  |TAMS 0x0000000172000000, 0x0000000172000000| Untracked 
| 961|0x0000000172400000, 0x0000000172400000, 0x0000000172800000|  0%| F|  |TAMS 0x0000000172400000, 0x0000000172400000| Untracked 
| 962|0x0000000172800000, 0x0000000172800000, 0x0000000172c00000|  0%| F|  |TAMS 0x0000000172800000, 0x0000000172800000| Untracked 
| 963|0x0000000172c00000, 0x0000000172c00000, 0x0000000173000000|  0%| F|  |TAMS 0x0000000172c00000, 0x0000000172c00000| Untracked 
| 964|0x0000000173000000, 0x0000000173000000, 0x0000000173400000|  0%| F|  |TAMS 0x0000000173000000, 0x0000000173000000| Untracked 
| 965|0x0000000173400000, 0x0000000173400000, 0x0000000173800000|  0%| F|  |TAMS 0x0000000173400000, 0x0000000173400000| Untracked 
| 966|0x0000000173800000, 0x0000000173800000, 0x0000000173c00000|  0%| F|  |TAMS 0x0000000173800000, 0x0000000173800000| Untracked 
| 967|0x0000000173c00000, 0x0000000173c00000, 0x0000000174000000|  0%| F|  |TAMS 0x0000000173c00000, 0x0000000173c00000| Untracked 
| 968|0x0000000174000000, 0x0000000174000000, 0x0000000174400000|  0%| F|  |TAMS 0x0000000174000000, 0x0000000174000000| Untracked 
| 969|0x0000000174400000, 0x0000000174400000, 0x0000000174800000|  0%| F|  |TAMS 0x0000000174400000, 0x0000000174400000| Untracked 
| 970|0x0000000174800000, 0x0000000174800000, 0x0000000174c00000|  0%| F|  |TAMS 0x0000000174800000, 0x0000000174800000| Untracked 
| 971|0x0000000174c00000, 0x0000000174c00000, 0x0000000175000000|  0%| F|  |TAMS 0x0000000174c00000, 0x0000000174c00000| Untracked 
| 972|0x0000000175000000, 0x0000000175000000, 0x0000000175400000|  0%| F|  |TAMS 0x0000000175000000, 0x0000000175000000| Untracked 
| 973|0x0000000175400000, 0x0000000175400000, 0x0000000175800000|  0%| F|  |TAMS 0x0000000175400000, 0x0000000175400000| Untracked 
| 974|0x0000000175800000, 0x0000000175800000, 0x0000000175c00000|  0%| F|  |TAMS 0x0000000175800000, 0x0000000175800000| Untracked 
| 975|0x0000000175c00000, 0x0000000175c00000, 0x0000000176000000|  0%| F|  |TAMS 0x0000000175c00000, 0x0000000175c00000| Untracked 
| 976|0x0000000176000000, 0x0000000176000000, 0x0000000176400000|  0%| F|  |TAMS 0x0000000176000000, 0x0000000176000000| Untracked 
| 977|0x0000000176400000, 0x0000000176400000, 0x0000000176800000|  0%| F|  |TAMS 0x0000000176400000, 0x0000000176400000| Untracked 
| 978|0x0000000176800000, 0x0000000176800000, 0x0000000176c00000|  0%| F|  |TAMS 0x0000000176800000, 0x0000000176800000| Untracked 
| 979|0x0000000176c00000, 0x0000000176c00000, 0x0000000177000000|  0%| F|  |TAMS 0x0000000176c00000, 0x0000000176c00000| Untracked 
| 980|0x0000000177000000, 0x0000000177000000, 0x0000000177400000|  0%| F|  |TAMS 0x0000000177000000, 0x0000000177000000| Untracked 
| 981|0x0000000177400000, 0x0000000177400000, 0x0000000177800000|  0%| F|  |TAMS 0x0000000177400000, 0x0000000177400000| Untracked 
| 982|0x0000000177800000, 0x0000000177800000, 0x0000000177c00000|  0%| F|  |TAMS 0x0000000177800000, 0x0000000177800000| Untracked 
| 983|0x0000000177c00000, 0x0000000177c00000, 0x0000000178000000|  0%| F|  |TAMS 0x0000000177c00000, 0x0000000177c00000| Untracked 
| 984|0x0000000178000000, 0x0000000178000000, 0x0000000178400000|  0%| F|  |TAMS 0x0000000178000000, 0x0000000178000000| Untracked 
| 985|0x0000000178400000, 0x0000000178400000, 0x0000000178800000|  0%| F|  |TAMS 0x0000000178400000, 0x0000000178400000| Untracked 
| 986|0x0000000178800000, 0x0000000178800000, 0x0000000178c00000|  0%| F|  |TAMS 0x0000000178800000, 0x0000000178800000| Untracked 
| 987|0x0000000178c00000, 0x0000000178c00000, 0x0000000179000000|  0%| F|  |TAMS 0x0000000178c00000, 0x0000000178c00000| Untracked 
| 988|0x0000000179000000, 0x0000000179000000, 0x0000000179400000|  0%| F|  |TAMS 0x0000000179000000, 0x0000000179000000| Untracked 
| 989|0x0000000179400000, 0x0000000179400000, 0x0000000179800000|  0%| F|  |TAMS 0x0000000179400000, 0x0000000179400000| Untracked 
| 990|0x0000000179800000, 0x0000000179800000, 0x0000000179c00000|  0%| F|  |TAMS 0x0000000179800000, 0x0000000179800000| Untracked 
| 991|0x0000000179c00000, 0x0000000179c00000, 0x000000017a000000|  0%| F|  |TAMS 0x0000000179c00000, 0x0000000179c00000| Untracked 
| 992|0x000000017a000000, 0x000000017a000000, 0x000000017a400000|  0%| F|  |TAMS 0x000000017a000000, 0x000000017a000000| Untracked 
| 993|0x000000017a400000, 0x000000017a400000, 0x000000017a800000|  0%| F|  |TAMS 0x000000017a400000, 0x000000017a400000| Untracked 
| 994|0x000000017a800000, 0x000000017a800000, 0x000000017ac00000|  0%| F|  |TAMS 0x000000017a800000, 0x000000017a800000| Untracked 
| 995|0x000000017ac00000, 0x000000017ac00000, 0x000000017b000000|  0%| F|  |TAMS 0x000000017ac00000, 0x000000017ac00000| Untracked 
| 996|0x000000017b000000, 0x000000017b000000, 0x000000017b400000|  0%| F|  |TAMS 0x000000017b000000, 0x000000017b000000| Untracked 
| 997|0x000000017b400000, 0x000000017b400000, 0x000000017b800000|  0%| F|  |TAMS 0x000000017b400000, 0x000000017b400000| Untracked 
| 998|0x000000017b800000, 0x000000017b800000, 0x000000017bc00000|  0%| F|  |TAMS 0x000000017b800000, 0x000000017b800000| Untracked 
| 999|0x000000017bc00000, 0x000000017bc00000, 0x000000017c000000|  0%| F|  |TAMS 0x000000017bc00000, 0x000000017bc00000| Untracked 
|1000|0x000000017c000000, 0x000000017c000000, 0x000000017c400000|  0%| F|  |TAMS 0x000000017c000000, 0x000000017c000000| Untracked 
|1001|0x000000017c400000, 0x000000017c400000, 0x000000017c800000|  0%| F|  |TAMS 0x000000017c400000, 0x000000017c400000| Untracked 
|1002|0x000000017c800000, 0x000000017c800000, 0x000000017cc00000|  0%| F|  |TAMS 0x000000017c800000, 0x000000017c800000| Untracked 
|1003|0x000000017cc00000, 0x000000017cc00000, 0x000000017d000000|  0%| F|  |TAMS 0x000000017cc00000, 0x000000017cc00000| Untracked 
|1004|0x000000017d000000, 0x000000017d000000, 0x000000017d400000|  0%| F|  |TAMS 0x000000017d000000, 0x000000017d000000| Untracked 
|1005|0x000000017d400000, 0x000000017d400000, 0x000000017d800000|  0%| F|  |TAMS 0x000000017d400000, 0x000000017d400000| Untracked 
|1006|0x000000017d800000, 0x000000017d800000, 0x000000017dc00000|  0%| F|  |TAMS 0x000000017d800000, 0x000000017d800000| Untracked 
|1007|0x000000017dc00000, 0x000000017dc00000, 0x000000017e000000|  0%| F|  |TAMS 0x000000017dc00000, 0x000000017dc00000| Untracked 
|1008|0x000000017e000000, 0x000000017e000000, 0x000000017e400000|  0%| F|  |TAMS 0x000000017e000000, 0x000000017e000000| Untracked 
|1009|0x000000017e400000, 0x000000017e400000, 0x000000017e800000|  0%| F|  |TAMS 0x000000017e400000, 0x000000017e400000| Untracked 
|1010|0x000000017e800000, 0x000000017e800000, 0x000000017ec00000|  0%| F|  |TAMS 0x000000017e800000, 0x000000017e800000| Untracked 
|1011|0x000000017ec00000, 0x000000017ec00000, 0x000000017f000000|  0%| F|  |TAMS 0x000000017ec00000, 0x000000017ec00000| Untracked 
|1012|0x000000017f000000, 0x000000017f000000, 0x000000017f400000|  0%| F|  |TAMS 0x000000017f000000, 0x000000017f000000| Untracked 
|1013|0x000000017f400000, 0x000000017f400000, 0x000000017f800000|  0%| F|  |TAMS 0x000000017f400000, 0x000000017f400000| Untracked 
|1014|0x000000017f800000, 0x000000017f800000, 0x000000017fc00000|  0%| F|  |TAMS 0x000000017f800000, 0x000000017f800000| Untracked 
|1015|0x000000017fc00000, 0x000000017fc00000, 0x0000000180000000|  0%| F|  |TAMS 0x000000017fc00000, 0x000000017fc00000| Untracked 
|1016|0x0000000180000000, 0x0000000180000000, 0x0000000180400000|  0%| F|  |TAMS 0x0000000180000000, 0x0000000180000000| Untracked 
|1017|0x0000000180400000, 0x0000000180400000, 0x0000000180800000|  0%| F|  |TAMS 0x0000000180400000, 0x0000000180400000| Untracked 
|1018|0x0000000180800000, 0x0000000180800000, 0x0000000180c00000|  0%| F|  |TAMS 0x0000000180800000, 0x0000000180800000| Untracked 
|1019|0x0000000180c00000, 0x0000000180c00000, 0x0000000181000000|  0%| F|  |TAMS 0x0000000180c00000, 0x0000000180c00000| Untracked 
|1020|0x0000000181000000, 0x0000000181000000, 0x0000000181400000|  0%| F|  |TAMS 0x0000000181000000, 0x0000000181000000| Untracked 
|1021|0x0000000181400000, 0x0000000181400000, 0x0000000181800000|  0%| F|  |TAMS 0x0000000181400000, 0x0000000181400000| Untracked 
|1022|0x0000000181800000, 0x0000000181800000, 0x0000000181c00000|  0%| F|  |TAMS 0x0000000181800000, 0x0000000181800000| Untracked 
|1023|0x0000000181c00000, 0x0000000181c00000, 0x0000000182000000|  0%| F|  |TAMS 0x0000000181c00000, 0x0000000181c00000| Untracked 
|1024|0x0000000182000000, 0x0000000182000000, 0x0000000182400000|  0%| F|  |TAMS 0x0000000182000000, 0x0000000182000000| Untracked 
|1025|0x0000000182400000, 0x0000000182400000, 0x0000000182800000|  0%| F|  |TAMS 0x0000000182400000, 0x0000000182400000| Untracked 
|1026|0x0000000182800000, 0x0000000182800000, 0x0000000182c00000|  0%| F|  |TAMS 0x0000000182800000, 0x0000000182800000| Untracked 
|1027|0x0000000182c00000, 0x0000000182c00000, 0x0000000183000000|  0%| F|  |TAMS 0x0000000182c00000, 0x0000000182c00000| Untracked 
|1028|0x0000000183000000, 0x0000000183000000, 0x0000000183400000|  0%| F|  |TAMS 0x0000000183000000, 0x0000000183000000| Untracked 
|1029|0x0000000183400000, 0x0000000183400000, 0x0000000183800000|  0%| F|  |TAMS 0x0000000183400000, 0x0000000183400000| Untracked 
|1030|0x0000000183800000, 0x0000000183800000, 0x0000000183c00000|  0%| F|  |TAMS 0x0000000183800000, 0x0000000183800000| Untracked 
|1031|0x0000000183c00000, 0x0000000183c00000, 0x0000000184000000|  0%| F|  |TAMS 0x0000000183c00000, 0x0000000183c00000| Untracked 
|1032|0x0000000184000000, 0x0000000184000000, 0x0000000184400000|  0%| F|  |TAMS 0x0000000184000000, 0x0000000184000000| Untracked 
|1033|0x0000000184400000, 0x0000000184400000, 0x0000000184800000|  0%| F|  |TAMS 0x0000000184400000, 0x0000000184400000| Untracked 
|1034|0x0000000184800000, 0x0000000184800000, 0x0000000184c00000|  0%| F|  |TAMS 0x0000000184800000, 0x0000000184800000| Untracked 
|1035|0x0000000184c00000, 0x0000000184c00000, 0x0000000185000000|  0%| F|  |TAMS 0x0000000184c00000, 0x0000000184c00000| Untracked 
|1036|0x0000000185000000, 0x0000000185000000, 0x0000000185400000|  0%| F|  |TAMS 0x0000000185000000, 0x0000000185000000| Untracked 
|1037|0x0000000185400000, 0x0000000185400000, 0x0000000185800000|  0%| F|  |TAMS 0x0000000185400000, 0x0000000185400000| Untracked 
|1038|0x0000000185800000, 0x0000000185800000, 0x0000000185c00000|  0%| F|  |TAMS 0x0000000185800000, 0x0000000185800000| Untracked 
|1039|0x0000000185c00000, 0x0000000185c00000, 0x0000000186000000|  0%| F|  |TAMS 0x0000000185c00000, 0x0000000185c00000| Untracked 
|1040|0x0000000186000000, 0x0000000186000000, 0x0000000186400000|  0%| F|  |TAMS 0x0000000186000000, 0x0000000186000000| Untracked 
|1041|0x0000000186400000, 0x0000000186400000, 0x0000000186800000|  0%| F|  |TAMS 0x0000000186400000, 0x0000000186400000| Untracked 
|1042|0x0000000186800000, 0x0000000186800000, 0x0000000186c00000|  0%| F|  |TAMS 0x0000000186800000, 0x0000000186800000| Untracked 
|1043|0x0000000186c00000, 0x0000000186c00000, 0x0000000187000000|  0%| F|  |TAMS 0x0000000186c00000, 0x0000000186c00000| Untracked 
|1044|0x0000000187000000, 0x0000000187000000, 0x0000000187400000|  0%| F|  |TAMS 0x0000000187000000, 0x0000000187000000| Untracked 
|1045|0x0000000187400000, 0x0000000187400000, 0x0000000187800000|  0%| F|  |TAMS 0x0000000187400000, 0x0000000187400000| Untracked 
|1046|0x0000000187800000, 0x0000000187800000, 0x0000000187c00000|  0%| F|  |TAMS 0x0000000187800000, 0x0000000187800000| Untracked 
|1047|0x0000000187c00000, 0x0000000187c00000, 0x0000000188000000|  0%| F|  |TAMS 0x0000000187c00000, 0x0000000187c00000| Untracked 
|1048|0x0000000188000000, 0x0000000188000000, 0x0000000188400000|  0%| F|  |TAMS 0x0000000188000000, 0x0000000188000000| Untracked 
|1049|0x0000000188400000, 0x0000000188400000, 0x0000000188800000|  0%| F|  |TAMS 0x0000000188400000, 0x0000000188400000| Untracked 
|1050|0x0000000188800000, 0x0000000188800000, 0x0000000188c00000|  0%| F|  |TAMS 0x0000000188800000, 0x0000000188800000| Untracked 
|1051|0x0000000188c00000, 0x0000000188c00000, 0x0000000189000000|  0%| F|  |TAMS 0x0000000188c00000, 0x0000000188c00000| Untracked 
|1052|0x0000000189000000, 0x0000000189000000, 0x0000000189400000|  0%| F|  |TAMS 0x0000000189000000, 0x0000000189000000| Untracked 
|1053|0x0000000189400000, 0x0000000189400000, 0x0000000189800000|  0%| F|  |TAMS 0x0000000189400000, 0x0000000189400000| Untracked 
|1054|0x0000000189800000, 0x0000000189800000, 0x0000000189c00000|  0%| F|  |TAMS 0x0000000189800000, 0x0000000189800000| Untracked 
|1055|0x0000000189c00000, 0x0000000189c00000, 0x000000018a000000|  0%| F|  |TAMS 0x0000000189c00000, 0x0000000189c00000| Untracked 
|1056|0x000000018a000000, 0x000000018a000000, 0x000000018a400000|  0%| F|  |TAMS 0x000000018a000000, 0x000000018a000000| Untracked 
|1057|0x000000018a400000, 0x000000018a400000, 0x000000018a800000|  0%| F|  |TAMS 0x000000018a400000, 0x000000018a400000| Untracked 
|1058|0x000000018a800000, 0x000000018a800000, 0x000000018ac00000|  0%| F|  |TAMS 0x000000018a800000, 0x000000018a800000| Untracked 
|1059|0x000000018ac00000, 0x000000018ac00000, 0x000000018b000000|  0%| F|  |TAMS 0x000000018ac00000, 0x000000018ac00000| Untracked 
|1060|0x000000018b000000, 0x000000018b000000, 0x000000018b400000|  0%| F|  |TAMS 0x000000018b000000, 0x000000018b000000| Untracked 
|1061|0x000000018b400000, 0x000000018b400000, 0x000000018b800000|  0%| F|  |TAMS 0x000000018b400000, 0x000000018b400000| Untracked 
|1062|0x000000018b800000, 0x000000018b800000, 0x000000018bc00000|  0%| F|  |TAMS 0x000000018b800000, 0x000000018b800000| Untracked 
|1063|0x000000018bc00000, 0x000000018bc00000, 0x000000018c000000|  0%| F|  |TAMS 0x000000018bc00000, 0x000000018bc00000| Untracked 
|1064|0x000000018c000000, 0x000000018c000000, 0x000000018c400000|  0%| F|  |TAMS 0x000000018c000000, 0x000000018c000000| Untracked 
|1065|0x000000018c400000, 0x000000018c400000, 0x000000018c800000|  0%| F|  |TAMS 0x000000018c400000, 0x000000018c400000| Untracked 
|1066|0x000000018c800000, 0x000000018c800000, 0x000000018cc00000|  0%| F|  |TAMS 0x000000018c800000, 0x000000018c800000| Untracked 
|1067|0x000000018cc00000, 0x000000018cc00000, 0x000000018d000000|  0%| F|  |TAMS 0x000000018cc00000, 0x000000018cc00000| Untracked 
|1068|0x000000018d000000, 0x000000018d000000, 0x000000018d400000|  0%| F|  |TAMS 0x000000018d000000, 0x000000018d000000| Untracked 
|1069|0x000000018d400000, 0x000000018d400000, 0x000000018d800000|  0%| F|  |TAMS 0x000000018d400000, 0x000000018d400000| Untracked 
|1070|0x000000018d800000, 0x000000018d800000, 0x000000018dc00000|  0%| F|  |TAMS 0x000000018d800000, 0x000000018d800000| Untracked 
|1071|0x000000018dc00000, 0x000000018dc00000, 0x000000018e000000|  0%| F|  |TAMS 0x000000018dc00000, 0x000000018dc00000| Untracked 
|1072|0x000000018e000000, 0x000000018e000000, 0x000000018e400000|  0%| F|  |TAMS 0x000000018e000000, 0x000000018e000000| Untracked 
|1073|0x000000018e400000, 0x000000018e400000, 0x000000018e800000|  0%| F|  |TAMS 0x000000018e400000, 0x000000018e400000| Untracked 
|1074|0x000000018e800000, 0x000000018e800000, 0x000000018ec00000|  0%| F|  |TAMS 0x000000018e800000, 0x000000018e800000| Untracked 
|1075|0x000000018ec00000, 0x000000018ec00000, 0x000000018f000000|  0%| F|  |TAMS 0x000000018ec00000, 0x000000018ec00000| Untracked 
|1076|0x000000018f000000, 0x000000018f000000, 0x000000018f400000|  0%| F|  |TAMS 0x000000018f000000, 0x000000018f000000| Untracked 
|1077|0x000000018f400000, 0x000000018f400000, 0x000000018f800000|  0%| F|  |TAMS 0x000000018f400000, 0x000000018f400000| Untracked 
|1078|0x000000018f800000, 0x000000018f800000, 0x000000018fc00000|  0%| F|  |TAMS 0x000000018f800000, 0x000000018f800000| Untracked 
|1079|0x000000018fc00000, 0x000000018fc00000, 0x0000000190000000|  0%| F|  |TAMS 0x000000018fc00000, 0x000000018fc00000| Untracked 
|1080|0x0000000190000000, 0x0000000190000000, 0x0000000190400000|  0%| F|  |TAMS 0x0000000190000000, 0x0000000190000000| Untracked 
|1081|0x0000000190400000, 0x0000000190400000, 0x0000000190800000|  0%| F|  |TAMS 0x0000000190400000, 0x0000000190400000| Untracked 
|1082|0x0000000190800000, 0x0000000190800000, 0x0000000190c00000|  0%| F|  |TAMS 0x0000000190800000, 0x0000000190800000| Untracked 
|1083|0x0000000190c00000, 0x0000000190c00000, 0x0000000191000000|  0%| F|  |TAMS 0x0000000190c00000, 0x0000000190c00000| Untracked 
|1084|0x0000000191000000, 0x0000000191000000, 0x0000000191400000|  0%| F|  |TAMS 0x0000000191000000, 0x0000000191000000| Untracked 
|1085|0x0000000191400000, 0x0000000191400000, 0x0000000191800000|  0%| F|  |TAMS 0x0000000191400000, 0x0000000191400000| Untracked 
|1086|0x0000000191800000, 0x0000000191800000, 0x0000000191c00000|  0%| F|  |TAMS 0x0000000191800000, 0x0000000191800000| Untracked 
|1087|0x0000000191c00000, 0x0000000191c00000, 0x0000000192000000|  0%| F|  |TAMS 0x0000000191c00000, 0x0000000191c00000| Untracked 
|1088|0x0000000192000000, 0x0000000192000000, 0x0000000192400000|  0%| F|  |TAMS 0x0000000192000000, 0x0000000192000000| Untracked 
|1089|0x0000000192400000, 0x0000000192400000, 0x0000000192800000|  0%| F|  |TAMS 0x0000000192400000, 0x0000000192400000| Untracked 
|1090|0x0000000192800000, 0x0000000192800000, 0x0000000192c00000|  0%| F|  |TAMS 0x0000000192800000, 0x0000000192800000| Untracked 
|1091|0x0000000192c00000, 0x0000000192c00000, 0x0000000193000000|  0%| F|  |TAMS 0x0000000192c00000, 0x0000000192c00000| Untracked 
|1092|0x0000000193000000, 0x0000000193000000, 0x0000000193400000|  0%| F|  |TAMS 0x0000000193000000, 0x0000000193000000| Untracked 
|1093|0x0000000193400000, 0x0000000193400000, 0x0000000193800000|  0%| F|  |TAMS 0x0000000193400000, 0x0000000193400000| Untracked 
|1094|0x0000000193800000, 0x0000000193800000, 0x0000000193c00000|  0%| F|  |TAMS 0x0000000193800000, 0x0000000193800000| Untracked 
|1095|0x0000000193c00000, 0x0000000193c00000, 0x0000000194000000|  0%| F|  |TAMS 0x0000000193c00000, 0x0000000193c00000| Untracked 
|1096|0x0000000194000000, 0x0000000194000000, 0x0000000194400000|  0%| F|  |TAMS 0x0000000194000000, 0x0000000194000000| Untracked 
|1097|0x0000000194400000, 0x0000000194400000, 0x0000000194800000|  0%| F|  |TAMS 0x0000000194400000, 0x0000000194400000| Untracked 
|1098|0x0000000194800000, 0x0000000194800000, 0x0000000194c00000|  0%| F|  |TAMS 0x0000000194800000, 0x0000000194800000| Untracked 
|1099|0x0000000194c00000, 0x0000000194c00000, 0x0000000195000000|  0%| F|  |TAMS 0x0000000194c00000, 0x0000000194c00000| Untracked 
|1100|0x0000000195000000, 0x0000000195000000, 0x0000000195400000|  0%| F|  |TAMS 0x0000000195000000, 0x0000000195000000| Untracked 
|1101|0x0000000195400000, 0x0000000195400000, 0x0000000195800000|  0%| F|  |TAMS 0x0000000195400000, 0x0000000195400000| Untracked 
|1102|0x0000000195800000, 0x0000000195800000, 0x0000000195c00000|  0%| F|  |TAMS 0x0000000195800000, 0x0000000195800000| Untracked 
|1103|0x0000000195c00000, 0x0000000195c00000, 0x0000000196000000|  0%| F|  |TAMS 0x0000000195c00000, 0x0000000195c00000| Untracked 
|1104|0x0000000196000000, 0x0000000196000000, 0x0000000196400000|  0%| F|  |TAMS 0x0000000196000000, 0x0000000196000000| Untracked 
|1105|0x0000000196400000, 0x0000000196400000, 0x0000000196800000|  0%| F|  |TAMS 0x0000000196400000, 0x0000000196400000| Untracked 
|1106|0x0000000196800000, 0x0000000196800000, 0x0000000196c00000|  0%| F|  |TAMS 0x0000000196800000, 0x0000000196800000| Untracked 
|1107|0x0000000196c00000, 0x0000000196c00000, 0x0000000197000000|  0%| F|  |TAMS 0x0000000196c00000, 0x0000000196c00000| Untracked 
|1108|0x0000000197000000, 0x0000000197000000, 0x0000000197400000|  0%| F|  |TAMS 0x0000000197000000, 0x0000000197000000| Untracked 
|1109|0x0000000197400000, 0x0000000197400000, 0x0000000197800000|  0%| F|  |TAMS 0x0000000197400000, 0x0000000197400000| Untracked 
|1110|0x0000000197800000, 0x0000000197800000, 0x0000000197c00000|  0%| F|  |TAMS 0x0000000197800000, 0x0000000197800000| Untracked 
|1111|0x0000000197c00000, 0x0000000197c00000, 0x0000000198000000|  0%| F|  |TAMS 0x0000000197c00000, 0x0000000197c00000| Untracked 
|1112|0x0000000198000000, 0x0000000198000000, 0x0000000198400000|  0%| F|  |TAMS 0x0000000198000000, 0x0000000198000000| Untracked 
|1113|0x0000000198400000, 0x0000000198400000, 0x0000000198800000|  0%| F|  |TAMS 0x0000000198400000, 0x0000000198400000| Untracked 
|1114|0x0000000198800000, 0x0000000198800000, 0x0000000198c00000|  0%| F|  |TAMS 0x0000000198800000, 0x0000000198800000| Untracked 
|1115|0x0000000198c00000, 0x0000000198c00000, 0x0000000199000000|  0%| F|  |TAMS 0x0000000198c00000, 0x0000000198c00000| Untracked 
|1116|0x0000000199000000, 0x0000000199000000, 0x0000000199400000|  0%| F|  |TAMS 0x0000000199000000, 0x0000000199000000| Untracked 
|1117|0x0000000199400000, 0x0000000199400000, 0x0000000199800000|  0%| F|  |TAMS 0x0000000199400000, 0x0000000199400000| Untracked 
|1118|0x0000000199800000, 0x0000000199800000, 0x0000000199c00000|  0%| F|  |TAMS 0x0000000199800000, 0x0000000199800000| Untracked 
|1119|0x0000000199c00000, 0x0000000199c00000, 0x000000019a000000|  0%| F|  |TAMS 0x0000000199c00000, 0x0000000199c00000| Untracked 
|1120|0x000000019a000000, 0x000000019a000000, 0x000000019a400000|  0%| F|  |TAMS 0x000000019a000000, 0x000000019a000000| Untracked 
|1121|0x000000019a400000, 0x000000019a400000, 0x000000019a800000|  0%| F|  |TAMS 0x000000019a400000, 0x000000019a400000| Untracked 
|1122|0x000000019a800000, 0x000000019a800000, 0x000000019ac00000|  0%| F|  |TAMS 0x000000019a800000, 0x000000019a800000| Untracked 
|1123|0x000000019ac00000, 0x000000019ac00000, 0x000000019b000000|  0%| F|  |TAMS 0x000000019ac00000, 0x000000019ac00000| Untracked 
|1124|0x000000019b000000, 0x000000019b000000, 0x000000019b400000|  0%| F|  |TAMS 0x000000019b000000, 0x000000019b000000| Untracked 
|1125|0x000000019b400000, 0x000000019b400000, 0x000000019b800000|  0%| F|  |TAMS 0x000000019b400000, 0x000000019b400000| Untracked 
|1126|0x000000019b800000, 0x000000019b800000, 0x000000019bc00000|  0%| F|  |TAMS 0x000000019b800000, 0x000000019b800000| Untracked 
|1127|0x000000019bc00000, 0x000000019bc00000, 0x000000019c000000|  0%| F|  |TAMS 0x000000019bc00000, 0x000000019bc00000| Untracked 
|1128|0x000000019c000000, 0x000000019c000000, 0x000000019c400000|  0%| F|  |TAMS 0x000000019c000000, 0x000000019c000000| Untracked 
|1129|0x000000019c400000, 0x000000019c400000, 0x000000019c800000|  0%| F|  |TAMS 0x000000019c400000, 0x000000019c400000| Untracked 
|1130|0x000000019c800000, 0x000000019c800000, 0x000000019cc00000|  0%| F|  |TAMS 0x000000019c800000, 0x000000019c800000| Untracked 
|1131|0x000000019cc00000, 0x000000019cc00000, 0x000000019d000000|  0%| F|  |TAMS 0x000000019cc00000, 0x000000019cc00000| Untracked 
|1132|0x000000019d000000, 0x000000019d000000, 0x000000019d400000|  0%| F|  |TAMS 0x000000019d000000, 0x000000019d000000| Untracked 
|1133|0x000000019d400000, 0x000000019d400000, 0x000000019d800000|  0%| F|  |TAMS 0x000000019d400000, 0x000000019d400000| Untracked 
|1134|0x000000019d800000, 0x000000019d800000, 0x000000019dc00000|  0%| F|  |TAMS 0x000000019d800000, 0x000000019d800000| Untracked 
|1135|0x000000019dc00000, 0x000000019dc00000, 0x000000019e000000|  0%| F|  |TAMS 0x000000019dc00000, 0x000000019dc00000| Untracked 
|1136|0x000000019e000000, 0x000000019e000000, 0x000000019e400000|  0%| F|  |TAMS 0x000000019e000000, 0x000000019e000000| Untracked 
|1137|0x000000019e400000, 0x000000019e400000, 0x000000019e800000|  0%| F|  |TAMS 0x000000019e400000, 0x000000019e400000| Untracked 
|1138|0x000000019e800000, 0x000000019e800000, 0x000000019ec00000|  0%| F|  |TAMS 0x000000019e800000, 0x000000019e800000| Untracked 
|1139|0x000000019ec00000, 0x000000019ec00000, 0x000000019f000000|  0%| F|  |TAMS 0x000000019ec00000, 0x000000019ec00000| Untracked 
|1140|0x000000019f000000, 0x000000019f000000, 0x000000019f400000|  0%| F|  |TAMS 0x000000019f000000, 0x000000019f000000| Untracked 
|1141|0x000000019f400000, 0x000000019f400000, 0x000000019f800000|  0%| F|  |TAMS 0x000000019f400000, 0x000000019f400000| Untracked 
|1142|0x000000019f800000, 0x000000019f800000, 0x000000019fc00000|  0%| F|  |TAMS 0x000000019f800000, 0x000000019f800000| Untracked 
|1143|0x000000019fc00000, 0x000000019fc00000, 0x00000001a0000000|  0%| F|  |TAMS 0x000000019fc00000, 0x000000019fc00000| Untracked 
|1144|0x00000001a0000000, 0x00000001a0000000, 0x00000001a0400000|  0%| F|  |TAMS 0x00000001a0000000, 0x00000001a0000000| Untracked 
|1145|0x00000001a0400000, 0x00000001a0400000, 0x00000001a0800000|  0%| F|  |TAMS 0x00000001a0400000, 0x00000001a0400000| Untracked 
|1146|0x00000001a0800000, 0x00000001a0800000, 0x00000001a0c00000|  0%| F|  |TAMS 0x00000001a0800000, 0x00000001a0800000| Untracked 
|1147|0x00000001a0c00000, 0x00000001a0c00000, 0x00000001a1000000|  0%| F|  |TAMS 0x00000001a0c00000, 0x00000001a0c00000| Untracked 
|1148|0x00000001a1000000, 0x00000001a1000000, 0x00000001a1400000|  0%| F|  |TAMS 0x00000001a1000000, 0x00000001a1000000| Untracked 
|1149|0x00000001a1400000, 0x00000001a1400000, 0x00000001a1800000|  0%| F|  |TAMS 0x00000001a1400000, 0x00000001a1400000| Untracked 
|1150|0x00000001a1800000, 0x00000001a1800000, 0x00000001a1c00000|  0%| F|  |TAMS 0x00000001a1800000, 0x00000001a1800000| Untracked 
|1151|0x00000001a1c00000, 0x00000001a1c00000, 0x00000001a2000000|  0%| F|  |TAMS 0x00000001a1c00000, 0x00000001a1c00000| Untracked 
|1152|0x00000001a2000000, 0x00000001a2000000, 0x00000001a2400000|  0%| F|  |TAMS 0x00000001a2000000, 0x00000001a2000000| Untracked 
|1153|0x00000001a2400000, 0x00000001a2400000, 0x00000001a2800000|  0%| F|  |TAMS 0x00000001a2400000, 0x00000001a2400000| Untracked 
|1154|0x00000001a2800000, 0x00000001a2800000, 0x00000001a2c00000|  0%| F|  |TAMS 0x00000001a2800000, 0x00000001a2800000| Untracked 
|1155|0x00000001a2c00000, 0x00000001a2c00000, 0x00000001a3000000|  0%| F|  |TAMS 0x00000001a2c00000, 0x00000001a2c00000| Untracked 
|1156|0x00000001a3000000, 0x00000001a3000000, 0x00000001a3400000|  0%| F|  |TAMS 0x00000001a3000000, 0x00000001a3000000| Untracked 
|1157|0x00000001a3400000, 0x00000001a3400000, 0x00000001a3800000|  0%| F|  |TAMS 0x00000001a3400000, 0x00000001a3400000| Untracked 
|1158|0x00000001a3800000, 0x00000001a3800000, 0x00000001a3c00000|  0%| F|  |TAMS 0x00000001a3800000, 0x00000001a3800000| Untracked 
|1159|0x00000001a3c00000, 0x00000001a3c00000, 0x00000001a4000000|  0%| F|  |TAMS 0x00000001a3c00000, 0x00000001a3c00000| Untracked 
|1160|0x00000001a4000000, 0x00000001a4000000, 0x00000001a4400000|  0%| F|  |TAMS 0x00000001a4000000, 0x00000001a4000000| Untracked 
|1161|0x00000001a4400000, 0x00000001a4400000, 0x00000001a4800000|  0%| F|  |TAMS 0x00000001a4400000, 0x00000001a4400000| Untracked 
|1162|0x00000001a4800000, 0x00000001a4800000, 0x00000001a4c00000|  0%| F|  |TAMS 0x00000001a4800000, 0x00000001a4800000| Untracked 
|1163|0x00000001a4c00000, 0x00000001a4c00000, 0x00000001a5000000|  0%| F|  |TAMS 0x00000001a4c00000, 0x00000001a4c00000| Untracked 
|1164|0x00000001a5000000, 0x00000001a5000000, 0x00000001a5400000|  0%| F|  |TAMS 0x00000001a5000000, 0x00000001a5000000| Untracked 
|1165|0x00000001a5400000, 0x00000001a5400000, 0x00000001a5800000|  0%| F|  |TAMS 0x00000001a5400000, 0x00000001a5400000| Untracked 
|1166|0x00000001a5800000, 0x00000001a5800000, 0x00000001a5c00000|  0%| F|  |TAMS 0x00000001a5800000, 0x00000001a5800000| Untracked 
|1167|0x00000001a5c00000, 0x00000001a5c00000, 0x00000001a6000000|  0%| F|  |TAMS 0x00000001a5c00000, 0x00000001a5c00000| Untracked 
|1168|0x00000001a6000000, 0x00000001a6000000, 0x00000001a6400000|  0%| F|  |TAMS 0x00000001a6000000, 0x00000001a6000000| Untracked 
|1169|0x00000001a6400000, 0x00000001a6400000, 0x00000001a6800000|  0%| F|  |TAMS 0x00000001a6400000, 0x00000001a6400000| Untracked 
|1170|0x00000001a6800000, 0x00000001a6800000, 0x00000001a6c00000|  0%| F|  |TAMS 0x00000001a6800000, 0x00000001a6800000| Untracked 
|1171|0x00000001a6c00000, 0x00000001a6c00000, 0x00000001a7000000|  0%| F|  |TAMS 0x00000001a6c00000, 0x00000001a6c00000| Untracked 
|1172|0x00000001a7000000, 0x00000001a7000000, 0x00000001a7400000|  0%| F|  |TAMS 0x00000001a7000000, 0x00000001a7000000| Untracked 
|1173|0x00000001a7400000, 0x00000001a7400000, 0x00000001a7800000|  0%| F|  |TAMS 0x00000001a7400000, 0x00000001a7400000| Untracked 
|1174|0x00000001a7800000, 0x00000001a7800000, 0x00000001a7c00000|  0%| F|  |TAMS 0x00000001a7800000, 0x00000001a7800000| Untracked 
|1175|0x00000001a7c00000, 0x00000001a7c00000, 0x00000001a8000000|  0%| F|  |TAMS 0x00000001a7c00000, 0x00000001a7c00000| Untracked 
|1176|0x00000001a8000000, 0x00000001a8000000, 0x00000001a8400000|  0%| F|  |TAMS 0x00000001a8000000, 0x00000001a8000000| Untracked 
|1177|0x00000001a8400000, 0x00000001a8400000, 0x00000001a8800000|  0%| F|  |TAMS 0x00000001a8400000, 0x00000001a8400000| Untracked 
|1178|0x00000001a8800000, 0x00000001a8800000, 0x00000001a8c00000|  0%| F|  |TAMS 0x00000001a8800000, 0x00000001a8800000| Untracked 
|1179|0x00000001a8c00000, 0x00000001a8c00000, 0x00000001a9000000|  0%| F|  |TAMS 0x00000001a8c00000, 0x00000001a8c00000| Untracked 
|1180|0x00000001a9000000, 0x00000001a9000000, 0x00000001a9400000|  0%| F|  |TAMS 0x00000001a9000000, 0x00000001a9000000| Untracked 
|1181|0x00000001a9400000, 0x00000001a9400000, 0x00000001a9800000|  0%| F|  |TAMS 0x00000001a9400000, 0x00000001a9400000| Untracked 
|1182|0x00000001a9800000, 0x00000001a9800000, 0x00000001a9c00000|  0%| F|  |TAMS 0x00000001a9800000, 0x00000001a9800000| Untracked 
|1183|0x00000001a9c00000, 0x00000001a9c00000, 0x00000001aa000000|  0%| F|  |TAMS 0x00000001a9c00000, 0x00000001a9c00000| Untracked 
|1184|0x00000001aa000000, 0x00000001aa000000, 0x00000001aa400000|  0%| F|  |TAMS 0x00000001aa000000, 0x00000001aa000000| Untracked 
|1185|0x00000001aa400000, 0x00000001aa400000, 0x00000001aa800000|  0%| F|  |TAMS 0x00000001aa400000, 0x00000001aa400000| Untracked 
|1186|0x00000001aa800000, 0x00000001aa800000, 0x00000001aac00000|  0%| F|  |TAMS 0x00000001aa800000, 0x00000001aa800000| Untracked 
|1187|0x00000001aac00000, 0x00000001aac00000, 0x00000001ab000000|  0%| F|  |TAMS 0x00000001aac00000, 0x00000001aac00000| Untracked 
|1188|0x00000001ab000000, 0x00000001ab347eb0, 0x00000001ab400000| 82%| S|CS|TAMS 0x00000001ab000000, 0x00000001ab000000| Complete 
|1189|0x00000001ab400000, 0x00000001ab800000, 0x00000001ab800000|100%| S|CS|TAMS 0x00000001ab400000, 0x00000001ab400000| Complete 
|1190|0x00000001ab800000, 0x00000001abc00000, 0x00000001abc00000|100%| S|CS|TAMS 0x00000001ab800000, 0x00000001ab800000| Complete 
|1191|0x00000001abc00000, 0x00000001ac000000, 0x00000001ac000000|100%| S|CS|TAMS 0x00000001abc00000, 0x00000001abc00000| Complete 
|1192|0x00000001ac000000, 0x00000001ac400000, 0x00000001ac400000|100%| S|CS|TAMS 0x00000001ac000000, 0x00000001ac000000| Complete 
|1193|0x00000001ac400000, 0x00000001ac800000, 0x00000001ac800000|100%| S|CS|TAMS 0x00000001ac400000, 0x00000001ac400000| Complete 
|1194|0x00000001ac800000, 0x00000001acc00000, 0x00000001acc00000|100%| S|CS|TAMS 0x00000001ac800000, 0x00000001ac800000| Complete 
|1195|0x00000001acc00000, 0x00000001ad000000, 0x00000001ad000000|100%| S|CS|TAMS 0x00000001acc00000, 0x00000001acc00000| Complete 
|1196|0x00000001ad000000, 0x00000001ad400000, 0x00000001ad400000|100%| S|CS|TAMS 0x00000001ad000000, 0x00000001ad000000| Complete 
|1197|0x00000001ad400000, 0x00000001ad800000, 0x00000001ad800000|100%| S|CS|TAMS 0x00000001ad400000, 0x00000001ad400000| Complete 
|1198|0x00000001ad800000, 0x00000001adc00000, 0x00000001adc00000|100%| S|CS|TAMS 0x00000001ad800000, 0x00000001ad800000| Complete 
|1199|0x00000001adc00000, 0x00000001ae000000, 0x00000001ae000000|100%| S|CS|TAMS 0x00000001adc00000, 0x00000001adc00000| Complete 
|1200|0x00000001ae000000, 0x00000001ae400000, 0x00000001ae400000|100%| S|CS|TAMS 0x00000001ae000000, 0x00000001ae000000| Complete 
|1201|0x00000001ae400000, 0x00000001ae800000, 0x00000001ae800000|100%| S|CS|TAMS 0x00000001ae400000, 0x00000001ae400000| Complete 
|1202|0x00000001ae800000, 0x00000001aec00000, 0x00000001aec00000|100%| S|CS|TAMS 0x00000001ae800000, 0x00000001ae800000| Complete 
|1203|0x00000001aec00000, 0x00000001af000000, 0x00000001af000000|100%| S|CS|TAMS 0x00000001aec00000, 0x00000001aec00000| Complete 
|1204|0x00000001af000000, 0x00000001af400000, 0x00000001af400000|100%| S|CS|TAMS 0x00000001af000000, 0x00000001af000000| Complete 
|1205|0x00000001af400000, 0x00000001af800000, 0x00000001af800000|100%| S|CS|TAMS 0x00000001af400000, 0x00000001af400000| Complete 
|1206|0x00000001af800000, 0x00000001afc00000, 0x00000001afc00000|100%| S|CS|TAMS 0x00000001af800000, 0x00000001af800000| Complete 
|1207|0x00000001afc00000, 0x00000001b0000000, 0x00000001b0000000|100%| S|CS|TAMS 0x00000001afc00000, 0x00000001afc00000| Complete 
|1208|0x00000001b0000000, 0x00000001b0400000, 0x00000001b0400000|100%| S|CS|TAMS 0x00000001b0000000, 0x00000001b0000000| Complete 
|1209|0x00000001b0400000, 0x00000001b0800000, 0x00000001b0800000|100%| S|CS|TAMS 0x00000001b0400000, 0x00000001b0400000| Complete 
|1210|0x00000001b0800000, 0x00000001b0c00000, 0x00000001b0c00000|100%| S|CS|TAMS 0x00000001b0800000, 0x00000001b0800000| Complete 
|1211|0x00000001b0c00000, 0x00000001b0c00000, 0x00000001b1000000|  0%| F|  |TAMS 0x00000001b0c00000, 0x00000001b0c00000| Untracked 
|1212|0x00000001b1000000, 0x00000001b1000000, 0x00000001b1400000|  0%| F|  |TAMS 0x00000001b1000000, 0x00000001b1000000| Untracked 
|1213|0x00000001b1400000, 0x00000001b1400000, 0x00000001b1800000|  0%| F|  |TAMS 0x00000001b1400000, 0x00000001b1400000| Untracked 
|1214|0x00000001b1800000, 0x00000001b1800000, 0x00000001b1c00000|  0%| F|  |TAMS 0x00000001b1800000, 0x00000001b1800000| Untracked 
|1215|0x00000001b1c00000, 0x00000001b1c00000, 0x00000001b2000000|  0%| F|  |TAMS 0x00000001b1c00000, 0x00000001b1c00000| Untracked 
|1216|0x00000001b2000000, 0x00000001b2000000, 0x00000001b2400000|  0%| F|  |TAMS 0x00000001b2000000, 0x00000001b2000000| Untracked 
|1217|0x00000001b2400000, 0x00000001b2400000, 0x00000001b2800000|  0%| F|  |TAMS 0x00000001b2400000, 0x00000001b2400000| Untracked 
|1218|0x00000001b2800000, 0x00000001b2800000, 0x00000001b2c00000|  0%| F|  |TAMS 0x00000001b2800000, 0x00000001b2800000| Untracked 
|1219|0x00000001b2c00000, 0x00000001b2c00000, 0x00000001b3000000|  0%| F|  |TAMS 0x00000001b2c00000, 0x00000001b2c00000| Untracked 
|1220|0x00000001b3000000, 0x00000001b3000000, 0x00000001b3400000|  0%| F|  |TAMS 0x00000001b3000000, 0x00000001b3000000| Untracked 
|1221|0x00000001b3400000, 0x00000001b3400000, 0x00000001b3800000|  0%| F|  |TAMS 0x00000001b3400000, 0x00000001b3400000| Untracked 
|1222|0x00000001b3800000, 0x00000001b3800000, 0x00000001b3c00000|  0%| F|  |TAMS 0x00000001b3800000, 0x00000001b3800000| Untracked 
|1223|0x00000001b3c00000, 0x00000001b3c00000, 0x00000001b4000000|  0%| F|  |TAMS 0x00000001b3c00000, 0x00000001b3c00000| Untracked 
|1224|0x00000001b4000000, 0x00000001b4000000, 0x00000001b4400000|  0%| F|  |TAMS 0x00000001b4000000, 0x00000001b4000000| Untracked 
|1225|0x00000001b4400000, 0x00000001b4400000, 0x00000001b4800000|  0%| F|  |TAMS 0x00000001b4400000, 0x00000001b4400000| Untracked 
|1226|0x00000001b4800000, 0x00000001b4800000, 0x00000001b4c00000|  0%| F|  |TAMS 0x00000001b4800000, 0x00000001b4800000| Untracked 
|1227|0x00000001b4c00000, 0x00000001b4c00000, 0x00000001b5000000|  0%| F|  |TAMS 0x00000001b4c00000, 0x00000001b4c00000| Untracked 
|1228|0x00000001b5000000, 0x00000001b5000000, 0x00000001b5400000|  0%| F|  |TAMS 0x00000001b5000000, 0x00000001b5000000| Untracked 
|1229|0x00000001b5400000, 0x00000001b5400000, 0x00000001b5800000|  0%| F|  |TAMS 0x00000001b5400000, 0x00000001b5400000| Untracked 
|1230|0x00000001b5800000, 0x00000001b5800000, 0x00000001b5c00000|  0%| F|  |TAMS 0x00000001b5800000, 0x00000001b5800000| Untracked 
|1231|0x00000001b5c00000, 0x00000001b5c00000, 0x00000001b6000000|  0%| F|  |TAMS 0x00000001b5c00000, 0x00000001b5c00000| Untracked 
|1232|0x00000001b6000000, 0x00000001b6000000, 0x00000001b6400000|  0%| F|  |TAMS 0x00000001b6000000, 0x00000001b6000000| Untracked 
|1233|0x00000001b6400000, 0x00000001b6400000, 0x00000001b6800000|  0%| F|  |TAMS 0x00000001b6400000, 0x00000001b6400000| Untracked 
|1234|0x00000001b6800000, 0x00000001b6800000, 0x00000001b6c00000|  0%| F|  |TAMS 0x00000001b6800000, 0x00000001b6800000| Untracked 
|1235|0x00000001b6c00000, 0x00000001b6c00000, 0x00000001b7000000|  0%| F|  |TAMS 0x00000001b6c00000, 0x00000001b6c00000| Untracked 
|1236|0x00000001b7000000, 0x00000001b7000000, 0x00000001b7400000|  0%| F|  |TAMS 0x00000001b7000000, 0x00000001b7000000| Untracked 
|1237|0x00000001b7400000, 0x00000001b7400000, 0x00000001b7800000|  0%| F|  |TAMS 0x00000001b7400000, 0x00000001b7400000| Untracked 
|1238|0x00000001b7800000, 0x00000001b7800000, 0x00000001b7c00000|  0%| F|  |TAMS 0x00000001b7800000, 0x00000001b7800000| Untracked 
|1239|0x00000001b7c00000, 0x00000001b7c00000, 0x00000001b8000000|  0%| F|  |TAMS 0x00000001b7c00000, 0x00000001b7c00000| Untracked 
|1240|0x00000001b8000000, 0x00000001b8000000, 0x00000001b8400000|  0%| F|  |TAMS 0x00000001b8000000, 0x00000001b8000000| Untracked 
|1241|0x00000001b8400000, 0x00000001b8400000, 0x00000001b8800000|  0%| F|  |TAMS 0x00000001b8400000, 0x00000001b8400000| Untracked 
|1242|0x00000001b8800000, 0x00000001b8800000, 0x00000001b8c00000|  0%| F|  |TAMS 0x00000001b8800000, 0x00000001b8800000| Untracked 
|1243|0x00000001b8c00000, 0x00000001b8c00000, 0x00000001b9000000|  0%| F|  |TAMS 0x00000001b8c00000, 0x00000001b8c00000| Untracked 
|1244|0x00000001b9000000, 0x00000001b9000000, 0x00000001b9400000|  0%| F|  |TAMS 0x00000001b9000000, 0x00000001b9000000| Untracked 
|1245|0x00000001b9400000, 0x00000001b9400000, 0x00000001b9800000|  0%| F|  |TAMS 0x00000001b9400000, 0x00000001b9400000| Untracked 
|1246|0x00000001b9800000, 0x00000001b9800000, 0x00000001b9c00000|  0%| F|  |TAMS 0x00000001b9800000, 0x00000001b9800000| Untracked 
|1247|0x00000001b9c00000, 0x00000001b9c00000, 0x00000001ba000000|  0%| F|  |TAMS 0x00000001b9c00000, 0x00000001b9c00000| Untracked 
|1248|0x00000001ba000000, 0x00000001ba000000, 0x00000001ba400000|  0%| F|  |TAMS 0x00000001ba000000, 0x00000001ba000000| Untracked 
|1249|0x00000001ba400000, 0x00000001ba400000, 0x00000001ba800000|  0%| F|  |TAMS 0x00000001ba400000, 0x00000001ba400000| Untracked 
|1250|0x00000001ba800000, 0x00000001ba800000, 0x00000001bac00000|  0%| F|  |TAMS 0x00000001ba800000, 0x00000001ba800000| Untracked 
|1251|0x00000001bac00000, 0x00000001bac00000, 0x00000001bb000000|  0%| F|  |TAMS 0x00000001bac00000, 0x00000001bac00000| Untracked 
|1252|0x00000001bb000000, 0x00000001bb000000, 0x00000001bb400000|  0%| F|  |TAMS 0x00000001bb000000, 0x00000001bb000000| Untracked 
|1253|0x00000001bb400000, 0x00000001bb400000, 0x00000001bb800000|  0%| F|  |TAMS 0x00000001bb400000, 0x00000001bb400000| Untracked 
|1254|0x00000001bb800000, 0x00000001bb800000, 0x00000001bbc00000|  0%| F|  |TAMS 0x00000001bb800000, 0x00000001bb800000| Untracked 
|1255|0x00000001bbc00000, 0x00000001bbc00000, 0x00000001bc000000|  0%| F|  |TAMS 0x00000001bbc00000, 0x00000001bbc00000| Untracked 
|1256|0x00000001bc000000, 0x00000001bc000000, 0x00000001bc400000|  0%| F|  |TAMS 0x00000001bc000000, 0x00000001bc000000| Untracked 
|1257|0x00000001bc400000, 0x00000001bc400000, 0x00000001bc800000|  0%| F|  |TAMS 0x00000001bc400000, 0x00000001bc400000| Untracked 
|1258|0x00000001bc800000, 0x00000001bc800000, 0x00000001bcc00000|  0%| F|  |TAMS 0x00000001bc800000, 0x00000001bc800000| Untracked 
|1259|0x00000001bcc00000, 0x00000001bcc00000, 0x00000001bd000000|  0%| F|  |TAMS 0x00000001bcc00000, 0x00000001bcc00000| Untracked 
|1260|0x00000001bd000000, 0x00000001bd000000, 0x00000001bd400000|  0%| F|  |TAMS 0x00000001bd000000, 0x00000001bd000000| Untracked 
|1261|0x00000001bd400000, 0x00000001bd400000, 0x00000001bd800000|  0%| F|  |TAMS 0x00000001bd400000, 0x00000001bd400000| Untracked 
|1262|0x00000001bd800000, 0x00000001bd800000, 0x00000001bdc00000|  0%| F|  |TAMS 0x00000001bd800000, 0x00000001bd800000| Untracked 
|1263|0x00000001bdc00000, 0x00000001bdc00000, 0x00000001be000000|  0%| F|  |TAMS 0x00000001bdc00000, 0x00000001bdc00000| Untracked 
|1264|0x00000001be000000, 0x00000001be000000, 0x00000001be400000|  0%| F|  |TAMS 0x00000001be000000, 0x00000001be000000| Untracked 
|1265|0x00000001be400000, 0x00000001be400000, 0x00000001be800000|  0%| F|  |TAMS 0x00000001be400000, 0x00000001be400000| Untracked 
|1266|0x00000001be800000, 0x00000001be800000, 0x00000001bec00000|  0%| F|  |TAMS 0x00000001be800000, 0x00000001be800000| Untracked 
|1267|0x00000001bec00000, 0x00000001bec00000, 0x00000001bf000000|  0%| F|  |TAMS 0x00000001bec00000, 0x00000001bec00000| Untracked 
|1268|0x00000001bf000000, 0x00000001bf000000, 0x00000001bf400000|  0%| F|  |TAMS 0x00000001bf000000, 0x00000001bf000000| Untracked 
|1269|0x00000001bf400000, 0x00000001bf400000, 0x00000001bf800000|  0%| F|  |TAMS 0x00000001bf400000, 0x00000001bf400000| Untracked 
|1270|0x00000001bf800000, 0x00000001bf800000, 0x00000001bfc00000|  0%| F|  |TAMS 0x00000001bf800000, 0x00000001bf800000| Untracked 
|1271|0x00000001bfc00000, 0x00000001bfc00000, 0x00000001c0000000|  0%| F|  |TAMS 0x00000001bfc00000, 0x00000001bfc00000| Untracked 
|1272|0x00000001c0000000, 0x00000001c0000000, 0x00000001c0400000|  0%| F|  |TAMS 0x00000001c0000000, 0x00000001c0000000| Untracked 
|1273|0x00000001c0400000, 0x00000001c0400000, 0x00000001c0800000|  0%| F|  |TAMS 0x00000001c0400000, 0x00000001c0400000| Untracked 
|1274|0x00000001c0800000, 0x00000001c0800000, 0x00000001c0c00000|  0%| F|  |TAMS 0x00000001c0800000, 0x00000001c0800000| Untracked 
|1275|0x00000001c0c00000, 0x00000001c0c00000, 0x00000001c1000000|  0%| F|  |TAMS 0x00000001c0c00000, 0x00000001c0c00000| Untracked 
|1276|0x00000001c1000000, 0x00000001c1000000, 0x00000001c1400000|  0%| F|  |TAMS 0x00000001c1000000, 0x00000001c1000000| Untracked 
|1277|0x00000001c1400000, 0x00000001c1400000, 0x00000001c1800000|  0%| F|  |TAMS 0x00000001c1400000, 0x00000001c1400000| Untracked 
|1278|0x00000001c1800000, 0x00000001c1800000, 0x00000001c1c00000|  0%| F|  |TAMS 0x00000001c1800000, 0x00000001c1800000| Untracked 
|1279|0x00000001c1c00000, 0x00000001c1c00000, 0x00000001c2000000|  0%| F|  |TAMS 0x00000001c1c00000, 0x00000001c1c00000| Untracked 
|1280|0x00000001c2000000, 0x00000001c2000000, 0x00000001c2400000|  0%| F|  |TAMS 0x00000001c2000000, 0x00000001c2000000| Untracked 
|1281|0x00000001c2400000, 0x00000001c2400000, 0x00000001c2800000|  0%| F|  |TAMS 0x00000001c2400000, 0x00000001c2400000| Untracked 
|1282|0x00000001c2800000, 0x00000001c2800000, 0x00000001c2c00000|  0%| F|  |TAMS 0x00000001c2800000, 0x00000001c2800000| Untracked 
|1283|0x00000001c2c00000, 0x00000001c2c00000, 0x00000001c3000000|  0%| F|  |TAMS 0x00000001c2c00000, 0x00000001c2c00000| Untracked 
|1284|0x00000001c3000000, 0x00000001c3000000, 0x00000001c3400000|  0%| F|  |TAMS 0x00000001c3000000, 0x00000001c3000000| Untracked 
|1285|0x00000001c3400000, 0x00000001c3400000, 0x00000001c3800000|  0%| F|  |TAMS 0x00000001c3400000, 0x00000001c3400000| Untracked 
|1286|0x00000001c3800000, 0x00000001c3800000, 0x00000001c3c00000|  0%| F|  |TAMS 0x00000001c3800000, 0x00000001c3800000| Untracked 
|1287|0x00000001c3c00000, 0x00000001c3c00000, 0x00000001c4000000|  0%| F|  |TAMS 0x00000001c3c00000, 0x00000001c3c00000| Untracked 
|1288|0x00000001c4000000, 0x00000001c4000000, 0x00000001c4400000|  0%| F|  |TAMS 0x00000001c4000000, 0x00000001c4000000| Untracked 
|1289|0x00000001c4400000, 0x00000001c4400000, 0x00000001c4800000|  0%| F|  |TAMS 0x00000001c4400000, 0x00000001c4400000| Untracked 
|1290|0x00000001c4800000, 0x00000001c4800000, 0x00000001c4c00000|  0%| F|  |TAMS 0x00000001c4800000, 0x00000001c4800000| Untracked 
|1291|0x00000001c4c00000, 0x00000001c4c00000, 0x00000001c5000000|  0%| F|  |TAMS 0x00000001c4c00000, 0x00000001c4c00000| Untracked 
|1292|0x00000001c5000000, 0x00000001c5000000, 0x00000001c5400000|  0%| F|  |TAMS 0x00000001c5000000, 0x00000001c5000000| Untracked 
|1293|0x00000001c5400000, 0x00000001c5400000, 0x00000001c5800000|  0%| F|  |TAMS 0x00000001c5400000, 0x00000001c5400000| Untracked 
|1294|0x00000001c5800000, 0x00000001c5800000, 0x00000001c5c00000|  0%| F|  |TAMS 0x00000001c5800000, 0x00000001c5800000| Untracked 
|1295|0x00000001c5c00000, 0x00000001c5c00000, 0x00000001c6000000|  0%| F|  |TAMS 0x00000001c5c00000, 0x00000001c5c00000| Untracked 
|1296|0x00000001c6000000, 0x00000001c6000000, 0x00000001c6400000|  0%| F|  |TAMS 0x00000001c6000000, 0x00000001c6000000| Untracked 
|1297|0x00000001c6400000, 0x00000001c6400000, 0x00000001c6800000|  0%| F|  |TAMS 0x00000001c6400000, 0x00000001c6400000| Untracked 
|1298|0x00000001c6800000, 0x00000001c6800000, 0x00000001c6c00000|  0%| F|  |TAMS 0x00000001c6800000, 0x00000001c6800000| Untracked 
|1299|0x00000001c6c00000, 0x00000001c6c00000, 0x00000001c7000000|  0%| F|  |TAMS 0x00000001c6c00000, 0x00000001c6c00000| Untracked 
|1300|0x00000001c7000000, 0x00000001c7000000, 0x00000001c7400000|  0%| F|  |TAMS 0x00000001c7000000, 0x00000001c7000000| Untracked 
|1301|0x00000001c7400000, 0x00000001c7400000, 0x00000001c7800000|  0%| F|  |TAMS 0x00000001c7400000, 0x00000001c7400000| Untracked 
|1302|0x00000001c7800000, 0x00000001c7800000, 0x00000001c7c00000|  0%| F|  |TAMS 0x00000001c7800000, 0x00000001c7800000| Untracked 
|1303|0x00000001c7c00000, 0x00000001c7c00000, 0x00000001c8000000|  0%| F|  |TAMS 0x00000001c7c00000, 0x00000001c7c00000| Untracked 
|1304|0x00000001c8000000, 0x00000001c8000000, 0x00000001c8400000|  0%| F|  |TAMS 0x00000001c8000000, 0x00000001c8000000| Untracked 
|1305|0x00000001c8400000, 0x00000001c8400000, 0x00000001c8800000|  0%| F|  |TAMS 0x00000001c8400000, 0x00000001c8400000| Untracked 
|1306|0x00000001c8800000, 0x00000001c8800000, 0x00000001c8c00000|  0%| F|  |TAMS 0x00000001c8800000, 0x00000001c8800000| Untracked 
|1307|0x00000001c8c00000, 0x00000001c8c00000, 0x00000001c9000000|  0%| F|  |TAMS 0x00000001c8c00000, 0x00000001c8c00000| Untracked 
|1308|0x00000001c9000000, 0x00000001c9000000, 0x00000001c9400000|  0%| F|  |TAMS 0x00000001c9000000, 0x00000001c9000000| Untracked 
|1309|0x00000001c9400000, 0x00000001c9400000, 0x00000001c9800000|  0%| F|  |TAMS 0x00000001c9400000, 0x00000001c9400000| Untracked 
|1310|0x00000001c9800000, 0x00000001c9800000, 0x00000001c9c00000|  0%| F|  |TAMS 0x00000001c9800000, 0x00000001c9800000| Untracked 
|1311|0x00000001c9c00000, 0x00000001c9c00000, 0x00000001ca000000|  0%| F|  |TAMS 0x00000001c9c00000, 0x00000001c9c00000| Untracked 
|1312|0x00000001ca000000, 0x00000001ca000000, 0x00000001ca400000|  0%| F|  |TAMS 0x00000001ca000000, 0x00000001ca000000| Untracked 
|1313|0x00000001ca400000, 0x00000001ca400000, 0x00000001ca800000|  0%| F|  |TAMS 0x00000001ca400000, 0x00000001ca400000| Untracked 
|1314|0x00000001ca800000, 0x00000001ca800000, 0x00000001cac00000|  0%| F|  |TAMS 0x00000001ca800000, 0x00000001ca800000| Untracked 
|1315|0x00000001cac00000, 0x00000001cac00000, 0x00000001cb000000|  0%| F|  |TAMS 0x00000001cac00000, 0x00000001cac00000| Untracked 
|1316|0x00000001cb000000, 0x00000001cb000000, 0x00000001cb400000|  0%| F|  |TAMS 0x00000001cb000000, 0x00000001cb000000| Untracked 
|1317|0x00000001cb400000, 0x00000001cb400000, 0x00000001cb800000|  0%| F|  |TAMS 0x00000001cb400000, 0x00000001cb400000| Untracked 
|1318|0x00000001cb800000, 0x00000001cb800000, 0x00000001cbc00000|  0%| F|  |TAMS 0x00000001cb800000, 0x00000001cb800000| Untracked 
|1319|0x00000001cbc00000, 0x00000001cbc00000, 0x00000001cc000000|  0%| F|  |TAMS 0x00000001cbc00000, 0x00000001cbc00000| Untracked 
|1320|0x00000001cc000000, 0x00000001cc000000, 0x00000001cc400000|  0%| F|  |TAMS 0x00000001cc000000, 0x00000001cc000000| Untracked 
|1321|0x00000001cc400000, 0x00000001cc400000, 0x00000001cc800000|  0%| F|  |TAMS 0x00000001cc400000, 0x00000001cc400000| Untracked 
|1322|0x00000001cc800000, 0x00000001cc800000, 0x00000001ccc00000|  0%| F|  |TAMS 0x00000001cc800000, 0x00000001cc800000| Untracked 
|1323|0x00000001ccc00000, 0x00000001ccc00000, 0x00000001cd000000|  0%| F|  |TAMS 0x00000001ccc00000, 0x00000001ccc00000| Untracked 
|1324|0x00000001cd000000, 0x00000001cd000000, 0x00000001cd400000|  0%| F|  |TAMS 0x00000001cd000000, 0x00000001cd000000| Untracked 
|1325|0x00000001cd400000, 0x00000001cd400000, 0x00000001cd800000|  0%| F|  |TAMS 0x00000001cd400000, 0x00000001cd400000| Untracked 
|1326|0x00000001cd800000, 0x00000001cd800000, 0x00000001cdc00000|  0%| F|  |TAMS 0x00000001cd800000, 0x00000001cd800000| Untracked 
|1327|0x00000001cdc00000, 0x00000001cdc00000, 0x00000001ce000000|  0%| F|  |TAMS 0x00000001cdc00000, 0x00000001cdc00000| Untracked 
|1328|0x00000001ce000000, 0x00000001ce000000, 0x00000001ce400000|  0%| F|  |TAMS 0x00000001ce000000, 0x00000001ce000000| Untracked 
|1329|0x00000001ce400000, 0x00000001ce400000, 0x00000001ce800000|  0%| F|  |TAMS 0x00000001ce400000, 0x00000001ce400000| Untracked 
|1330|0x00000001ce800000, 0x00000001ce800000, 0x00000001cec00000|  0%| F|  |TAMS 0x00000001ce800000, 0x00000001ce800000| Untracked 
|1331|0x00000001cec00000, 0x00000001cec00000, 0x00000001cf000000|  0%| F|  |TAMS 0x00000001cec00000, 0x00000001cec00000| Untracked 
|1332|0x00000001cf000000, 0x00000001cf000000, 0x00000001cf400000|  0%| F|  |TAMS 0x00000001cf000000, 0x00000001cf000000| Untracked 
|1333|0x00000001cf400000, 0x00000001cf400000, 0x00000001cf800000|  0%| F|  |TAMS 0x00000001cf400000, 0x00000001cf400000| Untracked 
|1334|0x00000001cf800000, 0x00000001cf800000, 0x00000001cfc00000|  0%| F|  |TAMS 0x00000001cf800000, 0x00000001cf800000| Untracked 
|1335|0x00000001cfc00000, 0x00000001cfc00000, 0x00000001d0000000|  0%| F|  |TAMS 0x00000001cfc00000, 0x00000001cfc00000| Untracked 
|1336|0x00000001d0000000, 0x00000001d0000000, 0x00000001d0400000|  0%| F|  |TAMS 0x00000001d0000000, 0x00000001d0000000| Untracked 
|1337|0x00000001d0400000, 0x00000001d0400000, 0x00000001d0800000|  0%| F|  |TAMS 0x00000001d0400000, 0x00000001d0400000| Untracked 
|1338|0x00000001d0800000, 0x00000001d0800000, 0x00000001d0c00000|  0%| F|  |TAMS 0x00000001d0800000, 0x00000001d0800000| Untracked 
|1339|0x00000001d0c00000, 0x00000001d0c00000, 0x00000001d1000000|  0%| F|  |TAMS 0x00000001d0c00000, 0x00000001d0c00000| Untracked 
|1340|0x00000001d1000000, 0x00000001d1000000, 0x00000001d1400000|  0%| F|  |TAMS 0x00000001d1000000, 0x00000001d1000000| Untracked 
|1341|0x00000001d1400000, 0x00000001d1400000, 0x00000001d1800000|  0%| F|  |TAMS 0x00000001d1400000, 0x00000001d1400000| Untracked 
|1342|0x00000001d1800000, 0x00000001d1800000, 0x00000001d1c00000|  0%| F|  |TAMS 0x00000001d1800000, 0x00000001d1800000| Untracked 
|1343|0x00000001d1c00000, 0x00000001d1c00000, 0x00000001d2000000|  0%| F|  |TAMS 0x00000001d1c00000, 0x00000001d1c00000| Untracked 
|1344|0x00000001d2000000, 0x00000001d2000000, 0x00000001d2400000|  0%| F|  |TAMS 0x00000001d2000000, 0x00000001d2000000| Untracked 
|1345|0x00000001d2400000, 0x00000001d2400000, 0x00000001d2800000|  0%| F|  |TAMS 0x00000001d2400000, 0x00000001d2400000| Untracked 
|1346|0x00000001d2800000, 0x00000001d2800000, 0x00000001d2c00000|  0%| F|  |TAMS 0x00000001d2800000, 0x00000001d2800000| Untracked 
|1347|0x00000001d2c00000, 0x00000001d2c00000, 0x00000001d3000000|  0%| F|  |TAMS 0x00000001d2c00000, 0x00000001d2c00000| Untracked 
|1348|0x00000001d3000000, 0x00000001d3000000, 0x00000001d3400000|  0%| F|  |TAMS 0x00000001d3000000, 0x00000001d3000000| Untracked 
|1349|0x00000001d3400000, 0x00000001d3400000, 0x00000001d3800000|  0%| F|  |TAMS 0x00000001d3400000, 0x00000001d3400000| Untracked 
|1350|0x00000001d3800000, 0x00000001d3800000, 0x00000001d3c00000|  0%| F|  |TAMS 0x00000001d3800000, 0x00000001d3800000| Untracked 
|1351|0x00000001d3c00000, 0x00000001d3c00000, 0x00000001d4000000|  0%| F|  |TAMS 0x00000001d3c00000, 0x00000001d3c00000| Untracked 
|1352|0x00000001d4000000, 0x00000001d4000000, 0x00000001d4400000|  0%| F|  |TAMS 0x00000001d4000000, 0x00000001d4000000| Untracked 
|1353|0x00000001d4400000, 0x00000001d4400000, 0x00000001d4800000|  0%| F|  |TAMS 0x00000001d4400000, 0x00000001d4400000| Untracked 
|1354|0x00000001d4800000, 0x00000001d4800000, 0x00000001d4c00000|  0%| F|  |TAMS 0x00000001d4800000, 0x00000001d4800000| Untracked 
|1355|0x00000001d4c00000, 0x00000001d4c00000, 0x00000001d5000000|  0%| F|  |TAMS 0x00000001d4c00000, 0x00000001d4c00000| Untracked 
|1356|0x00000001d5000000, 0x00000001d5000000, 0x00000001d5400000|  0%| F|  |TAMS 0x00000001d5000000, 0x00000001d5000000| Untracked 
|1357|0x00000001d5400000, 0x00000001d5400000, 0x00000001d5800000|  0%| F|  |TAMS 0x00000001d5400000, 0x00000001d5400000| Untracked 
|1358|0x00000001d5800000, 0x00000001d5800000, 0x00000001d5c00000|  0%| F|  |TAMS 0x00000001d5800000, 0x00000001d5800000| Untracked 
|1359|0x00000001d5c00000, 0x00000001d5c00000, 0x00000001d6000000|  0%| F|  |TAMS 0x00000001d5c00000, 0x00000001d5c00000| Untracked 
|1360|0x00000001d6000000, 0x00000001d6000000, 0x00000001d6400000|  0%| F|  |TAMS 0x00000001d6000000, 0x00000001d6000000| Untracked 
|1361|0x00000001d6400000, 0x00000001d6400000, 0x00000001d6800000|  0%| F|  |TAMS 0x00000001d6400000, 0x00000001d6400000| Untracked 
|1362|0x00000001d6800000, 0x00000001d6800000, 0x00000001d6c00000|  0%| F|  |TAMS 0x00000001d6800000, 0x00000001d6800000| Untracked 
|1363|0x00000001d6c00000, 0x00000001d6c00000, 0x00000001d7000000|  0%| F|  |TAMS 0x00000001d6c00000, 0x00000001d6c00000| Untracked 
|1364|0x00000001d7000000, 0x00000001d7000000, 0x00000001d7400000|  0%| F|  |TAMS 0x00000001d7000000, 0x00000001d7000000| Untracked 
|1365|0x00000001d7400000, 0x00000001d7400000, 0x00000001d7800000|  0%| F|  |TAMS 0x00000001d7400000, 0x00000001d7400000| Untracked 
|1366|0x00000001d7800000, 0x00000001d7800000, 0x00000001d7c00000|  0%| F|  |TAMS 0x00000001d7800000, 0x00000001d7800000| Untracked 
|1367|0x00000001d7c00000, 0x00000001d7c00000, 0x00000001d8000000|  0%| F|  |TAMS 0x00000001d7c00000, 0x00000001d7c00000| Untracked 
|1368|0x00000001d8000000, 0x00000001d8000000, 0x00000001d8400000|  0%| F|  |TAMS 0x00000001d8000000, 0x00000001d8000000| Untracked 
|1369|0x00000001d8400000, 0x00000001d8400000, 0x00000001d8800000|  0%| F|  |TAMS 0x00000001d8400000, 0x00000001d8400000| Untracked 
|1370|0x00000001d8800000, 0x00000001d8800000, 0x00000001d8c00000|  0%| F|  |TAMS 0x00000001d8800000, 0x00000001d8800000| Untracked 
|1371|0x00000001d8c00000, 0x00000001d8c00000, 0x00000001d9000000|  0%| F|  |TAMS 0x00000001d8c00000, 0x00000001d8c00000| Untracked 
|1372|0x00000001d9000000, 0x00000001d9000000, 0x00000001d9400000|  0%| F|  |TAMS 0x00000001d9000000, 0x00000001d9000000| Untracked 
|1373|0x00000001d9400000, 0x00000001d9400000, 0x00000001d9800000|  0%| F|  |TAMS 0x00000001d9400000, 0x00000001d9400000| Untracked 
|1374|0x00000001d9800000, 0x00000001d9800000, 0x00000001d9c00000|  0%| F|  |TAMS 0x00000001d9800000, 0x00000001d9800000| Untracked 
|1375|0x00000001d9c00000, 0x00000001d9c00000, 0x00000001da000000|  0%| F|  |TAMS 0x00000001d9c00000, 0x00000001d9c00000| Untracked 
|1376|0x00000001da000000, 0x00000001da000000, 0x00000001da400000|  0%| F|  |TAMS 0x00000001da000000, 0x00000001da000000| Untracked 
|1377|0x00000001da400000, 0x00000001da400000, 0x00000001da800000|  0%| F|  |TAMS 0x00000001da400000, 0x00000001da400000| Untracked 
|1378|0x00000001da800000, 0x00000001da800000, 0x00000001dac00000|  0%| F|  |TAMS 0x00000001da800000, 0x00000001da800000| Untracked 
|1379|0x00000001dac00000, 0x00000001dac00000, 0x00000001db000000|  0%| F|  |TAMS 0x00000001dac00000, 0x00000001dac00000| Untracked 
|1380|0x00000001db000000, 0x00000001db000000, 0x00000001db400000|  0%| F|  |TAMS 0x00000001db000000, 0x00000001db000000| Untracked 
|1381|0x00000001db400000, 0x00000001db400000, 0x00000001db800000|  0%| F|  |TAMS 0x00000001db400000, 0x00000001db400000| Untracked 
|1382|0x00000001db800000, 0x00000001db800000, 0x00000001dbc00000|  0%| F|  |TAMS 0x00000001db800000, 0x00000001db800000| Untracked 
|1383|0x00000001dbc00000, 0x00000001dbc00000, 0x00000001dc000000|  0%| F|  |TAMS 0x00000001dbc00000, 0x00000001dbc00000| Untracked 
|1384|0x00000001dc000000, 0x00000001dc000000, 0x00000001dc400000|  0%| F|  |TAMS 0x00000001dc000000, 0x00000001dc000000| Untracked 
|1385|0x00000001dc400000, 0x00000001dc400000, 0x00000001dc800000|  0%| F|  |TAMS 0x00000001dc400000, 0x00000001dc400000| Untracked 
|1386|0x00000001dc800000, 0x00000001dc800000, 0x00000001dcc00000|  0%| F|  |TAMS 0x00000001dc800000, 0x00000001dc800000| Untracked 
|1387|0x00000001dcc00000, 0x00000001dcc00000, 0x00000001dd000000|  0%| F|  |TAMS 0x00000001dcc00000, 0x00000001dcc00000| Untracked 
|1388|0x00000001dd000000, 0x00000001dd000000, 0x00000001dd400000|  0%| F|  |TAMS 0x00000001dd000000, 0x00000001dd000000| Untracked 
|1389|0x00000001dd400000, 0x00000001dd400000, 0x00000001dd800000|  0%| F|  |TAMS 0x00000001dd400000, 0x00000001dd400000| Untracked 
|1390|0x00000001dd800000, 0x00000001dd800000, 0x00000001ddc00000|  0%| F|  |TAMS 0x00000001dd800000, 0x00000001dd800000| Untracked 
|1391|0x00000001ddc00000, 0x00000001ddc00000, 0x00000001de000000|  0%| F|  |TAMS 0x00000001ddc00000, 0x00000001ddc00000| Untracked 
|1392|0x00000001de000000, 0x00000001de000000, 0x00000001de400000|  0%| F|  |TAMS 0x00000001de000000, 0x00000001de000000| Untracked 
|1393|0x00000001de400000, 0x00000001de400000, 0x00000001de800000|  0%| F|  |TAMS 0x00000001de400000, 0x00000001de400000| Untracked 
|1394|0x00000001de800000, 0x00000001de800000, 0x00000001dec00000|  0%| F|  |TAMS 0x00000001de800000, 0x00000001de800000| Untracked 
|1395|0x00000001dec00000, 0x00000001dec00000, 0x00000001df000000|  0%| F|  |TAMS 0x00000001dec00000, 0x00000001dec00000| Untracked 
|1396|0x00000001df000000, 0x00000001df000000, 0x00000001df400000|  0%| F|  |TAMS 0x00000001df000000, 0x00000001df000000| Untracked 
|1397|0x00000001df400000, 0x00000001df400000, 0x00000001df800000|  0%| F|  |TAMS 0x00000001df400000, 0x00000001df400000| Untracked 
|1398|0x00000001df800000, 0x00000001df800000, 0x00000001dfc00000|  0%| F|  |TAMS 0x00000001df800000, 0x00000001df800000| Untracked 
|1399|0x00000001dfc00000, 0x00000001dfc00000, 0x00000001e0000000|  0%| F|  |TAMS 0x00000001dfc00000, 0x00000001dfc00000| Untracked 
|1400|0x00000001e0000000, 0x00000001e0000000, 0x00000001e0400000|  0%| F|  |TAMS 0x00000001e0000000, 0x00000001e0000000| Untracked 
|1401|0x00000001e0400000, 0x00000001e0400000, 0x00000001e0800000|  0%| F|  |TAMS 0x00000001e0400000, 0x00000001e0400000| Untracked 
|1402|0x00000001e0800000, 0x00000001e0800000, 0x00000001e0c00000|  0%| F|  |TAMS 0x00000001e0800000, 0x00000001e0800000| Untracked 
|1403|0x00000001e0c00000, 0x00000001e0c00000, 0x00000001e1000000|  0%| F|  |TAMS 0x00000001e0c00000, 0x00000001e0c00000| Untracked 
|1404|0x00000001e1000000, 0x00000001e1000000, 0x00000001e1400000|  0%| F|  |TAMS 0x00000001e1000000, 0x00000001e1000000| Untracked 
|1405|0x00000001e1400000, 0x00000001e1400000, 0x00000001e1800000|  0%| F|  |TAMS 0x00000001e1400000, 0x00000001e1400000| Untracked 
|1406|0x00000001e1800000, 0x00000001e1800000, 0x00000001e1c00000|  0%| F|  |TAMS 0x00000001e1800000, 0x00000001e1800000| Untracked 
|1407|0x00000001e1c00000, 0x00000001e1c00000, 0x00000001e2000000|  0%| F|  |TAMS 0x00000001e1c00000, 0x00000001e1c00000| Untracked 
|1408|0x00000001e2000000, 0x00000001e2000000, 0x00000001e2400000|  0%| F|  |TAMS 0x00000001e2000000, 0x00000001e2000000| Untracked 
|1409|0x00000001e2400000, 0x00000001e2400000, 0x00000001e2800000|  0%| F|  |TAMS 0x00000001e2400000, 0x00000001e2400000| Untracked 
|1410|0x00000001e2800000, 0x00000001e2800000, 0x00000001e2c00000|  0%| F|  |TAMS 0x00000001e2800000, 0x00000001e2800000| Untracked 
|1411|0x00000001e2c00000, 0x00000001e2c00000, 0x00000001e3000000|  0%| F|  |TAMS 0x00000001e2c00000, 0x00000001e2c00000| Untracked 
|1412|0x00000001e3000000, 0x00000001e3000000, 0x00000001e3400000|  0%| F|  |TAMS 0x00000001e3000000, 0x00000001e3000000| Untracked 
|1413|0x00000001e3400000, 0x00000001e3400000, 0x00000001e3800000|  0%| F|  |TAMS 0x00000001e3400000, 0x00000001e3400000| Untracked 
|1414|0x00000001e3800000, 0x00000001e3800000, 0x00000001e3c00000|  0%| F|  |TAMS 0x00000001e3800000, 0x00000001e3800000| Untracked 
|1415|0x00000001e3c00000, 0x00000001e3c00000, 0x00000001e4000000|  0%| F|  |TAMS 0x00000001e3c00000, 0x00000001e3c00000| Untracked 
|1416|0x00000001e4000000, 0x00000001e4000000, 0x00000001e4400000|  0%| F|  |TAMS 0x00000001e4000000, 0x00000001e4000000| Untracked 
|1417|0x00000001e4400000, 0x00000001e4400000, 0x00000001e4800000|  0%| F|  |TAMS 0x00000001e4400000, 0x00000001e4400000| Untracked 
|1418|0x00000001e4800000, 0x00000001e4800000, 0x00000001e4c00000|  0%| F|  |TAMS 0x00000001e4800000, 0x00000001e4800000| Untracked 
|1419|0x00000001e4c00000, 0x00000001e4c00000, 0x00000001e5000000|  0%| F|  |TAMS 0x00000001e4c00000, 0x00000001e4c00000| Untracked 
|1420|0x00000001e5000000, 0x00000001e5000000, 0x00000001e5400000|  0%| F|  |TAMS 0x00000001e5000000, 0x00000001e5000000| Untracked 
|1421|0x00000001e5400000, 0x00000001e5400000, 0x00000001e5800000|  0%| F|  |TAMS 0x00000001e5400000, 0x00000001e5400000| Untracked 
|1422|0x00000001e5800000, 0x00000001e5800000, 0x00000001e5c00000|  0%| F|  |TAMS 0x00000001e5800000, 0x00000001e5800000| Untracked 
|1423|0x00000001e5c00000, 0x00000001e5c00000, 0x00000001e6000000|  0%| F|  |TAMS 0x00000001e5c00000, 0x00000001e5c00000| Untracked 
|1424|0x00000001e6000000, 0x00000001e6000000, 0x00000001e6400000|  0%| F|  |TAMS 0x00000001e6000000, 0x00000001e6000000| Untracked 
|1425|0x00000001e6400000, 0x00000001e6400000, 0x00000001e6800000|  0%| F|  |TAMS 0x00000001e6400000, 0x00000001e6400000| Untracked 
|1426|0x00000001e6800000, 0x00000001e6800000, 0x00000001e6c00000|  0%| F|  |TAMS 0x00000001e6800000, 0x00000001e6800000| Untracked 
|1427|0x00000001e6c00000, 0x00000001e6c00000, 0x00000001e7000000|  0%| F|  |TAMS 0x00000001e6c00000, 0x00000001e6c00000| Untracked 
|1428|0x00000001e7000000, 0x00000001e7000000, 0x00000001e7400000|  0%| F|  |TAMS 0x00000001e7000000, 0x00000001e7000000| Untracked 
|1429|0x00000001e7400000, 0x00000001e7400000, 0x00000001e7800000|  0%| F|  |TAMS 0x00000001e7400000, 0x00000001e7400000| Untracked 
|1430|0x00000001e7800000, 0x00000001e7800000, 0x00000001e7c00000|  0%| F|  |TAMS 0x00000001e7800000, 0x00000001e7800000| Untracked 
|1431|0x00000001e7c00000, 0x00000001e7c00000, 0x00000001e8000000|  0%| F|  |TAMS 0x00000001e7c00000, 0x00000001e7c00000| Untracked 
|1432|0x00000001e8000000, 0x00000001e8000000, 0x00000001e8400000|  0%| F|  |TAMS 0x00000001e8000000, 0x00000001e8000000| Untracked 
|1433|0x00000001e8400000, 0x00000001e8400000, 0x00000001e8800000|  0%| F|  |TAMS 0x00000001e8400000, 0x00000001e8400000| Untracked 
|1434|0x00000001e8800000, 0x00000001e8800000, 0x00000001e8c00000|  0%| F|  |TAMS 0x00000001e8800000, 0x00000001e8800000| Untracked 
|1435|0x00000001e8c00000, 0x00000001e8c00000, 0x00000001e9000000|  0%| F|  |TAMS 0x00000001e8c00000, 0x00000001e8c00000| Untracked 
|1436|0x00000001e9000000, 0x00000001e9000000, 0x00000001e9400000|  0%| F|  |TAMS 0x00000001e9000000, 0x00000001e9000000| Untracked 
|1437|0x00000001e9400000, 0x00000001e9400000, 0x00000001e9800000|  0%| F|  |TAMS 0x00000001e9400000, 0x00000001e9400000| Untracked 
|1438|0x00000001e9800000, 0x00000001e9800000, 0x00000001e9c00000|  0%| F|  |TAMS 0x00000001e9800000, 0x00000001e9800000| Untracked 
|1439|0x00000001e9c00000, 0x00000001e9c00000, 0x00000001ea000000|  0%| F|  |TAMS 0x00000001e9c00000, 0x00000001e9c00000| Untracked 
|1440|0x00000001ea000000, 0x00000001ea000000, 0x00000001ea400000|  0%| F|  |TAMS 0x00000001ea000000, 0x00000001ea000000| Untracked 
|1441|0x00000001ea400000, 0x00000001ea400000, 0x00000001ea800000|  0%| F|  |TAMS 0x00000001ea400000, 0x00000001ea400000| Untracked 
|1442|0x00000001ea800000, 0x00000001ea800000, 0x00000001eac00000|  0%| F|  |TAMS 0x00000001ea800000, 0x00000001ea800000| Untracked 
|1443|0x00000001eac00000, 0x00000001eac00000, 0x00000001eb000000|  0%| F|  |TAMS 0x00000001eac00000, 0x00000001eac00000| Untracked 
|1444|0x00000001eb000000, 0x00000001eb000000, 0x00000001eb400000|  0%| F|  |TAMS 0x00000001eb000000, 0x00000001eb000000| Untracked 
|1445|0x00000001eb400000, 0x00000001eb400000, 0x00000001eb800000|  0%| F|  |TAMS 0x00000001eb400000, 0x00000001eb400000| Untracked 
|1446|0x00000001eb800000, 0x00000001eb800000, 0x00000001ebc00000|  0%| F|  |TAMS 0x00000001eb800000, 0x00000001eb800000| Untracked 
|1447|0x00000001ebc00000, 0x00000001ebc00000, 0x00000001ec000000|  0%| F|  |TAMS 0x00000001ebc00000, 0x00000001ebc00000| Untracked 
|1448|0x00000001ec000000, 0x00000001ec000000, 0x00000001ec400000|  0%| F|  |TAMS 0x00000001ec000000, 0x00000001ec000000| Untracked 
|1449|0x00000001ec400000, 0x00000001ec400000, 0x00000001ec800000|  0%| F|  |TAMS 0x00000001ec400000, 0x00000001ec400000| Untracked 
|1450|0x00000001ec800000, 0x00000001ec800000, 0x00000001ecc00000|  0%| F|  |TAMS 0x00000001ec800000, 0x00000001ec800000| Untracked 
|1451|0x00000001ecc00000, 0x00000001ecc00000, 0x00000001ed000000|  0%| F|  |TAMS 0x00000001ecc00000, 0x00000001ecc00000| Untracked 
|1452|0x00000001ed000000, 0x00000001ed000000, 0x00000001ed400000|  0%| F|  |TAMS 0x00000001ed000000, 0x00000001ed000000| Untracked 
|1453|0x00000001ed400000, 0x00000001ed400000, 0x00000001ed800000|  0%| F|  |TAMS 0x00000001ed400000, 0x00000001ed400000| Untracked 
|1454|0x00000001ed800000, 0x00000001ed800000, 0x00000001edc00000|  0%| F|  |TAMS 0x00000001ed800000, 0x00000001ed800000| Untracked 
|1455|0x00000001edc00000, 0x00000001edc00000, 0x00000001ee000000|  0%| F|  |TAMS 0x00000001edc00000, 0x00000001edc00000| Untracked 
|1456|0x00000001ee000000, 0x00000001ee000000, 0x00000001ee400000|  0%| F|  |TAMS 0x00000001ee000000, 0x00000001ee000000| Untracked 
|1457|0x00000001ee400000, 0x00000001ee400000, 0x00000001ee800000|  0%| F|  |TAMS 0x00000001ee400000, 0x00000001ee400000| Untracked 
|1458|0x00000001ee800000, 0x00000001ee800000, 0x00000001eec00000|  0%| F|  |TAMS 0x00000001ee800000, 0x00000001ee800000| Untracked 
|1459|0x00000001eec00000, 0x00000001eec00000, 0x00000001ef000000|  0%| F|  |TAMS 0x00000001eec00000, 0x00000001eec00000| Untracked 
|1460|0x00000001ef000000, 0x00000001ef000000, 0x00000001ef400000|  0%| F|  |TAMS 0x00000001ef000000, 0x00000001ef000000| Untracked 
|1461|0x00000001ef400000, 0x00000001ef400000, 0x00000001ef800000|  0%| F|  |TAMS 0x00000001ef400000, 0x00000001ef400000| Untracked 
|1462|0x00000001ef800000, 0x00000001ef800000, 0x00000001efc00000|  0%| F|  |TAMS 0x00000001ef800000, 0x00000001ef800000| Untracked 
|1463|0x00000001efc00000, 0x00000001efc00000, 0x00000001f0000000|  0%| F|  |TAMS 0x00000001efc00000, 0x00000001efc00000| Untracked 
|1464|0x00000001f0000000, 0x00000001f0000000, 0x00000001f0400000|  0%| F|  |TAMS 0x00000001f0000000, 0x00000001f0000000| Untracked 
|1465|0x00000001f0400000, 0x00000001f0400000, 0x00000001f0800000|  0%| F|  |TAMS 0x00000001f0400000, 0x00000001f0400000| Untracked 
|1466|0x00000001f0800000, 0x00000001f0800000, 0x00000001f0c00000|  0%| F|  |TAMS 0x00000001f0800000, 0x00000001f0800000| Untracked 
|1467|0x00000001f0c00000, 0x00000001f0c00000, 0x00000001f1000000|  0%| F|  |TAMS 0x00000001f0c00000, 0x00000001f0c00000| Untracked 
|1468|0x00000001f1000000, 0x00000001f1000000, 0x00000001f1400000|  0%| F|  |TAMS 0x00000001f1000000, 0x00000001f1000000| Untracked 
|1469|0x00000001f1400000, 0x00000001f1400000, 0x00000001f1800000|  0%| F|  |TAMS 0x00000001f1400000, 0x00000001f1400000| Untracked 
|1470|0x00000001f1800000, 0x00000001f1800000, 0x00000001f1c00000|  0%| F|  |TAMS 0x00000001f1800000, 0x00000001f1800000| Untracked 
|1471|0x00000001f1c00000, 0x00000001f1c00000, 0x00000001f2000000|  0%| F|  |TAMS 0x00000001f1c00000, 0x00000001f1c00000| Untracked 
|1472|0x00000001f2000000, 0x00000001f2000000, 0x00000001f2400000|  0%| F|  |TAMS 0x00000001f2000000, 0x00000001f2000000| Untracked 
|1473|0x00000001f2400000, 0x00000001f2400000, 0x00000001f2800000|  0%| F|  |TAMS 0x00000001f2400000, 0x00000001f2400000| Untracked 
|1474|0x00000001f2800000, 0x00000001f2800000, 0x00000001f2c00000|  0%| F|  |TAMS 0x00000001f2800000, 0x00000001f2800000| Untracked 
|1475|0x00000001f2c00000, 0x00000001f2c00000, 0x00000001f3000000|  0%| F|  |TAMS 0x00000001f2c00000, 0x00000001f2c00000| Untracked 
|1476|0x00000001f3000000, 0x00000001f3000000, 0x00000001f3400000|  0%| F|  |TAMS 0x00000001f3000000, 0x00000001f3000000| Untracked 
|1477|0x00000001f3400000, 0x00000001f3400000, 0x00000001f3800000|  0%| F|  |TAMS 0x00000001f3400000, 0x00000001f3400000| Untracked 
|1478|0x00000001f3800000, 0x00000001f3800000, 0x00000001f3c00000|  0%| F|  |TAMS 0x00000001f3800000, 0x00000001f3800000| Untracked 
|1479|0x00000001f3c00000, 0x00000001f3c00000, 0x00000001f4000000|  0%| F|  |TAMS 0x00000001f3c00000, 0x00000001f3c00000| Untracked 
|1480|0x00000001f4000000, 0x00000001f4000000, 0x00000001f4400000|  0%| F|  |TAMS 0x00000001f4000000, 0x00000001f4000000| Untracked 
|1481|0x00000001f4400000, 0x00000001f4400000, 0x00000001f4800000|  0%| F|  |TAMS 0x00000001f4400000, 0x00000001f4400000| Untracked 
|1482|0x00000001f4800000, 0x00000001f4800000, 0x00000001f4c00000|  0%| F|  |TAMS 0x00000001f4800000, 0x00000001f4800000| Untracked 
|1483|0x00000001f4c00000, 0x00000001f4c00000, 0x00000001f5000000|  0%| F|  |TAMS 0x00000001f4c00000, 0x00000001f4c00000| Untracked 
|1484|0x00000001f5000000, 0x00000001f5000000, 0x00000001f5400000|  0%| F|  |TAMS 0x00000001f5000000, 0x00000001f5000000| Untracked 
|1485|0x00000001f5400000, 0x00000001f5400000, 0x00000001f5800000|  0%| F|  |TAMS 0x00000001f5400000, 0x00000001f5400000| Untracked 
|1486|0x00000001f5800000, 0x00000001f5800000, 0x00000001f5c00000|  0%| F|  |TAMS 0x00000001f5800000, 0x00000001f5800000| Untracked 
|1487|0x00000001f5c00000, 0x00000001f5c00000, 0x00000001f6000000|  0%| F|  |TAMS 0x00000001f5c00000, 0x00000001f5c00000| Untracked 
|1488|0x00000001f6000000, 0x00000001f6000000, 0x00000001f6400000|  0%| F|  |TAMS 0x00000001f6000000, 0x00000001f6000000| Untracked 
|1489|0x00000001f6400000, 0x00000001f6400000, 0x00000001f6800000|  0%| F|  |TAMS 0x00000001f6400000, 0x00000001f6400000| Untracked 
|1490|0x00000001f6800000, 0x00000001f6800000, 0x00000001f6c00000|  0%| F|  |TAMS 0x00000001f6800000, 0x00000001f6800000| Untracked 
|1491|0x00000001f6c00000, 0x00000001f6c00000, 0x00000001f7000000|  0%| F|  |TAMS 0x00000001f6c00000, 0x00000001f6c00000| Untracked 
|1492|0x00000001f7000000, 0x00000001f7000000, 0x00000001f7400000|  0%| F|  |TAMS 0x00000001f7000000, 0x00000001f7000000| Untracked 
|1493|0x00000001f7400000, 0x00000001f7400000, 0x00000001f7800000|  0%| F|  |TAMS 0x00000001f7400000, 0x00000001f7400000| Untracked 
|1494|0x00000001f7800000, 0x00000001f7800000, 0x00000001f7c00000|  0%| F|  |TAMS 0x00000001f7800000, 0x00000001f7800000| Untracked 
|1495|0x00000001f7c00000, 0x00000001f7c00000, 0x00000001f8000000|  0%| F|  |TAMS 0x00000001f7c00000, 0x00000001f7c00000| Untracked 
|1496|0x00000001f8000000, 0x00000001f8000000, 0x00000001f8400000|  0%| F|  |TAMS 0x00000001f8000000, 0x00000001f8000000| Untracked 
|1497|0x00000001f8400000, 0x00000001f8400000, 0x00000001f8800000|  0%| F|  |TAMS 0x00000001f8400000, 0x00000001f8400000| Untracked 
|1498|0x00000001f8800000, 0x00000001f8800000, 0x00000001f8c00000|  0%| F|  |TAMS 0x00000001f8800000, 0x00000001f8800000| Untracked 
|1499|0x00000001f8c00000, 0x00000001f8c00000, 0x00000001f9000000|  0%| F|  |TAMS 0x00000001f8c00000, 0x00000001f8c00000| Untracked 
|1500|0x00000001f9000000, 0x00000001f9000000, 0x00000001f9400000|  0%| F|  |TAMS 0x00000001f9000000, 0x00000001f9000000| Untracked 
|1501|0x00000001f9400000, 0x00000001f9400000, 0x00000001f9800000|  0%| F|  |TAMS 0x00000001f9400000, 0x00000001f9400000| Untracked 
|1502|0x00000001f9800000, 0x00000001f9800000, 0x00000001f9c00000|  0%| F|  |TAMS 0x00000001f9800000, 0x00000001f9800000| Untracked 
|1503|0x00000001f9c00000, 0x00000001f9c00000, 0x00000001fa000000|  0%| F|  |TAMS 0x00000001f9c00000, 0x00000001f9c00000| Untracked 
|1504|0x00000001fa000000, 0x00000001fa000000, 0x00000001fa400000|  0%| F|  |TAMS 0x00000001fa000000, 0x00000001fa000000| Untracked 
|1505|0x00000001fa400000, 0x00000001fa400000, 0x00000001fa800000|  0%| F|  |TAMS 0x00000001fa400000, 0x00000001fa400000| Untracked 
|1506|0x00000001fa800000, 0x00000001fa800000, 0x00000001fac00000|  0%| F|  |TAMS 0x00000001fa800000, 0x00000001fa800000| Untracked 
|1507|0x00000001fac00000, 0x00000001fac00000, 0x00000001fb000000|  0%| F|  |TAMS 0x00000001fac00000, 0x00000001fac00000| Untracked 
|1508|0x00000001fb000000, 0x00000001fb000000, 0x00000001fb400000|  0%| F|  |TAMS 0x00000001fb000000, 0x00000001fb000000| Untracked 
|1509|0x00000001fb400000, 0x00000001fb400000, 0x00000001fb800000|  0%| F|  |TAMS 0x00000001fb400000, 0x00000001fb400000| Untracked 
|1510|0x00000001fb800000, 0x00000001fb800000, 0x00000001fbc00000|  0%| F|  |TAMS 0x00000001fb800000, 0x00000001fb800000| Untracked 
|1511|0x00000001fbc00000, 0x00000001fbc00000, 0x00000001fc000000|  0%| F|  |TAMS 0x00000001fbc00000, 0x00000001fbc00000| Untracked 
|1512|0x00000001fc000000, 0x00000001fc000000, 0x00000001fc400000|  0%| F|  |TAMS 0x00000001fc000000, 0x00000001fc000000| Untracked 
|1513|0x00000001fc400000, 0x00000001fc400000, 0x00000001fc800000|  0%| F|  |TAMS 0x00000001fc400000, 0x00000001fc400000| Untracked 
|1514|0x00000001fc800000, 0x00000001fc800000, 0x00000001fcc00000|  0%| F|  |TAMS 0x00000001fc800000, 0x00000001fc800000| Untracked 
|1515|0x00000001fcc00000, 0x00000001fcc00000, 0x00000001fd000000|  0%| F|  |TAMS 0x00000001fcc00000, 0x00000001fcc00000| Untracked 
|1516|0x00000001fd000000, 0x00000001fd000000, 0x00000001fd400000|  0%| F|  |TAMS 0x00000001fd000000, 0x00000001fd000000| Untracked 
|1517|0x00000001fd400000, 0x00000001fd400000, 0x00000001fd800000|  0%| F|  |TAMS 0x00000001fd400000, 0x00000001fd400000| Untracked 
|1518|0x00000001fd800000, 0x00000001fd800000, 0x00000001fdc00000|  0%| F|  |TAMS 0x00000001fd800000, 0x00000001fd800000| Untracked 
|1519|0x00000001fdc00000, 0x00000001fdc00000, 0x00000001fe000000|  0%| F|  |TAMS 0x00000001fdc00000, 0x00000001fdc00000| Untracked 
|1520|0x00000001fe000000, 0x00000001fe000000, 0x00000001fe400000|  0%| F|  |TAMS 0x00000001fe000000, 0x00000001fe000000| Untracked 
|1521|0x00000001fe400000, 0x00000001fe400000, 0x00000001fe800000|  0%| F|  |TAMS 0x00000001fe400000, 0x00000001fe400000| Untracked 
|1522|0x00000001fe800000, 0x00000001fe800000, 0x00000001fec00000|  0%| F|  |TAMS 0x00000001fe800000, 0x00000001fe800000| Untracked 
|1523|0x00000001fec00000, 0x00000001fec00000, 0x00000001ff000000|  0%| F|  |TAMS 0x00000001fec00000, 0x00000001fec00000| Untracked 
|1524|0x00000001ff000000, 0x00000001ff000000, 0x00000001ff400000|  0%| F|  |TAMS 0x00000001ff000000, 0x00000001ff000000| Untracked 
|1525|0x00000001ff400000, 0x00000001ff400000, 0x00000001ff800000|  0%| F|  |TAMS 0x00000001ff400000, 0x00000001ff400000| Untracked 
|1526|0x00000001ff800000, 0x00000001ff800000, 0x00000001ffc00000|  0%| F|  |TAMS 0x00000001ff800000, 0x00000001ff800000| Untracked 
|1527|0x00000001ffc00000, 0x00000001ffc00000, 0x0000000200000000|  0%| F|  |TAMS 0x00000001ffc00000, 0x00000001ffc00000| Untracked 
|1528|0x0000000200000000, 0x0000000200000000, 0x0000000200400000|  0%| F|  |TAMS 0x0000000200000000, 0x0000000200000000| Untracked 
|1529|0x0000000200400000, 0x0000000200400000, 0x0000000200800000|  0%| F|  |TAMS 0x0000000200400000, 0x0000000200400000| Untracked 
|1530|0x0000000200800000, 0x0000000200800000, 0x0000000200c00000|  0%| F|  |TAMS 0x0000000200800000, 0x0000000200800000| Untracked 
|1531|0x0000000200c00000, 0x0000000200c00000, 0x0000000201000000|  0%| F|  |TAMS 0x0000000200c00000, 0x0000000200c00000| Untracked 
|1532|0x0000000201000000, 0x0000000201000000, 0x0000000201400000|  0%| F|  |TAMS 0x0000000201000000, 0x0000000201000000| Untracked 
|1533|0x0000000201400000, 0x0000000201400000, 0x0000000201800000|  0%| F|  |TAMS 0x0000000201400000, 0x0000000201400000| Untracked 
|1534|0x0000000201800000, 0x0000000201800000, 0x0000000201c00000|  0%| F|  |TAMS 0x0000000201800000, 0x0000000201800000| Untracked 
|1535|0x0000000201c00000, 0x0000000201c00000, 0x0000000202000000|  0%| F|  |TAMS 0x0000000201c00000, 0x0000000201c00000| Untracked 
|1536|0x0000000202000000, 0x0000000202000000, 0x0000000202400000|  0%| F|  |TAMS 0x0000000202000000, 0x0000000202000000| Untracked 
|1537|0x0000000202400000, 0x0000000202400000, 0x0000000202800000|  0%| F|  |TAMS 0x0000000202400000, 0x0000000202400000| Untracked 
|1538|0x0000000202800000, 0x0000000202800000, 0x0000000202c00000|  0%| F|  |TAMS 0x0000000202800000, 0x0000000202800000| Untracked 
|1539|0x0000000202c00000, 0x0000000202c00000, 0x0000000203000000|  0%| F|  |TAMS 0x0000000202c00000, 0x0000000202c00000| Untracked 
|1540|0x0000000203000000, 0x0000000203000000, 0x0000000203400000|  0%| F|  |TAMS 0x0000000203000000, 0x0000000203000000| Untracked 
|1541|0x0000000203400000, 0x0000000203400000, 0x0000000203800000|  0%| F|  |TAMS 0x0000000203400000, 0x0000000203400000| Untracked 
|1542|0x0000000203800000, 0x0000000203800000, 0x0000000203c00000|  0%| F|  |TAMS 0x0000000203800000, 0x0000000203800000| Untracked 
|1543|0x0000000203c00000, 0x0000000203c00000, 0x0000000204000000|  0%| F|  |TAMS 0x0000000203c00000, 0x0000000203c00000| Untracked 
|1544|0x0000000204000000, 0x0000000204000000, 0x0000000204400000|  0%| F|  |TAMS 0x0000000204000000, 0x0000000204000000| Untracked 
|1545|0x0000000204400000, 0x0000000204400000, 0x0000000204800000|  0%| F|  |TAMS 0x0000000204400000, 0x0000000204400000| Untracked 
|1546|0x0000000204800000, 0x0000000204800000, 0x0000000204c00000|  0%| F|  |TAMS 0x0000000204800000, 0x0000000204800000| Untracked 
|1547|0x0000000204c00000, 0x0000000204c00000, 0x0000000205000000|  0%| F|  |TAMS 0x0000000204c00000, 0x0000000204c00000| Untracked 
|1548|0x0000000205000000, 0x0000000205000000, 0x0000000205400000|  0%| F|  |TAMS 0x0000000205000000, 0x0000000205000000| Untracked 
|1549|0x0000000205400000, 0x0000000205400000, 0x0000000205800000|  0%| F|  |TAMS 0x0000000205400000, 0x0000000205400000| Untracked 
|1550|0x0000000205800000, 0x0000000205800000, 0x0000000205c00000|  0%| F|  |TAMS 0x0000000205800000, 0x0000000205800000| Untracked 
|1551|0x0000000205c00000, 0x0000000205c00000, 0x0000000206000000|  0%| F|  |TAMS 0x0000000205c00000, 0x0000000205c00000| Untracked 
|1552|0x0000000206000000, 0x0000000206000000, 0x0000000206400000|  0%| F|  |TAMS 0x0000000206000000, 0x0000000206000000| Untracked 
|1553|0x0000000206400000, 0x0000000206400000, 0x0000000206800000|  0%| F|  |TAMS 0x0000000206400000, 0x0000000206400000| Untracked 
|1554|0x0000000206800000, 0x0000000206800000, 0x0000000206c00000|  0%| F|  |TAMS 0x0000000206800000, 0x0000000206800000| Untracked 
|1555|0x0000000206c00000, 0x0000000206c00000, 0x0000000207000000|  0%| F|  |TAMS 0x0000000206c00000, 0x0000000206c00000| Untracked 
|1556|0x0000000207000000, 0x0000000207000000, 0x0000000207400000|  0%| F|  |TAMS 0x0000000207000000, 0x0000000207000000| Untracked 
|1557|0x0000000207400000, 0x0000000207400000, 0x0000000207800000|  0%| F|  |TAMS 0x0000000207400000, 0x0000000207400000| Untracked 
|1558|0x0000000207800000, 0x0000000207800000, 0x0000000207c00000|  0%| F|  |TAMS 0x0000000207800000, 0x0000000207800000| Untracked 
|1559|0x0000000207c00000, 0x0000000207c00000, 0x0000000208000000|  0%| F|  |TAMS 0x0000000207c00000, 0x0000000207c00000| Untracked 
|1560|0x0000000208000000, 0x0000000208000000, 0x0000000208400000|  0%| F|  |TAMS 0x0000000208000000, 0x0000000208000000| Untracked 
|1561|0x0000000208400000, 0x0000000208400000, 0x0000000208800000|  0%| F|  |TAMS 0x0000000208400000, 0x0000000208400000| Untracked 
|1562|0x0000000208800000, 0x0000000208800000, 0x0000000208c00000|  0%| F|  |TAMS 0x0000000208800000, 0x0000000208800000| Untracked 
|1563|0x0000000208c00000, 0x0000000208c00000, 0x0000000209000000|  0%| F|  |TAMS 0x0000000208c00000, 0x0000000208c00000| Untracked 
|1564|0x0000000209000000, 0x0000000209000000, 0x0000000209400000|  0%| F|  |TAMS 0x0000000209000000, 0x0000000209000000| Untracked 
|1565|0x0000000209400000, 0x0000000209400000, 0x0000000209800000|  0%| F|  |TAMS 0x0000000209400000, 0x0000000209400000| Untracked 
|1566|0x0000000209800000, 0x0000000209800000, 0x0000000209c00000|  0%| F|  |TAMS 0x0000000209800000, 0x0000000209800000| Untracked 
|1567|0x0000000209c00000, 0x0000000209c00000, 0x000000020a000000|  0%| F|  |TAMS 0x0000000209c00000, 0x0000000209c00000| Untracked 
|1568|0x000000020a000000, 0x000000020a000000, 0x000000020a400000|  0%| F|  |TAMS 0x000000020a000000, 0x000000020a000000| Untracked 
|1569|0x000000020a400000, 0x000000020a400000, 0x000000020a800000|  0%| F|  |TAMS 0x000000020a400000, 0x000000020a400000| Untracked 
|1570|0x000000020a800000, 0x000000020a800000, 0x000000020ac00000|  0%| F|  |TAMS 0x000000020a800000, 0x000000020a800000| Untracked 
|1571|0x000000020ac00000, 0x000000020ac00000, 0x000000020b000000|  0%| F|  |TAMS 0x000000020ac00000, 0x000000020ac00000| Untracked 
|1572|0x000000020b000000, 0x000000020b000000, 0x000000020b400000|  0%| F|  |TAMS 0x000000020b000000, 0x000000020b000000| Untracked 
|1573|0x000000020b400000, 0x000000020b400000, 0x000000020b800000|  0%| F|  |TAMS 0x000000020b400000, 0x000000020b400000| Untracked 
|1574|0x000000020b800000, 0x000000020b800000, 0x000000020bc00000|  0%| F|  |TAMS 0x000000020b800000, 0x000000020b800000| Untracked 
|1575|0x000000020bc00000, 0x000000020bc00000, 0x000000020c000000|  0%| F|  |TAMS 0x000000020bc00000, 0x000000020bc00000| Untracked 
|1576|0x000000020c000000, 0x000000020c000000, 0x000000020c400000|  0%| F|  |TAMS 0x000000020c000000, 0x000000020c000000| Untracked 
|1577|0x000000020c400000, 0x000000020c400000, 0x000000020c800000|  0%| F|  |TAMS 0x000000020c400000, 0x000000020c400000| Untracked 
|1578|0x000000020c800000, 0x000000020c800000, 0x000000020cc00000|  0%| F|  |TAMS 0x000000020c800000, 0x000000020c800000| Untracked 
|1579|0x000000020cc00000, 0x000000020cc00000, 0x000000020d000000|  0%| F|  |TAMS 0x000000020cc00000, 0x000000020cc00000| Untracked 
|1580|0x000000020d000000, 0x000000020d000000, 0x000000020d400000|  0%| F|  |TAMS 0x000000020d000000, 0x000000020d000000| Untracked 
|1581|0x000000020d400000, 0x000000020d400000, 0x000000020d800000|  0%| F|  |TAMS 0x000000020d400000, 0x000000020d400000| Untracked 
|1582|0x000000020d800000, 0x000000020d800000, 0x000000020dc00000|  0%| F|  |TAMS 0x000000020d800000, 0x000000020d800000| Untracked 
|1583|0x000000020dc00000, 0x000000020dc00000, 0x000000020e000000|  0%| F|  |TAMS 0x000000020dc00000, 0x000000020dc00000| Untracked 
|1584|0x000000020e000000, 0x000000020e000000, 0x000000020e400000|  0%| F|  |TAMS 0x000000020e000000, 0x000000020e000000| Untracked 
|1585|0x000000020e400000, 0x000000020e400000, 0x000000020e800000|  0%| F|  |TAMS 0x000000020e400000, 0x000000020e400000| Untracked 
|1586|0x000000020e800000, 0x000000020e800000, 0x000000020ec00000|  0%| F|  |TAMS 0x000000020e800000, 0x000000020e800000| Untracked 
|1587|0x000000020ec00000, 0x000000020ec00000, 0x000000020f000000|  0%| F|  |TAMS 0x000000020ec00000, 0x000000020ec00000| Untracked 
|1588|0x000000020f000000, 0x000000020f000000, 0x000000020f400000|  0%| F|  |TAMS 0x000000020f000000, 0x000000020f000000| Untracked 
|1589|0x000000020f400000, 0x000000020f400000, 0x000000020f800000|  0%| F|  |TAMS 0x000000020f400000, 0x000000020f400000| Untracked 
|1590|0x000000020f800000, 0x000000020f800000, 0x000000020fc00000|  0%| F|  |TAMS 0x000000020f800000, 0x000000020f800000| Untracked 
|1591|0x000000020fc00000, 0x000000020fc00000, 0x0000000210000000|  0%| F|  |TAMS 0x000000020fc00000, 0x000000020fc00000| Untracked 
|1592|0x0000000210000000, 0x0000000210000000, 0x0000000210400000|  0%| F|  |TAMS 0x0000000210000000, 0x0000000210000000| Untracked 
|1593|0x0000000210400000, 0x0000000210400000, 0x0000000210800000|  0%| F|  |TAMS 0x0000000210400000, 0x0000000210400000| Untracked 
|1594|0x0000000210800000, 0x0000000210800000, 0x0000000210c00000|  0%| F|  |TAMS 0x0000000210800000, 0x0000000210800000| Untracked 
|1595|0x0000000210c00000, 0x0000000210c00000, 0x0000000211000000|  0%| F|  |TAMS 0x0000000210c00000, 0x0000000210c00000| Untracked 
|1596|0x0000000211000000, 0x0000000211000000, 0x0000000211400000|  0%| F|  |TAMS 0x0000000211000000, 0x0000000211000000| Untracked 
|1597|0x0000000211400000, 0x0000000211400000, 0x0000000211800000|  0%| F|  |TAMS 0x0000000211400000, 0x0000000211400000| Untracked 
|1598|0x0000000211800000, 0x0000000211800000, 0x0000000211c00000|  0%| F|  |TAMS 0x0000000211800000, 0x0000000211800000| Untracked 
|1599|0x0000000211c00000, 0x0000000211c00000, 0x0000000212000000|  0%| F|  |TAMS 0x0000000211c00000, 0x0000000211c00000| Untracked 
|1600|0x0000000212000000, 0x0000000212000000, 0x0000000212400000|  0%| F|  |TAMS 0x0000000212000000, 0x0000000212000000| Untracked 
|1601|0x0000000212400000, 0x0000000212400000, 0x0000000212800000|  0%| F|  |TAMS 0x0000000212400000, 0x0000000212400000| Untracked 
|1602|0x0000000212800000, 0x0000000212800000, 0x0000000212c00000|  0%| F|  |TAMS 0x0000000212800000, 0x0000000212800000| Untracked 
|1603|0x0000000212c00000, 0x0000000212c00000, 0x0000000213000000|  0%| F|  |TAMS 0x0000000212c00000, 0x0000000212c00000| Untracked 
|1604|0x0000000213000000, 0x0000000213000000, 0x0000000213400000|  0%| F|  |TAMS 0x0000000213000000, 0x0000000213000000| Untracked 
|1605|0x0000000213400000, 0x0000000213400000, 0x0000000213800000|  0%| F|  |TAMS 0x0000000213400000, 0x0000000213400000| Untracked 
|1606|0x0000000213800000, 0x0000000213800000, 0x0000000213c00000|  0%| F|  |TAMS 0x0000000213800000, 0x0000000213800000| Untracked 
|1607|0x0000000213c00000, 0x0000000213c00000, 0x0000000214000000|  0%| F|  |TAMS 0x0000000213c00000, 0x0000000213c00000| Untracked 
|1608|0x0000000214000000, 0x0000000214000000, 0x0000000214400000|  0%| F|  |TAMS 0x0000000214000000, 0x0000000214000000| Untracked 
|1609|0x0000000214400000, 0x0000000214400000, 0x0000000214800000|  0%| F|  |TAMS 0x0000000214400000, 0x0000000214400000| Untracked 
|1610|0x0000000214800000, 0x0000000214800000, 0x0000000214c00000|  0%| F|  |TAMS 0x0000000214800000, 0x0000000214800000| Untracked 
|1611|0x0000000214c00000, 0x0000000214c00000, 0x0000000215000000|  0%| F|  |TAMS 0x0000000214c00000, 0x0000000214c00000| Untracked 
|1612|0x0000000215000000, 0x0000000215000000, 0x0000000215400000|  0%| F|  |TAMS 0x0000000215000000, 0x0000000215000000| Untracked 
|1613|0x0000000215400000, 0x0000000215400000, 0x0000000215800000|  0%| F|  |TAMS 0x0000000215400000, 0x0000000215400000| Untracked 
|1614|0x0000000215800000, 0x0000000215800000, 0x0000000215c00000|  0%| F|  |TAMS 0x0000000215800000, 0x0000000215800000| Untracked 
|1615|0x0000000215c00000, 0x0000000215c00000, 0x0000000216000000|  0%| F|  |TAMS 0x0000000215c00000, 0x0000000215c00000| Untracked 
|1616|0x0000000216000000, 0x0000000216000000, 0x0000000216400000|  0%| F|  |TAMS 0x0000000216000000, 0x0000000216000000| Untracked 
|1617|0x0000000216400000, 0x0000000216400000, 0x0000000216800000|  0%| F|  |TAMS 0x0000000216400000, 0x0000000216400000| Untracked 
|1618|0x0000000216800000, 0x0000000216800000, 0x0000000216c00000|  0%| F|  |TAMS 0x0000000216800000, 0x0000000216800000| Untracked 
|1619|0x0000000216c00000, 0x0000000216c00000, 0x0000000217000000|  0%| F|  |TAMS 0x0000000216c00000, 0x0000000216c00000| Untracked 
|1620|0x0000000217000000, 0x0000000217000000, 0x0000000217400000|  0%| F|  |TAMS 0x0000000217000000, 0x0000000217000000| Untracked 
|1621|0x0000000217400000, 0x0000000217400000, 0x0000000217800000|  0%| F|  |TAMS 0x0000000217400000, 0x0000000217400000| Untracked 
|1622|0x0000000217800000, 0x0000000217800000, 0x0000000217c00000|  0%| F|  |TAMS 0x0000000217800000, 0x0000000217800000| Untracked 
|1623|0x0000000217c00000, 0x0000000217c00000, 0x0000000218000000|  0%| F|  |TAMS 0x0000000217c00000, 0x0000000217c00000| Untracked 
|1624|0x0000000218000000, 0x0000000218000000, 0x0000000218400000|  0%| F|  |TAMS 0x0000000218000000, 0x0000000218000000| Untracked 
|1625|0x0000000218400000, 0x0000000218400000, 0x0000000218800000|  0%| F|  |TAMS 0x0000000218400000, 0x0000000218400000| Untracked 
|1626|0x0000000218800000, 0x0000000218800000, 0x0000000218c00000|  0%| F|  |TAMS 0x0000000218800000, 0x0000000218800000| Untracked 
|1627|0x0000000218c00000, 0x0000000218c00000, 0x0000000219000000|  0%| F|  |TAMS 0x0000000218c00000, 0x0000000218c00000| Untracked 
|1628|0x0000000219000000, 0x0000000219000000, 0x0000000219400000|  0%| F|  |TAMS 0x0000000219000000, 0x0000000219000000| Untracked 
|1629|0x0000000219400000, 0x0000000219400000, 0x0000000219800000|  0%| F|  |TAMS 0x0000000219400000, 0x0000000219400000| Untracked 
|1630|0x0000000219800000, 0x0000000219800000, 0x0000000219c00000|  0%| F|  |TAMS 0x0000000219800000, 0x0000000219800000| Untracked 
|1631|0x0000000219c00000, 0x0000000219c00000, 0x000000021a000000|  0%| F|  |TAMS 0x0000000219c00000, 0x0000000219c00000| Untracked 
|1632|0x000000021a000000, 0x000000021a000000, 0x000000021a400000|  0%| F|  |TAMS 0x000000021a000000, 0x000000021a000000| Untracked 
|1633|0x000000021a400000, 0x000000021a400000, 0x000000021a800000|  0%| F|  |TAMS 0x000000021a400000, 0x000000021a400000| Untracked 
|1634|0x000000021a800000, 0x000000021a800000, 0x000000021ac00000|  0%| F|  |TAMS 0x000000021a800000, 0x000000021a800000| Untracked 
|1635|0x000000021ac00000, 0x000000021ac00000, 0x000000021b000000|  0%| F|  |TAMS 0x000000021ac00000, 0x000000021ac00000| Untracked 
|1636|0x000000021b000000, 0x000000021b000000, 0x000000021b400000|  0%| F|  |TAMS 0x000000021b000000, 0x000000021b000000| Untracked 
|1637|0x000000021b400000, 0x000000021b400000, 0x000000021b800000|  0%| F|  |TAMS 0x000000021b400000, 0x000000021b400000| Untracked 
|1638|0x000000021b800000, 0x000000021b800000, 0x000000021bc00000|  0%| F|  |TAMS 0x000000021b800000, 0x000000021b800000| Untracked 
|1639|0x000000021bc00000, 0x000000021bc00000, 0x000000021c000000|  0%| F|  |TAMS 0x000000021bc00000, 0x000000021bc00000| Untracked 
|1640|0x000000021c000000, 0x000000021c000000, 0x000000021c400000|  0%| F|  |TAMS 0x000000021c000000, 0x000000021c000000| Untracked 
|1641|0x000000021c400000, 0x000000021c400000, 0x000000021c800000|  0%| F|  |TAMS 0x000000021c400000, 0x000000021c400000| Untracked 
|1642|0x000000021c800000, 0x000000021c800000, 0x000000021cc00000|  0%| F|  |TAMS 0x000000021c800000, 0x000000021c800000| Untracked 
|1643|0x000000021cc00000, 0x000000021cc00000, 0x000000021d000000|  0%| F|  |TAMS 0x000000021cc00000, 0x000000021cc00000| Untracked 
|1644|0x000000021d000000, 0x000000021d000000, 0x000000021d400000|  0%| F|  |TAMS 0x000000021d000000, 0x000000021d000000| Untracked 
|1645|0x000000021d400000, 0x000000021d400000, 0x000000021d800000|  0%| F|  |TAMS 0x000000021d400000, 0x000000021d400000| Untracked 
|1646|0x000000021d800000, 0x000000021d800000, 0x000000021dc00000|  0%| F|  |TAMS 0x000000021d800000, 0x000000021d800000| Untracked 
|1647|0x000000021dc00000, 0x000000021dc00000, 0x000000021e000000|  0%| F|  |TAMS 0x000000021dc00000, 0x000000021dc00000| Untracked 
|1648|0x000000021e000000, 0x000000021e000000, 0x000000021e400000|  0%| F|  |TAMS 0x000000021e000000, 0x000000021e000000| Untracked 
|1649|0x000000021e400000, 0x000000021e400000, 0x000000021e800000|  0%| F|  |TAMS 0x000000021e400000, 0x000000021e400000| Untracked 
|1650|0x000000021e800000, 0x000000021e800000, 0x000000021ec00000|  0%| F|  |TAMS 0x000000021e800000, 0x000000021e800000| Untracked 
|1651|0x000000021ec00000, 0x000000021ec00000, 0x000000021f000000|  0%| F|  |TAMS 0x000000021ec00000, 0x000000021ec00000| Untracked 
|1652|0x000000021f000000, 0x000000021f000000, 0x000000021f400000|  0%| F|  |TAMS 0x000000021f000000, 0x000000021f000000| Untracked 
|1653|0x000000021f400000, 0x000000021f400000, 0x000000021f800000|  0%| F|  |TAMS 0x000000021f400000, 0x000000021f400000| Untracked 
|1654|0x000000021f800000, 0x000000021f800000, 0x000000021fc00000|  0%| F|  |TAMS 0x000000021f800000, 0x000000021f800000| Untracked 
|1655|0x000000021fc00000, 0x000000021fc00000, 0x0000000220000000|  0%| F|  |TAMS 0x000000021fc00000, 0x000000021fc00000| Untracked 
|1656|0x0000000220000000, 0x0000000220000000, 0x0000000220400000|  0%| F|  |TAMS 0x0000000220000000, 0x0000000220000000| Untracked 
|1657|0x0000000220400000, 0x0000000220400000, 0x0000000220800000|  0%| F|  |TAMS 0x0000000220400000, 0x0000000220400000| Untracked 
|1658|0x0000000220800000, 0x0000000220800000, 0x0000000220c00000|  0%| F|  |TAMS 0x0000000220800000, 0x0000000220800000| Untracked 
|1659|0x0000000220c00000, 0x0000000220c00000, 0x0000000221000000|  0%| F|  |TAMS 0x0000000220c00000, 0x0000000220c00000| Untracked 
|1660|0x0000000221000000, 0x0000000221000000, 0x0000000221400000|  0%| F|  |TAMS 0x0000000221000000, 0x0000000221000000| Untracked 
|1661|0x0000000221400000, 0x0000000221400000, 0x0000000221800000|  0%| F|  |TAMS 0x0000000221400000, 0x0000000221400000| Untracked 
|1662|0x0000000221800000, 0x0000000221800000, 0x0000000221c00000|  0%| F|  |TAMS 0x0000000221800000, 0x0000000221800000| Untracked 
|1663|0x0000000221c00000, 0x0000000221c00000, 0x0000000222000000|  0%| F|  |TAMS 0x0000000221c00000, 0x0000000221c00000| Untracked 
|1664|0x0000000222000000, 0x0000000222000000, 0x0000000222400000|  0%| F|  |TAMS 0x0000000222000000, 0x0000000222000000| Untracked 
|1665|0x0000000222400000, 0x0000000222400000, 0x0000000222800000|  0%| F|  |TAMS 0x0000000222400000, 0x0000000222400000| Untracked 
|1666|0x0000000222800000, 0x0000000222800000, 0x0000000222c00000|  0%| F|  |TAMS 0x0000000222800000, 0x0000000222800000| Untracked 
|1667|0x0000000222c00000, 0x0000000222c00000, 0x0000000223000000|  0%| F|  |TAMS 0x0000000222c00000, 0x0000000222c00000| Untracked 
|1668|0x0000000223000000, 0x0000000223000000, 0x0000000223400000|  0%| F|  |TAMS 0x0000000223000000, 0x0000000223000000| Untracked 
|1669|0x0000000223400000, 0x0000000223400000, 0x0000000223800000|  0%| F|  |TAMS 0x0000000223400000, 0x0000000223400000| Untracked 
|1670|0x0000000223800000, 0x0000000223800000, 0x0000000223c00000|  0%| F|  |TAMS 0x0000000223800000, 0x0000000223800000| Untracked 
|1671|0x0000000223c00000, 0x0000000223c00000, 0x0000000224000000|  0%| F|  |TAMS 0x0000000223c00000, 0x0000000223c00000| Untracked 
|1672|0x0000000224000000, 0x0000000224000000, 0x0000000224400000|  0%| F|  |TAMS 0x0000000224000000, 0x0000000224000000| Untracked 
|1673|0x0000000224400000, 0x0000000224400000, 0x0000000224800000|  0%| F|  |TAMS 0x0000000224400000, 0x0000000224400000| Untracked 
|1674|0x0000000224800000, 0x0000000224800000, 0x0000000224c00000|  0%| F|  |TAMS 0x0000000224800000, 0x0000000224800000| Untracked 
|1675|0x0000000224c00000, 0x0000000224c00000, 0x0000000225000000|  0%| F|  |TAMS 0x0000000224c00000, 0x0000000224c00000| Untracked 
|1676|0x0000000225000000, 0x0000000225000000, 0x0000000225400000|  0%| F|  |TAMS 0x0000000225000000, 0x0000000225000000| Untracked 
|1677|0x0000000225400000, 0x0000000225400000, 0x0000000225800000|  0%| F|  |TAMS 0x0000000225400000, 0x0000000225400000| Untracked 
|1678|0x0000000225800000, 0x0000000225800000, 0x0000000225c00000|  0%| F|  |TAMS 0x0000000225800000, 0x0000000225800000| Untracked 
|1679|0x0000000225c00000, 0x0000000225c00000, 0x0000000226000000|  0%| F|  |TAMS 0x0000000225c00000, 0x0000000225c00000| Untracked 
|1680|0x0000000226000000, 0x0000000226000000, 0x0000000226400000|  0%| F|  |TAMS 0x0000000226000000, 0x0000000226000000| Untracked 
|1681|0x0000000226400000, 0x0000000226400000, 0x0000000226800000|  0%| F|  |TAMS 0x0000000226400000, 0x0000000226400000| Untracked 
|1682|0x0000000226800000, 0x0000000226800000, 0x0000000226c00000|  0%| F|  |TAMS 0x0000000226800000, 0x0000000226800000| Untracked 
|1683|0x0000000226c00000, 0x0000000226c00000, 0x0000000227000000|  0%| F|  |TAMS 0x0000000226c00000, 0x0000000226c00000| Untracked 
|1684|0x0000000227000000, 0x0000000227000000, 0x0000000227400000|  0%| F|  |TAMS 0x0000000227000000, 0x0000000227000000| Untracked 
|1685|0x0000000227400000, 0x0000000227400000, 0x0000000227800000|  0%| F|  |TAMS 0x0000000227400000, 0x0000000227400000| Untracked 
|1686|0x0000000227800000, 0x0000000227800000, 0x0000000227c00000|  0%| F|  |TAMS 0x0000000227800000, 0x0000000227800000| Untracked 
|1687|0x0000000227c00000, 0x0000000227c00000, 0x0000000228000000|  0%| F|  |TAMS 0x0000000227c00000, 0x0000000227c00000| Untracked 
|1688|0x0000000228000000, 0x0000000228000000, 0x0000000228400000|  0%| F|  |TAMS 0x0000000228000000, 0x0000000228000000| Untracked 
|1689|0x0000000228400000, 0x0000000228400000, 0x0000000228800000|  0%| F|  |TAMS 0x0000000228400000, 0x0000000228400000| Untracked 
|1690|0x0000000228800000, 0x0000000228800000, 0x0000000228c00000|  0%| F|  |TAMS 0x0000000228800000, 0x0000000228800000| Untracked 
|1691|0x0000000228c00000, 0x0000000228c00000, 0x0000000229000000|  0%| F|  |TAMS 0x0000000228c00000, 0x0000000228c00000| Untracked 
|1692|0x0000000229000000, 0x0000000229000000, 0x0000000229400000|  0%| F|  |TAMS 0x0000000229000000, 0x0000000229000000| Untracked 
|1693|0x0000000229400000, 0x0000000229400000, 0x0000000229800000|  0%| F|  |TAMS 0x0000000229400000, 0x0000000229400000| Untracked 
|1694|0x0000000229800000, 0x0000000229800000, 0x0000000229c00000|  0%| F|  |TAMS 0x0000000229800000, 0x0000000229800000| Untracked 
|1695|0x0000000229c00000, 0x0000000229c00000, 0x000000022a000000|  0%| F|  |TAMS 0x0000000229c00000, 0x0000000229c00000| Untracked 
|1696|0x000000022a000000, 0x000000022a000000, 0x000000022a400000|  0%| F|  |TAMS 0x000000022a000000, 0x000000022a000000| Untracked 
|1697|0x000000022a400000, 0x000000022a400000, 0x000000022a800000|  0%| F|  |TAMS 0x000000022a400000, 0x000000022a400000| Untracked 
|1698|0x000000022a800000, 0x000000022a800000, 0x000000022ac00000|  0%| F|  |TAMS 0x000000022a800000, 0x000000022a800000| Untracked 
|1699|0x000000022ac00000, 0x000000022ac00000, 0x000000022b000000|  0%| F|  |TAMS 0x000000022ac00000, 0x000000022ac00000| Untracked 
|1700|0x000000022b000000, 0x000000022b000000, 0x000000022b400000|  0%| F|  |TAMS 0x000000022b000000, 0x000000022b000000| Untracked 
|1701|0x000000022b400000, 0x000000022b400000, 0x000000022b800000|  0%| F|  |TAMS 0x000000022b400000, 0x000000022b400000| Untracked 
|1702|0x000000022b800000, 0x000000022b800000, 0x000000022bc00000|  0%| F|  |TAMS 0x000000022b800000, 0x000000022b800000| Untracked 
|1703|0x000000022bc00000, 0x000000022bc00000, 0x000000022c000000|  0%| F|  |TAMS 0x000000022bc00000, 0x000000022bc00000| Untracked 
|1704|0x000000022c000000, 0x000000022c000000, 0x000000022c400000|  0%| F|  |TAMS 0x000000022c000000, 0x000000022c000000| Untracked 
|1705|0x000000022c400000, 0x000000022c400000, 0x000000022c800000|  0%| F|  |TAMS 0x000000022c400000, 0x000000022c400000| Untracked 
|1706|0x000000022c800000, 0x000000022c800000, 0x000000022cc00000|  0%| F|  |TAMS 0x000000022c800000, 0x000000022c800000| Untracked 
|1707|0x000000022cc00000, 0x000000022cc00000, 0x000000022d000000|  0%| F|  |TAMS 0x000000022cc00000, 0x000000022cc00000| Untracked 
|1708|0x000000022d000000, 0x000000022d000000, 0x000000022d400000|  0%| F|  |TAMS 0x000000022d000000, 0x000000022d000000| Untracked 
|1709|0x000000022d400000, 0x000000022d400000, 0x000000022d800000|  0%| F|  |TAMS 0x000000022d400000, 0x000000022d400000| Untracked 
|1710|0x000000022d800000, 0x000000022d800000, 0x000000022dc00000|  0%| F|  |TAMS 0x000000022d800000, 0x000000022d800000| Untracked 
|1711|0x000000022dc00000, 0x000000022dc00000, 0x000000022e000000|  0%| F|  |TAMS 0x000000022dc00000, 0x000000022dc00000| Untracked 
|1712|0x000000022e000000, 0x000000022e000000, 0x000000022e400000|  0%| F|  |TAMS 0x000000022e000000, 0x000000022e000000| Untracked 
|1713|0x000000022e400000, 0x000000022e400000, 0x000000022e800000|  0%| F|  |TAMS 0x000000022e400000, 0x000000022e400000| Untracked 
|1714|0x000000022e800000, 0x000000022e800000, 0x000000022ec00000|  0%| F|  |TAMS 0x000000022e800000, 0x000000022e800000| Untracked 
|1715|0x000000022ec00000, 0x000000022ec00000, 0x000000022f000000|  0%| F|  |TAMS 0x000000022ec00000, 0x000000022ec00000| Untracked 
|1716|0x000000022f000000, 0x000000022f000000, 0x000000022f400000|  0%| F|  |TAMS 0x000000022f000000, 0x000000022f000000| Untracked 
|1717|0x000000022f400000, 0x000000022f400000, 0x000000022f800000|  0%| F|  |TAMS 0x000000022f400000, 0x000000022f400000| Untracked 
|1718|0x000000022f800000, 0x000000022f800000, 0x000000022fc00000|  0%| F|  |TAMS 0x000000022f800000, 0x000000022f800000| Untracked 
|1719|0x000000022fc00000, 0x000000022fc00000, 0x0000000230000000|  0%| F|  |TAMS 0x000000022fc00000, 0x000000022fc00000| Untracked 
|1720|0x0000000230000000, 0x0000000230000000, 0x0000000230400000|  0%| F|  |TAMS 0x0000000230000000, 0x0000000230000000| Untracked 
|1721|0x0000000230400000, 0x0000000230400000, 0x0000000230800000|  0%| F|  |TAMS 0x0000000230400000, 0x0000000230400000| Untracked 
|1722|0x0000000230800000, 0x0000000230800000, 0x0000000230c00000|  0%| F|  |TAMS 0x0000000230800000, 0x0000000230800000| Untracked 
|1723|0x0000000230c00000, 0x0000000230c00000, 0x0000000231000000|  0%| F|  |TAMS 0x0000000230c00000, 0x0000000230c00000| Untracked 
|1724|0x0000000231000000, 0x0000000231000000, 0x0000000231400000|  0%| F|  |TAMS 0x0000000231000000, 0x0000000231000000| Untracked 
|1725|0x0000000231400000, 0x0000000231400000, 0x0000000231800000|  0%| F|  |TAMS 0x0000000231400000, 0x0000000231400000| Untracked 
|1726|0x0000000231800000, 0x0000000231800000, 0x0000000231c00000|  0%| F|  |TAMS 0x0000000231800000, 0x0000000231800000| Untracked 
|1727|0x0000000231c00000, 0x0000000231c00000, 0x0000000232000000|  0%| F|  |TAMS 0x0000000231c00000, 0x0000000231c00000| Untracked 
|1728|0x0000000232000000, 0x0000000232000000, 0x0000000232400000|  0%| F|  |TAMS 0x0000000232000000, 0x0000000232000000| Untracked 
|1729|0x0000000232400000, 0x0000000232400000, 0x0000000232800000|  0%| F|  |TAMS 0x0000000232400000, 0x0000000232400000| Untracked 
|1730|0x0000000232800000, 0x0000000232800000, 0x0000000232c00000|  0%| F|  |TAMS 0x0000000232800000, 0x0000000232800000| Untracked 
|1731|0x0000000232c00000, 0x0000000232c00000, 0x0000000233000000|  0%| F|  |TAMS 0x0000000232c00000, 0x0000000232c00000| Untracked 
|1732|0x0000000233000000, 0x0000000233000000, 0x0000000233400000|  0%| F|  |TAMS 0x0000000233000000, 0x0000000233000000| Untracked 
|1733|0x0000000233400000, 0x0000000233400000, 0x0000000233800000|  0%| F|  |TAMS 0x0000000233400000, 0x0000000233400000| Untracked 
|1734|0x0000000233800000, 0x0000000233800000, 0x0000000233c00000|  0%| F|  |TAMS 0x0000000233800000, 0x0000000233800000| Untracked 
|1735|0x0000000233c00000, 0x0000000233c00000, 0x0000000234000000|  0%| F|  |TAMS 0x0000000233c00000, 0x0000000233c00000| Untracked 
|1736|0x0000000234000000, 0x0000000234000000, 0x0000000234400000|  0%| F|  |TAMS 0x0000000234000000, 0x0000000234000000| Untracked 
|1737|0x0000000234400000, 0x0000000234400000, 0x0000000234800000|  0%| F|  |TAMS 0x0000000234400000, 0x0000000234400000| Untracked 
|1738|0x0000000234800000, 0x0000000234800000, 0x0000000234c00000|  0%| F|  |TAMS 0x0000000234800000, 0x0000000234800000| Untracked 
|1739|0x0000000234c00000, 0x0000000234c00000, 0x0000000235000000|  0%| F|  |TAMS 0x0000000234c00000, 0x0000000234c00000| Untracked 
|1740|0x0000000235000000, 0x0000000235000000, 0x0000000235400000|  0%| F|  |TAMS 0x0000000235000000, 0x0000000235000000| Untracked 
|1741|0x0000000235400000, 0x0000000235400000, 0x0000000235800000|  0%| F|  |TAMS 0x0000000235400000, 0x0000000235400000| Untracked 
|1742|0x0000000235800000, 0x0000000235800000, 0x0000000235c00000|  0%| F|  |TAMS 0x0000000235800000, 0x0000000235800000| Untracked 
|1743|0x0000000235c00000, 0x0000000235c00000, 0x0000000236000000|  0%| F|  |TAMS 0x0000000235c00000, 0x0000000235c00000| Untracked 
|1744|0x0000000236000000, 0x0000000236000000, 0x0000000236400000|  0%| F|  |TAMS 0x0000000236000000, 0x0000000236000000| Untracked 
|1745|0x0000000236400000, 0x0000000236400000, 0x0000000236800000|  0%| F|  |TAMS 0x0000000236400000, 0x0000000236400000| Untracked 
|1746|0x0000000236800000, 0x0000000236800000, 0x0000000236c00000|  0%| F|  |TAMS 0x0000000236800000, 0x0000000236800000| Untracked 
|1747|0x0000000236c00000, 0x0000000236c00000, 0x0000000237000000|  0%| F|  |TAMS 0x0000000236c00000, 0x0000000236c00000| Untracked 
|1748|0x0000000237000000, 0x0000000237000000, 0x0000000237400000|  0%| F|  |TAMS 0x0000000237000000, 0x0000000237000000| Untracked 
|1749|0x0000000237400000, 0x0000000237400000, 0x0000000237800000|  0%| F|  |TAMS 0x0000000237400000, 0x0000000237400000| Untracked 
|1750|0x0000000237800000, 0x0000000237800000, 0x0000000237c00000|  0%| F|  |TAMS 0x0000000237800000, 0x0000000237800000| Untracked 
|1751|0x0000000237c00000, 0x0000000237c00000, 0x0000000238000000|  0%| F|  |TAMS 0x0000000237c00000, 0x0000000237c00000| Untracked 
|1752|0x0000000238000000, 0x0000000238000000, 0x0000000238400000|  0%| F|  |TAMS 0x0000000238000000, 0x0000000238000000| Untracked 
|1753|0x0000000238400000, 0x0000000238400000, 0x0000000238800000|  0%| F|  |TAMS 0x0000000238400000, 0x0000000238400000| Untracked 
|1754|0x0000000238800000, 0x0000000238800000, 0x0000000238c00000|  0%| F|  |TAMS 0x0000000238800000, 0x0000000238800000| Untracked 
|1755|0x0000000238c00000, 0x0000000238c00000, 0x0000000239000000|  0%| F|  |TAMS 0x0000000238c00000, 0x0000000238c00000| Untracked 
|1756|0x0000000239000000, 0x0000000239000000, 0x0000000239400000|  0%| F|  |TAMS 0x0000000239000000, 0x0000000239000000| Untracked 
|1757|0x0000000239400000, 0x0000000239400000, 0x0000000239800000|  0%| F|  |TAMS 0x0000000239400000, 0x0000000239400000| Untracked 
|1758|0x0000000239800000, 0x0000000239800000, 0x0000000239c00000|  0%| F|  |TAMS 0x0000000239800000, 0x0000000239800000| Untracked 
|1759|0x0000000239c00000, 0x0000000239c00000, 0x000000023a000000|  0%| F|  |TAMS 0x0000000239c00000, 0x0000000239c00000| Untracked 
|1760|0x000000023a000000, 0x000000023a000000, 0x000000023a400000|  0%| F|  |TAMS 0x000000023a000000, 0x000000023a000000| Untracked 
|1761|0x000000023a400000, 0x000000023a400000, 0x000000023a800000|  0%| F|  |TAMS 0x000000023a400000, 0x000000023a400000| Untracked 
|1762|0x000000023a800000, 0x000000023a800000, 0x000000023ac00000|  0%| F|  |TAMS 0x000000023a800000, 0x000000023a800000| Untracked 
|1763|0x000000023ac00000, 0x000000023ac00000, 0x000000023b000000|  0%| F|  |TAMS 0x000000023ac00000, 0x000000023ac00000| Untracked 
|1764|0x000000023b000000, 0x000000023b000000, 0x000000023b400000|  0%| F|  |TAMS 0x000000023b000000, 0x000000023b000000| Untracked 
|1765|0x000000023b400000, 0x000000023b400000, 0x000000023b800000|  0%| F|  |TAMS 0x000000023b400000, 0x000000023b400000| Untracked 
|1766|0x000000023b800000, 0x000000023b800000, 0x000000023bc00000|  0%| F|  |TAMS 0x000000023b800000, 0x000000023b800000| Untracked 
|1767|0x000000023bc00000, 0x000000023bc00000, 0x000000023c000000|  0%| F|  |TAMS 0x000000023bc00000, 0x000000023bc00000| Untracked 
|1768|0x000000023c000000, 0x000000023c000000, 0x000000023c400000|  0%| F|  |TAMS 0x000000023c000000, 0x000000023c000000| Untracked 
|1769|0x000000023c400000, 0x000000023c400000, 0x000000023c800000|  0%| F|  |TAMS 0x000000023c400000, 0x000000023c400000| Untracked 
|1770|0x000000023c800000, 0x000000023c800000, 0x000000023cc00000|  0%| F|  |TAMS 0x000000023c800000, 0x000000023c800000| Untracked 
|1771|0x000000023cc00000, 0x000000023cc00000, 0x000000023d000000|  0%| F|  |TAMS 0x000000023cc00000, 0x000000023cc00000| Untracked 
|1772|0x000000023d000000, 0x000000023d000000, 0x000000023d400000|  0%| F|  |TAMS 0x000000023d000000, 0x000000023d000000| Untracked 
|1773|0x000000023d400000, 0x000000023d400000, 0x000000023d800000|  0%| F|  |TAMS 0x000000023d400000, 0x000000023d400000| Untracked 
|1774|0x000000023d800000, 0x000000023d800000, 0x000000023dc00000|  0%| F|  |TAMS 0x000000023d800000, 0x000000023d800000| Untracked 
|1775|0x000000023dc00000, 0x000000023dc00000, 0x000000023e000000|  0%| F|  |TAMS 0x000000023dc00000, 0x000000023dc00000| Untracked 
|1776|0x000000023e000000, 0x000000023e000000, 0x000000023e400000|  0%| F|  |TAMS 0x000000023e000000, 0x000000023e000000| Untracked 
|1777|0x000000023e400000, 0x000000023e800000, 0x000000023e800000|100%| E|  |TAMS 0x000000023e400000, 0x000000023e400000| Complete 
|1778|0x000000023e800000, 0x000000023ec00000, 0x000000023ec00000|100%| E|CS|TAMS 0x000000023e800000, 0x000000023e800000| Complete 
|1779|0x000000023ec00000, 0x000000023f000000, 0x000000023f000000|100%| E|CS|TAMS 0x000000023ec00000, 0x000000023ec00000| Complete 
|1780|0x000000023f000000, 0x000000023f400000, 0x000000023f400000|100%| E|CS|TAMS 0x000000023f000000, 0x000000023f000000| Complete 
|1781|0x000000023f400000, 0x000000023f800000, 0x000000023f800000|100%| E|CS|TAMS 0x000000023f400000, 0x000000023f400000| Complete 
|1782|0x000000023f800000, 0x000000023fc00000, 0x000000023fc00000|100%| E|CS|TAMS 0x000000023f800000, 0x000000023f800000| Complete 
|1783|0x000000023fc00000, 0x0000000240000000, 0x0000000240000000|100%| E|CS|TAMS 0x000000023fc00000, 0x000000023fc00000| Complete 
|1784|0x0000000240000000, 0x0000000240400000, 0x0000000240400000|100%| E|CS|TAMS 0x0000000240000000, 0x0000000240000000| Complete 
|1785|0x0000000240400000, 0x0000000240800000, 0x0000000240800000|100%| E|CS|TAMS 0x0000000240400000, 0x0000000240400000| Complete 
|1786|0x0000000240800000, 0x0000000240c00000, 0x0000000240c00000|100%| E|CS|TAMS 0x0000000240800000, 0x0000000240800000| Complete 
|1787|0x0000000240c00000, 0x0000000241000000, 0x0000000241000000|100%| E|CS|TAMS 0x0000000240c00000, 0x0000000240c00000| Complete 
|1788|0x0000000241000000, 0x0000000241400000, 0x0000000241400000|100%| E|CS|TAMS 0x0000000241000000, 0x0000000241000000| Complete 
|1789|0x0000000241400000, 0x0000000241800000, 0x0000000241800000|100%| E|CS|TAMS 0x0000000241400000, 0x0000000241400000| Complete 
|1790|0x0000000241800000, 0x0000000241c00000, 0x0000000241c00000|100%| E|CS|TAMS 0x0000000241800000, 0x0000000241800000| Complete 
|1791|0x0000000241c00000, 0x0000000242000000, 0x0000000242000000|100%| E|CS|TAMS 0x0000000241c00000, 0x0000000241c00000| Complete 
|1792|0x0000000242000000, 0x0000000242400000, 0x0000000242400000|100%| E|CS|TAMS 0x0000000242000000, 0x0000000242000000| Complete 
|1793|0x0000000242400000, 0x0000000242800000, 0x0000000242800000|100%| E|CS|TAMS 0x0000000242400000, 0x0000000242400000| Complete 
|1794|0x0000000242800000, 0x0000000242c00000, 0x0000000242c00000|100%| E|CS|TAMS 0x0000000242800000, 0x0000000242800000| Complete 
|1795|0x0000000242c00000, 0x0000000243000000, 0x0000000243000000|100%| E|CS|TAMS 0x0000000242c00000, 0x0000000242c00000| Complete 
|1796|0x0000000243000000, 0x0000000243400000, 0x0000000243400000|100%| E|CS|TAMS 0x0000000243000000, 0x0000000243000000| Complete 
|1797|0x0000000243400000, 0x0000000243800000, 0x0000000243800000|100%| E|CS|TAMS 0x0000000243400000, 0x0000000243400000| Complete 
|1798|0x0000000243800000, 0x0000000243c00000, 0x0000000243c00000|100%| E|CS|TAMS 0x0000000243800000, 0x0000000243800000| Complete 
|1799|0x0000000243c00000, 0x0000000244000000, 0x0000000244000000|100%| E|CS|TAMS 0x0000000243c00000, 0x0000000243c00000| Complete 
|1800|0x0000000244000000, 0x0000000244400000, 0x0000000244400000|100%| E|CS|TAMS 0x0000000244000000, 0x0000000244000000| Complete 
|1801|0x0000000244400000, 0x0000000244800000, 0x0000000244800000|100%| E|CS|TAMS 0x0000000244400000, 0x0000000244400000| Complete 
|1802|0x0000000244800000, 0x0000000244c00000, 0x0000000244c00000|100%| E|CS|TAMS 0x0000000244800000, 0x0000000244800000| Complete 
|1803|0x0000000244c00000, 0x0000000245000000, 0x0000000245000000|100%| E|CS|TAMS 0x0000000244c00000, 0x0000000244c00000| Complete 
|1804|0x0000000245000000, 0x0000000245400000, 0x0000000245400000|100%| E|CS|TAMS 0x0000000245000000, 0x0000000245000000| Complete 
|1805|0x0000000245400000, 0x0000000245800000, 0x0000000245800000|100%| E|CS|TAMS 0x0000000245400000, 0x0000000245400000| Complete 
|1806|0x0000000245800000, 0x0000000245c00000, 0x0000000245c00000|100%| E|CS|TAMS 0x0000000245800000, 0x0000000245800000| Complete 
|1807|0x0000000245c00000, 0x0000000246000000, 0x0000000246000000|100%| E|CS|TAMS 0x0000000245c00000, 0x0000000245c00000| Complete 
|1808|0x0000000246000000, 0x0000000246400000, 0x0000000246400000|100%| E|CS|TAMS 0x0000000246000000, 0x0000000246000000| Complete 
|1809|0x0000000246400000, 0x0000000246800000, 0x0000000246800000|100%| E|CS|TAMS 0x0000000246400000, 0x0000000246400000| Complete 
|1810|0x0000000246800000, 0x0000000246c00000, 0x0000000246c00000|100%| E|CS|TAMS 0x0000000246800000, 0x0000000246800000| Complete 
|1811|0x0000000246c00000, 0x0000000247000000, 0x0000000247000000|100%| E|CS|TAMS 0x0000000246c00000, 0x0000000246c00000| Complete 
|1812|0x0000000247000000, 0x0000000247400000, 0x0000000247400000|100%| E|CS|TAMS 0x0000000247000000, 0x0000000247000000| Complete 
|1813|0x0000000247400000, 0x0000000247800000, 0x0000000247800000|100%| E|CS|TAMS 0x0000000247400000, 0x0000000247400000| Complete 
|1814|0x0000000247800000, 0x0000000247c00000, 0x0000000247c00000|100%| E|CS|TAMS 0x0000000247800000, 0x0000000247800000| Complete 
|1815|0x0000000247c00000, 0x0000000248000000, 0x0000000248000000|100%| E|CS|TAMS 0x0000000247c00000, 0x0000000247c00000| Complete 
|1816|0x0000000248000000, 0x0000000248400000, 0x0000000248400000|100%| E|CS|TAMS 0x0000000248000000, 0x0000000248000000| Complete 
|1817|0x0000000248400000, 0x0000000248800000, 0x0000000248800000|100%| E|CS|TAMS 0x0000000248400000, 0x0000000248400000| Complete 
|1818|0x0000000248800000, 0x0000000248c00000, 0x0000000248c00000|100%| E|CS|TAMS 0x0000000248800000, 0x0000000248800000| Complete 
|1819|0x0000000248c00000, 0x0000000249000000, 0x0000000249000000|100%| E|CS|TAMS 0x0000000248c00000, 0x0000000248c00000| Complete 
|1820|0x0000000249000000, 0x0000000249400000, 0x0000000249400000|100%| E|CS|TAMS 0x0000000249000000, 0x0000000249000000| Complete 
|1821|0x0000000249400000, 0x0000000249800000, 0x0000000249800000|100%| E|CS|TAMS 0x0000000249400000, 0x0000000249400000| Complete 
|1822|0x0000000249800000, 0x0000000249c00000, 0x0000000249c00000|100%| E|CS|TAMS 0x0000000249800000, 0x0000000249800000| Complete 
|1823|0x0000000249c00000, 0x000000024a000000, 0x000000024a000000|100%| E|CS|TAMS 0x0000000249c00000, 0x0000000249c00000| Complete 
|1824|0x000000024a000000, 0x000000024a400000, 0x000000024a400000|100%| E|CS|TAMS 0x000000024a000000, 0x000000024a000000| Complete 
|1825|0x000000024a400000, 0x000000024a800000, 0x000000024a800000|100%| E|CS|TAMS 0x000000024a400000, 0x000000024a400000| Complete 
|1826|0x000000024a800000, 0x000000024ac00000, 0x000000024ac00000|100%| E|CS|TAMS 0x000000024a800000, 0x000000024a800000| Complete 
|1827|0x000000024ac00000, 0x000000024b000000, 0x000000024b000000|100%| E|CS|TAMS 0x000000024ac00000, 0x000000024ac00000| Complete 
|1828|0x000000024b000000, 0x000000024b400000, 0x000000024b400000|100%| E|CS|TAMS 0x000000024b000000, 0x000000024b000000| Complete 
|1829|0x000000024b400000, 0x000000024b800000, 0x000000024b800000|100%| E|CS|TAMS 0x000000024b400000, 0x000000024b400000| Complete 
|1830|0x000000024b800000, 0x000000024bc00000, 0x000000024bc00000|100%| E|CS|TAMS 0x000000024b800000, 0x000000024b800000| Complete 
|1831|0x000000024bc00000, 0x000000024c000000, 0x000000024c000000|100%| E|CS|TAMS 0x000000024bc00000, 0x000000024bc00000| Complete 
|1832|0x000000024c000000, 0x000000024c400000, 0x000000024c400000|100%| E|CS|TAMS 0x000000024c000000, 0x000000024c000000| Complete 
|1833|0x000000024c400000, 0x000000024c800000, 0x000000024c800000|100%| E|CS|TAMS 0x000000024c400000, 0x000000024c400000| Complete 
|1834|0x000000024c800000, 0x000000024cc00000, 0x000000024cc00000|100%| E|CS|TAMS 0x000000024c800000, 0x000000024c800000| Complete 
|1835|0x000000024cc00000, 0x000000024d000000, 0x000000024d000000|100%| E|CS|TAMS 0x000000024cc00000, 0x000000024cc00000| Complete 
|1836|0x000000024d000000, 0x000000024d400000, 0x000000024d400000|100%| E|CS|TAMS 0x000000024d000000, 0x000000024d000000| Complete 
|1837|0x000000024d400000, 0x000000024d800000, 0x000000024d800000|100%| E|CS|TAMS 0x000000024d400000, 0x000000024d400000| Complete 
|1838|0x000000024d800000, 0x000000024dc00000, 0x000000024dc00000|100%| E|CS|TAMS 0x000000024d800000, 0x000000024d800000| Complete 
|1839|0x000000024dc00000, 0x000000024e000000, 0x000000024e000000|100%| E|CS|TAMS 0x000000024dc00000, 0x000000024dc00000| Complete 
|1840|0x000000024e000000, 0x000000024e400000, 0x000000024e400000|100%| E|CS|TAMS 0x000000024e000000, 0x000000024e000000| Complete 
|1841|0x000000024e400000, 0x000000024e800000, 0x000000024e800000|100%| E|CS|TAMS 0x000000024e400000, 0x000000024e400000| Complete 
|1842|0x000000024e800000, 0x000000024ec00000, 0x000000024ec00000|100%| E|CS|TAMS 0x000000024e800000, 0x000000024e800000| Complete 
|1843|0x000000024ec00000, 0x000000024f000000, 0x000000024f000000|100%| E|CS|TAMS 0x000000024ec00000, 0x000000024ec00000| Complete 
|1844|0x000000024f000000, 0x000000024f400000, 0x000000024f400000|100%| E|CS|TAMS 0x000000024f000000, 0x000000024f000000| Complete 
|1845|0x000000024f400000, 0x000000024f800000, 0x000000024f800000|100%| E|CS|TAMS 0x000000024f400000, 0x000000024f400000| Complete 
|1846|0x000000024f800000, 0x000000024fc00000, 0x000000024fc00000|100%| E|CS|TAMS 0x000000024f800000, 0x000000024f800000| Complete 
|1847|0x000000024fc00000, 0x0000000250000000, 0x0000000250000000|100%| E|CS|TAMS 0x000000024fc00000, 0x000000024fc00000| Complete 
|1848|0x0000000250000000, 0x0000000250400000, 0x0000000250400000|100%| E|CS|TAMS 0x0000000250000000, 0x0000000250000000| Complete 
|1849|0x0000000250400000, 0x0000000250800000, 0x0000000250800000|100%| E|CS|TAMS 0x0000000250400000, 0x0000000250400000| Complete 
|1850|0x0000000250800000, 0x0000000250c00000, 0x0000000250c00000|100%| E|CS|TAMS 0x0000000250800000, 0x0000000250800000| Complete 
|1851|0x0000000250c00000, 0x0000000251000000, 0x0000000251000000|100%| E|CS|TAMS 0x0000000250c00000, 0x0000000250c00000| Complete 
|1852|0x0000000251000000, 0x0000000251400000, 0x0000000251400000|100%| E|CS|TAMS 0x0000000251000000, 0x0000000251000000| Complete 
|1853|0x0000000251400000, 0x0000000251800000, 0x0000000251800000|100%| E|CS|TAMS 0x0000000251400000, 0x0000000251400000| Complete 
|1854|0x0000000251800000, 0x0000000251c00000, 0x0000000251c00000|100%| E|CS|TAMS 0x0000000251800000, 0x0000000251800000| Complete 
|1855|0x0000000251c00000, 0x0000000252000000, 0x0000000252000000|100%| E|CS|TAMS 0x0000000251c00000, 0x0000000251c00000| Complete 
|1856|0x0000000252000000, 0x0000000252400000, 0x0000000252400000|100%| E|CS|TAMS 0x0000000252000000, 0x0000000252000000| Complete 
|1857|0x0000000252400000, 0x0000000252800000, 0x0000000252800000|100%| E|CS|TAMS 0x0000000252400000, 0x0000000252400000| Complete 
|1858|0x0000000252800000, 0x0000000252c00000, 0x0000000252c00000|100%| E|CS|TAMS 0x0000000252800000, 0x0000000252800000| Complete 
|1859|0x0000000252c00000, 0x0000000253000000, 0x0000000253000000|100%| E|CS|TAMS 0x0000000252c00000, 0x0000000252c00000| Complete 
|1860|0x0000000253000000, 0x0000000253400000, 0x0000000253400000|100%| E|CS|TAMS 0x0000000253000000, 0x0000000253000000| Complete 
|1861|0x0000000253400000, 0x0000000253800000, 0x0000000253800000|100%| E|CS|TAMS 0x0000000253400000, 0x0000000253400000| Complete 
|1862|0x0000000253800000, 0x0000000253c00000, 0x0000000253c00000|100%| E|CS|TAMS 0x0000000253800000, 0x0000000253800000| Complete 
|1863|0x0000000253c00000, 0x0000000254000000, 0x0000000254000000|100%| E|CS|TAMS 0x0000000253c00000, 0x0000000253c00000| Complete 
|1864|0x0000000254000000, 0x0000000254400000, 0x0000000254400000|100%| E|CS|TAMS 0x0000000254000000, 0x0000000254000000| Complete 
|1865|0x0000000254400000, 0x0000000254800000, 0x0000000254800000|100%| E|CS|TAMS 0x0000000254400000, 0x0000000254400000| Complete 
|1866|0x0000000254800000, 0x0000000254c00000, 0x0000000254c00000|100%| E|CS|TAMS 0x0000000254800000, 0x0000000254800000| Complete 
|1867|0x0000000254c00000, 0x0000000255000000, 0x0000000255000000|100%| E|CS|TAMS 0x0000000254c00000, 0x0000000254c00000| Complete 
|1868|0x0000000255000000, 0x0000000255400000, 0x0000000255400000|100%| E|CS|TAMS 0x0000000255000000, 0x0000000255000000| Complete 
|1869|0x0000000255400000, 0x0000000255800000, 0x0000000255800000|100%| E|CS|TAMS 0x0000000255400000, 0x0000000255400000| Complete 
|1870|0x0000000255800000, 0x0000000255c00000, 0x0000000255c00000|100%| E|CS|TAMS 0x0000000255800000, 0x0000000255800000| Complete 
|1871|0x0000000255c00000, 0x0000000256000000, 0x0000000256000000|100%| E|CS|TAMS 0x0000000255c00000, 0x0000000255c00000| Complete 
|1872|0x0000000256000000, 0x0000000256400000, 0x0000000256400000|100%| E|CS|TAMS 0x0000000256000000, 0x0000000256000000| Complete 
|1873|0x0000000256400000, 0x0000000256800000, 0x0000000256800000|100%| E|CS|TAMS 0x0000000256400000, 0x0000000256400000| Complete 
|1874|0x0000000256800000, 0x0000000256c00000, 0x0000000256c00000|100%| E|CS|TAMS 0x0000000256800000, 0x0000000256800000| Complete 
|1875|0x0000000256c00000, 0x0000000257000000, 0x0000000257000000|100%| E|CS|TAMS 0x0000000256c00000, 0x0000000256c00000| Complete 
|1876|0x0000000257000000, 0x0000000257400000, 0x0000000257400000|100%| E|CS|TAMS 0x0000000257000000, 0x0000000257000000| Complete 
|1877|0x0000000257400000, 0x0000000257800000, 0x0000000257800000|100%| E|CS|TAMS 0x0000000257400000, 0x0000000257400000| Complete 
|1878|0x0000000257800000, 0x0000000257c00000, 0x0000000257c00000|100%| E|CS|TAMS 0x0000000257800000, 0x0000000257800000| Complete 
|1879|0x0000000257c00000, 0x0000000258000000, 0x0000000258000000|100%| E|CS|TAMS 0x0000000257c00000, 0x0000000257c00000| Complete 
|1880|0x0000000258000000, 0x0000000258400000, 0x0000000258400000|100%| E|CS|TAMS 0x0000000258000000, 0x0000000258000000| Complete 
|1881|0x0000000258400000, 0x0000000258800000, 0x0000000258800000|100%| E|CS|TAMS 0x0000000258400000, 0x0000000258400000| Complete 
|1882|0x0000000258800000, 0x0000000258c00000, 0x0000000258c00000|100%| E|CS|TAMS 0x0000000258800000, 0x0000000258800000| Complete 
|1883|0x0000000258c00000, 0x0000000259000000, 0x0000000259000000|100%| E|CS|TAMS 0x0000000258c00000, 0x0000000258c00000| Complete 
|1884|0x0000000259000000, 0x0000000259400000, 0x0000000259400000|100%| E|CS|TAMS 0x0000000259000000, 0x0000000259000000| Complete 
|1885|0x0000000259400000, 0x0000000259800000, 0x0000000259800000|100%| E|CS|TAMS 0x0000000259400000, 0x0000000259400000| Complete 
|1886|0x0000000259800000, 0x0000000259c00000, 0x0000000259c00000|100%| E|CS|TAMS 0x0000000259800000, 0x0000000259800000| Complete 
|1887|0x0000000259c00000, 0x000000025a000000, 0x000000025a000000|100%| E|CS|TAMS 0x0000000259c00000, 0x0000000259c00000| Complete 
|1888|0x000000025a000000, 0x000000025a400000, 0x000000025a400000|100%| E|CS|TAMS 0x000000025a000000, 0x000000025a000000| Complete 
|1889|0x000000025a400000, 0x000000025a800000, 0x000000025a800000|100%| E|CS|TAMS 0x000000025a400000, 0x000000025a400000| Complete 
|1890|0x000000025a800000, 0x000000025ac00000, 0x000000025ac00000|100%| E|CS|TAMS 0x000000025a800000, 0x000000025a800000| Complete 
|1891|0x000000025ac00000, 0x000000025b000000, 0x000000025b000000|100%| E|CS|TAMS 0x000000025ac00000, 0x000000025ac00000| Complete 
|1892|0x000000025b000000, 0x000000025b400000, 0x000000025b400000|100%| E|CS|TAMS 0x000000025b000000, 0x000000025b000000| Complete 
|1893|0x000000025b400000, 0x000000025b800000, 0x000000025b800000|100%| E|CS|TAMS 0x000000025b400000, 0x000000025b400000| Complete 
|1894|0x000000025b800000, 0x000000025bc00000, 0x000000025bc00000|100%| E|CS|TAMS 0x000000025b800000, 0x000000025b800000| Complete 
|1895|0x000000025bc00000, 0x000000025c000000, 0x000000025c000000|100%| E|CS|TAMS 0x000000025bc00000, 0x000000025bc00000| Complete 
|1896|0x000000025c000000, 0x000000025c400000, 0x000000025c400000|100%| E|CS|TAMS 0x000000025c000000, 0x000000025c000000| Complete 
|1897|0x000000025c400000, 0x000000025c800000, 0x000000025c800000|100%| E|CS|TAMS 0x000000025c400000, 0x000000025c400000| Complete 
|1898|0x000000025c800000, 0x000000025cc00000, 0x000000025cc00000|100%| E|CS|TAMS 0x000000025c800000, 0x000000025c800000| Complete 
|1899|0x000000025cc00000, 0x000000025d000000, 0x000000025d000000|100%| E|CS|TAMS 0x000000025cc00000, 0x000000025cc00000| Complete 
|1900|0x000000025d000000, 0x000000025d400000, 0x000000025d400000|100%| E|CS|TAMS 0x000000025d000000, 0x000000025d000000| Complete 
|1901|0x000000025d400000, 0x000000025d800000, 0x000000025d800000|100%| E|CS|TAMS 0x000000025d400000, 0x000000025d400000| Complete 
|1902|0x000000025d800000, 0x000000025dc00000, 0x000000025dc00000|100%| E|CS|TAMS 0x000000025d800000, 0x000000025d800000| Complete 
|1903|0x000000025dc00000, 0x000000025e000000, 0x000000025e000000|100%| E|CS|TAMS 0x000000025dc00000, 0x000000025dc00000| Complete 
|1904|0x000000025e000000, 0x000000025e400000, 0x000000025e400000|100%| E|CS|TAMS 0x000000025e000000, 0x000000025e000000| Complete 
|1905|0x000000025e400000, 0x000000025e800000, 0x000000025e800000|100%| E|CS|TAMS 0x000000025e400000, 0x000000025e400000| Complete 
|1906|0x000000025e800000, 0x000000025ec00000, 0x000000025ec00000|100%| E|CS|TAMS 0x000000025e800000, 0x000000025e800000| Complete 
|1907|0x000000025ec00000, 0x000000025f000000, 0x000000025f000000|100%| E|CS|TAMS 0x000000025ec00000, 0x000000025ec00000| Complete 
|1908|0x000000025f000000, 0x000000025f400000, 0x000000025f400000|100%| E|CS|TAMS 0x000000025f000000, 0x000000025f000000| Complete 
|1909|0x000000025f400000, 0x000000025f800000, 0x000000025f800000|100%| E|CS|TAMS 0x000000025f400000, 0x000000025f400000| Complete 
|1910|0x000000025f800000, 0x000000025fc00000, 0x000000025fc00000|100%| E|CS|TAMS 0x000000025f800000, 0x000000025f800000| Complete 
|1911|0x000000025fc00000, 0x0000000260000000, 0x0000000260000000|100%| E|CS|TAMS 0x000000025fc00000, 0x000000025fc00000| Complete 
|1912|0x0000000260000000, 0x0000000260400000, 0x0000000260400000|100%| E|CS|TAMS 0x0000000260000000, 0x0000000260000000| Complete 
|1913|0x0000000260400000, 0x0000000260800000, 0x0000000260800000|100%| E|CS|TAMS 0x0000000260400000, 0x0000000260400000| Complete 
|1914|0x0000000260800000, 0x0000000260c00000, 0x0000000260c00000|100%| E|CS|TAMS 0x0000000260800000, 0x0000000260800000| Complete 
|1915|0x0000000260c00000, 0x0000000261000000, 0x0000000261000000|100%| E|CS|TAMS 0x0000000260c00000, 0x0000000260c00000| Complete 
|1916|0x0000000261000000, 0x0000000261400000, 0x0000000261400000|100%| E|CS|TAMS 0x0000000261000000, 0x0000000261000000| Complete 
|1917|0x0000000261400000, 0x0000000261800000, 0x0000000261800000|100%| E|CS|TAMS 0x0000000261400000, 0x0000000261400000| Complete 
|1918|0x0000000261800000, 0x0000000261c00000, 0x0000000261c00000|100%| E|CS|TAMS 0x0000000261800000, 0x0000000261800000| Complete 
|1919|0x0000000261c00000, 0x0000000262000000, 0x0000000262000000|100%| E|CS|TAMS 0x0000000261c00000, 0x0000000261c00000| Complete 
|1920|0x0000000262000000, 0x0000000262400000, 0x0000000262400000|100%| E|CS|TAMS 0x0000000262000000, 0x0000000262000000| Complete 
|1921|0x0000000262400000, 0x0000000262800000, 0x0000000262800000|100%| E|CS|TAMS 0x0000000262400000, 0x0000000262400000| Complete 
|1922|0x0000000262800000, 0x0000000262c00000, 0x0000000262c00000|100%| E|CS|TAMS 0x0000000262800000, 0x0000000262800000| Complete 
|1923|0x0000000262c00000, 0x0000000263000000, 0x0000000263000000|100%| E|CS|TAMS 0x0000000262c00000, 0x0000000262c00000| Complete 
|1924|0x0000000263000000, 0x0000000263400000, 0x0000000263400000|100%| E|CS|TAMS 0x0000000263000000, 0x0000000263000000| Complete 
|1925|0x0000000263400000, 0x0000000263800000, 0x0000000263800000|100%| E|CS|TAMS 0x0000000263400000, 0x0000000263400000| Complete 
|1926|0x0000000263800000, 0x0000000263c00000, 0x0000000263c00000|100%| E|CS|TAMS 0x0000000263800000, 0x0000000263800000| Complete 
|1927|0x0000000263c00000, 0x0000000264000000, 0x0000000264000000|100%| E|CS|TAMS 0x0000000263c00000, 0x0000000263c00000| Complete 
|1928|0x0000000264000000, 0x0000000264400000, 0x0000000264400000|100%| E|CS|TAMS 0x0000000264000000, 0x0000000264000000| Complete 
|1929|0x0000000264400000, 0x0000000264800000, 0x0000000264800000|100%| E|CS|TAMS 0x0000000264400000, 0x0000000264400000| Complete 
|1930|0x0000000264800000, 0x0000000264c00000, 0x0000000264c00000|100%| E|CS|TAMS 0x0000000264800000, 0x0000000264800000| Complete 
|1931|0x0000000264c00000, 0x0000000265000000, 0x0000000265000000|100%| E|CS|TAMS 0x0000000264c00000, 0x0000000264c00000| Complete 
|1932|0x0000000265000000, 0x0000000265400000, 0x0000000265400000|100%| E|CS|TAMS 0x0000000265000000, 0x0000000265000000| Complete 
|1933|0x0000000265400000, 0x0000000265800000, 0x0000000265800000|100%| E|CS|TAMS 0x0000000265400000, 0x0000000265400000| Complete 
|1934|0x0000000265800000, 0x0000000265c00000, 0x0000000265c00000|100%| E|CS|TAMS 0x0000000265800000, 0x0000000265800000| Complete 
|1935|0x0000000265c00000, 0x0000000266000000, 0x0000000266000000|100%| E|CS|TAMS 0x0000000265c00000, 0x0000000265c00000| Complete 
|1936|0x0000000266000000, 0x0000000266400000, 0x0000000266400000|100%| E|CS|TAMS 0x0000000266000000, 0x0000000266000000| Complete 
|1937|0x0000000266400000, 0x0000000266800000, 0x0000000266800000|100%| E|CS|TAMS 0x0000000266400000, 0x0000000266400000| Complete 
|1938|0x0000000266800000, 0x0000000266c00000, 0x0000000266c00000|100%| E|CS|TAMS 0x0000000266800000, 0x0000000266800000| Complete 
|1939|0x0000000266c00000, 0x0000000267000000, 0x0000000267000000|100%| E|CS|TAMS 0x0000000266c00000, 0x0000000266c00000| Complete 
|1940|0x0000000267000000, 0x0000000267400000, 0x0000000267400000|100%| E|CS|TAMS 0x0000000267000000, 0x0000000267000000| Complete 
|1941|0x0000000267400000, 0x0000000267800000, 0x0000000267800000|100%| E|CS|TAMS 0x0000000267400000, 0x0000000267400000| Complete 
|1942|0x0000000267800000, 0x0000000267c00000, 0x0000000267c00000|100%| E|CS|TAMS 0x0000000267800000, 0x0000000267800000| Complete 
|1943|0x0000000267c00000, 0x0000000268000000, 0x0000000268000000|100%| E|CS|TAMS 0x0000000267c00000, 0x0000000267c00000| Complete 
|1944|0x0000000268000000, 0x0000000268400000, 0x0000000268400000|100%| E|CS|TAMS 0x0000000268000000, 0x0000000268000000| Complete 
|1945|0x0000000268400000, 0x0000000268800000, 0x0000000268800000|100%| E|CS|TAMS 0x0000000268400000, 0x0000000268400000| Complete 
|1946|0x0000000268800000, 0x0000000268c00000, 0x0000000268c00000|100%| E|CS|TAMS 0x0000000268800000, 0x0000000268800000| Complete 
|1947|0x0000000268c00000, 0x0000000269000000, 0x0000000269000000|100%| E|CS|TAMS 0x0000000268c00000, 0x0000000268c00000| Complete 
|1948|0x0000000269000000, 0x0000000269400000, 0x0000000269400000|100%| E|CS|TAMS 0x0000000269000000, 0x0000000269000000| Complete 
|1949|0x0000000269400000, 0x0000000269800000, 0x0000000269800000|100%| E|CS|TAMS 0x0000000269400000, 0x0000000269400000| Complete 
|1950|0x0000000269800000, 0x0000000269c00000, 0x0000000269c00000|100%| E|CS|TAMS 0x0000000269800000, 0x0000000269800000| Complete 
|1951|0x0000000269c00000, 0x000000026a000000, 0x000000026a000000|100%| E|CS|TAMS 0x0000000269c00000, 0x0000000269c00000| Complete 
|1952|0x000000026a000000, 0x000000026a400000, 0x000000026a400000|100%| E|CS|TAMS 0x000000026a000000, 0x000000026a000000| Complete 
|1953|0x000000026a400000, 0x000000026a800000, 0x000000026a800000|100%| E|CS|TAMS 0x000000026a400000, 0x000000026a400000| Complete 
|1954|0x000000026a800000, 0x000000026ac00000, 0x000000026ac00000|100%| E|CS|TAMS 0x000000026a800000, 0x000000026a800000| Complete 
|1955|0x000000026ac00000, 0x000000026b000000, 0x000000026b000000|100%| E|CS|TAMS 0x000000026ac00000, 0x000000026ac00000| Complete 
|1956|0x000000026b000000, 0x000000026b400000, 0x000000026b400000|100%| E|CS|TAMS 0x000000026b000000, 0x000000026b000000| Complete 
|1957|0x000000026b400000, 0x000000026b800000, 0x000000026b800000|100%| E|CS|TAMS 0x000000026b400000, 0x000000026b400000| Complete 
|1958|0x000000026b800000, 0x000000026bc00000, 0x000000026bc00000|100%| E|CS|TAMS 0x000000026b800000, 0x000000026b800000| Complete 
|1959|0x000000026bc00000, 0x000000026c000000, 0x000000026c000000|100%| E|CS|TAMS 0x000000026bc00000, 0x000000026bc00000| Complete 
|1960|0x000000026c000000, 0x000000026c400000, 0x000000026c400000|100%| E|CS|TAMS 0x000000026c000000, 0x000000026c000000| Complete 
|1961|0x000000026c400000, 0x000000026c800000, 0x000000026c800000|100%| E|CS|TAMS 0x000000026c400000, 0x000000026c400000| Complete 
|1962|0x000000026c800000, 0x000000026cc00000, 0x000000026cc00000|100%| E|CS|TAMS 0x000000026c800000, 0x000000026c800000| Complete 
|1963|0x000000026cc00000, 0x000000026d000000, 0x000000026d000000|100%| E|CS|TAMS 0x000000026cc00000, 0x000000026cc00000| Complete 
|1964|0x000000026d000000, 0x000000026d400000, 0x000000026d400000|100%| E|CS|TAMS 0x000000026d000000, 0x000000026d000000| Complete 
|1965|0x000000026d400000, 0x000000026d800000, 0x000000026d800000|100%| E|CS|TAMS 0x000000026d400000, 0x000000026d400000| Complete 
|1966|0x000000026d800000, 0x000000026dc00000, 0x000000026dc00000|100%| E|CS|TAMS 0x000000026d800000, 0x000000026d800000| Complete 
|1967|0x000000026dc00000, 0x000000026e000000, 0x000000026e000000|100%| E|CS|TAMS 0x000000026dc00000, 0x000000026dc00000| Complete 
|1968|0x000000026e000000, 0x000000026e400000, 0x000000026e400000|100%| E|CS|TAMS 0x000000026e000000, 0x000000026e000000| Complete 
|1969|0x000000026e400000, 0x000000026e800000, 0x000000026e800000|100%| E|CS|TAMS 0x000000026e400000, 0x000000026e400000| Complete 
|1970|0x000000026e800000, 0x000000026ec00000, 0x000000026ec00000|100%| E|CS|TAMS 0x000000026e800000, 0x000000026e800000| Complete 
|1971|0x000000026ec00000, 0x000000026f000000, 0x000000026f000000|100%| E|CS|TAMS 0x000000026ec00000, 0x000000026ec00000| Complete 
|1972|0x000000026f000000, 0x000000026f400000, 0x000000026f400000|100%| E|CS|TAMS 0x000000026f000000, 0x000000026f000000| Complete 
|1973|0x000000026f400000, 0x000000026f800000, 0x000000026f800000|100%| E|CS|TAMS 0x000000026f400000, 0x000000026f400000| Complete 
|1974|0x000000026f800000, 0x000000026fc00000, 0x000000026fc00000|100%| E|CS|TAMS 0x000000026f800000, 0x000000026f800000| Complete 
|1975|0x000000026fc00000, 0x0000000270000000, 0x0000000270000000|100%| E|CS|TAMS 0x000000026fc00000, 0x000000026fc00000| Complete 
|1976|0x0000000270000000, 0x0000000270400000, 0x0000000270400000|100%| E|CS|TAMS 0x0000000270000000, 0x0000000270000000| Complete 
|1977|0x0000000270400000, 0x0000000270800000, 0x0000000270800000|100%| E|CS|TAMS 0x0000000270400000, 0x0000000270400000| Complete 
|1978|0x0000000270800000, 0x0000000270c00000, 0x0000000270c00000|100%| E|CS|TAMS 0x0000000270800000, 0x0000000270800000| Complete 
|1979|0x0000000270c00000, 0x0000000271000000, 0x0000000271000000|100%| E|CS|TAMS 0x0000000270c00000, 0x0000000270c00000| Complete 
|1980|0x0000000271000000, 0x0000000271400000, 0x0000000271400000|100%| E|CS|TAMS 0x0000000271000000, 0x0000000271000000| Complete 
|1981|0x0000000271400000, 0x0000000271800000, 0x0000000271800000|100%| E|CS|TAMS 0x0000000271400000, 0x0000000271400000| Complete 
|1982|0x0000000271800000, 0x0000000271c00000, 0x0000000271c00000|100%| E|CS|TAMS 0x0000000271800000, 0x0000000271800000| Complete 
|1983|0x0000000271c00000, 0x0000000272000000, 0x0000000272000000|100%| E|CS|TAMS 0x0000000271c00000, 0x0000000271c00000| Complete 
|1984|0x0000000272000000, 0x0000000272400000, 0x0000000272400000|100%| E|CS|TAMS 0x0000000272000000, 0x0000000272000000| Complete 
|1985|0x0000000272400000, 0x0000000272800000, 0x0000000272800000|100%| E|CS|TAMS 0x0000000272400000, 0x0000000272400000| Complete 
|1986|0x0000000272800000, 0x0000000272c00000, 0x0000000272c00000|100%| E|CS|TAMS 0x0000000272800000, 0x0000000272800000| Complete 
|1987|0x0000000272c00000, 0x0000000273000000, 0x0000000273000000|100%| E|CS|TAMS 0x0000000272c00000, 0x0000000272c00000| Complete 
|1988|0x0000000273000000, 0x0000000273400000, 0x0000000273400000|100%| E|CS|TAMS 0x0000000273000000, 0x0000000273000000| Complete 
|1989|0x0000000273400000, 0x0000000273800000, 0x0000000273800000|100%| E|CS|TAMS 0x0000000273400000, 0x0000000273400000| Complete 
|1990|0x0000000273800000, 0x0000000273c00000, 0x0000000273c00000|100%| E|CS|TAMS 0x0000000273800000, 0x0000000273800000| Complete 
|1991|0x0000000273c00000, 0x0000000274000000, 0x0000000274000000|100%| E|CS|TAMS 0x0000000273c00000, 0x0000000273c00000| Complete 
|1992|0x0000000274000000, 0x0000000274400000, 0x0000000274400000|100%| E|CS|TAMS 0x0000000274000000, 0x0000000274000000| Complete 
|1993|0x0000000274400000, 0x0000000274800000, 0x0000000274800000|100%| E|CS|TAMS 0x0000000274400000, 0x0000000274400000| Complete 
|1994|0x0000000274800000, 0x0000000274c00000, 0x0000000274c00000|100%| E|CS|TAMS 0x0000000274800000, 0x0000000274800000| Complete 
|1995|0x0000000274c00000, 0x0000000275000000, 0x0000000275000000|100%| E|CS|TAMS 0x0000000274c00000, 0x0000000274c00000| Complete 
|1996|0x0000000275000000, 0x0000000275400000, 0x0000000275400000|100%| E|CS|TAMS 0x0000000275000000, 0x0000000275000000| Complete 
|1997|0x0000000275400000, 0x0000000275800000, 0x0000000275800000|100%| E|CS|TAMS 0x0000000275400000, 0x0000000275400000| Complete 
|1998|0x0000000275800000, 0x0000000275c00000, 0x0000000275c00000|100%| E|CS|TAMS 0x0000000275800000, 0x0000000275800000| Complete 
|1999|0x0000000275c00000, 0x0000000276000000, 0x0000000276000000|100%| E|CS|TAMS 0x0000000275c00000, 0x0000000275c00000| Complete 
|2000|0x0000000276000000, 0x0000000276400000, 0x0000000276400000|100%| E|CS|TAMS 0x0000000276000000, 0x0000000276000000| Complete 
|2001|0x0000000276400000, 0x0000000276800000, 0x0000000276800000|100%| E|CS|TAMS 0x0000000276400000, 0x0000000276400000| Complete 
|2002|0x0000000276800000, 0x0000000276c00000, 0x0000000276c00000|100%| E|CS|TAMS 0x0000000276800000, 0x0000000276800000| Complete 
|2003|0x0000000276c00000, 0x0000000277000000, 0x0000000277000000|100%| E|CS|TAMS 0x0000000276c00000, 0x0000000276c00000| Complete 
|2004|0x0000000277000000, 0x0000000277400000, 0x0000000277400000|100%| E|CS|TAMS 0x0000000277000000, 0x0000000277000000| Complete 
|2005|0x0000000277400000, 0x0000000277800000, 0x0000000277800000|100%| E|CS|TAMS 0x0000000277400000, 0x0000000277400000| Complete 
|2006|0x0000000277800000, 0x0000000277c00000, 0x0000000277c00000|100%| E|CS|TAMS 0x0000000277800000, 0x0000000277800000| Complete 
|2007|0x0000000277c00000, 0x0000000278000000, 0x0000000278000000|100%| E|CS|TAMS 0x0000000277c00000, 0x0000000277c00000| Complete 
|2008|0x0000000278000000, 0x0000000278400000, 0x0000000278400000|100%| E|CS|TAMS 0x0000000278000000, 0x0000000278000000| Complete 
|2009|0x0000000278400000, 0x0000000278800000, 0x0000000278800000|100%| E|CS|TAMS 0x0000000278400000, 0x0000000278400000| Complete 
|2010|0x0000000278800000, 0x0000000278c00000, 0x0000000278c00000|100%| E|CS|TAMS 0x0000000278800000, 0x0000000278800000| Complete 
|2011|0x0000000278c00000, 0x0000000279000000, 0x0000000279000000|100%| E|CS|TAMS 0x0000000278c00000, 0x0000000278c00000| Complete 
|2012|0x0000000279000000, 0x0000000279400000, 0x0000000279400000|100%| E|CS|TAMS 0x0000000279000000, 0x0000000279000000| Complete 
|2013|0x0000000279400000, 0x0000000279800000, 0x0000000279800000|100%| E|CS|TAMS 0x0000000279400000, 0x0000000279400000| Complete 
|2014|0x0000000279800000, 0x0000000279c00000, 0x0000000279c00000|100%| E|CS|TAMS 0x0000000279800000, 0x0000000279800000| Complete 
|2015|0x0000000279c00000, 0x000000027a000000, 0x000000027a000000|100%| E|CS|TAMS 0x0000000279c00000, 0x0000000279c00000| Complete 
|2016|0x000000027a000000, 0x000000027a400000, 0x000000027a400000|100%| E|CS|TAMS 0x000000027a000000, 0x000000027a000000| Complete 
|2017|0x000000027a400000, 0x000000027a800000, 0x000000027a800000|100%| E|CS|TAMS 0x000000027a400000, 0x000000027a400000| Complete 
|2018|0x000000027a800000, 0x000000027ac00000, 0x000000027ac00000|100%| E|CS|TAMS 0x000000027a800000, 0x000000027a800000| Complete 
|2019|0x000000027ac00000, 0x000000027b000000, 0x000000027b000000|100%| E|CS|TAMS 0x000000027ac00000, 0x000000027ac00000| Complete 
|2020|0x000000027b000000, 0x000000027b400000, 0x000000027b400000|100%| E|CS|TAMS 0x000000027b000000, 0x000000027b000000| Complete 
|2021|0x000000027b400000, 0x000000027b800000, 0x000000027b800000|100%| E|CS|TAMS 0x000000027b400000, 0x000000027b400000| Complete 
|2022|0x000000027b800000, 0x000000027bc00000, 0x000000027bc00000|100%| E|CS|TAMS 0x000000027b800000, 0x000000027b800000| Complete 
|2023|0x000000027bc00000, 0x000000027c000000, 0x000000027c000000|100%| E|CS|TAMS 0x000000027bc00000, 0x000000027bc00000| Complete 
|2024|0x000000027c000000, 0x000000027c400000, 0x000000027c400000|100%| E|CS|TAMS 0x000000027c000000, 0x000000027c000000| Complete 
|2025|0x000000027c400000, 0x000000027c800000, 0x000000027c800000|100%| E|CS|TAMS 0x000000027c400000, 0x000000027c400000| Complete 
|2026|0x000000027c800000, 0x000000027cc00000, 0x000000027cc00000|100%| E|CS|TAMS 0x000000027c800000, 0x000000027c800000| Complete 
|2027|0x000000027cc00000, 0x000000027d000000, 0x000000027d000000|100%| E|CS|TAMS 0x000000027cc00000, 0x000000027cc00000| Complete 
|2028|0x000000027d000000, 0x000000027d400000, 0x000000027d400000|100%| E|CS|TAMS 0x000000027d000000, 0x000000027d000000| Complete 
|2029|0x000000027d400000, 0x000000027d800000, 0x000000027d800000|100%| E|CS|TAMS 0x000000027d400000, 0x000000027d400000| Complete 
|2030|0x000000027d800000, 0x000000027dc00000, 0x000000027dc00000|100%| E|CS|TAMS 0x000000027d800000, 0x000000027d800000| Complete 
|2031|0x000000027dc00000, 0x000000027e000000, 0x000000027e000000|100%| E|CS|TAMS 0x000000027dc00000, 0x000000027dc00000| Complete 
|2032|0x000000027e000000, 0x000000027e400000, 0x000000027e400000|100%| E|CS|TAMS 0x000000027e000000, 0x000000027e000000| Complete 
|2033|0x000000027e400000, 0x000000027e800000, 0x000000027e800000|100%| E|CS|TAMS 0x000000027e400000, 0x000000027e400000| Complete 
|2034|0x000000027e800000, 0x000000027ec00000, 0x000000027ec00000|100%| E|CS|TAMS 0x000000027e800000, 0x000000027e800000| Complete 
|2035|0x000000027ec00000, 0x000000027f000000, 0x000000027f000000|100%| E|CS|TAMS 0x000000027ec00000, 0x000000027ec00000| Complete 
|2036|0x000000027f000000, 0x000000027f400000, 0x000000027f400000|100%| E|CS|TAMS 0x000000027f000000, 0x000000027f000000| Complete 
|2037|0x000000027f400000, 0x000000027f800000, 0x000000027f800000|100%| E|CS|TAMS 0x000000027f400000, 0x000000027f400000| Complete 
|2038|0x000000027f800000, 0x000000027fc00000, 0x000000027fc00000|100%| E|CS|TAMS 0x000000027f800000, 0x000000027f800000| Complete 
|2039|0x000000027fc00000, 0x0000000280000000, 0x0000000280000000|100%| E|CS|TAMS 0x000000027fc00000, 0x000000027fc00000| Complete 
|2040|0x0000000280000000, 0x0000000280400000, 0x0000000280400000|100%| E|CS|TAMS 0x0000000280000000, 0x0000000280000000| Complete 
|2041|0x0000000280400000, 0x0000000280800000, 0x0000000280800000|100%| E|CS|TAMS 0x0000000280400000, 0x0000000280400000| Complete 
|2042|0x0000000280800000, 0x0000000280c00000, 0x0000000280c00000|100%| E|CS|TAMS 0x0000000280800000, 0x0000000280800000| Complete 
|2043|0x0000000280c00000, 0x0000000281000000, 0x0000000281000000|100%| E|CS|TAMS 0x0000000280c00000, 0x0000000280c00000| Complete 
|2044|0x0000000281000000, 0x0000000281400000, 0x0000000281400000|100%| E|CS|TAMS 0x0000000281000000, 0x0000000281000000| Complete 
|2045|0x0000000281400000, 0x0000000281800000, 0x0000000281800000|100%| E|CS|TAMS 0x0000000281400000, 0x0000000281400000| Complete 
|2046|0x0000000281800000, 0x0000000281c00000, 0x0000000281c00000|100%| E|CS|TAMS 0x0000000281800000, 0x0000000281800000| Complete 
|2047|0x0000000281c00000, 0x0000000282000000, 0x0000000282000000|100%| E|CS|TAMS 0x0000000281c00000, 0x0000000281c00000| Complete 
|2048|0x0000000282000000, 0x0000000282400000, 0x0000000282400000|100%| E|CS|TAMS 0x0000000282000000, 0x0000000282000000| Complete 
|2049|0x0000000282400000, 0x0000000282800000, 0x0000000282800000|100%| E|CS|TAMS 0x0000000282400000, 0x0000000282400000| Complete 
|2050|0x0000000282800000, 0x0000000282c00000, 0x0000000282c00000|100%| E|CS|TAMS 0x0000000282800000, 0x0000000282800000| Complete 
|2051|0x0000000282c00000, 0x0000000283000000, 0x0000000283000000|100%| E|CS|TAMS 0x0000000282c00000, 0x0000000282c00000| Complete 
|2052|0x0000000283000000, 0x0000000283400000, 0x0000000283400000|100%| E|CS|TAMS 0x0000000283000000, 0x0000000283000000| Complete 
|2053|0x0000000283400000, 0x0000000283800000, 0x0000000283800000|100%| E|CS|TAMS 0x0000000283400000, 0x0000000283400000| Complete 
|2054|0x0000000283800000, 0x0000000283c00000, 0x0000000283c00000|100%| E|CS|TAMS 0x0000000283800000, 0x0000000283800000| Complete 
|2055|0x0000000283c00000, 0x0000000284000000, 0x0000000284000000|100%| E|CS|TAMS 0x0000000283c00000, 0x0000000283c00000| Complete 
|2056|0x0000000284000000, 0x0000000284400000, 0x0000000284400000|100%| E|CS|TAMS 0x0000000284000000, 0x0000000284000000| Complete 
|2057|0x0000000284400000, 0x0000000284800000, 0x0000000284800000|100%| E|CS|TAMS 0x0000000284400000, 0x0000000284400000| Complete 
|2058|0x0000000284800000, 0x0000000284c00000, 0x0000000284c00000|100%| E|CS|TAMS 0x0000000284800000, 0x0000000284800000| Complete 
|2059|0x0000000284c00000, 0x0000000285000000, 0x0000000285000000|100%| E|CS|TAMS 0x0000000284c00000, 0x0000000284c00000| Complete 
|2060|0x0000000285000000, 0x0000000285400000, 0x0000000285400000|100%| E|CS|TAMS 0x0000000285000000, 0x0000000285000000| Complete 
|2061|0x0000000285400000, 0x0000000285800000, 0x0000000285800000|100%| E|CS|TAMS 0x0000000285400000, 0x0000000285400000| Complete 
|2062|0x0000000285800000, 0x0000000285c00000, 0x0000000285c00000|100%| E|CS|TAMS 0x0000000285800000, 0x0000000285800000| Complete 
|2063|0x0000000285c00000, 0x0000000286000000, 0x0000000286000000|100%| E|CS|TAMS 0x0000000285c00000, 0x0000000285c00000| Complete 
|2064|0x0000000286000000, 0x0000000286400000, 0x0000000286400000|100%| E|CS|TAMS 0x0000000286000000, 0x0000000286000000| Complete 
|2065|0x0000000286400000, 0x0000000286800000, 0x0000000286800000|100%| E|CS|TAMS 0x0000000286400000, 0x0000000286400000| Complete 
|2066|0x0000000286800000, 0x0000000286c00000, 0x0000000286c00000|100%| E|CS|TAMS 0x0000000286800000, 0x0000000286800000| Complete 
|2067|0x0000000286c00000, 0x0000000287000000, 0x0000000287000000|100%| E|CS|TAMS 0x0000000286c00000, 0x0000000286c00000| Complete 
|2068|0x0000000287000000, 0x0000000287400000, 0x0000000287400000|100%| E|CS|TAMS 0x0000000287000000, 0x0000000287000000| Complete 
|2069|0x0000000287400000, 0x0000000287800000, 0x0000000287800000|100%| E|CS|TAMS 0x0000000287400000, 0x0000000287400000| Complete 
|2070|0x0000000287800000, 0x0000000287c00000, 0x0000000287c00000|100%| E|CS|TAMS 0x0000000287800000, 0x0000000287800000| Complete 
|2071|0x0000000287c00000, 0x0000000288000000, 0x0000000288000000|100%| E|CS|TAMS 0x0000000287c00000, 0x0000000287c00000| Complete 
|2072|0x0000000288000000, 0x0000000288400000, 0x0000000288400000|100%| E|CS|TAMS 0x0000000288000000, 0x0000000288000000| Complete 
|2073|0x0000000288400000, 0x0000000288800000, 0x0000000288800000|100%| E|CS|TAMS 0x0000000288400000, 0x0000000288400000| Complete 
|2074|0x0000000288800000, 0x0000000288c00000, 0x0000000288c00000|100%| E|CS|TAMS 0x0000000288800000, 0x0000000288800000| Complete 
|2075|0x0000000288c00000, 0x0000000289000000, 0x0000000289000000|100%| E|CS|TAMS 0x0000000288c00000, 0x0000000288c00000| Complete 
|2076|0x0000000289000000, 0x0000000289400000, 0x0000000289400000|100%| E|CS|TAMS 0x0000000289000000, 0x0000000289000000| Complete 
|2077|0x0000000289400000, 0x0000000289800000, 0x0000000289800000|100%| E|CS|TAMS 0x0000000289400000, 0x0000000289400000| Complete 
|2078|0x0000000289800000, 0x0000000289c00000, 0x0000000289c00000|100%| E|CS|TAMS 0x0000000289800000, 0x0000000289800000| Complete 
|2079|0x0000000289c00000, 0x000000028a000000, 0x000000028a000000|100%| E|CS|TAMS 0x0000000289c00000, 0x0000000289c00000| Complete 
|2080|0x000000028a000000, 0x000000028a400000, 0x000000028a400000|100%| E|CS|TAMS 0x000000028a000000, 0x000000028a000000| Complete 
|2081|0x000000028a400000, 0x000000028a800000, 0x000000028a800000|100%| E|CS|TAMS 0x000000028a400000, 0x000000028a400000| Complete 
|2082|0x000000028a800000, 0x000000028ac00000, 0x000000028ac00000|100%| E|CS|TAMS 0x000000028a800000, 0x000000028a800000| Complete 
|2083|0x000000028ac00000, 0x000000028b000000, 0x000000028b000000|100%| E|CS|TAMS 0x000000028ac00000, 0x000000028ac00000| Complete 
|2084|0x000000028b000000, 0x000000028b400000, 0x000000028b400000|100%| E|CS|TAMS 0x000000028b000000, 0x000000028b000000| Complete 
|2085|0x000000028b400000, 0x000000028b800000, 0x000000028b800000|100%| E|CS|TAMS 0x000000028b400000, 0x000000028b400000| Complete 
|2086|0x000000028b800000, 0x000000028bc00000, 0x000000028bc00000|100%| E|CS|TAMS 0x000000028b800000, 0x000000028b800000| Complete 
|2087|0x000000028bc00000, 0x000000028c000000, 0x000000028c000000|100%| E|CS|TAMS 0x000000028bc00000, 0x000000028bc00000| Complete 
|2088|0x000000028c000000, 0x000000028c400000, 0x000000028c400000|100%| E|CS|TAMS 0x000000028c000000, 0x000000028c000000| Complete 
|2089|0x000000028c400000, 0x000000028c800000, 0x000000028c800000|100%| E|CS|TAMS 0x000000028c400000, 0x000000028c400000| Complete 
|2090|0x000000028c800000, 0x000000028cc00000, 0x000000028cc00000|100%| E|CS|TAMS 0x000000028c800000, 0x000000028c800000| Complete 
|2091|0x000000028cc00000, 0x000000028d000000, 0x000000028d000000|100%| E|CS|TAMS 0x000000028cc00000, 0x000000028cc00000| Complete 
|2092|0x000000028d000000, 0x000000028d400000, 0x000000028d400000|100%| E|CS|TAMS 0x000000028d000000, 0x000000028d000000| Complete 
|2093|0x000000028d400000, 0x000000028d800000, 0x000000028d800000|100%| E|CS|TAMS 0x000000028d400000, 0x000000028d400000| Complete 
|2094|0x000000028d800000, 0x000000028dc00000, 0x000000028dc00000|100%| E|CS|TAMS 0x000000028d800000, 0x000000028d800000| Complete 
|2095|0x000000028dc00000, 0x000000028e000000, 0x000000028e000000|100%| E|CS|TAMS 0x000000028dc00000, 0x000000028dc00000| Complete 
|2096|0x000000028e000000, 0x000000028e400000, 0x000000028e400000|100%| E|CS|TAMS 0x000000028e000000, 0x000000028e000000| Complete 
|2097|0x000000028e400000, 0x000000028e800000, 0x000000028e800000|100%| E|CS|TAMS 0x000000028e400000, 0x000000028e400000| Complete 
|2098|0x000000028e800000, 0x000000028ec00000, 0x000000028ec00000|100%| E|CS|TAMS 0x000000028e800000, 0x000000028e800000| Complete 
|2099|0x000000028ec00000, 0x000000028f000000, 0x000000028f000000|100%| E|CS|TAMS 0x000000028ec00000, 0x000000028ec00000| Complete 
|2100|0x000000028f000000, 0x000000028f400000, 0x000000028f400000|100%| E|CS|TAMS 0x000000028f000000, 0x000000028f000000| Complete 
|2101|0x000000028f400000, 0x000000028f800000, 0x000000028f800000|100%| E|CS|TAMS 0x000000028f400000, 0x000000028f400000| Complete 
|2102|0x000000028f800000, 0x000000028fc00000, 0x000000028fc00000|100%| E|CS|TAMS 0x000000028f800000, 0x000000028f800000| Complete 
|2103|0x000000028fc00000, 0x0000000290000000, 0x0000000290000000|100%| E|CS|TAMS 0x000000028fc00000, 0x000000028fc00000| Complete 
|2104|0x0000000290000000, 0x0000000290400000, 0x0000000290400000|100%| E|CS|TAMS 0x0000000290000000, 0x0000000290000000| Complete 
|2105|0x0000000290400000, 0x0000000290800000, 0x0000000290800000|100%| E|CS|TAMS 0x0000000290400000, 0x0000000290400000| Complete 
|2106|0x0000000290800000, 0x0000000290c00000, 0x0000000290c00000|100%| E|CS|TAMS 0x0000000290800000, 0x0000000290800000| Complete 
|2107|0x0000000290c00000, 0x0000000291000000, 0x0000000291000000|100%| E|CS|TAMS 0x0000000290c00000, 0x0000000290c00000| Complete 
|2108|0x0000000291000000, 0x0000000291400000, 0x0000000291400000|100%| E|CS|TAMS 0x0000000291000000, 0x0000000291000000| Complete 
|2109|0x0000000291400000, 0x0000000291800000, 0x0000000291800000|100%| E|CS|TAMS 0x0000000291400000, 0x0000000291400000| Complete 
|2110|0x0000000291800000, 0x0000000291c00000, 0x0000000291c00000|100%| E|CS|TAMS 0x0000000291800000, 0x0000000291800000| Complete 
|2111|0x0000000291c00000, 0x0000000292000000, 0x0000000292000000|100%| E|CS|TAMS 0x0000000291c00000, 0x0000000291c00000| Complete 
|2112|0x0000000292000000, 0x0000000292400000, 0x0000000292400000|100%| E|CS|TAMS 0x0000000292000000, 0x0000000292000000| Complete 
|2113|0x0000000292400000, 0x0000000292800000, 0x0000000292800000|100%| E|CS|TAMS 0x0000000292400000, 0x0000000292400000| Complete 
|2114|0x0000000292800000, 0x0000000292c00000, 0x0000000292c00000|100%| E|CS|TAMS 0x0000000292800000, 0x0000000292800000| Complete 
|2115|0x0000000292c00000, 0x0000000293000000, 0x0000000293000000|100%| E|CS|TAMS 0x0000000292c00000, 0x0000000292c00000| Complete 
|2116|0x0000000293000000, 0x0000000293400000, 0x0000000293400000|100%| E|CS|TAMS 0x0000000293000000, 0x0000000293000000| Complete 
|2117|0x0000000293400000, 0x0000000293800000, 0x0000000293800000|100%| E|CS|TAMS 0x0000000293400000, 0x0000000293400000| Complete 
|2118|0x0000000293800000, 0x0000000293c00000, 0x0000000293c00000|100%| E|CS|TAMS 0x0000000293800000, 0x0000000293800000| Complete 
|2119|0x0000000293c00000, 0x0000000294000000, 0x0000000294000000|100%| E|CS|TAMS 0x0000000293c00000, 0x0000000293c00000| Complete 
|2120|0x0000000294000000, 0x0000000294400000, 0x0000000294400000|100%| E|CS|TAMS 0x0000000294000000, 0x0000000294000000| Complete 
|2121|0x0000000294400000, 0x0000000294800000, 0x0000000294800000|100%| E|CS|TAMS 0x0000000294400000, 0x0000000294400000| Complete 
|2122|0x0000000294800000, 0x0000000294c00000, 0x0000000294c00000|100%| E|CS|TAMS 0x0000000294800000, 0x0000000294800000| Complete 
|2123|0x0000000294c00000, 0x0000000295000000, 0x0000000295000000|100%| E|CS|TAMS 0x0000000294c00000, 0x0000000294c00000| Complete 
|2124|0x0000000295000000, 0x0000000295400000, 0x0000000295400000|100%| E|CS|TAMS 0x0000000295000000, 0x0000000295000000| Complete 
|2125|0x0000000295400000, 0x0000000295800000, 0x0000000295800000|100%| E|CS|TAMS 0x0000000295400000, 0x0000000295400000| Complete 
|2126|0x0000000295800000, 0x0000000295c00000, 0x0000000295c00000|100%| E|CS|TAMS 0x0000000295800000, 0x0000000295800000| Complete 
|2127|0x0000000295c00000, 0x0000000296000000, 0x0000000296000000|100%| E|CS|TAMS 0x0000000295c00000, 0x0000000295c00000| Complete 
|2128|0x0000000296000000, 0x0000000296400000, 0x0000000296400000|100%| E|CS|TAMS 0x0000000296000000, 0x0000000296000000| Complete 
|2129|0x0000000296400000, 0x0000000296800000, 0x0000000296800000|100%| E|CS|TAMS 0x0000000296400000, 0x0000000296400000| Complete 
|2130|0x0000000296800000, 0x0000000296c00000, 0x0000000296c00000|100%| E|CS|TAMS 0x0000000296800000, 0x0000000296800000| Complete 
|2131|0x0000000296c00000, 0x0000000297000000, 0x0000000297000000|100%| E|CS|TAMS 0x0000000296c00000, 0x0000000296c00000| Complete 
|2132|0x0000000297000000, 0x0000000297400000, 0x0000000297400000|100%| E|CS|TAMS 0x0000000297000000, 0x0000000297000000| Complete 
|2133|0x0000000297400000, 0x0000000297800000, 0x0000000297800000|100%| E|CS|TAMS 0x0000000297400000, 0x0000000297400000| Complete 
|2134|0x0000000297800000, 0x0000000297c00000, 0x0000000297c00000|100%| E|CS|TAMS 0x0000000297800000, 0x0000000297800000| Complete 
|2135|0x0000000297c00000, 0x0000000298000000, 0x0000000298000000|100%| E|CS|TAMS 0x0000000297c00000, 0x0000000297c00000| Complete 
|2136|0x0000000298000000, 0x0000000298400000, 0x0000000298400000|100%| E|CS|TAMS 0x0000000298000000, 0x0000000298000000| Complete 
|2137|0x0000000298400000, 0x0000000298800000, 0x0000000298800000|100%| E|CS|TAMS 0x0000000298400000, 0x0000000298400000| Complete 
|2138|0x0000000298800000, 0x0000000298c00000, 0x0000000298c00000|100%| E|CS|TAMS 0x0000000298800000, 0x0000000298800000| Complete 
|2139|0x0000000298c00000, 0x0000000299000000, 0x0000000299000000|100%| E|CS|TAMS 0x0000000298c00000, 0x0000000298c00000| Complete 
|2140|0x0000000299000000, 0x0000000299400000, 0x0000000299400000|100%| E|CS|TAMS 0x0000000299000000, 0x0000000299000000| Complete 
|2141|0x0000000299400000, 0x0000000299800000, 0x0000000299800000|100%| E|CS|TAMS 0x0000000299400000, 0x0000000299400000| Complete 
|2142|0x0000000299800000, 0x0000000299c00000, 0x0000000299c00000|100%| E|CS|TAMS 0x0000000299800000, 0x0000000299800000| Complete 
|2143|0x0000000299c00000, 0x000000029a000000, 0x000000029a000000|100%| E|CS|TAMS 0x0000000299c00000, 0x0000000299c00000| Complete 
|2144|0x000000029a000000, 0x000000029a400000, 0x000000029a400000|100%| E|CS|TAMS 0x000000029a000000, 0x000000029a000000| Complete 
|2145|0x000000029a400000, 0x000000029a800000, 0x000000029a800000|100%| E|CS|TAMS 0x000000029a400000, 0x000000029a400000| Complete 
|2146|0x000000029a800000, 0x000000029ac00000, 0x000000029ac00000|100%| E|CS|TAMS 0x000000029a800000, 0x000000029a800000| Complete 
|2147|0x000000029ac00000, 0x000000029b000000, 0x000000029b000000|100%| E|CS|TAMS 0x000000029ac00000, 0x000000029ac00000| Complete 
|2148|0x000000029b000000, 0x000000029b400000, 0x000000029b400000|100%| E|CS|TAMS 0x000000029b000000, 0x000000029b000000| Complete 
|2149|0x000000029b400000, 0x000000029b800000, 0x000000029b800000|100%| E|CS|TAMS 0x000000029b400000, 0x000000029b400000| Complete 
|2150|0x000000029b800000, 0x000000029bc00000, 0x000000029bc00000|100%| E|CS|TAMS 0x000000029b800000, 0x000000029b800000| Complete 
|2151|0x000000029bc00000, 0x000000029c000000, 0x000000029c000000|100%| E|CS|TAMS 0x000000029bc00000, 0x000000029bc00000| Complete 
|2152|0x000000029c000000, 0x000000029c400000, 0x000000029c400000|100%| E|CS|TAMS 0x000000029c000000, 0x000000029c000000| Complete 
|2153|0x000000029c400000, 0x000000029c800000, 0x000000029c800000|100%| E|CS|TAMS 0x000000029c400000, 0x000000029c400000| Complete 
|2154|0x000000029c800000, 0x000000029cc00000, 0x000000029cc00000|100%| E|CS|TAMS 0x000000029c800000, 0x000000029c800000| Complete 
|2155|0x000000029cc00000, 0x000000029d000000, 0x000000029d000000|100%| E|CS|TAMS 0x000000029cc00000, 0x000000029cc00000| Complete 
|2156|0x000000029d000000, 0x000000029d400000, 0x000000029d400000|100%| E|CS|TAMS 0x000000029d000000, 0x000000029d000000| Complete 
|2157|0x000000029d400000, 0x000000029d800000, 0x000000029d800000|100%| E|CS|TAMS 0x000000029d400000, 0x000000029d400000| Complete 
|2158|0x000000029d800000, 0x000000029dc00000, 0x000000029dc00000|100%| E|CS|TAMS 0x000000029d800000, 0x000000029d800000| Complete 
|2159|0x000000029dc00000, 0x000000029e000000, 0x000000029e000000|100%| E|CS|TAMS 0x000000029dc00000, 0x000000029dc00000| Complete 
|2160|0x000000029e000000, 0x000000029e400000, 0x000000029e400000|100%| E|CS|TAMS 0x000000029e000000, 0x000000029e000000| Complete 
|2161|0x000000029e400000, 0x000000029e800000, 0x000000029e800000|100%| E|CS|TAMS 0x000000029e400000, 0x000000029e400000| Complete 
|2162|0x000000029e800000, 0x000000029ec00000, 0x000000029ec00000|100%| E|CS|TAMS 0x000000029e800000, 0x000000029e800000| Complete 
|2163|0x000000029ec00000, 0x000000029f000000, 0x000000029f000000|100%| E|CS|TAMS 0x000000029ec00000, 0x000000029ec00000| Complete 
|2164|0x000000029f000000, 0x000000029f400000, 0x000000029f400000|100%| E|CS|TAMS 0x000000029f000000, 0x000000029f000000| Complete 
|2165|0x000000029f400000, 0x000000029f800000, 0x000000029f800000|100%| E|CS|TAMS 0x000000029f400000, 0x000000029f400000| Complete 
|2166|0x000000029f800000, 0x000000029fc00000, 0x000000029fc00000|100%| E|CS|TAMS 0x000000029f800000, 0x000000029f800000| Complete 
|2167|0x000000029fc00000, 0x00000002a0000000, 0x00000002a0000000|100%| E|CS|TAMS 0x000000029fc00000, 0x000000029fc00000| Complete 
|2168|0x00000002a0000000, 0x00000002a0400000, 0x00000002a0400000|100%| E|CS|TAMS 0x00000002a0000000, 0x00000002a0000000| Complete 
|2169|0x00000002a0400000, 0x00000002a0800000, 0x00000002a0800000|100%| E|CS|TAMS 0x00000002a0400000, 0x00000002a0400000| Complete 
|2170|0x00000002a0800000, 0x00000002a0c00000, 0x00000002a0c00000|100%| E|CS|TAMS 0x00000002a0800000, 0x00000002a0800000| Complete 
|2171|0x00000002a0c00000, 0x00000002a1000000, 0x00000002a1000000|100%| E|CS|TAMS 0x00000002a0c00000, 0x00000002a0c00000| Complete 
|2172|0x00000002a1000000, 0x00000002a1400000, 0x00000002a1400000|100%| E|CS|TAMS 0x00000002a1000000, 0x00000002a1000000| Complete 
|2173|0x00000002a1400000, 0x00000002a1800000, 0x00000002a1800000|100%| E|CS|TAMS 0x00000002a1400000, 0x00000002a1400000| Complete 
|2174|0x00000002a1800000, 0x00000002a1c00000, 0x00000002a1c00000|100%| E|CS|TAMS 0x00000002a1800000, 0x00000002a1800000| Complete 
|2175|0x00000002a1c00000, 0x00000002a2000000, 0x00000002a2000000|100%| E|CS|TAMS 0x00000002a1c00000, 0x00000002a1c00000| Complete 
|2176|0x00000002a2000000, 0x00000002a2400000, 0x00000002a2400000|100%| E|CS|TAMS 0x00000002a2000000, 0x00000002a2000000| Complete 
|2177|0x00000002a2400000, 0x00000002a2800000, 0x00000002a2800000|100%| E|CS|TAMS 0x00000002a2400000, 0x00000002a2400000| Complete 
|2178|0x00000002a2800000, 0x00000002a2c00000, 0x00000002a2c00000|100%| E|CS|TAMS 0x00000002a2800000, 0x00000002a2800000| Complete 
|2179|0x00000002a2c00000, 0x00000002a3000000, 0x00000002a3000000|100%| E|CS|TAMS 0x00000002a2c00000, 0x00000002a2c00000| Complete 
|2180|0x00000002a3000000, 0x00000002a3400000, 0x00000002a3400000|100%| E|CS|TAMS 0x00000002a3000000, 0x00000002a3000000| Complete 
|2181|0x00000002a3400000, 0x00000002a3800000, 0x00000002a3800000|100%| E|CS|TAMS 0x00000002a3400000, 0x00000002a3400000| Complete 
|2182|0x00000002a3800000, 0x00000002a3c00000, 0x00000002a3c00000|100%| E|CS|TAMS 0x00000002a3800000, 0x00000002a3800000| Complete 
|2183|0x00000002a3c00000, 0x00000002a4000000, 0x00000002a4000000|100%| E|CS|TAMS 0x00000002a3c00000, 0x00000002a3c00000| Complete 
|2184|0x00000002a4000000, 0x00000002a4400000, 0x00000002a4400000|100%| E|CS|TAMS 0x00000002a4000000, 0x00000002a4000000| Complete 
|2185|0x00000002a4400000, 0x00000002a4800000, 0x00000002a4800000|100%| E|CS|TAMS 0x00000002a4400000, 0x00000002a4400000| Complete 
|2186|0x00000002a4800000, 0x00000002a4c00000, 0x00000002a4c00000|100%| E|CS|TAMS 0x00000002a4800000, 0x00000002a4800000| Complete 
|2187|0x00000002a4c00000, 0x00000002a5000000, 0x00000002a5000000|100%| E|CS|TAMS 0x00000002a4c00000, 0x00000002a4c00000| Complete 
|2188|0x00000002a5000000, 0x00000002a5400000, 0x00000002a5400000|100%| E|CS|TAMS 0x00000002a5000000, 0x00000002a5000000| Complete 
|2189|0x00000002a5400000, 0x00000002a5800000, 0x00000002a5800000|100%| E|CS|TAMS 0x00000002a5400000, 0x00000002a5400000| Complete 
|2190|0x00000002a5800000, 0x00000002a5c00000, 0x00000002a5c00000|100%| E|CS|TAMS 0x00000002a5800000, 0x00000002a5800000| Complete 
|2191|0x00000002a5c00000, 0x00000002a6000000, 0x00000002a6000000|100%| E|CS|TAMS 0x00000002a5c00000, 0x00000002a5c00000| Complete 
|2192|0x00000002a6000000, 0x00000002a6400000, 0x00000002a6400000|100%| E|CS|TAMS 0x00000002a6000000, 0x00000002a6000000| Complete 
|2193|0x00000002a6400000, 0x00000002a6800000, 0x00000002a6800000|100%| E|CS|TAMS 0x00000002a6400000, 0x00000002a6400000| Complete 
|2194|0x00000002a6800000, 0x00000002a6c00000, 0x00000002a6c00000|100%| E|CS|TAMS 0x00000002a6800000, 0x00000002a6800000| Complete 
|2195|0x00000002a6c00000, 0x00000002a7000000, 0x00000002a7000000|100%| E|CS|TAMS 0x00000002a6c00000, 0x00000002a6c00000| Complete 
|2196|0x00000002a7000000, 0x00000002a7400000, 0x00000002a7400000|100%| E|CS|TAMS 0x00000002a7000000, 0x00000002a7000000| Complete 
|2197|0x00000002a7400000, 0x00000002a7800000, 0x00000002a7800000|100%| E|CS|TAMS 0x00000002a7400000, 0x00000002a7400000| Complete 
|2198|0x00000002a7800000, 0x00000002a7c00000, 0x00000002a7c00000|100%| E|CS|TAMS 0x00000002a7800000, 0x00000002a7800000| Complete 
|2199|0x00000002a7c00000, 0x00000002a8000000, 0x00000002a8000000|100%| E|CS|TAMS 0x00000002a7c00000, 0x00000002a7c00000| Complete 
|2200|0x00000002a8000000, 0x00000002a8400000, 0x00000002a8400000|100%| E|CS|TAMS 0x00000002a8000000, 0x00000002a8000000| Complete 
|2201|0x00000002a8400000, 0x00000002a8800000, 0x00000002a8800000|100%| E|CS|TAMS 0x00000002a8400000, 0x00000002a8400000| Complete 
|2202|0x00000002a8800000, 0x00000002a8c00000, 0x00000002a8c00000|100%| E|CS|TAMS 0x00000002a8800000, 0x00000002a8800000| Complete 
|2203|0x00000002a8c00000, 0x00000002a9000000, 0x00000002a9000000|100%| E|CS|TAMS 0x00000002a8c00000, 0x00000002a8c00000| Complete 
|2204|0x00000002a9000000, 0x00000002a9400000, 0x00000002a9400000|100%| E|CS|TAMS 0x00000002a9000000, 0x00000002a9000000| Complete 
|2205|0x00000002a9400000, 0x00000002a9800000, 0x00000002a9800000|100%| E|CS|TAMS 0x00000002a9400000, 0x00000002a9400000| Complete 
|2206|0x00000002a9800000, 0x00000002a9c00000, 0x00000002a9c00000|100%| E|CS|TAMS 0x00000002a9800000, 0x00000002a9800000| Complete 
|2207|0x00000002a9c00000, 0x00000002aa000000, 0x00000002aa000000|100%| E|CS|TAMS 0x00000002a9c00000, 0x00000002a9c00000| Complete 
|2208|0x00000002aa000000, 0x00000002aa400000, 0x00000002aa400000|100%| E|CS|TAMS 0x00000002aa000000, 0x00000002aa000000| Complete 
|2209|0x00000002aa400000, 0x00000002aa800000, 0x00000002aa800000|100%| E|CS|TAMS 0x00000002aa400000, 0x00000002aa400000| Complete 
|2210|0x00000002aa800000, 0x00000002aac00000, 0x00000002aac00000|100%| E|CS|TAMS 0x00000002aa800000, 0x00000002aa800000| Complete 
|2211|0x00000002aac00000, 0x00000002ab000000, 0x00000002ab000000|100%| E|CS|TAMS 0x00000002aac00000, 0x00000002aac00000| Complete 
|2212|0x00000002ab000000, 0x00000002ab400000, 0x00000002ab400000|100%| E|CS|TAMS 0x00000002ab000000, 0x00000002ab000000| Complete 
|2213|0x00000002ab400000, 0x00000002ab800000, 0x00000002ab800000|100%| E|CS|TAMS 0x00000002ab400000, 0x00000002ab400000| Complete 
|2214|0x00000002ab800000, 0x00000002abc00000, 0x00000002abc00000|100%| E|CS|TAMS 0x00000002ab800000, 0x00000002ab800000| Complete 
|2215|0x00000002abc00000, 0x00000002ac000000, 0x00000002ac000000|100%| E|CS|TAMS 0x00000002abc00000, 0x00000002abc00000| Complete 
|2216|0x00000002ac000000, 0x00000002ac400000, 0x00000002ac400000|100%| E|CS|TAMS 0x00000002ac000000, 0x00000002ac000000| Complete 
|2217|0x00000002ac400000, 0x00000002ac800000, 0x00000002ac800000|100%| E|CS|TAMS 0x00000002ac400000, 0x00000002ac400000| Complete 
|2218|0x00000002ac800000, 0x00000002acc00000, 0x00000002acc00000|100%| E|CS|TAMS 0x00000002ac800000, 0x00000002ac800000| Complete 
|2219|0x00000002acc00000, 0x00000002ad000000, 0x00000002ad000000|100%| E|CS|TAMS 0x00000002acc00000, 0x00000002acc00000| Complete 
|2220|0x00000002ad000000, 0x00000002ad400000, 0x00000002ad400000|100%| E|CS|TAMS 0x00000002ad000000, 0x00000002ad000000| Complete 
|2221|0x00000002ad400000, 0x00000002ad800000, 0x00000002ad800000|100%| E|CS|TAMS 0x00000002ad400000, 0x00000002ad400000| Complete 
|2222|0x00000002ad800000, 0x00000002adc00000, 0x00000002adc00000|100%| E|CS|TAMS 0x00000002ad800000, 0x00000002ad800000| Complete 
|2223|0x00000002adc00000, 0x00000002ae000000, 0x00000002ae000000|100%| E|CS|TAMS 0x00000002adc00000, 0x00000002adc00000| Complete 
|2224|0x00000002ae000000, 0x00000002ae400000, 0x00000002ae400000|100%| E|CS|TAMS 0x00000002ae000000, 0x00000002ae000000| Complete 
|2225|0x00000002ae400000, 0x00000002ae800000, 0x00000002ae800000|100%| E|CS|TAMS 0x00000002ae400000, 0x00000002ae400000| Complete 
|2226|0x00000002ae800000, 0x00000002aec00000, 0x00000002aec00000|100%| E|CS|TAMS 0x00000002ae800000, 0x00000002ae800000| Complete 
|2227|0x00000002aec00000, 0x00000002af000000, 0x00000002af000000|100%| E|CS|TAMS 0x00000002aec00000, 0x00000002aec00000| Complete 
|2228|0x00000002af000000, 0x00000002af400000, 0x00000002af400000|100%| E|CS|TAMS 0x00000002af000000, 0x00000002af000000| Complete 
|2229|0x00000002af400000, 0x00000002af800000, 0x00000002af800000|100%| E|CS|TAMS 0x00000002af400000, 0x00000002af400000| Complete 
|2230|0x00000002af800000, 0x00000002afc00000, 0x00000002afc00000|100%| E|CS|TAMS 0x00000002af800000, 0x00000002af800000| Complete 
|2231|0x00000002afc00000, 0x00000002b0000000, 0x00000002b0000000|100%| E|CS|TAMS 0x00000002afc00000, 0x00000002afc00000| Complete 
|2232|0x00000002b0000000, 0x00000002b0400000, 0x00000002b0400000|100%| E|CS|TAMS 0x00000002b0000000, 0x00000002b0000000| Complete 
|2233|0x00000002b0400000, 0x00000002b0800000, 0x00000002b0800000|100%| E|CS|TAMS 0x00000002b0400000, 0x00000002b0400000| Complete 
|2234|0x00000002b0800000, 0x00000002b0c00000, 0x00000002b0c00000|100%| E|CS|TAMS 0x00000002b0800000, 0x00000002b0800000| Complete 
|2235|0x00000002b0c00000, 0x00000002b1000000, 0x00000002b1000000|100%| E|CS|TAMS 0x00000002b0c00000, 0x00000002b0c00000| Complete 
|2236|0x00000002b1000000, 0x00000002b1400000, 0x00000002b1400000|100%| E|CS|TAMS 0x00000002b1000000, 0x00000002b1000000| Complete 
|2237|0x00000002b1400000, 0x00000002b1800000, 0x00000002b1800000|100%| E|CS|TAMS 0x00000002b1400000, 0x00000002b1400000| Complete 
|2238|0x00000002b1800000, 0x00000002b1c00000, 0x00000002b1c00000|100%| E|CS|TAMS 0x00000002b1800000, 0x00000002b1800000| Complete 
|2239|0x00000002b1c00000, 0x00000002b2000000, 0x00000002b2000000|100%| E|CS|TAMS 0x00000002b1c00000, 0x00000002b1c00000| Complete 
|2240|0x00000002b2000000, 0x00000002b2400000, 0x00000002b2400000|100%| E|CS|TAMS 0x00000002b2000000, 0x00000002b2000000| Complete 
|2241|0x00000002b2400000, 0x00000002b2800000, 0x00000002b2800000|100%| E|CS|TAMS 0x00000002b2400000, 0x00000002b2400000| Complete 
|2242|0x00000002b2800000, 0x00000002b2c00000, 0x00000002b2c00000|100%| E|CS|TAMS 0x00000002b2800000, 0x00000002b2800000| Complete 
|2243|0x00000002b2c00000, 0x00000002b3000000, 0x00000002b3000000|100%| E|CS|TAMS 0x00000002b2c00000, 0x00000002b2c00000| Complete 
|2244|0x00000002b3000000, 0x00000002b3400000, 0x00000002b3400000|100%| E|CS|TAMS 0x00000002b3000000, 0x00000002b3000000| Complete 
|2245|0x00000002b3400000, 0x00000002b3800000, 0x00000002b3800000|100%| E|CS|TAMS 0x00000002b3400000, 0x00000002b3400000| Complete 
|2246|0x00000002b3800000, 0x00000002b3c00000, 0x00000002b3c00000|100%| E|CS|TAMS 0x00000002b3800000, 0x00000002b3800000| Complete 
|2247|0x00000002b3c00000, 0x00000002b4000000, 0x00000002b4000000|100%| E|CS|TAMS 0x00000002b3c00000, 0x00000002b3c00000| Complete 
|2248|0x00000002b4000000, 0x00000002b4400000, 0x00000002b4400000|100%| E|CS|TAMS 0x00000002b4000000, 0x00000002b4000000| Complete 
|2249|0x00000002b4400000, 0x00000002b4800000, 0x00000002b4800000|100%| E|CS|TAMS 0x00000002b4400000, 0x00000002b4400000| Complete 
|2250|0x00000002b4800000, 0x00000002b4c00000, 0x00000002b4c00000|100%| E|CS|TAMS 0x00000002b4800000, 0x00000002b4800000| Complete 
|2251|0x00000002b4c00000, 0x00000002b5000000, 0x00000002b5000000|100%| E|CS|TAMS 0x00000002b4c00000, 0x00000002b4c00000| Complete 
|2252|0x00000002b5000000, 0x00000002b5400000, 0x00000002b5400000|100%| E|CS|TAMS 0x00000002b5000000, 0x00000002b5000000| Complete 
|2253|0x00000002b5400000, 0x00000002b5800000, 0x00000002b5800000|100%| E|CS|TAMS 0x00000002b5400000, 0x00000002b5400000| Complete 
|2254|0x00000002b5800000, 0x00000002b5c00000, 0x00000002b5c00000|100%| E|CS|TAMS 0x00000002b5800000, 0x00000002b5800000| Complete 
|2255|0x00000002b5c00000, 0x00000002b6000000, 0x00000002b6000000|100%| E|CS|TAMS 0x00000002b5c00000, 0x00000002b5c00000| Complete 
|2256|0x00000002b6000000, 0x00000002b6400000, 0x00000002b6400000|100%| E|CS|TAMS 0x00000002b6000000, 0x00000002b6000000| Complete 
|2257|0x00000002b6400000, 0x00000002b6800000, 0x00000002b6800000|100%| E|CS|TAMS 0x00000002b6400000, 0x00000002b6400000| Complete 
|2258|0x00000002b6800000, 0x00000002b6c00000, 0x00000002b6c00000|100%| E|CS|TAMS 0x00000002b6800000, 0x00000002b6800000| Complete 
|2259|0x00000002b6c00000, 0x00000002b7000000, 0x00000002b7000000|100%| E|CS|TAMS 0x00000002b6c00000, 0x00000002b6c00000| Complete 
|2260|0x00000002b7000000, 0x00000002b7400000, 0x00000002b7400000|100%| E|CS|TAMS 0x00000002b7000000, 0x00000002b7000000| Complete 
|2261|0x00000002b7400000, 0x00000002b7800000, 0x00000002b7800000|100%| E|CS|TAMS 0x00000002b7400000, 0x00000002b7400000| Complete 
|2262|0x00000002b7800000, 0x00000002b7c00000, 0x00000002b7c00000|100%| E|CS|TAMS 0x00000002b7800000, 0x00000002b7800000| Complete 
|2263|0x00000002b7c00000, 0x00000002b8000000, 0x00000002b8000000|100%| E|CS|TAMS 0x00000002b7c00000, 0x00000002b7c00000| Complete 
|2264|0x00000002b8000000, 0x00000002b8400000, 0x00000002b8400000|100%| E|CS|TAMS 0x00000002b8000000, 0x00000002b8000000| Complete 
|2265|0x00000002b8400000, 0x00000002b8800000, 0x00000002b8800000|100%| E|CS|TAMS 0x00000002b8400000, 0x00000002b8400000| Complete 
|2266|0x00000002b8800000, 0x00000002b8c00000, 0x00000002b8c00000|100%| E|CS|TAMS 0x00000002b8800000, 0x00000002b8800000| Complete 
|2267|0x00000002b8c00000, 0x00000002b9000000, 0x00000002b9000000|100%| E|CS|TAMS 0x00000002b8c00000, 0x00000002b8c00000| Complete 
|2268|0x00000002b9000000, 0x00000002b9400000, 0x00000002b9400000|100%| E|CS|TAMS 0x00000002b9000000, 0x00000002b9000000| Complete 
|2269|0x00000002b9400000, 0x00000002b9800000, 0x00000002b9800000|100%| E|CS|TAMS 0x00000002b9400000, 0x00000002b9400000| Complete 
|2270|0x00000002b9800000, 0x00000002b9c00000, 0x00000002b9c00000|100%| E|CS|TAMS 0x00000002b9800000, 0x00000002b9800000| Complete 
|2271|0x00000002b9c00000, 0x00000002ba000000, 0x00000002ba000000|100%| E|CS|TAMS 0x00000002b9c00000, 0x00000002b9c00000| Complete 
|2272|0x00000002ba000000, 0x00000002ba400000, 0x00000002ba400000|100%| E|CS|TAMS 0x00000002ba000000, 0x00000002ba000000| Complete 
|2273|0x00000002ba400000, 0x00000002ba800000, 0x00000002ba800000|100%| E|CS|TAMS 0x00000002ba400000, 0x00000002ba400000| Complete 
|2274|0x00000002ba800000, 0x00000002bac00000, 0x00000002bac00000|100%| E|CS|TAMS 0x00000002ba800000, 0x00000002ba800000| Complete 
|2275|0x00000002bac00000, 0x00000002bb000000, 0x00000002bb000000|100%| E|CS|TAMS 0x00000002bac00000, 0x00000002bac00000| Complete 
|2276|0x00000002bb000000, 0x00000002bb400000, 0x00000002bb400000|100%| E|CS|TAMS 0x00000002bb000000, 0x00000002bb000000| Complete 
|2277|0x00000002bb400000, 0x00000002bb800000, 0x00000002bb800000|100%| E|CS|TAMS 0x00000002bb400000, 0x00000002bb400000| Complete 
|2278|0x00000002bb800000, 0x00000002bbc00000, 0x00000002bbc00000|100%| E|CS|TAMS 0x00000002bb800000, 0x00000002bb800000| Complete 
|2279|0x00000002bbc00000, 0x00000002bc000000, 0x00000002bc000000|100%| E|CS|TAMS 0x00000002bbc00000, 0x00000002bbc00000| Complete 
|2280|0x00000002bc000000, 0x00000002bc400000, 0x00000002bc400000|100%| E|CS|TAMS 0x00000002bc000000, 0x00000002bc000000| Complete 
|2281|0x00000002bc400000, 0x00000002bc800000, 0x00000002bc800000|100%| E|CS|TAMS 0x00000002bc400000, 0x00000002bc400000| Complete 
|2282|0x00000002bc800000, 0x00000002bcc00000, 0x00000002bcc00000|100%| E|CS|TAMS 0x00000002bc800000, 0x00000002bc800000| Complete 
|2283|0x00000002bcc00000, 0x00000002bd000000, 0x00000002bd000000|100%| E|CS|TAMS 0x00000002bcc00000, 0x00000002bcc00000| Complete 
|2284|0x00000002bd000000, 0x00000002bd400000, 0x00000002bd400000|100%| E|CS|TAMS 0x00000002bd000000, 0x00000002bd000000| Complete 
|2285|0x00000002bd400000, 0x00000002bd800000, 0x00000002bd800000|100%| E|CS|TAMS 0x00000002bd400000, 0x00000002bd400000| Complete 
|2286|0x00000002bd800000, 0x00000002bdc00000, 0x00000002bdc00000|100%| E|CS|TAMS 0x00000002bd800000, 0x00000002bd800000| Complete 
|2287|0x00000002bdc00000, 0x00000002be000000, 0x00000002be000000|100%| E|CS|TAMS 0x00000002bdc00000, 0x00000002bdc00000| Complete 
|2288|0x00000002be000000, 0x00000002be400000, 0x00000002be400000|100%| E|CS|TAMS 0x00000002be000000, 0x00000002be000000| Complete 
|2289|0x00000002be400000, 0x00000002be800000, 0x00000002be800000|100%| E|CS|TAMS 0x00000002be400000, 0x00000002be400000| Complete 
|2290|0x00000002be800000, 0x00000002bec00000, 0x00000002bec00000|100%| E|CS|TAMS 0x00000002be800000, 0x00000002be800000| Complete 
|2291|0x00000002bec00000, 0x00000002bf000000, 0x00000002bf000000|100%| E|CS|TAMS 0x00000002bec00000, 0x00000002bec00000| Complete 
|2292|0x00000002bf000000, 0x00000002bf400000, 0x00000002bf400000|100%| E|CS|TAMS 0x00000002bf000000, 0x00000002bf000000| Complete 
|2293|0x00000002bf400000, 0x00000002bf800000, 0x00000002bf800000|100%| E|CS|TAMS 0x00000002bf400000, 0x00000002bf400000| Complete 
|2294|0x00000002bf800000, 0x00000002bfc00000, 0x00000002bfc00000|100%| E|CS|TAMS 0x00000002bf800000, 0x00000002bf800000| Complete 
|2295|0x00000002bfc00000, 0x00000002c0000000, 0x00000002c0000000|100%| E|CS|TAMS 0x00000002bfc00000, 0x00000002bfc00000| Complete 
|2296|0x00000002c0000000, 0x00000002c0400000, 0x00000002c0400000|100%| E|CS|TAMS 0x00000002c0000000, 0x00000002c0000000| Complete 
|2297|0x00000002c0400000, 0x00000002c0800000, 0x00000002c0800000|100%| E|CS|TAMS 0x00000002c0400000, 0x00000002c0400000| Complete 
|2298|0x00000002c0800000, 0x00000002c0c00000, 0x00000002c0c00000|100%| E|CS|TAMS 0x00000002c0800000, 0x00000002c0800000| Complete 
|2299|0x00000002c0c00000, 0x00000002c1000000, 0x00000002c1000000|100%| E|CS|TAMS 0x00000002c0c00000, 0x00000002c0c00000| Complete 
|2300|0x00000002c1000000, 0x00000002c1400000, 0x00000002c1400000|100%| E|CS|TAMS 0x00000002c1000000, 0x00000002c1000000| Complete 
|2301|0x00000002c1400000, 0x00000002c1800000, 0x00000002c1800000|100%| E|CS|TAMS 0x00000002c1400000, 0x00000002c1400000| Complete 
|2302|0x00000002c1800000, 0x00000002c1c00000, 0x00000002c1c00000|100%| E|CS|TAMS 0x00000002c1800000, 0x00000002c1800000| Complete 
|2303|0x00000002c1c00000, 0x00000002c2000000, 0x00000002c2000000|100%| E|CS|TAMS 0x00000002c1c00000, 0x00000002c1c00000| Complete 
|2304|0x00000002c2000000, 0x00000002c2400000, 0x00000002c2400000|100%| E|CS|TAMS 0x00000002c2000000, 0x00000002c2000000| Complete 
|2305|0x00000002c2400000, 0x00000002c2800000, 0x00000002c2800000|100%| E|CS|TAMS 0x00000002c2400000, 0x00000002c2400000| Complete 
|2306|0x00000002c2800000, 0x00000002c2c00000, 0x00000002c2c00000|100%| E|CS|TAMS 0x00000002c2800000, 0x00000002c2800000| Complete 
|2307|0x00000002c2c00000, 0x00000002c3000000, 0x00000002c3000000|100%| E|CS|TAMS 0x00000002c2c00000, 0x00000002c2c00000| Complete 
|2308|0x00000002c3000000, 0x00000002c3400000, 0x00000002c3400000|100%| E|CS|TAMS 0x00000002c3000000, 0x00000002c3000000| Complete 
|2309|0x00000002c3400000, 0x00000002c3800000, 0x00000002c3800000|100%| E|CS|TAMS 0x00000002c3400000, 0x00000002c3400000| Complete 
|2310|0x00000002c3800000, 0x00000002c3c00000, 0x00000002c3c00000|100%| E|CS|TAMS 0x00000002c3800000, 0x00000002c3800000| Complete 
|2311|0x00000002c3c00000, 0x00000002c4000000, 0x00000002c4000000|100%| E|CS|TAMS 0x00000002c3c00000, 0x00000002c3c00000| Complete 
|2312|0x00000002c4000000, 0x00000002c4400000, 0x00000002c4400000|100%| E|CS|TAMS 0x00000002c4000000, 0x00000002c4000000| Complete 
|2313|0x00000002c4400000, 0x00000002c4800000, 0x00000002c4800000|100%| E|CS|TAMS 0x00000002c4400000, 0x00000002c4400000| Complete 
|2314|0x00000002c4800000, 0x00000002c4c00000, 0x00000002c4c00000|100%| E|CS|TAMS 0x00000002c4800000, 0x00000002c4800000| Complete 
|2315|0x00000002c4c00000, 0x00000002c5000000, 0x00000002c5000000|100%| E|CS|TAMS 0x00000002c4c00000, 0x00000002c4c00000| Complete 
|2316|0x00000002c5000000, 0x00000002c5400000, 0x00000002c5400000|100%| E|CS|TAMS 0x00000002c5000000, 0x00000002c5000000| Complete 
|2317|0x00000002c5400000, 0x00000002c5800000, 0x00000002c5800000|100%| E|CS|TAMS 0x00000002c5400000, 0x00000002c5400000| Complete 
|2318|0x00000002c5800000, 0x00000002c5c00000, 0x00000002c5c00000|100%| E|CS|TAMS 0x00000002c5800000, 0x00000002c5800000| Complete 
|2319|0x00000002c5c00000, 0x00000002c6000000, 0x00000002c6000000|100%| E|CS|TAMS 0x00000002c5c00000, 0x00000002c5c00000| Complete 
|2320|0x00000002c6000000, 0x00000002c6400000, 0x00000002c6400000|100%| E|CS|TAMS 0x00000002c6000000, 0x00000002c6000000| Complete 
|2321|0x00000002c6400000, 0x00000002c6800000, 0x00000002c6800000|100%| E|CS|TAMS 0x00000002c6400000, 0x00000002c6400000| Complete 
|2322|0x00000002c6800000, 0x00000002c6c00000, 0x00000002c6c00000|100%| E|CS|TAMS 0x00000002c6800000, 0x00000002c6800000| Complete 
|2323|0x00000002c6c00000, 0x00000002c7000000, 0x00000002c7000000|100%| E|CS|TAMS 0x00000002c6c00000, 0x00000002c6c00000| Complete 
|2324|0x00000002c7000000, 0x00000002c7400000, 0x00000002c7400000|100%| E|CS|TAMS 0x00000002c7000000, 0x00000002c7000000| Complete 
|2325|0x00000002c7400000, 0x00000002c7800000, 0x00000002c7800000|100%| E|CS|TAMS 0x00000002c7400000, 0x00000002c7400000| Complete 
|2326|0x00000002c7800000, 0x00000002c7c00000, 0x00000002c7c00000|100%| E|CS|TAMS 0x00000002c7800000, 0x00000002c7800000| Complete 
|2327|0x00000002c7c00000, 0x00000002c8000000, 0x00000002c8000000|100%| E|CS|TAMS 0x00000002c7c00000, 0x00000002c7c00000| Complete 
|2328|0x00000002c8000000, 0x00000002c8400000, 0x00000002c8400000|100%| E|CS|TAMS 0x00000002c8000000, 0x00000002c8000000| Complete 
|2329|0x00000002c8400000, 0x00000002c8800000, 0x00000002c8800000|100%| E|CS|TAMS 0x00000002c8400000, 0x00000002c8400000| Complete 
|2330|0x00000002c8800000, 0x00000002c8c00000, 0x00000002c8c00000|100%| E|CS|TAMS 0x00000002c8800000, 0x00000002c8800000| Complete 
|2331|0x00000002c8c00000, 0x00000002c9000000, 0x00000002c9000000|100%| E|CS|TAMS 0x00000002c8c00000, 0x00000002c8c00000| Complete 
|2332|0x00000002c9000000, 0x00000002c9400000, 0x00000002c9400000|100%| E|CS|TAMS 0x00000002c9000000, 0x00000002c9000000| Complete 
|2333|0x00000002c9400000, 0x00000002c9800000, 0x00000002c9800000|100%| E|CS|TAMS 0x00000002c9400000, 0x00000002c9400000| Complete 
|2334|0x00000002c9800000, 0x00000002c9c00000, 0x00000002c9c00000|100%| E|CS|TAMS 0x00000002c9800000, 0x00000002c9800000| Complete 
|2335|0x00000002c9c00000, 0x00000002ca000000, 0x00000002ca000000|100%| E|CS|TAMS 0x00000002c9c00000, 0x00000002c9c00000| Complete 
|2336|0x00000002ca000000, 0x00000002ca400000, 0x00000002ca400000|100%| E|CS|TAMS 0x00000002ca000000, 0x00000002ca000000| Complete 
|2337|0x00000002ca400000, 0x00000002ca800000, 0x00000002ca800000|100%| E|CS|TAMS 0x00000002ca400000, 0x00000002ca400000| Complete 
|2338|0x00000002ca800000, 0x00000002cac00000, 0x00000002cac00000|100%| E|CS|TAMS 0x00000002ca800000, 0x00000002ca800000| Complete 
|2339|0x00000002cac00000, 0x00000002cb000000, 0x00000002cb000000|100%| E|CS|TAMS 0x00000002cac00000, 0x00000002cac00000| Complete 
|2340|0x00000002cb000000, 0x00000002cb400000, 0x00000002cb400000|100%| E|CS|TAMS 0x00000002cb000000, 0x00000002cb000000| Complete 
|2341|0x00000002cb400000, 0x00000002cb800000, 0x00000002cb800000|100%| E|CS|TAMS 0x00000002cb400000, 0x00000002cb400000| Complete 
|2342|0x00000002cb800000, 0x00000002cbc00000, 0x00000002cbc00000|100%| E|CS|TAMS 0x00000002cb800000, 0x00000002cb800000| Complete 
|2343|0x00000002cbc00000, 0x00000002cc000000, 0x00000002cc000000|100%| E|CS|TAMS 0x00000002cbc00000, 0x00000002cbc00000| Complete 
|2344|0x00000002cc000000, 0x00000002cc400000, 0x00000002cc400000|100%| E|CS|TAMS 0x00000002cc000000, 0x00000002cc000000| Complete 
|2345|0x00000002cc400000, 0x00000002cc800000, 0x00000002cc800000|100%| E|CS|TAMS 0x00000002cc400000, 0x00000002cc400000| Complete 
|2346|0x00000002cc800000, 0x00000002ccc00000, 0x00000002ccc00000|100%| E|CS|TAMS 0x00000002cc800000, 0x00000002cc800000| Complete 
|2347|0x00000002ccc00000, 0x00000002cd000000, 0x00000002cd000000|100%| E|CS|TAMS 0x00000002ccc00000, 0x00000002ccc00000| Complete 
|2348|0x00000002cd000000, 0x00000002cd400000, 0x00000002cd400000|100%| E|CS|TAMS 0x00000002cd000000, 0x00000002cd000000| Complete 
|2349|0x00000002cd400000, 0x00000002cd800000, 0x00000002cd800000|100%| E|CS|TAMS 0x00000002cd400000, 0x00000002cd400000| Complete 
|2350|0x00000002cd800000, 0x00000002cdc00000, 0x00000002cdc00000|100%| E|CS|TAMS 0x00000002cd800000, 0x00000002cd800000| Complete 
|2351|0x00000002cdc00000, 0x00000002ce000000, 0x00000002ce000000|100%| E|CS|TAMS 0x00000002cdc00000, 0x00000002cdc00000| Complete 
|2352|0x00000002ce000000, 0x00000002ce400000, 0x00000002ce400000|100%| E|CS|TAMS 0x00000002ce000000, 0x00000002ce000000| Complete 
|2353|0x00000002ce400000, 0x00000002ce800000, 0x00000002ce800000|100%| E|CS|TAMS 0x00000002ce400000, 0x00000002ce400000| Complete 
|2354|0x00000002ce800000, 0x00000002cec00000, 0x00000002cec00000|100%| E|CS|TAMS 0x00000002ce800000, 0x00000002ce800000| Complete 
|2355|0x00000002cec00000, 0x00000002cf000000, 0x00000002cf000000|100%| E|CS|TAMS 0x00000002cec00000, 0x00000002cec00000| Complete 
|2356|0x00000002cf000000, 0x00000002cf400000, 0x00000002cf400000|100%| E|CS|TAMS 0x00000002cf000000, 0x00000002cf000000| Complete 
|2357|0x00000002cf400000, 0x00000002cf800000, 0x00000002cf800000|100%| E|CS|TAMS 0x00000002cf400000, 0x00000002cf400000| Complete 
|2358|0x00000002cf800000, 0x00000002cfc00000, 0x00000002cfc00000|100%| E|CS|TAMS 0x00000002cf800000, 0x00000002cf800000| Complete 
|2359|0x00000002cfc00000, 0x00000002d0000000, 0x00000002d0000000|100%| E|CS|TAMS 0x00000002cfc00000, 0x00000002cfc00000| Complete 
|2360|0x00000002d0000000, 0x00000002d0400000, 0x00000002d0400000|100%| E|CS|TAMS 0x00000002d0000000, 0x00000002d0000000| Complete 
|2361|0x00000002d0400000, 0x00000002d0800000, 0x00000002d0800000|100%| E|CS|TAMS 0x00000002d0400000, 0x00000002d0400000| Complete 

Card table byte_map: [0x00000257d53e0000,0x00000257d8fd0000] _byte_map_base: 0x00000257d4fd0000

Marking Bits (Prev, Next): (CMBitMap*) 0x00000257b8b99c28, (CMBitMap*) 0x00000257b8b99c60
 Prev Bits: [0x00000257dcbc0000, 0x00000257fab40000)
 Next Bits: [0x0000025780000000, 0x000002579df80000)

Polling page: 0x00000257b69e0000

Metaspace:

Usage:
  Non-class:     16.76 MB capacity,    16.45 MB ( 98%) used,   250.97 KB (  1%) free+waste,    61.12 KB ( <1%) overhead. 
      Class:      2.06 MB capacity,     1.84 MB ( 89%) used,   193.47 KB (  9%) free+waste,    29.38 KB (  1%) overhead. 
       Both:     18.81 MB capacity,    18.29 MB ( 97%) used,   444.44 KB (  2%) free+waste,    90.50 KB ( <1%) overhead. 

Virtual space:
  Non-class space:       18.00 MB reserved,      17.00 MB ( 94%) committed 
      Class space:        1.00 GB reserved,       2.12 MB ( <1%) committed 
             Both:        1.02 GB reserved,      19.12 MB (  2%) committed 

Chunk freelists:
   Non-Class:  0 bytes
       Class:  0 bytes
        Both:  0 bytes

MaxMetaspaceSize: 17179869184.00 GB
CompressedClassSpaceSize: 1.00 GB
Initial GC threshold: 20.80 MB
Current GC threshold: 31.88 MB
CDS: on

CodeHeap 'non-profiled nmethods': size=118912Kb used=6554Kb max_used=6554Kb free=112357Kb
 bounds [0x00000257c8e90000, 0x00000257c9500000, 0x00000257d02b0000]
CodeHeap 'profiled nmethods': size=118848Kb used=11357Kb max_used=11357Kb free=107490Kb
 bounds [0x00000257c1a80000, 0x00000257c25a0000, 0x00000257c8e90000]
CodeHeap 'non-nmethods': size=8000Kb used=1315Kb max_used=3662Kb free=6684Kb
 bounds [0x00000257c12b0000, 0x00000257c1650000, 0x00000257c1a80000]
 total_blobs=5454 nmethods=4843 adapters=522
 compilation: enabled
              stopped_count=0, restarted_count=0
 full_count=0

Compilation events (20 events):
Event: 604.953 Thread 0x00000257fec63800 4895       4       java.lang.StringConcatHelper::mixCoder (2 bytes)
Event: 604.953 Thread 0x00000257fec63800 nmethod 4895 0x00000257c94ecb10 code [0x00000257c94ecca0, 0x00000257c94eccd8]
Event: 692.077 Thread 0x00000257fec63800 4896       4       java.lang.String::replaceAll (13 bytes)
Event: 692.079 Thread 0x00000257fec63800 nmethod 4896 0x00000257c94ece10 code [0x00000257c94ecfe0, 0x00000257c94ed2f0]
Event: 702.365 Thread 0x00000257fec63800 4897  s    4       java.io.BufferedOutputStream::flush (12 bytes)
Event: 702.366 Thread 0x00000257fec63800 nmethod 4897 0x00000257c94ed590 code [0x00000257c94ed740, 0x00000257c94edb08]
Event: 726.681 Thread 0x00000257fec63800 4898       4       java.lang.String::substring (68 bytes)
Event: 726.683 Thread 0x00000257fec63800 nmethod 4898 0x00000257c94edd10 code [0x00000257c94edec0, 0x00000257c94ee398]
Event: 800.509 Thread 0x00000257fec63800 4899       4       java.nio.charset.CharsetDecoder::implReset (1 bytes)
Event: 800.510 Thread 0x00000257fec63800 nmethod 4899 0x00000257c94ee590 code [0x00000257c94ee720, 0x00000257c94ee798]
Event: 878.069 Thread 0x00000257fec63800 4900       4       java.nio.charset.CharsetEncoder::implReplaceWith (1 bytes)
Event: 878.069 Thread 0x00000257fec63800 nmethod 4900 0x00000257c94ee890 code [0x00000257c94eea20, 0x00000257c94eea98]
Event: 907.756 Thread 0x00000257fec63800 4901       4       jdk.internal.ref.PhantomCleanable::<init> (49 bytes)
Event: 907.761 Thread 0x00000257fec63800 nmethod 4901 0x00000257c94eeb90 code [0x00000257c94eed40, 0x00000257c94ef858]
Event: 916.102 Thread 0x00000257fec63800 4902       4       java.util.Formatter$FormatSpecifier::localizedMagnitude (420 bytes)
Event: 916.121 Thread 0x00000257fec63800 nmethod 4902 0x00000257c94efb90 code [0x00000257c94efe40, 0x00000257c94f1ef0]
Event: 926.704 Thread 0x00000257fec63800 4903       4       java.lang.StringBuilder::append (9 bytes)
Event: 926.707 Thread 0x00000257fec63800 nmethod 4903 0x00000257c94f3290 code [0x00000257c94f3460, 0x00000257c94f3bb8]
Event: 968.442 Thread 0x00000257fec63800 4904   !   4       java.util.concurrent.ThreadPoolExecutor::tryTerminate (163 bytes)
Event: 968.455 Thread 0x00000257fec63800 nmethod 4904 0x00000257c94f3f90 code [0x00000257c94f4200, 0x00000257c94f5e30]

GC Heap History (20 events):
Event: 971.788 GC heap before
{Heap before GC invocations=1376 (full 0):
 garbage-first heap   total 9674752K, used 8576137K [0x0000000082000000, 0x0000000800000000)
  region size 4096K, 1164 young (4767744K), 29 survivors (118784K)
 Metaspace       used 18730K, capacity 19265K, committed 19584K, reserved 1067008K
  class space    used 1882K, capacity 2105K, committed 2176K, reserved 1048576K
}
Event: 971.799 GC heap after
{Heap after GC invocations=1377 (full 0):
 garbage-first heap   total 9674752K, used 3941636K [0x0000000082000000, 0x0000000800000000)
  region size 4096K, 32 young (131072K), 32 survivors (131072K)
 Metaspace       used 18730K, capacity 19265K, committed 19584K, reserved 1067008K
  class space    used 1882K, capacity 2105K, committed 2176K, reserved 1048576K
}
Event: 972.218 GC heap before
{Heap before GC invocations=1377 (full 0):
 garbage-first heap   total 9674752K, used 8570116K [0x0000000082000000, 0x0000000800000000)
  region size 4096K, 1162 young (4759552K), 32 survivors (131072K)
 Metaspace       used 18730K, capacity 19265K, committed 19584K, reserved 1067008K
  class space    used 1882K, capacity 2105K, committed 2176K, reserved 1048576K
}
Event: 972.230 GC heap after
{Heap after GC invocations=1378 (full 0):
 garbage-first heap   total 9674752K, used 3956603K [0x0000000082000000, 0x0000000800000000)
  region size 4096K, 36 young (147456K), 36 survivors (147456K)
 Metaspace       used 18730K, capacity 19265K, committed 19584K, reserved 1067008K
  class space    used 1882K, capacity 2105K, committed 2176K, reserved 1048576K
}
Event: 973.515 GC heap before
{Heap before GC invocations=1378 (full 0):
 garbage-first heap   total 9674752K, used 8552315K [0x0000000082000000, 0x0000000800000000)
  region size 4096K, 1158 young (4743168K), 36 survivors (147456K)
 Metaspace       used 18730K, capacity 19265K, committed 19584K, reserved 1067008K
  class space    used 1882K, capacity 2105K, committed 2176K, reserved 1048576K
}
Event: 973.520 GC heap after
{Heap after GC invocations=1379 (full 0):
 garbage-first heap   total 9674752K, used 3856302K [0x0000000082000000, 0x0000000800000000)
  region size 4096K, 11 young (45056K), 11 survivors (45056K)
 Metaspace       used 18730K, capacity 19265K, committed 19584K, reserved 1067008K
  class space    used 1882K, capacity 2105K, committed 2176K, reserved 1048576K
}
Event: 974.096 GC heap before
{Heap before GC invocations=1379 (full 0):
 garbage-first heap   total 9674752K, used 8583086K [0x0000000082000000, 0x0000000800000000)
  region size 4096K, 1165 young (4771840K), 11 survivors (45056K)
 Metaspace       used 18730K, capacity 19265K, committed 19584K, reserved 1067008K
  class space    used 1882K, capacity 2105K, committed 2176K, reserved 1048576K
}
Event: 974.100 GC heap after
{Heap after GC invocations=1380 (full 0):
 garbage-first heap   total 9674752K, used 3835825K [0x0000000082000000, 0x0000000800000000)
  region size 4096K, 6 young (24576K), 6 survivors (24576K)
 Metaspace       used 18730K, capacity 19265K, committed 19584K, reserved 1067008K
  class space    used 1882K, capacity 2105K, committed 2176K, reserved 1048576K
}
Event: 974.877 GC heap before
{Heap before GC invocations=1380 (full 0):
 garbage-first heap   total 9674752K, used 8587185K [0x0000000082000000, 0x0000000800000000)
  region size 4096K, 1166 young (4775936K), 6 survivors (24576K)
 Metaspace       used 18730K, capacity 19265K, committed 19584K, reserved 1067008K
  class space    used 1882K, capacity 2105K, committed 2176K, reserved 1048576K
}
Event: 974.882 GC heap after
{Heap after GC invocations=1381 (full 0):
 garbage-first heap   total 9674752K, used 3846938K [0x0000000082000000, 0x0000000800000000)
  region size 4096K, 9 young (36864K), 9 survivors (36864K)
 Metaspace       used 18730K, capacity 19265K, committed 19584K, reserved 1067008K
  class space    used 1882K, capacity 2105K, committed 2176K, reserved 1048576K
}
Event: 975.780 GC heap before
{Heap before GC invocations=1381 (full 0):
 garbage-first heap   total 9674752K, used 8586010K [0x0000000082000000, 0x0000000800000000)
  region size 4096K, 1166 young (4775936K), 9 survivors (36864K)
 Metaspace       used 18730K, capacity 19265K, committed 19584K, reserved 1067008K
  class space    used 1882K, capacity 2105K, committed 2176K, reserved 1048576K
}
Event: 975.783 GC heap after
{Heap after GC invocations=1382 (full 0):
 garbage-first heap   total 9674752K, used 3825151K [0x0000000082000000, 0x0000000800000000)
  region size 4096K, 4 young (16384K), 4 survivors (16384K)
 Metaspace       used 18730K, capacity 19265K, committed 19584K, reserved 1067008K
  class space    used 1882K, capacity 2105K, committed 2176K, reserved 1048576K
}
Event: 976.624 GC heap before
{Heap before GC invocations=1382 (full 0):
 garbage-first heap   total 9674752K, used 8592895K [0x0000000082000000, 0x0000000800000000)
  region size 4096K, 1169 young (4788224K), 4 survivors (16384K)
 Metaspace       used 18730K, capacity 19265K, committed 19584K, reserved 1067008K
  class space    used 1882K, capacity 2105K, committed 2176K, reserved 1048576K
}
Event: 976.626 GC heap after
{Heap after GC invocations=1383 (full 0):
 garbage-first heap   total 9674752K, used 3822712K [0x0000000082000000, 0x0000000800000000)
  region size 4096K, 3 young (12288K), 3 survivors (12288K)
 Metaspace       used 18730K, capacity 19265K, committed 19584K, reserved 1067008K
  class space    used 1882K, capacity 2105K, committed 2176K, reserved 1048576K
}
Event: 977.554 GC heap before
{Heap before GC invocations=1383 (full 0):
 garbage-first heap   total 9674752K, used 8610936K [0x0000000082000000, 0x0000000800000000)
  region size 4096K, 1172 young (4800512K), 3 survivors (12288K)
 Metaspace       used 18730K, capacity 19265K, committed 19584K, reserved 1067008K
  class space    used 1882K, capacity 2105K, committed 2176K, reserved 1048576K
}
Event: 977.556 GC heap after
{Heap after GC invocations=1384 (full 0):
 garbage-first heap   total 9674752K, used 3817062K [0x0000000082000000, 0x0000000800000000)
  region size 4096K, 2 young (8192K), 2 survivors (8192K)
 Metaspace       used 18730K, capacity 19265K, committed 19584K, reserved 1067008K
  class space    used 1882K, capacity 2105K, committed 2176K, reserved 1048576K
}
Event: 978.047 GC heap before
{Heap before GC invocations=1384 (full 0):
 garbage-first heap   total 9674752K, used 8621670K [0x0000000082000000, 0x0000000800000000)
  region size 4096K, 1175 young (4812800K), 2 survivors (8192K)
 Metaspace       used 18730K, capacity 19265K, committed 19584K, reserved 1067008K
  class space    used 1882K, capacity 2105K, committed 2176K, reserved 1048576K
}
Event: 978.058 GC heap after
{Heap after GC invocations=1385 (full 0):
 garbage-first heap   total 9674752K, used 3884073K [0x0000000082000000, 0x0000000800000000)
  region size 4096K, 18 young (73728K), 18 survivors (73728K)
 Metaspace       used 18730K, capacity 19265K, committed 19584K, reserved 1067008K
  class space    used 1882K, capacity 2105K, committed 2176K, reserved 1048576K
}
Event: 978.553 GC heap before
{Heap before GC invocations=1385 (full 0):
 garbage-first heap   total 9674752K, used 8598569K [0x0000000082000000, 0x0000000800000000)
  region size 4096K, 1169 young (4788224K), 18 survivors (73728K)
 Metaspace       used 18730K, capacity 19265K, committed 19584K, reserved 1067008K
  class space    used 1882K, capacity 2105K, committed 2176K, reserved 1048576K
}
Event: 978.562 GC heap after
{Heap after GC invocations=1386 (full 0):
 garbage-first heap   total 9674752K, used 3904750K [0x0000000082000000, 0x0000000800000000)
  region size 4096K, 23 young (94208K), 23 survivors (94208K)
 Metaspace       used 18730K, capacity 19265K, committed 19584K, reserved 1067008K
  class space    used 1882K, capacity 2105K, committed 2176K, reserved 1048576K
}

Deoptimization events (20 events):
Event: 309.141 Thread 0x00000257b8b2e800 Uncommon trap: trap_request=0xffffff4d fr.pc=0x00000257c94572e8 relative=0x0000000000000428
Event: 309.141 Thread 0x00000257b8b2e800 Uncommon trap: reason=unstable_if action=reinterpret pc=0x00000257c94572e8 method=jdk.internal.math.FormattedFloatingDecimal.fillDecimal(I[CIIZ)V @ 20 c2
Event: 309.141 Thread 0x00000257b8b2e800 DEOPT PACKING pc=0x00000257c94572e8 sp=0x000000eea68ff000
Event: 309.141 Thread 0x00000257b8b2e800 DEOPT UNPACKING pc=0x00000257c12fa1af sp=0x000000eea68fef90 mode 2
Event: 331.705 Thread 0x00000257b8b2e800 Uncommon trap: trap_request=0xffffff4d fr.pc=0x00000257c945549c relative=0x0000000000000a7c
Event: 331.705 Thread 0x00000257b8b2e800 Uncommon trap: reason=unstable_if action=reinterpret pc=0x00000257c945549c method=java.io.BufferedOutputStream.write([BII)V @ 6 c2
Event: 331.705 Thread 0x00000257b8b2e800 DEOPT PACKING pc=0x00000257c945549c sp=0x000000eea68ff230
Event: 331.705 Thread 0x00000257b8b2e800 DEOPT UNPACKING pc=0x00000257c12fa1af sp=0x000000eea68ff108 mode 2
Event: 695.689 Thread 0x00000257b8b2e800 Uncommon trap: trap_request=0xfffffff6 fr.pc=0x00000257c935bb84 relative=0x0000000000001464
Event: 695.689 Thread 0x00000257b8b2e800 Uncommon trap: reason=null_check action=maybe_recompile pc=0x00000257c935bb84 method=java.lang.AbstractStringBuilder.ensureCapacityInternal(I)V @ 4 c2
Event: 695.689 Thread 0x00000257b8b2e800 DEOPT PACKING pc=0x00000257c935bb84 sp=0x000000eea68ff0b0
Event: 695.689 Thread 0x00000257b8b2e800 DEOPT UNPACKING pc=0x00000257c12fa1af sp=0x000000eea68fef18 mode 2
Event: 802.072 Thread 0x00000257b8b2e800 Uncommon trap: trap_request=0xfffffff6 fr.pc=0x00000257c935bb84 relative=0x0000000000001464
Event: 802.072 Thread 0x00000257b8b2e800 Uncommon trap: reason=null_check action=maybe_recompile pc=0x00000257c935bb84 method=java.lang.AbstractStringBuilder.ensureCapacityInternal(I)V @ 4 c2
Event: 802.072 Thread 0x00000257b8b2e800 DEOPT PACKING pc=0x00000257c935bb84 sp=0x000000eea68ff0b0
Event: 802.072 Thread 0x00000257b8b2e800 DEOPT UNPACKING pc=0x00000257c12fa1af sp=0x000000eea68fef18 mode 2
Event: 916.081 Thread 0x00000257b8b2e800 Uncommon trap: trap_request=0xfffffff6 fr.pc=0x00000257c935bb84 relative=0x0000000000001464
Event: 916.081 Thread 0x00000257b8b2e800 Uncommon trap: reason=null_check action=maybe_recompile pc=0x00000257c935bb84 method=java.lang.AbstractStringBuilder.ensureCapacityInternal(I)V @ 4 c2
Event: 916.081 Thread 0x00000257b8b2e800 DEOPT PACKING pc=0x00000257c935bb84 sp=0x000000eea68ff0b0
Event: 916.081 Thread 0x00000257b8b2e800 DEOPT UNPACKING pc=0x00000257c12fa1af sp=0x000000eea68fef18 mode 2

Classes redefined (0 events):
No events

Internal exceptions (20 events):
Event: 6.143 Thread 0x00000257b8b2e800 Exception <a 'java/lang/NoSuchMethodError'{0x00000000cff2fcf0}: 'java.lang.Object java.lang.invoke.DirectMethodHandle$Holder.invokeSpecial(java.lang.Object, java.lang.Object, int, int, java.lang.Object, java.lang.Object, java.lang.Object, java.lang.Object)'> (0x00000000cff2fcf0) thrown at [s\src\hotspot\share\interpreter\linkResolver.cpp, line 773]
Event: 6.143 Thread 0x00000257b8b2e800 Exception <a 'java/lang/NoSuchMethodError'{0x00000000cff336d0}: 'java.lang.Object java.lang.invoke.DelegatingMethodHandle$Holder.reinvoke_L(java.lang.Object, int, int, java.lang.Object, java.lang.Object, java.lang.Object, java.lang.Object)'> (0x00000000cff336d0) thrown at [s\src\hotspot\share\interpreter\linkResolver.cpp, line 773]
Event: 6.143 Thread 0x00000257b8b2e800 Exception <a 'java/lang/NoSuchMethodError'{0x00000000cff420c8}: 'java.lang.Object java.lang.invoke.DirectMethodHandle$Holder.invokeStatic(java.lang.Object, java.lang.Object, java.lang.Object, java.lang.Object, java.lang.Object, java.lang.Object, int)'> (0x00000000cff420c8) thrown at [s\src\hotspot\share\interpreter\linkResolver.cpp, line 773]
Event: 6.149 Thread 0x00000257b8b2e800 Exception <a 'java/io/FileNotFoundException'{0x00000000cffcce78}> (0x00000000cffcce78) thrown at [s\src\hotspot\share\prims\jni.cpp, line 617]
Event: 6.172 Thread 0x00000257b8b2e800 Exception <a 'java/lang/NoSuchMethodError'{0x00000000cf8c8ad8}: 'java.lang.Object java.lang.invoke.DirectMethodHandle$Holder.invokeStatic(java.lang.Object, java.lang.Object, java.lang.Object, java.lang.Object, java.lang.Object, java.lang.Object, java.lang.Object, java.lang.Object, java.lang.Object, java.lang.Object, java.lang.Object, int)'> (0x00000000cf8c8ad8) thrown at [s\src\hotspot\share\interpreter\linkResolver.cpp, line 773]
Event: 6.173 Thread 0x00000257b8b2e800 Exception <a 'java/lang/NoSuchMethodError'{0x00000000cf8e6c80}: 'java.lang.Object java.lang.invoke.DirectMethodHandle$Holder.invokeStatic(java.lang.Object, java.lang.Object, java.lang.Object, java.lang.Object, java.lang.Object, java.lang.Object, java.lang.Object, java.lang.Object, java.lang.Object, java.lang.Object, java.lang.Object, int, int)'> (0x00000000cf8e6c80) thrown at [s\src\hotspot\share\interpreter\linkResolver.cpp, line 773]
Event: 6.174 Thread 0x00000257b8b2e800 Exception <a 'java/lang/NoSuchMethodError'{0x00000000cf905d58}: 'java.lang.Object java.lang.invoke.DirectMethodHandle$Holder.invokeStatic(java.lang.Object, java.lang.Object, java.lang.Object, java.lang.Object, java.lang.Object, java.lang.Object, java.lang.Object, java.lang.Object, java.lang.Object, java.lang.Object, java.lang.Object, int, int, java.lang.Object)'> (0x00000000cf905d58) thrown at [s\src\hotspot\share\interpreter\linkResolver.cpp, line 773]
Event: 6.175 Thread 0x00000257b8b2e800 Exception <a 'java/lang/NoSuchMethodError'{0x00000000cf926418}: 'java.lang.Object java.lang.invoke.DirectMethodHandle$Holder.invokeStatic(java.lang.Object, java.lang.Object, java.lang.Object, java.lang.Object, java.lang.Object, java.lang.Object, java.lang.Object, java.lang.Object, java.lang.Object, java.lang.Object, java.lang.Object, int, int, java.lang.Object, java.lang.Object)'> (0x00000000cf926418) thrown at [s\src\hotspot\share\interpreter\linkResolver.cpp, line 773]
Event: 6.440 Thread 0x00000257b8b2e800 Exception <a 'java/lang/ClassNotFoundException'{0x00000000ce9f1e60}: sun/util/logging/resources/spi/loggingProvider> (0x00000000ce9f1e60) thrown at [s\src\hotspot\share\classfile\systemDictionary.cpp, line 230]
Event: 6.441 Thread 0x00000257b8b2e800 Implicit null exception at 0x00000257c8f2db74 to 0x00000257c8f2e7c4
Event: 6.648 Thread 0x00000257b8b2e800 Exception <a 'java/lang/NoSuchMethodError'{0x00000000cd94bfe0}: 'java.lang.Object java.lang.invoke.DirectMethodHandle$Holder.invokeSpecial(java.lang.Object, java.lang.Object, int, int, java.lang.Object, java.lang.Object, int)'> (0x00000000cd94bfe0) thrown at [s\src\hotspot\share\interpreter\linkResolver.cpp, line 773]
Event: 6.648 Thread 0x00000257b8b2e800 Exception <a 'java/lang/NoSuchMethodError'{0x00000000cd94f470}: 'java.lang.Object java.lang.invoke.DelegatingMethodHandle$Holder.reinvoke_L(java.lang.Object, int, int, java.lang.Object, java.lang.Object, int)'> (0x00000000cd94f470) thrown at [s\src\hotspot\share\interpreter\linkResolver.cpp, line 773]
Event: 6.650 Thread 0x00000257b8b2e800 Exception <a 'java/lang/NoSuchMethodError'{0x00000000cd96bcf0}: 'java.lang.Object java.lang.invoke.DirectMethodHandle$Holder.invokeSpecial(java.lang.Object, java.lang.Object, java.lang.Object, java.lang.Object, int)'> (0x00000000cd96bcf0) thrown at [s\src\hotspot\share\interpreter\linkResolver.cpp, line 773]
Event: 6.650 Thread 0x00000257b8b2e800 Exception <a 'java/lang/NoSuchMethodError'{0x00000000cd96ed58}: 'java.lang.Object java.lang.invoke.Invokers$Holder.linkToTargetMethod(java.lang.Object, java.lang.Object, int, java.lang.Object)'> (0x00000000cd96ed58) thrown at [s\src\hotspot\share\interpreter\linkResolver.cpp, line 773]
Event: 7.462 Thread 0x00000257b8b2e800 Implicit null exception at 0x00000257c8ef7292 to 0x00000257c8ef7610
Event: 146.257 Thread 0x00000257b8b2e800 Exception <a 'java/lang/NoSuchMethodError'{0x00000001d1438190}: 'java.lang.Object java.lang.invoke.Invokers$Holder.linkToTargetMethod(java.lang.Object, int, java.lang.Object)'> (0x00000001d1438190) thrown at [s\src\hotspot\share\interpreter\linkResolver.cpp, line 773]
Event: 695.689 Thread 0x00000257b8b2e800 Implicit null exception at 0x00000257c935a945 to 0x00000257c935bb74
Event: 802.072 Thread 0x00000257b8b2e800 Implicit null exception at 0x00000257c935a945 to 0x00000257c935bb74
Event: 916.081 Thread 0x00000257b8b2e800 Implicit null exception at 0x00000257c935a945 to 0x00000257c935bb74
Event: 979.134 Thread 0x00000257b8b2e800 Implicit null exception at 0x00000257c94f0152 to 0x0000000000000000

Events (20 events):
Event: 978.747 Thread 0x00000257a1c16800 Thread exited: 0x00000257a1c16800
Event: 978.747 Thread 0x00000257a1eb9800 Thread exited: 0x00000257a1eb9800
Event: 978.747 Thread 0x00000257a4de2000 Thread exited: 0x00000257a4de2000
Event: 978.747 Thread 0x00000257a2188800 Thread exited: 0x00000257a2188800
Event: 978.747 Thread 0x00000257a2187000 Thread exited: 0x00000257a2187000
Event: 978.747 Thread 0x00000257a4de1000 Thread exited: 0x00000257a4de1000
Event: 978.747 Thread 0x00000257a1eb9000 Thread exited: 0x00000257a1eb9000
Event: 978.747 Thread 0x00000257a23f6000 Thread exited: 0x00000257a23f6000
Event: 978.747 Thread 0x00000257a1eb6800 Thread exited: 0x00000257a1eb6800
Event: 978.747 Thread 0x00000257a45ca800 Thread exited: 0x00000257a45ca800
Event: 978.747 Thread 0x00000257a4dde800 Thread exited: 0x00000257a4dde800
Event: 978.747 Thread 0x00000257a45c9000 Thread exited: 0x00000257a45c9000
Event: 978.747 Thread 0x00000257a1eb7000 Thread exited: 0x00000257a1eb7000
Event: 978.747 Thread 0x00000257a2189800 Thread exited: 0x00000257a2189800
Event: 978.747 Thread 0x00000257a1c14800 Thread exited: 0x00000257a1c14800
Event: 978.747 Thread 0x00000257a4de0000 Thread exited: 0x00000257a4de0000
Event: 978.747 Thread 0x00000257a23f3800 Thread exited: 0x00000257a23f3800
Event: 978.747 Thread 0x00000257a4ddd000 Thread exited: 0x00000257a4ddd000
Event: 978.747 Thread 0x00000257a4de2800 Thread exited: 0x00000257a4de2800
Event: 978.747 Thread 0x00000257a2188000 Thread exited: 0x00000257a2188000


Dynamic libraries:
0x00007ff6d2720000 - 0x00007ff6d272e000 	C:\Users\pybdt\.jdks\ms-11.0.26\bin\java.exe
0x00007ffb41f40000 - 0x00007ffb421a8000 	C:\WINDOWS\SYSTEM32\ntdll.dll
0x00007ffb0fbf0000 - 0x00007ffb0fc10000 	C:\Program Files\Norton\Suite\aswhook.dll
0x00007ffb41690000 - 0x00007ffb41759000 	C:\WINDOWS\System32\KERNEL32.DLL
0x00007ffb3f700000 - 0x00007ffb3faf2000 	C:\WINDOWS\System32\KERNELBASE.dll
0x00007ffb3fb00000 - 0x00007ffb3fc4b000 	C:\WINDOWS\System32\ucrtbase.dll
0x00007ffb266b0000 - 0x00007ffb266c7000 	C:\Users\pybdt\.jdks\ms-11.0.26\bin\jli.dll
0x00007ffb266d0000 - 0x00007ffb266ed000 	C:\Users\pybdt\.jdks\ms-11.0.26\bin\VCRUNTIME140.dll
0x00007ffb41890000 - 0x00007ffb41a55000 	C:\WINDOWS\System32\USER32.dll
0x00007ffb3f630000 - 0x00007ffb3f657000 	C:\WINDOWS\System32\win32u.dll
0x00007ffb27e90000 - 0x00007ffb28123000 	C:\WINDOWS\WinSxS\amd64_microsoft.windows.common-controls_6595b64144ccf1df_6.0.26100.6899_none_3e0efeeae32e88c1\COMCTL32.dll
0x00007ffb41660000 - 0x00007ffb4168b000 	C:\WINDOWS\System32\GDI32.dll
0x00007ffb412b0000 - 0x00007ffb41359000 	C:\WINDOWS\System32\msvcrt.dll
0x00007ffb3f390000 - 0x00007ffb3f4bd000 	C:\WINDOWS\System32\gdi32full.dll
0x00007ffb3f0d0000 - 0x00007ffb3f173000 	C:\WINDOWS\System32\msvcp_win.dll
0x00007ffb40c70000 - 0x00007ffb40c9f000 	C:\WINDOWS\System32\IMM32.DLL
0x00007ffb20d50000 - 0x00007ffb20d5c000 	C:\Users\pybdt\.jdks\ms-11.0.26\bin\vcruntime140_1.dll
0x00007ffacf9e0000 - 0x00007ffacfa6d000 	C:\Users\pybdt\.jdks\ms-11.0.26\bin\msvcp140.dll
0x00007ff9b80c0000 - 0x00007ff9b8c97000 	C:\Users\pybdt\.jdks\ms-11.0.26\bin\server\jvm.dll
0x00007ffb40850000 - 0x00007ffb40904000 	C:\WINDOWS\System32\ADVAPI32.dll
0x00007ffb41200000 - 0x00007ffb412a6000 	C:\WINDOWS\System32\sechost.dll
0x00007ffb41540000 - 0x00007ffb41658000 	C:\WINDOWS\System32\RPCRT4.dll
0x00007ffb3fd10000 - 0x00007ffb3fd84000 	C:\WINDOWS\System32\WS2_32.dll
0x00007ffb31ac0000 - 0x00007ffb31af5000 	C:\WINDOWS\SYSTEM32\WINMM.dll
0x00007ffb36b20000 - 0x00007ffb36b2b000 	C:\WINDOWS\SYSTEM32\VERSION.dll
0x00007ffb3dd30000 - 0x00007ffb3dd4b000 	C:\WINDOWS\SYSTEM32\kernel.appcore.dll
0x00007ffb20d40000 - 0x00007ffb20d50000 	C:\Users\pybdt\.jdks\ms-11.0.26\bin\verify.dll
0x00007ffb31f70000 - 0x00007ffb321b2000 	C:\WINDOWS\SYSTEM32\DBGHELP.DLL
0x00007ffb40e80000 - 0x00007ffb411fb000 	C:\WINDOWS\System32\combase.dll
0x00007ffb41460000 - 0x00007ffb41537000 	C:\WINDOWS\System32\OLEAUT32.dll
0x00007ffb31f30000 - 0x00007ffb31f6c000 	C:\WINDOWS\SYSTEM32\dbgcore.DLL
0x00007ffb3f660000 - 0x00007ffb3f6f8000 	C:\WINDOWS\System32\bcryptPrimitives.dll
0x00007ffb12820000 - 0x00007ffb12848000 	C:\Users\pybdt\.jdks\ms-11.0.26\bin\java.dll
0x00007ffb0edd0000 - 0x00007ffb0edda000 	C:\Users\pybdt\.jdks\ms-11.0.26\bin\jimage.dll
0x00007ffb0e1d0000 - 0x00007ffb0e1de000 	C:\Users\pybdt\.jdks\ms-11.0.26\bin\instrument.dll
0x00007ffb099c0000 - 0x00007ffb099d8000 	C:\Users\pybdt\.jdks\ms-11.0.26\bin\zip.dll
0x00007ffb3ffa0000 - 0x00007ffb406ed000 	C:\WINDOWS\System32\SHELL32.dll
0x00007ffb3f4c0000 - 0x00007ffb3f62b000 	C:\WINDOWS\System32\wintypes.dll
0x00007ffb3c9c0000 - 0x00007ffb3d21d000 	C:\WINDOWS\SYSTEM32\windows.storage.dll
0x00007ffb41790000 - 0x00007ffb41882000 	C:\WINDOWS\System32\SHCORE.dll
0x00007ffb3fe90000 - 0x00007ffb3fef2000 	C:\WINDOWS\System32\shlwapi.dll
0x00007ffb3eff0000 - 0x00007ffb3f019000 	C:\WINDOWS\SYSTEM32\profapi.dll
0x00007ffb08720000 - 0x00007ffb0873a000 	C:\Users\pybdt\.jdks\ms-11.0.26\bin\net.dll
0x00007ffb3dd50000 - 0x00007ffb3de6f000 	C:\WINDOWS\SYSTEM32\WINHTTP.dll
0x00007ffb3e3b0000 - 0x00007ffb3e41b000 	C:\WINDOWS\system32\mswsock.dll
0x00007ffafc460000 - 0x00007ffafc472000 	C:\Users\pybdt\.jdks\ms-11.0.26\bin\nio.dll
0x00007ffaf5aa0000 - 0x00007ffaf5aba000 	C:\Program Files\JetBrains\IntelliJ IDEA Community Edition 2024.1.1\bin\breakgen64.dll
0x00007ff99fdf0000 - 0x00007ff99ff72000 	C:\Users\pybdt\.jdks\ms-11.0.26\bin\awt.dll
0x00007ffb3be40000 - 0x00007ffb3bedf000 	C:\WINDOWS\SYSTEM32\apphelp.dll

dbghelp: loaded successfully - version: 4.0.5 - missing functions: none
symbol engine: initialized successfully - sym options: 0x614 - pdb path: .;C:\Users\pybdt\.jdks\ms-11.0.26\bin;C:\WINDOWS\SYSTEM32;C:\Program Files\Norton\Suite;C:\WINDOWS\WinSxS\amd64_microsoft.windows.common-controls_6595b64144ccf1df_6.0.26100.6899_none_3e0efeeae32e88c1;C:\Users\pybdt\.jdks\ms-11.0.26\bin\server;C:\Program Files\JetBrains\IntelliJ IDEA Community Edition 2024.1.1\bin

VM Arguments:
jvm_args: -javaagent:C:\Program Files\JetBrains\IntelliJ IDEA Community Edition 2024.1.1\lib\idea_rt.jar=62927:C:\Program Files\JetBrains\IntelliJ IDEA Community Edition 2024.1.1\bin -Dfile.encoding=UTF-8 
java_command: pseudo.gen.Commuter
java_class_path (initial): C:\Users\pybdt\IdeaProjects\Pseudo-PFLOW\target\classes;C:\Users\pybdt\.m2\repository\org\apache\commons\commons-csv\1.9.0\commons-csv-1.9.0.jar;C:\Users\pybdt\.m2\repository\tech\units\indriya\2.2.3\indriya-2.2.3.jar;C:\Users\pybdt\.m2\repository\javax\measure\unit-api\2.2\unit-api-2.2.jar;C:\Users\pybdt\.m2\repository\tech\uom\lib\uom-lib-common\2.2\uom-lib-common-2.2.jar;C:\Users\pybdt\.m2\repository\jakarta\inject\jakarta.inject-api\2.0.1\jakarta.inject-api-2.0.1.jar;C:\Users\pybdt\.m2\repository\systems\uom\systems-ucum\2.2\systems-ucum-2.2.jar;C:\Users\pybdt\.m2\repository\si\uom\si-quantity\2.2.2\si-quantity-2.2.2.jar;C:\Users\pybdt\.m2\repository\si\uom\si-units\2.2.2\si-units-2.2.2.jar;C:\Users\pybdt\.m2\repository\jakarta\annotation\jakarta.annotation-api\2.0.0\jakarta.annotation-api-2.0.0.jar;C:\Users\pybdt\.m2\repository\org\geotools\gt-main\25.1\gt-main-25.1.jar;C:\Users\pybdt\.m2\repository\org\geotools\gt-http\25.1\gt-http-25.1.jar;C:\Users\pybdt\.m2\repository\org\apache\commons\commons-text\1.6\commons-text-1.6.jar;C:\Users\pybdt\.m2\repository\com\fasterxml\jackson\core\jackson-core\2.10.5\jackson-core-2.10.5.jar;C:\Users\pybdt\.m2\repository\javax\media\jai_core\1.1.3\jai_core-1.1.3.jar;C:\Users\pybdt\.m2\repository\org\geotools\gt-metadata\25.1\gt-metadata-25.1.jar;C:\Users\pybdt\.m2\repository\org\geotools\gt-opengis\25.1\gt-opengis-25.1.jar;C:\Users\pybdt\.m2\repository\systems\uom\systems-common\2.0.1\systems-common-2.0.1.jar;C:\Users\pybdt\.m2\repository\org\apache\commons\commons-lang3\3.8.1\commons-lang3-3.8.1.jar;C:\Users\pybdt\.m2\repository\org\geotools\ogc\net.opengis.ows\25.1\net.opengis.ows-25.1.jar;C:\Users\pybdt\.m2\repository\org\geotools\ogc\org.w3.xlink\25.1\org.w3.xlink-25.1.jar;C:\Users\pybdt\.m2\repository\org\eclipse\emf\org.eclipse.emf.common\2.15.0\org.eclipse.emf.common-2.15.0.jar;C:\Users\pybdt\.m2\repository\org\eclipse\emf\org.eclipse.emf.ecore\2.15.0\org.eclipse.emf.ecore-2.15.0.jar;C:\User
Launcher Type: SUN_STANDARD

[Global flags]
     intx CICompilerCount                          = 15                                        {product} {ergonomic}
     uint ConcGCThreads                            = 6                                         {product} {ergonomic}
     uint G1ConcRefinementThreads                  = 23                                        {product} {ergonomic}
   size_t G1HeapRegionSize                         = 4194304                                   {product} {ergonomic}
    uintx GCDrainStackTargetSize                   = 64                                        {product} {ergonomic}
   size_t InitialHeapSize                          = 2143289344                                {product} {ergonomic}
   size_t MarkStackSize                            = 4194304                                   {product} {ergonomic}
   size_t MaxHeapSize                              = 32178700288                               {product} {ergonomic}
   size_t MaxNewSize                               = 19306381312                               {product} {ergonomic}
   size_t MinHeapDeltaBytes                        = 4194304                                   {product} {ergonomic}
    uintx NonNMethodCodeHeapSize                   = 8182140                                {pd product} {ergonomic}
    uintx NonProfiledCodeHeapSize                  = 121738050                              {pd product} {ergonomic}
    uintx ProfiledCodeHeapSize                     = 121738050                              {pd product} {ergonomic}
    uintx ReservedCodeCacheSize                    = 251658240                              {pd product} {ergonomic}
     bool SegmentedCodeCache                       = true                                      {product} {ergonomic}
     bool UseCompressedClassPointers               = true                                 {lp64_product} {ergonomic}
     bool UseCompressedOops                        = true                                 {lp64_product} {ergonomic}
     bool UseG1GC                                  = true                                      {product} {ergonomic}
     bool UseLargePagesIndividualAllocation        = false                                  {pd product} {ergonomic}

Logging:
Log output configuration:
 #0: stdout all=warning uptime,level,tags
 #1: stderr all=off uptime,level,tags

Environment Variables:
JAVA_HOME=C:\Users\pybdt\.jdks\ms-11.0.26
PATH=C:\Program Files\Eclipse Adoptium\jdk-11.0.28.6-hotspot\bin;C:\Program Files\NVIDIA GPU Computing Toolkit\CUDA\v12.8\bin;C:\Program Files\NVIDIA GPU Computing Toolkit\CUDA\v12.8\libnvvp;C:\WINDOWS\system32;C:\WINDOWS;C:\WINDOWS\System32\Wbem;C:\WINDOWS\System32\WindowsPowerShell\v1.0\;C:\WINDOWS\System32\OpenSSH\;C:\Program Files (x86)\NVIDIA Corporation\PhysX\Common;C:\Program Files\dotnet\;C:\Program Files\apache-maven-3.6.3\bin;C:\Program Files\Amazon\AWSCLIV2\;C:\Program Files\PuTTY\;C:\Program Files\NVIDIA Corporation\NVIDIA app\NvDLISR;C:\Program Files\NVIDIA Corporation\Nsight Compute 2025.1.0\;C:\Program Files\NVIDIA GPU Computing Toolkit\CUDA\v12.1\bin;C:\Program Files\NVIDIA GPU Computing Toolkit\CUDA\v12.1\libnvvm\bin;C:\Program Files\NVIDIA GPU Computing Toolkit\CUDA\v12.1\include;C:\Program Files\Git\cmd;C:\Program Files\WinMerge;C:\Users\pybdt\AppData\Local\Microsoft\WindowsApps;;C:\Program Files\JetBrains\IntelliJ IDEA Community Edition 2024.1.1\bin;;C:\Users\pybdt\AppData\Local\Programs\Ollama
USERNAME=pybdt
OS=Windows_NT
PROCESSOR_IDENTIFIER=Intel64 Family 6 Model 183 Stepping 1, GenuineIntel
TMP=C:\Users\pybdt\AppData\Local\Temp
TEMP=C:\Users\pybdt\AppData\Local\Temp



---------------  S Y S T E M  ---------------

OS: Windows 11 , 64 bit Build 26100 (10.0.26100.6725)
OS uptime: 3 days 10:21 hours
Hyper-V role detected

CPU:total 32 (initial active 32) (16 cores per cpu, 2 threads per core) family 6 model 183 stepping 1 microcode 0x11d, cmov, cx8, fxsr, mmx, sse, sse2, sse3, ssse3, sse4.1, sse4.2, popcnt, avx, avx2, aes, clmul, erms, 3dnowpref, lzcnt, ht, tsc, tscinvbit, bmi1, bmi2, adx, sha, fma

Memory: 4k page, system-wide physical 130779M (90638M free)
TotalPageFile size 138971M (AvailPageFile size 74301M)
current process WorkingSet (physical memory assigned to process): 9904M, peak: 9905M
current process commit charge ("private bytes"): 10085M, peak: 10088M

vm_info: OpenJDK 64-Bit Server VM (11.0.26+4-LTS) for windows-amd64 JRE (11.0.26+4-LTS), built on Jan 13 2025 23:40:04 by "MicrosoftCorporation" with unknown MS VC++:1939

END.
