#
# A fatal error has been detected by the Java Runtime Environment:
#
#  EXCEPTION_ACCESS_VIOLATION (0xc0000005) at pc=0x00007ff9b85fee81, pid=36520, tid=45116
#
# JRE version: OpenJDK Runtime Environment Microsoft-10823458 (11.0.26+4) (build 11.0.26+4-LTS)
# Java VM: OpenJDK 64-Bit Server VM Microsoft-10823458 (11.0.26+4-LTS, mixed mode, sharing, tiered, compressed oops, g1 gc, windows-amd64)
# Problematic frame:
# V  [jvm.dll+0x53ee81]
#
# No core dump will be written. Minidumps are not enabled by default on client versions of Windows
#
# If you would like to submit a bug report, please visit:
#   https://github.com/microsoft/openjdk/issues
#

---------------  S U M M A R Y ------------

Command Line: -javaagent:C:\Program Files\JetBrains\IntelliJ IDEA Community Edition 2024.1.1\lib\idea_rt.jar=57759:C:\Program Files\JetBrains\IntelliJ IDEA Community Edition 2024.1.1\bin -Dfile.encoding=UTF-8 pseudo.gen.Commuter

Host: Intel(R) Core(TM) i9-14900K, 32 cores, 127G,  Windows 11 , 64 bit Build 26100 (10.0.26100.6725)
Time: Sun Nov  2 11:23:14 2025  Windows 11 , 64 bit Build 26100 (10.0.26100.6725) elapsed time: 27.677663 seconds (0d 0h 0m 27s)

---------------  T H R E A D  ---------------

Current thread (0x00000208ea90b800):  JavaThread "main" [_thread_in_vm, id=45116, stack(0x000000babf600000,0x000000babf700000)]

Stack: [0x000000babf600000,0x000000babf700000],  sp=0x000000babf6fe990,  free space=1018k
Native frames: (J=compiled Java code, j=interpreted, Vv=VM code, C=native code)
V  [jvm.dll+0x53ee81]
V  [jvm.dll+0x53cb5f]
V  [jvm.dll+0x3a1c73]
V  [jvm.dll+0x3a11b7]
C  0x000002088001c418

Java frames: (J=compiled Java code, j=interpreted, Vv=VM code)
j  java.util.Formatter$FormatSpecifier.toString()Ljava/lang/String;+14 java.base@11.0.26
j  java.util.Formatter.format(Ljava/util/Locale;Ljava/lang/String;[Ljava/lang/Object;)Ljava/util/Formatter;+235 java.base@11.0.26
j  java.util.Formatter.format(Ljava/lang/String;[Ljava/lang/Object;)Ljava/util/Formatter;+7 java.base@11.0.26
j  java.lang.String.format(Ljava/lang/String;[Ljava/lang/Object;)Ljava/lang/String;+9 java.base@11.0.26
J 3760 c2 jp.ac.ut.csis.pflow.geom2.MeshUtils.createMesh(IDD)Ljp/ac/ut/csis/pflow/geom2/Mesh; (1324 bytes) @ 0x0000020887f531f8 [0x0000020887f508c0+0x0000000000002938]
J 4052% c2 pseudo.acs.DataAccessor.loadZenrinTatemono(Ljava/lang/String;Lpseudo/res/Country;I)I (211 bytes) @ 0x0000020887fdbb50 [0x0000020887fdb020+0x0000000000000b30]
j  pseudo.gen.Commuter.main([Ljava/lang/String;)V+285
v  ~StubRoutines::call_stub

siginfo: EXCEPTION_ACCESS_VIOLATION (0xc0000005), reading address 0x0000000000000248


Register to memory mapping:

RIP=0x00007ff9b85fee81 jvm.dll
RAX=0x0000000000000228 is an unknown value
RBX=0x00000208ea90b800 is a thread
RCX=0x0000000000000004 is an unknown value
RDX=0x00000208cf2e0850 points into unknown readable memory: 0x0000000000000228 | 28 02 00 00 00 00 00 00
RSP=0x000000babf6fe990 is pointing into the stack for thread: 0x00000208ea90b800
RBP=0x000000babf6fe9f0 is pointing into the stack for thread: 0x00000208ea90b800
RSI=0x0000000000000008 is an unknown value
RDI=0x000000babf6fea70 is pointing into the stack for thread: 0x00000208ea90b800
R8 =0x0000000000000005 is an unknown value
R9 =0x0000000000000005 is an unknown value
R10=0x00000208ea8f67b0 points into unknown readable memory: 0x0000003c00000004 | 04 00 00 00 3c 00 00 00
R11=0x0000000000000228 is an unknown value
R12=0x00000008000433d8 is pointing into metadata
R13=0x0000000800042950 is pointing into metadata
R14=0x0000000000000001 is an unknown value
R15=0x000000babf6feba0 is pointing into the stack for thread: 0x00000208ea90b800


Registers:
RAX=0x0000000000000228, RBX=0x00000208ea90b800, RCX=0x0000000000000004, RDX=0x00000208cf2e0850
RSP=0x000000babf6fe990, RBP=0x000000babf6fe9f0, RSI=0x0000000000000008, RDI=0x000000babf6fea70
R8 =0x0000000000000005, R9 =0x0000000000000005, R10=0x00000208ea8f67b0, R11=0x0000000000000228
R12=0x00000008000433d8, R13=0x0000000800042950, R14=0x0000000000000001, R15=0x000000babf6feba0
RIP=0x00007ff9b85fee81, EFLAGS=0x0000000000010202

Top of Stack: (sp=0x000000babf6fe990)
0x000000babf6fe990:   0000000000000228 00000208ea90b800
0x000000babf6fe9a0:   00000208ea90b800 00000208ea90b800
0x000000babf6fe9b0:   0000000800570b88 00000208ea90b800
0x000000babf6fe9c0:   0000000000000228 0000000000000228
0x000000babf6fe9d0:   00000208ea90b800 0000000000000228
0x000000babf6fe9e0:   00000208ea90b800 00000208ea90b800
0x000000babf6fe9f0:   0000000000000000 00000208ea90b800
0x000000babf6fea00:   0000000000000000 00000008000433d8
0x000000babf6fea10:   000000babf6fea79 00007ff9b85fcb5f
0x000000babf6fea20:   000000babf6feba0 0000000800570ab6
0x000000babf6fea30:   00000208ea90c440 000000babf6feba0
0x000000babf6fea40:   00000008000433d8 00007ff9b86cb601
0x000000babf6fea50:   00000208ea90b800 00000000000000b7
0x000000babf6fea60:   00000208e842c780 00007ff9b83b8e41
0x000000babf6fea70:   00000008000430e0 00000208ea90b800
0x000000babf6fea80:   000000080049ab50 000000080052a550 

Instructions: (pc=0x00007ff9b85fee81)
0x00007ff9b85fed81:   74 2b 4d 85 c9 75 26 4c 89 4c 24 20 48 8d 15 b4
0x00007ff9b85fed91:   a0 3e 00 4c 8b 0d 8d 8d 5f 00 41 b8 4e 05 00 00
0x00007ff9b85feda1:   48 8b cb e8 87 47 db ff e9 5d 01 00 00 48 89 b4
0x00007ff9b85fedb1:   24 90 00 00 00 48 8b 32 4c 89 a4 24 98 00 00 00
0x00007ff9b85fedc1:   4c 8b 65 50 48 8b 46 08 48 8b 48 08 48 8b 41 18
0x00007ff9b85fedd1:   8b 88 a4 00 00 00 c1 e9 09 f6 c1 01 74 0e 49 8b
0x00007ff9b85fede1:   cd e8 29 06 00 00 8b f0 8b d0 eb 15 8b 76 24 83
0x00007ff9b85fedf1:   fe fe 75 0b 48 8d 4d d8 e8 12 ba e2 ff eb 41 8b
0x00007ff9b85fee01:   d6 49 8b cc e8 b6 e1 fd ff 48 89 5d f0 48 89 45
0x00007ff9b85fee11:   e8 48 85 c0 74 14 48 8b 8b 88 02 00 00 48 8d 55
0x00007ff9b85fee21:   d0 48 89 45 d0 e8 d5 a9 ac ff 48 8d 55 e8 48 8d
0x00007ff9b85fee31:   4d d8 e8 d8 b9 e2 ff 48 8d 4d e8 e8 af b9 e2 ff
0x00007ff9b85fee41:   48 8b 45 d8 48 85 c0 75 32 0f 57 c0 48 8d 55 e8
0x00007ff9b85fee51:   4c 8b cb 4d 8b c4 48 8b cf f3 0f 7f 45 e8 e8 3c
0x00007ff9b85fee61:   03 00 00 48 8d 4d e8 e8 83 b9 e2 ff 48 83 7b 08
0x00007ff9b85fee71:   00 0f 85 83 00 00 00 48 8b 45 d8 45 84 f6 74 23
0x00007ff9b85fee81:   8b 40 20 c1 e8 0a a8 01 74 19 4c 8b cb 48 8d 55
0x00007ff9b85fee91:   d8 4d 8b c4 48 8b cf e8 03 03 00 00 48 83 7b 08
0x00007ff9b85feea1:   00 75 57 85 f6 78 14 48 8b 0f e8 70 78 0c 00 84
0x00007ff9b85feeb1:   c0 75 08 41 be 01 00 00 00 eb 03 45 33 f6 49 8d
0x00007ff9b85feec1:   4f 10 4d 89 2f 48 8b d7 4d 89 67 08 e8 3e b9 e2
0x00007ff9b85feed1:   ff 49 8d 4f 20 48 8d 55 d8 e8 31 b9 e2 ff 48 8b
0x00007ff9b85feee1:   d3 45 89 77 30 48 8d 4d d8 41 89 77 34 49 c7 47
0x00007ff9b85feef1:   38 00 00 00 00 e8 f5 02 ce ff 48 8b b4 24 90 00
0x00007ff9b85fef01:   00 00 4c 8b a4 24 98 00 00 00 48 8d 4d d8 e8 dc
0x00007ff9b85fef11:   b8 e2 ff 48 8b 9c 24 a0 00 00 00 48 83 c4 60 41
0x00007ff9b85fef21:   5f 41 5e 41 5d 5f 5d c3 cc cc cc cc cc cc cc 48
0x00007ff9b85fef31:   89 5c 24 10 48 89 6c 24 18 56 48 83 ec 30 49 83
0x00007ff9b85fef41:   38 00 49 8b d9 49 8b e8 48 8b f1 75 39 4c 8b 0d
0x00007ff9b85fef51:   5b 8c 5f 00 48 8d 05 d4 9e 3e 00 48 8b 4c 24 68
0x00007ff9b85fef61:   48 8d 15 e0 9e 3e 00 41 b8 6b 00 00 00 48 89 44
0x00007ff9b85fef71:   24 60 48 8b 5c 24 48 48 8b 6c 24 50 48 83 c4 30 


Stack slot to memory mapping:
stack at sp + 0 slots: 0x0000000000000228 is an unknown value
stack at sp + 1 slots: 0x00000208ea90b800 is a thread
stack at sp + 2 slots: 0x00000208ea90b800 is a thread
stack at sp + 3 slots: 0x00000208ea90b800 is a thread
stack at sp + 4 slots: 0x0000000800570b88 is pointing into metadata
stack at sp + 5 slots: 0x00000208ea90b800 is a thread
stack at sp + 6 slots: 0x0000000000000228 is an unknown value
stack at sp + 7 slots: 0x0000000000000228 is an unknown value


---------------  P R O C E S S  ---------------

Threads class SMR info:
_java_thread_list=0x00000208d58081f0, length=13, elements={
0x00000208ea90b800, 0x00000208cea0f800, 0x00000208cea11800, 0x00000208cea32800,
0x00000208cea33800, 0x00000208cea36800, 0x00000208cea37800, 0x00000208cea4c800,
0x00000208cea59000, 0x00000208cf562800, 0x00000208cf824800, 0x00000208e2ac7000,
0x00000208e2ac8800
}

Java Threads: ( => current thread )
=>0x00000208ea90b800 JavaThread "main" [_thread_in_vm, id=45116, stack(0x000000babf600000,0x000000babf700000)]
  0x00000208cea0f800 JavaThread "Reference Handler" daemon [_thread_blocked, id=38020, stack(0x000000babfd00000,0x000000babfe00000)]
  0x00000208cea11800 JavaThread "Finalizer" daemon [_thread_blocked, id=4496, stack(0x000000babfe00000,0x000000babff00000)]
  0x00000208cea32800 JavaThread "Signal Dispatcher" daemon [_thread_blocked, id=948, stack(0x000000babff00000,0x000000bac0000000)]
  0x00000208cea33800 JavaThread "Attach Listener" daemon [_thread_blocked, id=42308, stack(0x000000bac0000000,0x000000bac0100000)]
  0x00000208cea36800 JavaThread "Service Thread" daemon [_thread_blocked, id=15204, stack(0x000000bac0100000,0x000000bac0200000)]
  0x00000208cea37800 JavaThread "C2 CompilerThread0" daemon [_thread_blocked, id=9868, stack(0x000000bac0200000,0x000000bac0300000)]
  0x00000208cea4c800 JavaThread "C1 CompilerThread0" daemon [_thread_blocked, id=5604, stack(0x000000bac0300000,0x000000bac0400000)]
  0x00000208cea59000 JavaThread "Sweeper thread" daemon [_thread_blocked, id=11212, stack(0x000000bac0400000,0x000000bac0500000)]
  0x00000208cf562800 JavaThread "Common-Cleaner" daemon [_thread_blocked, id=3448, stack(0x000000bac0600000,0x000000bac0700000)]
  0x00000208cf824800 JavaThread "Monitor Ctrl-Break" daemon [_thread_in_native, id=44920, stack(0x000000bac0800000,0x000000bac0900000)]
  0x00000208e2ac7000 JavaThread "GT authority factory disposer" daemon [_thread_blocked, id=7520, stack(0x000000bac2b00000,0x000000bac2c00000)]
  0x00000208e2ac8800 JavaThread "WeakCollectionCleaner" daemon [_thread_blocked, id=26432, stack(0x000000bac2c00000,0x000000bac2d00000)]

Other Threads:
  0x00000208cea0e800 VMThread "VM Thread" [stack: 0x000000babfc00000,0x000000babfd00000] [id=41644]
  0x00000208cf825800 WatcherThread [stack: 0x000000bac0900000,0x000000bac0a00000] [id=7556]
  0x00000208ea929000 GCTaskThread "GC Thread#0" [stack: 0x000000babf700000,0x000000babf800000] [id=31972]
  0x00000208d0b88800 GCTaskThread "GC Thread#1" [stack: 0x000000bac1500000,0x000000bac1600000] [id=41480]
  0x00000208d0bec000 GCTaskThread "GC Thread#2" [stack: 0x000000bac1600000,0x000000bac1700000] [id=34976]
  0x00000208d088f000 GCTaskThread "GC Thread#3" [stack: 0x000000bac1700000,0x000000bac1800000] [id=33184]
  0x00000208d0d6a000 GCTaskThread "GC Thread#4" [stack: 0x000000bac1800000,0x000000bac1900000] [id=16000]
  0x00000208d04a0000 GCTaskThread "GC Thread#5" [stack: 0x000000bac1900000,0x000000bac1a00000] [id=6696]
  0x00000208d0fb6800 GCTaskThread "GC Thread#6" [stack: 0x000000bac1a00000,0x000000bac1b00000] [id=42664]
  0x00000208d0fb7800 GCTaskThread "GC Thread#7" [stack: 0x000000bac1b00000,0x000000bac1c00000] [id=38940]
  0x00000208d0a26800 GCTaskThread "GC Thread#8" [stack: 0x000000bac1c00000,0x000000bac1d00000] [id=12184]
  0x00000208d0a27800 GCTaskThread "GC Thread#9" [stack: 0x000000bac1d00000,0x000000bac1e00000] [id=4832]
  0x00000208d0be3000 GCTaskThread "GC Thread#10" [stack: 0x000000bac1e00000,0x000000bac1f00000] [id=31732]
  0x00000208d080c000 GCTaskThread "GC Thread#11" [stack: 0x000000bac1f00000,0x000000bac2000000] [id=37716]
  0x00000208d080d000 GCTaskThread "GC Thread#12" [stack: 0x000000bac2000000,0x000000bac2100000] [id=22996]
  0x00000208d0a76000 GCTaskThread "GC Thread#13" [stack: 0x000000bac2100000,0x000000bac2200000] [id=40588]
  0x00000208d09aa800 GCTaskThread "GC Thread#14" [stack: 0x000000bac2200000,0x000000bac2300000] [id=44704]
  0x00000208d09ab000 GCTaskThread "GC Thread#15" [stack: 0x000000bac2300000,0x000000bac2400000] [id=43872]
  0x00000208d0611000 GCTaskThread "GC Thread#16" [stack: 0x000000bac2400000,0x000000bac2500000] [id=21004]
  0x00000208d0610000 GCTaskThread "GC Thread#17" [stack: 0x000000bac2500000,0x000000bac2600000] [id=25908]
  0x00000208d0615800 GCTaskThread "GC Thread#18" [stack: 0x000000bac2600000,0x000000bac2700000] [id=29256]
  0x00000208d0614800 GCTaskThread "GC Thread#19" [stack: 0x000000bac2700000,0x000000bac2800000] [id=25752]
  0x00000208d0616800 GCTaskThread "GC Thread#20" [stack: 0x000000bac2800000,0x000000bac2900000] [id=45828]
  0x00000208d0617800 GCTaskThread "GC Thread#21" [stack: 0x000000bac2900000,0x000000bac2a00000] [id=39276]
  0x00000208d06b2800 GCTaskThread "GC Thread#22" [stack: 0x000000bac2a00000,0x000000bac2b00000] [id=37876]
  0x00000208ea994800 ConcurrentGCThread "G1 Main Marker" [stack: 0x000000babf800000,0x000000babf900000] [id=46000]
  0x00000208ea996800 ConcurrentGCThread "G1 Conc#0" [stack: 0x000000babf900000,0x000000babfa00000] [id=16912]
  0x00000208ea999800 ConcurrentGCThread "G1 Refine#0" [stack: 0x000000babfa00000,0x000000babfb00000] [id=45520]
  0x00000208d06b1000 ConcurrentGCThread "G1 Refine#1" [stack: 0x000000bac0f00000,0x000000bac1000000] [id=9344]
  0x00000208d06b1800 ConcurrentGCThread "G1 Refine#2" [stack: 0x000000bac1000000,0x000000bac1100000] [id=25380]
  0x00000208d06b7800 ConcurrentGCThread "G1 Refine#3" [stack: 0x000000bac1100000,0x000000bac1200000] [id=5252]
  0x00000208d06b9000 ConcurrentGCThread "G1 Refine#4" [stack: 0x000000bac1200000,0x000000bac1300000] [id=30464]
  0x00000208d06bb000 ConcurrentGCThread "G1 Refine#5" [stack: 0x000000bac1300000,0x000000bac1400000] [id=8144]
  0x00000208d06bd000 ConcurrentGCThread "G1 Refine#6" [stack: 0x000000bac1400000,0x000000bac1500000] [id=45948]
  0x00000208d06be800 ConcurrentGCThread "G1 Refine#7" [stack: 0x000000bac2d00000,0x000000bac2e00000] [id=2760]
  0x00000208d06bc000 ConcurrentGCThread "G1 Refine#8" [stack: 0x000000bac0a00000,0x000000bac0b00000] [id=37872]
  0x00000208cea44000 ConcurrentGCThread "G1 Refine#9" [stack: 0x000000bac0b00000,0x000000bac0c00000] [id=42240]
  0x00000208cea46000 ConcurrentGCThread "G1 Refine#10" [stack: 0x000000bac0c00000,0x000000bac0d00000] [id=18484]
  0x00000208cea43800 ConcurrentGCThread "G1 Refine#11" [stack: 0x000000bac0d00000,0x000000bac0e00000] [id=45028]
  0x00000208d5fa0000 ConcurrentGCThread "G1 Refine#12" [stack: 0x000000bac3400000,0x000000bac3500000] [id=46240]
  0x00000208d5f9e000 ConcurrentGCThread "G1 Refine#13" [stack: 0x000000bac2e00000,0x000000bac2f00000] [id=46328]
  0x00000208d5f9e800 ConcurrentGCThread "G1 Refine#14" [stack: 0x000000bac2f00000,0x000000bac3000000] [id=46500]
  0x00000208d5f9f000 ConcurrentGCThread "G1 Refine#15" [stack: 0x000000bac3000000,0x000000bac3100000] [id=46504]
  0x00000208ce921000 ConcurrentGCThread "G1 Young RemSet Sampling" [stack: 0x000000babfb00000,0x000000babfc00000] [id=39912]

Threads with active compile tasks:

VM state:not at safepoint (normal execution)

VM Mutex/Monitor currently owned by a thread: None

Heap address: 0x0000000082000000, size: 30688 MB, Compressed Oops mode: Zero based, Oop shift amount: 3
Narrow klass base: 0x0000000800000000, Narrow klass shift: 3
Compressed class space size: 1073741824 Address: 0x0000000840000000

Heap:
 garbage-first heap   total 5488640K, used 2617833K [0x0000000082000000, 0x0000000800000000)
  region size 4096K, 477 young (1953792K), 67 survivors (274432K)
 Metaspace       used 18124K, capacity 18690K, committed 18816K, reserved 1067008K
  class space    used 1835K, capacity 2064K, committed 2176K, reserved 1048576K
Heap Regions: E=young(eden), S=young(survivor), O=old, HS=humongous(starts), HC=humongous(continues), CS=collection set, F=free, A=archive, TAMS=top-at-mark-start (previous, next)
|   0|0x0000000082000000, 0x0000000082400000, 0x0000000082400000|100%| O|  |TAMS 0x0000000082000000, 0x0000000082000000| Untracked 
|   1|0x0000000082400000, 0x0000000082800000, 0x0000000082800000|100%| O|  |TAMS 0x0000000082400000, 0x0000000082400000| Untracked 
|   2|0x0000000082800000, 0x0000000082c00000, 0x0000000082c00000|100%| O|  |TAMS 0x0000000082800000, 0x0000000082800000| Untracked 
|   3|0x0000000082c00000, 0x0000000083000000, 0x0000000083000000|100%| O|  |TAMS 0x0000000082c00000, 0x0000000082c00000| Untracked 
|   4|0x0000000083000000, 0x0000000083400000, 0x0000000083400000|100%| O|  |TAMS 0x0000000083000000, 0x0000000083000000| Untracked 
|   5|0x0000000083400000, 0x0000000083800000, 0x0000000083800000|100%| O|  |TAMS 0x0000000083400000, 0x0000000083400000| Untracked 
|   6|0x0000000083800000, 0x0000000083c00000, 0x0000000083c00000|100%| O|  |TAMS 0x0000000083800000, 0x0000000083800000| Untracked 
|   7|0x0000000083c00000, 0x0000000084000000, 0x0000000084000000|100%| O|  |TAMS 0x0000000083c00000, 0x0000000083c00000| Untracked 
|   8|0x0000000084000000, 0x0000000084400000, 0x0000000084400000|100%| O|  |TAMS 0x0000000084000000, 0x0000000084000000| Untracked 
|   9|0x0000000084400000, 0x0000000084800000, 0x0000000084800000|100%| O|  |TAMS 0x0000000084400000, 0x0000000084400000| Untracked 
|  10|0x0000000084800000, 0x0000000084c00000, 0x0000000084c00000|100%| O|  |TAMS 0x0000000084800000, 0x0000000084800000| Untracked 
|  11|0x0000000084c00000, 0x0000000085000000, 0x0000000085000000|100%| O|  |TAMS 0x0000000084c00000, 0x0000000084c00000| Untracked 
|  12|0x0000000085000000, 0x0000000085400000, 0x0000000085400000|100%| O|  |TAMS 0x0000000085000000, 0x0000000085000000| Untracked 
|  13|0x0000000085400000, 0x0000000085800000, 0x0000000085800000|100%| O|  |TAMS 0x0000000085400000, 0x0000000085400000| Untracked 
|  14|0x0000000085800000, 0x0000000085c00000, 0x0000000085c00000|100%| O|  |TAMS 0x0000000085800000, 0x0000000085800000| Untracked 
|  15|0x0000000085c00000, 0x0000000086000000, 0x0000000086000000|100%| O|  |TAMS 0x0000000085c00000, 0x0000000085c00000| Untracked 
|  16|0x0000000086000000, 0x0000000086400000, 0x0000000086400000|100%| O|  |TAMS 0x0000000086000000, 0x0000000086000000| Untracked 
|  17|0x0000000086400000, 0x0000000086800000, 0x0000000086800000|100%| O|  |TAMS 0x0000000086400000, 0x0000000086400000| Untracked 
|  18|0x0000000086800000, 0x0000000086c00000, 0x0000000086c00000|100%| O|  |TAMS 0x0000000086800000, 0x0000000086800000| Untracked 
|  19|0x0000000086c00000, 0x0000000087000000, 0x0000000087000000|100%| O|  |TAMS 0x0000000086c00000, 0x0000000086c00000| Untracked 
|  20|0x0000000087000000, 0x0000000087400000, 0x0000000087400000|100%| O|  |TAMS 0x0000000087000000, 0x0000000087000000| Untracked 
|  21|0x0000000087400000, 0x0000000087800000, 0x0000000087800000|100%| O|  |TAMS 0x0000000087400000, 0x0000000087400000| Untracked 
|  22|0x0000000087800000, 0x0000000087c00000, 0x0000000087c00000|100%| O|  |TAMS 0x0000000087800000, 0x0000000087800000| Untracked 
|  23|0x0000000087c00000, 0x0000000088000000, 0x0000000088000000|100%| O|  |TAMS 0x0000000087c00000, 0x0000000087c00000| Untracked 
|  24|0x0000000088000000, 0x0000000088400000, 0x0000000088400000|100%| O|  |TAMS 0x0000000088000000, 0x0000000088000000| Untracked 
|  25|0x0000000088400000, 0x0000000088800000, 0x0000000088800000|100%| O|  |TAMS 0x0000000088400000, 0x0000000088400000| Untracked 
|  26|0x0000000088800000, 0x0000000088c00000, 0x0000000088c00000|100%| O|  |TAMS 0x0000000088800000, 0x0000000088800000| Untracked 
|  27|0x0000000088c00000, 0x0000000089000000, 0x0000000089000000|100%| O|  |TAMS 0x0000000088c00000, 0x0000000088c00000| Untracked 
|  28|0x0000000089000000, 0x0000000089400000, 0x0000000089400000|100%| O|  |TAMS 0x0000000089000000, 0x0000000089000000| Untracked 
|  29|0x0000000089400000, 0x0000000089800000, 0x0000000089800000|100%| O|  |TAMS 0x0000000089400000, 0x0000000089400000| Untracked 
|  30|0x0000000089800000, 0x0000000089c00000, 0x0000000089c00000|100%| O|  |TAMS 0x0000000089800000, 0x0000000089800000| Untracked 
|  31|0x0000000089c00000, 0x000000008a000000, 0x000000008a000000|100%| O|  |TAMS 0x0000000089c00000, 0x0000000089c00000| Untracked 
|  32|0x000000008a000000, 0x000000008a400000, 0x000000008a400000|100%| O|  |TAMS 0x000000008a000000, 0x000000008a000000| Untracked 
|  33|0x000000008a400000, 0x000000008a800000, 0x000000008a800000|100%| O|  |TAMS 0x000000008a400000, 0x000000008a400000| Untracked 
|  34|0x000000008a800000, 0x000000008ac00000, 0x000000008ac00000|100%| O|  |TAMS 0x000000008a800000, 0x000000008a800000| Untracked 
|  35|0x000000008ac00000, 0x000000008b000000, 0x000000008b000000|100%| O|  |TAMS 0x000000008ac00000, 0x000000008ac00000| Untracked 
|  36|0x000000008b000000, 0x000000008b400000, 0x000000008b400000|100%| O|  |TAMS 0x000000008b000000, 0x000000008b000000| Untracked 
|  37|0x000000008b400000, 0x000000008b800000, 0x000000008b800000|100%| O|  |TAMS 0x000000008b400000, 0x000000008b400000| Untracked 
|  38|0x000000008b800000, 0x000000008bc00000, 0x000000008bc00000|100%| O|  |TAMS 0x000000008b800000, 0x000000008b800000| Untracked 
|  39|0x000000008bc00000, 0x000000008c000000, 0x000000008c000000|100%| O|  |TAMS 0x000000008bc00000, 0x000000008bc00000| Untracked 
|  40|0x000000008c000000, 0x000000008c400000, 0x000000008c400000|100%| O|  |TAMS 0x000000008c000000, 0x000000008c000000| Untracked 
|  41|0x000000008c400000, 0x000000008c800000, 0x000000008c800000|100%| O|  |TAMS 0x000000008c400000, 0x000000008c400000| Untracked 
|  42|0x000000008c800000, 0x000000008cc00000, 0x000000008cc00000|100%| O|  |TAMS 0x000000008c800000, 0x000000008c800000| Untracked 
|  43|0x000000008cc00000, 0x000000008d000000, 0x000000008d000000|100%| O|  |TAMS 0x000000008cc00000, 0x000000008cc00000| Untracked 
|  44|0x000000008d000000, 0x000000008d400000, 0x000000008d400000|100%| O|  |TAMS 0x000000008d000000, 0x000000008d000000| Untracked 
|  45|0x000000008d400000, 0x000000008d800000, 0x000000008d800000|100%| O|  |TAMS 0x000000008d400000, 0x000000008d400000| Untracked 
|  46|0x000000008d800000, 0x000000008dc00000, 0x000000008dc00000|100%| O|  |TAMS 0x000000008d800000, 0x000000008d800000| Untracked 
|  47|0x000000008dc00000, 0x000000008e000000, 0x000000008e000000|100%| O|  |TAMS 0x000000008dc00000, 0x000000008dc00000| Untracked 
|  48|0x000000008e000000, 0x000000008e400000, 0x000000008e400000|100%| O|  |TAMS 0x000000008e000000, 0x000000008e000000| Untracked 
|  49|0x000000008e400000, 0x000000008e800000, 0x000000008e800000|100%| O|  |TAMS 0x000000008e400000, 0x000000008e400000| Untracked 
|  50|0x000000008e800000, 0x000000008ec00000, 0x000000008ec00000|100%| O|  |TAMS 0x000000008e800000, 0x000000008e800000| Untracked 
|  51|0x000000008ec00000, 0x000000008f000000, 0x000000008f000000|100%| O|  |TAMS 0x000000008ec00000, 0x000000008ec00000| Untracked 
|  52|0x000000008f000000, 0x000000008f400000, 0x000000008f400000|100%| O|  |TAMS 0x000000008f000000, 0x000000008f000000| Untracked 
|  53|0x000000008f400000, 0x000000008f800000, 0x000000008f800000|100%| O|  |TAMS 0x000000008f400000, 0x000000008f400000| Untracked 
|  54|0x000000008f800000, 0x000000008fc00000, 0x000000008fc00000|100%| O|  |TAMS 0x000000008f800000, 0x000000008f800000| Untracked 
|  55|0x000000008fc00000, 0x0000000090000000, 0x0000000090000000|100%| O|  |TAMS 0x000000008fc00000, 0x000000008fc00000| Untracked 
|  56|0x0000000090000000, 0x0000000090400000, 0x0000000090400000|100%| O|  |TAMS 0x0000000090000000, 0x0000000090000000| Untracked 
|  57|0x0000000090400000, 0x0000000090800000, 0x0000000090800000|100%| O|  |TAMS 0x0000000090400000, 0x0000000090400000| Untracked 
|  58|0x0000000090800000, 0x0000000090c00000, 0x0000000090c00000|100%| O|  |TAMS 0x0000000090800000, 0x0000000090800000| Untracked 
|  59|0x0000000090c00000, 0x0000000091000000, 0x0000000091000000|100%| O|  |TAMS 0x0000000090c00000, 0x0000000090c00000| Untracked 
|  60|0x0000000091000000, 0x0000000091400000, 0x0000000091400000|100%| O|  |TAMS 0x0000000091000000, 0x0000000091000000| Untracked 
|  61|0x0000000091400000, 0x0000000091800000, 0x0000000091800000|100%| O|  |TAMS 0x0000000091400000, 0x0000000091400000| Untracked 
|  62|0x0000000091800000, 0x0000000091c00000, 0x0000000091c00000|100%| O|  |TAMS 0x0000000091800000, 0x0000000091800000| Untracked 
|  63|0x0000000091c00000, 0x0000000092000000, 0x0000000092000000|100%| O|  |TAMS 0x0000000091c00000, 0x0000000091c00000| Untracked 
|  64|0x0000000092000000, 0x0000000092400000, 0x0000000092400000|100%| O|  |TAMS 0x0000000092000000, 0x0000000092000000| Untracked 
|  65|0x0000000092400000, 0x0000000092800000, 0x0000000092800000|100%| O|  |TAMS 0x0000000092400000, 0x0000000092400000| Untracked 
|  66|0x0000000092800000, 0x0000000092c00000, 0x0000000092c00000|100%| O|  |TAMS 0x0000000092800000, 0x0000000092800000| Untracked 
|  67|0x0000000092c00000, 0x0000000093000000, 0x0000000093000000|100%| O|  |TAMS 0x0000000092c00000, 0x0000000092c00000| Untracked 
|  68|0x0000000093000000, 0x0000000093400000, 0x0000000093400000|100%| O|  |TAMS 0x0000000093000000, 0x0000000093000000| Untracked 
|  69|0x0000000093400000, 0x0000000093800000, 0x0000000093800000|100%| O|  |TAMS 0x0000000093400000, 0x0000000093400000| Untracked 
|  70|0x0000000093800000, 0x0000000093c00000, 0x0000000093c00000|100%| O|  |TAMS 0x0000000093800000, 0x0000000093800000| Untracked 
|  71|0x0000000093c00000, 0x0000000094000000, 0x0000000094000000|100%| O|  |TAMS 0x0000000093c00000, 0x0000000093c00000| Untracked 
|  72|0x0000000094000000, 0x0000000094400000, 0x0000000094400000|100%| O|  |TAMS 0x0000000094000000, 0x0000000094000000| Untracked 
|  73|0x0000000094400000, 0x0000000094800000, 0x0000000094800000|100%| O|  |TAMS 0x0000000094400000, 0x0000000094400000| Untracked 
|  74|0x0000000094800000, 0x0000000094c00000, 0x0000000094c00000|100%| O|  |TAMS 0x0000000094800000, 0x0000000094800000| Untracked 
|  75|0x0000000094c00000, 0x0000000095000000, 0x0000000095000000|100%| O|  |TAMS 0x0000000094c00000, 0x0000000094c00000| Untracked 
|  76|0x0000000095000000, 0x0000000095400000, 0x0000000095400000|100%| O|  |TAMS 0x0000000095000000, 0x0000000095000000| Untracked 
|  77|0x0000000095400000, 0x0000000095800000, 0x0000000095800000|100%| O|  |TAMS 0x0000000095400000, 0x0000000095400000| Untracked 
|  78|0x0000000095800000, 0x0000000095c00000, 0x0000000095c00000|100%| O|  |TAMS 0x0000000095800000, 0x0000000095800000| Untracked 
|  79|0x0000000095c00000, 0x0000000096000000, 0x0000000096000000|100%| O|  |TAMS 0x0000000095c00000, 0x0000000095c00000| Untracked 
|  80|0x0000000096000000, 0x0000000096400000, 0x0000000096400000|100%| O|  |TAMS 0x0000000096000000, 0x0000000096000000| Untracked 
|  81|0x0000000096400000, 0x0000000096800000, 0x0000000096800000|100%| O|  |TAMS 0x0000000096400000, 0x0000000096400000| Untracked 
|  82|0x0000000096800000, 0x0000000096c00000, 0x0000000096c00000|100%| O|  |TAMS 0x0000000096800000, 0x0000000096800000| Untracked 
|  83|0x0000000096c00000, 0x0000000097000000, 0x0000000097000000|100%| O|  |TAMS 0x0000000096c00000, 0x0000000096c00000| Untracked 
|  84|0x0000000097000000, 0x0000000097400000, 0x0000000097400000|100%| O|  |TAMS 0x0000000097000000, 0x0000000097000000| Untracked 
|  85|0x0000000097400000, 0x0000000097800000, 0x0000000097800000|100%| O|  |TAMS 0x0000000097400000, 0x0000000097400000| Untracked 
|  86|0x0000000097800000, 0x0000000097c00000, 0x0000000097c00000|100%| O|  |TAMS 0x0000000097800000, 0x0000000097800000| Untracked 
|  87|0x0000000097c00000, 0x0000000098000000, 0x0000000098000000|100%| O|  |TAMS 0x0000000097c00000, 0x0000000097c00000| Untracked 
|  88|0x0000000098000000, 0x0000000098400000, 0x0000000098400000|100%| O|  |TAMS 0x0000000098000000, 0x0000000098000000| Untracked 
|  89|0x0000000098400000, 0x0000000098800000, 0x0000000098800000|100%| O|  |TAMS 0x0000000098400000, 0x0000000098400000| Untracked 
|  90|0x0000000098800000, 0x0000000098c00000, 0x0000000098c00000|100%| O|  |TAMS 0x0000000098800000, 0x0000000098800000| Untracked 
|  91|0x0000000098c00000, 0x0000000099000000, 0x0000000099000000|100%| O|  |TAMS 0x0000000098c00000, 0x0000000098c00000| Untracked 
|  92|0x0000000099000000, 0x0000000099400000, 0x0000000099400000|100%| O|  |TAMS 0x0000000099000000, 0x0000000099000000| Untracked 
|  93|0x0000000099400000, 0x0000000099800000, 0x0000000099800000|100%| O|  |TAMS 0x0000000099400000, 0x0000000099400000| Untracked 
|  94|0x0000000099800000, 0x0000000099c00000, 0x0000000099c00000|100%| O|  |TAMS 0x0000000099800000, 0x0000000099800000| Untracked 
|  95|0x0000000099c00000, 0x000000009a000000, 0x000000009a000000|100%| O|  |TAMS 0x0000000099c00000, 0x0000000099c00000| Untracked 
|  96|0x000000009a000000, 0x000000009a400000, 0x000000009a400000|100%| O|  |TAMS 0x000000009a000000, 0x000000009a000000| Untracked 
|  97|0x000000009a400000, 0x000000009a800000, 0x000000009a800000|100%| O|  |TAMS 0x000000009a400000, 0x000000009a400000| Untracked 
|  98|0x000000009a800000, 0x000000009ac00000, 0x000000009ac00000|100%| O|  |TAMS 0x000000009a800000, 0x000000009a800000| Untracked 
|  99|0x000000009ac00000, 0x000000009b000000, 0x000000009b000000|100%| O|  |TAMS 0x000000009ac00000, 0x000000009ac00000| Untracked 
| 100|0x000000009b000000, 0x000000009b400000, 0x000000009b400000|100%| O|  |TAMS 0x000000009b000000, 0x000000009b000000| Untracked 
| 101|0x000000009b400000, 0x000000009b800000, 0x000000009b800000|100%| O|  |TAMS 0x000000009b400000, 0x000000009b400000| Untracked 
| 102|0x000000009b800000, 0x000000009bc00000, 0x000000009bc00000|100%| O|  |TAMS 0x000000009b800000, 0x000000009b800000| Untracked 
| 103|0x000000009bc00000, 0x000000009c000000, 0x000000009c000000|100%| O|  |TAMS 0x000000009bc00000, 0x000000009bc00000| Untracked 
| 104|0x000000009c000000, 0x000000009c400000, 0x000000009c400000|100%| O|  |TAMS 0x000000009c000000, 0x000000009c000000| Untracked 
| 105|0x000000009c400000, 0x000000009c800000, 0x000000009c800000|100%| O|  |TAMS 0x000000009c400000, 0x000000009c400000| Untracked 
| 106|0x000000009c800000, 0x000000009cc00000, 0x000000009cc00000|100%| O|  |TAMS 0x000000009c800000, 0x000000009c800000| Untracked 
| 107|0x000000009cc00000, 0x000000009d000000, 0x000000009d000000|100%| O|  |TAMS 0x000000009cc00000, 0x000000009cc00000| Untracked 
| 108|0x000000009d000000, 0x000000009d400000, 0x000000009d400000|100%| O|  |TAMS 0x000000009d000000, 0x000000009d000000| Untracked 
| 109|0x000000009d400000, 0x000000009d800000, 0x000000009d800000|100%| O|  |TAMS 0x000000009d400000, 0x000000009d400000| Untracked 
| 110|0x000000009d800000, 0x000000009dc00000, 0x000000009dc00000|100%| O|  |TAMS 0x000000009d800000, 0x000000009d800000| Untracked 
| 111|0x000000009dc00000, 0x000000009e000000, 0x000000009e000000|100%| O|  |TAMS 0x000000009dc00000, 0x000000009dc00000| Untracked 
| 112|0x000000009e000000, 0x000000009e400000, 0x000000009e400000|100%| O|  |TAMS 0x000000009e000000, 0x000000009e000000| Untracked 
| 113|0x000000009e400000, 0x000000009e800000, 0x000000009e800000|100%| O|  |TAMS 0x000000009e400000, 0x000000009e400000| Untracked 
| 114|0x000000009e800000, 0x000000009ec00000, 0x000000009ec00000|100%| O|  |TAMS 0x000000009e800000, 0x000000009e800000| Untracked 
| 115|0x000000009ec00000, 0x000000009f000000, 0x000000009f000000|100%| O|  |TAMS 0x000000009ec00000, 0x000000009ec00000| Untracked 
| 116|0x000000009f000000, 0x000000009f400000, 0x000000009f400000|100%| O|  |TAMS 0x000000009f000000, 0x000000009f000000| Untracked 
| 117|0x000000009f400000, 0x000000009f800000, 0x000000009f800000|100%| O|  |TAMS 0x000000009f400000, 0x000000009f400000| Untracked 
| 118|0x000000009f800000, 0x000000009fc00000, 0x000000009fc00000|100%| O|  |TAMS 0x000000009f800000, 0x000000009f800000| Untracked 
| 119|0x000000009fc00000, 0x00000000a0000000, 0x00000000a0000000|100%| O|  |TAMS 0x000000009fc00000, 0x000000009fc00000| Untracked 
| 120|0x00000000a0000000, 0x00000000a0400000, 0x00000000a0400000|100%| O|  |TAMS 0x00000000a0000000, 0x00000000a0000000| Untracked 
| 121|0x00000000a0400000, 0x00000000a0800000, 0x00000000a0800000|100%| O|  |TAMS 0x00000000a0400000, 0x00000000a0400000| Untracked 
| 122|0x00000000a0800000, 0x00000000a0c00000, 0x00000000a0c00000|100%| O|  |TAMS 0x00000000a0800000, 0x00000000a0800000| Untracked 
| 123|0x00000000a0c00000, 0x00000000a1000000, 0x00000000a1000000|100%| O|  |TAMS 0x00000000a0c00000, 0x00000000a0c00000| Untracked 
| 124|0x00000000a1000000, 0x00000000a1400000, 0x00000000a1400000|100%| O|  |TAMS 0x00000000a1000000, 0x00000000a1000000| Untracked 
| 125|0x00000000a1400000, 0x00000000a1800000, 0x00000000a1800000|100%| O|  |TAMS 0x00000000a1400000, 0x00000000a1400000| Untracked 
| 126|0x00000000a1800000, 0x00000000a1c00000, 0x00000000a1c00000|100%| O|  |TAMS 0x00000000a1800000, 0x00000000a1800000| Untracked 
| 127|0x00000000a1c00000, 0x00000000a2000000, 0x00000000a2000000|100%| O|  |TAMS 0x00000000a1c00000, 0x00000000a1c00000| Untracked 
| 128|0x00000000a2000000, 0x00000000a2400000, 0x00000000a2400000|100%| O|  |TAMS 0x00000000a2000000, 0x00000000a2000000| Untracked 
| 129|0x00000000a2400000, 0x00000000a2800000, 0x00000000a2800000|100%| O|  |TAMS 0x00000000a2400000, 0x00000000a2400000| Untracked 
| 130|0x00000000a2800000, 0x00000000a2c00000, 0x00000000a2c00000|100%| O|  |TAMS 0x00000000a2800000, 0x00000000a2800000| Untracked 
| 131|0x00000000a2c00000, 0x00000000a3000000, 0x00000000a3000000|100%| O|  |TAMS 0x00000000a2c00000, 0x00000000a2c00000| Untracked 
| 132|0x00000000a3000000, 0x00000000a3400000, 0x00000000a3400000|100%| O|  |TAMS 0x00000000a3000000, 0x00000000a3000000| Untracked 
| 133|0x00000000a3400000, 0x00000000a3800000, 0x00000000a3800000|100%| O|  |TAMS 0x00000000a3400000, 0x00000000a3400000| Untracked 
| 134|0x00000000a3800000, 0x00000000a3c00000, 0x00000000a3c00000|100%| O|  |TAMS 0x00000000a3800000, 0x00000000a3800000| Untracked 
| 135|0x00000000a3c00000, 0x00000000a4000000, 0x00000000a4000000|100%| O|  |TAMS 0x00000000a3c00000, 0x00000000a3c00000| Untracked 
| 136|0x00000000a4000000, 0x00000000a4400000, 0x00000000a4400000|100%| O|  |TAMS 0x00000000a4000000, 0x00000000a4000000| Untracked 
| 137|0x00000000a4400000, 0x00000000a4800000, 0x00000000a4800000|100%| O|  |TAMS 0x00000000a4400000, 0x00000000a4400000| Untracked 
| 138|0x00000000a4800000, 0x00000000a4c00000, 0x00000000a4c00000|100%| O|  |TAMS 0x00000000a4800000, 0x00000000a4800000| Untracked 
| 139|0x00000000a4c00000, 0x00000000a5000000, 0x00000000a5000000|100%| O|  |TAMS 0x00000000a4c00000, 0x00000000a4c00000| Untracked 
| 140|0x00000000a5000000, 0x00000000a5400000, 0x00000000a5400000|100%| O|  |TAMS 0x00000000a5000000, 0x00000000a5000000| Untracked 
| 141|0x00000000a5400000, 0x00000000a5800000, 0x00000000a5800000|100%| O|  |TAMS 0x00000000a5400000, 0x00000000a5400000| Untracked 
| 142|0x00000000a5800000, 0x00000000a5c00000, 0x00000000a5c00000|100%| O|  |TAMS 0x00000000a5800000, 0x00000000a5800000| Untracked 
| 143|0x00000000a5c00000, 0x00000000a6000000, 0x00000000a6000000|100%| O|  |TAMS 0x00000000a5c00000, 0x00000000a5c00000| Untracked 
| 144|0x00000000a6000000, 0x00000000a6400000, 0x00000000a6400000|100%| O|  |TAMS 0x00000000a6000000, 0x00000000a6000000| Untracked 
| 145|0x00000000a6400000, 0x00000000a6800000, 0x00000000a6800000|100%| O|  |TAMS 0x00000000a6400000, 0x00000000a6400000| Untracked 
| 146|0x00000000a6800000, 0x00000000a6c00000, 0x00000000a6c00000|100%| O|  |TAMS 0x00000000a6800000, 0x00000000a6800000| Untracked 
| 147|0x00000000a6c00000, 0x00000000a7000000, 0x00000000a7000000|100%| O|  |TAMS 0x00000000a6c00000, 0x00000000a6c00000| Untracked 
| 148|0x00000000a7000000, 0x00000000a7400000, 0x00000000a7400000|100%| O|  |TAMS 0x00000000a7000000, 0x00000000a7000000| Untracked 
| 149|0x00000000a7400000, 0x00000000a7800000, 0x00000000a7800000|100%| O|  |TAMS 0x00000000a7400000, 0x00000000a7400000| Untracked 
| 150|0x00000000a7800000, 0x00000000a7c00000, 0x00000000a7c00000|100%| O|  |TAMS 0x00000000a7800000, 0x00000000a7800000| Untracked 
| 151|0x00000000a7c00000, 0x00000000a8000000, 0x00000000a8000000|100%| O|  |TAMS 0x00000000a7c00000, 0x00000000a7c00000| Untracked 
| 152|0x00000000a8000000, 0x00000000a8400000, 0x00000000a8400000|100%| O|  |TAMS 0x00000000a8000000, 0x00000000a8000000| Untracked 
| 153|0x00000000a8400000, 0x00000000a8800000, 0x00000000a8800000|100%| O|  |TAMS 0x00000000a8400000, 0x00000000a8400000| Untracked 
| 154|0x00000000a8800000, 0x00000000a8c00000, 0x00000000a8c00000|100%| O|  |TAMS 0x00000000a8800000, 0x00000000a8800000| Untracked 
| 155|0x00000000a8c00000, 0x00000000a9000000, 0x00000000a9000000|100%| O|  |TAMS 0x00000000a8c00000, 0x00000000a8c00000| Untracked 
| 156|0x00000000a9000000, 0x00000000a9400000, 0x00000000a9400000|100%| O|  |TAMS 0x00000000a9000000, 0x00000000a9000000| Untracked 
| 157|0x00000000a9400000, 0x00000000a9800000, 0x00000000a9800000|100%| O|  |TAMS 0x00000000a9400000, 0x00000000a9400000| Untracked 
| 158|0x00000000a9800000, 0x00000000a9c00000, 0x00000000a9c00000|100%| O|  |TAMS 0x00000000a9800000, 0x00000000a9800000| Untracked 
| 159|0x00000000a9c00000, 0x00000000aa000000, 0x00000000aa000000|100%| O|  |TAMS 0x00000000a9c00000, 0x00000000a9c00000| Untracked 
| 160|0x00000000aa000000, 0x00000000aa400000, 0x00000000aa400000|100%| O|  |TAMS 0x00000000aa000000, 0x00000000aa000000| Untracked 
| 161|0x00000000aa400000, 0x00000000aa800000, 0x00000000aa800000|100%| O|  |TAMS 0x00000000aa400000, 0x00000000aa400000| Untracked 
| 162|0x00000000aa800000, 0x00000000aac00000, 0x00000000aac00000|100%| O|  |TAMS 0x00000000aa800000, 0x00000000aa800000| Untracked 
| 163|0x00000000aac00000, 0x00000000aac9a400, 0x00000000ab000000| 15%| O|  |TAMS 0x00000000aac00000, 0x00000000aac00000| Untracked 
| 164|0x00000000ab000000, 0x00000000ab000000, 0x00000000ab400000|  0%| F|  |TAMS 0x00000000ab000000, 0x00000000ab000000| Untracked 
| 165|0x00000000ab400000, 0x00000000ab400000, 0x00000000ab800000|  0%| F|  |TAMS 0x00000000ab400000, 0x00000000ab400000| Untracked 
| 166|0x00000000ab800000, 0x00000000ab800000, 0x00000000abc00000|  0%| F|  |TAMS 0x00000000ab800000, 0x00000000ab800000| Untracked 
| 167|0x00000000abc00000, 0x00000000abc00000, 0x00000000ac000000|  0%| F|  |TAMS 0x00000000abc00000, 0x00000000abc00000| Untracked 
| 168|0x00000000ac000000, 0x00000000ac000000, 0x00000000ac400000|  0%| F|  |TAMS 0x00000000ac000000, 0x00000000ac000000| Untracked 
| 169|0x00000000ac400000, 0x00000000ac400000, 0x00000000ac800000|  0%| F|  |TAMS 0x00000000ac400000, 0x00000000ac400000| Untracked 
| 170|0x00000000ac800000, 0x00000000ac800000, 0x00000000acc00000|  0%| F|  |TAMS 0x00000000ac800000, 0x00000000ac800000| Untracked 
| 171|0x00000000acc00000, 0x00000000acc00000, 0x00000000ad000000|  0%| F|  |TAMS 0x00000000acc00000, 0x00000000acc00000| Untracked 
| 172|0x00000000ad000000, 0x00000000ad000000, 0x00000000ad400000|  0%| F|  |TAMS 0x00000000ad000000, 0x00000000ad000000| Untracked 
| 173|0x00000000ad400000, 0x00000000ad400000, 0x00000000ad800000|  0%| F|  |TAMS 0x00000000ad400000, 0x00000000ad400000| Untracked 
| 174|0x00000000ad800000, 0x00000000ad800000, 0x00000000adc00000|  0%| F|  |TAMS 0x00000000ad800000, 0x00000000ad800000| Untracked 
| 175|0x00000000adc00000, 0x00000000adc00000, 0x00000000ae000000|  0%| F|  |TAMS 0x00000000adc00000, 0x00000000adc00000| Untracked 
| 176|0x00000000ae000000, 0x00000000ae000000, 0x00000000ae400000|  0%| F|  |TAMS 0x00000000ae000000, 0x00000000ae000000| Untracked 
| 177|0x00000000ae400000, 0x00000000ae400000, 0x00000000ae800000|  0%| F|  |TAMS 0x00000000ae400000, 0x00000000ae400000| Untracked 
| 178|0x00000000ae800000, 0x00000000ae800000, 0x00000000aec00000|  0%| F|  |TAMS 0x00000000ae800000, 0x00000000ae800000| Untracked 
| 179|0x00000000aec00000, 0x00000000aec00000, 0x00000000af000000|  0%| F|  |TAMS 0x00000000aec00000, 0x00000000aec00000| Untracked 
| 180|0x00000000af000000, 0x00000000af000000, 0x00000000af400000|  0%| F|  |TAMS 0x00000000af000000, 0x00000000af000000| Untracked 
| 181|0x00000000af400000, 0x00000000af400000, 0x00000000af800000|  0%| F|  |TAMS 0x00000000af400000, 0x00000000af400000| Untracked 
| 182|0x00000000af800000, 0x00000000af800000, 0x00000000afc00000|  0%| F|  |TAMS 0x00000000af800000, 0x00000000af800000| Untracked 
| 183|0x00000000afc00000, 0x00000000afc00000, 0x00000000b0000000|  0%| F|  |TAMS 0x00000000afc00000, 0x00000000afc00000| Untracked 
| 184|0x00000000b0000000, 0x00000000b0000000, 0x00000000b0400000|  0%| F|  |TAMS 0x00000000b0000000, 0x00000000b0000000| Untracked 
| 185|0x00000000b0400000, 0x00000000b0400000, 0x00000000b0800000|  0%| F|  |TAMS 0x00000000b0400000, 0x00000000b0400000| Untracked 
| 186|0x00000000b0800000, 0x00000000b0800000, 0x00000000b0c00000|  0%| F|  |TAMS 0x00000000b0800000, 0x00000000b0800000| Untracked 
| 187|0x00000000b0c00000, 0x00000000b0c00000, 0x00000000b1000000|  0%| F|  |TAMS 0x00000000b0c00000, 0x00000000b0c00000| Untracked 
| 188|0x00000000b1000000, 0x00000000b1000000, 0x00000000b1400000|  0%| F|  |TAMS 0x00000000b1000000, 0x00000000b1000000| Untracked 
| 189|0x00000000b1400000, 0x00000000b1400000, 0x00000000b1800000|  0%| F|  |TAMS 0x00000000b1400000, 0x00000000b1400000| Untracked 
| 190|0x00000000b1800000, 0x00000000b1800000, 0x00000000b1c00000|  0%| F|  |TAMS 0x00000000b1800000, 0x00000000b1800000| Untracked 
| 191|0x00000000b1c00000, 0x00000000b1c00000, 0x00000000b2000000|  0%| F|  |TAMS 0x00000000b1c00000, 0x00000000b1c00000| Untracked 
| 192|0x00000000b2000000, 0x00000000b2000000, 0x00000000b2400000|  0%| F|  |TAMS 0x00000000b2000000, 0x00000000b2000000| Untracked 
| 193|0x00000000b2400000, 0x00000000b2400000, 0x00000000b2800000|  0%| F|  |TAMS 0x00000000b2400000, 0x00000000b2400000| Untracked 
| 194|0x00000000b2800000, 0x00000000b2800000, 0x00000000b2c00000|  0%| F|  |TAMS 0x00000000b2800000, 0x00000000b2800000| Untracked 
| 195|0x00000000b2c00000, 0x00000000b2c00000, 0x00000000b3000000|  0%| F|  |TAMS 0x00000000b2c00000, 0x00000000b2c00000| Untracked 
| 196|0x00000000b3000000, 0x00000000b3000000, 0x00000000b3400000|  0%| F|  |TAMS 0x00000000b3000000, 0x00000000b3000000| Untracked 
| 197|0x00000000b3400000, 0x00000000b3400000, 0x00000000b3800000|  0%| F|  |TAMS 0x00000000b3400000, 0x00000000b3400000| Untracked 
| 198|0x00000000b3800000, 0x00000000b3800000, 0x00000000b3c00000|  0%| F|  |TAMS 0x00000000b3800000, 0x00000000b3800000| Untracked 
| 199|0x00000000b3c00000, 0x00000000b3c00000, 0x00000000b4000000|  0%| F|  |TAMS 0x00000000b3c00000, 0x00000000b3c00000| Untracked 
| 200|0x00000000b4000000, 0x00000000b4000000, 0x00000000b4400000|  0%| F|  |TAMS 0x00000000b4000000, 0x00000000b4000000| Untracked 
| 201|0x00000000b4400000, 0x00000000b4400000, 0x00000000b4800000|  0%| F|  |TAMS 0x00000000b4400000, 0x00000000b4400000| Untracked 
| 202|0x00000000b4800000, 0x00000000b4800000, 0x00000000b4c00000|  0%| F|  |TAMS 0x00000000b4800000, 0x00000000b4800000| Untracked 
| 203|0x00000000b4c00000, 0x00000000b4c00000, 0x00000000b5000000|  0%| F|  |TAMS 0x00000000b4c00000, 0x00000000b4c00000| Untracked 
| 204|0x00000000b5000000, 0x00000000b5000000, 0x00000000b5400000|  0%| F|  |TAMS 0x00000000b5000000, 0x00000000b5000000| Untracked 
| 205|0x00000000b5400000, 0x00000000b5400000, 0x00000000b5800000|  0%| F|  |TAMS 0x00000000b5400000, 0x00000000b5400000| Untracked 
| 206|0x00000000b5800000, 0x00000000b5800000, 0x00000000b5c00000|  0%| F|  |TAMS 0x00000000b5800000, 0x00000000b5800000| Untracked 
| 207|0x00000000b5c00000, 0x00000000b5c00000, 0x00000000b6000000|  0%| F|  |TAMS 0x00000000b5c00000, 0x00000000b5c00000| Untracked 
| 208|0x00000000b6000000, 0x00000000b6000000, 0x00000000b6400000|  0%| F|  |TAMS 0x00000000b6000000, 0x00000000b6000000| Untracked 
| 209|0x00000000b6400000, 0x00000000b6400000, 0x00000000b6800000|  0%| F|  |TAMS 0x00000000b6400000, 0x00000000b6400000| Untracked 
| 210|0x00000000b6800000, 0x00000000b6800000, 0x00000000b6c00000|  0%| F|  |TAMS 0x00000000b6800000, 0x00000000b6800000| Untracked 
| 211|0x00000000b6c00000, 0x00000000b6c00000, 0x00000000b7000000|  0%| F|  |TAMS 0x00000000b6c00000, 0x00000000b6c00000| Untracked 
| 212|0x00000000b7000000, 0x00000000b7000000, 0x00000000b7400000|  0%| F|  |TAMS 0x00000000b7000000, 0x00000000b7000000| Untracked 
| 213|0x00000000b7400000, 0x00000000b7400000, 0x00000000b7800000|  0%| F|  |TAMS 0x00000000b7400000, 0x00000000b7400000| Untracked 
| 214|0x00000000b7800000, 0x00000000b7800000, 0x00000000b7c00000|  0%| F|  |TAMS 0x00000000b7800000, 0x00000000b7800000| Untracked 
| 215|0x00000000b7c00000, 0x00000000b7c00000, 0x00000000b8000000|  0%| F|  |TAMS 0x00000000b7c00000, 0x00000000b7c00000| Untracked 
| 216|0x00000000b8000000, 0x00000000b8000000, 0x00000000b8400000|  0%| F|  |TAMS 0x00000000b8000000, 0x00000000b8000000| Untracked 
| 217|0x00000000b8400000, 0x00000000b8400000, 0x00000000b8800000|  0%| F|  |TAMS 0x00000000b8400000, 0x00000000b8400000| Untracked 
| 218|0x00000000b8800000, 0x00000000b8800000, 0x00000000b8c00000|  0%| F|  |TAMS 0x00000000b8800000, 0x00000000b8800000| Untracked 
| 219|0x00000000b8c00000, 0x00000000b8c00000, 0x00000000b9000000|  0%| F|  |TAMS 0x00000000b8c00000, 0x00000000b8c00000| Untracked 
| 220|0x00000000b9000000, 0x00000000b9000000, 0x00000000b9400000|  0%| F|  |TAMS 0x00000000b9000000, 0x00000000b9000000| Untracked 
| 221|0x00000000b9400000, 0x00000000b9400000, 0x00000000b9800000|  0%| F|  |TAMS 0x00000000b9400000, 0x00000000b9400000| Untracked 
| 222|0x00000000b9800000, 0x00000000b9800000, 0x00000000b9c00000|  0%| F|  |TAMS 0x00000000b9800000, 0x00000000b9800000| Untracked 
| 223|0x00000000b9c00000, 0x00000000b9c00000, 0x00000000ba000000|  0%| F|  |TAMS 0x00000000b9c00000, 0x00000000b9c00000| Untracked 
| 224|0x00000000ba000000, 0x00000000ba000000, 0x00000000ba400000|  0%| F|  |TAMS 0x00000000ba000000, 0x00000000ba000000| Untracked 
| 225|0x00000000ba400000, 0x00000000ba400000, 0x00000000ba800000|  0%| F|  |TAMS 0x00000000ba400000, 0x00000000ba400000| Untracked 
| 226|0x00000000ba800000, 0x00000000ba800000, 0x00000000bac00000|  0%| F|  |TAMS 0x00000000ba800000, 0x00000000ba800000| Untracked 
| 227|0x00000000bac00000, 0x00000000bac00000, 0x00000000bb000000|  0%| F|  |TAMS 0x00000000bac00000, 0x00000000bac00000| Untracked 
| 228|0x00000000bb000000, 0x00000000bb000000, 0x00000000bb400000|  0%| F|  |TAMS 0x00000000bb000000, 0x00000000bb000000| Untracked 
| 229|0x00000000bb400000, 0x00000000bb400000, 0x00000000bb800000|  0%| F|  |TAMS 0x00000000bb400000, 0x00000000bb400000| Untracked 
| 230|0x00000000bb800000, 0x00000000bb800000, 0x00000000bbc00000|  0%| F|  |TAMS 0x00000000bb800000, 0x00000000bb800000| Untracked 
| 231|0x00000000bbc00000, 0x00000000bbc00000, 0x00000000bc000000|  0%| F|  |TAMS 0x00000000bbc00000, 0x00000000bbc00000| Untracked 
| 232|0x00000000bc000000, 0x00000000bc000000, 0x00000000bc400000|  0%| F|  |TAMS 0x00000000bc000000, 0x00000000bc000000| Untracked 
| 233|0x00000000bc400000, 0x00000000bc400000, 0x00000000bc800000|  0%| F|  |TAMS 0x00000000bc400000, 0x00000000bc400000| Untracked 
| 234|0x00000000bc800000, 0x00000000bc800000, 0x00000000bcc00000|  0%| F|  |TAMS 0x00000000bc800000, 0x00000000bc800000| Untracked 
| 235|0x00000000bcc00000, 0x00000000bcc00000, 0x00000000bd000000|  0%| F|  |TAMS 0x00000000bcc00000, 0x00000000bcc00000| Untracked 
| 236|0x00000000bd000000, 0x00000000bd000000, 0x00000000bd400000|  0%| F|  |TAMS 0x00000000bd000000, 0x00000000bd000000| Untracked 
| 237|0x00000000bd400000, 0x00000000bd400000, 0x00000000bd800000|  0%| F|  |TAMS 0x00000000bd400000, 0x00000000bd400000| Untracked 
| 238|0x00000000bd800000, 0x00000000bd800000, 0x00000000bdc00000|  0%| F|  |TAMS 0x00000000bd800000, 0x00000000bd800000| Untracked 
| 239|0x00000000bdc00000, 0x00000000bdc00000, 0x00000000be000000|  0%| F|  |TAMS 0x00000000bdc00000, 0x00000000bdc00000| Untracked 
| 240|0x00000000be000000, 0x00000000be000000, 0x00000000be400000|  0%| F|  |TAMS 0x00000000be000000, 0x00000000be000000| Untracked 
| 241|0x00000000be400000, 0x00000000be400000, 0x00000000be800000|  0%| F|  |TAMS 0x00000000be400000, 0x00000000be400000| Untracked 
| 242|0x00000000be800000, 0x00000000be800000, 0x00000000bec00000|  0%| F|  |TAMS 0x00000000be800000, 0x00000000be800000| Untracked 
| 243|0x00000000bec00000, 0x00000000bec00000, 0x00000000bf000000|  0%| F|  |TAMS 0x00000000bec00000, 0x00000000bec00000| Untracked 
| 244|0x00000000bf000000, 0x00000000bf000000, 0x00000000bf400000|  0%| F|  |TAMS 0x00000000bf000000, 0x00000000bf000000| Untracked 
| 245|0x00000000bf400000, 0x00000000bf400000, 0x00000000bf800000|  0%| F|  |TAMS 0x00000000bf400000, 0x00000000bf400000| Untracked 
| 246|0x00000000bf800000, 0x00000000bf800000, 0x00000000bfc00000|  0%| F|  |TAMS 0x00000000bf800000, 0x00000000bf800000| Untracked 
| 247|0x00000000bfc00000, 0x00000000bfc00000, 0x00000000c0000000|  0%| F|  |TAMS 0x00000000bfc00000, 0x00000000bfc00000| Untracked 
| 248|0x00000000c0000000, 0x00000000c0000000, 0x00000000c0400000|  0%| F|  |TAMS 0x00000000c0000000, 0x00000000c0000000| Untracked 
| 249|0x00000000c0400000, 0x00000000c0400000, 0x00000000c0800000|  0%| F|  |TAMS 0x00000000c0400000, 0x00000000c0400000| Untracked 
| 250|0x00000000c0800000, 0x00000000c0800000, 0x00000000c0c00000|  0%| F|  |TAMS 0x00000000c0800000, 0x00000000c0800000| Untracked 
| 251|0x00000000c0c00000, 0x00000000c0c00000, 0x00000000c1000000|  0%| F|  |TAMS 0x00000000c0c00000, 0x00000000c0c00000| Untracked 
| 252|0x00000000c1000000, 0x00000000c1000000, 0x00000000c1400000|  0%| F|  |TAMS 0x00000000c1000000, 0x00000000c1000000| Untracked 
| 253|0x00000000c1400000, 0x00000000c1400000, 0x00000000c1800000|  0%| F|  |TAMS 0x00000000c1400000, 0x00000000c1400000| Untracked 
| 254|0x00000000c1800000, 0x00000000c1800000, 0x00000000c1c00000|  0%| F|  |TAMS 0x00000000c1800000, 0x00000000c1800000| Untracked 
| 255|0x00000000c1c00000, 0x00000000c1c00000, 0x00000000c2000000|  0%| F|  |TAMS 0x00000000c1c00000, 0x00000000c1c00000| Untracked 
| 256|0x00000000c2000000, 0x00000000c2000000, 0x00000000c2400000|  0%| F|  |TAMS 0x00000000c2000000, 0x00000000c2000000| Untracked 
| 257|0x00000000c2400000, 0x00000000c2400000, 0x00000000c2800000|  0%| F|  |TAMS 0x00000000c2400000, 0x00000000c2400000| Untracked 
| 258|0x00000000c2800000, 0x00000000c2800000, 0x00000000c2c00000|  0%| F|  |TAMS 0x00000000c2800000, 0x00000000c2800000| Untracked 
| 259|0x00000000c2c00000, 0x00000000c2c00000, 0x00000000c3000000|  0%| F|  |TAMS 0x00000000c2c00000, 0x00000000c2c00000| Untracked 
| 260|0x00000000c3000000, 0x00000000c3000000, 0x00000000c3400000|  0%| F|  |TAMS 0x00000000c3000000, 0x00000000c3000000| Untracked 
| 261|0x00000000c3400000, 0x00000000c3400000, 0x00000000c3800000|  0%| F|  |TAMS 0x00000000c3400000, 0x00000000c3400000| Untracked 
| 262|0x00000000c3800000, 0x00000000c3800000, 0x00000000c3c00000|  0%| F|  |TAMS 0x00000000c3800000, 0x00000000c3800000| Untracked 
| 263|0x00000000c3c00000, 0x00000000c3c00000, 0x00000000c4000000|  0%| F|  |TAMS 0x00000000c3c00000, 0x00000000c3c00000| Untracked 
| 264|0x00000000c4000000, 0x00000000c4000000, 0x00000000c4400000|  0%| F|  |TAMS 0x00000000c4000000, 0x00000000c4000000| Untracked 
| 265|0x00000000c4400000, 0x00000000c4400000, 0x00000000c4800000|  0%| F|  |TAMS 0x00000000c4400000, 0x00000000c4400000| Untracked 
| 266|0x00000000c4800000, 0x00000000c4800000, 0x00000000c4c00000|  0%| F|  |TAMS 0x00000000c4800000, 0x00000000c4800000| Untracked 
| 267|0x00000000c4c00000, 0x00000000c4c00000, 0x00000000c5000000|  0%| F|  |TAMS 0x00000000c4c00000, 0x00000000c4c00000| Untracked 
| 268|0x00000000c5000000, 0x00000000c5000000, 0x00000000c5400000|  0%| F|  |TAMS 0x00000000c5000000, 0x00000000c5000000| Untracked 
| 269|0x00000000c5400000, 0x00000000c5400000, 0x00000000c5800000|  0%| F|  |TAMS 0x00000000c5400000, 0x00000000c5400000| Untracked 
| 270|0x00000000c5800000, 0x00000000c5800000, 0x00000000c5c00000|  0%| F|  |TAMS 0x00000000c5800000, 0x00000000c5800000| Untracked 
| 271|0x00000000c5c00000, 0x00000000c5c00000, 0x00000000c6000000|  0%| F|  |TAMS 0x00000000c5c00000, 0x00000000c5c00000| Untracked 
| 272|0x00000000c6000000, 0x00000000c6000000, 0x00000000c6400000|  0%| F|  |TAMS 0x00000000c6000000, 0x00000000c6000000| Untracked 
| 273|0x00000000c6400000, 0x00000000c6400000, 0x00000000c6800000|  0%| F|  |TAMS 0x00000000c6400000, 0x00000000c6400000| Untracked 
| 274|0x00000000c6800000, 0x00000000c6800000, 0x00000000c6c00000|  0%| F|  |TAMS 0x00000000c6800000, 0x00000000c6800000| Untracked 
| 275|0x00000000c6c00000, 0x00000000c6c00000, 0x00000000c7000000|  0%| F|  |TAMS 0x00000000c6c00000, 0x00000000c6c00000| Untracked 
| 276|0x00000000c7000000, 0x00000000c7000000, 0x00000000c7400000|  0%| F|  |TAMS 0x00000000c7000000, 0x00000000c7000000| Untracked 
| 277|0x00000000c7400000, 0x00000000c7400000, 0x00000000c7800000|  0%| F|  |TAMS 0x00000000c7400000, 0x00000000c7400000| Untracked 
| 278|0x00000000c7800000, 0x00000000c7800000, 0x00000000c7c00000|  0%| F|  |TAMS 0x00000000c7800000, 0x00000000c7800000| Untracked 
| 279|0x00000000c7c00000, 0x00000000c7c00000, 0x00000000c8000000|  0%| F|  |TAMS 0x00000000c7c00000, 0x00000000c7c00000| Untracked 
| 280|0x00000000c8000000, 0x00000000c8000000, 0x00000000c8400000|  0%| F|  |TAMS 0x00000000c8000000, 0x00000000c8000000| Untracked 
| 281|0x00000000c8400000, 0x00000000c8400000, 0x00000000c8800000|  0%| F|  |TAMS 0x00000000c8400000, 0x00000000c8400000| Untracked 
| 282|0x00000000c8800000, 0x00000000c8800000, 0x00000000c8c00000|  0%| F|  |TAMS 0x00000000c8800000, 0x00000000c8800000| Untracked 
| 283|0x00000000c8c00000, 0x00000000c8c00000, 0x00000000c9000000|  0%| F|  |TAMS 0x00000000c8c00000, 0x00000000c8c00000| Untracked 
| 284|0x00000000c9000000, 0x00000000c9000000, 0x00000000c9400000|  0%| F|  |TAMS 0x00000000c9000000, 0x00000000c9000000| Untracked 
| 285|0x00000000c9400000, 0x00000000c9400000, 0x00000000c9800000|  0%| F|  |TAMS 0x00000000c9400000, 0x00000000c9400000| Untracked 
| 286|0x00000000c9800000, 0x00000000c9800000, 0x00000000c9c00000|  0%| F|  |TAMS 0x00000000c9800000, 0x00000000c9800000| Untracked 
| 287|0x00000000c9c00000, 0x00000000c9c00000, 0x00000000ca000000|  0%| F|  |TAMS 0x00000000c9c00000, 0x00000000c9c00000| Untracked 
| 288|0x00000000ca000000, 0x00000000ca000000, 0x00000000ca400000|  0%| F|  |TAMS 0x00000000ca000000, 0x00000000ca000000| Untracked 
| 289|0x00000000ca400000, 0x00000000ca400000, 0x00000000ca800000|  0%| F|  |TAMS 0x00000000ca400000, 0x00000000ca400000| Untracked 
| 290|0x00000000ca800000, 0x00000000ca800000, 0x00000000cac00000|  0%| F|  |TAMS 0x00000000ca800000, 0x00000000ca800000| Untracked 
| 291|0x00000000cac00000, 0x00000000cac00000, 0x00000000cb000000|  0%| F|  |TAMS 0x00000000cac00000, 0x00000000cac00000| Untracked 
| 292|0x00000000cb000000, 0x00000000cb000000, 0x00000000cb400000|  0%| F|  |TAMS 0x00000000cb000000, 0x00000000cb000000| Untracked 
| 293|0x00000000cb400000, 0x00000000cb400000, 0x00000000cb800000|  0%| F|  |TAMS 0x00000000cb400000, 0x00000000cb400000| Untracked 
| 294|0x00000000cb800000, 0x00000000cb800000, 0x00000000cbc00000|  0%| F|  |TAMS 0x00000000cb800000, 0x00000000cb800000| Untracked 
| 295|0x00000000cbc00000, 0x00000000cbc00000, 0x00000000cc000000|  0%| F|  |TAMS 0x00000000cbc00000, 0x00000000cbc00000| Untracked 
| 296|0x00000000cc000000, 0x00000000cc000000, 0x00000000cc400000|  0%| F|  |TAMS 0x00000000cc000000, 0x00000000cc000000| Untracked 
| 297|0x00000000cc400000, 0x00000000cc400000, 0x00000000cc800000|  0%| F|  |TAMS 0x00000000cc400000, 0x00000000cc400000| Untracked 
| 298|0x00000000cc800000, 0x00000000cc800000, 0x00000000ccc00000|  0%| F|  |TAMS 0x00000000cc800000, 0x00000000cc800000| Untracked 
| 299|0x00000000ccc00000, 0x00000000ccc00000, 0x00000000cd000000|  0%| F|  |TAMS 0x00000000ccc00000, 0x00000000ccc00000| Untracked 
| 300|0x00000000cd000000, 0x00000000cd000000, 0x00000000cd400000|  0%| F|  |TAMS 0x00000000cd000000, 0x00000000cd000000| Untracked 
| 301|0x00000000cd400000, 0x00000000cd400000, 0x00000000cd800000|  0%| F|  |TAMS 0x00000000cd400000, 0x00000000cd400000| Untracked 
| 302|0x00000000cd800000, 0x00000000cd800000, 0x00000000cdc00000|  0%| F|  |TAMS 0x00000000cd800000, 0x00000000cd800000| Untracked 
| 303|0x00000000cdc00000, 0x00000000cdc00000, 0x00000000ce000000|  0%| F|  |TAMS 0x00000000cdc00000, 0x00000000cdc00000| Untracked 
| 304|0x00000000ce000000, 0x00000000ce000000, 0x00000000ce400000|  0%| F|  |TAMS 0x00000000ce000000, 0x00000000ce000000| Untracked 
| 305|0x00000000ce400000, 0x00000000ce400000, 0x00000000ce800000|  0%| F|  |TAMS 0x00000000ce400000, 0x00000000ce400000| Untracked 
| 306|0x00000000ce800000, 0x00000000ce800000, 0x00000000cec00000|  0%| F|  |TAMS 0x00000000ce800000, 0x00000000ce800000| Untracked 
| 307|0x00000000cec00000, 0x00000000cec00000, 0x00000000cf000000|  0%| F|  |TAMS 0x00000000cec00000, 0x00000000cec00000| Untracked 
| 308|0x00000000cf000000, 0x00000000cf000000, 0x00000000cf400000|  0%| F|  |TAMS 0x00000000cf000000, 0x00000000cf000000| Untracked 
| 309|0x00000000cf400000, 0x00000000cf400000, 0x00000000cf800000|  0%| F|  |TAMS 0x00000000cf400000, 0x00000000cf400000| Untracked 
| 310|0x00000000cf800000, 0x00000000cf800000, 0x00000000cfc00000|  0%| F|  |TAMS 0x00000000cf800000, 0x00000000cf800000| Untracked 
| 311|0x00000000cfc00000, 0x00000000cfc00000, 0x00000000d0000000|  0%| F|  |TAMS 0x00000000cfc00000, 0x00000000cfc00000| Untracked 
| 312|0x00000000d0000000, 0x00000000d0000000, 0x00000000d0400000|  0%| F|  |TAMS 0x00000000d0000000, 0x00000000d0000000| Untracked 
| 313|0x00000000d0400000, 0x00000000d0400000, 0x00000000d0800000|  0%| F|  |TAMS 0x00000000d0400000, 0x00000000d0400000| Untracked 
| 314|0x00000000d0800000, 0x00000000d0800000, 0x00000000d0c00000|  0%| F|  |TAMS 0x00000000d0800000, 0x00000000d0800000| Untracked 
| 315|0x00000000d0c00000, 0x00000000d0c00000, 0x00000000d1000000|  0%| F|  |TAMS 0x00000000d0c00000, 0x00000000d0c00000| Untracked 
| 316|0x00000000d1000000, 0x00000000d1000000, 0x00000000d1400000|  0%| F|  |TAMS 0x00000000d1000000, 0x00000000d1000000| Untracked 
| 317|0x00000000d1400000, 0x00000000d1400000, 0x00000000d1800000|  0%| F|  |TAMS 0x00000000d1400000, 0x00000000d1400000| Untracked 
| 318|0x00000000d1800000, 0x00000000d1800000, 0x00000000d1c00000|  0%| F|  |TAMS 0x00000000d1800000, 0x00000000d1800000| Untracked 
| 319|0x00000000d1c00000, 0x00000000d1c00000, 0x00000000d2000000|  0%| F|  |TAMS 0x00000000d1c00000, 0x00000000d1c00000| Untracked 
| 320|0x00000000d2000000, 0x00000000d2000000, 0x00000000d2400000|  0%| F|  |TAMS 0x00000000d2000000, 0x00000000d2000000| Untracked 
| 321|0x00000000d2400000, 0x00000000d2400000, 0x00000000d2800000|  0%| F|  |TAMS 0x00000000d2400000, 0x00000000d2400000| Untracked 
| 322|0x00000000d2800000, 0x00000000d2800000, 0x00000000d2c00000|  0%| F|  |TAMS 0x00000000d2800000, 0x00000000d2800000| Untracked 
| 323|0x00000000d2c00000, 0x00000000d2c00000, 0x00000000d3000000|  0%| F|  |TAMS 0x00000000d2c00000, 0x00000000d2c00000| Untracked 
| 324|0x00000000d3000000, 0x00000000d3000000, 0x00000000d3400000|  0%| F|  |TAMS 0x00000000d3000000, 0x00000000d3000000| Untracked 
| 325|0x00000000d3400000, 0x00000000d3400000, 0x00000000d3800000|  0%| F|  |TAMS 0x00000000d3400000, 0x00000000d3400000| Untracked 
| 326|0x00000000d3800000, 0x00000000d3800000, 0x00000000d3c00000|  0%| F|  |TAMS 0x00000000d3800000, 0x00000000d3800000| Untracked 
| 327|0x00000000d3c00000, 0x00000000d3c00000, 0x00000000d4000000|  0%| F|  |TAMS 0x00000000d3c00000, 0x00000000d3c00000| Untracked 
| 328|0x00000000d4000000, 0x00000000d4000000, 0x00000000d4400000|  0%| F|  |TAMS 0x00000000d4000000, 0x00000000d4000000| Untracked 
| 329|0x00000000d4400000, 0x00000000d4400000, 0x00000000d4800000|  0%| F|  |TAMS 0x00000000d4400000, 0x00000000d4400000| Untracked 
| 330|0x00000000d4800000, 0x00000000d4800000, 0x00000000d4c00000|  0%| F|  |TAMS 0x00000000d4800000, 0x00000000d4800000| Untracked 
| 331|0x00000000d4c00000, 0x00000000d4c00000, 0x00000000d5000000|  0%| F|  |TAMS 0x00000000d4c00000, 0x00000000d4c00000| Untracked 
| 332|0x00000000d5000000, 0x00000000d5000000, 0x00000000d5400000|  0%| F|  |TAMS 0x00000000d5000000, 0x00000000d5000000| Untracked 
| 333|0x00000000d5400000, 0x00000000d5400000, 0x00000000d5800000|  0%| F|  |TAMS 0x00000000d5400000, 0x00000000d5400000| Untracked 
| 334|0x00000000d5800000, 0x00000000d5800000, 0x00000000d5c00000|  0%| F|  |TAMS 0x00000000d5800000, 0x00000000d5800000| Untracked 
| 335|0x00000000d5c00000, 0x00000000d5c00000, 0x00000000d6000000|  0%| F|  |TAMS 0x00000000d5c00000, 0x00000000d5c00000| Untracked 
| 336|0x00000000d6000000, 0x00000000d6000000, 0x00000000d6400000|  0%| F|  |TAMS 0x00000000d6000000, 0x00000000d6000000| Untracked 
| 337|0x00000000d6400000, 0x00000000d6400000, 0x00000000d6800000|  0%| F|  |TAMS 0x00000000d6400000, 0x00000000d6400000| Untracked 
| 338|0x00000000d6800000, 0x00000000d6800000, 0x00000000d6c00000|  0%| F|  |TAMS 0x00000000d6800000, 0x00000000d6800000| Untracked 
| 339|0x00000000d6c00000, 0x00000000d6c00000, 0x00000000d7000000|  0%| F|  |TAMS 0x00000000d6c00000, 0x00000000d6c00000| Untracked 
| 340|0x00000000d7000000, 0x00000000d7000000, 0x00000000d7400000|  0%| F|  |TAMS 0x00000000d7000000, 0x00000000d7000000| Untracked 
| 341|0x00000000d7400000, 0x00000000d7400000, 0x00000000d7800000|  0%| F|  |TAMS 0x00000000d7400000, 0x00000000d7400000| Untracked 
| 342|0x00000000d7800000, 0x00000000d7800000, 0x00000000d7c00000|  0%| F|  |TAMS 0x00000000d7800000, 0x00000000d7800000| Untracked 
| 343|0x00000000d7c00000, 0x00000000d7c00000, 0x00000000d8000000|  0%| F|  |TAMS 0x00000000d7c00000, 0x00000000d7c00000| Untracked 
| 344|0x00000000d8000000, 0x00000000d8000000, 0x00000000d8400000|  0%| F|  |TAMS 0x00000000d8000000, 0x00000000d8000000| Untracked 
| 345|0x00000000d8400000, 0x00000000d8400000, 0x00000000d8800000|  0%| F|  |TAMS 0x00000000d8400000, 0x00000000d8400000| Untracked 
| 346|0x00000000d8800000, 0x00000000d8800000, 0x00000000d8c00000|  0%| F|  |TAMS 0x00000000d8800000, 0x00000000d8800000| Untracked 
| 347|0x00000000d8c00000, 0x00000000d8c00000, 0x00000000d9000000|  0%| F|  |TAMS 0x00000000d8c00000, 0x00000000d8c00000| Untracked 
| 348|0x00000000d9000000, 0x00000000d9000000, 0x00000000d9400000|  0%| F|  |TAMS 0x00000000d9000000, 0x00000000d9000000| Untracked 
| 349|0x00000000d9400000, 0x00000000d9400000, 0x00000000d9800000|  0%| F|  |TAMS 0x00000000d9400000, 0x00000000d9400000| Untracked 
| 350|0x00000000d9800000, 0x00000000d9800000, 0x00000000d9c00000|  0%| F|  |TAMS 0x00000000d9800000, 0x00000000d9800000| Untracked 
| 351|0x00000000d9c00000, 0x00000000d9c00000, 0x00000000da000000|  0%| F|  |TAMS 0x00000000d9c00000, 0x00000000d9c00000| Untracked 
| 352|0x00000000da000000, 0x00000000da000000, 0x00000000da400000|  0%| F|  |TAMS 0x00000000da000000, 0x00000000da000000| Untracked 
| 353|0x00000000da400000, 0x00000000da400000, 0x00000000da800000|  0%| F|  |TAMS 0x00000000da400000, 0x00000000da400000| Untracked 
| 354|0x00000000da800000, 0x00000000da800000, 0x00000000dac00000|  0%| F|  |TAMS 0x00000000da800000, 0x00000000da800000| Untracked 
| 355|0x00000000dac00000, 0x00000000dac00000, 0x00000000db000000|  0%| F|  |TAMS 0x00000000dac00000, 0x00000000dac00000| Untracked 
| 356|0x00000000db000000, 0x00000000db000000, 0x00000000db400000|  0%| F|  |TAMS 0x00000000db000000, 0x00000000db000000| Untracked 
| 357|0x00000000db400000, 0x00000000db400000, 0x00000000db800000|  0%| F|  |TAMS 0x00000000db400000, 0x00000000db400000| Untracked 
| 358|0x00000000db800000, 0x00000000db800000, 0x00000000dbc00000|  0%| F|  |TAMS 0x00000000db800000, 0x00000000db800000| Untracked 
| 359|0x00000000dbc00000, 0x00000000dbc00000, 0x00000000dc000000|  0%| F|  |TAMS 0x00000000dbc00000, 0x00000000dbc00000| Untracked 
| 360|0x00000000dc000000, 0x00000000dc000000, 0x00000000dc400000|  0%| F|  |TAMS 0x00000000dc000000, 0x00000000dc000000| Untracked 
| 361|0x00000000dc400000, 0x00000000dc400000, 0x00000000dc800000|  0%| F|  |TAMS 0x00000000dc400000, 0x00000000dc400000| Untracked 
| 362|0x00000000dc800000, 0x00000000dc800000, 0x00000000dcc00000|  0%| F|  |TAMS 0x00000000dc800000, 0x00000000dc800000| Untracked 
| 363|0x00000000dcc00000, 0x00000000dcc00000, 0x00000000dd000000|  0%| F|  |TAMS 0x00000000dcc00000, 0x00000000dcc00000| Untracked 
| 364|0x00000000dd000000, 0x00000000dd000000, 0x00000000dd400000|  0%| F|  |TAMS 0x00000000dd000000, 0x00000000dd000000| Untracked 
| 365|0x00000000dd400000, 0x00000000dd400000, 0x00000000dd800000|  0%| F|  |TAMS 0x00000000dd400000, 0x00000000dd400000| Untracked 
| 366|0x00000000dd800000, 0x00000000dd800000, 0x00000000ddc00000|  0%| F|  |TAMS 0x00000000dd800000, 0x00000000dd800000| Untracked 
| 367|0x00000000ddc00000, 0x00000000ddc00000, 0x00000000de000000|  0%| F|  |TAMS 0x00000000ddc00000, 0x00000000ddc00000| Untracked 
| 368|0x00000000de000000, 0x00000000de000000, 0x00000000de400000|  0%| F|  |TAMS 0x00000000de000000, 0x00000000de000000| Untracked 
| 369|0x00000000de400000, 0x00000000de400000, 0x00000000de800000|  0%| F|  |TAMS 0x00000000de400000, 0x00000000de400000| Untracked 
| 370|0x00000000de800000, 0x00000000de800000, 0x00000000dec00000|  0%| F|  |TAMS 0x00000000de800000, 0x00000000de800000| Untracked 
| 371|0x00000000dec00000, 0x00000000dec00000, 0x00000000df000000|  0%| F|  |TAMS 0x00000000dec00000, 0x00000000dec00000| Untracked 
| 372|0x00000000df000000, 0x00000000df000000, 0x00000000df400000|  0%| F|  |TAMS 0x00000000df000000, 0x00000000df000000| Untracked 
| 373|0x00000000df400000, 0x00000000df400000, 0x00000000df800000|  0%| F|  |TAMS 0x00000000df400000, 0x00000000df400000| Untracked 
| 374|0x00000000df800000, 0x00000000df800000, 0x00000000dfc00000|  0%| F|  |TAMS 0x00000000df800000, 0x00000000df800000| Untracked 
| 375|0x00000000dfc00000, 0x00000000dfc00000, 0x00000000e0000000|  0%| F|  |TAMS 0x00000000dfc00000, 0x00000000dfc00000| Untracked 
| 376|0x00000000e0000000, 0x00000000e0000000, 0x00000000e0400000|  0%| F|  |TAMS 0x00000000e0000000, 0x00000000e0000000| Untracked 
| 377|0x00000000e0400000, 0x00000000e0400000, 0x00000000e0800000|  0%| F|  |TAMS 0x00000000e0400000, 0x00000000e0400000| Untracked 
| 378|0x00000000e0800000, 0x00000000e0800000, 0x00000000e0c00000|  0%| F|  |TAMS 0x00000000e0800000, 0x00000000e0800000| Untracked 
| 379|0x00000000e0c00000, 0x00000000e0c00000, 0x00000000e1000000|  0%| F|  |TAMS 0x00000000e0c00000, 0x00000000e0c00000| Untracked 
| 380|0x00000000e1000000, 0x00000000e1000000, 0x00000000e1400000|  0%| F|  |TAMS 0x00000000e1000000, 0x00000000e1000000| Untracked 
| 381|0x00000000e1400000, 0x00000000e1400000, 0x00000000e1800000|  0%| F|  |TAMS 0x00000000e1400000, 0x00000000e1400000| Untracked 
| 382|0x00000000e1800000, 0x00000000e1800000, 0x00000000e1c00000|  0%| F|  |TAMS 0x00000000e1800000, 0x00000000e1800000| Untracked 
| 383|0x00000000e1c00000, 0x00000000e1c00000, 0x00000000e2000000|  0%| F|  |TAMS 0x00000000e1c00000, 0x00000000e1c00000| Untracked 
| 384|0x00000000e2000000, 0x00000000e2000000, 0x00000000e2400000|  0%| F|  |TAMS 0x00000000e2000000, 0x00000000e2000000| Untracked 
| 385|0x00000000e2400000, 0x00000000e2400000, 0x00000000e2800000|  0%| F|  |TAMS 0x00000000e2400000, 0x00000000e2400000| Untracked 
| 386|0x00000000e2800000, 0x00000000e2800000, 0x00000000e2c00000|  0%| F|  |TAMS 0x00000000e2800000, 0x00000000e2800000| Untracked 
| 387|0x00000000e2c00000, 0x00000000e2c00000, 0x00000000e3000000|  0%| F|  |TAMS 0x00000000e2c00000, 0x00000000e2c00000| Untracked 
| 388|0x00000000e3000000, 0x00000000e3000000, 0x00000000e3400000|  0%| F|  |TAMS 0x00000000e3000000, 0x00000000e3000000| Untracked 
| 389|0x00000000e3400000, 0x00000000e3400000, 0x00000000e3800000|  0%| F|  |TAMS 0x00000000e3400000, 0x00000000e3400000| Untracked 
| 390|0x00000000e3800000, 0x00000000e3800000, 0x00000000e3c00000|  0%| F|  |TAMS 0x00000000e3800000, 0x00000000e3800000| Untracked 
| 391|0x00000000e3c00000, 0x00000000e3c00000, 0x00000000e4000000|  0%| F|  |TAMS 0x00000000e3c00000, 0x00000000e3c00000| Untracked 
| 392|0x00000000e4000000, 0x00000000e4000000, 0x00000000e4400000|  0%| F|  |TAMS 0x00000000e4000000, 0x00000000e4000000| Untracked 
| 393|0x00000000e4400000, 0x00000000e4400000, 0x00000000e4800000|  0%| F|  |TAMS 0x00000000e4400000, 0x00000000e4400000| Untracked 
| 394|0x00000000e4800000, 0x00000000e4800000, 0x00000000e4c00000|  0%| F|  |TAMS 0x00000000e4800000, 0x00000000e4800000| Untracked 
| 395|0x00000000e4c00000, 0x00000000e4c00000, 0x00000000e5000000|  0%| F|  |TAMS 0x00000000e4c00000, 0x00000000e4c00000| Untracked 
| 396|0x00000000e5000000, 0x00000000e5000000, 0x00000000e5400000|  0%| F|  |TAMS 0x00000000e5000000, 0x00000000e5000000| Untracked 
| 397|0x00000000e5400000, 0x00000000e5400000, 0x00000000e5800000|  0%| F|  |TAMS 0x00000000e5400000, 0x00000000e5400000| Untracked 
| 398|0x00000000e5800000, 0x00000000e5800000, 0x00000000e5c00000|  0%| F|  |TAMS 0x00000000e5800000, 0x00000000e5800000| Untracked 
| 399|0x00000000e5c00000, 0x00000000e5c00000, 0x00000000e6000000|  0%| F|  |TAMS 0x00000000e5c00000, 0x00000000e5c00000| Untracked 
| 400|0x00000000e6000000, 0x00000000e6000000, 0x00000000e6400000|  0%| F|  |TAMS 0x00000000e6000000, 0x00000000e6000000| Untracked 
| 401|0x00000000e6400000, 0x00000000e6400000, 0x00000000e6800000|  0%| F|  |TAMS 0x00000000e6400000, 0x00000000e6400000| Untracked 
| 402|0x00000000e6800000, 0x00000000e6800000, 0x00000000e6c00000|  0%| F|  |TAMS 0x00000000e6800000, 0x00000000e6800000| Untracked 
| 403|0x00000000e6c00000, 0x00000000e6c00000, 0x00000000e7000000|  0%| F|  |TAMS 0x00000000e6c00000, 0x00000000e6c00000| Untracked 
| 404|0x00000000e7000000, 0x00000000e7000000, 0x00000000e7400000|  0%| F|  |TAMS 0x00000000e7000000, 0x00000000e7000000| Untracked 
| 405|0x00000000e7400000, 0x00000000e7400000, 0x00000000e7800000|  0%| F|  |TAMS 0x00000000e7400000, 0x00000000e7400000| Untracked 
| 406|0x00000000e7800000, 0x00000000e7800000, 0x00000000e7c00000|  0%| F|  |TAMS 0x00000000e7800000, 0x00000000e7800000| Untracked 
| 407|0x00000000e7c00000, 0x00000000e7c00000, 0x00000000e8000000|  0%| F|  |TAMS 0x00000000e7c00000, 0x00000000e7c00000| Untracked 
| 408|0x00000000e8000000, 0x00000000e8000000, 0x00000000e8400000|  0%| F|  |TAMS 0x00000000e8000000, 0x00000000e8000000| Untracked 
| 409|0x00000000e8400000, 0x00000000e8400000, 0x00000000e8800000|  0%| F|  |TAMS 0x00000000e8400000, 0x00000000e8400000| Untracked 
| 410|0x00000000e8800000, 0x00000000e8800000, 0x00000000e8c00000|  0%| F|  |TAMS 0x00000000e8800000, 0x00000000e8800000| Untracked 
| 411|0x00000000e8c00000, 0x00000000e8c00000, 0x00000000e9000000|  0%| F|  |TAMS 0x00000000e8c00000, 0x00000000e8c00000| Untracked 
| 412|0x00000000e9000000, 0x00000000e9000000, 0x00000000e9400000|  0%| F|  |TAMS 0x00000000e9000000, 0x00000000e9000000| Untracked 
| 413|0x00000000e9400000, 0x00000000e9400000, 0x00000000e9800000|  0%| F|  |TAMS 0x00000000e9400000, 0x00000000e9400000| Untracked 
| 414|0x00000000e9800000, 0x00000000e9800000, 0x00000000e9c00000|  0%| F|  |TAMS 0x00000000e9800000, 0x00000000e9800000| Untracked 
| 415|0x00000000e9c00000, 0x00000000e9c00000, 0x00000000ea000000|  0%| F|  |TAMS 0x00000000e9c00000, 0x00000000e9c00000| Untracked 
| 416|0x00000000ea000000, 0x00000000ea000000, 0x00000000ea400000|  0%| F|  |TAMS 0x00000000ea000000, 0x00000000ea000000| Untracked 
| 417|0x00000000ea400000, 0x00000000ea400000, 0x00000000ea800000|  0%| F|  |TAMS 0x00000000ea400000, 0x00000000ea400000| Untracked 
| 418|0x00000000ea800000, 0x00000000ea800000, 0x00000000eac00000|  0%| F|  |TAMS 0x00000000ea800000, 0x00000000ea800000| Untracked 
| 419|0x00000000eac00000, 0x00000000eac00000, 0x00000000eb000000|  0%| F|  |TAMS 0x00000000eac00000, 0x00000000eac00000| Untracked 
| 420|0x00000000eb000000, 0x00000000eb000000, 0x00000000eb400000|  0%| F|  |TAMS 0x00000000eb000000, 0x00000000eb000000| Untracked 
| 421|0x00000000eb400000, 0x00000000eb400000, 0x00000000eb800000|  0%| F|  |TAMS 0x00000000eb400000, 0x00000000eb400000| Untracked 
| 422|0x00000000eb800000, 0x00000000eb800000, 0x00000000ebc00000|  0%| F|  |TAMS 0x00000000eb800000, 0x00000000eb800000| Untracked 
| 423|0x00000000ebc00000, 0x00000000ebc00000, 0x00000000ec000000|  0%| F|  |TAMS 0x00000000ebc00000, 0x00000000ebc00000| Untracked 
| 424|0x00000000ec000000, 0x00000000ec000000, 0x00000000ec400000|  0%| F|  |TAMS 0x00000000ec000000, 0x00000000ec000000| Untracked 
| 425|0x00000000ec400000, 0x00000000ec400000, 0x00000000ec800000|  0%| F|  |TAMS 0x00000000ec400000, 0x00000000ec400000| Untracked 
| 426|0x00000000ec800000, 0x00000000ec800000, 0x00000000ecc00000|  0%| F|  |TAMS 0x00000000ec800000, 0x00000000ec800000| Untracked 
| 427|0x00000000ecc00000, 0x00000000ecc00000, 0x00000000ed000000|  0%| F|  |TAMS 0x00000000ecc00000, 0x00000000ecc00000| Untracked 
| 428|0x00000000ed000000, 0x00000000ed000000, 0x00000000ed400000|  0%| F|  |TAMS 0x00000000ed000000, 0x00000000ed000000| Untracked 
| 429|0x00000000ed400000, 0x00000000ed400000, 0x00000000ed800000|  0%| F|  |TAMS 0x00000000ed400000, 0x00000000ed400000| Untracked 
| 430|0x00000000ed800000, 0x00000000ed800000, 0x00000000edc00000|  0%| F|  |TAMS 0x00000000ed800000, 0x00000000ed800000| Untracked 
| 431|0x00000000edc00000, 0x00000000edc00000, 0x00000000ee000000|  0%| F|  |TAMS 0x00000000edc00000, 0x00000000edc00000| Untracked 
| 432|0x00000000ee000000, 0x00000000ee000000, 0x00000000ee400000|  0%| F|  |TAMS 0x00000000ee000000, 0x00000000ee000000| Untracked 
| 433|0x00000000ee400000, 0x00000000ee400000, 0x00000000ee800000|  0%| F|  |TAMS 0x00000000ee400000, 0x00000000ee400000| Untracked 
| 434|0x00000000ee800000, 0x00000000ee800000, 0x00000000eec00000|  0%| F|  |TAMS 0x00000000ee800000, 0x00000000ee800000| Untracked 
| 435|0x00000000eec00000, 0x00000000eec00000, 0x00000000ef000000|  0%| F|  |TAMS 0x00000000eec00000, 0x00000000eec00000| Untracked 
| 436|0x00000000ef000000, 0x00000000ef000000, 0x00000000ef400000|  0%| F|  |TAMS 0x00000000ef000000, 0x00000000ef000000| Untracked 
| 437|0x00000000ef400000, 0x00000000ef400000, 0x00000000ef800000|  0%| F|  |TAMS 0x00000000ef400000, 0x00000000ef400000| Untracked 
| 438|0x00000000ef800000, 0x00000000ef800000, 0x00000000efc00000|  0%| F|  |TAMS 0x00000000ef800000, 0x00000000ef800000| Untracked 
| 439|0x00000000efc00000, 0x00000000efc00000, 0x00000000f0000000|  0%| F|  |TAMS 0x00000000efc00000, 0x00000000efc00000| Untracked 
| 440|0x00000000f0000000, 0x00000000f0000000, 0x00000000f0400000|  0%| F|  |TAMS 0x00000000f0000000, 0x00000000f0000000| Untracked 
| 441|0x00000000f0400000, 0x00000000f0400000, 0x00000000f0800000|  0%| F|  |TAMS 0x00000000f0400000, 0x00000000f0400000| Untracked 
| 442|0x00000000f0800000, 0x00000000f0800000, 0x00000000f0c00000|  0%| F|  |TAMS 0x00000000f0800000, 0x00000000f0800000| Untracked 
| 443|0x00000000f0c00000, 0x00000000f0c00000, 0x00000000f1000000|  0%| F|  |TAMS 0x00000000f0c00000, 0x00000000f0c00000| Untracked 
| 444|0x00000000f1000000, 0x00000000f1000000, 0x00000000f1400000|  0%| F|  |TAMS 0x00000000f1000000, 0x00000000f1000000| Untracked 
| 445|0x00000000f1400000, 0x00000000f1400000, 0x00000000f1800000|  0%| F|  |TAMS 0x00000000f1400000, 0x00000000f1400000| Untracked 
| 446|0x00000000f1800000, 0x00000000f1800000, 0x00000000f1c00000|  0%| F|  |TAMS 0x00000000f1800000, 0x00000000f1800000| Untracked 
| 447|0x00000000f1c00000, 0x00000000f1c00000, 0x00000000f2000000|  0%| F|  |TAMS 0x00000000f1c00000, 0x00000000f1c00000| Untracked 
| 448|0x00000000f2000000, 0x00000000f2000000, 0x00000000f2400000|  0%| F|  |TAMS 0x00000000f2000000, 0x00000000f2000000| Untracked 
| 449|0x00000000f2400000, 0x00000000f2400000, 0x00000000f2800000|  0%| F|  |TAMS 0x00000000f2400000, 0x00000000f2400000| Untracked 
| 450|0x00000000f2800000, 0x00000000f2800000, 0x00000000f2c00000|  0%| F|  |TAMS 0x00000000f2800000, 0x00000000f2800000| Untracked 
| 451|0x00000000f2c00000, 0x00000000f2c00000, 0x00000000f3000000|  0%| F|  |TAMS 0x00000000f2c00000, 0x00000000f2c00000| Untracked 
| 452|0x00000000f3000000, 0x00000000f3000000, 0x00000000f3400000|  0%| F|  |TAMS 0x00000000f3000000, 0x00000000f3000000| Untracked 
| 453|0x00000000f3400000, 0x00000000f3400000, 0x00000000f3800000|  0%| F|  |TAMS 0x00000000f3400000, 0x00000000f3400000| Untracked 
| 454|0x00000000f3800000, 0x00000000f3800000, 0x00000000f3c00000|  0%| F|  |TAMS 0x00000000f3800000, 0x00000000f3800000| Untracked 
| 455|0x00000000f3c00000, 0x00000000f3c00000, 0x00000000f4000000|  0%| F|  |TAMS 0x00000000f3c00000, 0x00000000f3c00000| Untracked 
| 456|0x00000000f4000000, 0x00000000f4000000, 0x00000000f4400000|  0%| F|  |TAMS 0x00000000f4000000, 0x00000000f4000000| Untracked 
| 457|0x00000000f4400000, 0x00000000f4400000, 0x00000000f4800000|  0%| F|  |TAMS 0x00000000f4400000, 0x00000000f4400000| Untracked 
| 458|0x00000000f4800000, 0x00000000f4800000, 0x00000000f4c00000|  0%| F|  |TAMS 0x00000000f4800000, 0x00000000f4800000| Untracked 
| 459|0x00000000f4c00000, 0x00000000f4c00000, 0x00000000f5000000|  0%| F|  |TAMS 0x00000000f4c00000, 0x00000000f4c00000| Untracked 
| 460|0x00000000f5000000, 0x00000000f5000000, 0x00000000f5400000|  0%| F|  |TAMS 0x00000000f5000000, 0x00000000f5000000| Untracked 
| 461|0x00000000f5400000, 0x00000000f5400000, 0x00000000f5800000|  0%| F|  |TAMS 0x00000000f5400000, 0x00000000f5400000| Untracked 
| 462|0x00000000f5800000, 0x00000000f5800000, 0x00000000f5c00000|  0%| F|  |TAMS 0x00000000f5800000, 0x00000000f5800000| Untracked 
| 463|0x00000000f5c00000, 0x00000000f5c00000, 0x00000000f6000000|  0%| F|  |TAMS 0x00000000f5c00000, 0x00000000f5c00000| Untracked 
| 464|0x00000000f6000000, 0x00000000f6000000, 0x00000000f6400000|  0%| F|  |TAMS 0x00000000f6000000, 0x00000000f6000000| Untracked 
| 465|0x00000000f6400000, 0x00000000f6400000, 0x00000000f6800000|  0%| F|  |TAMS 0x00000000f6400000, 0x00000000f6400000| Untracked 
| 466|0x00000000f6800000, 0x00000000f6800000, 0x00000000f6c00000|  0%| F|  |TAMS 0x00000000f6800000, 0x00000000f6800000| Untracked 
| 467|0x00000000f6c00000, 0x00000000f6c00000, 0x00000000f7000000|  0%| F|  |TAMS 0x00000000f6c00000, 0x00000000f6c00000| Untracked 
| 468|0x00000000f7000000, 0x00000000f7000000, 0x00000000f7400000|  0%| F|  |TAMS 0x00000000f7000000, 0x00000000f7000000| Untracked 
| 469|0x00000000f7400000, 0x00000000f77e01c0, 0x00000000f7800000| 96%| S|CS|TAMS 0x00000000f7400000, 0x00000000f7400000| Complete 
| 470|0x00000000f7800000, 0x00000000f7c00000, 0x00000000f7c00000|100%| S|CS|TAMS 0x00000000f7800000, 0x00000000f7800000| Complete 
| 471|0x00000000f7c00000, 0x00000000f8000000, 0x00000000f8000000|100%| S|CS|TAMS 0x00000000f7c00000, 0x00000000f7c00000| Complete 
| 472|0x00000000f8000000, 0x00000000f8400000, 0x00000000f8400000|100%| S|CS|TAMS 0x00000000f8000000, 0x00000000f8000000| Complete 
| 473|0x00000000f8400000, 0x00000000f8800000, 0x00000000f8800000|100%| S|CS|TAMS 0x00000000f8400000, 0x00000000f8400000| Complete 
| 474|0x00000000f8800000, 0x00000000f8c00000, 0x00000000f8c00000|100%| S|CS|TAMS 0x00000000f8800000, 0x00000000f8800000| Complete 
| 475|0x00000000f8c00000, 0x00000000f9000000, 0x00000000f9000000|100%| S|CS|TAMS 0x00000000f8c00000, 0x00000000f8c00000| Complete 
| 476|0x00000000f9000000, 0x00000000f9400000, 0x00000000f9400000|100%| S|CS|TAMS 0x00000000f9000000, 0x00000000f9000000| Complete 
| 477|0x00000000f9400000, 0x00000000f9800000, 0x00000000f9800000|100%| S|CS|TAMS 0x00000000f9400000, 0x00000000f9400000| Complete 
| 478|0x00000000f9800000, 0x00000000f9c00000, 0x00000000f9c00000|100%| S|CS|TAMS 0x00000000f9800000, 0x00000000f9800000| Complete 
| 479|0x00000000f9c00000, 0x00000000fa000000, 0x00000000fa000000|100%| S|CS|TAMS 0x00000000f9c00000, 0x00000000f9c00000| Complete 
| 480|0x00000000fa000000, 0x00000000fa400000, 0x00000000fa400000|100%| S|CS|TAMS 0x00000000fa000000, 0x00000000fa000000| Complete 
| 481|0x00000000fa400000, 0x00000000fa800000, 0x00000000fa800000|100%| S|CS|TAMS 0x00000000fa400000, 0x00000000fa400000| Complete 
| 482|0x00000000fa800000, 0x00000000fac00000, 0x00000000fac00000|100%| S|CS|TAMS 0x00000000fa800000, 0x00000000fa800000| Complete 
| 483|0x00000000fac00000, 0x00000000fb000000, 0x00000000fb000000|100%| S|CS|TAMS 0x00000000fac00000, 0x00000000fac00000| Complete 
| 484|0x00000000fb000000, 0x00000000fb400000, 0x00000000fb400000|100%| S|CS|TAMS 0x00000000fb000000, 0x00000000fb000000| Complete 
| 485|0x00000000fb400000, 0x00000000fb800000, 0x00000000fb800000|100%| S|CS|TAMS 0x00000000fb400000, 0x00000000fb400000| Complete 
| 486|0x00000000fb800000, 0x00000000fbc00000, 0x00000000fbc00000|100%| S|CS|TAMS 0x00000000fb800000, 0x00000000fb800000| Complete 
| 487|0x00000000fbc00000, 0x00000000fc000000, 0x00000000fc000000|100%| S|CS|TAMS 0x00000000fbc00000, 0x00000000fbc00000| Complete 
| 488|0x00000000fc000000, 0x00000000fc400000, 0x00000000fc400000|100%| S|CS|TAMS 0x00000000fc000000, 0x00000000fc000000| Complete 
| 489|0x00000000fc400000, 0x00000000fc800000, 0x00000000fc800000|100%| S|CS|TAMS 0x00000000fc400000, 0x00000000fc400000| Complete 
| 490|0x00000000fc800000, 0x00000000fcc00000, 0x00000000fcc00000|100%| S|CS|TAMS 0x00000000fc800000, 0x00000000fc800000| Complete 
| 491|0x00000000fcc00000, 0x00000000fd000000, 0x00000000fd000000|100%| S|CS|TAMS 0x00000000fcc00000, 0x00000000fcc00000| Complete 
| 492|0x00000000fd000000, 0x00000000fd400000, 0x00000000fd400000|100%| S|CS|TAMS 0x00000000fd000000, 0x00000000fd000000| Complete 
| 493|0x00000000fd400000, 0x00000000fd800000, 0x00000000fd800000|100%| S|CS|TAMS 0x00000000fd400000, 0x00000000fd400000| Complete 
| 494|0x00000000fd800000, 0x00000000fdc00000, 0x00000000fdc00000|100%| S|CS|TAMS 0x00000000fd800000, 0x00000000fd800000| Complete 
| 495|0x00000000fdc00000, 0x00000000fe000000, 0x00000000fe000000|100%| S|CS|TAMS 0x00000000fdc00000, 0x00000000fdc00000| Complete 
| 496|0x00000000fe000000, 0x00000000fe400000, 0x00000000fe400000|100%| S|CS|TAMS 0x00000000fe000000, 0x00000000fe000000| Complete 
| 497|0x00000000fe400000, 0x00000000fe800000, 0x00000000fe800000|100%| S|CS|TAMS 0x00000000fe400000, 0x00000000fe400000| Complete 
| 498|0x00000000fe800000, 0x00000000fec00000, 0x00000000fec00000|100%| S|CS|TAMS 0x00000000fe800000, 0x00000000fe800000| Complete 
| 499|0x00000000fec00000, 0x00000000ff000000, 0x00000000ff000000|100%| S|CS|TAMS 0x00000000fec00000, 0x00000000fec00000| Complete 
| 500|0x00000000ff000000, 0x00000000ff400000, 0x00000000ff400000|100%| S|CS|TAMS 0x00000000ff000000, 0x00000000ff000000| Complete 
| 501|0x00000000ff400000, 0x00000000ff800000, 0x00000000ff800000|100%| S|CS|TAMS 0x00000000ff400000, 0x00000000ff400000| Complete 
| 502|0x00000000ff800000, 0x00000000ffc00000, 0x00000000ffc00000|100%| S|CS|TAMS 0x00000000ff800000, 0x00000000ff800000| Complete 
| 503|0x00000000ffc00000, 0x0000000100000000, 0x0000000100000000|100%| S|CS|TAMS 0x00000000ffc00000, 0x00000000ffc00000| Complete 
| 504|0x0000000100000000, 0x0000000100400000, 0x0000000100400000|100%| S|CS|TAMS 0x0000000100000000, 0x0000000100000000| Complete 
| 505|0x0000000100400000, 0x0000000100800000, 0x0000000100800000|100%| S|CS|TAMS 0x0000000100400000, 0x0000000100400000| Complete 
| 506|0x0000000100800000, 0x0000000100c00000, 0x0000000100c00000|100%| S|CS|TAMS 0x0000000100800000, 0x0000000100800000| Complete 
| 507|0x0000000100c00000, 0x0000000101000000, 0x0000000101000000|100%| S|CS|TAMS 0x0000000100c00000, 0x0000000100c00000| Complete 
| 508|0x0000000101000000, 0x0000000101400000, 0x0000000101400000|100%| S|CS|TAMS 0x0000000101000000, 0x0000000101000000| Complete 
| 509|0x0000000101400000, 0x0000000101800000, 0x0000000101800000|100%| S|CS|TAMS 0x0000000101400000, 0x0000000101400000| Complete 
| 510|0x0000000101800000, 0x0000000101c00000, 0x0000000101c00000|100%| S|CS|TAMS 0x0000000101800000, 0x0000000101800000| Complete 
| 511|0x0000000101c00000, 0x0000000102000000, 0x0000000102000000|100%| S|CS|TAMS 0x0000000101c00000, 0x0000000101c00000| Complete 
| 512|0x0000000102000000, 0x0000000102400000, 0x0000000102400000|100%| S|CS|TAMS 0x0000000102000000, 0x0000000102000000| Complete 
| 513|0x0000000102400000, 0x0000000102800000, 0x0000000102800000|100%| S|CS|TAMS 0x0000000102400000, 0x0000000102400000| Complete 
| 514|0x0000000102800000, 0x0000000102c00000, 0x0000000102c00000|100%| S|CS|TAMS 0x0000000102800000, 0x0000000102800000| Complete 
| 515|0x0000000102c00000, 0x0000000103000000, 0x0000000103000000|100%| S|CS|TAMS 0x0000000102c00000, 0x0000000102c00000| Complete 
| 516|0x0000000103000000, 0x0000000103400000, 0x0000000103400000|100%| S|CS|TAMS 0x0000000103000000, 0x0000000103000000| Complete 
| 517|0x0000000103400000, 0x0000000103800000, 0x0000000103800000|100%| S|CS|TAMS 0x0000000103400000, 0x0000000103400000| Complete 
| 518|0x0000000103800000, 0x0000000103c00000, 0x0000000103c00000|100%| S|CS|TAMS 0x0000000103800000, 0x0000000103800000| Complete 
| 519|0x0000000103c00000, 0x0000000104000000, 0x0000000104000000|100%| S|CS|TAMS 0x0000000103c00000, 0x0000000103c00000| Complete 
| 520|0x0000000104000000, 0x0000000104400000, 0x0000000104400000|100%| S|CS|TAMS 0x0000000104000000, 0x0000000104000000| Complete 
| 521|0x0000000104400000, 0x0000000104800000, 0x0000000104800000|100%| S|CS|TAMS 0x0000000104400000, 0x0000000104400000| Complete 
| 522|0x0000000104800000, 0x0000000104c00000, 0x0000000104c00000|100%| S|CS|TAMS 0x0000000104800000, 0x0000000104800000| Complete 
| 523|0x0000000104c00000, 0x0000000104c00000, 0x0000000105000000|  0%| F|  |TAMS 0x0000000104c00000, 0x0000000104c00000| Untracked 
| 524|0x0000000105000000, 0x0000000105000000, 0x0000000105400000|  0%| F|  |TAMS 0x0000000105000000, 0x0000000105000000| Untracked 
| 525|0x0000000105400000, 0x0000000105400000, 0x0000000105800000|  0%| F|  |TAMS 0x0000000105400000, 0x0000000105400000| Untracked 
| 526|0x0000000105800000, 0x0000000105800000, 0x0000000105c00000|  0%| F|  |TAMS 0x0000000105800000, 0x0000000105800000| Untracked 
| 527|0x0000000105c00000, 0x0000000105c00000, 0x0000000106000000|  0%| F|  |TAMS 0x0000000105c00000, 0x0000000105c00000| Untracked 
| 528|0x0000000106000000, 0x0000000106000000, 0x0000000106400000|  0%| F|  |TAMS 0x0000000106000000, 0x0000000106000000| Untracked 
| 529|0x0000000106400000, 0x0000000106400000, 0x0000000106800000|  0%| F|  |TAMS 0x0000000106400000, 0x0000000106400000| Untracked 
| 530|0x0000000106800000, 0x0000000106800000, 0x0000000106c00000|  0%| F|  |TAMS 0x0000000106800000, 0x0000000106800000| Untracked 
| 531|0x0000000106c00000, 0x0000000106c00000, 0x0000000107000000|  0%| F|  |TAMS 0x0000000106c00000, 0x0000000106c00000| Untracked 
| 532|0x0000000107000000, 0x0000000107000000, 0x0000000107400000|  0%| F|  |TAMS 0x0000000107000000, 0x0000000107000000| Untracked 
| 533|0x0000000107400000, 0x0000000107400000, 0x0000000107800000|  0%| F|  |TAMS 0x0000000107400000, 0x0000000107400000| Untracked 
| 534|0x0000000107800000, 0x0000000107800000, 0x0000000107c00000|  0%| F|  |TAMS 0x0000000107800000, 0x0000000107800000| Untracked 
| 535|0x0000000107c00000, 0x0000000107c00000, 0x0000000108000000|  0%| F|  |TAMS 0x0000000107c00000, 0x0000000107c00000| Untracked 
| 536|0x0000000108000000, 0x0000000108000000, 0x0000000108400000|  0%| F|  |TAMS 0x0000000108000000, 0x0000000108000000| Untracked 
| 537|0x0000000108400000, 0x0000000108400000, 0x0000000108800000|  0%| F|  |TAMS 0x0000000108400000, 0x0000000108400000| Untracked 
| 538|0x0000000108800000, 0x0000000108800000, 0x0000000108c00000|  0%| F|  |TAMS 0x0000000108800000, 0x0000000108800000| Untracked 
| 539|0x0000000108c00000, 0x0000000108c00000, 0x0000000109000000|  0%| F|  |TAMS 0x0000000108c00000, 0x0000000108c00000| Untracked 
| 540|0x0000000109000000, 0x0000000109000000, 0x0000000109400000|  0%| F|  |TAMS 0x0000000109000000, 0x0000000109000000| Untracked 
| 541|0x0000000109400000, 0x0000000109400000, 0x0000000109800000|  0%| F|  |TAMS 0x0000000109400000, 0x0000000109400000| Untracked 
| 542|0x0000000109800000, 0x0000000109800000, 0x0000000109c00000|  0%| F|  |TAMS 0x0000000109800000, 0x0000000109800000| Untracked 
| 543|0x0000000109c00000, 0x0000000109c00000, 0x000000010a000000|  0%| F|  |TAMS 0x0000000109c00000, 0x0000000109c00000| Untracked 
| 544|0x000000010a000000, 0x000000010a000000, 0x000000010a400000|  0%| F|  |TAMS 0x000000010a000000, 0x000000010a000000| Untracked 
| 545|0x000000010a400000, 0x000000010a400000, 0x000000010a800000|  0%| F|  |TAMS 0x000000010a400000, 0x000000010a400000| Untracked 
| 546|0x000000010a800000, 0x000000010a800000, 0x000000010ac00000|  0%| F|  |TAMS 0x000000010a800000, 0x000000010a800000| Untracked 
| 547|0x000000010ac00000, 0x000000010ac00000, 0x000000010b000000|  0%| F|  |TAMS 0x000000010ac00000, 0x000000010ac00000| Untracked 
| 548|0x000000010b000000, 0x000000010b000000, 0x000000010b400000|  0%| F|  |TAMS 0x000000010b000000, 0x000000010b000000| Untracked 
| 549|0x000000010b400000, 0x000000010b400000, 0x000000010b800000|  0%| F|  |TAMS 0x000000010b400000, 0x000000010b400000| Untracked 
| 550|0x000000010b800000, 0x000000010b800000, 0x000000010bc00000|  0%| F|  |TAMS 0x000000010b800000, 0x000000010b800000| Untracked 
| 551|0x000000010bc00000, 0x000000010bc00000, 0x000000010c000000|  0%| F|  |TAMS 0x000000010bc00000, 0x000000010bc00000| Untracked 
| 552|0x000000010c000000, 0x000000010c000000, 0x000000010c400000|  0%| F|  |TAMS 0x000000010c000000, 0x000000010c000000| Untracked 
| 553|0x000000010c400000, 0x000000010c400000, 0x000000010c800000|  0%| F|  |TAMS 0x000000010c400000, 0x000000010c400000| Untracked 
| 554|0x000000010c800000, 0x000000010c800000, 0x000000010cc00000|  0%| F|  |TAMS 0x000000010c800000, 0x000000010c800000| Untracked 
| 555|0x000000010cc00000, 0x000000010cc00000, 0x000000010d000000|  0%| F|  |TAMS 0x000000010cc00000, 0x000000010cc00000| Untracked 
| 556|0x000000010d000000, 0x000000010d000000, 0x000000010d400000|  0%| F|  |TAMS 0x000000010d000000, 0x000000010d000000| Untracked 
| 557|0x000000010d400000, 0x000000010d400000, 0x000000010d800000|  0%| F|  |TAMS 0x000000010d400000, 0x000000010d400000| Untracked 
| 558|0x000000010d800000, 0x000000010d800000, 0x000000010dc00000|  0%| F|  |TAMS 0x000000010d800000, 0x000000010d800000| Untracked 
| 559|0x000000010dc00000, 0x000000010dc00000, 0x000000010e000000|  0%| F|  |TAMS 0x000000010dc00000, 0x000000010dc00000| Untracked 
| 560|0x000000010e000000, 0x000000010e000000, 0x000000010e400000|  0%| F|  |TAMS 0x000000010e000000, 0x000000010e000000| Untracked 
| 561|0x000000010e400000, 0x000000010e400000, 0x000000010e800000|  0%| F|  |TAMS 0x000000010e400000, 0x000000010e400000| Untracked 
| 562|0x000000010e800000, 0x000000010e800000, 0x000000010ec00000|  0%| F|  |TAMS 0x000000010e800000, 0x000000010e800000| Untracked 
| 563|0x000000010ec00000, 0x000000010ec00000, 0x000000010f000000|  0%| F|  |TAMS 0x000000010ec00000, 0x000000010ec00000| Untracked 
| 564|0x000000010f000000, 0x000000010f000000, 0x000000010f400000|  0%| F|  |TAMS 0x000000010f000000, 0x000000010f000000| Untracked 
| 565|0x000000010f400000, 0x000000010f400000, 0x000000010f800000|  0%| F|  |TAMS 0x000000010f400000, 0x000000010f400000| Untracked 
| 566|0x000000010f800000, 0x000000010f800000, 0x000000010fc00000|  0%| F|  |TAMS 0x000000010f800000, 0x000000010f800000| Untracked 
| 567|0x000000010fc00000, 0x000000010fc00000, 0x0000000110000000|  0%| F|  |TAMS 0x000000010fc00000, 0x000000010fc00000| Untracked 
| 568|0x0000000110000000, 0x0000000110000000, 0x0000000110400000|  0%| F|  |TAMS 0x0000000110000000, 0x0000000110000000| Untracked 
| 569|0x0000000110400000, 0x0000000110400000, 0x0000000110800000|  0%| F|  |TAMS 0x0000000110400000, 0x0000000110400000| Untracked 
| 570|0x0000000110800000, 0x0000000110800000, 0x0000000110c00000|  0%| F|  |TAMS 0x0000000110800000, 0x0000000110800000| Untracked 
| 571|0x0000000110c00000, 0x0000000110c00000, 0x0000000111000000|  0%| F|  |TAMS 0x0000000110c00000, 0x0000000110c00000| Untracked 
| 572|0x0000000111000000, 0x0000000111000000, 0x0000000111400000|  0%| F|  |TAMS 0x0000000111000000, 0x0000000111000000| Untracked 
| 573|0x0000000111400000, 0x0000000111400000, 0x0000000111800000|  0%| F|  |TAMS 0x0000000111400000, 0x0000000111400000| Untracked 
| 574|0x0000000111800000, 0x0000000111800000, 0x0000000111c00000|  0%| F|  |TAMS 0x0000000111800000, 0x0000000111800000| Untracked 
| 575|0x0000000111c00000, 0x0000000111c00000, 0x0000000112000000|  0%| F|  |TAMS 0x0000000111c00000, 0x0000000111c00000| Untracked 
| 576|0x0000000112000000, 0x0000000112000000, 0x0000000112400000|  0%| F|  |TAMS 0x0000000112000000, 0x0000000112000000| Untracked 
| 577|0x0000000112400000, 0x0000000112400000, 0x0000000112800000|  0%| F|  |TAMS 0x0000000112400000, 0x0000000112400000| Untracked 
| 578|0x0000000112800000, 0x0000000112800000, 0x0000000112c00000|  0%| F|  |TAMS 0x0000000112800000, 0x0000000112800000| Untracked 
| 579|0x0000000112c00000, 0x0000000112c00000, 0x0000000113000000|  0%| F|  |TAMS 0x0000000112c00000, 0x0000000112c00000| Untracked 
| 580|0x0000000113000000, 0x0000000113000000, 0x0000000113400000|  0%| F|  |TAMS 0x0000000113000000, 0x0000000113000000| Untracked 
| 581|0x0000000113400000, 0x0000000113400000, 0x0000000113800000|  0%| F|  |TAMS 0x0000000113400000, 0x0000000113400000| Untracked 
| 582|0x0000000113800000, 0x0000000113800000, 0x0000000113c00000|  0%| F|  |TAMS 0x0000000113800000, 0x0000000113800000| Untracked 
| 583|0x0000000113c00000, 0x0000000113c00000, 0x0000000114000000|  0%| F|  |TAMS 0x0000000113c00000, 0x0000000113c00000| Untracked 
| 584|0x0000000114000000, 0x0000000114000000, 0x0000000114400000|  0%| F|  |TAMS 0x0000000114000000, 0x0000000114000000| Untracked 
| 585|0x0000000114400000, 0x0000000114800000, 0x0000000114800000|100%| S|CS|TAMS 0x0000000114400000, 0x0000000114400000| Complete 
| 586|0x0000000114800000, 0x0000000114c00000, 0x0000000114c00000|100%| S|CS|TAMS 0x0000000114800000, 0x0000000114800000| Complete 
| 587|0x0000000114c00000, 0x0000000115000000, 0x0000000115000000|100%| S|CS|TAMS 0x0000000114c00000, 0x0000000114c00000| Complete 
| 588|0x0000000115000000, 0x0000000115400000, 0x0000000115400000|100%| S|CS|TAMS 0x0000000115000000, 0x0000000115000000| Complete 
| 589|0x0000000115400000, 0x0000000115800000, 0x0000000115800000|100%| S|CS|TAMS 0x0000000115400000, 0x0000000115400000| Complete 
| 590|0x0000000115800000, 0x0000000115c00000, 0x0000000115c00000|100%| S|CS|TAMS 0x0000000115800000, 0x0000000115800000| Complete 
| 591|0x0000000115c00000, 0x0000000116000000, 0x0000000116000000|100%| S|CS|TAMS 0x0000000115c00000, 0x0000000115c00000| Complete 
| 592|0x0000000116000000, 0x0000000116400000, 0x0000000116400000|100%| S|CS|TAMS 0x0000000116000000, 0x0000000116000000| Complete 
| 593|0x0000000116400000, 0x0000000116800000, 0x0000000116800000|100%| S|CS|TAMS 0x0000000116400000, 0x0000000116400000| Complete 
| 594|0x0000000116800000, 0x0000000116c00000, 0x0000000116c00000|100%| S|CS|TAMS 0x0000000116800000, 0x0000000116800000| Complete 
| 595|0x0000000116c00000, 0x0000000117000000, 0x0000000117000000|100%| S|CS|TAMS 0x0000000116c00000, 0x0000000116c00000| Complete 
| 596|0x0000000117000000, 0x0000000117400000, 0x0000000117400000|100%| S|CS|TAMS 0x0000000117000000, 0x0000000117000000| Complete 
| 597|0x0000000117400000, 0x0000000117800000, 0x0000000117800000|100%| S|CS|TAMS 0x0000000117400000, 0x0000000117400000| Complete 
| 598|0x0000000117800000, 0x0000000117800000, 0x0000000117c00000|  0%| F|  |TAMS 0x0000000117800000, 0x0000000117800000| Untracked 
| 599|0x0000000117c00000, 0x0000000117c00000, 0x0000000118000000|  0%| F|  |TAMS 0x0000000117c00000, 0x0000000117c00000| Untracked 
| 600|0x0000000118000000, 0x0000000118000000, 0x0000000118400000|  0%| F|  |TAMS 0x0000000118000000, 0x0000000118000000| Untracked 
| 601|0x0000000118400000, 0x0000000118400000, 0x0000000118800000|  0%| F|  |TAMS 0x0000000118400000, 0x0000000118400000| Untracked 
| 602|0x0000000118800000, 0x0000000118800000, 0x0000000118c00000|  0%| F|  |TAMS 0x0000000118800000, 0x0000000118800000| Untracked 
| 603|0x0000000118c00000, 0x0000000118c00000, 0x0000000119000000|  0%| F|  |TAMS 0x0000000118c00000, 0x0000000118c00000| Untracked 
| 604|0x0000000119000000, 0x0000000119000000, 0x0000000119400000|  0%| F|  |TAMS 0x0000000119000000, 0x0000000119000000| Untracked 
| 605|0x0000000119400000, 0x0000000119400000, 0x0000000119800000|  0%| F|  |TAMS 0x0000000119400000, 0x0000000119400000| Untracked 
| 606|0x0000000119800000, 0x0000000119800000, 0x0000000119c00000|  0%| F|  |TAMS 0x0000000119800000, 0x0000000119800000| Untracked 
| 607|0x0000000119c00000, 0x0000000119c00000, 0x000000011a000000|  0%| F|  |TAMS 0x0000000119c00000, 0x0000000119c00000| Untracked 
| 608|0x000000011a000000, 0x000000011a000000, 0x000000011a400000|  0%| F|  |TAMS 0x000000011a000000, 0x000000011a000000| Untracked 
| 609|0x000000011a400000, 0x000000011a400000, 0x000000011a800000|  0%| F|  |TAMS 0x000000011a400000, 0x000000011a400000| Untracked 
| 610|0x000000011a800000, 0x000000011a800000, 0x000000011ac00000|  0%| F|  |TAMS 0x000000011a800000, 0x000000011a800000| Untracked 
| 611|0x000000011ac00000, 0x000000011ac00000, 0x000000011b000000|  0%| F|  |TAMS 0x000000011ac00000, 0x000000011ac00000| Untracked 
| 612|0x000000011b000000, 0x000000011b000000, 0x000000011b400000|  0%| F|  |TAMS 0x000000011b000000, 0x000000011b000000| Untracked 
| 613|0x000000011b400000, 0x000000011b400000, 0x000000011b800000|  0%| F|  |TAMS 0x000000011b400000, 0x000000011b400000| Untracked 
| 614|0x000000011b800000, 0x000000011b800000, 0x000000011bc00000|  0%| F|  |TAMS 0x000000011b800000, 0x000000011b800000| Untracked 
| 615|0x000000011bc00000, 0x000000011bc00000, 0x000000011c000000|  0%| F|  |TAMS 0x000000011bc00000, 0x000000011bc00000| Untracked 
| 616|0x000000011c000000, 0x000000011c000000, 0x000000011c400000|  0%| F|  |TAMS 0x000000011c000000, 0x000000011c000000| Untracked 
| 617|0x000000011c400000, 0x000000011c400000, 0x000000011c800000|  0%| F|  |TAMS 0x000000011c400000, 0x000000011c400000| Untracked 
| 618|0x000000011c800000, 0x000000011c800000, 0x000000011cc00000|  0%| F|  |TAMS 0x000000011c800000, 0x000000011c800000| Untracked 
| 619|0x000000011cc00000, 0x000000011cc00000, 0x000000011d000000|  0%| F|  |TAMS 0x000000011cc00000, 0x000000011cc00000| Untracked 
| 620|0x000000011d000000, 0x000000011d000000, 0x000000011d400000|  0%| F|  |TAMS 0x000000011d000000, 0x000000011d000000| Untracked 
| 621|0x000000011d400000, 0x000000011d400000, 0x000000011d800000|  0%| F|  |TAMS 0x000000011d400000, 0x000000011d400000| Untracked 
| 622|0x000000011d800000, 0x000000011d800000, 0x000000011dc00000|  0%| F|  |TAMS 0x000000011d800000, 0x000000011d800000| Untracked 
| 623|0x000000011dc00000, 0x000000011dc00000, 0x000000011e000000|  0%| F|  |TAMS 0x000000011dc00000, 0x000000011dc00000| Untracked 
| 624|0x000000011e000000, 0x000000011e000000, 0x000000011e400000|  0%| F|  |TAMS 0x000000011e000000, 0x000000011e000000| Untracked 
| 625|0x000000011e400000, 0x000000011e400000, 0x000000011e800000|  0%| F|  |TAMS 0x000000011e400000, 0x000000011e400000| Untracked 
| 626|0x000000011e800000, 0x000000011e800000, 0x000000011ec00000|  0%| F|  |TAMS 0x000000011e800000, 0x000000011e800000| Untracked 
| 627|0x000000011ec00000, 0x000000011ec00000, 0x000000011f000000|  0%| F|  |TAMS 0x000000011ec00000, 0x000000011ec00000| Untracked 
| 628|0x000000011f000000, 0x000000011f000000, 0x000000011f400000|  0%| F|  |TAMS 0x000000011f000000, 0x000000011f000000| Untracked 
| 629|0x000000011f400000, 0x000000011f400000, 0x000000011f800000|  0%| F|  |TAMS 0x000000011f400000, 0x000000011f400000| Untracked 
| 630|0x000000011f800000, 0x000000011f800000, 0x000000011fc00000|  0%| F|  |TAMS 0x000000011f800000, 0x000000011f800000| Untracked 
| 631|0x000000011fc00000, 0x000000011fc00000, 0x0000000120000000|  0%| F|  |TAMS 0x000000011fc00000, 0x000000011fc00000| Untracked 
| 632|0x0000000120000000, 0x0000000120000000, 0x0000000120400000|  0%| F|  |TAMS 0x0000000120000000, 0x0000000120000000| Untracked 
| 633|0x0000000120400000, 0x0000000120400000, 0x0000000120800000|  0%| F|  |TAMS 0x0000000120400000, 0x0000000120400000| Untracked 
| 634|0x0000000120800000, 0x0000000120800000, 0x0000000120c00000|  0%| F|  |TAMS 0x0000000120800000, 0x0000000120800000| Untracked 
| 635|0x0000000120c00000, 0x0000000120c00000, 0x0000000121000000|  0%| F|  |TAMS 0x0000000120c00000, 0x0000000120c00000| Untracked 
| 636|0x0000000121000000, 0x0000000121000000, 0x0000000121400000|  0%| F|  |TAMS 0x0000000121000000, 0x0000000121000000| Untracked 
| 637|0x0000000121400000, 0x0000000121400000, 0x0000000121800000|  0%| F|  |TAMS 0x0000000121400000, 0x0000000121400000| Untracked 
| 638|0x0000000121800000, 0x0000000121800000, 0x0000000121c00000|  0%| F|  |TAMS 0x0000000121800000, 0x0000000121800000| Untracked 
| 639|0x0000000121c00000, 0x0000000121c00000, 0x0000000122000000|  0%| F|  |TAMS 0x0000000121c00000, 0x0000000121c00000| Untracked 
| 640|0x0000000122000000, 0x0000000122000000, 0x0000000122400000|  0%| F|  |TAMS 0x0000000122000000, 0x0000000122000000| Untracked 
| 641|0x0000000122400000, 0x0000000122400000, 0x0000000122800000|  0%| F|  |TAMS 0x0000000122400000, 0x0000000122400000| Untracked 
| 642|0x0000000122800000, 0x0000000122800000, 0x0000000122c00000|  0%| F|  |TAMS 0x0000000122800000, 0x0000000122800000| Untracked 
| 643|0x0000000122c00000, 0x0000000122c00000, 0x0000000123000000|  0%| F|  |TAMS 0x0000000122c00000, 0x0000000122c00000| Untracked 
| 644|0x0000000123000000, 0x0000000123000000, 0x0000000123400000|  0%| F|  |TAMS 0x0000000123000000, 0x0000000123000000| Untracked 
| 645|0x0000000123400000, 0x0000000123400000, 0x0000000123800000|  0%| F|  |TAMS 0x0000000123400000, 0x0000000123400000| Untracked 
| 646|0x0000000123800000, 0x0000000123800000, 0x0000000123c00000|  0%| F|  |TAMS 0x0000000123800000, 0x0000000123800000| Untracked 
| 647|0x0000000123c00000, 0x0000000123c00000, 0x0000000124000000|  0%| F|  |TAMS 0x0000000123c00000, 0x0000000123c00000| Untracked 
| 648|0x0000000124000000, 0x0000000124000000, 0x0000000124400000|  0%| F|  |TAMS 0x0000000124000000, 0x0000000124000000| Untracked 
| 649|0x0000000124400000, 0x0000000124400000, 0x0000000124800000|  0%| F|  |TAMS 0x0000000124400000, 0x0000000124400000| Untracked 
| 650|0x0000000124800000, 0x0000000124800000, 0x0000000124c00000|  0%| F|  |TAMS 0x0000000124800000, 0x0000000124800000| Untracked 
| 651|0x0000000124c00000, 0x0000000124c00000, 0x0000000125000000|  0%| F|  |TAMS 0x0000000124c00000, 0x0000000124c00000| Untracked 
| 652|0x0000000125000000, 0x0000000125000000, 0x0000000125400000|  0%| F|  |TAMS 0x0000000125000000, 0x0000000125000000| Untracked 
| 653|0x0000000125400000, 0x0000000125400000, 0x0000000125800000|  0%| F|  |TAMS 0x0000000125400000, 0x0000000125400000| Untracked 
| 654|0x0000000125800000, 0x0000000125800000, 0x0000000125c00000|  0%| F|  |TAMS 0x0000000125800000, 0x0000000125800000| Untracked 
| 655|0x0000000125c00000, 0x0000000125c00000, 0x0000000126000000|  0%| F|  |TAMS 0x0000000125c00000, 0x0000000125c00000| Untracked 
| 656|0x0000000126000000, 0x0000000126000000, 0x0000000126400000|  0%| F|  |TAMS 0x0000000126000000, 0x0000000126000000| Untracked 
| 657|0x0000000126400000, 0x0000000126400000, 0x0000000126800000|  0%| F|  |TAMS 0x0000000126400000, 0x0000000126400000| Untracked 
| 658|0x0000000126800000, 0x0000000126800000, 0x0000000126c00000|  0%| F|  |TAMS 0x0000000126800000, 0x0000000126800000| Untracked 
| 659|0x0000000126c00000, 0x0000000126c00000, 0x0000000127000000|  0%| F|  |TAMS 0x0000000126c00000, 0x0000000126c00000| Untracked 
| 660|0x0000000127000000, 0x0000000127000000, 0x0000000127400000|  0%| F|  |TAMS 0x0000000127000000, 0x0000000127000000| Untracked 
| 661|0x0000000127400000, 0x0000000127400000, 0x0000000127800000|  0%| F|  |TAMS 0x0000000127400000, 0x0000000127400000| Untracked 
| 662|0x0000000127800000, 0x0000000127800000, 0x0000000127c00000|  0%| F|  |TAMS 0x0000000127800000, 0x0000000127800000| Untracked 
| 663|0x0000000127c00000, 0x0000000127c00000, 0x0000000128000000|  0%| F|  |TAMS 0x0000000127c00000, 0x0000000127c00000| Untracked 
| 664|0x0000000128000000, 0x0000000128000000, 0x0000000128400000|  0%| F|  |TAMS 0x0000000128000000, 0x0000000128000000| Untracked 
| 665|0x0000000128400000, 0x0000000128400000, 0x0000000128800000|  0%| F|  |TAMS 0x0000000128400000, 0x0000000128400000| Untracked 
| 666|0x0000000128800000, 0x0000000128800000, 0x0000000128c00000|  0%| F|  |TAMS 0x0000000128800000, 0x0000000128800000| Untracked 
| 667|0x0000000128c00000, 0x0000000128c00000, 0x0000000129000000|  0%| F|  |TAMS 0x0000000128c00000, 0x0000000128c00000| Untracked 
| 668|0x0000000129000000, 0x0000000129000000, 0x0000000129400000|  0%| F|  |TAMS 0x0000000129000000, 0x0000000129000000| Untracked 
| 669|0x0000000129400000, 0x0000000129400000, 0x0000000129800000|  0%| F|  |TAMS 0x0000000129400000, 0x0000000129400000| Untracked 
| 670|0x0000000129800000, 0x0000000129800000, 0x0000000129c00000|  0%| F|  |TAMS 0x0000000129800000, 0x0000000129800000| Untracked 
| 671|0x0000000129c00000, 0x0000000129c00000, 0x000000012a000000|  0%| F|  |TAMS 0x0000000129c00000, 0x0000000129c00000| Untracked 
| 672|0x000000012a000000, 0x000000012a000000, 0x000000012a400000|  0%| F|  |TAMS 0x000000012a000000, 0x000000012a000000| Untracked 
| 673|0x000000012a400000, 0x000000012a400000, 0x000000012a800000|  0%| F|  |TAMS 0x000000012a400000, 0x000000012a400000| Untracked 
| 674|0x000000012a800000, 0x000000012a800000, 0x000000012ac00000|  0%| F|  |TAMS 0x000000012a800000, 0x000000012a800000| Untracked 
| 675|0x000000012ac00000, 0x000000012ac00000, 0x000000012b000000|  0%| F|  |TAMS 0x000000012ac00000, 0x000000012ac00000| Untracked 
| 676|0x000000012b000000, 0x000000012b000000, 0x000000012b400000|  0%| F|  |TAMS 0x000000012b000000, 0x000000012b000000| Untracked 
| 677|0x000000012b400000, 0x000000012b400000, 0x000000012b800000|  0%| F|  |TAMS 0x000000012b400000, 0x000000012b400000| Untracked 
| 678|0x000000012b800000, 0x000000012b800000, 0x000000012bc00000|  0%| F|  |TAMS 0x000000012b800000, 0x000000012b800000| Untracked 
| 679|0x000000012bc00000, 0x000000012bc00000, 0x000000012c000000|  0%| F|  |TAMS 0x000000012bc00000, 0x000000012bc00000| Untracked 
| 680|0x000000012c000000, 0x000000012c000000, 0x000000012c400000|  0%| F|  |TAMS 0x000000012c000000, 0x000000012c000000| Untracked 
| 681|0x000000012c400000, 0x000000012c400000, 0x000000012c800000|  0%| F|  |TAMS 0x000000012c400000, 0x000000012c400000| Untracked 
| 682|0x000000012c800000, 0x000000012c800000, 0x000000012cc00000|  0%| F|  |TAMS 0x000000012c800000, 0x000000012c800000| Untracked 
| 683|0x000000012cc00000, 0x000000012cc00000, 0x000000012d000000|  0%| F|  |TAMS 0x000000012cc00000, 0x000000012cc00000| Untracked 
| 684|0x000000012d000000, 0x000000012d000000, 0x000000012d400000|  0%| F|  |TAMS 0x000000012d000000, 0x000000012d000000| Untracked 
| 685|0x000000012d400000, 0x000000012d400000, 0x000000012d800000|  0%| F|  |TAMS 0x000000012d400000, 0x000000012d400000| Untracked 
| 686|0x000000012d800000, 0x000000012d800000, 0x000000012dc00000|  0%| F|  |TAMS 0x000000012d800000, 0x000000012d800000| Untracked 
| 687|0x000000012dc00000, 0x000000012dc00000, 0x000000012e000000|  0%| F|  |TAMS 0x000000012dc00000, 0x000000012dc00000| Untracked 
| 688|0x000000012e000000, 0x000000012e000000, 0x000000012e400000|  0%| F|  |TAMS 0x000000012e000000, 0x000000012e000000| Untracked 
| 689|0x000000012e400000, 0x000000012e400000, 0x000000012e800000|  0%| F|  |TAMS 0x000000012e400000, 0x000000012e400000| Untracked 
| 690|0x000000012e800000, 0x000000012e800000, 0x000000012ec00000|  0%| F|  |TAMS 0x000000012e800000, 0x000000012e800000| Untracked 
| 691|0x000000012ec00000, 0x000000012ec00000, 0x000000012f000000|  0%| F|  |TAMS 0x000000012ec00000, 0x000000012ec00000| Untracked 
| 692|0x000000012f000000, 0x000000012f000000, 0x000000012f400000|  0%| F|  |TAMS 0x000000012f000000, 0x000000012f000000| Untracked 
| 693|0x000000012f400000, 0x000000012f400000, 0x000000012f800000|  0%| F|  |TAMS 0x000000012f400000, 0x000000012f400000| Untracked 
| 694|0x000000012f800000, 0x000000012f800000, 0x000000012fc00000|  0%| F|  |TAMS 0x000000012f800000, 0x000000012f800000| Untracked 
| 695|0x000000012fc00000, 0x000000012fc00000, 0x0000000130000000|  0%| F|  |TAMS 0x000000012fc00000, 0x000000012fc00000| Untracked 
| 696|0x0000000130000000, 0x0000000130000000, 0x0000000130400000|  0%| F|  |TAMS 0x0000000130000000, 0x0000000130000000| Untracked 
| 697|0x0000000130400000, 0x0000000130400000, 0x0000000130800000|  0%| F|  |TAMS 0x0000000130400000, 0x0000000130400000| Untracked 
| 698|0x0000000130800000, 0x0000000130800000, 0x0000000130c00000|  0%| F|  |TAMS 0x0000000130800000, 0x0000000130800000| Untracked 
| 699|0x0000000130c00000, 0x0000000130c00000, 0x0000000131000000|  0%| F|  |TAMS 0x0000000130c00000, 0x0000000130c00000| Untracked 
| 700|0x0000000131000000, 0x0000000131000000, 0x0000000131400000|  0%| F|  |TAMS 0x0000000131000000, 0x0000000131000000| Untracked 
| 701|0x0000000131400000, 0x0000000131400000, 0x0000000131800000|  0%| F|  |TAMS 0x0000000131400000, 0x0000000131400000| Untracked 
| 702|0x0000000131800000, 0x0000000131800000, 0x0000000131c00000|  0%| F|  |TAMS 0x0000000131800000, 0x0000000131800000| Untracked 
| 703|0x0000000131c00000, 0x0000000131c00000, 0x0000000132000000|  0%| F|  |TAMS 0x0000000131c00000, 0x0000000131c00000| Untracked 
| 704|0x0000000132000000, 0x0000000132000000, 0x0000000132400000|  0%| F|  |TAMS 0x0000000132000000, 0x0000000132000000| Untracked 
| 705|0x0000000132400000, 0x0000000132400000, 0x0000000132800000|  0%| F|  |TAMS 0x0000000132400000, 0x0000000132400000| Untracked 
| 706|0x0000000132800000, 0x0000000132800000, 0x0000000132c00000|  0%| F|  |TAMS 0x0000000132800000, 0x0000000132800000| Untracked 
| 707|0x0000000132c00000, 0x0000000132c00000, 0x0000000133000000|  0%| F|  |TAMS 0x0000000132c00000, 0x0000000132c00000| Untracked 
| 708|0x0000000133000000, 0x0000000133000000, 0x0000000133400000|  0%| F|  |TAMS 0x0000000133000000, 0x0000000133000000| Untracked 
| 709|0x0000000133400000, 0x0000000133400000, 0x0000000133800000|  0%| F|  |TAMS 0x0000000133400000, 0x0000000133400000| Untracked 
| 710|0x0000000133800000, 0x0000000133800000, 0x0000000133c00000|  0%| F|  |TAMS 0x0000000133800000, 0x0000000133800000| Untracked 
| 711|0x0000000133c00000, 0x0000000133c00000, 0x0000000134000000|  0%| F|  |TAMS 0x0000000133c00000, 0x0000000133c00000| Untracked 
| 712|0x0000000134000000, 0x0000000134000000, 0x0000000134400000|  0%| F|  |TAMS 0x0000000134000000, 0x0000000134000000| Untracked 
| 713|0x0000000134400000, 0x0000000134400000, 0x0000000134800000|  0%| F|  |TAMS 0x0000000134400000, 0x0000000134400000| Untracked 
| 714|0x0000000134800000, 0x0000000134800000, 0x0000000134c00000|  0%| F|  |TAMS 0x0000000134800000, 0x0000000134800000| Untracked 
| 715|0x0000000134c00000, 0x0000000134c00000, 0x0000000135000000|  0%| F|  |TAMS 0x0000000134c00000, 0x0000000134c00000| Untracked 
| 716|0x0000000135000000, 0x0000000135000000, 0x0000000135400000|  0%| F|  |TAMS 0x0000000135000000, 0x0000000135000000| Untracked 
| 717|0x0000000135400000, 0x0000000135400000, 0x0000000135800000|  0%| F|  |TAMS 0x0000000135400000, 0x0000000135400000| Untracked 
| 718|0x0000000135800000, 0x0000000135800000, 0x0000000135c00000|  0%| F|  |TAMS 0x0000000135800000, 0x0000000135800000| Untracked 
| 719|0x0000000135c00000, 0x0000000135c00000, 0x0000000136000000|  0%| F|  |TAMS 0x0000000135c00000, 0x0000000135c00000| Untracked 
| 720|0x0000000136000000, 0x0000000136000000, 0x0000000136400000|  0%| F|  |TAMS 0x0000000136000000, 0x0000000136000000| Untracked 
| 721|0x0000000136400000, 0x0000000136400000, 0x0000000136800000|  0%| F|  |TAMS 0x0000000136400000, 0x0000000136400000| Untracked 
| 722|0x0000000136800000, 0x0000000136800000, 0x0000000136c00000|  0%| F|  |TAMS 0x0000000136800000, 0x0000000136800000| Untracked 
| 723|0x0000000136c00000, 0x0000000136c00000, 0x0000000137000000|  0%| F|  |TAMS 0x0000000136c00000, 0x0000000136c00000| Untracked 
| 724|0x0000000137000000, 0x0000000137000000, 0x0000000137400000|  0%| F|  |TAMS 0x0000000137000000, 0x0000000137000000| Untracked 
| 725|0x0000000137400000, 0x0000000137400000, 0x0000000137800000|  0%| F|  |TAMS 0x0000000137400000, 0x0000000137400000| Untracked 
| 726|0x0000000137800000, 0x0000000137800000, 0x0000000137c00000|  0%| F|  |TAMS 0x0000000137800000, 0x0000000137800000| Untracked 
| 727|0x0000000137c00000, 0x0000000137c00000, 0x0000000138000000|  0%| F|  |TAMS 0x0000000137c00000, 0x0000000137c00000| Untracked 
| 728|0x0000000138000000, 0x0000000138000000, 0x0000000138400000|  0%| F|  |TAMS 0x0000000138000000, 0x0000000138000000| Untracked 
| 729|0x0000000138400000, 0x0000000138400000, 0x0000000138800000|  0%| F|  |TAMS 0x0000000138400000, 0x0000000138400000| Untracked 
| 730|0x0000000138800000, 0x0000000138800000, 0x0000000138c00000|  0%| F|  |TAMS 0x0000000138800000, 0x0000000138800000| Untracked 
| 731|0x0000000138c00000, 0x0000000138c00000, 0x0000000139000000|  0%| F|  |TAMS 0x0000000138c00000, 0x0000000138c00000| Untracked 
| 732|0x0000000139000000, 0x0000000139000000, 0x0000000139400000|  0%| F|  |TAMS 0x0000000139000000, 0x0000000139000000| Untracked 
| 733|0x0000000139400000, 0x0000000139400000, 0x0000000139800000|  0%| F|  |TAMS 0x0000000139400000, 0x0000000139400000| Untracked 
| 734|0x0000000139800000, 0x0000000139800000, 0x0000000139c00000|  0%| F|  |TAMS 0x0000000139800000, 0x0000000139800000| Untracked 
| 735|0x0000000139c00000, 0x0000000139c00000, 0x000000013a000000|  0%| F|  |TAMS 0x0000000139c00000, 0x0000000139c00000| Untracked 
| 736|0x000000013a000000, 0x000000013a000000, 0x000000013a400000|  0%| F|  |TAMS 0x000000013a000000, 0x000000013a000000| Untracked 
| 737|0x000000013a400000, 0x000000013a400000, 0x000000013a800000|  0%| F|  |TAMS 0x000000013a400000, 0x000000013a400000| Untracked 
| 738|0x000000013a800000, 0x000000013a800000, 0x000000013ac00000|  0%| F|  |TAMS 0x000000013a800000, 0x000000013a800000| Untracked 
| 739|0x000000013ac00000, 0x000000013ac00000, 0x000000013b000000|  0%| F|  |TAMS 0x000000013ac00000, 0x000000013ac00000| Untracked 
| 740|0x000000013b000000, 0x000000013b000000, 0x000000013b400000|  0%| F|  |TAMS 0x000000013b000000, 0x000000013b000000| Untracked 
| 741|0x000000013b400000, 0x000000013b400000, 0x000000013b800000|  0%| F|  |TAMS 0x000000013b400000, 0x000000013b400000| Untracked 
| 742|0x000000013b800000, 0x000000013b800000, 0x000000013bc00000|  0%| F|  |TAMS 0x000000013b800000, 0x000000013b800000| Untracked 
| 743|0x000000013bc00000, 0x000000013bc00000, 0x000000013c000000|  0%| F|  |TAMS 0x000000013bc00000, 0x000000013bc00000| Untracked 
| 744|0x000000013c000000, 0x000000013c000000, 0x000000013c400000|  0%| F|  |TAMS 0x000000013c000000, 0x000000013c000000| Untracked 
| 745|0x000000013c400000, 0x000000013c400000, 0x000000013c800000|  0%| F|  |TAMS 0x000000013c400000, 0x000000013c400000| Untracked 
| 746|0x000000013c800000, 0x000000013c800000, 0x000000013cc00000|  0%| F|  |TAMS 0x000000013c800000, 0x000000013c800000| Untracked 
| 747|0x000000013cc00000, 0x000000013cc00000, 0x000000013d000000|  0%| F|  |TAMS 0x000000013cc00000, 0x000000013cc00000| Untracked 
| 748|0x000000013d000000, 0x000000013d000000, 0x000000013d400000|  0%| F|  |TAMS 0x000000013d000000, 0x000000013d000000| Untracked 
| 749|0x000000013d400000, 0x000000013d400000, 0x000000013d800000|  0%| F|  |TAMS 0x000000013d400000, 0x000000013d400000| Untracked 
| 750|0x000000013d800000, 0x000000013d800000, 0x000000013dc00000|  0%| F|  |TAMS 0x000000013d800000, 0x000000013d800000| Untracked 
| 751|0x000000013dc00000, 0x000000013dc00000, 0x000000013e000000|  0%| F|  |TAMS 0x000000013dc00000, 0x000000013dc00000| Untracked 
| 752|0x000000013e000000, 0x000000013e000000, 0x000000013e400000|  0%| F|  |TAMS 0x000000013e000000, 0x000000013e000000| Untracked 
| 753|0x000000013e400000, 0x000000013e400000, 0x000000013e800000|  0%| F|  |TAMS 0x000000013e400000, 0x000000013e400000| Untracked 
| 754|0x000000013e800000, 0x000000013e800000, 0x000000013ec00000|  0%| F|  |TAMS 0x000000013e800000, 0x000000013e800000| Untracked 
| 755|0x000000013ec00000, 0x000000013ec00000, 0x000000013f000000|  0%| F|  |TAMS 0x000000013ec00000, 0x000000013ec00000| Untracked 
| 756|0x000000013f000000, 0x000000013f000000, 0x000000013f400000|  0%| F|  |TAMS 0x000000013f000000, 0x000000013f000000| Untracked 
| 757|0x000000013f400000, 0x000000013f400000, 0x000000013f800000|  0%| F|  |TAMS 0x000000013f400000, 0x000000013f400000| Untracked 
| 758|0x000000013f800000, 0x000000013f800000, 0x000000013fc00000|  0%| F|  |TAMS 0x000000013f800000, 0x000000013f800000| Untracked 
| 759|0x000000013fc00000, 0x000000013fc00000, 0x0000000140000000|  0%| F|  |TAMS 0x000000013fc00000, 0x000000013fc00000| Untracked 
| 760|0x0000000140000000, 0x0000000140000000, 0x0000000140400000|  0%| F|  |TAMS 0x0000000140000000, 0x0000000140000000| Untracked 
| 761|0x0000000140400000, 0x0000000140400000, 0x0000000140800000|  0%| F|  |TAMS 0x0000000140400000, 0x0000000140400000| Untracked 
| 762|0x0000000140800000, 0x0000000140800000, 0x0000000140c00000|  0%| F|  |TAMS 0x0000000140800000, 0x0000000140800000| Untracked 
| 763|0x0000000140c00000, 0x0000000140c00000, 0x0000000141000000|  0%| F|  |TAMS 0x0000000140c00000, 0x0000000140c00000| Untracked 
| 764|0x0000000141000000, 0x0000000141000000, 0x0000000141400000|  0%| F|  |TAMS 0x0000000141000000, 0x0000000141000000| Untracked 
| 765|0x0000000141400000, 0x0000000141400000, 0x0000000141800000|  0%| F|  |TAMS 0x0000000141400000, 0x0000000141400000| Untracked 
| 766|0x0000000141800000, 0x0000000141800000, 0x0000000141c00000|  0%| F|  |TAMS 0x0000000141800000, 0x0000000141800000| Untracked 
| 767|0x0000000141c00000, 0x0000000141c00000, 0x0000000142000000|  0%| F|  |TAMS 0x0000000141c00000, 0x0000000141c00000| Untracked 
| 768|0x0000000142000000, 0x0000000142000000, 0x0000000142400000|  0%| F|  |TAMS 0x0000000142000000, 0x0000000142000000| Untracked 
| 769|0x0000000142400000, 0x0000000142400000, 0x0000000142800000|  0%| F|  |TAMS 0x0000000142400000, 0x0000000142400000| Untracked 
| 770|0x0000000142800000, 0x0000000142800000, 0x0000000142c00000|  0%| F|  |TAMS 0x0000000142800000, 0x0000000142800000| Untracked 
| 771|0x0000000142c00000, 0x0000000142c00000, 0x0000000143000000|  0%| F|  |TAMS 0x0000000142c00000, 0x0000000142c00000| Untracked 
| 772|0x0000000143000000, 0x0000000143000000, 0x0000000143400000|  0%| F|  |TAMS 0x0000000143000000, 0x0000000143000000| Untracked 
| 773|0x0000000143400000, 0x0000000143400000, 0x0000000143800000|  0%| F|  |TAMS 0x0000000143400000, 0x0000000143400000| Untracked 
| 774|0x0000000143800000, 0x0000000143800000, 0x0000000143c00000|  0%| F|  |TAMS 0x0000000143800000, 0x0000000143800000| Untracked 
| 775|0x0000000143c00000, 0x0000000143c00000, 0x0000000144000000|  0%| F|  |TAMS 0x0000000143c00000, 0x0000000143c00000| Untracked 
| 776|0x0000000144000000, 0x0000000144000000, 0x0000000144400000|  0%| F|  |TAMS 0x0000000144000000, 0x0000000144000000| Untracked 
| 777|0x0000000144400000, 0x0000000144400000, 0x0000000144800000|  0%| F|  |TAMS 0x0000000144400000, 0x0000000144400000| Untracked 
| 778|0x0000000144800000, 0x0000000144800000, 0x0000000144c00000|  0%| F|  |TAMS 0x0000000144800000, 0x0000000144800000| Untracked 
| 779|0x0000000144c00000, 0x0000000144c00000, 0x0000000145000000|  0%| F|  |TAMS 0x0000000144c00000, 0x0000000144c00000| Untracked 
| 780|0x0000000145000000, 0x0000000145000000, 0x0000000145400000|  0%| F|  |TAMS 0x0000000145000000, 0x0000000145000000| Untracked 
| 781|0x0000000145400000, 0x0000000145400000, 0x0000000145800000|  0%| F|  |TAMS 0x0000000145400000, 0x0000000145400000| Untracked 
| 782|0x0000000145800000, 0x0000000145800000, 0x0000000145c00000|  0%| F|  |TAMS 0x0000000145800000, 0x0000000145800000| Untracked 
| 783|0x0000000145c00000, 0x0000000145c00000, 0x0000000146000000|  0%| F|  |TAMS 0x0000000145c00000, 0x0000000145c00000| Untracked 
| 784|0x0000000146000000, 0x0000000146000000, 0x0000000146400000|  0%| F|  |TAMS 0x0000000146000000, 0x0000000146000000| Untracked 
| 785|0x0000000146400000, 0x0000000146400000, 0x0000000146800000|  0%| F|  |TAMS 0x0000000146400000, 0x0000000146400000| Untracked 
| 786|0x0000000146800000, 0x0000000146800000, 0x0000000146c00000|  0%| F|  |TAMS 0x0000000146800000, 0x0000000146800000| Untracked 
| 787|0x0000000146c00000, 0x0000000146c00000, 0x0000000147000000|  0%| F|  |TAMS 0x0000000146c00000, 0x0000000146c00000| Untracked 
| 788|0x0000000147000000, 0x0000000147000000, 0x0000000147400000|  0%| F|  |TAMS 0x0000000147000000, 0x0000000147000000| Untracked 
| 789|0x0000000147400000, 0x0000000147400000, 0x0000000147800000|  0%| F|  |TAMS 0x0000000147400000, 0x0000000147400000| Untracked 
| 790|0x0000000147800000, 0x0000000147800000, 0x0000000147c00000|  0%| F|  |TAMS 0x0000000147800000, 0x0000000147800000| Untracked 
| 791|0x0000000147c00000, 0x0000000147c00000, 0x0000000148000000|  0%| F|  |TAMS 0x0000000147c00000, 0x0000000147c00000| Untracked 
| 792|0x0000000148000000, 0x0000000148000000, 0x0000000148400000|  0%| F|  |TAMS 0x0000000148000000, 0x0000000148000000| Untracked 
| 793|0x0000000148400000, 0x0000000148400000, 0x0000000148800000|  0%| F|  |TAMS 0x0000000148400000, 0x0000000148400000| Untracked 
| 794|0x0000000148800000, 0x0000000148800000, 0x0000000148c00000|  0%| F|  |TAMS 0x0000000148800000, 0x0000000148800000| Untracked 
| 795|0x0000000148c00000, 0x0000000148c00000, 0x0000000149000000|  0%| F|  |TAMS 0x0000000148c00000, 0x0000000148c00000| Untracked 
| 796|0x0000000149000000, 0x0000000149000000, 0x0000000149400000|  0%| F|  |TAMS 0x0000000149000000, 0x0000000149000000| Untracked 
| 797|0x0000000149400000, 0x0000000149400000, 0x0000000149800000|  0%| F|  |TAMS 0x0000000149400000, 0x0000000149400000| Untracked 
| 798|0x0000000149800000, 0x0000000149800000, 0x0000000149c00000|  0%| F|  |TAMS 0x0000000149800000, 0x0000000149800000| Untracked 
| 799|0x0000000149c00000, 0x0000000149c00000, 0x000000014a000000|  0%| F|  |TAMS 0x0000000149c00000, 0x0000000149c00000| Untracked 
| 800|0x000000014a000000, 0x000000014a000000, 0x000000014a400000|  0%| F|  |TAMS 0x000000014a000000, 0x000000014a000000| Untracked 
| 801|0x000000014a400000, 0x000000014a400000, 0x000000014a800000|  0%| F|  |TAMS 0x000000014a400000, 0x000000014a400000| Untracked 
| 802|0x000000014a800000, 0x000000014a800000, 0x000000014ac00000|  0%| F|  |TAMS 0x000000014a800000, 0x000000014a800000| Untracked 
| 803|0x000000014ac00000, 0x000000014ac00000, 0x000000014b000000|  0%| F|  |TAMS 0x000000014ac00000, 0x000000014ac00000| Untracked 
| 804|0x000000014b000000, 0x000000014b000000, 0x000000014b400000|  0%| F|  |TAMS 0x000000014b000000, 0x000000014b000000| Untracked 
| 805|0x000000014b400000, 0x000000014b400000, 0x000000014b800000|  0%| F|  |TAMS 0x000000014b400000, 0x000000014b400000| Untracked 
| 806|0x000000014b800000, 0x000000014b800000, 0x000000014bc00000|  0%| F|  |TAMS 0x000000014b800000, 0x000000014b800000| Untracked 
| 807|0x000000014bc00000, 0x000000014bc00000, 0x000000014c000000|  0%| F|  |TAMS 0x000000014bc00000, 0x000000014bc00000| Untracked 
| 808|0x000000014c000000, 0x000000014c000000, 0x000000014c400000|  0%| F|  |TAMS 0x000000014c000000, 0x000000014c000000| Untracked 
| 809|0x000000014c400000, 0x000000014c400000, 0x000000014c800000|  0%| F|  |TAMS 0x000000014c400000, 0x000000014c400000| Untracked 
| 810|0x000000014c800000, 0x000000014c800000, 0x000000014cc00000|  0%| F|  |TAMS 0x000000014c800000, 0x000000014c800000| Untracked 
| 811|0x000000014cc00000, 0x000000014cc00000, 0x000000014d000000|  0%| F|  |TAMS 0x000000014cc00000, 0x000000014cc00000| Untracked 
| 812|0x000000014d000000, 0x000000014d000000, 0x000000014d400000|  0%| F|  |TAMS 0x000000014d000000, 0x000000014d000000| Untracked 
| 813|0x000000014d400000, 0x000000014d400000, 0x000000014d800000|  0%| F|  |TAMS 0x000000014d400000, 0x000000014d400000| Untracked 
| 814|0x000000014d800000, 0x000000014d800000, 0x000000014dc00000|  0%| F|  |TAMS 0x000000014d800000, 0x000000014d800000| Untracked 
| 815|0x000000014dc00000, 0x000000014dc00000, 0x000000014e000000|  0%| F|  |TAMS 0x000000014dc00000, 0x000000014dc00000| Untracked 
| 816|0x000000014e000000, 0x000000014e000000, 0x000000014e400000|  0%| F|  |TAMS 0x000000014e000000, 0x000000014e000000| Untracked 
| 817|0x000000014e400000, 0x000000014e400000, 0x000000014e800000|  0%| F|  |TAMS 0x000000014e400000, 0x000000014e400000| Untracked 
| 818|0x000000014e800000, 0x000000014e800000, 0x000000014ec00000|  0%| F|  |TAMS 0x000000014e800000, 0x000000014e800000| Untracked 
| 819|0x000000014ec00000, 0x000000014ec00000, 0x000000014f000000|  0%| F|  |TAMS 0x000000014ec00000, 0x000000014ec00000| Untracked 
| 820|0x000000014f000000, 0x000000014f000000, 0x000000014f400000|  0%| F|  |TAMS 0x000000014f000000, 0x000000014f000000| Untracked 
| 821|0x000000014f400000, 0x000000014f400000, 0x000000014f800000|  0%| F|  |TAMS 0x000000014f400000, 0x000000014f400000| Untracked 
| 822|0x000000014f800000, 0x000000014f800000, 0x000000014fc00000|  0%| F|  |TAMS 0x000000014f800000, 0x000000014f800000| Untracked 
| 823|0x000000014fc00000, 0x000000014fc00000, 0x0000000150000000|  0%| F|  |TAMS 0x000000014fc00000, 0x000000014fc00000| Untracked 
| 824|0x0000000150000000, 0x0000000150000000, 0x0000000150400000|  0%| F|  |TAMS 0x0000000150000000, 0x0000000150000000| Untracked 
| 825|0x0000000150400000, 0x0000000150400000, 0x0000000150800000|  0%| F|  |TAMS 0x0000000150400000, 0x0000000150400000| Untracked 
| 826|0x0000000150800000, 0x0000000150800000, 0x0000000150c00000|  0%| F|  |TAMS 0x0000000150800000, 0x0000000150800000| Untracked 
| 827|0x0000000150c00000, 0x0000000150c00000, 0x0000000151000000|  0%| F|  |TAMS 0x0000000150c00000, 0x0000000150c00000| Untracked 
| 828|0x0000000151000000, 0x0000000151000000, 0x0000000151400000|  0%| F|  |TAMS 0x0000000151000000, 0x0000000151000000| Untracked 
| 829|0x0000000151400000, 0x0000000151400000, 0x0000000151800000|  0%| F|  |TAMS 0x0000000151400000, 0x0000000151400000| Untracked 
| 830|0x0000000151800000, 0x0000000151800000, 0x0000000151c00000|  0%| F|  |TAMS 0x0000000151800000, 0x0000000151800000| Untracked 
| 831|0x0000000151c00000, 0x0000000151c00000, 0x0000000152000000|  0%| F|  |TAMS 0x0000000151c00000, 0x0000000151c00000| Untracked 
| 832|0x0000000152000000, 0x0000000152000000, 0x0000000152400000|  0%| F|  |TAMS 0x0000000152000000, 0x0000000152000000| Untracked 
| 833|0x0000000152400000, 0x0000000152400000, 0x0000000152800000|  0%| F|  |TAMS 0x0000000152400000, 0x0000000152400000| Untracked 
| 834|0x0000000152800000, 0x0000000152800000, 0x0000000152c00000|  0%| F|  |TAMS 0x0000000152800000, 0x0000000152800000| Untracked 
| 835|0x0000000152c00000, 0x0000000152c00000, 0x0000000153000000|  0%| F|  |TAMS 0x0000000152c00000, 0x0000000152c00000| Untracked 
| 836|0x0000000153000000, 0x0000000153000000, 0x0000000153400000|  0%| F|  |TAMS 0x0000000153000000, 0x0000000153000000| Untracked 
| 837|0x0000000153400000, 0x0000000153400000, 0x0000000153800000|  0%| F|  |TAMS 0x0000000153400000, 0x0000000153400000| Untracked 
| 838|0x0000000153800000, 0x0000000153800000, 0x0000000153c00000|  0%| F|  |TAMS 0x0000000153800000, 0x0000000153800000| Untracked 
| 839|0x0000000153c00000, 0x0000000153c00000, 0x0000000154000000|  0%| F|  |TAMS 0x0000000153c00000, 0x0000000153c00000| Untracked 
| 840|0x0000000154000000, 0x0000000154000000, 0x0000000154400000|  0%| F|  |TAMS 0x0000000154000000, 0x0000000154000000| Untracked 
| 841|0x0000000154400000, 0x0000000154400000, 0x0000000154800000|  0%| F|  |TAMS 0x0000000154400000, 0x0000000154400000| Untracked 
| 842|0x0000000154800000, 0x0000000154800000, 0x0000000154c00000|  0%| F|  |TAMS 0x0000000154800000, 0x0000000154800000| Untracked 
| 843|0x0000000154c00000, 0x0000000154c00000, 0x0000000155000000|  0%| F|  |TAMS 0x0000000154c00000, 0x0000000154c00000| Untracked 
| 844|0x0000000155000000, 0x0000000155000000, 0x0000000155400000|  0%| F|  |TAMS 0x0000000155000000, 0x0000000155000000| Untracked 
| 845|0x0000000155400000, 0x0000000155400000, 0x0000000155800000|  0%| F|  |TAMS 0x0000000155400000, 0x0000000155400000| Untracked 
| 846|0x0000000155800000, 0x0000000155800000, 0x0000000155c00000|  0%| F|  |TAMS 0x0000000155800000, 0x0000000155800000| Untracked 
| 847|0x0000000155c00000, 0x0000000155c00000, 0x0000000156000000|  0%| F|  |TAMS 0x0000000155c00000, 0x0000000155c00000| Untracked 
| 848|0x0000000156000000, 0x0000000156000000, 0x0000000156400000|  0%| F|  |TAMS 0x0000000156000000, 0x0000000156000000| Untracked 
| 849|0x0000000156400000, 0x0000000156400000, 0x0000000156800000|  0%| F|  |TAMS 0x0000000156400000, 0x0000000156400000| Untracked 
| 850|0x0000000156800000, 0x0000000156800000, 0x0000000156c00000|  0%| F|  |TAMS 0x0000000156800000, 0x0000000156800000| Untracked 
| 851|0x0000000156c00000, 0x0000000156c00000, 0x0000000157000000|  0%| F|  |TAMS 0x0000000156c00000, 0x0000000156c00000| Untracked 
| 852|0x0000000157000000, 0x0000000157000000, 0x0000000157400000|  0%| F|  |TAMS 0x0000000157000000, 0x0000000157000000| Untracked 
| 853|0x0000000157400000, 0x0000000157400000, 0x0000000157800000|  0%| F|  |TAMS 0x0000000157400000, 0x0000000157400000| Untracked 
| 854|0x0000000157800000, 0x0000000157800000, 0x0000000157c00000|  0%| F|  |TAMS 0x0000000157800000, 0x0000000157800000| Untracked 
| 855|0x0000000157c00000, 0x0000000157c00000, 0x0000000158000000|  0%| F|  |TAMS 0x0000000157c00000, 0x0000000157c00000| Untracked 
| 856|0x0000000158000000, 0x0000000158000000, 0x0000000158400000|  0%| F|  |TAMS 0x0000000158000000, 0x0000000158000000| Untracked 
| 857|0x0000000158400000, 0x0000000158400000, 0x0000000158800000|  0%| F|  |TAMS 0x0000000158400000, 0x0000000158400000| Untracked 
| 858|0x0000000158800000, 0x0000000158800000, 0x0000000158c00000|  0%| F|  |TAMS 0x0000000158800000, 0x0000000158800000| Untracked 
| 859|0x0000000158c00000, 0x0000000158c00000, 0x0000000159000000|  0%| F|  |TAMS 0x0000000158c00000, 0x0000000158c00000| Untracked 
| 860|0x0000000159000000, 0x0000000159000000, 0x0000000159400000|  0%| F|  |TAMS 0x0000000159000000, 0x0000000159000000| Untracked 
| 861|0x0000000159400000, 0x0000000159400000, 0x0000000159800000|  0%| F|  |TAMS 0x0000000159400000, 0x0000000159400000| Untracked 
| 862|0x0000000159800000, 0x0000000159800000, 0x0000000159c00000|  0%| F|  |TAMS 0x0000000159800000, 0x0000000159800000| Untracked 
| 863|0x0000000159c00000, 0x0000000159c00000, 0x000000015a000000|  0%| F|  |TAMS 0x0000000159c00000, 0x0000000159c00000| Untracked 
| 864|0x000000015a000000, 0x000000015a000000, 0x000000015a400000|  0%| F|  |TAMS 0x000000015a000000, 0x000000015a000000| Untracked 
| 865|0x000000015a400000, 0x000000015a400000, 0x000000015a800000|  0%| F|  |TAMS 0x000000015a400000, 0x000000015a400000| Untracked 
| 866|0x000000015a800000, 0x000000015a800000, 0x000000015ac00000|  0%| F|  |TAMS 0x000000015a800000, 0x000000015a800000| Untracked 
| 867|0x000000015ac00000, 0x000000015ac00000, 0x000000015b000000|  0%| F|  |TAMS 0x000000015ac00000, 0x000000015ac00000| Untracked 
| 868|0x000000015b000000, 0x000000015b000000, 0x000000015b400000|  0%| F|  |TAMS 0x000000015b000000, 0x000000015b000000| Untracked 
| 869|0x000000015b400000, 0x000000015b400000, 0x000000015b800000|  0%| F|  |TAMS 0x000000015b400000, 0x000000015b400000| Untracked 
| 870|0x000000015b800000, 0x000000015b800000, 0x000000015bc00000|  0%| F|  |TAMS 0x000000015b800000, 0x000000015b800000| Untracked 
| 871|0x000000015bc00000, 0x000000015bc00000, 0x000000015c000000|  0%| F|  |TAMS 0x000000015bc00000, 0x000000015bc00000| Untracked 
| 872|0x000000015c000000, 0x000000015c000000, 0x000000015c400000|  0%| F|  |TAMS 0x000000015c000000, 0x000000015c000000| Untracked 
| 873|0x000000015c400000, 0x000000015c400000, 0x000000015c800000|  0%| F|  |TAMS 0x000000015c400000, 0x000000015c400000| Untracked 
| 874|0x000000015c800000, 0x000000015c800000, 0x000000015cc00000|  0%| F|  |TAMS 0x000000015c800000, 0x000000015c800000| Untracked 
| 875|0x000000015cc00000, 0x000000015cc00000, 0x000000015d000000|  0%| F|  |TAMS 0x000000015cc00000, 0x000000015cc00000| Untracked 
| 876|0x000000015d000000, 0x000000015d000000, 0x000000015d400000|  0%| F|  |TAMS 0x000000015d000000, 0x000000015d000000| Untracked 
| 877|0x000000015d400000, 0x000000015d400000, 0x000000015d800000|  0%| F|  |TAMS 0x000000015d400000, 0x000000015d400000| Untracked 
| 878|0x000000015d800000, 0x000000015d800000, 0x000000015dc00000|  0%| F|  |TAMS 0x000000015d800000, 0x000000015d800000| Untracked 
| 879|0x000000015dc00000, 0x000000015dc00000, 0x000000015e000000|  0%| F|  |TAMS 0x000000015dc00000, 0x000000015dc00000| Untracked 
| 880|0x000000015e000000, 0x000000015e000000, 0x000000015e400000|  0%| F|  |TAMS 0x000000015e000000, 0x000000015e000000| Untracked 
| 881|0x000000015e400000, 0x000000015e400000, 0x000000015e800000|  0%| F|  |TAMS 0x000000015e400000, 0x000000015e400000| Untracked 
| 882|0x000000015e800000, 0x000000015e800000, 0x000000015ec00000|  0%| F|  |TAMS 0x000000015e800000, 0x000000015e800000| Untracked 
| 883|0x000000015ec00000, 0x000000015ec00000, 0x000000015f000000|  0%| F|  |TAMS 0x000000015ec00000, 0x000000015ec00000| Untracked 
| 884|0x000000015f000000, 0x000000015f000000, 0x000000015f400000|  0%| F|  |TAMS 0x000000015f000000, 0x000000015f000000| Untracked 
| 885|0x000000015f400000, 0x000000015f400000, 0x000000015f800000|  0%| F|  |TAMS 0x000000015f400000, 0x000000015f400000| Untracked 
| 886|0x000000015f800000, 0x000000015f800000, 0x000000015fc00000|  0%| F|  |TAMS 0x000000015f800000, 0x000000015f800000| Untracked 
| 887|0x000000015fc00000, 0x000000015fc00000, 0x0000000160000000|  0%| F|  |TAMS 0x000000015fc00000, 0x000000015fc00000| Untracked 
| 888|0x0000000160000000, 0x0000000160000000, 0x0000000160400000|  0%| F|  |TAMS 0x0000000160000000, 0x0000000160000000| Untracked 
| 889|0x0000000160400000, 0x0000000160400000, 0x0000000160800000|  0%| F|  |TAMS 0x0000000160400000, 0x0000000160400000| Untracked 
| 890|0x0000000160800000, 0x0000000160800000, 0x0000000160c00000|  0%| F|  |TAMS 0x0000000160800000, 0x0000000160800000| Untracked 
| 891|0x0000000160c00000, 0x0000000160c00000, 0x0000000161000000|  0%| F|  |TAMS 0x0000000160c00000, 0x0000000160c00000| Untracked 
| 892|0x0000000161000000, 0x0000000161000000, 0x0000000161400000|  0%| F|  |TAMS 0x0000000161000000, 0x0000000161000000| Untracked 
| 893|0x0000000161400000, 0x0000000161400000, 0x0000000161800000|  0%| F|  |TAMS 0x0000000161400000, 0x0000000161400000| Untracked 
| 894|0x0000000161800000, 0x0000000161800000, 0x0000000161c00000|  0%| F|  |TAMS 0x0000000161800000, 0x0000000161800000| Untracked 
| 895|0x0000000161c00000, 0x0000000161c00000, 0x0000000162000000|  0%| F|  |TAMS 0x0000000161c00000, 0x0000000161c00000| Untracked 
| 896|0x0000000162000000, 0x0000000162000000, 0x0000000162400000|  0%| F|  |TAMS 0x0000000162000000, 0x0000000162000000| Untracked 
| 897|0x0000000162400000, 0x0000000162400000, 0x0000000162800000|  0%| F|  |TAMS 0x0000000162400000, 0x0000000162400000| Untracked 
| 898|0x0000000162800000, 0x0000000162800000, 0x0000000162c00000|  0%| F|  |TAMS 0x0000000162800000, 0x0000000162800000| Untracked 
| 899|0x0000000162c00000, 0x0000000162c00000, 0x0000000163000000|  0%| F|  |TAMS 0x0000000162c00000, 0x0000000162c00000| Untracked 
| 900|0x0000000163000000, 0x0000000163000000, 0x0000000163400000|  0%| F|  |TAMS 0x0000000163000000, 0x0000000163000000| Untracked 
| 901|0x0000000163400000, 0x0000000163400000, 0x0000000163800000|  0%| F|  |TAMS 0x0000000163400000, 0x0000000163400000| Untracked 
| 902|0x0000000163800000, 0x0000000163800000, 0x0000000163c00000|  0%| F|  |TAMS 0x0000000163800000, 0x0000000163800000| Untracked 
| 903|0x0000000163c00000, 0x0000000163c00000, 0x0000000164000000|  0%| F|  |TAMS 0x0000000163c00000, 0x0000000163c00000| Untracked 
| 904|0x0000000164000000, 0x0000000164000000, 0x0000000164400000|  0%| F|  |TAMS 0x0000000164000000, 0x0000000164000000| Untracked 
| 905|0x0000000164400000, 0x0000000164400000, 0x0000000164800000|  0%| F|  |TAMS 0x0000000164400000, 0x0000000164400000| Untracked 
| 906|0x0000000164800000, 0x0000000164800000, 0x0000000164c00000|  0%| F|  |TAMS 0x0000000164800000, 0x0000000164800000| Untracked 
| 907|0x0000000164c00000, 0x0000000164c00000, 0x0000000165000000|  0%| F|  |TAMS 0x0000000164c00000, 0x0000000164c00000| Untracked 
| 908|0x0000000165000000, 0x0000000165000000, 0x0000000165400000|  0%| F|  |TAMS 0x0000000165000000, 0x0000000165000000| Untracked 
| 909|0x0000000165400000, 0x0000000165400000, 0x0000000165800000|  0%| F|  |TAMS 0x0000000165400000, 0x0000000165400000| Untracked 
| 910|0x0000000165800000, 0x0000000165800000, 0x0000000165c00000|  0%| F|  |TAMS 0x0000000165800000, 0x0000000165800000| Untracked 
| 911|0x0000000165c00000, 0x0000000165c00000, 0x0000000166000000|  0%| F|  |TAMS 0x0000000165c00000, 0x0000000165c00000| Untracked 
| 912|0x0000000166000000, 0x0000000166000000, 0x0000000166400000|  0%| F|  |TAMS 0x0000000166000000, 0x0000000166000000| Untracked 
| 913|0x0000000166400000, 0x0000000166400000, 0x0000000166800000|  0%| F|  |TAMS 0x0000000166400000, 0x0000000166400000| Untracked 
| 914|0x0000000166800000, 0x0000000166800000, 0x0000000166c00000|  0%| F|  |TAMS 0x0000000166800000, 0x0000000166800000| Untracked 
| 915|0x0000000166c00000, 0x0000000166c00000, 0x0000000167000000|  0%| F|  |TAMS 0x0000000166c00000, 0x0000000166c00000| Untracked 
| 916|0x0000000167000000, 0x0000000167000000, 0x0000000167400000|  0%| F|  |TAMS 0x0000000167000000, 0x0000000167000000| Untracked 
| 917|0x0000000167400000, 0x0000000167400000, 0x0000000167800000|  0%| F|  |TAMS 0x0000000167400000, 0x0000000167400000| Untracked 
| 918|0x0000000167800000, 0x0000000167800000, 0x0000000167c00000|  0%| F|  |TAMS 0x0000000167800000, 0x0000000167800000| Untracked 
| 919|0x0000000167c00000, 0x0000000167c00000, 0x0000000168000000|  0%| F|  |TAMS 0x0000000167c00000, 0x0000000167c00000| Untracked 
| 920|0x0000000168000000, 0x0000000168000000, 0x0000000168400000|  0%| F|  |TAMS 0x0000000168000000, 0x0000000168000000| Untracked 
| 921|0x0000000168400000, 0x0000000168400000, 0x0000000168800000|  0%| F|  |TAMS 0x0000000168400000, 0x0000000168400000| Untracked 
| 922|0x0000000168800000, 0x0000000168800000, 0x0000000168c00000|  0%| F|  |TAMS 0x0000000168800000, 0x0000000168800000| Untracked 
| 923|0x0000000168c00000, 0x0000000168c00000, 0x0000000169000000|  0%| F|  |TAMS 0x0000000168c00000, 0x0000000168c00000| Untracked 
| 924|0x0000000169000000, 0x0000000169000000, 0x0000000169400000|  0%| F|  |TAMS 0x0000000169000000, 0x0000000169000000| Untracked 
| 925|0x0000000169400000, 0x0000000169400000, 0x0000000169800000|  0%| F|  |TAMS 0x0000000169400000, 0x0000000169400000| Untracked 
| 926|0x0000000169800000, 0x0000000169800000, 0x0000000169c00000|  0%| F|  |TAMS 0x0000000169800000, 0x0000000169800000| Untracked 
| 927|0x0000000169c00000, 0x0000000169c00000, 0x000000016a000000|  0%| F|  |TAMS 0x0000000169c00000, 0x0000000169c00000| Untracked 
| 928|0x000000016a000000, 0x000000016a000000, 0x000000016a400000|  0%| F|  |TAMS 0x000000016a000000, 0x000000016a000000| Untracked 
| 929|0x000000016a400000, 0x000000016a400000, 0x000000016a800000|  0%| F|  |TAMS 0x000000016a400000, 0x000000016a400000| Untracked 
| 930|0x000000016a800000, 0x000000016ac00000, 0x000000016ac00000|100%| E|  |TAMS 0x000000016a800000, 0x000000016a800000| Complete 
| 931|0x000000016ac00000, 0x000000016b000000, 0x000000016b000000|100%| E|CS|TAMS 0x000000016ac00000, 0x000000016ac00000| Complete 
| 932|0x000000016b000000, 0x000000016b400000, 0x000000016b400000|100%| E|CS|TAMS 0x000000016b000000, 0x000000016b000000| Complete 
| 933|0x000000016b400000, 0x000000016b800000, 0x000000016b800000|100%| E|CS|TAMS 0x000000016b400000, 0x000000016b400000| Complete 
| 934|0x000000016b800000, 0x000000016bc00000, 0x000000016bc00000|100%| E|CS|TAMS 0x000000016b800000, 0x000000016b800000| Complete 
| 935|0x000000016bc00000, 0x000000016c000000, 0x000000016c000000|100%| E|CS|TAMS 0x000000016bc00000, 0x000000016bc00000| Complete 
| 936|0x000000016c000000, 0x000000016c400000, 0x000000016c400000|100%| E|CS|TAMS 0x000000016c000000, 0x000000016c000000| Complete 
| 937|0x000000016c400000, 0x000000016c800000, 0x000000016c800000|100%| E|CS|TAMS 0x000000016c400000, 0x000000016c400000| Complete 
| 938|0x000000016c800000, 0x000000016cc00000, 0x000000016cc00000|100%| E|CS|TAMS 0x000000016c800000, 0x000000016c800000| Complete 
| 939|0x000000016cc00000, 0x000000016d000000, 0x000000016d000000|100%| E|CS|TAMS 0x000000016cc00000, 0x000000016cc00000| Complete 
| 940|0x000000016d000000, 0x000000016d400000, 0x000000016d400000|100%| E|CS|TAMS 0x000000016d000000, 0x000000016d000000| Complete 
| 941|0x000000016d400000, 0x000000016d800000, 0x000000016d800000|100%| E|CS|TAMS 0x000000016d400000, 0x000000016d400000| Complete 
| 942|0x000000016d800000, 0x000000016dc00000, 0x000000016dc00000|100%| E|CS|TAMS 0x000000016d800000, 0x000000016d800000| Complete 
| 943|0x000000016dc00000, 0x000000016e000000, 0x000000016e000000|100%| E|CS|TAMS 0x000000016dc00000, 0x000000016dc00000| Complete 
| 944|0x000000016e000000, 0x000000016e400000, 0x000000016e400000|100%| E|CS|TAMS 0x000000016e000000, 0x000000016e000000| Complete 
| 945|0x000000016e400000, 0x000000016e800000, 0x000000016e800000|100%| E|CS|TAMS 0x000000016e400000, 0x000000016e400000| Complete 
| 946|0x000000016e800000, 0x000000016ec00000, 0x000000016ec00000|100%| E|CS|TAMS 0x000000016e800000, 0x000000016e800000| Complete 
| 947|0x000000016ec00000, 0x000000016f000000, 0x000000016f000000|100%| E|CS|TAMS 0x000000016ec00000, 0x000000016ec00000| Complete 
| 948|0x000000016f000000, 0x000000016f400000, 0x000000016f400000|100%| E|CS|TAMS 0x000000016f000000, 0x000000016f000000| Complete 
| 949|0x000000016f400000, 0x000000016f800000, 0x000000016f800000|100%| E|CS|TAMS 0x000000016f400000, 0x000000016f400000| Complete 
| 950|0x000000016f800000, 0x000000016fc00000, 0x000000016fc00000|100%| E|CS|TAMS 0x000000016f800000, 0x000000016f800000| Complete 
| 951|0x000000016fc00000, 0x0000000170000000, 0x0000000170000000|100%| E|CS|TAMS 0x000000016fc00000, 0x000000016fc00000| Complete 
| 952|0x0000000170000000, 0x0000000170400000, 0x0000000170400000|100%| E|CS|TAMS 0x0000000170000000, 0x0000000170000000| Complete 
| 953|0x0000000170400000, 0x0000000170800000, 0x0000000170800000|100%| E|CS|TAMS 0x0000000170400000, 0x0000000170400000| Complete 
| 954|0x0000000170800000, 0x0000000170c00000, 0x0000000170c00000|100%| E|CS|TAMS 0x0000000170800000, 0x0000000170800000| Complete 
| 955|0x0000000170c00000, 0x0000000171000000, 0x0000000171000000|100%| E|CS|TAMS 0x0000000170c00000, 0x0000000170c00000| Complete 
| 956|0x0000000171000000, 0x0000000171400000, 0x0000000171400000|100%| E|CS|TAMS 0x0000000171000000, 0x0000000171000000| Complete 
| 957|0x0000000171400000, 0x0000000171800000, 0x0000000171800000|100%| E|CS|TAMS 0x0000000171400000, 0x0000000171400000| Complete 
| 958|0x0000000171800000, 0x0000000171c00000, 0x0000000171c00000|100%| E|CS|TAMS 0x0000000171800000, 0x0000000171800000| Complete 
| 959|0x0000000171c00000, 0x0000000172000000, 0x0000000172000000|100%| E|CS|TAMS 0x0000000171c00000, 0x0000000171c00000| Complete 
| 960|0x0000000172000000, 0x0000000172400000, 0x0000000172400000|100%| E|CS|TAMS 0x0000000172000000, 0x0000000172000000| Complete 
| 961|0x0000000172400000, 0x0000000172800000, 0x0000000172800000|100%| E|CS|TAMS 0x0000000172400000, 0x0000000172400000| Complete 
| 962|0x0000000172800000, 0x0000000172c00000, 0x0000000172c00000|100%| E|CS|TAMS 0x0000000172800000, 0x0000000172800000| Complete 
| 963|0x0000000172c00000, 0x0000000173000000, 0x0000000173000000|100%| E|CS|TAMS 0x0000000172c00000, 0x0000000172c00000| Complete 
| 964|0x0000000173000000, 0x0000000173400000, 0x0000000173400000|100%| E|CS|TAMS 0x0000000173000000, 0x0000000173000000| Complete 
| 965|0x0000000173400000, 0x0000000173800000, 0x0000000173800000|100%| E|CS|TAMS 0x0000000173400000, 0x0000000173400000| Complete 
| 966|0x0000000173800000, 0x0000000173c00000, 0x0000000173c00000|100%| E|CS|TAMS 0x0000000173800000, 0x0000000173800000| Complete 
| 967|0x0000000173c00000, 0x0000000174000000, 0x0000000174000000|100%| E|CS|TAMS 0x0000000173c00000, 0x0000000173c00000| Complete 
| 968|0x0000000174000000, 0x0000000174400000, 0x0000000174400000|100%| E|CS|TAMS 0x0000000174000000, 0x0000000174000000| Complete 
| 969|0x0000000174400000, 0x0000000174800000, 0x0000000174800000|100%| E|CS|TAMS 0x0000000174400000, 0x0000000174400000| Complete 
| 970|0x0000000174800000, 0x0000000174c00000, 0x0000000174c00000|100%| E|CS|TAMS 0x0000000174800000, 0x0000000174800000| Complete 
| 971|0x0000000174c00000, 0x0000000175000000, 0x0000000175000000|100%| E|CS|TAMS 0x0000000174c00000, 0x0000000174c00000| Complete 
| 972|0x0000000175000000, 0x0000000175400000, 0x0000000175400000|100%| E|CS|TAMS 0x0000000175000000, 0x0000000175000000| Complete 
| 973|0x0000000175400000, 0x0000000175800000, 0x0000000175800000|100%| E|CS|TAMS 0x0000000175400000, 0x0000000175400000| Complete 
| 974|0x0000000175800000, 0x0000000175c00000, 0x0000000175c00000|100%| E|CS|TAMS 0x0000000175800000, 0x0000000175800000| Complete 
| 975|0x0000000175c00000, 0x0000000176000000, 0x0000000176000000|100%| E|CS|TAMS 0x0000000175c00000, 0x0000000175c00000| Complete 
| 976|0x0000000176000000, 0x0000000176400000, 0x0000000176400000|100%| E|CS|TAMS 0x0000000176000000, 0x0000000176000000| Complete 
| 977|0x0000000176400000, 0x0000000176800000, 0x0000000176800000|100%| E|CS|TAMS 0x0000000176400000, 0x0000000176400000| Complete 
| 978|0x0000000176800000, 0x0000000176c00000, 0x0000000176c00000|100%| E|CS|TAMS 0x0000000176800000, 0x0000000176800000| Complete 
| 979|0x0000000176c00000, 0x0000000177000000, 0x0000000177000000|100%| E|CS|TAMS 0x0000000176c00000, 0x0000000176c00000| Complete 
| 980|0x0000000177000000, 0x0000000177400000, 0x0000000177400000|100%| E|CS|TAMS 0x0000000177000000, 0x0000000177000000| Complete 
| 981|0x0000000177400000, 0x0000000177800000, 0x0000000177800000|100%| E|CS|TAMS 0x0000000177400000, 0x0000000177400000| Complete 
| 982|0x0000000177800000, 0x0000000177c00000, 0x0000000177c00000|100%| E|CS|TAMS 0x0000000177800000, 0x0000000177800000| Complete 
| 983|0x0000000177c00000, 0x0000000178000000, 0x0000000178000000|100%| E|CS|TAMS 0x0000000177c00000, 0x0000000177c00000| Complete 
| 984|0x0000000178000000, 0x0000000178400000, 0x0000000178400000|100%| E|CS|TAMS 0x0000000178000000, 0x0000000178000000| Complete 
| 985|0x0000000178400000, 0x0000000178800000, 0x0000000178800000|100%| E|CS|TAMS 0x0000000178400000, 0x0000000178400000| Complete 
| 986|0x0000000178800000, 0x0000000178c00000, 0x0000000178c00000|100%| E|CS|TAMS 0x0000000178800000, 0x0000000178800000| Complete 
| 987|0x0000000178c00000, 0x0000000179000000, 0x0000000179000000|100%| E|CS|TAMS 0x0000000178c00000, 0x0000000178c00000| Complete 
| 988|0x0000000179000000, 0x0000000179400000, 0x0000000179400000|100%| E|CS|TAMS 0x0000000179000000, 0x0000000179000000| Complete 
| 989|0x0000000179400000, 0x0000000179800000, 0x0000000179800000|100%| E|CS|TAMS 0x0000000179400000, 0x0000000179400000| Complete 
| 990|0x0000000179800000, 0x0000000179c00000, 0x0000000179c00000|100%| E|CS|TAMS 0x0000000179800000, 0x0000000179800000| Complete 
| 991|0x0000000179c00000, 0x000000017a000000, 0x000000017a000000|100%| E|CS|TAMS 0x0000000179c00000, 0x0000000179c00000| Complete 
| 992|0x000000017a000000, 0x000000017a400000, 0x000000017a400000|100%| E|CS|TAMS 0x000000017a000000, 0x000000017a000000| Complete 
| 993|0x000000017a400000, 0x000000017a800000, 0x000000017a800000|100%| E|CS|TAMS 0x000000017a400000, 0x000000017a400000| Complete 
| 994|0x000000017a800000, 0x000000017ac00000, 0x000000017ac00000|100%| E|CS|TAMS 0x000000017a800000, 0x000000017a800000| Complete 
| 995|0x000000017ac00000, 0x000000017b000000, 0x000000017b000000|100%| E|CS|TAMS 0x000000017ac00000, 0x000000017ac00000| Complete 
| 996|0x000000017b000000, 0x000000017b400000, 0x000000017b400000|100%| E|CS|TAMS 0x000000017b000000, 0x000000017b000000| Complete 
| 997|0x000000017b400000, 0x000000017b800000, 0x000000017b800000|100%| E|CS|TAMS 0x000000017b400000, 0x000000017b400000| Complete 
| 998|0x000000017b800000, 0x000000017bc00000, 0x000000017bc00000|100%| E|CS|TAMS 0x000000017b800000, 0x000000017b800000| Complete 
| 999|0x000000017bc00000, 0x000000017c000000, 0x000000017c000000|100%| E|CS|TAMS 0x000000017bc00000, 0x000000017bc00000| Complete 
|1000|0x000000017c000000, 0x000000017c400000, 0x000000017c400000|100%| E|CS|TAMS 0x000000017c000000, 0x000000017c000000| Complete 
|1001|0x000000017c400000, 0x000000017c800000, 0x000000017c800000|100%| E|CS|TAMS 0x000000017c400000, 0x000000017c400000| Complete 
|1002|0x000000017c800000, 0x000000017cc00000, 0x000000017cc00000|100%| E|CS|TAMS 0x000000017c800000, 0x000000017c800000| Complete 
|1003|0x000000017cc00000, 0x000000017d000000, 0x000000017d000000|100%| E|CS|TAMS 0x000000017cc00000, 0x000000017cc00000| Complete 
|1004|0x000000017d000000, 0x000000017d400000, 0x000000017d400000|100%| E|CS|TAMS 0x000000017d000000, 0x000000017d000000| Complete 
|1005|0x000000017d400000, 0x000000017d800000, 0x000000017d800000|100%| E|CS|TAMS 0x000000017d400000, 0x000000017d400000| Complete 
|1006|0x000000017d800000, 0x000000017dc00000, 0x000000017dc00000|100%| E|CS|TAMS 0x000000017d800000, 0x000000017d800000| Complete 
|1007|0x000000017dc00000, 0x000000017e000000, 0x000000017e000000|100%| E|CS|TAMS 0x000000017dc00000, 0x000000017dc00000| Complete 
|1008|0x000000017e000000, 0x000000017e400000, 0x000000017e400000|100%| E|CS|TAMS 0x000000017e000000, 0x000000017e000000| Complete 
|1009|0x000000017e400000, 0x000000017e800000, 0x000000017e800000|100%| E|CS|TAMS 0x000000017e400000, 0x000000017e400000| Complete 
|1010|0x000000017e800000, 0x000000017ec00000, 0x000000017ec00000|100%| E|CS|TAMS 0x000000017e800000, 0x000000017e800000| Complete 
|1011|0x000000017ec00000, 0x000000017f000000, 0x000000017f000000|100%| E|CS|TAMS 0x000000017ec00000, 0x000000017ec00000| Complete 
|1012|0x000000017f000000, 0x000000017f400000, 0x000000017f400000|100%| E|CS|TAMS 0x000000017f000000, 0x000000017f000000| Complete 
|1013|0x000000017f400000, 0x000000017f800000, 0x000000017f800000|100%| E|CS|TAMS 0x000000017f400000, 0x000000017f400000| Complete 
|1014|0x000000017f800000, 0x000000017fc00000, 0x000000017fc00000|100%| E|CS|TAMS 0x000000017f800000, 0x000000017f800000| Complete 
|1015|0x000000017fc00000, 0x0000000180000000, 0x0000000180000000|100%| E|CS|TAMS 0x000000017fc00000, 0x000000017fc00000| Complete 
|1016|0x0000000180000000, 0x0000000180400000, 0x0000000180400000|100%| E|CS|TAMS 0x0000000180000000, 0x0000000180000000| Complete 
|1017|0x0000000180400000, 0x0000000180800000, 0x0000000180800000|100%| E|CS|TAMS 0x0000000180400000, 0x0000000180400000| Complete 
|1018|0x0000000180800000, 0x0000000180c00000, 0x0000000180c00000|100%| E|CS|TAMS 0x0000000180800000, 0x0000000180800000| Complete 
|1019|0x0000000180c00000, 0x0000000181000000, 0x0000000181000000|100%| E|CS|TAMS 0x0000000180c00000, 0x0000000180c00000| Complete 
|1020|0x0000000181000000, 0x0000000181400000, 0x0000000181400000|100%| E|CS|TAMS 0x0000000181000000, 0x0000000181000000| Complete 
|1021|0x0000000181400000, 0x0000000181800000, 0x0000000181800000|100%| E|CS|TAMS 0x0000000181400000, 0x0000000181400000| Complete 
|1022|0x0000000181800000, 0x0000000181c00000, 0x0000000181c00000|100%| E|CS|TAMS 0x0000000181800000, 0x0000000181800000| Complete 
|1023|0x0000000181c00000, 0x0000000182000000, 0x0000000182000000|100%| E|CS|TAMS 0x0000000181c00000, 0x0000000181c00000| Complete 
|1024|0x0000000182000000, 0x0000000182400000, 0x0000000182400000|100%| E|CS|TAMS 0x0000000182000000, 0x0000000182000000| Complete 
|1025|0x0000000182400000, 0x0000000182800000, 0x0000000182800000|100%| E|CS|TAMS 0x0000000182400000, 0x0000000182400000| Complete 
|1026|0x0000000182800000, 0x0000000182c00000, 0x0000000182c00000|100%| E|CS|TAMS 0x0000000182800000, 0x0000000182800000| Complete 
|1027|0x0000000182c00000, 0x0000000183000000, 0x0000000183000000|100%| E|CS|TAMS 0x0000000182c00000, 0x0000000182c00000| Complete 
|1028|0x0000000183000000, 0x0000000183400000, 0x0000000183400000|100%| E|CS|TAMS 0x0000000183000000, 0x0000000183000000| Complete 
|1029|0x0000000183400000, 0x0000000183800000, 0x0000000183800000|100%| E|CS|TAMS 0x0000000183400000, 0x0000000183400000| Complete 
|1030|0x0000000183800000, 0x0000000183c00000, 0x0000000183c00000|100%| E|CS|TAMS 0x0000000183800000, 0x0000000183800000| Complete 
|1031|0x0000000183c00000, 0x0000000184000000, 0x0000000184000000|100%| E|CS|TAMS 0x0000000183c00000, 0x0000000183c00000| Complete 
|1032|0x0000000184000000, 0x0000000184400000, 0x0000000184400000|100%| E|CS|TAMS 0x0000000184000000, 0x0000000184000000| Complete 
|1033|0x0000000184400000, 0x0000000184800000, 0x0000000184800000|100%| E|CS|TAMS 0x0000000184400000, 0x0000000184400000| Complete 
|1034|0x0000000184800000, 0x0000000184c00000, 0x0000000184c00000|100%| E|CS|TAMS 0x0000000184800000, 0x0000000184800000| Complete 
|1035|0x0000000184c00000, 0x0000000185000000, 0x0000000185000000|100%| E|CS|TAMS 0x0000000184c00000, 0x0000000184c00000| Complete 
|1036|0x0000000185000000, 0x0000000185400000, 0x0000000185400000|100%| E|CS|TAMS 0x0000000185000000, 0x0000000185000000| Complete 
|1037|0x0000000185400000, 0x0000000185800000, 0x0000000185800000|100%| E|CS|TAMS 0x0000000185400000, 0x0000000185400000| Complete 
|1038|0x0000000185800000, 0x0000000185c00000, 0x0000000185c00000|100%| E|CS|TAMS 0x0000000185800000, 0x0000000185800000| Complete 
|1039|0x0000000185c00000, 0x0000000186000000, 0x0000000186000000|100%| E|CS|TAMS 0x0000000185c00000, 0x0000000185c00000| Complete 
|1040|0x0000000186000000, 0x0000000186400000, 0x0000000186400000|100%| E|CS|TAMS 0x0000000186000000, 0x0000000186000000| Complete 
|1041|0x0000000186400000, 0x0000000186800000, 0x0000000186800000|100%| E|CS|TAMS 0x0000000186400000, 0x0000000186400000| Complete 
|1042|0x0000000186800000, 0x0000000186c00000, 0x0000000186c00000|100%| E|CS|TAMS 0x0000000186800000, 0x0000000186800000| Complete 
|1043|0x0000000186c00000, 0x0000000187000000, 0x0000000187000000|100%| E|CS|TAMS 0x0000000186c00000, 0x0000000186c00000| Complete 
|1044|0x0000000187000000, 0x0000000187400000, 0x0000000187400000|100%| E|CS|TAMS 0x0000000187000000, 0x0000000187000000| Complete 
|1045|0x0000000187400000, 0x0000000187800000, 0x0000000187800000|100%| E|CS|TAMS 0x0000000187400000, 0x0000000187400000| Complete 
|1046|0x0000000187800000, 0x0000000187c00000, 0x0000000187c00000|100%| E|CS|TAMS 0x0000000187800000, 0x0000000187800000| Complete 
|1047|0x0000000187c00000, 0x0000000188000000, 0x0000000188000000|100%| E|CS|TAMS 0x0000000187c00000, 0x0000000187c00000| Complete 
|1048|0x0000000188000000, 0x0000000188400000, 0x0000000188400000|100%| E|CS|TAMS 0x0000000188000000, 0x0000000188000000| Complete 
|1049|0x0000000188400000, 0x0000000188800000, 0x0000000188800000|100%| E|CS|TAMS 0x0000000188400000, 0x0000000188400000| Complete 
|1050|0x0000000188800000, 0x0000000188c00000, 0x0000000188c00000|100%| E|CS|TAMS 0x0000000188800000, 0x0000000188800000| Complete 
|1051|0x0000000188c00000, 0x0000000189000000, 0x0000000189000000|100%| E|CS|TAMS 0x0000000188c00000, 0x0000000188c00000| Complete 
|1052|0x0000000189000000, 0x0000000189400000, 0x0000000189400000|100%| E|CS|TAMS 0x0000000189000000, 0x0000000189000000| Complete 
|1053|0x0000000189400000, 0x0000000189800000, 0x0000000189800000|100%| E|CS|TAMS 0x0000000189400000, 0x0000000189400000| Complete 
|1054|0x0000000189800000, 0x0000000189c00000, 0x0000000189c00000|100%| E|CS|TAMS 0x0000000189800000, 0x0000000189800000| Complete 
|1055|0x0000000189c00000, 0x000000018a000000, 0x000000018a000000|100%| E|CS|TAMS 0x0000000189c00000, 0x0000000189c00000| Complete 
|1056|0x000000018a000000, 0x000000018a400000, 0x000000018a400000|100%| E|CS|TAMS 0x000000018a000000, 0x000000018a000000| Complete 
|1057|0x000000018a400000, 0x000000018a800000, 0x000000018a800000|100%| E|CS|TAMS 0x000000018a400000, 0x000000018a400000| Complete 
|1058|0x000000018a800000, 0x000000018ac00000, 0x000000018ac00000|100%| E|CS|TAMS 0x000000018a800000, 0x000000018a800000| Complete 
|1059|0x000000018ac00000, 0x000000018b000000, 0x000000018b000000|100%| E|CS|TAMS 0x000000018ac00000, 0x000000018ac00000| Complete 
|1060|0x000000018b000000, 0x000000018b400000, 0x000000018b400000|100%| E|CS|TAMS 0x000000018b000000, 0x000000018b000000| Complete 
|1061|0x000000018b400000, 0x000000018b800000, 0x000000018b800000|100%| E|CS|TAMS 0x000000018b400000, 0x000000018b400000| Complete 
|1062|0x000000018b800000, 0x000000018bc00000, 0x000000018bc00000|100%| E|CS|TAMS 0x000000018b800000, 0x000000018b800000| Complete 
|1063|0x000000018bc00000, 0x000000018c000000, 0x000000018c000000|100%| E|CS|TAMS 0x000000018bc00000, 0x000000018bc00000| Complete 
|1064|0x000000018c000000, 0x000000018c400000, 0x000000018c400000|100%| E|CS|TAMS 0x000000018c000000, 0x000000018c000000| Complete 
|1065|0x000000018c400000, 0x000000018c800000, 0x000000018c800000|100%| E|CS|TAMS 0x000000018c400000, 0x000000018c400000| Complete 
|1066|0x000000018c800000, 0x000000018cc00000, 0x000000018cc00000|100%| E|CS|TAMS 0x000000018c800000, 0x000000018c800000| Complete 
|1067|0x000000018cc00000, 0x000000018d000000, 0x000000018d000000|100%| E|CS|TAMS 0x000000018cc00000, 0x000000018cc00000| Complete 
|1068|0x000000018d000000, 0x000000018d400000, 0x000000018d400000|100%| E|CS|TAMS 0x000000018d000000, 0x000000018d000000| Complete 
|1069|0x000000018d400000, 0x000000018d800000, 0x000000018d800000|100%| E|CS|TAMS 0x000000018d400000, 0x000000018d400000| Complete 
|1070|0x000000018d800000, 0x000000018dc00000, 0x000000018dc00000|100%| E|CS|TAMS 0x000000018d800000, 0x000000018d800000| Complete 
|1071|0x000000018dc00000, 0x000000018e000000, 0x000000018e000000|100%| E|CS|TAMS 0x000000018dc00000, 0x000000018dc00000| Complete 
|1072|0x000000018e000000, 0x000000018e400000, 0x000000018e400000|100%| E|CS|TAMS 0x000000018e000000, 0x000000018e000000| Complete 
|1073|0x000000018e400000, 0x000000018e800000, 0x000000018e800000|100%| E|CS|TAMS 0x000000018e400000, 0x000000018e400000| Complete 
|1074|0x000000018e800000, 0x000000018ec00000, 0x000000018ec00000|100%| E|CS|TAMS 0x000000018e800000, 0x000000018e800000| Complete 
|1075|0x000000018ec00000, 0x000000018f000000, 0x000000018f000000|100%| E|CS|TAMS 0x000000018ec00000, 0x000000018ec00000| Complete 
|1076|0x000000018f000000, 0x000000018f400000, 0x000000018f400000|100%| E|CS|TAMS 0x000000018f000000, 0x000000018f000000| Complete 
|1077|0x000000018f400000, 0x000000018f800000, 0x000000018f800000|100%| E|CS|TAMS 0x000000018f400000, 0x000000018f400000| Complete 
|1078|0x000000018f800000, 0x000000018fc00000, 0x000000018fc00000|100%| E|CS|TAMS 0x000000018f800000, 0x000000018f800000| Complete 
|1079|0x000000018fc00000, 0x0000000190000000, 0x0000000190000000|100%| E|CS|TAMS 0x000000018fc00000, 0x000000018fc00000| Complete 
|1080|0x0000000190000000, 0x0000000190400000, 0x0000000190400000|100%| E|CS|TAMS 0x0000000190000000, 0x0000000190000000| Complete 
|1081|0x0000000190400000, 0x0000000190800000, 0x0000000190800000|100%| E|CS|TAMS 0x0000000190400000, 0x0000000190400000| Complete 
|1082|0x0000000190800000, 0x0000000190c00000, 0x0000000190c00000|100%| E|CS|TAMS 0x0000000190800000, 0x0000000190800000| Complete 
|1083|0x0000000190c00000, 0x0000000191000000, 0x0000000191000000|100%| E|CS|TAMS 0x0000000190c00000, 0x0000000190c00000| Complete 
|1084|0x0000000191000000, 0x0000000191400000, 0x0000000191400000|100%| E|CS|TAMS 0x0000000191000000, 0x0000000191000000| Complete 
|1085|0x0000000191400000, 0x0000000191800000, 0x0000000191800000|100%| E|CS|TAMS 0x0000000191400000, 0x0000000191400000| Complete 
|1086|0x0000000191800000, 0x0000000191c00000, 0x0000000191c00000|100%| E|CS|TAMS 0x0000000191800000, 0x0000000191800000| Complete 
|1087|0x0000000191c00000, 0x0000000192000000, 0x0000000192000000|100%| E|CS|TAMS 0x0000000191c00000, 0x0000000191c00000| Complete 
|1088|0x0000000192000000, 0x0000000192400000, 0x0000000192400000|100%| E|CS|TAMS 0x0000000192000000, 0x0000000192000000| Complete 
|1089|0x0000000192400000, 0x0000000192800000, 0x0000000192800000|100%| E|CS|TAMS 0x0000000192400000, 0x0000000192400000| Complete 
|1090|0x0000000192800000, 0x0000000192c00000, 0x0000000192c00000|100%| E|CS|TAMS 0x0000000192800000, 0x0000000192800000| Complete 
|1091|0x0000000192c00000, 0x0000000193000000, 0x0000000193000000|100%| E|CS|TAMS 0x0000000192c00000, 0x0000000192c00000| Complete 
|1092|0x0000000193000000, 0x0000000193400000, 0x0000000193400000|100%| E|CS|TAMS 0x0000000193000000, 0x0000000193000000| Complete 
|1093|0x0000000193400000, 0x0000000193800000, 0x0000000193800000|100%| E|CS|TAMS 0x0000000193400000, 0x0000000193400000| Complete 
|1094|0x0000000193800000, 0x0000000193c00000, 0x0000000193c00000|100%| E|CS|TAMS 0x0000000193800000, 0x0000000193800000| Complete 
|1095|0x0000000193c00000, 0x0000000194000000, 0x0000000194000000|100%| E|CS|TAMS 0x0000000193c00000, 0x0000000193c00000| Complete 
|1096|0x0000000194000000, 0x0000000194400000, 0x0000000194400000|100%| E|CS|TAMS 0x0000000194000000, 0x0000000194000000| Complete 
|1097|0x0000000194400000, 0x0000000194800000, 0x0000000194800000|100%| E|CS|TAMS 0x0000000194400000, 0x0000000194400000| Complete 
|1098|0x0000000194800000, 0x0000000194c00000, 0x0000000194c00000|100%| E|CS|TAMS 0x0000000194800000, 0x0000000194800000| Complete 
|1099|0x0000000194c00000, 0x0000000195000000, 0x0000000195000000|100%| E|CS|TAMS 0x0000000194c00000, 0x0000000194c00000| Complete 
|1100|0x0000000195000000, 0x0000000195400000, 0x0000000195400000|100%| E|CS|TAMS 0x0000000195000000, 0x0000000195000000| Complete 
|1101|0x0000000195400000, 0x0000000195800000, 0x0000000195800000|100%| E|CS|TAMS 0x0000000195400000, 0x0000000195400000| Complete 
|1102|0x0000000195800000, 0x0000000195c00000, 0x0000000195c00000|100%| E|CS|TAMS 0x0000000195800000, 0x0000000195800000| Complete 
|1103|0x0000000195c00000, 0x0000000196000000, 0x0000000196000000|100%| E|CS|TAMS 0x0000000195c00000, 0x0000000195c00000| Complete 
|1104|0x0000000196000000, 0x0000000196400000, 0x0000000196400000|100%| E|CS|TAMS 0x0000000196000000, 0x0000000196000000| Complete 
|1105|0x0000000196400000, 0x0000000196800000, 0x0000000196800000|100%| E|CS|TAMS 0x0000000196400000, 0x0000000196400000| Complete 
|1106|0x0000000196800000, 0x0000000196c00000, 0x0000000196c00000|100%| E|CS|TAMS 0x0000000196800000, 0x0000000196800000| Complete 
|1107|0x0000000196c00000, 0x0000000197000000, 0x0000000197000000|100%| E|CS|TAMS 0x0000000196c00000, 0x0000000196c00000| Complete 
|1108|0x0000000197000000, 0x0000000197400000, 0x0000000197400000|100%| E|CS|TAMS 0x0000000197000000, 0x0000000197000000| Complete 
|1109|0x0000000197400000, 0x0000000197800000, 0x0000000197800000|100%| E|CS|TAMS 0x0000000197400000, 0x0000000197400000| Complete 
|1110|0x0000000197800000, 0x0000000197c00000, 0x0000000197c00000|100%| E|CS|TAMS 0x0000000197800000, 0x0000000197800000| Complete 
|1111|0x0000000197c00000, 0x0000000198000000, 0x0000000198000000|100%| E|CS|TAMS 0x0000000197c00000, 0x0000000197c00000| Complete 
|1112|0x0000000198000000, 0x0000000198400000, 0x0000000198400000|100%| E|CS|TAMS 0x0000000198000000, 0x0000000198000000| Complete 
|1113|0x0000000198400000, 0x0000000198800000, 0x0000000198800000|100%| E|CS|TAMS 0x0000000198400000, 0x0000000198400000| Complete 
|1114|0x0000000198800000, 0x0000000198c00000, 0x0000000198c00000|100%| E|CS|TAMS 0x0000000198800000, 0x0000000198800000| Complete 
|1115|0x0000000198c00000, 0x0000000199000000, 0x0000000199000000|100%| E|CS|TAMS 0x0000000198c00000, 0x0000000198c00000| Complete 
|1116|0x0000000199000000, 0x0000000199400000, 0x0000000199400000|100%| E|CS|TAMS 0x0000000199000000, 0x0000000199000000| Complete 
|1117|0x0000000199400000, 0x0000000199800000, 0x0000000199800000|100%| E|CS|TAMS 0x0000000199400000, 0x0000000199400000| Complete 
|1118|0x0000000199800000, 0x0000000199c00000, 0x0000000199c00000|100%| E|CS|TAMS 0x0000000199800000, 0x0000000199800000| Complete 
|1119|0x0000000199c00000, 0x000000019a000000, 0x000000019a000000|100%| E|CS|TAMS 0x0000000199c00000, 0x0000000199c00000| Complete 
|1120|0x000000019a000000, 0x000000019a400000, 0x000000019a400000|100%| E|CS|TAMS 0x000000019a000000, 0x000000019a000000| Complete 
|1121|0x000000019a400000, 0x000000019a800000, 0x000000019a800000|100%| E|CS|TAMS 0x000000019a400000, 0x000000019a400000| Complete 
|1122|0x000000019a800000, 0x000000019ac00000, 0x000000019ac00000|100%| E|CS|TAMS 0x000000019a800000, 0x000000019a800000| Complete 
|1123|0x000000019ac00000, 0x000000019b000000, 0x000000019b000000|100%| E|CS|TAMS 0x000000019ac00000, 0x000000019ac00000| Complete 
|1124|0x000000019b000000, 0x000000019b400000, 0x000000019b400000|100%| E|CS|TAMS 0x000000019b000000, 0x000000019b000000| Complete 
|1125|0x000000019b400000, 0x000000019b800000, 0x000000019b800000|100%| E|CS|TAMS 0x000000019b400000, 0x000000019b400000| Complete 
|1126|0x000000019b800000, 0x000000019bc00000, 0x000000019bc00000|100%| E|CS|TAMS 0x000000019b800000, 0x000000019b800000| Complete 
|1127|0x000000019bc00000, 0x000000019c000000, 0x000000019c000000|100%| E|CS|TAMS 0x000000019bc00000, 0x000000019bc00000| Complete 
|1128|0x000000019c000000, 0x000000019c400000, 0x000000019c400000|100%| E|CS|TAMS 0x000000019c000000, 0x000000019c000000| Complete 
|1129|0x000000019c400000, 0x000000019c800000, 0x000000019c800000|100%| E|CS|TAMS 0x000000019c400000, 0x000000019c400000| Complete 
|1130|0x000000019c800000, 0x000000019cc00000, 0x000000019cc00000|100%| E|CS|TAMS 0x000000019c800000, 0x000000019c800000| Complete 
|1131|0x000000019cc00000, 0x000000019d000000, 0x000000019d000000|100%| E|CS|TAMS 0x000000019cc00000, 0x000000019cc00000| Complete 
|1132|0x000000019d000000, 0x000000019d400000, 0x000000019d400000|100%| E|CS|TAMS 0x000000019d000000, 0x000000019d000000| Complete 
|1133|0x000000019d400000, 0x000000019d800000, 0x000000019d800000|100%| E|CS|TAMS 0x000000019d400000, 0x000000019d400000| Complete 
|1134|0x000000019d800000, 0x000000019dc00000, 0x000000019dc00000|100%| E|CS|TAMS 0x000000019d800000, 0x000000019d800000| Complete 
|1135|0x000000019dc00000, 0x000000019e000000, 0x000000019e000000|100%| E|CS|TAMS 0x000000019dc00000, 0x000000019dc00000| Complete 
|1136|0x000000019e000000, 0x000000019e400000, 0x000000019e400000|100%| E|CS|TAMS 0x000000019e000000, 0x000000019e000000| Complete 
|1137|0x000000019e400000, 0x000000019e800000, 0x000000019e800000|100%| E|CS|TAMS 0x000000019e400000, 0x000000019e400000| Complete 
|1138|0x000000019e800000, 0x000000019ec00000, 0x000000019ec00000|100%| E|CS|TAMS 0x000000019e800000, 0x000000019e800000| Complete 
|1139|0x000000019ec00000, 0x000000019f000000, 0x000000019f000000|100%| E|CS|TAMS 0x000000019ec00000, 0x000000019ec00000| Complete 
|1140|0x000000019f000000, 0x000000019f400000, 0x000000019f400000|100%| E|CS|TAMS 0x000000019f000000, 0x000000019f000000| Complete 
|1141|0x000000019f400000, 0x000000019f800000, 0x000000019f800000|100%| E|CS|TAMS 0x000000019f400000, 0x000000019f400000| Complete 
|1142|0x000000019f800000, 0x000000019fc00000, 0x000000019fc00000|100%| E|CS|TAMS 0x000000019f800000, 0x000000019f800000| Complete 
|1143|0x000000019fc00000, 0x00000001a0000000, 0x00000001a0000000|100%| E|CS|TAMS 0x000000019fc00000, 0x000000019fc00000| Complete 
|1144|0x00000001a0000000, 0x00000001a0400000, 0x00000001a0400000|100%| E|CS|TAMS 0x00000001a0000000, 0x00000001a0000000| Complete 
|1145|0x00000001a0400000, 0x00000001a0800000, 0x00000001a0800000|100%| E|CS|TAMS 0x00000001a0400000, 0x00000001a0400000| Complete 
|1146|0x00000001a0800000, 0x00000001a0c00000, 0x00000001a0c00000|100%| E|CS|TAMS 0x00000001a0800000, 0x00000001a0800000| Complete 
|1147|0x00000001a0c00000, 0x00000001a1000000, 0x00000001a1000000|100%| E|CS|TAMS 0x00000001a0c00000, 0x00000001a0c00000| Complete 
|1148|0x00000001a1000000, 0x00000001a1400000, 0x00000001a1400000|100%| E|CS|TAMS 0x00000001a1000000, 0x00000001a1000000| Complete 
|1149|0x00000001a1400000, 0x00000001a1800000, 0x00000001a1800000|100%| E|CS|TAMS 0x00000001a1400000, 0x00000001a1400000| Complete 
|1150|0x00000001a1800000, 0x00000001a1c00000, 0x00000001a1c00000|100%| E|CS|TAMS 0x00000001a1800000, 0x00000001a1800000| Complete 
|1151|0x00000001a1c00000, 0x00000001a2000000, 0x00000001a2000000|100%| E|CS|TAMS 0x00000001a1c00000, 0x00000001a1c00000| Complete 
|1152|0x00000001a2000000, 0x00000001a2400000, 0x00000001a2400000|100%| E|CS|TAMS 0x00000001a2000000, 0x00000001a2000000| Complete 
|1153|0x00000001a2400000, 0x00000001a2800000, 0x00000001a2800000|100%| E|CS|TAMS 0x00000001a2400000, 0x00000001a2400000| Complete 
|1154|0x00000001a2800000, 0x00000001a2c00000, 0x00000001a2c00000|100%| E|CS|TAMS 0x00000001a2800000, 0x00000001a2800000| Complete 
|1155|0x00000001a2c00000, 0x00000001a3000000, 0x00000001a3000000|100%| E|CS|TAMS 0x00000001a2c00000, 0x00000001a2c00000| Complete 
|1156|0x00000001a3000000, 0x00000001a3400000, 0x00000001a3400000|100%| E|CS|TAMS 0x00000001a3000000, 0x00000001a3000000| Complete 
|1157|0x00000001a3400000, 0x00000001a3800000, 0x00000001a3800000|100%| E|CS|TAMS 0x00000001a3400000, 0x00000001a3400000| Complete 
|1158|0x00000001a3800000, 0x00000001a3c00000, 0x00000001a3c00000|100%| E|CS|TAMS 0x00000001a3800000, 0x00000001a3800000| Complete 
|1159|0x00000001a3c00000, 0x00000001a4000000, 0x00000001a4000000|100%| E|CS|TAMS 0x00000001a3c00000, 0x00000001a3c00000| Complete 
|1160|0x00000001a4000000, 0x00000001a4400000, 0x00000001a4400000|100%| E|CS|TAMS 0x00000001a4000000, 0x00000001a4000000| Complete 
|1161|0x00000001a4400000, 0x00000001a4800000, 0x00000001a4800000|100%| E|CS|TAMS 0x00000001a4400000, 0x00000001a4400000| Complete 
|1162|0x00000001a4800000, 0x00000001a4c00000, 0x00000001a4c00000|100%| E|CS|TAMS 0x00000001a4800000, 0x00000001a4800000| Complete 
|1163|0x00000001a4c00000, 0x00000001a5000000, 0x00000001a5000000|100%| E|CS|TAMS 0x00000001a4c00000, 0x00000001a4c00000| Complete 
|1164|0x00000001a5000000, 0x00000001a5400000, 0x00000001a5400000|100%| E|CS|TAMS 0x00000001a5000000, 0x00000001a5000000| Complete 
|1165|0x00000001a5400000, 0x00000001a5800000, 0x00000001a5800000|100%| E|CS|TAMS 0x00000001a5400000, 0x00000001a5400000| Complete 
|1166|0x00000001a5800000, 0x00000001a5c00000, 0x00000001a5c00000|100%| E|CS|TAMS 0x00000001a5800000, 0x00000001a5800000| Complete 
|1167|0x00000001a5c00000, 0x00000001a6000000, 0x00000001a6000000|100%| E|CS|TAMS 0x00000001a5c00000, 0x00000001a5c00000| Complete 
|1168|0x00000001a6000000, 0x00000001a6400000, 0x00000001a6400000|100%| E|CS|TAMS 0x00000001a6000000, 0x00000001a6000000| Complete 
|1169|0x00000001a6400000, 0x00000001a6800000, 0x00000001a6800000|100%| E|CS|TAMS 0x00000001a6400000, 0x00000001a6400000| Complete 
|1170|0x00000001a6800000, 0x00000001a6c00000, 0x00000001a6c00000|100%| E|CS|TAMS 0x00000001a6800000, 0x00000001a6800000| Complete 
|1171|0x00000001a6c00000, 0x00000001a7000000, 0x00000001a7000000|100%| E|CS|TAMS 0x00000001a6c00000, 0x00000001a6c00000| Complete 
|1172|0x00000001a7000000, 0x00000001a7400000, 0x00000001a7400000|100%| E|CS|TAMS 0x00000001a7000000, 0x00000001a7000000| Complete 
|1173|0x00000001a7400000, 0x00000001a7800000, 0x00000001a7800000|100%| E|CS|TAMS 0x00000001a7400000, 0x00000001a7400000| Complete 
|1174|0x00000001a7800000, 0x00000001a7c00000, 0x00000001a7c00000|100%| E|CS|TAMS 0x00000001a7800000, 0x00000001a7800000| Complete 
|1175|0x00000001a7c00000, 0x00000001a8000000, 0x00000001a8000000|100%| E|CS|TAMS 0x00000001a7c00000, 0x00000001a7c00000| Complete 
|1176|0x00000001a8000000, 0x00000001a8400000, 0x00000001a8400000|100%| E|CS|TAMS 0x00000001a8000000, 0x00000001a8000000| Complete 
|1177|0x00000001a8400000, 0x00000001a8800000, 0x00000001a8800000|100%| E|CS|TAMS 0x00000001a8400000, 0x00000001a8400000| Complete 
|1178|0x00000001a8800000, 0x00000001a8c00000, 0x00000001a8c00000|100%| E|CS|TAMS 0x00000001a8800000, 0x00000001a8800000| Complete 
|1179|0x00000001a8c00000, 0x00000001a9000000, 0x00000001a9000000|100%| E|CS|TAMS 0x00000001a8c00000, 0x00000001a8c00000| Complete 
|1180|0x00000001a9000000, 0x00000001a9400000, 0x00000001a9400000|100%| E|CS|TAMS 0x00000001a9000000, 0x00000001a9000000| Complete 
|1181|0x00000001a9400000, 0x00000001a9800000, 0x00000001a9800000|100%| E|CS|TAMS 0x00000001a9400000, 0x00000001a9400000| Complete 
|1182|0x00000001a9800000, 0x00000001a9c00000, 0x00000001a9c00000|100%| E|CS|TAMS 0x00000001a9800000, 0x00000001a9800000| Complete 
|1183|0x00000001a9c00000, 0x00000001aa000000, 0x00000001aa000000|100%| E|CS|TAMS 0x00000001a9c00000, 0x00000001a9c00000| Complete 
|1184|0x00000001aa000000, 0x00000001aa400000, 0x00000001aa400000|100%| E|CS|TAMS 0x00000001aa000000, 0x00000001aa000000| Complete 
|1185|0x00000001aa400000, 0x00000001aa800000, 0x00000001aa800000|100%| E|CS|TAMS 0x00000001aa400000, 0x00000001aa400000| Complete 
|1186|0x00000001aa800000, 0x00000001aac00000, 0x00000001aac00000|100%| E|CS|TAMS 0x00000001aa800000, 0x00000001aa800000| Complete 
|1187|0x00000001aac00000, 0x00000001ab000000, 0x00000001ab000000|100%| E|CS|TAMS 0x00000001aac00000, 0x00000001aac00000| Complete 
|1188|0x00000001ab000000, 0x00000001ab400000, 0x00000001ab400000|100%| E|CS|TAMS 0x00000001ab000000, 0x00000001ab000000| Complete 
|1189|0x00000001ab400000, 0x00000001ab800000, 0x00000001ab800000|100%| E|CS|TAMS 0x00000001ab400000, 0x00000001ab400000| Complete 
|1190|0x00000001ab800000, 0x00000001abc00000, 0x00000001abc00000|100%| E|CS|TAMS 0x00000001ab800000, 0x00000001ab800000| Complete 
|1191|0x00000001abc00000, 0x00000001ac000000, 0x00000001ac000000|100%| E|CS|TAMS 0x00000001abc00000, 0x00000001abc00000| Complete 
|1192|0x00000001ac000000, 0x00000001ac400000, 0x00000001ac400000|100%| E|CS|TAMS 0x00000001ac000000, 0x00000001ac000000| Complete 
|1193|0x00000001ac400000, 0x00000001ac800000, 0x00000001ac800000|100%| E|CS|TAMS 0x00000001ac400000, 0x00000001ac400000| Complete 
|1194|0x00000001ac800000, 0x00000001acc00000, 0x00000001acc00000|100%| E|CS|TAMS 0x00000001ac800000, 0x00000001ac800000| Complete 
|1195|0x00000001acc00000, 0x00000001ad000000, 0x00000001ad000000|100%| E|CS|TAMS 0x00000001acc00000, 0x00000001acc00000| Complete 
|1196|0x00000001ad000000, 0x00000001ad400000, 0x00000001ad400000|100%| E|CS|TAMS 0x00000001ad000000, 0x00000001ad000000| Complete 
|1197|0x00000001ad400000, 0x00000001ad800000, 0x00000001ad800000|100%| E|CS|TAMS 0x00000001ad400000, 0x00000001ad400000| Complete 
|1198|0x00000001ad800000, 0x00000001adc00000, 0x00000001adc00000|100%| E|CS|TAMS 0x00000001ad800000, 0x00000001ad800000| Complete 
|1199|0x00000001adc00000, 0x00000001ae000000, 0x00000001ae000000|100%| E|CS|TAMS 0x00000001adc00000, 0x00000001adc00000| Complete 
|1200|0x00000001ae000000, 0x00000001ae400000, 0x00000001ae400000|100%| E|CS|TAMS 0x00000001ae000000, 0x00000001ae000000| Complete 
|1201|0x00000001ae400000, 0x00000001ae800000, 0x00000001ae800000|100%| E|CS|TAMS 0x00000001ae400000, 0x00000001ae400000| Complete 
|1202|0x00000001ae800000, 0x00000001aec00000, 0x00000001aec00000|100%| E|CS|TAMS 0x00000001ae800000, 0x00000001ae800000| Complete 
|1203|0x00000001aec00000, 0x00000001af000000, 0x00000001af000000|100%| E|CS|TAMS 0x00000001aec00000, 0x00000001aec00000| Complete 
|1204|0x00000001af000000, 0x00000001af400000, 0x00000001af400000|100%| E|CS|TAMS 0x00000001af000000, 0x00000001af000000| Complete 
|1205|0x00000001af400000, 0x00000001af800000, 0x00000001af800000|100%| E|CS|TAMS 0x00000001af400000, 0x00000001af400000| Complete 
|1206|0x00000001af800000, 0x00000001afc00000, 0x00000001afc00000|100%| E|CS|TAMS 0x00000001af800000, 0x00000001af800000| Complete 
|1207|0x00000001afc00000, 0x00000001b0000000, 0x00000001b0000000|100%| E|CS|TAMS 0x00000001afc00000, 0x00000001afc00000| Complete 
|1208|0x00000001b0000000, 0x00000001b0400000, 0x00000001b0400000|100%| E|CS|TAMS 0x00000001b0000000, 0x00000001b0000000| Complete 
|1209|0x00000001b0400000, 0x00000001b0800000, 0x00000001b0800000|100%| E|CS|TAMS 0x00000001b0400000, 0x00000001b0400000| Complete 
|1210|0x00000001b0800000, 0x00000001b0c00000, 0x00000001b0c00000|100%| E|CS|TAMS 0x00000001b0800000, 0x00000001b0800000| Complete 
|1211|0x00000001b0c00000, 0x00000001b1000000, 0x00000001b1000000|100%| E|CS|TAMS 0x00000001b0c00000, 0x00000001b0c00000| Complete 
|1212|0x00000001b1000000, 0x00000001b1400000, 0x00000001b1400000|100%| E|CS|TAMS 0x00000001b1000000, 0x00000001b1000000| Complete 
|1213|0x00000001b1400000, 0x00000001b1800000, 0x00000001b1800000|100%| E|CS|TAMS 0x00000001b1400000, 0x00000001b1400000| Complete 
|1214|0x00000001b1800000, 0x00000001b1c00000, 0x00000001b1c00000|100%| E|CS|TAMS 0x00000001b1800000, 0x00000001b1800000| Complete 
|1215|0x00000001b1c00000, 0x00000001b2000000, 0x00000001b2000000|100%| E|CS|TAMS 0x00000001b1c00000, 0x00000001b1c00000| Complete 
|1216|0x00000001b2000000, 0x00000001b2400000, 0x00000001b2400000|100%| E|CS|TAMS 0x00000001b2000000, 0x00000001b2000000| Complete 
|1217|0x00000001b2400000, 0x00000001b2800000, 0x00000001b2800000|100%| E|CS|TAMS 0x00000001b2400000, 0x00000001b2400000| Complete 
|1218|0x00000001b2800000, 0x00000001b2c00000, 0x00000001b2c00000|100%| E|CS|TAMS 0x00000001b2800000, 0x00000001b2800000| Complete 
|1219|0x00000001b2c00000, 0x00000001b3000000, 0x00000001b3000000|100%| E|CS|TAMS 0x00000001b2c00000, 0x00000001b2c00000| Complete 
|1220|0x00000001b3000000, 0x00000001b3400000, 0x00000001b3400000|100%| E|CS|TAMS 0x00000001b3000000, 0x00000001b3000000| Complete 
|1221|0x00000001b3400000, 0x00000001b3800000, 0x00000001b3800000|100%| E|CS|TAMS 0x00000001b3400000, 0x00000001b3400000| Complete 
|1222|0x00000001b3800000, 0x00000001b3c00000, 0x00000001b3c00000|100%| E|CS|TAMS 0x00000001b3800000, 0x00000001b3800000| Complete 
|1223|0x00000001b3c00000, 0x00000001b4000000, 0x00000001b4000000|100%| E|CS|TAMS 0x00000001b3c00000, 0x00000001b3c00000| Complete 
|1224|0x00000001b4000000, 0x00000001b4400000, 0x00000001b4400000|100%| E|CS|TAMS 0x00000001b4000000, 0x00000001b4000000| Complete 
|1225|0x00000001b4400000, 0x00000001b4800000, 0x00000001b4800000|100%| E|CS|TAMS 0x00000001b4400000, 0x00000001b4400000| Complete 
|1226|0x00000001b4800000, 0x00000001b4c00000, 0x00000001b4c00000|100%| E|CS|TAMS 0x00000001b4800000, 0x00000001b4800000| Complete 
|1227|0x00000001b4c00000, 0x00000001b5000000, 0x00000001b5000000|100%| E|CS|TAMS 0x00000001b4c00000, 0x00000001b4c00000| Complete 
|1228|0x00000001b5000000, 0x00000001b5400000, 0x00000001b5400000|100%| E|CS|TAMS 0x00000001b5000000, 0x00000001b5000000| Complete 
|1229|0x00000001b5400000, 0x00000001b5800000, 0x00000001b5800000|100%| E|CS|TAMS 0x00000001b5400000, 0x00000001b5400000| Complete 
|1230|0x00000001b5800000, 0x00000001b5c00000, 0x00000001b5c00000|100%| E|CS|TAMS 0x00000001b5800000, 0x00000001b5800000| Complete 
|1231|0x00000001b5c00000, 0x00000001b6000000, 0x00000001b6000000|100%| E|CS|TAMS 0x00000001b5c00000, 0x00000001b5c00000| Complete 
|1232|0x00000001b6000000, 0x00000001b6400000, 0x00000001b6400000|100%| E|CS|TAMS 0x00000001b6000000, 0x00000001b6000000| Complete 
|1233|0x00000001b6400000, 0x00000001b6800000, 0x00000001b6800000|100%| E|CS|TAMS 0x00000001b6400000, 0x00000001b6400000| Complete 
|1234|0x00000001b6800000, 0x00000001b6c00000, 0x00000001b6c00000|100%| E|CS|TAMS 0x00000001b6800000, 0x00000001b6800000| Complete 
|1235|0x00000001b6c00000, 0x00000001b7000000, 0x00000001b7000000|100%| E|CS|TAMS 0x00000001b6c00000, 0x00000001b6c00000| Complete 
|1236|0x00000001b7000000, 0x00000001b7400000, 0x00000001b7400000|100%| E|CS|TAMS 0x00000001b7000000, 0x00000001b7000000| Complete 
|1237|0x00000001b7400000, 0x00000001b7800000, 0x00000001b7800000|100%| E|CS|TAMS 0x00000001b7400000, 0x00000001b7400000| Complete 
|1238|0x00000001b7800000, 0x00000001b7c00000, 0x00000001b7c00000|100%| E|CS|TAMS 0x00000001b7800000, 0x00000001b7800000| Complete 
|1239|0x00000001b7c00000, 0x00000001b8000000, 0x00000001b8000000|100%| E|CS|TAMS 0x00000001b7c00000, 0x00000001b7c00000| Complete 
|1240|0x00000001b8000000, 0x00000001b8400000, 0x00000001b8400000|100%| E|CS|TAMS 0x00000001b8000000, 0x00000001b8000000| Complete 
|1241|0x00000001b8400000, 0x00000001b8800000, 0x00000001b8800000|100%| E|CS|TAMS 0x00000001b8400000, 0x00000001b8400000| Complete 
|1242|0x00000001b8800000, 0x00000001b8c00000, 0x00000001b8c00000|100%| E|CS|TAMS 0x00000001b8800000, 0x00000001b8800000| Complete 
|1243|0x00000001b8c00000, 0x00000001b9000000, 0x00000001b9000000|100%| E|CS|TAMS 0x00000001b8c00000, 0x00000001b8c00000| Complete 
|1244|0x00000001b9000000, 0x00000001b9400000, 0x00000001b9400000|100%| E|CS|TAMS 0x00000001b9000000, 0x00000001b9000000| Complete 
|1245|0x00000001b9400000, 0x00000001b9800000, 0x00000001b9800000|100%| E|CS|TAMS 0x00000001b9400000, 0x00000001b9400000| Complete 
|1246|0x00000001b9800000, 0x00000001b9c00000, 0x00000001b9c00000|100%| E|CS|TAMS 0x00000001b9800000, 0x00000001b9800000| Complete 
|1247|0x00000001b9c00000, 0x00000001ba000000, 0x00000001ba000000|100%| E|CS|TAMS 0x00000001b9c00000, 0x00000001b9c00000| Complete 
|1248|0x00000001ba000000, 0x00000001ba400000, 0x00000001ba400000|100%| E|CS|TAMS 0x00000001ba000000, 0x00000001ba000000| Complete 
|1249|0x00000001ba400000, 0x00000001ba800000, 0x00000001ba800000|100%| E|CS|TAMS 0x00000001ba400000, 0x00000001ba400000| Complete 
|1250|0x00000001ba800000, 0x00000001bac00000, 0x00000001bac00000|100%| E|CS|TAMS 0x00000001ba800000, 0x00000001ba800000| Complete 
|1251|0x00000001bac00000, 0x00000001bb000000, 0x00000001bb000000|100%| E|CS|TAMS 0x00000001bac00000, 0x00000001bac00000| Complete 
|1252|0x00000001bb000000, 0x00000001bb400000, 0x00000001bb400000|100%| E|CS|TAMS 0x00000001bb000000, 0x00000001bb000000| Complete 
|1253|0x00000001bb400000, 0x00000001bb800000, 0x00000001bb800000|100%| E|CS|TAMS 0x00000001bb400000, 0x00000001bb400000| Complete 
|1254|0x00000001bb800000, 0x00000001bbc00000, 0x00000001bbc00000|100%| E|CS|TAMS 0x00000001bb800000, 0x00000001bb800000| Complete 
|1255|0x00000001bbc00000, 0x00000001bc000000, 0x00000001bc000000|100%| E|CS|TAMS 0x00000001bbc00000, 0x00000001bbc00000| Complete 
|1256|0x00000001bc000000, 0x00000001bc400000, 0x00000001bc400000|100%| E|CS|TAMS 0x00000001bc000000, 0x00000001bc000000| Complete 
|1257|0x00000001bc400000, 0x00000001bc800000, 0x00000001bc800000|100%| E|CS|TAMS 0x00000001bc400000, 0x00000001bc400000| Complete 
|1258|0x00000001bc800000, 0x00000001bcc00000, 0x00000001bcc00000|100%| E|CS|TAMS 0x00000001bc800000, 0x00000001bc800000| Complete 
|1259|0x00000001bcc00000, 0x00000001bd000000, 0x00000001bd000000|100%| E|CS|TAMS 0x00000001bcc00000, 0x00000001bcc00000| Complete 
|1260|0x00000001bd000000, 0x00000001bd400000, 0x00000001bd400000|100%| E|CS|TAMS 0x00000001bd000000, 0x00000001bd000000| Complete 
|1261|0x00000001bd400000, 0x00000001bd800000, 0x00000001bd800000|100%| E|CS|TAMS 0x00000001bd400000, 0x00000001bd400000| Complete 
|1262|0x00000001bd800000, 0x00000001bdc00000, 0x00000001bdc00000|100%| E|CS|TAMS 0x00000001bd800000, 0x00000001bd800000| Complete 
|1263|0x00000001bdc00000, 0x00000001be000000, 0x00000001be000000|100%| E|CS|TAMS 0x00000001bdc00000, 0x00000001bdc00000| Complete 
|1264|0x00000001be000000, 0x00000001be400000, 0x00000001be400000|100%| E|CS|TAMS 0x00000001be000000, 0x00000001be000000| Complete 
|1265|0x00000001be400000, 0x00000001be800000, 0x00000001be800000|100%| E|CS|TAMS 0x00000001be400000, 0x00000001be400000| Complete 
|1266|0x00000001be800000, 0x00000001bec00000, 0x00000001bec00000|100%| E|CS|TAMS 0x00000001be800000, 0x00000001be800000| Complete 
|1267|0x00000001bec00000, 0x00000001bf000000, 0x00000001bf000000|100%| E|CS|TAMS 0x00000001bec00000, 0x00000001bec00000| Complete 
|1268|0x00000001bf000000, 0x00000001bf400000, 0x00000001bf400000|100%| E|CS|TAMS 0x00000001bf000000, 0x00000001bf000000| Complete 
|1269|0x00000001bf400000, 0x00000001bf800000, 0x00000001bf800000|100%| E|CS|TAMS 0x00000001bf400000, 0x00000001bf400000| Complete 
|1270|0x00000001bf800000, 0x00000001bfc00000, 0x00000001bfc00000|100%| E|CS|TAMS 0x00000001bf800000, 0x00000001bf800000| Complete 
|1271|0x00000001bfc00000, 0x00000001c0000000, 0x00000001c0000000|100%| E|CS|TAMS 0x00000001bfc00000, 0x00000001bfc00000| Complete 
|1272|0x00000001c0000000, 0x00000001c0400000, 0x00000001c0400000|100%| E|CS|TAMS 0x00000001c0000000, 0x00000001c0000000| Complete 
|1273|0x00000001c0400000, 0x00000001c0800000, 0x00000001c0800000|100%| E|CS|TAMS 0x00000001c0400000, 0x00000001c0400000| Complete 
|1274|0x00000001c0800000, 0x00000001c0c00000, 0x00000001c0c00000|100%| E|CS|TAMS 0x00000001c0800000, 0x00000001c0800000| Complete 
|1275|0x00000001c0c00000, 0x00000001c1000000, 0x00000001c1000000|100%| E|CS|TAMS 0x00000001c0c00000, 0x00000001c0c00000| Complete 
|1276|0x00000001c1000000, 0x00000001c1400000, 0x00000001c1400000|100%| E|CS|TAMS 0x00000001c1000000, 0x00000001c1000000| Complete 
|1277|0x00000001c1400000, 0x00000001c1800000, 0x00000001c1800000|100%| E|CS|TAMS 0x00000001c1400000, 0x00000001c1400000| Complete 
|1278|0x00000001c1800000, 0x00000001c1c00000, 0x00000001c1c00000|100%| E|CS|TAMS 0x00000001c1800000, 0x00000001c1800000| Complete 
|1279|0x00000001c1c00000, 0x00000001c2000000, 0x00000001c2000000|100%| E|CS|TAMS 0x00000001c1c00000, 0x00000001c1c00000| Complete 
|1280|0x00000001c2000000, 0x00000001c2400000, 0x00000001c2400000|100%| E|CS|TAMS 0x00000001c2000000, 0x00000001c2000000| Complete 
|1281|0x00000001c2400000, 0x00000001c2800000, 0x00000001c2800000|100%| E|CS|TAMS 0x00000001c2400000, 0x00000001c2400000| Complete 
|1282|0x00000001c2800000, 0x00000001c2c00000, 0x00000001c2c00000|100%| E|CS|TAMS 0x00000001c2800000, 0x00000001c2800000| Complete 
|1283|0x00000001c2c00000, 0x00000001c3000000, 0x00000001c3000000|100%| E|CS|TAMS 0x00000001c2c00000, 0x00000001c2c00000| Complete 
|1284|0x00000001c3000000, 0x00000001c3400000, 0x00000001c3400000|100%| E|CS|TAMS 0x00000001c3000000, 0x00000001c3000000| Complete 
|1285|0x00000001c3400000, 0x00000001c3800000, 0x00000001c3800000|100%| E|CS|TAMS 0x00000001c3400000, 0x00000001c3400000| Complete 
|1286|0x00000001c3800000, 0x00000001c3c00000, 0x00000001c3c00000|100%| E|CS|TAMS 0x00000001c3800000, 0x00000001c3800000| Complete 
|1287|0x00000001c3c00000, 0x00000001c4000000, 0x00000001c4000000|100%| E|CS|TAMS 0x00000001c3c00000, 0x00000001c3c00000| Complete 
|1288|0x00000001c4000000, 0x00000001c4400000, 0x00000001c4400000|100%| E|CS|TAMS 0x00000001c4000000, 0x00000001c4000000| Complete 
|1289|0x00000001c4400000, 0x00000001c4800000, 0x00000001c4800000|100%| E|CS|TAMS 0x00000001c4400000, 0x00000001c4400000| Complete 
|1290|0x00000001c4800000, 0x00000001c4c00000, 0x00000001c4c00000|100%| E|CS|TAMS 0x00000001c4800000, 0x00000001c4800000| Complete 
|1291|0x00000001c4c00000, 0x00000001c5000000, 0x00000001c5000000|100%| E|CS|TAMS 0x00000001c4c00000, 0x00000001c4c00000| Complete 
|1292|0x00000001c5000000, 0x00000001c5400000, 0x00000001c5400000|100%| E|CS|TAMS 0x00000001c5000000, 0x00000001c5000000| Complete 
|1293|0x00000001c5400000, 0x00000001c5800000, 0x00000001c5800000|100%| E|CS|TAMS 0x00000001c5400000, 0x00000001c5400000| Complete 
|1294|0x00000001c5800000, 0x00000001c5c00000, 0x00000001c5c00000|100%| E|CS|TAMS 0x00000001c5800000, 0x00000001c5800000| Complete 
|1295|0x00000001c5c00000, 0x00000001c6000000, 0x00000001c6000000|100%| E|CS|TAMS 0x00000001c5c00000, 0x00000001c5c00000| Complete 
|1296|0x00000001c6000000, 0x00000001c6400000, 0x00000001c6400000|100%| E|CS|TAMS 0x00000001c6000000, 0x00000001c6000000| Complete 
|1297|0x00000001c6400000, 0x00000001c6800000, 0x00000001c6800000|100%| E|CS|TAMS 0x00000001c6400000, 0x00000001c6400000| Complete 
|1298|0x00000001c6800000, 0x00000001c6c00000, 0x00000001c6c00000|100%| E|CS|TAMS 0x00000001c6800000, 0x00000001c6800000| Complete 
|1299|0x00000001c6c00000, 0x00000001c7000000, 0x00000001c7000000|100%| E|CS|TAMS 0x00000001c6c00000, 0x00000001c6c00000| Complete 
|1300|0x00000001c7000000, 0x00000001c7400000, 0x00000001c7400000|100%| E|CS|TAMS 0x00000001c7000000, 0x00000001c7000000| Complete 
|1301|0x00000001c7400000, 0x00000001c7800000, 0x00000001c7800000|100%| E|CS|TAMS 0x00000001c7400000, 0x00000001c7400000| Complete 
|1302|0x00000001c7800000, 0x00000001c7c00000, 0x00000001c7c00000|100%| E|CS|TAMS 0x00000001c7800000, 0x00000001c7800000| Complete 
|1303|0x00000001c7c00000, 0x00000001c8000000, 0x00000001c8000000|100%| E|CS|TAMS 0x00000001c7c00000, 0x00000001c7c00000| Complete 
|1304|0x00000001c8000000, 0x00000001c8400000, 0x00000001c8400000|100%| E|CS|TAMS 0x00000001c8000000, 0x00000001c8000000| Complete 
|1305|0x00000001c8400000, 0x00000001c8800000, 0x00000001c8800000|100%| E|CS|TAMS 0x00000001c8400000, 0x00000001c8400000| Complete 
|1306|0x00000001c8800000, 0x00000001c8c00000, 0x00000001c8c00000|100%| E|CS|TAMS 0x00000001c8800000, 0x00000001c8800000| Complete 
|1307|0x00000001c8c00000, 0x00000001c9000000, 0x00000001c9000000|100%| E|CS|TAMS 0x00000001c8c00000, 0x00000001c8c00000| Complete 
|1308|0x00000001c9000000, 0x00000001c9400000, 0x00000001c9400000|100%| E|CS|TAMS 0x00000001c9000000, 0x00000001c9000000| Complete 
|1309|0x00000001c9400000, 0x00000001c9800000, 0x00000001c9800000|100%| E|CS|TAMS 0x00000001c9400000, 0x00000001c9400000| Complete 
|1310|0x00000001c9800000, 0x00000001c9c00000, 0x00000001c9c00000|100%| E|CS|TAMS 0x00000001c9800000, 0x00000001c9800000| Complete 
|1311|0x00000001c9c00000, 0x00000001ca000000, 0x00000001ca000000|100%| E|CS|TAMS 0x00000001c9c00000, 0x00000001c9c00000| Complete 
|1312|0x00000001ca000000, 0x00000001ca400000, 0x00000001ca400000|100%| E|CS|TAMS 0x00000001ca000000, 0x00000001ca000000| Complete 
|1313|0x00000001ca400000, 0x00000001ca800000, 0x00000001ca800000|100%| E|CS|TAMS 0x00000001ca400000, 0x00000001ca400000| Complete 
|1314|0x00000001ca800000, 0x00000001cac00000, 0x00000001cac00000|100%| E|CS|TAMS 0x00000001ca800000, 0x00000001ca800000| Complete 
|1315|0x00000001cac00000, 0x00000001cb000000, 0x00000001cb000000|100%| E|CS|TAMS 0x00000001cac00000, 0x00000001cac00000| Complete 
|1316|0x00000001cb000000, 0x00000001cb400000, 0x00000001cb400000|100%| E|CS|TAMS 0x00000001cb000000, 0x00000001cb000000| Complete 
|1317|0x00000001cb400000, 0x00000001cb800000, 0x00000001cb800000|100%| E|CS|TAMS 0x00000001cb400000, 0x00000001cb400000| Complete 
|1318|0x00000001cb800000, 0x00000001cbc00000, 0x00000001cbc00000|100%| E|CS|TAMS 0x00000001cb800000, 0x00000001cb800000| Complete 
|1319|0x00000001cbc00000, 0x00000001cc000000, 0x00000001cc000000|100%| E|CS|TAMS 0x00000001cbc00000, 0x00000001cbc00000| Complete 
|1320|0x00000001cc000000, 0x00000001cc400000, 0x00000001cc400000|100%| E|CS|TAMS 0x00000001cc000000, 0x00000001cc000000| Complete 
|1321|0x00000001cc400000, 0x00000001cc800000, 0x00000001cc800000|100%| E|CS|TAMS 0x00000001cc400000, 0x00000001cc400000| Complete 
|1322|0x00000001cc800000, 0x00000001ccc00000, 0x00000001ccc00000|100%| E|CS|TAMS 0x00000001cc800000, 0x00000001cc800000| Complete 
|1323|0x00000001ccc00000, 0x00000001cd000000, 0x00000001cd000000|100%| E|CS|TAMS 0x00000001ccc00000, 0x00000001ccc00000| Complete 
|1324|0x00000001cd000000, 0x00000001cd400000, 0x00000001cd400000|100%| E|CS|TAMS 0x00000001cd000000, 0x00000001cd000000| Complete 
|1325|0x00000001cd400000, 0x00000001cd800000, 0x00000001cd800000|100%| E|CS|TAMS 0x00000001cd400000, 0x00000001cd400000| Complete 
|1326|0x00000001cd800000, 0x00000001cdc00000, 0x00000001cdc00000|100%| E|CS|TAMS 0x00000001cd800000, 0x00000001cd800000| Complete 
|1327|0x00000001cdc00000, 0x00000001ce000000, 0x00000001ce000000|100%| E|CS|TAMS 0x00000001cdc00000, 0x00000001cdc00000| Complete 
|1328|0x00000001ce000000, 0x00000001ce400000, 0x00000001ce400000|100%| E|CS|TAMS 0x00000001ce000000, 0x00000001ce000000| Complete 
|1329|0x00000001ce400000, 0x00000001ce800000, 0x00000001ce800000|100%| E|CS|TAMS 0x00000001ce400000, 0x00000001ce400000| Complete 
|1330|0x00000001ce800000, 0x00000001cec00000, 0x00000001cec00000|100%| E|CS|TAMS 0x00000001ce800000, 0x00000001ce800000| Complete 
|1331|0x00000001cec00000, 0x00000001cf000000, 0x00000001cf000000|100%| E|CS|TAMS 0x00000001cec00000, 0x00000001cec00000| Complete 
|1332|0x00000001cf000000, 0x00000001cf400000, 0x00000001cf400000|100%| E|CS|TAMS 0x00000001cf000000, 0x00000001cf000000| Complete 
|1333|0x00000001cf400000, 0x00000001cf800000, 0x00000001cf800000|100%| E|CS|TAMS 0x00000001cf400000, 0x00000001cf400000| Complete 
|1334|0x00000001cf800000, 0x00000001cfc00000, 0x00000001cfc00000|100%| E|CS|TAMS 0x00000001cf800000, 0x00000001cf800000| Complete 
|1335|0x00000001cfc00000, 0x00000001d0000000, 0x00000001d0000000|100%| E|CS|TAMS 0x00000001cfc00000, 0x00000001cfc00000| Complete 
|1336|0x00000001d0000000, 0x00000001d0400000, 0x00000001d0400000|100%| E|CS|TAMS 0x00000001d0000000, 0x00000001d0000000| Complete 
|1337|0x00000001d0400000, 0x00000001d0800000, 0x00000001d0800000|100%| E|CS|TAMS 0x00000001d0400000, 0x00000001d0400000| Complete 
|1338|0x00000001d0800000, 0x00000001d0c00000, 0x00000001d0c00000|100%| E|CS|TAMS 0x00000001d0800000, 0x00000001d0800000| Complete 
|1339|0x00000001d0c00000, 0x00000001d1000000, 0x00000001d1000000|100%| E|CS|TAMS 0x00000001d0c00000, 0x00000001d0c00000| Complete 

Card table byte_map: [0x00000208f81d0000,0x00000208fbdc0000] _byte_map_base: 0x00000208f7dc0000

Marking Bits (Prev, Next): (CMBitMap*) 0x00000208ea975c48, (CMBitMap*) 0x00000208ea975c80
 Prev Bits: [0x000002088f000000, 0x00000208acf80000)
 Next Bits: [0x00000208acf80000, 0x00000208caf00000)

Polling page: 0x00000208e83d0000

Metaspace:

Usage:
  Non-class:     16.24 MB capacity,    15.91 MB ( 98%) used,   281.13 KB (  2%) free+waste,    55.69 KB ( <1%) overhead. 
      Class:      2.02 MB capacity,     1.79 MB ( 89%) used,   201.63 KB ( 10%) free+waste,    26.81 KB (  1%) overhead. 
       Both:     18.25 MB capacity,    17.70 MB ( 97%) used,   482.77 KB (  3%) free+waste,    82.50 KB ( <1%) overhead. 

Virtual space:
  Non-class space:       18.00 MB reserved,      16.25 MB ( 90%) committed 
      Class space:        1.00 GB reserved,       2.12 MB ( <1%) committed 
             Both:        1.02 GB reserved,      18.38 MB (  2%) committed 

Chunk freelists:
   Non-Class:  14.00 KB
       Class:  16.00 KB
        Both:  30.00 KB

MaxMetaspaceSize: 17179869184.00 GB
CompressedClassSpaceSize: 1.00 GB
Initial GC threshold: 20.80 MB
Current GC threshold: 20.80 MB
CDS: on

CodeHeap 'non-profiled nmethods': size=118912Kb used=4101Kb max_used=4101Kb free=114810Kb
 bounds [0x0000020887be0000, 0x0000020887ff0000, 0x000002088f000000]
CodeHeap 'profiled nmethods': size=118848Kb used=9219Kb max_used=9219Kb free=109628Kb
 bounds [0x00000208807d0000, 0x00000208810e0000, 0x0000020887be0000]
CodeHeap 'non-nmethods': size=8000Kb used=1307Kb max_used=3613Kb free=6692Kb
 bounds [0x0000020880000000, 0x00000208803e0000, 0x00000208807d0000]
 total_blobs=4625 nmethods=4021 adapters=515
 compilation: enabled
              stopped_count=0, restarted_count=0
 full_count=0

Compilation events (20 events):
Event: 12.602 Thread 0x00000208cf2e6800 4049       4       pseudo.res.GMesh::addFacility (12 bytes)
Event: 12.602 Thread 0x00000208cf2e5800 nmethod 4044 0x0000020887fd6910 code [0x0000020887fd6aa0, 0x0000020887fd6b18]
Event: 12.604 Thread 0x00000208cf2e6800 nmethod 4049 0x0000020887fd6c10 code [0x0000020887fd6dc0, 0x0000020887fd7378]
Event: 12.607 Thread 0x00000208cea37800 nmethod 4043 0x0000020887fd7610 code [0x0000020887fd78c0, 0x0000020887fd9470]
Event: 12.729 Thread 0x00000208cf2e7800 4050 % !   3       pseudo.acs.DataAccessor::loadZenrinTatemono @ 24 (211 bytes)
Event: 12.730 Thread 0x00000208cf2e7800 nmethod 4050% 0x00000208810c3390 code [0x00000208810c38e0, 0x00000208810c68e8]
Event: 12.732 Thread 0x00000208cea4c800 4051   !   3       pseudo.acs.DataAccessor::loadZenrinTatemono (211 bytes)
Event: 12.733 Thread 0x00000208cea4c800 nmethod 4051 0x00000208810c8510 code [0x00000208810c8a60, 0x00000208810cb828]
Event: 12.824 Thread 0x00000208cea37800 4052 % !   4       pseudo.acs.DataAccessor::loadZenrinTatemono @ 24 (211 bytes)
Event: 12.843 Thread 0x00000208cea37800 nmethod 4052% 0x0000020887fdad10 code [0x0000020887fdb020, 0x0000020887fdcdc8]
Event: 16.190 Thread 0x00000208cf2e3000 4054       3       jdk.internal.math.FDBigInteger::rightInplaceSub (351 bytes)
Event: 16.190 Thread 0x00000208cf2e8000 4053       3       jdk.internal.math.FDBigInteger::valueOfMulPow52 (449 bytes)
Event: 16.191 Thread 0x00000208cf2e3000 nmethod 4054 0x00000208810cd390 code [0x00000208810cd640, 0x00000208810ce748]
Event: 16.191 Thread 0x00000208cea37800 4055       4       jdk.internal.math.FDBigInteger::<init> (30 bytes)
Event: 16.191 Thread 0x00000208cf2e8000 nmethod 4053 0x00000208810cee10 code [0x00000208810cf120, 0x00000208810d0718]
Event: 16.192 Thread 0x00000208cea37800 nmethod 4055 0x0000020887fde690 code [0x0000020887fde840, 0x0000020887fdeab8]
Event: 16.193 Thread 0x00000208cea37800 4056       4       jdk.internal.math.FDBigInteger::rightInplaceSub (351 bytes)
Event: 16.196 Thread 0x00000208cea37800 nmethod 4056 0x0000020887fdec90 code [0x0000020887fdee40, 0x0000020887fdf3e8]
Event: 16.196 Thread 0x00000208cea37800 4057       4       jdk.internal.math.FDBigInteger::valueOfMulPow52 (449 bytes)
Event: 16.206 Thread 0x00000208cea37800 nmethod 4057 0x0000020887fdf810 code [0x0000020887fdfa60, 0x0000020887fe0bd0]

GC Heap History (20 events):
Event: 16.499 GC heap before
{Heap before GC invocations=21 (full 0):
 garbage-first heap   total 3809280K, used 2582622K [0x0000000082000000, 0x0000000800000000)
  region size 4096K, 558 young (2285568K), 37 survivors (151552K)
 Metaspace       used 18121K, capacity 18626K, committed 18816K, reserved 1067008K
  class space    used 1834K, capacity 2064K, committed 2176K, reserved 1048576K
}
Event: 16.519 GC heap after
{Heap after GC invocations=22 (full 0):
 garbage-first heap   total 3809280K, used 493032K [0x0000000082000000, 0x0000000800000000)
  region size 4096K, 48 young (196608K), 48 survivors (196608K)
 Metaspace       used 18121K, capacity 18626K, committed 18816K, reserved 1067008K
  class space    used 1834K, capacity 2064K, committed 2176K, reserved 1048576K
}
Event: 17.442 GC heap before
{Heap before GC invocations=22 (full 0):
 garbage-first heap   total 3809280K, used 2581992K [0x0000000082000000, 0x0000000800000000)
  region size 4096K, 558 young (2285568K), 48 survivors (196608K)
 Metaspace       used 18121K, capacity 18626K, committed 18816K, reserved 1067008K
  class space    used 1834K, capacity 2064K, committed 2176K, reserved 1048576K
}
Event: 17.465 GC heap after
{Heap after GC invocations=23 (full 0):
 garbage-first heap   total 3809280K, used 537861K [0x0000000082000000, 0x0000000800000000)
  region size 4096K, 49 young (200704K), 49 survivors (200704K)
 Metaspace       used 18121K, capacity 18626K, committed 18816K, reserved 1067008K
  class space    used 1834K, capacity 2064K, committed 2176K, reserved 1048576K
}
Event: 18.393 GC heap before
{Heap before GC invocations=23 (full 0):
 garbage-first heap   total 3809280K, used 2622725K [0x0000000082000000, 0x0000000800000000)
  region size 4096K, 558 young (2285568K), 49 survivors (200704K)
 Metaspace       used 18121K, capacity 18626K, committed 18816K, reserved 1067008K
  class space    used 1834K, capacity 2064K, committed 2176K, reserved 1048576K
}
Event: 18.414 GC heap after
{Heap after GC invocations=24 (full 0):
 garbage-first heap   total 3809280K, used 581301K [0x0000000082000000, 0x0000000800000000)
  region size 4096K, 43 young (176128K), 43 survivors (176128K)
 Metaspace       used 18121K, capacity 18626K, committed 18816K, reserved 1067008K
  class space    used 1834K, capacity 2064K, committed 2176K, reserved 1048576K
}
Event: 19.357 GC heap before
{Heap before GC invocations=24 (full 0):
 garbage-first heap   total 3809280K, used 2690741K [0x0000000082000000, 0x0000000800000000)
  region size 4096K, 558 young (2285568K), 43 survivors (176128K)
 Metaspace       used 18121K, capacity 18626K, committed 18816K, reserved 1067008K
  class space    used 1834K, capacity 2064K, committed 2176K, reserved 1048576K
}
Event: 19.378 GC heap after
{Heap after GC invocations=25 (full 0):
 garbage-first heap   total 4571136K, used 626027K [0x0000000082000000, 0x0000000800000000)
  region size 4096K, 44 young (180224K), 44 survivors (180224K)
 Metaspace       used 18121K, capacity 18626K, committed 18816K, reserved 1067008K
  class space    used 1834K, capacity 2064K, committed 2176K, reserved 1048576K
}
Event: 20.586 GC heap before
{Heap before GC invocations=25 (full 0):
 garbage-first heap   total 4571136K, used 3186027K [0x0000000082000000, 0x0000000800000000)
  region size 4096K, 669 young (2740224K), 44 survivors (180224K)
 Metaspace       used 18121K, capacity 18626K, committed 18816K, reserved 1067008K
  class space    used 1834K, capacity 2064K, committed 2176K, reserved 1048576K
}
Event: 20.607 GC heap after
{Heap after GC invocations=26 (full 0):
 garbage-first heap   total 4571136K, used 675179K [0x0000000082000000, 0x0000000800000000)
  region size 4096K, 56 young (229376K), 56 survivors (229376K)
 Metaspace       used 18121K, capacity 18626K, committed 18816K, reserved 1067008K
  class space    used 1834K, capacity 2064K, committed 2176K, reserved 1048576K
}
Event: 21.730 GC heap before
{Heap before GC invocations=26 (full 0):
 garbage-first heap   total 4571136K, used 3186027K [0x0000000082000000, 0x0000000800000000)
  region size 4096K, 669 young (2740224K), 56 survivors (229376K)
 Metaspace       used 18121K, capacity 18626K, committed 18816K, reserved 1067008K
  class space    used 1834K, capacity 2064K, committed 2176K, reserved 1048576K
}
Event: 21.755 GC heap after
{Heap after GC invocations=27 (full 0):
 garbage-first heap   total 4571136K, used 718237K [0x0000000082000000, 0x0000000800000000)
  region size 4096K, 56 young (229376K), 56 survivors (229376K)
 Metaspace       used 18121K, capacity 18626K, committed 18816K, reserved 1067008K
  class space    used 1834K, capacity 2064K, committed 2176K, reserved 1048576K
}
Event: 22.874 GC heap before
{Heap before GC invocations=27 (full 0):
 garbage-first heap   total 4571136K, used 3229085K [0x0000000082000000, 0x0000000800000000)
  region size 4096K, 669 young (2740224K), 56 survivors (229376K)
 Metaspace       used 18121K, capacity 18626K, committed 18816K, reserved 1067008K
  class space    used 1834K, capacity 2064K, committed 2176K, reserved 1048576K
}
Event: 22.898 GC heap after
{Heap after GC invocations=28 (full 0):
 garbage-first heap   total 4571136K, used 768944K [0x0000000082000000, 0x0000000800000000)
  region size 4096K, 58 young (237568K), 58 survivors (237568K)
 Metaspace       used 18121K, capacity 18626K, committed 18816K, reserved 1067008K
  class space    used 1834K, capacity 2064K, committed 2176K, reserved 1048576K
}
Event: 24.015 GC heap before
{Heap before GC invocations=28 (full 0):
 garbage-first heap   total 4571136K, used 3271600K [0x0000000082000000, 0x0000000800000000)
  region size 4096K, 669 young (2740224K), 58 survivors (237568K)
 Metaspace       used 18121K, capacity 18626K, committed 18816K, reserved 1067008K
  class space    used 1834K, capacity 2064K, committed 2176K, reserved 1048576K
}
Event: 24.042 GC heap after
{Heap after GC invocations=29 (full 0):
 garbage-first heap   total 5488640K, used 819845K [0x0000000082000000, 0x0000000800000000)
  region size 4096K, 49 young (200704K), 49 survivors (200704K)
 Metaspace       used 18121K, capacity 18626K, committed 18816K, reserved 1067008K
  class space    used 1834K, capacity 2064K, committed 2176K, reserved 1048576K
}
Event: 25.505 GC heap before
{Heap before GC invocations=29 (full 0):
 garbage-first heap   total 5488640K, used 3912325K [0x0000000082000000, 0x0000000800000000)
  region size 4096K, 804 young (3293184K), 49 survivors (200704K)
 Metaspace       used 18121K, capacity 18626K, committed 18816K, reserved 1067008K
  class space    used 1834K, capacity 2064K, committed 2176K, reserved 1048576K
}
Event: 25.529 GC heap after
{Heap after GC invocations=30 (full 0):
 garbage-first heap   total 5488640K, used 873479K [0x0000000082000000, 0x0000000800000000)
  region size 4096K, 62 young (253952K), 62 survivors (253952K)
 Metaspace       used 18121K, capacity 18626K, committed 18816K, reserved 1067008K
  class space    used 1834K, capacity 2064K, committed 2176K, reserved 1048576K
}
Event: 26.887 GC heap before
{Heap before GC invocations=30 (full 0):
 garbage-first heap   total 5488640K, used 3912711K [0x0000000082000000, 0x0000000800000000)
  region size 4096K, 804 young (3293184K), 62 survivors (253952K)
 Metaspace       used 18121K, capacity 18626K, committed 18816K, reserved 1067008K
  class space    used 1834K, capacity 2064K, committed 2176K, reserved 1048576K
}
Event: 26.916 GC heap after
{Heap after GC invocations=31 (full 0):
 garbage-first heap   total 5488640K, used 942569K [0x0000000082000000, 0x0000000800000000)
  region size 4096K, 67 young (274432K), 67 survivors (274432K)
 Metaspace       used 18121K, capacity 18626K, committed 18816K, reserved 1067008K
  class space    used 1834K, capacity 2064K, committed 2176K, reserved 1048576K
}

Deoptimization events (20 events):
Event: 12.570 Thread 0x00000208ea90b800 DEOPT PACKING pc=0x0000020887c4589c sp=0x000000babf6ff0f0
Event: 12.570 Thread 0x00000208ea90b800 DEOPT UNPACKING pc=0x000002088004a1af sp=0x000000babf6ff018 mode 2
Event: 12.571 Thread 0x00000208ea90b800 Uncommon trap: trap_request=0xffffff4d fr.pc=0x0000020887fb6f18 relative=0x0000000000001458
Event: 12.571 Thread 0x00000208ea90b800 Uncommon trap: reason=unstable_if action=reinterpret pc=0x0000020887fb6f18 method=jdk.internal.math.FloatingDecimal$ASCIIToBinaryBuffer.doubleValue()D @ 254 c2
Event: 12.571 Thread 0x00000208ea90b800 DEOPT PACKING pc=0x0000020887fb6f18 sp=0x000000babf6ff0b0
Event: 12.571 Thread 0x00000208ea90b800 DEOPT UNPACKING pc=0x000002088004a1af sp=0x000000babf6fefc0 mode 2
Event: 12.862 Thread 0x00000208ea90b800 DEOPT PACKING pc=0x00000208810c647d sp=0x000000babf6ff080
Event: 12.862 Thread 0x00000208ea90b800 DEOPT UNPACKING pc=0x000002088004a95e sp=0x000000babf6fe648 mode 0
Event: 16.190 Thread 0x00000208ea90b800 Uncommon trap: trap_request=0xffffff4d fr.pc=0x0000020887fd582c relative=0x0000000000000ccc
Event: 16.190 Thread 0x00000208ea90b800 Uncommon trap: reason=unstable_if action=reinterpret pc=0x0000020887fd582c method=jdk.internal.math.FDBigInteger.valueOfMulPow52(JII)Ljdk/internal/math/FDBigInteger; @ 243 c2
Event: 16.190 Thread 0x00000208ea90b800 DEOPT PACKING pc=0x0000020887fd582c sp=0x000000babf6ff070
Event: 16.190 Thread 0x00000208ea90b800 DEOPT UNPACKING pc=0x000002088004a1af sp=0x000000babf6ff008 mode 2
Event: 16.190 Thread 0x00000208ea90b800 Uncommon trap: trap_request=0xffffff4d fr.pc=0x0000020887c31590 relative=0x0000000000000350
Event: 16.190 Thread 0x00000208ea90b800 Uncommon trap: reason=unstable_if action=reinterpret pc=0x0000020887c31590 method=jdk.internal.math.FDBigInteger.rightInplaceSub(Ljdk/internal/math/FDBigInteger;)Ljdk/internal/math/FDBigInteger; @ 189 c2
Event: 16.190 Thread 0x00000208ea90b800 DEOPT PACKING pc=0x0000020887c31590 sp=0x000000babf6ff0b0
Event: 16.190 Thread 0x00000208ea90b800 DEOPT UNPACKING pc=0x000002088004a1af sp=0x000000babf6feff8 mode 2
Event: 27.663 Thread 0x00000208ea90b800 Uncommon trap: trap_request=0x0000003d fr.pc=0x0000020887f7d9c4 relative=0x0000000000005764
Event: 27.663 Thread 0x00000208ea90b800 Uncommon trap: reason=unloaded action=reinterpret pc=0x0000020887f7d9c4 method=java.util.Formatter.format(Ljava/util/Locale;Ljava/lang/String;[Ljava/lang/Object;)Ljava/util/Formatter; @ 229 c2
Event: 27.664 Thread 0x00000208ea90b800 DEOPT PACKING pc=0x0000020887f7d9c4 sp=0x000000babf6fef40
Event: 27.664 Thread 0x00000208ea90b800 DEOPT UNPACKING pc=0x000002088004a1af sp=0x000000babf6fee98 mode 2

Classes redefined (0 events):
No events

Internal exceptions (20 events):
Event: 5.738 Thread 0x00000208ea90b800 Exception <a 'java/lang/NoSuchMethodError'{0x00000000d02b0c90}: 'int java.lang.invoke.DirectMethodHandle$Holder.invokeVirtual(java.lang.Object, java.lang.Object, java.lang.Object)'> (0x00000000d02b0c90) thrown at [s\src\hotspot\share\interpreter\linkResolver.cpp, line 773]
Event: 5.738 Thread 0x00000208ea90b800 Exception <a 'java/lang/NoSuchMethodError'{0x00000000d02b6f48}: 'java.lang.Object java.lang.invoke.DirectMethodHandle$Holder.invokeVirtual(java.lang.Object, java.lang.Object, java.lang.Object)'> (0x00000000d02b6f48) thrown at [s\src\hotspot\share\interpreter\linkResolver.cpp, line 773]
Event: 5.780 Thread 0x00000208ea90b800 Exception <a 'java/lang/NoSuchMethodError'{0x00000000cfefc5c0}: 'int java.lang.invoke.DirectMethodHandle$Holder.invokeSpecial(java.lang.Object, java.lang.Object, java.lang.Object, java.lang.Object)'> (0x00000000cfefc5c0) thrown at [s\src\hotspot\share\interpreter\linkResolver.cpp, line 773]
Event: 5.782 Thread 0x00000208ea90b800 Exception <a 'java/lang/NoSuchMethodError'{0x00000000cff072f0}: 'int java.lang.invoke.DirectMethodHandle$Holder.invokeInterface(java.lang.Object, java.lang.Object)'> (0x00000000cff072f0) thrown at [s\src\hotspot\share\interpreter\linkResolver.cpp, line 773]
Event: 5.870 Thread 0x00000208ea90b800 Exception <a 'java/lang/NoSuchMethodError'{0x00000000cfa351a8}: 'java.lang.Object java.lang.invoke.DirectMethodHandle$Holder.invokeSpecial(java.lang.Object, java.lang.Object, int, int, java.lang.Object, java.lang.Object, java.lang.Object, java.lang.Object)'> (0x00000000cfa351a8) thrown at [s\src\hotspot\share\interpreter\linkResolver.cpp, line 773]
Event: 5.870 Thread 0x00000208ea90b800 Exception <a 'java/lang/NoSuchMethodError'{0x00000000cfa38b88}: 'java.lang.Object java.lang.invoke.DelegatingMethodHandle$Holder.reinvoke_L(java.lang.Object, int, int, java.lang.Object, java.lang.Object, java.lang.Object, java.lang.Object)'> (0x00000000cfa38b88) thrown at [s\src\hotspot\share\interpreter\linkResolver.cpp, line 773]
Event: 5.870 Thread 0x00000208ea90b800 Exception <a 'java/lang/NoSuchMethodError'{0x00000000cfa47540}: 'java.lang.Object java.lang.invoke.DirectMethodHandle$Holder.invokeStatic(java.lang.Object, java.lang.Object, java.lang.Object, java.lang.Object, java.lang.Object, java.lang.Object, int)'> (0x00000000cfa47540) thrown at [s\src\hotspot\share\interpreter\linkResolver.cpp, line 773]
Event: 5.874 Thread 0x00000208ea90b800 Exception <a 'java/io/FileNotFoundException'{0x00000000cfad22f0}> (0x00000000cfad22f0) thrown at [s\src\hotspot\share\prims\jni.cpp, line 617]
Event: 5.882 Thread 0x00000208ea90b800 Exception <a 'java/lang/NoSuchMethodError'{0x00000000cfbcdc50}: 'java.lang.Object java.lang.invoke.DirectMethodHandle$Holder.invokeStatic(java.lang.Object, java.lang.Object, java.lang.Object, java.lang.Object, java.lang.Object, java.lang.Object, java.lang.Object, java.lang.Object, java.lang.Object, java.lang.Object, java.lang.Object, int)'> (0x00000000cfbcdc50) thrown at [s\src\hotspot\share\interpreter\linkResolver.cpp, line 773]
Event: 5.882 Thread 0x00000208ea90b800 Exception <a 'java/lang/NoSuchMethodError'{0x00000000cfbebdf8}: 'java.lang.Object java.lang.invoke.DirectMethodHandle$Holder.invokeStatic(java.lang.Object, java.lang.Object, java.lang.Object, java.lang.Object, java.lang.Object, java.lang.Object, java.lang.Object, java.lang.Object, java.lang.Object, java.lang.Object, java.lang.Object, int, int)'> (0x00000000cfbebdf8) thrown at [s\src\hotspot\share\interpreter\linkResolver.cpp, line 773]
Event: 5.883 Thread 0x00000208ea90b800 Exception <a 'java/lang/NoSuchMethodError'{0x00000000cf40b370}: 'java.lang.Object java.lang.invoke.DirectMethodHandle$Holder.invokeStatic(java.lang.Object, java.lang.Object, java.lang.Object, java.lang.Object, java.lang.Object, java.lang.Object, java.lang.Object, java.lang.Object, java.lang.Object, java.lang.Object, java.lang.Object, int, int, java.lang.Object)'> (0x00000000cf40b370) thrown at [s\src\hotspot\share\interpreter\linkResolver.cpp, line 773]
Event: 5.883 Thread 0x00000208ea90b800 Exception <a 'java/lang/NoSuchMethodError'{0x00000000cf42ba30}: 'java.lang.Object java.lang.invoke.DirectMethodHandle$Holder.invokeStatic(java.lang.Object, java.lang.Object, java.lang.Object, java.lang.Object, java.lang.Object, java.lang.Object, java.lang.Object, java.lang.Object, java.lang.Object, java.lang.Object, java.lang.Object, int, int, java.lang.Object, java.lang.Object)'> (0x00000000cf42ba30) thrown at [s\src\hotspot\share\interpreter\linkResolver.cpp, line 773]
Event: 5.894 Thread 0x00000208ea90b800 Implicit null exception at 0x0000020887c86f98 to 0x0000020887c87190
Event: 6.038 Thread 0x00000208ea90b800 Exception <a 'java/lang/ClassNotFoundException'{0x00000000ce7b1da8}: sun/util/logging/resources/spi/loggingProvider> (0x00000000ce7b1da8) thrown at [s\src\hotspot\share\classfile\systemDictionary.cpp, line 230]
Event: 6.041 Thread 0x00000208ea90b800 Implicit null exception at 0x0000020887c7d9d1 to 0x0000020887c7e504
Event: 6.205 Thread 0x00000208ea90b800 Exception <a 'java/lang/NoSuchMethodError'{0x00000000cd5111b0}: 'java.lang.Object java.lang.invoke.DirectMethodHandle$Holder.invokeSpecial(java.lang.Object, java.lang.Object, int, int, java.lang.Object, java.lang.Object, int)'> (0x00000000cd5111b0) thrown at [s\src\hotspot\share\interpreter\linkResolver.cpp, line 773]
Event: 6.205 Thread 0x00000208ea90b800 Exception <a 'java/lang/NoSuchMethodError'{0x00000000cd514640}: 'java.lang.Object java.lang.invoke.DelegatingMethodHandle$Holder.reinvoke_L(java.lang.Object, int, int, java.lang.Object, java.lang.Object, int)'> (0x00000000cd514640) thrown at [s\src\hotspot\share\interpreter\linkResolver.cpp, line 773]
Event: 6.206 Thread 0x00000208ea90b800 Exception <a 'java/lang/NoSuchMethodError'{0x00000000cd530ec0}: 'java.lang.Object java.lang.invoke.DirectMethodHandle$Holder.invokeSpecial(java.lang.Object, java.lang.Object, java.lang.Object, java.lang.Object, int)'> (0x00000000cd530ec0) thrown at [s\src\hotspot\share\interpreter\linkResolver.cpp, line 773]
Event: 6.206 Thread 0x00000208ea90b800 Exception <a 'java/lang/NoSuchMethodError'{0x00000000cd533f28}: 'java.lang.Object java.lang.invoke.Invokers$Holder.linkToTargetMethod(java.lang.Object, java.lang.Object, int, java.lang.Object)'> (0x00000000cd533f28) thrown at [s\src\hotspot\share\interpreter\linkResolver.cpp, line 773]
Event: 6.918 Thread 0x00000208ea90b800 Implicit null exception at 0x0000020887c4ba93 to 0x0000020887c4be38

Events (20 events):
Event: 19.357 Executing VM operation: G1CollectForAllocation
Event: 19.378 Executing VM operation: G1CollectForAllocation done
Event: 20.586 Executing VM operation: G1CollectForAllocation
Event: 20.607 Executing VM operation: G1CollectForAllocation done
Event: 21.203 Thread 0x00000208cf2e8000 Thread exited: 0x00000208cf2e8000
Event: 21.730 Executing VM operation: G1CollectForAllocation
Event: 21.755 Executing VM operation: G1CollectForAllocation done
Event: 22.874 Executing VM operation: G1CollectForAllocation
Event: 22.898 Executing VM operation: G1CollectForAllocation done
Event: 24.015 Executing VM operation: G1CollectForAllocation
Event: 24.042 Executing VM operation: G1CollectForAllocation done
Event: 25.505 Executing VM operation: G1CollectForAllocation
Event: 25.529 Executing VM operation: G1CollectForAllocation done
Event: 26.214 Thread 0x00000208cf2e3000 Thread exited: 0x00000208cf2e3000
Event: 26.887 Executing VM operation: G1CollectForAllocation
Event: 26.916 Executing VM operation: G1CollectForAllocation done
Event: 27.664 loading class java/util/MissingFormatArgumentException
Event: 27.664 loading class java/util/IllegalFormatException
Event: 27.664 loading class java/util/IllegalFormatException done
Event: 27.664 loading class java/util/MissingFormatArgumentException done


Dynamic libraries:
0x00007ff6d2720000 - 0x00007ff6d272e000 	C:\Users\pybdt\.jdks\ms-11.0.26\bin\java.exe
0x00007ffb41f40000 - 0x00007ffb421a8000 	C:\WINDOWS\SYSTEM32\ntdll.dll
0x00007ffb0fbf0000 - 0x00007ffb0fc10000 	C:\Program Files\Norton\Suite\aswhook.dll
0x00007ffb41690000 - 0x00007ffb41759000 	C:\WINDOWS\System32\KERNEL32.DLL
0x00007ffb3f700000 - 0x00007ffb3faf2000 	C:\WINDOWS\System32\KERNELBASE.dll
0x00007ffb3fb00000 - 0x00007ffb3fc4b000 	C:\WINDOWS\System32\ucrtbase.dll
0x00007ffb266b0000 - 0x00007ffb266c7000 	C:\Users\pybdt\.jdks\ms-11.0.26\bin\jli.dll
0x00007ffb266d0000 - 0x00007ffb266ed000 	C:\Users\pybdt\.jdks\ms-11.0.26\bin\VCRUNTIME140.dll
0x00007ffb41890000 - 0x00007ffb41a55000 	C:\WINDOWS\System32\USER32.dll
0x00007ffb3f630000 - 0x00007ffb3f657000 	C:\WINDOWS\System32\win32u.dll
0x00007ffb27e90000 - 0x00007ffb28123000 	C:\WINDOWS\WinSxS\amd64_microsoft.windows.common-controls_6595b64144ccf1df_6.0.26100.6899_none_3e0efeeae32e88c1\COMCTL32.dll
0x00007ffb41660000 - 0x00007ffb4168b000 	C:\WINDOWS\System32\GDI32.dll
0x00007ffb412b0000 - 0x00007ffb41359000 	C:\WINDOWS\System32\msvcrt.dll
0x00007ffb3f390000 - 0x00007ffb3f4bd000 	C:\WINDOWS\System32\gdi32full.dll
0x00007ffb3f0d0000 - 0x00007ffb3f173000 	C:\WINDOWS\System32\msvcp_win.dll
0x00007ffb40c70000 - 0x00007ffb40c9f000 	C:\WINDOWS\System32\IMM32.DLL
0x00007ffb20d50000 - 0x00007ffb20d5c000 	C:\Users\pybdt\.jdks\ms-11.0.26\bin\vcruntime140_1.dll
0x00007ffacf9e0000 - 0x00007ffacfa6d000 	C:\Users\pybdt\.jdks\ms-11.0.26\bin\msvcp140.dll
0x00007ff9b80c0000 - 0x00007ff9b8c97000 	C:\Users\pybdt\.jdks\ms-11.0.26\bin\server\jvm.dll
0x00007ffb40850000 - 0x00007ffb40904000 	C:\WINDOWS\System32\ADVAPI32.dll
0x00007ffb41200000 - 0x00007ffb412a6000 	C:\WINDOWS\System32\sechost.dll
0x00007ffb41540000 - 0x00007ffb41658000 	C:\WINDOWS\System32\RPCRT4.dll
0x00007ffb3fd10000 - 0x00007ffb3fd84000 	C:\WINDOWS\System32\WS2_32.dll
0x00007ffb36b20000 - 0x00007ffb36b2b000 	C:\WINDOWS\SYSTEM32\VERSION.dll
0x00007ffb31ac0000 - 0x00007ffb31af5000 	C:\WINDOWS\SYSTEM32\WINMM.dll
0x00007ffb3dd30000 - 0x00007ffb3dd4b000 	C:\WINDOWS\SYSTEM32\kernel.appcore.dll
0x00007ffb20d40000 - 0x00007ffb20d50000 	C:\Users\pybdt\.jdks\ms-11.0.26\bin\verify.dll
0x00007ffb31f70000 - 0x00007ffb321b2000 	C:\WINDOWS\SYSTEM32\DBGHELP.DLL
0x00007ffb40e80000 - 0x00007ffb411fb000 	C:\WINDOWS\System32\combase.dll
0x00007ffb41460000 - 0x00007ffb41537000 	C:\WINDOWS\System32\OLEAUT32.dll
0x00007ffb31f30000 - 0x00007ffb31f6c000 	C:\WINDOWS\SYSTEM32\dbgcore.DLL
0x00007ffb3f660000 - 0x00007ffb3f6f8000 	C:\WINDOWS\System32\bcryptPrimitives.dll
0x00007ffb12820000 - 0x00007ffb12848000 	C:\Users\pybdt\.jdks\ms-11.0.26\bin\java.dll
0x00007ffb0edd0000 - 0x00007ffb0edda000 	C:\Users\pybdt\.jdks\ms-11.0.26\bin\jimage.dll
0x00007ffb0e080000 - 0x00007ffb0e08e000 	C:\Users\pybdt\.jdks\ms-11.0.26\bin\instrument.dll
0x00007ffb099c0000 - 0x00007ffb099d8000 	C:\Users\pybdt\.jdks\ms-11.0.26\bin\zip.dll
0x00007ffb3ffa0000 - 0x00007ffb406ed000 	C:\WINDOWS\System32\SHELL32.dll
0x00007ffb3f4c0000 - 0x00007ffb3f62b000 	C:\WINDOWS\System32\wintypes.dll
0x00007ffb3c9c0000 - 0x00007ffb3d21d000 	C:\WINDOWS\SYSTEM32\windows.storage.dll
0x00007ffb41790000 - 0x00007ffb41882000 	C:\WINDOWS\System32\SHCORE.dll
0x00007ffb3fe90000 - 0x00007ffb3fef2000 	C:\WINDOWS\System32\shlwapi.dll
0x00007ffb3eff0000 - 0x00007ffb3f019000 	C:\WINDOWS\SYSTEM32\profapi.dll
0x00007ffb08720000 - 0x00007ffb0873a000 	C:\Users\pybdt\.jdks\ms-11.0.26\bin\net.dll
0x00007ffb3dd50000 - 0x00007ffb3de6f000 	C:\WINDOWS\SYSTEM32\WINHTTP.dll
0x00007ffb3e3b0000 - 0x00007ffb3e41b000 	C:\WINDOWS\system32\mswsock.dll
0x00007ffacb270000 - 0x00007ffacb282000 	C:\Users\pybdt\.jdks\ms-11.0.26\bin\nio.dll
0x00007ffac8bb0000 - 0x00007ffac8bca000 	C:\Program Files\JetBrains\IntelliJ IDEA Community Edition 2024.1.1\bin\breakgen64.dll
0x00007ffa468b0000 - 0x00007ffa46a32000 	C:\Users\pybdt\.jdks\ms-11.0.26\bin\awt.dll
0x00007ffb3be40000 - 0x00007ffb3bedf000 	C:\WINDOWS\SYSTEM32\apphelp.dll

dbghelp: loaded successfully - version: 4.0.5 - missing functions: none
symbol engine: initialized successfully - sym options: 0x614 - pdb path: .;C:\Users\pybdt\.jdks\ms-11.0.26\bin;C:\WINDOWS\SYSTEM32;C:\Program Files\Norton\Suite;C:\WINDOWS\WinSxS\amd64_microsoft.windows.common-controls_6595b64144ccf1df_6.0.26100.6899_none_3e0efeeae32e88c1;C:\Users\pybdt\.jdks\ms-11.0.26\bin\server;C:\Program Files\JetBrains\IntelliJ IDEA Community Edition 2024.1.1\bin

VM Arguments:
jvm_args: -javaagent:C:\Program Files\JetBrains\IntelliJ IDEA Community Edition 2024.1.1\lib\idea_rt.jar=57759:C:\Program Files\JetBrains\IntelliJ IDEA Community Edition 2024.1.1\bin -Dfile.encoding=UTF-8 
java_command: pseudo.gen.Commuter
java_class_path (initial): C:\Users\pybdt\IdeaProjects\Pseudo-PFLOW\target\classes;C:\Users\pybdt\.m2\repository\org\apache\commons\commons-csv\1.9.0\commons-csv-1.9.0.jar;C:\Users\pybdt\.m2\repository\tech\units\indriya\2.2.3\indriya-2.2.3.jar;C:\Users\pybdt\.m2\repository\javax\measure\unit-api\2.2\unit-api-2.2.jar;C:\Users\pybdt\.m2\repository\tech\uom\lib\uom-lib-common\2.2\uom-lib-common-2.2.jar;C:\Users\pybdt\.m2\repository\jakarta\inject\jakarta.inject-api\2.0.1\jakarta.inject-api-2.0.1.jar;C:\Users\pybdt\.m2\repository\systems\uom\systems-ucum\2.2\systems-ucum-2.2.jar;C:\Users\pybdt\.m2\repository\si\uom\si-quantity\2.2.2\si-quantity-2.2.2.jar;C:\Users\pybdt\.m2\repository\si\uom\si-units\2.2.2\si-units-2.2.2.jar;C:\Users\pybdt\.m2\repository\jakarta\annotation\jakarta.annotation-api\2.0.0\jakarta.annotation-api-2.0.0.jar;C:\Users\pybdt\.m2\repository\org\geotools\gt-main\25.1\gt-main-25.1.jar;C:\Users\pybdt\.m2\repository\org\geotools\gt-http\25.1\gt-http-25.1.jar;C:\Users\pybdt\.m2\repository\org\apache\commons\commons-text\1.6\commons-text-1.6.jar;C:\Users\pybdt\.m2\repository\com\fasterxml\jackson\core\jackson-core\2.10.5\jackson-core-2.10.5.jar;C:\Users\pybdt\.m2\repository\javax\media\jai_core\1.1.3\jai_core-1.1.3.jar;C:\Users\pybdt\.m2\repository\org\geotools\gt-metadata\25.1\gt-metadata-25.1.jar;C:\Users\pybdt\.m2\repository\org\geotools\gt-opengis\25.1\gt-opengis-25.1.jar;C:\Users\pybdt\.m2\repository\systems\uom\systems-common\2.0.1\systems-common-2.0.1.jar;C:\Users\pybdt\.m2\repository\org\apache\commons\commons-lang3\3.8.1\commons-lang3-3.8.1.jar;C:\Users\pybdt\.m2\repository\org\geotools\ogc\net.opengis.ows\25.1\net.opengis.ows-25.1.jar;C:\Users\pybdt\.m2\repository\org\geotools\ogc\org.w3.xlink\25.1\org.w3.xlink-25.1.jar;C:\Users\pybdt\.m2\repository\org\eclipse\emf\org.eclipse.emf.common\2.15.0\org.eclipse.emf.common-2.15.0.jar;C:\Users\pybdt\.m2\repository\org\eclipse\emf\org.eclipse.emf.ecore\2.15.0\org.eclipse.emf.ecore-2.15.0.jar;C:\User
Launcher Type: SUN_STANDARD

[Global flags]
     intx CICompilerCount                          = 15                                        {product} {ergonomic}
     uint ConcGCThreads                            = 6                                         {product} {ergonomic}
     uint G1ConcRefinementThreads                  = 23                                        {product} {ergonomic}
   size_t G1HeapRegionSize                         = 4194304                                   {product} {ergonomic}
    uintx GCDrainStackTargetSize                   = 64                                        {product} {ergonomic}
   size_t InitialHeapSize                          = 2143289344                                {product} {ergonomic}
   size_t MarkStackSize                            = 4194304                                   {product} {ergonomic}
   size_t MaxHeapSize                              = 32178700288                               {product} {ergonomic}
   size_t MaxNewSize                               = 19306381312                               {product} {ergonomic}
   size_t MinHeapDeltaBytes                        = 4194304                                   {product} {ergonomic}
    uintx NonNMethodCodeHeapSize                   = 8182140                                {pd product} {ergonomic}
    uintx NonProfiledCodeHeapSize                  = 121738050                              {pd product} {ergonomic}
    uintx ProfiledCodeHeapSize                     = 121738050                              {pd product} {ergonomic}
    uintx ReservedCodeCacheSize                    = 251658240                              {pd product} {ergonomic}
     bool SegmentedCodeCache                       = true                                      {product} {ergonomic}
     bool UseCompressedClassPointers               = true                                 {lp64_product} {ergonomic}
     bool UseCompressedOops                        = true                                 {lp64_product} {ergonomic}
     bool UseG1GC                                  = true                                      {product} {ergonomic}
     bool UseLargePagesIndividualAllocation        = false                                  {pd product} {ergonomic}

Logging:
Log output configuration:
 #0: stdout all=warning uptime,level,tags
 #1: stderr all=off uptime,level,tags

Environment Variables:
JAVA_HOME=C:\Users\pybdt\.jdks\ms-11.0.26
PATH=C:\Program Files\Eclipse Adoptium\jdk-11.0.28.6-hotspot\bin;C:\Program Files\NVIDIA GPU Computing Toolkit\CUDA\v12.8\bin;C:\Program Files\NVIDIA GPU Computing Toolkit\CUDA\v12.8\libnvvp;C:\WINDOWS\system32;C:\WINDOWS;C:\WINDOWS\System32\Wbem;C:\WINDOWS\System32\WindowsPowerShell\v1.0\;C:\WINDOWS\System32\OpenSSH\;C:\Program Files (x86)\NVIDIA Corporation\PhysX\Common;C:\Program Files\dotnet\;C:\Program Files\apache-maven-3.6.3\bin;C:\Program Files\Amazon\AWSCLIV2\;C:\Program Files\PuTTY\;C:\Program Files\NVIDIA Corporation\NVIDIA app\NvDLISR;C:\Program Files\NVIDIA Corporation\Nsight Compute 2025.1.0\;C:\Program Files\NVIDIA GPU Computing Toolkit\CUDA\v12.1\bin;C:\Program Files\NVIDIA GPU Computing Toolkit\CUDA\v12.1\libnvvm\bin;C:\Program Files\NVIDIA GPU Computing Toolkit\CUDA\v12.1\include;C:\Program Files\Git\cmd;C:\Program Files\WinMerge;C:\Users\pybdt\AppData\Local\Microsoft\WindowsApps;;C:\Program Files\JetBrains\IntelliJ IDEA Community Edition 2024.1.1\bin;;C:\Users\pybdt\AppData\Local\Programs\Ollama
USERNAME=pybdt
OS=Windows_NT
PROCESSOR_IDENTIFIER=Intel64 Family 6 Model 183 Stepping 1, GenuineIntel
TMP=C:\Users\pybdt\AppData\Local\Temp
TEMP=C:\Users\pybdt\AppData\Local\Temp



---------------  S Y S T E M  ---------------

OS: Windows 11 , 64 bit Build 26100 (10.0.26100.6725)
OS uptime: 1 days 17:42 hours
Hyper-V role detected

CPU:total 32 (initial active 32) (16 cores per cpu, 2 threads per core) family 6 model 183 stepping 1 microcode 0x11d, cmov, cx8, fxsr, mmx, sse, sse2, sse3, ssse3, sse4.1, sse4.2, popcnt, avx, avx2, aes, clmul, erms, 3dnowpref, lzcnt, ht, tsc, tscinvbit, bmi1, bmi2, adx, sha, fma

Memory: 4k page, system-wide physical 130779M (98885M free)
TotalPageFile size 138971M (AvailPageFile size 81980M)
current process WorkingSet (physical memory assigned to process): 5376M, peak: 5376M
current process commit charge ("private bytes"): 5745M, peak: 5745M

vm_info: OpenJDK 64-Bit Server VM (11.0.26+4-LTS) for windows-amd64 JRE (11.0.26+4-LTS), built on Jan 13 2025 23:40:04 by "MicrosoftCorporation" with unknown MS VC++:1939

END.
