#
# A fatal error has been detected by the Java Runtime Environment:
#
#  EXCEPTION_ACCESS_VIOLATION (0xc0000005) at pc=0x000000000000007d, pid=17956, tid=45356
#
# JRE version: OpenJDK Runtime Environment Microsoft-10823458 (11.0.26+4) (build 11.0.26+4-LTS)
# Java VM: OpenJDK 64-Bit Server VM Microsoft-10823458 (11.0.26+4-LTS, mixed mode, sharing, tiered, compressed oops, g1 gc, windows-amd64)
# Problematic frame:
# C  0x000000000000007d
#
# No core dump will be written. Minidumps are not enabled by default on client versions of Windows
#
# If you would like to submit a bug report, please visit:
#   https://github.com/microsoft/openjdk/issues
#

---------------  S U M M A R Y ------------

Command Line: -javaagent:C:\Program Files\JetBrains\IntelliJ IDEA Community Edition 2024.1.1\lib\idea_rt.jar=55510:C:\Program Files\JetBrains\IntelliJ IDEA Community Edition 2024.1.1\bin -Dfile.encoding=UTF-8 pseudo.gen.Commuter

Host: Intel(R) Core(TM) i9-14900K, 32 cores, 127G,  Windows 11 , 64 bit Build 26100 (10.0.26100.6725)
Time: Sun Nov  2 01:25:08 2025  Windows 11 , 64 bit Build 26100 (10.0.26100.6725) elapsed time: 348.567545 seconds (0d 0h 5m 48s)

---------------  T H R E A D  ---------------

Current thread (0x000002b87b0ce800):  GCTaskThread "GC Thread#4" [stack: 0x000000db60800000,0x000000db60900000] [id=45356]

Stack: [0x000000db60800000,0x000000db60900000],  sp=0x000000db608ff548,  free space=1021k
Native frames: (J=compiled Java code, j=interpreted, Vv=VM code, C=native code)
C  0x000000000000007d


siginfo: EXCEPTION_ACCESS_VIOLATION (0xc0000005), data execution prevention violation at address 0x000000000000007d


Register to memory mapping:

RIP=0x000000000000007d is an unknown value
RAX=0x0 is NULL
RBX=0x000000015ea36f54 points into unknown readable memory: 00 00 00 00
RCX=0x000000db608ff7a0 points into unknown readable memory: 0x00007ff9b89b7ed0 | d0 7e 9b b8 f9 7f 00 00
RDX=0x000000015ea36f54 points into unknown readable memory: 00 00 00 00
RSP=0x000000db608ff548 points into unknown readable memory: 0x0000000164802e20 | 20 2e 80 64 01 00 00 00
RBP=0x000000015ea36f38 points into unknown readable memory: 0x0000000000000059 | 59 00 00 00 00 00 00 00
RSI=0x000000db608ff7a0 points into unknown readable memory: 0x00007ff9b89b7ed0 | d0 7e 9b b8 f9 7f 00 00
RDI=0x000000015ea36f70 is an oop: pseudo.res.Person 
{0x000000015ea36f70} - klass: 'pseudo/res/Person'
 - ---- fields (total size 8 words):
 - private 'age' 'I' @12  51 (33)
 - private 'id' 'J' @16  37842090 (2416caa 0)
 - private 'gender' 'Lpseudo/res/EGender;' @24  a 'pseudo/res/EGender'{0x00000000821c0088} (10438011)
 - private 'labor' 'Lpseudo/res/ELabor;' @28  a 'pseudo/res/ELabor'{0x0000000147912ab0} (28f22556)
 - private 'parent' 'Lpseudo/res/HouseHold;' @32  a 'pseudo/res/HouseHold'{0x000000015ea36e68} (2bd46dcd)
 - private 'carowner' 'Ljava/lang/Boolean;' @36  a 'java/lang/Boolean'{0x00000000821c0078} = false (1043800f)
 - private 'bikeowner' 'Ljava/lang/Boolean;' @40  a 'java/lang/Boolean'{0x00000000821c0078} = false (1043800f)
 - private strict 'activities' 'Ljava/util/List;' @44  a 'java/util/ArrayList'{0x000000015ea36fb0} (2bd46df6)
 - private strict 'trips' 'Ljava/util/List;' @48  a 'java/util/ArrayList'{0x000000015ea36fc8} (2bd46df9)
 - private strict 'trajectory' 'Ljava/util/List;' @52  a 'java/util/ArrayList'{0x000000015ea36fe0} (2bd46dfc)
 - private 'office' 'Lpseudo/res/GLonLat;' @56  a 'pseudo/res/GLonLat'{0x00000001c1518490} (382a3092)
R8 =0x000000015ea36f70 is an oop: pseudo.res.Person 
{0x000000015ea36f70} - klass: 'pseudo/res/Person'
 - ---- fields (total size 8 words):
 - private 'age' 'I' @12  51 (33)
 - private 'id' 'J' @16  37842090 (2416caa 0)
 - private 'gender' 'Lpseudo/res/EGender;' @24  a 'pseudo/res/EGender'{0x00000000821c0088} (10438011)
 - private 'labor' 'Lpseudo/res/ELabor;' @28  a 'pseudo/res/ELabor'{0x0000000147912ab0} (28f22556)
 - private 'parent' 'Lpseudo/res/HouseHold;' @32  a 'pseudo/res/HouseHold'{0x000000015ea36e68} (2bd46dcd)
 - private 'carowner' 'Ljava/lang/Boolean;' @36  a 'java/lang/Boolean'{0x00000000821c0078} = false (1043800f)
 - private 'bikeowner' 'Ljava/lang/Boolean;' @40  a 'java/lang/Boolean'{0x00000000821c0078} = false (1043800f)
 - private strict 'activities' 'Ljava/util/List;' @44  a 'java/util/ArrayList'{0x000000015ea36fb0} (2bd46df6)
 - private strict 'trips' 'Ljava/util/List;' @48  a 'java/util/ArrayList'{0x000000015ea36fc8} (2bd46df9)
 - private strict 'trajectory' 'Ljava/util/List;' @52  a 'java/util/ArrayList'{0x000000015ea36fe0} (2bd46dfc)
 - private 'office' 'Lpseudo/res/GLonLat;' @56  a 'pseudo/res/GLonLat'{0x00000001c1518490} (382a3092)
R9 =0x000000000000057a is an unknown value
R10=0x000000015ea36f54 points into unknown readable memory: 00 00 00 00
R11=0x000002b850f2afa0 points into unknown readable memory: 0x00007ff9b89b1570 | 70 15 9b b8 f9 7f 00 00
R12=0x000000db608ff7a0 points into unknown readable memory: 0x00007ff9b89b7ed0 | d0 7e 9b b8 f9 7f 00 00
R13=0x000002b850f85b98 points into unknown readable memory: 0x0000000082000000 | 00 00 00 82 00 00 00 00
R14=0x000002b84290baf0 points into unknown readable memory: 0x00007ff9b89bf0d0 | d0 f0 9b b8 f9 7f 00 00
R15=0x000000015ea37000 is pointing into object: pseudo.res.HouseHold 
{0x000000015ea36ff8} - klass: 'pseudo/res/HouseHold'
 - ---- fields (total size 5 words):
 - private 'familyType' 'I' @12  16 (10)
 - private 'id' 'Ljava/lang/String;' @16  "13112_354820"{0x000000015ea37020} (2bd46e04)
 - private 'home' 'Lpseudo/res/GLonLat;' @20  a 'pseudo/res/GLonLat'{0x000000015ea37058} (2bd46e0b)
 - private 'gcode' 'Ljava/lang/String;' @24  "13112"{0x000000015ea37080} (2bd46e10)
 - private strict 'listPersons' 'Ljava/util/List;' @28  a 'java/util/ArrayList'{0x000000015ea370b0} (2bd46e16)
 - private 'primarySchool' 'Lpseudo/res/GLonLat;' @32  NULL (0)
 - private 'secondarySchool' 'Lpseudo/res/GLonLat;' @36  NULL (0)


Registers:
RAX=0x0000000000000000, RBX=0x000000015ea36f54, RCX=0x000000db608ff7a0, RDX=0x000000015ea36f54
RSP=0x000000db608ff548, RBP=0x000000015ea36f38, RSI=0x000000db608ff7a0, RDI=0x000000015ea36f70
R8 =0x000000015ea36f70, R9 =0x000000000000057a, R10=0x000000015ea36f54, R11=0x000002b850f2afa0
R12=0x000000db608ff7a0, R13=0x000002b850f85b98, R14=0x000002b84290baf0, R15=0x000000015ea37000
RIP=0x000000000000007d, EFLAGS=0x0000000000010246

Top of Stack: (sp=0x000000db608ff548)
0x000000db608ff548:   0000000164802e20 000000015ea37000
0x000000db608ff558:   000002b84290baf0 000000015ea36f40
0x000000db608ff568:   00007ff9b83fb20d 000000015ea36f70
0x000000db608ff578:   000002b850f2af00 000002b850f2af00
0x000000db608ff588:   00007ff9b83fd166 0000000158f90600
0x000000db608ff598:   00007ff9b843cbe6 0000000000000372
0x000000db608ff5a8:   000002b850f33720 0000000000000040
0x000000db608ff5b8:   0000000000000040 0000000000002440
0x000000db608ff5c8:   0000000000002444 000000db608ff800
0x000000db608ff5d8:   00007ff9b83fcff1 000000015ea36e00
0x000000db608ff5e8:   000000db608ff600 000000015ea36e00
0x000000db608ff5f8:   00007ff9b83fd166 000000015ea36e00
0x000000db608ff608:   0000000000000040 000002b83d2ff510
0x000000db608ff618:   000002b83d2ff5b8 000002b850f2a4e0
0x000000db608ff628:   000002b850f2afa0 0000000000002438
0x000000db608ff638:   0000000000000000 000000000000000d 

Instructions: (pc=0x000000000000007d)
0xffffffffffffff7d:   


Stack slot to memory mapping:
stack at sp + 0 slots: 0x0000000164802e20 points into unknown readable memory: 0x2c9005d32c9005d8 | d8 05 90 2c d3 05 90 2c
stack at sp + 1 slots: 0x000000015ea37000 is pointing into object: pseudo.res.HouseHold 
{0x000000015ea36ff8} - klass: 'pseudo/res/HouseHold'
 - ---- fields (total size 5 words):
 - private 'familyType' 'I' @12  16 (10)
 - private 'id' 'Ljava/lang/String;' @16  "13112_354820"{0x000000015ea37020} (2bd46e04)
 - private 'home' 'Lpseudo/res/GLonLat;' @20  a 'pseudo/res/GLonLat'{0x000000015ea37058} (2bd46e0b)
 - private 'gcode' 'Ljava/lang/String;' @24  "13112"{0x000000015ea37080} (2bd46e10)
 - private strict 'listPersons' 'Ljava/util/List;' @28  a 'java/util/ArrayList'{0x000000015ea370b0} (2bd46e16)
 - private 'primarySchool' 'Lpseudo/res/GLonLat;' @32  NULL (0)
 - private 'secondarySchool' 'Lpseudo/res/GLonLat;' @36  NULL (0)
stack at sp + 2 slots: 0x000002b84290baf0 points into unknown readable memory: 0x00007ff9b89bf0d0 | d0 f0 9b b8 f9 7f 00 00
stack at sp + 3 slots: 0x000000015ea36f40 points into unknown readable memory: 0x0000000a0000214e | 4e 21 00 00 0a 00 00 00
stack at sp + 4 slots: 0x00007ff9b83fb20d jvm.dll
stack at sp + 5 slots: 0x000000015ea36f70 is an oop: pseudo.res.Person 
{0x000000015ea36f70} - klass: 'pseudo/res/Person'
 - ---- fields (total size 8 words):
 - private 'age' 'I' @12  51 (33)
 - private 'id' 'J' @16  37842090 (2416caa 0)
 - private 'gender' 'Lpseudo/res/EGender;' @24  a 'pseudo/res/EGender'{0x00000000821c0088} (10438011)
 - private 'labor' 'Lpseudo/res/ELabor;' @28  a 'pseudo/res/ELabor'{0x0000000147912ab0} (28f22556)
 - private 'parent' 'Lpseudo/res/HouseHold;' @32  a 'pseudo/res/HouseHold'{0x000000015ea36e68} (2bd46dcd)
 - private 'carowner' 'Ljava/lang/Boolean;' @36  a 'java/lang/Boolean'{0x00000000821c0078} = false (1043800f)
 - private 'bikeowner' 'Ljava/lang/Boolean;' @40  a 'java/lang/Boolean'{0x00000000821c0078} = false (1043800f)
 - private strict 'activities' 'Ljava/util/List;' @44  a 'java/util/ArrayList'{0x000000015ea36fb0} (2bd46df6)
 - private strict 'trips' 'Ljava/util/List;' @48  a 'java/util/ArrayList'{0x000000015ea36fc8} (2bd46df9)
 - private strict 'trajectory' 'Ljava/util/List;' @52  a 'java/util/ArrayList'{0x000000015ea36fe0} (2bd46dfc)
 - private 'office' 'Lpseudo/res/GLonLat;' @56  a 'pseudo/res/GLonLat'{0x00000001c1518490} (382a3092)
stack at sp + 6 slots: 0x000002b850f2af00 points into unknown readable memory: 0x000002b849b2376c | 6c 37 b2 49 b8 02 00 00
stack at sp + 7 slots: 0x000002b850f2af00 points into unknown readable memory: 0x000002b849b2376c | 6c 37 b2 49 b8 02 00 00


---------------  P R O C E S S  ---------------

Threads class SMR info:
_java_thread_list=0x000002b87dbd3ab0, length=45, elements={
0x000002b850f1c800, 0x000002b8790bb800, 0x000002b8790be000, 0x000002b8790df800,
0x000002b8790e0800, 0x000002b8790e1800, 0x000002b8790e3000, 0x000002b8790e8000,
0x000002b87998a000, 0x000002b879c06000, 0x000002b879c06800, 0x000002b879c07800,
0x000002b879c05000, 0x000002b879c08800, 0x000002b879c0b800, 0x000002b879c09000,
0x000002b879c0a000, 0x000002b87e5ea800, 0x000002b87e5ea000, 0x000002b87e5eb800,
0x000002b87e5e9000, 0x000002b87e5ed000, 0x000002b87e5ec000, 0x000002b87e5f0800,
0x000002b87e5ee000, 0x000002b87e5f1000, 0x000002b87e5ef800, 0x000002b87e5ee800,
0x000002b87e5f4800, 0x000002b87e5f3800, 0x000002b87e5f2000, 0x000002b87e5f5000,
0x000002b87e5f3000, 0x000002b87e5f6000, 0x000002b87e5f7000, 0x000002b87e5f7800,
0x000002b87e5da800, 0x000002b87e5d9000, 0x000002b87e5db800, 0x000002b87e5dc000,
0x000002b87e5da000, 0x000002b87e5df800, 0x000002b87e5de800, 0x000002b87e5dd000,
0x000002b87e5e0800
}

Java Threads: ( => current thread )
  0x000002b850f1c800 JavaThread "main" [_thread_blocked, id=40028, stack(0x000000db5e600000,0x000000db5e700000)]
  0x000002b8790bb800 JavaThread "Reference Handler" daemon [_thread_blocked, id=45196, stack(0x000000db5ed00000,0x000000db5ee00000)]
  0x000002b8790be000 JavaThread "Finalizer" daemon [_thread_blocked, id=43100, stack(0x000000db5ee00000,0x000000db5ef00000)]
  0x000002b8790df800 JavaThread "Signal Dispatcher" daemon [_thread_blocked, id=36940, stack(0x000000db5ef00000,0x000000db5f000000)]
  0x000002b8790e0800 JavaThread "Attach Listener" daemon [_thread_blocked, id=41428, stack(0x000000db5f000000,0x000000db5f100000)]
  0x000002b8790e1800 JavaThread "Service Thread" daemon [_thread_blocked, id=45568, stack(0x000000db5f100000,0x000000db5f200000)]
  0x000002b8790e3000 JavaThread "C2 CompilerThread0" daemon [_thread_blocked, id=39800, stack(0x000000db5f200000,0x000000db5f300000)]
  0x000002b8790e8000 JavaThread "C1 CompilerThread0" daemon [_thread_blocked, id=26068, stack(0x000000db5f300000,0x000000db5f400000)]
  0x000002b87998a000 JavaThread "Sweeper thread" daemon [_thread_blocked, id=19508, stack(0x000000db5f400000,0x000000db5f500000)]
  0x000002b879c06000 JavaThread "Common-Cleaner" daemon [_thread_blocked, id=6032, stack(0x000000db5f600000,0x000000db5f700000)]
  0x000002b879c06800 JavaThread "Monitor Ctrl-Break" daemon [_thread_in_native, id=45436, stack(0x000000db5fb00000,0x000000db5fc00000)]
  0x000002b879c07800 JavaThread "GT authority factory disposer" daemon [_thread_blocked, id=45512, stack(0x000000db60400000,0x000000db60500000)]
  0x000002b879c05000 JavaThread "WeakCollectionCleaner" daemon [_thread_blocked, id=42088, stack(0x000000db61b00000,0x000000db61c00000)]
  0x000002b879c08800 JavaThread "pool-669-thread-1" [_thread_blocked, id=22900, stack(0x000000db5fd00000,0x000000db5fe00000)]
  0x000002b879c0b800 JavaThread "pool-669-thread-2" [_thread_blocked, id=31672, stack(0x000000db62200000,0x000000db62300000)]
  0x000002b879c09000 JavaThread "pool-669-thread-3" [_thread_blocked, id=6696, stack(0x000000db62300000,0x000000db62400000)]
  0x000002b879c0a000 JavaThread "pool-669-thread-4" [_thread_blocked, id=42840, stack(0x000000db62400000,0x000000db62500000)]
  0x000002b87e5ea800 JavaThread "pool-669-thread-5" [_thread_blocked, id=4612, stack(0x000000db62500000,0x000000db62600000)]
  0x000002b87e5ea000 JavaThread "pool-669-thread-6" [_thread_blocked, id=22268, stack(0x000000db62600000,0x000000db62700000)]
  0x000002b87e5eb800 JavaThread "pool-669-thread-7" [_thread_blocked, id=29344, stack(0x000000db62700000,0x000000db62800000)]
  0x000002b87e5e9000 JavaThread "pool-669-thread-8" [_thread_blocked, id=44596, stack(0x000000db62800000,0x000000db62900000)]
  0x000002b87e5ed000 JavaThread "pool-669-thread-9" [_thread_blocked, id=16752, stack(0x000000db62900000,0x000000db62a00000)]
  0x000002b87e5ec000 JavaThread "pool-669-thread-10" [_thread_blocked, id=1824, stack(0x000000db62a00000,0x000000db62b00000)]
  0x000002b87e5f0800 JavaThread "pool-669-thread-11" [_thread_blocked, id=45372, stack(0x000000db62b00000,0x000000db62c00000)]
  0x000002b87e5ee000 JavaThread "pool-669-thread-12" [_thread_blocked, id=42996, stack(0x000000db62c00000,0x000000db62d00000)]
  0x000002b87e5f1000 JavaThread "pool-669-thread-13" [_thread_blocked, id=31712, stack(0x000000db62d00000,0x000000db62e00000)]
  0x000002b87e5ef800 JavaThread "pool-669-thread-14" [_thread_blocked, id=35960, stack(0x000000db62e00000,0x000000db62f00000)]
  0x000002b87e5ee800 JavaThread "pool-669-thread-15" [_thread_blocked, id=45484, stack(0x000000db62f00000,0x000000db63000000)]
  0x000002b87e5f4800 JavaThread "pool-669-thread-16" [_thread_blocked, id=45680, stack(0x000000db63000000,0x000000db63100000)]
  0x000002b87e5f3800 JavaThread "pool-669-thread-17" [_thread_blocked, id=8728, stack(0x000000db63100000,0x000000db63200000)]
  0x000002b87e5f2000 JavaThread "pool-669-thread-18" [_thread_blocked, id=43004, stack(0x000000db63200000,0x000000db63300000)]
  0x000002b87e5f5000 JavaThread "pool-669-thread-19" [_thread_blocked, id=40016, stack(0x000000db63300000,0x000000db63400000)]
  0x000002b87e5f3000 JavaThread "pool-669-thread-20" [_thread_blocked, id=42384, stack(0x000000db63400000,0x000000db63500000)]
  0x000002b87e5f6000 JavaThread "pool-669-thread-21" [_thread_blocked, id=13844, stack(0x000000db63500000,0x000000db63600000)]
  0x000002b87e5f7000 JavaThread "pool-669-thread-22" [_thread_blocked, id=31732, stack(0x000000db63600000,0x000000db63700000)]
  0x000002b87e5f7800 JavaThread "pool-669-thread-23" [_thread_blocked, id=42000, stack(0x000000db63700000,0x000000db63800000)]
  0x000002b87e5da800 JavaThread "pool-669-thread-24" [_thread_blocked, id=4856, stack(0x000000db63800000,0x000000db63900000)]
  0x000002b87e5d9000 JavaThread "pool-669-thread-25" [_thread_blocked, id=44580, stack(0x000000db63900000,0x000000db63a00000)]
  0x000002b87e5db800 JavaThread "pool-669-thread-26" [_thread_blocked, id=32436, stack(0x000000db63a00000,0x000000db63b00000)]
  0x000002b87e5dc000 JavaThread "pool-669-thread-27" [_thread_blocked, id=45212, stack(0x000000db63b00000,0x000000db63c00000)]
  0x000002b87e5da000 JavaThread "pool-669-thread-28" [_thread_blocked, id=30728, stack(0x000000db63c00000,0x000000db63d00000)]
  0x000002b87e5df800 JavaThread "pool-669-thread-29" [_thread_blocked, id=25300, stack(0x000000db63d00000,0x000000db63e00000)]
  0x000002b87e5de800 JavaThread "pool-669-thread-30" [_thread_blocked, id=45284, stack(0x000000db63e00000,0x000000db63f00000)]
  0x000002b87e5dd000 JavaThread "pool-669-thread-31" [_thread_blocked, id=41456, stack(0x000000db63f00000,0x000000db64000000)]
  0x000002b87e5e0800 JavaThread "pool-669-thread-32" [_thread_blocked, id=22168, stack(0x000000db64000000,0x000000db64100000)]

Other Threads:
  0x000002b8790ba800 VMThread "VM Thread" [stack: 0x000000db5ec00000,0x000000db5ed00000] [id=42932]
  0x000002b87aa03000 WatcherThread [stack: 0x000000db5fc00000,0x000000db5fd00000] [id=46008]
  0x000002b850f38000 GCTaskThread "GC Thread#0" [stack: 0x000000db5e700000,0x000000db5e800000] [id=2188]
  0x000002b87b1a8800 GCTaskThread "GC Thread#1" [stack: 0x000000db60500000,0x000000db60600000] [id=38628]
  0x000002b87bc44800 GCTaskThread "GC Thread#2" [stack: 0x000000db60600000,0x000000db60700000] [id=16632]
  0x000002b87b224800 GCTaskThread "GC Thread#3" [stack: 0x000000db60700000,0x000000db60800000] [id=17940]
=>0x000002b87b0ce800 GCTaskThread "GC Thread#4" [stack: 0x000000db60800000,0x000000db60900000] [id=45356]
  0x000002b87adec000 GCTaskThread "GC Thread#5" [stack: 0x000000db60900000,0x000000db60a00000] [id=24352]
  0x000002b87ba27000 GCTaskThread "GC Thread#6" [stack: 0x000000db60a00000,0x000000db60b00000] [id=42744]
  0x000002b87b5fc000 GCTaskThread "GC Thread#7" [stack: 0x000000db60b00000,0x000000db60c00000] [id=14876]
  0x000002b87ad5d000 GCTaskThread "GC Thread#8" [stack: 0x000000db60c00000,0x000000db60d00000] [id=17208]
  0x000002b87b239800 GCTaskThread "GC Thread#9" [stack: 0x000000db60d00000,0x000000db60e00000] [id=30288]
  0x000002b87b09b800 GCTaskThread "GC Thread#10" [stack: 0x000000db60e00000,0x000000db60f00000] [id=14908]
  0x000002b87b2f4800 GCTaskThread "GC Thread#11" [stack: 0x000000db60f00000,0x000000db61000000] [id=41180]
  0x000002b87ba34000 GCTaskThread "GC Thread#12" [stack: 0x000000db61000000,0x000000db61100000] [id=43304]
  0x000002b87b6a4800 GCTaskThread "GC Thread#13" [stack: 0x000000db61100000,0x000000db61200000] [id=5104]
  0x000002b87ac1e800 GCTaskThread "GC Thread#14" [stack: 0x000000db61200000,0x000000db61300000] [id=43064]
  0x000002b87ba47800 GCTaskThread "GC Thread#15" [stack: 0x000000db61300000,0x000000db61400000] [id=37660]
  0x000002b87bb2a800 GCTaskThread "GC Thread#16" [stack: 0x000000db61400000,0x000000db61500000] [id=27528]
  0x000002b87bb28000 GCTaskThread "GC Thread#17" [stack: 0x000000db61500000,0x000000db61600000] [id=43816]
  0x000002b87bb2b800 GCTaskThread "GC Thread#18" [stack: 0x000000db61600000,0x000000db61700000] [id=31232]
  0x000002b87bb29000 GCTaskThread "GC Thread#19" [stack: 0x000000db61700000,0x000000db61800000] [id=6824]
  0x000002b87bb2c800 GCTaskThread "GC Thread#20" [stack: 0x000000db61800000,0x000000db61900000] [id=38124]
  0x000002b87bb2e000 GCTaskThread "GC Thread#21" [stack: 0x000000db61900000,0x000000db61a00000] [id=25076]
  0x000002b87b740800 GCTaskThread "GC Thread#22" [stack: 0x000000db61a00000,0x000000db61b00000] [id=45672]
  0x000002b850fa4800 ConcurrentGCThread "G1 Main Marker" [stack: 0x000000db5e800000,0x000000db5e900000] [id=44592]
  0x000002b850fa6800 ConcurrentGCThread "G1 Conc#0" [stack: 0x000000db5e900000,0x000000db5ea00000] [id=43516]
  0x000002b87bc79000 ConcurrentGCThread "G1 Conc#1" [stack: 0x000000db5e300000,0x000000db5e400000] [id=24300]
  0x000002b87bc79800 ConcurrentGCThread "G1 Conc#2" [stack: 0x000000db5e400000,0x000000db5e500000] [id=41820]
  0x000002b87bc77800 ConcurrentGCThread "G1 Conc#3" [stack: 0x000000db5e500000,0x000000db5e600000] [id=31824]
  0x000002b87bc7e000 ConcurrentGCThread "G1 Conc#4" [stack: 0x000000db5f500000,0x000000db5f600000] [id=15396]
  0x000002b87bc7c800 ConcurrentGCThread "G1 Conc#5" [stack: 0x000000db5fa00000,0x000000db5fb00000] [id=45900]
  0x000002b850fa9800 ConcurrentGCThread "G1 Refine#0" [stack: 0x000000db5ea00000,0x000000db5eb00000] [id=44896]
  0x000002b87b742000 ConcurrentGCThread "G1 Refine#1" [stack: 0x000000db5f800000,0x000000db5f900000] [id=3616]
  0x000002b87b745000 ConcurrentGCThread "G1 Refine#2" [stack: 0x000000db5f700000,0x000000db5f800000] [id=24012]
  0x000002b87b743000 ConcurrentGCThread "G1 Refine#3" [stack: 0x000000db5f900000,0x000000db5fa00000] [id=40036]
  0x000002b8790ed800 ConcurrentGCThread "G1 Refine#4" [stack: 0x000000db61d00000,0x000000db61e00000] [id=23912]
  0x000002b8790ef800 ConcurrentGCThread "G1 Refine#5" [stack: 0x000000db61e00000,0x000000db61f00000] [id=7700]
  0x000002b8790f2800 ConcurrentGCThread "G1 Refine#6" [stack: 0x000000db61f00000,0x000000db62000000] [id=43856]
  0x000002b8790f1800 ConcurrentGCThread "G1 Refine#7" [stack: 0x000000db62000000,0x000000db62100000] [id=34940]
  0x000002b8790f5800 ConcurrentGCThread "G1 Refine#8" [stack: 0x000000db5fe00000,0x000000db5ff00000] [id=43496]
  0x000002b8790f6000 ConcurrentGCThread "G1 Refine#9" [stack: 0x000000db5ff00000,0x000000db60000000] [id=44176]
  0x000002b8790fa800 ConcurrentGCThread "G1 Refine#10" [stack: 0x000000db60000000,0x000000db60100000] [id=40436]
  0x000002b87b748000 ConcurrentGCThread "G1 Refine#11" [stack: 0x000000db60100000,0x000000db60200000] [id=43292]
  0x000002b87b74b000 ConcurrentGCThread "G1 Refine#12" [stack: 0x000000db60200000,0x000000db60300000] [id=44160]
  0x000002b87b74b800 ConcurrentGCThread "G1 Refine#13" [stack: 0x000000db60300000,0x000000db60400000] [id=39864]
  0x000002b87bc76000 ConcurrentGCThread "G1 Refine#14" [stack: 0x000000db61c00000,0x000000db61d00000] [id=6752]
  0x000002b87bc78000 ConcurrentGCThread "G1 Refine#15" [stack: 0x000000db62100000,0x000000db62200000] [id=41240]
  0x000002b84013b000 ConcurrentGCThread "G1 Refine#16" [stack: 0x000000db64300000,0x000000db64400000] [id=39824]
  0x000002b84a57c000 ConcurrentGCThread "G1 Refine#17" [stack: 0x000000db64400000,0x000000db64500000] [id=39084]
  0x000002b841ca5000 ConcurrentGCThread "G1 Refine#18" [stack: 0x000000db64500000,0x000000db64600000] [id=25516]
  0x000002b83d272000 ConcurrentGCThread "G1 Refine#19" [stack: 0x000000db64600000,0x000000db64700000] [id=45908]
  0x000002b83d273000 ConcurrentGCThread "G1 Refine#20" [stack: 0x000000db64700000,0x000000db64800000] [id=15936]
  0x000002b83d274000 ConcurrentGCThread "G1 Refine#21" [stack: 0x000000db64800000,0x000000db64900000] [id=45496]
  0x000002b87ce31800 ConcurrentGCThread "G1 Refine#22" [stack: 0x000000db64900000,0x000000db64a00000] [id=43096]
  0x000002b878fcf000 ConcurrentGCThread "G1 Young RemSet Sampling" [stack: 0x000000db5eb00000,0x000000db5ec00000] [id=924]

Threads with active compile tasks:

VM state:at safepoint (normal execution)

VM Mutex/Monitor currently owned by a thread:  ([mutex/lock_event])
[0x000002b850f17e80] Threads_lock - owner thread: 0x000002b8790ba800
[0x000002b850f1b1b0] Heap_lock - owner thread: 0x000002b87e5f1000

Heap address: 0x0000000082000000, size: 30688 MB, Compressed Oops mode: Zero based, Oop shift amount: 3
Narrow klass base: 0x0000000800000000, Narrow klass shift: 3
Compressed class space size: 1073741824 Address: 0x0000000840000000

Heap:
 garbage-first heap   total 10268672K, used 8967186K [0x0000000082000000, 0x0000000800000000)
  region size 4096K, 1287 young (5271552K), 67 survivors (274432K)
 Metaspace       used 18862K, capacity 19457K, committed 19584K, reserved 1067008K
  class space    used 1885K, capacity 2105K, committed 2176K, reserved 1048576K
Heap Regions: E=young(eden), S=young(survivor), O=old, HS=humongous(starts), HC=humongous(continues), CS=collection set, F=free, A=archive, TAMS=top-at-mark-start (previous, next)
|   0|0x0000000082000000, 0x0000000082400000, 0x0000000082400000|100%| O|  |TAMS 0x0000000082400000, 0x0000000082000000| Untracked 
|   1|0x0000000082400000, 0x0000000082800000, 0x0000000082800000|100%| O|  |TAMS 0x0000000082800000, 0x0000000082400000| Untracked 
|   2|0x0000000082800000, 0x0000000082c00000, 0x0000000082c00000|100%| O|  |TAMS 0x0000000082c00000, 0x0000000082800000| Untracked 
|   3|0x0000000082c00000, 0x0000000083000000, 0x0000000083000000|100%| O|  |TAMS 0x0000000083000000, 0x0000000082c00000| Untracked 
|   4|0x0000000083000000, 0x0000000083400000, 0x0000000083400000|100%| O|  |TAMS 0x0000000083400000, 0x0000000083000000| Untracked 
|   5|0x0000000083400000, 0x0000000083800000, 0x0000000083800000|100%| O|  |TAMS 0x0000000083800000, 0x0000000083400000| Untracked 
|   6|0x0000000083800000, 0x0000000083c00000, 0x0000000083c00000|100%| O|  |TAMS 0x0000000083c00000, 0x0000000083800000| Untracked 
|   7|0x0000000083c00000, 0x0000000084000000, 0x0000000084000000|100%| O|  |TAMS 0x0000000084000000, 0x0000000083c00000| Untracked 
|   8|0x0000000084000000, 0x0000000084400000, 0x0000000084400000|100%| O|  |TAMS 0x0000000084400000, 0x0000000084000000| Untracked 
|   9|0x0000000084400000, 0x0000000084800000, 0x0000000084800000|100%| O|  |TAMS 0x0000000084800000, 0x0000000084400000| Untracked 
|  10|0x0000000084800000, 0x0000000084c00000, 0x0000000084c00000|100%| O|  |TAMS 0x0000000084c00000, 0x0000000084800000| Untracked 
|  11|0x0000000084c00000, 0x0000000085000000, 0x0000000085000000|100%| O|  |TAMS 0x0000000085000000, 0x0000000084c00000| Untracked 
|  12|0x0000000085000000, 0x0000000085400000, 0x0000000085400000|100%| O|  |TAMS 0x0000000085400000, 0x0000000085000000| Untracked 
|  13|0x0000000085400000, 0x0000000085800000, 0x0000000085800000|100%| O|  |TAMS 0x0000000085800000, 0x0000000085400000| Untracked 
|  14|0x0000000085800000, 0x0000000085c00000, 0x0000000085c00000|100%| O|  |TAMS 0x0000000085c00000, 0x0000000085800000| Untracked 
|  15|0x0000000085c00000, 0x0000000086000000, 0x0000000086000000|100%| O|  |TAMS 0x0000000086000000, 0x0000000085c00000| Untracked 
|  16|0x0000000086000000, 0x0000000086400000, 0x0000000086400000|100%| O|  |TAMS 0x0000000086400000, 0x0000000086000000| Untracked 
|  17|0x0000000086400000, 0x0000000086800000, 0x0000000086800000|100%| O|  |TAMS 0x0000000086800000, 0x0000000086400000| Untracked 
|  18|0x0000000086800000, 0x0000000086c00000, 0x0000000086c00000|100%| O|  |TAMS 0x0000000086c00000, 0x0000000086800000| Untracked 
|  19|0x0000000086c00000, 0x0000000087000000, 0x0000000087000000|100%| O|  |TAMS 0x0000000087000000, 0x0000000086c00000| Untracked 
|  20|0x0000000087000000, 0x0000000087400000, 0x0000000087400000|100%| O|  |TAMS 0x0000000087400000, 0x0000000087000000| Untracked 
|  21|0x0000000087400000, 0x0000000087800000, 0x0000000087800000|100%| O|  |TAMS 0x0000000087800000, 0x0000000087400000| Untracked 
|  22|0x0000000087800000, 0x0000000087c00000, 0x0000000087c00000|100%| O|  |TAMS 0x0000000087c00000, 0x0000000087800000| Untracked 
|  23|0x0000000087c00000, 0x0000000088000000, 0x0000000088000000|100%| O|  |TAMS 0x0000000088000000, 0x0000000087c00000| Untracked 
|  24|0x0000000088000000, 0x0000000088400000, 0x0000000088400000|100%| O|  |TAMS 0x0000000088400000, 0x0000000088000000| Untracked 
|  25|0x0000000088400000, 0x0000000088800000, 0x0000000088800000|100%| O|  |TAMS 0x0000000088800000, 0x0000000088400000| Untracked 
|  26|0x0000000088800000, 0x0000000088c00000, 0x0000000088c00000|100%| O|  |TAMS 0x0000000088c00000, 0x0000000088800000| Untracked 
|  27|0x0000000088c00000, 0x0000000089000000, 0x0000000089000000|100%| O|  |TAMS 0x0000000089000000, 0x0000000088c00000| Untracked 
|  28|0x0000000089000000, 0x0000000089400000, 0x0000000089400000|100%| O|  |TAMS 0x0000000089400000, 0x0000000089000000| Untracked 
|  29|0x0000000089400000, 0x0000000089800000, 0x0000000089800000|100%| O|  |TAMS 0x0000000089800000, 0x0000000089400000| Untracked 
|  30|0x0000000089800000, 0x0000000089c00000, 0x0000000089c00000|100%| O|  |TAMS 0x0000000089c00000, 0x0000000089800000| Untracked 
|  31|0x0000000089c00000, 0x000000008a000000, 0x000000008a000000|100%| O|  |TAMS 0x000000008a000000, 0x0000000089c00000| Untracked 
|  32|0x000000008a000000, 0x000000008a400000, 0x000000008a400000|100%| O|  |TAMS 0x000000008a400000, 0x000000008a000000| Untracked 
|  33|0x000000008a400000, 0x000000008a800000, 0x000000008a800000|100%| O|  |TAMS 0x000000008a800000, 0x000000008a400000| Untracked 
|  34|0x000000008a800000, 0x000000008ac00000, 0x000000008ac00000|100%| O|  |TAMS 0x000000008ac00000, 0x000000008a800000| Untracked 
|  35|0x000000008ac00000, 0x000000008b000000, 0x000000008b000000|100%| O|  |TAMS 0x000000008b000000, 0x000000008ac00000| Untracked 
|  36|0x000000008b000000, 0x000000008b400000, 0x000000008b400000|100%| O|  |TAMS 0x000000008b400000, 0x000000008b000000| Untracked 
|  37|0x000000008b400000, 0x000000008b800000, 0x000000008b800000|100%| O|  |TAMS 0x000000008b800000, 0x000000008b400000| Untracked 
|  38|0x000000008b800000, 0x000000008bc00000, 0x000000008bc00000|100%| O|  |TAMS 0x000000008bc00000, 0x000000008b800000| Untracked 
|  39|0x000000008bc00000, 0x000000008c000000, 0x000000008c000000|100%| O|  |TAMS 0x000000008c000000, 0x000000008bc00000| Untracked 
|  40|0x000000008c000000, 0x000000008c400000, 0x000000008c400000|100%| O|  |TAMS 0x000000008c400000, 0x000000008c000000| Untracked 
|  41|0x000000008c400000, 0x000000008c800000, 0x000000008c800000|100%| O|  |TAMS 0x000000008c800000, 0x000000008c400000| Untracked 
|  42|0x000000008c800000, 0x000000008cc00000, 0x000000008cc00000|100%| O|  |TAMS 0x000000008cc00000, 0x000000008c800000| Untracked 
|  43|0x000000008cc00000, 0x000000008d000000, 0x000000008d000000|100%| O|  |TAMS 0x000000008d000000, 0x000000008cc00000| Untracked 
|  44|0x000000008d000000, 0x000000008d400000, 0x000000008d400000|100%| O|  |TAMS 0x000000008d400000, 0x000000008d000000| Untracked 
|  45|0x000000008d400000, 0x000000008d800000, 0x000000008d800000|100%| O|  |TAMS 0x000000008d800000, 0x000000008d400000| Untracked 
|  46|0x000000008d800000, 0x000000008dc00000, 0x000000008dc00000|100%| O|  |TAMS 0x000000008dc00000, 0x000000008d800000| Untracked 
|  47|0x000000008dc00000, 0x000000008e000000, 0x000000008e000000|100%| O|  |TAMS 0x000000008e000000, 0x000000008dc00000| Untracked 
|  48|0x000000008e000000, 0x000000008e400000, 0x000000008e400000|100%| O|  |TAMS 0x000000008e400000, 0x000000008e000000| Untracked 
|  49|0x000000008e400000, 0x000000008e800000, 0x000000008e800000|100%| O|  |TAMS 0x000000008e800000, 0x000000008e400000| Untracked 
|  50|0x000000008e800000, 0x000000008ec00000, 0x000000008ec00000|100%| O|  |TAMS 0x000000008ec00000, 0x000000008e800000| Untracked 
|  51|0x000000008ec00000, 0x000000008f000000, 0x000000008f000000|100%| O|  |TAMS 0x000000008f000000, 0x000000008ec00000| Untracked 
|  52|0x000000008f000000, 0x000000008f400000, 0x000000008f400000|100%| O|  |TAMS 0x000000008f400000, 0x000000008f000000| Untracked 
|  53|0x000000008f400000, 0x000000008f800000, 0x000000008f800000|100%| O|  |TAMS 0x000000008f800000, 0x000000008f400000| Untracked 
|  54|0x000000008f800000, 0x000000008fc00000, 0x000000008fc00000|100%| O|  |TAMS 0x000000008fc00000, 0x000000008f800000| Untracked 
|  55|0x000000008fc00000, 0x0000000090000000, 0x0000000090000000|100%| O|  |TAMS 0x0000000090000000, 0x000000008fc00000| Untracked 
|  56|0x0000000090000000, 0x0000000090400000, 0x0000000090400000|100%| O|  |TAMS 0x0000000090400000, 0x0000000090000000| Untracked 
|  57|0x0000000090400000, 0x0000000090800000, 0x0000000090800000|100%| O|  |TAMS 0x0000000090800000, 0x0000000090400000| Untracked 
|  58|0x0000000090800000, 0x0000000090c00000, 0x0000000090c00000|100%| O|  |TAMS 0x0000000090c00000, 0x0000000090800000| Untracked 
|  59|0x0000000090c00000, 0x0000000091000000, 0x0000000091000000|100%| O|  |TAMS 0x0000000091000000, 0x0000000090c00000| Untracked 
|  60|0x0000000091000000, 0x0000000091400000, 0x0000000091400000|100%| O|  |TAMS 0x0000000091400000, 0x0000000091000000| Untracked 
|  61|0x0000000091400000, 0x0000000091800000, 0x0000000091800000|100%| O|  |TAMS 0x0000000091800000, 0x0000000091400000| Untracked 
|  62|0x0000000091800000, 0x0000000091c00000, 0x0000000091c00000|100%| O|  |TAMS 0x0000000091c00000, 0x0000000091800000| Untracked 
|  63|0x0000000091c00000, 0x0000000092000000, 0x0000000092000000|100%| O|  |TAMS 0x0000000092000000, 0x0000000091c00000| Untracked 
|  64|0x0000000092000000, 0x0000000092400000, 0x0000000092400000|100%| O|  |TAMS 0x0000000092400000, 0x0000000092000000| Untracked 
|  65|0x0000000092400000, 0x0000000092800000, 0x0000000092800000|100%| O|  |TAMS 0x0000000092800000, 0x0000000092400000| Untracked 
|  66|0x0000000092800000, 0x0000000092c00000, 0x0000000092c00000|100%| O|  |TAMS 0x0000000092c00000, 0x0000000092800000| Untracked 
|  67|0x0000000092c00000, 0x0000000093000000, 0x0000000093000000|100%| O|  |TAMS 0x0000000093000000, 0x0000000092c00000| Untracked 
|  68|0x0000000093000000, 0x0000000093400000, 0x0000000093400000|100%| O|  |TAMS 0x0000000093400000, 0x0000000093000000| Untracked 
|  69|0x0000000093400000, 0x0000000093800000, 0x0000000093800000|100%| O|  |TAMS 0x0000000093800000, 0x0000000093400000| Untracked 
|  70|0x0000000093800000, 0x0000000093c00000, 0x0000000093c00000|100%| O|  |TAMS 0x0000000093c00000, 0x0000000093800000| Untracked 
|  71|0x0000000093c00000, 0x0000000094000000, 0x0000000094000000|100%| O|  |TAMS 0x0000000094000000, 0x0000000093c00000| Untracked 
|  72|0x0000000094000000, 0x0000000094400000, 0x0000000094400000|100%| O|  |TAMS 0x0000000094400000, 0x0000000094000000| Untracked 
|  73|0x0000000094400000, 0x0000000094800000, 0x0000000094800000|100%| O|  |TAMS 0x0000000094800000, 0x0000000094400000| Untracked 
|  74|0x0000000094800000, 0x0000000094c00000, 0x0000000094c00000|100%| O|  |TAMS 0x0000000094c00000, 0x0000000094800000| Untracked 
|  75|0x0000000094c00000, 0x0000000095000000, 0x0000000095000000|100%| O|  |TAMS 0x0000000095000000, 0x0000000094c00000| Untracked 
|  76|0x0000000095000000, 0x0000000095400000, 0x0000000095400000|100%| O|  |TAMS 0x0000000095400000, 0x0000000095000000| Untracked 
|  77|0x0000000095400000, 0x0000000095800000, 0x0000000095800000|100%| O|  |TAMS 0x0000000095800000, 0x0000000095400000| Untracked 
|  78|0x0000000095800000, 0x0000000095c00000, 0x0000000095c00000|100%| O|  |TAMS 0x0000000095c00000, 0x0000000095800000| Untracked 
|  79|0x0000000095c00000, 0x0000000096000000, 0x0000000096000000|100%| O|  |TAMS 0x0000000096000000, 0x0000000095c00000| Untracked 
|  80|0x0000000096000000, 0x0000000096400000, 0x0000000096400000|100%| O|  |TAMS 0x0000000096400000, 0x0000000096000000| Untracked 
|  81|0x0000000096400000, 0x0000000096800000, 0x0000000096800000|100%| O|  |TAMS 0x0000000096800000, 0x0000000096400000| Untracked 
|  82|0x0000000096800000, 0x0000000096c00000, 0x0000000096c00000|100%| O|  |TAMS 0x0000000096c00000, 0x0000000096800000| Untracked 
|  83|0x0000000096c00000, 0x0000000097000000, 0x0000000097000000|100%| O|  |TAMS 0x0000000097000000, 0x0000000096c00000| Untracked 
|  84|0x0000000097000000, 0x0000000097400000, 0x0000000097400000|100%| O|  |TAMS 0x0000000097400000, 0x0000000097000000| Untracked 
|  85|0x0000000097400000, 0x0000000097800000, 0x0000000097800000|100%| O|  |TAMS 0x0000000097800000, 0x0000000097400000| Untracked 
|  86|0x0000000097800000, 0x0000000097c00000, 0x0000000097c00000|100%| O|  |TAMS 0x0000000097c00000, 0x0000000097800000| Untracked 
|  87|0x0000000097c00000, 0x0000000098000000, 0x0000000098000000|100%| O|  |TAMS 0x0000000098000000, 0x0000000097c00000| Untracked 
|  88|0x0000000098000000, 0x0000000098400000, 0x0000000098400000|100%| O|  |TAMS 0x0000000098400000, 0x0000000098000000| Untracked 
|  89|0x0000000098400000, 0x0000000098800000, 0x0000000098800000|100%| O|  |TAMS 0x0000000098800000, 0x0000000098400000| Untracked 
|  90|0x0000000098800000, 0x0000000098c00000, 0x0000000098c00000|100%| O|  |TAMS 0x0000000098c00000, 0x0000000098800000| Untracked 
|  91|0x0000000098c00000, 0x0000000099000000, 0x0000000099000000|100%| O|  |TAMS 0x0000000099000000, 0x0000000098c00000| Untracked 
|  92|0x0000000099000000, 0x0000000099400000, 0x0000000099400000|100%| O|  |TAMS 0x0000000099400000, 0x0000000099000000| Untracked 
|  93|0x0000000099400000, 0x0000000099800000, 0x0000000099800000|100%| O|  |TAMS 0x0000000099800000, 0x0000000099400000| Untracked 
|  94|0x0000000099800000, 0x0000000099c00000, 0x0000000099c00000|100%| O|  |TAMS 0x0000000099c00000, 0x0000000099800000| Untracked 
|  95|0x0000000099c00000, 0x000000009a000000, 0x000000009a000000|100%| O|  |TAMS 0x000000009a000000, 0x0000000099c00000| Untracked 
|  96|0x000000009a000000, 0x000000009a400000, 0x000000009a400000|100%| O|  |TAMS 0x000000009a400000, 0x000000009a000000| Untracked 
|  97|0x000000009a400000, 0x000000009a800000, 0x000000009a800000|100%| O|  |TAMS 0x000000009a800000, 0x000000009a400000| Untracked 
|  98|0x000000009a800000, 0x000000009ac00000, 0x000000009ac00000|100%| O|  |TAMS 0x000000009ac00000, 0x000000009a800000| Untracked 
|  99|0x000000009ac00000, 0x000000009b000000, 0x000000009b000000|100%| O|  |TAMS 0x000000009b000000, 0x000000009ac00000| Untracked 
| 100|0x000000009b000000, 0x000000009b400000, 0x000000009b400000|100%| O|  |TAMS 0x000000009b400000, 0x000000009b000000| Untracked 
| 101|0x000000009b400000, 0x000000009b800000, 0x000000009b800000|100%| O|  |TAMS 0x000000009b800000, 0x000000009b400000| Untracked 
| 102|0x000000009b800000, 0x000000009bc00000, 0x000000009bc00000|100%| O|  |TAMS 0x000000009bc00000, 0x000000009b800000| Untracked 
| 103|0x000000009bc00000, 0x000000009c000000, 0x000000009c000000|100%| O|  |TAMS 0x000000009c000000, 0x000000009bc00000| Untracked 
| 104|0x000000009c000000, 0x000000009c400000, 0x000000009c400000|100%| O|  |TAMS 0x000000009c400000, 0x000000009c000000| Untracked 
| 105|0x000000009c400000, 0x000000009c800000, 0x000000009c800000|100%| O|  |TAMS 0x000000009c800000, 0x000000009c400000| Untracked 
| 106|0x000000009c800000, 0x000000009cc00000, 0x000000009cc00000|100%| O|  |TAMS 0x000000009cc00000, 0x000000009c800000| Untracked 
| 107|0x000000009cc00000, 0x000000009d000000, 0x000000009d000000|100%| O|  |TAMS 0x000000009d000000, 0x000000009cc00000| Untracked 
| 108|0x000000009d000000, 0x000000009d400000, 0x000000009d400000|100%| O|  |TAMS 0x000000009d400000, 0x000000009d000000| Untracked 
| 109|0x000000009d400000, 0x000000009d800000, 0x000000009d800000|100%| O|  |TAMS 0x000000009d800000, 0x000000009d400000| Untracked 
| 110|0x000000009d800000, 0x000000009dc00000, 0x000000009dc00000|100%| O|  |TAMS 0x000000009dc00000, 0x000000009d800000| Untracked 
| 111|0x000000009dc00000, 0x000000009e000000, 0x000000009e000000|100%| O|  |TAMS 0x000000009e000000, 0x000000009dc00000| Untracked 
| 112|0x000000009e000000, 0x000000009e400000, 0x000000009e400000|100%| O|  |TAMS 0x000000009e400000, 0x000000009e000000| Untracked 
| 113|0x000000009e400000, 0x000000009e800000, 0x000000009e800000|100%| O|  |TAMS 0x000000009e800000, 0x000000009e400000| Untracked 
| 114|0x000000009e800000, 0x000000009ec00000, 0x000000009ec00000|100%| O|  |TAMS 0x000000009ec00000, 0x000000009e800000| Untracked 
| 115|0x000000009ec00000, 0x000000009f000000, 0x000000009f000000|100%| O|  |TAMS 0x000000009f000000, 0x000000009ec00000| Untracked 
| 116|0x000000009f000000, 0x000000009f400000, 0x000000009f400000|100%| O|  |TAMS 0x000000009f400000, 0x000000009f000000| Untracked 
| 117|0x000000009f400000, 0x000000009f800000, 0x000000009f800000|100%| O|  |TAMS 0x000000009f800000, 0x000000009f400000| Untracked 
| 118|0x000000009f800000, 0x000000009fc00000, 0x000000009fc00000|100%| O|  |TAMS 0x000000009fc00000, 0x000000009f800000| Untracked 
| 119|0x000000009fc00000, 0x00000000a0000000, 0x00000000a0000000|100%| O|  |TAMS 0x00000000a0000000, 0x000000009fc00000| Untracked 
| 120|0x00000000a0000000, 0x00000000a0400000, 0x00000000a0400000|100%| O|  |TAMS 0x00000000a0400000, 0x00000000a0000000| Untracked 
| 121|0x00000000a0400000, 0x00000000a0800000, 0x00000000a0800000|100%| O|  |TAMS 0x00000000a0800000, 0x00000000a0400000| Untracked 
| 122|0x00000000a0800000, 0x00000000a0c00000, 0x00000000a0c00000|100%| O|  |TAMS 0x00000000a0c00000, 0x00000000a0800000| Untracked 
| 123|0x00000000a0c00000, 0x00000000a1000000, 0x00000000a1000000|100%| O|  |TAMS 0x00000000a1000000, 0x00000000a0c00000| Untracked 
| 124|0x00000000a1000000, 0x00000000a1400000, 0x00000000a1400000|100%| O|  |TAMS 0x00000000a1400000, 0x00000000a1000000| Untracked 
| 125|0x00000000a1400000, 0x00000000a1800000, 0x00000000a1800000|100%| O|  |TAMS 0x00000000a1800000, 0x00000000a1400000| Untracked 
| 126|0x00000000a1800000, 0x00000000a1c00000, 0x00000000a1c00000|100%| O|  |TAMS 0x00000000a1c00000, 0x00000000a1800000| Untracked 
| 127|0x00000000a1c00000, 0x00000000a2000000, 0x00000000a2000000|100%| O|  |TAMS 0x00000000a2000000, 0x00000000a1c00000| Untracked 
| 128|0x00000000a2000000, 0x00000000a2400000, 0x00000000a2400000|100%| O|  |TAMS 0x00000000a2400000, 0x00000000a2000000| Untracked 
| 129|0x00000000a2400000, 0x00000000a2800000, 0x00000000a2800000|100%| O|  |TAMS 0x00000000a2800000, 0x00000000a2400000| Untracked 
| 130|0x00000000a2800000, 0x00000000a2c00000, 0x00000000a2c00000|100%| O|  |TAMS 0x00000000a2c00000, 0x00000000a2800000| Untracked 
| 131|0x00000000a2c00000, 0x00000000a3000000, 0x00000000a3000000|100%| O|  |TAMS 0x00000000a3000000, 0x00000000a2c00000| Untracked 
| 132|0x00000000a3000000, 0x00000000a3400000, 0x00000000a3400000|100%| O|  |TAMS 0x00000000a3400000, 0x00000000a3000000| Untracked 
| 133|0x00000000a3400000, 0x00000000a3800000, 0x00000000a3800000|100%| O|  |TAMS 0x00000000a3800000, 0x00000000a3400000| Untracked 
| 134|0x00000000a3800000, 0x00000000a3c00000, 0x00000000a3c00000|100%| O|  |TAMS 0x00000000a3c00000, 0x00000000a3800000| Untracked 
| 135|0x00000000a3c00000, 0x00000000a4000000, 0x00000000a4000000|100%| O|  |TAMS 0x00000000a4000000, 0x00000000a3c00000| Untracked 
| 136|0x00000000a4000000, 0x00000000a4400000, 0x00000000a4400000|100%| O|  |TAMS 0x00000000a4400000, 0x00000000a4000000| Untracked 
| 137|0x00000000a4400000, 0x00000000a4800000, 0x00000000a4800000|100%| O|  |TAMS 0x00000000a4800000, 0x00000000a4400000| Untracked 
| 138|0x00000000a4800000, 0x00000000a4c00000, 0x00000000a4c00000|100%| O|  |TAMS 0x00000000a4c00000, 0x00000000a4800000| Untracked 
| 139|0x00000000a4c00000, 0x00000000a5000000, 0x00000000a5000000|100%| O|  |TAMS 0x00000000a5000000, 0x00000000a4c00000| Untracked 
| 140|0x00000000a5000000, 0x00000000a5400000, 0x00000000a5400000|100%| O|  |TAMS 0x00000000a5400000, 0x00000000a5000000| Untracked 
| 141|0x00000000a5400000, 0x00000000a5800000, 0x00000000a5800000|100%| O|  |TAMS 0x00000000a5800000, 0x00000000a5400000| Untracked 
| 142|0x00000000a5800000, 0x00000000a5c00000, 0x00000000a5c00000|100%| O|  |TAMS 0x00000000a5c00000, 0x00000000a5800000| Untracked 
| 143|0x00000000a5c00000, 0x00000000a6000000, 0x00000000a6000000|100%| O|  |TAMS 0x00000000a6000000, 0x00000000a5c00000| Untracked 
| 144|0x00000000a6000000, 0x00000000a6400000, 0x00000000a6400000|100%| O|  |TAMS 0x00000000a6400000, 0x00000000a6000000| Untracked 
| 145|0x00000000a6400000, 0x00000000a6800000, 0x00000000a6800000|100%| O|  |TAMS 0x00000000a6800000, 0x00000000a6400000| Untracked 
| 146|0x00000000a6800000, 0x00000000a6c00000, 0x00000000a6c00000|100%| O|  |TAMS 0x00000000a6c00000, 0x00000000a6800000| Untracked 
| 147|0x00000000a6c00000, 0x00000000a7000000, 0x00000000a7000000|100%| O|  |TAMS 0x00000000a7000000, 0x00000000a6c00000| Untracked 
| 148|0x00000000a7000000, 0x00000000a7400000, 0x00000000a7400000|100%| O|  |TAMS 0x00000000a7400000, 0x00000000a7000000| Untracked 
| 149|0x00000000a7400000, 0x00000000a7800000, 0x00000000a7800000|100%| O|  |TAMS 0x00000000a7800000, 0x00000000a7400000| Untracked 
| 150|0x00000000a7800000, 0x00000000a7c00000, 0x00000000a7c00000|100%| O|  |TAMS 0x00000000a7c00000, 0x00000000a7800000| Untracked 
| 151|0x00000000a7c00000, 0x00000000a8000000, 0x00000000a8000000|100%| O|  |TAMS 0x00000000a8000000, 0x00000000a7c00000| Untracked 
| 152|0x00000000a8000000, 0x00000000a8400000, 0x00000000a8400000|100%| O|  |TAMS 0x00000000a8400000, 0x00000000a8000000| Untracked 
| 153|0x00000000a8400000, 0x00000000a8800000, 0x00000000a8800000|100%| O|  |TAMS 0x00000000a8800000, 0x00000000a8400000| Untracked 
| 154|0x00000000a8800000, 0x00000000a8c00000, 0x00000000a8c00000|100%| O|  |TAMS 0x00000000a8c00000, 0x00000000a8800000| Untracked 
| 155|0x00000000a8c00000, 0x00000000a9000000, 0x00000000a9000000|100%| O|  |TAMS 0x00000000a9000000, 0x00000000a8c00000| Untracked 
| 156|0x00000000a9000000, 0x00000000a9400000, 0x00000000a9400000|100%| O|  |TAMS 0x00000000a9400000, 0x00000000a9000000| Untracked 
| 157|0x00000000a9400000, 0x00000000a9800000, 0x00000000a9800000|100%| O|  |TAMS 0x00000000a9800000, 0x00000000a9400000| Untracked 
| 158|0x00000000a9800000, 0x00000000a9c00000, 0x00000000a9c00000|100%| O|  |TAMS 0x00000000a9c00000, 0x00000000a9800000| Untracked 
| 159|0x00000000a9c00000, 0x00000000aa000000, 0x00000000aa000000|100%| O|  |TAMS 0x00000000aa000000, 0x00000000a9c00000| Untracked 
| 160|0x00000000aa000000, 0x00000000aa400000, 0x00000000aa400000|100%| O|  |TAMS 0x00000000aa400000, 0x00000000aa000000| Untracked 
| 161|0x00000000aa400000, 0x00000000aa800000, 0x00000000aa800000|100%| O|  |TAMS 0x00000000aa800000, 0x00000000aa400000| Untracked 
| 162|0x00000000aa800000, 0x00000000aac00000, 0x00000000aac00000|100%| O|  |TAMS 0x00000000aac00000, 0x00000000aa800000| Untracked 
| 163|0x00000000aac00000, 0x00000000ab000000, 0x00000000ab000000|100%| O|  |TAMS 0x00000000ab000000, 0x00000000aac00000| Untracked 
| 164|0x00000000ab000000, 0x00000000ab400000, 0x00000000ab400000|100%| O|  |TAMS 0x00000000ab400000, 0x00000000ab000000| Untracked 
| 165|0x00000000ab400000, 0x00000000ab800000, 0x00000000ab800000|100%| O|  |TAMS 0x00000000ab800000, 0x00000000ab400000| Untracked 
| 166|0x00000000ab800000, 0x00000000abc00000, 0x00000000abc00000|100%| O|  |TAMS 0x00000000abc00000, 0x00000000ab800000| Untracked 
| 167|0x00000000abc00000, 0x00000000ac000000, 0x00000000ac000000|100%| O|  |TAMS 0x00000000ac000000, 0x00000000abc00000| Untracked 
| 168|0x00000000ac000000, 0x00000000ac400000, 0x00000000ac400000|100%| O|  |TAMS 0x00000000ac400000, 0x00000000ac000000| Untracked 
| 169|0x00000000ac400000, 0x00000000ac800000, 0x00000000ac800000|100%| O|  |TAMS 0x00000000ac800000, 0x00000000ac400000| Untracked 
| 170|0x00000000ac800000, 0x00000000acc00000, 0x00000000acc00000|100%| O|  |TAMS 0x00000000acc00000, 0x00000000ac800000| Untracked 
| 171|0x00000000acc00000, 0x00000000ad000000, 0x00000000ad000000|100%| O|  |TAMS 0x00000000ad000000, 0x00000000acc00000| Untracked 
| 172|0x00000000ad000000, 0x00000000ad400000, 0x00000000ad400000|100%| O|  |TAMS 0x00000000ad400000, 0x00000000ad000000| Untracked 
| 173|0x00000000ad400000, 0x00000000ad800000, 0x00000000ad800000|100%| O|  |TAMS 0x00000000ad800000, 0x00000000ad400000| Untracked 
| 174|0x00000000ad800000, 0x00000000adc00000, 0x00000000adc00000|100%| O|  |TAMS 0x00000000adc00000, 0x00000000ad800000| Untracked 
| 175|0x00000000adc00000, 0x00000000ae000000, 0x00000000ae000000|100%| O|  |TAMS 0x00000000ae000000, 0x00000000adc00000| Untracked 
| 176|0x00000000ae000000, 0x00000000ae400000, 0x00000000ae400000|100%| O|  |TAMS 0x00000000ae400000, 0x00000000ae000000| Untracked 
| 177|0x00000000ae400000, 0x00000000ae800000, 0x00000000ae800000|100%| O|  |TAMS 0x00000000ae800000, 0x00000000ae400000| Untracked 
| 178|0x00000000ae800000, 0x00000000aec00000, 0x00000000aec00000|100%| O|  |TAMS 0x00000000aec00000, 0x00000000ae800000| Untracked 
| 179|0x00000000aec00000, 0x00000000af000000, 0x00000000af000000|100%| O|  |TAMS 0x00000000af000000, 0x00000000aec00000| Untracked 
| 180|0x00000000af000000, 0x00000000af400000, 0x00000000af400000|100%| O|  |TAMS 0x00000000af400000, 0x00000000af000000| Untracked 
| 181|0x00000000af400000, 0x00000000af800000, 0x00000000af800000|100%| O|  |TAMS 0x00000000af800000, 0x00000000af400000| Untracked 
| 182|0x00000000af800000, 0x00000000afc00000, 0x00000000afc00000|100%| O|  |TAMS 0x00000000afc00000, 0x00000000af800000| Untracked 
| 183|0x00000000afc00000, 0x00000000b0000000, 0x00000000b0000000|100%| O|  |TAMS 0x00000000b0000000, 0x00000000afc00000| Untracked 
| 184|0x00000000b0000000, 0x00000000b0400000, 0x00000000b0400000|100%| O|  |TAMS 0x00000000b0400000, 0x00000000b0000000| Untracked 
| 185|0x00000000b0400000, 0x00000000b0800000, 0x00000000b0800000|100%| O|  |TAMS 0x00000000b0800000, 0x00000000b0400000| Untracked 
| 186|0x00000000b0800000, 0x00000000b0c00000, 0x00000000b0c00000|100%| O|  |TAMS 0x00000000b0c00000, 0x00000000b0800000| Untracked 
| 187|0x00000000b0c00000, 0x00000000b1000000, 0x00000000b1000000|100%| O|  |TAMS 0x00000000b1000000, 0x00000000b0c00000| Untracked 
| 188|0x00000000b1000000, 0x00000000b1400000, 0x00000000b1400000|100%| O|  |TAMS 0x00000000b1400000, 0x00000000b1000000| Untracked 
| 189|0x00000000b1400000, 0x00000000b1800000, 0x00000000b1800000|100%| O|  |TAMS 0x00000000b1800000, 0x00000000b1400000| Untracked 
| 190|0x00000000b1800000, 0x00000000b1c00000, 0x00000000b1c00000|100%| O|  |TAMS 0x00000000b1c00000, 0x00000000b1800000| Untracked 
| 191|0x00000000b1c00000, 0x00000000b2000000, 0x00000000b2000000|100%| O|  |TAMS 0x00000000b2000000, 0x00000000b1c00000| Untracked 
| 192|0x00000000b2000000, 0x00000000b2400000, 0x00000000b2400000|100%| O|  |TAMS 0x00000000b2400000, 0x00000000b2000000| Untracked 
| 193|0x00000000b2400000, 0x00000000b2800000, 0x00000000b2800000|100%| O|  |TAMS 0x00000000b2800000, 0x00000000b2400000| Untracked 
| 194|0x00000000b2800000, 0x00000000b2c00000, 0x00000000b2c00000|100%| O|  |TAMS 0x00000000b2c00000, 0x00000000b2800000| Untracked 
| 195|0x00000000b2c00000, 0x00000000b3000000, 0x00000000b3000000|100%| O|  |TAMS 0x00000000b3000000, 0x00000000b2c00000| Untracked 
| 196|0x00000000b3000000, 0x00000000b3400000, 0x00000000b3400000|100%| O|  |TAMS 0x00000000b3400000, 0x00000000b3000000| Untracked 
| 197|0x00000000b3400000, 0x00000000b3800000, 0x00000000b3800000|100%| O|  |TAMS 0x00000000b3800000, 0x00000000b3400000| Untracked 
| 198|0x00000000b3800000, 0x00000000b3c00000, 0x00000000b3c00000|100%| O|  |TAMS 0x00000000b3c00000, 0x00000000b3800000| Untracked 
| 199|0x00000000b3c00000, 0x00000000b4000000, 0x00000000b4000000|100%| O|  |TAMS 0x00000000b4000000, 0x00000000b3c00000| Untracked 
| 200|0x00000000b4000000, 0x00000000b4400000, 0x00000000b4400000|100%| O|  |TAMS 0x00000000b4400000, 0x00000000b4000000| Untracked 
| 201|0x00000000b4400000, 0x00000000b4800000, 0x00000000b4800000|100%| O|  |TAMS 0x00000000b4800000, 0x00000000b4400000| Untracked 
| 202|0x00000000b4800000, 0x00000000b4c00000, 0x00000000b4c00000|100%| O|  |TAMS 0x00000000b4c00000, 0x00000000b4800000| Untracked 
| 203|0x00000000b4c00000, 0x00000000b5000000, 0x00000000b5000000|100%| O|  |TAMS 0x00000000b5000000, 0x00000000b4c00000| Untracked 
| 204|0x00000000b5000000, 0x00000000b5400000, 0x00000000b5400000|100%| O|  |TAMS 0x00000000b5400000, 0x00000000b5000000| Untracked 
| 205|0x00000000b5400000, 0x00000000b5800000, 0x00000000b5800000|100%| O|  |TAMS 0x00000000b5800000, 0x00000000b5400000| Untracked 
| 206|0x00000000b5800000, 0x00000000b5c00000, 0x00000000b5c00000|100%| O|  |TAMS 0x00000000b5c00000, 0x00000000b5800000| Untracked 
| 207|0x00000000b5c00000, 0x00000000b6000000, 0x00000000b6000000|100%| O|  |TAMS 0x00000000b6000000, 0x00000000b5c00000| Untracked 
| 208|0x00000000b6000000, 0x00000000b6400000, 0x00000000b6400000|100%| O|  |TAMS 0x00000000b6400000, 0x00000000b6000000| Untracked 
| 209|0x00000000b6400000, 0x00000000b6800000, 0x00000000b6800000|100%| O|  |TAMS 0x00000000b6800000, 0x00000000b6400000| Untracked 
| 210|0x00000000b6800000, 0x00000000b6c00000, 0x00000000b6c00000|100%| O|  |TAMS 0x00000000b6c00000, 0x00000000b6800000| Untracked 
| 211|0x00000000b6c00000, 0x00000000b7000000, 0x00000000b7000000|100%| O|  |TAMS 0x00000000b7000000, 0x00000000b6c00000| Untracked 
| 212|0x00000000b7000000, 0x00000000b7400000, 0x00000000b7400000|100%| O|  |TAMS 0x00000000b7400000, 0x00000000b7000000| Untracked 
| 213|0x00000000b7400000, 0x00000000b7800000, 0x00000000b7800000|100%| O|  |TAMS 0x00000000b7800000, 0x00000000b7400000| Untracked 
| 214|0x00000000b7800000, 0x00000000b7c00000, 0x00000000b7c00000|100%| O|  |TAMS 0x00000000b7c00000, 0x00000000b7800000| Untracked 
| 215|0x00000000b7c00000, 0x00000000b8000000, 0x00000000b8000000|100%| O|  |TAMS 0x00000000b8000000, 0x00000000b7c00000| Untracked 
| 216|0x00000000b8000000, 0x00000000b8400000, 0x00000000b8400000|100%| O|  |TAMS 0x00000000b8400000, 0x00000000b8000000| Untracked 
| 217|0x00000000b8400000, 0x00000000b8800000, 0x00000000b8800000|100%| O|  |TAMS 0x00000000b8800000, 0x00000000b8400000| Untracked 
| 218|0x00000000b8800000, 0x00000000b8c00000, 0x00000000b8c00000|100%| O|  |TAMS 0x00000000b8c00000, 0x00000000b8800000| Untracked 
| 219|0x00000000b8c00000, 0x00000000b9000000, 0x00000000b9000000|100%| O|  |TAMS 0x00000000b9000000, 0x00000000b8c00000| Untracked 
| 220|0x00000000b9000000, 0x00000000b9400000, 0x00000000b9400000|100%| O|  |TAMS 0x00000000b9400000, 0x00000000b9000000| Untracked 
| 221|0x00000000b9400000, 0x00000000b9800000, 0x00000000b9800000|100%| O|  |TAMS 0x00000000b9800000, 0x00000000b9400000| Untracked 
| 222|0x00000000b9800000, 0x00000000b9c00000, 0x00000000b9c00000|100%| O|  |TAMS 0x00000000b9c00000, 0x00000000b9800000| Untracked 
| 223|0x00000000b9c00000, 0x00000000ba000000, 0x00000000ba000000|100%| O|  |TAMS 0x00000000ba000000, 0x00000000b9c00000| Untracked 
| 224|0x00000000ba000000, 0x00000000ba400000, 0x00000000ba400000|100%| O|  |TAMS 0x00000000ba400000, 0x00000000ba000000| Untracked 
| 225|0x00000000ba400000, 0x00000000ba800000, 0x00000000ba800000|100%| O|  |TAMS 0x00000000ba800000, 0x00000000ba400000| Untracked 
| 226|0x00000000ba800000, 0x00000000bac00000, 0x00000000bac00000|100%| O|  |TAMS 0x00000000bac00000, 0x00000000ba800000| Untracked 
| 227|0x00000000bac00000, 0x00000000bb000000, 0x00000000bb000000|100%| O|  |TAMS 0x00000000bb000000, 0x00000000bac00000| Untracked 
| 228|0x00000000bb000000, 0x00000000bb400000, 0x00000000bb400000|100%| O|  |TAMS 0x00000000bb400000, 0x00000000bb000000| Untracked 
| 229|0x00000000bb400000, 0x00000000bb800000, 0x00000000bb800000|100%| O|  |TAMS 0x00000000bb800000, 0x00000000bb400000| Untracked 
| 230|0x00000000bb800000, 0x00000000bbc00000, 0x00000000bbc00000|100%| O|  |TAMS 0x00000000bbc00000, 0x00000000bb800000| Untracked 
| 231|0x00000000bbc00000, 0x00000000bc000000, 0x00000000bc000000|100%| O|  |TAMS 0x00000000bc000000, 0x00000000bbc00000| Untracked 
| 232|0x00000000bc000000, 0x00000000bc400000, 0x00000000bc400000|100%| O|  |TAMS 0x00000000bc400000, 0x00000000bc000000| Untracked 
| 233|0x00000000bc400000, 0x00000000bc800000, 0x00000000bc800000|100%| O|  |TAMS 0x00000000bc800000, 0x00000000bc400000| Untracked 
| 234|0x00000000bc800000, 0x00000000bcc00000, 0x00000000bcc00000|100%| O|  |TAMS 0x00000000bcc00000, 0x00000000bc800000| Untracked 
| 235|0x00000000bcc00000, 0x00000000bd000000, 0x00000000bd000000|100%| O|  |TAMS 0x00000000bd000000, 0x00000000bcc00000| Untracked 
| 236|0x00000000bd000000, 0x00000000bd400000, 0x00000000bd400000|100%| O|  |TAMS 0x00000000bd400000, 0x00000000bd000000| Untracked 
| 237|0x00000000bd400000, 0x00000000bd800000, 0x00000000bd800000|100%| O|  |TAMS 0x00000000bd800000, 0x00000000bd400000| Untracked 
| 238|0x00000000bd800000, 0x00000000bdc00000, 0x00000000bdc00000|100%| O|  |TAMS 0x00000000bdc00000, 0x00000000bd800000| Untracked 
| 239|0x00000000bdc00000, 0x00000000be000000, 0x00000000be000000|100%| O|  |TAMS 0x00000000be000000, 0x00000000bdc00000| Untracked 
| 240|0x00000000be000000, 0x00000000be400000, 0x00000000be400000|100%| O|  |TAMS 0x00000000be400000, 0x00000000be000000| Untracked 
| 241|0x00000000be400000, 0x00000000be800000, 0x00000000be800000|100%| O|  |TAMS 0x00000000be800000, 0x00000000be400000| Untracked 
| 242|0x00000000be800000, 0x00000000bec00000, 0x00000000bec00000|100%| O|  |TAMS 0x00000000bec00000, 0x00000000be800000| Untracked 
| 243|0x00000000bec00000, 0x00000000bf000000, 0x00000000bf000000|100%| O|  |TAMS 0x00000000bf000000, 0x00000000bec00000| Untracked 
| 244|0x00000000bf000000, 0x00000000bf400000, 0x00000000bf400000|100%| O|  |TAMS 0x00000000bf400000, 0x00000000bf000000| Untracked 
| 245|0x00000000bf400000, 0x00000000bf800000, 0x00000000bf800000|100%| O|  |TAMS 0x00000000bf800000, 0x00000000bf400000| Untracked 
| 246|0x00000000bf800000, 0x00000000bfc00000, 0x00000000bfc00000|100%| O|  |TAMS 0x00000000bfc00000, 0x00000000bf800000| Untracked 
| 247|0x00000000bfc00000, 0x00000000c0000000, 0x00000000c0000000|100%| O|  |TAMS 0x00000000c0000000, 0x00000000bfc00000| Untracked 
| 248|0x00000000c0000000, 0x00000000c0400000, 0x00000000c0400000|100%| O|  |TAMS 0x00000000c0400000, 0x00000000c0000000| Untracked 
| 249|0x00000000c0400000, 0x00000000c0800000, 0x00000000c0800000|100%| O|  |TAMS 0x00000000c0800000, 0x00000000c0400000| Untracked 
| 250|0x00000000c0800000, 0x00000000c0c00000, 0x00000000c0c00000|100%| O|  |TAMS 0x00000000c0c00000, 0x00000000c0800000| Untracked 
| 251|0x00000000c0c00000, 0x00000000c1000000, 0x00000000c1000000|100%| O|  |TAMS 0x00000000c1000000, 0x00000000c0c00000| Untracked 
| 252|0x00000000c1000000, 0x00000000c1400000, 0x00000000c1400000|100%| O|  |TAMS 0x00000000c1400000, 0x00000000c1000000| Untracked 
| 253|0x00000000c1400000, 0x00000000c1800000, 0x00000000c1800000|100%| O|  |TAMS 0x00000000c1800000, 0x00000000c1400000| Untracked 
| 254|0x00000000c1800000, 0x00000000c1c00000, 0x00000000c1c00000|100%| O|  |TAMS 0x00000000c1c00000, 0x00000000c1800000| Untracked 
| 255|0x00000000c1c00000, 0x00000000c2000000, 0x00000000c2000000|100%| O|  |TAMS 0x00000000c2000000, 0x00000000c1c00000| Untracked 
| 256|0x00000000c2000000, 0x00000000c2400000, 0x00000000c2400000|100%| O|  |TAMS 0x00000000c2400000, 0x00000000c2000000| Untracked 
| 257|0x00000000c2400000, 0x00000000c2800000, 0x00000000c2800000|100%| O|  |TAMS 0x00000000c2800000, 0x00000000c2400000| Untracked 
| 258|0x00000000c2800000, 0x00000000c2c00000, 0x00000000c2c00000|100%| O|  |TAMS 0x00000000c2c00000, 0x00000000c2800000| Untracked 
| 259|0x00000000c2c00000, 0x00000000c3000000, 0x00000000c3000000|100%| O|  |TAMS 0x00000000c3000000, 0x00000000c2c00000| Untracked 
| 260|0x00000000c3000000, 0x00000000c3400000, 0x00000000c3400000|100%| O|  |TAMS 0x00000000c3400000, 0x00000000c3000000| Untracked 
| 261|0x00000000c3400000, 0x00000000c3800000, 0x00000000c3800000|100%| O|  |TAMS 0x00000000c3800000, 0x00000000c3400000| Untracked 
| 262|0x00000000c3800000, 0x00000000c3c00000, 0x00000000c3c00000|100%| O|  |TAMS 0x00000000c3c00000, 0x00000000c3800000| Untracked 
| 263|0x00000000c3c00000, 0x00000000c4000000, 0x00000000c4000000|100%| O|  |TAMS 0x00000000c4000000, 0x00000000c3c00000| Untracked 
| 264|0x00000000c4000000, 0x00000000c4400000, 0x00000000c4400000|100%| O|  |TAMS 0x00000000c4400000, 0x00000000c4000000| Untracked 
| 265|0x00000000c4400000, 0x00000000c4800000, 0x00000000c4800000|100%| O|  |TAMS 0x00000000c4800000, 0x00000000c4400000| Untracked 
| 266|0x00000000c4800000, 0x00000000c4c00000, 0x00000000c4c00000|100%| O|  |TAMS 0x00000000c4c00000, 0x00000000c4800000| Untracked 
| 267|0x00000000c4c00000, 0x00000000c5000000, 0x00000000c5000000|100%| O|  |TAMS 0x00000000c5000000, 0x00000000c4c00000| Untracked 
| 268|0x00000000c5000000, 0x00000000c5400000, 0x00000000c5400000|100%| O|  |TAMS 0x00000000c5400000, 0x00000000c5000000| Untracked 
| 269|0x00000000c5400000, 0x00000000c5800000, 0x00000000c5800000|100%| O|  |TAMS 0x00000000c5800000, 0x00000000c5400000| Untracked 
| 270|0x00000000c5800000, 0x00000000c5c00000, 0x00000000c5c00000|100%| O|  |TAMS 0x00000000c5c00000, 0x00000000c5800000| Untracked 
| 271|0x00000000c5c00000, 0x00000000c6000000, 0x00000000c6000000|100%| O|  |TAMS 0x00000000c6000000, 0x00000000c5c00000| Untracked 
| 272|0x00000000c6000000, 0x00000000c6400000, 0x00000000c6400000|100%| O|  |TAMS 0x00000000c6400000, 0x00000000c6000000| Untracked 
| 273|0x00000000c6400000, 0x00000000c6800000, 0x00000000c6800000|100%| O|  |TAMS 0x00000000c6800000, 0x00000000c6400000| Untracked 
| 274|0x00000000c6800000, 0x00000000c6c00000, 0x00000000c6c00000|100%| O|  |TAMS 0x00000000c6c00000, 0x00000000c6800000| Untracked 
| 275|0x00000000c6c00000, 0x00000000c7000000, 0x00000000c7000000|100%| O|  |TAMS 0x00000000c7000000, 0x00000000c6c00000| Untracked 
| 276|0x00000000c7000000, 0x00000000c7400000, 0x00000000c7400000|100%| O|  |TAMS 0x00000000c7400000, 0x00000000c7000000| Untracked 
| 277|0x00000000c7400000, 0x00000000c7800000, 0x00000000c7800000|100%| O|  |TAMS 0x00000000c7800000, 0x00000000c7400000| Untracked 
| 278|0x00000000c7800000, 0x00000000c7c00000, 0x00000000c7c00000|100%| O|  |TAMS 0x00000000c7c00000, 0x00000000c7800000| Untracked 
| 279|0x00000000c7c00000, 0x00000000c8000000, 0x00000000c8000000|100%| O|  |TAMS 0x00000000c8000000, 0x00000000c7c00000| Untracked 
| 280|0x00000000c8000000, 0x00000000c8400000, 0x00000000c8400000|100%| O|  |TAMS 0x00000000c8400000, 0x00000000c8000000| Untracked 
| 281|0x00000000c8400000, 0x00000000c8800000, 0x00000000c8800000|100%| O|  |TAMS 0x00000000c8800000, 0x00000000c8400000| Untracked 
| 282|0x00000000c8800000, 0x00000000c8c00000, 0x00000000c8c00000|100%| O|  |TAMS 0x00000000c8c00000, 0x00000000c8800000| Untracked 
| 283|0x00000000c8c00000, 0x00000000c9000000, 0x00000000c9000000|100%| O|  |TAMS 0x00000000c9000000, 0x00000000c8c00000| Untracked 
| 284|0x00000000c9000000, 0x00000000c9400000, 0x00000000c9400000|100%| O|  |TAMS 0x00000000c9400000, 0x00000000c9000000| Untracked 
| 285|0x00000000c9400000, 0x00000000c9800000, 0x00000000c9800000|100%| O|  |TAMS 0x00000000c9800000, 0x00000000c9400000| Untracked 
| 286|0x00000000c9800000, 0x00000000c9c00000, 0x00000000c9c00000|100%| O|  |TAMS 0x00000000c9c00000, 0x00000000c9800000| Untracked 
| 287|0x00000000c9c00000, 0x00000000ca000000, 0x00000000ca000000|100%| O|  |TAMS 0x00000000ca000000, 0x00000000c9c00000| Untracked 
| 288|0x00000000ca000000, 0x00000000ca400000, 0x00000000ca400000|100%| O|  |TAMS 0x00000000ca400000, 0x00000000ca000000| Untracked 
| 289|0x00000000ca400000, 0x00000000ca800000, 0x00000000ca800000|100%| O|  |TAMS 0x00000000ca800000, 0x00000000ca400000| Untracked 
| 290|0x00000000ca800000, 0x00000000cac00000, 0x00000000cac00000|100%| O|  |TAMS 0x00000000cac00000, 0x00000000ca800000| Untracked 
| 291|0x00000000cac00000, 0x00000000cb000000, 0x00000000cb000000|100%| O|  |TAMS 0x00000000cb000000, 0x00000000cac00000| Untracked 
| 292|0x00000000cb000000, 0x00000000cb400000, 0x00000000cb400000|100%| O|  |TAMS 0x00000000cb400000, 0x00000000cb000000| Untracked 
| 293|0x00000000cb400000, 0x00000000cb800000, 0x00000000cb800000|100%| O|  |TAMS 0x00000000cb800000, 0x00000000cb400000| Untracked 
| 294|0x00000000cb800000, 0x00000000cbc00000, 0x00000000cbc00000|100%| O|  |TAMS 0x00000000cbc00000, 0x00000000cb800000| Untracked 
| 295|0x00000000cbc00000, 0x00000000cc000000, 0x00000000cc000000|100%| O|  |TAMS 0x00000000cc000000, 0x00000000cbc00000| Untracked 
| 296|0x00000000cc000000, 0x00000000cc400000, 0x00000000cc400000|100%| O|  |TAMS 0x00000000cc400000, 0x00000000cc000000| Untracked 
| 297|0x00000000cc400000, 0x00000000cc800000, 0x00000000cc800000|100%| O|  |TAMS 0x00000000cc800000, 0x00000000cc400000| Untracked 
| 298|0x00000000cc800000, 0x00000000ccc00000, 0x00000000ccc00000|100%| O|  |TAMS 0x00000000ccc00000, 0x00000000cc800000| Untracked 
| 299|0x00000000ccc00000, 0x00000000cd000000, 0x00000000cd000000|100%| O|  |TAMS 0x00000000cd000000, 0x00000000ccc00000| Untracked 
| 300|0x00000000cd000000, 0x00000000cd400000, 0x00000000cd400000|100%| O|  |TAMS 0x00000000cd400000, 0x00000000cd000000| Untracked 
| 301|0x00000000cd400000, 0x00000000cd800000, 0x00000000cd800000|100%| O|  |TAMS 0x00000000cd800000, 0x00000000cd400000| Untracked 
| 302|0x00000000cd800000, 0x00000000cdc00000, 0x00000000cdc00000|100%| O|  |TAMS 0x00000000cdc00000, 0x00000000cd800000| Untracked 
| 303|0x00000000cdc00000, 0x00000000ce000000, 0x00000000ce000000|100%| O|  |TAMS 0x00000000ce000000, 0x00000000cdc00000| Untracked 
| 304|0x00000000ce000000, 0x00000000ce400000, 0x00000000ce400000|100%| O|  |TAMS 0x00000000ce400000, 0x00000000ce000000| Untracked 
| 305|0x00000000ce400000, 0x00000000ce800000, 0x00000000ce800000|100%| O|  |TAMS 0x00000000ce800000, 0x00000000ce400000| Untracked 
| 306|0x00000000ce800000, 0x00000000cec00000, 0x00000000cec00000|100%| O|  |TAMS 0x00000000cec00000, 0x00000000ce800000| Untracked 
| 307|0x00000000cec00000, 0x00000000cf000000, 0x00000000cf000000|100%| O|  |TAMS 0x00000000cf000000, 0x00000000cec00000| Untracked 
| 308|0x00000000cf000000, 0x00000000cf400000, 0x00000000cf400000|100%| O|  |TAMS 0x00000000cf400000, 0x00000000cf000000| Untracked 
| 309|0x00000000cf400000, 0x00000000cf800000, 0x00000000cf800000|100%| O|  |TAMS 0x00000000cf800000, 0x00000000cf400000| Untracked 
| 310|0x00000000cf800000, 0x00000000cfc00000, 0x00000000cfc00000|100%| O|  |TAMS 0x00000000cfc00000, 0x00000000cf800000| Untracked 
| 311|0x00000000cfc00000, 0x00000000d0000000, 0x00000000d0000000|100%| O|  |TAMS 0x00000000d0000000, 0x00000000cfc00000| Untracked 
| 312|0x00000000d0000000, 0x00000000d0400000, 0x00000000d0400000|100%| O|  |TAMS 0x00000000d0400000, 0x00000000d0000000| Untracked 
| 313|0x00000000d0400000, 0x00000000d0800000, 0x00000000d0800000|100%| O|  |TAMS 0x00000000d0800000, 0x00000000d0400000| Untracked 
| 314|0x00000000d0800000, 0x00000000d0c00000, 0x00000000d0c00000|100%| O|  |TAMS 0x00000000d0c00000, 0x00000000d0800000| Untracked 
| 315|0x00000000d0c00000, 0x00000000d1000000, 0x00000000d1000000|100%| O|  |TAMS 0x00000000d1000000, 0x00000000d0c00000| Untracked 
| 316|0x00000000d1000000, 0x00000000d1400000, 0x00000000d1400000|100%| O|  |TAMS 0x00000000d1400000, 0x00000000d1000000| Untracked 
| 317|0x00000000d1400000, 0x00000000d1800000, 0x00000000d1800000|100%| O|  |TAMS 0x00000000d1800000, 0x00000000d1400000| Untracked 
| 318|0x00000000d1800000, 0x00000000d1c00000, 0x00000000d1c00000|100%| O|  |TAMS 0x00000000d1c00000, 0x00000000d1800000| Untracked 
| 319|0x00000000d1c00000, 0x00000000d2000000, 0x00000000d2000000|100%| O|  |TAMS 0x00000000d2000000, 0x00000000d1c00000| Untracked 
| 320|0x00000000d2000000, 0x00000000d2400000, 0x00000000d2400000|100%| O|  |TAMS 0x00000000d2400000, 0x00000000d2000000| Untracked 
| 321|0x00000000d2400000, 0x00000000d2800000, 0x00000000d2800000|100%| O|  |TAMS 0x00000000d2800000, 0x00000000d2400000| Untracked 
| 322|0x00000000d2800000, 0x00000000d2c00000, 0x00000000d2c00000|100%| O|  |TAMS 0x00000000d2c00000, 0x00000000d2800000| Untracked 
| 323|0x00000000d2c00000, 0x00000000d3000000, 0x00000000d3000000|100%| O|  |TAMS 0x00000000d3000000, 0x00000000d2c00000| Untracked 
| 324|0x00000000d3000000, 0x00000000d3400000, 0x00000000d3400000|100%| O|  |TAMS 0x00000000d3400000, 0x00000000d3000000| Untracked 
| 325|0x00000000d3400000, 0x00000000d3800000, 0x00000000d3800000|100%| O|  |TAMS 0x00000000d3800000, 0x00000000d3400000| Untracked 
| 326|0x00000000d3800000, 0x00000000d3c00000, 0x00000000d3c00000|100%| O|  |TAMS 0x00000000d3c00000, 0x00000000d3800000| Untracked 
| 327|0x00000000d3c00000, 0x00000000d4000000, 0x00000000d4000000|100%| O|  |TAMS 0x00000000d4000000, 0x00000000d3c00000| Untracked 
| 328|0x00000000d4000000, 0x00000000d4400000, 0x00000000d4400000|100%| O|  |TAMS 0x00000000d4400000, 0x00000000d4000000| Untracked 
| 329|0x00000000d4400000, 0x00000000d4800000, 0x00000000d4800000|100%| O|  |TAMS 0x00000000d4800000, 0x00000000d4400000| Untracked 
| 330|0x00000000d4800000, 0x00000000d4c00000, 0x00000000d4c00000|100%| O|  |TAMS 0x00000000d4c00000, 0x00000000d4800000| Untracked 
| 331|0x00000000d4c00000, 0x00000000d5000000, 0x00000000d5000000|100%| O|  |TAMS 0x00000000d5000000, 0x00000000d4c00000| Untracked 
| 332|0x00000000d5000000, 0x00000000d5400000, 0x00000000d5400000|100%| O|  |TAMS 0x00000000d5400000, 0x00000000d5000000| Untracked 
| 333|0x00000000d5400000, 0x00000000d5800000, 0x00000000d5800000|100%| O|  |TAMS 0x00000000d5800000, 0x00000000d5400000| Untracked 
| 334|0x00000000d5800000, 0x00000000d5c00000, 0x00000000d5c00000|100%| O|  |TAMS 0x00000000d5c00000, 0x00000000d5800000| Untracked 
| 335|0x00000000d5c00000, 0x00000000d6000000, 0x00000000d6000000|100%| O|  |TAMS 0x00000000d6000000, 0x00000000d5c00000| Untracked 
| 336|0x00000000d6000000, 0x00000000d6400000, 0x00000000d6400000|100%| O|  |TAMS 0x00000000d6400000, 0x00000000d6000000| Untracked 
| 337|0x00000000d6400000, 0x00000000d6800000, 0x00000000d6800000|100%| O|  |TAMS 0x00000000d6800000, 0x00000000d6400000| Untracked 
| 338|0x00000000d6800000, 0x00000000d6c00000, 0x00000000d6c00000|100%| O|  |TAMS 0x00000000d6c00000, 0x00000000d6800000| Untracked 
| 339|0x00000000d6c00000, 0x00000000d7000000, 0x00000000d7000000|100%| O|  |TAMS 0x00000000d7000000, 0x00000000d6c00000| Untracked 
| 340|0x00000000d7000000, 0x00000000d7400000, 0x00000000d7400000|100%| O|  |TAMS 0x00000000d7400000, 0x00000000d7000000| Untracked 
| 341|0x00000000d7400000, 0x00000000d7800000, 0x00000000d7800000|100%| O|  |TAMS 0x00000000d7800000, 0x00000000d7400000| Untracked 
| 342|0x00000000d7800000, 0x00000000d7c00000, 0x00000000d7c00000|100%| O|  |TAMS 0x00000000d7c00000, 0x00000000d7800000| Untracked 
| 343|0x00000000d7c00000, 0x00000000d8000000, 0x00000000d8000000|100%| O|  |TAMS 0x00000000d8000000, 0x00000000d7c00000| Untracked 
| 344|0x00000000d8000000, 0x00000000d8400000, 0x00000000d8400000|100%| O|  |TAMS 0x00000000d8400000, 0x00000000d8000000| Untracked 
| 345|0x00000000d8400000, 0x00000000d8800000, 0x00000000d8800000|100%| O|  |TAMS 0x00000000d8800000, 0x00000000d8400000| Untracked 
| 346|0x00000000d8800000, 0x00000000d8c00000, 0x00000000d8c00000|100%| O|  |TAMS 0x00000000d8c00000, 0x00000000d8800000| Untracked 
| 347|0x00000000d8c00000, 0x00000000d9000000, 0x00000000d9000000|100%| O|  |TAMS 0x00000000d9000000, 0x00000000d8c00000| Untracked 
| 348|0x00000000d9000000, 0x00000000d9400000, 0x00000000d9400000|100%| O|  |TAMS 0x00000000d9400000, 0x00000000d9000000| Untracked 
| 349|0x00000000d9400000, 0x00000000d9800000, 0x00000000d9800000|100%| O|  |TAMS 0x00000000d9800000, 0x00000000d9400000| Untracked 
| 350|0x00000000d9800000, 0x00000000d9c00000, 0x00000000d9c00000|100%| O|  |TAMS 0x00000000d9c00000, 0x00000000d9800000| Untracked 
| 351|0x00000000d9c00000, 0x00000000da000000, 0x00000000da000000|100%| O|  |TAMS 0x00000000da000000, 0x00000000d9c00000| Untracked 
| 352|0x00000000da000000, 0x00000000da400000, 0x00000000da400000|100%| O|  |TAMS 0x00000000da400000, 0x00000000da000000| Untracked 
| 353|0x00000000da400000, 0x00000000da800000, 0x00000000da800000|100%| O|  |TAMS 0x00000000da800000, 0x00000000da400000| Untracked 
| 354|0x00000000da800000, 0x00000000dac00000, 0x00000000dac00000|100%| O|  |TAMS 0x00000000dac00000, 0x00000000da800000| Untracked 
| 355|0x00000000dac00000, 0x00000000db000000, 0x00000000db000000|100%| O|  |TAMS 0x00000000db000000, 0x00000000dac00000| Untracked 
| 356|0x00000000db000000, 0x00000000db400000, 0x00000000db400000|100%| O|  |TAMS 0x00000000db400000, 0x00000000db000000| Untracked 
| 357|0x00000000db400000, 0x00000000db800000, 0x00000000db800000|100%| O|  |TAMS 0x00000000db800000, 0x00000000db400000| Untracked 
| 358|0x00000000db800000, 0x00000000dbc00000, 0x00000000dbc00000|100%| O|  |TAMS 0x00000000dbc00000, 0x00000000db800000| Untracked 
| 359|0x00000000dbc00000, 0x00000000dc000000, 0x00000000dc000000|100%| O|  |TAMS 0x00000000dc000000, 0x00000000dbc00000| Untracked 
| 360|0x00000000dc000000, 0x00000000dc400000, 0x00000000dc400000|100%| O|  |TAMS 0x00000000dc400000, 0x00000000dc000000| Untracked 
| 361|0x00000000dc400000, 0x00000000dc800000, 0x00000000dc800000|100%| O|  |TAMS 0x00000000dc800000, 0x00000000dc400000| Untracked 
| 362|0x00000000dc800000, 0x00000000dcc00000, 0x00000000dcc00000|100%| O|  |TAMS 0x00000000dcc00000, 0x00000000dc800000| Untracked 
| 363|0x00000000dcc00000, 0x00000000dd000000, 0x00000000dd000000|100%| O|  |TAMS 0x00000000dd000000, 0x00000000dcc00000| Untracked 
| 364|0x00000000dd000000, 0x00000000dd400000, 0x00000000dd400000|100%| O|  |TAMS 0x00000000dd400000, 0x00000000dd000000| Untracked 
| 365|0x00000000dd400000, 0x00000000dd800000, 0x00000000dd800000|100%| O|  |TAMS 0x00000000dd800000, 0x00000000dd400000| Untracked 
| 366|0x00000000dd800000, 0x00000000ddc00000, 0x00000000ddc00000|100%| O|  |TAMS 0x00000000ddc00000, 0x00000000dd800000| Untracked 
| 367|0x00000000ddc00000, 0x00000000de000000, 0x00000000de000000|100%| O|  |TAMS 0x00000000de000000, 0x00000000ddc00000| Untracked 
| 368|0x00000000de000000, 0x00000000de400000, 0x00000000de400000|100%| O|  |TAMS 0x00000000de400000, 0x00000000de000000| Untracked 
| 369|0x00000000de400000, 0x00000000de800000, 0x00000000de800000|100%| O|  |TAMS 0x00000000de800000, 0x00000000de400000| Untracked 
| 370|0x00000000de800000, 0x00000000dec00000, 0x00000000dec00000|100%| O|  |TAMS 0x00000000dec00000, 0x00000000de800000| Untracked 
| 371|0x00000000dec00000, 0x00000000df000000, 0x00000000df000000|100%| O|  |TAMS 0x00000000df000000, 0x00000000dec00000| Untracked 
| 372|0x00000000df000000, 0x00000000df400000, 0x00000000df400000|100%| O|  |TAMS 0x00000000df400000, 0x00000000df000000| Untracked 
| 373|0x00000000df400000, 0x00000000df800000, 0x00000000df800000|100%| O|  |TAMS 0x00000000df800000, 0x00000000df400000| Untracked 
| 374|0x00000000df800000, 0x00000000dfc00000, 0x00000000dfc00000|100%| O|  |TAMS 0x00000000dfc00000, 0x00000000df800000| Untracked 
| 375|0x00000000dfc00000, 0x00000000e0000000, 0x00000000e0000000|100%| O|  |TAMS 0x00000000e0000000, 0x00000000dfc00000| Untracked 
| 376|0x00000000e0000000, 0x00000000e0400000, 0x00000000e0400000|100%| O|  |TAMS 0x00000000e0400000, 0x00000000e0000000| Untracked 
| 377|0x00000000e0400000, 0x00000000e0800000, 0x00000000e0800000|100%| O|  |TAMS 0x00000000e0800000, 0x00000000e0400000| Untracked 
| 378|0x00000000e0800000, 0x00000000e0c00000, 0x00000000e0c00000|100%| O|  |TAMS 0x00000000e0c00000, 0x00000000e0800000| Untracked 
| 379|0x00000000e0c00000, 0x00000000e1000000, 0x00000000e1000000|100%| O|  |TAMS 0x00000000e1000000, 0x00000000e0c00000| Untracked 
| 380|0x00000000e1000000, 0x00000000e1400000, 0x00000000e1400000|100%| O|  |TAMS 0x00000000e1400000, 0x00000000e1000000| Untracked 
| 381|0x00000000e1400000, 0x00000000e1800000, 0x00000000e1800000|100%| O|  |TAMS 0x00000000e1800000, 0x00000000e1400000| Untracked 
| 382|0x00000000e1800000, 0x00000000e1c00000, 0x00000000e1c00000|100%| O|  |TAMS 0x00000000e1c00000, 0x00000000e1800000| Untracked 
| 383|0x00000000e1c00000, 0x00000000e2000000, 0x00000000e2000000|100%| O|  |TAMS 0x00000000e2000000, 0x00000000e1c00000| Untracked 
| 384|0x00000000e2000000, 0x00000000e2400000, 0x00000000e2400000|100%| O|  |TAMS 0x00000000e2400000, 0x00000000e2000000| Untracked 
| 385|0x00000000e2400000, 0x00000000e2800000, 0x00000000e2800000|100%| O|  |TAMS 0x00000000e2800000, 0x00000000e2400000| Untracked 
| 386|0x00000000e2800000, 0x00000000e2c00000, 0x00000000e2c00000|100%| O|  |TAMS 0x00000000e2c00000, 0x00000000e2800000| Untracked 
| 387|0x00000000e2c00000, 0x00000000e3000000, 0x00000000e3000000|100%| O|  |TAMS 0x00000000e3000000, 0x00000000e2c00000| Untracked 
| 388|0x00000000e3000000, 0x00000000e3400000, 0x00000000e3400000|100%| O|  |TAMS 0x00000000e3400000, 0x00000000e3000000| Untracked 
| 389|0x00000000e3400000, 0x00000000e3800000, 0x00000000e3800000|100%| O|  |TAMS 0x00000000e3800000, 0x00000000e3400000| Untracked 
| 390|0x00000000e3800000, 0x00000000e3c00000, 0x00000000e3c00000|100%| O|  |TAMS 0x00000000e3c00000, 0x00000000e3800000| Untracked 
| 391|0x00000000e3c00000, 0x00000000e4000000, 0x00000000e4000000|100%| O|  |TAMS 0x00000000e4000000, 0x00000000e3c00000| Untracked 
| 392|0x00000000e4000000, 0x00000000e4400000, 0x00000000e4400000|100%| O|  |TAMS 0x00000000e4400000, 0x00000000e4000000| Untracked 
| 393|0x00000000e4400000, 0x00000000e4800000, 0x00000000e4800000|100%| O|  |TAMS 0x00000000e4800000, 0x00000000e4400000| Untracked 
| 394|0x00000000e4800000, 0x00000000e4c00000, 0x00000000e4c00000|100%| O|  |TAMS 0x00000000e4c00000, 0x00000000e4800000| Untracked 
| 395|0x00000000e4c00000, 0x00000000e5000000, 0x00000000e5000000|100%| O|  |TAMS 0x00000000e5000000, 0x00000000e4c00000| Untracked 
| 396|0x00000000e5000000, 0x00000000e5400000, 0x00000000e5400000|100%| O|  |TAMS 0x00000000e5400000, 0x00000000e5000000| Untracked 
| 397|0x00000000e5400000, 0x00000000e5800000, 0x00000000e5800000|100%| O|  |TAMS 0x00000000e5800000, 0x00000000e5400000| Untracked 
| 398|0x00000000e5800000, 0x00000000e5c00000, 0x00000000e5c00000|100%| O|  |TAMS 0x00000000e5c00000, 0x00000000e5800000| Untracked 
| 399|0x00000000e5c00000, 0x00000000e6000000, 0x00000000e6000000|100%| O|  |TAMS 0x00000000e6000000, 0x00000000e5c00000| Untracked 
| 400|0x00000000e6000000, 0x00000000e6400000, 0x00000000e6400000|100%| O|  |TAMS 0x00000000e6400000, 0x00000000e6000000| Untracked 
| 401|0x00000000e6400000, 0x00000000e6800000, 0x00000000e6800000|100%| O|  |TAMS 0x00000000e6800000, 0x00000000e6400000| Untracked 
| 402|0x00000000e6800000, 0x00000000e6c00000, 0x00000000e6c00000|100%| O|  |TAMS 0x00000000e6c00000, 0x00000000e6800000| Untracked 
| 403|0x00000000e6c00000, 0x00000000e7000000, 0x00000000e7000000|100%| O|  |TAMS 0x00000000e7000000, 0x00000000e6c00000| Untracked 
| 404|0x00000000e7000000, 0x00000000e7400000, 0x00000000e7400000|100%| O|  |TAMS 0x00000000e7400000, 0x00000000e7000000| Untracked 
| 405|0x00000000e7400000, 0x00000000e7800000, 0x00000000e7800000|100%| O|  |TAMS 0x00000000e7800000, 0x00000000e7400000| Untracked 
| 406|0x00000000e7800000, 0x00000000e7c00000, 0x00000000e7c00000|100%| O|  |TAMS 0x00000000e7c00000, 0x00000000e7800000| Untracked 
| 407|0x00000000e7c00000, 0x00000000e8000000, 0x00000000e8000000|100%| O|  |TAMS 0x00000000e8000000, 0x00000000e7c00000| Untracked 
| 408|0x00000000e8000000, 0x00000000e8400000, 0x00000000e8400000|100%| O|  |TAMS 0x00000000e8400000, 0x00000000e8000000| Untracked 
| 409|0x00000000e8400000, 0x00000000e8800000, 0x00000000e8800000|100%| O|  |TAMS 0x00000000e8800000, 0x00000000e8400000| Untracked 
| 410|0x00000000e8800000, 0x00000000e8c00000, 0x00000000e8c00000|100%| O|  |TAMS 0x00000000e8c00000, 0x00000000e8800000| Untracked 
| 411|0x00000000e8c00000, 0x00000000e9000000, 0x00000000e9000000|100%| O|  |TAMS 0x00000000e9000000, 0x00000000e8c00000| Untracked 
| 412|0x00000000e9000000, 0x00000000e9400000, 0x00000000e9400000|100%| O|  |TAMS 0x00000000e9400000, 0x00000000e9000000| Untracked 
| 413|0x00000000e9400000, 0x00000000e9800000, 0x00000000e9800000|100%| O|  |TAMS 0x00000000e9800000, 0x00000000e9400000| Untracked 
| 414|0x00000000e9800000, 0x00000000e9c00000, 0x00000000e9c00000|100%| O|  |TAMS 0x00000000e9c00000, 0x00000000e9800000| Untracked 
| 415|0x00000000e9c00000, 0x00000000ea000000, 0x00000000ea000000|100%| O|  |TAMS 0x00000000ea000000, 0x00000000e9c00000| Untracked 
| 416|0x00000000ea000000, 0x00000000ea400000, 0x00000000ea400000|100%| O|  |TAMS 0x00000000ea400000, 0x00000000ea000000| Untracked 
| 417|0x00000000ea400000, 0x00000000ea800000, 0x00000000ea800000|100%| O|  |TAMS 0x00000000ea800000, 0x00000000ea400000| Untracked 
| 418|0x00000000ea800000, 0x00000000eac00000, 0x00000000eac00000|100%| O|  |TAMS 0x00000000eac00000, 0x00000000ea800000| Untracked 
| 419|0x00000000eac00000, 0x00000000eb000000, 0x00000000eb000000|100%| O|  |TAMS 0x00000000eb000000, 0x00000000eac00000| Untracked 
| 420|0x00000000eb000000, 0x00000000eb400000, 0x00000000eb400000|100%| O|  |TAMS 0x00000000eb400000, 0x00000000eb000000| Untracked 
| 421|0x00000000eb400000, 0x00000000eb800000, 0x00000000eb800000|100%| O|  |TAMS 0x00000000eb800000, 0x00000000eb400000| Untracked 
| 422|0x00000000eb800000, 0x00000000ebc00000, 0x00000000ebc00000|100%| O|  |TAMS 0x00000000ebc00000, 0x00000000eb800000| Untracked 
| 423|0x00000000ebc00000, 0x00000000ec000000, 0x00000000ec000000|100%| O|  |TAMS 0x00000000ec000000, 0x00000000ebc00000| Untracked 
| 424|0x00000000ec000000, 0x00000000ec400000, 0x00000000ec400000|100%| O|  |TAMS 0x00000000ec400000, 0x00000000ec000000| Untracked 
| 425|0x00000000ec400000, 0x00000000ec800000, 0x00000000ec800000|100%| O|  |TAMS 0x00000000ec800000, 0x00000000ec400000| Untracked 
| 426|0x00000000ec800000, 0x00000000ecc00000, 0x00000000ecc00000|100%| O|  |TAMS 0x00000000ecc00000, 0x00000000ec800000| Untracked 
| 427|0x00000000ecc00000, 0x00000000ed000000, 0x00000000ed000000|100%| O|  |TAMS 0x00000000ed000000, 0x00000000ecc00000| Untracked 
| 428|0x00000000ed000000, 0x00000000ed400000, 0x00000000ed400000|100%| O|  |TAMS 0x00000000ed400000, 0x00000000ed000000| Untracked 
| 429|0x00000000ed400000, 0x00000000ed800000, 0x00000000ed800000|100%| O|  |TAMS 0x00000000ed800000, 0x00000000ed400000| Untracked 
| 430|0x00000000ed800000, 0x00000000edc00000, 0x00000000edc00000|100%| O|  |TAMS 0x00000000edc00000, 0x00000000ed800000| Untracked 
| 431|0x00000000edc00000, 0x00000000ee000000, 0x00000000ee000000|100%| O|  |TAMS 0x00000000ee000000, 0x00000000edc00000| Untracked 
| 432|0x00000000ee000000, 0x00000000ee400000, 0x00000000ee400000|100%| O|  |TAMS 0x00000000ee400000, 0x00000000ee000000| Untracked 
| 433|0x00000000ee400000, 0x00000000ee800000, 0x00000000ee800000|100%| O|  |TAMS 0x00000000ee800000, 0x00000000ee400000| Untracked 
| 434|0x00000000ee800000, 0x00000000eec00000, 0x00000000eec00000|100%| O|  |TAMS 0x00000000eec00000, 0x00000000ee800000| Untracked 
| 435|0x00000000eec00000, 0x00000000ef000000, 0x00000000ef000000|100%| O|  |TAMS 0x00000000ef000000, 0x00000000eec00000| Untracked 
| 436|0x00000000ef000000, 0x00000000ef400000, 0x00000000ef400000|100%| O|  |TAMS 0x00000000ef400000, 0x00000000ef000000| Untracked 
| 437|0x00000000ef400000, 0x00000000ef800000, 0x00000000ef800000|100%| O|  |TAMS 0x00000000ef800000, 0x00000000ef400000| Untracked 
| 438|0x00000000ef800000, 0x00000000efc00000, 0x00000000efc00000|100%| O|  |TAMS 0x00000000efc00000, 0x00000000ef800000| Untracked 
| 439|0x00000000efc00000, 0x00000000f0000000, 0x00000000f0000000|100%| O|  |TAMS 0x00000000f0000000, 0x00000000efc00000| Untracked 
| 440|0x00000000f0000000, 0x00000000f0400000, 0x00000000f0400000|100%| O|  |TAMS 0x00000000f0400000, 0x00000000f0000000| Untracked 
| 441|0x00000000f0400000, 0x00000000f0800000, 0x00000000f0800000|100%| O|  |TAMS 0x00000000f0800000, 0x00000000f0400000| Untracked 
| 442|0x00000000f0800000, 0x00000000f0c00000, 0x00000000f0c00000|100%| O|  |TAMS 0x00000000f0c00000, 0x00000000f0800000| Untracked 
| 443|0x00000000f0c00000, 0x00000000f1000000, 0x00000000f1000000|100%| O|  |TAMS 0x00000000f1000000, 0x00000000f0c00000| Untracked 
| 444|0x00000000f1000000, 0x00000000f1400000, 0x00000000f1400000|100%| O|  |TAMS 0x00000000f1400000, 0x00000000f1000000| Untracked 
| 445|0x00000000f1400000, 0x00000000f1800000, 0x00000000f1800000|100%| O|  |TAMS 0x00000000f1800000, 0x00000000f1400000| Untracked 
| 446|0x00000000f1800000, 0x00000000f1c00000, 0x00000000f1c00000|100%| O|  |TAMS 0x00000000f1c00000, 0x00000000f1800000| Untracked 
| 447|0x00000000f1c00000, 0x00000000f2000000, 0x00000000f2000000|100%| O|  |TAMS 0x00000000f2000000, 0x00000000f1c00000| Untracked 
| 448|0x00000000f2000000, 0x00000000f2400000, 0x00000000f2400000|100%| O|  |TAMS 0x00000000f2400000, 0x00000000f2000000| Untracked 
| 449|0x00000000f2400000, 0x00000000f2800000, 0x00000000f2800000|100%| O|  |TAMS 0x00000000f2800000, 0x00000000f2400000| Untracked 
| 450|0x00000000f2800000, 0x00000000f2c00000, 0x00000000f2c00000|100%| O|  |TAMS 0x00000000f2c00000, 0x00000000f2800000| Untracked 
| 451|0x00000000f2c00000, 0x00000000f3000000, 0x00000000f3000000|100%| O|  |TAMS 0x00000000f3000000, 0x00000000f2c00000| Untracked 
| 452|0x00000000f3000000, 0x00000000f3400000, 0x00000000f3400000|100%| O|  |TAMS 0x00000000f3400000, 0x00000000f3000000| Untracked 
| 453|0x00000000f3400000, 0x00000000f3800000, 0x00000000f3800000|100%| O|  |TAMS 0x00000000f3800000, 0x00000000f3400000| Untracked 
| 454|0x00000000f3800000, 0x00000000f3c00000, 0x00000000f3c00000|100%| O|  |TAMS 0x00000000f3c00000, 0x00000000f3800000| Untracked 
| 455|0x00000000f3c00000, 0x00000000f4000000, 0x00000000f4000000|100%| O|  |TAMS 0x00000000f4000000, 0x00000000f3c00000| Untracked 
| 456|0x00000000f4000000, 0x00000000f4400000, 0x00000000f4400000|100%| O|  |TAMS 0x00000000f4400000, 0x00000000f4000000| Untracked 
| 457|0x00000000f4400000, 0x00000000f4800000, 0x00000000f4800000|100%| O|  |TAMS 0x00000000f4800000, 0x00000000f4400000| Untracked 
| 458|0x00000000f4800000, 0x00000000f4c00000, 0x00000000f4c00000|100%| O|  |TAMS 0x00000000f4c00000, 0x00000000f4800000| Untracked 
| 459|0x00000000f4c00000, 0x00000000f5000000, 0x00000000f5000000|100%| O|  |TAMS 0x00000000f5000000, 0x00000000f4c00000| Untracked 
| 460|0x00000000f5000000, 0x00000000f5400000, 0x00000000f5400000|100%| O|  |TAMS 0x00000000f5400000, 0x00000000f5000000| Untracked 
| 461|0x00000000f5400000, 0x00000000f5800000, 0x00000000f5800000|100%| O|  |TAMS 0x00000000f5800000, 0x00000000f5400000| Untracked 
| 462|0x00000000f5800000, 0x00000000f5c00000, 0x00000000f5c00000|100%| O|  |TAMS 0x00000000f5c00000, 0x00000000f5800000| Untracked 
| 463|0x00000000f5c00000, 0x00000000f6000000, 0x00000000f6000000|100%| O|  |TAMS 0x00000000f6000000, 0x00000000f5c00000| Untracked 
| 464|0x00000000f6000000, 0x00000000f6400000, 0x00000000f6400000|100%| O|  |TAMS 0x00000000f6400000, 0x00000000f6000000| Untracked 
| 465|0x00000000f6400000, 0x00000000f6800000, 0x00000000f6800000|100%| O|  |TAMS 0x00000000f6800000, 0x00000000f6400000| Untracked 
| 466|0x00000000f6800000, 0x00000000f6c00000, 0x00000000f6c00000|100%| O|  |TAMS 0x00000000f6c00000, 0x00000000f6800000| Untracked 
| 467|0x00000000f6c00000, 0x00000000f7000000, 0x00000000f7000000|100%| O|  |TAMS 0x00000000f7000000, 0x00000000f6c00000| Untracked 
| 468|0x00000000f7000000, 0x00000000f7400000, 0x00000000f7400000|100%| O|  |TAMS 0x00000000f7400000, 0x00000000f7000000| Untracked 
| 469|0x00000000f7400000, 0x00000000f7800000, 0x00000000f7800000|100%| O|  |TAMS 0x00000000f7800000, 0x00000000f7400000| Untracked 
| 470|0x00000000f7800000, 0x00000000f7c00000, 0x00000000f7c00000|100%| O|  |TAMS 0x00000000f7c00000, 0x00000000f7800000| Untracked 
| 471|0x00000000f7c00000, 0x00000000f8000000, 0x00000000f8000000|100%| O|  |TAMS 0x00000000f8000000, 0x00000000f7c00000| Untracked 
| 472|0x00000000f8000000, 0x00000000f8400000, 0x00000000f8400000|100%| O|  |TAMS 0x00000000f8400000, 0x00000000f8000000| Untracked 
| 473|0x00000000f8400000, 0x00000000f8800000, 0x00000000f8800000|100%| O|  |TAMS 0x00000000f8800000, 0x00000000f8400000| Untracked 
| 474|0x00000000f8800000, 0x00000000f8c00000, 0x00000000f8c00000|100%| O|  |TAMS 0x00000000f8c00000, 0x00000000f8800000| Untracked 
| 475|0x00000000f8c00000, 0x00000000f9000000, 0x00000000f9000000|100%| O|  |TAMS 0x00000000f9000000, 0x00000000f8c00000| Untracked 
| 476|0x00000000f9000000, 0x00000000f9400000, 0x00000000f9400000|100%| O|  |TAMS 0x00000000f9400000, 0x00000000f9000000| Untracked 
| 477|0x00000000f9400000, 0x00000000f9800000, 0x00000000f9800000|100%| O|  |TAMS 0x00000000f9800000, 0x00000000f9400000| Untracked 
| 478|0x00000000f9800000, 0x00000000f9c00000, 0x00000000f9c00000|100%| O|  |TAMS 0x00000000f9c00000, 0x00000000f9800000| Untracked 
| 479|0x00000000f9c00000, 0x00000000fa000000, 0x00000000fa000000|100%| O|  |TAMS 0x00000000fa000000, 0x00000000f9c00000| Untracked 
| 480|0x00000000fa000000, 0x00000000fa400000, 0x00000000fa400000|100%| O|  |TAMS 0x00000000fa400000, 0x00000000fa000000| Untracked 
| 481|0x00000000fa400000, 0x00000000fa800000, 0x00000000fa800000|100%| O|  |TAMS 0x00000000fa800000, 0x00000000fa400000| Untracked 
| 482|0x00000000fa800000, 0x00000000fac00000, 0x00000000fac00000|100%| O|  |TAMS 0x00000000fac00000, 0x00000000fa800000| Untracked 
| 483|0x00000000fac00000, 0x00000000fb000000, 0x00000000fb000000|100%| O|  |TAMS 0x00000000fb000000, 0x00000000fac00000| Untracked 
| 484|0x00000000fb000000, 0x00000000fb400000, 0x00000000fb400000|100%| O|  |TAMS 0x00000000fb400000, 0x00000000fb000000| Untracked 
| 485|0x00000000fb400000, 0x00000000fb800000, 0x00000000fb800000|100%| O|  |TAMS 0x00000000fb800000, 0x00000000fb400000| Untracked 
| 486|0x00000000fb800000, 0x00000000fbc00000, 0x00000000fbc00000|100%| O|  |TAMS 0x00000000fbc00000, 0x00000000fb800000| Untracked 
| 487|0x00000000fbc00000, 0x00000000fc000000, 0x00000000fc000000|100%| O|  |TAMS 0x00000000fc000000, 0x00000000fbc00000| Untracked 
| 488|0x00000000fc000000, 0x00000000fc400000, 0x00000000fc400000|100%| O|  |TAMS 0x00000000fc400000, 0x00000000fc000000| Untracked 
| 489|0x00000000fc400000, 0x00000000fc800000, 0x00000000fc800000|100%| O|  |TAMS 0x00000000fc800000, 0x00000000fc400000| Untracked 
| 490|0x00000000fc800000, 0x00000000fcc00000, 0x00000000fcc00000|100%| O|  |TAMS 0x00000000fcc00000, 0x00000000fc800000| Untracked 
| 491|0x00000000fcc00000, 0x00000000fd000000, 0x00000000fd000000|100%| O|  |TAMS 0x00000000fd000000, 0x00000000fcc00000| Untracked 
| 492|0x00000000fd000000, 0x00000000fd400000, 0x00000000fd400000|100%| O|  |TAMS 0x00000000fd400000, 0x00000000fd000000| Untracked 
| 493|0x00000000fd400000, 0x00000000fd800000, 0x00000000fd800000|100%| O|  |TAMS 0x00000000fd800000, 0x00000000fd400000| Untracked 
| 494|0x00000000fd800000, 0x00000000fdc00000, 0x00000000fdc00000|100%| O|  |TAMS 0x00000000fdc00000, 0x00000000fd800000| Untracked 
| 495|0x00000000fdc00000, 0x00000000fe000000, 0x00000000fe000000|100%| O|  |TAMS 0x00000000fe000000, 0x00000000fdc00000| Untracked 
| 496|0x00000000fe000000, 0x00000000fe400000, 0x00000000fe400000|100%| O|  |TAMS 0x00000000fe400000, 0x00000000fe000000| Untracked 
| 497|0x00000000fe400000, 0x00000000fe800000, 0x00000000fe800000|100%| O|  |TAMS 0x00000000fe800000, 0x00000000fe400000| Untracked 
| 498|0x00000000fe800000, 0x00000000fec00000, 0x00000000fec00000|100%| O|  |TAMS 0x00000000fec00000, 0x00000000fe800000| Untracked 
| 499|0x00000000fec00000, 0x00000000ff000000, 0x00000000ff000000|100%| O|  |TAMS 0x00000000ff000000, 0x00000000fec00000| Untracked 
| 500|0x00000000ff000000, 0x00000000ff400000, 0x00000000ff400000|100%| O|  |TAMS 0x00000000ff400000, 0x00000000ff000000| Untracked 
| 501|0x00000000ff400000, 0x00000000ff800000, 0x00000000ff800000|100%| O|  |TAMS 0x00000000ff800000, 0x00000000ff400000| Untracked 
| 502|0x00000000ff800000, 0x00000000ffc00000, 0x00000000ffc00000|100%| O|  |TAMS 0x00000000ffc00000, 0x00000000ff800000| Untracked 
| 503|0x00000000ffc00000, 0x0000000100000000, 0x0000000100000000|100%| O|  |TAMS 0x0000000100000000, 0x00000000ffc00000| Untracked 
| 504|0x0000000100000000, 0x0000000100400000, 0x0000000100400000|100%| O|  |TAMS 0x0000000100400000, 0x0000000100000000| Untracked 
| 505|0x0000000100400000, 0x0000000100800000, 0x0000000100800000|100%| O|  |TAMS 0x0000000100800000, 0x0000000100400000| Untracked 
| 506|0x0000000100800000, 0x0000000100c00000, 0x0000000100c00000|100%| O|  |TAMS 0x0000000100c00000, 0x0000000100800000| Untracked 
| 507|0x0000000100c00000, 0x0000000101000000, 0x0000000101000000|100%| O|  |TAMS 0x0000000101000000, 0x0000000100c00000| Untracked 
| 508|0x0000000101000000, 0x0000000101400000, 0x0000000101400000|100%| O|  |TAMS 0x0000000101400000, 0x0000000101000000| Untracked 
| 509|0x0000000101400000, 0x0000000101800000, 0x0000000101800000|100%| O|  |TAMS 0x0000000101800000, 0x0000000101400000| Untracked 
| 510|0x0000000101800000, 0x0000000101c00000, 0x0000000101c00000|100%| O|  |TAMS 0x0000000101c00000, 0x0000000101800000| Untracked 
| 511|0x0000000101c00000, 0x0000000102000000, 0x0000000102000000|100%| O|  |TAMS 0x0000000102000000, 0x0000000101c00000| Untracked 
| 512|0x0000000102000000, 0x0000000102400000, 0x0000000102400000|100%| O|  |TAMS 0x0000000102400000, 0x0000000102000000| Untracked 
| 513|0x0000000102400000, 0x0000000102800000, 0x0000000102800000|100%| O|  |TAMS 0x0000000102800000, 0x0000000102400000| Untracked 
| 514|0x0000000102800000, 0x0000000102c00000, 0x0000000102c00000|100%| O|  |TAMS 0x0000000102c00000, 0x0000000102800000| Untracked 
| 515|0x0000000102c00000, 0x0000000103000000, 0x0000000103000000|100%| O|  |TAMS 0x0000000103000000, 0x0000000102c00000| Untracked 
| 516|0x0000000103000000, 0x0000000103400000, 0x0000000103400000|100%| O|  |TAMS 0x0000000103400000, 0x0000000103000000| Untracked 
| 517|0x0000000103400000, 0x0000000103800000, 0x0000000103800000|100%| O|  |TAMS 0x0000000103800000, 0x0000000103400000| Untracked 
| 518|0x0000000103800000, 0x0000000103c00000, 0x0000000103c00000|100%| O|  |TAMS 0x0000000103c00000, 0x0000000103800000| Untracked 
| 519|0x0000000103c00000, 0x0000000104000000, 0x0000000104000000|100%| O|  |TAMS 0x0000000104000000, 0x0000000103c00000| Untracked 
| 520|0x0000000104000000, 0x0000000104400000, 0x0000000104400000|100%| O|  |TAMS 0x0000000104400000, 0x0000000104000000| Untracked 
| 521|0x0000000104400000, 0x0000000104800000, 0x0000000104800000|100%| O|  |TAMS 0x0000000104800000, 0x0000000104400000| Untracked 
| 522|0x0000000104800000, 0x0000000104c00000, 0x0000000104c00000|100%| O|  |TAMS 0x0000000104c00000, 0x0000000104800000| Untracked 
| 523|0x0000000104c00000, 0x0000000105000000, 0x0000000105000000|100%| O|  |TAMS 0x0000000105000000, 0x0000000104c00000| Untracked 
| 524|0x0000000105000000, 0x0000000105400000, 0x0000000105400000|100%| O|  |TAMS 0x0000000105400000, 0x0000000105000000| Untracked 
| 525|0x0000000105400000, 0x0000000105800000, 0x0000000105800000|100%| O|  |TAMS 0x0000000105800000, 0x0000000105400000| Untracked 
| 526|0x0000000105800000, 0x0000000105c00000, 0x0000000105c00000|100%| O|  |TAMS 0x0000000105c00000, 0x0000000105800000| Untracked 
| 527|0x0000000105c00000, 0x0000000106000000, 0x0000000106000000|100%| O|  |TAMS 0x0000000106000000, 0x0000000105c00000| Untracked 
| 528|0x0000000106000000, 0x0000000106400000, 0x0000000106400000|100%| O|  |TAMS 0x0000000106400000, 0x0000000106000000| Untracked 
| 529|0x0000000106400000, 0x0000000106800000, 0x0000000106800000|100%| O|  |TAMS 0x0000000106800000, 0x0000000106400000| Untracked 
| 530|0x0000000106800000, 0x0000000106c00000, 0x0000000106c00000|100%| O|  |TAMS 0x0000000106c00000, 0x0000000106800000| Untracked 
| 531|0x0000000106c00000, 0x0000000107000000, 0x0000000107000000|100%| O|  |TAMS 0x0000000107000000, 0x0000000106c00000| Untracked 
| 532|0x0000000107000000, 0x0000000107400000, 0x0000000107400000|100%| O|  |TAMS 0x0000000107400000, 0x0000000107000000| Untracked 
| 533|0x0000000107400000, 0x0000000107800000, 0x0000000107800000|100%| O|  |TAMS 0x0000000107800000, 0x0000000107400000| Untracked 
| 534|0x0000000107800000, 0x0000000107c00000, 0x0000000107c00000|100%| O|  |TAMS 0x0000000107c00000, 0x0000000107800000| Untracked 
| 535|0x0000000107c00000, 0x0000000108000000, 0x0000000108000000|100%| O|  |TAMS 0x0000000108000000, 0x0000000107c00000| Untracked 
| 536|0x0000000108000000, 0x0000000108400000, 0x0000000108400000|100%| O|  |TAMS 0x0000000108400000, 0x0000000108000000| Untracked 
| 537|0x0000000108400000, 0x0000000108800000, 0x0000000108800000|100%| O|  |TAMS 0x0000000108800000, 0x0000000108400000| Untracked 
| 538|0x0000000108800000, 0x0000000108c00000, 0x0000000108c00000|100%| O|  |TAMS 0x0000000108c00000, 0x0000000108800000| Untracked 
| 539|0x0000000108c00000, 0x0000000109000000, 0x0000000109000000|100%| O|  |TAMS 0x0000000109000000, 0x0000000108c00000| Untracked 
| 540|0x0000000109000000, 0x0000000109400000, 0x0000000109400000|100%| O|  |TAMS 0x0000000109400000, 0x0000000109000000| Untracked 
| 541|0x0000000109400000, 0x0000000109800000, 0x0000000109800000|100%| O|  |TAMS 0x0000000109800000, 0x0000000109400000| Untracked 
| 542|0x0000000109800000, 0x0000000109c00000, 0x0000000109c00000|100%| O|  |TAMS 0x0000000109c00000, 0x0000000109800000| Untracked 
| 543|0x0000000109c00000, 0x000000010a000000, 0x000000010a000000|100%| O|  |TAMS 0x000000010a000000, 0x0000000109c00000| Untracked 
| 544|0x000000010a000000, 0x000000010a400000, 0x000000010a400000|100%| O|  |TAMS 0x000000010a400000, 0x000000010a000000| Untracked 
| 545|0x000000010a400000, 0x000000010a800000, 0x000000010a800000|100%| O|  |TAMS 0x000000010a800000, 0x000000010a400000| Untracked 
| 546|0x000000010a800000, 0x000000010ac00000, 0x000000010ac00000|100%| O|  |TAMS 0x000000010ac00000, 0x000000010a800000| Untracked 
| 547|0x000000010ac00000, 0x000000010b000000, 0x000000010b000000|100%| O|  |TAMS 0x000000010b000000, 0x000000010ac00000| Untracked 
| 548|0x000000010b000000, 0x000000010b400000, 0x000000010b400000|100%| O|  |TAMS 0x000000010b400000, 0x000000010b000000| Untracked 
| 549|0x000000010b400000, 0x000000010b800000, 0x000000010b800000|100%| O|  |TAMS 0x000000010b800000, 0x000000010b400000| Untracked 
| 550|0x000000010b800000, 0x000000010bc00000, 0x000000010bc00000|100%| O|  |TAMS 0x000000010bc00000, 0x000000010b800000| Untracked 
| 551|0x000000010bc00000, 0x000000010c000000, 0x000000010c000000|100%| O|  |TAMS 0x000000010c000000, 0x000000010bc00000| Untracked 
| 552|0x000000010c000000, 0x000000010c400000, 0x000000010c400000|100%| O|  |TAMS 0x000000010c400000, 0x000000010c000000| Untracked 
| 553|0x000000010c400000, 0x000000010c800000, 0x000000010c800000|100%| O|  |TAMS 0x000000010c800000, 0x000000010c400000| Untracked 
| 554|0x000000010c800000, 0x000000010cc00000, 0x000000010cc00000|100%| O|  |TAMS 0x000000010cc00000, 0x000000010c800000| Untracked 
| 555|0x000000010cc00000, 0x000000010d000000, 0x000000010d000000|100%| O|  |TAMS 0x000000010d000000, 0x000000010cc00000| Untracked 
| 556|0x000000010d000000, 0x000000010d400000, 0x000000010d400000|100%| O|  |TAMS 0x000000010d400000, 0x000000010d000000| Untracked 
| 557|0x000000010d400000, 0x000000010d800000, 0x000000010d800000|100%| O|  |TAMS 0x000000010d800000, 0x000000010d400000| Untracked 
| 558|0x000000010d800000, 0x000000010dc00000, 0x000000010dc00000|100%| O|  |TAMS 0x000000010dc00000, 0x000000010d800000| Untracked 
| 559|0x000000010dc00000, 0x000000010e000000, 0x000000010e000000|100%| O|  |TAMS 0x000000010e000000, 0x000000010dc00000| Untracked 
| 560|0x000000010e000000, 0x000000010e400000, 0x000000010e400000|100%| O|  |TAMS 0x000000010e400000, 0x000000010e000000| Untracked 
| 561|0x000000010e400000, 0x000000010e800000, 0x000000010e800000|100%| O|  |TAMS 0x000000010e800000, 0x000000010e400000| Untracked 
| 562|0x000000010e800000, 0x000000010ec00000, 0x000000010ec00000|100%| O|  |TAMS 0x000000010ec00000, 0x000000010e800000| Untracked 
| 563|0x000000010ec00000, 0x000000010f000000, 0x000000010f000000|100%| O|  |TAMS 0x000000010f000000, 0x000000010ec00000| Untracked 
| 564|0x000000010f000000, 0x000000010f400000, 0x000000010f400000|100%| O|  |TAMS 0x000000010f400000, 0x000000010f000000| Untracked 
| 565|0x000000010f400000, 0x000000010f800000, 0x000000010f800000|100%| O|  |TAMS 0x000000010f800000, 0x000000010f400000| Untracked 
| 566|0x000000010f800000, 0x000000010fc00000, 0x000000010fc00000|100%| O|  |TAMS 0x000000010fc00000, 0x000000010f800000| Untracked 
| 567|0x000000010fc00000, 0x0000000110000000, 0x0000000110000000|100%| O|  |TAMS 0x0000000110000000, 0x000000010fc00000| Untracked 
| 568|0x0000000110000000, 0x0000000110400000, 0x0000000110400000|100%| O|  |TAMS 0x0000000110400000, 0x0000000110000000| Untracked 
| 569|0x0000000110400000, 0x0000000110800000, 0x0000000110800000|100%| O|  |TAMS 0x0000000110800000, 0x0000000110400000| Untracked 
| 570|0x0000000110800000, 0x0000000110c00000, 0x0000000110c00000|100%| O|  |TAMS 0x0000000110c00000, 0x0000000110800000| Untracked 
| 571|0x0000000110c00000, 0x0000000111000000, 0x0000000111000000|100%| O|  |TAMS 0x0000000111000000, 0x0000000110c00000| Untracked 
| 572|0x0000000111000000, 0x0000000111400000, 0x0000000111400000|100%| O|  |TAMS 0x0000000111400000, 0x0000000111000000| Untracked 
| 573|0x0000000111400000, 0x0000000111800000, 0x0000000111800000|100%| O|  |TAMS 0x0000000111800000, 0x0000000111400000| Untracked 
| 574|0x0000000111800000, 0x0000000111c00000, 0x0000000111c00000|100%| O|  |TAMS 0x0000000111c00000, 0x0000000111800000| Untracked 
| 575|0x0000000111c00000, 0x0000000112000000, 0x0000000112000000|100%| O|  |TAMS 0x0000000112000000, 0x0000000111c00000| Untracked 
| 576|0x0000000112000000, 0x0000000112400000, 0x0000000112400000|100%| O|  |TAMS 0x0000000112400000, 0x0000000112000000| Untracked 
| 577|0x0000000112400000, 0x0000000112800000, 0x0000000112800000|100%| O|  |TAMS 0x0000000112800000, 0x0000000112400000| Untracked 
| 578|0x0000000112800000, 0x0000000112c00000, 0x0000000112c00000|100%| O|  |TAMS 0x0000000112c00000, 0x0000000112800000| Untracked 
| 579|0x0000000112c00000, 0x0000000113000000, 0x0000000113000000|100%| O|  |TAMS 0x0000000113000000, 0x0000000112c00000| Untracked 
| 580|0x0000000113000000, 0x0000000113400000, 0x0000000113400000|100%| O|  |TAMS 0x0000000113400000, 0x0000000113000000| Untracked 
| 581|0x0000000113400000, 0x0000000113800000, 0x0000000113800000|100%| O|  |TAMS 0x0000000113800000, 0x0000000113400000| Untracked 
| 582|0x0000000113800000, 0x0000000113c00000, 0x0000000113c00000|100%| O|  |TAMS 0x0000000113c00000, 0x0000000113800000| Untracked 
| 583|0x0000000113c00000, 0x0000000114000000, 0x0000000114000000|100%| O|  |TAMS 0x0000000114000000, 0x0000000113c00000| Untracked 
| 584|0x0000000114000000, 0x0000000114400000, 0x0000000114400000|100%| O|  |TAMS 0x0000000114400000, 0x0000000114000000| Untracked 
| 585|0x0000000114400000, 0x0000000114800000, 0x0000000114800000|100%| O|  |TAMS 0x0000000114800000, 0x0000000114400000| Untracked 
| 586|0x0000000114800000, 0x0000000114c00000, 0x0000000114c00000|100%| O|  |TAMS 0x0000000114c00000, 0x0000000114800000| Untracked 
| 587|0x0000000114c00000, 0x0000000115000000, 0x0000000115000000|100%| O|  |TAMS 0x0000000115000000, 0x0000000114c00000| Untracked 
| 588|0x0000000115000000, 0x0000000115400000, 0x0000000115400000|100%| O|  |TAMS 0x0000000115400000, 0x0000000115000000| Untracked 
| 589|0x0000000115400000, 0x0000000115800000, 0x0000000115800000|100%| O|  |TAMS 0x0000000115800000, 0x0000000115400000| Untracked 
| 590|0x0000000115800000, 0x0000000115c00000, 0x0000000115c00000|100%| O|  |TAMS 0x0000000115c00000, 0x0000000115800000| Untracked 
| 591|0x0000000115c00000, 0x0000000116000000, 0x0000000116000000|100%| O|  |TAMS 0x0000000116000000, 0x0000000115c00000| Untracked 
| 592|0x0000000116000000, 0x0000000116400000, 0x0000000116400000|100%| O|  |TAMS 0x0000000116400000, 0x0000000116000000| Untracked 
| 593|0x0000000116400000, 0x0000000116800000, 0x0000000116800000|100%| O|  |TAMS 0x0000000116800000, 0x0000000116400000| Untracked 
| 594|0x0000000116800000, 0x0000000116c00000, 0x0000000116c00000|100%| O|  |TAMS 0x0000000116c00000, 0x0000000116800000| Untracked 
| 595|0x0000000116c00000, 0x0000000117000000, 0x0000000117000000|100%| O|  |TAMS 0x0000000117000000, 0x0000000116c00000| Untracked 
| 596|0x0000000117000000, 0x0000000117400000, 0x0000000117400000|100%| O|  |TAMS 0x0000000117400000, 0x0000000117000000| Untracked 
| 597|0x0000000117400000, 0x0000000117800000, 0x0000000117800000|100%| O|  |TAMS 0x0000000117800000, 0x0000000117400000| Untracked 
| 598|0x0000000117800000, 0x0000000117c00000, 0x0000000117c00000|100%| O|  |TAMS 0x0000000117c00000, 0x0000000117800000| Untracked 
| 599|0x0000000117c00000, 0x0000000118000000, 0x0000000118000000|100%| O|  |TAMS 0x0000000118000000, 0x0000000117c00000| Untracked 
| 600|0x0000000118000000, 0x0000000118400000, 0x0000000118400000|100%| O|  |TAMS 0x0000000118400000, 0x0000000118000000| Untracked 
| 601|0x0000000118400000, 0x0000000118800000, 0x0000000118800000|100%| O|  |TAMS 0x0000000118800000, 0x0000000118400000| Untracked 
| 602|0x0000000118800000, 0x0000000118c00000, 0x0000000118c00000|100%| O|  |TAMS 0x0000000118c00000, 0x0000000118800000| Untracked 
| 603|0x0000000118c00000, 0x0000000119000000, 0x0000000119000000|100%| O|  |TAMS 0x0000000119000000, 0x0000000118c00000| Untracked 
| 604|0x0000000119000000, 0x0000000119400000, 0x0000000119400000|100%| O|  |TAMS 0x0000000119400000, 0x0000000119000000| Untracked 
| 605|0x0000000119400000, 0x0000000119800000, 0x0000000119800000|100%| O|  |TAMS 0x0000000119800000, 0x0000000119400000| Untracked 
| 606|0x0000000119800000, 0x0000000119c00000, 0x0000000119c00000|100%| O|  |TAMS 0x0000000119c00000, 0x0000000119800000| Untracked 
| 607|0x0000000119c00000, 0x000000011a000000, 0x000000011a000000|100%| O|  |TAMS 0x000000011a000000, 0x0000000119c00000| Untracked 
| 608|0x000000011a000000, 0x000000011a400000, 0x000000011a400000|100%| O|  |TAMS 0x000000011a400000, 0x000000011a000000| Untracked 
| 609|0x000000011a400000, 0x000000011a800000, 0x000000011a800000|100%| O|  |TAMS 0x000000011a800000, 0x000000011a400000| Untracked 
| 610|0x000000011a800000, 0x000000011ac00000, 0x000000011ac00000|100%| O|  |TAMS 0x000000011ac00000, 0x000000011a800000| Untracked 
| 611|0x000000011ac00000, 0x000000011b000000, 0x000000011b000000|100%| O|  |TAMS 0x000000011b000000, 0x000000011ac00000| Untracked 
| 612|0x000000011b000000, 0x000000011b400000, 0x000000011b400000|100%| O|  |TAMS 0x000000011b400000, 0x000000011b000000| Untracked 
| 613|0x000000011b400000, 0x000000011b800000, 0x000000011b800000|100%| O|  |TAMS 0x000000011b800000, 0x000000011b400000| Untracked 
| 614|0x000000011b800000, 0x000000011bc00000, 0x000000011bc00000|100%| O|  |TAMS 0x000000011bc00000, 0x000000011b800000| Untracked 
| 615|0x000000011bc00000, 0x000000011c000000, 0x000000011c000000|100%| O|  |TAMS 0x000000011c000000, 0x000000011bc00000| Untracked 
| 616|0x000000011c000000, 0x000000011c400000, 0x000000011c400000|100%| O|  |TAMS 0x000000011c400000, 0x000000011c000000| Untracked 
| 617|0x000000011c400000, 0x000000011c800000, 0x000000011c800000|100%| O|  |TAMS 0x000000011c800000, 0x000000011c400000| Untracked 
| 618|0x000000011c800000, 0x000000011cc00000, 0x000000011cc00000|100%| O|  |TAMS 0x000000011cc00000, 0x000000011c800000| Untracked 
| 619|0x000000011cc00000, 0x000000011d000000, 0x000000011d000000|100%| O|  |TAMS 0x000000011d000000, 0x000000011cc00000| Untracked 
| 620|0x000000011d000000, 0x000000011d400000, 0x000000011d400000|100%| O|  |TAMS 0x000000011d400000, 0x000000011d000000| Untracked 
| 621|0x000000011d400000, 0x000000011d800000, 0x000000011d800000|100%| O|  |TAMS 0x000000011d800000, 0x000000011d400000| Untracked 
| 622|0x000000011d800000, 0x000000011dc00000, 0x000000011dc00000|100%| O|  |TAMS 0x000000011dc00000, 0x000000011d800000| Untracked 
| 623|0x000000011dc00000, 0x000000011e000000, 0x000000011e000000|100%| O|  |TAMS 0x000000011e000000, 0x000000011dc00000| Untracked 
| 624|0x000000011e000000, 0x000000011e400000, 0x000000011e400000|100%| O|  |TAMS 0x000000011e400000, 0x000000011e000000| Untracked 
| 625|0x000000011e400000, 0x000000011e800000, 0x000000011e800000|100%| O|  |TAMS 0x000000011e800000, 0x000000011e400000| Untracked 
| 626|0x000000011e800000, 0x000000011ec00000, 0x000000011ec00000|100%| O|  |TAMS 0x000000011ec00000, 0x000000011e800000| Untracked 
| 627|0x000000011ec00000, 0x000000011f000000, 0x000000011f000000|100%| O|  |TAMS 0x000000011f000000, 0x000000011ec00000| Untracked 
| 628|0x000000011f000000, 0x000000011f400000, 0x000000011f400000|100%| O|  |TAMS 0x000000011f400000, 0x000000011f000000| Untracked 
| 629|0x000000011f400000, 0x000000011f800000, 0x000000011f800000|100%| O|  |TAMS 0x000000011f800000, 0x000000011f400000| Untracked 
| 630|0x000000011f800000, 0x000000011fc00000, 0x000000011fc00000|100%| O|  |TAMS 0x000000011fc00000, 0x000000011f800000| Untracked 
| 631|0x000000011fc00000, 0x0000000120000000, 0x0000000120000000|100%| O|  |TAMS 0x0000000120000000, 0x000000011fc00000| Untracked 
| 632|0x0000000120000000, 0x0000000120400000, 0x0000000120400000|100%| O|  |TAMS 0x0000000120400000, 0x0000000120000000| Untracked 
| 633|0x0000000120400000, 0x0000000120800000, 0x0000000120800000|100%| O|  |TAMS 0x0000000120800000, 0x0000000120400000| Untracked 
| 634|0x0000000120800000, 0x0000000120c00000, 0x0000000120c00000|100%| O|  |TAMS 0x0000000120c00000, 0x0000000120800000| Untracked 
| 635|0x0000000120c00000, 0x0000000121000000, 0x0000000121000000|100%| O|  |TAMS 0x0000000121000000, 0x0000000120c00000| Untracked 
| 636|0x0000000121000000, 0x0000000121400000, 0x0000000121400000|100%| O|  |TAMS 0x0000000121400000, 0x0000000121000000| Untracked 
| 637|0x0000000121400000, 0x0000000121800000, 0x0000000121800000|100%| O|  |TAMS 0x0000000121800000, 0x0000000121400000| Untracked 
| 638|0x0000000121800000, 0x0000000121c00000, 0x0000000121c00000|100%| O|  |TAMS 0x0000000121c00000, 0x0000000121800000| Untracked 
| 639|0x0000000121c00000, 0x0000000122000000, 0x0000000122000000|100%| O|  |TAMS 0x0000000122000000, 0x0000000121c00000| Untracked 
| 640|0x0000000122000000, 0x0000000122400000, 0x0000000122400000|100%| O|  |TAMS 0x0000000122400000, 0x0000000122000000| Untracked 
| 641|0x0000000122400000, 0x0000000122800000, 0x0000000122800000|100%| O|  |TAMS 0x0000000122800000, 0x0000000122400000| Untracked 
| 642|0x0000000122800000, 0x0000000122c00000, 0x0000000122c00000|100%| O|  |TAMS 0x0000000122c00000, 0x0000000122800000| Untracked 
| 643|0x0000000122c00000, 0x0000000123000000, 0x0000000123000000|100%| O|  |TAMS 0x0000000123000000, 0x0000000122c00000| Untracked 
| 644|0x0000000123000000, 0x0000000123400000, 0x0000000123400000|100%| O|  |TAMS 0x0000000123400000, 0x0000000123000000| Untracked 
| 645|0x0000000123400000, 0x0000000123800000, 0x0000000123800000|100%| O|  |TAMS 0x0000000123800000, 0x0000000123400000| Untracked 
| 646|0x0000000123800000, 0x0000000123c00000, 0x0000000123c00000|100%| O|  |TAMS 0x0000000123c00000, 0x0000000123800000| Untracked 
| 647|0x0000000123c00000, 0x0000000124000000, 0x0000000124000000|100%| O|  |TAMS 0x0000000124000000, 0x0000000123c00000| Untracked 
| 648|0x0000000124000000, 0x0000000124400000, 0x0000000124400000|100%| O|  |TAMS 0x0000000124400000, 0x0000000124000000| Untracked 
| 649|0x0000000124400000, 0x0000000124800000, 0x0000000124800000|100%| O|  |TAMS 0x0000000124800000, 0x0000000124400000| Untracked 
| 650|0x0000000124800000, 0x0000000124c00000, 0x0000000124c00000|100%| O|  |TAMS 0x0000000124c00000, 0x0000000124800000| Untracked 
| 651|0x0000000124c00000, 0x0000000125000000, 0x0000000125000000|100%| O|  |TAMS 0x0000000125000000, 0x0000000124c00000| Untracked 
| 652|0x0000000125000000, 0x0000000125400000, 0x0000000125400000|100%| O|  |TAMS 0x0000000125400000, 0x0000000125000000| Untracked 
| 653|0x0000000125400000, 0x0000000125800000, 0x0000000125800000|100%| O|  |TAMS 0x0000000125800000, 0x0000000125400000| Untracked 
| 654|0x0000000125800000, 0x0000000125c00000, 0x0000000125c00000|100%| O|  |TAMS 0x0000000125c00000, 0x0000000125800000| Untracked 
| 655|0x0000000125c00000, 0x0000000126000000, 0x0000000126000000|100%| O|  |TAMS 0x0000000126000000, 0x0000000125c00000| Untracked 
| 656|0x0000000126000000, 0x0000000126400000, 0x0000000126400000|100%| O|  |TAMS 0x0000000126400000, 0x0000000126000000| Untracked 
| 657|0x0000000126400000, 0x0000000126800000, 0x0000000126800000|100%| O|  |TAMS 0x0000000126800000, 0x0000000126400000| Untracked 
| 658|0x0000000126800000, 0x0000000126c00000, 0x0000000126c00000|100%| O|  |TAMS 0x0000000126c00000, 0x0000000126800000| Untracked 
| 659|0x0000000126c00000, 0x0000000127000000, 0x0000000127000000|100%| O|  |TAMS 0x0000000127000000, 0x0000000126c00000| Untracked 
| 660|0x0000000127000000, 0x0000000127400000, 0x0000000127400000|100%| O|  |TAMS 0x0000000127400000, 0x0000000127000000| Untracked 
| 661|0x0000000127400000, 0x0000000127800000, 0x0000000127800000|100%| O|  |TAMS 0x0000000127800000, 0x0000000127400000| Untracked 
| 662|0x0000000127800000, 0x0000000127c00000, 0x0000000127c00000|100%| O|  |TAMS 0x0000000127c00000, 0x0000000127800000| Untracked 
| 663|0x0000000127c00000, 0x0000000128000000, 0x0000000128000000|100%| O|  |TAMS 0x0000000128000000, 0x0000000127c00000| Untracked 
| 664|0x0000000128000000, 0x0000000128400000, 0x0000000128400000|100%| O|  |TAMS 0x0000000128400000, 0x0000000128000000| Untracked 
| 665|0x0000000128400000, 0x0000000128800000, 0x0000000128800000|100%| O|  |TAMS 0x0000000128800000, 0x0000000128400000| Untracked 
| 666|0x0000000128800000, 0x0000000128c00000, 0x0000000128c00000|100%| O|  |TAMS 0x0000000128c00000, 0x0000000128800000| Untracked 
| 667|0x0000000128c00000, 0x0000000129000000, 0x0000000129000000|100%| O|  |TAMS 0x0000000129000000, 0x0000000128c00000| Untracked 
| 668|0x0000000129000000, 0x0000000129400000, 0x0000000129400000|100%| O|  |TAMS 0x0000000129400000, 0x0000000129000000| Untracked 
| 669|0x0000000129400000, 0x0000000129800000, 0x0000000129800000|100%| O|  |TAMS 0x0000000129800000, 0x0000000129400000| Untracked 
| 670|0x0000000129800000, 0x0000000129c00000, 0x0000000129c00000|100%| O|  |TAMS 0x0000000129c00000, 0x0000000129800000| Untracked 
| 671|0x0000000129c00000, 0x000000012a000000, 0x000000012a000000|100%| O|  |TAMS 0x000000012a000000, 0x0000000129c00000| Untracked 
| 672|0x000000012a000000, 0x000000012a400000, 0x000000012a400000|100%| O|  |TAMS 0x000000012a400000, 0x000000012a000000| Untracked 
| 673|0x000000012a400000, 0x000000012a800000, 0x000000012a800000|100%| O|  |TAMS 0x000000012a800000, 0x000000012a400000| Untracked 
| 674|0x000000012a800000, 0x000000012ac00000, 0x000000012ac00000|100%| O|  |TAMS 0x000000012ac00000, 0x000000012a800000| Untracked 
| 675|0x000000012ac00000, 0x000000012b000000, 0x000000012b000000|100%| O|  |TAMS 0x000000012b000000, 0x000000012ac00000| Untracked 
| 676|0x000000012b000000, 0x000000012b400000, 0x000000012b400000|100%| O|  |TAMS 0x000000012b400000, 0x000000012b000000| Untracked 
| 677|0x000000012b400000, 0x000000012b800000, 0x000000012b800000|100%| O|  |TAMS 0x000000012b800000, 0x000000012b400000| Untracked 
| 678|0x000000012b800000, 0x000000012bc00000, 0x000000012bc00000|100%| O|  |TAMS 0x000000012bc00000, 0x000000012b800000| Untracked 
| 679|0x000000012bc00000, 0x000000012c000000, 0x000000012c000000|100%| O|  |TAMS 0x000000012c000000, 0x000000012bc00000| Untracked 
| 680|0x000000012c000000, 0x000000012c400000, 0x000000012c400000|100%| O|  |TAMS 0x000000012c400000, 0x000000012c000000| Untracked 
| 681|0x000000012c400000, 0x000000012c800000, 0x000000012c800000|100%| O|  |TAMS 0x000000012c800000, 0x000000012c400000| Untracked 
| 682|0x000000012c800000, 0x000000012cc00000, 0x000000012cc00000|100%| O|  |TAMS 0x000000012cc00000, 0x000000012c800000| Untracked 
| 683|0x000000012cc00000, 0x000000012d000000, 0x000000012d000000|100%| O|  |TAMS 0x000000012d000000, 0x000000012cc00000| Untracked 
| 684|0x000000012d000000, 0x000000012d400000, 0x000000012d400000|100%| O|  |TAMS 0x000000012d400000, 0x000000012d000000| Untracked 
| 685|0x000000012d400000, 0x000000012d800000, 0x000000012d800000|100%| O|  |TAMS 0x000000012d800000, 0x000000012d400000| Untracked 
| 686|0x000000012d800000, 0x000000012dc00000, 0x000000012dc00000|100%| O|  |TAMS 0x000000012dc00000, 0x000000012d800000| Untracked 
| 687|0x000000012dc00000, 0x000000012e000000, 0x000000012e000000|100%| O|  |TAMS 0x000000012e000000, 0x000000012dc00000| Untracked 
| 688|0x000000012e000000, 0x000000012e400000, 0x000000012e400000|100%| O|  |TAMS 0x000000012e400000, 0x000000012e000000| Untracked 
| 689|0x000000012e400000, 0x000000012e800000, 0x000000012e800000|100%| O|  |TAMS 0x000000012e800000, 0x000000012e400000| Untracked 
| 690|0x000000012e800000, 0x000000012ec00000, 0x000000012ec00000|100%| O|  |TAMS 0x000000012ec00000, 0x000000012e800000| Untracked 
| 691|0x000000012ec00000, 0x000000012f000000, 0x000000012f000000|100%| O|  |TAMS 0x000000012f000000, 0x000000012ec00000| Untracked 
| 692|0x000000012f000000, 0x000000012f400000, 0x000000012f400000|100%| O|  |TAMS 0x000000012f400000, 0x000000012f000000| Untracked 
| 693|0x000000012f400000, 0x000000012f800000, 0x000000012f800000|100%| O|  |TAMS 0x000000012f800000, 0x000000012f400000| Untracked 
| 694|0x000000012f800000, 0x000000012fc00000, 0x000000012fc00000|100%| O|  |TAMS 0x000000012fc00000, 0x000000012f800000| Untracked 
| 695|0x000000012fc00000, 0x0000000130000000, 0x0000000130000000|100%| O|  |TAMS 0x0000000130000000, 0x000000012fc00000| Untracked 
| 696|0x0000000130000000, 0x0000000130400000, 0x0000000130400000|100%| O|  |TAMS 0x0000000130400000, 0x0000000130000000| Untracked 
| 697|0x0000000130400000, 0x0000000130800000, 0x0000000130800000|100%| O|  |TAMS 0x0000000130800000, 0x0000000130400000| Untracked 
| 698|0x0000000130800000, 0x0000000130c00000, 0x0000000130c00000|100%| O|  |TAMS 0x0000000130c00000, 0x0000000130800000| Untracked 
| 699|0x0000000130c00000, 0x0000000131000000, 0x0000000131000000|100%| O|  |TAMS 0x0000000131000000, 0x0000000130c00000| Untracked 
| 700|0x0000000131000000, 0x0000000131400000, 0x0000000131400000|100%| O|  |TAMS 0x0000000131400000, 0x0000000131000000| Untracked 
| 701|0x0000000131400000, 0x0000000131800000, 0x0000000131800000|100%| O|  |TAMS 0x0000000131800000, 0x0000000131400000| Untracked 
| 702|0x0000000131800000, 0x0000000131c00000, 0x0000000131c00000|100%| O|  |TAMS 0x0000000131c00000, 0x0000000131800000| Untracked 
| 703|0x0000000131c00000, 0x0000000132000000, 0x0000000132000000|100%| O|  |TAMS 0x0000000132000000, 0x0000000131c00000| Untracked 
| 704|0x0000000132000000, 0x0000000132400000, 0x0000000132400000|100%| O|  |TAMS 0x0000000132400000, 0x0000000132000000| Untracked 
| 705|0x0000000132400000, 0x0000000132800000, 0x0000000132800000|100%| O|  |TAMS 0x0000000132800000, 0x0000000132400000| Untracked 
| 706|0x0000000132800000, 0x0000000132c00000, 0x0000000132c00000|100%| O|  |TAMS 0x0000000132c00000, 0x0000000132800000| Untracked 
| 707|0x0000000132c00000, 0x0000000133000000, 0x0000000133000000|100%| O|  |TAMS 0x0000000133000000, 0x0000000132c00000| Untracked 
| 708|0x0000000133000000, 0x0000000133400000, 0x0000000133400000|100%| O|  |TAMS 0x0000000133400000, 0x0000000133000000| Untracked 
| 709|0x0000000133400000, 0x0000000133800000, 0x0000000133800000|100%| O|  |TAMS 0x0000000133800000, 0x0000000133400000| Untracked 
| 710|0x0000000133800000, 0x0000000133c00000, 0x0000000133c00000|100%| O|  |TAMS 0x0000000133c00000, 0x0000000133800000| Untracked 
| 711|0x0000000133c00000, 0x0000000134000000, 0x0000000134000000|100%| O|  |TAMS 0x0000000134000000, 0x0000000133c00000| Untracked 
| 712|0x0000000134000000, 0x0000000134400000, 0x0000000134400000|100%| O|  |TAMS 0x0000000134400000, 0x0000000134000000| Untracked 
| 713|0x0000000134400000, 0x0000000134800000, 0x0000000134800000|100%| O|  |TAMS 0x0000000134800000, 0x0000000134400000| Untracked 
| 714|0x0000000134800000, 0x0000000134c00000, 0x0000000134c00000|100%| O|  |TAMS 0x0000000134c00000, 0x0000000134800000| Untracked 
| 715|0x0000000134c00000, 0x0000000135000000, 0x0000000135000000|100%| O|  |TAMS 0x0000000135000000, 0x0000000134c00000| Untracked 
| 716|0x0000000135000000, 0x0000000135400000, 0x0000000135400000|100%| O|  |TAMS 0x0000000135400000, 0x0000000135000000| Untracked 
| 717|0x0000000135400000, 0x0000000135800000, 0x0000000135800000|100%| O|  |TAMS 0x0000000135800000, 0x0000000135400000| Untracked 
| 718|0x0000000135800000, 0x0000000135c00000, 0x0000000135c00000|100%| O|  |TAMS 0x0000000135c00000, 0x0000000135800000| Untracked 
| 719|0x0000000135c00000, 0x0000000136000000, 0x0000000136000000|100%| O|  |TAMS 0x0000000136000000, 0x0000000135c00000| Untracked 
| 720|0x0000000136000000, 0x0000000136400000, 0x0000000136400000|100%| O|  |TAMS 0x0000000136400000, 0x0000000136000000| Untracked 
| 721|0x0000000136400000, 0x0000000136800000, 0x0000000136800000|100%| O|  |TAMS 0x0000000136800000, 0x0000000136400000| Untracked 
| 722|0x0000000136800000, 0x0000000136c00000, 0x0000000136c00000|100%| O|  |TAMS 0x0000000136c00000, 0x0000000136800000| Untracked 
| 723|0x0000000136c00000, 0x0000000137000000, 0x0000000137000000|100%| O|  |TAMS 0x0000000137000000, 0x0000000136c00000| Untracked 
| 724|0x0000000137000000, 0x0000000137400000, 0x0000000137400000|100%| O|  |TAMS 0x0000000137400000, 0x0000000137000000| Untracked 
| 725|0x0000000137400000, 0x0000000137800000, 0x0000000137800000|100%| O|  |TAMS 0x0000000137800000, 0x0000000137400000| Untracked 
| 726|0x0000000137800000, 0x0000000137c00000, 0x0000000137c00000|100%| O|  |TAMS 0x0000000137c00000, 0x0000000137800000| Untracked 
| 727|0x0000000137c00000, 0x0000000138000000, 0x0000000138000000|100%| O|  |TAMS 0x0000000138000000, 0x0000000137c00000| Untracked 
| 728|0x0000000138000000, 0x0000000138400000, 0x0000000138400000|100%| O|  |TAMS 0x0000000138400000, 0x0000000138000000| Untracked 
| 729|0x0000000138400000, 0x0000000138800000, 0x0000000138800000|100%| O|  |TAMS 0x0000000138800000, 0x0000000138400000| Untracked 
| 730|0x0000000138800000, 0x0000000138c00000, 0x0000000138c00000|100%| O|  |TAMS 0x0000000138c00000, 0x0000000138800000| Untracked 
| 731|0x0000000138c00000, 0x0000000139000000, 0x0000000139000000|100%| O|  |TAMS 0x0000000139000000, 0x0000000138c00000| Untracked 
| 732|0x0000000139000000, 0x0000000139400000, 0x0000000139400000|100%| O|  |TAMS 0x0000000139400000, 0x0000000139000000| Untracked 
| 733|0x0000000139400000, 0x0000000139800000, 0x0000000139800000|100%| O|  |TAMS 0x0000000139800000, 0x0000000139400000| Untracked 
| 734|0x0000000139800000, 0x0000000139c00000, 0x0000000139c00000|100%| O|  |TAMS 0x0000000139c00000, 0x0000000139800000| Untracked 
| 735|0x0000000139c00000, 0x000000013a000000, 0x000000013a000000|100%| O|  |TAMS 0x000000013a000000, 0x0000000139c00000| Untracked 
| 736|0x000000013a000000, 0x000000013a400000, 0x000000013a400000|100%| O|  |TAMS 0x000000013a400000, 0x000000013a000000| Untracked 
| 737|0x000000013a400000, 0x000000013a800000, 0x000000013a800000|100%| O|  |TAMS 0x000000013a800000, 0x000000013a400000| Untracked 
| 738|0x000000013a800000, 0x000000013ac00000, 0x000000013ac00000|100%| O|  |TAMS 0x000000013ac00000, 0x000000013a800000| Untracked 
| 739|0x000000013ac00000, 0x000000013b000000, 0x000000013b000000|100%| O|  |TAMS 0x000000013b000000, 0x000000013ac00000| Untracked 
| 740|0x000000013b000000, 0x000000013b400000, 0x000000013b400000|100%| O|  |TAMS 0x000000013b400000, 0x000000013b000000| Untracked 
| 741|0x000000013b400000, 0x000000013b800000, 0x000000013b800000|100%| O|  |TAMS 0x000000013b800000, 0x000000013b400000| Untracked 
| 742|0x000000013b800000, 0x000000013bc00000, 0x000000013bc00000|100%| O|  |TAMS 0x000000013bc00000, 0x000000013b800000| Untracked 
| 743|0x000000013bc00000, 0x000000013c000000, 0x000000013c000000|100%| O|  |TAMS 0x000000013c000000, 0x000000013bc00000| Untracked 
| 744|0x000000013c000000, 0x000000013c400000, 0x000000013c400000|100%| O|  |TAMS 0x000000013c400000, 0x000000013c000000| Untracked 
| 745|0x000000013c400000, 0x000000013c800000, 0x000000013c800000|100%| O|  |TAMS 0x000000013c800000, 0x000000013c400000| Untracked 
| 746|0x000000013c800000, 0x000000013cc00000, 0x000000013cc00000|100%| O|  |TAMS 0x000000013cc00000, 0x000000013c800000| Untracked 
| 747|0x000000013cc00000, 0x000000013d000000, 0x000000013d000000|100%| O|  |TAMS 0x000000013d000000, 0x000000013cc00000| Untracked 
| 748|0x000000013d000000, 0x000000013d400000, 0x000000013d400000|100%| O|  |TAMS 0x000000013d400000, 0x000000013d000000| Untracked 
| 749|0x000000013d400000, 0x000000013d800000, 0x000000013d800000|100%| O|  |TAMS 0x000000013d800000, 0x000000013d400000| Untracked 
| 750|0x000000013d800000, 0x000000013dc00000, 0x000000013dc00000|100%| O|  |TAMS 0x000000013dc00000, 0x000000013d800000| Untracked 
| 751|0x000000013dc00000, 0x000000013e000000, 0x000000013e000000|100%| O|  |TAMS 0x000000013e000000, 0x000000013dc00000| Untracked 
| 752|0x000000013e000000, 0x000000013e400000, 0x000000013e400000|100%| O|  |TAMS 0x000000013e400000, 0x000000013e000000| Untracked 
| 753|0x000000013e400000, 0x000000013e800000, 0x000000013e800000|100%| O|  |TAMS 0x000000013e800000, 0x000000013e400000| Untracked 
| 754|0x000000013e800000, 0x000000013ec00000, 0x000000013ec00000|100%| O|  |TAMS 0x000000013ec00000, 0x000000013e800000| Untracked 
| 755|0x000000013ec00000, 0x000000013f000000, 0x000000013f000000|100%| O|  |TAMS 0x000000013f000000, 0x000000013ec00000| Untracked 
| 756|0x000000013f000000, 0x000000013f400000, 0x000000013f400000|100%| O|  |TAMS 0x000000013f400000, 0x000000013f000000| Untracked 
| 757|0x000000013f400000, 0x000000013f800000, 0x000000013f800000|100%| O|  |TAMS 0x000000013f800000, 0x000000013f400000| Untracked 
| 758|0x000000013f800000, 0x000000013fc00000, 0x000000013fc00000|100%| O|  |TAMS 0x000000013fc00000, 0x000000013f800000| Untracked 
| 759|0x000000013fc00000, 0x0000000140000000, 0x0000000140000000|100%| O|  |TAMS 0x0000000140000000, 0x000000013fc00000| Untracked 
| 760|0x0000000140000000, 0x0000000140400000, 0x0000000140400000|100%| O|  |TAMS 0x0000000140400000, 0x0000000140000000| Untracked 
| 761|0x0000000140400000, 0x0000000140800000, 0x0000000140800000|100%| O|  |TAMS 0x0000000140800000, 0x0000000140400000| Untracked 
| 762|0x0000000140800000, 0x0000000140c00000, 0x0000000140c00000|100%| O|  |TAMS 0x0000000140c00000, 0x0000000140800000| Untracked 
| 763|0x0000000140c00000, 0x0000000141000000, 0x0000000141000000|100%| O|  |TAMS 0x0000000141000000, 0x0000000140c00000| Untracked 
| 764|0x0000000141000000, 0x0000000141400000, 0x0000000141400000|100%| O|  |TAMS 0x0000000141400000, 0x0000000141000000| Untracked 
| 765|0x0000000141400000, 0x0000000141800000, 0x0000000141800000|100%| O|  |TAMS 0x0000000141800000, 0x0000000141400000| Untracked 
| 766|0x0000000141800000, 0x0000000141c00000, 0x0000000141c00000|100%| O|  |TAMS 0x0000000141c00000, 0x0000000141800000| Untracked 
| 767|0x0000000141c00000, 0x0000000142000000, 0x0000000142000000|100%| O|  |TAMS 0x0000000142000000, 0x0000000141c00000| Untracked 
| 768|0x0000000142000000, 0x0000000142400000, 0x0000000142400000|100%| O|  |TAMS 0x0000000142400000, 0x0000000142000000| Untracked 
| 769|0x0000000142400000, 0x0000000142800000, 0x0000000142800000|100%| O|  |TAMS 0x0000000142800000, 0x0000000142400000| Untracked 
| 770|0x0000000142800000, 0x0000000142c00000, 0x0000000142c00000|100%| O|  |TAMS 0x0000000142c00000, 0x0000000142800000| Untracked 
| 771|0x0000000142c00000, 0x0000000143000000, 0x0000000143000000|100%| O|  |TAMS 0x0000000143000000, 0x0000000142c00000| Untracked 
| 772|0x0000000143000000, 0x0000000143400000, 0x0000000143400000|100%| O|  |TAMS 0x0000000143400000, 0x0000000143000000| Untracked 
| 773|0x0000000143400000, 0x0000000143800000, 0x0000000143800000|100%| O|  |TAMS 0x0000000143800000, 0x0000000143400000| Untracked 
| 774|0x0000000143800000, 0x0000000143c00000, 0x0000000143c00000|100%| O|  |TAMS 0x0000000143c00000, 0x0000000143800000| Untracked 
| 775|0x0000000143c00000, 0x0000000144000000, 0x0000000144000000|100%| O|  |TAMS 0x0000000144000000, 0x0000000143c00000| Untracked 
| 776|0x0000000144000000, 0x0000000144400000, 0x0000000144400000|100%| O|  |TAMS 0x0000000144400000, 0x0000000144000000| Untracked 
| 777|0x0000000144400000, 0x0000000144800000, 0x0000000144800000|100%| O|  |TAMS 0x0000000144800000, 0x0000000144400000| Untracked 
| 778|0x0000000144800000, 0x0000000144c00000, 0x0000000144c00000|100%| O|  |TAMS 0x0000000144c00000, 0x0000000144800000| Untracked 
| 779|0x0000000144c00000, 0x0000000145000000, 0x0000000145000000|100%| O|  |TAMS 0x0000000145000000, 0x0000000144c00000| Untracked 
| 780|0x0000000145000000, 0x0000000145400000, 0x0000000145400000|100%| O|  |TAMS 0x0000000145400000, 0x0000000145000000| Untracked 
| 781|0x0000000145400000, 0x0000000145800000, 0x0000000145800000|100%| O|  |TAMS 0x0000000145800000, 0x0000000145400000| Untracked 
| 782|0x0000000145800000, 0x0000000145c00000, 0x0000000145c00000|100%| O|  |TAMS 0x0000000145c00000, 0x0000000145800000| Untracked 
| 783|0x0000000145c00000, 0x0000000146000000, 0x0000000146000000|100%| O|  |TAMS 0x0000000146000000, 0x0000000145c00000| Untracked 
| 784|0x0000000146000000, 0x0000000146400000, 0x0000000146400000|100%| O|  |TAMS 0x0000000146400000, 0x0000000146000000| Untracked 
| 785|0x0000000146400000, 0x0000000146800000, 0x0000000146800000|100%| O|  |TAMS 0x0000000146800000, 0x0000000146400000| Untracked 
| 786|0x0000000146800000, 0x0000000146c00000, 0x0000000146c00000|100%| O|  |TAMS 0x0000000146c00000, 0x0000000146800000| Untracked 
| 787|0x0000000146c00000, 0x0000000147000000, 0x0000000147000000|100%| O|  |TAMS 0x0000000147000000, 0x0000000146c00000| Untracked 
| 788|0x0000000147000000, 0x0000000147400000, 0x0000000147400000|100%| O|  |TAMS 0x0000000147400000, 0x0000000147000000| Untracked 
| 789|0x0000000147400000, 0x0000000147800000, 0x0000000147800000|100%| O|  |TAMS 0x0000000147800000, 0x0000000147400000| Untracked 
| 790|0x0000000147800000, 0x0000000147c00000, 0x0000000147c00000|100%| O|  |TAMS 0x0000000147c00000, 0x0000000147800000| Untracked 
| 791|0x0000000147c00000, 0x0000000148000000, 0x0000000148000000|100%| O|  |TAMS 0x0000000148000000, 0x0000000147c00000| Untracked 
| 792|0x0000000148000000, 0x0000000148400000, 0x0000000148400000|100%| O|  |TAMS 0x0000000148400000, 0x0000000148000000| Untracked 
| 793|0x0000000148400000, 0x0000000148800000, 0x0000000148800000|100%| O|  |TAMS 0x0000000148800000, 0x0000000148400000| Untracked 
| 794|0x0000000148800000, 0x0000000148c00000, 0x0000000148c00000|100%| O|  |TAMS 0x0000000148c00000, 0x0000000148800000| Untracked 
| 795|0x0000000148c00000, 0x0000000149000000, 0x0000000149000000|100%| O|  |TAMS 0x0000000149000000, 0x0000000148c00000| Untracked 
| 796|0x0000000149000000, 0x0000000149400000, 0x0000000149400000|100%| O|  |TAMS 0x0000000149400000, 0x0000000149000000| Untracked 
| 797|0x0000000149400000, 0x0000000149800000, 0x0000000149800000|100%| O|  |TAMS 0x0000000149633a00, 0x0000000149400000| Untracked 
| 798|0x0000000149800000, 0x0000000149c00000, 0x0000000149c00000|100%| O|  |TAMS 0x0000000149800000, 0x0000000149800000| Untracked 
| 799|0x0000000149c00000, 0x000000014a000000, 0x000000014a000000|100%|HS|  |TAMS 0x0000000149c00000, 0x0000000149c00000| Complete 
| 800|0x000000014a000000, 0x000000014a400000, 0x000000014a400000|100%|HS|  |TAMS 0x000000014a000000, 0x000000014a000000| Complete 
| 801|0x000000014a400000, 0x000000014a800000, 0x000000014a800000|100%| O|  |TAMS 0x000000014a400000, 0x000000014a400000| Untracked 
| 802|0x000000014a800000, 0x000000014ac00000, 0x000000014ac00000|100%| O|  |TAMS 0x000000014a800000, 0x000000014a800000| Untracked 
| 803|0x000000014ac00000, 0x000000014b000000, 0x000000014b000000|100%| O|  |TAMS 0x000000014ac00000, 0x000000014ac00000| Untracked 
| 804|0x000000014b000000, 0x000000014b400000, 0x000000014b400000|100%| O|  |TAMS 0x000000014b000000, 0x000000014b000000| Untracked 
| 805|0x000000014b400000, 0x000000014b800000, 0x000000014b800000|100%| O|  |TAMS 0x000000014b400000, 0x000000014b400000| Untracked 
| 806|0x000000014b800000, 0x000000014bc00000, 0x000000014bc00000|100%| O|  |TAMS 0x000000014b800000, 0x000000014b800000| Untracked 
| 807|0x000000014bc00000, 0x000000014c000000, 0x000000014c000000|100%| O|  |TAMS 0x000000014bc00000, 0x000000014bc00000| Untracked 
| 808|0x000000014c000000, 0x000000014c400000, 0x000000014c400000|100%| O|  |TAMS 0x000000014c000000, 0x000000014c000000| Untracked 
| 809|0x000000014c400000, 0x000000014c800000, 0x000000014c800000|100%| O|  |TAMS 0x000000014c400000, 0x000000014c400000| Untracked 
| 810|0x000000014c800000, 0x000000014cc00000, 0x000000014cc00000|100%| O|  |TAMS 0x000000014c800000, 0x000000014c800000| Untracked 
| 811|0x000000014cc00000, 0x000000014d000000, 0x000000014d000000|100%| O|  |TAMS 0x000000014cc00000, 0x000000014cc00000| Untracked 
| 812|0x000000014d000000, 0x000000014d400000, 0x000000014d400000|100%| O|  |TAMS 0x000000014d000000, 0x000000014d000000| Untracked 
| 813|0x000000014d400000, 0x000000014d800000, 0x000000014d800000|100%| O|  |TAMS 0x000000014d400000, 0x000000014d400000| Untracked 
| 814|0x000000014d800000, 0x000000014dc00000, 0x000000014dc00000|100%| O|  |TAMS 0x000000014d800000, 0x000000014d800000| Untracked 
| 815|0x000000014dc00000, 0x000000014e000000, 0x000000014e000000|100%| O|  |TAMS 0x000000014dc00000, 0x000000014dc00000| Untracked 
| 816|0x000000014e000000, 0x000000014e400000, 0x000000014e400000|100%| O|  |TAMS 0x000000014e000000, 0x000000014e000000| Untracked 
| 817|0x000000014e400000, 0x000000014e800000, 0x000000014e800000|100%| O|  |TAMS 0x000000014e400000, 0x000000014e400000| Untracked 
| 818|0x000000014e800000, 0x000000014ec00000, 0x000000014ec00000|100%| O|  |TAMS 0x000000014e800000, 0x000000014e800000| Untracked 
| 819|0x000000014ec00000, 0x000000014f000000, 0x000000014f000000|100%| O|  |TAMS 0x000000014ec00000, 0x000000014ec00000| Untracked 
| 820|0x000000014f000000, 0x000000014f400000, 0x000000014f400000|100%| O|  |TAMS 0x000000014f000000, 0x000000014f000000| Untracked 
| 821|0x000000014f400000, 0x000000014f800000, 0x000000014f800000|100%| O|  |TAMS 0x000000014f400000, 0x000000014f400000| Untracked 
| 822|0x000000014f800000, 0x000000014fc00000, 0x000000014fc00000|100%| O|  |TAMS 0x000000014f800000, 0x000000014f800000| Untracked 
| 823|0x000000014fc00000, 0x0000000150000000, 0x0000000150000000|100%| O|  |TAMS 0x000000014fc00000, 0x000000014fc00000| Untracked 
| 824|0x0000000150000000, 0x0000000150400000, 0x0000000150400000|100%| O|  |TAMS 0x0000000150000000, 0x0000000150000000| Untracked 
| 825|0x0000000150400000, 0x0000000150800000, 0x0000000150800000|100%| O|  |TAMS 0x0000000150400000, 0x0000000150400000| Untracked 
| 826|0x0000000150800000, 0x0000000150c00000, 0x0000000150c00000|100%| O|  |TAMS 0x0000000150800000, 0x0000000150800000| Untracked 
| 827|0x0000000150c00000, 0x0000000151000000, 0x0000000151000000|100%| O|  |TAMS 0x0000000150c00000, 0x0000000150c00000| Untracked 
| 828|0x0000000151000000, 0x0000000151400000, 0x0000000151400000|100%| O|  |TAMS 0x0000000151000000, 0x0000000151000000| Untracked 
| 829|0x0000000151400000, 0x0000000151800000, 0x0000000151800000|100%| O|  |TAMS 0x0000000151400000, 0x0000000151400000| Untracked 
| 830|0x0000000151800000, 0x0000000151c00000, 0x0000000151c00000|100%| O|  |TAMS 0x0000000151800000, 0x0000000151800000| Untracked 
| 831|0x0000000151c00000, 0x0000000152000000, 0x0000000152000000|100%| O|  |TAMS 0x0000000151c00000, 0x0000000151c00000| Untracked 
| 832|0x0000000152000000, 0x0000000152400000, 0x0000000152400000|100%| O|  |TAMS 0x0000000152000000, 0x0000000152000000| Untracked 
| 833|0x0000000152400000, 0x0000000152800000, 0x0000000152800000|100%| O|  |TAMS 0x0000000152400000, 0x0000000152400000| Untracked 
| 834|0x0000000152800000, 0x0000000152c00000, 0x0000000152c00000|100%| O|  |TAMS 0x0000000152800000, 0x0000000152800000| Untracked 
| 835|0x0000000152c00000, 0x0000000153000000, 0x0000000153000000|100%| O|  |TAMS 0x0000000152c00000, 0x0000000152c00000| Untracked 
| 836|0x0000000153000000, 0x0000000153400000, 0x0000000153400000|100%| O|  |TAMS 0x0000000153000000, 0x0000000153000000| Untracked 
| 837|0x0000000153400000, 0x0000000153800000, 0x0000000153800000|100%| O|  |TAMS 0x0000000153400000, 0x0000000153400000| Untracked 
| 838|0x0000000153800000, 0x0000000153c00000, 0x0000000153c00000|100%| O|  |TAMS 0x0000000153800000, 0x0000000153800000| Untracked 
| 839|0x0000000153c00000, 0x0000000154000000, 0x0000000154000000|100%| O|  |TAMS 0x0000000153c00000, 0x0000000153c00000| Untracked 
| 840|0x0000000154000000, 0x0000000154400000, 0x0000000154400000|100%| O|  |TAMS 0x0000000154000000, 0x0000000154000000| Untracked 
| 841|0x0000000154400000, 0x0000000154800000, 0x0000000154800000|100%| O|  |TAMS 0x0000000154400000, 0x0000000154400000| Untracked 
| 842|0x0000000154800000, 0x0000000154c00000, 0x0000000154c00000|100%| O|  |TAMS 0x0000000154800000, 0x0000000154800000| Untracked 
| 843|0x0000000154c00000, 0x0000000155000000, 0x0000000155000000|100%| O|  |TAMS 0x0000000154c00000, 0x0000000154c00000| Untracked 
| 844|0x0000000155000000, 0x0000000155400000, 0x0000000155400000|100%| O|  |TAMS 0x0000000155000000, 0x0000000155000000| Untracked 
| 845|0x0000000155400000, 0x0000000155800000, 0x0000000155800000|100%| O|  |TAMS 0x0000000155400000, 0x0000000155400000| Untracked 
| 846|0x0000000155800000, 0x0000000155c00000, 0x0000000155c00000|100%| O|  |TAMS 0x0000000155800000, 0x0000000155800000| Untracked 
| 847|0x0000000155c00000, 0x0000000156000000, 0x0000000156000000|100%| O|  |TAMS 0x0000000155c00000, 0x0000000155c00000| Untracked 
| 848|0x0000000156000000, 0x0000000156400000, 0x0000000156400000|100%| O|  |TAMS 0x0000000156000000, 0x0000000156000000| Untracked 
| 849|0x0000000156400000, 0x0000000156800000, 0x0000000156800000|100%| O|  |TAMS 0x0000000156400000, 0x0000000156400000| Untracked 
| 850|0x0000000156800000, 0x0000000156c00000, 0x0000000156c00000|100%| O|  |TAMS 0x0000000156800000, 0x0000000156800000| Untracked 
| 851|0x0000000156c00000, 0x0000000157000000, 0x0000000157000000|100%| O|  |TAMS 0x0000000156c00000, 0x0000000156c00000| Untracked 
| 852|0x0000000157000000, 0x0000000157400000, 0x0000000157400000|100%| O|  |TAMS 0x0000000157000000, 0x0000000157000000| Untracked 
| 853|0x0000000157400000, 0x0000000157800000, 0x0000000157800000|100%| O|  |TAMS 0x0000000157400000, 0x0000000157400000| Untracked 
| 854|0x0000000157800000, 0x0000000157c00000, 0x0000000157c00000|100%| O|  |TAMS 0x0000000157800000, 0x0000000157800000| Untracked 
| 855|0x0000000157c00000, 0x0000000158000000, 0x0000000158000000|100%| O|  |TAMS 0x0000000157c00000, 0x0000000157c00000| Untracked 
| 856|0x0000000158000000, 0x0000000158400000, 0x0000000158400000|100%| O|  |TAMS 0x0000000158000000, 0x0000000158000000| Untracked 
| 857|0x0000000158400000, 0x0000000158800000, 0x0000000158800000|100%| O|  |TAMS 0x0000000158400000, 0x0000000158400000| Untracked 
| 858|0x0000000158800000, 0x0000000158c00000, 0x0000000158c00000|100%| O|  |TAMS 0x0000000158800000, 0x0000000158800000| Untracked 
| 859|0x0000000158c00000, 0x0000000159000000, 0x0000000159000000|100%| O|  |TAMS 0x0000000158c00000, 0x0000000158c00000| Untracked 
| 860|0x0000000159000000, 0x0000000159400000, 0x0000000159400000|100%| O|  |TAMS 0x0000000159000000, 0x0000000159000000| Untracked 
| 861|0x0000000159400000, 0x0000000159800000, 0x0000000159800000|100%| O|  |TAMS 0x0000000159400000, 0x0000000159400000| Untracked 
| 862|0x0000000159800000, 0x0000000159c00000, 0x0000000159c00000|100%| O|  |TAMS 0x0000000159800000, 0x0000000159800000| Untracked 
| 863|0x0000000159c00000, 0x000000015a000000, 0x000000015a000000|100%| O|  |TAMS 0x0000000159c00000, 0x0000000159c00000| Untracked 
| 864|0x000000015a000000, 0x000000015a400000, 0x000000015a400000|100%| O|  |TAMS 0x000000015a000000, 0x000000015a000000| Untracked 
| 865|0x000000015a400000, 0x000000015a800000, 0x000000015a800000|100%| O|  |TAMS 0x000000015a400000, 0x000000015a400000| Untracked 
| 866|0x000000015a800000, 0x000000015ac00000, 0x000000015ac00000|100%| O|  |TAMS 0x000000015a800000, 0x000000015a800000| Untracked 
| 867|0x000000015ac00000, 0x000000015b000000, 0x000000015b000000|100%| O|  |TAMS 0x000000015ac00000, 0x000000015ac00000| Untracked 
| 868|0x000000015b000000, 0x000000015b400000, 0x000000015b400000|100%| O|  |TAMS 0x000000015b000000, 0x000000015b000000| Untracked 
| 869|0x000000015b400000, 0x000000015b800000, 0x000000015b800000|100%| O|  |TAMS 0x000000015b400000, 0x000000015b400000| Untracked 
| 870|0x000000015b800000, 0x000000015bc00000, 0x000000015bc00000|100%| O|  |TAMS 0x000000015b800000, 0x000000015b800000| Untracked 
| 871|0x000000015bc00000, 0x000000015c000000, 0x000000015c000000|100%| O|  |TAMS 0x000000015bc00000, 0x000000015bc00000| Untracked 
| 872|0x000000015c000000, 0x000000015c400000, 0x000000015c400000|100%| O|  |TAMS 0x000000015c000000, 0x000000015c000000| Untracked 
| 873|0x000000015c400000, 0x000000015c800000, 0x000000015c800000|100%| O|  |TAMS 0x000000015c400000, 0x000000015c400000| Untracked 
| 874|0x000000015c800000, 0x000000015cc00000, 0x000000015cc00000|100%| O|  |TAMS 0x000000015c800000, 0x000000015c800000| Untracked 
| 875|0x000000015cc00000, 0x000000015d000000, 0x000000015d000000|100%| O|  |TAMS 0x000000015cc00000, 0x000000015cc00000| Untracked 
| 876|0x000000015d000000, 0x000000015d400000, 0x000000015d400000|100%| O|  |TAMS 0x000000015d000000, 0x000000015d000000| Untracked 
| 877|0x000000015d400000, 0x000000015d800000, 0x000000015d800000|100%| O|  |TAMS 0x000000015d400000, 0x000000015d400000| Untracked 
| 878|0x000000015d800000, 0x000000015dc00000, 0x000000015dc00000|100%| O|  |TAMS 0x000000015d800000, 0x000000015d800000| Untracked 
| 879|0x000000015dc00000, 0x000000015e000000, 0x000000015e000000|100%| O|  |TAMS 0x000000015dc00000, 0x000000015dc00000| Untracked 
| 880|0x000000015e000000, 0x000000015e400000, 0x000000015e400000|100%| O|  |TAMS 0x000000015e000000, 0x000000015e000000| Untracked 
| 881|0x000000015e400000, 0x000000015e800000, 0x000000015e800000|100%| O|  |TAMS 0x000000015e400000, 0x000000015e400000| Untracked 
| 882|0x000000015e800000, 0x000000015ec00000, 0x000000015ec00000|100%| O|  |TAMS 0x000000015e800000, 0x000000015e800000| Untracked 
| 883|0x000000015ec00000, 0x000000015f000000, 0x000000015f000000|100%| O|  |TAMS 0x000000015ec00000, 0x000000015ec00000| Untracked 
| 884|0x000000015f000000, 0x000000015f400000, 0x000000015f400000|100%| O|  |TAMS 0x000000015f000000, 0x000000015f000000| Untracked 
| 885|0x000000015f400000, 0x000000015f800000, 0x000000015f800000|100%| O|  |TAMS 0x000000015f400000, 0x000000015f400000| Untracked 
| 886|0x000000015f800000, 0x000000015fc00000, 0x000000015fc00000|100%| O|  |TAMS 0x000000015f800000, 0x000000015f800000| Untracked 
| 887|0x000000015fc00000, 0x0000000160000000, 0x0000000160000000|100%| O|  |TAMS 0x000000015fc00000, 0x000000015fc00000| Untracked 
| 888|0x0000000160000000, 0x0000000160400000, 0x0000000160400000|100%| O|  |TAMS 0x0000000160000000, 0x0000000160000000| Untracked 
| 889|0x0000000160400000, 0x0000000160800000, 0x0000000160800000|100%| O|  |TAMS 0x0000000160400000, 0x0000000160400000| Untracked 
| 890|0x0000000160800000, 0x0000000160c00000, 0x0000000160c00000|100%| O|  |TAMS 0x0000000160800000, 0x0000000160800000| Untracked 
| 891|0x0000000160c00000, 0x0000000161000000, 0x0000000161000000|100%| O|  |TAMS 0x0000000160c00000, 0x0000000160c00000| Untracked 
| 892|0x0000000161000000, 0x0000000161400000, 0x0000000161400000|100%| O|  |TAMS 0x0000000161000000, 0x0000000161000000| Untracked 
| 893|0x0000000161400000, 0x0000000161800000, 0x0000000161800000|100%| O|  |TAMS 0x0000000161400000, 0x0000000161400000| Untracked 
| 894|0x0000000161800000, 0x0000000161c00000, 0x0000000161c00000|100%| O|  |TAMS 0x0000000161800000, 0x0000000161800000| Untracked 
| 895|0x0000000161c00000, 0x0000000162000000, 0x0000000162000000|100%| O|  |TAMS 0x0000000161c00000, 0x0000000161c00000| Untracked 
| 896|0x0000000162000000, 0x0000000162400000, 0x0000000162400000|100%| O|  |TAMS 0x0000000162000000, 0x0000000162000000| Untracked 
| 897|0x0000000162400000, 0x0000000162800000, 0x0000000162800000|100%| O|  |TAMS 0x0000000162400000, 0x0000000162400000| Untracked 
| 898|0x0000000162800000, 0x0000000162c00000, 0x0000000162c00000|100%| O|  |TAMS 0x0000000162800000, 0x0000000162800000| Untracked 
| 899|0x0000000162c00000, 0x0000000163000000, 0x0000000163000000|100%| O|  |TAMS 0x0000000162c00000, 0x0000000162c00000| Untracked 
| 900|0x0000000163000000, 0x0000000163400000, 0x0000000163400000|100%| O|  |TAMS 0x0000000163000000, 0x0000000163000000| Untracked 
| 901|0x0000000163400000, 0x0000000163800000, 0x0000000163800000|100%| O|  |TAMS 0x0000000163400000, 0x0000000163400000| Untracked 
| 902|0x0000000163800000, 0x0000000163c00000, 0x0000000163c00000|100%| O|  |TAMS 0x0000000163800000, 0x0000000163800000| Untracked 
| 903|0x0000000163c00000, 0x0000000164000000, 0x0000000164000000|100%| O|  |TAMS 0x0000000163c00000, 0x0000000163c00000| Untracked 
| 904|0x0000000164000000, 0x0000000164400000, 0x0000000164400000|100%| O|  |TAMS 0x0000000164000000, 0x0000000164000000| Untracked 
| 905|0x0000000164400000, 0x0000000164800000, 0x0000000164800000|100%| O|  |TAMS 0x0000000164400000, 0x0000000164400000| Untracked 
| 906|0x0000000164800000, 0x0000000164930800, 0x0000000164c00000| 29%| O|  |TAMS 0x0000000164800000, 0x0000000164800000| Untracked 
| 907|0x0000000164c00000, 0x0000000164c00000, 0x0000000165000000|  0%| F|  |TAMS 0x0000000164c00000, 0x0000000164c00000| Untracked 
| 908|0x0000000165000000, 0x0000000165000000, 0x0000000165400000|  0%| F|  |TAMS 0x0000000165000000, 0x0000000165000000| Untracked 
| 909|0x0000000165400000, 0x0000000165400000, 0x0000000165800000|  0%| F|  |TAMS 0x0000000165400000, 0x0000000165400000| Untracked 
| 910|0x0000000165800000, 0x0000000165800000, 0x0000000165c00000|  0%| F|  |TAMS 0x0000000165800000, 0x0000000165800000| Untracked 
| 911|0x0000000165c00000, 0x0000000165c00000, 0x0000000166000000|  0%| F|  |TAMS 0x0000000165c00000, 0x0000000165c00000| Untracked 
| 912|0x0000000166000000, 0x0000000166000000, 0x0000000166400000|  0%| F|  |TAMS 0x0000000166000000, 0x0000000166000000| Untracked 
| 913|0x0000000166400000, 0x0000000166400000, 0x0000000166800000|  0%| F|  |TAMS 0x0000000166400000, 0x0000000166400000| Untracked 
| 914|0x0000000166800000, 0x0000000166800000, 0x0000000166c00000|  0%| F|  |TAMS 0x0000000166800000, 0x0000000166800000| Untracked 
| 915|0x0000000166c00000, 0x0000000166c00000, 0x0000000167000000|  0%| F|  |TAMS 0x0000000166c00000, 0x0000000166c00000| Untracked 
| 916|0x0000000167000000, 0x0000000167000000, 0x0000000167400000|  0%| F|  |TAMS 0x0000000167000000, 0x0000000167000000| Untracked 
| 917|0x0000000167400000, 0x0000000167400000, 0x0000000167800000|  0%| F|  |TAMS 0x0000000167400000, 0x0000000167400000| Untracked 
| 918|0x0000000167800000, 0x0000000167800000, 0x0000000167c00000|  0%| F|  |TAMS 0x0000000167800000, 0x0000000167800000| Untracked 
| 919|0x0000000167c00000, 0x0000000167c00000, 0x0000000168000000|  0%| F|  |TAMS 0x0000000167c00000, 0x0000000167c00000| Untracked 
| 920|0x0000000168000000, 0x0000000168000000, 0x0000000168400000|  0%| F|  |TAMS 0x0000000168000000, 0x0000000168000000| Untracked 
| 921|0x0000000168400000, 0x0000000168400000, 0x0000000168800000|  0%| F|  |TAMS 0x0000000168400000, 0x0000000168400000| Untracked 
| 922|0x0000000168800000, 0x0000000168800000, 0x0000000168c00000|  0%| F|  |TAMS 0x0000000168800000, 0x0000000168800000| Untracked 
| 923|0x0000000168c00000, 0x0000000168c00000, 0x0000000169000000|  0%| F|  |TAMS 0x0000000168c00000, 0x0000000168c00000| Untracked 
| 924|0x0000000169000000, 0x0000000169000000, 0x0000000169400000|  0%| F|  |TAMS 0x0000000169000000, 0x0000000169000000| Untracked 
| 925|0x0000000169400000, 0x0000000169400000, 0x0000000169800000|  0%| F|  |TAMS 0x0000000169400000, 0x0000000169400000| Untracked 
| 926|0x0000000169800000, 0x0000000169800000, 0x0000000169c00000|  0%| F|  |TAMS 0x0000000169800000, 0x0000000169800000| Untracked 
| 927|0x0000000169c00000, 0x0000000169c00000, 0x000000016a000000|  0%| F|  |TAMS 0x0000000169c00000, 0x0000000169c00000| Untracked 
| 928|0x000000016a000000, 0x000000016a000000, 0x000000016a400000|  0%| F|  |TAMS 0x000000016a000000, 0x000000016a000000| Untracked 
| 929|0x000000016a400000, 0x000000016a400000, 0x000000016a800000|  0%| F|  |TAMS 0x000000016a400000, 0x000000016a400000| Untracked 
| 930|0x000000016a800000, 0x000000016a800000, 0x000000016ac00000|  0%| F|  |TAMS 0x000000016a800000, 0x000000016a800000| Untracked 
| 931|0x000000016ac00000, 0x000000016ac00000, 0x000000016b000000|  0%| F|  |TAMS 0x000000016ac00000, 0x000000016ac00000| Untracked 
| 932|0x000000016b000000, 0x000000016b000000, 0x000000016b400000|  0%| F|  |TAMS 0x000000016b000000, 0x000000016b000000| Untracked 
| 933|0x000000016b400000, 0x000000016b400000, 0x000000016b800000|  0%| F|  |TAMS 0x000000016b400000, 0x000000016b400000| Untracked 
| 934|0x000000016b800000, 0x000000016b800000, 0x000000016bc00000|  0%| F|  |TAMS 0x000000016b800000, 0x000000016b800000| Untracked 
| 935|0x000000016bc00000, 0x000000016bc00000, 0x000000016c000000|  0%| F|  |TAMS 0x000000016bc00000, 0x000000016bc00000| Untracked 
| 936|0x000000016c000000, 0x000000016c000000, 0x000000016c400000|  0%| F|  |TAMS 0x000000016c000000, 0x000000016c000000| Untracked 
| 937|0x000000016c400000, 0x000000016c400000, 0x000000016c800000|  0%| F|  |TAMS 0x000000016c400000, 0x000000016c400000| Untracked 
| 938|0x000000016c800000, 0x000000016c800000, 0x000000016cc00000|  0%| F|  |TAMS 0x000000016c800000, 0x000000016c800000| Untracked 
| 939|0x000000016cc00000, 0x000000016cc00000, 0x000000016d000000|  0%| F|  |TAMS 0x000000016cc00000, 0x000000016cc00000| Untracked 
| 940|0x000000016d000000, 0x000000016d000000, 0x000000016d400000|  0%| F|  |TAMS 0x000000016d000000, 0x000000016d000000| Untracked 
| 941|0x000000016d400000, 0x000000016d400000, 0x000000016d800000|  0%| F|  |TAMS 0x000000016d400000, 0x000000016d400000| Untracked 
| 942|0x000000016d800000, 0x000000016d800000, 0x000000016dc00000|  0%| F|  |TAMS 0x000000016d800000, 0x000000016d800000| Untracked 
| 943|0x000000016dc00000, 0x000000016dc00000, 0x000000016e000000|  0%| F|  |TAMS 0x000000016dc00000, 0x000000016dc00000| Untracked 
| 944|0x000000016e000000, 0x000000016e000000, 0x000000016e400000|  0%| F|  |TAMS 0x000000016e000000, 0x000000016e000000| Untracked 
| 945|0x000000016e400000, 0x000000016e400000, 0x000000016e800000|  0%| F|  |TAMS 0x000000016e400000, 0x000000016e400000| Untracked 
| 946|0x000000016e800000, 0x000000016e800000, 0x000000016ec00000|  0%| F|  |TAMS 0x000000016e800000, 0x000000016e800000| Untracked 
| 947|0x000000016ec00000, 0x000000016ec00000, 0x000000016f000000|  0%| F|  |TAMS 0x000000016ec00000, 0x000000016ec00000| Untracked 
| 948|0x000000016f000000, 0x000000016f000000, 0x000000016f400000|  0%| F|  |TAMS 0x000000016f000000, 0x000000016f000000| Untracked 
| 949|0x000000016f400000, 0x000000016f400000, 0x000000016f800000|  0%| F|  |TAMS 0x000000016f400000, 0x000000016f400000| Untracked 
| 950|0x000000016f800000, 0x000000016f800000, 0x000000016fc00000|  0%| F|  |TAMS 0x000000016f800000, 0x000000016f800000| Untracked 
| 951|0x000000016fc00000, 0x000000016fc00000, 0x0000000170000000|  0%| F|  |TAMS 0x000000016fc00000, 0x000000016fc00000| Untracked 
| 952|0x0000000170000000, 0x0000000170000000, 0x0000000170400000|  0%| F|  |TAMS 0x0000000170000000, 0x0000000170000000| Untracked 
| 953|0x0000000170400000, 0x0000000170400000, 0x0000000170800000|  0%| F|  |TAMS 0x0000000170400000, 0x0000000170400000| Untracked 
| 954|0x0000000170800000, 0x0000000170800000, 0x0000000170c00000|  0%| F|  |TAMS 0x0000000170800000, 0x0000000170800000| Untracked 
| 955|0x0000000170c00000, 0x0000000170c00000, 0x0000000171000000|  0%| F|  |TAMS 0x0000000170c00000, 0x0000000170c00000| Untracked 
| 956|0x0000000171000000, 0x0000000171000000, 0x0000000171400000|  0%| F|  |TAMS 0x0000000171000000, 0x0000000171000000| Untracked 
| 957|0x0000000171400000, 0x0000000171400000, 0x0000000171800000|  0%| F|  |TAMS 0x0000000171400000, 0x0000000171400000| Untracked 
| 958|0x0000000171800000, 0x0000000171800000, 0x0000000171c00000|  0%| F|  |TAMS 0x0000000171800000, 0x0000000171800000| Untracked 
| 959|0x0000000171c00000, 0x0000000171c00000, 0x0000000172000000|  0%| F|  |TAMS 0x0000000171c00000, 0x0000000171c00000| Untracked 
| 960|0x0000000172000000, 0x0000000172000000, 0x0000000172400000|  0%| F|  |TAMS 0x0000000172000000, 0x0000000172000000| Untracked 
| 961|0x0000000172400000, 0x0000000172400000, 0x0000000172800000|  0%| F|  |TAMS 0x0000000172400000, 0x0000000172400000| Untracked 
| 962|0x0000000172800000, 0x0000000172800000, 0x0000000172c00000|  0%| F|  |TAMS 0x0000000172800000, 0x0000000172800000| Untracked 
| 963|0x0000000172c00000, 0x0000000172c00000, 0x0000000173000000|  0%| F|  |TAMS 0x0000000172c00000, 0x0000000172c00000| Untracked 
| 964|0x0000000173000000, 0x0000000173000000, 0x0000000173400000|  0%| F|  |TAMS 0x0000000173000000, 0x0000000173000000| Untracked 
| 965|0x0000000173400000, 0x0000000173400000, 0x0000000173800000|  0%| F|  |TAMS 0x0000000173400000, 0x0000000173400000| Untracked 
| 966|0x0000000173800000, 0x0000000173800000, 0x0000000173c00000|  0%| F|  |TAMS 0x0000000173800000, 0x0000000173800000| Untracked 
| 967|0x0000000173c00000, 0x0000000173c00000, 0x0000000174000000|  0%| F|  |TAMS 0x0000000173c00000, 0x0000000173c00000| Untracked 
| 968|0x0000000174000000, 0x0000000174000000, 0x0000000174400000|  0%| F|  |TAMS 0x0000000174000000, 0x0000000174000000| Untracked 
| 969|0x0000000174400000, 0x0000000174400000, 0x0000000174800000|  0%| F|  |TAMS 0x0000000174400000, 0x0000000174400000| Untracked 
| 970|0x0000000174800000, 0x0000000174800000, 0x0000000174c00000|  0%| F|  |TAMS 0x0000000174800000, 0x0000000174800000| Untracked 
| 971|0x0000000174c00000, 0x0000000174c00000, 0x0000000175000000|  0%| F|  |TAMS 0x0000000174c00000, 0x0000000174c00000| Untracked 
| 972|0x0000000175000000, 0x0000000175000000, 0x0000000175400000|  0%| F|  |TAMS 0x0000000175000000, 0x0000000175000000| Untracked 
| 973|0x0000000175400000, 0x0000000175400000, 0x0000000175800000|  0%| F|  |TAMS 0x0000000175400000, 0x0000000175400000| Untracked 
| 974|0x0000000175800000, 0x0000000175800000, 0x0000000175c00000|  0%| F|  |TAMS 0x0000000175800000, 0x0000000175800000| Untracked 
| 975|0x0000000175c00000, 0x0000000175c00000, 0x0000000176000000|  0%| F|  |TAMS 0x0000000175c00000, 0x0000000175c00000| Untracked 
| 976|0x0000000176000000, 0x0000000176000000, 0x0000000176400000|  0%| F|  |TAMS 0x0000000176000000, 0x0000000176000000| Untracked 
| 977|0x0000000176400000, 0x0000000176400000, 0x0000000176800000|  0%| F|  |TAMS 0x0000000176400000, 0x0000000176400000| Untracked 
| 978|0x0000000176800000, 0x0000000176800000, 0x0000000176c00000|  0%| F|  |TAMS 0x0000000176800000, 0x0000000176800000| Untracked 
| 979|0x0000000176c00000, 0x0000000176c00000, 0x0000000177000000|  0%| F|  |TAMS 0x0000000176c00000, 0x0000000176c00000| Untracked 
| 980|0x0000000177000000, 0x0000000177000000, 0x0000000177400000|  0%| F|  |TAMS 0x0000000177000000, 0x0000000177000000| Untracked 
| 981|0x0000000177400000, 0x0000000177400000, 0x0000000177800000|  0%| F|  |TAMS 0x0000000177400000, 0x0000000177400000| Untracked 
| 982|0x0000000177800000, 0x0000000177800000, 0x0000000177c00000|  0%| F|  |TAMS 0x0000000177800000, 0x0000000177800000| Untracked 
| 983|0x0000000177c00000, 0x0000000177c00000, 0x0000000178000000|  0%| F|  |TAMS 0x0000000177c00000, 0x0000000177c00000| Untracked 
| 984|0x0000000178000000, 0x0000000178000000, 0x0000000178400000|  0%| F|  |TAMS 0x0000000178000000, 0x0000000178000000| Untracked 
| 985|0x0000000178400000, 0x0000000178400000, 0x0000000178800000|  0%| F|  |TAMS 0x0000000178400000, 0x0000000178400000| Untracked 
| 986|0x0000000178800000, 0x0000000178800000, 0x0000000178c00000|  0%| F|  |TAMS 0x0000000178800000, 0x0000000178800000| Untracked 
| 987|0x0000000178c00000, 0x0000000178c00000, 0x0000000179000000|  0%| F|  |TAMS 0x0000000178c00000, 0x0000000178c00000| Untracked 
| 988|0x0000000179000000, 0x0000000179000000, 0x0000000179400000|  0%| F|  |TAMS 0x0000000179000000, 0x0000000179000000| Untracked 
| 989|0x0000000179400000, 0x0000000179400000, 0x0000000179800000|  0%| F|  |TAMS 0x0000000179400000, 0x0000000179400000| Untracked 
| 990|0x0000000179800000, 0x0000000179800000, 0x0000000179c00000|  0%| F|  |TAMS 0x0000000179800000, 0x0000000179800000| Untracked 
| 991|0x0000000179c00000, 0x0000000179c00000, 0x000000017a000000|  0%| F|  |TAMS 0x0000000179c00000, 0x0000000179c00000| Untracked 
| 992|0x000000017a000000, 0x000000017a000000, 0x000000017a400000|  0%| F|  |TAMS 0x000000017a000000, 0x000000017a000000| Untracked 
| 993|0x000000017a400000, 0x000000017a400000, 0x000000017a800000|  0%| F|  |TAMS 0x000000017a400000, 0x000000017a400000| Untracked 
| 994|0x000000017a800000, 0x000000017a800000, 0x000000017ac00000|  0%| F|  |TAMS 0x000000017a800000, 0x000000017a800000| Untracked 
| 995|0x000000017ac00000, 0x000000017ac00000, 0x000000017b000000|  0%| F|  |TAMS 0x000000017ac00000, 0x000000017ac00000| Untracked 
| 996|0x000000017b000000, 0x000000017b000000, 0x000000017b400000|  0%| F|  |TAMS 0x000000017b000000, 0x000000017b000000| Untracked 
| 997|0x000000017b400000, 0x000000017b400000, 0x000000017b800000|  0%| F|  |TAMS 0x000000017b400000, 0x000000017b400000| Untracked 
| 998|0x000000017b800000, 0x000000017b800000, 0x000000017bc00000|  0%| F|  |TAMS 0x000000017b800000, 0x000000017b800000| Untracked 
| 999|0x000000017bc00000, 0x000000017bc00000, 0x000000017c000000|  0%| F|  |TAMS 0x000000017bc00000, 0x000000017bc00000| Untracked 
|1000|0x000000017c000000, 0x000000017c000000, 0x000000017c400000|  0%| F|  |TAMS 0x000000017c000000, 0x000000017c000000| Untracked 
|1001|0x000000017c400000, 0x000000017c400000, 0x000000017c800000|  0%| F|  |TAMS 0x000000017c400000, 0x000000017c400000| Untracked 
|1002|0x000000017c800000, 0x000000017c800000, 0x000000017cc00000|  0%| F|  |TAMS 0x000000017c800000, 0x000000017c800000| Untracked 
|1003|0x000000017cc00000, 0x000000017cc00000, 0x000000017d000000|  0%| F|  |TAMS 0x000000017cc00000, 0x000000017cc00000| Untracked 
|1004|0x000000017d000000, 0x000000017d000000, 0x000000017d400000|  0%| F|  |TAMS 0x000000017d000000, 0x000000017d000000| Untracked 
|1005|0x000000017d400000, 0x000000017d400000, 0x000000017d800000|  0%| F|  |TAMS 0x000000017d400000, 0x000000017d400000| Untracked 
|1006|0x000000017d800000, 0x000000017d800000, 0x000000017dc00000|  0%| F|  |TAMS 0x000000017d800000, 0x000000017d800000| Untracked 
|1007|0x000000017dc00000, 0x000000017dc00000, 0x000000017e000000|  0%| F|  |TAMS 0x000000017dc00000, 0x000000017dc00000| Untracked 
|1008|0x000000017e000000, 0x000000017e000000, 0x000000017e400000|  0%| F|  |TAMS 0x000000017e000000, 0x000000017e000000| Untracked 
|1009|0x000000017e400000, 0x000000017e400000, 0x000000017e800000|  0%| F|  |TAMS 0x000000017e400000, 0x000000017e400000| Untracked 
|1010|0x000000017e800000, 0x000000017e800000, 0x000000017ec00000|  0%| F|  |TAMS 0x000000017e800000, 0x000000017e800000| Untracked 
|1011|0x000000017ec00000, 0x000000017ec00000, 0x000000017f000000|  0%| F|  |TAMS 0x000000017ec00000, 0x000000017ec00000| Untracked 
|1012|0x000000017f000000, 0x000000017f000000, 0x000000017f400000|  0%| F|  |TAMS 0x000000017f000000, 0x000000017f000000| Untracked 
|1013|0x000000017f400000, 0x000000017f400000, 0x000000017f800000|  0%| F|  |TAMS 0x000000017f400000, 0x000000017f400000| Untracked 
|1014|0x000000017f800000, 0x000000017f800000, 0x000000017fc00000|  0%| F|  |TAMS 0x000000017f800000, 0x000000017f800000| Untracked 
|1015|0x000000017fc00000, 0x000000017fc00000, 0x0000000180000000|  0%| F|  |TAMS 0x000000017fc00000, 0x000000017fc00000| Untracked 
|1016|0x0000000180000000, 0x0000000180000000, 0x0000000180400000|  0%| F|  |TAMS 0x0000000180000000, 0x0000000180000000| Untracked 
|1017|0x0000000180400000, 0x0000000180400000, 0x0000000180800000|  0%| F|  |TAMS 0x0000000180400000, 0x0000000180400000| Untracked 
|1018|0x0000000180800000, 0x0000000180800000, 0x0000000180c00000|  0%| F|  |TAMS 0x0000000180800000, 0x0000000180800000| Untracked 
|1019|0x0000000180c00000, 0x0000000180c00000, 0x0000000181000000|  0%| F|  |TAMS 0x0000000180c00000, 0x0000000180c00000| Untracked 
|1020|0x0000000181000000, 0x0000000181000000, 0x0000000181400000|  0%| F|  |TAMS 0x0000000181000000, 0x0000000181000000| Untracked 
|1021|0x0000000181400000, 0x0000000181400000, 0x0000000181800000|  0%| F|  |TAMS 0x0000000181400000, 0x0000000181400000| Untracked 
|1022|0x0000000181800000, 0x0000000181800000, 0x0000000181c00000|  0%| F|  |TAMS 0x0000000181800000, 0x0000000181800000| Untracked 
|1023|0x0000000181c00000, 0x0000000181c00000, 0x0000000182000000|  0%| F|  |TAMS 0x0000000181c00000, 0x0000000181c00000| Untracked 
|1024|0x0000000182000000, 0x0000000182000000, 0x0000000182400000|  0%| F|  |TAMS 0x0000000182000000, 0x0000000182000000| Untracked 
|1025|0x0000000182400000, 0x0000000182400000, 0x0000000182800000|  0%| F|  |TAMS 0x0000000182400000, 0x0000000182400000| Untracked 
|1026|0x0000000182800000, 0x0000000182800000, 0x0000000182c00000|  0%| F|  |TAMS 0x0000000182800000, 0x0000000182800000| Untracked 
|1027|0x0000000182c00000, 0x0000000182c00000, 0x0000000183000000|  0%| F|  |TAMS 0x0000000182c00000, 0x0000000182c00000| Untracked 
|1028|0x0000000183000000, 0x0000000183000000, 0x0000000183400000|  0%| F|  |TAMS 0x0000000183000000, 0x0000000183000000| Untracked 
|1029|0x0000000183400000, 0x0000000183400000, 0x0000000183800000|  0%| F|  |TAMS 0x0000000183400000, 0x0000000183400000| Untracked 
|1030|0x0000000183800000, 0x0000000183800000, 0x0000000183c00000|  0%| F|  |TAMS 0x0000000183800000, 0x0000000183800000| Untracked 
|1031|0x0000000183c00000, 0x0000000183c00000, 0x0000000184000000|  0%| F|  |TAMS 0x0000000183c00000, 0x0000000183c00000| Untracked 
|1032|0x0000000184000000, 0x0000000184000000, 0x0000000184400000|  0%| F|  |TAMS 0x0000000184000000, 0x0000000184000000| Untracked 
|1033|0x0000000184400000, 0x0000000184400000, 0x0000000184800000|  0%| F|  |TAMS 0x0000000184400000, 0x0000000184400000| Untracked 
|1034|0x0000000184800000, 0x0000000184800000, 0x0000000184c00000|  0%| F|  |TAMS 0x0000000184800000, 0x0000000184800000| Untracked 
|1035|0x0000000184c00000, 0x0000000184c00000, 0x0000000185000000|  0%| F|  |TAMS 0x0000000184c00000, 0x0000000184c00000| Untracked 
|1036|0x0000000185000000, 0x0000000185000000, 0x0000000185400000|  0%| F|  |TAMS 0x0000000185000000, 0x0000000185000000| Untracked 
|1037|0x0000000185400000, 0x0000000185400000, 0x0000000185800000|  0%| F|  |TAMS 0x0000000185400000, 0x0000000185400000| Untracked 
|1038|0x0000000185800000, 0x0000000185800000, 0x0000000185c00000|  0%| F|  |TAMS 0x0000000185800000, 0x0000000185800000| Untracked 
|1039|0x0000000185c00000, 0x0000000185c00000, 0x0000000186000000|  0%| F|  |TAMS 0x0000000185c00000, 0x0000000185c00000| Untracked 
|1040|0x0000000186000000, 0x0000000186000000, 0x0000000186400000|  0%| F|  |TAMS 0x0000000186000000, 0x0000000186000000| Untracked 
|1041|0x0000000186400000, 0x0000000186400000, 0x0000000186800000|  0%| F|  |TAMS 0x0000000186400000, 0x0000000186400000| Untracked 
|1042|0x0000000186800000, 0x0000000186800000, 0x0000000186c00000|  0%| F|  |TAMS 0x0000000186800000, 0x0000000186800000| Untracked 
|1043|0x0000000186c00000, 0x0000000186c00000, 0x0000000187000000|  0%| F|  |TAMS 0x0000000186c00000, 0x0000000186c00000| Untracked 
|1044|0x0000000187000000, 0x0000000187000000, 0x0000000187400000|  0%| F|  |TAMS 0x0000000187000000, 0x0000000187000000| Untracked 
|1045|0x0000000187400000, 0x0000000187400000, 0x0000000187800000|  0%| F|  |TAMS 0x0000000187400000, 0x0000000187400000| Untracked 
|1046|0x0000000187800000, 0x0000000187800000, 0x0000000187c00000|  0%| F|  |TAMS 0x0000000187800000, 0x0000000187800000| Untracked 
|1047|0x0000000187c00000, 0x0000000187c00000, 0x0000000188000000|  0%| F|  |TAMS 0x0000000187c00000, 0x0000000187c00000| Untracked 
|1048|0x0000000188000000, 0x0000000188000000, 0x0000000188400000|  0%| F|  |TAMS 0x0000000188000000, 0x0000000188000000| Untracked 
|1049|0x0000000188400000, 0x0000000188400000, 0x0000000188800000|  0%| F|  |TAMS 0x0000000188400000, 0x0000000188400000| Untracked 
|1050|0x0000000188800000, 0x0000000188800000, 0x0000000188c00000|  0%| F|  |TAMS 0x0000000188800000, 0x0000000188800000| Untracked 
|1051|0x0000000188c00000, 0x0000000188c00000, 0x0000000189000000|  0%| F|  |TAMS 0x0000000188c00000, 0x0000000188c00000| Untracked 
|1052|0x0000000189000000, 0x0000000189000000, 0x0000000189400000|  0%| F|  |TAMS 0x0000000189000000, 0x0000000189000000| Untracked 
|1053|0x0000000189400000, 0x0000000189400000, 0x0000000189800000|  0%| F|  |TAMS 0x0000000189400000, 0x0000000189400000| Untracked 
|1054|0x0000000189800000, 0x0000000189800000, 0x0000000189c00000|  0%| F|  |TAMS 0x0000000189800000, 0x0000000189800000| Untracked 
|1055|0x0000000189c00000, 0x0000000189c00000, 0x000000018a000000|  0%| F|  |TAMS 0x0000000189c00000, 0x0000000189c00000| Untracked 
|1056|0x000000018a000000, 0x000000018a000000, 0x000000018a400000|  0%| F|  |TAMS 0x000000018a000000, 0x000000018a000000| Untracked 
|1057|0x000000018a400000, 0x000000018a400000, 0x000000018a800000|  0%| F|  |TAMS 0x000000018a400000, 0x000000018a400000| Untracked 
|1058|0x000000018a800000, 0x000000018a800000, 0x000000018ac00000|  0%| F|  |TAMS 0x000000018a800000, 0x000000018a800000| Untracked 
|1059|0x000000018ac00000, 0x000000018ac00000, 0x000000018b000000|  0%| F|  |TAMS 0x000000018ac00000, 0x000000018ac00000| Untracked 
|1060|0x000000018b000000, 0x000000018b000000, 0x000000018b400000|  0%| F|  |TAMS 0x000000018b000000, 0x000000018b000000| Untracked 
|1061|0x000000018b400000, 0x000000018b400000, 0x000000018b800000|  0%| F|  |TAMS 0x000000018b400000, 0x000000018b400000| Untracked 
|1062|0x000000018b800000, 0x000000018b800000, 0x000000018bc00000|  0%| F|  |TAMS 0x000000018b800000, 0x000000018b800000| Untracked 
|1063|0x000000018bc00000, 0x000000018bc00000, 0x000000018c000000|  0%| F|  |TAMS 0x000000018bc00000, 0x000000018bc00000| Untracked 
|1064|0x000000018c000000, 0x000000018c000000, 0x000000018c400000|  0%| F|  |TAMS 0x000000018c000000, 0x000000018c000000| Untracked 
|1065|0x000000018c400000, 0x000000018c400000, 0x000000018c800000|  0%| F|  |TAMS 0x000000018c400000, 0x000000018c400000| Untracked 
|1066|0x000000018c800000, 0x000000018c800000, 0x000000018cc00000|  0%| F|  |TAMS 0x000000018c800000, 0x000000018c800000| Untracked 
|1067|0x000000018cc00000, 0x000000018cc00000, 0x000000018d000000|  0%| F|  |TAMS 0x000000018cc00000, 0x000000018cc00000| Untracked 
|1068|0x000000018d000000, 0x000000018d000000, 0x000000018d400000|  0%| F|  |TAMS 0x000000018d000000, 0x000000018d000000| Untracked 
|1069|0x000000018d400000, 0x000000018d400000, 0x000000018d800000|  0%| F|  |TAMS 0x000000018d400000, 0x000000018d400000| Untracked 
|1070|0x000000018d800000, 0x000000018d800000, 0x000000018dc00000|  0%| F|  |TAMS 0x000000018d800000, 0x000000018d800000| Untracked 
|1071|0x000000018dc00000, 0x000000018dc00000, 0x000000018e000000|  0%| F|  |TAMS 0x000000018dc00000, 0x000000018dc00000| Untracked 
|1072|0x000000018e000000, 0x000000018e000000, 0x000000018e400000|  0%| F|  |TAMS 0x000000018e000000, 0x000000018e000000| Untracked 
|1073|0x000000018e400000, 0x000000018e400000, 0x000000018e800000|  0%| F|  |TAMS 0x000000018e400000, 0x000000018e400000| Untracked 
|1074|0x000000018e800000, 0x000000018e800000, 0x000000018ec00000|  0%| F|  |TAMS 0x000000018e800000, 0x000000018e800000| Untracked 
|1075|0x000000018ec00000, 0x000000018ec00000, 0x000000018f000000|  0%| F|  |TAMS 0x000000018ec00000, 0x000000018ec00000| Untracked 
|1076|0x000000018f000000, 0x000000018f000000, 0x000000018f400000|  0%| F|  |TAMS 0x000000018f000000, 0x000000018f000000| Untracked 
|1077|0x000000018f400000, 0x000000018f400000, 0x000000018f800000|  0%| F|  |TAMS 0x000000018f400000, 0x000000018f400000| Untracked 
|1078|0x000000018f800000, 0x000000018f800000, 0x000000018fc00000|  0%| F|  |TAMS 0x000000018f800000, 0x000000018f800000| Untracked 
|1079|0x000000018fc00000, 0x000000018fc00000, 0x0000000190000000|  0%| F|  |TAMS 0x000000018fc00000, 0x000000018fc00000| Untracked 
|1080|0x0000000190000000, 0x0000000190000000, 0x0000000190400000|  0%| F|  |TAMS 0x0000000190000000, 0x0000000190000000| Untracked 
|1081|0x0000000190400000, 0x0000000190400000, 0x0000000190800000|  0%| F|  |TAMS 0x0000000190400000, 0x0000000190400000| Untracked 
|1082|0x0000000190800000, 0x0000000190800000, 0x0000000190c00000|  0%| F|  |TAMS 0x0000000190800000, 0x0000000190800000| Untracked 
|1083|0x0000000190c00000, 0x0000000190c00000, 0x0000000191000000|  0%| F|  |TAMS 0x0000000190c00000, 0x0000000190c00000| Untracked 
|1084|0x0000000191000000, 0x0000000191000000, 0x0000000191400000|  0%| F|  |TAMS 0x0000000191000000, 0x0000000191000000| Untracked 
|1085|0x0000000191400000, 0x0000000191400000, 0x0000000191800000|  0%| F|  |TAMS 0x0000000191400000, 0x0000000191400000| Untracked 
|1086|0x0000000191800000, 0x0000000191800000, 0x0000000191c00000|  0%| F|  |TAMS 0x0000000191800000, 0x0000000191800000| Untracked 
|1087|0x0000000191c00000, 0x0000000191c00000, 0x0000000192000000|  0%| F|  |TAMS 0x0000000191c00000, 0x0000000191c00000| Untracked 
|1088|0x0000000192000000, 0x0000000192000000, 0x0000000192400000|  0%| F|  |TAMS 0x0000000192000000, 0x0000000192000000| Untracked 
|1089|0x0000000192400000, 0x0000000192400000, 0x0000000192800000|  0%| F|  |TAMS 0x0000000192400000, 0x0000000192400000| Untracked 
|1090|0x0000000192800000, 0x0000000192800000, 0x0000000192c00000|  0%| F|  |TAMS 0x0000000192800000, 0x0000000192800000| Untracked 
|1091|0x0000000192c00000, 0x0000000192c00000, 0x0000000193000000|  0%| F|  |TAMS 0x0000000192c00000, 0x0000000192c00000| Untracked 
|1092|0x0000000193000000, 0x0000000193000000, 0x0000000193400000|  0%| F|  |TAMS 0x0000000193000000, 0x0000000193000000| Untracked 
|1093|0x0000000193400000, 0x0000000193400000, 0x0000000193800000|  0%| F|  |TAMS 0x0000000193400000, 0x0000000193400000| Untracked 
|1094|0x0000000193800000, 0x0000000193800000, 0x0000000193c00000|  0%| F|  |TAMS 0x0000000193800000, 0x0000000193800000| Untracked 
|1095|0x0000000193c00000, 0x0000000193c00000, 0x0000000194000000|  0%| F|  |TAMS 0x0000000193c00000, 0x0000000193c00000| Untracked 
|1096|0x0000000194000000, 0x0000000194000000, 0x0000000194400000|  0%| F|  |TAMS 0x0000000194000000, 0x0000000194000000| Untracked 
|1097|0x0000000194400000, 0x0000000194400000, 0x0000000194800000|  0%| F|  |TAMS 0x0000000194400000, 0x0000000194400000| Untracked 
|1098|0x0000000194800000, 0x0000000194800000, 0x0000000194c00000|  0%| F|  |TAMS 0x0000000194800000, 0x0000000194800000| Untracked 
|1099|0x0000000194c00000, 0x0000000194c00000, 0x0000000195000000|  0%| F|  |TAMS 0x0000000194c00000, 0x0000000194c00000| Untracked 
|1100|0x0000000195000000, 0x0000000195000000, 0x0000000195400000|  0%| F|  |TAMS 0x0000000195000000, 0x0000000195000000| Untracked 
|1101|0x0000000195400000, 0x0000000195400000, 0x0000000195800000|  0%| F|  |TAMS 0x0000000195400000, 0x0000000195400000| Untracked 
|1102|0x0000000195800000, 0x0000000195800000, 0x0000000195c00000|  0%| F|  |TAMS 0x0000000195800000, 0x0000000195800000| Untracked 
|1103|0x0000000195c00000, 0x0000000195c00000, 0x0000000196000000|  0%| F|  |TAMS 0x0000000195c00000, 0x0000000195c00000| Untracked 
|1104|0x0000000196000000, 0x0000000196000000, 0x0000000196400000|  0%| F|  |TAMS 0x0000000196000000, 0x0000000196000000| Untracked 
|1105|0x0000000196400000, 0x0000000196400000, 0x0000000196800000|  0%| F|  |TAMS 0x0000000196400000, 0x0000000196400000| Untracked 
|1106|0x0000000196800000, 0x0000000196800000, 0x0000000196c00000|  0%| F|  |TAMS 0x0000000196800000, 0x0000000196800000| Untracked 
|1107|0x0000000196c00000, 0x0000000196c00000, 0x0000000197000000|  0%| F|  |TAMS 0x0000000196c00000, 0x0000000196c00000| Untracked 
|1108|0x0000000197000000, 0x0000000197000000, 0x0000000197400000|  0%| F|  |TAMS 0x0000000197000000, 0x0000000197000000| Untracked 
|1109|0x0000000197400000, 0x0000000197400000, 0x0000000197800000|  0%| F|  |TAMS 0x0000000197400000, 0x0000000197400000| Untracked 
|1110|0x0000000197800000, 0x0000000197800000, 0x0000000197c00000|  0%| F|  |TAMS 0x0000000197800000, 0x0000000197800000| Untracked 
|1111|0x0000000197c00000, 0x0000000197c00000, 0x0000000198000000|  0%| F|  |TAMS 0x0000000197c00000, 0x0000000197c00000| Untracked 
|1112|0x0000000198000000, 0x0000000198000000, 0x0000000198400000|  0%| F|  |TAMS 0x0000000198000000, 0x0000000198000000| Untracked 
|1113|0x0000000198400000, 0x0000000198400000, 0x0000000198800000|  0%| F|  |TAMS 0x0000000198400000, 0x0000000198400000| Untracked 
|1114|0x0000000198800000, 0x0000000198800000, 0x0000000198c00000|  0%| F|  |TAMS 0x0000000198800000, 0x0000000198800000| Untracked 
|1115|0x0000000198c00000, 0x0000000198c00000, 0x0000000199000000|  0%| F|  |TAMS 0x0000000198c00000, 0x0000000198c00000| Untracked 
|1116|0x0000000199000000, 0x0000000199000000, 0x0000000199400000|  0%| F|  |TAMS 0x0000000199000000, 0x0000000199000000| Untracked 
|1117|0x0000000199400000, 0x0000000199400000, 0x0000000199800000|  0%| F|  |TAMS 0x0000000199400000, 0x0000000199400000| Untracked 
|1118|0x0000000199800000, 0x0000000199800000, 0x0000000199c00000|  0%| F|  |TAMS 0x0000000199800000, 0x0000000199800000| Untracked 
|1119|0x0000000199c00000, 0x0000000199c00000, 0x000000019a000000|  0%| F|  |TAMS 0x0000000199c00000, 0x0000000199c00000| Untracked 
|1120|0x000000019a000000, 0x000000019a000000, 0x000000019a400000|  0%| F|  |TAMS 0x000000019a000000, 0x000000019a000000| Untracked 
|1121|0x000000019a400000, 0x000000019a400000, 0x000000019a800000|  0%| F|  |TAMS 0x000000019a400000, 0x000000019a400000| Untracked 
|1122|0x000000019a800000, 0x000000019a800000, 0x000000019ac00000|  0%| F|  |TAMS 0x000000019a800000, 0x000000019a800000| Untracked 
|1123|0x000000019ac00000, 0x000000019ac00000, 0x000000019b000000|  0%| F|  |TAMS 0x000000019ac00000, 0x000000019ac00000| Untracked 
|1124|0x000000019b000000, 0x000000019b000000, 0x000000019b400000|  0%| F|  |TAMS 0x000000019b000000, 0x000000019b000000| Untracked 
|1125|0x000000019b400000, 0x000000019b400000, 0x000000019b800000|  0%| F|  |TAMS 0x000000019b400000, 0x000000019b400000| Untracked 
|1126|0x000000019b800000, 0x000000019b800000, 0x000000019bc00000|  0%| F|  |TAMS 0x000000019b800000, 0x000000019b800000| Untracked 
|1127|0x000000019bc00000, 0x000000019bc00000, 0x000000019c000000|  0%| F|  |TAMS 0x000000019bc00000, 0x000000019bc00000| Untracked 
|1128|0x000000019c000000, 0x000000019c000000, 0x000000019c400000|  0%| F|  |TAMS 0x000000019c000000, 0x000000019c000000| Untracked 
|1129|0x000000019c400000, 0x000000019c400000, 0x000000019c800000|  0%| F|  |TAMS 0x000000019c400000, 0x000000019c400000| Untracked 
|1130|0x000000019c800000, 0x000000019c800000, 0x000000019cc00000|  0%| F|  |TAMS 0x000000019c800000, 0x000000019c800000| Untracked 
|1131|0x000000019cc00000, 0x000000019cc00000, 0x000000019d000000|  0%| F|  |TAMS 0x000000019cc00000, 0x000000019cc00000| Untracked 
|1132|0x000000019d000000, 0x000000019d000000, 0x000000019d400000|  0%| F|  |TAMS 0x000000019d000000, 0x000000019d000000| Untracked 
|1133|0x000000019d400000, 0x000000019d400000, 0x000000019d800000|  0%| F|  |TAMS 0x000000019d400000, 0x000000019d400000| Untracked 
|1134|0x000000019d800000, 0x000000019d800000, 0x000000019dc00000|  0%| F|  |TAMS 0x000000019d800000, 0x000000019d800000| Untracked 
|1135|0x000000019dc00000, 0x000000019dc00000, 0x000000019e000000|  0%| F|  |TAMS 0x000000019dc00000, 0x000000019dc00000| Untracked 
|1136|0x000000019e000000, 0x000000019e000000, 0x000000019e400000|  0%| F|  |TAMS 0x000000019e000000, 0x000000019e000000| Untracked 
|1137|0x000000019e400000, 0x000000019e400000, 0x000000019e800000|  0%| F|  |TAMS 0x000000019e400000, 0x000000019e400000| Untracked 
|1138|0x000000019e800000, 0x000000019e800000, 0x000000019ec00000|  0%| F|  |TAMS 0x000000019e800000, 0x000000019e800000| Untracked 
|1139|0x000000019ec00000, 0x000000019ec00000, 0x000000019f000000|  0%| F|  |TAMS 0x000000019ec00000, 0x000000019ec00000| Untracked 
|1140|0x000000019f000000, 0x000000019f000000, 0x000000019f400000|  0%| F|  |TAMS 0x000000019f000000, 0x000000019f000000| Untracked 
|1141|0x000000019f400000, 0x000000019f400000, 0x000000019f800000|  0%| F|  |TAMS 0x000000019f400000, 0x000000019f400000| Untracked 
|1142|0x000000019f800000, 0x000000019f800000, 0x000000019fc00000|  0%| F|  |TAMS 0x000000019f800000, 0x000000019f800000| Untracked 
|1143|0x000000019fc00000, 0x000000019fc00000, 0x00000001a0000000|  0%| F|  |TAMS 0x000000019fc00000, 0x000000019fc00000| Untracked 
|1144|0x00000001a0000000, 0x00000001a0000000, 0x00000001a0400000|  0%| F|  |TAMS 0x00000001a0000000, 0x00000001a0000000| Untracked 
|1145|0x00000001a0400000, 0x00000001a0400000, 0x00000001a0800000|  0%| F|  |TAMS 0x00000001a0400000, 0x00000001a0400000| Untracked 
|1146|0x00000001a0800000, 0x00000001a0800000, 0x00000001a0c00000|  0%| F|  |TAMS 0x00000001a0800000, 0x00000001a0800000| Untracked 
|1147|0x00000001a0c00000, 0x00000001a0c00000, 0x00000001a1000000|  0%| F|  |TAMS 0x00000001a0c00000, 0x00000001a0c00000| Untracked 
|1148|0x00000001a1000000, 0x00000001a1000000, 0x00000001a1400000|  0%| F|  |TAMS 0x00000001a1000000, 0x00000001a1000000| Untracked 
|1149|0x00000001a1400000, 0x00000001a1400000, 0x00000001a1800000|  0%| F|  |TAMS 0x00000001a1400000, 0x00000001a1400000| Untracked 
|1150|0x00000001a1800000, 0x00000001a1c00000, 0x00000001a1c00000|100%| E|CS|TAMS 0x00000001a1800000, 0x00000001a1800000| Complete 
|1151|0x00000001a1c00000, 0x00000001a2000000, 0x00000001a2000000|100%| E|CS|TAMS 0x00000001a1c00000, 0x00000001a1c00000| Complete 
|1152|0x00000001a2000000, 0x00000001a2400000, 0x00000001a2400000|100%| E|CS|TAMS 0x00000001a2000000, 0x00000001a2000000| Complete 
|1153|0x00000001a2400000, 0x00000001a2800000, 0x00000001a2800000|100%| E|CS|TAMS 0x00000001a2400000, 0x00000001a2400000| Complete 
|1154|0x00000001a2800000, 0x00000001a2c00000, 0x00000001a2c00000|100%| E|CS|TAMS 0x00000001a2800000, 0x00000001a2800000| Complete 
|1155|0x00000001a2c00000, 0x00000001a3000000, 0x00000001a3000000|100%| E|CS|TAMS 0x00000001a2c00000, 0x00000001a2c00000| Complete 
|1156|0x00000001a3000000, 0x00000001a3400000, 0x00000001a3400000|100%| E|CS|TAMS 0x00000001a3000000, 0x00000001a3000000| Complete 
|1157|0x00000001a3400000, 0x00000001a3800000, 0x00000001a3800000|100%| E|CS|TAMS 0x00000001a3400000, 0x00000001a3400000| Complete 
|1158|0x00000001a3800000, 0x00000001a3c00000, 0x00000001a3c00000|100%| E|CS|TAMS 0x00000001a3800000, 0x00000001a3800000| Complete 
|1159|0x00000001a3c00000, 0x00000001a4000000, 0x00000001a4000000|100%| E|CS|TAMS 0x00000001a3c00000, 0x00000001a3c00000| Complete 
|1160|0x00000001a4000000, 0x00000001a4400000, 0x00000001a4400000|100%| E|CS|TAMS 0x00000001a4000000, 0x00000001a4000000| Complete 
|1161|0x00000001a4400000, 0x00000001a4800000, 0x00000001a4800000|100%| E|CS|TAMS 0x00000001a4400000, 0x00000001a4400000| Complete 
|1162|0x00000001a4800000, 0x00000001a4c00000, 0x00000001a4c00000|100%| E|CS|TAMS 0x00000001a4800000, 0x00000001a4800000| Complete 
|1163|0x00000001a4c00000, 0x00000001a5000000, 0x00000001a5000000|100%| E|CS|TAMS 0x00000001a4c00000, 0x00000001a4c00000| Complete 
|1164|0x00000001a5000000, 0x00000001a5400000, 0x00000001a5400000|100%| E|CS|TAMS 0x00000001a5000000, 0x00000001a5000000| Complete 
|1165|0x00000001a5400000, 0x00000001a5800000, 0x00000001a5800000|100%| E|CS|TAMS 0x00000001a5400000, 0x00000001a5400000| Complete 
|1166|0x00000001a5800000, 0x00000001a5c00000, 0x00000001a5c00000|100%| E|CS|TAMS 0x00000001a5800000, 0x00000001a5800000| Complete 
|1167|0x00000001a5c00000, 0x00000001a6000000, 0x00000001a6000000|100%| E|CS|TAMS 0x00000001a5c00000, 0x00000001a5c00000| Complete 
|1168|0x00000001a6000000, 0x00000001a6400000, 0x00000001a6400000|100%| E|CS|TAMS 0x00000001a6000000, 0x00000001a6000000| Complete 
|1169|0x00000001a6400000, 0x00000001a6800000, 0x00000001a6800000|100%| E|CS|TAMS 0x00000001a6400000, 0x00000001a6400000| Complete 
|1170|0x00000001a6800000, 0x00000001a6c00000, 0x00000001a6c00000|100%| E|CS|TAMS 0x00000001a6800000, 0x00000001a6800000| Complete 
|1171|0x00000001a6c00000, 0x00000001a7000000, 0x00000001a7000000|100%| E|CS|TAMS 0x00000001a6c00000, 0x00000001a6c00000| Complete 
|1172|0x00000001a7000000, 0x00000001a7400000, 0x00000001a7400000|100%| E|CS|TAMS 0x00000001a7000000, 0x00000001a7000000| Complete 
|1173|0x00000001a7400000, 0x00000001a7800000, 0x00000001a7800000|100%| E|CS|TAMS 0x00000001a7400000, 0x00000001a7400000| Complete 
|1174|0x00000001a7800000, 0x00000001a7c00000, 0x00000001a7c00000|100%| E|CS|TAMS 0x00000001a7800000, 0x00000001a7800000| Complete 
|1175|0x00000001a7c00000, 0x00000001a8000000, 0x00000001a8000000|100%| E|CS|TAMS 0x00000001a7c00000, 0x00000001a7c00000| Complete 
|1176|0x00000001a8000000, 0x00000001a8400000, 0x00000001a8400000|100%| E|CS|TAMS 0x00000001a8000000, 0x00000001a8000000| Complete 
|1177|0x00000001a8400000, 0x00000001a8800000, 0x00000001a8800000|100%| E|CS|TAMS 0x00000001a8400000, 0x00000001a8400000| Complete 
|1178|0x00000001a8800000, 0x00000001a8c00000, 0x00000001a8c00000|100%| E|CS|TAMS 0x00000001a8800000, 0x00000001a8800000| Complete 
|1179|0x00000001a8c00000, 0x00000001a9000000, 0x00000001a9000000|100%| E|CS|TAMS 0x00000001a8c00000, 0x00000001a8c00000| Complete 
|1180|0x00000001a9000000, 0x00000001a9400000, 0x00000001a9400000|100%| E|CS|TAMS 0x00000001a9000000, 0x00000001a9000000| Complete 
|1181|0x00000001a9400000, 0x00000001a9800000, 0x00000001a9800000|100%| E|CS|TAMS 0x00000001a9400000, 0x00000001a9400000| Complete 
|1182|0x00000001a9800000, 0x00000001a9c00000, 0x00000001a9c00000|100%| E|CS|TAMS 0x00000001a9800000, 0x00000001a9800000| Complete 
|1183|0x00000001a9c00000, 0x00000001aa000000, 0x00000001aa000000|100%| E|CS|TAMS 0x00000001a9c00000, 0x00000001a9c00000| Complete 
|1184|0x00000001aa000000, 0x00000001aa400000, 0x00000001aa400000|100%| E|CS|TAMS 0x00000001aa000000, 0x00000001aa000000| Complete 
|1185|0x00000001aa400000, 0x00000001aa400000, 0x00000001aa800000|  0%| F|  |TAMS 0x00000001aa400000, 0x00000001aa400000| Untracked 
|1186|0x00000001aa800000, 0x00000001aa800000, 0x00000001aac00000|  0%| F|  |TAMS 0x00000001aa800000, 0x00000001aa800000| Untracked 
|1187|0x00000001aac00000, 0x00000001aac00000, 0x00000001ab000000|  0%| F|  |TAMS 0x00000001aac00000, 0x00000001aac00000| Untracked 
|1188|0x00000001ab000000, 0x00000001ab000000, 0x00000001ab400000|  0%| F|  |TAMS 0x00000001ab000000, 0x00000001ab000000| Untracked 
|1189|0x00000001ab400000, 0x00000001ab800000, 0x00000001ab800000|100%| S|  |TAMS 0x00000001ab400000, 0x00000001ab400000| Complete 
|1190|0x00000001ab800000, 0x00000001abc00000, 0x00000001abc00000|100%| S|  |TAMS 0x00000001ab800000, 0x00000001ab800000| Complete 
|1191|0x00000001abc00000, 0x00000001ac000000, 0x00000001ac000000|100%| S|  |TAMS 0x00000001abc00000, 0x00000001abc00000| Complete 
|1192|0x00000001ac000000, 0x00000001ac400000, 0x00000001ac400000|100%| S|  |TAMS 0x00000001ac000000, 0x00000001ac000000| Complete 
|1193|0x00000001ac400000, 0x00000001ac800000, 0x00000001ac800000|100%| S|  |TAMS 0x00000001ac400000, 0x00000001ac400000| Complete 
|1194|0x00000001ac800000, 0x00000001acc00000, 0x00000001acc00000|100%| S|  |TAMS 0x00000001ac800000, 0x00000001ac800000| Complete 
|1195|0x00000001acc00000, 0x00000001ad000000, 0x00000001ad000000|100%| S|  |TAMS 0x00000001acc00000, 0x00000001acc00000| Complete 
|1196|0x00000001ad000000, 0x00000001ad400000, 0x00000001ad400000|100%| S|  |TAMS 0x00000001ad000000, 0x00000001ad000000| Complete 
|1197|0x00000001ad400000, 0x00000001ad800000, 0x00000001ad800000|100%| S|  |TAMS 0x00000001ad400000, 0x00000001ad400000| Complete 
|1198|0x00000001ad800000, 0x00000001adc00000, 0x00000001adc00000|100%| S|  |TAMS 0x00000001ad800000, 0x00000001ad800000| Complete 
|1199|0x00000001adc00000, 0x00000001ae000000, 0x00000001ae000000|100%| S|  |TAMS 0x00000001adc00000, 0x00000001adc00000| Complete 
|1200|0x00000001ae000000, 0x00000001ae400000, 0x00000001ae400000|100%| S|  |TAMS 0x00000001ae000000, 0x00000001ae000000| Complete 
|1201|0x00000001ae400000, 0x00000001ae800000, 0x00000001ae800000|100%| S|  |TAMS 0x00000001ae400000, 0x00000001ae400000| Complete 
|1202|0x00000001ae800000, 0x00000001aec00000, 0x00000001aec00000|100%| S|  |TAMS 0x00000001ae800000, 0x00000001ae800000| Complete 
|1203|0x00000001aec00000, 0x00000001af000000, 0x00000001af000000|100%| S|  |TAMS 0x00000001aec00000, 0x00000001aec00000| Complete 
|1204|0x00000001af000000, 0x00000001af400000, 0x00000001af400000|100%| S|  |TAMS 0x00000001af000000, 0x00000001af000000| Complete 
|1205|0x00000001af400000, 0x00000001af800000, 0x00000001af800000|100%| S|  |TAMS 0x00000001af400000, 0x00000001af400000| Complete 
|1206|0x00000001af800000, 0x00000001afc00000, 0x00000001afc00000|100%| S|  |TAMS 0x00000001af800000, 0x00000001af800000| Complete 
|1207|0x00000001afc00000, 0x00000001b0000000, 0x00000001b0000000|100%| S|  |TAMS 0x00000001afc00000, 0x00000001afc00000| Complete 
|1208|0x00000001b0000000, 0x00000001b0400000, 0x00000001b0400000|100%| S|  |TAMS 0x00000001b0000000, 0x00000001b0000000| Complete 
|1209|0x00000001b0400000, 0x00000001b0800000, 0x00000001b0800000|100%| S|  |TAMS 0x00000001b0400000, 0x00000001b0400000| Complete 
|1210|0x00000001b0800000, 0x00000001b0c00000, 0x00000001b0c00000|100%| S|  |TAMS 0x00000001b0800000, 0x00000001b0800000| Complete 
|1211|0x00000001b0c00000, 0x00000001b1000000, 0x00000001b1000000|100%| S|  |TAMS 0x00000001b0c00000, 0x00000001b0c00000| Complete 
|1212|0x00000001b1000000, 0x00000001b1400000, 0x00000001b1400000|100%| S|  |TAMS 0x00000001b1000000, 0x00000001b1000000| Complete 
|1213|0x00000001b1400000, 0x00000001b1800000, 0x00000001b1800000|100%| S|  |TAMS 0x00000001b1400000, 0x00000001b1400000| Complete 
|1214|0x00000001b1800000, 0x00000001b1c00000, 0x00000001b1c00000|100%| S|  |TAMS 0x00000001b1800000, 0x00000001b1800000| Complete 
|1215|0x00000001b1c00000, 0x00000001b2000000, 0x00000001b2000000|100%| S|  |TAMS 0x00000001b1c00000, 0x00000001b1c00000| Complete 
|1216|0x00000001b2000000, 0x00000001b2400000, 0x00000001b2400000|100%| S|  |TAMS 0x00000001b2000000, 0x00000001b2000000| Complete 
|1217|0x00000001b2400000, 0x00000001b2800000, 0x00000001b2800000|100%| S|  |TAMS 0x00000001b2400000, 0x00000001b2400000| Complete 
|1218|0x00000001b2800000, 0x00000001b2c00000, 0x00000001b2c00000|100%| S|  |TAMS 0x00000001b2800000, 0x00000001b2800000| Complete 
|1219|0x00000001b2c00000, 0x00000001b3000000, 0x00000001b3000000|100%| S|  |TAMS 0x00000001b2c00000, 0x00000001b2c00000| Complete 
|1220|0x00000001b3000000, 0x00000001b3400000, 0x00000001b3400000|100%| S|  |TAMS 0x00000001b3000000, 0x00000001b3000000| Complete 
|1221|0x00000001b3400000, 0x00000001b3800000, 0x00000001b3800000|100%| S|  |TAMS 0x00000001b3400000, 0x00000001b3400000| Complete 
|1222|0x00000001b3800000, 0x00000001b3c00000, 0x00000001b3c00000|100%| S|  |TAMS 0x00000001b3800000, 0x00000001b3800000| Complete 
|1223|0x00000001b3c00000, 0x00000001b4000000, 0x00000001b4000000|100%| S|  |TAMS 0x00000001b3c00000, 0x00000001b3c00000| Complete 
|1224|0x00000001b4000000, 0x00000001b4400000, 0x00000001b4400000|100%| S|  |TAMS 0x00000001b4000000, 0x00000001b4000000| Complete 
|1225|0x00000001b4400000, 0x00000001b4800000, 0x00000001b4800000|100%| S|  |TAMS 0x00000001b4400000, 0x00000001b4400000| Complete 
|1226|0x00000001b4800000, 0x00000001b4c00000, 0x00000001b4c00000|100%| S|  |TAMS 0x00000001b4800000, 0x00000001b4800000| Complete 
|1227|0x00000001b4c00000, 0x00000001b5000000, 0x00000001b5000000|100%| S|  |TAMS 0x00000001b4c00000, 0x00000001b4c00000| Complete 
|1228|0x00000001b5000000, 0x00000001b5400000, 0x00000001b5400000|100%| S|  |TAMS 0x00000001b5000000, 0x00000001b5000000| Complete 
|1229|0x00000001b5400000, 0x00000001b5800000, 0x00000001b5800000|100%| S|  |TAMS 0x00000001b5400000, 0x00000001b5400000| Complete 
|1230|0x00000001b5800000, 0x00000001b5c00000, 0x00000001b5c00000|100%| S|  |TAMS 0x00000001b5800000, 0x00000001b5800000| Complete 
|1231|0x00000001b5c00000, 0x00000001b6000000, 0x00000001b6000000|100%| S|  |TAMS 0x00000001b5c00000, 0x00000001b5c00000| Complete 
|1232|0x00000001b6000000, 0x00000001b6400000, 0x00000001b6400000|100%| S|  |TAMS 0x00000001b6000000, 0x00000001b6000000| Complete 
|1233|0x00000001b6400000, 0x00000001b6800000, 0x00000001b6800000|100%| S|  |TAMS 0x00000001b6400000, 0x00000001b6400000| Complete 
|1234|0x00000001b6800000, 0x00000001b6c00000, 0x00000001b6c00000|100%| S|  |TAMS 0x00000001b6800000, 0x00000001b6800000| Complete 
|1235|0x00000001b6c00000, 0x00000001b7000000, 0x00000001b7000000|100%| S|  |TAMS 0x00000001b6c00000, 0x00000001b6c00000| Complete 
|1236|0x00000001b7000000, 0x00000001b7400000, 0x00000001b7400000|100%| S|  |TAMS 0x00000001b7000000, 0x00000001b7000000| Complete 
|1237|0x00000001b7400000, 0x00000001b7800000, 0x00000001b7800000|100%| E|CS|TAMS 0x00000001b7400000, 0x00000001b7400000| Complete 
|1238|0x00000001b7800000, 0x00000001b7c00000, 0x00000001b7c00000|100%| E|CS|TAMS 0x00000001b7800000, 0x00000001b7800000| Complete 
|1239|0x00000001b7c00000, 0x00000001b8000000, 0x00000001b8000000|100%| E|CS|TAMS 0x00000001b7c00000, 0x00000001b7c00000| Complete 
|1240|0x00000001b8000000, 0x00000001b8400000, 0x00000001b8400000|100%| E|CS|TAMS 0x00000001b8000000, 0x00000001b8000000| Complete 
|1241|0x00000001b8400000, 0x00000001b8800000, 0x00000001b8800000|100%| E|CS|TAMS 0x00000001b8400000, 0x00000001b8400000| Complete 
|1242|0x00000001b8800000, 0x00000001b8c00000, 0x00000001b8c00000|100%| E|CS|TAMS 0x00000001b8800000, 0x00000001b8800000| Complete 
|1243|0x00000001b8c00000, 0x00000001b9000000, 0x00000001b9000000|100%| E|CS|TAMS 0x00000001b8c00000, 0x00000001b8c00000| Complete 
|1244|0x00000001b9000000, 0x00000001b9400000, 0x00000001b9400000|100%| E|CS|TAMS 0x00000001b9000000, 0x00000001b9000000| Complete 
|1245|0x00000001b9400000, 0x00000001b9800000, 0x00000001b9800000|100%| E|CS|TAMS 0x00000001b9400000, 0x00000001b9400000| Complete 
|1246|0x00000001b9800000, 0x00000001b9c00000, 0x00000001b9c00000|100%| E|CS|TAMS 0x00000001b9800000, 0x00000001b9800000| Complete 
|1247|0x00000001b9c00000, 0x00000001ba000000, 0x00000001ba000000|100%| E|CS|TAMS 0x00000001b9c00000, 0x00000001b9c00000| Complete 
|1248|0x00000001ba000000, 0x00000001ba400000, 0x00000001ba400000|100%| E|CS|TAMS 0x00000001ba000000, 0x00000001ba000000| Complete 
|1249|0x00000001ba400000, 0x00000001ba800000, 0x00000001ba800000|100%| E|CS|TAMS 0x00000001ba400000, 0x00000001ba400000| Complete 
|1250|0x00000001ba800000, 0x00000001bac00000, 0x00000001bac00000|100%| E|CS|TAMS 0x00000001ba800000, 0x00000001ba800000| Complete 
|1251|0x00000001bac00000, 0x00000001bb000000, 0x00000001bb000000|100%| E|CS|TAMS 0x00000001bac00000, 0x00000001bac00000| Complete 
|1252|0x00000001bb000000, 0x00000001bb400000, 0x00000001bb400000|100%| E|CS|TAMS 0x00000001bb000000, 0x00000001bb000000| Complete 
|1253|0x00000001bb400000, 0x00000001bb800000, 0x00000001bb800000|100%| E|CS|TAMS 0x00000001bb400000, 0x00000001bb400000| Complete 
|1254|0x00000001bb800000, 0x00000001bbc00000, 0x00000001bbc00000|100%| E|CS|TAMS 0x00000001bb800000, 0x00000001bb800000| Complete 
|1255|0x00000001bbc00000, 0x00000001bc000000, 0x00000001bc000000|100%| E|CS|TAMS 0x00000001bbc00000, 0x00000001bbc00000| Complete 
|1256|0x00000001bc000000, 0x00000001bc400000, 0x00000001bc400000|100%| S|  |TAMS 0x00000001bc000000, 0x00000001bc000000| Complete 
|1257|0x00000001bc400000, 0x00000001bc800000, 0x00000001bc800000|100%| S|  |TAMS 0x00000001bc400000, 0x00000001bc400000| Complete 
|1258|0x00000001bc800000, 0x00000001bcc00000, 0x00000001bcc00000|100%| S|  |TAMS 0x00000001bc800000, 0x00000001bc800000| Complete 
|1259|0x00000001bcc00000, 0x00000001bd000000, 0x00000001bd000000|100%| S|  |TAMS 0x00000001bcc00000, 0x00000001bcc00000| Complete 
|1260|0x00000001bd000000, 0x00000001bd400000, 0x00000001bd400000|100%| S|  |TAMS 0x00000001bd000000, 0x00000001bd000000| Complete 
|1261|0x00000001bd400000, 0x00000001bd800000, 0x00000001bd800000|100%| S|  |TAMS 0x00000001bd400000, 0x00000001bd400000| Complete 
|1262|0x00000001bd800000, 0x00000001bdc00000, 0x00000001bdc00000|100%| E|CS|TAMS 0x00000001bd800000, 0x00000001bd800000| Complete 
|1263|0x00000001bdc00000, 0x00000001be000000, 0x00000001be000000|100%| E|CS|TAMS 0x00000001bdc00000, 0x00000001bdc00000| Complete 
|1264|0x00000001be000000, 0x00000001be400000, 0x00000001be400000|100%| E|CS|TAMS 0x00000001be000000, 0x00000001be000000| Complete 
|1265|0x00000001be400000, 0x00000001be800000, 0x00000001be800000|100%| E|CS|TAMS 0x00000001be400000, 0x00000001be400000| Complete 
|1266|0x00000001be800000, 0x00000001bec00000, 0x00000001bec00000|100%| E|CS|TAMS 0x00000001be800000, 0x00000001be800000| Complete 
|1267|0x00000001bec00000, 0x00000001bf000000, 0x00000001bf000000|100%| E|CS|TAMS 0x00000001bec00000, 0x00000001bec00000| Complete 
|1268|0x00000001bf000000, 0x00000001bf400000, 0x00000001bf400000|100%| S|  |TAMS 0x00000001bf000000, 0x00000001bf000000| Complete 
|1269|0x00000001bf400000, 0x00000001bf800000, 0x00000001bf800000|100%| S|  |TAMS 0x00000001bf400000, 0x00000001bf400000| Complete 
|1270|0x00000001bf800000, 0x00000001bfc00000, 0x00000001bfc00000|100%| S|  |TAMS 0x00000001bf800000, 0x00000001bf800000| Complete 
|1271|0x00000001bfc00000, 0x00000001c0000000, 0x00000001c0000000|100%| S|  |TAMS 0x00000001bfc00000, 0x00000001bfc00000| Complete 
|1272|0x00000001c0000000, 0x00000001c0400000, 0x00000001c0400000|100%| S|  |TAMS 0x00000001c0000000, 0x00000001c0000000| Complete 
|1273|0x00000001c0400000, 0x00000001c0800000, 0x00000001c0800000|100%| S|  |TAMS 0x00000001c0400000, 0x00000001c0400000| Complete 
|1274|0x00000001c0800000, 0x00000001c0c00000, 0x00000001c0c00000|100%| E|CS|TAMS 0x00000001c0800000, 0x00000001c0800000| Complete 
|1275|0x00000001c0c00000, 0x00000001c1000000, 0x00000001c1000000|100%| E|CS|TAMS 0x00000001c0c00000, 0x00000001c0c00000| Complete 
|1276|0x00000001c1000000, 0x00000001c1400000, 0x00000001c1400000|100%| E|CS|TAMS 0x00000001c1000000, 0x00000001c1000000| Complete 
|1277|0x00000001c1400000, 0x00000001c1800000, 0x00000001c1800000|100%| E|CS|TAMS 0x00000001c1400000, 0x00000001c1400000| Complete 
|1278|0x00000001c1800000, 0x00000001c1c00000, 0x00000001c1c00000|100%| E|CS|TAMS 0x00000001c1800000, 0x00000001c1800000| Complete 
|1279|0x00000001c1c00000, 0x00000001c2000000, 0x00000001c2000000|100%| E|CS|TAMS 0x00000001c1c00000, 0x00000001c1c00000| Complete 
|1280|0x00000001c2000000, 0x00000001c2400000, 0x00000001c2400000|100%| S|  |TAMS 0x00000001c2000000, 0x00000001c2000000| Complete 
|1281|0x00000001c2400000, 0x00000001c2800000, 0x00000001c2800000|100%| S|  |TAMS 0x00000001c2400000, 0x00000001c2400000| Complete 
|1282|0x00000001c2800000, 0x00000001c2c00000, 0x00000001c2c00000|100%| S|  |TAMS 0x00000001c2800000, 0x00000001c2800000| Complete 
|1283|0x00000001c2c00000, 0x00000001c3000000, 0x00000001c3000000|100%| S|  |TAMS 0x00000001c2c00000, 0x00000001c2c00000| Complete 
|1284|0x00000001c3000000, 0x00000001c3400000, 0x00000001c3400000|100%| S|  |TAMS 0x00000001c3000000, 0x00000001c3000000| Complete 
|1285|0x00000001c3400000, 0x00000001c3800000, 0x00000001c3800000|100%| S|  |TAMS 0x00000001c3400000, 0x00000001c3400000| Complete 
|1286|0x00000001c3800000, 0x00000001c3c00000, 0x00000001c3c00000|100%| S|  |TAMS 0x00000001c3800000, 0x00000001c3800000| Complete 
|1287|0x00000001c3c00000, 0x00000001c4000000, 0x00000001c4000000|100%| E|CS|TAMS 0x00000001c3c00000, 0x00000001c3c00000| Complete 
|1288|0x00000001c4000000, 0x00000001c4400000, 0x00000001c4400000|100%| E|CS|TAMS 0x00000001c4000000, 0x00000001c4000000| Complete 
|1289|0x00000001c4400000, 0x00000001c4800000, 0x00000001c4800000|100%| E|CS|TAMS 0x00000001c4400000, 0x00000001c4400000| Complete 
|1290|0x00000001c4800000, 0x00000001c4c00000, 0x00000001c4c00000|100%| E|CS|TAMS 0x00000001c4800000, 0x00000001c4800000| Complete 
|1291|0x00000001c4c00000, 0x00000001c5000000, 0x00000001c5000000|100%| E|CS|TAMS 0x00000001c4c00000, 0x00000001c4c00000| Complete 
|1292|0x00000001c5000000, 0x00000001c5400000, 0x00000001c5400000|100%| E|CS|TAMS 0x00000001c5000000, 0x00000001c5000000| Complete 
|1293|0x00000001c5400000, 0x00000001c5800000, 0x00000001c5800000|100%| E|CS|TAMS 0x00000001c5400000, 0x00000001c5400000| Complete 
|1294|0x00000001c5800000, 0x00000001c5c00000, 0x00000001c5c00000|100%| E|CS|TAMS 0x00000001c5800000, 0x00000001c5800000| Complete 
|1295|0x00000001c5c00000, 0x00000001c6000000, 0x00000001c6000000|100%| E|CS|TAMS 0x00000001c5c00000, 0x00000001c5c00000| Complete 
|1296|0x00000001c6000000, 0x00000001c6400000, 0x00000001c6400000|100%| E|CS|TAMS 0x00000001c6000000, 0x00000001c6000000| Complete 
|1297|0x00000001c6400000, 0x00000001c6800000, 0x00000001c6800000|100%| E|CS|TAMS 0x00000001c6400000, 0x00000001c6400000| Complete 
|1298|0x00000001c6800000, 0x00000001c6c00000, 0x00000001c6c00000|100%| E|CS|TAMS 0x00000001c6800000, 0x00000001c6800000| Complete 
|1299|0x00000001c6c00000, 0x00000001c7000000, 0x00000001c7000000|100%| E|CS|TAMS 0x00000001c6c00000, 0x00000001c6c00000| Complete 
|1300|0x00000001c7000000, 0x00000001c7400000, 0x00000001c7400000|100%| E|CS|TAMS 0x00000001c7000000, 0x00000001c7000000| Complete 
|1301|0x00000001c7400000, 0x00000001c7800000, 0x00000001c7800000|100%| E|CS|TAMS 0x00000001c7400000, 0x00000001c7400000| Complete 
|1302|0x00000001c7800000, 0x00000001c7c00000, 0x00000001c7c00000|100%| E|CS|TAMS 0x00000001c7800000, 0x00000001c7800000| Complete 
|1303|0x00000001c7c00000, 0x00000001c8000000, 0x00000001c8000000|100%| E|CS|TAMS 0x00000001c7c00000, 0x00000001c7c00000| Complete 
|1304|0x00000001c8000000, 0x00000001c8400000, 0x00000001c8400000|100%| E|CS|TAMS 0x00000001c8000000, 0x00000001c8000000| Complete 
|1305|0x00000001c8400000, 0x00000001c8800000, 0x00000001c8800000|100%| E|CS|TAMS 0x00000001c8400000, 0x00000001c8400000| Complete 
|1306|0x00000001c8800000, 0x00000001c8c00000, 0x00000001c8c00000|100%| E|CS|TAMS 0x00000001c8800000, 0x00000001c8800000| Complete 
|1307|0x00000001c8c00000, 0x00000001c9000000, 0x00000001c9000000|100%| E|CS|TAMS 0x00000001c8c00000, 0x00000001c8c00000| Complete 
|1308|0x00000001c9000000, 0x00000001c9400000, 0x00000001c9400000|100%| E|CS|TAMS 0x00000001c9000000, 0x00000001c9000000| Complete 
|1309|0x00000001c9400000, 0x00000001c9800000, 0x00000001c9800000|100%| E|CS|TAMS 0x00000001c9400000, 0x00000001c9400000| Complete 
|1310|0x00000001c9800000, 0x00000001c9c00000, 0x00000001c9c00000|100%| E|CS|TAMS 0x00000001c9800000, 0x00000001c9800000| Complete 
|1311|0x00000001c9c00000, 0x00000001ca000000, 0x00000001ca000000|100%| E|CS|TAMS 0x00000001c9c00000, 0x00000001c9c00000| Complete 
|1312|0x00000001ca000000, 0x00000001ca400000, 0x00000001ca400000|100%| E|CS|TAMS 0x00000001ca000000, 0x00000001ca000000| Complete 
|1313|0x00000001ca400000, 0x00000001ca800000, 0x00000001ca800000|100%| E|CS|TAMS 0x00000001ca400000, 0x00000001ca400000| Complete 
|1314|0x00000001ca800000, 0x00000001cac00000, 0x00000001cac00000|100%| E|CS|TAMS 0x00000001ca800000, 0x00000001ca800000| Complete 
|1315|0x00000001cac00000, 0x00000001cb000000, 0x00000001cb000000|100%| E|CS|TAMS 0x00000001cac00000, 0x00000001cac00000| Complete 
|1316|0x00000001cb000000, 0x00000001cb400000, 0x00000001cb400000|100%| E|CS|TAMS 0x00000001cb000000, 0x00000001cb000000| Complete 
|1317|0x00000001cb400000, 0x00000001cb800000, 0x00000001cb800000|100%| E|CS|TAMS 0x00000001cb400000, 0x00000001cb400000| Complete 
|1318|0x00000001cb800000, 0x00000001cbc00000, 0x00000001cbc00000|100%| E|CS|TAMS 0x00000001cb800000, 0x00000001cb800000| Complete 
|1319|0x00000001cbc00000, 0x00000001cc000000, 0x00000001cc000000|100%| E|CS|TAMS 0x00000001cbc00000, 0x00000001cbc00000| Complete 
|1320|0x00000001cc000000, 0x00000001cc400000, 0x00000001cc400000|100%| E|CS|TAMS 0x00000001cc000000, 0x00000001cc000000| Complete 
|1321|0x00000001cc400000, 0x00000001cc800000, 0x00000001cc800000|100%| E|CS|TAMS 0x00000001cc400000, 0x00000001cc400000| Complete 
|1322|0x00000001cc800000, 0x00000001ccc00000, 0x00000001ccc00000|100%| E|CS|TAMS 0x00000001cc800000, 0x00000001cc800000| Complete 
|1323|0x00000001ccc00000, 0x00000001cd000000, 0x00000001cd000000|100%| E|CS|TAMS 0x00000001ccc00000, 0x00000001ccc00000| Complete 
|1324|0x00000001cd000000, 0x00000001cd400000, 0x00000001cd400000|100%| E|CS|TAMS 0x00000001cd000000, 0x00000001cd000000| Complete 
|1325|0x00000001cd400000, 0x00000001cd800000, 0x00000001cd800000|100%| E|CS|TAMS 0x00000001cd400000, 0x00000001cd400000| Complete 
|1326|0x00000001cd800000, 0x00000001cdc00000, 0x00000001cdc00000|100%| E|CS|TAMS 0x00000001cd800000, 0x00000001cd800000| Complete 
|1327|0x00000001cdc00000, 0x00000001ce000000, 0x00000001ce000000|100%| E|CS|TAMS 0x00000001cdc00000, 0x00000001cdc00000| Complete 
|1328|0x00000001ce000000, 0x00000001ce400000, 0x00000001ce400000|100%| E|CS|TAMS 0x00000001ce000000, 0x00000001ce000000| Complete 
|1329|0x00000001ce400000, 0x00000001ce800000, 0x00000001ce800000|100%| E|CS|TAMS 0x00000001ce400000, 0x00000001ce400000| Complete 
|1330|0x00000001ce800000, 0x00000001cec00000, 0x00000001cec00000|100%| E|CS|TAMS 0x00000001ce800000, 0x00000001ce800000| Complete 
|1331|0x00000001cec00000, 0x00000001cf000000, 0x00000001cf000000|100%| E|CS|TAMS 0x00000001cec00000, 0x00000001cec00000| Complete 
|1332|0x00000001cf000000, 0x00000001cf400000, 0x00000001cf400000|100%| E|CS|TAMS 0x00000001cf000000, 0x00000001cf000000| Complete 
|1333|0x00000001cf400000, 0x00000001cf800000, 0x00000001cf800000|100%| E|CS|TAMS 0x00000001cf400000, 0x00000001cf400000| Complete 
|1334|0x00000001cf800000, 0x00000001cfc00000, 0x00000001cfc00000|100%| E|CS|TAMS 0x00000001cf800000, 0x00000001cf800000| Complete 
|1335|0x00000001cfc00000, 0x00000001d0000000, 0x00000001d0000000|100%| E|CS|TAMS 0x00000001cfc00000, 0x00000001cfc00000| Complete 
|1336|0x00000001d0000000, 0x00000001d0400000, 0x00000001d0400000|100%| E|CS|TAMS 0x00000001d0000000, 0x00000001d0000000| Complete 
|1337|0x00000001d0400000, 0x00000001d0800000, 0x00000001d0800000|100%| E|CS|TAMS 0x00000001d0400000, 0x00000001d0400000| Complete 
|1338|0x00000001d0800000, 0x00000001d0c00000, 0x00000001d0c00000|100%| E|CS|TAMS 0x00000001d0800000, 0x00000001d0800000| Complete 
|1339|0x00000001d0c00000, 0x00000001d1000000, 0x00000001d1000000|100%| E|CS|TAMS 0x00000001d0c00000, 0x00000001d0c00000| Complete 
|1340|0x00000001d1000000, 0x00000001d1400000, 0x00000001d1400000|100%| E|CS|TAMS 0x00000001d1000000, 0x00000001d1000000| Complete 
|1341|0x00000001d1400000, 0x00000001d1800000, 0x00000001d1800000|100%| E|CS|TAMS 0x00000001d1400000, 0x00000001d1400000| Complete 
|1342|0x00000001d1800000, 0x00000001d1c00000, 0x00000001d1c00000|100%| E|CS|TAMS 0x00000001d1800000, 0x00000001d1800000| Complete 
|1343|0x00000001d1c00000, 0x00000001d2000000, 0x00000001d2000000|100%| E|CS|TAMS 0x00000001d1c00000, 0x00000001d1c00000| Complete 
|1344|0x00000001d2000000, 0x00000001d2400000, 0x00000001d2400000|100%| E|CS|TAMS 0x00000001d2000000, 0x00000001d2000000| Complete 
|1345|0x00000001d2400000, 0x00000001d2800000, 0x00000001d2800000|100%| E|CS|TAMS 0x00000001d2400000, 0x00000001d2400000| Complete 
|1346|0x00000001d2800000, 0x00000001d2c00000, 0x00000001d2c00000|100%| E|CS|TAMS 0x00000001d2800000, 0x00000001d2800000| Complete 
|1347|0x00000001d2c00000, 0x00000001d3000000, 0x00000001d3000000|100%| E|CS|TAMS 0x00000001d2c00000, 0x00000001d2c00000| Complete 
|1348|0x00000001d3000000, 0x00000001d3400000, 0x00000001d3400000|100%| E|CS|TAMS 0x00000001d3000000, 0x00000001d3000000| Complete 
|1349|0x00000001d3400000, 0x00000001d3800000, 0x00000001d3800000|100%| E|CS|TAMS 0x00000001d3400000, 0x00000001d3400000| Complete 
|1350|0x00000001d3800000, 0x00000001d3c00000, 0x00000001d3c00000|100%| E|CS|TAMS 0x00000001d3800000, 0x00000001d3800000| Complete 
|1351|0x00000001d3c00000, 0x00000001d4000000, 0x00000001d4000000|100%| E|CS|TAMS 0x00000001d3c00000, 0x00000001d3c00000| Complete 
|1352|0x00000001d4000000, 0x00000001d4400000, 0x00000001d4400000|100%| E|CS|TAMS 0x00000001d4000000, 0x00000001d4000000| Complete 
|1353|0x00000001d4400000, 0x00000001d4800000, 0x00000001d4800000|100%| E|CS|TAMS 0x00000001d4400000, 0x00000001d4400000| Complete 
|1354|0x00000001d4800000, 0x00000001d4c00000, 0x00000001d4c00000|100%| E|CS|TAMS 0x00000001d4800000, 0x00000001d4800000| Complete 
|1355|0x00000001d4c00000, 0x00000001d5000000, 0x00000001d5000000|100%| E|CS|TAMS 0x00000001d4c00000, 0x00000001d4c00000| Complete 
|1356|0x00000001d5000000, 0x00000001d5400000, 0x00000001d5400000|100%| E|CS|TAMS 0x00000001d5000000, 0x00000001d5000000| Complete 
|1357|0x00000001d5400000, 0x00000001d5800000, 0x00000001d5800000|100%| E|CS|TAMS 0x00000001d5400000, 0x00000001d5400000| Complete 
|1358|0x00000001d5800000, 0x00000001d5c00000, 0x00000001d5c00000|100%| E|CS|TAMS 0x00000001d5800000, 0x00000001d5800000| Complete 
|1359|0x00000001d5c00000, 0x00000001d6000000, 0x00000001d6000000|100%| E|CS|TAMS 0x00000001d5c00000, 0x00000001d5c00000| Complete 
|1360|0x00000001d6000000, 0x00000001d6400000, 0x00000001d6400000|100%| E|CS|TAMS 0x00000001d6000000, 0x00000001d6000000| Complete 
|1361|0x00000001d6400000, 0x00000001d6800000, 0x00000001d6800000|100%| E|CS|TAMS 0x00000001d6400000, 0x00000001d6400000| Complete 
|1362|0x00000001d6800000, 0x00000001d6c00000, 0x00000001d6c00000|100%| E|CS|TAMS 0x00000001d6800000, 0x00000001d6800000| Complete 
|1363|0x00000001d6c00000, 0x00000001d7000000, 0x00000001d7000000|100%| E|CS|TAMS 0x00000001d6c00000, 0x00000001d6c00000| Complete 
|1364|0x00000001d7000000, 0x00000001d7400000, 0x00000001d7400000|100%| E|CS|TAMS 0x00000001d7000000, 0x00000001d7000000| Complete 
|1365|0x00000001d7400000, 0x00000001d7800000, 0x00000001d7800000|100%| E|CS|TAMS 0x00000001d7400000, 0x00000001d7400000| Complete 
|1366|0x00000001d7800000, 0x00000001d7c00000, 0x00000001d7c00000|100%| E|CS|TAMS 0x00000001d7800000, 0x00000001d7800000| Complete 
|1367|0x00000001d7c00000, 0x00000001d8000000, 0x00000001d8000000|100%| E|CS|TAMS 0x00000001d7c00000, 0x00000001d7c00000| Complete 
|1368|0x00000001d8000000, 0x00000001d8400000, 0x00000001d8400000|100%| E|CS|TAMS 0x00000001d8000000, 0x00000001d8000000| Complete 
|1369|0x00000001d8400000, 0x00000001d8800000, 0x00000001d8800000|100%| E|CS|TAMS 0x00000001d8400000, 0x00000001d8400000| Complete 
|1370|0x00000001d8800000, 0x00000001d8c00000, 0x00000001d8c00000|100%| E|CS|TAMS 0x00000001d8800000, 0x00000001d8800000| Complete 
|1371|0x00000001d8c00000, 0x00000001d9000000, 0x00000001d9000000|100%| E|CS|TAMS 0x00000001d8c00000, 0x00000001d8c00000| Complete 
|1372|0x00000001d9000000, 0x00000001d9400000, 0x00000001d9400000|100%| E|CS|TAMS 0x00000001d9000000, 0x00000001d9000000| Complete 
|1373|0x00000001d9400000, 0x00000001d9800000, 0x00000001d9800000|100%| E|CS|TAMS 0x00000001d9400000, 0x00000001d9400000| Complete 
|1374|0x00000001d9800000, 0x00000001d9c00000, 0x00000001d9c00000|100%| E|CS|TAMS 0x00000001d9800000, 0x00000001d9800000| Complete 
|1375|0x00000001d9c00000, 0x00000001da000000, 0x00000001da000000|100%| E|CS|TAMS 0x00000001d9c00000, 0x00000001d9c00000| Complete 
|1376|0x00000001da000000, 0x00000001da400000, 0x00000001da400000|100%| E|CS|TAMS 0x00000001da000000, 0x00000001da000000| Complete 
|1377|0x00000001da400000, 0x00000001da800000, 0x00000001da800000|100%| E|CS|TAMS 0x00000001da400000, 0x00000001da400000| Complete 
|1378|0x00000001da800000, 0x00000001dac00000, 0x00000001dac00000|100%| E|CS|TAMS 0x00000001da800000, 0x00000001da800000| Complete 
|1379|0x00000001dac00000, 0x00000001db000000, 0x00000001db000000|100%| E|CS|TAMS 0x00000001dac00000, 0x00000001dac00000| Complete 
|1380|0x00000001db000000, 0x00000001db400000, 0x00000001db400000|100%| E|CS|TAMS 0x00000001db000000, 0x00000001db000000| Complete 
|1381|0x00000001db400000, 0x00000001db800000, 0x00000001db800000|100%| E|CS|TAMS 0x00000001db400000, 0x00000001db400000| Complete 
|1382|0x00000001db800000, 0x00000001dbc00000, 0x00000001dbc00000|100%| E|CS|TAMS 0x00000001db800000, 0x00000001db800000| Complete 
|1383|0x00000001dbc00000, 0x00000001dc000000, 0x00000001dc000000|100%| E|CS|TAMS 0x00000001dbc00000, 0x00000001dbc00000| Complete 
|1384|0x00000001dc000000, 0x00000001dc400000, 0x00000001dc400000|100%| E|CS|TAMS 0x00000001dc000000, 0x00000001dc000000| Complete 
|1385|0x00000001dc400000, 0x00000001dc800000, 0x00000001dc800000|100%| E|CS|TAMS 0x00000001dc400000, 0x00000001dc400000| Complete 
|1386|0x00000001dc800000, 0x00000001dcc00000, 0x00000001dcc00000|100%| E|CS|TAMS 0x00000001dc800000, 0x00000001dc800000| Complete 
|1387|0x00000001dcc00000, 0x00000001dd000000, 0x00000001dd000000|100%| E|CS|TAMS 0x00000001dcc00000, 0x00000001dcc00000| Complete 
|1388|0x00000001dd000000, 0x00000001dd400000, 0x00000001dd400000|100%| E|CS|TAMS 0x00000001dd000000, 0x00000001dd000000| Complete 
|1389|0x00000001dd400000, 0x00000001dd800000, 0x00000001dd800000|100%| E|CS|TAMS 0x00000001dd400000, 0x00000001dd400000| Complete 
|1390|0x00000001dd800000, 0x00000001ddc00000, 0x00000001ddc00000|100%| E|CS|TAMS 0x00000001dd800000, 0x00000001dd800000| Complete 
|1391|0x00000001ddc00000, 0x00000001de000000, 0x00000001de000000|100%| E|CS|TAMS 0x00000001ddc00000, 0x00000001ddc00000| Complete 
|1392|0x00000001de000000, 0x00000001de400000, 0x00000001de400000|100%| E|CS|TAMS 0x00000001de000000, 0x00000001de000000| Complete 
|1393|0x00000001de400000, 0x00000001de800000, 0x00000001de800000|100%| E|CS|TAMS 0x00000001de400000, 0x00000001de400000| Complete 
|1394|0x00000001de800000, 0x00000001dec00000, 0x00000001dec00000|100%| E|CS|TAMS 0x00000001de800000, 0x00000001de800000| Complete 
|1395|0x00000001dec00000, 0x00000001df000000, 0x00000001df000000|100%| E|CS|TAMS 0x00000001dec00000, 0x00000001dec00000| Complete 
|1396|0x00000001df000000, 0x00000001df400000, 0x00000001df400000|100%| E|CS|TAMS 0x00000001df000000, 0x00000001df000000| Complete 
|1397|0x00000001df400000, 0x00000001df800000, 0x00000001df800000|100%| E|CS|TAMS 0x00000001df400000, 0x00000001df400000| Complete 
|1398|0x00000001df800000, 0x00000001dfc00000, 0x00000001dfc00000|100%| E|CS|TAMS 0x00000001df800000, 0x00000001df800000| Complete 
|1399|0x00000001dfc00000, 0x00000001e0000000, 0x00000001e0000000|100%| E|CS|TAMS 0x00000001dfc00000, 0x00000001dfc00000| Complete 
|1400|0x00000001e0000000, 0x00000001e0400000, 0x00000001e0400000|100%| E|CS|TAMS 0x00000001e0000000, 0x00000001e0000000| Complete 
|1401|0x00000001e0400000, 0x00000001e0800000, 0x00000001e0800000|100%| E|CS|TAMS 0x00000001e0400000, 0x00000001e0400000| Complete 
|1402|0x00000001e0800000, 0x00000001e0c00000, 0x00000001e0c00000|100%| E|CS|TAMS 0x00000001e0800000, 0x00000001e0800000| Complete 
|1403|0x00000001e0c00000, 0x00000001e1000000, 0x00000001e1000000|100%| E|CS|TAMS 0x00000001e0c00000, 0x00000001e0c00000| Complete 
|1404|0x00000001e1000000, 0x00000001e1400000, 0x00000001e1400000|100%| E|CS|TAMS 0x00000001e1000000, 0x00000001e1000000| Complete 
|1405|0x00000001e1400000, 0x00000001e1800000, 0x00000001e1800000|100%| E|CS|TAMS 0x00000001e1400000, 0x00000001e1400000| Complete 
|1406|0x00000001e1800000, 0x00000001e1c00000, 0x00000001e1c00000|100%| E|CS|TAMS 0x00000001e1800000, 0x00000001e1800000| Complete 
|1407|0x00000001e1c00000, 0x00000001e2000000, 0x00000001e2000000|100%| E|CS|TAMS 0x00000001e1c00000, 0x00000001e1c00000| Complete 
|1408|0x00000001e2000000, 0x00000001e2400000, 0x00000001e2400000|100%| E|CS|TAMS 0x00000001e2000000, 0x00000001e2000000| Complete 
|1409|0x00000001e2400000, 0x00000001e2800000, 0x00000001e2800000|100%| E|CS|TAMS 0x00000001e2400000, 0x00000001e2400000| Complete 
|1410|0x00000001e2800000, 0x00000001e2c00000, 0x00000001e2c00000|100%| E|CS|TAMS 0x00000001e2800000, 0x00000001e2800000| Complete 
|1411|0x00000001e2c00000, 0x00000001e3000000, 0x00000001e3000000|100%| E|CS|TAMS 0x00000001e2c00000, 0x00000001e2c00000| Complete 
|1412|0x00000001e3000000, 0x00000001e3400000, 0x00000001e3400000|100%| E|CS|TAMS 0x00000001e3000000, 0x00000001e3000000| Complete 
|1413|0x00000001e3400000, 0x00000001e3800000, 0x00000001e3800000|100%| E|CS|TAMS 0x00000001e3400000, 0x00000001e3400000| Complete 
|1414|0x00000001e3800000, 0x00000001e3c00000, 0x00000001e3c00000|100%| E|CS|TAMS 0x00000001e3800000, 0x00000001e3800000| Complete 
|1415|0x00000001e3c00000, 0x00000001e4000000, 0x00000001e4000000|100%| E|CS|TAMS 0x00000001e3c00000, 0x00000001e3c00000| Complete 
|1416|0x00000001e4000000, 0x00000001e4400000, 0x00000001e4400000|100%| E|CS|TAMS 0x00000001e4000000, 0x00000001e4000000| Complete 
|1417|0x00000001e4400000, 0x00000001e4800000, 0x00000001e4800000|100%| E|CS|TAMS 0x00000001e4400000, 0x00000001e4400000| Complete 
|1418|0x00000001e4800000, 0x00000001e4c00000, 0x00000001e4c00000|100%| E|CS|TAMS 0x00000001e4800000, 0x00000001e4800000| Complete 
|1419|0x00000001e4c00000, 0x00000001e5000000, 0x00000001e5000000|100%| E|CS|TAMS 0x00000001e4c00000, 0x00000001e4c00000| Complete 
|1420|0x00000001e5000000, 0x00000001e5400000, 0x00000001e5400000|100%| E|CS|TAMS 0x00000001e5000000, 0x00000001e5000000| Complete 
|1421|0x00000001e5400000, 0x00000001e5800000, 0x00000001e5800000|100%| E|CS|TAMS 0x00000001e5400000, 0x00000001e5400000| Complete 
|1422|0x00000001e5800000, 0x00000001e5c00000, 0x00000001e5c00000|100%| E|CS|TAMS 0x00000001e5800000, 0x00000001e5800000| Complete 
|1423|0x00000001e5c00000, 0x00000001e6000000, 0x00000001e6000000|100%| E|CS|TAMS 0x00000001e5c00000, 0x00000001e5c00000| Complete 
|1424|0x00000001e6000000, 0x00000001e6400000, 0x00000001e6400000|100%| E|CS|TAMS 0x00000001e6000000, 0x00000001e6000000| Complete 
|1425|0x00000001e6400000, 0x00000001e6800000, 0x00000001e6800000|100%| E|CS|TAMS 0x00000001e6400000, 0x00000001e6400000| Complete 
|1426|0x00000001e6800000, 0x00000001e6c00000, 0x00000001e6c00000|100%| E|CS|TAMS 0x00000001e6800000, 0x00000001e6800000| Complete 
|1427|0x00000001e6c00000, 0x00000001e7000000, 0x00000001e7000000|100%| E|CS|TAMS 0x00000001e6c00000, 0x00000001e6c00000| Complete 
|1428|0x00000001e7000000, 0x00000001e7400000, 0x00000001e7400000|100%| E|CS|TAMS 0x00000001e7000000, 0x00000001e7000000| Complete 
|1429|0x00000001e7400000, 0x00000001e7800000, 0x00000001e7800000|100%| E|CS|TAMS 0x00000001e7400000, 0x00000001e7400000| Complete 
|1430|0x00000001e7800000, 0x00000001e7c00000, 0x00000001e7c00000|100%| E|CS|TAMS 0x00000001e7800000, 0x00000001e7800000| Complete 
|1431|0x00000001e7c00000, 0x00000001e8000000, 0x00000001e8000000|100%| E|CS|TAMS 0x00000001e7c00000, 0x00000001e7c00000| Complete 
|1432|0x00000001e8000000, 0x00000001e8400000, 0x00000001e8400000|100%| E|CS|TAMS 0x00000001e8000000, 0x00000001e8000000| Complete 
|1433|0x00000001e8400000, 0x00000001e8800000, 0x00000001e8800000|100%| E|CS|TAMS 0x00000001e8400000, 0x00000001e8400000| Complete 
|1434|0x00000001e8800000, 0x00000001e8c00000, 0x00000001e8c00000|100%| E|CS|TAMS 0x00000001e8800000, 0x00000001e8800000| Complete 
|1435|0x00000001e8c00000, 0x00000001e9000000, 0x00000001e9000000|100%| E|CS|TAMS 0x00000001e8c00000, 0x00000001e8c00000| Complete 
|1436|0x00000001e9000000, 0x00000001e9400000, 0x00000001e9400000|100%| E|CS|TAMS 0x00000001e9000000, 0x00000001e9000000| Complete 
|1437|0x00000001e9400000, 0x00000001e9800000, 0x00000001e9800000|100%| E|CS|TAMS 0x00000001e9400000, 0x00000001e9400000| Complete 
|1438|0x00000001e9800000, 0x00000001e9c00000, 0x00000001e9c00000|100%| E|CS|TAMS 0x00000001e9800000, 0x00000001e9800000| Complete 
|1439|0x00000001e9c00000, 0x00000001ea000000, 0x00000001ea000000|100%| E|CS|TAMS 0x00000001e9c00000, 0x00000001e9c00000| Complete 
|1440|0x00000001ea000000, 0x00000001ea400000, 0x00000001ea400000|100%| E|CS|TAMS 0x00000001ea000000, 0x00000001ea000000| Complete 
|1441|0x00000001ea400000, 0x00000001ea800000, 0x00000001ea800000|100%| E|CS|TAMS 0x00000001ea400000, 0x00000001ea400000| Complete 
|1442|0x00000001ea800000, 0x00000001eac00000, 0x00000001eac00000|100%| E|CS|TAMS 0x00000001ea800000, 0x00000001ea800000| Complete 
|1443|0x00000001eac00000, 0x00000001eb000000, 0x00000001eb000000|100%| E|CS|TAMS 0x00000001eac00000, 0x00000001eac00000| Complete 
|1444|0x00000001eb000000, 0x00000001eb400000, 0x00000001eb400000|100%| E|CS|TAMS 0x00000001eb000000, 0x00000001eb000000| Complete 
|1445|0x00000001eb400000, 0x00000001eb800000, 0x00000001eb800000|100%| E|CS|TAMS 0x00000001eb400000, 0x00000001eb400000| Complete 
|1446|0x00000001eb800000, 0x00000001ebc00000, 0x00000001ebc00000|100%| E|CS|TAMS 0x00000001eb800000, 0x00000001eb800000| Complete 
|1447|0x00000001ebc00000, 0x00000001ec000000, 0x00000001ec000000|100%| E|CS|TAMS 0x00000001ebc00000, 0x00000001ebc00000| Complete 
|1448|0x00000001ec000000, 0x00000001ec400000, 0x00000001ec400000|100%| E|CS|TAMS 0x00000001ec000000, 0x00000001ec000000| Complete 
|1449|0x00000001ec400000, 0x00000001ec800000, 0x00000001ec800000|100%| E|CS|TAMS 0x00000001ec400000, 0x00000001ec400000| Complete 
|1450|0x00000001ec800000, 0x00000001ecc00000, 0x00000001ecc00000|100%| E|CS|TAMS 0x00000001ec800000, 0x00000001ec800000| Complete 
|1451|0x00000001ecc00000, 0x00000001ed000000, 0x00000001ed000000|100%| E|CS|TAMS 0x00000001ecc00000, 0x00000001ecc00000| Complete 
|1452|0x00000001ed000000, 0x00000001ed400000, 0x00000001ed400000|100%| E|CS|TAMS 0x00000001ed000000, 0x00000001ed000000| Complete 
|1453|0x00000001ed400000, 0x00000001ed800000, 0x00000001ed800000|100%| E|CS|TAMS 0x00000001ed400000, 0x00000001ed400000| Complete 
|1454|0x00000001ed800000, 0x00000001edc00000, 0x00000001edc00000|100%| E|CS|TAMS 0x00000001ed800000, 0x00000001ed800000| Complete 
|1455|0x00000001edc00000, 0x00000001ee000000, 0x00000001ee000000|100%| E|CS|TAMS 0x00000001edc00000, 0x00000001edc00000| Complete 
|1456|0x00000001ee000000, 0x00000001ee400000, 0x00000001ee400000|100%| E|CS|TAMS 0x00000001ee000000, 0x00000001ee000000| Complete 
|1457|0x00000001ee400000, 0x00000001ee800000, 0x00000001ee800000|100%| E|CS|TAMS 0x00000001ee400000, 0x00000001ee400000| Complete 
|1458|0x00000001ee800000, 0x00000001eec00000, 0x00000001eec00000|100%| E|CS|TAMS 0x00000001ee800000, 0x00000001ee800000| Complete 
|1459|0x00000001eec00000, 0x00000001ef000000, 0x00000001ef000000|100%| E|CS|TAMS 0x00000001eec00000, 0x00000001eec00000| Complete 
|1460|0x00000001ef000000, 0x00000001ef400000, 0x00000001ef400000|100%| E|CS|TAMS 0x00000001ef000000, 0x00000001ef000000| Complete 
|1461|0x00000001ef400000, 0x00000001ef800000, 0x00000001ef800000|100%| E|CS|TAMS 0x00000001ef400000, 0x00000001ef400000| Complete 
|1462|0x00000001ef800000, 0x00000001efc00000, 0x00000001efc00000|100%| E|CS|TAMS 0x00000001ef800000, 0x00000001ef800000| Complete 
|1463|0x00000001efc00000, 0x00000001f0000000, 0x00000001f0000000|100%| E|CS|TAMS 0x00000001efc00000, 0x00000001efc00000| Complete 
|1464|0x00000001f0000000, 0x00000001f0400000, 0x00000001f0400000|100%| E|CS|TAMS 0x00000001f0000000, 0x00000001f0000000| Complete 
|1465|0x00000001f0400000, 0x00000001f0800000, 0x00000001f0800000|100%| E|CS|TAMS 0x00000001f0400000, 0x00000001f0400000| Complete 
|1466|0x00000001f0800000, 0x00000001f0c00000, 0x00000001f0c00000|100%| E|CS|TAMS 0x00000001f0800000, 0x00000001f0800000| Complete 
|1467|0x00000001f0c00000, 0x00000001f1000000, 0x00000001f1000000|100%| E|CS|TAMS 0x00000001f0c00000, 0x00000001f0c00000| Complete 
|1468|0x00000001f1000000, 0x00000001f1400000, 0x00000001f1400000|100%| E|CS|TAMS 0x00000001f1000000, 0x00000001f1000000| Complete 
|1469|0x00000001f1400000, 0x00000001f1800000, 0x00000001f1800000|100%| E|CS|TAMS 0x00000001f1400000, 0x00000001f1400000| Complete 
|1470|0x00000001f1800000, 0x00000001f1c00000, 0x00000001f1c00000|100%| E|CS|TAMS 0x00000001f1800000, 0x00000001f1800000| Complete 
|1471|0x00000001f1c00000, 0x00000001f2000000, 0x00000001f2000000|100%| E|CS|TAMS 0x00000001f1c00000, 0x00000001f1c00000| Complete 
|1472|0x00000001f2000000, 0x00000001f2400000, 0x00000001f2400000|100%| E|CS|TAMS 0x00000001f2000000, 0x00000001f2000000| Complete 
|1473|0x00000001f2400000, 0x00000001f2800000, 0x00000001f2800000|100%| E|CS|TAMS 0x00000001f2400000, 0x00000001f2400000| Complete 
|1474|0x00000001f2800000, 0x00000001f2c00000, 0x00000001f2c00000|100%| E|CS|TAMS 0x00000001f2800000, 0x00000001f2800000| Complete 
|1475|0x00000001f2c00000, 0x00000001f3000000, 0x00000001f3000000|100%| E|CS|TAMS 0x00000001f2c00000, 0x00000001f2c00000| Complete 
|1476|0x00000001f3000000, 0x00000001f3400000, 0x00000001f3400000|100%| E|CS|TAMS 0x00000001f3000000, 0x00000001f3000000| Complete 
|1477|0x00000001f3400000, 0x00000001f3800000, 0x00000001f3800000|100%| E|CS|TAMS 0x00000001f3400000, 0x00000001f3400000| Complete 
|1478|0x00000001f3800000, 0x00000001f3c00000, 0x00000001f3c00000|100%| E|CS|TAMS 0x00000001f3800000, 0x00000001f3800000| Complete 
|1479|0x00000001f3c00000, 0x00000001f4000000, 0x00000001f4000000|100%| E|CS|TAMS 0x00000001f3c00000, 0x00000001f3c00000| Complete 
|1480|0x00000001f4000000, 0x00000001f4400000, 0x00000001f4400000|100%| E|CS|TAMS 0x00000001f4000000, 0x00000001f4000000| Complete 
|1481|0x00000001f4400000, 0x00000001f4800000, 0x00000001f4800000|100%| E|CS|TAMS 0x00000001f4400000, 0x00000001f4400000| Complete 
|1482|0x00000001f4800000, 0x00000001f4c00000, 0x00000001f4c00000|100%| E|CS|TAMS 0x00000001f4800000, 0x00000001f4800000| Complete 
|1483|0x00000001f4c00000, 0x00000001f5000000, 0x00000001f5000000|100%| E|CS|TAMS 0x00000001f4c00000, 0x00000001f4c00000| Complete 
|1484|0x00000001f5000000, 0x00000001f5400000, 0x00000001f5400000|100%| E|CS|TAMS 0x00000001f5000000, 0x00000001f5000000| Complete 
|1485|0x00000001f5400000, 0x00000001f5800000, 0x00000001f5800000|100%| E|CS|TAMS 0x00000001f5400000, 0x00000001f5400000| Complete 
|1486|0x00000001f5800000, 0x00000001f5c00000, 0x00000001f5c00000|100%| E|CS|TAMS 0x00000001f5800000, 0x00000001f5800000| Complete 
|1487|0x00000001f5c00000, 0x00000001f6000000, 0x00000001f6000000|100%| E|CS|TAMS 0x00000001f5c00000, 0x00000001f5c00000| Complete 
|1488|0x00000001f6000000, 0x00000001f6400000, 0x00000001f6400000|100%| E|CS|TAMS 0x00000001f6000000, 0x00000001f6000000| Complete 
|1489|0x00000001f6400000, 0x00000001f6800000, 0x00000001f6800000|100%| E|CS|TAMS 0x00000001f6400000, 0x00000001f6400000| Complete 
|1490|0x00000001f6800000, 0x00000001f6c00000, 0x00000001f6c00000|100%| E|CS|TAMS 0x00000001f6800000, 0x00000001f6800000| Complete 
|1491|0x00000001f6c00000, 0x00000001f7000000, 0x00000001f7000000|100%| E|CS|TAMS 0x00000001f6c00000, 0x00000001f6c00000| Complete 
|1492|0x00000001f7000000, 0x00000001f7400000, 0x00000001f7400000|100%| E|CS|TAMS 0x00000001f7000000, 0x00000001f7000000| Complete 
|1493|0x00000001f7400000, 0x00000001f7800000, 0x00000001f7800000|100%| E|CS|TAMS 0x00000001f7400000, 0x00000001f7400000| Complete 
|1494|0x00000001f7800000, 0x00000001f7c00000, 0x00000001f7c00000|100%| E|CS|TAMS 0x00000001f7800000, 0x00000001f7800000| Complete 
|1495|0x00000001f7c00000, 0x00000001f8000000, 0x00000001f8000000|100%| E|CS|TAMS 0x00000001f7c00000, 0x00000001f7c00000| Complete 
|1496|0x00000001f8000000, 0x00000001f8400000, 0x00000001f8400000|100%| E|CS|TAMS 0x00000001f8000000, 0x00000001f8000000| Complete 
|1497|0x00000001f8400000, 0x00000001f8800000, 0x00000001f8800000|100%| E|CS|TAMS 0x00000001f8400000, 0x00000001f8400000| Complete 
|1498|0x00000001f8800000, 0x00000001f8c00000, 0x00000001f8c00000|100%| E|CS|TAMS 0x00000001f8800000, 0x00000001f8800000| Complete 
|1499|0x00000001f8c00000, 0x00000001f9000000, 0x00000001f9000000|100%| E|CS|TAMS 0x00000001f8c00000, 0x00000001f8c00000| Complete 
|1500|0x00000001f9000000, 0x00000001f9400000, 0x00000001f9400000|100%| E|CS|TAMS 0x00000001f9000000, 0x00000001f9000000| Complete 
|1501|0x00000001f9400000, 0x00000001f9800000, 0x00000001f9800000|100%| E|CS|TAMS 0x00000001f9400000, 0x00000001f9400000| Complete 
|1502|0x00000001f9800000, 0x00000001f9c00000, 0x00000001f9c00000|100%| E|CS|TAMS 0x00000001f9800000, 0x00000001f9800000| Complete 
|1503|0x00000001f9c00000, 0x00000001fa000000, 0x00000001fa000000|100%| E|CS|TAMS 0x00000001f9c00000, 0x00000001f9c00000| Complete 
|1504|0x00000001fa000000, 0x00000001fa400000, 0x00000001fa400000|100%| E|CS|TAMS 0x00000001fa000000, 0x00000001fa000000| Complete 
|1505|0x00000001fa400000, 0x00000001fa800000, 0x00000001fa800000|100%| E|CS|TAMS 0x00000001fa400000, 0x00000001fa400000| Complete 
|1506|0x00000001fa800000, 0x00000001fac00000, 0x00000001fac00000|100%| E|CS|TAMS 0x00000001fa800000, 0x00000001fa800000| Complete 
|1507|0x00000001fac00000, 0x00000001fb000000, 0x00000001fb000000|100%| E|CS|TAMS 0x00000001fac00000, 0x00000001fac00000| Complete 
|1508|0x00000001fb000000, 0x00000001fb400000, 0x00000001fb400000|100%| E|CS|TAMS 0x00000001fb000000, 0x00000001fb000000| Complete 
|1509|0x00000001fb400000, 0x00000001fb800000, 0x00000001fb800000|100%| E|CS|TAMS 0x00000001fb400000, 0x00000001fb400000| Complete 
|1510|0x00000001fb800000, 0x00000001fbc00000, 0x00000001fbc00000|100%| E|CS|TAMS 0x00000001fb800000, 0x00000001fb800000| Complete 
|1511|0x00000001fbc00000, 0x00000001fc000000, 0x00000001fc000000|100%| E|CS|TAMS 0x00000001fbc00000, 0x00000001fbc00000| Complete 
|1512|0x00000001fc000000, 0x00000001fc400000, 0x00000001fc400000|100%| E|CS|TAMS 0x00000001fc000000, 0x00000001fc000000| Complete 
|1513|0x00000001fc400000, 0x00000001fc800000, 0x00000001fc800000|100%| E|CS|TAMS 0x00000001fc400000, 0x00000001fc400000| Complete 
|1514|0x00000001fc800000, 0x00000001fcc00000, 0x00000001fcc00000|100%| E|CS|TAMS 0x00000001fc800000, 0x00000001fc800000| Complete 
|1515|0x00000001fcc00000, 0x00000001fd000000, 0x00000001fd000000|100%| E|CS|TAMS 0x00000001fcc00000, 0x00000001fcc00000| Complete 
|1516|0x00000001fd000000, 0x00000001fd400000, 0x00000001fd400000|100%| E|CS|TAMS 0x00000001fd000000, 0x00000001fd000000| Complete 
|1517|0x00000001fd400000, 0x00000001fd800000, 0x00000001fd800000|100%| E|CS|TAMS 0x00000001fd400000, 0x00000001fd400000| Complete 
|1518|0x00000001fd800000, 0x00000001fdc00000, 0x00000001fdc00000|100%| E|CS|TAMS 0x00000001fd800000, 0x00000001fd800000| Complete 
|1519|0x00000001fdc00000, 0x00000001fe000000, 0x00000001fe000000|100%| E|CS|TAMS 0x00000001fdc00000, 0x00000001fdc00000| Complete 
|1520|0x00000001fe000000, 0x00000001fe400000, 0x00000001fe400000|100%| E|CS|TAMS 0x00000001fe000000, 0x00000001fe000000| Complete 
|1521|0x00000001fe400000, 0x00000001fe800000, 0x00000001fe800000|100%| E|CS|TAMS 0x00000001fe400000, 0x00000001fe400000| Complete 
|1522|0x00000001fe800000, 0x00000001fec00000, 0x00000001fec00000|100%| E|CS|TAMS 0x00000001fe800000, 0x00000001fe800000| Complete 
|1523|0x00000001fec00000, 0x00000001ff000000, 0x00000001ff000000|100%| E|CS|TAMS 0x00000001fec00000, 0x00000001fec00000| Complete 
|1524|0x00000001ff000000, 0x00000001ff400000, 0x00000001ff400000|100%| E|CS|TAMS 0x00000001ff000000, 0x00000001ff000000| Complete 
|1525|0x00000001ff400000, 0x00000001ff800000, 0x00000001ff800000|100%| E|CS|TAMS 0x00000001ff400000, 0x00000001ff400000| Complete 
|1526|0x00000001ff800000, 0x00000001ffc00000, 0x00000001ffc00000|100%| E|CS|TAMS 0x00000001ff800000, 0x00000001ff800000| Complete 
|1527|0x00000001ffc00000, 0x0000000200000000, 0x0000000200000000|100%| E|CS|TAMS 0x00000001ffc00000, 0x00000001ffc00000| Complete 
|1528|0x0000000200000000, 0x0000000200400000, 0x0000000200400000|100%| E|CS|TAMS 0x0000000200000000, 0x0000000200000000| Complete 
|1529|0x0000000200400000, 0x0000000200800000, 0x0000000200800000|100%| E|CS|TAMS 0x0000000200400000, 0x0000000200400000| Complete 
|1530|0x0000000200800000, 0x0000000200c00000, 0x0000000200c00000|100%| E|CS|TAMS 0x0000000200800000, 0x0000000200800000| Complete 
|1531|0x0000000200c00000, 0x0000000201000000, 0x0000000201000000|100%| E|CS|TAMS 0x0000000200c00000, 0x0000000200c00000| Complete 
|1532|0x0000000201000000, 0x0000000201400000, 0x0000000201400000|100%| E|CS|TAMS 0x0000000201000000, 0x0000000201000000| Complete 
|1533|0x0000000201400000, 0x0000000201800000, 0x0000000201800000|100%| E|CS|TAMS 0x0000000201400000, 0x0000000201400000| Complete 
|1534|0x0000000201800000, 0x0000000201c00000, 0x0000000201c00000|100%| E|CS|TAMS 0x0000000201800000, 0x0000000201800000| Complete 
|1535|0x0000000201c00000, 0x0000000202000000, 0x0000000202000000|100%| E|CS|TAMS 0x0000000201c00000, 0x0000000201c00000| Complete 
|1536|0x0000000202000000, 0x0000000202400000, 0x0000000202400000|100%| E|CS|TAMS 0x0000000202000000, 0x0000000202000000| Complete 
|1537|0x0000000202400000, 0x0000000202800000, 0x0000000202800000|100%| E|CS|TAMS 0x0000000202400000, 0x0000000202400000| Complete 
|1538|0x0000000202800000, 0x0000000202c00000, 0x0000000202c00000|100%| E|CS|TAMS 0x0000000202800000, 0x0000000202800000| Complete 
|1539|0x0000000202c00000, 0x0000000203000000, 0x0000000203000000|100%| E|CS|TAMS 0x0000000202c00000, 0x0000000202c00000| Complete 
|1540|0x0000000203000000, 0x0000000203400000, 0x0000000203400000|100%| E|CS|TAMS 0x0000000203000000, 0x0000000203000000| Complete 
|1541|0x0000000203400000, 0x0000000203800000, 0x0000000203800000|100%| E|CS|TAMS 0x0000000203400000, 0x0000000203400000| Complete 
|1542|0x0000000203800000, 0x0000000203c00000, 0x0000000203c00000|100%| E|CS|TAMS 0x0000000203800000, 0x0000000203800000| Complete 
|1543|0x0000000203c00000, 0x0000000204000000, 0x0000000204000000|100%| E|CS|TAMS 0x0000000203c00000, 0x0000000203c00000| Complete 
|1544|0x0000000204000000, 0x0000000204400000, 0x0000000204400000|100%| E|CS|TAMS 0x0000000204000000, 0x0000000204000000| Complete 
|1545|0x0000000204400000, 0x0000000204800000, 0x0000000204800000|100%| E|CS|TAMS 0x0000000204400000, 0x0000000204400000| Complete 
|1546|0x0000000204800000, 0x0000000204c00000, 0x0000000204c00000|100%| E|CS|TAMS 0x0000000204800000, 0x0000000204800000| Complete 
|1547|0x0000000204c00000, 0x0000000205000000, 0x0000000205000000|100%| E|CS|TAMS 0x0000000204c00000, 0x0000000204c00000| Complete 
|1548|0x0000000205000000, 0x0000000205400000, 0x0000000205400000|100%| E|CS|TAMS 0x0000000205000000, 0x0000000205000000| Complete 
|1549|0x0000000205400000, 0x0000000205800000, 0x0000000205800000|100%| E|CS|TAMS 0x0000000205400000, 0x0000000205400000| Complete 
|1550|0x0000000205800000, 0x0000000205c00000, 0x0000000205c00000|100%| E|CS|TAMS 0x0000000205800000, 0x0000000205800000| Complete 
|1551|0x0000000205c00000, 0x0000000206000000, 0x0000000206000000|100%| E|CS|TAMS 0x0000000205c00000, 0x0000000205c00000| Complete 
|1552|0x0000000206000000, 0x0000000206400000, 0x0000000206400000|100%| E|CS|TAMS 0x0000000206000000, 0x0000000206000000| Complete 
|1553|0x0000000206400000, 0x0000000206800000, 0x0000000206800000|100%| E|CS|TAMS 0x0000000206400000, 0x0000000206400000| Complete 
|1554|0x0000000206800000, 0x0000000206c00000, 0x0000000206c00000|100%| E|CS|TAMS 0x0000000206800000, 0x0000000206800000| Complete 
|1555|0x0000000206c00000, 0x0000000207000000, 0x0000000207000000|100%| E|CS|TAMS 0x0000000206c00000, 0x0000000206c00000| Complete 
|1556|0x0000000207000000, 0x0000000207400000, 0x0000000207400000|100%| E|CS|TAMS 0x0000000207000000, 0x0000000207000000| Complete 
|1557|0x0000000207400000, 0x0000000207800000, 0x0000000207800000|100%| E|CS|TAMS 0x0000000207400000, 0x0000000207400000| Complete 
|1558|0x0000000207800000, 0x0000000207c00000, 0x0000000207c00000|100%| E|CS|TAMS 0x0000000207800000, 0x0000000207800000| Complete 
|1559|0x0000000207c00000, 0x0000000208000000, 0x0000000208000000|100%| E|CS|TAMS 0x0000000207c00000, 0x0000000207c00000| Complete 
|1560|0x0000000208000000, 0x0000000208400000, 0x0000000208400000|100%| E|CS|TAMS 0x0000000208000000, 0x0000000208000000| Complete 
|1561|0x0000000208400000, 0x0000000208800000, 0x0000000208800000|100%| E|CS|TAMS 0x0000000208400000, 0x0000000208400000| Complete 
|1562|0x0000000208800000, 0x0000000208c00000, 0x0000000208c00000|100%| E|CS|TAMS 0x0000000208800000, 0x0000000208800000| Complete 
|1563|0x0000000208c00000, 0x0000000209000000, 0x0000000209000000|100%| E|CS|TAMS 0x0000000208c00000, 0x0000000208c00000| Complete 
|1564|0x0000000209000000, 0x0000000209400000, 0x0000000209400000|100%| E|CS|TAMS 0x0000000209000000, 0x0000000209000000| Complete 
|1565|0x0000000209400000, 0x0000000209800000, 0x0000000209800000|100%| E|CS|TAMS 0x0000000209400000, 0x0000000209400000| Complete 
|1566|0x0000000209800000, 0x0000000209c00000, 0x0000000209c00000|100%| E|CS|TAMS 0x0000000209800000, 0x0000000209800000| Complete 
|1567|0x0000000209c00000, 0x000000020a000000, 0x000000020a000000|100%| E|CS|TAMS 0x0000000209c00000, 0x0000000209c00000| Complete 
|1568|0x000000020a000000, 0x000000020a400000, 0x000000020a400000|100%| E|CS|TAMS 0x000000020a000000, 0x000000020a000000| Complete 
|1569|0x000000020a400000, 0x000000020a800000, 0x000000020a800000|100%| E|CS|TAMS 0x000000020a400000, 0x000000020a400000| Complete 
|1570|0x000000020a800000, 0x000000020ac00000, 0x000000020ac00000|100%| E|CS|TAMS 0x000000020a800000, 0x000000020a800000| Complete 
|1571|0x000000020ac00000, 0x000000020b000000, 0x000000020b000000|100%| E|CS|TAMS 0x000000020ac00000, 0x000000020ac00000| Complete 
|1572|0x000000020b000000, 0x000000020b400000, 0x000000020b400000|100%| E|CS|TAMS 0x000000020b000000, 0x000000020b000000| Complete 
|1573|0x000000020b400000, 0x000000020b800000, 0x000000020b800000|100%| E|CS|TAMS 0x000000020b400000, 0x000000020b400000| Complete 
|1574|0x000000020b800000, 0x000000020bc00000, 0x000000020bc00000|100%| E|CS|TAMS 0x000000020b800000, 0x000000020b800000| Complete 
|1575|0x000000020bc00000, 0x000000020c000000, 0x000000020c000000|100%| E|CS|TAMS 0x000000020bc00000, 0x000000020bc00000| Complete 
|1576|0x000000020c000000, 0x000000020c400000, 0x000000020c400000|100%| E|CS|TAMS 0x000000020c000000, 0x000000020c000000| Complete 
|1577|0x000000020c400000, 0x000000020c800000, 0x000000020c800000|100%| E|CS|TAMS 0x000000020c400000, 0x000000020c400000| Complete 
|1578|0x000000020c800000, 0x000000020cc00000, 0x000000020cc00000|100%| E|CS|TAMS 0x000000020c800000, 0x000000020c800000| Complete 
|1579|0x000000020cc00000, 0x000000020d000000, 0x000000020d000000|100%| E|CS|TAMS 0x000000020cc00000, 0x000000020cc00000| Complete 
|1580|0x000000020d000000, 0x000000020d400000, 0x000000020d400000|100%| E|CS|TAMS 0x000000020d000000, 0x000000020d000000| Complete 
|1581|0x000000020d400000, 0x000000020d800000, 0x000000020d800000|100%| E|CS|TAMS 0x000000020d400000, 0x000000020d400000| Complete 
|1582|0x000000020d800000, 0x000000020dc00000, 0x000000020dc00000|100%| E|CS|TAMS 0x000000020d800000, 0x000000020d800000| Complete 
|1583|0x000000020dc00000, 0x000000020e000000, 0x000000020e000000|100%| E|CS|TAMS 0x000000020dc00000, 0x000000020dc00000| Complete 
|1584|0x000000020e000000, 0x000000020e400000, 0x000000020e400000|100%| E|CS|TAMS 0x000000020e000000, 0x000000020e000000| Complete 
|1585|0x000000020e400000, 0x000000020e800000, 0x000000020e800000|100%| E|CS|TAMS 0x000000020e400000, 0x000000020e400000| Complete 
|1586|0x000000020e800000, 0x000000020ec00000, 0x000000020ec00000|100%| E|CS|TAMS 0x000000020e800000, 0x000000020e800000| Complete 
|1587|0x000000020ec00000, 0x000000020f000000, 0x000000020f000000|100%| E|CS|TAMS 0x000000020ec00000, 0x000000020ec00000| Complete 
|1588|0x000000020f000000, 0x000000020f400000, 0x000000020f400000|100%| E|CS|TAMS 0x000000020f000000, 0x000000020f000000| Complete 
|1589|0x000000020f400000, 0x000000020f800000, 0x000000020f800000|100%| E|CS|TAMS 0x000000020f400000, 0x000000020f400000| Complete 
|1590|0x000000020f800000, 0x000000020fc00000, 0x000000020fc00000|100%| E|CS|TAMS 0x000000020f800000, 0x000000020f800000| Complete 
|1591|0x000000020fc00000, 0x0000000210000000, 0x0000000210000000|100%| E|CS|TAMS 0x000000020fc00000, 0x000000020fc00000| Complete 
|1592|0x0000000210000000, 0x0000000210400000, 0x0000000210400000|100%| E|CS|TAMS 0x0000000210000000, 0x0000000210000000| Complete 
|1593|0x0000000210400000, 0x0000000210800000, 0x0000000210800000|100%| E|CS|TAMS 0x0000000210400000, 0x0000000210400000| Complete 
|1594|0x0000000210800000, 0x0000000210c00000, 0x0000000210c00000|100%| E|CS|TAMS 0x0000000210800000, 0x0000000210800000| Complete 
|1595|0x0000000210c00000, 0x0000000211000000, 0x0000000211000000|100%| E|CS|TAMS 0x0000000210c00000, 0x0000000210c00000| Complete 
|1596|0x0000000211000000, 0x0000000211400000, 0x0000000211400000|100%| E|CS|TAMS 0x0000000211000000, 0x0000000211000000| Complete 
|1597|0x0000000211400000, 0x0000000211800000, 0x0000000211800000|100%| E|CS|TAMS 0x0000000211400000, 0x0000000211400000| Complete 
|1598|0x0000000211800000, 0x0000000211c00000, 0x0000000211c00000|100%| E|CS|TAMS 0x0000000211800000, 0x0000000211800000| Complete 
|1599|0x0000000211c00000, 0x0000000212000000, 0x0000000212000000|100%| E|CS|TAMS 0x0000000211c00000, 0x0000000211c00000| Complete 
|1600|0x0000000212000000, 0x0000000212400000, 0x0000000212400000|100%| E|CS|TAMS 0x0000000212000000, 0x0000000212000000| Complete 
|1601|0x0000000212400000, 0x0000000212800000, 0x0000000212800000|100%| E|CS|TAMS 0x0000000212400000, 0x0000000212400000| Complete 
|1602|0x0000000212800000, 0x0000000212c00000, 0x0000000212c00000|100%| E|CS|TAMS 0x0000000212800000, 0x0000000212800000| Complete 
|1603|0x0000000212c00000, 0x0000000213000000, 0x0000000213000000|100%| E|CS|TAMS 0x0000000212c00000, 0x0000000212c00000| Complete 
|1604|0x0000000213000000, 0x0000000213400000, 0x0000000213400000|100%| E|CS|TAMS 0x0000000213000000, 0x0000000213000000| Complete 
|1605|0x0000000213400000, 0x0000000213800000, 0x0000000213800000|100%| E|CS|TAMS 0x0000000213400000, 0x0000000213400000| Complete 
|1606|0x0000000213800000, 0x0000000213c00000, 0x0000000213c00000|100%| E|CS|TAMS 0x0000000213800000, 0x0000000213800000| Complete 
|1607|0x0000000213c00000, 0x0000000214000000, 0x0000000214000000|100%| E|CS|TAMS 0x0000000213c00000, 0x0000000213c00000| Complete 
|1608|0x0000000214000000, 0x0000000214400000, 0x0000000214400000|100%| E|CS|TAMS 0x0000000214000000, 0x0000000214000000| Complete 
|1609|0x0000000214400000, 0x0000000214800000, 0x0000000214800000|100%| E|CS|TAMS 0x0000000214400000, 0x0000000214400000| Complete 
|1610|0x0000000214800000, 0x0000000214c00000, 0x0000000214c00000|100%| E|CS|TAMS 0x0000000214800000, 0x0000000214800000| Complete 
|1611|0x0000000214c00000, 0x0000000215000000, 0x0000000215000000|100%| E|CS|TAMS 0x0000000214c00000, 0x0000000214c00000| Complete 
|1612|0x0000000215000000, 0x0000000215400000, 0x0000000215400000|100%| E|CS|TAMS 0x0000000215000000, 0x0000000215000000| Complete 
|1613|0x0000000215400000, 0x0000000215800000, 0x0000000215800000|100%| E|CS|TAMS 0x0000000215400000, 0x0000000215400000| Complete 
|1614|0x0000000215800000, 0x0000000215c00000, 0x0000000215c00000|100%| E|CS|TAMS 0x0000000215800000, 0x0000000215800000| Complete 
|1615|0x0000000215c00000, 0x0000000216000000, 0x0000000216000000|100%| E|CS|TAMS 0x0000000215c00000, 0x0000000215c00000| Complete 
|1616|0x0000000216000000, 0x0000000216400000, 0x0000000216400000|100%| E|CS|TAMS 0x0000000216000000, 0x0000000216000000| Complete 
|1617|0x0000000216400000, 0x0000000216800000, 0x0000000216800000|100%| E|CS|TAMS 0x0000000216400000, 0x0000000216400000| Complete 
|1618|0x0000000216800000, 0x0000000216c00000, 0x0000000216c00000|100%| E|CS|TAMS 0x0000000216800000, 0x0000000216800000| Complete 
|1619|0x0000000216c00000, 0x0000000217000000, 0x0000000217000000|100%| E|CS|TAMS 0x0000000216c00000, 0x0000000216c00000| Complete 
|1620|0x0000000217000000, 0x0000000217400000, 0x0000000217400000|100%| E|CS|TAMS 0x0000000217000000, 0x0000000217000000| Complete 
|1621|0x0000000217400000, 0x0000000217800000, 0x0000000217800000|100%| E|CS|TAMS 0x0000000217400000, 0x0000000217400000| Complete 
|1622|0x0000000217800000, 0x0000000217c00000, 0x0000000217c00000|100%| E|CS|TAMS 0x0000000217800000, 0x0000000217800000| Complete 
|1623|0x0000000217c00000, 0x0000000218000000, 0x0000000218000000|100%| E|CS|TAMS 0x0000000217c00000, 0x0000000217c00000| Complete 
|1624|0x0000000218000000, 0x0000000218400000, 0x0000000218400000|100%| E|CS|TAMS 0x0000000218000000, 0x0000000218000000| Complete 
|1625|0x0000000218400000, 0x0000000218800000, 0x0000000218800000|100%| E|CS|TAMS 0x0000000218400000, 0x0000000218400000| Complete 
|1626|0x0000000218800000, 0x0000000218c00000, 0x0000000218c00000|100%| E|CS|TAMS 0x0000000218800000, 0x0000000218800000| Complete 
|1627|0x0000000218c00000, 0x0000000219000000, 0x0000000219000000|100%| E|CS|TAMS 0x0000000218c00000, 0x0000000218c00000| Complete 
|1628|0x0000000219000000, 0x0000000219400000, 0x0000000219400000|100%| E|CS|TAMS 0x0000000219000000, 0x0000000219000000| Complete 
|1629|0x0000000219400000, 0x0000000219800000, 0x0000000219800000|100%| E|CS|TAMS 0x0000000219400000, 0x0000000219400000| Complete 
|1630|0x0000000219800000, 0x0000000219c00000, 0x0000000219c00000|100%| E|CS|TAMS 0x0000000219800000, 0x0000000219800000| Complete 
|1631|0x0000000219c00000, 0x000000021a000000, 0x000000021a000000|100%| E|CS|TAMS 0x0000000219c00000, 0x0000000219c00000| Complete 
|1632|0x000000021a000000, 0x000000021a400000, 0x000000021a400000|100%| E|CS|TAMS 0x000000021a000000, 0x000000021a000000| Complete 
|1633|0x000000021a400000, 0x000000021a800000, 0x000000021a800000|100%| E|CS|TAMS 0x000000021a400000, 0x000000021a400000| Complete 
|1634|0x000000021a800000, 0x000000021ac00000, 0x000000021ac00000|100%| E|CS|TAMS 0x000000021a800000, 0x000000021a800000| Complete 
|1635|0x000000021ac00000, 0x000000021b000000, 0x000000021b000000|100%| E|CS|TAMS 0x000000021ac00000, 0x000000021ac00000| Complete 
|1636|0x000000021b000000, 0x000000021b400000, 0x000000021b400000|100%| E|CS|TAMS 0x000000021b000000, 0x000000021b000000| Complete 
|1637|0x000000021b400000, 0x000000021b800000, 0x000000021b800000|100%| E|CS|TAMS 0x000000021b400000, 0x000000021b400000| Complete 
|1638|0x000000021b800000, 0x000000021bc00000, 0x000000021bc00000|100%| E|CS|TAMS 0x000000021b800000, 0x000000021b800000| Complete 
|1639|0x000000021bc00000, 0x000000021c000000, 0x000000021c000000|100%| E|CS|TAMS 0x000000021bc00000, 0x000000021bc00000| Complete 
|1640|0x000000021c000000, 0x000000021c400000, 0x000000021c400000|100%| E|CS|TAMS 0x000000021c000000, 0x000000021c000000| Complete 
|1641|0x000000021c400000, 0x000000021c800000, 0x000000021c800000|100%| E|CS|TAMS 0x000000021c400000, 0x000000021c400000| Complete 
|1642|0x000000021c800000, 0x000000021cc00000, 0x000000021cc00000|100%| E|CS|TAMS 0x000000021c800000, 0x000000021c800000| Complete 
|1643|0x000000021cc00000, 0x000000021d000000, 0x000000021d000000|100%| E|CS|TAMS 0x000000021cc00000, 0x000000021cc00000| Complete 
|1644|0x000000021d000000, 0x000000021d400000, 0x000000021d400000|100%| E|CS|TAMS 0x000000021d000000, 0x000000021d000000| Complete 
|1645|0x000000021d400000, 0x000000021d800000, 0x000000021d800000|100%| E|CS|TAMS 0x000000021d400000, 0x000000021d400000| Complete 
|1646|0x000000021d800000, 0x000000021dc00000, 0x000000021dc00000|100%| E|CS|TAMS 0x000000021d800000, 0x000000021d800000| Complete 
|1647|0x000000021dc00000, 0x000000021e000000, 0x000000021e000000|100%| E|CS|TAMS 0x000000021dc00000, 0x000000021dc00000| Complete 
|1648|0x000000021e000000, 0x000000021e400000, 0x000000021e400000|100%| E|CS|TAMS 0x000000021e000000, 0x000000021e000000| Complete 
|1649|0x000000021e400000, 0x000000021e800000, 0x000000021e800000|100%| E|CS|TAMS 0x000000021e400000, 0x000000021e400000| Complete 
|1650|0x000000021e800000, 0x000000021ec00000, 0x000000021ec00000|100%| E|CS|TAMS 0x000000021e800000, 0x000000021e800000| Complete 
|1651|0x000000021ec00000, 0x000000021f000000, 0x000000021f000000|100%| E|CS|TAMS 0x000000021ec00000, 0x000000021ec00000| Complete 
|1652|0x000000021f000000, 0x000000021f400000, 0x000000021f400000|100%| E|CS|TAMS 0x000000021f000000, 0x000000021f000000| Complete 
|1653|0x000000021f400000, 0x000000021f800000, 0x000000021f800000|100%| E|CS|TAMS 0x000000021f400000, 0x000000021f400000| Complete 
|1654|0x000000021f800000, 0x000000021fc00000, 0x000000021fc00000|100%| E|CS|TAMS 0x000000021f800000, 0x000000021f800000| Complete 
|1655|0x000000021fc00000, 0x0000000220000000, 0x0000000220000000|100%| E|CS|TAMS 0x000000021fc00000, 0x000000021fc00000| Complete 
|1656|0x0000000220000000, 0x0000000220400000, 0x0000000220400000|100%| E|CS|TAMS 0x0000000220000000, 0x0000000220000000| Complete 
|1657|0x0000000220400000, 0x0000000220800000, 0x0000000220800000|100%| E|CS|TAMS 0x0000000220400000, 0x0000000220400000| Complete 
|1658|0x0000000220800000, 0x0000000220c00000, 0x0000000220c00000|100%| E|CS|TAMS 0x0000000220800000, 0x0000000220800000| Complete 
|1659|0x0000000220c00000, 0x0000000221000000, 0x0000000221000000|100%| E|CS|TAMS 0x0000000220c00000, 0x0000000220c00000| Complete 
|1660|0x0000000221000000, 0x0000000221400000, 0x0000000221400000|100%| E|CS|TAMS 0x0000000221000000, 0x0000000221000000| Complete 
|1661|0x0000000221400000, 0x0000000221800000, 0x0000000221800000|100%| E|CS|TAMS 0x0000000221400000, 0x0000000221400000| Complete 
|1662|0x0000000221800000, 0x0000000221c00000, 0x0000000221c00000|100%| E|CS|TAMS 0x0000000221800000, 0x0000000221800000| Complete 
|1663|0x0000000221c00000, 0x0000000222000000, 0x0000000222000000|100%| E|CS|TAMS 0x0000000221c00000, 0x0000000221c00000| Complete 
|1664|0x0000000222000000, 0x0000000222400000, 0x0000000222400000|100%| E|CS|TAMS 0x0000000222000000, 0x0000000222000000| Complete 
|1665|0x0000000222400000, 0x0000000222800000, 0x0000000222800000|100%| E|CS|TAMS 0x0000000222400000, 0x0000000222400000| Complete 
|1666|0x0000000222800000, 0x0000000222c00000, 0x0000000222c00000|100%| E|CS|TAMS 0x0000000222800000, 0x0000000222800000| Complete 
|1667|0x0000000222c00000, 0x0000000223000000, 0x0000000223000000|100%| E|CS|TAMS 0x0000000222c00000, 0x0000000222c00000| Complete 
|1668|0x0000000223000000, 0x0000000223400000, 0x0000000223400000|100%| E|CS|TAMS 0x0000000223000000, 0x0000000223000000| Complete 
|1669|0x0000000223400000, 0x0000000223800000, 0x0000000223800000|100%| E|CS|TAMS 0x0000000223400000, 0x0000000223400000| Complete 
|1670|0x0000000223800000, 0x0000000223c00000, 0x0000000223c00000|100%| E|CS|TAMS 0x0000000223800000, 0x0000000223800000| Complete 
|1671|0x0000000223c00000, 0x0000000224000000, 0x0000000224000000|100%| E|CS|TAMS 0x0000000223c00000, 0x0000000223c00000| Complete 
|1672|0x0000000224000000, 0x0000000224400000, 0x0000000224400000|100%| E|CS|TAMS 0x0000000224000000, 0x0000000224000000| Complete 
|1673|0x0000000224400000, 0x0000000224800000, 0x0000000224800000|100%| E|CS|TAMS 0x0000000224400000, 0x0000000224400000| Complete 
|1674|0x0000000224800000, 0x0000000224c00000, 0x0000000224c00000|100%| E|CS|TAMS 0x0000000224800000, 0x0000000224800000| Complete 
|1675|0x0000000224c00000, 0x0000000225000000, 0x0000000225000000|100%| E|CS|TAMS 0x0000000224c00000, 0x0000000224c00000| Complete 
|1676|0x0000000225000000, 0x0000000225400000, 0x0000000225400000|100%| E|CS|TAMS 0x0000000225000000, 0x0000000225000000| Complete 
|1677|0x0000000225400000, 0x0000000225800000, 0x0000000225800000|100%| E|CS|TAMS 0x0000000225400000, 0x0000000225400000| Complete 
|1678|0x0000000225800000, 0x0000000225c00000, 0x0000000225c00000|100%| E|CS|TAMS 0x0000000225800000, 0x0000000225800000| Complete 
|1679|0x0000000225c00000, 0x0000000226000000, 0x0000000226000000|100%| E|CS|TAMS 0x0000000225c00000, 0x0000000225c00000| Complete 
|1680|0x0000000226000000, 0x0000000226400000, 0x0000000226400000|100%| E|CS|TAMS 0x0000000226000000, 0x0000000226000000| Complete 
|1681|0x0000000226400000, 0x0000000226800000, 0x0000000226800000|100%| E|CS|TAMS 0x0000000226400000, 0x0000000226400000| Complete 
|1682|0x0000000226800000, 0x0000000226c00000, 0x0000000226c00000|100%| E|CS|TAMS 0x0000000226800000, 0x0000000226800000| Complete 
|1683|0x0000000226c00000, 0x0000000227000000, 0x0000000227000000|100%| E|CS|TAMS 0x0000000226c00000, 0x0000000226c00000| Complete 
|1684|0x0000000227000000, 0x0000000227400000, 0x0000000227400000|100%| E|CS|TAMS 0x0000000227000000, 0x0000000227000000| Complete 
|1685|0x0000000227400000, 0x0000000227800000, 0x0000000227800000|100%| E|CS|TAMS 0x0000000227400000, 0x0000000227400000| Complete 
|1686|0x0000000227800000, 0x0000000227c00000, 0x0000000227c00000|100%| E|CS|TAMS 0x0000000227800000, 0x0000000227800000| Complete 
|1687|0x0000000227c00000, 0x0000000228000000, 0x0000000228000000|100%| E|CS|TAMS 0x0000000227c00000, 0x0000000227c00000| Complete 
|1688|0x0000000228000000, 0x0000000228400000, 0x0000000228400000|100%| E|CS|TAMS 0x0000000228000000, 0x0000000228000000| Complete 
|1689|0x0000000228400000, 0x0000000228800000, 0x0000000228800000|100%| E|CS|TAMS 0x0000000228400000, 0x0000000228400000| Complete 
|1690|0x0000000228800000, 0x0000000228c00000, 0x0000000228c00000|100%| E|CS|TAMS 0x0000000228800000, 0x0000000228800000| Complete 
|1691|0x0000000228c00000, 0x0000000229000000, 0x0000000229000000|100%| E|CS|TAMS 0x0000000228c00000, 0x0000000228c00000| Complete 
|1692|0x0000000229000000, 0x0000000229400000, 0x0000000229400000|100%| E|CS|TAMS 0x0000000229000000, 0x0000000229000000| Complete 
|1693|0x0000000229400000, 0x0000000229800000, 0x0000000229800000|100%| E|CS|TAMS 0x0000000229400000, 0x0000000229400000| Complete 
|1694|0x0000000229800000, 0x0000000229c00000, 0x0000000229c00000|100%| E|CS|TAMS 0x0000000229800000, 0x0000000229800000| Complete 
|1695|0x0000000229c00000, 0x000000022a000000, 0x000000022a000000|100%| E|CS|TAMS 0x0000000229c00000, 0x0000000229c00000| Complete 
|1696|0x000000022a000000, 0x000000022a400000, 0x000000022a400000|100%| E|CS|TAMS 0x000000022a000000, 0x000000022a000000| Complete 
|1697|0x000000022a400000, 0x000000022a800000, 0x000000022a800000|100%| E|CS|TAMS 0x000000022a400000, 0x000000022a400000| Complete 
|1698|0x000000022a800000, 0x000000022ac00000, 0x000000022ac00000|100%| E|CS|TAMS 0x000000022a800000, 0x000000022a800000| Complete 
|1699|0x000000022ac00000, 0x000000022b000000, 0x000000022b000000|100%| E|CS|TAMS 0x000000022ac00000, 0x000000022ac00000| Complete 
|1700|0x000000022b000000, 0x000000022b400000, 0x000000022b400000|100%| E|CS|TAMS 0x000000022b000000, 0x000000022b000000| Complete 
|1701|0x000000022b400000, 0x000000022b800000, 0x000000022b800000|100%| E|CS|TAMS 0x000000022b400000, 0x000000022b400000| Complete 
|1702|0x000000022b800000, 0x000000022bc00000, 0x000000022bc00000|100%| E|CS|TAMS 0x000000022b800000, 0x000000022b800000| Complete 
|1703|0x000000022bc00000, 0x000000022c000000, 0x000000022c000000|100%| E|CS|TAMS 0x000000022bc00000, 0x000000022bc00000| Complete 
|1704|0x000000022c000000, 0x000000022c400000, 0x000000022c400000|100%| E|CS|TAMS 0x000000022c000000, 0x000000022c000000| Complete 
|1705|0x000000022c400000, 0x000000022c800000, 0x000000022c800000|100%| E|CS|TAMS 0x000000022c400000, 0x000000022c400000| Complete 
|1706|0x000000022c800000, 0x000000022cc00000, 0x000000022cc00000|100%| E|CS|TAMS 0x000000022c800000, 0x000000022c800000| Complete 
|1707|0x000000022cc00000, 0x000000022d000000, 0x000000022d000000|100%| E|CS|TAMS 0x000000022cc00000, 0x000000022cc00000| Complete 
|1708|0x000000022d000000, 0x000000022d400000, 0x000000022d400000|100%| E|CS|TAMS 0x000000022d000000, 0x000000022d000000| Complete 
|1709|0x000000022d400000, 0x000000022d800000, 0x000000022d800000|100%| E|CS|TAMS 0x000000022d400000, 0x000000022d400000| Complete 
|1710|0x000000022d800000, 0x000000022dc00000, 0x000000022dc00000|100%| E|CS|TAMS 0x000000022d800000, 0x000000022d800000| Complete 
|1711|0x000000022dc00000, 0x000000022e000000, 0x000000022e000000|100%| E|CS|TAMS 0x000000022dc00000, 0x000000022dc00000| Complete 
|1712|0x000000022e000000, 0x000000022e400000, 0x000000022e400000|100%| E|CS|TAMS 0x000000022e000000, 0x000000022e000000| Complete 
|1713|0x000000022e400000, 0x000000022e800000, 0x000000022e800000|100%| E|CS|TAMS 0x000000022e400000, 0x000000022e400000| Complete 
|1714|0x000000022e800000, 0x000000022ec00000, 0x000000022ec00000|100%| E|CS|TAMS 0x000000022e800000, 0x000000022e800000| Complete 
|1715|0x000000022ec00000, 0x000000022f000000, 0x000000022f000000|100%| E|CS|TAMS 0x000000022ec00000, 0x000000022ec00000| Complete 
|1716|0x000000022f000000, 0x000000022f400000, 0x000000022f400000|100%| E|CS|TAMS 0x000000022f000000, 0x000000022f000000| Complete 
|1717|0x000000022f400000, 0x000000022f800000, 0x000000022f800000|100%| E|CS|TAMS 0x000000022f400000, 0x000000022f400000| Complete 
|1718|0x000000022f800000, 0x000000022fc00000, 0x000000022fc00000|100%| E|CS|TAMS 0x000000022f800000, 0x000000022f800000| Complete 
|1719|0x000000022fc00000, 0x0000000230000000, 0x0000000230000000|100%| E|CS|TAMS 0x000000022fc00000, 0x000000022fc00000| Complete 
|1720|0x0000000230000000, 0x0000000230400000, 0x0000000230400000|100%| E|CS|TAMS 0x0000000230000000, 0x0000000230000000| Complete 
|1721|0x0000000230400000, 0x0000000230800000, 0x0000000230800000|100%| E|CS|TAMS 0x0000000230400000, 0x0000000230400000| Complete 
|1722|0x0000000230800000, 0x0000000230c00000, 0x0000000230c00000|100%| E|CS|TAMS 0x0000000230800000, 0x0000000230800000| Complete 
|1723|0x0000000230c00000, 0x0000000231000000, 0x0000000231000000|100%| E|CS|TAMS 0x0000000230c00000, 0x0000000230c00000| Complete 
|1724|0x0000000231000000, 0x0000000231400000, 0x0000000231400000|100%| E|CS|TAMS 0x0000000231000000, 0x0000000231000000| Complete 
|1725|0x0000000231400000, 0x0000000231800000, 0x0000000231800000|100%| E|CS|TAMS 0x0000000231400000, 0x0000000231400000| Complete 
|1726|0x0000000231800000, 0x0000000231c00000, 0x0000000231c00000|100%| E|CS|TAMS 0x0000000231800000, 0x0000000231800000| Complete 
|1727|0x0000000231c00000, 0x0000000232000000, 0x0000000232000000|100%| E|CS|TAMS 0x0000000231c00000, 0x0000000231c00000| Complete 
|1728|0x0000000232000000, 0x0000000232400000, 0x0000000232400000|100%| E|CS|TAMS 0x0000000232000000, 0x0000000232000000| Complete 
|1729|0x0000000232400000, 0x0000000232800000, 0x0000000232800000|100%| E|CS|TAMS 0x0000000232400000, 0x0000000232400000| Complete 
|1730|0x0000000232800000, 0x0000000232c00000, 0x0000000232c00000|100%| E|CS|TAMS 0x0000000232800000, 0x0000000232800000| Complete 
|1731|0x0000000232c00000, 0x0000000233000000, 0x0000000233000000|100%| E|CS|TAMS 0x0000000232c00000, 0x0000000232c00000| Complete 
|1732|0x0000000233000000, 0x0000000233400000, 0x0000000233400000|100%| E|CS|TAMS 0x0000000233000000, 0x0000000233000000| Complete 
|1733|0x0000000233400000, 0x0000000233800000, 0x0000000233800000|100%| E|CS|TAMS 0x0000000233400000, 0x0000000233400000| Complete 
|1734|0x0000000233800000, 0x0000000233c00000, 0x0000000233c00000|100%| E|CS|TAMS 0x0000000233800000, 0x0000000233800000| Complete 
|1735|0x0000000233c00000, 0x0000000234000000, 0x0000000234000000|100%| E|CS|TAMS 0x0000000233c00000, 0x0000000233c00000| Complete 
|1736|0x0000000234000000, 0x0000000234400000, 0x0000000234400000|100%| E|CS|TAMS 0x0000000234000000, 0x0000000234000000| Complete 
|1737|0x0000000234400000, 0x0000000234800000, 0x0000000234800000|100%| E|CS|TAMS 0x0000000234400000, 0x0000000234400000| Complete 
|1738|0x0000000234800000, 0x0000000234c00000, 0x0000000234c00000|100%| E|CS|TAMS 0x0000000234800000, 0x0000000234800000| Complete 
|1739|0x0000000234c00000, 0x0000000235000000, 0x0000000235000000|100%| E|CS|TAMS 0x0000000234c00000, 0x0000000234c00000| Complete 
|1740|0x0000000235000000, 0x0000000235400000, 0x0000000235400000|100%| E|CS|TAMS 0x0000000235000000, 0x0000000235000000| Complete 
|1741|0x0000000235400000, 0x0000000235800000, 0x0000000235800000|100%| E|CS|TAMS 0x0000000235400000, 0x0000000235400000| Complete 
|1742|0x0000000235800000, 0x0000000235c00000, 0x0000000235c00000|100%| E|CS|TAMS 0x0000000235800000, 0x0000000235800000| Complete 
|1743|0x0000000235c00000, 0x0000000236000000, 0x0000000236000000|100%| E|CS|TAMS 0x0000000235c00000, 0x0000000235c00000| Complete 
|1744|0x0000000236000000, 0x0000000236400000, 0x0000000236400000|100%| E|CS|TAMS 0x0000000236000000, 0x0000000236000000| Complete 
|1745|0x0000000236400000, 0x0000000236800000, 0x0000000236800000|100%| E|CS|TAMS 0x0000000236400000, 0x0000000236400000| Complete 
|1746|0x0000000236800000, 0x0000000236c00000, 0x0000000236c00000|100%| E|CS|TAMS 0x0000000236800000, 0x0000000236800000| Complete 
|1747|0x0000000236c00000, 0x0000000237000000, 0x0000000237000000|100%| E|CS|TAMS 0x0000000236c00000, 0x0000000236c00000| Complete 
|1748|0x0000000237000000, 0x0000000237400000, 0x0000000237400000|100%| E|CS|TAMS 0x0000000237000000, 0x0000000237000000| Complete 
|1749|0x0000000237400000, 0x0000000237800000, 0x0000000237800000|100%| E|CS|TAMS 0x0000000237400000, 0x0000000237400000| Complete 
|1750|0x0000000237800000, 0x0000000237c00000, 0x0000000237c00000|100%| E|CS|TAMS 0x0000000237800000, 0x0000000237800000| Complete 
|1751|0x0000000237c00000, 0x0000000238000000, 0x0000000238000000|100%| E|CS|TAMS 0x0000000237c00000, 0x0000000237c00000| Complete 
|1752|0x0000000238000000, 0x0000000238400000, 0x0000000238400000|100%| E|CS|TAMS 0x0000000238000000, 0x0000000238000000| Complete 
|1753|0x0000000238400000, 0x0000000238800000, 0x0000000238800000|100%| E|CS|TAMS 0x0000000238400000, 0x0000000238400000| Complete 
|1754|0x0000000238800000, 0x0000000238c00000, 0x0000000238c00000|100%| E|CS|TAMS 0x0000000238800000, 0x0000000238800000| Complete 
|1755|0x0000000238c00000, 0x0000000239000000, 0x0000000239000000|100%| E|CS|TAMS 0x0000000238c00000, 0x0000000238c00000| Complete 
|1756|0x0000000239000000, 0x0000000239400000, 0x0000000239400000|100%| E|CS|TAMS 0x0000000239000000, 0x0000000239000000| Complete 
|1757|0x0000000239400000, 0x0000000239800000, 0x0000000239800000|100%| E|CS|TAMS 0x0000000239400000, 0x0000000239400000| Complete 
|1758|0x0000000239800000, 0x0000000239c00000, 0x0000000239c00000|100%| E|CS|TAMS 0x0000000239800000, 0x0000000239800000| Complete 
|1759|0x0000000239c00000, 0x000000023a000000, 0x000000023a000000|100%| E|CS|TAMS 0x0000000239c00000, 0x0000000239c00000| Complete 
|1760|0x000000023a000000, 0x000000023a400000, 0x000000023a400000|100%| E|CS|TAMS 0x000000023a000000, 0x000000023a000000| Complete 
|1761|0x000000023a400000, 0x000000023a800000, 0x000000023a800000|100%| E|CS|TAMS 0x000000023a400000, 0x000000023a400000| Complete 
|1762|0x000000023a800000, 0x000000023ac00000, 0x000000023ac00000|100%| E|CS|TAMS 0x000000023a800000, 0x000000023a800000| Complete 
|1763|0x000000023ac00000, 0x000000023b000000, 0x000000023b000000|100%| E|CS|TAMS 0x000000023ac00000, 0x000000023ac00000| Complete 
|1764|0x000000023b000000, 0x000000023b400000, 0x000000023b400000|100%| E|CS|TAMS 0x000000023b000000, 0x000000023b000000| Complete 
|1765|0x000000023b400000, 0x000000023b800000, 0x000000023b800000|100%| E|CS|TAMS 0x000000023b400000, 0x000000023b400000| Complete 
|1766|0x000000023b800000, 0x000000023bc00000, 0x000000023bc00000|100%| E|CS|TAMS 0x000000023b800000, 0x000000023b800000| Complete 
|1767|0x000000023bc00000, 0x000000023c000000, 0x000000023c000000|100%| E|CS|TAMS 0x000000023bc00000, 0x000000023bc00000| Complete 
|1768|0x000000023c000000, 0x000000023c400000, 0x000000023c400000|100%| E|CS|TAMS 0x000000023c000000, 0x000000023c000000| Complete 
|1769|0x000000023c400000, 0x000000023c800000, 0x000000023c800000|100%| E|CS|TAMS 0x000000023c400000, 0x000000023c400000| Complete 
|1770|0x000000023c800000, 0x000000023cc00000, 0x000000023cc00000|100%| E|CS|TAMS 0x000000023c800000, 0x000000023c800000| Complete 
|1771|0x000000023cc00000, 0x000000023d000000, 0x000000023d000000|100%| E|CS|TAMS 0x000000023cc00000, 0x000000023cc00000| Complete 
|1772|0x000000023d000000, 0x000000023d400000, 0x000000023d400000|100%| E|CS|TAMS 0x000000023d000000, 0x000000023d000000| Complete 
|1773|0x000000023d400000, 0x000000023d800000, 0x000000023d800000|100%| E|CS|TAMS 0x000000023d400000, 0x000000023d400000| Complete 
|1774|0x000000023d800000, 0x000000023dc00000, 0x000000023dc00000|100%| E|CS|TAMS 0x000000023d800000, 0x000000023d800000| Complete 
|1775|0x000000023dc00000, 0x000000023e000000, 0x000000023e000000|100%| E|CS|TAMS 0x000000023dc00000, 0x000000023dc00000| Complete 
|1776|0x000000023e000000, 0x000000023e400000, 0x000000023e400000|100%| E|CS|TAMS 0x000000023e000000, 0x000000023e000000| Complete 
|1777|0x000000023e400000, 0x000000023e800000, 0x000000023e800000|100%| E|CS|TAMS 0x000000023e400000, 0x000000023e400000| Complete 
|1778|0x000000023e800000, 0x000000023ec00000, 0x000000023ec00000|100%| E|CS|TAMS 0x000000023e800000, 0x000000023e800000| Complete 
|1779|0x000000023ec00000, 0x000000023f000000, 0x000000023f000000|100%| E|CS|TAMS 0x000000023ec00000, 0x000000023ec00000| Complete 
|1780|0x000000023f000000, 0x000000023f400000, 0x000000023f400000|100%| E|CS|TAMS 0x000000023f000000, 0x000000023f000000| Complete 
|1781|0x000000023f400000, 0x000000023f800000, 0x000000023f800000|100%| E|CS|TAMS 0x000000023f400000, 0x000000023f400000| Complete 
|1782|0x000000023f800000, 0x000000023fc00000, 0x000000023fc00000|100%| E|CS|TAMS 0x000000023f800000, 0x000000023f800000| Complete 
|1783|0x000000023fc00000, 0x0000000240000000, 0x0000000240000000|100%| E|CS|TAMS 0x000000023fc00000, 0x000000023fc00000| Complete 
|1784|0x0000000240000000, 0x0000000240400000, 0x0000000240400000|100%| E|CS|TAMS 0x0000000240000000, 0x0000000240000000| Complete 
|1785|0x0000000240400000, 0x0000000240800000, 0x0000000240800000|100%| E|CS|TAMS 0x0000000240400000, 0x0000000240400000| Complete 
|1786|0x0000000240800000, 0x0000000240c00000, 0x0000000240c00000|100%| E|CS|TAMS 0x0000000240800000, 0x0000000240800000| Complete 
|1787|0x0000000240c00000, 0x0000000241000000, 0x0000000241000000|100%| E|CS|TAMS 0x0000000240c00000, 0x0000000240c00000| Complete 
|1788|0x0000000241000000, 0x0000000241400000, 0x0000000241400000|100%| E|CS|TAMS 0x0000000241000000, 0x0000000241000000| Complete 
|1789|0x0000000241400000, 0x0000000241800000, 0x0000000241800000|100%| E|CS|TAMS 0x0000000241400000, 0x0000000241400000| Complete 
|1790|0x0000000241800000, 0x0000000241c00000, 0x0000000241c00000|100%| E|CS|TAMS 0x0000000241800000, 0x0000000241800000| Complete 
|1791|0x0000000241c00000, 0x0000000242000000, 0x0000000242000000|100%| E|CS|TAMS 0x0000000241c00000, 0x0000000241c00000| Complete 
|1792|0x0000000242000000, 0x0000000242400000, 0x0000000242400000|100%| E|CS|TAMS 0x0000000242000000, 0x0000000242000000| Complete 
|1793|0x0000000242400000, 0x0000000242800000, 0x0000000242800000|100%| E|CS|TAMS 0x0000000242400000, 0x0000000242400000| Complete 
|1794|0x0000000242800000, 0x0000000242c00000, 0x0000000242c00000|100%| E|CS|TAMS 0x0000000242800000, 0x0000000242800000| Complete 
|1795|0x0000000242c00000, 0x0000000243000000, 0x0000000243000000|100%| E|CS|TAMS 0x0000000242c00000, 0x0000000242c00000| Complete 
|1796|0x0000000243000000, 0x0000000243400000, 0x0000000243400000|100%| E|CS|TAMS 0x0000000243000000, 0x0000000243000000| Complete 
|1797|0x0000000243400000, 0x0000000243800000, 0x0000000243800000|100%| E|CS|TAMS 0x0000000243400000, 0x0000000243400000| Complete 
|1798|0x0000000243800000, 0x0000000243c00000, 0x0000000243c00000|100%| E|CS|TAMS 0x0000000243800000, 0x0000000243800000| Complete 
|1799|0x0000000243c00000, 0x0000000244000000, 0x0000000244000000|100%| E|CS|TAMS 0x0000000243c00000, 0x0000000243c00000| Complete 
|1800|0x0000000244000000, 0x0000000244400000, 0x0000000244400000|100%| E|CS|TAMS 0x0000000244000000, 0x0000000244000000| Complete 
|1801|0x0000000244400000, 0x0000000244800000, 0x0000000244800000|100%| E|CS|TAMS 0x0000000244400000, 0x0000000244400000| Complete 
|1802|0x0000000244800000, 0x0000000244c00000, 0x0000000244c00000|100%| E|CS|TAMS 0x0000000244800000, 0x0000000244800000| Complete 
|1803|0x0000000244c00000, 0x0000000245000000, 0x0000000245000000|100%| E|CS|TAMS 0x0000000244c00000, 0x0000000244c00000| Complete 
|1804|0x0000000245000000, 0x0000000245400000, 0x0000000245400000|100%| E|CS|TAMS 0x0000000245000000, 0x0000000245000000| Complete 
|1805|0x0000000245400000, 0x0000000245800000, 0x0000000245800000|100%| E|CS|TAMS 0x0000000245400000, 0x0000000245400000| Complete 
|1806|0x0000000245800000, 0x0000000245c00000, 0x0000000245c00000|100%| E|CS|TAMS 0x0000000245800000, 0x0000000245800000| Complete 
|1807|0x0000000245c00000, 0x0000000246000000, 0x0000000246000000|100%| E|CS|TAMS 0x0000000245c00000, 0x0000000245c00000| Complete 
|1808|0x0000000246000000, 0x0000000246400000, 0x0000000246400000|100%| E|CS|TAMS 0x0000000246000000, 0x0000000246000000| Complete 
|1809|0x0000000246400000, 0x0000000246800000, 0x0000000246800000|100%| E|CS|TAMS 0x0000000246400000, 0x0000000246400000| Complete 
|1810|0x0000000246800000, 0x0000000246c00000, 0x0000000246c00000|100%| E|CS|TAMS 0x0000000246800000, 0x0000000246800000| Complete 
|1811|0x0000000246c00000, 0x0000000247000000, 0x0000000247000000|100%| E|CS|TAMS 0x0000000246c00000, 0x0000000246c00000| Complete 
|1812|0x0000000247000000, 0x0000000247400000, 0x0000000247400000|100%| E|CS|TAMS 0x0000000247000000, 0x0000000247000000| Complete 
|1813|0x0000000247400000, 0x0000000247800000, 0x0000000247800000|100%| E|CS|TAMS 0x0000000247400000, 0x0000000247400000| Complete 
|1814|0x0000000247800000, 0x0000000247c00000, 0x0000000247c00000|100%| E|CS|TAMS 0x0000000247800000, 0x0000000247800000| Complete 
|1815|0x0000000247c00000, 0x0000000248000000, 0x0000000248000000|100%| E|CS|TAMS 0x0000000247c00000, 0x0000000247c00000| Complete 
|1816|0x0000000248000000, 0x0000000248400000, 0x0000000248400000|100%| E|CS|TAMS 0x0000000248000000, 0x0000000248000000| Complete 
|1817|0x0000000248400000, 0x0000000248800000, 0x0000000248800000|100%| E|CS|TAMS 0x0000000248400000, 0x0000000248400000| Complete 
|1818|0x0000000248800000, 0x0000000248c00000, 0x0000000248c00000|100%| E|CS|TAMS 0x0000000248800000, 0x0000000248800000| Complete 
|1819|0x0000000248c00000, 0x0000000249000000, 0x0000000249000000|100%| E|CS|TAMS 0x0000000248c00000, 0x0000000248c00000| Complete 
|1820|0x0000000249000000, 0x0000000249400000, 0x0000000249400000|100%| E|CS|TAMS 0x0000000249000000, 0x0000000249000000| Complete 
|1821|0x0000000249400000, 0x0000000249800000, 0x0000000249800000|100%| E|CS|TAMS 0x0000000249400000, 0x0000000249400000| Complete 
|1822|0x0000000249800000, 0x0000000249c00000, 0x0000000249c00000|100%| E|CS|TAMS 0x0000000249800000, 0x0000000249800000| Complete 
|1823|0x0000000249c00000, 0x000000024a000000, 0x000000024a000000|100%| E|CS|TAMS 0x0000000249c00000, 0x0000000249c00000| Complete 
|1824|0x000000024a000000, 0x000000024a400000, 0x000000024a400000|100%| E|CS|TAMS 0x000000024a000000, 0x000000024a000000| Complete 
|1825|0x000000024a400000, 0x000000024a800000, 0x000000024a800000|100%| E|CS|TAMS 0x000000024a400000, 0x000000024a400000| Complete 
|1826|0x000000024a800000, 0x000000024ac00000, 0x000000024ac00000|100%| E|CS|TAMS 0x000000024a800000, 0x000000024a800000| Complete 
|1827|0x000000024ac00000, 0x000000024b000000, 0x000000024b000000|100%| E|CS|TAMS 0x000000024ac00000, 0x000000024ac00000| Complete 
|1828|0x000000024b000000, 0x000000024b400000, 0x000000024b400000|100%| E|CS|TAMS 0x000000024b000000, 0x000000024b000000| Complete 
|1829|0x000000024b400000, 0x000000024b800000, 0x000000024b800000|100%| E|CS|TAMS 0x000000024b400000, 0x000000024b400000| Complete 
|1830|0x000000024b800000, 0x000000024bc00000, 0x000000024bc00000|100%| E|CS|TAMS 0x000000024b800000, 0x000000024b800000| Complete 
|1831|0x000000024bc00000, 0x000000024c000000, 0x000000024c000000|100%| E|CS|TAMS 0x000000024bc00000, 0x000000024bc00000| Complete 
|1832|0x000000024c000000, 0x000000024c400000, 0x000000024c400000|100%| E|CS|TAMS 0x000000024c000000, 0x000000024c000000| Complete 
|1833|0x000000024c400000, 0x000000024c800000, 0x000000024c800000|100%| E|CS|TAMS 0x000000024c400000, 0x000000024c400000| Complete 
|1834|0x000000024c800000, 0x000000024cc00000, 0x000000024cc00000|100%| E|CS|TAMS 0x000000024c800000, 0x000000024c800000| Complete 
|1835|0x000000024cc00000, 0x000000024d000000, 0x000000024d000000|100%| E|CS|TAMS 0x000000024cc00000, 0x000000024cc00000| Complete 
|1836|0x000000024d000000, 0x000000024d400000, 0x000000024d400000|100%| E|CS|TAMS 0x000000024d000000, 0x000000024d000000| Complete 
|1837|0x000000024d400000, 0x000000024d800000, 0x000000024d800000|100%| E|CS|TAMS 0x000000024d400000, 0x000000024d400000| Complete 
|1838|0x000000024d800000, 0x000000024dc00000, 0x000000024dc00000|100%| E|CS|TAMS 0x000000024d800000, 0x000000024d800000| Complete 
|1839|0x000000024dc00000, 0x000000024e000000, 0x000000024e000000|100%| E|CS|TAMS 0x000000024dc00000, 0x000000024dc00000| Complete 
|1840|0x000000024e000000, 0x000000024e400000, 0x000000024e400000|100%| E|CS|TAMS 0x000000024e000000, 0x000000024e000000| Complete 
|1841|0x000000024e400000, 0x000000024e800000, 0x000000024e800000|100%| E|CS|TAMS 0x000000024e400000, 0x000000024e400000| Complete 
|1842|0x000000024e800000, 0x000000024ec00000, 0x000000024ec00000|100%| E|CS|TAMS 0x000000024e800000, 0x000000024e800000| Complete 
|1843|0x000000024ec00000, 0x000000024f000000, 0x000000024f000000|100%| E|CS|TAMS 0x000000024ec00000, 0x000000024ec00000| Complete 
|1844|0x000000024f000000, 0x000000024f400000, 0x000000024f400000|100%| E|CS|TAMS 0x000000024f000000, 0x000000024f000000| Complete 
|1845|0x000000024f400000, 0x000000024f800000, 0x000000024f800000|100%| E|CS|TAMS 0x000000024f400000, 0x000000024f400000| Complete 
|1846|0x000000024f800000, 0x000000024fc00000, 0x000000024fc00000|100%| E|CS|TAMS 0x000000024f800000, 0x000000024f800000| Complete 
|1847|0x000000024fc00000, 0x0000000250000000, 0x0000000250000000|100%| E|CS|TAMS 0x000000024fc00000, 0x000000024fc00000| Complete 
|1848|0x0000000250000000, 0x0000000250400000, 0x0000000250400000|100%| E|CS|TAMS 0x0000000250000000, 0x0000000250000000| Complete 
|1849|0x0000000250400000, 0x0000000250800000, 0x0000000250800000|100%| E|CS|TAMS 0x0000000250400000, 0x0000000250400000| Complete 
|1850|0x0000000250800000, 0x0000000250c00000, 0x0000000250c00000|100%| E|CS|TAMS 0x0000000250800000, 0x0000000250800000| Complete 
|1851|0x0000000250c00000, 0x0000000251000000, 0x0000000251000000|100%| E|CS|TAMS 0x0000000250c00000, 0x0000000250c00000| Complete 
|1852|0x0000000251000000, 0x0000000251400000, 0x0000000251400000|100%| E|CS|TAMS 0x0000000251000000, 0x0000000251000000| Complete 
|1853|0x0000000251400000, 0x0000000251800000, 0x0000000251800000|100%| E|CS|TAMS 0x0000000251400000, 0x0000000251400000| Complete 
|1854|0x0000000251800000, 0x0000000251c00000, 0x0000000251c00000|100%| E|CS|TAMS 0x0000000251800000, 0x0000000251800000| Complete 
|1855|0x0000000251c00000, 0x0000000252000000, 0x0000000252000000|100%| E|CS|TAMS 0x0000000251c00000, 0x0000000251c00000| Complete 
|1856|0x0000000252000000, 0x0000000252400000, 0x0000000252400000|100%| E|CS|TAMS 0x0000000252000000, 0x0000000252000000| Complete 
|1857|0x0000000252400000, 0x0000000252800000, 0x0000000252800000|100%| E|CS|TAMS 0x0000000252400000, 0x0000000252400000| Complete 
|1858|0x0000000252800000, 0x0000000252c00000, 0x0000000252c00000|100%| E|CS|TAMS 0x0000000252800000, 0x0000000252800000| Complete 
|1859|0x0000000252c00000, 0x0000000253000000, 0x0000000253000000|100%| E|CS|TAMS 0x0000000252c00000, 0x0000000252c00000| Complete 
|1860|0x0000000253000000, 0x0000000253400000, 0x0000000253400000|100%| E|CS|TAMS 0x0000000253000000, 0x0000000253000000| Complete 
|1861|0x0000000253400000, 0x0000000253800000, 0x0000000253800000|100%| E|CS|TAMS 0x0000000253400000, 0x0000000253400000| Complete 
|1862|0x0000000253800000, 0x0000000253c00000, 0x0000000253c00000|100%| E|CS|TAMS 0x0000000253800000, 0x0000000253800000| Complete 
|1863|0x0000000253c00000, 0x0000000254000000, 0x0000000254000000|100%| E|CS|TAMS 0x0000000253c00000, 0x0000000253c00000| Complete 
|1864|0x0000000254000000, 0x0000000254400000, 0x0000000254400000|100%| E|CS|TAMS 0x0000000254000000, 0x0000000254000000| Complete 
|1865|0x0000000254400000, 0x0000000254800000, 0x0000000254800000|100%| E|CS|TAMS 0x0000000254400000, 0x0000000254400000| Complete 
|1866|0x0000000254800000, 0x0000000254c00000, 0x0000000254c00000|100%| E|CS|TAMS 0x0000000254800000, 0x0000000254800000| Complete 
|1867|0x0000000254c00000, 0x0000000255000000, 0x0000000255000000|100%| E|CS|TAMS 0x0000000254c00000, 0x0000000254c00000| Complete 
|1868|0x0000000255000000, 0x0000000255400000, 0x0000000255400000|100%| E|CS|TAMS 0x0000000255000000, 0x0000000255000000| Complete 
|1869|0x0000000255400000, 0x0000000255800000, 0x0000000255800000|100%| E|CS|TAMS 0x0000000255400000, 0x0000000255400000| Complete 
|1870|0x0000000255800000, 0x0000000255c00000, 0x0000000255c00000|100%| E|CS|TAMS 0x0000000255800000, 0x0000000255800000| Complete 
|1871|0x0000000255c00000, 0x0000000256000000, 0x0000000256000000|100%| E|CS|TAMS 0x0000000255c00000, 0x0000000255c00000| Complete 
|1872|0x0000000256000000, 0x0000000256400000, 0x0000000256400000|100%| E|CS|TAMS 0x0000000256000000, 0x0000000256000000| Complete 
|1873|0x0000000256400000, 0x0000000256800000, 0x0000000256800000|100%| E|CS|TAMS 0x0000000256400000, 0x0000000256400000| Complete 
|1874|0x0000000256800000, 0x0000000256c00000, 0x0000000256c00000|100%| E|CS|TAMS 0x0000000256800000, 0x0000000256800000| Complete 
|1875|0x0000000256c00000, 0x0000000257000000, 0x0000000257000000|100%| E|CS|TAMS 0x0000000256c00000, 0x0000000256c00000| Complete 
|1876|0x0000000257000000, 0x0000000257400000, 0x0000000257400000|100%| E|CS|TAMS 0x0000000257000000, 0x0000000257000000| Complete 
|1877|0x0000000257400000, 0x0000000257800000, 0x0000000257800000|100%| E|CS|TAMS 0x0000000257400000, 0x0000000257400000| Complete 
|1878|0x0000000257800000, 0x0000000257c00000, 0x0000000257c00000|100%| E|CS|TAMS 0x0000000257800000, 0x0000000257800000| Complete 
|1879|0x0000000257c00000, 0x0000000258000000, 0x0000000258000000|100%| E|CS|TAMS 0x0000000257c00000, 0x0000000257c00000| Complete 
|1880|0x0000000258000000, 0x0000000258400000, 0x0000000258400000|100%| E|CS|TAMS 0x0000000258000000, 0x0000000258000000| Complete 
|1881|0x0000000258400000, 0x0000000258800000, 0x0000000258800000|100%| E|CS|TAMS 0x0000000258400000, 0x0000000258400000| Complete 
|1882|0x0000000258800000, 0x0000000258c00000, 0x0000000258c00000|100%| E|CS|TAMS 0x0000000258800000, 0x0000000258800000| Complete 
|1883|0x0000000258c00000, 0x0000000259000000, 0x0000000259000000|100%| E|CS|TAMS 0x0000000258c00000, 0x0000000258c00000| Complete 
|1884|0x0000000259000000, 0x0000000259400000, 0x0000000259400000|100%| E|CS|TAMS 0x0000000259000000, 0x0000000259000000| Complete 
|1885|0x0000000259400000, 0x0000000259800000, 0x0000000259800000|100%| E|CS|TAMS 0x0000000259400000, 0x0000000259400000| Complete 
|1886|0x0000000259800000, 0x0000000259c00000, 0x0000000259c00000|100%| E|CS|TAMS 0x0000000259800000, 0x0000000259800000| Complete 
|1887|0x0000000259c00000, 0x000000025a000000, 0x000000025a000000|100%| E|CS|TAMS 0x0000000259c00000, 0x0000000259c00000| Complete 
|1888|0x000000025a000000, 0x000000025a400000, 0x000000025a400000|100%| E|CS|TAMS 0x000000025a000000, 0x000000025a000000| Complete 
|1889|0x000000025a400000, 0x000000025a800000, 0x000000025a800000|100%| E|CS|TAMS 0x000000025a400000, 0x000000025a400000| Complete 
|1890|0x000000025a800000, 0x000000025ac00000, 0x000000025ac00000|100%| E|CS|TAMS 0x000000025a800000, 0x000000025a800000| Complete 
|1891|0x000000025ac00000, 0x000000025b000000, 0x000000025b000000|100%| E|CS|TAMS 0x000000025ac00000, 0x000000025ac00000| Complete 
|1892|0x000000025b000000, 0x000000025b400000, 0x000000025b400000|100%| E|CS|TAMS 0x000000025b000000, 0x000000025b000000| Complete 
|1893|0x000000025b400000, 0x000000025b800000, 0x000000025b800000|100%| E|CS|TAMS 0x000000025b400000, 0x000000025b400000| Complete 
|1894|0x000000025b800000, 0x000000025bc00000, 0x000000025bc00000|100%| E|CS|TAMS 0x000000025b800000, 0x000000025b800000| Complete 
|1895|0x000000025bc00000, 0x000000025c000000, 0x000000025c000000|100%| E|CS|TAMS 0x000000025bc00000, 0x000000025bc00000| Complete 
|1896|0x000000025c000000, 0x000000025c400000, 0x000000025c400000|100%| E|CS|TAMS 0x000000025c000000, 0x000000025c000000| Complete 
|1897|0x000000025c400000, 0x000000025c800000, 0x000000025c800000|100%| E|CS|TAMS 0x000000025c400000, 0x000000025c400000| Complete 
|1898|0x000000025c800000, 0x000000025cc00000, 0x000000025cc00000|100%| E|CS|TAMS 0x000000025c800000, 0x000000025c800000| Complete 
|1899|0x000000025cc00000, 0x000000025d000000, 0x000000025d000000|100%| E|CS|TAMS 0x000000025cc00000, 0x000000025cc00000| Complete 
|1900|0x000000025d000000, 0x000000025d400000, 0x000000025d400000|100%| E|CS|TAMS 0x000000025d000000, 0x000000025d000000| Complete 
|1901|0x000000025d400000, 0x000000025d800000, 0x000000025d800000|100%| E|CS|TAMS 0x000000025d400000, 0x000000025d400000| Complete 
|1902|0x000000025d800000, 0x000000025dc00000, 0x000000025dc00000|100%| E|CS|TAMS 0x000000025d800000, 0x000000025d800000| Complete 
|1903|0x000000025dc00000, 0x000000025e000000, 0x000000025e000000|100%| E|CS|TAMS 0x000000025dc00000, 0x000000025dc00000| Complete 
|1904|0x000000025e000000, 0x000000025e400000, 0x000000025e400000|100%| E|CS|TAMS 0x000000025e000000, 0x000000025e000000| Complete 
|1905|0x000000025e400000, 0x000000025e800000, 0x000000025e800000|100%| E|CS|TAMS 0x000000025e400000, 0x000000025e400000| Complete 
|1906|0x000000025e800000, 0x000000025ec00000, 0x000000025ec00000|100%| E|CS|TAMS 0x000000025e800000, 0x000000025e800000| Complete 
|1907|0x000000025ec00000, 0x000000025f000000, 0x000000025f000000|100%| E|CS|TAMS 0x000000025ec00000, 0x000000025ec00000| Complete 
|1908|0x000000025f000000, 0x000000025f400000, 0x000000025f400000|100%| E|CS|TAMS 0x000000025f000000, 0x000000025f000000| Complete 
|1909|0x000000025f400000, 0x000000025f800000, 0x000000025f800000|100%| E|CS|TAMS 0x000000025f400000, 0x000000025f400000| Complete 
|1910|0x000000025f800000, 0x000000025fc00000, 0x000000025fc00000|100%| E|CS|TAMS 0x000000025f800000, 0x000000025f800000| Complete 
|1911|0x000000025fc00000, 0x0000000260000000, 0x0000000260000000|100%| E|CS|TAMS 0x000000025fc00000, 0x000000025fc00000| Complete 
|1912|0x0000000260000000, 0x0000000260400000, 0x0000000260400000|100%| E|CS|TAMS 0x0000000260000000, 0x0000000260000000| Complete 
|1913|0x0000000260400000, 0x0000000260800000, 0x0000000260800000|100%| E|CS|TAMS 0x0000000260400000, 0x0000000260400000| Complete 
|1914|0x0000000260800000, 0x0000000260c00000, 0x0000000260c00000|100%| E|CS|TAMS 0x0000000260800000, 0x0000000260800000| Complete 
|1915|0x0000000260c00000, 0x0000000261000000, 0x0000000261000000|100%| E|CS|TAMS 0x0000000260c00000, 0x0000000260c00000| Complete 
|1916|0x0000000261000000, 0x0000000261400000, 0x0000000261400000|100%| E|CS|TAMS 0x0000000261000000, 0x0000000261000000| Complete 
|1917|0x0000000261400000, 0x0000000261800000, 0x0000000261800000|100%| E|CS|TAMS 0x0000000261400000, 0x0000000261400000| Complete 
|1918|0x0000000261800000, 0x0000000261c00000, 0x0000000261c00000|100%| E|CS|TAMS 0x0000000261800000, 0x0000000261800000| Complete 
|1919|0x0000000261c00000, 0x0000000262000000, 0x0000000262000000|100%| E|CS|TAMS 0x0000000261c00000, 0x0000000261c00000| Complete 
|1920|0x0000000262000000, 0x0000000262400000, 0x0000000262400000|100%| E|CS|TAMS 0x0000000262000000, 0x0000000262000000| Complete 
|1921|0x0000000262400000, 0x0000000262800000, 0x0000000262800000|100%| E|CS|TAMS 0x0000000262400000, 0x0000000262400000| Complete 
|1922|0x0000000262800000, 0x0000000262c00000, 0x0000000262c00000|100%| E|CS|TAMS 0x0000000262800000, 0x0000000262800000| Complete 
|1923|0x0000000262c00000, 0x0000000263000000, 0x0000000263000000|100%| E|CS|TAMS 0x0000000262c00000, 0x0000000262c00000| Complete 
|1924|0x0000000263000000, 0x0000000263400000, 0x0000000263400000|100%| E|CS|TAMS 0x0000000263000000, 0x0000000263000000| Complete 
|1925|0x0000000263400000, 0x0000000263800000, 0x0000000263800000|100%| E|CS|TAMS 0x0000000263400000, 0x0000000263400000| Complete 
|1926|0x0000000263800000, 0x0000000263c00000, 0x0000000263c00000|100%| E|CS|TAMS 0x0000000263800000, 0x0000000263800000| Complete 
|1927|0x0000000263c00000, 0x0000000264000000, 0x0000000264000000|100%| E|CS|TAMS 0x0000000263c00000, 0x0000000263c00000| Complete 
|1928|0x0000000264000000, 0x0000000264400000, 0x0000000264400000|100%| E|CS|TAMS 0x0000000264000000, 0x0000000264000000| Complete 
|1929|0x0000000264400000, 0x0000000264800000, 0x0000000264800000|100%| E|CS|TAMS 0x0000000264400000, 0x0000000264400000| Complete 
|1930|0x0000000264800000, 0x0000000264c00000, 0x0000000264c00000|100%| E|CS|TAMS 0x0000000264800000, 0x0000000264800000| Complete 
|1931|0x0000000264c00000, 0x0000000265000000, 0x0000000265000000|100%| E|CS|TAMS 0x0000000264c00000, 0x0000000264c00000| Complete 
|1932|0x0000000265000000, 0x0000000265400000, 0x0000000265400000|100%| E|CS|TAMS 0x0000000265000000, 0x0000000265000000| Complete 
|1933|0x0000000265400000, 0x0000000265800000, 0x0000000265800000|100%| E|CS|TAMS 0x0000000265400000, 0x0000000265400000| Complete 
|1934|0x0000000265800000, 0x0000000265c00000, 0x0000000265c00000|100%| E|CS|TAMS 0x0000000265800000, 0x0000000265800000| Complete 
|1935|0x0000000265c00000, 0x0000000266000000, 0x0000000266000000|100%| E|CS|TAMS 0x0000000265c00000, 0x0000000265c00000| Complete 
|1936|0x0000000266000000, 0x0000000266400000, 0x0000000266400000|100%| E|CS|TAMS 0x0000000266000000, 0x0000000266000000| Complete 
|1937|0x0000000266400000, 0x0000000266800000, 0x0000000266800000|100%| E|CS|TAMS 0x0000000266400000, 0x0000000266400000| Complete 
|1938|0x0000000266800000, 0x0000000266c00000, 0x0000000266c00000|100%| E|CS|TAMS 0x0000000266800000, 0x0000000266800000| Complete 
|1939|0x0000000266c00000, 0x0000000267000000, 0x0000000267000000|100%| E|CS|TAMS 0x0000000266c00000, 0x0000000266c00000| Complete 
|1940|0x0000000267000000, 0x0000000267400000, 0x0000000267400000|100%| E|CS|TAMS 0x0000000267000000, 0x0000000267000000| Complete 
|1941|0x0000000267400000, 0x0000000267800000, 0x0000000267800000|100%| E|CS|TAMS 0x0000000267400000, 0x0000000267400000| Complete 
|1942|0x0000000267800000, 0x0000000267c00000, 0x0000000267c00000|100%| E|CS|TAMS 0x0000000267800000, 0x0000000267800000| Complete 
|1943|0x0000000267c00000, 0x0000000268000000, 0x0000000268000000|100%| E|CS|TAMS 0x0000000267c00000, 0x0000000267c00000| Complete 
|1944|0x0000000268000000, 0x0000000268400000, 0x0000000268400000|100%| E|CS|TAMS 0x0000000268000000, 0x0000000268000000| Complete 
|1945|0x0000000268400000, 0x0000000268800000, 0x0000000268800000|100%| E|CS|TAMS 0x0000000268400000, 0x0000000268400000| Complete 
|1946|0x0000000268800000, 0x0000000268c00000, 0x0000000268c00000|100%| E|CS|TAMS 0x0000000268800000, 0x0000000268800000| Complete 
|1947|0x0000000268c00000, 0x0000000269000000, 0x0000000269000000|100%| E|CS|TAMS 0x0000000268c00000, 0x0000000268c00000| Complete 
|1948|0x0000000269000000, 0x0000000269400000, 0x0000000269400000|100%| E|CS|TAMS 0x0000000269000000, 0x0000000269000000| Complete 
|1949|0x0000000269400000, 0x0000000269800000, 0x0000000269800000|100%| E|CS|TAMS 0x0000000269400000, 0x0000000269400000| Complete 
|1950|0x0000000269800000, 0x0000000269c00000, 0x0000000269c00000|100%| E|CS|TAMS 0x0000000269800000, 0x0000000269800000| Complete 
|1951|0x0000000269c00000, 0x000000026a000000, 0x000000026a000000|100%| E|CS|TAMS 0x0000000269c00000, 0x0000000269c00000| Complete 
|1952|0x000000026a000000, 0x000000026a400000, 0x000000026a400000|100%| E|CS|TAMS 0x000000026a000000, 0x000000026a000000| Complete 
|1953|0x000000026a400000, 0x000000026a800000, 0x000000026a800000|100%| E|CS|TAMS 0x000000026a400000, 0x000000026a400000| Complete 
|1954|0x000000026a800000, 0x000000026ac00000, 0x000000026ac00000|100%| E|CS|TAMS 0x000000026a800000, 0x000000026a800000| Complete 
|1955|0x000000026ac00000, 0x000000026b000000, 0x000000026b000000|100%| E|CS|TAMS 0x000000026ac00000, 0x000000026ac00000| Complete 
|1956|0x000000026b000000, 0x000000026b400000, 0x000000026b400000|100%| E|CS|TAMS 0x000000026b000000, 0x000000026b000000| Complete 
|1957|0x000000026b400000, 0x000000026b800000, 0x000000026b800000|100%| E|CS|TAMS 0x000000026b400000, 0x000000026b400000| Complete 
|1958|0x000000026b800000, 0x000000026bc00000, 0x000000026bc00000|100%| E|CS|TAMS 0x000000026b800000, 0x000000026b800000| Complete 
|1959|0x000000026bc00000, 0x000000026c000000, 0x000000026c000000|100%| E|CS|TAMS 0x000000026bc00000, 0x000000026bc00000| Complete 
|1960|0x000000026c000000, 0x000000026c400000, 0x000000026c400000|100%| E|CS|TAMS 0x000000026c000000, 0x000000026c000000| Complete 
|1961|0x000000026c400000, 0x000000026c800000, 0x000000026c800000|100%| E|CS|TAMS 0x000000026c400000, 0x000000026c400000| Complete 
|1962|0x000000026c800000, 0x000000026cc00000, 0x000000026cc00000|100%| E|CS|TAMS 0x000000026c800000, 0x000000026c800000| Complete 
|1963|0x000000026cc00000, 0x000000026d000000, 0x000000026d000000|100%| E|CS|TAMS 0x000000026cc00000, 0x000000026cc00000| Complete 
|1964|0x000000026d000000, 0x000000026d400000, 0x000000026d400000|100%| E|CS|TAMS 0x000000026d000000, 0x000000026d000000| Complete 
|1965|0x000000026d400000, 0x000000026d800000, 0x000000026d800000|100%| E|CS|TAMS 0x000000026d400000, 0x000000026d400000| Complete 
|1966|0x000000026d800000, 0x000000026dc00000, 0x000000026dc00000|100%| E|CS|TAMS 0x000000026d800000, 0x000000026d800000| Complete 
|1967|0x000000026dc00000, 0x000000026e000000, 0x000000026e000000|100%| E|CS|TAMS 0x000000026dc00000, 0x000000026dc00000| Complete 
|1968|0x000000026e000000, 0x000000026e400000, 0x000000026e400000|100%| E|CS|TAMS 0x000000026e000000, 0x000000026e000000| Complete 
|1969|0x000000026e400000, 0x000000026e800000, 0x000000026e800000|100%| E|CS|TAMS 0x000000026e400000, 0x000000026e400000| Complete 
|1970|0x000000026e800000, 0x000000026ec00000, 0x000000026ec00000|100%| E|CS|TAMS 0x000000026e800000, 0x000000026e800000| Complete 
|1971|0x000000026ec00000, 0x000000026f000000, 0x000000026f000000|100%| E|CS|TAMS 0x000000026ec00000, 0x000000026ec00000| Complete 
|1972|0x000000026f000000, 0x000000026f400000, 0x000000026f400000|100%| E|CS|TAMS 0x000000026f000000, 0x000000026f000000| Complete 
|1973|0x000000026f400000, 0x000000026f800000, 0x000000026f800000|100%| E|CS|TAMS 0x000000026f400000, 0x000000026f400000| Complete 
|1974|0x000000026f800000, 0x000000026fc00000, 0x000000026fc00000|100%| E|CS|TAMS 0x000000026f800000, 0x000000026f800000| Complete 
|1975|0x000000026fc00000, 0x0000000270000000, 0x0000000270000000|100%| E|CS|TAMS 0x000000026fc00000, 0x000000026fc00000| Complete 
|1976|0x0000000270000000, 0x0000000270400000, 0x0000000270400000|100%| E|CS|TAMS 0x0000000270000000, 0x0000000270000000| Complete 
|1977|0x0000000270400000, 0x0000000270800000, 0x0000000270800000|100%| E|CS|TAMS 0x0000000270400000, 0x0000000270400000| Complete 
|1978|0x0000000270800000, 0x0000000270c00000, 0x0000000270c00000|100%| E|CS|TAMS 0x0000000270800000, 0x0000000270800000| Complete 
|1979|0x0000000270c00000, 0x0000000271000000, 0x0000000271000000|100%| E|CS|TAMS 0x0000000270c00000, 0x0000000270c00000| Complete 
|1980|0x0000000271000000, 0x0000000271400000, 0x0000000271400000|100%| E|CS|TAMS 0x0000000271000000, 0x0000000271000000| Complete 
|1981|0x0000000271400000, 0x0000000271800000, 0x0000000271800000|100%| E|CS|TAMS 0x0000000271400000, 0x0000000271400000| Complete 
|1982|0x0000000271800000, 0x0000000271c00000, 0x0000000271c00000|100%| E|CS|TAMS 0x0000000271800000, 0x0000000271800000| Complete 
|1983|0x0000000271c00000, 0x0000000272000000, 0x0000000272000000|100%| E|CS|TAMS 0x0000000271c00000, 0x0000000271c00000| Complete 
|1984|0x0000000272000000, 0x0000000272400000, 0x0000000272400000|100%| E|CS|TAMS 0x0000000272000000, 0x0000000272000000| Complete 
|1985|0x0000000272400000, 0x0000000272800000, 0x0000000272800000|100%| E|CS|TAMS 0x0000000272400000, 0x0000000272400000| Complete 
|1986|0x0000000272800000, 0x0000000272c00000, 0x0000000272c00000|100%| E|CS|TAMS 0x0000000272800000, 0x0000000272800000| Complete 
|1987|0x0000000272c00000, 0x0000000273000000, 0x0000000273000000|100%| E|CS|TAMS 0x0000000272c00000, 0x0000000272c00000| Complete 
|1988|0x0000000273000000, 0x0000000273400000, 0x0000000273400000|100%| E|CS|TAMS 0x0000000273000000, 0x0000000273000000| Complete 
|1989|0x0000000273400000, 0x0000000273800000, 0x0000000273800000|100%| E|CS|TAMS 0x0000000273400000, 0x0000000273400000| Complete 
|1990|0x0000000273800000, 0x0000000273c00000, 0x0000000273c00000|100%| E|CS|TAMS 0x0000000273800000, 0x0000000273800000| Complete 
|1991|0x0000000273c00000, 0x0000000274000000, 0x0000000274000000|100%| E|CS|TAMS 0x0000000273c00000, 0x0000000273c00000| Complete 
|1992|0x0000000274000000, 0x0000000274400000, 0x0000000274400000|100%| E|CS|TAMS 0x0000000274000000, 0x0000000274000000| Complete 
|1993|0x0000000274400000, 0x0000000274800000, 0x0000000274800000|100%| E|CS|TAMS 0x0000000274400000, 0x0000000274400000| Complete 
|1994|0x0000000274800000, 0x0000000274c00000, 0x0000000274c00000|100%| E|CS|TAMS 0x0000000274800000, 0x0000000274800000| Complete 
|1995|0x0000000274c00000, 0x0000000275000000, 0x0000000275000000|100%| E|CS|TAMS 0x0000000274c00000, 0x0000000274c00000| Complete 
|1996|0x0000000275000000, 0x0000000275400000, 0x0000000275400000|100%| E|CS|TAMS 0x0000000275000000, 0x0000000275000000| Complete 
|1997|0x0000000275400000, 0x0000000275800000, 0x0000000275800000|100%| E|CS|TAMS 0x0000000275400000, 0x0000000275400000| Complete 
|1998|0x0000000275800000, 0x0000000275c00000, 0x0000000275c00000|100%| E|CS|TAMS 0x0000000275800000, 0x0000000275800000| Complete 
|1999|0x0000000275c00000, 0x0000000276000000, 0x0000000276000000|100%| E|CS|TAMS 0x0000000275c00000, 0x0000000275c00000| Complete 
|2000|0x0000000276000000, 0x0000000276400000, 0x0000000276400000|100%| E|CS|TAMS 0x0000000276000000, 0x0000000276000000| Complete 
|2001|0x0000000276400000, 0x0000000276800000, 0x0000000276800000|100%| E|CS|TAMS 0x0000000276400000, 0x0000000276400000| Complete 
|2002|0x0000000276800000, 0x0000000276c00000, 0x0000000276c00000|100%| E|CS|TAMS 0x0000000276800000, 0x0000000276800000| Complete 
|2003|0x0000000276c00000, 0x0000000277000000, 0x0000000277000000|100%| E|CS|TAMS 0x0000000276c00000, 0x0000000276c00000| Complete 
|2004|0x0000000277000000, 0x0000000277400000, 0x0000000277400000|100%| E|CS|TAMS 0x0000000277000000, 0x0000000277000000| Complete 
|2005|0x0000000277400000, 0x0000000277800000, 0x0000000277800000|100%| E|CS|TAMS 0x0000000277400000, 0x0000000277400000| Complete 
|2006|0x0000000277800000, 0x0000000277c00000, 0x0000000277c00000|100%| E|CS|TAMS 0x0000000277800000, 0x0000000277800000| Complete 
|2007|0x0000000277c00000, 0x0000000278000000, 0x0000000278000000|100%| E|CS|TAMS 0x0000000277c00000, 0x0000000277c00000| Complete 
|2008|0x0000000278000000, 0x0000000278400000, 0x0000000278400000|100%| E|CS|TAMS 0x0000000278000000, 0x0000000278000000| Complete 
|2009|0x0000000278400000, 0x0000000278800000, 0x0000000278800000|100%| E|CS|TAMS 0x0000000278400000, 0x0000000278400000| Complete 
|2010|0x0000000278800000, 0x0000000278c00000, 0x0000000278c00000|100%| E|CS|TAMS 0x0000000278800000, 0x0000000278800000| Complete 
|2011|0x0000000278c00000, 0x0000000279000000, 0x0000000279000000|100%| E|CS|TAMS 0x0000000278c00000, 0x0000000278c00000| Complete 
|2012|0x0000000279000000, 0x0000000279400000, 0x0000000279400000|100%| E|CS|TAMS 0x0000000279000000, 0x0000000279000000| Complete 
|2013|0x0000000279400000, 0x0000000279800000, 0x0000000279800000|100%| E|CS|TAMS 0x0000000279400000, 0x0000000279400000| Complete 
|2014|0x0000000279800000, 0x0000000279c00000, 0x0000000279c00000|100%| E|CS|TAMS 0x0000000279800000, 0x0000000279800000| Complete 
|2015|0x0000000279c00000, 0x000000027a000000, 0x000000027a000000|100%| E|CS|TAMS 0x0000000279c00000, 0x0000000279c00000| Complete 
|2016|0x000000027a000000, 0x000000027a400000, 0x000000027a400000|100%| E|CS|TAMS 0x000000027a000000, 0x000000027a000000| Complete 
|2017|0x000000027a400000, 0x000000027a800000, 0x000000027a800000|100%| E|CS|TAMS 0x000000027a400000, 0x000000027a400000| Complete 
|2018|0x000000027a800000, 0x000000027ac00000, 0x000000027ac00000|100%| E|CS|TAMS 0x000000027a800000, 0x000000027a800000| Complete 
|2019|0x000000027ac00000, 0x000000027b000000, 0x000000027b000000|100%| E|CS|TAMS 0x000000027ac00000, 0x000000027ac00000| Complete 
|2020|0x000000027b000000, 0x000000027b400000, 0x000000027b400000|100%| E|CS|TAMS 0x000000027b000000, 0x000000027b000000| Complete 
|2021|0x000000027b400000, 0x000000027b800000, 0x000000027b800000|100%| E|CS|TAMS 0x000000027b400000, 0x000000027b400000| Complete 
|2022|0x000000027b800000, 0x000000027bc00000, 0x000000027bc00000|100%| E|CS|TAMS 0x000000027b800000, 0x000000027b800000| Complete 
|2023|0x000000027bc00000, 0x000000027c000000, 0x000000027c000000|100%| E|CS|TAMS 0x000000027bc00000, 0x000000027bc00000| Complete 
|2024|0x000000027c000000, 0x000000027c400000, 0x000000027c400000|100%| E|CS|TAMS 0x000000027c000000, 0x000000027c000000| Complete 
|2025|0x000000027c400000, 0x000000027c800000, 0x000000027c800000|100%| E|CS|TAMS 0x000000027c400000, 0x000000027c400000| Complete 
|2026|0x000000027c800000, 0x000000027cc00000, 0x000000027cc00000|100%| E|CS|TAMS 0x000000027c800000, 0x000000027c800000| Complete 
|2027|0x000000027cc00000, 0x000000027d000000, 0x000000027d000000|100%| E|CS|TAMS 0x000000027cc00000, 0x000000027cc00000| Complete 
|2028|0x000000027d000000, 0x000000027d400000, 0x000000027d400000|100%| E|CS|TAMS 0x000000027d000000, 0x000000027d000000| Complete 
|2029|0x000000027d400000, 0x000000027d800000, 0x000000027d800000|100%| E|CS|TAMS 0x000000027d400000, 0x000000027d400000| Complete 
|2030|0x000000027d800000, 0x000000027dc00000, 0x000000027dc00000|100%| E|CS|TAMS 0x000000027d800000, 0x000000027d800000| Complete 
|2031|0x000000027dc00000, 0x000000027e000000, 0x000000027e000000|100%| E|CS|TAMS 0x000000027dc00000, 0x000000027dc00000| Complete 
|2032|0x000000027e000000, 0x000000027e400000, 0x000000027e400000|100%| E|CS|TAMS 0x000000027e000000, 0x000000027e000000| Complete 
|2033|0x000000027e400000, 0x000000027e800000, 0x000000027e800000|100%| E|CS|TAMS 0x000000027e400000, 0x000000027e400000| Complete 
|2034|0x000000027e800000, 0x000000027ec00000, 0x000000027ec00000|100%| E|CS|TAMS 0x000000027e800000, 0x000000027e800000| Complete 
|2035|0x000000027ec00000, 0x000000027f000000, 0x000000027f000000|100%| E|CS|TAMS 0x000000027ec00000, 0x000000027ec00000| Complete 
|2036|0x000000027f000000, 0x000000027f400000, 0x000000027f400000|100%| E|CS|TAMS 0x000000027f000000, 0x000000027f000000| Complete 
|2037|0x000000027f400000, 0x000000027f800000, 0x000000027f800000|100%| E|CS|TAMS 0x000000027f400000, 0x000000027f400000| Complete 
|2038|0x000000027f800000, 0x000000027fc00000, 0x000000027fc00000|100%| E|CS|TAMS 0x000000027f800000, 0x000000027f800000| Complete 
|2039|0x000000027fc00000, 0x0000000280000000, 0x0000000280000000|100%| E|CS|TAMS 0x000000027fc00000, 0x000000027fc00000| Complete 
|2040|0x0000000280000000, 0x0000000280400000, 0x0000000280400000|100%| E|CS|TAMS 0x0000000280000000, 0x0000000280000000| Complete 
|2041|0x0000000280400000, 0x0000000280800000, 0x0000000280800000|100%| E|CS|TAMS 0x0000000280400000, 0x0000000280400000| Complete 
|2042|0x0000000280800000, 0x0000000280c00000, 0x0000000280c00000|100%| E|CS|TAMS 0x0000000280800000, 0x0000000280800000| Complete 
|2043|0x0000000280c00000, 0x0000000281000000, 0x0000000281000000|100%| E|CS|TAMS 0x0000000280c00000, 0x0000000280c00000| Complete 
|2044|0x0000000281000000, 0x0000000281400000, 0x0000000281400000|100%| E|CS|TAMS 0x0000000281000000, 0x0000000281000000| Complete 
|2045|0x0000000281400000, 0x0000000281800000, 0x0000000281800000|100%| E|CS|TAMS 0x0000000281400000, 0x0000000281400000| Complete 
|2046|0x0000000281800000, 0x0000000281c00000, 0x0000000281c00000|100%| E|CS|TAMS 0x0000000281800000, 0x0000000281800000| Complete 
|2047|0x0000000281c00000, 0x0000000282000000, 0x0000000282000000|100%| E|CS|TAMS 0x0000000281c00000, 0x0000000281c00000| Complete 
|2048|0x0000000282000000, 0x0000000282400000, 0x0000000282400000|100%| E|CS|TAMS 0x0000000282000000, 0x0000000282000000| Complete 
|2049|0x0000000282400000, 0x0000000282800000, 0x0000000282800000|100%| E|CS|TAMS 0x0000000282400000, 0x0000000282400000| Complete 
|2050|0x0000000282800000, 0x0000000282c00000, 0x0000000282c00000|100%| E|CS|TAMS 0x0000000282800000, 0x0000000282800000| Complete 
|2051|0x0000000282c00000, 0x0000000283000000, 0x0000000283000000|100%| E|CS|TAMS 0x0000000282c00000, 0x0000000282c00000| Complete 
|2052|0x0000000283000000, 0x0000000283400000, 0x0000000283400000|100%| E|CS|TAMS 0x0000000283000000, 0x0000000283000000| Complete 
|2053|0x0000000283400000, 0x0000000283800000, 0x0000000283800000|100%| E|CS|TAMS 0x0000000283400000, 0x0000000283400000| Complete 
|2054|0x0000000283800000, 0x0000000283c00000, 0x0000000283c00000|100%| E|CS|TAMS 0x0000000283800000, 0x0000000283800000| Complete 
|2055|0x0000000283c00000, 0x0000000284000000, 0x0000000284000000|100%| E|CS|TAMS 0x0000000283c00000, 0x0000000283c00000| Complete 
|2056|0x0000000284000000, 0x0000000284400000, 0x0000000284400000|100%| E|CS|TAMS 0x0000000284000000, 0x0000000284000000| Complete 
|2057|0x0000000284400000, 0x0000000284800000, 0x0000000284800000|100%| E|CS|TAMS 0x0000000284400000, 0x0000000284400000| Complete 
|2058|0x0000000284800000, 0x0000000284c00000, 0x0000000284c00000|100%| E|CS|TAMS 0x0000000284800000, 0x0000000284800000| Complete 
|2059|0x0000000284c00000, 0x0000000285000000, 0x0000000285000000|100%| E|CS|TAMS 0x0000000284c00000, 0x0000000284c00000| Complete 
|2060|0x0000000285000000, 0x0000000285400000, 0x0000000285400000|100%| E|CS|TAMS 0x0000000285000000, 0x0000000285000000| Complete 
|2061|0x0000000285400000, 0x0000000285800000, 0x0000000285800000|100%| E|CS|TAMS 0x0000000285400000, 0x0000000285400000| Complete 
|2062|0x0000000285800000, 0x0000000285c00000, 0x0000000285c00000|100%| E|CS|TAMS 0x0000000285800000, 0x0000000285800000| Complete 
|2063|0x0000000285c00000, 0x0000000286000000, 0x0000000286000000|100%| E|CS|TAMS 0x0000000285c00000, 0x0000000285c00000| Complete 
|2064|0x0000000286000000, 0x0000000286400000, 0x0000000286400000|100%| E|CS|TAMS 0x0000000286000000, 0x0000000286000000| Complete 
|2065|0x0000000286400000, 0x0000000286800000, 0x0000000286800000|100%| E|CS|TAMS 0x0000000286400000, 0x0000000286400000| Complete 
|2066|0x0000000286800000, 0x0000000286c00000, 0x0000000286c00000|100%| E|CS|TAMS 0x0000000286800000, 0x0000000286800000| Complete 
|2067|0x0000000286c00000, 0x0000000287000000, 0x0000000287000000|100%| E|CS|TAMS 0x0000000286c00000, 0x0000000286c00000| Complete 
|2068|0x0000000287000000, 0x0000000287400000, 0x0000000287400000|100%| E|CS|TAMS 0x0000000287000000, 0x0000000287000000| Complete 
|2069|0x0000000287400000, 0x0000000287800000, 0x0000000287800000|100%| E|CS|TAMS 0x0000000287400000, 0x0000000287400000| Complete 
|2070|0x0000000287800000, 0x0000000287c00000, 0x0000000287c00000|100%| E|CS|TAMS 0x0000000287800000, 0x0000000287800000| Complete 
|2071|0x0000000287c00000, 0x0000000288000000, 0x0000000288000000|100%| E|CS|TAMS 0x0000000287c00000, 0x0000000287c00000| Complete 
|2072|0x0000000288000000, 0x0000000288400000, 0x0000000288400000|100%| E|CS|TAMS 0x0000000288000000, 0x0000000288000000| Complete 
|2073|0x0000000288400000, 0x0000000288800000, 0x0000000288800000|100%| E|CS|TAMS 0x0000000288400000, 0x0000000288400000| Complete 
|2074|0x0000000288800000, 0x0000000288c00000, 0x0000000288c00000|100%| E|CS|TAMS 0x0000000288800000, 0x0000000288800000| Complete 
|2075|0x0000000288c00000, 0x0000000289000000, 0x0000000289000000|100%| E|CS|TAMS 0x0000000288c00000, 0x0000000288c00000| Complete 
|2076|0x0000000289000000, 0x0000000289400000, 0x0000000289400000|100%| E|CS|TAMS 0x0000000289000000, 0x0000000289000000| Complete 
|2077|0x0000000289400000, 0x0000000289800000, 0x0000000289800000|100%| E|CS|TAMS 0x0000000289400000, 0x0000000289400000| Complete 
|2078|0x0000000289800000, 0x0000000289c00000, 0x0000000289c00000|100%| E|CS|TAMS 0x0000000289800000, 0x0000000289800000| Complete 
|2079|0x0000000289c00000, 0x000000028a000000, 0x000000028a000000|100%| E|CS|TAMS 0x0000000289c00000, 0x0000000289c00000| Complete 
|2080|0x000000028a000000, 0x000000028a400000, 0x000000028a400000|100%| E|CS|TAMS 0x000000028a000000, 0x000000028a000000| Complete 
|2081|0x000000028a400000, 0x000000028a800000, 0x000000028a800000|100%| E|CS|TAMS 0x000000028a400000, 0x000000028a400000| Complete 
|2082|0x000000028a800000, 0x000000028ac00000, 0x000000028ac00000|100%| E|CS|TAMS 0x000000028a800000, 0x000000028a800000| Complete 
|2083|0x000000028ac00000, 0x000000028b000000, 0x000000028b000000|100%| E|CS|TAMS 0x000000028ac00000, 0x000000028ac00000| Complete 
|2084|0x000000028b000000, 0x000000028b400000, 0x000000028b400000|100%| E|CS|TAMS 0x000000028b000000, 0x000000028b000000| Complete 
|2085|0x000000028b400000, 0x000000028b800000, 0x000000028b800000|100%| E|CS|TAMS 0x000000028b400000, 0x000000028b400000| Complete 
|2086|0x000000028b800000, 0x000000028bc00000, 0x000000028bc00000|100%| E|CS|TAMS 0x000000028b800000, 0x000000028b800000| Complete 
|2087|0x000000028bc00000, 0x000000028c000000, 0x000000028c000000|100%| E|CS|TAMS 0x000000028bc00000, 0x000000028bc00000| Complete 
|2088|0x000000028c000000, 0x000000028c400000, 0x000000028c400000|100%| E|CS|TAMS 0x000000028c000000, 0x000000028c000000| Complete 
|2089|0x000000028c400000, 0x000000028c800000, 0x000000028c800000|100%| E|CS|TAMS 0x000000028c400000, 0x000000028c400000| Complete 
|2090|0x000000028c800000, 0x000000028cc00000, 0x000000028cc00000|100%| E|CS|TAMS 0x000000028c800000, 0x000000028c800000| Complete 
|2091|0x000000028cc00000, 0x000000028d000000, 0x000000028d000000|100%| E|CS|TAMS 0x000000028cc00000, 0x000000028cc00000| Complete 
|2092|0x000000028d000000, 0x000000028d400000, 0x000000028d400000|100%| E|CS|TAMS 0x000000028d000000, 0x000000028d000000| Complete 
|2093|0x000000028d400000, 0x000000028d800000, 0x000000028d800000|100%| E|CS|TAMS 0x000000028d400000, 0x000000028d400000| Complete 
|2094|0x000000028d800000, 0x000000028dc00000, 0x000000028dc00000|100%| E|CS|TAMS 0x000000028d800000, 0x000000028d800000| Complete 
|2095|0x000000028dc00000, 0x000000028e000000, 0x000000028e000000|100%| E|CS|TAMS 0x000000028dc00000, 0x000000028dc00000| Complete 
|2096|0x000000028e000000, 0x000000028e400000, 0x000000028e400000|100%| E|CS|TAMS 0x000000028e000000, 0x000000028e000000| Complete 
|2097|0x000000028e400000, 0x000000028e800000, 0x000000028e800000|100%| E|CS|TAMS 0x000000028e400000, 0x000000028e400000| Complete 
|2098|0x000000028e800000, 0x000000028ec00000, 0x000000028ec00000|100%| E|CS|TAMS 0x000000028e800000, 0x000000028e800000| Complete 
|2099|0x000000028ec00000, 0x000000028f000000, 0x000000028f000000|100%| E|CS|TAMS 0x000000028ec00000, 0x000000028ec00000| Complete 
|2100|0x000000028f000000, 0x000000028f400000, 0x000000028f400000|100%| E|CS|TAMS 0x000000028f000000, 0x000000028f000000| Complete 
|2101|0x000000028f400000, 0x000000028f800000, 0x000000028f800000|100%| E|CS|TAMS 0x000000028f400000, 0x000000028f400000| Complete 
|2102|0x000000028f800000, 0x000000028fc00000, 0x000000028fc00000|100%| E|CS|TAMS 0x000000028f800000, 0x000000028f800000| Complete 
|2103|0x000000028fc00000, 0x0000000290000000, 0x0000000290000000|100%| E|CS|TAMS 0x000000028fc00000, 0x000000028fc00000| Complete 
|2104|0x0000000290000000, 0x0000000290400000, 0x0000000290400000|100%| E|CS|TAMS 0x0000000290000000, 0x0000000290000000| Complete 
|2105|0x0000000290400000, 0x0000000290800000, 0x0000000290800000|100%| E|CS|TAMS 0x0000000290400000, 0x0000000290400000| Complete 
|2106|0x0000000290800000, 0x0000000290c00000, 0x0000000290c00000|100%| E|CS|TAMS 0x0000000290800000, 0x0000000290800000| Complete 
|2107|0x0000000290c00000, 0x0000000291000000, 0x0000000291000000|100%| E|CS|TAMS 0x0000000290c00000, 0x0000000290c00000| Complete 
|2108|0x0000000291000000, 0x0000000291400000, 0x0000000291400000|100%| E|CS|TAMS 0x0000000291000000, 0x0000000291000000| Complete 
|2109|0x0000000291400000, 0x0000000291800000, 0x0000000291800000|100%| E|CS|TAMS 0x0000000291400000, 0x0000000291400000| Complete 
|2110|0x0000000291800000, 0x0000000291c00000, 0x0000000291c00000|100%| E|CS|TAMS 0x0000000291800000, 0x0000000291800000| Complete 
|2111|0x0000000291c00000, 0x0000000292000000, 0x0000000292000000|100%| E|CS|TAMS 0x0000000291c00000, 0x0000000291c00000| Complete 
|2112|0x0000000292000000, 0x0000000292400000, 0x0000000292400000|100%| E|CS|TAMS 0x0000000292000000, 0x0000000292000000| Complete 
|2113|0x0000000292400000, 0x0000000292800000, 0x0000000292800000|100%| E|CS|TAMS 0x0000000292400000, 0x0000000292400000| Complete 
|2114|0x0000000292800000, 0x0000000292c00000, 0x0000000292c00000|100%| E|CS|TAMS 0x0000000292800000, 0x0000000292800000| Complete 
|2115|0x0000000292c00000, 0x0000000293000000, 0x0000000293000000|100%| E|CS|TAMS 0x0000000292c00000, 0x0000000292c00000| Complete 
|2116|0x0000000293000000, 0x0000000293400000, 0x0000000293400000|100%| E|CS|TAMS 0x0000000293000000, 0x0000000293000000| Complete 
|2117|0x0000000293400000, 0x0000000293800000, 0x0000000293800000|100%| E|CS|TAMS 0x0000000293400000, 0x0000000293400000| Complete 
|2118|0x0000000293800000, 0x0000000293c00000, 0x0000000293c00000|100%| E|CS|TAMS 0x0000000293800000, 0x0000000293800000| Complete 
|2119|0x0000000293c00000, 0x0000000294000000, 0x0000000294000000|100%| E|CS|TAMS 0x0000000293c00000, 0x0000000293c00000| Complete 
|2120|0x0000000294000000, 0x0000000294400000, 0x0000000294400000|100%| E|CS|TAMS 0x0000000294000000, 0x0000000294000000| Complete 
|2121|0x0000000294400000, 0x0000000294800000, 0x0000000294800000|100%| E|CS|TAMS 0x0000000294400000, 0x0000000294400000| Complete 
|2122|0x0000000294800000, 0x0000000294c00000, 0x0000000294c00000|100%| E|CS|TAMS 0x0000000294800000, 0x0000000294800000| Complete 
|2123|0x0000000294c00000, 0x0000000295000000, 0x0000000295000000|100%| E|CS|TAMS 0x0000000294c00000, 0x0000000294c00000| Complete 
|2124|0x0000000295000000, 0x0000000295400000, 0x0000000295400000|100%| E|CS|TAMS 0x0000000295000000, 0x0000000295000000| Complete 
|2125|0x0000000295400000, 0x0000000295800000, 0x0000000295800000|100%| E|CS|TAMS 0x0000000295400000, 0x0000000295400000| Complete 
|2126|0x0000000295800000, 0x0000000295c00000, 0x0000000295c00000|100%| E|CS|TAMS 0x0000000295800000, 0x0000000295800000| Complete 
|2127|0x0000000295c00000, 0x0000000296000000, 0x0000000296000000|100%| E|CS|TAMS 0x0000000295c00000, 0x0000000295c00000| Complete 
|2128|0x0000000296000000, 0x0000000296400000, 0x0000000296400000|100%| E|CS|TAMS 0x0000000296000000, 0x0000000296000000| Complete 
|2129|0x0000000296400000, 0x0000000296800000, 0x0000000296800000|100%| E|CS|TAMS 0x0000000296400000, 0x0000000296400000| Complete 
|2130|0x0000000296800000, 0x0000000296c00000, 0x0000000296c00000|100%| E|CS|TAMS 0x0000000296800000, 0x0000000296800000| Complete 
|2131|0x0000000296c00000, 0x0000000297000000, 0x0000000297000000|100%| E|CS|TAMS 0x0000000296c00000, 0x0000000296c00000| Complete 
|2132|0x0000000297000000, 0x0000000297400000, 0x0000000297400000|100%| E|CS|TAMS 0x0000000297000000, 0x0000000297000000| Complete 
|2133|0x0000000297400000, 0x0000000297800000, 0x0000000297800000|100%| E|CS|TAMS 0x0000000297400000, 0x0000000297400000| Complete 
|2134|0x0000000297800000, 0x0000000297c00000, 0x0000000297c00000|100%| E|CS|TAMS 0x0000000297800000, 0x0000000297800000| Complete 
|2135|0x0000000297c00000, 0x0000000298000000, 0x0000000298000000|100%| E|CS|TAMS 0x0000000297c00000, 0x0000000297c00000| Complete 
|2136|0x0000000298000000, 0x0000000298400000, 0x0000000298400000|100%| E|CS|TAMS 0x0000000298000000, 0x0000000298000000| Complete 
|2137|0x0000000298400000, 0x0000000298800000, 0x0000000298800000|100%| E|CS|TAMS 0x0000000298400000, 0x0000000298400000| Complete 
|2138|0x0000000298800000, 0x0000000298c00000, 0x0000000298c00000|100%| E|CS|TAMS 0x0000000298800000, 0x0000000298800000| Complete 
|2139|0x0000000298c00000, 0x0000000299000000, 0x0000000299000000|100%| E|CS|TAMS 0x0000000298c00000, 0x0000000298c00000| Complete 
|2140|0x0000000299000000, 0x0000000299400000, 0x0000000299400000|100%| E|CS|TAMS 0x0000000299000000, 0x0000000299000000| Complete 
|2141|0x0000000299400000, 0x0000000299800000, 0x0000000299800000|100%| E|CS|TAMS 0x0000000299400000, 0x0000000299400000| Complete 
|2142|0x0000000299800000, 0x0000000299c00000, 0x0000000299c00000|100%| E|CS|TAMS 0x0000000299800000, 0x0000000299800000| Complete 
|2143|0x0000000299c00000, 0x000000029a000000, 0x000000029a000000|100%| E|CS|TAMS 0x0000000299c00000, 0x0000000299c00000| Complete 
|2144|0x000000029a000000, 0x000000029a400000, 0x000000029a400000|100%| E|CS|TAMS 0x000000029a000000, 0x000000029a000000| Complete 
|2145|0x000000029a400000, 0x000000029a800000, 0x000000029a800000|100%| E|CS|TAMS 0x000000029a400000, 0x000000029a400000| Complete 
|2146|0x000000029a800000, 0x000000029ac00000, 0x000000029ac00000|100%| E|CS|TAMS 0x000000029a800000, 0x000000029a800000| Complete 
|2147|0x000000029ac00000, 0x000000029b000000, 0x000000029b000000|100%| E|CS|TAMS 0x000000029ac00000, 0x000000029ac00000| Complete 
|2148|0x000000029b000000, 0x000000029b400000, 0x000000029b400000|100%| E|CS|TAMS 0x000000029b000000, 0x000000029b000000| Complete 
|2149|0x000000029b400000, 0x000000029b800000, 0x000000029b800000|100%| E|CS|TAMS 0x000000029b400000, 0x000000029b400000| Complete 
|2150|0x000000029b800000, 0x000000029bc00000, 0x000000029bc00000|100%| E|CS|TAMS 0x000000029b800000, 0x000000029b800000| Complete 
|2151|0x000000029bc00000, 0x000000029c000000, 0x000000029c000000|100%| E|CS|TAMS 0x000000029bc00000, 0x000000029bc00000| Complete 
|2152|0x000000029c000000, 0x000000029c400000, 0x000000029c400000|100%| E|CS|TAMS 0x000000029c000000, 0x000000029c000000| Complete 
|2153|0x000000029c400000, 0x000000029c800000, 0x000000029c800000|100%| E|CS|TAMS 0x000000029c400000, 0x000000029c400000| Complete 
|2154|0x000000029c800000, 0x000000029cc00000, 0x000000029cc00000|100%| E|CS|TAMS 0x000000029c800000, 0x000000029c800000| Complete 
|2155|0x000000029cc00000, 0x000000029d000000, 0x000000029d000000|100%| E|CS|TAMS 0x000000029cc00000, 0x000000029cc00000| Complete 
|2156|0x000000029d000000, 0x000000029d400000, 0x000000029d400000|100%| E|CS|TAMS 0x000000029d000000, 0x000000029d000000| Complete 
|2157|0x000000029d400000, 0x000000029d800000, 0x000000029d800000|100%| E|CS|TAMS 0x000000029d400000, 0x000000029d400000| Complete 
|2158|0x000000029d800000, 0x000000029dc00000, 0x000000029dc00000|100%| E|CS|TAMS 0x000000029d800000, 0x000000029d800000| Complete 
|2159|0x000000029dc00000, 0x000000029e000000, 0x000000029e000000|100%| E|CS|TAMS 0x000000029dc00000, 0x000000029dc00000| Complete 
|2160|0x000000029e000000, 0x000000029e400000, 0x000000029e400000|100%| E|CS|TAMS 0x000000029e000000, 0x000000029e000000| Complete 
|2161|0x000000029e400000, 0x000000029e800000, 0x000000029e800000|100%| E|CS|TAMS 0x000000029e400000, 0x000000029e400000| Complete 
|2162|0x000000029e800000, 0x000000029ec00000, 0x000000029ec00000|100%| E|CS|TAMS 0x000000029e800000, 0x000000029e800000| Complete 
|2163|0x000000029ec00000, 0x000000029f000000, 0x000000029f000000|100%| E|CS|TAMS 0x000000029ec00000, 0x000000029ec00000| Complete 
|2164|0x000000029f000000, 0x000000029f400000, 0x000000029f400000|100%| E|CS|TAMS 0x000000029f000000, 0x000000029f000000| Complete 
|2165|0x000000029f400000, 0x000000029f800000, 0x000000029f800000|100%| E|CS|TAMS 0x000000029f400000, 0x000000029f400000| Complete 
|2166|0x000000029f800000, 0x000000029fc00000, 0x000000029fc00000|100%| E|CS|TAMS 0x000000029f800000, 0x000000029f800000| Complete 
|2167|0x000000029fc00000, 0x00000002a0000000, 0x00000002a0000000|100%| E|CS|TAMS 0x000000029fc00000, 0x000000029fc00000| Complete 
|2168|0x00000002a0000000, 0x00000002a0400000, 0x00000002a0400000|100%| E|CS|TAMS 0x00000002a0000000, 0x00000002a0000000| Complete 
|2169|0x00000002a0400000, 0x00000002a0800000, 0x00000002a0800000|100%| E|CS|TAMS 0x00000002a0400000, 0x00000002a0400000| Complete 
|2170|0x00000002a0800000, 0x00000002a0c00000, 0x00000002a0c00000|100%| E|CS|TAMS 0x00000002a0800000, 0x00000002a0800000| Complete 
|2171|0x00000002a0c00000, 0x00000002a1000000, 0x00000002a1000000|100%| E|CS|TAMS 0x00000002a0c00000, 0x00000002a0c00000| Complete 
|2172|0x00000002a1000000, 0x00000002a1400000, 0x00000002a1400000|100%| E|CS|TAMS 0x00000002a1000000, 0x00000002a1000000| Complete 
|2173|0x00000002a1400000, 0x00000002a1800000, 0x00000002a1800000|100%| E|CS|TAMS 0x00000002a1400000, 0x00000002a1400000| Complete 
|2174|0x00000002a1800000, 0x00000002a1c00000, 0x00000002a1c00000|100%| E|CS|TAMS 0x00000002a1800000, 0x00000002a1800000| Complete 
|2175|0x00000002a1c00000, 0x00000002a2000000, 0x00000002a2000000|100%| E|CS|TAMS 0x00000002a1c00000, 0x00000002a1c00000| Complete 
|2176|0x00000002a2000000, 0x00000002a2400000, 0x00000002a2400000|100%| E|CS|TAMS 0x00000002a2000000, 0x00000002a2000000| Complete 
|2177|0x00000002a2400000, 0x00000002a2800000, 0x00000002a2800000|100%| E|CS|TAMS 0x00000002a2400000, 0x00000002a2400000| Complete 
|2178|0x00000002a2800000, 0x00000002a2c00000, 0x00000002a2c00000|100%| E|CS|TAMS 0x00000002a2800000, 0x00000002a2800000| Complete 
|2179|0x00000002a2c00000, 0x00000002a3000000, 0x00000002a3000000|100%| E|CS|TAMS 0x00000002a2c00000, 0x00000002a2c00000| Complete 
|2180|0x00000002a3000000, 0x00000002a3400000, 0x00000002a3400000|100%| E|CS|TAMS 0x00000002a3000000, 0x00000002a3000000| Complete 
|2181|0x00000002a3400000, 0x00000002a3800000, 0x00000002a3800000|100%| E|CS|TAMS 0x00000002a3400000, 0x00000002a3400000| Complete 
|2182|0x00000002a3800000, 0x00000002a3c00000, 0x00000002a3c00000|100%| E|CS|TAMS 0x00000002a3800000, 0x00000002a3800000| Complete 
|2183|0x00000002a3c00000, 0x00000002a4000000, 0x00000002a4000000|100%| E|CS|TAMS 0x00000002a3c00000, 0x00000002a3c00000| Complete 
|2184|0x00000002a4000000, 0x00000002a4400000, 0x00000002a4400000|100%| E|CS|TAMS 0x00000002a4000000, 0x00000002a4000000| Complete 
|2185|0x00000002a4400000, 0x00000002a4800000, 0x00000002a4800000|100%| E|CS|TAMS 0x00000002a4400000, 0x00000002a4400000| Complete 
|2186|0x00000002a4800000, 0x00000002a4c00000, 0x00000002a4c00000|100%| E|CS|TAMS 0x00000002a4800000, 0x00000002a4800000| Complete 
|2187|0x00000002a4c00000, 0x00000002a5000000, 0x00000002a5000000|100%| E|CS|TAMS 0x00000002a4c00000, 0x00000002a4c00000| Complete 
|2188|0x00000002a5000000, 0x00000002a5400000, 0x00000002a5400000|100%| E|CS|TAMS 0x00000002a5000000, 0x00000002a5000000| Complete 
|2189|0x00000002a5400000, 0x00000002a5800000, 0x00000002a5800000|100%| E|CS|TAMS 0x00000002a5400000, 0x00000002a5400000| Complete 
|2190|0x00000002a5800000, 0x00000002a5c00000, 0x00000002a5c00000|100%| E|CS|TAMS 0x00000002a5800000, 0x00000002a5800000| Complete 
|2191|0x00000002a5c00000, 0x00000002a6000000, 0x00000002a6000000|100%| E|CS|TAMS 0x00000002a5c00000, 0x00000002a5c00000| Complete 
|2192|0x00000002a6000000, 0x00000002a6400000, 0x00000002a6400000|100%| E|CS|TAMS 0x00000002a6000000, 0x00000002a6000000| Complete 
|2193|0x00000002a6400000, 0x00000002a6800000, 0x00000002a6800000|100%| E|CS|TAMS 0x00000002a6400000, 0x00000002a6400000| Complete 
|2194|0x00000002a6800000, 0x00000002a6c00000, 0x00000002a6c00000|100%| E|CS|TAMS 0x00000002a6800000, 0x00000002a6800000| Complete 
|2195|0x00000002a6c00000, 0x00000002a7000000, 0x00000002a7000000|100%| E|CS|TAMS 0x00000002a6c00000, 0x00000002a6c00000| Complete 
|2196|0x00000002a7000000, 0x00000002a7400000, 0x00000002a7400000|100%| E|CS|TAMS 0x00000002a7000000, 0x00000002a7000000| Complete 
|2197|0x00000002a7400000, 0x00000002a7800000, 0x00000002a7800000|100%| E|CS|TAMS 0x00000002a7400000, 0x00000002a7400000| Complete 
|2198|0x00000002a7800000, 0x00000002a7c00000, 0x00000002a7c00000|100%| E|CS|TAMS 0x00000002a7800000, 0x00000002a7800000| Complete 
|2199|0x00000002a7c00000, 0x00000002a8000000, 0x00000002a8000000|100%| E|CS|TAMS 0x00000002a7c00000, 0x00000002a7c00000| Complete 
|2200|0x00000002a8000000, 0x00000002a8400000, 0x00000002a8400000|100%| E|CS|TAMS 0x00000002a8000000, 0x00000002a8000000| Complete 
|2201|0x00000002a8400000, 0x00000002a8800000, 0x00000002a8800000|100%| E|CS|TAMS 0x00000002a8400000, 0x00000002a8400000| Complete 
|2202|0x00000002a8800000, 0x00000002a8c00000, 0x00000002a8c00000|100%| E|CS|TAMS 0x00000002a8800000, 0x00000002a8800000| Complete 
|2203|0x00000002a8c00000, 0x00000002a9000000, 0x00000002a9000000|100%| E|CS|TAMS 0x00000002a8c00000, 0x00000002a8c00000| Complete 
|2204|0x00000002a9000000, 0x00000002a9400000, 0x00000002a9400000|100%| E|CS|TAMS 0x00000002a9000000, 0x00000002a9000000| Complete 
|2205|0x00000002a9400000, 0x00000002a9800000, 0x00000002a9800000|100%| E|CS|TAMS 0x00000002a9400000, 0x00000002a9400000| Complete 
|2206|0x00000002a9800000, 0x00000002a9c00000, 0x00000002a9c00000|100%| E|CS|TAMS 0x00000002a9800000, 0x00000002a9800000| Complete 
|2207|0x00000002a9c00000, 0x00000002aa000000, 0x00000002aa000000|100%| E|CS|TAMS 0x00000002a9c00000, 0x00000002a9c00000| Complete 
|2208|0x00000002aa000000, 0x00000002aa400000, 0x00000002aa400000|100%| E|CS|TAMS 0x00000002aa000000, 0x00000002aa000000| Complete 
|2209|0x00000002aa400000, 0x00000002aa800000, 0x00000002aa800000|100%| E|CS|TAMS 0x00000002aa400000, 0x00000002aa400000| Complete 
|2210|0x00000002aa800000, 0x00000002aac00000, 0x00000002aac00000|100%| E|CS|TAMS 0x00000002aa800000, 0x00000002aa800000| Complete 
|2211|0x00000002aac00000, 0x00000002ab000000, 0x00000002ab000000|100%| E|CS|TAMS 0x00000002aac00000, 0x00000002aac00000| Complete 
|2212|0x00000002ab000000, 0x00000002ab400000, 0x00000002ab400000|100%| E|CS|TAMS 0x00000002ab000000, 0x00000002ab000000| Complete 
|2213|0x00000002ab400000, 0x00000002ab800000, 0x00000002ab800000|100%| E|CS|TAMS 0x00000002ab400000, 0x00000002ab400000| Complete 
|2214|0x00000002ab800000, 0x00000002abc00000, 0x00000002abc00000|100%| E|CS|TAMS 0x00000002ab800000, 0x00000002ab800000| Complete 
|2215|0x00000002abc00000, 0x00000002ac000000, 0x00000002ac000000|100%| E|CS|TAMS 0x00000002abc00000, 0x00000002abc00000| Complete 
|2216|0x00000002ac000000, 0x00000002ac400000, 0x00000002ac400000|100%| E|CS|TAMS 0x00000002ac000000, 0x00000002ac000000| Complete 
|2217|0x00000002ac400000, 0x00000002ac800000, 0x00000002ac800000|100%| E|CS|TAMS 0x00000002ac400000, 0x00000002ac400000| Complete 
|2218|0x00000002ac800000, 0x00000002acc00000, 0x00000002acc00000|100%| E|CS|TAMS 0x00000002ac800000, 0x00000002ac800000| Complete 
|2219|0x00000002acc00000, 0x00000002ad000000, 0x00000002ad000000|100%| E|CS|TAMS 0x00000002acc00000, 0x00000002acc00000| Complete 
|2220|0x00000002ad000000, 0x00000002ad400000, 0x00000002ad400000|100%| E|CS|TAMS 0x00000002ad000000, 0x00000002ad000000| Complete 
|2221|0x00000002ad400000, 0x00000002ad800000, 0x00000002ad800000|100%| E|CS|TAMS 0x00000002ad400000, 0x00000002ad400000| Complete 
|2222|0x00000002ad800000, 0x00000002adc00000, 0x00000002adc00000|100%| E|CS|TAMS 0x00000002ad800000, 0x00000002ad800000| Complete 
|2223|0x00000002adc00000, 0x00000002ae000000, 0x00000002ae000000|100%| E|CS|TAMS 0x00000002adc00000, 0x00000002adc00000| Complete 
|2224|0x00000002ae000000, 0x00000002ae400000, 0x00000002ae400000|100%| E|CS|TAMS 0x00000002ae000000, 0x00000002ae000000| Complete 
|2225|0x00000002ae400000, 0x00000002ae800000, 0x00000002ae800000|100%| E|CS|TAMS 0x00000002ae400000, 0x00000002ae400000| Complete 
|2226|0x00000002ae800000, 0x00000002aec00000, 0x00000002aec00000|100%| E|CS|TAMS 0x00000002ae800000, 0x00000002ae800000| Complete 
|2227|0x00000002aec00000, 0x00000002af000000, 0x00000002af000000|100%| E|CS|TAMS 0x00000002aec00000, 0x00000002aec00000| Complete 
|2228|0x00000002af000000, 0x00000002af400000, 0x00000002af400000|100%| E|CS|TAMS 0x00000002af000000, 0x00000002af000000| Complete 
|2229|0x00000002af400000, 0x00000002af800000, 0x00000002af800000|100%| E|CS|TAMS 0x00000002af400000, 0x00000002af400000| Complete 
|2230|0x00000002af800000, 0x00000002afc00000, 0x00000002afc00000|100%| E|CS|TAMS 0x00000002af800000, 0x00000002af800000| Complete 
|2231|0x00000002afc00000, 0x00000002b0000000, 0x00000002b0000000|100%| E|CS|TAMS 0x00000002afc00000, 0x00000002afc00000| Complete 
|2232|0x00000002b0000000, 0x00000002b0400000, 0x00000002b0400000|100%| E|CS|TAMS 0x00000002b0000000, 0x00000002b0000000| Complete 
|2233|0x00000002b0400000, 0x00000002b0800000, 0x00000002b0800000|100%| E|CS|TAMS 0x00000002b0400000, 0x00000002b0400000| Complete 
|2234|0x00000002b0800000, 0x00000002b0c00000, 0x00000002b0c00000|100%| E|CS|TAMS 0x00000002b0800000, 0x00000002b0800000| Complete 
|2235|0x00000002b0c00000, 0x00000002b1000000, 0x00000002b1000000|100%| E|CS|TAMS 0x00000002b0c00000, 0x00000002b0c00000| Complete 
|2236|0x00000002b1000000, 0x00000002b1400000, 0x00000002b1400000|100%| E|CS|TAMS 0x00000002b1000000, 0x00000002b1000000| Complete 
|2237|0x00000002b1400000, 0x00000002b1800000, 0x00000002b1800000|100%| E|CS|TAMS 0x00000002b1400000, 0x00000002b1400000| Complete 
|2238|0x00000002b1800000, 0x00000002b1c00000, 0x00000002b1c00000|100%| E|CS|TAMS 0x00000002b1800000, 0x00000002b1800000| Complete 
|2239|0x00000002b1c00000, 0x00000002b2000000, 0x00000002b2000000|100%| E|CS|TAMS 0x00000002b1c00000, 0x00000002b1c00000| Complete 
|2240|0x00000002b2000000, 0x00000002b2400000, 0x00000002b2400000|100%| E|CS|TAMS 0x00000002b2000000, 0x00000002b2000000| Complete 
|2241|0x00000002b2400000, 0x00000002b2800000, 0x00000002b2800000|100%| E|CS|TAMS 0x00000002b2400000, 0x00000002b2400000| Complete 
|2242|0x00000002b2800000, 0x00000002b2c00000, 0x00000002b2c00000|100%| E|CS|TAMS 0x00000002b2800000, 0x00000002b2800000| Complete 
|2243|0x00000002b2c00000, 0x00000002b3000000, 0x00000002b3000000|100%| E|CS|TAMS 0x00000002b2c00000, 0x00000002b2c00000| Complete 
|2244|0x00000002b3000000, 0x00000002b3400000, 0x00000002b3400000|100%| E|CS|TAMS 0x00000002b3000000, 0x00000002b3000000| Complete 
|2245|0x00000002b3400000, 0x00000002b3800000, 0x00000002b3800000|100%| E|CS|TAMS 0x00000002b3400000, 0x00000002b3400000| Complete 
|2246|0x00000002b3800000, 0x00000002b3c00000, 0x00000002b3c00000|100%| E|CS|TAMS 0x00000002b3800000, 0x00000002b3800000| Complete 
|2247|0x00000002b3c00000, 0x00000002b4000000, 0x00000002b4000000|100%| E|CS|TAMS 0x00000002b3c00000, 0x00000002b3c00000| Complete 
|2248|0x00000002b4000000, 0x00000002b4400000, 0x00000002b4400000|100%| E|CS|TAMS 0x00000002b4000000, 0x00000002b4000000| Complete 
|2249|0x00000002b4400000, 0x00000002b4800000, 0x00000002b4800000|100%| E|CS|TAMS 0x00000002b4400000, 0x00000002b4400000| Complete 
|2250|0x00000002b4800000, 0x00000002b4c00000, 0x00000002b4c00000|100%| E|CS|TAMS 0x00000002b4800000, 0x00000002b4800000| Complete 
|2251|0x00000002b4c00000, 0x00000002b5000000, 0x00000002b5000000|100%| E|CS|TAMS 0x00000002b4c00000, 0x00000002b4c00000| Complete 
|2252|0x00000002b5000000, 0x00000002b5400000, 0x00000002b5400000|100%| E|CS|TAMS 0x00000002b5000000, 0x00000002b5000000| Complete 
|2253|0x00000002b5400000, 0x00000002b5800000, 0x00000002b5800000|100%| E|CS|TAMS 0x00000002b5400000, 0x00000002b5400000| Complete 
|2254|0x00000002b5800000, 0x00000002b5c00000, 0x00000002b5c00000|100%| E|CS|TAMS 0x00000002b5800000, 0x00000002b5800000| Complete 
|2255|0x00000002b5c00000, 0x00000002b6000000, 0x00000002b6000000|100%| E|CS|TAMS 0x00000002b5c00000, 0x00000002b5c00000| Complete 
|2256|0x00000002b6000000, 0x00000002b6400000, 0x00000002b6400000|100%| E|CS|TAMS 0x00000002b6000000, 0x00000002b6000000| Complete 
|2257|0x00000002b6400000, 0x00000002b6800000, 0x00000002b6800000|100%| E|CS|TAMS 0x00000002b6400000, 0x00000002b6400000| Complete 
|2258|0x00000002b6800000, 0x00000002b6c00000, 0x00000002b6c00000|100%| E|CS|TAMS 0x00000002b6800000, 0x00000002b6800000| Complete 
|2259|0x00000002b6c00000, 0x00000002b7000000, 0x00000002b7000000|100%| E|CS|TAMS 0x00000002b6c00000, 0x00000002b6c00000| Complete 
|2260|0x00000002b7000000, 0x00000002b7400000, 0x00000002b7400000|100%| E|CS|TAMS 0x00000002b7000000, 0x00000002b7000000| Complete 
|2261|0x00000002b7400000, 0x00000002b7800000, 0x00000002b7800000|100%| E|CS|TAMS 0x00000002b7400000, 0x00000002b7400000| Complete 
|2262|0x00000002b7800000, 0x00000002b7c00000, 0x00000002b7c00000|100%| E|CS|TAMS 0x00000002b7800000, 0x00000002b7800000| Complete 
|2263|0x00000002b7c00000, 0x00000002b8000000, 0x00000002b8000000|100%| E|CS|TAMS 0x00000002b7c00000, 0x00000002b7c00000| Complete 
|2264|0x00000002b8000000, 0x00000002b8400000, 0x00000002b8400000|100%| E|CS|TAMS 0x00000002b8000000, 0x00000002b8000000| Complete 
|2265|0x00000002b8400000, 0x00000002b8800000, 0x00000002b8800000|100%| E|CS|TAMS 0x00000002b8400000, 0x00000002b8400000| Complete 
|2266|0x00000002b8800000, 0x00000002b8c00000, 0x00000002b8c00000|100%| E|CS|TAMS 0x00000002b8800000, 0x00000002b8800000| Complete 
|2267|0x00000002b8c00000, 0x00000002b9000000, 0x00000002b9000000|100%| E|CS|TAMS 0x00000002b8c00000, 0x00000002b8c00000| Complete 
|2268|0x00000002b9000000, 0x00000002b9400000, 0x00000002b9400000|100%| E|CS|TAMS 0x00000002b9000000, 0x00000002b9000000| Complete 
|2269|0x00000002b9400000, 0x00000002b9800000, 0x00000002b9800000|100%| E|CS|TAMS 0x00000002b9400000, 0x00000002b9400000| Complete 
|2270|0x00000002b9800000, 0x00000002b9c00000, 0x00000002b9c00000|100%| E|CS|TAMS 0x00000002b9800000, 0x00000002b9800000| Complete 
|2271|0x00000002b9c00000, 0x00000002ba000000, 0x00000002ba000000|100%| E|CS|TAMS 0x00000002b9c00000, 0x00000002b9c00000| Complete 
|2272|0x00000002ba000000, 0x00000002ba400000, 0x00000002ba400000|100%| E|CS|TAMS 0x00000002ba000000, 0x00000002ba000000| Complete 
|2273|0x00000002ba400000, 0x00000002ba800000, 0x00000002ba800000|100%| E|CS|TAMS 0x00000002ba400000, 0x00000002ba400000| Complete 
|2274|0x00000002ba800000, 0x00000002bac00000, 0x00000002bac00000|100%| E|CS|TAMS 0x00000002ba800000, 0x00000002ba800000| Complete 
|2275|0x00000002bac00000, 0x00000002bb000000, 0x00000002bb000000|100%| E|CS|TAMS 0x00000002bac00000, 0x00000002bac00000| Complete 
|2276|0x00000002bb000000, 0x00000002bb400000, 0x00000002bb400000|100%| E|CS|TAMS 0x00000002bb000000, 0x00000002bb000000| Complete 
|2277|0x00000002bb400000, 0x00000002bb800000, 0x00000002bb800000|100%| E|CS|TAMS 0x00000002bb400000, 0x00000002bb400000| Complete 
|2278|0x00000002bb800000, 0x00000002bbc00000, 0x00000002bbc00000|100%| E|CS|TAMS 0x00000002bb800000, 0x00000002bb800000| Complete 
|2279|0x00000002bbc00000, 0x00000002bc000000, 0x00000002bc000000|100%| E|CS|TAMS 0x00000002bbc00000, 0x00000002bbc00000| Complete 
|2280|0x00000002bc000000, 0x00000002bc400000, 0x00000002bc400000|100%| E|CS|TAMS 0x00000002bc000000, 0x00000002bc000000| Complete 
|2281|0x00000002bc400000, 0x00000002bc800000, 0x00000002bc800000|100%| E|CS|TAMS 0x00000002bc400000, 0x00000002bc400000| Complete 
|2282|0x00000002bc800000, 0x00000002bcc00000, 0x00000002bcc00000|100%| E|CS|TAMS 0x00000002bc800000, 0x00000002bc800000| Complete 
|2283|0x00000002bcc00000, 0x00000002bd000000, 0x00000002bd000000|100%| E|CS|TAMS 0x00000002bcc00000, 0x00000002bcc00000| Complete 
|2284|0x00000002bd000000, 0x00000002bd400000, 0x00000002bd400000|100%| E|CS|TAMS 0x00000002bd000000, 0x00000002bd000000| Complete 
|2285|0x00000002bd400000, 0x00000002bd800000, 0x00000002bd800000|100%| E|CS|TAMS 0x00000002bd400000, 0x00000002bd400000| Complete 
|2286|0x00000002bd800000, 0x00000002bdc00000, 0x00000002bdc00000|100%| E|CS|TAMS 0x00000002bd800000, 0x00000002bd800000| Complete 
|2287|0x00000002bdc00000, 0x00000002be000000, 0x00000002be000000|100%| E|CS|TAMS 0x00000002bdc00000, 0x00000002bdc00000| Complete 
|2288|0x00000002be000000, 0x00000002be400000, 0x00000002be400000|100%| E|CS|TAMS 0x00000002be000000, 0x00000002be000000| Complete 
|2289|0x00000002be400000, 0x00000002be800000, 0x00000002be800000|100%| E|CS|TAMS 0x00000002be400000, 0x00000002be400000| Complete 
|2290|0x00000002be800000, 0x00000002bec00000, 0x00000002bec00000|100%| E|CS|TAMS 0x00000002be800000, 0x00000002be800000| Complete 
|2291|0x00000002bec00000, 0x00000002bf000000, 0x00000002bf000000|100%| E|CS|TAMS 0x00000002bec00000, 0x00000002bec00000| Complete 
|2292|0x00000002bf000000, 0x00000002bf400000, 0x00000002bf400000|100%| E|CS|TAMS 0x00000002bf000000, 0x00000002bf000000| Complete 
|2293|0x00000002bf400000, 0x00000002bf800000, 0x00000002bf800000|100%| E|CS|TAMS 0x00000002bf400000, 0x00000002bf400000| Complete 
|2294|0x00000002bf800000, 0x00000002bfc00000, 0x00000002bfc00000|100%| E|CS|TAMS 0x00000002bf800000, 0x00000002bf800000| Complete 
|2295|0x00000002bfc00000, 0x00000002c0000000, 0x00000002c0000000|100%| E|CS|TAMS 0x00000002bfc00000, 0x00000002bfc00000| Complete 
|2296|0x00000002c0000000, 0x00000002c0400000, 0x00000002c0400000|100%| E|CS|TAMS 0x00000002c0000000, 0x00000002c0000000| Complete 
|2297|0x00000002c0400000, 0x00000002c0800000, 0x00000002c0800000|100%| E|CS|TAMS 0x00000002c0400000, 0x00000002c0400000| Complete 
|2298|0x00000002c0800000, 0x00000002c0c00000, 0x00000002c0c00000|100%| E|CS|TAMS 0x00000002c0800000, 0x00000002c0800000| Complete 
|2299|0x00000002c0c00000, 0x00000002c1000000, 0x00000002c1000000|100%| E|CS|TAMS 0x00000002c0c00000, 0x00000002c0c00000| Complete 
|2300|0x00000002c1000000, 0x00000002c1400000, 0x00000002c1400000|100%| E|CS|TAMS 0x00000002c1000000, 0x00000002c1000000| Complete 
|2301|0x00000002c1400000, 0x00000002c1800000, 0x00000002c1800000|100%| E|CS|TAMS 0x00000002c1400000, 0x00000002c1400000| Complete 
|2302|0x00000002c1800000, 0x00000002c1c00000, 0x00000002c1c00000|100%| E|CS|TAMS 0x00000002c1800000, 0x00000002c1800000| Complete 
|2303|0x00000002c1c00000, 0x00000002c2000000, 0x00000002c2000000|100%| E|CS|TAMS 0x00000002c1c00000, 0x00000002c1c00000| Complete 
|2304|0x00000002c2000000, 0x00000002c2400000, 0x00000002c2400000|100%| E|CS|TAMS 0x00000002c2000000, 0x00000002c2000000| Complete 
|2305|0x00000002c2400000, 0x00000002c2800000, 0x00000002c2800000|100%| E|CS|TAMS 0x00000002c2400000, 0x00000002c2400000| Complete 
|2306|0x00000002c2800000, 0x00000002c2c00000, 0x00000002c2c00000|100%| E|CS|TAMS 0x00000002c2800000, 0x00000002c2800000| Complete 
|2307|0x00000002c2c00000, 0x00000002c3000000, 0x00000002c3000000|100%| E|CS|TAMS 0x00000002c2c00000, 0x00000002c2c00000| Complete 
|2308|0x00000002c3000000, 0x00000002c3400000, 0x00000002c3400000|100%| E|CS|TAMS 0x00000002c3000000, 0x00000002c3000000| Complete 
|2309|0x00000002c3400000, 0x00000002c3800000, 0x00000002c3800000|100%| E|CS|TAMS 0x00000002c3400000, 0x00000002c3400000| Complete 
|2310|0x00000002c3800000, 0x00000002c3c00000, 0x00000002c3c00000|100%| E|CS|TAMS 0x00000002c3800000, 0x00000002c3800000| Complete 
|2311|0x00000002c3c00000, 0x00000002c4000000, 0x00000002c4000000|100%| E|CS|TAMS 0x00000002c3c00000, 0x00000002c3c00000| Complete 
|2312|0x00000002c4000000, 0x00000002c4400000, 0x00000002c4400000|100%| E|CS|TAMS 0x00000002c4000000, 0x00000002c4000000| Complete 
|2313|0x00000002c4400000, 0x00000002c4800000, 0x00000002c4800000|100%| E|CS|TAMS 0x00000002c4400000, 0x00000002c4400000| Complete 
|2314|0x00000002c4800000, 0x00000002c4c00000, 0x00000002c4c00000|100%| E|CS|TAMS 0x00000002c4800000, 0x00000002c4800000| Complete 
|2315|0x00000002c4c00000, 0x00000002c5000000, 0x00000002c5000000|100%| E|CS|TAMS 0x00000002c4c00000, 0x00000002c4c00000| Complete 
|2316|0x00000002c5000000, 0x00000002c5400000, 0x00000002c5400000|100%| E|CS|TAMS 0x00000002c5000000, 0x00000002c5000000| Complete 
|2317|0x00000002c5400000, 0x00000002c5800000, 0x00000002c5800000|100%| E|CS|TAMS 0x00000002c5400000, 0x00000002c5400000| Complete 
|2318|0x00000002c5800000, 0x00000002c5c00000, 0x00000002c5c00000|100%| E|CS|TAMS 0x00000002c5800000, 0x00000002c5800000| Complete 
|2319|0x00000002c5c00000, 0x00000002c6000000, 0x00000002c6000000|100%| E|CS|TAMS 0x00000002c5c00000, 0x00000002c5c00000| Complete 
|2320|0x00000002c6000000, 0x00000002c6400000, 0x00000002c6400000|100%| E|CS|TAMS 0x00000002c6000000, 0x00000002c6000000| Complete 
|2321|0x00000002c6400000, 0x00000002c6800000, 0x00000002c6800000|100%| E|CS|TAMS 0x00000002c6400000, 0x00000002c6400000| Complete 
|2322|0x00000002c6800000, 0x00000002c6c00000, 0x00000002c6c00000|100%| E|CS|TAMS 0x00000002c6800000, 0x00000002c6800000| Complete 
|2323|0x00000002c6c00000, 0x00000002c7000000, 0x00000002c7000000|100%| E|CS|TAMS 0x00000002c6c00000, 0x00000002c6c00000| Complete 
|2324|0x00000002c7000000, 0x00000002c7400000, 0x00000002c7400000|100%| E|CS|TAMS 0x00000002c7000000, 0x00000002c7000000| Complete 
|2325|0x00000002c7400000, 0x00000002c7800000, 0x00000002c7800000|100%| E|CS|TAMS 0x00000002c7400000, 0x00000002c7400000| Complete 
|2326|0x00000002c7800000, 0x00000002c7c00000, 0x00000002c7c00000|100%| E|CS|TAMS 0x00000002c7800000, 0x00000002c7800000| Complete 
|2327|0x00000002c7c00000, 0x00000002c8000000, 0x00000002c8000000|100%| E|CS|TAMS 0x00000002c7c00000, 0x00000002c7c00000| Complete 
|2328|0x00000002c8000000, 0x00000002c8400000, 0x00000002c8400000|100%| E|CS|TAMS 0x00000002c8000000, 0x00000002c8000000| Complete 
|2329|0x00000002c8400000, 0x00000002c8800000, 0x00000002c8800000|100%| E|CS|TAMS 0x00000002c8400000, 0x00000002c8400000| Complete 
|2330|0x00000002c8800000, 0x00000002c8c00000, 0x00000002c8c00000|100%| E|CS|TAMS 0x00000002c8800000, 0x00000002c8800000| Complete 
|2331|0x00000002c8c00000, 0x00000002c9000000, 0x00000002c9000000|100%| E|CS|TAMS 0x00000002c8c00000, 0x00000002c8c00000| Complete 
|2332|0x00000002c9000000, 0x00000002c9400000, 0x00000002c9400000|100%| E|CS|TAMS 0x00000002c9000000, 0x00000002c9000000| Complete 
|2333|0x00000002c9400000, 0x00000002c9800000, 0x00000002c9800000|100%| E|CS|TAMS 0x00000002c9400000, 0x00000002c9400000| Complete 
|2334|0x00000002c9800000, 0x00000002c9c00000, 0x00000002c9c00000|100%| E|CS|TAMS 0x00000002c9800000, 0x00000002c9800000| Complete 
|2335|0x00000002c9c00000, 0x00000002ca000000, 0x00000002ca000000|100%| E|CS|TAMS 0x00000002c9c00000, 0x00000002c9c00000| Complete 
|2336|0x00000002ca000000, 0x00000002ca400000, 0x00000002ca400000|100%| E|CS|TAMS 0x00000002ca000000, 0x00000002ca000000| Complete 
|2337|0x00000002ca400000, 0x00000002ca800000, 0x00000002ca800000|100%| E|CS|TAMS 0x00000002ca400000, 0x00000002ca400000| Complete 
|2338|0x00000002ca800000, 0x00000002cac00000, 0x00000002cac00000|100%| E|CS|TAMS 0x00000002ca800000, 0x00000002ca800000| Complete 
|2339|0x00000002cac00000, 0x00000002cb000000, 0x00000002cb000000|100%| E|CS|TAMS 0x00000002cac00000, 0x00000002cac00000| Complete 
|2340|0x00000002cb000000, 0x00000002cb400000, 0x00000002cb400000|100%| E|CS|TAMS 0x00000002cb000000, 0x00000002cb000000| Complete 
|2341|0x00000002cb400000, 0x00000002cb800000, 0x00000002cb800000|100%| E|CS|TAMS 0x00000002cb400000, 0x00000002cb400000| Complete 
|2342|0x00000002cb800000, 0x00000002cbc00000, 0x00000002cbc00000|100%| E|CS|TAMS 0x00000002cb800000, 0x00000002cb800000| Complete 
|2343|0x00000002cbc00000, 0x00000002cc000000, 0x00000002cc000000|100%| E|CS|TAMS 0x00000002cbc00000, 0x00000002cbc00000| Complete 
|2344|0x00000002cc000000, 0x00000002cc400000, 0x00000002cc400000|100%| E|CS|TAMS 0x00000002cc000000, 0x00000002cc000000| Complete 
|2345|0x00000002cc400000, 0x00000002cc800000, 0x00000002cc800000|100%| E|CS|TAMS 0x00000002cc400000, 0x00000002cc400000| Complete 
|2346|0x00000002cc800000, 0x00000002ccc00000, 0x00000002ccc00000|100%| E|CS|TAMS 0x00000002cc800000, 0x00000002cc800000| Complete 
|2347|0x00000002ccc00000, 0x00000002cd000000, 0x00000002cd000000|100%| E|CS|TAMS 0x00000002ccc00000, 0x00000002ccc00000| Complete 
|2348|0x00000002cd000000, 0x00000002cd400000, 0x00000002cd400000|100%| E|CS|TAMS 0x00000002cd000000, 0x00000002cd000000| Complete 
|2349|0x00000002cd400000, 0x00000002cd800000, 0x00000002cd800000|100%| E|CS|TAMS 0x00000002cd400000, 0x00000002cd400000| Complete 
|2350|0x00000002cd800000, 0x00000002cdc00000, 0x00000002cdc00000|100%| E|CS|TAMS 0x00000002cd800000, 0x00000002cd800000| Complete 
|2351|0x00000002cdc00000, 0x00000002ce000000, 0x00000002ce000000|100%| E|CS|TAMS 0x00000002cdc00000, 0x00000002cdc00000| Complete 
|2352|0x00000002ce000000, 0x00000002ce400000, 0x00000002ce400000|100%| E|CS|TAMS 0x00000002ce000000, 0x00000002ce000000| Complete 
|2353|0x00000002ce400000, 0x00000002ce800000, 0x00000002ce800000|100%| E|CS|TAMS 0x00000002ce400000, 0x00000002ce400000| Complete 
|2354|0x00000002ce800000, 0x00000002cec00000, 0x00000002cec00000|100%| E|CS|TAMS 0x00000002ce800000, 0x00000002ce800000| Complete 
|2355|0x00000002cec00000, 0x00000002cf000000, 0x00000002cf000000|100%| E|CS|TAMS 0x00000002cec00000, 0x00000002cec00000| Complete 
|2356|0x00000002cf000000, 0x00000002cf400000, 0x00000002cf400000|100%| E|CS|TAMS 0x00000002cf000000, 0x00000002cf000000| Complete 
|2357|0x00000002cf400000, 0x00000002cf800000, 0x00000002cf800000|100%| E|CS|TAMS 0x00000002cf400000, 0x00000002cf400000| Complete 
|2358|0x00000002cf800000, 0x00000002cfc00000, 0x00000002cfc00000|100%| E|CS|TAMS 0x00000002cf800000, 0x00000002cf800000| Complete 
|2359|0x00000002cfc00000, 0x00000002d0000000, 0x00000002d0000000|100%| E|CS|TAMS 0x00000002cfc00000, 0x00000002cfc00000| Complete 
|2360|0x00000002d0000000, 0x00000002d0400000, 0x00000002d0400000|100%| E|CS|TAMS 0x00000002d0000000, 0x00000002d0000000| Complete 
|2361|0x00000002d0400000, 0x00000002d0800000, 0x00000002d0800000|100%| E|CS|TAMS 0x00000002d0400000, 0x00000002d0400000| Complete 
|2362|0x00000002d0800000, 0x00000002d0c00000, 0x00000002d0c00000|100%| E|CS|TAMS 0x00000002d0800000, 0x00000002d0800000| Complete 
|2363|0x00000002d0c00000, 0x00000002d1000000, 0x00000002d1000000|100%| E|CS|TAMS 0x00000002d0c00000, 0x00000002d0c00000| Complete 
|2364|0x00000002d1000000, 0x00000002d1400000, 0x00000002d1400000|100%| E|CS|TAMS 0x00000002d1000000, 0x00000002d1000000| Complete 
|2365|0x00000002d1400000, 0x00000002d1800000, 0x00000002d1800000|100%| E|CS|TAMS 0x00000002d1400000, 0x00000002d1400000| Complete 
|2366|0x00000002d1800000, 0x00000002d1c00000, 0x00000002d1c00000|100%| E|CS|TAMS 0x00000002d1800000, 0x00000002d1800000| Complete 
|2367|0x00000002d1c00000, 0x00000002d2000000, 0x00000002d2000000|100%| E|CS|TAMS 0x00000002d1c00000, 0x00000002d1c00000| Complete 
|2368|0x00000002d2000000, 0x00000002d2400000, 0x00000002d2400000|100%| E|CS|TAMS 0x00000002d2000000, 0x00000002d2000000| Complete 
|2369|0x00000002d2400000, 0x00000002d2800000, 0x00000002d2800000|100%| E|CS|TAMS 0x00000002d2400000, 0x00000002d2400000| Complete 
|2370|0x00000002d2800000, 0x00000002d2c00000, 0x00000002d2c00000|100%| E|CS|TAMS 0x00000002d2800000, 0x00000002d2800000| Complete 
|2371|0x00000002d2c00000, 0x00000002d3000000, 0x00000002d3000000|100%| E|CS|TAMS 0x00000002d2c00000, 0x00000002d2c00000| Complete 
|2372|0x00000002d3000000, 0x00000002d3400000, 0x00000002d3400000|100%| E|CS|TAMS 0x00000002d3000000, 0x00000002d3000000| Complete 
|2373|0x00000002d3400000, 0x00000002d3800000, 0x00000002d3800000|100%| E|CS|TAMS 0x00000002d3400000, 0x00000002d3400000| Complete 
|2374|0x00000002d3800000, 0x00000002d3c00000, 0x00000002d3c00000|100%| E|CS|TAMS 0x00000002d3800000, 0x00000002d3800000| Complete 
|2375|0x00000002d3c00000, 0x00000002d4000000, 0x00000002d4000000|100%| E|CS|TAMS 0x00000002d3c00000, 0x00000002d3c00000| Complete 
|2376|0x00000002d4000000, 0x00000002d4400000, 0x00000002d4400000|100%| E|CS|TAMS 0x00000002d4000000, 0x00000002d4000000| Complete 
|2377|0x00000002d4400000, 0x00000002d4800000, 0x00000002d4800000|100%| E|CS|TAMS 0x00000002d4400000, 0x00000002d4400000| Complete 
|2378|0x00000002d4800000, 0x00000002d4c00000, 0x00000002d4c00000|100%| E|CS|TAMS 0x00000002d4800000, 0x00000002d4800000| Complete 
|2379|0x00000002d4c00000, 0x00000002d5000000, 0x00000002d5000000|100%| E|CS|TAMS 0x00000002d4c00000, 0x00000002d4c00000| Complete 
|2380|0x00000002d5000000, 0x00000002d5400000, 0x00000002d5400000|100%| E|CS|TAMS 0x00000002d5000000, 0x00000002d5000000| Complete 
|2381|0x00000002d5400000, 0x00000002d5800000, 0x00000002d5800000|100%| E|CS|TAMS 0x00000002d5400000, 0x00000002d5400000| Complete 
|2382|0x00000002d5800000, 0x00000002d5c00000, 0x00000002d5c00000|100%| E|CS|TAMS 0x00000002d5800000, 0x00000002d5800000| Complete 
|2383|0x00000002d5c00000, 0x00000002d6000000, 0x00000002d6000000|100%| E|CS|TAMS 0x00000002d5c00000, 0x00000002d5c00000| Complete 
|2384|0x00000002d6000000, 0x00000002d6400000, 0x00000002d6400000|100%| E|CS|TAMS 0x00000002d6000000, 0x00000002d6000000| Complete 
|2385|0x00000002d6400000, 0x00000002d6800000, 0x00000002d6800000|100%| E|CS|TAMS 0x00000002d6400000, 0x00000002d6400000| Complete 
|2386|0x00000002d6800000, 0x00000002d6c00000, 0x00000002d6c00000|100%| E|CS|TAMS 0x00000002d6800000, 0x00000002d6800000| Complete 
|2387|0x00000002d6c00000, 0x00000002d7000000, 0x00000002d7000000|100%| E|CS|TAMS 0x00000002d6c00000, 0x00000002d6c00000| Complete 
|2388|0x00000002d7000000, 0x00000002d7400000, 0x00000002d7400000|100%| E|CS|TAMS 0x00000002d7000000, 0x00000002d7000000| Complete 
|2389|0x00000002d7400000, 0x00000002d7800000, 0x00000002d7800000|100%| E|CS|TAMS 0x00000002d7400000, 0x00000002d7400000| Complete 
|2390|0x00000002d7800000, 0x00000002d7c00000, 0x00000002d7c00000|100%| E|CS|TAMS 0x00000002d7800000, 0x00000002d7800000| Complete 
|2391|0x00000002d7c00000, 0x00000002d8000000, 0x00000002d8000000|100%| E|CS|TAMS 0x00000002d7c00000, 0x00000002d7c00000| Complete 
|2392|0x00000002d8000000, 0x00000002d8400000, 0x00000002d8400000|100%| E|CS|TAMS 0x00000002d8000000, 0x00000002d8000000| Complete 
|2393|0x00000002d8400000, 0x00000002d8800000, 0x00000002d8800000|100%| E|CS|TAMS 0x00000002d8400000, 0x00000002d8400000| Complete 
|2394|0x00000002d8800000, 0x00000002d8c00000, 0x00000002d8c00000|100%| E|CS|TAMS 0x00000002d8800000, 0x00000002d8800000| Complete 
|2395|0x00000002d8c00000, 0x00000002d9000000, 0x00000002d9000000|100%| E|CS|TAMS 0x00000002d8c00000, 0x00000002d8c00000| Complete 
|2396|0x00000002d9000000, 0x00000002d9400000, 0x00000002d9400000|100%| E|CS|TAMS 0x00000002d9000000, 0x00000002d9000000| Complete 
|2397|0x00000002d9400000, 0x00000002d9800000, 0x00000002d9800000|100%| E|CS|TAMS 0x00000002d9400000, 0x00000002d9400000| Complete 
|2398|0x00000002d9800000, 0x00000002d9c00000, 0x00000002d9c00000|100%| E|CS|TAMS 0x00000002d9800000, 0x00000002d9800000| Complete 
|2399|0x00000002d9c00000, 0x00000002da000000, 0x00000002da000000|100%| E|CS|TAMS 0x00000002d9c00000, 0x00000002d9c00000| Complete 
|2400|0x00000002da000000, 0x00000002da400000, 0x00000002da400000|100%| E|CS|TAMS 0x00000002da000000, 0x00000002da000000| Complete 
|2401|0x00000002da400000, 0x00000002da800000, 0x00000002da800000|100%| E|CS|TAMS 0x00000002da400000, 0x00000002da400000| Complete 
|2402|0x00000002da800000, 0x00000002dac00000, 0x00000002dac00000|100%| E|CS|TAMS 0x00000002da800000, 0x00000002da800000| Complete 
|2403|0x00000002dac00000, 0x00000002db000000, 0x00000002db000000|100%| E|CS|TAMS 0x00000002dac00000, 0x00000002dac00000| Complete 
|2404|0x00000002db000000, 0x00000002db400000, 0x00000002db400000|100%| E|CS|TAMS 0x00000002db000000, 0x00000002db000000| Complete 
|2405|0x00000002db400000, 0x00000002db800000, 0x00000002db800000|100%| E|CS|TAMS 0x00000002db400000, 0x00000002db400000| Complete 
|2406|0x00000002db800000, 0x00000002dbc00000, 0x00000002dbc00000|100%| E|CS|TAMS 0x00000002db800000, 0x00000002db800000| Complete 
|2407|0x00000002dbc00000, 0x00000002dc000000, 0x00000002dc000000|100%| E|CS|TAMS 0x00000002dbc00000, 0x00000002dbc00000| Complete 
|2408|0x00000002dc000000, 0x00000002dc400000, 0x00000002dc400000|100%| E|CS|TAMS 0x00000002dc000000, 0x00000002dc000000| Complete 
|2409|0x00000002dc400000, 0x00000002dc800000, 0x00000002dc800000|100%| E|CS|TAMS 0x00000002dc400000, 0x00000002dc400000| Complete 
|2410|0x00000002dc800000, 0x00000002dcc00000, 0x00000002dcc00000|100%| E|CS|TAMS 0x00000002dc800000, 0x00000002dc800000| Complete 
|2411|0x00000002dcc00000, 0x00000002dd000000, 0x00000002dd000000|100%| E|CS|TAMS 0x00000002dcc00000, 0x00000002dcc00000| Complete 
|2412|0x00000002dd000000, 0x00000002dd400000, 0x00000002dd400000|100%| E|CS|TAMS 0x00000002dd000000, 0x00000002dd000000| Complete 
|2413|0x00000002dd400000, 0x00000002dd800000, 0x00000002dd800000|100%| E|CS|TAMS 0x00000002dd400000, 0x00000002dd400000| Complete 
|2414|0x00000002dd800000, 0x00000002ddc00000, 0x00000002ddc00000|100%| E|CS|TAMS 0x00000002dd800000, 0x00000002dd800000| Complete 
|2415|0x00000002ddc00000, 0x00000002de000000, 0x00000002de000000|100%| E|CS|TAMS 0x00000002ddc00000, 0x00000002ddc00000| Complete 
|2416|0x00000002de000000, 0x00000002de400000, 0x00000002de400000|100%| E|CS|TAMS 0x00000002de000000, 0x00000002de000000| Complete 
|2417|0x00000002de400000, 0x00000002de800000, 0x00000002de800000|100%| E|CS|TAMS 0x00000002de400000, 0x00000002de400000| Complete 
|2418|0x00000002de800000, 0x00000002dec00000, 0x00000002dec00000|100%| E|CS|TAMS 0x00000002de800000, 0x00000002de800000| Complete 
|2419|0x00000002dec00000, 0x00000002df000000, 0x00000002df000000|100%| E|CS|TAMS 0x00000002dec00000, 0x00000002dec00000| Complete 
|2420|0x00000002df000000, 0x00000002df400000, 0x00000002df400000|100%| E|CS|TAMS 0x00000002df000000, 0x00000002df000000| Complete 
|2421|0x00000002df400000, 0x00000002df800000, 0x00000002df800000|100%| E|CS|TAMS 0x00000002df400000, 0x00000002df400000| Complete 
|2422|0x00000002df800000, 0x00000002dfc00000, 0x00000002dfc00000|100%| E|CS|TAMS 0x00000002df800000, 0x00000002df800000| Complete 
|2423|0x00000002dfc00000, 0x00000002e0000000, 0x00000002e0000000|100%| E|CS|TAMS 0x00000002dfc00000, 0x00000002dfc00000| Complete 
|2424|0x00000002e0000000, 0x00000002e0400000, 0x00000002e0400000|100%| E|CS|TAMS 0x00000002e0000000, 0x00000002e0000000| Complete 
|2425|0x00000002e0400000, 0x00000002e0800000, 0x00000002e0800000|100%| E|CS|TAMS 0x00000002e0400000, 0x00000002e0400000| Complete 
|2426|0x00000002e0800000, 0x00000002e0c00000, 0x00000002e0c00000|100%| E|CS|TAMS 0x00000002e0800000, 0x00000002e0800000| Complete 
|2427|0x00000002e0c00000, 0x00000002e1000000, 0x00000002e1000000|100%| E|CS|TAMS 0x00000002e0c00000, 0x00000002e0c00000| Complete 
|2428|0x00000002e1000000, 0x00000002e1400000, 0x00000002e1400000|100%| E|CS|TAMS 0x00000002e1000000, 0x00000002e1000000| Complete 
|2429|0x00000002e1400000, 0x00000002e1800000, 0x00000002e1800000|100%| E|CS|TAMS 0x00000002e1400000, 0x00000002e1400000| Complete 
|2430|0x00000002e1800000, 0x00000002e1c00000, 0x00000002e1c00000|100%| E|CS|TAMS 0x00000002e1800000, 0x00000002e1800000| Complete 
|2431|0x00000002e1c00000, 0x00000002e2000000, 0x00000002e2000000|100%| E|CS|TAMS 0x00000002e1c00000, 0x00000002e1c00000| Complete 
|2432|0x00000002e2000000, 0x00000002e2400000, 0x00000002e2400000|100%| E|CS|TAMS 0x00000002e2000000, 0x00000002e2000000| Complete 
|2433|0x00000002e2400000, 0x00000002e2800000, 0x00000002e2800000|100%| E|CS|TAMS 0x00000002e2400000, 0x00000002e2400000| Complete 
|2434|0x00000002e2800000, 0x00000002e2c00000, 0x00000002e2c00000|100%| E|CS|TAMS 0x00000002e2800000, 0x00000002e2800000| Complete 
|2435|0x00000002e2c00000, 0x00000002e3000000, 0x00000002e3000000|100%| E|CS|TAMS 0x00000002e2c00000, 0x00000002e2c00000| Complete 
|2436|0x00000002e3000000, 0x00000002e3400000, 0x00000002e3400000|100%| E|CS|TAMS 0x00000002e3000000, 0x00000002e3000000| Complete 
|2437|0x00000002e3400000, 0x00000002e3800000, 0x00000002e3800000|100%| E|CS|TAMS 0x00000002e3400000, 0x00000002e3400000| Complete 
|2438|0x00000002e3800000, 0x00000002e3c00000, 0x00000002e3c00000|100%| E|CS|TAMS 0x00000002e3800000, 0x00000002e3800000| Complete 
|2439|0x00000002e3c00000, 0x00000002e4000000, 0x00000002e4000000|100%| E|CS|TAMS 0x00000002e3c00000, 0x00000002e3c00000| Complete 
|2440|0x00000002e4000000, 0x00000002e4400000, 0x00000002e4400000|100%| E|CS|TAMS 0x00000002e4000000, 0x00000002e4000000| Complete 
|2441|0x00000002e4400000, 0x00000002e4800000, 0x00000002e4800000|100%| E|CS|TAMS 0x00000002e4400000, 0x00000002e4400000| Complete 
|2442|0x00000002e4800000, 0x00000002e4c00000, 0x00000002e4c00000|100%| E|CS|TAMS 0x00000002e4800000, 0x00000002e4800000| Complete 
|2443|0x00000002e4c00000, 0x00000002e5000000, 0x00000002e5000000|100%| E|CS|TAMS 0x00000002e4c00000, 0x00000002e4c00000| Complete 
|2444|0x00000002e5000000, 0x00000002e5400000, 0x00000002e5400000|100%| E|CS|TAMS 0x00000002e5000000, 0x00000002e5000000| Complete 
|2445|0x00000002e5400000, 0x00000002e5800000, 0x00000002e5800000|100%| E|CS|TAMS 0x00000002e5400000, 0x00000002e5400000| Complete 
|2446|0x00000002e5800000, 0x00000002e5c00000, 0x00000002e5c00000|100%| E|CS|TAMS 0x00000002e5800000, 0x00000002e5800000| Complete 
|2447|0x00000002e5c00000, 0x00000002e6000000, 0x00000002e6000000|100%| E|CS|TAMS 0x00000002e5c00000, 0x00000002e5c00000| Complete 
|2448|0x00000002e6000000, 0x00000002e6400000, 0x00000002e6400000|100%| E|CS|TAMS 0x00000002e6000000, 0x00000002e6000000| Complete 
|2449|0x00000002e6400000, 0x00000002e6800000, 0x00000002e6800000|100%| E|CS|TAMS 0x00000002e6400000, 0x00000002e6400000| Complete 
|2450|0x00000002e6800000, 0x00000002e6c00000, 0x00000002e6c00000|100%| E|CS|TAMS 0x00000002e6800000, 0x00000002e6800000| Complete 
|2451|0x00000002e6c00000, 0x00000002e7000000, 0x00000002e7000000|100%| E|CS|TAMS 0x00000002e6c00000, 0x00000002e6c00000| Complete 
|2452|0x00000002e7000000, 0x00000002e7400000, 0x00000002e7400000|100%| E|CS|TAMS 0x00000002e7000000, 0x00000002e7000000| Complete 
|2453|0x00000002e7400000, 0x00000002e7800000, 0x00000002e7800000|100%| E|CS|TAMS 0x00000002e7400000, 0x00000002e7400000| Complete 
|2454|0x00000002e7800000, 0x00000002e7c00000, 0x00000002e7c00000|100%| E|CS|TAMS 0x00000002e7800000, 0x00000002e7800000| Complete 
|2455|0x00000002e7c00000, 0x00000002e8000000, 0x00000002e8000000|100%| E|CS|TAMS 0x00000002e7c00000, 0x00000002e7c00000| Complete 
|2456|0x00000002e8000000, 0x00000002e8400000, 0x00000002e8400000|100%| E|CS|TAMS 0x00000002e8000000, 0x00000002e8000000| Complete 
|2457|0x00000002e8400000, 0x00000002e8800000, 0x00000002e8800000|100%| E|CS|TAMS 0x00000002e8400000, 0x00000002e8400000| Complete 
|2458|0x00000002e8800000, 0x00000002e8c00000, 0x00000002e8c00000|100%| E|CS|TAMS 0x00000002e8800000, 0x00000002e8800000| Complete 
|2459|0x00000002e8c00000, 0x00000002e9000000, 0x00000002e9000000|100%| E|CS|TAMS 0x00000002e8c00000, 0x00000002e8c00000| Complete 
|2460|0x00000002e9000000, 0x00000002e9400000, 0x00000002e9400000|100%| E|CS|TAMS 0x00000002e9000000, 0x00000002e9000000| Complete 
|2461|0x00000002e9400000, 0x00000002e9800000, 0x00000002e9800000|100%| E|CS|TAMS 0x00000002e9400000, 0x00000002e9400000| Complete 
|2462|0x00000002e9800000, 0x00000002e9c00000, 0x00000002e9c00000|100%| E|CS|TAMS 0x00000002e9800000, 0x00000002e9800000| Complete 
|2463|0x00000002e9c00000, 0x00000002ea000000, 0x00000002ea000000|100%| E|CS|TAMS 0x00000002e9c00000, 0x00000002e9c00000| Complete 
|2464|0x00000002ea000000, 0x00000002ea400000, 0x00000002ea400000|100%| E|CS|TAMS 0x00000002ea000000, 0x00000002ea000000| Complete 
|2465|0x00000002ea400000, 0x00000002ea800000, 0x00000002ea800000|100%| E|CS|TAMS 0x00000002ea400000, 0x00000002ea400000| Complete 
|2466|0x00000002ea800000, 0x00000002eac00000, 0x00000002eac00000|100%| E|CS|TAMS 0x00000002ea800000, 0x00000002ea800000| Complete 
|2467|0x00000002eac00000, 0x00000002eb000000, 0x00000002eb000000|100%| E|CS|TAMS 0x00000002eac00000, 0x00000002eac00000| Complete 
|2468|0x00000002eb000000, 0x00000002eb400000, 0x00000002eb400000|100%| E|CS|TAMS 0x00000002eb000000, 0x00000002eb000000| Complete 
|2469|0x00000002eb400000, 0x00000002eb800000, 0x00000002eb800000|100%| E|CS|TAMS 0x00000002eb400000, 0x00000002eb400000| Complete 
|2470|0x00000002eb800000, 0x00000002ebc00000, 0x00000002ebc00000|100%| E|CS|TAMS 0x00000002eb800000, 0x00000002eb800000| Complete 
|2471|0x00000002ebc00000, 0x00000002ec000000, 0x00000002ec000000|100%| E|CS|TAMS 0x00000002ebc00000, 0x00000002ebc00000| Complete 
|2472|0x00000002ec000000, 0x00000002ec400000, 0x00000002ec400000|100%| E|CS|TAMS 0x00000002ec000000, 0x00000002ec000000| Complete 
|2473|0x00000002ec400000, 0x00000002ec800000, 0x00000002ec800000|100%| E|CS|TAMS 0x00000002ec400000, 0x00000002ec400000| Complete 
|2474|0x00000002ec800000, 0x00000002ecc00000, 0x00000002ecc00000|100%| E|CS|TAMS 0x00000002ec800000, 0x00000002ec800000| Complete 
|2475|0x00000002ecc00000, 0x00000002ed000000, 0x00000002ed000000|100%| E|CS|TAMS 0x00000002ecc00000, 0x00000002ecc00000| Complete 
|2476|0x00000002ed000000, 0x00000002ed400000, 0x00000002ed400000|100%| E|CS|TAMS 0x00000002ed000000, 0x00000002ed000000| Complete 
|2477|0x00000002ed400000, 0x00000002ed800000, 0x00000002ed800000|100%| E|CS|TAMS 0x00000002ed400000, 0x00000002ed400000| Complete 
|2478|0x00000002ed800000, 0x00000002edc00000, 0x00000002edc00000|100%| E|CS|TAMS 0x00000002ed800000, 0x00000002ed800000| Complete 
|2479|0x00000002edc00000, 0x00000002ee000000, 0x00000002ee000000|100%| E|CS|TAMS 0x00000002edc00000, 0x00000002edc00000| Complete 
|2480|0x00000002ee000000, 0x00000002ee400000, 0x00000002ee400000|100%| E|CS|TAMS 0x00000002ee000000, 0x00000002ee000000| Complete 
|2481|0x00000002ee400000, 0x00000002ee800000, 0x00000002ee800000|100%| E|CS|TAMS 0x00000002ee400000, 0x00000002ee400000| Complete 
|2482|0x00000002ee800000, 0x00000002eec00000, 0x00000002eec00000|100%| E|CS|TAMS 0x00000002ee800000, 0x00000002ee800000| Complete 
|2483|0x00000002eec00000, 0x00000002ef000000, 0x00000002ef000000|100%| E|CS|TAMS 0x00000002eec00000, 0x00000002eec00000| Complete 
|2484|0x00000002ef000000, 0x00000002ef400000, 0x00000002ef400000|100%| E|CS|TAMS 0x00000002ef000000, 0x00000002ef000000| Complete 
|2485|0x00000002ef400000, 0x00000002ef800000, 0x00000002ef800000|100%| E|CS|TAMS 0x00000002ef400000, 0x00000002ef400000| Complete 
|2486|0x00000002ef800000, 0x00000002efc00000, 0x00000002efc00000|100%| E|CS|TAMS 0x00000002ef800000, 0x00000002ef800000| Complete 
|2487|0x00000002efc00000, 0x00000002f0000000, 0x00000002f0000000|100%| E|CS|TAMS 0x00000002efc00000, 0x00000002efc00000| Complete 
|2488|0x00000002f0000000, 0x00000002f0400000, 0x00000002f0400000|100%| E|CS|TAMS 0x00000002f0000000, 0x00000002f0000000| Complete 
|2489|0x00000002f0400000, 0x00000002f0800000, 0x00000002f0800000|100%| E|CS|TAMS 0x00000002f0400000, 0x00000002f0400000| Complete 
|2490|0x00000002f0800000, 0x00000002f0c00000, 0x00000002f0c00000|100%| E|CS|TAMS 0x00000002f0800000, 0x00000002f0800000| Complete 
|2491|0x00000002f0c00000, 0x00000002f1000000, 0x00000002f1000000|100%| E|CS|TAMS 0x00000002f0c00000, 0x00000002f0c00000| Complete 
|2492|0x00000002f1000000, 0x00000002f1400000, 0x00000002f1400000|100%| E|CS|TAMS 0x00000002f1000000, 0x00000002f1000000| Complete 
|2493|0x00000002f1400000, 0x00000002f1800000, 0x00000002f1800000|100%| E|CS|TAMS 0x00000002f1400000, 0x00000002f1400000| Complete 
|2494|0x00000002f1800000, 0x00000002f1c00000, 0x00000002f1c00000|100%| E|CS|TAMS 0x00000002f1800000, 0x00000002f1800000| Complete 
|2495|0x00000002f1c00000, 0x00000002f2000000, 0x00000002f2000000|100%| E|CS|TAMS 0x00000002f1c00000, 0x00000002f1c00000| Complete 
|2496|0x00000002f2000000, 0x00000002f2400000, 0x00000002f2400000|100%| E|CS|TAMS 0x00000002f2000000, 0x00000002f2000000| Complete 
|2497|0x00000002f2400000, 0x00000002f2800000, 0x00000002f2800000|100%| E|CS|TAMS 0x00000002f2400000, 0x00000002f2400000| Complete 
|2498|0x00000002f2800000, 0x00000002f2c00000, 0x00000002f2c00000|100%| E|CS|TAMS 0x00000002f2800000, 0x00000002f2800000| Complete 
|2499|0x00000002f2c00000, 0x00000002f3000000, 0x00000002f3000000|100%| E|CS|TAMS 0x00000002f2c00000, 0x00000002f2c00000| Complete 
|2500|0x00000002f3000000, 0x00000002f3400000, 0x00000002f3400000|100%| E|CS|TAMS 0x00000002f3000000, 0x00000002f3000000| Complete 
|2501|0x00000002f3400000, 0x00000002f3800000, 0x00000002f3800000|100%| E|CS|TAMS 0x00000002f3400000, 0x00000002f3400000| Complete 
|2502|0x00000002f3800000, 0x00000002f3c00000, 0x00000002f3c00000|100%| E|CS|TAMS 0x00000002f3800000, 0x00000002f3800000| Complete 
|2503|0x00000002f3c00000, 0x00000002f4000000, 0x00000002f4000000|100%| E|CS|TAMS 0x00000002f3c00000, 0x00000002f3c00000| Complete 
|2504|0x00000002f4000000, 0x00000002f4400000, 0x00000002f4400000|100%| E|CS|TAMS 0x00000002f4000000, 0x00000002f4000000| Complete 
|2505|0x00000002f4400000, 0x00000002f4800000, 0x00000002f4800000|100%| E|CS|TAMS 0x00000002f4400000, 0x00000002f4400000| Complete 
|2506|0x00000002f4800000, 0x00000002f4c00000, 0x00000002f4c00000|100%| E|CS|TAMS 0x00000002f4800000, 0x00000002f4800000| Complete 

Card table byte_map: [0x000002b86d7b0000,0x000002b8713a0000] _byte_map_base: 0x000002b86d3a0000

Marking Bits (Prev, Next): (CMBitMap*) 0x000002b850f85b98, (CMBitMap*) 0x000002b850f85bd0
 Prev Bits: [0x000002b800000000, 0x000002b81df80000)
 Next Bits: [0x000002b81df80000, 0x000002b83bf00000)

Polling page: 0x000002b84ea20000

Metaspace:

Usage:
  Non-class:     16.95 MB capacity,    16.58 MB ( 98%) used,   314.08 KB (  2%) free+waste,    61.31 KB ( <1%) overhead. 
      Class:      2.06 MB capacity,     1.84 MB ( 90%) used,   190.12 KB (  9%) free+waste,    29.38 KB (  1%) overhead. 
       Both:     19.00 MB capacity,    18.42 MB ( 97%) used,   504.20 KB (  3%) free+waste,    90.69 KB ( <1%) overhead. 

Virtual space:
  Non-class space:       18.00 MB reserved,      17.00 MB ( 94%) committed 
      Class space:        1.00 GB reserved,       2.12 MB ( <1%) committed 
             Both:        1.02 GB reserved,      19.12 MB (  2%) committed 

Chunk freelists:
   Non-Class:  56.00 KB
       Class:  0 bytes
        Both:  56.00 KB

MaxMetaspaceSize: 17179869184.00 GB
CompressedClassSpaceSize: 1.00 GB
Initial GC threshold: 20.80 MB
Current GC threshold: 31.88 MB
CDS: on

CodeHeap 'non-profiled nmethods': size=118912Kb used=6753Kb max_used=6753Kb free=112159Kb
 bounds [0x000002b861280000, 0x000002b861920000, 0x000002b8686a0000]
CodeHeap 'profiled nmethods': size=118848Kb used=11335Kb max_used=11335Kb free=107512Kb
 bounds [0x000002b859e70000, 0x000002b85a990000, 0x000002b861280000]
CodeHeap 'non-nmethods': size=8000Kb used=1309Kb max_used=3630Kb free=6690Kb
 bounds [0x000002b8596a0000, 0x000002b859a30000, 0x000002b859e70000]
 total_blobs=5477 nmethods=4867 adapters=522
 compilation: enabled
              stopped_count=0, restarted_count=0
 full_count=0

Compilation events (20 events):
Event: 216.745 Thread 0x000002b8790e8000 4903       3       jdk.internal.math.FormattedFloatingDecimal::fillDecimal (352 bytes)
Event: 216.746 Thread 0x000002b8790e3000 4904       4       jdk.internal.math.FormattedFloatingDecimal::create (21 bytes)
Event: 216.746 Thread 0x000002b8790e8000 nmethod 4903 0x000002b85a97e990 code [0x000002b85a97eca0, 0x000002b85a980768]
Event: 216.746 Thread 0x000002b8790e3000 nmethod 4904 0x000002b86190c990 code [0x000002b86190cb20, 0x000002b86190cc58]
Event: 216.751 Thread 0x000002b8790e3000 4905       4       jdk.internal.math.FormattedFloatingDecimal::fillDecimal (352 bytes)
Event: 216.759 Thread 0x000002b8790e3000 nmethod 4905 0x000002b86190cd10 code [0x000002b86190cf00, 0x000002b86190d7f8]
Event: 226.945 Thread 0x000002b8790e3000 4906       4       java.util.regex.Pattern$Slice::match (79 bytes)
Event: 226.950 Thread 0x000002b8790e3000 nmethod 4906 0x000002b86190dc90 code [0x000002b86190de40, 0x000002b86190e2d8]
Event: 232.527 Thread 0x000002b8790e8000 4907       3       sun.nio.cs.StreamEncoder::writeBytes (132 bytes)
Event: 232.527 Thread 0x000002b8790e8000 nmethod 4907 0x000002b85a980e10 code [0x000002b85a981080, 0x000002b85a981af8]
Event: 234.697 Thread 0x000002b8790e3000 4908   !   4       java.util.concurrent.ThreadPoolExecutor::interruptIdleWorkers (120 bytes)
Event: 234.712 Thread 0x000002b8790e3000 nmethod 4908 0x000002b86190e510 code [0x000002b86190e7a0, 0x000002b86190fdd0]
Event: 235.594 Thread 0x000002b8790e3000 4909       4       sun.nio.cs.StreamEncoder::writeBytes (132 bytes)
Event: 235.600 Thread 0x000002b8790e3000 nmethod 4909 0x000002b861910990 code [0x000002b861910bc0, 0x000002b861911e70]
Event: 265.778 Thread 0x000002b8790e3000 4910       4       java.io.File::isInvalid (47 bytes)
Event: 265.781 Thread 0x000002b8790e3000 nmethod 4910 0x000002b861912710 code [0x000002b8619128c0, 0x000002b861912cb8]
Event: 308.152 Thread 0x000002b8790e3000 4911   !   4       sun.nio.cs.StreamEncoder::flushBuffer (42 bytes)
Event: 308.153 Thread 0x000002b8790e3000 nmethod 4911 0x000002b861912f90 code [0x000002b861913140, 0x000002b8619134e8]
Event: 313.274 Thread 0x000002b8790e3000 4912       4       java.io.WinNTFileSystem::normalize (224 bytes)
Event: 313.306 Thread 0x000002b8790e3000 nmethod 4912 0x000002b861913690 code [0x000002b861913a00, 0x000002b861916b70]

GC Heap History (20 events):
Event: 341.447 GC heap after
{Heap after GC invocations=645 (full 0):
 garbage-first heap   total 10268672K, used 3803895K [0x0000000082000000, 0x0000000800000000)
  region size 4096K, 76 young (311296K), 76 survivors (311296K)
 Metaspace       used 18862K, capacity 19457K, committed 19584K, reserved 1067008K
  class space    used 1885K, capacity 2105K, committed 2176K, reserved 1048576K
}
Event: 342.520 GC heap before
{Heap before GC invocations=645 (full 0):
 garbage-first heap   total 10268672K, used 8927991K [0x0000000082000000, 0x0000000800000000)
  region size 4096K, 1327 young (5435392K), 76 survivors (311296K)
 Metaspace       used 18862K, capacity 19457K, committed 19584K, reserved 1067008K
  class space    used 1885K, capacity 2105K, committed 2176K, reserved 1048576K
}
Event: 342.552 GC heap after
{Heap after GC invocations=646 (full 0):
 garbage-first heap   total 10268672K, used 3865335K [0x0000000082000000, 0x0000000800000000)
  region size 4096K, 91 young (372736K), 91 survivors (372736K)
 Metaspace       used 18862K, capacity 19457K, committed 19584K, reserved 1067008K
  class space    used 1885K, capacity 2105K, committed 2176K, reserved 1048576K
}
Event: 342.993 GC heap before
{Heap before GC invocations=646 (full 0):
 garbage-first heap   total 10268672K, used 8862455K [0x0000000082000000, 0x0000000800000000)
  region size 4096K, 1312 young (5373952K), 91 survivors (372736K)
 Metaspace       used 18862K, capacity 19457K, committed 19584K, reserved 1067008K
  class space    used 1885K, capacity 2105K, committed 2176K, reserved 1048576K
}
Event: 343.023 GC heap after
{Heap after GC invocations=647 (full 0):
 garbage-first heap   total 10268672K, used 3875320K [0x0000000082000000, 0x0000000800000000)
  region size 4096K, 89 young (364544K), 89 survivors (364544K)
 Metaspace       used 18862K, capacity 19457K, committed 19584K, reserved 1067008K
  class space    used 1885K, capacity 2105K, committed 2176K, reserved 1048576K
}
Event: 344.032 GC heap before
{Heap before GC invocations=647 (full 0):
 garbage-first heap   total 10268672K, used 8872440K [0x0000000082000000, 0x0000000800000000)
  region size 4096K, 1309 young (5361664K), 89 survivors (364544K)
 Metaspace       used 18862K, capacity 19457K, committed 19584K, reserved 1067008K
  class space    used 1885K, capacity 2105K, committed 2176K, reserved 1048576K
}
Event: 344.066 GC heap after
{Heap after GC invocations=648 (full 0):
 garbage-first heap   total 10268672K, used 3887571K [0x0000000082000000, 0x0000000800000000)
  region size 4096K, 51 young (208896K), 51 survivors (208896K)
 Metaspace       used 18862K, capacity 19457K, committed 19584K, reserved 1067008K
  class space    used 1885K, capacity 2105K, committed 2176K, reserved 1048576K
}
Event: 344.590 GC heap before
{Heap before GC invocations=648 (full 0):
 garbage-first heap   total 10268672K, used 9023955K [0x0000000082000000, 0x0000000800000000)
  region size 4096K, 1306 young (5349376K), 51 survivors (208896K)
 Metaspace       used 18862K, capacity 19457K, committed 19584K, reserved 1067008K
  class space    used 1885K, capacity 2105K, committed 2176K, reserved 1048576K
}
Event: 344.612 GC heap after
{Heap after GC invocations=649 (full 0):
 garbage-first heap   total 10268672K, used 3895763K [0x0000000082000000, 0x0000000800000000)
  region size 4096K, 53 young (217088K), 53 survivors (217088K)
 Metaspace       used 18862K, capacity 19457K, committed 19584K, reserved 1067008K
  class space    used 1885K, capacity 2105K, committed 2176K, reserved 1048576K
}
Event: 345.052 GC heap before
{Heap before GC invocations=649 (full 0):
 garbage-first heap   total 10268672K, used 9015763K [0x0000000082000000, 0x0000000800000000)
  region size 4096K, 1304 young (5341184K), 53 survivors (217088K)
 Metaspace       used 18862K, capacity 19457K, committed 19584K, reserved 1067008K
  class space    used 1885K, capacity 2105K, committed 2176K, reserved 1048576K
}
Event: 345.075 GC heap after
{Heap after GC invocations=650 (full 0):
 garbage-first heap   total 10268672K, used 3905698K [0x0000000082000000, 0x0000000800000000)
  region size 4096K, 56 young (229376K), 56 survivors (229376K)
 Metaspace       used 18862K, capacity 19457K, committed 19584K, reserved 1067008K
  class space    used 1885K, capacity 2105K, committed 2176K, reserved 1048576K
}
Event: 346.347 GC heap before
{Heap before GC invocations=650 (full 0):
 garbage-first heap   total 10268672K, used 9001122K [0x0000000082000000, 0x0000000800000000)
  region size 4096K, 1301 young (5328896K), 56 survivors (229376K)
 Metaspace       used 18862K, capacity 19457K, committed 19584K, reserved 1067008K
  class space    used 1885K, capacity 2105K, committed 2176K, reserved 1048576K
}
Event: 346.376 GC heap after
{Heap after GC invocations=651 (full 0):
 garbage-first heap   total 10268672K, used 3919853K [0x0000000082000000, 0x0000000800000000)
  region size 4096K, 59 young (241664K), 59 survivors (241664K)
 Metaspace       used 18862K, capacity 19457K, committed 19584K, reserved 1067008K
  class space    used 1885K, capacity 2105K, committed 2176K, reserved 1048576K
}
Event: 346.925 GC heap before
{Heap before GC invocations=651 (full 0):
 garbage-first heap   total 10268672K, used 8994797K [0x0000000082000000, 0x0000000800000000)
  region size 4096K, 1298 young (5316608K), 59 survivors (241664K)
 Metaspace       used 18862K, capacity 19457K, committed 19584K, reserved 1067008K
  class space    used 1885K, capacity 2105K, committed 2176K, reserved 1048576K
}
Event: 346.951 GC heap after
{Heap after GC invocations=652 (full 0):
 garbage-first heap   total 10268672K, used 3932627K [0x0000000082000000, 0x0000000800000000)
  region size 4096K, 62 young (253952K), 62 survivors (253952K)
 Metaspace       used 18862K, capacity 19457K, committed 19584K, reserved 1067008K
  class space    used 1885K, capacity 2105K, committed 2176K, reserved 1048576K
}
Event: 347.393 GC heap before
{Heap before GC invocations=652 (full 0):
 garbage-first heap   total 10268672K, used 8982995K [0x0000000082000000, 0x0000000800000000)
  region size 4096K, 1295 young (5304320K), 62 survivors (253952K)
 Metaspace       used 18862K, capacity 19457K, committed 19584K, reserved 1067008K
  class space    used 1885K, capacity 2105K, committed 2176K, reserved 1048576K
}
Event: 347.420 GC heap after
{Heap after GC invocations=653 (full 0):
 garbage-first heap   total 10268672K, used 3952197K [0x0000000082000000, 0x0000000800000000)
  region size 4096K, 64 young (262144K), 64 survivors (262144K)
 Metaspace       used 18862K, capacity 19457K, committed 19584K, reserved 1067008K
  class space    used 1885K, capacity 2105K, committed 2176K, reserved 1048576K
}
Event: 347.922 GC heap before
{Heap before GC invocations=653 (full 0):
 garbage-first heap   total 10268672K, used 8977989K [0x0000000082000000, 0x0000000800000000)
  region size 4096K, 1291 young (5287936K), 64 survivors (262144K)
 Metaspace       used 18862K, capacity 19457K, committed 19584K, reserved 1067008K
  class space    used 1885K, capacity 2105K, committed 2176K, reserved 1048576K
}
Event: 347.967 GC heap after
{Heap after GC invocations=654 (full 0):
 garbage-first heap   total 10268672K, used 3970066K [0x0000000082000000, 0x0000000800000000)
  region size 4096K, 66 young (270336K), 66 survivors (270336K)
 Metaspace       used 18862K, capacity 19457K, committed 19584K, reserved 1067008K
  class space    used 1885K, capacity 2105K, committed 2176K, reserved 1048576K
}
Event: 348.547 GC heap before
{Heap before GC invocations=654 (full 0):
 garbage-first heap   total 10268672K, used 8967186K [0x0000000082000000, 0x0000000800000000)
  region size 4096K, 1286 young (5267456K), 66 survivors (270336K)
 Metaspace       used 18862K, capacity 19457K, committed 19584K, reserved 1067008K
  class space    used 1885K, capacity 2105K, committed 2176K, reserved 1048576K
}

Deoptimization events (20 events):
Event: 193.464 Thread 0x000002b87e649000 DEOPT PACKING pc=0x000002b85a97d964 sp=0x000000db627fedf0
Event: 193.464 Thread 0x000002b87e649000 DEOPT UNPACKING pc=0x000002b8596ea95e sp=0x000000db627fe368 mode 0
Event: 193.464 Thread 0x000002b87e648000 DEOPT PACKING pc=0x000002b85a97d964 sp=0x000000db626fec00
Event: 193.464 Thread 0x000002b87e648000 DEOPT UNPACKING pc=0x000002b8596ea95e sp=0x000000db626fe178 mode 0
Event: 193.464 Thread 0x000002b87e653800 DEOPT PACKING pc=0x000002b85a97d964 sp=0x000000db635ff2f0
Event: 193.464 Thread 0x000002b87e653800 DEOPT UNPACKING pc=0x000002b8596ea95e sp=0x000000db635fe868 mode 0
Event: 193.464 Thread 0x000002b84a5a3800 DEOPT PACKING pc=0x000002b85a97d964 sp=0x000000db63efed90
Event: 193.464 Thread 0x000002b84a5a3800 DEOPT UNPACKING pc=0x000002b8596ea95e sp=0x000000db63efe308 mode 0
Event: 193.464 Thread 0x000002b87e654800 DEOPT PACKING pc=0x000002b85a97d964 sp=0x000000db637fee10
Event: 193.464 Thread 0x000002b87e654800 DEOPT UNPACKING pc=0x000002b8596ea95e sp=0x000000db637fe388 mode 0
Event: 193.477 Thread 0x000002b87e64b800 DEOPT PACKING pc=0x000002b85a97d964 sp=0x000000db62dff390
Event: 193.477 Thread 0x000002b87e64b800 DEOPT UNPACKING pc=0x000002b8596ea95e sp=0x000000db62dfe908 mode 0
Event: 216.745 Thread 0x000002b850f1c800 Uncommon trap: trap_request=0xffffff4d fr.pc=0x000002b8618982e8 relative=0x0000000000000428
Event: 216.745 Thread 0x000002b850f1c800 Uncommon trap: reason=unstable_if action=reinterpret pc=0x000002b8618982e8 method=jdk.internal.math.FormattedFloatingDecimal.fillDecimal(I[CIIZ)V @ 20 c2
Event: 216.745 Thread 0x000002b850f1c800 DEOPT PACKING pc=0x000002b8618982e8 sp=0x000000db5e6feb40
Event: 216.745 Thread 0x000002b850f1c800 DEOPT UNPACKING pc=0x000002b8596ea1af sp=0x000000db5e6fead0 mode 2
Event: 232.180 Thread 0x000002b850f1c800 Uncommon trap: trap_request=0xffffff4d fr.pc=0x000002b86189371c relative=0x0000000000000a7c
Event: 232.180 Thread 0x000002b850f1c800 Uncommon trap: reason=unstable_if action=reinterpret pc=0x000002b86189371c method=java.io.BufferedOutputStream.write([BII)V @ 6 c2
Event: 232.180 Thread 0x000002b850f1c800 DEOPT PACKING pc=0x000002b86189371c sp=0x000000db5e6fec80
Event: 232.180 Thread 0x000002b850f1c800 DEOPT UNPACKING pc=0x000002b8596ea1af sp=0x000000db5e6feb58 mode 2

Classes redefined (0 events):
No events

Internal exceptions (20 events):
Event: 1.901 Thread 0x000002b850f1c800 Exception <a 'java/lang/NoSuchMethodError'{0x0000000111743ec0}: 'int java.lang.invoke.DirectMethodHandle$Holder.invokeVirtual(java.lang.Object, java.lang.Object, java.lang.Object)'> (0x0000000111743ec0) thrown at [s\src\hotspot\share\interpreter\linkResolver.cpp, line 773]
Event: 1.901 Thread 0x000002b850f1c800 Exception <a 'java/lang/NoSuchMethodError'{0x000000011174a178}: 'java.lang.Object java.lang.invoke.DirectMethodHandle$Holder.invokeVirtual(java.lang.Object, java.lang.Object, java.lang.Object)'> (0x000000011174a178) thrown at [s\src\hotspot\share\interpreter\linkResolver.cpp, line 773]
Event: 1.938 Thread 0x000002b850f1c800 Exception <a 'java/lang/NoSuchMethodError'{0x000000011138a5d0}: 'int java.lang.invoke.DirectMethodHandle$Holder.invokeSpecial(java.lang.Object, java.lang.Object, java.lang.Object, java.lang.Object)'> (0x000000011138a5d0) thrown at [s\src\hotspot\share\interpreter\linkResolver.cpp, line 773]
Event: 1.939 Thread 0x000002b850f1c800 Exception <a 'java/lang/NoSuchMethodError'{0x0000000111395300}: 'int java.lang.invoke.DirectMethodHandle$Holder.invokeInterface(java.lang.Object, java.lang.Object)'> (0x0000000111395300) thrown at [s\src\hotspot\share\interpreter\linkResolver.cpp, line 773]
Event: 2.000 Thread 0x000002b850f1c800 Exception <a 'java/lang/NoSuchMethodError'{0x0000000110ea97e0}: 'java.lang.Object java.lang.invoke.DirectMethodHandle$Holder.invokeSpecial(java.lang.Object, java.lang.Object, int, int, java.lang.Object, java.lang.Object, java.lang.Object, java.lang.Object)'> (0x0000000110ea97e0) thrown at [s\src\hotspot\share\interpreter\linkResolver.cpp, line 773]
Event: 2.000 Thread 0x000002b850f1c800 Exception <a 'java/lang/NoSuchMethodError'{0x0000000110ead1c0}: 'java.lang.Object java.lang.invoke.DelegatingMethodHandle$Holder.reinvoke_L(java.lang.Object, int, int, java.lang.Object, java.lang.Object, java.lang.Object, java.lang.Object)'> (0x0000000110ead1c0) thrown at [s\src\hotspot\share\interpreter\linkResolver.cpp, line 773]
Event: 2.001 Thread 0x000002b850f1c800 Exception <a 'java/lang/NoSuchMethodError'{0x0000000110ebbb78}: 'java.lang.Object java.lang.invoke.DirectMethodHandle$Holder.invokeStatic(java.lang.Object, java.lang.Object, java.lang.Object, java.lang.Object, java.lang.Object, java.lang.Object, int)'> (0x0000000110ebbb78) thrown at [s\src\hotspot\share\interpreter\linkResolver.cpp, line 773]
Event: 2.004 Thread 0x000002b850f1c800 Exception <a 'java/io/FileNotFoundException'{0x0000000110f46928}> (0x0000000110f46928) thrown at [s\src\hotspot\share\prims\jni.cpp, line 617]
Event: 2.011 Thread 0x000002b850f1c800 Exception <a 'java/lang/NoSuchMethodError'{0x0000000110842758}: 'java.lang.Object java.lang.invoke.DirectMethodHandle$Holder.invokeStatic(java.lang.Object, java.lang.Object, java.lang.Object, java.lang.Object, java.lang.Object, java.lang.Object, java.lang.Object, java.lang.Object, java.lang.Object, java.lang.Object, java.lang.Object, int)'> (0x0000000110842758) thrown at [s\src\hotspot\share\interpreter\linkResolver.cpp, line 773]
Event: 2.012 Thread 0x000002b850f1c800 Exception <a 'java/lang/NoSuchMethodError'{0x0000000110860900}: 'java.lang.Object java.lang.invoke.DirectMethodHandle$Holder.invokeStatic(java.lang.Object, java.lang.Object, java.lang.Object, java.lang.Object, java.lang.Object, java.lang.Object, java.lang.Object, java.lang.Object, java.lang.Object, java.lang.Object, java.lang.Object, int, int)'> (0x0000000110860900) thrown at [s\src\hotspot\share\interpreter\linkResolver.cpp, line 773]
Event: 2.012 Thread 0x000002b850f1c800 Exception <a 'java/lang/NoSuchMethodError'{0x000000011087f9d8}: 'java.lang.Object java.lang.invoke.DirectMethodHandle$Holder.invokeStatic(java.lang.Object, java.lang.Object, java.lang.Object, java.lang.Object, java.lang.Object, java.lang.Object, java.lang.Object, java.lang.Object, java.lang.Object, java.lang.Object, java.lang.Object, int, int, java.lang.Object)'> (0x000000011087f9d8) thrown at [s\src\hotspot\share\interpreter\linkResolver.cpp, line 773]
Event: 2.013 Thread 0x000002b850f1c800 Exception <a 'java/lang/NoSuchMethodError'{0x00000001108a0098}: 'java.lang.Object java.lang.invoke.DirectMethodHandle$Holder.invokeStatic(java.lang.Object, java.lang.Object, java.lang.Object, java.lang.Object, java.lang.Object, java.lang.Object, java.lang.Object, java.lang.Object, java.lang.Object, java.lang.Object, java.lang.Object, int, int, java.lang.Object, java.lang.Object)'> (0x00000001108a0098) thrown at [s\src\hotspot\share\interpreter\linkResolver.cpp, line 773]
Event: 2.294 Thread 0x000002b850f1c800 Exception <a 'java/lang/ClassNotFoundException'{0x000000010f4048f8}: sun/util/logging/resources/spi/loggingProvider> (0x000000010f4048f8) thrown at [s\src\hotspot\share\classfile\systemDictionary.cpp, line 230]
Event: 2.296 Thread 0x000002b850f1c800 Implicit null exception at 0x000002b86131d951 to 0x000002b86131e5e0
Event: 2.454 Thread 0x000002b850f1c800 Exception <a 'java/lang/NoSuchMethodError'{0x000000010e94d860}: 'java.lang.Object java.lang.invoke.DirectMethodHandle$Holder.invokeSpecial(java.lang.Object, java.lang.Object, int, int, java.lang.Object, java.lang.Object, int)'> (0x000000010e94d860) thrown at [s\src\hotspot\share\interpreter\linkResolver.cpp, line 773]
Event: 2.454 Thread 0x000002b850f1c800 Exception <a 'java/lang/NoSuchMethodError'{0x000000010e950cf0}: 'java.lang.Object java.lang.invoke.DelegatingMethodHandle$Holder.reinvoke_L(java.lang.Object, int, int, java.lang.Object, java.lang.Object, int)'> (0x000000010e950cf0) thrown at [s\src\hotspot\share\interpreter\linkResolver.cpp, line 773]
Event: 2.456 Thread 0x000002b850f1c800 Exception <a 'java/lang/NoSuchMethodError'{0x000000010e96d570}: 'java.lang.Object java.lang.invoke.DirectMethodHandle$Holder.invokeSpecial(java.lang.Object, java.lang.Object, java.lang.Object, java.lang.Object, int)'> (0x000000010e96d570) thrown at [s\src\hotspot\share\interpreter\linkResolver.cpp, line 773]
Event: 2.456 Thread 0x000002b850f1c800 Exception <a 'java/lang/NoSuchMethodError'{0x000000010e9705d8}: 'java.lang.Object java.lang.invoke.Invokers$Holder.linkToTargetMethod(java.lang.Object, java.lang.Object, int, java.lang.Object)'> (0x000000010e9705d8) thrown at [s\src\hotspot\share\interpreter\linkResolver.cpp, line 773]
Event: 3.286 Thread 0x000002b850f1c800 Implicit null exception at 0x000002b8612e5113 to 0x000002b8612e51f3
Event: 93.541 Thread 0x000002b850f1c800 Exception <a 'java/lang/NoSuchMethodError'{0x000000018d5d1478}: 'java.lang.Object java.lang.invoke.Invokers$Holder.linkToTargetMethod(java.lang.Object, int, java.lang.Object)'> (0x000000018d5d1478) thrown at [s\src\hotspot\share\interpreter\linkResolver.cpp, line 773]

Events (20 events):
Event: 346.191 Thread 0x000002b87e5f7000 Thread added: 0x000002b87e5f7000
Event: 346.191 Thread 0x000002b87e5f7800 Thread added: 0x000002b87e5f7800
Event: 346.191 Thread 0x000002b87e5da800 Thread added: 0x000002b87e5da800
Event: 346.192 Thread 0x000002b87e5d9000 Thread added: 0x000002b87e5d9000
Event: 346.192 Thread 0x000002b87e5db800 Thread added: 0x000002b87e5db800
Event: 346.192 Thread 0x000002b87e5dc000 Thread added: 0x000002b87e5dc000
Event: 346.192 Thread 0x000002b87e5da000 Thread added: 0x000002b87e5da000
Event: 346.192 Thread 0x000002b87e5df800 Thread added: 0x000002b87e5df800
Event: 346.192 Thread 0x000002b87e5de800 Thread added: 0x000002b87e5de800
Event: 346.192 Thread 0x000002b87e5dd000 Thread added: 0x000002b87e5dd000
Event: 346.192 Thread 0x000002b87e5e0800 Thread added: 0x000002b87e5e0800
Event: 346.347 Executing VM operation: G1CollectForAllocation
Event: 346.376 Executing VM operation: G1CollectForAllocation done
Event: 346.924 Executing VM operation: G1CollectForAllocation
Event: 346.951 Executing VM operation: G1CollectForAllocation done
Event: 347.393 Executing VM operation: G1CollectForAllocation
Event: 347.420 Executing VM operation: G1CollectForAllocation done
Event: 347.922 Executing VM operation: G1CollectForAllocation
Event: 347.967 Executing VM operation: G1CollectForAllocation done
Event: 348.547 Executing VM operation: G1CollectForAllocation


Dynamic libraries:
0x00007ff6d2720000 - 0x00007ff6d272e000 	C:\Users\pybdt\.jdks\ms-11.0.26\bin\java.exe
0x00007ffb41f40000 - 0x00007ffb421a8000 	C:\WINDOWS\SYSTEM32\ntdll.dll
0x00007ffb0fbf0000 - 0x00007ffb0fc10000 	C:\Program Files\Norton\Suite\aswhook.dll
0x00007ffb41690000 - 0x00007ffb41759000 	C:\WINDOWS\System32\KERNEL32.DLL
0x00007ffb3f700000 - 0x00007ffb3faf2000 	C:\WINDOWS\System32\KERNELBASE.dll
0x00007ffb3fb00000 - 0x00007ffb3fc4b000 	C:\WINDOWS\System32\ucrtbase.dll
0x00007ffb266d0000 - 0x00007ffb266e7000 	C:\Users\pybdt\.jdks\ms-11.0.26\bin\jli.dll
0x00007ffb266b0000 - 0x00007ffb266cd000 	C:\Users\pybdt\.jdks\ms-11.0.26\bin\VCRUNTIME140.dll
0x00007ffb41890000 - 0x00007ffb41a55000 	C:\WINDOWS\System32\USER32.dll
0x00007ffb3f630000 - 0x00007ffb3f657000 	C:\WINDOWS\System32\win32u.dll
0x00007ffb27e90000 - 0x00007ffb28123000 	C:\WINDOWS\WinSxS\amd64_microsoft.windows.common-controls_6595b64144ccf1df_6.0.26100.6899_none_3e0efeeae32e88c1\COMCTL32.dll
0x00007ffb41660000 - 0x00007ffb4168b000 	C:\WINDOWS\System32\GDI32.dll
0x00007ffb412b0000 - 0x00007ffb41359000 	C:\WINDOWS\System32\msvcrt.dll
0x00007ffb3f390000 - 0x00007ffb3f4bd000 	C:\WINDOWS\System32\gdi32full.dll
0x00007ffb3f0d0000 - 0x00007ffb3f173000 	C:\WINDOWS\System32\msvcp_win.dll
0x00007ffb40c70000 - 0x00007ffb40c9f000 	C:\WINDOWS\System32\IMM32.DLL
0x00007ffb20d50000 - 0x00007ffb20d5c000 	C:\Users\pybdt\.jdks\ms-11.0.26\bin\vcruntime140_1.dll
0x00007ffacf9e0000 - 0x00007ffacfa6d000 	C:\Users\pybdt\.jdks\ms-11.0.26\bin\msvcp140.dll
0x00007ff9b80c0000 - 0x00007ff9b8c97000 	C:\Users\pybdt\.jdks\ms-11.0.26\bin\server\jvm.dll
0x00007ffb40850000 - 0x00007ffb40904000 	C:\WINDOWS\System32\ADVAPI32.dll
0x00007ffb41200000 - 0x00007ffb412a6000 	C:\WINDOWS\System32\sechost.dll
0x00007ffb41540000 - 0x00007ffb41658000 	C:\WINDOWS\System32\RPCRT4.dll
0x00007ffb3fd10000 - 0x00007ffb3fd84000 	C:\WINDOWS\System32\WS2_32.dll
0x00007ffb31ac0000 - 0x00007ffb31af5000 	C:\WINDOWS\SYSTEM32\WINMM.dll
0x00007ffb36b20000 - 0x00007ffb36b2b000 	C:\WINDOWS\SYSTEM32\VERSION.dll
0x00007ffb3dd30000 - 0x00007ffb3dd4b000 	C:\WINDOWS\SYSTEM32\kernel.appcore.dll
0x00007ffb20d40000 - 0x00007ffb20d50000 	C:\Users\pybdt\.jdks\ms-11.0.26\bin\verify.dll
0x00007ffb31f70000 - 0x00007ffb321b2000 	C:\WINDOWS\SYSTEM32\DBGHELP.DLL
0x00007ffb40e80000 - 0x00007ffb411fb000 	C:\WINDOWS\System32\combase.dll
0x00007ffb41460000 - 0x00007ffb41537000 	C:\WINDOWS\System32\OLEAUT32.dll
0x00007ffb31f30000 - 0x00007ffb31f6c000 	C:\WINDOWS\SYSTEM32\dbgcore.DLL
0x00007ffb3f660000 - 0x00007ffb3f6f8000 	C:\WINDOWS\System32\bcryptPrimitives.dll
0x00007ffb12820000 - 0x00007ffb12848000 	C:\Users\pybdt\.jdks\ms-11.0.26\bin\java.dll
0x00007ffb0edd0000 - 0x00007ffb0edda000 	C:\Users\pybdt\.jdks\ms-11.0.26\bin\jimage.dll
0x00007ffb0e1d0000 - 0x00007ffb0e1de000 	C:\Users\pybdt\.jdks\ms-11.0.26\bin\instrument.dll
0x00007ffb099c0000 - 0x00007ffb099d8000 	C:\Users\pybdt\.jdks\ms-11.0.26\bin\zip.dll
0x00007ffb3ffa0000 - 0x00007ffb406ed000 	C:\WINDOWS\System32\SHELL32.dll
0x00007ffb3f4c0000 - 0x00007ffb3f62b000 	C:\WINDOWS\System32\wintypes.dll
0x00007ffb3c9c0000 - 0x00007ffb3d21d000 	C:\WINDOWS\SYSTEM32\windows.storage.dll
0x00007ffb41790000 - 0x00007ffb41882000 	C:\WINDOWS\System32\SHCORE.dll
0x00007ffb3fe90000 - 0x00007ffb3fef2000 	C:\WINDOWS\System32\shlwapi.dll
0x00007ffb3eff0000 - 0x00007ffb3f019000 	C:\WINDOWS\SYSTEM32\profapi.dll
0x00007ffb08ae0000 - 0x00007ffb08afa000 	C:\Users\pybdt\.jdks\ms-11.0.26\bin\net.dll
0x00007ffb3dd50000 - 0x00007ffb3de6f000 	C:\WINDOWS\SYSTEM32\WINHTTP.dll
0x00007ffb3e3b0000 - 0x00007ffb3e41b000 	C:\WINDOWS\system32\mswsock.dll
0x00007ffb08720000 - 0x00007ffb08732000 	C:\Users\pybdt\.jdks\ms-11.0.26\bin\nio.dll
0x00007ffb011e0000 - 0x00007ffb011fa000 	C:\Program Files\JetBrains\IntelliJ IDEA Community Edition 2024.1.1\bin\breakgen64.dll
0x00007ffa95710000 - 0x00007ffa95892000 	C:\Users\pybdt\.jdks\ms-11.0.26\bin\awt.dll
0x00007ffb3be40000 - 0x00007ffb3bedf000 	C:\WINDOWS\SYSTEM32\apphelp.dll

dbghelp: loaded successfully - version: 4.0.5 - missing functions: none
symbol engine: initialized successfully - sym options: 0x614 - pdb path: .;C:\Users\pybdt\.jdks\ms-11.0.26\bin;C:\WINDOWS\SYSTEM32;C:\Program Files\Norton\Suite;C:\WINDOWS\WinSxS\amd64_microsoft.windows.common-controls_6595b64144ccf1df_6.0.26100.6899_none_3e0efeeae32e88c1;C:\Users\pybdt\.jdks\ms-11.0.26\bin\server;C:\Program Files\JetBrains\IntelliJ IDEA Community Edition 2024.1.1\bin

VM Arguments:
jvm_args: -javaagent:C:\Program Files\JetBrains\IntelliJ IDEA Community Edition 2024.1.1\lib\idea_rt.jar=55510:C:\Program Files\JetBrains\IntelliJ IDEA Community Edition 2024.1.1\bin -Dfile.encoding=UTF-8 
java_command: pseudo.gen.Commuter
java_class_path (initial): C:\Users\pybdt\IdeaProjects\Pseudo-PFLOW\target\classes;C:\Users\pybdt\.m2\repository\org\apache\commons\commons-csv\1.9.0\commons-csv-1.9.0.jar;C:\Users\pybdt\.m2\repository\tech\units\indriya\2.2.3\indriya-2.2.3.jar;C:\Users\pybdt\.m2\repository\javax\measure\unit-api\2.2\unit-api-2.2.jar;C:\Users\pybdt\.m2\repository\tech\uom\lib\uom-lib-common\2.2\uom-lib-common-2.2.jar;C:\Users\pybdt\.m2\repository\jakarta\inject\jakarta.inject-api\2.0.1\jakarta.inject-api-2.0.1.jar;C:\Users\pybdt\.m2\repository\systems\uom\systems-ucum\2.2\systems-ucum-2.2.jar;C:\Users\pybdt\.m2\repository\si\uom\si-quantity\2.2.2\si-quantity-2.2.2.jar;C:\Users\pybdt\.m2\repository\si\uom\si-units\2.2.2\si-units-2.2.2.jar;C:\Users\pybdt\.m2\repository\jakarta\annotation\jakarta.annotation-api\2.0.0\jakarta.annotation-api-2.0.0.jar;C:\Users\pybdt\.m2\repository\org\geotools\gt-main\25.1\gt-main-25.1.jar;C:\Users\pybdt\.m2\repository\org\geotools\gt-http\25.1\gt-http-25.1.jar;C:\Users\pybdt\.m2\repository\org\apache\commons\commons-text\1.6\commons-text-1.6.jar;C:\Users\pybdt\.m2\repository\com\fasterxml\jackson\core\jackson-core\2.10.5\jackson-core-2.10.5.jar;C:\Users\pybdt\.m2\repository\javax\media\jai_core\1.1.3\jai_core-1.1.3.jar;C:\Users\pybdt\.m2\repository\org\geotools\gt-metadata\25.1\gt-metadata-25.1.jar;C:\Users\pybdt\.m2\repository\org\geotools\gt-opengis\25.1\gt-opengis-25.1.jar;C:\Users\pybdt\.m2\repository\systems\uom\systems-common\2.0.1\systems-common-2.0.1.jar;C:\Users\pybdt\.m2\repository\org\apache\commons\commons-lang3\3.8.1\commons-lang3-3.8.1.jar;C:\Users\pybdt\.m2\repository\org\geotools\ogc\net.opengis.ows\25.1\net.opengis.ows-25.1.jar;C:\Users\pybdt\.m2\repository\org\geotools\ogc\org.w3.xlink\25.1\org.w3.xlink-25.1.jar;C:\Users\pybdt\.m2\repository\org\eclipse\emf\org.eclipse.emf.common\2.15.0\org.eclipse.emf.common-2.15.0.jar;C:\Users\pybdt\.m2\repository\org\eclipse\emf\org.eclipse.emf.ecore\2.15.0\org.eclipse.emf.ecore-2.15.0.jar;C:\User
Launcher Type: SUN_STANDARD

[Global flags]
     intx CICompilerCount                          = 15                                        {product} {ergonomic}
     uint ConcGCThreads                            = 6                                         {product} {ergonomic}
     uint G1ConcRefinementThreads                  = 23                                        {product} {ergonomic}
   size_t G1HeapRegionSize                         = 4194304                                   {product} {ergonomic}
    uintx GCDrainStackTargetSize                   = 64                                        {product} {ergonomic}
   size_t InitialHeapSize                          = 2143289344                                {product} {ergonomic}
   size_t MarkStackSize                            = 4194304                                   {product} {ergonomic}
   size_t MaxHeapSize                              = 32178700288                               {product} {ergonomic}
   size_t MaxNewSize                               = 19306381312                               {product} {ergonomic}
   size_t MinHeapDeltaBytes                        = 4194304                                   {product} {ergonomic}
    uintx NonNMethodCodeHeapSize                   = 8182140                                {pd product} {ergonomic}
    uintx NonProfiledCodeHeapSize                  = 121738050                              {pd product} {ergonomic}
    uintx ProfiledCodeHeapSize                     = 121738050                              {pd product} {ergonomic}
    uintx ReservedCodeCacheSize                    = 251658240                              {pd product} {ergonomic}
     bool SegmentedCodeCache                       = true                                      {product} {ergonomic}
     bool UseCompressedClassPointers               = true                                 {lp64_product} {ergonomic}
     bool UseCompressedOops                        = true                                 {lp64_product} {ergonomic}
     bool UseG1GC                                  = true                                      {product} {ergonomic}
     bool UseLargePagesIndividualAllocation        = false                                  {pd product} {ergonomic}

Logging:
Log output configuration:
 #0: stdout all=warning uptime,level,tags
 #1: stderr all=off uptime,level,tags

Environment Variables:
JAVA_HOME=C:\Users\pybdt\.jdks\ms-11.0.26
PATH=C:\Program Files\Eclipse Adoptium\jdk-11.0.28.6-hotspot\bin;C:\Program Files\NVIDIA GPU Computing Toolkit\CUDA\v12.8\bin;C:\Program Files\NVIDIA GPU Computing Toolkit\CUDA\v12.8\libnvvp;C:\WINDOWS\system32;C:\WINDOWS;C:\WINDOWS\System32\Wbem;C:\WINDOWS\System32\WindowsPowerShell\v1.0\;C:\WINDOWS\System32\OpenSSH\;C:\Program Files (x86)\NVIDIA Corporation\PhysX\Common;C:\Program Files\dotnet\;C:\Program Files\apache-maven-3.6.3\bin;C:\Program Files\Amazon\AWSCLIV2\;C:\Program Files\PuTTY\;C:\Program Files\NVIDIA Corporation\NVIDIA app\NvDLISR;C:\Program Files\NVIDIA Corporation\Nsight Compute 2025.1.0\;C:\Program Files\NVIDIA GPU Computing Toolkit\CUDA\v12.1\bin;C:\Program Files\NVIDIA GPU Computing Toolkit\CUDA\v12.1\libnvvm\bin;C:\Program Files\NVIDIA GPU Computing Toolkit\CUDA\v12.1\include;C:\Program Files\Git\cmd;C:\Program Files\WinMerge;C:\Users\pybdt\AppData\Local\Microsoft\WindowsApps;;C:\Program Files\JetBrains\IntelliJ IDEA Community Edition 2024.1.1\bin;;C:\Users\pybdt\AppData\Local\Programs\Ollama
USERNAME=pybdt
OS=Windows_NT
PROCESSOR_IDENTIFIER=Intel64 Family 6 Model 183 Stepping 1, GenuineIntel
TMP=C:\Users\pybdt\AppData\Local\Temp
TEMP=C:\Users\pybdt\AppData\Local\Temp



---------------  S Y S T E M  ---------------

OS: Windows 11 , 64 bit Build 26100 (10.0.26100.6725)
OS uptime: 1 days 7:44 hours
Hyper-V role detected

CPU:total 32 (initial active 32) (16 cores per cpu, 2 threads per core) family 6 model 183 stepping 1 microcode 0x11d, cmov, cx8, fxsr, mmx, sse, sse2, sse3, ssse3, sse4.1, sse4.2, popcnt, avx, avx2, aes, clmul, erms, 3dnowpref, lzcnt, ht, tsc, tscinvbit, bmi1, bmi2, adx, sha, fma

Memory: 4k page, system-wide physical 130779M (61993M free)
TotalPageFile size 138971M (AvailPageFile size 44816M)
current process WorkingSet (physical memory assigned to process): 10414M, peak: 10414M
current process commit charge ("private bytes"): 10662M, peak: 10662M

vm_info: OpenJDK 64-Bit Server VM (11.0.26+4-LTS) for windows-amd64 JRE (11.0.26+4-LTS), built on Jan 13 2025 23:40:04 by "MicrosoftCorporation" with unknown MS VC++:1939

END.
