#
# A fatal error has been detected by the Java Runtime Environment:
#
#  EXCEPTION_ACCESS_VIOLATION (0xc0000005) at pc=0x00007ff9b83fd0da, pid=12292, tid=13472
#
# JRE version: OpenJDK Runtime Environment Microsoft-10823458 (11.0.26+4) (build 11.0.26+4-LTS)
# Java VM: OpenJDK 64-Bit Server VM Microsoft-10823458 (11.0.26+4-LTS, mixed mode, sharing, tiered, compressed oops, g1 gc, windows-amd64)
# Problematic frame:
# V  [jvm.dll+0x33d0da]
#
# No core dump will be written. Minidumps are not enabled by default on client versions of Windows
#
# If you would like to submit a bug report, please visit:
#   https://github.com/microsoft/openjdk/issues
#

---------------  S U M M A R Y ------------

Command Line: -javaagent:C:\Program Files\JetBrains\IntelliJ IDEA Community Edition 2024.1.1\lib\idea_rt.jar=55517:C:\Program Files\JetBrains\IntelliJ IDEA Community Edition 2024.1.1\bin -Dfile.encoding=UTF-8 pseudo.gen.NonCommuter

Host: Intel(R) Core(TM) i9-14900K, 32 cores, 127G,  Windows 11 , 64 bit Build 26100 (10.0.26100.6725)
Time: Sun Nov  2 01:21:20 2025  Windows 11 , 64 bit Build 26100 (10.0.26100.6725) elapsed time: 107.359127 seconds (0d 0h 1m 47s)

---------------  T H R E A D  ---------------

Current thread (0x0000018b70923000):  GCTaskThread "GC Thread#11" [stack: 0x00000031dcc00000,0x00000031dcd00000] [id=13472]

Stack: [0x00000031dcc00000,0x00000031dcd00000],  sp=0x00000031dccff490,  free space=1021k
Native frames: (J=compiled Java code, j=interpreted, Vv=VM code, C=native code)
V  [jvm.dll+0x33d0da]
V  [jvm.dll+0x33cffa]
V  [jvm.dll+0x33be59]
V  [jvm.dll+0x310b8f]
V  [jvm.dll+0x33c27e]
V  [jvm.dll+0x30f6a0]
V  [jvm.dll+0x81aa20]
V  [jvm.dll+0x7a47c4]
V  [jvm.dll+0x656945]
C  [ucrtbase.dll+0x37b0]
C  [KERNEL32.DLL+0x2e8d7]
C  [ntdll.dll+0x8c53c]


siginfo: EXCEPTION_ACCESS_VIOLATION (0xc0000005), reading address 0xffffffffffffffff


Register to memory mapping:

RIP=0x00007ff9b83fd0da jvm.dll
RAX=0x0000000000000001 is an unknown value
RBX=0x0000000146aefa00 points into unknown readable memory: 0x0000000000000029 | 29 00 00 00 00 00 00 00
RCX=0x1040017900000000 is an unknown value
RDX=0x0000000000000712 is an unknown value
RSP=0x00000031dccff490 points into unknown readable memory: 0x0000000146aeb200 | 00 b2 ae 46 01 00 00 00
RBP=0x0000000000000040 is an unknown value
RSI=0x00000031dccff500 points into unknown readable memory: 0x0000000146aefa00 | 00 fa ae 46 01 00 00 00
RDI=0x0000000146aefa00 points into unknown readable memory: 0x0000000000000029 | 29 00 00 00 00 00 00 00
R8 =0x0000000082000bc8 points into unknown readable memory: 0x0000000000000009 | 09 00 00 00 00 00 00 00
R9 =0x0000000000000208 is an unknown value
R10=0x0000000146aefa2c points into unknown readable memory: 79 01 40 10
R11=0x0000018b41e17af0 points into unknown readable memory: 0x00007ff9b89b1570 | 70 15 9b b8 f9 7f 00 00
R12=0x0000000146aefa18 points into unknown readable memory: 0x000000000000002d | 2d 00 00 00 00 00 00 00
R13=0x0000000146aefa20 points into unknown readable memory: 0x000000000005dcd6 | d6 dc 05 00 00 00 00 00
R14=0x00000031dccff700 points into unknown readable memory: 0x00007ff9b89b7f78 | 78 7f 9b b8 f9 7f 00 00
R15=0x00007ff9b83fb20d jvm.dll


Registers:
RAX=0x0000000000000001, RBX=0x0000000146aefa00, RCX=0x1040017900000000, RDX=0x0000000000000712
RSP=0x00000031dccff490, RBP=0x0000000000000040, RSI=0x00000031dccff500, RDI=0x0000000146aefa00
R8 =0x0000000082000bc8, R9 =0x0000000000000208, R10=0x0000000146aefa2c, R11=0x0000018b41e17af0
R12=0x0000000146aefa18, R13=0x0000000146aefa20, R14=0x00000031dccff700, R15=0x00007ff9b83fb20d
RIP=0x00007ff9b83fd0da, EFLAGS=0x0000000000010206

Top of Stack: (sp=0x00000031dccff490)
0x00000031dccff490:   0000000146aeb200 00007ff9b843cbe6
0x00000031dccff4a0:   0000000000000312 0000018b41e1fbf0
0x00000031dccff4b0:   0000000000000040 0000000000000040
0x00000031dccff4c0:   0000000000001ac0 0000000000001af0
0x00000031dccff4d0:   0000000146aefa00 00007ff9b83fcffa
0x00000031dccff4e0:   0000000146aefa00 00000031dccff500
0x00000031dccff4f0:   0000000146aefa00 00000000825d7bd0
0x00000031dccff500:   0000000146aefa00 0000000000000040
0x00000031dccff510:   0000018b6bd04090 0000018b6bd04138
0x00000031dccff520:   0000018b41e17370 0000018b41e17af0
0x00000031dccff530:   0000000000001af0 0000000000000000
0x00000031dccff540:   0000000000000001 00007ff900000001
0x00000031dccff550:   0000000000624000 00007ff9ffffffff
0x00000031dccff560:   0000000000001fff 0000018b74c6ba30
0x00000031dccff570:   000000000000177d ffffffff00000010
0x00000031dccff580:   00000031dccf0000 0000018b79601550 

Instructions: (pc=0x00007ff9b83fd0da)
0x00007ff9b83fcfda:   24 28 48 8b 0c 08 48 8b 43 28 48 89 48 20 4c 8b
0x00007ff9b83fcfea:   43 28 e8 7f df ff ff 48 8b 4b 28 e8 d6 00 00 00
0x00007ff9b83fcffa:   48 ff 43 40 4c 8b b4 24 f0 00 00 00 48 8d 94 24
0x00007ff9b83fd00a:   f8 00 00 00 48 ff c6 48 8d 4c 24 30 e8 25 fb 03
0x00007ff9b83fd01a:   00 84 c0 0f 85 81 fe ff ff 4c 8b bc 24 b0 00 00
0x00007ff9b83fd02a:   00 4c 8b ac 24 08 01 00 00 48 81 c4 b8 00 00 00
0x00007ff9b83fd03a:   41 5e 41 5c 5f 5e 5d 5b c3 cc cc cc cc cc cc cc
0x00007ff9b83fd04a:   cc cc cc cc cc cc 48 89 54 24 10 4c 89 44 24 18
0x00007ff9b83fd05a:   4c 89 4c 24 20 53 48 83 ec 20 48 8b d9 4c 8d 4c
0x00007ff9b83fd06a:   24 40 4c 8b c2 48 8d 0d da 2e 7c 00 ba 01 00 00
0x00007ff9b83fd07a:   00 e8 c0 b9 20 00 48 8b c3 48 83 c4 20 5b c3 cc
0x00007ff9b83fd08a:   cc cc cc cc cc cc 48 89 54 24 10 4c 89 44 24 18
0x00007ff9b83fd09a:   4c 89 4c 24 20 53 48 83 ec 20 48 8b d9 4c 8d 4c
0x00007ff9b83fd0aa:   24 40 4c 8b c2 48 8d 0d 0a 2f 7c 00 ba 01 00 00
0x00007ff9b83fd0ba:   00 e8 80 b9 20 00 48 8b c3 48 83 c4 20 5b c3 cc
0x00007ff9b83fd0ca:   cc cc cc cc cc cc 48 89 5c 24 08 57 48 83 ec 40
0x00007ff9b83fd0da:   48 8b 59 18 33 ff 48 8b 4b 10 48 39 b9 c8 00 00
0x00007ff9b83fd0ea:   00 75 21 8b 81 80 00 00 00 8b 09 2b c8 81 e1 ff
0x00007ff9b83fd0fa:   ff 01 00 81 f9 ff ff 01 00 0f 44 cf 3b 8b a0 01
0x00007ff9b83fd10a:   00 00 76 79 48 8d 4c 24 20 e8 38 71 47 00 0f 10
0x00007ff9b83fd11a:   00 0f 11 44 24 20 8b 93 a4 01 00 00 48 8b cb e8
0x00007ff9b83fd12a:   e2 27 ff ff 48 8b 4b 10 48 39 b9 c8 00 00 00 75
0x00007ff9b83fd13a:   e5 8b 81 80 00 00 00 8b 09 2b c8 81 e1 ff ff 01
0x00007ff9b83fd14a:   00 81 f9 ff ff 01 00 0f 44 cf 3b 8b a4 01 00 00
0x00007ff9b83fd15a:   77 c4 48 8d 4c 24 30 e8 ea 70 47 00 f3 0f 6f 44
0x00007ff9b83fd16a:   24 20 0f 10 08 66 0f fb c8 f3 0f 6f 83 a8 01 00
0x00007ff9b83fd17a:   00 66 0f d4 c8 f3 0f 7f 8b a8 01 00 00 48 8b 5c
0x00007ff9b83fd18a:   24 50 48 83 c4 40 5f c3 cc cc cc cc cc cc cc cc
0x00007ff9b83fd19a:   cc cc cc cc cc cc 48 89 7c 24 18 41 56 48 83 ec
0x00007ff9b83fd1aa:   20 48 8b 41 38 48 8b f9 48 3b 41 28 0f 83 86 00
0x00007ff9b83fd1ba:   00 00 48 89 5c 24 30 48 89 74 24 38 66 66 0f 1f
0x00007ff9b83fd1ca:   84 00 00 00 00 00 48 8b 05 49 4a 77 00 48 8d 57 


Stack slot to memory mapping:
stack at sp + 0 slots: 0x0000000146aeb200 is pointing into object: pseudo.res.GLonLat 
{0x0000000146aeb1e8} - klass: 'pseudo/res/GLonLat'
 - ---- fields (total size 5 words):
 - private '_lon' 'D' @16  139.822547 (4e160d88 40617a52)
 - private '_lat' 'D' @24  35.705038 (af6837f8 4041da3e)
 - private 'gcode' 'Ljava/lang/String;' @32  "13108"{0x0000000146aeb210} (28d5d642)
stack at sp + 1 slots: 0x00007ff9b843cbe6 jvm.dll
stack at sp + 2 slots: 0x0000000000000312 is an unknown value
stack at sp + 3 slots: 0x0000018b41e1fbf0 points into unknown readable memory: 0x0000000000001df8 | f8 1d 00 00 00 00 00 00
stack at sp + 4 slots: 0x0000000000000040 is an unknown value
stack at sp + 5 slots: 0x0000000000000040 is an unknown value
stack at sp + 6 slots: 0x0000000000001ac0 is an unknown value
stack at sp + 7 slots: 0x0000000000001af0 is an unknown value


---------------  P R O C E S S  ---------------

Threads class SMR info:
_java_thread_list=0x0000018b6c799620, length=45, elements={
0x0000018b41e09800, 0x0000018b69faa800, 0x0000018b69fad000, 0x0000018b69fcb800,
0x0000018b69fcd000, 0x0000018b69fce000, 0x0000018b69fcf000, 0x0000018b69fe3800,
0x0000018b69ff0800, 0x0000018b6aafc000, 0x0000018b6b888000, 0x0000018b7ad1b800,
0x0000018b6d4ae800, 0x0000018b6d2fa000, 0x0000018b6d2fc000, 0x0000018b6d2fd000,
0x0000018b6d2fa800, 0x0000018b6d2fe000, 0x0000018b6d2fb800, 0x0000018b6d301000,
0x0000018b6d2ff800, 0x0000018b6d300800, 0x0000018b6d2fe800, 0x0000018b6d303800,
0x0000018b6d304800, 0x0000018b6d302800, 0x0000018b6d302000, 0x0000018b6d307800,
0x0000018b6d305000, 0x0000018b6d306000, 0x0000018b6d307000, 0x0000018b6d308800,
0x0000018b6e5c3000, 0x0000018b6e5c5800, 0x0000018b6e5c6000, 0x0000018b6e5c4000,
0x0000018b6e5c4800, 0x0000018b6e5c8000, 0x0000018b6e5c8800, 0x0000018b6e5c9800,
0x0000018b6e5c7000, 0x0000018b6e5ca800, 0x0000018b6e5cc000, 0x0000018b6e5cd800,
0x0000018b6e5cd000
}

Java Threads: ( => current thread )
  0x0000018b41e09800 JavaThread "main" [_thread_blocked, id=43768, stack(0x00000031da300000,0x00000031da400000)]
  0x0000018b69faa800 JavaThread "Reference Handler" daemon [_thread_blocked, id=42304, stack(0x00000031daa00000,0x00000031dab00000)]
  0x0000018b69fad000 JavaThread "Finalizer" daemon [_thread_blocked, id=35076, stack(0x00000031dab00000,0x00000031dac00000)]
  0x0000018b69fcb800 JavaThread "Signal Dispatcher" daemon [_thread_blocked, id=44732, stack(0x00000031dac00000,0x00000031dad00000)]
  0x0000018b69fcd000 JavaThread "Attach Listener" daemon [_thread_blocked, id=15432, stack(0x00000031dad00000,0x00000031dae00000)]
  0x0000018b69fce000 JavaThread "Service Thread" daemon [_thread_blocked, id=8096, stack(0x00000031dae00000,0x00000031daf00000)]
  0x0000018b69fcf000 JavaThread "C2 CompilerThread0" daemon [_thread_blocked, id=38956, stack(0x00000031daf00000,0x00000031db000000)]
  0x0000018b69fe3800 JavaThread "C1 CompilerThread0" daemon [_thread_blocked, id=39548, stack(0x00000031db000000,0x00000031db100000)]
  0x0000018b69ff0800 JavaThread "Sweeper thread" daemon [_thread_blocked, id=17800, stack(0x00000031db100000,0x00000031db200000)]
  0x0000018b6aafc000 JavaThread "Common-Cleaner" daemon [_thread_blocked, id=39204, stack(0x00000031db300000,0x00000031db400000)]
  0x0000018b6b888000 JavaThread "Monitor Ctrl-Break" daemon [_thread_in_native, id=23708, stack(0x00000031db800000,0x00000031db900000)]
  0x0000018b7ad1b800 JavaThread "GT authority factory disposer" daemon [_thread_blocked, id=25980, stack(0x00000031dc000000,0x00000031dc100000)]
  0x0000018b6d4ae800 JavaThread "WeakCollectionCleaner" daemon [_thread_blocked, id=43192, stack(0x00000031dc100000,0x00000031dc200000)]
  0x0000018b6d2fa000 JavaThread "pool-8-thread-1" [_thread_blocked, id=37568, stack(0x00000031ddb00000,0x00000031ddc00000)]
  0x0000018b6d2fc000 JavaThread "pool-8-thread-2" [_thread_blocked, id=22180, stack(0x00000031ddc00000,0x00000031ddd00000)]
  0x0000018b6d2fd000 JavaThread "pool-8-thread-3" [_thread_blocked, id=31672, stack(0x00000031dde00000,0x00000031ddf00000)]
  0x0000018b6d2fa800 JavaThread "pool-8-thread-4" [_thread_blocked, id=44464, stack(0x00000031ddf00000,0x00000031de000000)]
  0x0000018b6d2fe000 JavaThread "pool-8-thread-5" [_thread_blocked, id=45228, stack(0x00000031de000000,0x00000031de100000)]
  0x0000018b6d2fb800 JavaThread "pool-8-thread-6" [_thread_blocked, id=4992, stack(0x00000031de100000,0x00000031de200000)]
  0x0000018b6d301000 JavaThread "pool-8-thread-7" [_thread_blocked, id=26580, stack(0x00000031de200000,0x00000031de300000)]
  0x0000018b6d2ff800 JavaThread "pool-8-thread-8" [_thread_blocked, id=25944, stack(0x00000031de300000,0x00000031de400000)]
  0x0000018b6d300800 JavaThread "pool-8-thread-9" [_thread_blocked, id=16940, stack(0x00000031de400000,0x00000031de500000)]
  0x0000018b6d2fe800 JavaThread "pool-8-thread-10" [_thread_blocked, id=19584, stack(0x00000031de500000,0x00000031de600000)]
  0x0000018b6d303800 JavaThread "pool-8-thread-11" [_thread_blocked, id=5312, stack(0x00000031de600000,0x00000031de700000)]
  0x0000018b6d304800 JavaThread "pool-8-thread-12" [_thread_blocked, id=11176, stack(0x00000031de700000,0x00000031de800000)]
  0x0000018b6d302800 JavaThread "pool-8-thread-13" [_thread_blocked, id=39612, stack(0x00000031de800000,0x00000031de900000)]
  0x0000018b6d302000 JavaThread "pool-8-thread-14" [_thread_blocked, id=40632, stack(0x00000031de900000,0x00000031dea00000)]
  0x0000018b6d307800 JavaThread "pool-8-thread-15" [_thread_blocked, id=33608, stack(0x00000031dea00000,0x00000031deb00000)]
  0x0000018b6d305000 JavaThread "pool-8-thread-16" [_thread_blocked, id=35476, stack(0x00000031deb00000,0x00000031dec00000)]
  0x0000018b6d306000 JavaThread "pool-8-thread-17" [_thread_blocked, id=10920, stack(0x00000031dec00000,0x00000031ded00000)]
  0x0000018b6d307000 JavaThread "pool-8-thread-18" [_thread_blocked, id=668, stack(0x00000031ded00000,0x00000031dee00000)]
  0x0000018b6d308800 JavaThread "pool-8-thread-19" [_thread_blocked, id=39596, stack(0x00000031dee00000,0x00000031def00000)]
  0x0000018b6e5c3000 JavaThread "pool-8-thread-20" [_thread_blocked, id=25752, stack(0x00000031def00000,0x00000031df000000)]
  0x0000018b6e5c5800 JavaThread "pool-8-thread-21" [_thread_blocked, id=46012, stack(0x00000031df000000,0x00000031df100000)]
  0x0000018b6e5c6000 JavaThread "pool-8-thread-22" [_thread_blocked, id=39684, stack(0x00000031df100000,0x00000031df200000)]
  0x0000018b6e5c4000 JavaThread "pool-8-thread-23" [_thread_blocked, id=25520, stack(0x00000031df200000,0x00000031df300000)]
  0x0000018b6e5c4800 JavaThread "pool-8-thread-24" [_thread_blocked, id=43412, stack(0x00000031df300000,0x00000031df400000)]
  0x0000018b6e5c8000 JavaThread "pool-8-thread-25" [_thread_blocked, id=16636, stack(0x00000031df400000,0x00000031df500000)]
  0x0000018b6e5c8800 JavaThread "pool-8-thread-26" [_thread_blocked, id=11616, stack(0x00000031df500000,0x00000031df600000)]
  0x0000018b6e5c9800 JavaThread "pool-8-thread-27" [_thread_blocked, id=19296, stack(0x00000031df600000,0x00000031df700000)]
  0x0000018b6e5c7000 JavaThread "pool-8-thread-28" [_thread_blocked, id=6696, stack(0x00000031df700000,0x00000031df800000)]
  0x0000018b6e5ca800 JavaThread "pool-8-thread-29" [_thread_blocked, id=31172, stack(0x00000031df800000,0x00000031df900000)]
  0x0000018b6e5cc000 JavaThread "pool-8-thread-30" [_thread_blocked, id=28356, stack(0x00000031df900000,0x00000031dfa00000)]
  0x0000018b6e5cd800 JavaThread "pool-8-thread-31" [_thread_blocked, id=43584, stack(0x00000031dfa00000,0x00000031dfb00000)]
  0x0000018b6e5cd000 JavaThread "pool-8-thread-32" [_thread_blocked, id=30776, stack(0x00000031dfb00000,0x00000031dfc00000)]

Other Threads:
  0x0000018b69fa9800 VMThread "VM Thread" [stack: 0x00000031da900000,0x00000031daa00000] [id=42228]
  0x0000018b6b706800 WatcherThread [stack: 0x00000031db900000,0x00000031dba00000] [id=44864]
  0x0000018b41e25000 GCTaskThread "GC Thread#0" [stack: 0x00000031da400000,0x00000031da500000] [id=23124]
  0x0000018b6e8d9800 GCTaskThread "GC Thread#1" [stack: 0x00000031dc200000,0x00000031dc300000] [id=6460]
  0x0000018b6f5e4000 GCTaskThread "GC Thread#2" [stack: 0x00000031dc300000,0x00000031dc400000] [id=11812]
  0x0000018b6f3c2000 GCTaskThread "GC Thread#3" [stack: 0x00000031dc400000,0x00000031dc500000] [id=35056]
  0x0000018b6e8a0000 GCTaskThread "GC Thread#4" [stack: 0x00000031dc500000,0x00000031dc600000] [id=15220]
  0x0000018b6f41a000 GCTaskThread "GC Thread#5" [stack: 0x00000031dc600000,0x00000031dc700000] [id=46032]
  0x0000018b6f515000 GCTaskThread "GC Thread#6" [stack: 0x00000031dc700000,0x00000031dc800000] [id=44684]
  0x0000018b6e09f000 GCTaskThread "GC Thread#7" [stack: 0x00000031dc800000,0x00000031dc900000] [id=15808]
  0x0000018b7091f800 GCTaskThread "GC Thread#8" [stack: 0x00000031dc900000,0x00000031dca00000] [id=45960]
  0x0000018b70920800 GCTaskThread "GC Thread#9" [stack: 0x00000031dca00000,0x00000031dcb00000] [id=2736]
  0x0000018b70922000 GCTaskThread "GC Thread#10" [stack: 0x00000031dcb00000,0x00000031dcc00000] [id=44104]
=>0x0000018b70923000 GCTaskThread "GC Thread#11" [stack: 0x00000031dcc00000,0x00000031dcd00000] [id=13472]
  0x0000018b70924000 GCTaskThread "GC Thread#12" [stack: 0x00000031dcd00000,0x00000031dce00000] [id=31228]
  0x0000018b70927800 GCTaskThread "GC Thread#13" [stack: 0x00000031dce00000,0x00000031dcf00000] [id=32968]
  0x0000018b70925800 GCTaskThread "GC Thread#14" [stack: 0x00000031dcf00000,0x00000031dd000000] [id=34224]
  0x0000018b70926000 GCTaskThread "GC Thread#15" [stack: 0x00000031dd000000,0x00000031dd100000] [id=2156]
  0x0000018b70927000 GCTaskThread "GC Thread#16" [stack: 0x00000031dd100000,0x00000031dd200000] [id=2680]
  0x0000018b7092a800 GCTaskThread "GC Thread#17" [stack: 0x00000031dd200000,0x00000031dd300000] [id=45596]
  0x0000018b70ac7800 GCTaskThread "GC Thread#18" [stack: 0x00000031dd300000,0x00000031dd400000] [id=40408]
  0x0000018b70ac9000 GCTaskThread "GC Thread#19" [stack: 0x00000031dd400000,0x00000031dd500000] [id=44364]
  0x0000018b70aca800 GCTaskThread "GC Thread#20" [stack: 0x00000031dd500000,0x00000031dd600000] [id=41756]
  0x0000018b70acc000 GCTaskThread "GC Thread#21" [stack: 0x00000031dd600000,0x00000031dd700000] [id=37412]
  0x0000018b70ac9800 GCTaskThread "GC Thread#22" [stack: 0x00000031dd700000,0x00000031dd800000] [id=30276]
  0x0000018b41e95000 ConcurrentGCThread "G1 Main Marker" [stack: 0x00000031da500000,0x00000031da600000] [id=45296]
  0x0000018b41e97800 ConcurrentGCThread "G1 Conc#0" [stack: 0x00000031da600000,0x00000031da700000] [id=43000]
  0x0000018b6f8fa000 ConcurrentGCThread "G1 Conc#1" [stack: 0x00000031da000000,0x00000031da100000] [id=23896]
  0x0000018b6f8fc000 ConcurrentGCThread "G1 Conc#2" [stack: 0x00000031da100000,0x00000031da200000] [id=11780]
  0x0000018b6f8ff000 ConcurrentGCThread "G1 Conc#3" [stack: 0x00000031da200000,0x00000031da300000] [id=7908]
  0x0000018b6f900000 ConcurrentGCThread "G1 Conc#4" [stack: 0x00000031dd900000,0x00000031dda00000] [id=33028]
  0x0000018b6f8fd000 ConcurrentGCThread "G1 Conc#5" [stack: 0x00000031dda00000,0x00000031ddb00000] [id=6776]
  0x0000018b41e99800 ConcurrentGCThread "G1 Refine#0" [stack: 0x00000031da700000,0x00000031da800000] [id=27360]
  0x0000018b70ace000 ConcurrentGCThread "G1 Refine#1" [stack: 0x00000031dbc00000,0x00000031dbd00000] [id=30500]
  0x0000018b70acf800 ConcurrentGCThread "G1 Refine#2" [stack: 0x00000031dbd00000,0x00000031dbe00000] [id=38684]
  0x0000018b70ad3000 ConcurrentGCThread "G1 Refine#3" [stack: 0x00000031db200000,0x00000031db300000] [id=37852]
  0x0000018b70ad5000 ConcurrentGCThread "G1 Refine#4" [stack: 0x00000031db400000,0x00000031db500000] [id=25276]
  0x0000018b69fd5000 ConcurrentGCThread "G1 Refine#5" [stack: 0x00000031db500000,0x00000031db600000] [id=43208]
  0x0000018b69fd5800 ConcurrentGCThread "G1 Refine#6" [stack: 0x00000031db600000,0x00000031db700000] [id=21148]
  0x0000018b69fdd000 ConcurrentGCThread "G1 Refine#7" [stack: 0x00000031db700000,0x00000031db800000] [id=25300]
  0x0000018b6f8f4000 ConcurrentGCThread "G1 Refine#8" [stack: 0x00000031ddd00000,0x00000031dde00000] [id=43260]
  0x0000018b6f8f3000 ConcurrentGCThread "G1 Refine#9" [stack: 0x00000031dbb00000,0x00000031dbc00000] [id=2760]
  0x0000018b6f8f5000 ConcurrentGCThread "G1 Refine#10" [stack: 0x00000031dba00000,0x00000031dbb00000] [id=45648]
  0x0000018b6f8f8800 ConcurrentGCThread "G1 Refine#11" [stack: 0x00000031dbe00000,0x00000031dbf00000] [id=7672]
  0x0000018b6f8f7000 ConcurrentGCThread "G1 Refine#12" [stack: 0x00000031dbf00000,0x00000031dc000000] [id=20396]
  0x0000018b6f8f8000 ConcurrentGCThread "G1 Refine#13" [stack: 0x00000031dd800000,0x00000031dd900000] [id=34896]
  0x0000018b6e091000 ConcurrentGCThread "G1 Refine#14" [stack: 0x00000031dfc00000,0x00000031dfd00000] [id=41532]
  0x0000018b69ebb800 ConcurrentGCThread "G1 Young RemSet Sampling" [stack: 0x00000031da800000,0x00000031da900000] [id=41772]

Threads with active compile tasks:

VM state:at safepoint (normal execution)

VM Mutex/Monitor currently owned by a thread:  ([mutex/lock_event])
[0x0000018b3f963f00] Threads_lock - owner thread: 0x0000018b69fa9800
[0x0000018b41e08e90] Heap_lock - owner thread: 0x0000018b6e5c4000

Heap address: 0x0000000082000000, size: 30688 MB, Compressed Oops mode: Zero based, Oop shift amount: 3
Narrow klass base: 0x0000000800000000, Narrow klass shift: 3
Compressed class space size: 1073741824 Address: 0x0000000840000000

Heap:
 garbage-first heap   total 6459392K, used 5674185K [0x0000000082000000, 0x0000000800000000)
  region size 4096K, 591 young (2420736K), 16 survivors (65536K)
 Metaspace       used 18649K, capacity 19236K, committed 19328K, reserved 1067008K
  class space    used 1877K, capacity 2119K, committed 2176K, reserved 1048576K
Heap Regions: E=young(eden), S=young(survivor), O=old, HS=humongous(starts), HC=humongous(continues), CS=collection set, F=free, A=archive, TAMS=top-at-mark-start (previous, next)
|   0|0x0000000082000000, 0x0000000082400000, 0x0000000082400000|100%| O|  |TAMS 0x0000000082400000, 0x0000000082400000| Untracked 
|   1|0x0000000082400000, 0x0000000082800000, 0x0000000082800000|100%| O|  |TAMS 0x0000000082800000, 0x0000000082800000| Untracked 
|   2|0x0000000082800000, 0x0000000082c00000, 0x0000000082c00000|100%| O|  |TAMS 0x0000000082c00000, 0x0000000082c00000| Untracked 
|   3|0x0000000082c00000, 0x0000000083000000, 0x0000000083000000|100%| O|  |TAMS 0x0000000083000000, 0x0000000083000000| Untracked 
|   4|0x0000000083000000, 0x0000000083400000, 0x0000000083400000|100%| O|  |TAMS 0x0000000083400000, 0x0000000083400000| Untracked 
|   5|0x0000000083400000, 0x0000000083800000, 0x0000000083800000|100%| O|  |TAMS 0x0000000083800000, 0x0000000083800000| Untracked 
|   6|0x0000000083800000, 0x0000000083c00000, 0x0000000083c00000|100%| O|  |TAMS 0x0000000083c00000, 0x0000000083c00000| Untracked 
|   7|0x0000000083c00000, 0x0000000084000000, 0x0000000084000000|100%| O|  |TAMS 0x0000000084000000, 0x0000000084000000| Untracked 
|   8|0x0000000084000000, 0x0000000084400000, 0x0000000084400000|100%| O|  |TAMS 0x0000000084400000, 0x0000000084400000| Untracked 
|   9|0x0000000084400000, 0x0000000084800000, 0x0000000084800000|100%| O|  |TAMS 0x0000000084800000, 0x0000000084800000| Untracked 
|  10|0x0000000084800000, 0x0000000084c00000, 0x0000000084c00000|100%| O|  |TAMS 0x0000000084c00000, 0x0000000084c00000| Untracked 
|  11|0x0000000084c00000, 0x0000000085000000, 0x0000000085000000|100%| O|  |TAMS 0x0000000085000000, 0x0000000085000000| Untracked 
|  12|0x0000000085000000, 0x0000000085400000, 0x0000000085400000|100%| O|  |TAMS 0x0000000085400000, 0x0000000085400000| Untracked 
|  13|0x0000000085400000, 0x0000000085800000, 0x0000000085800000|100%| O|  |TAMS 0x0000000085800000, 0x0000000085800000| Untracked 
|  14|0x0000000085800000, 0x0000000085c00000, 0x0000000085c00000|100%| O|  |TAMS 0x0000000085c00000, 0x0000000085c00000| Untracked 
|  15|0x0000000085c00000, 0x0000000086000000, 0x0000000086000000|100%| O|  |TAMS 0x0000000086000000, 0x0000000086000000| Untracked 
|  16|0x0000000086000000, 0x0000000086400000, 0x0000000086400000|100%| O|  |TAMS 0x0000000086400000, 0x0000000086400000| Untracked 
|  17|0x0000000086400000, 0x0000000086800000, 0x0000000086800000|100%| O|  |TAMS 0x0000000086800000, 0x0000000086800000| Untracked 
|  18|0x0000000086800000, 0x0000000086c00000, 0x0000000086c00000|100%| O|  |TAMS 0x0000000086c00000, 0x0000000086c00000| Untracked 
|  19|0x0000000086c00000, 0x0000000087000000, 0x0000000087000000|100%| O|  |TAMS 0x0000000087000000, 0x0000000087000000| Untracked 
|  20|0x0000000087000000, 0x0000000087400000, 0x0000000087400000|100%| O|  |TAMS 0x0000000087400000, 0x0000000087400000| Untracked 
|  21|0x0000000087400000, 0x0000000087800000, 0x0000000087800000|100%| O|  |TAMS 0x0000000087800000, 0x0000000087800000| Untracked 
|  22|0x0000000087800000, 0x0000000087c00000, 0x0000000087c00000|100%| O|  |TAMS 0x0000000087c00000, 0x0000000087c00000| Untracked 
|  23|0x0000000087c00000, 0x0000000088000000, 0x0000000088000000|100%| O|  |TAMS 0x0000000088000000, 0x0000000088000000| Untracked 
|  24|0x0000000088000000, 0x0000000088400000, 0x0000000088400000|100%| O|  |TAMS 0x0000000088400000, 0x0000000088400000| Untracked 
|  25|0x0000000088400000, 0x0000000088800000, 0x0000000088800000|100%| O|  |TAMS 0x0000000088800000, 0x0000000088800000| Untracked 
|  26|0x0000000088800000, 0x0000000088c00000, 0x0000000088c00000|100%| O|  |TAMS 0x0000000088c00000, 0x0000000088c00000| Untracked 
|  27|0x0000000088c00000, 0x0000000089000000, 0x0000000089000000|100%| O|  |TAMS 0x0000000089000000, 0x0000000089000000| Untracked 
|  28|0x0000000089000000, 0x0000000089400000, 0x0000000089400000|100%| O|  |TAMS 0x0000000089400000, 0x0000000089400000| Untracked 
|  29|0x0000000089400000, 0x0000000089800000, 0x0000000089800000|100%| O|  |TAMS 0x0000000089800000, 0x0000000089800000| Untracked 
|  30|0x0000000089800000, 0x0000000089c00000, 0x0000000089c00000|100%| O|  |TAMS 0x0000000089c00000, 0x0000000089c00000| Untracked 
|  31|0x0000000089c00000, 0x000000008a000000, 0x000000008a000000|100%| O|  |TAMS 0x000000008a000000, 0x000000008a000000| Untracked 
|  32|0x000000008a000000, 0x000000008a400000, 0x000000008a400000|100%| O|  |TAMS 0x000000008a400000, 0x000000008a400000| Untracked 
|  33|0x000000008a400000, 0x000000008a800000, 0x000000008a800000|100%| O|  |TAMS 0x000000008a800000, 0x000000008a800000| Untracked 
|  34|0x000000008a800000, 0x000000008ac00000, 0x000000008ac00000|100%| O|  |TAMS 0x000000008ac00000, 0x000000008ac00000| Untracked 
|  35|0x000000008ac00000, 0x000000008b000000, 0x000000008b000000|100%| O|  |TAMS 0x000000008b000000, 0x000000008b000000| Untracked 
|  36|0x000000008b000000, 0x000000008b400000, 0x000000008b400000|100%| O|  |TAMS 0x000000008b400000, 0x000000008b400000| Untracked 
|  37|0x000000008b400000, 0x000000008b800000, 0x000000008b800000|100%| O|  |TAMS 0x000000008b800000, 0x000000008b800000| Untracked 
|  38|0x000000008b800000, 0x000000008bc00000, 0x000000008bc00000|100%| O|  |TAMS 0x000000008bc00000, 0x000000008bc00000| Untracked 
|  39|0x000000008bc00000, 0x000000008c000000, 0x000000008c000000|100%| O|  |TAMS 0x000000008c000000, 0x000000008c000000| Untracked 
|  40|0x000000008c000000, 0x000000008c400000, 0x000000008c400000|100%| O|  |TAMS 0x000000008c400000, 0x000000008c400000| Untracked 
|  41|0x000000008c400000, 0x000000008c800000, 0x000000008c800000|100%| O|  |TAMS 0x000000008c800000, 0x000000008c800000| Untracked 
|  42|0x000000008c800000, 0x000000008cc00000, 0x000000008cc00000|100%| O|  |TAMS 0x000000008cc00000, 0x000000008cc00000| Untracked 
|  43|0x000000008cc00000, 0x000000008d000000, 0x000000008d000000|100%| O|  |TAMS 0x000000008d000000, 0x000000008d000000| Untracked 
|  44|0x000000008d000000, 0x000000008d400000, 0x000000008d400000|100%| O|  |TAMS 0x000000008d400000, 0x000000008d400000| Untracked 
|  45|0x000000008d400000, 0x000000008d800000, 0x000000008d800000|100%| O|  |TAMS 0x000000008d800000, 0x000000008d800000| Untracked 
|  46|0x000000008d800000, 0x000000008dc00000, 0x000000008dc00000|100%| O|  |TAMS 0x000000008dc00000, 0x000000008dc00000| Untracked 
|  47|0x000000008dc00000, 0x000000008e000000, 0x000000008e000000|100%| O|  |TAMS 0x000000008e000000, 0x000000008e000000| Untracked 
|  48|0x000000008e000000, 0x000000008e400000, 0x000000008e400000|100%| O|  |TAMS 0x000000008e400000, 0x000000008e400000| Untracked 
|  49|0x000000008e400000, 0x000000008e800000, 0x000000008e800000|100%| O|  |TAMS 0x000000008e800000, 0x000000008e800000| Untracked 
|  50|0x000000008e800000, 0x000000008ec00000, 0x000000008ec00000|100%| O|  |TAMS 0x000000008ec00000, 0x000000008ec00000| Untracked 
|  51|0x000000008ec00000, 0x000000008f000000, 0x000000008f000000|100%| O|  |TAMS 0x000000008f000000, 0x000000008f000000| Untracked 
|  52|0x000000008f000000, 0x000000008f400000, 0x000000008f400000|100%| O|  |TAMS 0x000000008f400000, 0x000000008f400000| Untracked 
|  53|0x000000008f400000, 0x000000008f800000, 0x000000008f800000|100%| O|  |TAMS 0x000000008f800000, 0x000000008f800000| Untracked 
|  54|0x000000008f800000, 0x000000008fc00000, 0x000000008fc00000|100%| O|  |TAMS 0x000000008fc00000, 0x000000008fc00000| Untracked 
|  55|0x000000008fc00000, 0x0000000090000000, 0x0000000090000000|100%| O|  |TAMS 0x0000000090000000, 0x0000000090000000| Untracked 
|  56|0x0000000090000000, 0x0000000090400000, 0x0000000090400000|100%| O|  |TAMS 0x0000000090400000, 0x0000000090400000| Untracked 
|  57|0x0000000090400000, 0x0000000090800000, 0x0000000090800000|100%| O|  |TAMS 0x0000000090800000, 0x0000000090800000| Untracked 
|  58|0x0000000090800000, 0x0000000090c00000, 0x0000000090c00000|100%| O|  |TAMS 0x0000000090c00000, 0x0000000090c00000| Untracked 
|  59|0x0000000090c00000, 0x0000000091000000, 0x0000000091000000|100%| O|  |TAMS 0x0000000091000000, 0x0000000091000000| Untracked 
|  60|0x0000000091000000, 0x0000000091400000, 0x0000000091400000|100%| O|  |TAMS 0x0000000091400000, 0x0000000091400000| Untracked 
|  61|0x0000000091400000, 0x0000000091800000, 0x0000000091800000|100%| O|  |TAMS 0x0000000091800000, 0x0000000091800000| Untracked 
|  62|0x0000000091800000, 0x0000000091c00000, 0x0000000091c00000|100%| O|  |TAMS 0x0000000091c00000, 0x0000000091c00000| Untracked 
|  63|0x0000000091c00000, 0x0000000092000000, 0x0000000092000000|100%| O|  |TAMS 0x0000000092000000, 0x0000000092000000| Untracked 
|  64|0x0000000092000000, 0x0000000092400000, 0x0000000092400000|100%| O|  |TAMS 0x0000000092400000, 0x0000000092400000| Untracked 
|  65|0x0000000092400000, 0x0000000092800000, 0x0000000092800000|100%| O|  |TAMS 0x0000000092800000, 0x0000000092800000| Untracked 
|  66|0x0000000092800000, 0x0000000092c00000, 0x0000000092c00000|100%| O|  |TAMS 0x0000000092c00000, 0x0000000092c00000| Untracked 
|  67|0x0000000092c00000, 0x0000000093000000, 0x0000000093000000|100%| O|  |TAMS 0x0000000093000000, 0x0000000093000000| Untracked 
|  68|0x0000000093000000, 0x0000000093400000, 0x0000000093400000|100%| O|  |TAMS 0x0000000093400000, 0x0000000093400000| Untracked 
|  69|0x0000000093400000, 0x0000000093800000, 0x0000000093800000|100%| O|  |TAMS 0x0000000093800000, 0x0000000093800000| Untracked 
|  70|0x0000000093800000, 0x0000000093c00000, 0x0000000093c00000|100%| O|  |TAMS 0x0000000093c00000, 0x0000000093c00000| Untracked 
|  71|0x0000000093c00000, 0x0000000094000000, 0x0000000094000000|100%| O|  |TAMS 0x0000000094000000, 0x0000000094000000| Untracked 
|  72|0x0000000094000000, 0x0000000094400000, 0x0000000094400000|100%| O|  |TAMS 0x0000000094400000, 0x0000000094400000| Untracked 
|  73|0x0000000094400000, 0x0000000094800000, 0x0000000094800000|100%| O|  |TAMS 0x0000000094800000, 0x0000000094800000| Untracked 
|  74|0x0000000094800000, 0x0000000094c00000, 0x0000000094c00000|100%| O|  |TAMS 0x0000000094c00000, 0x0000000094c00000| Untracked 
|  75|0x0000000094c00000, 0x0000000095000000, 0x0000000095000000|100%| O|  |TAMS 0x0000000095000000, 0x0000000095000000| Untracked 
|  76|0x0000000095000000, 0x0000000095400000, 0x0000000095400000|100%| O|  |TAMS 0x0000000095400000, 0x0000000095400000| Untracked 
|  77|0x0000000095400000, 0x0000000095800000, 0x0000000095800000|100%| O|  |TAMS 0x0000000095800000, 0x0000000095800000| Untracked 
|  78|0x0000000095800000, 0x0000000095c00000, 0x0000000095c00000|100%| O|  |TAMS 0x0000000095c00000, 0x0000000095c00000| Untracked 
|  79|0x0000000095c00000, 0x0000000096000000, 0x0000000096000000|100%| O|  |TAMS 0x0000000096000000, 0x0000000096000000| Untracked 
|  80|0x0000000096000000, 0x0000000096400000, 0x0000000096400000|100%| O|  |TAMS 0x0000000096400000, 0x0000000096400000| Untracked 
|  81|0x0000000096400000, 0x0000000096800000, 0x0000000096800000|100%| O|  |TAMS 0x0000000096800000, 0x0000000096800000| Untracked 
|  82|0x0000000096800000, 0x0000000096c00000, 0x0000000096c00000|100%| O|  |TAMS 0x0000000096c00000, 0x0000000096c00000| Untracked 
|  83|0x0000000096c00000, 0x0000000097000000, 0x0000000097000000|100%| O|  |TAMS 0x0000000097000000, 0x0000000097000000| Untracked 
|  84|0x0000000097000000, 0x0000000097400000, 0x0000000097400000|100%| O|  |TAMS 0x0000000097400000, 0x0000000097400000| Untracked 
|  85|0x0000000097400000, 0x0000000097800000, 0x0000000097800000|100%| O|  |TAMS 0x0000000097800000, 0x0000000097800000| Untracked 
|  86|0x0000000097800000, 0x0000000097c00000, 0x0000000097c00000|100%| O|  |TAMS 0x0000000097c00000, 0x0000000097c00000| Untracked 
|  87|0x0000000097c00000, 0x0000000098000000, 0x0000000098000000|100%| O|  |TAMS 0x0000000098000000, 0x0000000098000000| Untracked 
|  88|0x0000000098000000, 0x0000000098400000, 0x0000000098400000|100%| O|  |TAMS 0x0000000098400000, 0x0000000098400000| Untracked 
|  89|0x0000000098400000, 0x0000000098800000, 0x0000000098800000|100%| O|  |TAMS 0x0000000098800000, 0x0000000098800000| Untracked 
|  90|0x0000000098800000, 0x0000000098c00000, 0x0000000098c00000|100%| O|  |TAMS 0x0000000098c00000, 0x0000000098c00000| Untracked 
|  91|0x0000000098c00000, 0x0000000099000000, 0x0000000099000000|100%| O|  |TAMS 0x0000000099000000, 0x0000000099000000| Untracked 
|  92|0x0000000099000000, 0x0000000099400000, 0x0000000099400000|100%| O|  |TAMS 0x0000000099400000, 0x0000000099400000| Untracked 
|  93|0x0000000099400000, 0x0000000099800000, 0x0000000099800000|100%| O|  |TAMS 0x0000000099800000, 0x0000000099800000| Untracked 
|  94|0x0000000099800000, 0x0000000099c00000, 0x0000000099c00000|100%| O|  |TAMS 0x0000000099c00000, 0x0000000099c00000| Untracked 
|  95|0x0000000099c00000, 0x000000009a000000, 0x000000009a000000|100%| O|  |TAMS 0x000000009a000000, 0x000000009a000000| Untracked 
|  96|0x000000009a000000, 0x000000009a400000, 0x000000009a400000|100%| O|  |TAMS 0x000000009a400000, 0x000000009a400000| Untracked 
|  97|0x000000009a400000, 0x000000009a800000, 0x000000009a800000|100%| O|  |TAMS 0x000000009a800000, 0x000000009a800000| Untracked 
|  98|0x000000009a800000, 0x000000009ac00000, 0x000000009ac00000|100%| O|  |TAMS 0x000000009ac00000, 0x000000009ac00000| Untracked 
|  99|0x000000009ac00000, 0x000000009b000000, 0x000000009b000000|100%| O|  |TAMS 0x000000009b000000, 0x000000009b000000| Untracked 
| 100|0x000000009b000000, 0x000000009b400000, 0x000000009b400000|100%| O|  |TAMS 0x000000009b400000, 0x000000009b400000| Untracked 
| 101|0x000000009b400000, 0x000000009b800000, 0x000000009b800000|100%| O|  |TAMS 0x000000009b800000, 0x000000009b800000| Untracked 
| 102|0x000000009b800000, 0x000000009bc00000, 0x000000009bc00000|100%| O|  |TAMS 0x000000009bc00000, 0x000000009bc00000| Untracked 
| 103|0x000000009bc00000, 0x000000009c000000, 0x000000009c000000|100%| O|  |TAMS 0x000000009c000000, 0x000000009c000000| Untracked 
| 104|0x000000009c000000, 0x000000009c400000, 0x000000009c400000|100%| O|  |TAMS 0x000000009c400000, 0x000000009c400000| Untracked 
| 105|0x000000009c400000, 0x000000009c800000, 0x000000009c800000|100%| O|  |TAMS 0x000000009c800000, 0x000000009c800000| Untracked 
| 106|0x000000009c800000, 0x000000009cc00000, 0x000000009cc00000|100%| O|  |TAMS 0x000000009cc00000, 0x000000009cc00000| Untracked 
| 107|0x000000009cc00000, 0x000000009d000000, 0x000000009d000000|100%| O|  |TAMS 0x000000009d000000, 0x000000009d000000| Untracked 
| 108|0x000000009d000000, 0x000000009d400000, 0x000000009d400000|100%| O|  |TAMS 0x000000009d400000, 0x000000009d400000| Untracked 
| 109|0x000000009d400000, 0x000000009d800000, 0x000000009d800000|100%| O|  |TAMS 0x000000009d800000, 0x000000009d800000| Untracked 
| 110|0x000000009d800000, 0x000000009dc00000, 0x000000009dc00000|100%| O|  |TAMS 0x000000009dc00000, 0x000000009dc00000| Untracked 
| 111|0x000000009dc00000, 0x000000009e000000, 0x000000009e000000|100%| O|  |TAMS 0x000000009e000000, 0x000000009e000000| Untracked 
| 112|0x000000009e000000, 0x000000009e400000, 0x000000009e400000|100%| O|  |TAMS 0x000000009e400000, 0x000000009e400000| Untracked 
| 113|0x000000009e400000, 0x000000009e800000, 0x000000009e800000|100%| O|  |TAMS 0x000000009e800000, 0x000000009e800000| Untracked 
| 114|0x000000009e800000, 0x000000009ec00000, 0x000000009ec00000|100%| O|  |TAMS 0x000000009ec00000, 0x000000009ec00000| Untracked 
| 115|0x000000009ec00000, 0x000000009f000000, 0x000000009f000000|100%| O|  |TAMS 0x000000009f000000, 0x000000009f000000| Untracked 
| 116|0x000000009f000000, 0x000000009f400000, 0x000000009f400000|100%| O|  |TAMS 0x000000009f400000, 0x000000009f400000| Untracked 
| 117|0x000000009f400000, 0x000000009f800000, 0x000000009f800000|100%| O|  |TAMS 0x000000009f800000, 0x000000009f800000| Untracked 
| 118|0x000000009f800000, 0x000000009fc00000, 0x000000009fc00000|100%| O|  |TAMS 0x000000009fc00000, 0x000000009fc00000| Untracked 
| 119|0x000000009fc00000, 0x00000000a0000000, 0x00000000a0000000|100%| O|  |TAMS 0x00000000a0000000, 0x00000000a0000000| Untracked 
| 120|0x00000000a0000000, 0x00000000a0400000, 0x00000000a0400000|100%| O|  |TAMS 0x00000000a0400000, 0x00000000a0400000| Untracked 
| 121|0x00000000a0400000, 0x00000000a0800000, 0x00000000a0800000|100%| O|  |TAMS 0x00000000a0800000, 0x00000000a0800000| Untracked 
| 122|0x00000000a0800000, 0x00000000a0c00000, 0x00000000a0c00000|100%| O|  |TAMS 0x00000000a0c00000, 0x00000000a0c00000| Untracked 
| 123|0x00000000a0c00000, 0x00000000a1000000, 0x00000000a1000000|100%| O|  |TAMS 0x00000000a1000000, 0x00000000a1000000| Untracked 
| 124|0x00000000a1000000, 0x00000000a1400000, 0x00000000a1400000|100%| O|  |TAMS 0x00000000a1400000, 0x00000000a1400000| Untracked 
| 125|0x00000000a1400000, 0x00000000a1800000, 0x00000000a1800000|100%| O|  |TAMS 0x00000000a1800000, 0x00000000a1800000| Untracked 
| 126|0x00000000a1800000, 0x00000000a1c00000, 0x00000000a1c00000|100%| O|  |TAMS 0x00000000a1c00000, 0x00000000a1c00000| Untracked 
| 127|0x00000000a1c00000, 0x00000000a2000000, 0x00000000a2000000|100%| O|  |TAMS 0x00000000a2000000, 0x00000000a2000000| Untracked 
| 128|0x00000000a2000000, 0x00000000a2400000, 0x00000000a2400000|100%| O|  |TAMS 0x00000000a2400000, 0x00000000a2400000| Untracked 
| 129|0x00000000a2400000, 0x00000000a2800000, 0x00000000a2800000|100%| O|  |TAMS 0x00000000a2800000, 0x00000000a2800000| Untracked 
| 130|0x00000000a2800000, 0x00000000a2c00000, 0x00000000a2c00000|100%| O|  |TAMS 0x00000000a2c00000, 0x00000000a2c00000| Untracked 
| 131|0x00000000a2c00000, 0x00000000a3000000, 0x00000000a3000000|100%| O|  |TAMS 0x00000000a3000000, 0x00000000a3000000| Untracked 
| 132|0x00000000a3000000, 0x00000000a3400000, 0x00000000a3400000|100%| O|  |TAMS 0x00000000a3400000, 0x00000000a3400000| Untracked 
| 133|0x00000000a3400000, 0x00000000a3800000, 0x00000000a3800000|100%| O|  |TAMS 0x00000000a3800000, 0x00000000a3800000| Untracked 
| 134|0x00000000a3800000, 0x00000000a3c00000, 0x00000000a3c00000|100%| O|  |TAMS 0x00000000a3c00000, 0x00000000a3c00000| Untracked 
| 135|0x00000000a3c00000, 0x00000000a4000000, 0x00000000a4000000|100%| O|  |TAMS 0x00000000a4000000, 0x00000000a4000000| Untracked 
| 136|0x00000000a4000000, 0x00000000a4400000, 0x00000000a4400000|100%| O|  |TAMS 0x00000000a4400000, 0x00000000a4400000| Untracked 
| 137|0x00000000a4400000, 0x00000000a4800000, 0x00000000a4800000|100%| O|  |TAMS 0x00000000a4800000, 0x00000000a4800000| Untracked 
| 138|0x00000000a4800000, 0x00000000a4c00000, 0x00000000a4c00000|100%| O|  |TAMS 0x00000000a4c00000, 0x00000000a4c00000| Untracked 
| 139|0x00000000a4c00000, 0x00000000a5000000, 0x00000000a5000000|100%| O|  |TAMS 0x00000000a5000000, 0x00000000a5000000| Untracked 
| 140|0x00000000a5000000, 0x00000000a5400000, 0x00000000a5400000|100%| O|  |TAMS 0x00000000a5400000, 0x00000000a5400000| Untracked 
| 141|0x00000000a5400000, 0x00000000a5800000, 0x00000000a5800000|100%| O|  |TAMS 0x00000000a5800000, 0x00000000a5800000| Untracked 
| 142|0x00000000a5800000, 0x00000000a5c00000, 0x00000000a5c00000|100%| O|  |TAMS 0x00000000a5c00000, 0x00000000a5c00000| Untracked 
| 143|0x00000000a5c00000, 0x00000000a6000000, 0x00000000a6000000|100%| O|  |TAMS 0x00000000a6000000, 0x00000000a6000000| Untracked 
| 144|0x00000000a6000000, 0x00000000a6400000, 0x00000000a6400000|100%| O|  |TAMS 0x00000000a6400000, 0x00000000a6400000| Untracked 
| 145|0x00000000a6400000, 0x00000000a6800000, 0x00000000a6800000|100%| O|  |TAMS 0x00000000a6800000, 0x00000000a6800000| Untracked 
| 146|0x00000000a6800000, 0x00000000a6c00000, 0x00000000a6c00000|100%| O|  |TAMS 0x00000000a6c00000, 0x00000000a6c00000| Untracked 
| 147|0x00000000a6c00000, 0x00000000a7000000, 0x00000000a7000000|100%| O|  |TAMS 0x00000000a7000000, 0x00000000a7000000| Untracked 
| 148|0x00000000a7000000, 0x00000000a7400000, 0x00000000a7400000|100%| O|  |TAMS 0x00000000a7400000, 0x00000000a7400000| Untracked 
| 149|0x00000000a7400000, 0x00000000a7800000, 0x00000000a7800000|100%| O|  |TAMS 0x00000000a7800000, 0x00000000a7800000| Untracked 
| 150|0x00000000a7800000, 0x00000000a7c00000, 0x00000000a7c00000|100%| O|  |TAMS 0x00000000a7c00000, 0x00000000a7c00000| Untracked 
| 151|0x00000000a7c00000, 0x00000000a8000000, 0x00000000a8000000|100%| O|  |TAMS 0x00000000a8000000, 0x00000000a8000000| Untracked 
| 152|0x00000000a8000000, 0x00000000a8400000, 0x00000000a8400000|100%| O|  |TAMS 0x00000000a8400000, 0x00000000a8400000| Untracked 
| 153|0x00000000a8400000, 0x00000000a8800000, 0x00000000a8800000|100%| O|  |TAMS 0x00000000a8800000, 0x00000000a8800000| Untracked 
| 154|0x00000000a8800000, 0x00000000a8c00000, 0x00000000a8c00000|100%| O|  |TAMS 0x00000000a8c00000, 0x00000000a8c00000| Untracked 
| 155|0x00000000a8c00000, 0x00000000a9000000, 0x00000000a9000000|100%| O|  |TAMS 0x00000000a9000000, 0x00000000a9000000| Untracked 
| 156|0x00000000a9000000, 0x00000000a9400000, 0x00000000a9400000|100%| O|  |TAMS 0x00000000a9400000, 0x00000000a9400000| Untracked 
| 157|0x00000000a9400000, 0x00000000a9800000, 0x00000000a9800000|100%| O|  |TAMS 0x00000000a9800000, 0x00000000a9800000| Untracked 
| 158|0x00000000a9800000, 0x00000000a9c00000, 0x00000000a9c00000|100%| O|  |TAMS 0x00000000a9c00000, 0x00000000a9c00000| Untracked 
| 159|0x00000000a9c00000, 0x00000000aa000000, 0x00000000aa000000|100%| O|  |TAMS 0x00000000aa000000, 0x00000000aa000000| Untracked 
| 160|0x00000000aa000000, 0x00000000aa400000, 0x00000000aa400000|100%| O|  |TAMS 0x00000000aa400000, 0x00000000aa400000| Untracked 
| 161|0x00000000aa400000, 0x00000000aa800000, 0x00000000aa800000|100%| O|  |TAMS 0x00000000aa800000, 0x00000000aa800000| Untracked 
| 162|0x00000000aa800000, 0x00000000aac00000, 0x00000000aac00000|100%| O|  |TAMS 0x00000000aac00000, 0x00000000aac00000| Untracked 
| 163|0x00000000aac00000, 0x00000000ab000000, 0x00000000ab000000|100%| O|  |TAMS 0x00000000ab000000, 0x00000000ab000000| Untracked 
| 164|0x00000000ab000000, 0x00000000ab400000, 0x00000000ab400000|100%| O|  |TAMS 0x00000000ab400000, 0x00000000ab400000| Untracked 
| 165|0x00000000ab400000, 0x00000000ab800000, 0x00000000ab800000|100%| O|  |TAMS 0x00000000ab800000, 0x00000000ab800000| Untracked 
| 166|0x00000000ab800000, 0x00000000abc00000, 0x00000000abc00000|100%| O|  |TAMS 0x00000000abc00000, 0x00000000abc00000| Untracked 
| 167|0x00000000abc00000, 0x00000000ac000000, 0x00000000ac000000|100%| O|  |TAMS 0x00000000ac000000, 0x00000000ac000000| Untracked 
| 168|0x00000000ac000000, 0x00000000ac400000, 0x00000000ac400000|100%| O|  |TAMS 0x00000000ac400000, 0x00000000ac400000| Untracked 
| 169|0x00000000ac400000, 0x00000000ac800000, 0x00000000ac800000|100%| O|  |TAMS 0x00000000ac800000, 0x00000000ac800000| Untracked 
| 170|0x00000000ac800000, 0x00000000acc00000, 0x00000000acc00000|100%| O|  |TAMS 0x00000000acc00000, 0x00000000acc00000| Untracked 
| 171|0x00000000acc00000, 0x00000000ad000000, 0x00000000ad000000|100%| O|  |TAMS 0x00000000ad000000, 0x00000000ad000000| Untracked 
| 172|0x00000000ad000000, 0x00000000ad400000, 0x00000000ad400000|100%| O|  |TAMS 0x00000000ad400000, 0x00000000ad400000| Untracked 
| 173|0x00000000ad400000, 0x00000000ad800000, 0x00000000ad800000|100%| O|  |TAMS 0x00000000ad800000, 0x00000000ad800000| Untracked 
| 174|0x00000000ad800000, 0x00000000adc00000, 0x00000000adc00000|100%| O|  |TAMS 0x00000000adc00000, 0x00000000adc00000| Untracked 
| 175|0x00000000adc00000, 0x00000000ae000000, 0x00000000ae000000|100%| O|  |TAMS 0x00000000ae000000, 0x00000000ae000000| Untracked 
| 176|0x00000000ae000000, 0x00000000ae400000, 0x00000000ae400000|100%| O|  |TAMS 0x00000000ae400000, 0x00000000ae400000| Untracked 
| 177|0x00000000ae400000, 0x00000000ae800000, 0x00000000ae800000|100%| O|  |TAMS 0x00000000ae800000, 0x00000000ae800000| Untracked 
| 178|0x00000000ae800000, 0x00000000aec00000, 0x00000000aec00000|100%| O|  |TAMS 0x00000000aec00000, 0x00000000aec00000| Untracked 
| 179|0x00000000aec00000, 0x00000000af000000, 0x00000000af000000|100%| O|  |TAMS 0x00000000af000000, 0x00000000af000000| Untracked 
| 180|0x00000000af000000, 0x00000000af400000, 0x00000000af400000|100%| O|  |TAMS 0x00000000af400000, 0x00000000af400000| Untracked 
| 181|0x00000000af400000, 0x00000000af800000, 0x00000000af800000|100%| O|  |TAMS 0x00000000af800000, 0x00000000af800000| Untracked 
| 182|0x00000000af800000, 0x00000000afc00000, 0x00000000afc00000|100%| O|  |TAMS 0x00000000afc00000, 0x00000000afc00000| Untracked 
| 183|0x00000000afc00000, 0x00000000b0000000, 0x00000000b0000000|100%| O|  |TAMS 0x00000000b0000000, 0x00000000b0000000| Untracked 
| 184|0x00000000b0000000, 0x00000000b0400000, 0x00000000b0400000|100%| O|  |TAMS 0x00000000b0400000, 0x00000000b0400000| Untracked 
| 185|0x00000000b0400000, 0x00000000b0800000, 0x00000000b0800000|100%| O|  |TAMS 0x00000000b0800000, 0x00000000b0800000| Untracked 
| 186|0x00000000b0800000, 0x00000000b0c00000, 0x00000000b0c00000|100%| O|  |TAMS 0x00000000b0c00000, 0x00000000b0c00000| Untracked 
| 187|0x00000000b0c00000, 0x00000000b1000000, 0x00000000b1000000|100%| O|  |TAMS 0x00000000b1000000, 0x00000000b1000000| Untracked 
| 188|0x00000000b1000000, 0x00000000b1400000, 0x00000000b1400000|100%| O|  |TAMS 0x00000000b1400000, 0x00000000b1400000| Untracked 
| 189|0x00000000b1400000, 0x00000000b1800000, 0x00000000b1800000|100%| O|  |TAMS 0x00000000b1800000, 0x00000000b1800000| Untracked 
| 190|0x00000000b1800000, 0x00000000b1c00000, 0x00000000b1c00000|100%| O|  |TAMS 0x00000000b1c00000, 0x00000000b1c00000| Untracked 
| 191|0x00000000b1c00000, 0x00000000b2000000, 0x00000000b2000000|100%| O|  |TAMS 0x00000000b2000000, 0x00000000b2000000| Untracked 
| 192|0x00000000b2000000, 0x00000000b2400000, 0x00000000b2400000|100%| O|  |TAMS 0x00000000b2400000, 0x00000000b2400000| Untracked 
| 193|0x00000000b2400000, 0x00000000b2800000, 0x00000000b2800000|100%| O|  |TAMS 0x00000000b2800000, 0x00000000b2800000| Untracked 
| 194|0x00000000b2800000, 0x00000000b2c00000, 0x00000000b2c00000|100%| O|  |TAMS 0x00000000b2c00000, 0x00000000b2c00000| Untracked 
| 195|0x00000000b2c00000, 0x00000000b3000000, 0x00000000b3000000|100%| O|  |TAMS 0x00000000b3000000, 0x00000000b3000000| Untracked 
| 196|0x00000000b3000000, 0x00000000b3400000, 0x00000000b3400000|100%| O|  |TAMS 0x00000000b3400000, 0x00000000b3400000| Untracked 
| 197|0x00000000b3400000, 0x00000000b3800000, 0x00000000b3800000|100%| O|  |TAMS 0x00000000b3800000, 0x00000000b3800000| Untracked 
| 198|0x00000000b3800000, 0x00000000b3c00000, 0x00000000b3c00000|100%| O|  |TAMS 0x00000000b3c00000, 0x00000000b3c00000| Untracked 
| 199|0x00000000b3c00000, 0x00000000b4000000, 0x00000000b4000000|100%| O|  |TAMS 0x00000000b4000000, 0x00000000b4000000| Untracked 
| 200|0x00000000b4000000, 0x00000000b4400000, 0x00000000b4400000|100%| O|  |TAMS 0x00000000b4400000, 0x00000000b4400000| Untracked 
| 201|0x00000000b4400000, 0x00000000b4800000, 0x00000000b4800000|100%| O|  |TAMS 0x00000000b4800000, 0x00000000b4800000| Untracked 
| 202|0x00000000b4800000, 0x00000000b4c00000, 0x00000000b4c00000|100%| O|  |TAMS 0x00000000b4c00000, 0x00000000b4c00000| Untracked 
| 203|0x00000000b4c00000, 0x00000000b5000000, 0x00000000b5000000|100%| O|  |TAMS 0x00000000b5000000, 0x00000000b5000000| Untracked 
| 204|0x00000000b5000000, 0x00000000b5400000, 0x00000000b5400000|100%| O|  |TAMS 0x00000000b5400000, 0x00000000b5400000| Untracked 
| 205|0x00000000b5400000, 0x00000000b5800000, 0x00000000b5800000|100%| O|  |TAMS 0x00000000b5800000, 0x00000000b5800000| Untracked 
| 206|0x00000000b5800000, 0x00000000b5c00000, 0x00000000b5c00000|100%| O|  |TAMS 0x00000000b5c00000, 0x00000000b5c00000| Untracked 
| 207|0x00000000b5c00000, 0x00000000b6000000, 0x00000000b6000000|100%| O|  |TAMS 0x00000000b6000000, 0x00000000b6000000| Untracked 
| 208|0x00000000b6000000, 0x00000000b6400000, 0x00000000b6400000|100%| O|  |TAMS 0x00000000b6400000, 0x00000000b6400000| Untracked 
| 209|0x00000000b6400000, 0x00000000b6800000, 0x00000000b6800000|100%| O|  |TAMS 0x00000000b6800000, 0x00000000b6800000| Untracked 
| 210|0x00000000b6800000, 0x00000000b6c00000, 0x00000000b6c00000|100%| O|  |TAMS 0x00000000b6c00000, 0x00000000b6c00000| Untracked 
| 211|0x00000000b6c00000, 0x00000000b7000000, 0x00000000b7000000|100%| O|  |TAMS 0x00000000b7000000, 0x00000000b7000000| Untracked 
| 212|0x00000000b7000000, 0x00000000b7400000, 0x00000000b7400000|100%| O|  |TAMS 0x00000000b7400000, 0x00000000b7400000| Untracked 
| 213|0x00000000b7400000, 0x00000000b7800000, 0x00000000b7800000|100%| O|  |TAMS 0x00000000b7800000, 0x00000000b7800000| Untracked 
| 214|0x00000000b7800000, 0x00000000b7c00000, 0x00000000b7c00000|100%| O|  |TAMS 0x00000000b7c00000, 0x00000000b7c00000| Untracked 
| 215|0x00000000b7c00000, 0x00000000b8000000, 0x00000000b8000000|100%| O|  |TAMS 0x00000000b8000000, 0x00000000b8000000| Untracked 
| 216|0x00000000b8000000, 0x00000000b8400000, 0x00000000b8400000|100%| O|  |TAMS 0x00000000b8400000, 0x00000000b8400000| Untracked 
| 217|0x00000000b8400000, 0x00000000b8800000, 0x00000000b8800000|100%| O|  |TAMS 0x00000000b8800000, 0x00000000b8800000| Untracked 
| 218|0x00000000b8800000, 0x00000000b8c00000, 0x00000000b8c00000|100%| O|  |TAMS 0x00000000b8c00000, 0x00000000b8c00000| Untracked 
| 219|0x00000000b8c00000, 0x00000000b9000000, 0x00000000b9000000|100%| O|  |TAMS 0x00000000b9000000, 0x00000000b9000000| Untracked 
| 220|0x00000000b9000000, 0x00000000b9400000, 0x00000000b9400000|100%| O|  |TAMS 0x00000000b9400000, 0x00000000b9400000| Untracked 
| 221|0x00000000b9400000, 0x00000000b9800000, 0x00000000b9800000|100%| O|  |TAMS 0x00000000b9800000, 0x00000000b9800000| Untracked 
| 222|0x00000000b9800000, 0x00000000b9c00000, 0x00000000b9c00000|100%| O|  |TAMS 0x00000000b9c00000, 0x00000000b9c00000| Untracked 
| 223|0x00000000b9c00000, 0x00000000ba000000, 0x00000000ba000000|100%| O|  |TAMS 0x00000000ba000000, 0x00000000ba000000| Untracked 
| 224|0x00000000ba000000, 0x00000000ba400000, 0x00000000ba400000|100%| O|  |TAMS 0x00000000ba400000, 0x00000000ba400000| Untracked 
| 225|0x00000000ba400000, 0x00000000ba800000, 0x00000000ba800000|100%| O|  |TAMS 0x00000000ba800000, 0x00000000ba800000| Untracked 
| 226|0x00000000ba800000, 0x00000000bac00000, 0x00000000bac00000|100%| O|  |TAMS 0x00000000bac00000, 0x00000000bac00000| Untracked 
| 227|0x00000000bac00000, 0x00000000bb000000, 0x00000000bb000000|100%| O|  |TAMS 0x00000000bb000000, 0x00000000bb000000| Untracked 
| 228|0x00000000bb000000, 0x00000000bb400000, 0x00000000bb400000|100%| O|  |TAMS 0x00000000bb400000, 0x00000000bb400000| Untracked 
| 229|0x00000000bb400000, 0x00000000bb800000, 0x00000000bb800000|100%| O|  |TAMS 0x00000000bb800000, 0x00000000bb800000| Untracked 
| 230|0x00000000bb800000, 0x00000000bbc00000, 0x00000000bbc00000|100%| O|  |TAMS 0x00000000bbc00000, 0x00000000bbc00000| Untracked 
| 231|0x00000000bbc00000, 0x00000000bc000000, 0x00000000bc000000|100%| O|  |TAMS 0x00000000bc000000, 0x00000000bc000000| Untracked 
| 232|0x00000000bc000000, 0x00000000bc400000, 0x00000000bc400000|100%| O|  |TAMS 0x00000000bc400000, 0x00000000bc400000| Untracked 
| 233|0x00000000bc400000, 0x00000000bc800000, 0x00000000bc800000|100%| O|  |TAMS 0x00000000bc800000, 0x00000000bc800000| Untracked 
| 234|0x00000000bc800000, 0x00000000bcc00000, 0x00000000bcc00000|100%| O|  |TAMS 0x00000000bcc00000, 0x00000000bcc00000| Untracked 
| 235|0x00000000bcc00000, 0x00000000bd000000, 0x00000000bd000000|100%| O|  |TAMS 0x00000000bd000000, 0x00000000bd000000| Untracked 
| 236|0x00000000bd000000, 0x00000000bd400000, 0x00000000bd400000|100%| O|  |TAMS 0x00000000bd400000, 0x00000000bd400000| Untracked 
| 237|0x00000000bd400000, 0x00000000bd800000, 0x00000000bd800000|100%| O|  |TAMS 0x00000000bd800000, 0x00000000bd800000| Untracked 
| 238|0x00000000bd800000, 0x00000000bdc00000, 0x00000000bdc00000|100%| O|  |TAMS 0x00000000bdc00000, 0x00000000bdc00000| Untracked 
| 239|0x00000000bdc00000, 0x00000000be000000, 0x00000000be000000|100%| O|  |TAMS 0x00000000be000000, 0x00000000be000000| Untracked 
| 240|0x00000000be000000, 0x00000000be400000, 0x00000000be400000|100%| O|  |TAMS 0x00000000be400000, 0x00000000be400000| Untracked 
| 241|0x00000000be400000, 0x00000000be800000, 0x00000000be800000|100%| O|  |TAMS 0x00000000be800000, 0x00000000be800000| Untracked 
| 242|0x00000000be800000, 0x00000000bec00000, 0x00000000bec00000|100%| O|  |TAMS 0x00000000bec00000, 0x00000000bec00000| Untracked 
| 243|0x00000000bec00000, 0x00000000bf000000, 0x00000000bf000000|100%| O|  |TAMS 0x00000000bf000000, 0x00000000bf000000| Untracked 
| 244|0x00000000bf000000, 0x00000000bf400000, 0x00000000bf400000|100%| O|  |TAMS 0x00000000bf400000, 0x00000000bf400000| Untracked 
| 245|0x00000000bf400000, 0x00000000bf800000, 0x00000000bf800000|100%| O|  |TAMS 0x00000000bf800000, 0x00000000bf800000| Untracked 
| 246|0x00000000bf800000, 0x00000000bfc00000, 0x00000000bfc00000|100%| O|  |TAMS 0x00000000bfc00000, 0x00000000bfc00000| Untracked 
| 247|0x00000000bfc00000, 0x00000000c0000000, 0x00000000c0000000|100%| O|  |TAMS 0x00000000c0000000, 0x00000000c0000000| Untracked 
| 248|0x00000000c0000000, 0x00000000c0400000, 0x00000000c0400000|100%| O|  |TAMS 0x00000000c0400000, 0x00000000c0400000| Untracked 
| 249|0x00000000c0400000, 0x00000000c0800000, 0x00000000c0800000|100%| O|  |TAMS 0x00000000c0800000, 0x00000000c0800000| Untracked 
| 250|0x00000000c0800000, 0x00000000c0c00000, 0x00000000c0c00000|100%| O|  |TAMS 0x00000000c0c00000, 0x00000000c0c00000| Untracked 
| 251|0x00000000c0c00000, 0x00000000c1000000, 0x00000000c1000000|100%| O|  |TAMS 0x00000000c1000000, 0x00000000c1000000| Untracked 
| 252|0x00000000c1000000, 0x00000000c1400000, 0x00000000c1400000|100%| O|  |TAMS 0x00000000c1400000, 0x00000000c1400000| Untracked 
| 253|0x00000000c1400000, 0x00000000c1800000, 0x00000000c1800000|100%| O|  |TAMS 0x00000000c1800000, 0x00000000c1800000| Untracked 
| 254|0x00000000c1800000, 0x00000000c1c00000, 0x00000000c1c00000|100%| O|  |TAMS 0x00000000c1c00000, 0x00000000c1c00000| Untracked 
| 255|0x00000000c1c00000, 0x00000000c2000000, 0x00000000c2000000|100%| O|  |TAMS 0x00000000c2000000, 0x00000000c2000000| Untracked 
| 256|0x00000000c2000000, 0x00000000c2400000, 0x00000000c2400000|100%| O|  |TAMS 0x00000000c2400000, 0x00000000c2400000| Untracked 
| 257|0x00000000c2400000, 0x00000000c2800000, 0x00000000c2800000|100%| O|  |TAMS 0x00000000c2800000, 0x00000000c2800000| Untracked 
| 258|0x00000000c2800000, 0x00000000c2c00000, 0x00000000c2c00000|100%| O|  |TAMS 0x00000000c2c00000, 0x00000000c2c00000| Untracked 
| 259|0x00000000c2c00000, 0x00000000c3000000, 0x00000000c3000000|100%| O|  |TAMS 0x00000000c3000000, 0x00000000c3000000| Untracked 
| 260|0x00000000c3000000, 0x00000000c3400000, 0x00000000c3400000|100%| O|  |TAMS 0x00000000c3400000, 0x00000000c3400000| Untracked 
| 261|0x00000000c3400000, 0x00000000c3800000, 0x00000000c3800000|100%| O|  |TAMS 0x00000000c3800000, 0x00000000c3800000| Untracked 
| 262|0x00000000c3800000, 0x00000000c3c00000, 0x00000000c3c00000|100%| O|  |TAMS 0x00000000c3c00000, 0x00000000c3c00000| Untracked 
| 263|0x00000000c3c00000, 0x00000000c4000000, 0x00000000c4000000|100%| O|  |TAMS 0x00000000c4000000, 0x00000000c4000000| Untracked 
| 264|0x00000000c4000000, 0x00000000c4400000, 0x00000000c4400000|100%| O|  |TAMS 0x00000000c4400000, 0x00000000c4400000| Untracked 
| 265|0x00000000c4400000, 0x00000000c4800000, 0x00000000c4800000|100%| O|  |TAMS 0x00000000c4800000, 0x00000000c4800000| Untracked 
| 266|0x00000000c4800000, 0x00000000c4c00000, 0x00000000c4c00000|100%| O|  |TAMS 0x00000000c4c00000, 0x00000000c4c00000| Untracked 
| 267|0x00000000c4c00000, 0x00000000c5000000, 0x00000000c5000000|100%| O|  |TAMS 0x00000000c5000000, 0x00000000c5000000| Untracked 
| 268|0x00000000c5000000, 0x00000000c5400000, 0x00000000c5400000|100%| O|  |TAMS 0x00000000c5400000, 0x00000000c5400000| Untracked 
| 269|0x00000000c5400000, 0x00000000c5800000, 0x00000000c5800000|100%| O|  |TAMS 0x00000000c5800000, 0x00000000c5800000| Untracked 
| 270|0x00000000c5800000, 0x00000000c5c00000, 0x00000000c5c00000|100%| O|  |TAMS 0x00000000c5c00000, 0x00000000c5c00000| Untracked 
| 271|0x00000000c5c00000, 0x00000000c6000000, 0x00000000c6000000|100%| O|  |TAMS 0x00000000c6000000, 0x00000000c6000000| Untracked 
| 272|0x00000000c6000000, 0x00000000c6400000, 0x00000000c6400000|100%| O|  |TAMS 0x00000000c6400000, 0x00000000c6400000| Untracked 
| 273|0x00000000c6400000, 0x00000000c6800000, 0x00000000c6800000|100%| O|  |TAMS 0x00000000c6800000, 0x00000000c6800000| Untracked 
| 274|0x00000000c6800000, 0x00000000c6c00000, 0x00000000c6c00000|100%| O|  |TAMS 0x00000000c6c00000, 0x00000000c6c00000| Untracked 
| 275|0x00000000c6c00000, 0x00000000c7000000, 0x00000000c7000000|100%| O|  |TAMS 0x00000000c7000000, 0x00000000c7000000| Untracked 
| 276|0x00000000c7000000, 0x00000000c7400000, 0x00000000c7400000|100%| O|  |TAMS 0x00000000c7400000, 0x00000000c7400000| Untracked 
| 277|0x00000000c7400000, 0x00000000c7800000, 0x00000000c7800000|100%| O|  |TAMS 0x00000000c7800000, 0x00000000c7800000| Untracked 
| 278|0x00000000c7800000, 0x00000000c7c00000, 0x00000000c7c00000|100%| O|  |TAMS 0x00000000c7c00000, 0x00000000c7c00000| Untracked 
| 279|0x00000000c7c00000, 0x00000000c8000000, 0x00000000c8000000|100%| O|  |TAMS 0x00000000c8000000, 0x00000000c8000000| Untracked 
| 280|0x00000000c8000000, 0x00000000c8400000, 0x00000000c8400000|100%| O|  |TAMS 0x00000000c8400000, 0x00000000c8400000| Untracked 
| 281|0x00000000c8400000, 0x00000000c8800000, 0x00000000c8800000|100%| O|  |TAMS 0x00000000c8800000, 0x00000000c8800000| Untracked 
| 282|0x00000000c8800000, 0x00000000c8c00000, 0x00000000c8c00000|100%| O|  |TAMS 0x00000000c8c00000, 0x00000000c8c00000| Untracked 
| 283|0x00000000c8c00000, 0x00000000c9000000, 0x00000000c9000000|100%| O|  |TAMS 0x00000000c9000000, 0x00000000c9000000| Untracked 
| 284|0x00000000c9000000, 0x00000000c9400000, 0x00000000c9400000|100%| O|  |TAMS 0x00000000c9400000, 0x00000000c9400000| Untracked 
| 285|0x00000000c9400000, 0x00000000c9800000, 0x00000000c9800000|100%| O|  |TAMS 0x00000000c9800000, 0x00000000c9800000| Untracked 
| 286|0x00000000c9800000, 0x00000000c9c00000, 0x00000000c9c00000|100%| O|  |TAMS 0x00000000c9c00000, 0x00000000c9c00000| Untracked 
| 287|0x00000000c9c00000, 0x00000000ca000000, 0x00000000ca000000|100%| O|  |TAMS 0x00000000ca000000, 0x00000000ca000000| Untracked 
| 288|0x00000000ca000000, 0x00000000ca400000, 0x00000000ca400000|100%| O|  |TAMS 0x00000000ca400000, 0x00000000ca400000| Untracked 
| 289|0x00000000ca400000, 0x00000000ca800000, 0x00000000ca800000|100%| O|  |TAMS 0x00000000ca800000, 0x00000000ca800000| Untracked 
| 290|0x00000000ca800000, 0x00000000cac00000, 0x00000000cac00000|100%| O|  |TAMS 0x00000000cac00000, 0x00000000cac00000| Untracked 
| 291|0x00000000cac00000, 0x00000000cb000000, 0x00000000cb000000|100%| O|  |TAMS 0x00000000cb000000, 0x00000000cb000000| Untracked 
| 292|0x00000000cb000000, 0x00000000cb400000, 0x00000000cb400000|100%| O|  |TAMS 0x00000000cb400000, 0x00000000cb400000| Untracked 
| 293|0x00000000cb400000, 0x00000000cb800000, 0x00000000cb800000|100%| O|  |TAMS 0x00000000cb800000, 0x00000000cb800000| Untracked 
| 294|0x00000000cb800000, 0x00000000cbc00000, 0x00000000cbc00000|100%| O|  |TAMS 0x00000000cbc00000, 0x00000000cbc00000| Untracked 
| 295|0x00000000cbc00000, 0x00000000cc000000, 0x00000000cc000000|100%| O|  |TAMS 0x00000000cc000000, 0x00000000cc000000| Untracked 
| 296|0x00000000cc000000, 0x00000000cc400000, 0x00000000cc400000|100%| O|  |TAMS 0x00000000cc400000, 0x00000000cc400000| Untracked 
| 297|0x00000000cc400000, 0x00000000cc800000, 0x00000000cc800000|100%| O|  |TAMS 0x00000000cc800000, 0x00000000cc800000| Untracked 
| 298|0x00000000cc800000, 0x00000000ccc00000, 0x00000000ccc00000|100%| O|  |TAMS 0x00000000ccc00000, 0x00000000ccc00000| Untracked 
| 299|0x00000000ccc00000, 0x00000000cd000000, 0x00000000cd000000|100%| O|  |TAMS 0x00000000cd000000, 0x00000000cd000000| Untracked 
| 300|0x00000000cd000000, 0x00000000cd400000, 0x00000000cd400000|100%| O|  |TAMS 0x00000000cd400000, 0x00000000cd400000| Untracked 
| 301|0x00000000cd400000, 0x00000000cd800000, 0x00000000cd800000|100%| O|  |TAMS 0x00000000cd800000, 0x00000000cd800000| Untracked 
| 302|0x00000000cd800000, 0x00000000cdc00000, 0x00000000cdc00000|100%| O|  |TAMS 0x00000000cdc00000, 0x00000000cdc00000| Untracked 
| 303|0x00000000cdc00000, 0x00000000ce000000, 0x00000000ce000000|100%| O|  |TAMS 0x00000000ce000000, 0x00000000ce000000| Untracked 
| 304|0x00000000ce000000, 0x00000000ce400000, 0x00000000ce400000|100%| O|  |TAMS 0x00000000ce400000, 0x00000000ce400000| Untracked 
| 305|0x00000000ce400000, 0x00000000ce800000, 0x00000000ce800000|100%| O|  |TAMS 0x00000000ce800000, 0x00000000ce800000| Untracked 
| 306|0x00000000ce800000, 0x00000000cec00000, 0x00000000cec00000|100%| O|  |TAMS 0x00000000cec00000, 0x00000000cec00000| Untracked 
| 307|0x00000000cec00000, 0x00000000cf000000, 0x00000000cf000000|100%| O|  |TAMS 0x00000000cf000000, 0x00000000cf000000| Untracked 
| 308|0x00000000cf000000, 0x00000000cf400000, 0x00000000cf400000|100%| O|  |TAMS 0x00000000cf400000, 0x00000000cf400000| Untracked 
| 309|0x00000000cf400000, 0x00000000cf800000, 0x00000000cf800000|100%| O|  |TAMS 0x00000000cf800000, 0x00000000cf800000| Untracked 
| 310|0x00000000cf800000, 0x00000000cfc00000, 0x00000000cfc00000|100%| O|  |TAMS 0x00000000cfc00000, 0x00000000cfc00000| Untracked 
| 311|0x00000000cfc00000, 0x00000000d0000000, 0x00000000d0000000|100%| O|  |TAMS 0x00000000d0000000, 0x00000000d0000000| Untracked 
| 312|0x00000000d0000000, 0x00000000d0400000, 0x00000000d0400000|100%| O|  |TAMS 0x00000000d0400000, 0x00000000d0400000| Untracked 
| 313|0x00000000d0400000, 0x00000000d0800000, 0x00000000d0800000|100%| O|  |TAMS 0x00000000d0800000, 0x00000000d0800000| Untracked 
| 314|0x00000000d0800000, 0x00000000d0c00000, 0x00000000d0c00000|100%| O|  |TAMS 0x00000000d0c00000, 0x00000000d0c00000| Untracked 
| 315|0x00000000d0c00000, 0x00000000d1000000, 0x00000000d1000000|100%| O|  |TAMS 0x00000000d1000000, 0x00000000d1000000| Untracked 
| 316|0x00000000d1000000, 0x00000000d1400000, 0x00000000d1400000|100%| O|  |TAMS 0x00000000d1400000, 0x00000000d1400000| Untracked 
| 317|0x00000000d1400000, 0x00000000d1800000, 0x00000000d1800000|100%| O|  |TAMS 0x00000000d1800000, 0x00000000d1800000| Untracked 
| 318|0x00000000d1800000, 0x00000000d1c00000, 0x00000000d1c00000|100%| O|  |TAMS 0x00000000d1c00000, 0x00000000d1c00000| Untracked 
| 319|0x00000000d1c00000, 0x00000000d2000000, 0x00000000d2000000|100%| O|  |TAMS 0x00000000d2000000, 0x00000000d2000000| Untracked 
| 320|0x00000000d2000000, 0x00000000d2400000, 0x00000000d2400000|100%| O|  |TAMS 0x00000000d2400000, 0x00000000d2400000| Untracked 
| 321|0x00000000d2400000, 0x00000000d2800000, 0x00000000d2800000|100%| O|  |TAMS 0x00000000d2800000, 0x00000000d2800000| Untracked 
| 322|0x00000000d2800000, 0x00000000d2c00000, 0x00000000d2c00000|100%| O|  |TAMS 0x00000000d2c00000, 0x00000000d2c00000| Untracked 
| 323|0x00000000d2c00000, 0x00000000d3000000, 0x00000000d3000000|100%| O|  |TAMS 0x00000000d3000000, 0x00000000d3000000| Untracked 
| 324|0x00000000d3000000, 0x00000000d3400000, 0x00000000d3400000|100%| O|  |TAMS 0x00000000d3400000, 0x00000000d3400000| Untracked 
| 325|0x00000000d3400000, 0x00000000d3800000, 0x00000000d3800000|100%| O|  |TAMS 0x00000000d3800000, 0x00000000d3800000| Untracked 
| 326|0x00000000d3800000, 0x00000000d3c00000, 0x00000000d3c00000|100%| O|  |TAMS 0x00000000d3c00000, 0x00000000d3c00000| Untracked 
| 327|0x00000000d3c00000, 0x00000000d4000000, 0x00000000d4000000|100%| O|  |TAMS 0x00000000d4000000, 0x00000000d4000000| Untracked 
| 328|0x00000000d4000000, 0x00000000d4400000, 0x00000000d4400000|100%| O|  |TAMS 0x00000000d4400000, 0x00000000d4400000| Untracked 
| 329|0x00000000d4400000, 0x00000000d4800000, 0x00000000d4800000|100%| O|  |TAMS 0x00000000d4800000, 0x00000000d4800000| Untracked 
| 330|0x00000000d4800000, 0x00000000d4c00000, 0x00000000d4c00000|100%| O|  |TAMS 0x00000000d4c00000, 0x00000000d4c00000| Untracked 
| 331|0x00000000d4c00000, 0x00000000d5000000, 0x00000000d5000000|100%| O|  |TAMS 0x00000000d5000000, 0x00000000d5000000| Untracked 
| 332|0x00000000d5000000, 0x00000000d5400000, 0x00000000d5400000|100%| O|  |TAMS 0x00000000d5400000, 0x00000000d5400000| Untracked 
| 333|0x00000000d5400000, 0x00000000d5800000, 0x00000000d5800000|100%| O|  |TAMS 0x00000000d5800000, 0x00000000d5800000| Untracked 
| 334|0x00000000d5800000, 0x00000000d5c00000, 0x00000000d5c00000|100%| O|  |TAMS 0x00000000d5c00000, 0x00000000d5c00000| Untracked 
| 335|0x00000000d5c00000, 0x00000000d6000000, 0x00000000d6000000|100%| O|  |TAMS 0x00000000d6000000, 0x00000000d6000000| Untracked 
| 336|0x00000000d6000000, 0x00000000d6400000, 0x00000000d6400000|100%| O|  |TAMS 0x00000000d6400000, 0x00000000d6400000| Untracked 
| 337|0x00000000d6400000, 0x00000000d6800000, 0x00000000d6800000|100%| O|  |TAMS 0x00000000d6800000, 0x00000000d6800000| Untracked 
| 338|0x00000000d6800000, 0x00000000d6c00000, 0x00000000d6c00000|100%| O|  |TAMS 0x00000000d6c00000, 0x00000000d6c00000| Untracked 
| 339|0x00000000d6c00000, 0x00000000d7000000, 0x00000000d7000000|100%| O|  |TAMS 0x00000000d7000000, 0x00000000d7000000| Untracked 
| 340|0x00000000d7000000, 0x00000000d7400000, 0x00000000d7400000|100%| O|  |TAMS 0x00000000d7400000, 0x00000000d7400000| Untracked 
| 341|0x00000000d7400000, 0x00000000d7800000, 0x00000000d7800000|100%| O|  |TAMS 0x00000000d7800000, 0x00000000d7800000| Untracked 
| 342|0x00000000d7800000, 0x00000000d7c00000, 0x00000000d7c00000|100%| O|  |TAMS 0x00000000d7c00000, 0x00000000d7c00000| Untracked 
| 343|0x00000000d7c00000, 0x00000000d8000000, 0x00000000d8000000|100%| O|  |TAMS 0x00000000d8000000, 0x00000000d8000000| Untracked 
| 344|0x00000000d8000000, 0x00000000d8400000, 0x00000000d8400000|100%| O|  |TAMS 0x00000000d8400000, 0x00000000d8400000| Untracked 
| 345|0x00000000d8400000, 0x00000000d8800000, 0x00000000d8800000|100%| O|  |TAMS 0x00000000d8800000, 0x00000000d8800000| Untracked 
| 346|0x00000000d8800000, 0x00000000d8c00000, 0x00000000d8c00000|100%| O|  |TAMS 0x00000000d8c00000, 0x00000000d8c00000| Untracked 
| 347|0x00000000d8c00000, 0x00000000d9000000, 0x00000000d9000000|100%| O|  |TAMS 0x00000000d9000000, 0x00000000d9000000| Untracked 
| 348|0x00000000d9000000, 0x00000000d9400000, 0x00000000d9400000|100%| O|  |TAMS 0x00000000d9400000, 0x00000000d9400000| Untracked 
| 349|0x00000000d9400000, 0x00000000d9800000, 0x00000000d9800000|100%| O|  |TAMS 0x00000000d9800000, 0x00000000d9800000| Untracked 
| 350|0x00000000d9800000, 0x00000000d9c00000, 0x00000000d9c00000|100%| O|  |TAMS 0x00000000d9c00000, 0x00000000d9c00000| Untracked 
| 351|0x00000000d9c00000, 0x00000000da000000, 0x00000000da000000|100%| O|  |TAMS 0x00000000da000000, 0x00000000da000000| Untracked 
| 352|0x00000000da000000, 0x00000000da400000, 0x00000000da400000|100%| O|  |TAMS 0x00000000da400000, 0x00000000da400000| Untracked 
| 353|0x00000000da400000, 0x00000000da800000, 0x00000000da800000|100%| O|  |TAMS 0x00000000da800000, 0x00000000da800000| Untracked 
| 354|0x00000000da800000, 0x00000000dac00000, 0x00000000dac00000|100%| O|  |TAMS 0x00000000dac00000, 0x00000000dac00000| Untracked 
| 355|0x00000000dac00000, 0x00000000db000000, 0x00000000db000000|100%| O|  |TAMS 0x00000000db000000, 0x00000000db000000| Untracked 
| 356|0x00000000db000000, 0x00000000db400000, 0x00000000db400000|100%| O|  |TAMS 0x00000000db400000, 0x00000000db400000| Untracked 
| 357|0x00000000db400000, 0x00000000db800000, 0x00000000db800000|100%| O|  |TAMS 0x00000000db800000, 0x00000000db800000| Untracked 
| 358|0x00000000db800000, 0x00000000dbc00000, 0x00000000dbc00000|100%| O|  |TAMS 0x00000000dbc00000, 0x00000000dbc00000| Untracked 
| 359|0x00000000dbc00000, 0x00000000dc000000, 0x00000000dc000000|100%| O|  |TAMS 0x00000000dc000000, 0x00000000dc000000| Untracked 
| 360|0x00000000dc000000, 0x00000000dc400000, 0x00000000dc400000|100%| O|  |TAMS 0x00000000dc400000, 0x00000000dc400000| Untracked 
| 361|0x00000000dc400000, 0x00000000dc800000, 0x00000000dc800000|100%| O|  |TAMS 0x00000000dc800000, 0x00000000dc800000| Untracked 
| 362|0x00000000dc800000, 0x00000000dcc00000, 0x00000000dcc00000|100%| O|  |TAMS 0x00000000dcc00000, 0x00000000dcc00000| Untracked 
| 363|0x00000000dcc00000, 0x00000000dd000000, 0x00000000dd000000|100%| O|  |TAMS 0x00000000dd000000, 0x00000000dd000000| Untracked 
| 364|0x00000000dd000000, 0x00000000dd400000, 0x00000000dd400000|100%| O|  |TAMS 0x00000000dd400000, 0x00000000dd400000| Untracked 
| 365|0x00000000dd400000, 0x00000000dd800000, 0x00000000dd800000|100%| O|  |TAMS 0x00000000dd800000, 0x00000000dd800000| Untracked 
| 366|0x00000000dd800000, 0x00000000ddc00000, 0x00000000ddc00000|100%| O|  |TAMS 0x00000000ddc00000, 0x00000000ddc00000| Untracked 
| 367|0x00000000ddc00000, 0x00000000de000000, 0x00000000de000000|100%| O|  |TAMS 0x00000000de000000, 0x00000000de000000| Untracked 
| 368|0x00000000de000000, 0x00000000de400000, 0x00000000de400000|100%| O|  |TAMS 0x00000000de400000, 0x00000000de400000| Untracked 
| 369|0x00000000de400000, 0x00000000de800000, 0x00000000de800000|100%| O|  |TAMS 0x00000000de800000, 0x00000000de800000| Untracked 
| 370|0x00000000de800000, 0x00000000dec00000, 0x00000000dec00000|100%| O|  |TAMS 0x00000000dec00000, 0x00000000dec00000| Untracked 
| 371|0x00000000dec00000, 0x00000000df000000, 0x00000000df000000|100%| O|  |TAMS 0x00000000df000000, 0x00000000df000000| Untracked 
| 372|0x00000000df000000, 0x00000000df400000, 0x00000000df400000|100%| O|  |TAMS 0x00000000df400000, 0x00000000df400000| Untracked 
| 373|0x00000000df400000, 0x00000000df800000, 0x00000000df800000|100%| O|  |TAMS 0x00000000df800000, 0x00000000df800000| Untracked 
| 374|0x00000000df800000, 0x00000000dfc00000, 0x00000000dfc00000|100%| O|  |TAMS 0x00000000dfc00000, 0x00000000dfc00000| Untracked 
| 375|0x00000000dfc00000, 0x00000000e0000000, 0x00000000e0000000|100%| O|  |TAMS 0x00000000e0000000, 0x00000000e0000000| Untracked 
| 376|0x00000000e0000000, 0x00000000e0400000, 0x00000000e0400000|100%| O|  |TAMS 0x00000000e0400000, 0x00000000e0400000| Untracked 
| 377|0x00000000e0400000, 0x00000000e0800000, 0x00000000e0800000|100%| O|  |TAMS 0x00000000e0800000, 0x00000000e0800000| Untracked 
| 378|0x00000000e0800000, 0x00000000e0c00000, 0x00000000e0c00000|100%| O|  |TAMS 0x00000000e0c00000, 0x00000000e0c00000| Untracked 
| 379|0x00000000e0c00000, 0x00000000e1000000, 0x00000000e1000000|100%| O|  |TAMS 0x00000000e1000000, 0x00000000e1000000| Untracked 
| 380|0x00000000e1000000, 0x00000000e1400000, 0x00000000e1400000|100%| O|  |TAMS 0x00000000e1400000, 0x00000000e1400000| Untracked 
| 381|0x00000000e1400000, 0x00000000e1800000, 0x00000000e1800000|100%| O|  |TAMS 0x00000000e1800000, 0x00000000e1800000| Untracked 
| 382|0x00000000e1800000, 0x00000000e1c00000, 0x00000000e1c00000|100%| O|  |TAMS 0x00000000e1c00000, 0x00000000e1c00000| Untracked 
| 383|0x00000000e1c00000, 0x00000000e2000000, 0x00000000e2000000|100%| O|  |TAMS 0x00000000e2000000, 0x00000000e2000000| Untracked 
| 384|0x00000000e2000000, 0x00000000e2400000, 0x00000000e2400000|100%| O|  |TAMS 0x00000000e2400000, 0x00000000e2400000| Untracked 
| 385|0x00000000e2400000, 0x00000000e2800000, 0x00000000e2800000|100%| O|  |TAMS 0x00000000e2800000, 0x00000000e2800000| Untracked 
| 386|0x00000000e2800000, 0x00000000e2c00000, 0x00000000e2c00000|100%| O|  |TAMS 0x00000000e2c00000, 0x00000000e2c00000| Untracked 
| 387|0x00000000e2c00000, 0x00000000e3000000, 0x00000000e3000000|100%| O|  |TAMS 0x00000000e3000000, 0x00000000e3000000| Untracked 
| 388|0x00000000e3000000, 0x00000000e3400000, 0x00000000e3400000|100%| O|  |TAMS 0x00000000e3400000, 0x00000000e3400000| Untracked 
| 389|0x00000000e3400000, 0x00000000e3800000, 0x00000000e3800000|100%| O|  |TAMS 0x00000000e3800000, 0x00000000e3800000| Untracked 
| 390|0x00000000e3800000, 0x00000000e3c00000, 0x00000000e3c00000|100%| O|  |TAMS 0x00000000e3c00000, 0x00000000e3c00000| Untracked 
| 391|0x00000000e3c00000, 0x00000000e4000000, 0x00000000e4000000|100%| O|  |TAMS 0x00000000e4000000, 0x00000000e4000000| Untracked 
| 392|0x00000000e4000000, 0x00000000e4400000, 0x00000000e4400000|100%| O|  |TAMS 0x00000000e4400000, 0x00000000e4400000| Untracked 
| 393|0x00000000e4400000, 0x00000000e4800000, 0x00000000e4800000|100%| O|  |TAMS 0x00000000e4800000, 0x00000000e4800000| Untracked 
| 394|0x00000000e4800000, 0x00000000e4c00000, 0x00000000e4c00000|100%| O|  |TAMS 0x00000000e4c00000, 0x00000000e4c00000| Untracked 
| 395|0x00000000e4c00000, 0x00000000e5000000, 0x00000000e5000000|100%| O|  |TAMS 0x00000000e5000000, 0x00000000e5000000| Untracked 
| 396|0x00000000e5000000, 0x00000000e5400000, 0x00000000e5400000|100%| O|  |TAMS 0x00000000e5400000, 0x00000000e5400000| Untracked 
| 397|0x00000000e5400000, 0x00000000e5800000, 0x00000000e5800000|100%| O|  |TAMS 0x00000000e5800000, 0x00000000e5800000| Untracked 
| 398|0x00000000e5800000, 0x00000000e5c00000, 0x00000000e5c00000|100%| O|  |TAMS 0x00000000e5c00000, 0x00000000e5c00000| Untracked 
| 399|0x00000000e5c00000, 0x00000000e6000000, 0x00000000e6000000|100%| O|  |TAMS 0x00000000e6000000, 0x00000000e6000000| Untracked 
| 400|0x00000000e6000000, 0x00000000e6400000, 0x00000000e6400000|100%| O|  |TAMS 0x00000000e6400000, 0x00000000e6400000| Untracked 
| 401|0x00000000e6400000, 0x00000000e6800000, 0x00000000e6800000|100%| O|  |TAMS 0x00000000e6800000, 0x00000000e6800000| Untracked 
| 402|0x00000000e6800000, 0x00000000e6c00000, 0x00000000e6c00000|100%| O|  |TAMS 0x00000000e6c00000, 0x00000000e6c00000| Untracked 
| 403|0x00000000e6c00000, 0x00000000e7000000, 0x00000000e7000000|100%| O|  |TAMS 0x00000000e7000000, 0x00000000e7000000| Untracked 
| 404|0x00000000e7000000, 0x00000000e7400000, 0x00000000e7400000|100%| O|  |TAMS 0x00000000e7400000, 0x00000000e7400000| Untracked 
| 405|0x00000000e7400000, 0x00000000e7800000, 0x00000000e7800000|100%| O|  |TAMS 0x00000000e7800000, 0x00000000e7800000| Untracked 
| 406|0x00000000e7800000, 0x00000000e7c00000, 0x00000000e7c00000|100%| O|  |TAMS 0x00000000e7c00000, 0x00000000e7c00000| Untracked 
| 407|0x00000000e7c00000, 0x00000000e8000000, 0x00000000e8000000|100%| O|  |TAMS 0x00000000e8000000, 0x00000000e8000000| Untracked 
| 408|0x00000000e8000000, 0x00000000e8400000, 0x00000000e8400000|100%| O|  |TAMS 0x00000000e8400000, 0x00000000e8400000| Untracked 
| 409|0x00000000e8400000, 0x00000000e8800000, 0x00000000e8800000|100%| O|  |TAMS 0x00000000e8800000, 0x00000000e8800000| Untracked 
| 410|0x00000000e8800000, 0x00000000e8c00000, 0x00000000e8c00000|100%| O|  |TAMS 0x00000000e8c00000, 0x00000000e8c00000| Untracked 
| 411|0x00000000e8c00000, 0x00000000e9000000, 0x00000000e9000000|100%| O|  |TAMS 0x00000000e9000000, 0x00000000e9000000| Untracked 
| 412|0x00000000e9000000, 0x00000000e9400000, 0x00000000e9400000|100%| O|  |TAMS 0x00000000e9400000, 0x00000000e9400000| Untracked 
| 413|0x00000000e9400000, 0x00000000e9800000, 0x00000000e9800000|100%| O|  |TAMS 0x00000000e9800000, 0x00000000e9800000| Untracked 
| 414|0x00000000e9800000, 0x00000000e9c00000, 0x00000000e9c00000|100%| O|  |TAMS 0x00000000e9c00000, 0x00000000e9c00000| Untracked 
| 415|0x00000000e9c00000, 0x00000000ea000000, 0x00000000ea000000|100%| O|  |TAMS 0x00000000ea000000, 0x00000000ea000000| Untracked 
| 416|0x00000000ea000000, 0x00000000ea400000, 0x00000000ea400000|100%| O|  |TAMS 0x00000000ea400000, 0x00000000ea400000| Untracked 
| 417|0x00000000ea400000, 0x00000000ea800000, 0x00000000ea800000|100%| O|  |TAMS 0x00000000ea800000, 0x00000000ea800000| Untracked 
| 418|0x00000000ea800000, 0x00000000eac00000, 0x00000000eac00000|100%| O|  |TAMS 0x00000000eac00000, 0x00000000eac00000| Untracked 
| 419|0x00000000eac00000, 0x00000000eb000000, 0x00000000eb000000|100%| O|  |TAMS 0x00000000eb000000, 0x00000000eb000000| Untracked 
| 420|0x00000000eb000000, 0x00000000eb400000, 0x00000000eb400000|100%| O|  |TAMS 0x00000000eb400000, 0x00000000eb400000| Untracked 
| 421|0x00000000eb400000, 0x00000000eb800000, 0x00000000eb800000|100%| O|  |TAMS 0x00000000eb800000, 0x00000000eb800000| Untracked 
| 422|0x00000000eb800000, 0x00000000ebc00000, 0x00000000ebc00000|100%| O|  |TAMS 0x00000000ebc00000, 0x00000000ebc00000| Untracked 
| 423|0x00000000ebc00000, 0x00000000ec000000, 0x00000000ec000000|100%| O|  |TAMS 0x00000000ec000000, 0x00000000ec000000| Untracked 
| 424|0x00000000ec000000, 0x00000000ec400000, 0x00000000ec400000|100%| O|  |TAMS 0x00000000ec400000, 0x00000000ec400000| Untracked 
| 425|0x00000000ec400000, 0x00000000ec800000, 0x00000000ec800000|100%| O|  |TAMS 0x00000000ec800000, 0x00000000ec800000| Untracked 
| 426|0x00000000ec800000, 0x00000000ecc00000, 0x00000000ecc00000|100%| O|  |TAMS 0x00000000ecc00000, 0x00000000ecc00000| Untracked 
| 427|0x00000000ecc00000, 0x00000000ed000000, 0x00000000ed000000|100%| O|  |TAMS 0x00000000ed000000, 0x00000000ed000000| Untracked 
| 428|0x00000000ed000000, 0x00000000ed400000, 0x00000000ed400000|100%| O|  |TAMS 0x00000000ed400000, 0x00000000ed400000| Untracked 
| 429|0x00000000ed400000, 0x00000000ed800000, 0x00000000ed800000|100%| O|  |TAMS 0x00000000ed800000, 0x00000000ed800000| Untracked 
| 430|0x00000000ed800000, 0x00000000edc00000, 0x00000000edc00000|100%| O|  |TAMS 0x00000000edc00000, 0x00000000edc00000| Untracked 
| 431|0x00000000edc00000, 0x00000000ee000000, 0x00000000ee000000|100%| O|  |TAMS 0x00000000ee000000, 0x00000000ee000000| Untracked 
| 432|0x00000000ee000000, 0x00000000ee400000, 0x00000000ee400000|100%| O|  |TAMS 0x00000000ee400000, 0x00000000ee400000| Untracked 
| 433|0x00000000ee400000, 0x00000000ee800000, 0x00000000ee800000|100%| O|  |TAMS 0x00000000ee800000, 0x00000000ee800000| Untracked 
| 434|0x00000000ee800000, 0x00000000eec00000, 0x00000000eec00000|100%| O|  |TAMS 0x00000000eec00000, 0x00000000eec00000| Untracked 
| 435|0x00000000eec00000, 0x00000000ef000000, 0x00000000ef000000|100%| O|  |TAMS 0x00000000ef000000, 0x00000000ef000000| Untracked 
| 436|0x00000000ef000000, 0x00000000ef400000, 0x00000000ef400000|100%| O|  |TAMS 0x00000000ef400000, 0x00000000ef400000| Untracked 
| 437|0x00000000ef400000, 0x00000000ef800000, 0x00000000ef800000|100%| O|  |TAMS 0x00000000ef800000, 0x00000000ef800000| Untracked 
| 438|0x00000000ef800000, 0x00000000efc00000, 0x00000000efc00000|100%| O|  |TAMS 0x00000000efc00000, 0x00000000efc00000| Untracked 
| 439|0x00000000efc00000, 0x00000000f0000000, 0x00000000f0000000|100%| O|  |TAMS 0x00000000f0000000, 0x00000000f0000000| Untracked 
| 440|0x00000000f0000000, 0x00000000f0400000, 0x00000000f0400000|100%| O|  |TAMS 0x00000000f0400000, 0x00000000f0400000| Untracked 
| 441|0x00000000f0400000, 0x00000000f0800000, 0x00000000f0800000|100%| O|  |TAMS 0x00000000f0800000, 0x00000000f0800000| Untracked 
| 442|0x00000000f0800000, 0x00000000f0c00000, 0x00000000f0c00000|100%| O|  |TAMS 0x00000000f0c00000, 0x00000000f0c00000| Untracked 
| 443|0x00000000f0c00000, 0x00000000f1000000, 0x00000000f1000000|100%| O|  |TAMS 0x00000000f1000000, 0x00000000f1000000| Untracked 
| 444|0x00000000f1000000, 0x00000000f1400000, 0x00000000f1400000|100%| O|  |TAMS 0x00000000f1400000, 0x00000000f1400000| Untracked 
| 445|0x00000000f1400000, 0x00000000f1800000, 0x00000000f1800000|100%| O|  |TAMS 0x00000000f1800000, 0x00000000f1800000| Untracked 
| 446|0x00000000f1800000, 0x00000000f1c00000, 0x00000000f1c00000|100%| O|  |TAMS 0x00000000f1c00000, 0x00000000f1c00000| Untracked 
| 447|0x00000000f1c00000, 0x00000000f2000000, 0x00000000f2000000|100%| O|  |TAMS 0x00000000f2000000, 0x00000000f2000000| Untracked 
| 448|0x00000000f2000000, 0x00000000f2400000, 0x00000000f2400000|100%| O|  |TAMS 0x00000000f2400000, 0x00000000f2400000| Untracked 
| 449|0x00000000f2400000, 0x00000000f2800000, 0x00000000f2800000|100%| O|  |TAMS 0x00000000f2800000, 0x00000000f2800000| Untracked 
| 450|0x00000000f2800000, 0x00000000f2c00000, 0x00000000f2c00000|100%| O|  |TAMS 0x00000000f2c00000, 0x00000000f2c00000| Untracked 
| 451|0x00000000f2c00000, 0x00000000f3000000, 0x00000000f3000000|100%| O|  |TAMS 0x00000000f3000000, 0x00000000f3000000| Untracked 
| 452|0x00000000f3000000, 0x00000000f3400000, 0x00000000f3400000|100%| O|  |TAMS 0x00000000f3400000, 0x00000000f3400000| Untracked 
| 453|0x00000000f3400000, 0x00000000f3800000, 0x00000000f3800000|100%| O|  |TAMS 0x00000000f3800000, 0x00000000f3800000| Untracked 
| 454|0x00000000f3800000, 0x00000000f3c00000, 0x00000000f3c00000|100%| O|  |TAMS 0x00000000f3c00000, 0x00000000f3c00000| Untracked 
| 455|0x00000000f3c00000, 0x00000000f4000000, 0x00000000f4000000|100%| O|  |TAMS 0x00000000f4000000, 0x00000000f4000000| Untracked 
| 456|0x00000000f4000000, 0x00000000f4400000, 0x00000000f4400000|100%| O|  |TAMS 0x00000000f4400000, 0x00000000f4400000| Untracked 
| 457|0x00000000f4400000, 0x00000000f4800000, 0x00000000f4800000|100%| O|  |TAMS 0x00000000f4800000, 0x00000000f4800000| Untracked 
| 458|0x00000000f4800000, 0x00000000f4c00000, 0x00000000f4c00000|100%| O|  |TAMS 0x00000000f4c00000, 0x00000000f4c00000| Untracked 
| 459|0x00000000f4c00000, 0x00000000f5000000, 0x00000000f5000000|100%| O|  |TAMS 0x00000000f5000000, 0x00000000f5000000| Untracked 
| 460|0x00000000f5000000, 0x00000000f5400000, 0x00000000f5400000|100%| O|  |TAMS 0x00000000f5400000, 0x00000000f5400000| Untracked 
| 461|0x00000000f5400000, 0x00000000f5800000, 0x00000000f5800000|100%| O|  |TAMS 0x00000000f5800000, 0x00000000f5800000| Untracked 
| 462|0x00000000f5800000, 0x00000000f5c00000, 0x00000000f5c00000|100%| O|  |TAMS 0x00000000f5c00000, 0x00000000f5c00000| Untracked 
| 463|0x00000000f5c00000, 0x00000000f6000000, 0x00000000f6000000|100%| O|  |TAMS 0x00000000f6000000, 0x00000000f6000000| Untracked 
| 464|0x00000000f6000000, 0x00000000f6400000, 0x00000000f6400000|100%| O|  |TAMS 0x00000000f6400000, 0x00000000f6400000| Untracked 
| 465|0x00000000f6400000, 0x00000000f6800000, 0x00000000f6800000|100%| O|  |TAMS 0x00000000f6800000, 0x00000000f6800000| Untracked 
| 466|0x00000000f6800000, 0x00000000f6c00000, 0x00000000f6c00000|100%| O|  |TAMS 0x00000000f6c00000, 0x00000000f6c00000| Untracked 
| 467|0x00000000f6c00000, 0x00000000f7000000, 0x00000000f7000000|100%| O|  |TAMS 0x00000000f7000000, 0x00000000f7000000| Untracked 
| 468|0x00000000f7000000, 0x00000000f7400000, 0x00000000f7400000|100%| O|  |TAMS 0x00000000f7400000, 0x00000000f7400000| Untracked 
| 469|0x00000000f7400000, 0x00000000f7800000, 0x00000000f7800000|100%| O|  |TAMS 0x00000000f7800000, 0x00000000f7800000| Untracked 
| 470|0x00000000f7800000, 0x00000000f7c00000, 0x00000000f7c00000|100%| O|  |TAMS 0x00000000f7c00000, 0x00000000f7c00000| Untracked 
| 471|0x00000000f7c00000, 0x00000000f8000000, 0x00000000f8000000|100%| O|  |TAMS 0x00000000f8000000, 0x00000000f8000000| Untracked 
| 472|0x00000000f8000000, 0x00000000f8400000, 0x00000000f8400000|100%| O|  |TAMS 0x00000000f8400000, 0x00000000f8400000| Untracked 
| 473|0x00000000f8400000, 0x00000000f8800000, 0x00000000f8800000|100%| O|  |TAMS 0x00000000f8800000, 0x00000000f8800000| Untracked 
| 474|0x00000000f8800000, 0x00000000f8c00000, 0x00000000f8c00000|100%| O|  |TAMS 0x00000000f8c00000, 0x00000000f8c00000| Untracked 
| 475|0x00000000f8c00000, 0x00000000f9000000, 0x00000000f9000000|100%| O|  |TAMS 0x00000000f9000000, 0x00000000f9000000| Untracked 
| 476|0x00000000f9000000, 0x00000000f9400000, 0x00000000f9400000|100%| O|  |TAMS 0x00000000f9400000, 0x00000000f9400000| Untracked 
| 477|0x00000000f9400000, 0x00000000f9800000, 0x00000000f9800000|100%| O|  |TAMS 0x00000000f9800000, 0x00000000f9800000| Untracked 
| 478|0x00000000f9800000, 0x00000000f9c00000, 0x00000000f9c00000|100%| O|  |TAMS 0x00000000f9c00000, 0x00000000f9c00000| Untracked 
| 479|0x00000000f9c00000, 0x00000000fa000000, 0x00000000fa000000|100%| O|  |TAMS 0x00000000fa000000, 0x00000000fa000000| Untracked 
| 480|0x00000000fa000000, 0x00000000fa400000, 0x00000000fa400000|100%| O|  |TAMS 0x00000000fa400000, 0x00000000fa400000| Untracked 
| 481|0x00000000fa400000, 0x00000000fa800000, 0x00000000fa800000|100%| O|  |TAMS 0x00000000fa800000, 0x00000000fa800000| Untracked 
| 482|0x00000000fa800000, 0x00000000fac00000, 0x00000000fac00000|100%| O|  |TAMS 0x00000000fac00000, 0x00000000fac00000| Untracked 
| 483|0x00000000fac00000, 0x00000000fb000000, 0x00000000fb000000|100%| O|  |TAMS 0x00000000fb000000, 0x00000000fb000000| Untracked 
| 484|0x00000000fb000000, 0x00000000fb400000, 0x00000000fb400000|100%| O|  |TAMS 0x00000000fb400000, 0x00000000fb400000| Untracked 
| 485|0x00000000fb400000, 0x00000000fb800000, 0x00000000fb800000|100%| O|  |TAMS 0x00000000fb800000, 0x00000000fb800000| Untracked 
| 486|0x00000000fb800000, 0x00000000fbc00000, 0x00000000fbc00000|100%| O|  |TAMS 0x00000000fbc00000, 0x00000000fbc00000| Untracked 
| 487|0x00000000fbc00000, 0x00000000fc000000, 0x00000000fc000000|100%| O|  |TAMS 0x00000000fc000000, 0x00000000fc000000| Untracked 
| 488|0x00000000fc000000, 0x00000000fc400000, 0x00000000fc400000|100%| O|  |TAMS 0x00000000fc400000, 0x00000000fc400000| Untracked 
| 489|0x00000000fc400000, 0x00000000fc800000, 0x00000000fc800000|100%| O|  |TAMS 0x00000000fc800000, 0x00000000fc800000| Untracked 
| 490|0x00000000fc800000, 0x00000000fcc00000, 0x00000000fcc00000|100%| O|  |TAMS 0x00000000fcc00000, 0x00000000fcc00000| Untracked 
| 491|0x00000000fcc00000, 0x00000000fd000000, 0x00000000fd000000|100%| O|  |TAMS 0x00000000fd000000, 0x00000000fd000000| Untracked 
| 492|0x00000000fd000000, 0x00000000fd400000, 0x00000000fd400000|100%| O|  |TAMS 0x00000000fd400000, 0x00000000fd400000| Untracked 
| 493|0x00000000fd400000, 0x00000000fd800000, 0x00000000fd800000|100%| O|  |TAMS 0x00000000fd800000, 0x00000000fd800000| Untracked 
| 494|0x00000000fd800000, 0x00000000fdc00000, 0x00000000fdc00000|100%| O|  |TAMS 0x00000000fdc00000, 0x00000000fdc00000| Untracked 
| 495|0x00000000fdc00000, 0x00000000fe000000, 0x00000000fe000000|100%| O|  |TAMS 0x00000000fe000000, 0x00000000fe000000| Untracked 
| 496|0x00000000fe000000, 0x00000000fe400000, 0x00000000fe400000|100%| O|  |TAMS 0x00000000fe400000, 0x00000000fe400000| Untracked 
| 497|0x00000000fe400000, 0x00000000fe800000, 0x00000000fe800000|100%| O|  |TAMS 0x00000000fe800000, 0x00000000fe800000| Untracked 
| 498|0x00000000fe800000, 0x00000000fec00000, 0x00000000fec00000|100%| O|  |TAMS 0x00000000fec00000, 0x00000000fec00000| Untracked 
| 499|0x00000000fec00000, 0x00000000ff000000, 0x00000000ff000000|100%| O|  |TAMS 0x00000000ff000000, 0x00000000ff000000| Untracked 
| 500|0x00000000ff000000, 0x00000000ff400000, 0x00000000ff400000|100%| O|  |TAMS 0x00000000ff400000, 0x00000000ff400000| Untracked 
| 501|0x00000000ff400000, 0x00000000ff800000, 0x00000000ff800000|100%| O|  |TAMS 0x00000000ff800000, 0x00000000ff800000| Untracked 
| 502|0x00000000ff800000, 0x00000000ffc00000, 0x00000000ffc00000|100%| O|  |TAMS 0x00000000ffc00000, 0x00000000ffc00000| Untracked 
| 503|0x00000000ffc00000, 0x0000000100000000, 0x0000000100000000|100%| O|  |TAMS 0x0000000100000000, 0x0000000100000000| Untracked 
| 504|0x0000000100000000, 0x0000000100400000, 0x0000000100400000|100%| O|  |TAMS 0x0000000100400000, 0x0000000100400000| Untracked 
| 505|0x0000000100400000, 0x0000000100800000, 0x0000000100800000|100%| O|  |TAMS 0x0000000100800000, 0x0000000100800000| Untracked 
| 506|0x0000000100800000, 0x0000000100c00000, 0x0000000100c00000|100%| O|  |TAMS 0x0000000100c00000, 0x0000000100c00000| Untracked 
| 507|0x0000000100c00000, 0x0000000101000000, 0x0000000101000000|100%| O|  |TAMS 0x0000000101000000, 0x0000000101000000| Untracked 
| 508|0x0000000101000000, 0x0000000101400000, 0x0000000101400000|100%| O|  |TAMS 0x0000000101400000, 0x0000000101400000| Untracked 
| 509|0x0000000101400000, 0x0000000101800000, 0x0000000101800000|100%| O|  |TAMS 0x0000000101800000, 0x0000000101800000| Untracked 
| 510|0x0000000101800000, 0x0000000101c00000, 0x0000000101c00000|100%| O|  |TAMS 0x0000000101c00000, 0x0000000101c00000| Untracked 
| 511|0x0000000101c00000, 0x0000000102000000, 0x0000000102000000|100%| O|  |TAMS 0x0000000102000000, 0x0000000102000000| Untracked 
| 512|0x0000000102000000, 0x0000000102400000, 0x0000000102400000|100%| O|  |TAMS 0x0000000102400000, 0x0000000102400000| Untracked 
| 513|0x0000000102400000, 0x0000000102800000, 0x0000000102800000|100%| O|  |TAMS 0x0000000102800000, 0x0000000102800000| Untracked 
| 514|0x0000000102800000, 0x0000000102c00000, 0x0000000102c00000|100%| O|  |TAMS 0x0000000102c00000, 0x0000000102c00000| Untracked 
| 515|0x0000000102c00000, 0x0000000103000000, 0x0000000103000000|100%| O|  |TAMS 0x0000000103000000, 0x0000000103000000| Untracked 
| 516|0x0000000103000000, 0x0000000103400000, 0x0000000103400000|100%| O|  |TAMS 0x0000000103400000, 0x0000000103400000| Untracked 
| 517|0x0000000103400000, 0x0000000103800000, 0x0000000103800000|100%| O|  |TAMS 0x0000000103800000, 0x0000000103800000| Untracked 
| 518|0x0000000103800000, 0x0000000103c00000, 0x0000000103c00000|100%| O|  |TAMS 0x0000000103c00000, 0x0000000103c00000| Untracked 
| 519|0x0000000103c00000, 0x0000000104000000, 0x0000000104000000|100%| O|  |TAMS 0x0000000104000000, 0x0000000104000000| Untracked 
| 520|0x0000000104000000, 0x0000000104400000, 0x0000000104400000|100%| O|  |TAMS 0x0000000104400000, 0x0000000104400000| Untracked 
| 521|0x0000000104400000, 0x0000000104800000, 0x0000000104800000|100%| O|  |TAMS 0x0000000104800000, 0x0000000104800000| Untracked 
| 522|0x0000000104800000, 0x0000000104c00000, 0x0000000104c00000|100%| O|  |TAMS 0x0000000104c00000, 0x0000000104c00000| Untracked 
| 523|0x0000000104c00000, 0x0000000105000000, 0x0000000105000000|100%| O|  |TAMS 0x0000000105000000, 0x0000000105000000| Untracked 
| 524|0x0000000105000000, 0x0000000105400000, 0x0000000105400000|100%| O|  |TAMS 0x0000000105400000, 0x0000000105400000| Untracked 
| 525|0x0000000105400000, 0x0000000105800000, 0x0000000105800000|100%| O|  |TAMS 0x0000000105800000, 0x0000000105800000| Untracked 
| 526|0x0000000105800000, 0x0000000105c00000, 0x0000000105c00000|100%| O|  |TAMS 0x0000000105c00000, 0x0000000105c00000| Untracked 
| 527|0x0000000105c00000, 0x0000000106000000, 0x0000000106000000|100%| O|  |TAMS 0x0000000106000000, 0x0000000106000000| Untracked 
| 528|0x0000000106000000, 0x0000000106400000, 0x0000000106400000|100%| O|  |TAMS 0x0000000106400000, 0x0000000106400000| Untracked 
| 529|0x0000000106400000, 0x0000000106800000, 0x0000000106800000|100%| O|  |TAMS 0x0000000106800000, 0x0000000106800000| Untracked 
| 530|0x0000000106800000, 0x0000000106c00000, 0x0000000106c00000|100%| O|  |TAMS 0x0000000106c00000, 0x0000000106c00000| Untracked 
| 531|0x0000000106c00000, 0x0000000107000000, 0x0000000107000000|100%| O|  |TAMS 0x0000000107000000, 0x0000000107000000| Untracked 
| 532|0x0000000107000000, 0x0000000107400000, 0x0000000107400000|100%| O|  |TAMS 0x0000000107400000, 0x0000000107400000| Untracked 
| 533|0x0000000107400000, 0x0000000107800000, 0x0000000107800000|100%| O|  |TAMS 0x0000000107800000, 0x0000000107800000| Untracked 
| 534|0x0000000107800000, 0x0000000107c00000, 0x0000000107c00000|100%| O|  |TAMS 0x0000000107c00000, 0x0000000107c00000| Untracked 
| 535|0x0000000107c00000, 0x0000000108000000, 0x0000000108000000|100%| O|  |TAMS 0x0000000108000000, 0x0000000108000000| Untracked 
| 536|0x0000000108000000, 0x0000000108400000, 0x0000000108400000|100%| O|  |TAMS 0x0000000108400000, 0x0000000108400000| Untracked 
| 537|0x0000000108400000, 0x0000000108800000, 0x0000000108800000|100%| O|  |TAMS 0x0000000108800000, 0x0000000108800000| Untracked 
| 538|0x0000000108800000, 0x0000000108c00000, 0x0000000108c00000|100%| O|  |TAMS 0x0000000108c00000, 0x0000000108c00000| Untracked 
| 539|0x0000000108c00000, 0x0000000109000000, 0x0000000109000000|100%| O|  |TAMS 0x0000000109000000, 0x0000000109000000| Untracked 
| 540|0x0000000109000000, 0x0000000109400000, 0x0000000109400000|100%| O|  |TAMS 0x0000000109400000, 0x0000000109400000| Untracked 
| 541|0x0000000109400000, 0x0000000109800000, 0x0000000109800000|100%| O|  |TAMS 0x0000000109800000, 0x0000000109800000| Untracked 
| 542|0x0000000109800000, 0x0000000109c00000, 0x0000000109c00000|100%| O|  |TAMS 0x0000000109c00000, 0x0000000109c00000| Untracked 
| 543|0x0000000109c00000, 0x000000010a000000, 0x000000010a000000|100%| O|  |TAMS 0x000000010a000000, 0x000000010a000000| Untracked 
| 544|0x000000010a000000, 0x000000010a400000, 0x000000010a400000|100%| O|  |TAMS 0x000000010a400000, 0x000000010a400000| Untracked 
| 545|0x000000010a400000, 0x000000010a800000, 0x000000010a800000|100%| O|  |TAMS 0x000000010a800000, 0x000000010a800000| Untracked 
| 546|0x000000010a800000, 0x000000010ac00000, 0x000000010ac00000|100%| O|  |TAMS 0x000000010ac00000, 0x000000010ac00000| Untracked 
| 547|0x000000010ac00000, 0x000000010b000000, 0x000000010b000000|100%| O|  |TAMS 0x000000010b000000, 0x000000010b000000| Untracked 
| 548|0x000000010b000000, 0x000000010b400000, 0x000000010b400000|100%| O|  |TAMS 0x000000010b400000, 0x000000010b400000| Untracked 
| 549|0x000000010b400000, 0x000000010b800000, 0x000000010b800000|100%| O|  |TAMS 0x000000010b800000, 0x000000010b800000| Untracked 
| 550|0x000000010b800000, 0x000000010bc00000, 0x000000010bc00000|100%| O|  |TAMS 0x000000010bc00000, 0x000000010bc00000| Untracked 
| 551|0x000000010bc00000, 0x000000010c000000, 0x000000010c000000|100%| O|  |TAMS 0x000000010c000000, 0x000000010c000000| Untracked 
| 552|0x000000010c000000, 0x000000010c400000, 0x000000010c400000|100%| O|  |TAMS 0x000000010c400000, 0x000000010c400000| Untracked 
| 553|0x000000010c400000, 0x000000010c800000, 0x000000010c800000|100%| O|  |TAMS 0x000000010c800000, 0x000000010c800000| Untracked 
| 554|0x000000010c800000, 0x000000010cc00000, 0x000000010cc00000|100%| O|  |TAMS 0x000000010cc00000, 0x000000010cc00000| Untracked 
| 555|0x000000010cc00000, 0x000000010d000000, 0x000000010d000000|100%| O|  |TAMS 0x000000010d000000, 0x000000010d000000| Untracked 
| 556|0x000000010d000000, 0x000000010d400000, 0x000000010d400000|100%| O|  |TAMS 0x000000010d400000, 0x000000010d400000| Untracked 
| 557|0x000000010d400000, 0x000000010d800000, 0x000000010d800000|100%| O|  |TAMS 0x000000010d800000, 0x000000010d800000| Untracked 
| 558|0x000000010d800000, 0x000000010dc00000, 0x000000010dc00000|100%| O|  |TAMS 0x000000010dc00000, 0x000000010dc00000| Untracked 
| 559|0x000000010dc00000, 0x000000010e000000, 0x000000010e000000|100%| O|  |TAMS 0x000000010e000000, 0x000000010e000000| Untracked 
| 560|0x000000010e000000, 0x000000010e400000, 0x000000010e400000|100%| O|  |TAMS 0x000000010e400000, 0x000000010e400000| Untracked 
| 561|0x000000010e400000, 0x000000010e800000, 0x000000010e800000|100%| O|  |TAMS 0x000000010e800000, 0x000000010e800000| Untracked 
| 562|0x000000010e800000, 0x000000010ec00000, 0x000000010ec00000|100%| O|  |TAMS 0x000000010ec00000, 0x000000010ec00000| Untracked 
| 563|0x000000010ec00000, 0x000000010f000000, 0x000000010f000000|100%| O|  |TAMS 0x000000010f000000, 0x000000010f000000| Untracked 
| 564|0x000000010f000000, 0x000000010f400000, 0x000000010f400000|100%| O|  |TAMS 0x000000010f400000, 0x000000010f400000| Untracked 
| 565|0x000000010f400000, 0x000000010f800000, 0x000000010f800000|100%| O|  |TAMS 0x000000010f800000, 0x000000010f800000| Untracked 
| 566|0x000000010f800000, 0x000000010fc00000, 0x000000010fc00000|100%| O|  |TAMS 0x000000010fc00000, 0x000000010fc00000| Untracked 
| 567|0x000000010fc00000, 0x0000000110000000, 0x0000000110000000|100%| O|  |TAMS 0x0000000110000000, 0x0000000110000000| Untracked 
| 568|0x0000000110000000, 0x0000000110400000, 0x0000000110400000|100%| O|  |TAMS 0x0000000110400000, 0x0000000110400000| Untracked 
| 569|0x0000000110400000, 0x0000000110800000, 0x0000000110800000|100%| O|  |TAMS 0x0000000110800000, 0x0000000110800000| Untracked 
| 570|0x0000000110800000, 0x0000000110c00000, 0x0000000110c00000|100%| O|  |TAMS 0x0000000110c00000, 0x0000000110c00000| Untracked 
| 571|0x0000000110c00000, 0x0000000111000000, 0x0000000111000000|100%| O|  |TAMS 0x0000000111000000, 0x0000000111000000| Untracked 
| 572|0x0000000111000000, 0x0000000111400000, 0x0000000111400000|100%| O|  |TAMS 0x0000000111400000, 0x0000000111400000| Untracked 
| 573|0x0000000111400000, 0x0000000111800000, 0x0000000111800000|100%| O|  |TAMS 0x0000000111800000, 0x0000000111800000| Untracked 
| 574|0x0000000111800000, 0x0000000111c00000, 0x0000000111c00000|100%| O|  |TAMS 0x0000000111c00000, 0x0000000111c00000| Untracked 
| 575|0x0000000111c00000, 0x0000000112000000, 0x0000000112000000|100%| O|  |TAMS 0x0000000112000000, 0x0000000112000000| Untracked 
| 576|0x0000000112000000, 0x0000000112400000, 0x0000000112400000|100%| O|  |TAMS 0x0000000112400000, 0x0000000112400000| Untracked 
| 577|0x0000000112400000, 0x0000000112800000, 0x0000000112800000|100%| O|  |TAMS 0x0000000112800000, 0x0000000112800000| Untracked 
| 578|0x0000000112800000, 0x0000000112c00000, 0x0000000112c00000|100%| O|  |TAMS 0x0000000112c00000, 0x0000000112c00000| Untracked 
| 579|0x0000000112c00000, 0x0000000113000000, 0x0000000113000000|100%| O|  |TAMS 0x0000000113000000, 0x0000000113000000| Untracked 
| 580|0x0000000113000000, 0x0000000113400000, 0x0000000113400000|100%| O|  |TAMS 0x0000000113400000, 0x0000000113400000| Untracked 
| 581|0x0000000113400000, 0x0000000113800000, 0x0000000113800000|100%| O|  |TAMS 0x0000000113800000, 0x0000000113800000| Untracked 
| 582|0x0000000113800000, 0x0000000113c00000, 0x0000000113c00000|100%| O|  |TAMS 0x0000000113c00000, 0x0000000113c00000| Untracked 
| 583|0x0000000113c00000, 0x0000000114000000, 0x0000000114000000|100%| O|  |TAMS 0x0000000114000000, 0x0000000114000000| Untracked 
| 584|0x0000000114000000, 0x0000000114400000, 0x0000000114400000|100%| O|  |TAMS 0x0000000114400000, 0x0000000114400000| Untracked 
| 585|0x0000000114400000, 0x0000000114800000, 0x0000000114800000|100%| O|  |TAMS 0x0000000114800000, 0x0000000114800000| Untracked 
| 586|0x0000000114800000, 0x0000000114c00000, 0x0000000114c00000|100%| O|  |TAMS 0x0000000114c00000, 0x0000000114c00000| Untracked 
| 587|0x0000000114c00000, 0x0000000115000000, 0x0000000115000000|100%| O|  |TAMS 0x0000000115000000, 0x0000000115000000| Untracked 
| 588|0x0000000115000000, 0x0000000115400000, 0x0000000115400000|100%| O|  |TAMS 0x0000000115400000, 0x0000000115400000| Untracked 
| 589|0x0000000115400000, 0x0000000115800000, 0x0000000115800000|100%| O|  |TAMS 0x0000000115800000, 0x0000000115800000| Untracked 
| 590|0x0000000115800000, 0x0000000115c00000, 0x0000000115c00000|100%| O|  |TAMS 0x0000000115c00000, 0x0000000115c00000| Untracked 
| 591|0x0000000115c00000, 0x0000000116000000, 0x0000000116000000|100%| O|  |TAMS 0x0000000116000000, 0x0000000116000000| Untracked 
| 592|0x0000000116000000, 0x0000000116400000, 0x0000000116400000|100%| O|  |TAMS 0x0000000116400000, 0x0000000116400000| Untracked 
| 593|0x0000000116400000, 0x0000000116800000, 0x0000000116800000|100%| O|  |TAMS 0x0000000116800000, 0x0000000116800000| Untracked 
| 594|0x0000000116800000, 0x0000000116c00000, 0x0000000116c00000|100%| O|  |TAMS 0x0000000116c00000, 0x0000000116c00000| Untracked 
| 595|0x0000000116c00000, 0x0000000117000000, 0x0000000117000000|100%| O|  |TAMS 0x0000000117000000, 0x0000000117000000| Untracked 
| 596|0x0000000117000000, 0x0000000117400000, 0x0000000117400000|100%| O|  |TAMS 0x0000000117400000, 0x0000000117400000| Untracked 
| 597|0x0000000117400000, 0x0000000117800000, 0x0000000117800000|100%| O|  |TAMS 0x0000000117800000, 0x0000000117800000| Untracked 
| 598|0x0000000117800000, 0x0000000117c00000, 0x0000000117c00000|100%| O|  |TAMS 0x0000000117c00000, 0x0000000117c00000| Untracked 
| 599|0x0000000117c00000, 0x0000000118000000, 0x0000000118000000|100%| O|  |TAMS 0x0000000118000000, 0x0000000118000000| Untracked 
| 600|0x0000000118000000, 0x0000000118400000, 0x0000000118400000|100%| O|  |TAMS 0x0000000118400000, 0x0000000118400000| Untracked 
| 601|0x0000000118400000, 0x0000000118800000, 0x0000000118800000|100%| O|  |TAMS 0x0000000118800000, 0x0000000118800000| Untracked 
| 602|0x0000000118800000, 0x0000000118c00000, 0x0000000118c00000|100%| O|  |TAMS 0x0000000118c00000, 0x0000000118c00000| Untracked 
| 603|0x0000000118c00000, 0x0000000119000000, 0x0000000119000000|100%| O|  |TAMS 0x0000000119000000, 0x0000000119000000| Untracked 
| 604|0x0000000119000000, 0x0000000119400000, 0x0000000119400000|100%| O|  |TAMS 0x0000000119400000, 0x0000000119400000| Untracked 
| 605|0x0000000119400000, 0x0000000119800000, 0x0000000119800000|100%| O|  |TAMS 0x0000000119800000, 0x0000000119800000| Untracked 
| 606|0x0000000119800000, 0x0000000119c00000, 0x0000000119c00000|100%| O|  |TAMS 0x0000000119c00000, 0x0000000119c00000| Untracked 
| 607|0x0000000119c00000, 0x000000011a000000, 0x000000011a000000|100%| O|  |TAMS 0x000000011a000000, 0x000000011a000000| Untracked 
| 608|0x000000011a000000, 0x000000011a400000, 0x000000011a400000|100%| O|  |TAMS 0x000000011a400000, 0x000000011a400000| Untracked 
| 609|0x000000011a400000, 0x000000011a800000, 0x000000011a800000|100%| O|  |TAMS 0x000000011a800000, 0x000000011a800000| Untracked 
| 610|0x000000011a800000, 0x000000011ac00000, 0x000000011ac00000|100%| O|  |TAMS 0x000000011ac00000, 0x000000011ac00000| Untracked 
| 611|0x000000011ac00000, 0x000000011b000000, 0x000000011b000000|100%| O|  |TAMS 0x000000011b000000, 0x000000011b000000| Untracked 
| 612|0x000000011b000000, 0x000000011b400000, 0x000000011b400000|100%| O|  |TAMS 0x000000011b400000, 0x000000011b400000| Untracked 
| 613|0x000000011b400000, 0x000000011b800000, 0x000000011b800000|100%| O|  |TAMS 0x000000011b800000, 0x000000011b800000| Untracked 
| 614|0x000000011b800000, 0x000000011bc00000, 0x000000011bc00000|100%| O|  |TAMS 0x000000011bc00000, 0x000000011bc00000| Untracked 
| 615|0x000000011bc00000, 0x000000011c000000, 0x000000011c000000|100%| O|  |TAMS 0x000000011c000000, 0x000000011c000000| Untracked 
| 616|0x000000011c000000, 0x000000011c400000, 0x000000011c400000|100%| O|  |TAMS 0x000000011c400000, 0x000000011c400000| Untracked 
| 617|0x000000011c400000, 0x000000011c800000, 0x000000011c800000|100%| O|  |TAMS 0x000000011c800000, 0x000000011c800000| Untracked 
| 618|0x000000011c800000, 0x000000011cc00000, 0x000000011cc00000|100%| O|  |TAMS 0x000000011cc00000, 0x000000011cc00000| Untracked 
| 619|0x000000011cc00000, 0x000000011d000000, 0x000000011d000000|100%| O|  |TAMS 0x000000011d000000, 0x000000011d000000| Untracked 
| 620|0x000000011d000000, 0x000000011d400000, 0x000000011d400000|100%| O|  |TAMS 0x000000011d400000, 0x000000011d400000| Untracked 
| 621|0x000000011d400000, 0x000000011d800000, 0x000000011d800000|100%| O|  |TAMS 0x000000011d800000, 0x000000011d800000| Untracked 
| 622|0x000000011d800000, 0x000000011dc00000, 0x000000011dc00000|100%| O|  |TAMS 0x000000011dc00000, 0x000000011dc00000| Untracked 
| 623|0x000000011dc00000, 0x000000011e000000, 0x000000011e000000|100%| O|  |TAMS 0x000000011e000000, 0x000000011e000000| Untracked 
| 624|0x000000011e000000, 0x000000011e400000, 0x000000011e400000|100%| O|  |TAMS 0x000000011e400000, 0x000000011e400000| Untracked 
| 625|0x000000011e400000, 0x000000011e800000, 0x000000011e800000|100%| O|  |TAMS 0x000000011e800000, 0x000000011e800000| Untracked 
| 626|0x000000011e800000, 0x000000011ec00000, 0x000000011ec00000|100%| O|  |TAMS 0x000000011ec00000, 0x000000011ec00000| Untracked 
| 627|0x000000011ec00000, 0x000000011f000000, 0x000000011f000000|100%| O|  |TAMS 0x000000011f000000, 0x000000011f000000| Untracked 
| 628|0x000000011f000000, 0x000000011f400000, 0x000000011f400000|100%| O|  |TAMS 0x000000011f400000, 0x000000011f400000| Untracked 
| 629|0x000000011f400000, 0x000000011f800000, 0x000000011f800000|100%| O|  |TAMS 0x000000011f800000, 0x000000011f800000| Untracked 
| 630|0x000000011f800000, 0x000000011fc00000, 0x000000011fc00000|100%| O|  |TAMS 0x000000011fc00000, 0x000000011fc00000| Untracked 
| 631|0x000000011fc00000, 0x0000000120000000, 0x0000000120000000|100%| O|  |TAMS 0x0000000120000000, 0x0000000120000000| Untracked 
| 632|0x0000000120000000, 0x0000000120400000, 0x0000000120400000|100%| O|  |TAMS 0x0000000120400000, 0x0000000120400000| Untracked 
| 633|0x0000000120400000, 0x0000000120800000, 0x0000000120800000|100%| O|  |TAMS 0x0000000120800000, 0x0000000120800000| Untracked 
| 634|0x0000000120800000, 0x0000000120c00000, 0x0000000120c00000|100%| O|  |TAMS 0x0000000120c00000, 0x0000000120c00000| Untracked 
| 635|0x0000000120c00000, 0x0000000121000000, 0x0000000121000000|100%| O|  |TAMS 0x0000000121000000, 0x0000000121000000| Untracked 
| 636|0x0000000121000000, 0x0000000121400000, 0x0000000121400000|100%| O|  |TAMS 0x0000000121400000, 0x0000000121400000| Untracked 
| 637|0x0000000121400000, 0x0000000121800000, 0x0000000121800000|100%| O|  |TAMS 0x0000000121800000, 0x0000000121800000| Untracked 
| 638|0x0000000121800000, 0x0000000121c00000, 0x0000000121c00000|100%| O|  |TAMS 0x0000000121c00000, 0x0000000121c00000| Untracked 
| 639|0x0000000121c00000, 0x0000000122000000, 0x0000000122000000|100%| O|  |TAMS 0x0000000122000000, 0x0000000122000000| Untracked 
| 640|0x0000000122000000, 0x0000000122400000, 0x0000000122400000|100%| O|  |TAMS 0x0000000122400000, 0x0000000122400000| Untracked 
| 641|0x0000000122400000, 0x0000000122800000, 0x0000000122800000|100%| O|  |TAMS 0x0000000122800000, 0x0000000122800000| Untracked 
| 642|0x0000000122800000, 0x0000000122c00000, 0x0000000122c00000|100%| O|  |TAMS 0x0000000122c00000, 0x0000000122c00000| Untracked 
| 643|0x0000000122c00000, 0x0000000123000000, 0x0000000123000000|100%| O|  |TAMS 0x0000000123000000, 0x0000000123000000| Untracked 
| 644|0x0000000123000000, 0x0000000123400000, 0x0000000123400000|100%| O|  |TAMS 0x0000000123400000, 0x0000000123400000| Untracked 
| 645|0x0000000123400000, 0x0000000123800000, 0x0000000123800000|100%| O|  |TAMS 0x0000000123800000, 0x0000000123800000| Untracked 
| 646|0x0000000123800000, 0x0000000123c00000, 0x0000000123c00000|100%| O|  |TAMS 0x0000000123c00000, 0x0000000123c00000| Untracked 
| 647|0x0000000123c00000, 0x0000000124000000, 0x0000000124000000|100%| O|  |TAMS 0x0000000124000000, 0x0000000124000000| Untracked 
| 648|0x0000000124000000, 0x0000000124400000, 0x0000000124400000|100%| O|  |TAMS 0x0000000124400000, 0x0000000124400000| Untracked 
| 649|0x0000000124400000, 0x0000000124800000, 0x0000000124800000|100%| O|  |TAMS 0x0000000124800000, 0x0000000124800000| Untracked 
| 650|0x0000000124800000, 0x0000000124c00000, 0x0000000124c00000|100%| O|  |TAMS 0x0000000124c00000, 0x0000000124c00000| Untracked 
| 651|0x0000000124c00000, 0x0000000125000000, 0x0000000125000000|100%| O|  |TAMS 0x0000000125000000, 0x0000000125000000| Untracked 
| 652|0x0000000125000000, 0x0000000125400000, 0x0000000125400000|100%| O|  |TAMS 0x0000000125400000, 0x0000000125400000| Untracked 
| 653|0x0000000125400000, 0x0000000125800000, 0x0000000125800000|100%| O|  |TAMS 0x0000000125800000, 0x0000000125800000| Untracked 
| 654|0x0000000125800000, 0x0000000125c00000, 0x0000000125c00000|100%| O|  |TAMS 0x0000000125c00000, 0x0000000125c00000| Untracked 
| 655|0x0000000125c00000, 0x0000000126000000, 0x0000000126000000|100%| O|  |TAMS 0x0000000126000000, 0x0000000126000000| Untracked 
| 656|0x0000000126000000, 0x0000000126400000, 0x0000000126400000|100%| O|  |TAMS 0x0000000126400000, 0x0000000126400000| Untracked 
| 657|0x0000000126400000, 0x0000000126800000, 0x0000000126800000|100%| O|  |TAMS 0x0000000126800000, 0x0000000126800000| Untracked 
| 658|0x0000000126800000, 0x0000000126c00000, 0x0000000126c00000|100%| O|  |TAMS 0x0000000126c00000, 0x0000000126c00000| Untracked 
| 659|0x0000000126c00000, 0x0000000127000000, 0x0000000127000000|100%| O|  |TAMS 0x0000000127000000, 0x0000000127000000| Untracked 
| 660|0x0000000127000000, 0x0000000127400000, 0x0000000127400000|100%| O|  |TAMS 0x0000000127400000, 0x0000000127400000| Untracked 
| 661|0x0000000127400000, 0x0000000127800000, 0x0000000127800000|100%| O|  |TAMS 0x0000000127800000, 0x0000000127800000| Untracked 
| 662|0x0000000127800000, 0x0000000127c00000, 0x0000000127c00000|100%| O|  |TAMS 0x0000000127c00000, 0x0000000127c00000| Untracked 
| 663|0x0000000127c00000, 0x0000000128000000, 0x0000000128000000|100%| O|  |TAMS 0x0000000128000000, 0x0000000128000000| Untracked 
| 664|0x0000000128000000, 0x0000000128400000, 0x0000000128400000|100%| O|  |TAMS 0x0000000128400000, 0x0000000128400000| Untracked 
| 665|0x0000000128400000, 0x0000000128800000, 0x0000000128800000|100%| O|  |TAMS 0x0000000128800000, 0x0000000128800000| Untracked 
| 666|0x0000000128800000, 0x0000000128c00000, 0x0000000128c00000|100%| O|  |TAMS 0x0000000128c00000, 0x0000000128c00000| Untracked 
| 667|0x0000000128c00000, 0x0000000129000000, 0x0000000129000000|100%| O|  |TAMS 0x0000000129000000, 0x0000000129000000| Untracked 
| 668|0x0000000129000000, 0x0000000129400000, 0x0000000129400000|100%| O|  |TAMS 0x0000000129400000, 0x0000000129400000| Untracked 
| 669|0x0000000129400000, 0x0000000129800000, 0x0000000129800000|100%| O|  |TAMS 0x0000000129800000, 0x0000000129800000| Untracked 
| 670|0x0000000129800000, 0x0000000129c00000, 0x0000000129c00000|100%| O|  |TAMS 0x0000000129c00000, 0x0000000129c00000| Untracked 
| 671|0x0000000129c00000, 0x000000012a000000, 0x000000012a000000|100%| O|  |TAMS 0x000000012a000000, 0x000000012a000000| Untracked 
| 672|0x000000012a000000, 0x000000012a400000, 0x000000012a400000|100%| O|  |TAMS 0x000000012a400000, 0x000000012a400000| Untracked 
| 673|0x000000012a400000, 0x000000012a800000, 0x000000012a800000|100%| O|  |TAMS 0x000000012a800000, 0x000000012a800000| Untracked 
| 674|0x000000012a800000, 0x000000012ac00000, 0x000000012ac00000|100%| O|  |TAMS 0x000000012ac00000, 0x000000012ac00000| Untracked 
| 675|0x000000012ac00000, 0x000000012b000000, 0x000000012b000000|100%| O|  |TAMS 0x000000012b000000, 0x000000012b000000| Untracked 
| 676|0x000000012b000000, 0x000000012b400000, 0x000000012b400000|100%| O|  |TAMS 0x000000012b400000, 0x000000012b400000| Untracked 
| 677|0x000000012b400000, 0x000000012b800000, 0x000000012b800000|100%| O|  |TAMS 0x000000012b800000, 0x000000012b800000| Untracked 
| 678|0x000000012b800000, 0x000000012bc00000, 0x000000012bc00000|100%| O|  |TAMS 0x000000012bc00000, 0x000000012bc00000| Untracked 
| 679|0x000000012bc00000, 0x000000012c000000, 0x000000012c000000|100%| O|  |TAMS 0x000000012c000000, 0x000000012c000000| Untracked 
| 680|0x000000012c000000, 0x000000012c400000, 0x000000012c400000|100%| O|  |TAMS 0x000000012c400000, 0x000000012c400000| Untracked 
| 681|0x000000012c400000, 0x000000012c800000, 0x000000012c800000|100%| O|  |TAMS 0x000000012c800000, 0x000000012c800000| Untracked 
| 682|0x000000012c800000, 0x000000012cc00000, 0x000000012cc00000|100%| O|  |TAMS 0x000000012cc00000, 0x000000012cc00000| Untracked 
| 683|0x000000012cc00000, 0x000000012d000000, 0x000000012d000000|100%| O|  |TAMS 0x000000012d000000, 0x000000012d000000| Untracked 
| 684|0x000000012d000000, 0x000000012d400000, 0x000000012d400000|100%| O|  |TAMS 0x000000012d400000, 0x000000012d400000| Untracked 
| 685|0x000000012d400000, 0x000000012d800000, 0x000000012d800000|100%| O|  |TAMS 0x000000012d800000, 0x000000012d800000| Untracked 
| 686|0x000000012d800000, 0x000000012dc00000, 0x000000012dc00000|100%| O|  |TAMS 0x000000012dc00000, 0x000000012dc00000| Untracked 
| 687|0x000000012dc00000, 0x000000012e000000, 0x000000012e000000|100%| O|  |TAMS 0x000000012e000000, 0x000000012e000000| Untracked 
| 688|0x000000012e000000, 0x000000012e400000, 0x000000012e400000|100%| O|  |TAMS 0x000000012e400000, 0x000000012e400000| Untracked 
| 689|0x000000012e400000, 0x000000012e800000, 0x000000012e800000|100%| O|  |TAMS 0x000000012e800000, 0x000000012e800000| Untracked 
| 690|0x000000012e800000, 0x000000012ec00000, 0x000000012ec00000|100%| O|  |TAMS 0x000000012ec00000, 0x000000012ec00000| Untracked 
| 691|0x000000012ec00000, 0x000000012f000000, 0x000000012f000000|100%| O|  |TAMS 0x000000012f000000, 0x000000012f000000| Untracked 
| 692|0x000000012f000000, 0x000000012f400000, 0x000000012f400000|100%| O|  |TAMS 0x000000012f400000, 0x000000012f400000| Untracked 
| 693|0x000000012f400000, 0x000000012f800000, 0x000000012f800000|100%| O|  |TAMS 0x000000012f800000, 0x000000012f800000| Untracked 
| 694|0x000000012f800000, 0x000000012fc00000, 0x000000012fc00000|100%| O|  |TAMS 0x000000012fc00000, 0x000000012fc00000| Untracked 
| 695|0x000000012fc00000, 0x0000000130000000, 0x0000000130000000|100%| O|  |TAMS 0x0000000130000000, 0x0000000130000000| Untracked 
| 696|0x0000000130000000, 0x0000000130400000, 0x0000000130400000|100%| O|  |TAMS 0x0000000130400000, 0x0000000130400000| Untracked 
| 697|0x0000000130400000, 0x0000000130800000, 0x0000000130800000|100%| O|  |TAMS 0x0000000130800000, 0x0000000130800000| Untracked 
| 698|0x0000000130800000, 0x0000000130c00000, 0x0000000130c00000|100%| O|  |TAMS 0x0000000130c00000, 0x0000000130c00000| Untracked 
| 699|0x0000000130c00000, 0x0000000131000000, 0x0000000131000000|100%| O|  |TAMS 0x0000000131000000, 0x0000000131000000| Untracked 
| 700|0x0000000131000000, 0x0000000131400000, 0x0000000131400000|100%| O|  |TAMS 0x0000000131400000, 0x0000000131400000| Untracked 
| 701|0x0000000131400000, 0x0000000131800000, 0x0000000131800000|100%| O|  |TAMS 0x0000000131800000, 0x0000000131800000| Untracked 
| 702|0x0000000131800000, 0x0000000131c00000, 0x0000000131c00000|100%| O|  |TAMS 0x0000000131c00000, 0x0000000131c00000| Untracked 
| 703|0x0000000131c00000, 0x0000000132000000, 0x0000000132000000|100%| O|  |TAMS 0x0000000132000000, 0x0000000132000000| Untracked 
| 704|0x0000000132000000, 0x0000000132400000, 0x0000000132400000|100%| O|  |TAMS 0x0000000132400000, 0x0000000132400000| Untracked 
| 705|0x0000000132400000, 0x0000000132800000, 0x0000000132800000|100%| O|  |TAMS 0x0000000132800000, 0x0000000132800000| Untracked 
| 706|0x0000000132800000, 0x0000000132c00000, 0x0000000132c00000|100%| O|  |TAMS 0x0000000132c00000, 0x0000000132c00000| Untracked 
| 707|0x0000000132c00000, 0x0000000133000000, 0x0000000133000000|100%| O|  |TAMS 0x0000000133000000, 0x0000000133000000| Untracked 
| 708|0x0000000133000000, 0x0000000133400000, 0x0000000133400000|100%| O|  |TAMS 0x0000000133400000, 0x0000000133400000| Untracked 
| 709|0x0000000133400000, 0x0000000133800000, 0x0000000133800000|100%| O|  |TAMS 0x0000000133800000, 0x0000000133800000| Untracked 
| 710|0x0000000133800000, 0x0000000133c00000, 0x0000000133c00000|100%| O|  |TAMS 0x0000000133c00000, 0x0000000133c00000| Untracked 
| 711|0x0000000133c00000, 0x0000000134000000, 0x0000000134000000|100%| O|  |TAMS 0x0000000134000000, 0x0000000134000000| Untracked 
| 712|0x0000000134000000, 0x0000000134400000, 0x0000000134400000|100%| O|  |TAMS 0x0000000134400000, 0x0000000134400000| Untracked 
| 713|0x0000000134400000, 0x0000000134800000, 0x0000000134800000|100%| O|  |TAMS 0x0000000134800000, 0x0000000134800000| Untracked 
| 714|0x0000000134800000, 0x0000000134c00000, 0x0000000134c00000|100%| O|  |TAMS 0x0000000134c00000, 0x0000000134c00000| Untracked 
| 715|0x0000000134c00000, 0x0000000135000000, 0x0000000135000000|100%| O|  |TAMS 0x0000000135000000, 0x0000000135000000| Untracked 
| 716|0x0000000135000000, 0x0000000135400000, 0x0000000135400000|100%| O|  |TAMS 0x0000000135400000, 0x0000000135400000| Untracked 
| 717|0x0000000135400000, 0x0000000135800000, 0x0000000135800000|100%| O|  |TAMS 0x0000000135800000, 0x0000000135800000| Untracked 
| 718|0x0000000135800000, 0x0000000135c00000, 0x0000000135c00000|100%| O|  |TAMS 0x0000000135c00000, 0x0000000135c00000| Untracked 
| 719|0x0000000135c00000, 0x0000000136000000, 0x0000000136000000|100%| O|  |TAMS 0x0000000136000000, 0x0000000136000000| Untracked 
| 720|0x0000000136000000, 0x0000000136400000, 0x0000000136400000|100%| O|  |TAMS 0x0000000136400000, 0x0000000136400000| Untracked 
| 721|0x0000000136400000, 0x0000000136800000, 0x0000000136800000|100%| O|  |TAMS 0x0000000136800000, 0x0000000136800000| Untracked 
| 722|0x0000000136800000, 0x0000000136c00000, 0x0000000136c00000|100%| O|  |TAMS 0x0000000136c00000, 0x0000000136c00000| Untracked 
| 723|0x0000000136c00000, 0x0000000137000000, 0x0000000137000000|100%| O|  |TAMS 0x0000000137000000, 0x0000000137000000| Untracked 
| 724|0x0000000137000000, 0x0000000137400000, 0x0000000137400000|100%| O|  |TAMS 0x0000000137400000, 0x0000000137400000| Untracked 
| 725|0x0000000137400000, 0x0000000137800000, 0x0000000137800000|100%| O|  |TAMS 0x0000000137800000, 0x0000000137800000| Untracked 
| 726|0x0000000137800000, 0x0000000137c00000, 0x0000000137c00000|100%| O|  |TAMS 0x0000000137c00000, 0x0000000137c00000| Untracked 
| 727|0x0000000137c00000, 0x0000000138000000, 0x0000000138000000|100%| O|  |TAMS 0x0000000138000000, 0x0000000138000000| Untracked 
| 728|0x0000000138000000, 0x0000000138400000, 0x0000000138400000|100%| O|  |TAMS 0x0000000138400000, 0x0000000138400000| Untracked 
| 729|0x0000000138400000, 0x0000000138800000, 0x0000000138800000|100%| O|  |TAMS 0x0000000138800000, 0x0000000138800000| Untracked 
| 730|0x0000000138800000, 0x0000000138c00000, 0x0000000138c00000|100%| O|  |TAMS 0x0000000138c00000, 0x0000000138c00000| Untracked 
| 731|0x0000000138c00000, 0x0000000139000000, 0x0000000139000000|100%| O|  |TAMS 0x0000000139000000, 0x0000000139000000| Untracked 
| 732|0x0000000139000000, 0x0000000139400000, 0x0000000139400000|100%| O|  |TAMS 0x0000000139400000, 0x0000000139400000| Untracked 
| 733|0x0000000139400000, 0x0000000139800000, 0x0000000139800000|100%| O|  |TAMS 0x0000000139800000, 0x0000000139800000| Untracked 
| 734|0x0000000139800000, 0x0000000139c00000, 0x0000000139c00000|100%| O|  |TAMS 0x0000000139c00000, 0x0000000139c00000| Untracked 
| 735|0x0000000139c00000, 0x000000013a000000, 0x000000013a000000|100%| O|  |TAMS 0x000000013a000000, 0x000000013a000000| Untracked 
| 736|0x000000013a000000, 0x000000013a400000, 0x000000013a400000|100%| O|  |TAMS 0x000000013a400000, 0x000000013a400000| Untracked 
| 737|0x000000013a400000, 0x000000013a800000, 0x000000013a800000|100%| O|  |TAMS 0x000000013a800000, 0x000000013a800000| Untracked 
| 738|0x000000013a800000, 0x000000013ac00000, 0x000000013ac00000|100%| O|  |TAMS 0x000000013ac00000, 0x000000013ac00000| Untracked 
| 739|0x000000013ac00000, 0x000000013b000000, 0x000000013b000000|100%| O|  |TAMS 0x000000013b000000, 0x000000013b000000| Untracked 
| 740|0x000000013b000000, 0x000000013b400000, 0x000000013b400000|100%| O|  |TAMS 0x000000013b400000, 0x000000013b400000| Untracked 
| 741|0x000000013b400000, 0x000000013b800000, 0x000000013b800000|100%| O|  |TAMS 0x000000013b800000, 0x000000013b800000| Untracked 
| 742|0x000000013b800000, 0x000000013bc00000, 0x000000013bc00000|100%| O|  |TAMS 0x000000013bc00000, 0x000000013bc00000| Untracked 
| 743|0x000000013bc00000, 0x000000013c000000, 0x000000013c000000|100%| O|  |TAMS 0x000000013c000000, 0x000000013c000000| Untracked 
| 744|0x000000013c000000, 0x000000013c400000, 0x000000013c400000|100%| O|  |TAMS 0x000000013c400000, 0x000000013c400000| Untracked 
| 745|0x000000013c400000, 0x000000013c800000, 0x000000013c800000|100%| O|  |TAMS 0x000000013c800000, 0x000000013c800000| Untracked 
| 746|0x000000013c800000, 0x000000013cc00000, 0x000000013cc00000|100%| O|  |TAMS 0x000000013cc00000, 0x000000013cc00000| Untracked 
| 747|0x000000013cc00000, 0x000000013d000000, 0x000000013d000000|100%| O|  |TAMS 0x000000013d000000, 0x000000013d000000| Untracked 
| 748|0x000000013d000000, 0x000000013d400000, 0x000000013d400000|100%| O|  |TAMS 0x000000013d400000, 0x000000013d400000| Untracked 
| 749|0x000000013d400000, 0x000000013d800000, 0x000000013d800000|100%| O|  |TAMS 0x000000013d800000, 0x000000013d800000| Untracked 
| 750|0x000000013d800000, 0x000000013dc00000, 0x000000013dc00000|100%| O|  |TAMS 0x000000013dc00000, 0x000000013dc00000| Untracked 
| 751|0x000000013dc00000, 0x000000013e000000, 0x000000013e000000|100%| O|  |TAMS 0x000000013e000000, 0x000000013e000000| Untracked 
| 752|0x000000013e000000, 0x000000013e400000, 0x000000013e400000|100%| O|  |TAMS 0x000000013e400000, 0x000000013e400000| Untracked 
| 753|0x000000013e400000, 0x000000013e800000, 0x000000013e800000|100%| O|  |TAMS 0x000000013e800000, 0x000000013e800000| Untracked 
| 754|0x000000013e800000, 0x000000013ec00000, 0x000000013ec00000|100%| O|  |TAMS 0x000000013ec00000, 0x000000013ec00000| Untracked 
| 755|0x000000013ec00000, 0x000000013f000000, 0x000000013f000000|100%| O|  |TAMS 0x000000013f000000, 0x000000013f000000| Untracked 
| 756|0x000000013f000000, 0x000000013f400000, 0x000000013f400000|100%| O|  |TAMS 0x000000013f400000, 0x000000013f400000| Untracked 
| 757|0x000000013f400000, 0x000000013f800000, 0x000000013f800000|100%| O|  |TAMS 0x000000013f800000, 0x000000013f800000| Untracked 
| 758|0x000000013f800000, 0x000000013fc00000, 0x000000013fc00000|100%| O|  |TAMS 0x000000013fc00000, 0x000000013fc00000| Untracked 
| 759|0x000000013fc00000, 0x0000000140000000, 0x0000000140000000|100%| O|  |TAMS 0x0000000140000000, 0x0000000140000000| Untracked 
| 760|0x0000000140000000, 0x0000000140400000, 0x0000000140400000|100%| O|  |TAMS 0x0000000140400000, 0x0000000140400000| Untracked 
| 761|0x0000000140400000, 0x0000000140800000, 0x0000000140800000|100%| O|  |TAMS 0x0000000140800000, 0x0000000140800000| Untracked 
| 762|0x0000000140800000, 0x0000000140c00000, 0x0000000140c00000|100%| O|  |TAMS 0x0000000140c00000, 0x0000000140c00000| Untracked 
| 763|0x0000000140c00000, 0x0000000141000000, 0x0000000141000000|100%| O|  |TAMS 0x0000000141000000, 0x0000000141000000| Untracked 
| 764|0x0000000141000000, 0x0000000141400000, 0x0000000141400000|100%| O|  |TAMS 0x0000000141400000, 0x0000000141400000| Untracked 
| 765|0x0000000141400000, 0x0000000141800000, 0x0000000141800000|100%| O|  |TAMS 0x0000000141800000, 0x0000000141800000| Untracked 
| 766|0x0000000141800000, 0x0000000141c00000, 0x0000000141c00000|100%| O|  |TAMS 0x0000000141c00000, 0x0000000141c00000| Untracked 
| 767|0x0000000141c00000, 0x0000000142000000, 0x0000000142000000|100%| O|  |TAMS 0x0000000142000000, 0x0000000142000000| Untracked 
| 768|0x0000000142000000, 0x0000000142400000, 0x0000000142400000|100%| O|  |TAMS 0x0000000142400000, 0x0000000142400000| Untracked 
| 769|0x0000000142400000, 0x0000000142800000, 0x0000000142800000|100%| O|  |TAMS 0x0000000142800000, 0x0000000142800000| Untracked 
| 770|0x0000000142800000, 0x0000000142c00000, 0x0000000142c00000|100%| O|  |TAMS 0x0000000142c00000, 0x0000000142c00000| Untracked 
| 771|0x0000000142c00000, 0x0000000143000000, 0x0000000143000000|100%| O|  |TAMS 0x0000000143000000, 0x0000000143000000| Untracked 
| 772|0x0000000143000000, 0x0000000143400000, 0x0000000143400000|100%| O|  |TAMS 0x0000000143400000, 0x0000000143400000| Untracked 
| 773|0x0000000143400000, 0x0000000143800000, 0x0000000143800000|100%| O|  |TAMS 0x0000000143800000, 0x0000000143800000| Untracked 
| 774|0x0000000143800000, 0x0000000143c00000, 0x0000000143c00000|100%| O|  |TAMS 0x0000000143c00000, 0x0000000143c00000| Untracked 
| 775|0x0000000143c00000, 0x0000000144000000, 0x0000000144000000|100%| O|  |TAMS 0x0000000144000000, 0x0000000144000000| Untracked 
| 776|0x0000000144000000, 0x0000000144400000, 0x0000000144400000|100%| O|  |TAMS 0x0000000144400000, 0x0000000144400000| Untracked 
| 777|0x0000000144400000, 0x0000000144800000, 0x0000000144800000|100%| O|  |TAMS 0x0000000144800000, 0x0000000144800000| Untracked 
| 778|0x0000000144800000, 0x0000000144c00000, 0x0000000144c00000|100%| O|  |TAMS 0x0000000144c00000, 0x0000000144c00000| Untracked 
| 779|0x0000000144c00000, 0x0000000145000000, 0x0000000145000000|100%| O|  |TAMS 0x0000000145000000, 0x0000000145000000| Untracked 
| 780|0x0000000145000000, 0x0000000145400000, 0x0000000145400000|100%| O|  |TAMS 0x0000000145400000, 0x0000000145400000| Untracked 
| 781|0x0000000145400000, 0x0000000145800000, 0x0000000145800000|100%| O|  |TAMS 0x0000000145511000, 0x0000000145800000| Untracked 
| 782|0x0000000145800000, 0x0000000145c00000, 0x0000000145c00000|100%| O|  |TAMS 0x0000000145800000, 0x0000000145c00000| Untracked 
| 783|0x0000000145c00000, 0x0000000146000000, 0x0000000146000000|100%| O|  |TAMS 0x0000000145c00000, 0x0000000146000000| Untracked 
| 784|0x0000000146000000, 0x0000000146400000, 0x0000000146400000|100%| O|  |TAMS 0x0000000146000000, 0x0000000146400000| Untracked 
| 785|0x0000000146400000, 0x0000000146800000, 0x0000000146800000|100%| O|  |TAMS 0x0000000146400000, 0x0000000146800000| Untracked 
| 786|0x0000000146800000, 0x0000000146c00000, 0x0000000146c00000|100%| O|  |TAMS 0x0000000146800000, 0x0000000146c00000| Untracked 
| 787|0x0000000146c00000, 0x0000000147000000, 0x0000000147000000|100%| O|  |TAMS 0x0000000146c00000, 0x0000000147000000| Untracked 
| 788|0x0000000147000000, 0x0000000147400000, 0x0000000147400000|100%| O|  |TAMS 0x0000000147000000, 0x0000000147400000| Untracked 
| 789|0x0000000147400000, 0x0000000147800000, 0x0000000147800000|100%| O|  |TAMS 0x0000000147400000, 0x0000000147800000| Untracked 
| 790|0x0000000147800000, 0x0000000147c00000, 0x0000000147c00000|100%| O|  |TAMS 0x0000000147800000, 0x0000000147c00000| Untracked 
| 791|0x0000000147c00000, 0x0000000148000000, 0x0000000148000000|100%| O|  |TAMS 0x0000000147c00000, 0x0000000148000000| Untracked 
| 792|0x0000000148000000, 0x0000000148400000, 0x0000000148400000|100%| O|  |TAMS 0x0000000148000000, 0x0000000148400000| Untracked 
| 793|0x0000000148400000, 0x0000000148800000, 0x0000000148800000|100%| O|  |TAMS 0x0000000148400000, 0x0000000148800000| Untracked 
| 794|0x0000000148800000, 0x0000000148c00000, 0x0000000148c00000|100%| O|  |TAMS 0x0000000148800000, 0x0000000148c00000| Untracked 
| 795|0x0000000148c00000, 0x0000000148ddc400, 0x0000000149000000| 46%| O|  |TAMS 0x0000000148c00000, 0x0000000148ddc400| Untracked 
| 796|0x0000000149000000, 0x0000000149000000, 0x0000000149400000|  0%| F|  |TAMS 0x0000000149000000, 0x0000000149000000| Untracked 
| 797|0x0000000149400000, 0x0000000149400000, 0x0000000149800000|  0%| F|  |TAMS 0x0000000149400000, 0x0000000149400000| Untracked 
| 798|0x0000000149800000, 0x0000000149800000, 0x0000000149c00000|  0%| F|  |TAMS 0x0000000149800000, 0x0000000149800000| Untracked 
| 799|0x0000000149c00000, 0x0000000149c00000, 0x000000014a000000|  0%| F|  |TAMS 0x0000000149c00000, 0x0000000149c00000| Untracked 
| 800|0x000000014a000000, 0x000000014a000000, 0x000000014a400000|  0%| F|  |TAMS 0x000000014a000000, 0x000000014a000000| Untracked 
| 801|0x000000014a400000, 0x000000014a400000, 0x000000014a800000|  0%| F|  |TAMS 0x000000014a400000, 0x000000014a400000| Untracked 
| 802|0x000000014a800000, 0x000000014a800000, 0x000000014ac00000|  0%| F|  |TAMS 0x000000014a800000, 0x000000014a800000| Untracked 
| 803|0x000000014ac00000, 0x000000014ac00000, 0x000000014b000000|  0%| F|  |TAMS 0x000000014ac00000, 0x000000014ac00000| Untracked 
| 804|0x000000014b000000, 0x000000014b000000, 0x000000014b400000|  0%| F|  |TAMS 0x000000014b000000, 0x000000014b000000| Untracked 
| 805|0x000000014b400000, 0x000000014b400000, 0x000000014b800000|  0%| F|  |TAMS 0x000000014b400000, 0x000000014b400000| Untracked 
| 806|0x000000014b800000, 0x000000014b800000, 0x000000014bc00000|  0%| F|  |TAMS 0x000000014b800000, 0x000000014b800000| Untracked 
| 807|0x000000014bc00000, 0x000000014bc00000, 0x000000014c000000|  0%| F|  |TAMS 0x000000014bc00000, 0x000000014bc00000| Untracked 
| 808|0x000000014c000000, 0x000000014c000000, 0x000000014c400000|  0%| F|  |TAMS 0x000000014c000000, 0x000000014c000000| Untracked 
| 809|0x000000014c400000, 0x000000014c400000, 0x000000014c800000|  0%| F|  |TAMS 0x000000014c400000, 0x000000014c400000| Untracked 
| 810|0x000000014c800000, 0x000000014c800000, 0x000000014cc00000|  0%| F|  |TAMS 0x000000014c800000, 0x000000014c800000| Untracked 
| 811|0x000000014cc00000, 0x000000014cc00000, 0x000000014d000000|  0%| F|  |TAMS 0x000000014cc00000, 0x000000014cc00000| Untracked 
| 812|0x000000014d000000, 0x000000014d000000, 0x000000014d400000|  0%| F|  |TAMS 0x000000014d000000, 0x000000014d000000| Untracked 
| 813|0x000000014d400000, 0x000000014d400000, 0x000000014d800000|  0%| F|  |TAMS 0x000000014d400000, 0x000000014d400000| Untracked 
| 814|0x000000014d800000, 0x000000014d800000, 0x000000014dc00000|  0%| F|  |TAMS 0x000000014d800000, 0x000000014d800000| Untracked 
| 815|0x000000014dc00000, 0x000000014dc00000, 0x000000014e000000|  0%| F|  |TAMS 0x000000014dc00000, 0x000000014dc00000| Untracked 
| 816|0x000000014e000000, 0x000000014e000000, 0x000000014e400000|  0%| F|  |TAMS 0x000000014e000000, 0x000000014e000000| Untracked 
| 817|0x000000014e400000, 0x000000014e400000, 0x000000014e800000|  0%| F|  |TAMS 0x000000014e400000, 0x000000014e400000| Untracked 
| 818|0x000000014e800000, 0x000000014e800000, 0x000000014ec00000|  0%| F|  |TAMS 0x000000014e800000, 0x000000014e800000| Untracked 
| 819|0x000000014ec00000, 0x000000014ec00000, 0x000000014f000000|  0%| F|  |TAMS 0x000000014ec00000, 0x000000014ec00000| Untracked 
| 820|0x000000014f000000, 0x000000014f000000, 0x000000014f400000|  0%| F|  |TAMS 0x000000014f000000, 0x000000014f000000| Untracked 
| 821|0x000000014f400000, 0x000000014f400000, 0x000000014f800000|  0%| F|  |TAMS 0x000000014f400000, 0x000000014f400000| Untracked 
| 822|0x000000014f800000, 0x000000014f800000, 0x000000014fc00000|  0%| F|  |TAMS 0x000000014f800000, 0x000000014f800000| Untracked 
| 823|0x000000014fc00000, 0x000000014fc00000, 0x0000000150000000|  0%| F|  |TAMS 0x000000014fc00000, 0x000000014fc00000| Untracked 
| 824|0x0000000150000000, 0x0000000150000000, 0x0000000150400000|  0%| F|  |TAMS 0x0000000150000000, 0x0000000150000000| Untracked 
| 825|0x0000000150400000, 0x0000000150400000, 0x0000000150800000|  0%| F|  |TAMS 0x0000000150400000, 0x0000000150400000| Untracked 
| 826|0x0000000150800000, 0x0000000150800000, 0x0000000150c00000|  0%| F|  |TAMS 0x0000000150800000, 0x0000000150800000| Untracked 
| 827|0x0000000150c00000, 0x0000000150c00000, 0x0000000151000000|  0%| F|  |TAMS 0x0000000150c00000, 0x0000000150c00000| Untracked 
| 828|0x0000000151000000, 0x0000000151000000, 0x0000000151400000|  0%| F|  |TAMS 0x0000000151000000, 0x0000000151000000| Untracked 
| 829|0x0000000151400000, 0x0000000151400000, 0x0000000151800000|  0%| F|  |TAMS 0x0000000151400000, 0x0000000151400000| Untracked 
| 830|0x0000000151800000, 0x0000000151800000, 0x0000000151c00000|  0%| F|  |TAMS 0x0000000151800000, 0x0000000151800000| Untracked 
| 831|0x0000000151c00000, 0x0000000151c00000, 0x0000000152000000|  0%| F|  |TAMS 0x0000000151c00000, 0x0000000151c00000| Untracked 
| 832|0x0000000152000000, 0x0000000152000000, 0x0000000152400000|  0%| F|  |TAMS 0x0000000152000000, 0x0000000152000000| Untracked 
| 833|0x0000000152400000, 0x0000000152400000, 0x0000000152800000|  0%| F|  |TAMS 0x0000000152400000, 0x0000000152400000| Untracked 
| 834|0x0000000152800000, 0x0000000152800000, 0x0000000152c00000|  0%| F|  |TAMS 0x0000000152800000, 0x0000000152800000| Untracked 
| 835|0x0000000152c00000, 0x0000000152c00000, 0x0000000153000000|  0%| F|  |TAMS 0x0000000152c00000, 0x0000000152c00000| Untracked 
| 836|0x0000000153000000, 0x0000000153000000, 0x0000000153400000|  0%| F|  |TAMS 0x0000000153000000, 0x0000000153000000| Untracked 
| 837|0x0000000153400000, 0x0000000153400000, 0x0000000153800000|  0%| F|  |TAMS 0x0000000153400000, 0x0000000153400000| Untracked 
| 838|0x0000000153800000, 0x0000000153800000, 0x0000000153c00000|  0%| F|  |TAMS 0x0000000153800000, 0x0000000153800000| Untracked 
| 839|0x0000000153c00000, 0x0000000153c00000, 0x0000000154000000|  0%| F|  |TAMS 0x0000000153c00000, 0x0000000153c00000| Untracked 
| 840|0x0000000154000000, 0x0000000154000000, 0x0000000154400000|  0%| F|  |TAMS 0x0000000154000000, 0x0000000154000000| Untracked 
| 841|0x0000000154400000, 0x0000000154400000, 0x0000000154800000|  0%| F|  |TAMS 0x0000000154400000, 0x0000000154400000| Untracked 
| 842|0x0000000154800000, 0x0000000154800000, 0x0000000154c00000|  0%| F|  |TAMS 0x0000000154800000, 0x0000000154800000| Untracked 
| 843|0x0000000154c00000, 0x0000000154c00000, 0x0000000155000000|  0%| F|  |TAMS 0x0000000154c00000, 0x0000000154c00000| Untracked 
| 844|0x0000000155000000, 0x0000000155000000, 0x0000000155400000|  0%| F|  |TAMS 0x0000000155000000, 0x0000000155000000| Untracked 
| 845|0x0000000155400000, 0x0000000155400000, 0x0000000155800000|  0%| F|  |TAMS 0x0000000155400000, 0x0000000155400000| Untracked 
| 846|0x0000000155800000, 0x0000000155800000, 0x0000000155c00000|  0%| F|  |TAMS 0x0000000155800000, 0x0000000155800000| Untracked 
| 847|0x0000000155c00000, 0x0000000155c00000, 0x0000000156000000|  0%| F|  |TAMS 0x0000000155c00000, 0x0000000155c00000| Untracked 
| 848|0x0000000156000000, 0x0000000156000000, 0x0000000156400000|  0%| F|  |TAMS 0x0000000156000000, 0x0000000156000000| Untracked 
| 849|0x0000000156400000, 0x0000000156400000, 0x0000000156800000|  0%| F|  |TAMS 0x0000000156400000, 0x0000000156400000| Untracked 
| 850|0x0000000156800000, 0x0000000156800000, 0x0000000156c00000|  0%| F|  |TAMS 0x0000000156800000, 0x0000000156800000| Untracked 
| 851|0x0000000156c00000, 0x0000000156c00000, 0x0000000157000000|  0%| F|  |TAMS 0x0000000156c00000, 0x0000000156c00000| Untracked 
| 852|0x0000000157000000, 0x0000000157000000, 0x0000000157400000|  0%| F|  |TAMS 0x0000000157000000, 0x0000000157000000| Untracked 
| 853|0x0000000157400000, 0x0000000157400000, 0x0000000157800000|  0%| F|  |TAMS 0x0000000157400000, 0x0000000157400000| Untracked 
| 854|0x0000000157800000, 0x0000000157800000, 0x0000000157c00000|  0%| F|  |TAMS 0x0000000157800000, 0x0000000157800000| Untracked 
| 855|0x0000000157c00000, 0x0000000157c00000, 0x0000000158000000|  0%| F|  |TAMS 0x0000000157c00000, 0x0000000157c00000| Untracked 
| 856|0x0000000158000000, 0x0000000158000000, 0x0000000158400000|  0%| F|  |TAMS 0x0000000158000000, 0x0000000158000000| Untracked 
| 857|0x0000000158400000, 0x0000000158400000, 0x0000000158800000|  0%| F|  |TAMS 0x0000000158400000, 0x0000000158400000| Untracked 
| 858|0x0000000158800000, 0x0000000158800000, 0x0000000158c00000|  0%| F|  |TAMS 0x0000000158800000, 0x0000000158800000| Untracked 
| 859|0x0000000158c00000, 0x0000000158c00000, 0x0000000159000000|  0%| F|  |TAMS 0x0000000158c00000, 0x0000000158c00000| Untracked 
| 860|0x0000000159000000, 0x0000000159000000, 0x0000000159400000|  0%| F|  |TAMS 0x0000000159000000, 0x0000000159000000| Untracked 
| 861|0x0000000159400000, 0x0000000159400000, 0x0000000159800000|  0%| F|  |TAMS 0x0000000159400000, 0x0000000159400000| Untracked 
| 862|0x0000000159800000, 0x0000000159800000, 0x0000000159c00000|  0%| F|  |TAMS 0x0000000159800000, 0x0000000159800000| Untracked 
| 863|0x0000000159c00000, 0x0000000159c00000, 0x000000015a000000|  0%| F|  |TAMS 0x0000000159c00000, 0x0000000159c00000| Untracked 
| 864|0x000000015a000000, 0x000000015a000000, 0x000000015a400000|  0%| F|  |TAMS 0x000000015a000000, 0x000000015a000000| Untracked 
| 865|0x000000015a400000, 0x000000015a400000, 0x000000015a800000|  0%| F|  |TAMS 0x000000015a400000, 0x000000015a400000| Untracked 
| 866|0x000000015a800000, 0x000000015a800000, 0x000000015ac00000|  0%| F|  |TAMS 0x000000015a800000, 0x000000015a800000| Untracked 
| 867|0x000000015ac00000, 0x000000015ac00000, 0x000000015b000000|  0%| F|  |TAMS 0x000000015ac00000, 0x000000015ac00000| Untracked 
| 868|0x000000015b000000, 0x000000015b000000, 0x000000015b400000|  0%| F|  |TAMS 0x000000015b000000, 0x000000015b000000| Untracked 
| 869|0x000000015b400000, 0x000000015b400000, 0x000000015b800000|  0%| F|  |TAMS 0x000000015b400000, 0x000000015b400000| Untracked 
| 870|0x000000015b800000, 0x000000015b800000, 0x000000015bc00000|  0%| F|  |TAMS 0x000000015b800000, 0x000000015b800000| Untracked 
| 871|0x000000015bc00000, 0x000000015bc00000, 0x000000015c000000|  0%| F|  |TAMS 0x000000015bc00000, 0x000000015bc00000| Untracked 
| 872|0x000000015c000000, 0x000000015c000000, 0x000000015c400000|  0%| F|  |TAMS 0x000000015c000000, 0x000000015c000000| Untracked 
| 873|0x000000015c400000, 0x000000015c400000, 0x000000015c800000|  0%| F|  |TAMS 0x000000015c400000, 0x000000015c400000| Untracked 
| 874|0x000000015c800000, 0x000000015c800000, 0x000000015cc00000|  0%| F|  |TAMS 0x000000015c800000, 0x000000015c800000| Untracked 
| 875|0x000000015cc00000, 0x000000015cc00000, 0x000000015d000000|  0%| F|  |TAMS 0x000000015cc00000, 0x000000015cc00000| Untracked 
| 876|0x000000015d000000, 0x000000015d000000, 0x000000015d400000|  0%| F|  |TAMS 0x000000015d000000, 0x000000015d000000| Untracked 
| 877|0x000000015d400000, 0x000000015d400000, 0x000000015d800000|  0%| F|  |TAMS 0x000000015d400000, 0x000000015d400000| Untracked 
| 878|0x000000015d800000, 0x000000015d800000, 0x000000015dc00000|  0%| F|  |TAMS 0x000000015d800000, 0x000000015d800000| Untracked 
| 879|0x000000015dc00000, 0x000000015dc00000, 0x000000015e000000|  0%| F|  |TAMS 0x000000015dc00000, 0x000000015dc00000| Untracked 
| 880|0x000000015e000000, 0x000000015e000000, 0x000000015e400000|  0%| F|  |TAMS 0x000000015e000000, 0x000000015e000000| Untracked 
| 881|0x000000015e400000, 0x000000015e400000, 0x000000015e800000|  0%| F|  |TAMS 0x000000015e400000, 0x000000015e400000| Untracked 
| 882|0x000000015e800000, 0x000000015e800000, 0x000000015ec00000|  0%| F|  |TAMS 0x000000015e800000, 0x000000015e800000| Untracked 
| 883|0x000000015ec00000, 0x000000015ec00000, 0x000000015f000000|  0%| F|  |TAMS 0x000000015ec00000, 0x000000015ec00000| Untracked 
| 884|0x000000015f000000, 0x000000015f000000, 0x000000015f400000|  0%| F|  |TAMS 0x000000015f000000, 0x000000015f000000| Untracked 
| 885|0x000000015f400000, 0x000000015f400000, 0x000000015f800000|  0%| F|  |TAMS 0x000000015f400000, 0x000000015f400000| Untracked 
| 886|0x000000015f800000, 0x000000015f800000, 0x000000015fc00000|  0%| F|  |TAMS 0x000000015f800000, 0x000000015f800000| Untracked 
| 887|0x000000015fc00000, 0x000000015fc00000, 0x0000000160000000|  0%| F|  |TAMS 0x000000015fc00000, 0x000000015fc00000| Untracked 
| 888|0x0000000160000000, 0x0000000160000000, 0x0000000160400000|  0%| F|  |TAMS 0x0000000160000000, 0x0000000160000000| Untracked 
| 889|0x0000000160400000, 0x0000000160400000, 0x0000000160800000|  0%| F|  |TAMS 0x0000000160400000, 0x0000000160400000| Untracked 
| 890|0x0000000160800000, 0x0000000160800000, 0x0000000160c00000|  0%| F|  |TAMS 0x0000000160800000, 0x0000000160800000| Untracked 
| 891|0x0000000160c00000, 0x0000000160c00000, 0x0000000161000000|  0%| F|  |TAMS 0x0000000160c00000, 0x0000000160c00000| Untracked 
| 892|0x0000000161000000, 0x0000000161000000, 0x0000000161400000|  0%| F|  |TAMS 0x0000000161000000, 0x0000000161000000| Untracked 
| 893|0x0000000161400000, 0x0000000161400000, 0x0000000161800000|  0%| F|  |TAMS 0x0000000161400000, 0x0000000161400000| Untracked 
| 894|0x0000000161800000, 0x0000000161800000, 0x0000000161c00000|  0%| F|  |TAMS 0x0000000161800000, 0x0000000161800000| Untracked 
| 895|0x0000000161c00000, 0x0000000161c00000, 0x0000000162000000|  0%| F|  |TAMS 0x0000000161c00000, 0x0000000161c00000| Untracked 
| 896|0x0000000162000000, 0x0000000162000000, 0x0000000162400000|  0%| F|  |TAMS 0x0000000162000000, 0x0000000162000000| Untracked 
| 897|0x0000000162400000, 0x0000000162400000, 0x0000000162800000|  0%| F|  |TAMS 0x0000000162400000, 0x0000000162400000| Untracked 
| 898|0x0000000162800000, 0x0000000162800000, 0x0000000162c00000|  0%| F|  |TAMS 0x0000000162800000, 0x0000000162800000| Untracked 
| 899|0x0000000162c00000, 0x0000000162c00000, 0x0000000163000000|  0%| F|  |TAMS 0x0000000162c00000, 0x0000000162c00000| Untracked 
| 900|0x0000000163000000, 0x0000000163000000, 0x0000000163400000|  0%| F|  |TAMS 0x0000000163000000, 0x0000000163000000| Untracked 
| 901|0x0000000163400000, 0x0000000163400000, 0x0000000163800000|  0%| F|  |TAMS 0x0000000163400000, 0x0000000163400000| Untracked 
| 902|0x0000000163800000, 0x0000000163800000, 0x0000000163c00000|  0%| F|  |TAMS 0x0000000163800000, 0x0000000163800000| Untracked 
| 903|0x0000000163c00000, 0x0000000163c00000, 0x0000000164000000|  0%| F|  |TAMS 0x0000000163c00000, 0x0000000163c00000| Untracked 
| 904|0x0000000164000000, 0x0000000164000000, 0x0000000164400000|  0%| F|  |TAMS 0x0000000164000000, 0x0000000164000000| Untracked 
| 905|0x0000000164400000, 0x0000000164400000, 0x0000000164800000|  0%| F|  |TAMS 0x0000000164400000, 0x0000000164400000| Untracked 
| 906|0x0000000164800000, 0x0000000164800000, 0x0000000164c00000|  0%| F|  |TAMS 0x0000000164800000, 0x0000000164800000| Untracked 
| 907|0x0000000164c00000, 0x0000000164c00000, 0x0000000165000000|  0%| F|  |TAMS 0x0000000164c00000, 0x0000000164c00000| Untracked 
| 908|0x0000000165000000, 0x0000000165000000, 0x0000000165400000|  0%| F|  |TAMS 0x0000000165000000, 0x0000000165000000| Untracked 
| 909|0x0000000165400000, 0x0000000165400000, 0x0000000165800000|  0%| F|  |TAMS 0x0000000165400000, 0x0000000165400000| Untracked 
| 910|0x0000000165800000, 0x0000000165800000, 0x0000000165c00000|  0%| F|  |TAMS 0x0000000165800000, 0x0000000165800000| Untracked 
| 911|0x0000000165c00000, 0x0000000165c00000, 0x0000000166000000|  0%| F|  |TAMS 0x0000000165c00000, 0x0000000165c00000| Untracked 
| 912|0x0000000166000000, 0x0000000166000000, 0x0000000166400000|  0%| F|  |TAMS 0x0000000166000000, 0x0000000166000000| Untracked 
| 913|0x0000000166400000, 0x0000000166400000, 0x0000000166800000|  0%| F|  |TAMS 0x0000000166400000, 0x0000000166400000| Untracked 
| 914|0x0000000166800000, 0x0000000166800000, 0x0000000166c00000|  0%| F|  |TAMS 0x0000000166800000, 0x0000000166800000| Untracked 
| 915|0x0000000166c00000, 0x0000000166c00000, 0x0000000167000000|  0%| F|  |TAMS 0x0000000166c00000, 0x0000000166c00000| Untracked 
| 916|0x0000000167000000, 0x0000000167000000, 0x0000000167400000|  0%| F|  |TAMS 0x0000000167000000, 0x0000000167000000| Untracked 
| 917|0x0000000167400000, 0x0000000167400000, 0x0000000167800000|  0%| F|  |TAMS 0x0000000167400000, 0x0000000167400000| Untracked 
| 918|0x0000000167800000, 0x0000000167800000, 0x0000000167c00000|  0%| F|  |TAMS 0x0000000167800000, 0x0000000167800000| Untracked 
| 919|0x0000000167c00000, 0x0000000167c00000, 0x0000000168000000|  0%| F|  |TAMS 0x0000000167c00000, 0x0000000167c00000| Untracked 
| 920|0x0000000168000000, 0x0000000168000000, 0x0000000168400000|  0%| F|  |TAMS 0x0000000168000000, 0x0000000168000000| Untracked 
| 921|0x0000000168400000, 0x0000000168400000, 0x0000000168800000|  0%| F|  |TAMS 0x0000000168400000, 0x0000000168400000| Untracked 
| 922|0x0000000168800000, 0x0000000168800000, 0x0000000168c00000|  0%| F|  |TAMS 0x0000000168800000, 0x0000000168800000| Untracked 
| 923|0x0000000168c00000, 0x0000000168c00000, 0x0000000169000000|  0%| F|  |TAMS 0x0000000168c00000, 0x0000000168c00000| Untracked 
| 924|0x0000000169000000, 0x0000000169000000, 0x0000000169400000|  0%| F|  |TAMS 0x0000000169000000, 0x0000000169000000| Untracked 
| 925|0x0000000169400000, 0x0000000169400000, 0x0000000169800000|  0%| F|  |TAMS 0x0000000169400000, 0x0000000169400000| Untracked 
| 926|0x0000000169800000, 0x0000000169800000, 0x0000000169c00000|  0%| F|  |TAMS 0x0000000169800000, 0x0000000169800000| Untracked 
| 927|0x0000000169c00000, 0x0000000169c00000, 0x000000016a000000|  0%| F|  |TAMS 0x0000000169c00000, 0x0000000169c00000| Untracked 
| 928|0x000000016a000000, 0x000000016a000000, 0x000000016a400000|  0%| F|  |TAMS 0x000000016a000000, 0x000000016a000000| Untracked 
| 929|0x000000016a400000, 0x000000016a400000, 0x000000016a800000|  0%| F|  |TAMS 0x000000016a400000, 0x000000016a400000| Untracked 
| 930|0x000000016a800000, 0x000000016a800000, 0x000000016ac00000|  0%| F|  |TAMS 0x000000016a800000, 0x000000016a800000| Untracked 
| 931|0x000000016ac00000, 0x000000016ac00000, 0x000000016b000000|  0%| F|  |TAMS 0x000000016ac00000, 0x000000016ac00000| Untracked 
| 932|0x000000016b000000, 0x000000016b000000, 0x000000016b400000|  0%| F|  |TAMS 0x000000016b000000, 0x000000016b000000| Untracked 
| 933|0x000000016b400000, 0x000000016b400000, 0x000000016b800000|  0%| F|  |TAMS 0x000000016b400000, 0x000000016b400000| Untracked 
| 934|0x000000016b800000, 0x000000016b800000, 0x000000016bc00000|  0%| F|  |TAMS 0x000000016b800000, 0x000000016b800000| Untracked 
| 935|0x000000016bc00000, 0x000000016bc00000, 0x000000016c000000|  0%| F|  |TAMS 0x000000016bc00000, 0x000000016bc00000| Untracked 
| 936|0x000000016c000000, 0x000000016c000000, 0x000000016c400000|  0%| F|  |TAMS 0x000000016c000000, 0x000000016c000000| Untracked 
| 937|0x000000016c400000, 0x000000016c400000, 0x000000016c800000|  0%| F|  |TAMS 0x000000016c400000, 0x000000016c400000| Untracked 
| 938|0x000000016c800000, 0x000000016c800000, 0x000000016cc00000|  0%| F|  |TAMS 0x000000016c800000, 0x000000016c800000| Untracked 
| 939|0x000000016cc00000, 0x000000016cc00000, 0x000000016d000000|  0%| F|  |TAMS 0x000000016cc00000, 0x000000016cc00000| Untracked 
| 940|0x000000016d000000, 0x000000016d000000, 0x000000016d400000|  0%| F|  |TAMS 0x000000016d000000, 0x000000016d000000| Untracked 
| 941|0x000000016d400000, 0x000000016d400000, 0x000000016d800000|  0%| F|  |TAMS 0x000000016d400000, 0x000000016d400000| Untracked 
| 942|0x000000016d800000, 0x000000016db56080, 0x000000016dc00000| 83%| E|CS|TAMS 0x000000016d800000, 0x000000016d800000| Complete 
| 943|0x000000016dc00000, 0x000000016e000000, 0x000000016e000000|100%| E|CS|TAMS 0x000000016dc00000, 0x000000016dc00000| Complete 
| 944|0x000000016e000000, 0x000000016e000000, 0x000000016e400000|  0%| F|  |TAMS 0x000000016e000000, 0x000000016e000000| Untracked 
| 945|0x000000016e400000, 0x000000016e400000, 0x000000016e800000|  0%| F|  |TAMS 0x000000016e400000, 0x000000016e400000| Untracked 
| 946|0x000000016e800000, 0x000000016e800000, 0x000000016ec00000|  0%| F|  |TAMS 0x000000016e800000, 0x000000016e800000| Untracked 
| 947|0x000000016ec00000, 0x000000016f000000, 0x000000016f000000|100%| E|CS|TAMS 0x000000016ec00000, 0x000000016ec00000| Complete 
| 948|0x000000016f000000, 0x000000016f400000, 0x000000016f400000|100%| E|CS|TAMS 0x000000016f000000, 0x000000016f000000| Complete 
| 949|0x000000016f400000, 0x000000016f800000, 0x000000016f800000|100%| E|CS|TAMS 0x000000016f400000, 0x000000016f400000| Complete 
| 950|0x000000016f800000, 0x000000016fc00000, 0x000000016fc00000|100%| E|CS|TAMS 0x000000016f800000, 0x000000016f800000| Complete 
| 951|0x000000016fc00000, 0x0000000170000000, 0x0000000170000000|100%| E|CS|TAMS 0x000000016fc00000, 0x000000016fc00000| Complete 
| 952|0x0000000170000000, 0x0000000170400000, 0x0000000170400000|100%| E|CS|TAMS 0x0000000170000000, 0x0000000170000000| Complete 
| 953|0x0000000170400000, 0x0000000170800000, 0x0000000170800000|100%| E|CS|TAMS 0x0000000170400000, 0x0000000170400000| Complete 
| 954|0x0000000170800000, 0x0000000170c00000, 0x0000000170c00000|100%| E|CS|TAMS 0x0000000170800000, 0x0000000170800000| Complete 
| 955|0x0000000170c00000, 0x0000000170c00000, 0x0000000171000000|  0%| F|  |TAMS 0x0000000170c00000, 0x0000000170c00000| Untracked 
| 956|0x0000000171000000, 0x0000000171000000, 0x0000000171400000|  0%| F|  |TAMS 0x0000000171000000, 0x0000000171000000| Untracked 
| 957|0x0000000171400000, 0x0000000171400000, 0x0000000171800000|  0%| F|  |TAMS 0x0000000171400000, 0x0000000171400000| Untracked 
| 958|0x0000000171800000, 0x0000000171800000, 0x0000000171c00000|  0%| F|  |TAMS 0x0000000171800000, 0x0000000171800000| Untracked 
| 959|0x0000000171c00000, 0x0000000171c00000, 0x0000000172000000|  0%| F|  |TAMS 0x0000000171c00000, 0x0000000171c00000| Untracked 
| 960|0x0000000172000000, 0x0000000172000000, 0x0000000172400000|  0%| F|  |TAMS 0x0000000172000000, 0x0000000172000000| Untracked 
| 961|0x0000000172400000, 0x0000000172400000, 0x0000000172800000|  0%| F|  |TAMS 0x0000000172400000, 0x0000000172400000| Untracked 
| 962|0x0000000172800000, 0x0000000172c00000, 0x0000000172c00000|100%| E|CS|TAMS 0x0000000172800000, 0x0000000172800000| Complete 
| 963|0x0000000172c00000, 0x0000000172c00000, 0x0000000173000000|  0%| F|  |TAMS 0x0000000172c00000, 0x0000000172c00000| Untracked 
| 964|0x0000000173000000, 0x0000000173000000, 0x0000000173400000|  0%| F|  |TAMS 0x0000000173000000, 0x0000000173000000| Untracked 
| 965|0x0000000173400000, 0x0000000173400000, 0x0000000173800000|  0%| F|  |TAMS 0x0000000173400000, 0x0000000173400000| Untracked 
| 966|0x0000000173800000, 0x0000000173800000, 0x0000000173c00000|  0%| F|  |TAMS 0x0000000173800000, 0x0000000173800000| Untracked 
| 967|0x0000000173c00000, 0x0000000174000000, 0x0000000174000000|100%| E|CS|TAMS 0x0000000173c00000, 0x0000000173c00000| Complete 
| 968|0x0000000174000000, 0x0000000174400000, 0x0000000174400000|100%| E|CS|TAMS 0x0000000174000000, 0x0000000174000000| Complete 
| 969|0x0000000174400000, 0x0000000174800000, 0x0000000174800000|100%| E|CS|TAMS 0x0000000174400000, 0x0000000174400000| Complete 
| 970|0x0000000174800000, 0x0000000174c00000, 0x0000000174c00000|100%| E|CS|TAMS 0x0000000174800000, 0x0000000174800000| Complete 
| 971|0x0000000174c00000, 0x0000000174c00000, 0x0000000175000000|  0%| F|  |TAMS 0x0000000174c00000, 0x0000000174c00000| Untracked 
| 972|0x0000000175000000, 0x0000000175000000, 0x0000000175400000|  0%| F|  |TAMS 0x0000000175000000, 0x0000000175000000| Untracked 
| 973|0x0000000175400000, 0x0000000175400000, 0x0000000175800000|  0%| F|  |TAMS 0x0000000175400000, 0x0000000175400000| Untracked 
| 974|0x0000000175800000, 0x0000000175800000, 0x0000000175c00000|  0%| F|  |TAMS 0x0000000175800000, 0x0000000175800000| Untracked 
| 975|0x0000000175c00000, 0x0000000175c00000, 0x0000000176000000|  0%| F|  |TAMS 0x0000000175c00000, 0x0000000175c00000| Untracked 
| 976|0x0000000176000000, 0x0000000176000000, 0x0000000176400000|  0%| F|  |TAMS 0x0000000176000000, 0x0000000176000000| Untracked 
| 977|0x0000000176400000, 0x0000000176400000, 0x0000000176800000|  0%| F|  |TAMS 0x0000000176400000, 0x0000000176400000| Untracked 
| 978|0x0000000176800000, 0x0000000176800000, 0x0000000176c00000|  0%| F|  |TAMS 0x0000000176800000, 0x0000000176800000| Untracked 
| 979|0x0000000176c00000, 0x0000000176c00000, 0x0000000177000000|  0%| F|  |TAMS 0x0000000176c00000, 0x0000000176c00000| Untracked 
| 980|0x0000000177000000, 0x0000000177000000, 0x0000000177400000|  0%| F|  |TAMS 0x0000000177000000, 0x0000000177000000| Untracked 
| 981|0x0000000177400000, 0x0000000177400000, 0x0000000177800000|  0%| F|  |TAMS 0x0000000177400000, 0x0000000177400000| Untracked 
| 982|0x0000000177800000, 0x0000000177800000, 0x0000000177c00000|  0%| F|  |TAMS 0x0000000177800000, 0x0000000177800000| Untracked 
| 983|0x0000000177c00000, 0x0000000177c00000, 0x0000000178000000|  0%| F|  |TAMS 0x0000000177c00000, 0x0000000177c00000| Untracked 
| 984|0x0000000178000000, 0x0000000178000000, 0x0000000178400000|  0%| F|  |TAMS 0x0000000178000000, 0x0000000178000000| Untracked 
| 985|0x0000000178400000, 0x0000000178400000, 0x0000000178800000|  0%| F|  |TAMS 0x0000000178400000, 0x0000000178400000| Untracked 
| 986|0x0000000178800000, 0x0000000178b17dc0, 0x0000000178c00000| 77%| S|  |TAMS 0x0000000178800000, 0x0000000178800000| Complete 
| 987|0x0000000178c00000, 0x0000000179000000, 0x0000000179000000|100%| S|  |TAMS 0x0000000178c00000, 0x0000000178c00000| Complete 
| 988|0x0000000179000000, 0x0000000179400000, 0x0000000179400000|100%| S|  |TAMS 0x0000000179000000, 0x0000000179000000| Complete 
| 989|0x0000000179400000, 0x0000000179800000, 0x0000000179800000|100%| S|  |TAMS 0x0000000179400000, 0x0000000179400000| Complete 
| 990|0x0000000179800000, 0x0000000179c00000, 0x0000000179c00000|100%| S|  |TAMS 0x0000000179800000, 0x0000000179800000| Complete 
| 991|0x0000000179c00000, 0x000000017a000000, 0x000000017a000000|100%| S|  |TAMS 0x0000000179c00000, 0x0000000179c00000| Complete 
| 992|0x000000017a000000, 0x000000017a400000, 0x000000017a400000|100%| S|  |TAMS 0x000000017a000000, 0x000000017a000000| Complete 
| 993|0x000000017a400000, 0x000000017a800000, 0x000000017a800000|100%| S|  |TAMS 0x000000017a400000, 0x000000017a400000| Complete 
| 994|0x000000017a800000, 0x000000017ac00000, 0x000000017ac00000|100%| S|  |TAMS 0x000000017a800000, 0x000000017a800000| Complete 
| 995|0x000000017ac00000, 0x000000017b000000, 0x000000017b000000|100%| S|  |TAMS 0x000000017ac00000, 0x000000017ac00000| Complete 
| 996|0x000000017b000000, 0x000000017b400000, 0x000000017b400000|100%| S|  |TAMS 0x000000017b000000, 0x000000017b000000| Complete 
| 997|0x000000017b400000, 0x000000017b800000, 0x000000017b800000|100%| S|  |TAMS 0x000000017b400000, 0x000000017b400000| Complete 
| 998|0x000000017b800000, 0x000000017bc00000, 0x000000017bc00000|100%| S|  |TAMS 0x000000017b800000, 0x000000017b800000| Complete 
| 999|0x000000017bc00000, 0x000000017c000000, 0x000000017c000000|100%| S|  |TAMS 0x000000017bc00000, 0x000000017bc00000| Complete 
|1000|0x000000017c000000, 0x000000017c400000, 0x000000017c400000|100%| S|  |TAMS 0x000000017c000000, 0x000000017c000000| Complete 
|1001|0x000000017c400000, 0x000000017c800000, 0x000000017c800000|100%| S|  |TAMS 0x000000017c400000, 0x000000017c400000| Complete 
|1002|0x000000017c800000, 0x000000017cc00000, 0x000000017cc00000|100%| E|CS|TAMS 0x000000017c800000, 0x000000017c800000| Complete 
|1003|0x000000017cc00000, 0x000000017d000000, 0x000000017d000000|100%| E|CS|TAMS 0x000000017cc00000, 0x000000017cc00000| Complete 
|1004|0x000000017d000000, 0x000000017d400000, 0x000000017d400000|100%| E|CS|TAMS 0x000000017d000000, 0x000000017d000000| Complete 
|1005|0x000000017d400000, 0x000000017d800000, 0x000000017d800000|100%| E|CS|TAMS 0x000000017d400000, 0x000000017d400000| Complete 
|1006|0x000000017d800000, 0x000000017dc00000, 0x000000017dc00000|100%| E|CS|TAMS 0x000000017d800000, 0x000000017d800000| Complete 
|1007|0x000000017dc00000, 0x000000017e000000, 0x000000017e000000|100%| E|CS|TAMS 0x000000017dc00000, 0x000000017dc00000| Complete 
|1008|0x000000017e000000, 0x000000017e400000, 0x000000017e400000|100%| E|CS|TAMS 0x000000017e000000, 0x000000017e000000| Complete 
|1009|0x000000017e400000, 0x000000017e800000, 0x000000017e800000|100%| E|CS|TAMS 0x000000017e400000, 0x000000017e400000| Complete 
|1010|0x000000017e800000, 0x000000017ec00000, 0x000000017ec00000|100%| E|CS|TAMS 0x000000017e800000, 0x000000017e800000| Complete 
|1011|0x000000017ec00000, 0x000000017f000000, 0x000000017f000000|100%| E|CS|TAMS 0x000000017ec00000, 0x000000017ec00000| Complete 
|1012|0x000000017f000000, 0x000000017f400000, 0x000000017f400000|100%| E|CS|TAMS 0x000000017f000000, 0x000000017f000000| Complete 
|1013|0x000000017f400000, 0x000000017f800000, 0x000000017f800000|100%| E|CS|TAMS 0x000000017f400000, 0x000000017f400000| Complete 
|1014|0x000000017f800000, 0x000000017fc00000, 0x000000017fc00000|100%| E|CS|TAMS 0x000000017f800000, 0x000000017f800000| Complete 
|1015|0x000000017fc00000, 0x0000000180000000, 0x0000000180000000|100%| E|CS|TAMS 0x000000017fc00000, 0x000000017fc00000| Complete 
|1016|0x0000000180000000, 0x0000000180400000, 0x0000000180400000|100%| E|CS|TAMS 0x0000000180000000, 0x0000000180000000| Complete 
|1017|0x0000000180400000, 0x0000000180800000, 0x0000000180800000|100%| E|CS|TAMS 0x0000000180400000, 0x0000000180400000| Complete 
|1018|0x0000000180800000, 0x0000000180c00000, 0x0000000180c00000|100%| E|CS|TAMS 0x0000000180800000, 0x0000000180800000| Complete 
|1019|0x0000000180c00000, 0x0000000181000000, 0x0000000181000000|100%| E|CS|TAMS 0x0000000180c00000, 0x0000000180c00000| Complete 
|1020|0x0000000181000000, 0x0000000181400000, 0x0000000181400000|100%| E|CS|TAMS 0x0000000181000000, 0x0000000181000000| Complete 
|1021|0x0000000181400000, 0x0000000181800000, 0x0000000181800000|100%| E|CS|TAMS 0x0000000181400000, 0x0000000181400000| Complete 
|1022|0x0000000181800000, 0x0000000181c00000, 0x0000000181c00000|100%| E|CS|TAMS 0x0000000181800000, 0x0000000181800000| Complete 
|1023|0x0000000181c00000, 0x0000000182000000, 0x0000000182000000|100%| E|CS|TAMS 0x0000000181c00000, 0x0000000181c00000| Complete 
|1024|0x0000000182000000, 0x0000000182400000, 0x0000000182400000|100%| E|CS|TAMS 0x0000000182000000, 0x0000000182000000| Complete 
|1025|0x0000000182400000, 0x0000000182800000, 0x0000000182800000|100%| E|CS|TAMS 0x0000000182400000, 0x0000000182400000| Complete 
|1026|0x0000000182800000, 0x0000000182c00000, 0x0000000182c00000|100%| E|CS|TAMS 0x0000000182800000, 0x0000000182800000| Complete 
|1027|0x0000000182c00000, 0x0000000183000000, 0x0000000183000000|100%| E|CS|TAMS 0x0000000182c00000, 0x0000000182c00000| Complete 
|1028|0x0000000183000000, 0x0000000183400000, 0x0000000183400000|100%| E|CS|TAMS 0x0000000183000000, 0x0000000183000000| Complete 
|1029|0x0000000183400000, 0x0000000183800000, 0x0000000183800000|100%| E|CS|TAMS 0x0000000183400000, 0x0000000183400000| Complete 
|1030|0x0000000183800000, 0x0000000183c00000, 0x0000000183c00000|100%| E|CS|TAMS 0x0000000183800000, 0x0000000183800000| Complete 
|1031|0x0000000183c00000, 0x0000000184000000, 0x0000000184000000|100%| E|CS|TAMS 0x0000000183c00000, 0x0000000183c00000| Complete 
|1032|0x0000000184000000, 0x0000000184400000, 0x0000000184400000|100%| E|CS|TAMS 0x0000000184000000, 0x0000000184000000| Complete 
|1033|0x0000000184400000, 0x0000000184800000, 0x0000000184800000|100%| E|CS|TAMS 0x0000000184400000, 0x0000000184400000| Complete 
|1034|0x0000000184800000, 0x0000000184c00000, 0x0000000184c00000|100%| E|CS|TAMS 0x0000000184800000, 0x0000000184800000| Complete 
|1035|0x0000000184c00000, 0x0000000185000000, 0x0000000185000000|100%| E|CS|TAMS 0x0000000184c00000, 0x0000000184c00000| Complete 
|1036|0x0000000185000000, 0x0000000185400000, 0x0000000185400000|100%| E|CS|TAMS 0x0000000185000000, 0x0000000185000000| Complete 
|1037|0x0000000185400000, 0x0000000185800000, 0x0000000185800000|100%| E|CS|TAMS 0x0000000185400000, 0x0000000185400000| Complete 
|1038|0x0000000185800000, 0x0000000185c00000, 0x0000000185c00000|100%| E|CS|TAMS 0x0000000185800000, 0x0000000185800000| Complete 
|1039|0x0000000185c00000, 0x0000000186000000, 0x0000000186000000|100%| E|CS|TAMS 0x0000000185c00000, 0x0000000185c00000| Complete 
|1040|0x0000000186000000, 0x0000000186400000, 0x0000000186400000|100%| E|CS|TAMS 0x0000000186000000, 0x0000000186000000| Complete 
|1041|0x0000000186400000, 0x0000000186800000, 0x0000000186800000|100%| E|CS|TAMS 0x0000000186400000, 0x0000000186400000| Complete 
|1042|0x0000000186800000, 0x0000000186c00000, 0x0000000186c00000|100%| E|CS|TAMS 0x0000000186800000, 0x0000000186800000| Complete 
|1043|0x0000000186c00000, 0x0000000187000000, 0x0000000187000000|100%| E|CS|TAMS 0x0000000186c00000, 0x0000000186c00000| Complete 
|1044|0x0000000187000000, 0x0000000187400000, 0x0000000187400000|100%| E|CS|TAMS 0x0000000187000000, 0x0000000187000000| Complete 
|1045|0x0000000187400000, 0x0000000187800000, 0x0000000187800000|100%| E|CS|TAMS 0x0000000187400000, 0x0000000187400000| Complete 
|1046|0x0000000187800000, 0x0000000187c00000, 0x0000000187c00000|100%| E|CS|TAMS 0x0000000187800000, 0x0000000187800000| Complete 
|1047|0x0000000187c00000, 0x0000000188000000, 0x0000000188000000|100%| E|CS|TAMS 0x0000000187c00000, 0x0000000187c00000| Complete 
|1048|0x0000000188000000, 0x0000000188400000, 0x0000000188400000|100%| E|CS|TAMS 0x0000000188000000, 0x0000000188000000| Complete 
|1049|0x0000000188400000, 0x0000000188800000, 0x0000000188800000|100%| E|CS|TAMS 0x0000000188400000, 0x0000000188400000| Complete 
|1050|0x0000000188800000, 0x0000000188c00000, 0x0000000188c00000|100%| E|CS|TAMS 0x0000000188800000, 0x0000000188800000| Complete 
|1051|0x0000000188c00000, 0x0000000189000000, 0x0000000189000000|100%| E|CS|TAMS 0x0000000188c00000, 0x0000000188c00000| Complete 
|1052|0x0000000189000000, 0x0000000189400000, 0x0000000189400000|100%| E|CS|TAMS 0x0000000189000000, 0x0000000189000000| Complete 
|1053|0x0000000189400000, 0x0000000189800000, 0x0000000189800000|100%| E|CS|TAMS 0x0000000189400000, 0x0000000189400000| Complete 
|1054|0x0000000189800000, 0x0000000189c00000, 0x0000000189c00000|100%| E|CS|TAMS 0x0000000189800000, 0x0000000189800000| Complete 
|1055|0x0000000189c00000, 0x000000018a000000, 0x000000018a000000|100%| E|CS|TAMS 0x0000000189c00000, 0x0000000189c00000| Complete 
|1056|0x000000018a000000, 0x000000018a400000, 0x000000018a400000|100%| E|CS|TAMS 0x000000018a000000, 0x000000018a000000| Complete 
|1057|0x000000018a400000, 0x000000018a800000, 0x000000018a800000|100%| E|CS|TAMS 0x000000018a400000, 0x000000018a400000| Complete 
|1058|0x000000018a800000, 0x000000018ac00000, 0x000000018ac00000|100%| E|CS|TAMS 0x000000018a800000, 0x000000018a800000| Complete 
|1059|0x000000018ac00000, 0x000000018b000000, 0x000000018b000000|100%| E|CS|TAMS 0x000000018ac00000, 0x000000018ac00000| Complete 
|1060|0x000000018b000000, 0x000000018b400000, 0x000000018b400000|100%| E|CS|TAMS 0x000000018b000000, 0x000000018b000000| Complete 
|1061|0x000000018b400000, 0x000000018b800000, 0x000000018b800000|100%| E|CS|TAMS 0x000000018b400000, 0x000000018b400000| Complete 
|1062|0x000000018b800000, 0x000000018bc00000, 0x000000018bc00000|100%| E|CS|TAMS 0x000000018b800000, 0x000000018b800000| Complete 
|1063|0x000000018bc00000, 0x000000018c000000, 0x000000018c000000|100%| E|CS|TAMS 0x000000018bc00000, 0x000000018bc00000| Complete 
|1064|0x000000018c000000, 0x000000018c400000, 0x000000018c400000|100%| E|CS|TAMS 0x000000018c000000, 0x000000018c000000| Complete 
|1065|0x000000018c400000, 0x000000018c800000, 0x000000018c800000|100%| E|CS|TAMS 0x000000018c400000, 0x000000018c400000| Complete 
|1066|0x000000018c800000, 0x000000018cc00000, 0x000000018cc00000|100%| E|CS|TAMS 0x000000018c800000, 0x000000018c800000| Complete 
|1067|0x000000018cc00000, 0x000000018d000000, 0x000000018d000000|100%| E|CS|TAMS 0x000000018cc00000, 0x000000018cc00000| Complete 
|1068|0x000000018d000000, 0x000000018d400000, 0x000000018d400000|100%| E|CS|TAMS 0x000000018d000000, 0x000000018d000000| Complete 
|1069|0x000000018d400000, 0x000000018d800000, 0x000000018d800000|100%| E|CS|TAMS 0x000000018d400000, 0x000000018d400000| Complete 
|1070|0x000000018d800000, 0x000000018dc00000, 0x000000018dc00000|100%| E|CS|TAMS 0x000000018d800000, 0x000000018d800000| Complete 
|1071|0x000000018dc00000, 0x000000018e000000, 0x000000018e000000|100%| E|CS|TAMS 0x000000018dc00000, 0x000000018dc00000| Complete 
|1072|0x000000018e000000, 0x000000018e400000, 0x000000018e400000|100%| E|CS|TAMS 0x000000018e000000, 0x000000018e000000| Complete 
|1073|0x000000018e400000, 0x000000018e800000, 0x000000018e800000|100%| E|CS|TAMS 0x000000018e400000, 0x000000018e400000| Complete 
|1074|0x000000018e800000, 0x000000018ec00000, 0x000000018ec00000|100%| E|CS|TAMS 0x000000018e800000, 0x000000018e800000| Complete 
|1075|0x000000018ec00000, 0x000000018f000000, 0x000000018f000000|100%| E|CS|TAMS 0x000000018ec00000, 0x000000018ec00000| Complete 
|1076|0x000000018f000000, 0x000000018f400000, 0x000000018f400000|100%| E|CS|TAMS 0x000000018f000000, 0x000000018f000000| Complete 
|1077|0x000000018f400000, 0x000000018f800000, 0x000000018f800000|100%| E|CS|TAMS 0x000000018f400000, 0x000000018f400000| Complete 
|1078|0x000000018f800000, 0x000000018fc00000, 0x000000018fc00000|100%| E|CS|TAMS 0x000000018f800000, 0x000000018f800000| Complete 
|1079|0x000000018fc00000, 0x0000000190000000, 0x0000000190000000|100%| E|CS|TAMS 0x000000018fc00000, 0x000000018fc00000| Complete 
|1080|0x0000000190000000, 0x0000000190400000, 0x0000000190400000|100%| E|CS|TAMS 0x0000000190000000, 0x0000000190000000| Complete 
|1081|0x0000000190400000, 0x0000000190800000, 0x0000000190800000|100%| E|CS|TAMS 0x0000000190400000, 0x0000000190400000| Complete 
|1082|0x0000000190800000, 0x0000000190c00000, 0x0000000190c00000|100%| E|CS|TAMS 0x0000000190800000, 0x0000000190800000| Complete 
|1083|0x0000000190c00000, 0x0000000191000000, 0x0000000191000000|100%| E|CS|TAMS 0x0000000190c00000, 0x0000000190c00000| Complete 
|1084|0x0000000191000000, 0x0000000191400000, 0x0000000191400000|100%| E|CS|TAMS 0x0000000191000000, 0x0000000191000000| Complete 
|1085|0x0000000191400000, 0x0000000191800000, 0x0000000191800000|100%| E|CS|TAMS 0x0000000191400000, 0x0000000191400000| Complete 
|1086|0x0000000191800000, 0x0000000191c00000, 0x0000000191c00000|100%| E|CS|TAMS 0x0000000191800000, 0x0000000191800000| Complete 
|1087|0x0000000191c00000, 0x0000000192000000, 0x0000000192000000|100%| E|CS|TAMS 0x0000000191c00000, 0x0000000191c00000| Complete 
|1088|0x0000000192000000, 0x0000000192400000, 0x0000000192400000|100%| E|CS|TAMS 0x0000000192000000, 0x0000000192000000| Complete 
|1089|0x0000000192400000, 0x0000000192800000, 0x0000000192800000|100%| E|CS|TAMS 0x0000000192400000, 0x0000000192400000| Complete 
|1090|0x0000000192800000, 0x0000000192c00000, 0x0000000192c00000|100%| E|CS|TAMS 0x0000000192800000, 0x0000000192800000| Complete 
|1091|0x0000000192c00000, 0x0000000193000000, 0x0000000193000000|100%| E|CS|TAMS 0x0000000192c00000, 0x0000000192c00000| Complete 
|1092|0x0000000193000000, 0x0000000193400000, 0x0000000193400000|100%| E|CS|TAMS 0x0000000193000000, 0x0000000193000000| Complete 
|1093|0x0000000193400000, 0x0000000193800000, 0x0000000193800000|100%| E|CS|TAMS 0x0000000193400000, 0x0000000193400000| Complete 
|1094|0x0000000193800000, 0x0000000193c00000, 0x0000000193c00000|100%| E|CS|TAMS 0x0000000193800000, 0x0000000193800000| Complete 
|1095|0x0000000193c00000, 0x0000000194000000, 0x0000000194000000|100%| E|CS|TAMS 0x0000000193c00000, 0x0000000193c00000| Complete 
|1096|0x0000000194000000, 0x0000000194400000, 0x0000000194400000|100%| E|CS|TAMS 0x0000000194000000, 0x0000000194000000| Complete 
|1097|0x0000000194400000, 0x0000000194800000, 0x0000000194800000|100%| E|CS|TAMS 0x0000000194400000, 0x0000000194400000| Complete 
|1098|0x0000000194800000, 0x0000000194c00000, 0x0000000194c00000|100%| E|CS|TAMS 0x0000000194800000, 0x0000000194800000| Complete 
|1099|0x0000000194c00000, 0x0000000195000000, 0x0000000195000000|100%| E|CS|TAMS 0x0000000194c00000, 0x0000000194c00000| Complete 
|1100|0x0000000195000000, 0x0000000195400000, 0x0000000195400000|100%| E|CS|TAMS 0x0000000195000000, 0x0000000195000000| Complete 
|1101|0x0000000195400000, 0x0000000195800000, 0x0000000195800000|100%| E|CS|TAMS 0x0000000195400000, 0x0000000195400000| Complete 
|1102|0x0000000195800000, 0x0000000195c00000, 0x0000000195c00000|100%| E|CS|TAMS 0x0000000195800000, 0x0000000195800000| Complete 
|1103|0x0000000195c00000, 0x0000000196000000, 0x0000000196000000|100%| E|CS|TAMS 0x0000000195c00000, 0x0000000195c00000| Complete 
|1104|0x0000000196000000, 0x0000000196400000, 0x0000000196400000|100%| E|CS|TAMS 0x0000000196000000, 0x0000000196000000| Complete 
|1105|0x0000000196400000, 0x0000000196800000, 0x0000000196800000|100%| E|CS|TAMS 0x0000000196400000, 0x0000000196400000| Complete 
|1106|0x0000000196800000, 0x0000000196c00000, 0x0000000196c00000|100%| E|CS|TAMS 0x0000000196800000, 0x0000000196800000| Complete 
|1107|0x0000000196c00000, 0x0000000197000000, 0x0000000197000000|100%| E|CS|TAMS 0x0000000196c00000, 0x0000000196c00000| Complete 
|1108|0x0000000197000000, 0x0000000197400000, 0x0000000197400000|100%| E|CS|TAMS 0x0000000197000000, 0x0000000197000000| Complete 
|1109|0x0000000197400000, 0x0000000197800000, 0x0000000197800000|100%| E|CS|TAMS 0x0000000197400000, 0x0000000197400000| Complete 
|1110|0x0000000197800000, 0x0000000197c00000, 0x0000000197c00000|100%| E|CS|TAMS 0x0000000197800000, 0x0000000197800000| Complete 
|1111|0x0000000197c00000, 0x0000000198000000, 0x0000000198000000|100%| E|CS|TAMS 0x0000000197c00000, 0x0000000197c00000| Complete 
|1112|0x0000000198000000, 0x0000000198400000, 0x0000000198400000|100%| E|CS|TAMS 0x0000000198000000, 0x0000000198000000| Complete 
|1113|0x0000000198400000, 0x0000000198800000, 0x0000000198800000|100%| E|CS|TAMS 0x0000000198400000, 0x0000000198400000| Complete 
|1114|0x0000000198800000, 0x0000000198c00000, 0x0000000198c00000|100%| E|CS|TAMS 0x0000000198800000, 0x0000000198800000| Complete 
|1115|0x0000000198c00000, 0x0000000199000000, 0x0000000199000000|100%| E|CS|TAMS 0x0000000198c00000, 0x0000000198c00000| Complete 
|1116|0x0000000199000000, 0x0000000199400000, 0x0000000199400000|100%| E|CS|TAMS 0x0000000199000000, 0x0000000199000000| Complete 
|1117|0x0000000199400000, 0x0000000199800000, 0x0000000199800000|100%| E|CS|TAMS 0x0000000199400000, 0x0000000199400000| Complete 
|1118|0x0000000199800000, 0x0000000199c00000, 0x0000000199c00000|100%| E|CS|TAMS 0x0000000199800000, 0x0000000199800000| Complete 
|1119|0x0000000199c00000, 0x000000019a000000, 0x000000019a000000|100%| E|CS|TAMS 0x0000000199c00000, 0x0000000199c00000| Complete 
|1120|0x000000019a000000, 0x000000019a400000, 0x000000019a400000|100%| E|CS|TAMS 0x000000019a000000, 0x000000019a000000| Complete 
|1121|0x000000019a400000, 0x000000019a800000, 0x000000019a800000|100%| E|CS|TAMS 0x000000019a400000, 0x000000019a400000| Complete 
|1122|0x000000019a800000, 0x000000019ac00000, 0x000000019ac00000|100%| E|CS|TAMS 0x000000019a800000, 0x000000019a800000| Complete 
|1123|0x000000019ac00000, 0x000000019b000000, 0x000000019b000000|100%| E|CS|TAMS 0x000000019ac00000, 0x000000019ac00000| Complete 
|1124|0x000000019b000000, 0x000000019b400000, 0x000000019b400000|100%| E|CS|TAMS 0x000000019b000000, 0x000000019b000000| Complete 
|1125|0x000000019b400000, 0x000000019b800000, 0x000000019b800000|100%| E|CS|TAMS 0x000000019b400000, 0x000000019b400000| Complete 
|1126|0x000000019b800000, 0x000000019bc00000, 0x000000019bc00000|100%| E|CS|TAMS 0x000000019b800000, 0x000000019b800000| Complete 
|1127|0x000000019bc00000, 0x000000019c000000, 0x000000019c000000|100%| E|CS|TAMS 0x000000019bc00000, 0x000000019bc00000| Complete 
|1128|0x000000019c000000, 0x000000019c400000, 0x000000019c400000|100%| E|CS|TAMS 0x000000019c000000, 0x000000019c000000| Complete 
|1129|0x000000019c400000, 0x000000019c800000, 0x000000019c800000|100%| E|CS|TAMS 0x000000019c400000, 0x000000019c400000| Complete 
|1130|0x000000019c800000, 0x000000019cc00000, 0x000000019cc00000|100%| E|CS|TAMS 0x000000019c800000, 0x000000019c800000| Complete 
|1131|0x000000019cc00000, 0x000000019d000000, 0x000000019d000000|100%| E|CS|TAMS 0x000000019cc00000, 0x000000019cc00000| Complete 
|1132|0x000000019d000000, 0x000000019d400000, 0x000000019d400000|100%| E|CS|TAMS 0x000000019d000000, 0x000000019d000000| Complete 
|1133|0x000000019d400000, 0x000000019d800000, 0x000000019d800000|100%| E|CS|TAMS 0x000000019d400000, 0x000000019d400000| Complete 
|1134|0x000000019d800000, 0x000000019dc00000, 0x000000019dc00000|100%| E|CS|TAMS 0x000000019d800000, 0x000000019d800000| Complete 
|1135|0x000000019dc00000, 0x000000019e000000, 0x000000019e000000|100%| E|CS|TAMS 0x000000019dc00000, 0x000000019dc00000| Complete 
|1136|0x000000019e000000, 0x000000019e400000, 0x000000019e400000|100%| E|CS|TAMS 0x000000019e000000, 0x000000019e000000| Complete 
|1137|0x000000019e400000, 0x000000019e800000, 0x000000019e800000|100%| E|CS|TAMS 0x000000019e400000, 0x000000019e400000| Complete 
|1138|0x000000019e800000, 0x000000019ec00000, 0x000000019ec00000|100%| E|CS|TAMS 0x000000019e800000, 0x000000019e800000| Complete 
|1139|0x000000019ec00000, 0x000000019f000000, 0x000000019f000000|100%| E|CS|TAMS 0x000000019ec00000, 0x000000019ec00000| Complete 
|1140|0x000000019f000000, 0x000000019f400000, 0x000000019f400000|100%| E|CS|TAMS 0x000000019f000000, 0x000000019f000000| Complete 
|1141|0x000000019f400000, 0x000000019f800000, 0x000000019f800000|100%| E|CS|TAMS 0x000000019f400000, 0x000000019f400000| Complete 
|1142|0x000000019f800000, 0x000000019fc00000, 0x000000019fc00000|100%| E|CS|TAMS 0x000000019f800000, 0x000000019f800000| Complete 
|1143|0x000000019fc00000, 0x00000001a0000000, 0x00000001a0000000|100%| E|CS|TAMS 0x000000019fc00000, 0x000000019fc00000| Complete 
|1144|0x00000001a0000000, 0x00000001a0400000, 0x00000001a0400000|100%| E|CS|TAMS 0x00000001a0000000, 0x00000001a0000000| Complete 
|1145|0x00000001a0400000, 0x00000001a0800000, 0x00000001a0800000|100%| E|CS|TAMS 0x00000001a0400000, 0x00000001a0400000| Complete 
|1146|0x00000001a0800000, 0x00000001a0c00000, 0x00000001a0c00000|100%| E|CS|TAMS 0x00000001a0800000, 0x00000001a0800000| Complete 
|1147|0x00000001a0c00000, 0x00000001a1000000, 0x00000001a1000000|100%| E|CS|TAMS 0x00000001a0c00000, 0x00000001a0c00000| Complete 
|1148|0x00000001a1000000, 0x00000001a1400000, 0x00000001a1400000|100%| E|CS|TAMS 0x00000001a1000000, 0x00000001a1000000| Complete 
|1149|0x00000001a1400000, 0x00000001a1800000, 0x00000001a1800000|100%| E|CS|TAMS 0x00000001a1400000, 0x00000001a1400000| Complete 
|1150|0x00000001a1800000, 0x00000001a1c00000, 0x00000001a1c00000|100%| E|CS|TAMS 0x00000001a1800000, 0x00000001a1800000| Complete 
|1151|0x00000001a1c00000, 0x00000001a2000000, 0x00000001a2000000|100%| E|CS|TAMS 0x00000001a1c00000, 0x00000001a1c00000| Complete 
|1152|0x00000001a2000000, 0x00000001a2400000, 0x00000001a2400000|100%| E|CS|TAMS 0x00000001a2000000, 0x00000001a2000000| Complete 
|1153|0x00000001a2400000, 0x00000001a2800000, 0x00000001a2800000|100%| E|CS|TAMS 0x00000001a2400000, 0x00000001a2400000| Complete 
|1154|0x00000001a2800000, 0x00000001a2c00000, 0x00000001a2c00000|100%| E|CS|TAMS 0x00000001a2800000, 0x00000001a2800000| Complete 
|1155|0x00000001a2c00000, 0x00000001a3000000, 0x00000001a3000000|100%| E|CS|TAMS 0x00000001a2c00000, 0x00000001a2c00000| Complete 
|1156|0x00000001a3000000, 0x00000001a3400000, 0x00000001a3400000|100%| E|CS|TAMS 0x00000001a3000000, 0x00000001a3000000| Complete 
|1157|0x00000001a3400000, 0x00000001a3800000, 0x00000001a3800000|100%| E|CS|TAMS 0x00000001a3400000, 0x00000001a3400000| Complete 
|1158|0x00000001a3800000, 0x00000001a3c00000, 0x00000001a3c00000|100%| E|CS|TAMS 0x00000001a3800000, 0x00000001a3800000| Complete 
|1159|0x00000001a3c00000, 0x00000001a4000000, 0x00000001a4000000|100%| E|CS|TAMS 0x00000001a3c00000, 0x00000001a3c00000| Complete 
|1160|0x00000001a4000000, 0x00000001a4400000, 0x00000001a4400000|100%| E|CS|TAMS 0x00000001a4000000, 0x00000001a4000000| Complete 
|1161|0x00000001a4400000, 0x00000001a4800000, 0x00000001a4800000|100%| E|CS|TAMS 0x00000001a4400000, 0x00000001a4400000| Complete 
|1162|0x00000001a4800000, 0x00000001a4c00000, 0x00000001a4c00000|100%| E|CS|TAMS 0x00000001a4800000, 0x00000001a4800000| Complete 
|1163|0x00000001a4c00000, 0x00000001a5000000, 0x00000001a5000000|100%| E|CS|TAMS 0x00000001a4c00000, 0x00000001a4c00000| Complete 
|1164|0x00000001a5000000, 0x00000001a5400000, 0x00000001a5400000|100%| E|CS|TAMS 0x00000001a5000000, 0x00000001a5000000| Complete 
|1165|0x00000001a5400000, 0x00000001a5800000, 0x00000001a5800000|100%| E|CS|TAMS 0x00000001a5400000, 0x00000001a5400000| Complete 
|1166|0x00000001a5800000, 0x00000001a5c00000, 0x00000001a5c00000|100%| E|CS|TAMS 0x00000001a5800000, 0x00000001a5800000| Complete 
|1167|0x00000001a5c00000, 0x00000001a6000000, 0x00000001a6000000|100%| E|CS|TAMS 0x00000001a5c00000, 0x00000001a5c00000| Complete 
|1168|0x00000001a6000000, 0x00000001a6400000, 0x00000001a6400000|100%| E|CS|TAMS 0x00000001a6000000, 0x00000001a6000000| Complete 
|1169|0x00000001a6400000, 0x00000001a6800000, 0x00000001a6800000|100%| E|CS|TAMS 0x00000001a6400000, 0x00000001a6400000| Complete 
|1170|0x00000001a6800000, 0x00000001a6c00000, 0x00000001a6c00000|100%| E|CS|TAMS 0x00000001a6800000, 0x00000001a6800000| Complete 
|1171|0x00000001a6c00000, 0x00000001a7000000, 0x00000001a7000000|100%| E|CS|TAMS 0x00000001a6c00000, 0x00000001a6c00000| Complete 
|1172|0x00000001a7000000, 0x00000001a7400000, 0x00000001a7400000|100%| E|CS|TAMS 0x00000001a7000000, 0x00000001a7000000| Complete 
|1173|0x00000001a7400000, 0x00000001a7800000, 0x00000001a7800000|100%| E|CS|TAMS 0x00000001a7400000, 0x00000001a7400000| Complete 
|1174|0x00000001a7800000, 0x00000001a7c00000, 0x00000001a7c00000|100%| E|CS|TAMS 0x00000001a7800000, 0x00000001a7800000| Complete 
|1175|0x00000001a7c00000, 0x00000001a8000000, 0x00000001a8000000|100%| E|CS|TAMS 0x00000001a7c00000, 0x00000001a7c00000| Complete 
|1176|0x00000001a8000000, 0x00000001a8400000, 0x00000001a8400000|100%| E|CS|TAMS 0x00000001a8000000, 0x00000001a8000000| Complete 
|1177|0x00000001a8400000, 0x00000001a8800000, 0x00000001a8800000|100%| E|CS|TAMS 0x00000001a8400000, 0x00000001a8400000| Complete 
|1178|0x00000001a8800000, 0x00000001a8c00000, 0x00000001a8c00000|100%| E|CS|TAMS 0x00000001a8800000, 0x00000001a8800000| Complete 
|1179|0x00000001a8c00000, 0x00000001a9000000, 0x00000001a9000000|100%| E|CS|TAMS 0x00000001a8c00000, 0x00000001a8c00000| Complete 
|1180|0x00000001a9000000, 0x00000001a9400000, 0x00000001a9400000|100%| E|CS|TAMS 0x00000001a9000000, 0x00000001a9000000| Complete 
|1181|0x00000001a9400000, 0x00000001a9800000, 0x00000001a9800000|100%| E|CS|TAMS 0x00000001a9400000, 0x00000001a9400000| Complete 
|1182|0x00000001a9800000, 0x00000001a9c00000, 0x00000001a9c00000|100%| E|CS|TAMS 0x00000001a9800000, 0x00000001a9800000| Complete 
|1183|0x00000001a9c00000, 0x00000001aa000000, 0x00000001aa000000|100%| E|CS|TAMS 0x00000001a9c00000, 0x00000001a9c00000| Complete 
|1184|0x00000001aa000000, 0x00000001aa400000, 0x00000001aa400000|100%| E|CS|TAMS 0x00000001aa000000, 0x00000001aa000000| Complete 
|1185|0x00000001aa400000, 0x00000001aa800000, 0x00000001aa800000|100%| E|CS|TAMS 0x00000001aa400000, 0x00000001aa400000| Complete 
|1186|0x00000001aa800000, 0x00000001aac00000, 0x00000001aac00000|100%| E|CS|TAMS 0x00000001aa800000, 0x00000001aa800000| Complete 
|1187|0x00000001aac00000, 0x00000001ab000000, 0x00000001ab000000|100%| E|CS|TAMS 0x00000001aac00000, 0x00000001aac00000| Complete 
|1188|0x00000001ab000000, 0x00000001ab400000, 0x00000001ab400000|100%| E|CS|TAMS 0x00000001ab000000, 0x00000001ab000000| Complete 
|1189|0x00000001ab400000, 0x00000001ab800000, 0x00000001ab800000|100%| E|CS|TAMS 0x00000001ab400000, 0x00000001ab400000| Complete 
|1190|0x00000001ab800000, 0x00000001abc00000, 0x00000001abc00000|100%| E|CS|TAMS 0x00000001ab800000, 0x00000001ab800000| Complete 
|1191|0x00000001abc00000, 0x00000001ac000000, 0x00000001ac000000|100%| E|CS|TAMS 0x00000001abc00000, 0x00000001abc00000| Complete 
|1192|0x00000001ac000000, 0x00000001ac400000, 0x00000001ac400000|100%| E|CS|TAMS 0x00000001ac000000, 0x00000001ac000000| Complete 
|1193|0x00000001ac400000, 0x00000001ac800000, 0x00000001ac800000|100%| E|CS|TAMS 0x00000001ac400000, 0x00000001ac400000| Complete 
|1194|0x00000001ac800000, 0x00000001acc00000, 0x00000001acc00000|100%| E|CS|TAMS 0x00000001ac800000, 0x00000001ac800000| Complete 
|1195|0x00000001acc00000, 0x00000001ad000000, 0x00000001ad000000|100%| E|CS|TAMS 0x00000001acc00000, 0x00000001acc00000| Complete 
|1196|0x00000001ad000000, 0x00000001ad400000, 0x00000001ad400000|100%| E|CS|TAMS 0x00000001ad000000, 0x00000001ad000000| Complete 
|1197|0x00000001ad400000, 0x00000001ad800000, 0x00000001ad800000|100%| E|CS|TAMS 0x00000001ad400000, 0x00000001ad400000| Complete 
|1198|0x00000001ad800000, 0x00000001adc00000, 0x00000001adc00000|100%| E|CS|TAMS 0x00000001ad800000, 0x00000001ad800000| Complete 
|1199|0x00000001adc00000, 0x00000001ae000000, 0x00000001ae000000|100%| E|CS|TAMS 0x00000001adc00000, 0x00000001adc00000| Complete 
|1200|0x00000001ae000000, 0x00000001ae400000, 0x00000001ae400000|100%| E|CS|TAMS 0x00000001ae000000, 0x00000001ae000000| Complete 
|1201|0x00000001ae400000, 0x00000001ae800000, 0x00000001ae800000|100%| E|CS|TAMS 0x00000001ae400000, 0x00000001ae400000| Complete 
|1202|0x00000001ae800000, 0x00000001aec00000, 0x00000001aec00000|100%| E|CS|TAMS 0x00000001ae800000, 0x00000001ae800000| Complete 
|1203|0x00000001aec00000, 0x00000001af000000, 0x00000001af000000|100%| E|CS|TAMS 0x00000001aec00000, 0x00000001aec00000| Complete 
|1204|0x00000001af000000, 0x00000001af400000, 0x00000001af400000|100%| E|CS|TAMS 0x00000001af000000, 0x00000001af000000| Complete 
|1205|0x00000001af400000, 0x00000001af800000, 0x00000001af800000|100%| E|CS|TAMS 0x00000001af400000, 0x00000001af400000| Complete 
|1206|0x00000001af800000, 0x00000001afc00000, 0x00000001afc00000|100%| E|CS|TAMS 0x00000001af800000, 0x00000001af800000| Complete 
|1207|0x00000001afc00000, 0x00000001b0000000, 0x00000001b0000000|100%| E|CS|TAMS 0x00000001afc00000, 0x00000001afc00000| Complete 
|1208|0x00000001b0000000, 0x00000001b0400000, 0x00000001b0400000|100%| E|CS|TAMS 0x00000001b0000000, 0x00000001b0000000| Complete 
|1209|0x00000001b0400000, 0x00000001b0800000, 0x00000001b0800000|100%| E|CS|TAMS 0x00000001b0400000, 0x00000001b0400000| Complete 
|1210|0x00000001b0800000, 0x00000001b0c00000, 0x00000001b0c00000|100%| E|CS|TAMS 0x00000001b0800000, 0x00000001b0800000| Complete 
|1211|0x00000001b0c00000, 0x00000001b1000000, 0x00000001b1000000|100%| E|CS|TAMS 0x00000001b0c00000, 0x00000001b0c00000| Complete 
|1212|0x00000001b1000000, 0x00000001b1400000, 0x00000001b1400000|100%| E|CS|TAMS 0x00000001b1000000, 0x00000001b1000000| Complete 
|1213|0x00000001b1400000, 0x00000001b1800000, 0x00000001b1800000|100%| E|CS|TAMS 0x00000001b1400000, 0x00000001b1400000| Complete 
|1214|0x00000001b1800000, 0x00000001b1c00000, 0x00000001b1c00000|100%| E|CS|TAMS 0x00000001b1800000, 0x00000001b1800000| Complete 
|1215|0x00000001b1c00000, 0x00000001b2000000, 0x00000001b2000000|100%| E|CS|TAMS 0x00000001b1c00000, 0x00000001b1c00000| Complete 
|1216|0x00000001b2000000, 0x00000001b2400000, 0x00000001b2400000|100%| E|CS|TAMS 0x00000001b2000000, 0x00000001b2000000| Complete 
|1217|0x00000001b2400000, 0x00000001b2800000, 0x00000001b2800000|100%| E|CS|TAMS 0x00000001b2400000, 0x00000001b2400000| Complete 
|1218|0x00000001b2800000, 0x00000001b2c00000, 0x00000001b2c00000|100%| E|CS|TAMS 0x00000001b2800000, 0x00000001b2800000| Complete 
|1219|0x00000001b2c00000, 0x00000001b3000000, 0x00000001b3000000|100%| E|CS|TAMS 0x00000001b2c00000, 0x00000001b2c00000| Complete 
|1220|0x00000001b3000000, 0x00000001b3400000, 0x00000001b3400000|100%| E|CS|TAMS 0x00000001b3000000, 0x00000001b3000000| Complete 
|1221|0x00000001b3400000, 0x00000001b3800000, 0x00000001b3800000|100%| E|CS|TAMS 0x00000001b3400000, 0x00000001b3400000| Complete 
|1222|0x00000001b3800000, 0x00000001b3c00000, 0x00000001b3c00000|100%| E|CS|TAMS 0x00000001b3800000, 0x00000001b3800000| Complete 
|1223|0x00000001b3c00000, 0x00000001b4000000, 0x00000001b4000000|100%| E|CS|TAMS 0x00000001b3c00000, 0x00000001b3c00000| Complete 
|1224|0x00000001b4000000, 0x00000001b4400000, 0x00000001b4400000|100%| E|CS|TAMS 0x00000001b4000000, 0x00000001b4000000| Complete 
|1225|0x00000001b4400000, 0x00000001b4800000, 0x00000001b4800000|100%| E|CS|TAMS 0x00000001b4400000, 0x00000001b4400000| Complete 
|1226|0x00000001b4800000, 0x00000001b4c00000, 0x00000001b4c00000|100%| E|CS|TAMS 0x00000001b4800000, 0x00000001b4800000| Complete 
|1227|0x00000001b4c00000, 0x00000001b5000000, 0x00000001b5000000|100%| E|CS|TAMS 0x00000001b4c00000, 0x00000001b4c00000| Complete 
|1228|0x00000001b5000000, 0x00000001b5400000, 0x00000001b5400000|100%| E|CS|TAMS 0x00000001b5000000, 0x00000001b5000000| Complete 
|1229|0x00000001b5400000, 0x00000001b5800000, 0x00000001b5800000|100%| E|CS|TAMS 0x00000001b5400000, 0x00000001b5400000| Complete 
|1230|0x00000001b5800000, 0x00000001b5c00000, 0x00000001b5c00000|100%| E|CS|TAMS 0x00000001b5800000, 0x00000001b5800000| Complete 
|1231|0x00000001b5c00000, 0x00000001b6000000, 0x00000001b6000000|100%| E|CS|TAMS 0x00000001b5c00000, 0x00000001b5c00000| Complete 
|1232|0x00000001b6000000, 0x00000001b6400000, 0x00000001b6400000|100%| E|CS|TAMS 0x00000001b6000000, 0x00000001b6000000| Complete 
|1233|0x00000001b6400000, 0x00000001b6800000, 0x00000001b6800000|100%| E|CS|TAMS 0x00000001b6400000, 0x00000001b6400000| Complete 
|1234|0x00000001b6800000, 0x00000001b6c00000, 0x00000001b6c00000|100%| E|CS|TAMS 0x00000001b6800000, 0x00000001b6800000| Complete 
|1235|0x00000001b6c00000, 0x00000001b7000000, 0x00000001b7000000|100%| E|CS|TAMS 0x00000001b6c00000, 0x00000001b6c00000| Complete 
|1236|0x00000001b7000000, 0x00000001b7400000, 0x00000001b7400000|100%| E|CS|TAMS 0x00000001b7000000, 0x00000001b7000000| Complete 
|1237|0x00000001b7400000, 0x00000001b7800000, 0x00000001b7800000|100%| E|CS|TAMS 0x00000001b7400000, 0x00000001b7400000| Complete 
|1238|0x00000001b7800000, 0x00000001b7c00000, 0x00000001b7c00000|100%| E|CS|TAMS 0x00000001b7800000, 0x00000001b7800000| Complete 
|1239|0x00000001b7c00000, 0x00000001b8000000, 0x00000001b8000000|100%| E|CS|TAMS 0x00000001b7c00000, 0x00000001b7c00000| Complete 
|1240|0x00000001b8000000, 0x00000001b8400000, 0x00000001b8400000|100%| E|CS|TAMS 0x00000001b8000000, 0x00000001b8000000| Complete 
|1241|0x00000001b8400000, 0x00000001b8800000, 0x00000001b8800000|100%| E|CS|TAMS 0x00000001b8400000, 0x00000001b8400000| Complete 
|1242|0x00000001b8800000, 0x00000001b8c00000, 0x00000001b8c00000|100%| E|CS|TAMS 0x00000001b8800000, 0x00000001b8800000| Complete 
|1243|0x00000001b8c00000, 0x00000001b9000000, 0x00000001b9000000|100%| E|CS|TAMS 0x00000001b8c00000, 0x00000001b8c00000| Complete 
|1244|0x00000001b9000000, 0x00000001b9400000, 0x00000001b9400000|100%| E|CS|TAMS 0x00000001b9000000, 0x00000001b9000000| Complete 
|1245|0x00000001b9400000, 0x00000001b9800000, 0x00000001b9800000|100%| E|CS|TAMS 0x00000001b9400000, 0x00000001b9400000| Complete 
|1246|0x00000001b9800000, 0x00000001b9c00000, 0x00000001b9c00000|100%| E|CS|TAMS 0x00000001b9800000, 0x00000001b9800000| Complete 
|1247|0x00000001b9c00000, 0x00000001ba000000, 0x00000001ba000000|100%| E|CS|TAMS 0x00000001b9c00000, 0x00000001b9c00000| Complete 
|1248|0x00000001ba000000, 0x00000001ba400000, 0x00000001ba400000|100%| E|CS|TAMS 0x00000001ba000000, 0x00000001ba000000| Complete 
|1249|0x00000001ba400000, 0x00000001ba800000, 0x00000001ba800000|100%| E|CS|TAMS 0x00000001ba400000, 0x00000001ba400000| Complete 
|1250|0x00000001ba800000, 0x00000001bac00000, 0x00000001bac00000|100%| E|CS|TAMS 0x00000001ba800000, 0x00000001ba800000| Complete 
|1251|0x00000001bac00000, 0x00000001bb000000, 0x00000001bb000000|100%| E|CS|TAMS 0x00000001bac00000, 0x00000001bac00000| Complete 
|1252|0x00000001bb000000, 0x00000001bb400000, 0x00000001bb400000|100%| E|CS|TAMS 0x00000001bb000000, 0x00000001bb000000| Complete 
|1253|0x00000001bb400000, 0x00000001bb800000, 0x00000001bb800000|100%| E|CS|TAMS 0x00000001bb400000, 0x00000001bb400000| Complete 
|1254|0x00000001bb800000, 0x00000001bbc00000, 0x00000001bbc00000|100%| E|CS|TAMS 0x00000001bb800000, 0x00000001bb800000| Complete 
|1255|0x00000001bbc00000, 0x00000001bc000000, 0x00000001bc000000|100%| E|CS|TAMS 0x00000001bbc00000, 0x00000001bbc00000| Complete 
|1256|0x00000001bc000000, 0x00000001bc400000, 0x00000001bc400000|100%| E|CS|TAMS 0x00000001bc000000, 0x00000001bc000000| Complete 
|1257|0x00000001bc400000, 0x00000001bc800000, 0x00000001bc800000|100%| E|CS|TAMS 0x00000001bc400000, 0x00000001bc400000| Complete 
|1258|0x00000001bc800000, 0x00000001bcc00000, 0x00000001bcc00000|100%| E|CS|TAMS 0x00000001bc800000, 0x00000001bc800000| Complete 
|1259|0x00000001bcc00000, 0x00000001bd000000, 0x00000001bd000000|100%| E|CS|TAMS 0x00000001bcc00000, 0x00000001bcc00000| Complete 
|1260|0x00000001bd000000, 0x00000001bd400000, 0x00000001bd400000|100%| E|CS|TAMS 0x00000001bd000000, 0x00000001bd000000| Complete 
|1261|0x00000001bd400000, 0x00000001bd800000, 0x00000001bd800000|100%| E|CS|TAMS 0x00000001bd400000, 0x00000001bd400000| Complete 
|1262|0x00000001bd800000, 0x00000001bdc00000, 0x00000001bdc00000|100%| E|CS|TAMS 0x00000001bd800000, 0x00000001bd800000| Complete 
|1263|0x00000001bdc00000, 0x00000001be000000, 0x00000001be000000|100%| E|CS|TAMS 0x00000001bdc00000, 0x00000001bdc00000| Complete 
|1264|0x00000001be000000, 0x00000001be400000, 0x00000001be400000|100%| E|CS|TAMS 0x00000001be000000, 0x00000001be000000| Complete 
|1265|0x00000001be400000, 0x00000001be800000, 0x00000001be800000|100%| E|CS|TAMS 0x00000001be400000, 0x00000001be400000| Complete 
|1266|0x00000001be800000, 0x00000001bec00000, 0x00000001bec00000|100%| E|CS|TAMS 0x00000001be800000, 0x00000001be800000| Complete 
|1267|0x00000001bec00000, 0x00000001bf000000, 0x00000001bf000000|100%| E|CS|TAMS 0x00000001bec00000, 0x00000001bec00000| Complete 
|1268|0x00000001bf000000, 0x00000001bf400000, 0x00000001bf400000|100%| E|CS|TAMS 0x00000001bf000000, 0x00000001bf000000| Complete 
|1269|0x00000001bf400000, 0x00000001bf800000, 0x00000001bf800000|100%| E|CS|TAMS 0x00000001bf400000, 0x00000001bf400000| Complete 
|1270|0x00000001bf800000, 0x00000001bfc00000, 0x00000001bfc00000|100%| E|CS|TAMS 0x00000001bf800000, 0x00000001bf800000| Complete 
|1271|0x00000001bfc00000, 0x00000001c0000000, 0x00000001c0000000|100%| E|CS|TAMS 0x00000001bfc00000, 0x00000001bfc00000| Complete 
|1272|0x00000001c0000000, 0x00000001c0400000, 0x00000001c0400000|100%| E|CS|TAMS 0x00000001c0000000, 0x00000001c0000000| Complete 
|1273|0x00000001c0400000, 0x00000001c0800000, 0x00000001c0800000|100%| E|CS|TAMS 0x00000001c0400000, 0x00000001c0400000| Complete 
|1274|0x00000001c0800000, 0x00000001c0c00000, 0x00000001c0c00000|100%| E|CS|TAMS 0x00000001c0800000, 0x00000001c0800000| Complete 
|1275|0x00000001c0c00000, 0x00000001c1000000, 0x00000001c1000000|100%| E|CS|TAMS 0x00000001c0c00000, 0x00000001c0c00000| Complete 
|1276|0x00000001c1000000, 0x00000001c1400000, 0x00000001c1400000|100%| E|CS|TAMS 0x00000001c1000000, 0x00000001c1000000| Complete 
|1277|0x00000001c1400000, 0x00000001c1800000, 0x00000001c1800000|100%| E|CS|TAMS 0x00000001c1400000, 0x00000001c1400000| Complete 
|1278|0x00000001c1800000, 0x00000001c1c00000, 0x00000001c1c00000|100%| E|CS|TAMS 0x00000001c1800000, 0x00000001c1800000| Complete 
|1279|0x00000001c1c00000, 0x00000001c2000000, 0x00000001c2000000|100%| E|CS|TAMS 0x00000001c1c00000, 0x00000001c1c00000| Complete 
|1280|0x00000001c2000000, 0x00000001c2400000, 0x00000001c2400000|100%| E|CS|TAMS 0x00000001c2000000, 0x00000001c2000000| Complete 
|1281|0x00000001c2400000, 0x00000001c2800000, 0x00000001c2800000|100%| E|CS|TAMS 0x00000001c2400000, 0x00000001c2400000| Complete 
|1282|0x00000001c2800000, 0x00000001c2c00000, 0x00000001c2c00000|100%| E|CS|TAMS 0x00000001c2800000, 0x00000001c2800000| Complete 
|1283|0x00000001c2c00000, 0x00000001c3000000, 0x00000001c3000000|100%| E|CS|TAMS 0x00000001c2c00000, 0x00000001c2c00000| Complete 
|1284|0x00000001c3000000, 0x00000001c3400000, 0x00000001c3400000|100%| E|CS|TAMS 0x00000001c3000000, 0x00000001c3000000| Complete 
|1285|0x00000001c3400000, 0x00000001c3800000, 0x00000001c3800000|100%| E|CS|TAMS 0x00000001c3400000, 0x00000001c3400000| Complete 
|1286|0x00000001c3800000, 0x00000001c3c00000, 0x00000001c3c00000|100%| E|CS|TAMS 0x00000001c3800000, 0x00000001c3800000| Complete 
|1287|0x00000001c3c00000, 0x00000001c4000000, 0x00000001c4000000|100%| E|CS|TAMS 0x00000001c3c00000, 0x00000001c3c00000| Complete 
|1288|0x00000001c4000000, 0x00000001c4400000, 0x00000001c4400000|100%| E|CS|TAMS 0x00000001c4000000, 0x00000001c4000000| Complete 
|1289|0x00000001c4400000, 0x00000001c4800000, 0x00000001c4800000|100%| E|CS|TAMS 0x00000001c4400000, 0x00000001c4400000| Complete 
|1290|0x00000001c4800000, 0x00000001c4c00000, 0x00000001c4c00000|100%| E|CS|TAMS 0x00000001c4800000, 0x00000001c4800000| Complete 
|1291|0x00000001c4c00000, 0x00000001c5000000, 0x00000001c5000000|100%| E|CS|TAMS 0x00000001c4c00000, 0x00000001c4c00000| Complete 
|1292|0x00000001c5000000, 0x00000001c5400000, 0x00000001c5400000|100%| E|CS|TAMS 0x00000001c5000000, 0x00000001c5000000| Complete 
|1293|0x00000001c5400000, 0x00000001c5800000, 0x00000001c5800000|100%| E|CS|TAMS 0x00000001c5400000, 0x00000001c5400000| Complete 
|1294|0x00000001c5800000, 0x00000001c5c00000, 0x00000001c5c00000|100%| E|CS|TAMS 0x00000001c5800000, 0x00000001c5800000| Complete 
|1295|0x00000001c5c00000, 0x00000001c6000000, 0x00000001c6000000|100%| E|CS|TAMS 0x00000001c5c00000, 0x00000001c5c00000| Complete 
|1296|0x00000001c6000000, 0x00000001c6400000, 0x00000001c6400000|100%| E|CS|TAMS 0x00000001c6000000, 0x00000001c6000000| Complete 
|1297|0x00000001c6400000, 0x00000001c6800000, 0x00000001c6800000|100%| E|CS|TAMS 0x00000001c6400000, 0x00000001c6400000| Complete 
|1298|0x00000001c6800000, 0x00000001c6c00000, 0x00000001c6c00000|100%| E|CS|TAMS 0x00000001c6800000, 0x00000001c6800000| Complete 
|1299|0x00000001c6c00000, 0x00000001c7000000, 0x00000001c7000000|100%| E|CS|TAMS 0x00000001c6c00000, 0x00000001c6c00000| Complete 
|1300|0x00000001c7000000, 0x00000001c7400000, 0x00000001c7400000|100%| E|CS|TAMS 0x00000001c7000000, 0x00000001c7000000| Complete 
|1301|0x00000001c7400000, 0x00000001c7800000, 0x00000001c7800000|100%| E|CS|TAMS 0x00000001c7400000, 0x00000001c7400000| Complete 
|1302|0x00000001c7800000, 0x00000001c7c00000, 0x00000001c7c00000|100%| E|CS|TAMS 0x00000001c7800000, 0x00000001c7800000| Complete 
|1303|0x00000001c7c00000, 0x00000001c8000000, 0x00000001c8000000|100%| E|CS|TAMS 0x00000001c7c00000, 0x00000001c7c00000| Complete 
|1304|0x00000001c8000000, 0x00000001c8400000, 0x00000001c8400000|100%| E|CS|TAMS 0x00000001c8000000, 0x00000001c8000000| Complete 
|1305|0x00000001c8400000, 0x00000001c8800000, 0x00000001c8800000|100%| E|CS|TAMS 0x00000001c8400000, 0x00000001c8400000| Complete 
|1306|0x00000001c8800000, 0x00000001c8c00000, 0x00000001c8c00000|100%| E|CS|TAMS 0x00000001c8800000, 0x00000001c8800000| Complete 
|1307|0x00000001c8c00000, 0x00000001c9000000, 0x00000001c9000000|100%| E|CS|TAMS 0x00000001c8c00000, 0x00000001c8c00000| Complete 
|1308|0x00000001c9000000, 0x00000001c9400000, 0x00000001c9400000|100%| E|CS|TAMS 0x00000001c9000000, 0x00000001c9000000| Complete 
|1309|0x00000001c9400000, 0x00000001c9800000, 0x00000001c9800000|100%| E|CS|TAMS 0x00000001c9400000, 0x00000001c9400000| Complete 
|1310|0x00000001c9800000, 0x00000001c9c00000, 0x00000001c9c00000|100%| E|CS|TAMS 0x00000001c9800000, 0x00000001c9800000| Complete 
|1311|0x00000001c9c00000, 0x00000001ca000000, 0x00000001ca000000|100%| E|CS|TAMS 0x00000001c9c00000, 0x00000001c9c00000| Complete 
|1312|0x00000001ca000000, 0x00000001ca400000, 0x00000001ca400000|100%| E|CS|TAMS 0x00000001ca000000, 0x00000001ca000000| Complete 
|1313|0x00000001ca400000, 0x00000001ca800000, 0x00000001ca800000|100%| E|CS|TAMS 0x00000001ca400000, 0x00000001ca400000| Complete 
|1314|0x00000001ca800000, 0x00000001cac00000, 0x00000001cac00000|100%| E|CS|TAMS 0x00000001ca800000, 0x00000001ca800000| Complete 
|1315|0x00000001cac00000, 0x00000001cb000000, 0x00000001cb000000|100%| E|CS|TAMS 0x00000001cac00000, 0x00000001cac00000| Complete 
|1316|0x00000001cb000000, 0x00000001cb400000, 0x00000001cb400000|100%| E|CS|TAMS 0x00000001cb000000, 0x00000001cb000000| Complete 
|1317|0x00000001cb400000, 0x00000001cb800000, 0x00000001cb800000|100%| E|CS|TAMS 0x00000001cb400000, 0x00000001cb400000| Complete 
|1318|0x00000001cb800000, 0x00000001cbc00000, 0x00000001cbc00000|100%| E|CS|TAMS 0x00000001cb800000, 0x00000001cb800000| Complete 
|1319|0x00000001cbc00000, 0x00000001cc000000, 0x00000001cc000000|100%| E|CS|TAMS 0x00000001cbc00000, 0x00000001cbc00000| Complete 
|1320|0x00000001cc000000, 0x00000001cc400000, 0x00000001cc400000|100%| E|CS|TAMS 0x00000001cc000000, 0x00000001cc000000| Complete 
|1321|0x00000001cc400000, 0x00000001cc800000, 0x00000001cc800000|100%| E|CS|TAMS 0x00000001cc400000, 0x00000001cc400000| Complete 
|1322|0x00000001cc800000, 0x00000001ccc00000, 0x00000001ccc00000|100%| E|CS|TAMS 0x00000001cc800000, 0x00000001cc800000| Complete 
|1323|0x00000001ccc00000, 0x00000001cd000000, 0x00000001cd000000|100%| E|CS|TAMS 0x00000001ccc00000, 0x00000001ccc00000| Complete 
|1324|0x00000001cd000000, 0x00000001cd400000, 0x00000001cd400000|100%| E|CS|TAMS 0x00000001cd000000, 0x00000001cd000000| Complete 
|1325|0x00000001cd400000, 0x00000001cd800000, 0x00000001cd800000|100%| E|CS|TAMS 0x00000001cd400000, 0x00000001cd400000| Complete 
|1326|0x00000001cd800000, 0x00000001cdc00000, 0x00000001cdc00000|100%| E|CS|TAMS 0x00000001cd800000, 0x00000001cd800000| Complete 
|1327|0x00000001cdc00000, 0x00000001ce000000, 0x00000001ce000000|100%| E|CS|TAMS 0x00000001cdc00000, 0x00000001cdc00000| Complete 
|1328|0x00000001ce000000, 0x00000001ce400000, 0x00000001ce400000|100%| E|CS|TAMS 0x00000001ce000000, 0x00000001ce000000| Complete 
|1329|0x00000001ce400000, 0x00000001ce800000, 0x00000001ce800000|100%| E|CS|TAMS 0x00000001ce400000, 0x00000001ce400000| Complete 
|1330|0x00000001ce800000, 0x00000001cec00000, 0x00000001cec00000|100%| E|CS|TAMS 0x00000001ce800000, 0x00000001ce800000| Complete 
|1331|0x00000001cec00000, 0x00000001cf000000, 0x00000001cf000000|100%| E|CS|TAMS 0x00000001cec00000, 0x00000001cec00000| Complete 
|1332|0x00000001cf000000, 0x00000001cf400000, 0x00000001cf400000|100%| E|CS|TAMS 0x00000001cf000000, 0x00000001cf000000| Complete 
|1333|0x00000001cf400000, 0x00000001cf800000, 0x00000001cf800000|100%| E|CS|TAMS 0x00000001cf400000, 0x00000001cf400000| Complete 
|1334|0x00000001cf800000, 0x00000001cfc00000, 0x00000001cfc00000|100%| E|CS|TAMS 0x00000001cf800000, 0x00000001cf800000| Complete 
|1335|0x00000001cfc00000, 0x00000001d0000000, 0x00000001d0000000|100%| E|CS|TAMS 0x00000001cfc00000, 0x00000001cfc00000| Complete 
|1336|0x00000001d0000000, 0x00000001d0400000, 0x00000001d0400000|100%| E|CS|TAMS 0x00000001d0000000, 0x00000001d0000000| Complete 
|1337|0x00000001d0400000, 0x00000001d0800000, 0x00000001d0800000|100%| E|CS|TAMS 0x00000001d0400000, 0x00000001d0400000| Complete 
|1338|0x00000001d0800000, 0x00000001d0c00000, 0x00000001d0c00000|100%| E|CS|TAMS 0x00000001d0800000, 0x00000001d0800000| Complete 
|1339|0x00000001d0c00000, 0x00000001d1000000, 0x00000001d1000000|100%| E|CS|TAMS 0x00000001d0c00000, 0x00000001d0c00000| Complete 
|1340|0x00000001d1000000, 0x00000001d1400000, 0x00000001d1400000|100%| E|CS|TAMS 0x00000001d1000000, 0x00000001d1000000| Complete 
|1341|0x00000001d1400000, 0x00000001d1800000, 0x00000001d1800000|100%| E|CS|TAMS 0x00000001d1400000, 0x00000001d1400000| Complete 
|1342|0x00000001d1800000, 0x00000001d1c00000, 0x00000001d1c00000|100%| E|CS|TAMS 0x00000001d1800000, 0x00000001d1800000| Complete 
|1343|0x00000001d1c00000, 0x00000001d2000000, 0x00000001d2000000|100%| E|CS|TAMS 0x00000001d1c00000, 0x00000001d1c00000| Complete 
|1344|0x00000001d2000000, 0x00000001d2400000, 0x00000001d2400000|100%| E|CS|TAMS 0x00000001d2000000, 0x00000001d2000000| Complete 
|1345|0x00000001d2400000, 0x00000001d2800000, 0x00000001d2800000|100%| E|CS|TAMS 0x00000001d2400000, 0x00000001d2400000| Complete 
|1346|0x00000001d2800000, 0x00000001d2c00000, 0x00000001d2c00000|100%| E|CS|TAMS 0x00000001d2800000, 0x00000001d2800000| Complete 
|1347|0x00000001d2c00000, 0x00000001d3000000, 0x00000001d3000000|100%| E|CS|TAMS 0x00000001d2c00000, 0x00000001d2c00000| Complete 
|1348|0x00000001d3000000, 0x00000001d3400000, 0x00000001d3400000|100%| E|CS|TAMS 0x00000001d3000000, 0x00000001d3000000| Complete 
|1349|0x00000001d3400000, 0x00000001d3800000, 0x00000001d3800000|100%| E|CS|TAMS 0x00000001d3400000, 0x00000001d3400000| Complete 
|1350|0x00000001d3800000, 0x00000001d3c00000, 0x00000001d3c00000|100%| E|CS|TAMS 0x00000001d3800000, 0x00000001d3800000| Complete 
|1351|0x00000001d3c00000, 0x00000001d4000000, 0x00000001d4000000|100%| E|CS|TAMS 0x00000001d3c00000, 0x00000001d3c00000| Complete 
|1352|0x00000001d4000000, 0x00000001d4400000, 0x00000001d4400000|100%| E|CS|TAMS 0x00000001d4000000, 0x00000001d4000000| Complete 
|1353|0x00000001d4400000, 0x00000001d4800000, 0x00000001d4800000|100%| E|CS|TAMS 0x00000001d4400000, 0x00000001d4400000| Complete 
|1354|0x00000001d4800000, 0x00000001d4c00000, 0x00000001d4c00000|100%| E|CS|TAMS 0x00000001d4800000, 0x00000001d4800000| Complete 
|1355|0x00000001d4c00000, 0x00000001d5000000, 0x00000001d5000000|100%| E|CS|TAMS 0x00000001d4c00000, 0x00000001d4c00000| Complete 
|1356|0x00000001d5000000, 0x00000001d5400000, 0x00000001d5400000|100%| E|CS|TAMS 0x00000001d5000000, 0x00000001d5000000| Complete 
|1357|0x00000001d5400000, 0x00000001d5800000, 0x00000001d5800000|100%| E|CS|TAMS 0x00000001d5400000, 0x00000001d5400000| Complete 
|1358|0x00000001d5800000, 0x00000001d5c00000, 0x00000001d5c00000|100%| E|CS|TAMS 0x00000001d5800000, 0x00000001d5800000| Complete 
|1359|0x00000001d5c00000, 0x00000001d6000000, 0x00000001d6000000|100%| E|CS|TAMS 0x00000001d5c00000, 0x00000001d5c00000| Complete 
|1360|0x00000001d6000000, 0x00000001d6400000, 0x00000001d6400000|100%| E|CS|TAMS 0x00000001d6000000, 0x00000001d6000000| Complete 
|1361|0x00000001d6400000, 0x00000001d6800000, 0x00000001d6800000|100%| E|CS|TAMS 0x00000001d6400000, 0x00000001d6400000| Complete 
|1362|0x00000001d6800000, 0x00000001d6c00000, 0x00000001d6c00000|100%| E|CS|TAMS 0x00000001d6800000, 0x00000001d6800000| Complete 
|1363|0x00000001d6c00000, 0x00000001d7000000, 0x00000001d7000000|100%| E|CS|TAMS 0x00000001d6c00000, 0x00000001d6c00000| Complete 
|1364|0x00000001d7000000, 0x00000001d7400000, 0x00000001d7400000|100%| E|CS|TAMS 0x00000001d7000000, 0x00000001d7000000| Complete 
|1365|0x00000001d7400000, 0x00000001d7800000, 0x00000001d7800000|100%| E|CS|TAMS 0x00000001d7400000, 0x00000001d7400000| Complete 
|1366|0x00000001d7800000, 0x00000001d7c00000, 0x00000001d7c00000|100%| E|CS|TAMS 0x00000001d7800000, 0x00000001d7800000| Complete 
|1367|0x00000001d7c00000, 0x00000001d8000000, 0x00000001d8000000|100%| E|CS|TAMS 0x00000001d7c00000, 0x00000001d7c00000| Complete 
|1368|0x00000001d8000000, 0x00000001d8400000, 0x00000001d8400000|100%| E|CS|TAMS 0x00000001d8000000, 0x00000001d8000000| Complete 
|1369|0x00000001d8400000, 0x00000001d8800000, 0x00000001d8800000|100%| E|CS|TAMS 0x00000001d8400000, 0x00000001d8400000| Complete 
|1370|0x00000001d8800000, 0x00000001d8c00000, 0x00000001d8c00000|100%| E|CS|TAMS 0x00000001d8800000, 0x00000001d8800000| Complete 
|1371|0x00000001d8c00000, 0x00000001d9000000, 0x00000001d9000000|100%| E|CS|TAMS 0x00000001d8c00000, 0x00000001d8c00000| Complete 
|1372|0x00000001d9000000, 0x00000001d9400000, 0x00000001d9400000|100%| E|CS|TAMS 0x00000001d9000000, 0x00000001d9000000| Complete 
|1373|0x00000001d9400000, 0x00000001d9800000, 0x00000001d9800000|100%| E|CS|TAMS 0x00000001d9400000, 0x00000001d9400000| Complete 
|1374|0x00000001d9800000, 0x00000001d9c00000, 0x00000001d9c00000|100%| E|CS|TAMS 0x00000001d9800000, 0x00000001d9800000| Complete 
|1375|0x00000001d9c00000, 0x00000001da000000, 0x00000001da000000|100%| E|CS|TAMS 0x00000001d9c00000, 0x00000001d9c00000| Complete 
|1376|0x00000001da000000, 0x00000001da400000, 0x00000001da400000|100%| E|CS|TAMS 0x00000001da000000, 0x00000001da000000| Complete 
|1377|0x00000001da400000, 0x00000001da800000, 0x00000001da800000|100%| E|CS|TAMS 0x00000001da400000, 0x00000001da400000| Complete 
|1378|0x00000001da800000, 0x00000001dac00000, 0x00000001dac00000|100%| E|CS|TAMS 0x00000001da800000, 0x00000001da800000| Complete 
|1379|0x00000001dac00000, 0x00000001db000000, 0x00000001db000000|100%| E|CS|TAMS 0x00000001dac00000, 0x00000001dac00000| Complete 
|1380|0x00000001db000000, 0x00000001db400000, 0x00000001db400000|100%| E|CS|TAMS 0x00000001db000000, 0x00000001db000000| Complete 
|1381|0x00000001db400000, 0x00000001db800000, 0x00000001db800000|100%| E|CS|TAMS 0x00000001db400000, 0x00000001db400000| Complete 
|1382|0x00000001db800000, 0x00000001dbc00000, 0x00000001dbc00000|100%| E|CS|TAMS 0x00000001db800000, 0x00000001db800000| Complete 
|1383|0x00000001dbc00000, 0x00000001dc000000, 0x00000001dc000000|100%| E|CS|TAMS 0x00000001dbc00000, 0x00000001dbc00000| Complete 
|1384|0x00000001dc000000, 0x00000001dc400000, 0x00000001dc400000|100%| E|CS|TAMS 0x00000001dc000000, 0x00000001dc000000| Complete 
|1385|0x00000001dc400000, 0x00000001dc800000, 0x00000001dc800000|100%| E|CS|TAMS 0x00000001dc400000, 0x00000001dc400000| Complete 
|1386|0x00000001dc800000, 0x00000001dcc00000, 0x00000001dcc00000|100%| E|CS|TAMS 0x00000001dc800000, 0x00000001dc800000| Complete 
|1387|0x00000001dcc00000, 0x00000001dd000000, 0x00000001dd000000|100%| E|CS|TAMS 0x00000001dcc00000, 0x00000001dcc00000| Complete 
|1388|0x00000001dd000000, 0x00000001dd400000, 0x00000001dd400000|100%| E|CS|TAMS 0x00000001dd000000, 0x00000001dd000000| Complete 
|1389|0x00000001dd400000, 0x00000001dd800000, 0x00000001dd800000|100%| E|CS|TAMS 0x00000001dd400000, 0x00000001dd400000| Complete 
|1390|0x00000001dd800000, 0x00000001ddc00000, 0x00000001ddc00000|100%| E|CS|TAMS 0x00000001dd800000, 0x00000001dd800000| Complete 
|1391|0x00000001ddc00000, 0x00000001de000000, 0x00000001de000000|100%| E|CS|TAMS 0x00000001ddc00000, 0x00000001ddc00000| Complete 
|1392|0x00000001de000000, 0x00000001de400000, 0x00000001de400000|100%| E|CS|TAMS 0x00000001de000000, 0x00000001de000000| Complete 
|1393|0x00000001de400000, 0x00000001de800000, 0x00000001de800000|100%| E|CS|TAMS 0x00000001de400000, 0x00000001de400000| Complete 
|1394|0x00000001de800000, 0x00000001dec00000, 0x00000001dec00000|100%| E|CS|TAMS 0x00000001de800000, 0x00000001de800000| Complete 
|1395|0x00000001dec00000, 0x00000001df000000, 0x00000001df000000|100%| E|CS|TAMS 0x00000001dec00000, 0x00000001dec00000| Complete 
|1396|0x00000001df000000, 0x00000001df400000, 0x00000001df400000|100%| E|CS|TAMS 0x00000001df000000, 0x00000001df000000| Complete 
|1397|0x00000001df400000, 0x00000001df800000, 0x00000001df800000|100%| E|CS|TAMS 0x00000001df400000, 0x00000001df400000| Complete 
|1398|0x00000001df800000, 0x00000001dfc00000, 0x00000001dfc00000|100%| E|CS|TAMS 0x00000001df800000, 0x00000001df800000| Complete 
|1399|0x00000001dfc00000, 0x00000001e0000000, 0x00000001e0000000|100%| E|CS|TAMS 0x00000001dfc00000, 0x00000001dfc00000| Complete 
|1400|0x00000001e0000000, 0x00000001e0400000, 0x00000001e0400000|100%| E|CS|TAMS 0x00000001e0000000, 0x00000001e0000000| Complete 
|1401|0x00000001e0400000, 0x00000001e0800000, 0x00000001e0800000|100%| E|CS|TAMS 0x00000001e0400000, 0x00000001e0400000| Complete 
|1402|0x00000001e0800000, 0x00000001e0c00000, 0x00000001e0c00000|100%| E|CS|TAMS 0x00000001e0800000, 0x00000001e0800000| Complete 
|1403|0x00000001e0c00000, 0x00000001e1000000, 0x00000001e1000000|100%| E|CS|TAMS 0x00000001e0c00000, 0x00000001e0c00000| Complete 
|1404|0x00000001e1000000, 0x00000001e1400000, 0x00000001e1400000|100%| E|CS|TAMS 0x00000001e1000000, 0x00000001e1000000| Complete 
|1405|0x00000001e1400000, 0x00000001e1800000, 0x00000001e1800000|100%| E|CS|TAMS 0x00000001e1400000, 0x00000001e1400000| Complete 
|1406|0x00000001e1800000, 0x00000001e1c00000, 0x00000001e1c00000|100%| E|CS|TAMS 0x00000001e1800000, 0x00000001e1800000| Complete 
|1407|0x00000001e1c00000, 0x00000001e2000000, 0x00000001e2000000|100%| E|CS|TAMS 0x00000001e1c00000, 0x00000001e1c00000| Complete 
|1408|0x00000001e2000000, 0x00000001e2400000, 0x00000001e2400000|100%| E|CS|TAMS 0x00000001e2000000, 0x00000001e2000000| Complete 
|1409|0x00000001e2400000, 0x00000001e2800000, 0x00000001e2800000|100%| E|CS|TAMS 0x00000001e2400000, 0x00000001e2400000| Complete 
|1410|0x00000001e2800000, 0x00000001e2c00000, 0x00000001e2c00000|100%| E|CS|TAMS 0x00000001e2800000, 0x00000001e2800000| Complete 
|1411|0x00000001e2c00000, 0x00000001e3000000, 0x00000001e3000000|100%| E|CS|TAMS 0x00000001e2c00000, 0x00000001e2c00000| Complete 
|1412|0x00000001e3000000, 0x00000001e3400000, 0x00000001e3400000|100%| E|CS|TAMS 0x00000001e3000000, 0x00000001e3000000| Complete 
|1413|0x00000001e3400000, 0x00000001e3800000, 0x00000001e3800000|100%| E|CS|TAMS 0x00000001e3400000, 0x00000001e3400000| Complete 
|1414|0x00000001e3800000, 0x00000001e3c00000, 0x00000001e3c00000|100%| E|CS|TAMS 0x00000001e3800000, 0x00000001e3800000| Complete 
|1415|0x00000001e3c00000, 0x00000001e4000000, 0x00000001e4000000|100%| E|CS|TAMS 0x00000001e3c00000, 0x00000001e3c00000| Complete 
|1416|0x00000001e4000000, 0x00000001e4400000, 0x00000001e4400000|100%| E|CS|TAMS 0x00000001e4000000, 0x00000001e4000000| Complete 
|1417|0x00000001e4400000, 0x00000001e4800000, 0x00000001e4800000|100%| E|CS|TAMS 0x00000001e4400000, 0x00000001e4400000| Complete 
|1418|0x00000001e4800000, 0x00000001e4c00000, 0x00000001e4c00000|100%| E|CS|TAMS 0x00000001e4800000, 0x00000001e4800000| Complete 
|1419|0x00000001e4c00000, 0x00000001e5000000, 0x00000001e5000000|100%| E|CS|TAMS 0x00000001e4c00000, 0x00000001e4c00000| Complete 
|1420|0x00000001e5000000, 0x00000001e5400000, 0x00000001e5400000|100%| E|CS|TAMS 0x00000001e5000000, 0x00000001e5000000| Complete 
|1421|0x00000001e5400000, 0x00000001e5800000, 0x00000001e5800000|100%| E|CS|TAMS 0x00000001e5400000, 0x00000001e5400000| Complete 
|1422|0x00000001e5800000, 0x00000001e5c00000, 0x00000001e5c00000|100%| E|CS|TAMS 0x00000001e5800000, 0x00000001e5800000| Complete 
|1423|0x00000001e5c00000, 0x00000001e6000000, 0x00000001e6000000|100%| E|CS|TAMS 0x00000001e5c00000, 0x00000001e5c00000| Complete 
|1424|0x00000001e6000000, 0x00000001e6400000, 0x00000001e6400000|100%| E|CS|TAMS 0x00000001e6000000, 0x00000001e6000000| Complete 
|1425|0x00000001e6400000, 0x00000001e6800000, 0x00000001e6800000|100%| E|CS|TAMS 0x00000001e6400000, 0x00000001e6400000| Complete 
|1426|0x00000001e6800000, 0x00000001e6c00000, 0x00000001e6c00000|100%| E|CS|TAMS 0x00000001e6800000, 0x00000001e6800000| Complete 
|1427|0x00000001e6c00000, 0x00000001e7000000, 0x00000001e7000000|100%| E|CS|TAMS 0x00000001e6c00000, 0x00000001e6c00000| Complete 
|1428|0x00000001e7000000, 0x00000001e7400000, 0x00000001e7400000|100%| E|CS|TAMS 0x00000001e7000000, 0x00000001e7000000| Complete 
|1429|0x00000001e7400000, 0x00000001e7800000, 0x00000001e7800000|100%| E|CS|TAMS 0x00000001e7400000, 0x00000001e7400000| Complete 
|1430|0x00000001e7800000, 0x00000001e7c00000, 0x00000001e7c00000|100%| E|CS|TAMS 0x00000001e7800000, 0x00000001e7800000| Complete 
|1431|0x00000001e7c00000, 0x00000001e8000000, 0x00000001e8000000|100%| E|CS|TAMS 0x00000001e7c00000, 0x00000001e7c00000| Complete 
|1432|0x00000001e8000000, 0x00000001e8400000, 0x00000001e8400000|100%| E|CS|TAMS 0x00000001e8000000, 0x00000001e8000000| Complete 
|1433|0x00000001e8400000, 0x00000001e8800000, 0x00000001e8800000|100%| E|CS|TAMS 0x00000001e8400000, 0x00000001e8400000| Complete 
|1434|0x00000001e8800000, 0x00000001e8c00000, 0x00000001e8c00000|100%| E|CS|TAMS 0x00000001e8800000, 0x00000001e8800000| Complete 
|1435|0x00000001e8c00000, 0x00000001e9000000, 0x00000001e9000000|100%| E|CS|TAMS 0x00000001e8c00000, 0x00000001e8c00000| Complete 
|1436|0x00000001e9000000, 0x00000001e9400000, 0x00000001e9400000|100%| E|CS|TAMS 0x00000001e9000000, 0x00000001e9000000| Complete 
|1437|0x00000001e9400000, 0x00000001e9800000, 0x00000001e9800000|100%| E|CS|TAMS 0x00000001e9400000, 0x00000001e9400000| Complete 
|1438|0x00000001e9800000, 0x00000001e9c00000, 0x00000001e9c00000|100%| E|CS|TAMS 0x00000001e9800000, 0x00000001e9800000| Complete 
|1439|0x00000001e9c00000, 0x00000001ea000000, 0x00000001ea000000|100%| E|CS|TAMS 0x00000001e9c00000, 0x00000001e9c00000| Complete 
|1440|0x00000001ea000000, 0x00000001ea400000, 0x00000001ea400000|100%| E|CS|TAMS 0x00000001ea000000, 0x00000001ea000000| Complete 
|1441|0x00000001ea400000, 0x00000001ea800000, 0x00000001ea800000|100%| E|CS|TAMS 0x00000001ea400000, 0x00000001ea400000| Complete 
|1442|0x00000001ea800000, 0x00000001eac00000, 0x00000001eac00000|100%| E|CS|TAMS 0x00000001ea800000, 0x00000001ea800000| Complete 
|1443|0x00000001eac00000, 0x00000001eb000000, 0x00000001eb000000|100%| E|CS|TAMS 0x00000001eac00000, 0x00000001eac00000| Complete 
|1444|0x00000001eb000000, 0x00000001eb400000, 0x00000001eb400000|100%| E|CS|TAMS 0x00000001eb000000, 0x00000001eb000000| Complete 
|1445|0x00000001eb400000, 0x00000001eb800000, 0x00000001eb800000|100%| E|CS|TAMS 0x00000001eb400000, 0x00000001eb400000| Complete 
|1446|0x00000001eb800000, 0x00000001ebc00000, 0x00000001ebc00000|100%| E|CS|TAMS 0x00000001eb800000, 0x00000001eb800000| Complete 
|1447|0x00000001ebc00000, 0x00000001ec000000, 0x00000001ec000000|100%| E|CS|TAMS 0x00000001ebc00000, 0x00000001ebc00000| Complete 
|1448|0x00000001ec000000, 0x00000001ec400000, 0x00000001ec400000|100%| E|CS|TAMS 0x00000001ec000000, 0x00000001ec000000| Complete 
|1449|0x00000001ec400000, 0x00000001ec800000, 0x00000001ec800000|100%| E|CS|TAMS 0x00000001ec400000, 0x00000001ec400000| Complete 
|1450|0x00000001ec800000, 0x00000001ecc00000, 0x00000001ecc00000|100%| E|CS|TAMS 0x00000001ec800000, 0x00000001ec800000| Complete 
|1451|0x00000001ecc00000, 0x00000001ed000000, 0x00000001ed000000|100%| E|CS|TAMS 0x00000001ecc00000, 0x00000001ecc00000| Complete 
|1452|0x00000001ed000000, 0x00000001ed400000, 0x00000001ed400000|100%| E|CS|TAMS 0x00000001ed000000, 0x00000001ed000000| Complete 
|1453|0x00000001ed400000, 0x00000001ed800000, 0x00000001ed800000|100%| E|CS|TAMS 0x00000001ed400000, 0x00000001ed400000| Complete 
|1454|0x00000001ed800000, 0x00000001edc00000, 0x00000001edc00000|100%| E|CS|TAMS 0x00000001ed800000, 0x00000001ed800000| Complete 
|1455|0x00000001edc00000, 0x00000001ee000000, 0x00000001ee000000|100%| E|CS|TAMS 0x00000001edc00000, 0x00000001edc00000| Complete 
|1456|0x00000001ee000000, 0x00000001ee400000, 0x00000001ee400000|100%| E|CS|TAMS 0x00000001ee000000, 0x00000001ee000000| Complete 
|1457|0x00000001ee400000, 0x00000001ee800000, 0x00000001ee800000|100%| E|CS|TAMS 0x00000001ee400000, 0x00000001ee400000| Complete 
|1458|0x00000001ee800000, 0x00000001eec00000, 0x00000001eec00000|100%| E|CS|TAMS 0x00000001ee800000, 0x00000001ee800000| Complete 
|1459|0x00000001eec00000, 0x00000001ef000000, 0x00000001ef000000|100%| E|CS|TAMS 0x00000001eec00000, 0x00000001eec00000| Complete 
|1460|0x00000001ef000000, 0x00000001ef400000, 0x00000001ef400000|100%| E|CS|TAMS 0x00000001ef000000, 0x00000001ef000000| Complete 
|1461|0x00000001ef400000, 0x00000001ef800000, 0x00000001ef800000|100%| E|CS|TAMS 0x00000001ef400000, 0x00000001ef400000| Complete 
|1462|0x00000001ef800000, 0x00000001efc00000, 0x00000001efc00000|100%| E|CS|TAMS 0x00000001ef800000, 0x00000001ef800000| Complete 
|1463|0x00000001efc00000, 0x00000001f0000000, 0x00000001f0000000|100%| E|CS|TAMS 0x00000001efc00000, 0x00000001efc00000| Complete 
|1464|0x00000001f0000000, 0x00000001f0400000, 0x00000001f0400000|100%| E|CS|TAMS 0x00000001f0000000, 0x00000001f0000000| Complete 
|1465|0x00000001f0400000, 0x00000001f0800000, 0x00000001f0800000|100%| E|CS|TAMS 0x00000001f0400000, 0x00000001f0400000| Complete 
|1466|0x00000001f0800000, 0x00000001f0c00000, 0x00000001f0c00000|100%| E|CS|TAMS 0x00000001f0800000, 0x00000001f0800000| Complete 
|1467|0x00000001f0c00000, 0x00000001f1000000, 0x00000001f1000000|100%| E|CS|TAMS 0x00000001f0c00000, 0x00000001f0c00000| Complete 
|1468|0x00000001f1000000, 0x00000001f1400000, 0x00000001f1400000|100%| E|CS|TAMS 0x00000001f1000000, 0x00000001f1000000| Complete 
|1469|0x00000001f1400000, 0x00000001f1800000, 0x00000001f1800000|100%| E|CS|TAMS 0x00000001f1400000, 0x00000001f1400000| Complete 
|1470|0x00000001f1800000, 0x00000001f1c00000, 0x00000001f1c00000|100%| E|CS|TAMS 0x00000001f1800000, 0x00000001f1800000| Complete 
|1471|0x00000001f1c00000, 0x00000001f2000000, 0x00000001f2000000|100%| E|CS|TAMS 0x00000001f1c00000, 0x00000001f1c00000| Complete 
|1472|0x00000001f2000000, 0x00000001f2400000, 0x00000001f2400000|100%| E|CS|TAMS 0x00000001f2000000, 0x00000001f2000000| Complete 
|1473|0x00000001f2400000, 0x00000001f2800000, 0x00000001f2800000|100%| E|CS|TAMS 0x00000001f2400000, 0x00000001f2400000| Complete 
|1474|0x00000001f2800000, 0x00000001f2c00000, 0x00000001f2c00000|100%| E|CS|TAMS 0x00000001f2800000, 0x00000001f2800000| Complete 
|1475|0x00000001f2c00000, 0x00000001f3000000, 0x00000001f3000000|100%| E|CS|TAMS 0x00000001f2c00000, 0x00000001f2c00000| Complete 
|1476|0x00000001f3000000, 0x00000001f3400000, 0x00000001f3400000|100%| E|CS|TAMS 0x00000001f3000000, 0x00000001f3000000| Complete 
|1477|0x00000001f3400000, 0x00000001f3800000, 0x00000001f3800000|100%| E|CS|TAMS 0x00000001f3400000, 0x00000001f3400000| Complete 
|1478|0x00000001f3800000, 0x00000001f3c00000, 0x00000001f3c00000|100%| E|CS|TAMS 0x00000001f3800000, 0x00000001f3800000| Complete 
|1479|0x00000001f3c00000, 0x00000001f4000000, 0x00000001f4000000|100%| E|CS|TAMS 0x00000001f3c00000, 0x00000001f3c00000| Complete 
|1480|0x00000001f4000000, 0x00000001f4400000, 0x00000001f4400000|100%| E|CS|TAMS 0x00000001f4000000, 0x00000001f4000000| Complete 
|1481|0x00000001f4400000, 0x00000001f4800000, 0x00000001f4800000|100%| E|CS|TAMS 0x00000001f4400000, 0x00000001f4400000| Complete 
|1482|0x00000001f4800000, 0x00000001f4c00000, 0x00000001f4c00000|100%| E|CS|TAMS 0x00000001f4800000, 0x00000001f4800000| Complete 
|1483|0x00000001f4c00000, 0x00000001f5000000, 0x00000001f5000000|100%| E|CS|TAMS 0x00000001f4c00000, 0x00000001f4c00000| Complete 
|1484|0x00000001f5000000, 0x00000001f5400000, 0x00000001f5400000|100%| E|CS|TAMS 0x00000001f5000000, 0x00000001f5000000| Complete 
|1485|0x00000001f5400000, 0x00000001f5800000, 0x00000001f5800000|100%| E|CS|TAMS 0x00000001f5400000, 0x00000001f5400000| Complete 
|1486|0x00000001f5800000, 0x00000001f5c00000, 0x00000001f5c00000|100%| E|CS|TAMS 0x00000001f5800000, 0x00000001f5800000| Complete 
|1487|0x00000001f5c00000, 0x00000001f6000000, 0x00000001f6000000|100%| E|CS|TAMS 0x00000001f5c00000, 0x00000001f5c00000| Complete 
|1488|0x00000001f6000000, 0x00000001f6400000, 0x00000001f6400000|100%| E|CS|TAMS 0x00000001f6000000, 0x00000001f6000000| Complete 
|1489|0x00000001f6400000, 0x00000001f6800000, 0x00000001f6800000|100%| E|CS|TAMS 0x00000001f6400000, 0x00000001f6400000| Complete 
|1490|0x00000001f6800000, 0x00000001f6c00000, 0x00000001f6c00000|100%| E|CS|TAMS 0x00000001f6800000, 0x00000001f6800000| Complete 
|1491|0x00000001f6c00000, 0x00000001f7000000, 0x00000001f7000000|100%| E|CS|TAMS 0x00000001f6c00000, 0x00000001f6c00000| Complete 
|1492|0x00000001f7000000, 0x00000001f7400000, 0x00000001f7400000|100%| E|CS|TAMS 0x00000001f7000000, 0x00000001f7000000| Complete 
|1493|0x00000001f7400000, 0x00000001f7800000, 0x00000001f7800000|100%| E|CS|TAMS 0x00000001f7400000, 0x00000001f7400000| Complete 
|1494|0x00000001f7800000, 0x00000001f7c00000, 0x00000001f7c00000|100%| E|CS|TAMS 0x00000001f7800000, 0x00000001f7800000| Complete 
|1495|0x00000001f7c00000, 0x00000001f8000000, 0x00000001f8000000|100%| E|CS|TAMS 0x00000001f7c00000, 0x00000001f7c00000| Complete 
|1496|0x00000001f8000000, 0x00000001f8400000, 0x00000001f8400000|100%| E|CS|TAMS 0x00000001f8000000, 0x00000001f8000000| Complete 
|1497|0x00000001f8400000, 0x00000001f8800000, 0x00000001f8800000|100%| E|CS|TAMS 0x00000001f8400000, 0x00000001f8400000| Complete 
|1498|0x00000001f8800000, 0x00000001f8c00000, 0x00000001f8c00000|100%| E|CS|TAMS 0x00000001f8800000, 0x00000001f8800000| Complete 
|1499|0x00000001f8c00000, 0x00000001f9000000, 0x00000001f9000000|100%| E|CS|TAMS 0x00000001f8c00000, 0x00000001f8c00000| Complete 
|1500|0x00000001f9000000, 0x00000001f9400000, 0x00000001f9400000|100%| E|CS|TAMS 0x00000001f9000000, 0x00000001f9000000| Complete 
|1501|0x00000001f9400000, 0x00000001f9800000, 0x00000001f9800000|100%| E|CS|TAMS 0x00000001f9400000, 0x00000001f9400000| Complete 
|1502|0x00000001f9800000, 0x00000001f9c00000, 0x00000001f9c00000|100%| E|CS|TAMS 0x00000001f9800000, 0x00000001f9800000| Complete 
|1503|0x00000001f9c00000, 0x00000001fa000000, 0x00000001fa000000|100%| E|CS|TAMS 0x00000001f9c00000, 0x00000001f9c00000| Complete 
|1504|0x00000001fa000000, 0x00000001fa400000, 0x00000001fa400000|100%| E|CS|TAMS 0x00000001fa000000, 0x00000001fa000000| Complete 
|1505|0x00000001fa400000, 0x00000001fa800000, 0x00000001fa800000|100%| E|CS|TAMS 0x00000001fa400000, 0x00000001fa400000| Complete 
|1506|0x00000001fa800000, 0x00000001fac00000, 0x00000001fac00000|100%| E|CS|TAMS 0x00000001fa800000, 0x00000001fa800000| Complete 
|1507|0x00000001fac00000, 0x00000001fb000000, 0x00000001fb000000|100%| E|CS|TAMS 0x00000001fac00000, 0x00000001fac00000| Complete 
|1508|0x00000001fb000000, 0x00000001fb400000, 0x00000001fb400000|100%| E|CS|TAMS 0x00000001fb000000, 0x00000001fb000000| Complete 
|1509|0x00000001fb400000, 0x00000001fb800000, 0x00000001fb800000|100%| E|CS|TAMS 0x00000001fb400000, 0x00000001fb400000| Complete 
|1510|0x00000001fb800000, 0x00000001fbc00000, 0x00000001fbc00000|100%| E|CS|TAMS 0x00000001fb800000, 0x00000001fb800000| Complete 
|1511|0x00000001fbc00000, 0x00000001fc000000, 0x00000001fc000000|100%| E|CS|TAMS 0x00000001fbc00000, 0x00000001fbc00000| Complete 
|1512|0x00000001fc000000, 0x00000001fc400000, 0x00000001fc400000|100%| E|CS|TAMS 0x00000001fc000000, 0x00000001fc000000| Complete 
|1513|0x00000001fc400000, 0x00000001fc800000, 0x00000001fc800000|100%| E|CS|TAMS 0x00000001fc400000, 0x00000001fc400000| Complete 
|1514|0x00000001fc800000, 0x00000001fcc00000, 0x00000001fcc00000|100%| E|CS|TAMS 0x00000001fc800000, 0x00000001fc800000| Complete 
|1515|0x00000001fcc00000, 0x00000001fd000000, 0x00000001fd000000|100%| E|CS|TAMS 0x00000001fcc00000, 0x00000001fcc00000| Complete 
|1516|0x00000001fd000000, 0x00000001fd400000, 0x00000001fd400000|100%| E|CS|TAMS 0x00000001fd000000, 0x00000001fd000000| Complete 
|1517|0x00000001fd400000, 0x00000001fd800000, 0x00000001fd800000|100%| E|CS|TAMS 0x00000001fd400000, 0x00000001fd400000| Complete 
|1518|0x00000001fd800000, 0x00000001fdc00000, 0x00000001fdc00000|100%| E|CS|TAMS 0x00000001fd800000, 0x00000001fd800000| Complete 
|1519|0x00000001fdc00000, 0x00000001fe000000, 0x00000001fe000000|100%| E|CS|TAMS 0x00000001fdc00000, 0x00000001fdc00000| Complete 
|1520|0x00000001fe000000, 0x00000001fe400000, 0x00000001fe400000|100%| E|CS|TAMS 0x00000001fe000000, 0x00000001fe000000| Complete 
|1521|0x00000001fe400000, 0x00000001fe800000, 0x00000001fe800000|100%| E|CS|TAMS 0x00000001fe400000, 0x00000001fe400000| Complete 
|1522|0x00000001fe800000, 0x00000001fec00000, 0x00000001fec00000|100%| E|CS|TAMS 0x00000001fe800000, 0x00000001fe800000| Complete 
|1523|0x00000001fec00000, 0x00000001ff000000, 0x00000001ff000000|100%| E|CS|TAMS 0x00000001fec00000, 0x00000001fec00000| Complete 
|1524|0x00000001ff000000, 0x00000001ff400000, 0x00000001ff400000|100%| E|CS|TAMS 0x00000001ff000000, 0x00000001ff000000| Complete 
|1525|0x00000001ff400000, 0x00000001ff800000, 0x00000001ff800000|100%| E|CS|TAMS 0x00000001ff400000, 0x00000001ff400000| Complete 
|1526|0x00000001ff800000, 0x00000001ffc00000, 0x00000001ffc00000|100%| E|CS|TAMS 0x00000001ff800000, 0x00000001ff800000| Complete 
|1527|0x00000001ffc00000, 0x0000000200000000, 0x0000000200000000|100%| E|CS|TAMS 0x00000001ffc00000, 0x00000001ffc00000| Complete 
|1528|0x0000000200000000, 0x0000000200400000, 0x0000000200400000|100%| E|CS|TAMS 0x0000000200000000, 0x0000000200000000| Complete 
|1529|0x0000000200400000, 0x0000000200800000, 0x0000000200800000|100%| E|CS|TAMS 0x0000000200400000, 0x0000000200400000| Complete 
|1530|0x0000000200800000, 0x0000000200c00000, 0x0000000200c00000|100%| E|CS|TAMS 0x0000000200800000, 0x0000000200800000| Complete 
|1531|0x0000000200c00000, 0x0000000201000000, 0x0000000201000000|100%| E|CS|TAMS 0x0000000200c00000, 0x0000000200c00000| Complete 
|1532|0x0000000201000000, 0x0000000201400000, 0x0000000201400000|100%| E|CS|TAMS 0x0000000201000000, 0x0000000201000000| Complete 
|1533|0x0000000201400000, 0x0000000201800000, 0x0000000201800000|100%| E|CS|TAMS 0x0000000201400000, 0x0000000201400000| Complete 
|1534|0x0000000201800000, 0x0000000201c00000, 0x0000000201c00000|100%| E|CS|TAMS 0x0000000201800000, 0x0000000201800000| Complete 
|1535|0x0000000201c00000, 0x0000000202000000, 0x0000000202000000|100%| E|CS|TAMS 0x0000000201c00000, 0x0000000201c00000| Complete 
|1536|0x0000000202000000, 0x0000000202400000, 0x0000000202400000|100%| E|CS|TAMS 0x0000000202000000, 0x0000000202000000| Complete 
|1537|0x0000000202400000, 0x0000000202800000, 0x0000000202800000|100%| E|CS|TAMS 0x0000000202400000, 0x0000000202400000| Complete 
|1538|0x0000000202800000, 0x0000000202c00000, 0x0000000202c00000|100%| E|CS|TAMS 0x0000000202800000, 0x0000000202800000| Complete 
|1539|0x0000000202c00000, 0x0000000203000000, 0x0000000203000000|100%| E|CS|TAMS 0x0000000202c00000, 0x0000000202c00000| Complete 
|1540|0x0000000203000000, 0x0000000203400000, 0x0000000203400000|100%| E|CS|TAMS 0x0000000203000000, 0x0000000203000000| Complete 
|1541|0x0000000203400000, 0x0000000203800000, 0x0000000203800000|100%| E|CS|TAMS 0x0000000203400000, 0x0000000203400000| Complete 
|1542|0x0000000203800000, 0x0000000203c00000, 0x0000000203c00000|100%| E|CS|TAMS 0x0000000203800000, 0x0000000203800000| Complete 
|1543|0x0000000203c00000, 0x0000000204000000, 0x0000000204000000|100%| E|CS|TAMS 0x0000000203c00000, 0x0000000203c00000| Complete 
|1544|0x0000000204000000, 0x0000000204400000, 0x0000000204400000|100%| E|CS|TAMS 0x0000000204000000, 0x0000000204000000| Complete 
|1545|0x0000000204400000, 0x0000000204800000, 0x0000000204800000|100%| E|CS|TAMS 0x0000000204400000, 0x0000000204400000| Complete 
|1546|0x0000000204800000, 0x0000000204c00000, 0x0000000204c00000|100%| E|CS|TAMS 0x0000000204800000, 0x0000000204800000| Complete 
|1547|0x0000000204c00000, 0x0000000205000000, 0x0000000205000000|100%| E|CS|TAMS 0x0000000204c00000, 0x0000000204c00000| Complete 
|1548|0x0000000205000000, 0x0000000205400000, 0x0000000205400000|100%| E|CS|TAMS 0x0000000205000000, 0x0000000205000000| Complete 
|1549|0x0000000205400000, 0x0000000205800000, 0x0000000205800000|100%| E|CS|TAMS 0x0000000205400000, 0x0000000205400000| Complete 
|1550|0x0000000205800000, 0x0000000205c00000, 0x0000000205c00000|100%| E|CS|TAMS 0x0000000205800000, 0x0000000205800000| Complete 
|1551|0x0000000205c00000, 0x0000000206000000, 0x0000000206000000|100%| E|CS|TAMS 0x0000000205c00000, 0x0000000205c00000| Complete 
|1552|0x0000000206000000, 0x0000000206400000, 0x0000000206400000|100%| E|CS|TAMS 0x0000000206000000, 0x0000000206000000| Complete 
|1553|0x0000000206400000, 0x0000000206800000, 0x0000000206800000|100%| E|CS|TAMS 0x0000000206400000, 0x0000000206400000| Complete 
|1554|0x0000000206800000, 0x0000000206c00000, 0x0000000206c00000|100%| E|CS|TAMS 0x0000000206800000, 0x0000000206800000| Complete 
|1555|0x0000000206c00000, 0x0000000207000000, 0x0000000207000000|100%| E|CS|TAMS 0x0000000206c00000, 0x0000000206c00000| Complete 
|1556|0x0000000207000000, 0x0000000207400000, 0x0000000207400000|100%| E|CS|TAMS 0x0000000207000000, 0x0000000207000000| Complete 
|1557|0x0000000207400000, 0x0000000207800000, 0x0000000207800000|100%| E|CS|TAMS 0x0000000207400000, 0x0000000207400000| Complete 
|1558|0x0000000207800000, 0x0000000207c00000, 0x0000000207c00000|100%| E|CS|TAMS 0x0000000207800000, 0x0000000207800000| Complete 
|1559|0x0000000207c00000, 0x0000000208000000, 0x0000000208000000|100%| E|CS|TAMS 0x0000000207c00000, 0x0000000207c00000| Complete 
|1560|0x0000000208000000, 0x0000000208400000, 0x0000000208400000|100%| E|CS|TAMS 0x0000000208000000, 0x0000000208000000| Complete 
|1561|0x0000000208400000, 0x0000000208800000, 0x0000000208800000|100%| E|CS|TAMS 0x0000000208400000, 0x0000000208400000| Complete 
|1562|0x0000000208800000, 0x0000000208c00000, 0x0000000208c00000|100%| E|CS|TAMS 0x0000000208800000, 0x0000000208800000| Complete 
|1563|0x0000000208c00000, 0x0000000209000000, 0x0000000209000000|100%| E|CS|TAMS 0x0000000208c00000, 0x0000000208c00000| Complete 
|1564|0x0000000209000000, 0x0000000209400000, 0x0000000209400000|100%| E|CS|TAMS 0x0000000209000000, 0x0000000209000000| Complete 
|1565|0x0000000209400000, 0x0000000209800000, 0x0000000209800000|100%| E|CS|TAMS 0x0000000209400000, 0x0000000209400000| Complete 
|1566|0x0000000209800000, 0x0000000209c00000, 0x0000000209c00000|100%| E|CS|TAMS 0x0000000209800000, 0x0000000209800000| Complete 
|1567|0x0000000209c00000, 0x000000020a000000, 0x000000020a000000|100%| E|CS|TAMS 0x0000000209c00000, 0x0000000209c00000| Complete 
|1568|0x000000020a000000, 0x000000020a400000, 0x000000020a400000|100%| E|CS|TAMS 0x000000020a000000, 0x000000020a000000| Complete 
|1569|0x000000020a400000, 0x000000020a800000, 0x000000020a800000|100%| E|CS|TAMS 0x000000020a400000, 0x000000020a400000| Complete 
|1570|0x000000020a800000, 0x000000020ac00000, 0x000000020ac00000|100%| E|CS|TAMS 0x000000020a800000, 0x000000020a800000| Complete 
|1571|0x000000020ac00000, 0x000000020b000000, 0x000000020b000000|100%| E|CS|TAMS 0x000000020ac00000, 0x000000020ac00000| Complete 
|1572|0x000000020b000000, 0x000000020b400000, 0x000000020b400000|100%| E|CS|TAMS 0x000000020b000000, 0x000000020b000000| Complete 
|1573|0x000000020b400000, 0x000000020b800000, 0x000000020b800000|100%| E|CS|TAMS 0x000000020b400000, 0x000000020b400000| Complete 
|1574|0x000000020b800000, 0x000000020bc00000, 0x000000020bc00000|100%| E|CS|TAMS 0x000000020b800000, 0x000000020b800000| Complete 
|1575|0x000000020bc00000, 0x000000020c000000, 0x000000020c000000|100%| E|CS|TAMS 0x000000020bc00000, 0x000000020bc00000| Complete 
|1576|0x000000020c000000, 0x000000020c400000, 0x000000020c400000|100%| E|CS|TAMS 0x000000020c000000, 0x000000020c000000| Complete 

Card table byte_map: [0x0000018b5e6e0000,0x0000018b622d0000] _byte_map_base: 0x0000018b5e2d0000

Marking Bits (Prev, Next): (CMBitMap*) 0x0000018b41e76960, (CMBitMap*) 0x0000018b41e76928
 Prev Bits: [0x0000018b1df80000, 0x0000018b3bf00000)
 Next Bits: [0x0000018b00000000, 0x0000018b1df80000)

Polling page: 0x0000018b41580000

Metaspace:

Usage:
  Non-class:     16.72 MB capacity,    16.38 MB ( 98%) used,   285.96 KB (  2%) free+waste,    58.81 KB ( <1%) overhead. 
      Class:      2.07 MB capacity,     1.83 MB ( 89%) used,   213.16 KB ( 10%) free+waste,    28.31 KB (  1%) overhead. 
       Both:     18.79 MB capacity,    18.21 MB ( 97%) used,   499.12 KB (  3%) free+waste,    87.12 KB ( <1%) overhead. 

Virtual space:
  Non-class space:       18.00 MB reserved,      16.75 MB ( 93%) committed 
      Class space:        1.00 GB reserved,       2.12 MB ( <1%) committed 
             Both:        1.02 GB reserved,      18.88 MB (  2%) committed 

Chunk freelists:
   Non-Class:  35.00 KB
       Class:  25.00 KB
        Both:  60.00 KB

MaxMetaspaceSize: 17179869184.00 GB
CompressedClassSpaceSize: 1.00 GB
Initial GC threshold: 20.80 MB
Current GC threshold: 31.46 MB
CDS: on

CodeHeap 'non-profiled nmethods': size=118912Kb used=5206Kb max_used=5206Kb free=113705Kb
 bounds [0x0000018b52170000, 0x0000018b52690000, 0x0000018b59590000]
CodeHeap 'profiled nmethods': size=118848Kb used=10473Kb max_used=10473Kb free=108375Kb
 bounds [0x0000018b4ad60000, 0x0000018b4b7a0000, 0x0000018b52170000]
CodeHeap 'non-nmethods': size=8000Kb used=1312Kb max_used=3615Kb free=6687Kb
 bounds [0x0000018b4a590000, 0x0000018b4a920000, 0x0000018b4ad60000]
 total_blobs=5168 nmethods=4559 adapters=521
 compilation: enabled
              stopped_count=0, restarted_count=0
 full_count=0

Compilation events (20 events):
Event: 105.736 Thread 0x0000018b69fe3800 nmethod 4583 0x0000018b4b793910 code [0x0000018b4b793cc0, 0x0000018b4b795a88]
Event: 105.737 Thread 0x0000018b69fe3800 4584   !   3       java.lang.ThreadGroup::addUnstarted (40 bytes)
Event: 105.737 Thread 0x0000018b69fe3800 nmethod 4584 0x0000018b4b796310 code [0x0000018b4b7964e0, 0x0000018b4b7968a8]
Event: 105.737 Thread 0x0000018b69fe3800 4585  s    3       java.lang.Thread::nextThreadID (10 bytes)
Event: 105.737 Thread 0x0000018b69fe3800 nmethod 4585 0x0000018b4b796a10 code [0x0000018b4b796bc0, 0x0000018b4b796e58]
Event: 105.737 Thread 0x0000018b69fe3800 4586       3       java.lang.Thread::<init> (12 bytes)
Event: 105.737 Thread 0x0000018b69fe3800 nmethod 4586 0x0000018b4b796f10 code [0x0000018b4b7970c0, 0x0000018b4b797228]
Event: 105.737 Thread 0x0000018b69fe3800 4587   !   3       java.lang.ThreadGroup::add (110 bytes)
Event: 105.737 Thread 0x0000018b69fe3800 nmethod 4587 0x0000018b4b797310 code [0x0000018b4b797540, 0x0000018b4b797ed8]
Event: 105.737 Thread 0x0000018b69fcf000 nmethod 4590 0x0000018b52685190 code [0x0000018b52685320, 0x0000018b526854b8]
Event: 105.737 Thread 0x0000018b69fe3800 4591       3       java.lang.Thread::run (17 bytes)
Event: 105.737 Thread 0x0000018b69fe3800 nmethod 4591 0x0000018b4b798290 code [0x0000018b4b798440, 0x0000018b4b798668]
Event: 105.737 Thread 0x0000018b69fe3800 4589       3       java.util.concurrent.Executors$DefaultThreadFactory::newThread (68 bytes)
Event: 105.738 Thread 0x0000018b69fe3800 nmethod 4589 0x0000018b4b798710 code [0x0000018b4b7989e0, 0x0000018b4b799798]
Event: 105.738 Thread 0x0000018b69fe3800 4592       3       java.util.concurrent.ThreadPoolExecutor$Worker::run (9 bytes)
Event: 105.738 Thread 0x0000018b69fe3800 nmethod 4592 0x0000018b4b799c90 code [0x0000018b4b799e40, 0x0000018b4b799fa8]
Event: 105.738 Thread 0x0000018b69fe3800 4593       3       java.util.concurrent.atomic.AtomicLong::getAndAdd (12 bytes)
Event: 105.738 Thread 0x0000018b69fe3800 nmethod 4593 0x0000018b4b79a090 code [0x0000018b4b79a240, 0x0000018b4b79a378]
Event: 106.020 Thread 0x0000018b69fcf000 4594       4       java.util.concurrent.locks.ReentrantLock$Sync::tryRelease (45 bytes)
Event: 106.021 Thread 0x0000018b69fcf000 nmethod 4594 0x0000018b52685590 code [0x0000018b52685720, 0x0000018b52685838]

GC Heap History (20 events):
Event: 104.320 GC heap after
{Heap after GC invocations=112 (full 0):
 garbage-first heap   total 5419008K, used 3249009K [0x0000000082000000, 0x0000000800000000)
  region size 4096K, 12 young (49152K), 12 survivors (49152K)
 Metaspace       used 18633K, capacity 19236K, committed 19328K, reserved 1067008K
  class space    used 1877K, capacity 2119K, committed 2176K, reserved 1048576K
}
Event: 104.558 GC heap before
{Heap before GC invocations=112 (full 0):
 garbage-first heap   total 5419008K, used 4780913K [0x0000000082000000, 0x0000000800000000)
  region size 4096K, 387 young (1585152K), 12 survivors (49152K)
 Metaspace       used 18633K, capacity 19236K, committed 19328K, reserved 1067008K
  class space    used 1877K, capacity 2119K, committed 2176K, reserved 1048576K
}
Event: 104.564 GC heap after
{Heap after GC invocations=113 (full 0):
 garbage-first heap   total 5419008K, used 3253690K [0x0000000082000000, 0x0000000800000000)
  region size 4096K, 14 young (57344K), 14 survivors (57344K)
 Metaspace       used 18633K, capacity 19236K, committed 19328K, reserved 1067008K
  class space    used 1877K, capacity 2119K, committed 2176K, reserved 1048576K
}
Event: 104.801 GC heap before
{Heap before GC invocations=113 (full 0):
 garbage-first heap   total 5419008K, used 4797882K [0x0000000082000000, 0x0000000800000000)
  region size 4096K, 391 young (1601536K), 14 survivors (57344K)
 Metaspace       used 18635K, capacity 19236K, committed 19328K, reserved 1067008K
  class space    used 1877K, capacity 2119K, committed 2176K, reserved 1048576K
}
Event: 104.807 GC heap after
{Heap after GC invocations=114 (full 0):
 garbage-first heap   total 5419008K, used 3257409K [0x0000000082000000, 0x0000000800000000)
  region size 4096K, 14 young (57344K), 14 survivors (57344K)
 Metaspace       used 18635K, capacity 19236K, committed 19328K, reserved 1067008K
  class space    used 1877K, capacity 2119K, committed 2176K, reserved 1048576K
}
Event: 105.048 GC heap before
{Heap before GC invocations=114 (full 0):
 garbage-first heap   total 5419008K, used 4809793K [0x0000000082000000, 0x0000000800000000)
  region size 4096K, 393 young (1609728K), 14 survivors (57344K)
 Metaspace       used 18635K, capacity 19236K, committed 19328K, reserved 1067008K
  class space    used 1877K, capacity 2119K, committed 2176K, reserved 1048576K
}
Event: 105.055 GC heap after
{Heap after GC invocations=115 (full 0):
 garbage-first heap   total 5419008K, used 3263753K [0x0000000082000000, 0x0000000800000000)
  region size 4096K, 16 young (65536K), 16 survivors (65536K)
 Metaspace       used 18635K, capacity 19236K, committed 19328K, reserved 1067008K
  class space    used 1877K, capacity 2119K, committed 2176K, reserved 1048576K
}
Event: 105.681 GC heap before
{Heap before GC invocations=116 (full 0):
 garbage-first heap   total 5419008K, used 4799753K [0x0000000082000000, 0x0000000800000000)
  region size 4096K, 392 young (1605632K), 16 survivors (65536K)
 Metaspace       used 18639K, capacity 19236K, committed 19328K, reserved 1067008K
  class space    used 1877K, capacity 2119K, committed 2176K, reserved 1048576K
}
Event: 105.692 GC heap after
{Heap after GC invocations=117 (full 0):
 garbage-first heap   total 5419008K, used 3263486K [0x0000000082000000, 0x0000000800000000)
  region size 4096K, 16 young (65536K), 16 survivors (65536K)
 Metaspace       used 18639K, capacity 19236K, committed 19328K, reserved 1067008K
  class space    used 1877K, capacity 2119K, committed 2176K, reserved 1048576K
}
Event: 105.964 GC heap before
{Heap before GC invocations=117 (full 0):
 garbage-first heap   total 5419008K, used 4770814K [0x0000000082000000, 0x0000000800000000)
  region size 4096K, 384 young (1572864K), 16 survivors (65536K)
 Metaspace       used 18649K, capacity 19236K, committed 19328K, reserved 1067008K
  class space    used 1877K, capacity 2119K, committed 2176K, reserved 1048576K
}
Event: 105.975 GC heap after
{Heap after GC invocations=118 (full 0):
 garbage-first heap   total 5419008K, used 3290677K [0x0000000082000000, 0x0000000800000000)
  region size 4096K, 23 young (94208K), 23 survivors (94208K)
 Metaspace       used 18649K, capacity 19236K, committed 19328K, reserved 1067008K
  class space    used 1877K, capacity 2119K, committed 2176K, reserved 1048576K
}
Event: 106.207 GC heap before
{Heap before GC invocations=118 (full 0):
 garbage-first heap   total 5419008K, used 4769333K [0x0000000082000000, 0x0000000800000000)
  region size 4096K, 384 young (1572864K), 23 survivors (94208K)
 Metaspace       used 18649K, capacity 19236K, committed 19328K, reserved 1067008K
  class space    used 1877K, capacity 2119K, committed 2176K, reserved 1048576K
}
Event: 106.216 GC heap after
{Heap after GC invocations=119 (full 0):
 garbage-first heap   total 5419008K, used 3298297K [0x0000000082000000, 0x0000000800000000)
  region size 4096K, 24 young (98304K), 24 survivors (98304K)
 Metaspace       used 18649K, capacity 19236K, committed 19328K, reserved 1067008K
  class space    used 1877K, capacity 2119K, committed 2176K, reserved 1048576K
}
Event: 106.457 GC heap before
{Heap before GC invocations=119 (full 0):
 garbage-first heap   total 5419008K, used 4768761K [0x0000000082000000, 0x0000000800000000)
  region size 4096K, 384 young (1572864K), 24 survivors (98304K)
 Metaspace       used 18649K, capacity 19236K, committed 19328K, reserved 1067008K
  class space    used 1877K, capacity 2119K, committed 2176K, reserved 1048576K
}
Event: 106.467 GC heap after
{Heap after GC invocations=120 (full 0):
 garbage-first heap   total 5419008K, used 3304719K [0x0000000082000000, 0x0000000800000000)
  region size 4096K, 26 young (106496K), 26 survivors (106496K)
 Metaspace       used 18649K, capacity 19236K, committed 19328K, reserved 1067008K
  class space    used 1877K, capacity 2119K, committed 2176K, reserved 1048576K
}
Event: 106.700 GC heap before
{Heap before GC invocations=121 (full 0):
 garbage-first heap   total 5419008K, used 4762895K [0x0000000082000000, 0x0000000800000000)
  region size 4096K, 382 young (1564672K), 26 survivors (106496K)
 Metaspace       used 18649K, capacity 19236K, committed 19328K, reserved 1067008K
  class space    used 1877K, capacity 2119K, committed 2176K, reserved 1048576K
}
Event: 106.710 GC heap after
{Heap after GC invocations=122 (full 0):
 garbage-first heap   total 5419008K, used 3311465K [0x0000000082000000, 0x0000000800000000)
  region size 4096K, 28 young (114688K), 28 survivors (114688K)
 Metaspace       used 18649K, capacity 19236K, committed 19328K, reserved 1067008K
  class space    used 1877K, capacity 2119K, committed 2176K, reserved 1048576K
}
Event: 106.913 GC heap before
{Heap before GC invocations=122 (full 0):
 garbage-first heap   total 5419008K, used 4753257K [0x0000000082000000, 0x0000000800000000)
  region size 4096K, 380 young (1556480K), 28 survivors (114688K)
 Metaspace       used 18649K, capacity 19236K, committed 19328K, reserved 1067008K
  class space    used 1877K, capacity 2119K, committed 2176K, reserved 1048576K
}
Event: 106.932 GC heap after
{Heap after GC invocations=123 (full 0):
 garbage-first heap   total 6459392K, used 3318985K [0x0000000082000000, 0x0000000800000000)
  region size 4096K, 15 young (61440K), 15 survivors (61440K)
 Metaspace       used 18649K, capacity 19236K, committed 19328K, reserved 1067008K
  class space    used 1877K, capacity 2119K, committed 2176K, reserved 1048576K
}
Event: 107.337 GC heap before
{Heap before GC invocations=123 (full 0):
 garbage-first heap   total 6459392K, used 5674185K [0x0000000082000000, 0x0000000800000000)
  region size 4096K, 590 young (2416640K), 15 survivors (61440K)
 Metaspace       used 18649K, capacity 19236K, committed 19328K, reserved 1067008K
  class space    used 1877K, capacity 2119K, committed 2176K, reserved 1048576K
}

Deoptimization events (20 events):
Event: 101.268 Thread 0x0000018b41e09800 Uncommon trap: trap_request=0xffffffde fr.pc=0x0000018b5251c970 relative=0x0000000000001010
Event: 101.268 Thread 0x0000018b41e09800 Uncommon trap: reason=class_check action=maybe_recompile pc=0x0000018b5251c970 method=java.util.regex.Pattern$Start.<init>(Ljava/util/regex/Pattern$Node;)V @ 22 c2
Event: 101.268 Thread 0x0000018b41e09800 DEOPT PACKING pc=0x0000018b5251c970 sp=0x00000031da3ff2d0
Event: 101.268 Thread 0x0000018b41e09800 DEOPT UNPACKING pc=0x0000018b4a5da1af sp=0x00000031da3ff200 mode 2
Event: 101.268 Thread 0x0000018b41e09800 Uncommon trap: trap_request=0xffffffde fr.pc=0x0000018b52516578 relative=0x00000000000000b8
Event: 101.268 Thread 0x0000018b41e09800 Uncommon trap: reason=class_check action=maybe_recompile pc=0x0000018b52516578 method=java.util.regex.Pattern$CharProperty.study(Ljava/util/regex/Pattern$TreeInfo;)Z @ 25 c2
Event: 101.268 Thread 0x0000018b41e09800 DEOPT PACKING pc=0x0000018b52516578 sp=0x00000031da3ff1f0
Event: 101.268 Thread 0x0000018b41e09800 DEOPT UNPACKING pc=0x0000018b4a5da1af sp=0x00000031da3ff188 mode 2
Event: 101.268 Thread 0x0000018b41e09800 Uncommon trap: trap_request=0xffffffc6 fr.pc=0x0000018b5251adb8 relative=0x0000000000000898
Event: 101.268 Thread 0x0000018b41e09800 Uncommon trap: reason=bimorphic_or_optimized_type_check action=maybe_recompile pc=0x0000018b5251adb8 method=java.util.regex.Pattern$Start.match(Ljava/util/regex/Matcher;ILjava/lang/CharSequence;)Z @ 44 c2
Event: 101.268 Thread 0x0000018b41e09800 DEOPT PACKING pc=0x0000018b5251adb8 sp=0x00000031da3ff300
Event: 101.268 Thread 0x0000018b41e09800 DEOPT UNPACKING pc=0x0000018b4a5da1af sp=0x00000031da3ff168 mode 2
Event: 102.681 Thread 0x0000018b41e09800 Uncommon trap: trap_request=0xffffff4d fr.pc=0x0000018b52480c8c relative=0x00000000000005ec
Event: 102.681 Thread 0x0000018b41e09800 Uncommon trap: reason=unstable_if action=reinterpret pc=0x0000018b52480c8c method=java.util.regex.Pattern$Start.match(Ljava/util/regex/Matcher;ILjava/lang/CharSequence;)Z @ 10 c2
Event: 102.681 Thread 0x0000018b41e09800 DEOPT PACKING pc=0x0000018b52480c8c sp=0x00000031da3ff1f0
Event: 102.681 Thread 0x0000018b41e09800 DEOPT UNPACKING pc=0x0000018b4a5da1af sp=0x00000031da3ff170 mode 2
Event: 104.461 Thread 0x0000018b6e5c3000 Uncommon trap: trap_request=0xffffff4d fr.pc=0x0000018b5257dae4 relative=0x00000000000010e4
Event: 104.461 Thread 0x0000018b6e5c3000 Uncommon trap: reason=unstable_if action=reinterpret pc=0x0000018b5257dae4 method=pseudo.gen.ActGenerator.getMeshCapacity(Lpseudo/res/ETransition;Lpseudo/res/GMesh;Lpseudo/res/EGender;)D @ 13 c2
Event: 104.461 Thread 0x0000018b6e5c3000 DEOPT PACKING pc=0x0000018b5257dae4 sp=0x00000031df2feba0
Event: 104.461 Thread 0x0000018b6e5c3000 DEOPT UNPACKING pc=0x0000018b4a5da1af sp=0x00000031df2feb28 mode 2

Classes redefined (0 events):
No events

Internal exceptions (20 events):
Event: 1.737 Thread 0x0000018b41e09800 Exception <a 'java/lang/NoSuchMethodError'{0x0000000100294880}: 'int java.lang.invoke.DirectMethodHandle$Holder.invokeSpecial(java.lang.Object, java.lang.Object, java.lang.Object, java.lang.Object)'> (0x0000000100294880) thrown at [s\src\hotspot\share\interpreter\linkResolver.cpp, line 773]
Event: 1.738 Thread 0x0000018b41e09800 Exception <a 'java/lang/NoSuchMethodError'{0x000000010029f5b0}: 'int java.lang.invoke.DirectMethodHandle$Holder.invokeInterface(java.lang.Object, java.lang.Object)'> (0x000000010029f5b0) thrown at [s\src\hotspot\share\interpreter\linkResolver.cpp, line 773]
Event: 1.788 Thread 0x0000018b41e09800 Exception <a 'java/lang/NoSuchMethodError'{0x00000000ffdb7d88}: 'java.lang.Object java.lang.invoke.DirectMethodHandle$Holder.invokeSpecial(java.lang.Object, java.lang.Object, int, int, java.lang.Object, java.lang.Object, java.lang.Object, java.lang.Object)'> (0x00000000ffdb7d88) thrown at [s\src\hotspot\share\interpreter\linkResolver.cpp, line 773]
Event: 1.788 Thread 0x0000018b41e09800 Exception <a 'java/lang/NoSuchMethodError'{0x00000000ffdbb768}: 'java.lang.Object java.lang.invoke.DelegatingMethodHandle$Holder.reinvoke_L(java.lang.Object, int, int, java.lang.Object, java.lang.Object, java.lang.Object, java.lang.Object)'> (0x00000000ffdbb768) thrown at [s\src\hotspot\share\interpreter\linkResolver.cpp, line 773]
Event: 1.789 Thread 0x0000018b41e09800 Exception <a 'java/lang/NoSuchMethodError'{0x00000000ffdca120}: 'java.lang.Object java.lang.invoke.DirectMethodHandle$Holder.invokeStatic(java.lang.Object, java.lang.Object, java.lang.Object, java.lang.Object, java.lang.Object, java.lang.Object, int)'> (0x00000000ffdca120) thrown at [s\src\hotspot\share\interpreter\linkResolver.cpp, line 773]
Event: 1.793 Thread 0x0000018b41e09800 Exception <a 'java/io/FileNotFoundException'{0x00000000ffe555f0}> (0x00000000ffe555f0) thrown at [s\src\hotspot\share\prims\jni.cpp, line 617]
Event: 1.799 Thread 0x0000018b41e09800 Exception <a 'java/lang/NoSuchMethodError'{0x00000000fff4eb98}: 'java.lang.Object java.lang.invoke.DirectMethodHandle$Holder.invokeStatic(java.lang.Object, java.lang.Object, java.lang.Object, java.lang.Object, java.lang.Object, java.lang.Object, java.lang.Object, java.lang.Object, java.lang.Object, java.lang.Object, java.lang.Object, int)'> (0x00000000fff4eb98) thrown at [s\src\hotspot\share\interpreter\linkResolver.cpp, line 773]
Event: 1.799 Thread 0x0000018b41e09800 Exception <a 'java/lang/NoSuchMethodError'{0x00000000fff6cd40}: 'java.lang.Object java.lang.invoke.DirectMethodHandle$Holder.invokeStatic(java.lang.Object, java.lang.Object, java.lang.Object, java.lang.Object, java.lang.Object, java.lang.Object, java.lang.Object, java.lang.Object, java.lang.Object, java.lang.Object, java.lang.Object, int, int)'> (0x00000000fff6cd40) thrown at [s\src\hotspot\share\interpreter\linkResolver.cpp, line 773]
Event: 1.800 Thread 0x0000018b41e09800 Exception <a 'java/lang/NoSuchMethodError'{0x00000000fff8be18}: 'java.lang.Object java.lang.invoke.DirectMethodHandle$Holder.invokeStatic(java.lang.Object, java.lang.Object, java.lang.Object, java.lang.Object, java.lang.Object, java.lang.Object, java.lang.Object, java.lang.Object, java.lang.Object, java.lang.Object, java.lang.Object, int, int, java.lang.Object)'> (0x00000000fff8be18) thrown at [s\src\hotspot\share\interpreter\linkResolver.cpp, line 773]
Event: 1.800 Thread 0x0000018b41e09800 Exception <a 'java/lang/NoSuchMethodError'{0x00000000fffaf5c8}: 'java.lang.Object java.lang.invoke.DirectMethodHandle$Holder.invokeStatic(java.lang.Object, java.lang.Object, java.lang.Object, java.lang.Object, java.lang.Object, java.lang.Object, java.lang.Object, java.lang.Object, java.lang.Object, java.lang.Object, java.lang.Object, int, int, java.lang.Object, java.lang.Object)'> (0x00000000fffaf5c8) thrown at [s\src\hotspot\share\interpreter\linkResolver.cpp, line 773]
Event: 1.813 Thread 0x0000018b41e09800 Implicit null exception at 0x0000018b52290e98 to 0x0000018b52291095
Event: 2.010 Thread 0x0000018b41e09800 Exception <a 'java/lang/ClassNotFoundException'{0x00000000fe93bbc0}: sun/util/logging/resources/spi/loggingProvider> (0x00000000fe93bbc0) thrown at [s\src\hotspot\share\classfile\systemDictionary.cpp, line 230]
Event: 2.012 Thread 0x0000018b41e09800 Implicit null exception at 0x0000018b521fc251 to 0x0000018b521fcd94
Event: 2.163 Thread 0x0000018b41e09800 Exception <a 'java/lang/NoSuchMethodError'{0x00000000fd895330}: 'java.lang.Object java.lang.invoke.DirectMethodHandle$Holder.invokeSpecial(java.lang.Object, java.lang.Object, int, int, java.lang.Object, java.lang.Object, int)'> (0x00000000fd895330) thrown at [s\src\hotspot\share\interpreter\linkResolver.cpp, line 773]
Event: 2.163 Thread 0x0000018b41e09800 Exception <a 'java/lang/NoSuchMethodError'{0x00000000fd8987c0}: 'java.lang.Object java.lang.invoke.DelegatingMethodHandle$Holder.reinvoke_L(java.lang.Object, int, int, java.lang.Object, java.lang.Object, int)'> (0x00000000fd8987c0) thrown at [s\src\hotspot\share\interpreter\linkResolver.cpp, line 773]
Event: 2.164 Thread 0x0000018b41e09800 Exception <a 'java/lang/NoSuchMethodError'{0x00000000fd8b50f0}: 'java.lang.Object java.lang.invoke.DirectMethodHandle$Holder.invokeSpecial(java.lang.Object, java.lang.Object, java.lang.Object, java.lang.Object, int)'> (0x00000000fd8b50f0) thrown at [s\src\hotspot\share\interpreter\linkResolver.cpp, line 773]
Event: 2.164 Thread 0x0000018b41e09800 Exception <a 'java/lang/NoSuchMethodError'{0x00000000fd8b8158}: 'java.lang.Object java.lang.invoke.Invokers$Holder.linkToTargetMethod(java.lang.Object, java.lang.Object, int, java.lang.Object)'> (0x00000000fd8b8158) thrown at [s\src\hotspot\share\interpreter\linkResolver.cpp, line 773]
Event: 2.889 Thread 0x0000018b41e09800 Implicit null exception at 0x0000018b5221cecc to 0x0000018b5221d10c
Event: 4.141 Thread 0x0000018b41e09800 Implicit null exception at 0x0000018b524feeb8 to 0x0000018b524feee8
Event: 7.822 Thread 0x0000018b41e09800 Implicit null exception at 0x0000018b524fd761 to 0x0000018b524fd78b

Events (20 events):
Event: 105.736 Thread 0x0000018b6e5c7000 Thread added: 0x0000018b6e5c7000
Event: 105.736 Thread 0x0000018b6e5ca800 Thread added: 0x0000018b6e5ca800
Event: 105.736 Thread 0x0000018b6e5cc000 Thread added: 0x0000018b6e5cc000
Event: 105.736 Thread 0x0000018b6e5cd800 Thread added: 0x0000018b6e5cd800
Event: 105.736 Thread 0x0000018b6e5cd000 Thread added: 0x0000018b6e5cd000
Event: 105.963 Executing VM operation: G1CollectForAllocation
Event: 105.975 Executing VM operation: G1CollectForAllocation done
Event: 106.207 Executing VM operation: G1CollectForAllocation
Event: 106.216 Executing VM operation: G1CollectForAllocation done
Event: 106.410 Executing VM operation: CGC_Operation
Event: 106.413 Executing VM operation: CGC_Operation done
Event: 106.457 Executing VM operation: G1CollectForAllocation
Event: 106.467 Executing VM operation: G1CollectForAllocation done
Event: 106.627 Executing VM operation: CGC_Operation
Event: 106.627 Executing VM operation: CGC_Operation done
Event: 106.699 Executing VM operation: G1CollectForAllocation
Event: 106.710 Executing VM operation: G1CollectForAllocation done
Event: 106.913 Executing VM operation: G1CollectForAllocation
Event: 106.932 Executing VM operation: G1CollectForAllocation done
Event: 107.337 Executing VM operation: G1CollectForAllocation


Dynamic libraries:
0x00007ff6d2720000 - 0x00007ff6d272e000 	C:\Users\pybdt\.jdks\ms-11.0.26\bin\java.exe
0x00007ffb41f40000 - 0x00007ffb421a8000 	C:\WINDOWS\SYSTEM32\ntdll.dll
0x00007ffb0fbf0000 - 0x00007ffb0fc10000 	C:\Program Files\Norton\Suite\aswhook.dll
0x00007ffb41690000 - 0x00007ffb41759000 	C:\WINDOWS\System32\KERNEL32.DLL
0x00007ffb3f700000 - 0x00007ffb3faf2000 	C:\WINDOWS\System32\KERNELBASE.dll
0x00007ffb3fb00000 - 0x00007ffb3fc4b000 	C:\WINDOWS\System32\ucrtbase.dll
0x00007ffb266d0000 - 0x00007ffb266e7000 	C:\Users\pybdt\.jdks\ms-11.0.26\bin\jli.dll
0x00007ffb266b0000 - 0x00007ffb266cd000 	C:\Users\pybdt\.jdks\ms-11.0.26\bin\VCRUNTIME140.dll
0x00007ffb41890000 - 0x00007ffb41a55000 	C:\WINDOWS\System32\USER32.dll
0x00007ffb3f630000 - 0x00007ffb3f657000 	C:\WINDOWS\System32\win32u.dll
0x00007ffb27e90000 - 0x00007ffb28123000 	C:\WINDOWS\WinSxS\amd64_microsoft.windows.common-controls_6595b64144ccf1df_6.0.26100.6899_none_3e0efeeae32e88c1\COMCTL32.dll
0x00007ffb41660000 - 0x00007ffb4168b000 	C:\WINDOWS\System32\GDI32.dll
0x00007ffb412b0000 - 0x00007ffb41359000 	C:\WINDOWS\System32\msvcrt.dll
0x00007ffb3f390000 - 0x00007ffb3f4bd000 	C:\WINDOWS\System32\gdi32full.dll
0x00007ffb3f0d0000 - 0x00007ffb3f173000 	C:\WINDOWS\System32\msvcp_win.dll
0x00007ffb40c70000 - 0x00007ffb40c9f000 	C:\WINDOWS\System32\IMM32.DLL
0x00007ffb20d50000 - 0x00007ffb20d5c000 	C:\Users\pybdt\.jdks\ms-11.0.26\bin\vcruntime140_1.dll
0x00007ffacf9e0000 - 0x00007ffacfa6d000 	C:\Users\pybdt\.jdks\ms-11.0.26\bin\msvcp140.dll
0x00007ff9b80c0000 - 0x00007ff9b8c97000 	C:\Users\pybdt\.jdks\ms-11.0.26\bin\server\jvm.dll
0x00007ffb40850000 - 0x00007ffb40904000 	C:\WINDOWS\System32\ADVAPI32.dll
0x00007ffb41200000 - 0x00007ffb412a6000 	C:\WINDOWS\System32\sechost.dll
0x00007ffb41540000 - 0x00007ffb41658000 	C:\WINDOWS\System32\RPCRT4.dll
0x00007ffb3fd10000 - 0x00007ffb3fd84000 	C:\WINDOWS\System32\WS2_32.dll
0x00007ffb31ac0000 - 0x00007ffb31af5000 	C:\WINDOWS\SYSTEM32\WINMM.dll
0x00007ffb36b20000 - 0x00007ffb36b2b000 	C:\WINDOWS\SYSTEM32\VERSION.dll
0x00007ffb3dd30000 - 0x00007ffb3dd4b000 	C:\WINDOWS\SYSTEM32\kernel.appcore.dll
0x00007ffb20d40000 - 0x00007ffb20d50000 	C:\Users\pybdt\.jdks\ms-11.0.26\bin\verify.dll
0x00007ffb31f70000 - 0x00007ffb321b2000 	C:\WINDOWS\SYSTEM32\DBGHELP.DLL
0x00007ffb40e80000 - 0x00007ffb411fb000 	C:\WINDOWS\System32\combase.dll
0x00007ffb41460000 - 0x00007ffb41537000 	C:\WINDOWS\System32\OLEAUT32.dll
0x00007ffb31f30000 - 0x00007ffb31f6c000 	C:\WINDOWS\SYSTEM32\dbgcore.DLL
0x00007ffb3f660000 - 0x00007ffb3f6f8000 	C:\WINDOWS\System32\bcryptPrimitives.dll
0x00007ffb12820000 - 0x00007ffb12848000 	C:\Users\pybdt\.jdks\ms-11.0.26\bin\java.dll
0x00007ffb0edd0000 - 0x00007ffb0edda000 	C:\Users\pybdt\.jdks\ms-11.0.26\bin\jimage.dll
0x00007ffb0e1d0000 - 0x00007ffb0e1de000 	C:\Users\pybdt\.jdks\ms-11.0.26\bin\instrument.dll
0x00007ffb099c0000 - 0x00007ffb099d8000 	C:\Users\pybdt\.jdks\ms-11.0.26\bin\zip.dll
0x00007ffb3ffa0000 - 0x00007ffb406ed000 	C:\WINDOWS\System32\SHELL32.dll
0x00007ffb3f4c0000 - 0x00007ffb3f62b000 	C:\WINDOWS\System32\wintypes.dll
0x00007ffb3c9c0000 - 0x00007ffb3d21d000 	C:\WINDOWS\SYSTEM32\windows.storage.dll
0x00007ffb41790000 - 0x00007ffb41882000 	C:\WINDOWS\System32\SHCORE.dll
0x00007ffb3fe90000 - 0x00007ffb3fef2000 	C:\WINDOWS\System32\shlwapi.dll
0x00007ffb3eff0000 - 0x00007ffb3f019000 	C:\WINDOWS\SYSTEM32\profapi.dll
0x00007ffb08ae0000 - 0x00007ffb08afa000 	C:\Users\pybdt\.jdks\ms-11.0.26\bin\net.dll
0x00007ffb3dd50000 - 0x00007ffb3de6f000 	C:\WINDOWS\SYSTEM32\WINHTTP.dll
0x00007ffb3e3b0000 - 0x00007ffb3e41b000 	C:\WINDOWS\system32\mswsock.dll
0x00007ffb08720000 - 0x00007ffb08732000 	C:\Users\pybdt\.jdks\ms-11.0.26\bin\nio.dll
0x00007ffb011e0000 - 0x00007ffb011fa000 	C:\Program Files\JetBrains\IntelliJ IDEA Community Edition 2024.1.1\bin\breakgen64.dll
0x00007ffa95710000 - 0x00007ffa95892000 	C:\Users\pybdt\.jdks\ms-11.0.26\bin\awt.dll
0x00007ffb3be40000 - 0x00007ffb3bedf000 	C:\WINDOWS\SYSTEM32\apphelp.dll

dbghelp: loaded successfully - version: 4.0.5 - missing functions: none
symbol engine: initialized successfully - sym options: 0x614 - pdb path: .;C:\Users\pybdt\.jdks\ms-11.0.26\bin;C:\WINDOWS\SYSTEM32;C:\Program Files\Norton\Suite;C:\WINDOWS\WinSxS\amd64_microsoft.windows.common-controls_6595b64144ccf1df_6.0.26100.6899_none_3e0efeeae32e88c1;C:\Users\pybdt\.jdks\ms-11.0.26\bin\server;C:\Program Files\JetBrains\IntelliJ IDEA Community Edition 2024.1.1\bin

VM Arguments:
jvm_args: -javaagent:C:\Program Files\JetBrains\IntelliJ IDEA Community Edition 2024.1.1\lib\idea_rt.jar=55517:C:\Program Files\JetBrains\IntelliJ IDEA Community Edition 2024.1.1\bin -Dfile.encoding=UTF-8 
java_command: pseudo.gen.NonCommuter
java_class_path (initial): C:\Users\pybdt\IdeaProjects\Pseudo-PFLOW\target\classes;C:\Users\pybdt\.m2\repository\org\apache\commons\commons-csv\1.9.0\commons-csv-1.9.0.jar;C:\Users\pybdt\.m2\repository\tech\units\indriya\2.2.3\indriya-2.2.3.jar;C:\Users\pybdt\.m2\repository\javax\measure\unit-api\2.2\unit-api-2.2.jar;C:\Users\pybdt\.m2\repository\tech\uom\lib\uom-lib-common\2.2\uom-lib-common-2.2.jar;C:\Users\pybdt\.m2\repository\jakarta\inject\jakarta.inject-api\2.0.1\jakarta.inject-api-2.0.1.jar;C:\Users\pybdt\.m2\repository\systems\uom\systems-ucum\2.2\systems-ucum-2.2.jar;C:\Users\pybdt\.m2\repository\si\uom\si-quantity\2.2.2\si-quantity-2.2.2.jar;C:\Users\pybdt\.m2\repository\si\uom\si-units\2.2.2\si-units-2.2.2.jar;C:\Users\pybdt\.m2\repository\jakarta\annotation\jakarta.annotation-api\2.0.0\jakarta.annotation-api-2.0.0.jar;C:\Users\pybdt\.m2\repository\org\geotools\gt-main\25.1\gt-main-25.1.jar;C:\Users\pybdt\.m2\repository\org\geotools\gt-http\25.1\gt-http-25.1.jar;C:\Users\pybdt\.m2\repository\org\apache\commons\commons-text\1.6\commons-text-1.6.jar;C:\Users\pybdt\.m2\repository\com\fasterxml\jackson\core\jackson-core\2.10.5\jackson-core-2.10.5.jar;C:\Users\pybdt\.m2\repository\javax\media\jai_core\1.1.3\jai_core-1.1.3.jar;C:\Users\pybdt\.m2\repository\org\geotools\gt-metadata\25.1\gt-metadata-25.1.jar;C:\Users\pybdt\.m2\repository\org\geotools\gt-opengis\25.1\gt-opengis-25.1.jar;C:\Users\pybdt\.m2\repository\systems\uom\systems-common\2.0.1\systems-common-2.0.1.jar;C:\Users\pybdt\.m2\repository\org\apache\commons\commons-lang3\3.8.1\commons-lang3-3.8.1.jar;C:\Users\pybdt\.m2\repository\org\geotools\ogc\net.opengis.ows\25.1\net.opengis.ows-25.1.jar;C:\Users\pybdt\.m2\repository\org\geotools\ogc\org.w3.xlink\25.1\org.w3.xlink-25.1.jar;C:\Users\pybdt\.m2\repository\org\eclipse\emf\org.eclipse.emf.common\2.15.0\org.eclipse.emf.common-2.15.0.jar;C:\Users\pybdt\.m2\repository\org\eclipse\emf\org.eclipse.emf.ecore\2.15.0\org.eclipse.emf.ecore-2.15.0.jar;C:\User
Launcher Type: SUN_STANDARD

[Global flags]
     intx CICompilerCount                          = 15                                        {product} {ergonomic}
     uint ConcGCThreads                            = 6                                         {product} {ergonomic}
     uint G1ConcRefinementThreads                  = 23                                        {product} {ergonomic}
   size_t G1HeapRegionSize                         = 4194304                                   {product} {ergonomic}
    uintx GCDrainStackTargetSize                   = 64                                        {product} {ergonomic}
   size_t InitialHeapSize                          = 2143289344                                {product} {ergonomic}
   size_t MarkStackSize                            = 4194304                                   {product} {ergonomic}
   size_t MaxHeapSize                              = 32178700288                               {product} {ergonomic}
   size_t MaxNewSize                               = 19306381312                               {product} {ergonomic}
   size_t MinHeapDeltaBytes                        = 4194304                                   {product} {ergonomic}
    uintx NonNMethodCodeHeapSize                   = 8182140                                {pd product} {ergonomic}
    uintx NonProfiledCodeHeapSize                  = 121738050                              {pd product} {ergonomic}
    uintx ProfiledCodeHeapSize                     = 121738050                              {pd product} {ergonomic}
    uintx ReservedCodeCacheSize                    = 251658240                              {pd product} {ergonomic}
     bool SegmentedCodeCache                       = true                                      {product} {ergonomic}
     bool UseCompressedClassPointers               = true                                 {lp64_product} {ergonomic}
     bool UseCompressedOops                        = true                                 {lp64_product} {ergonomic}
     bool UseG1GC                                  = true                                      {product} {ergonomic}
     bool UseLargePagesIndividualAllocation        = false                                  {pd product} {ergonomic}

Logging:
Log output configuration:
 #0: stdout all=warning uptime,level,tags
 #1: stderr all=off uptime,level,tags

Environment Variables:
JAVA_HOME=C:\Users\pybdt\.jdks\ms-11.0.26
PATH=C:\Program Files\Eclipse Adoptium\jdk-11.0.28.6-hotspot\bin;C:\Program Files\NVIDIA GPU Computing Toolkit\CUDA\v12.8\bin;C:\Program Files\NVIDIA GPU Computing Toolkit\CUDA\v12.8\libnvvp;C:\WINDOWS\system32;C:\WINDOWS;C:\WINDOWS\System32\Wbem;C:\WINDOWS\System32\WindowsPowerShell\v1.0\;C:\WINDOWS\System32\OpenSSH\;C:\Program Files (x86)\NVIDIA Corporation\PhysX\Common;C:\Program Files\dotnet\;C:\Program Files\apache-maven-3.6.3\bin;C:\Program Files\Amazon\AWSCLIV2\;C:\Program Files\PuTTY\;C:\Program Files\NVIDIA Corporation\NVIDIA app\NvDLISR;C:\Program Files\NVIDIA Corporation\Nsight Compute 2025.1.0\;C:\Program Files\NVIDIA GPU Computing Toolkit\CUDA\v12.1\bin;C:\Program Files\NVIDIA GPU Computing Toolkit\CUDA\v12.1\libnvvm\bin;C:\Program Files\NVIDIA GPU Computing Toolkit\CUDA\v12.1\include;C:\Program Files\Git\cmd;C:\Program Files\WinMerge;C:\Users\pybdt\AppData\Local\Microsoft\WindowsApps;;C:\Program Files\JetBrains\IntelliJ IDEA Community Edition 2024.1.1\bin;;C:\Users\pybdt\AppData\Local\Programs\Ollama
USERNAME=pybdt
OS=Windows_NT
PROCESSOR_IDENTIFIER=Intel64 Family 6 Model 183 Stepping 1, GenuineIntel
TMP=C:\Users\pybdt\AppData\Local\Temp
TEMP=C:\Users\pybdt\AppData\Local\Temp



---------------  S Y S T E M  ---------------

OS: Windows 11 , 64 bit Build 26100 (10.0.26100.6725)
OS uptime: 1 days 7:41 hours
Hyper-V role detected

CPU:total 32 (initial active 32) (16 cores per cpu, 2 threads per core) family 6 model 183 stepping 1 microcode 0x11d, cmov, cx8, fxsr, mmx, sse, sse2, sse3, ssse3, sse4.1, sse4.2, popcnt, avx, avx2, aes, clmul, erms, 3dnowpref, lzcnt, ht, tsc, tscinvbit, bmi1, bmi2, adx, sha, fma

Memory: 4k page, system-wide physical 130779M (77076M free)
TotalPageFile size 138971M (AvailPageFile size 73696M)
current process WorkingSet (physical memory assigned to process): 6610M, peak: 6610M
current process commit charge ("private bytes"): 6763M, peak: 6763M

vm_info: OpenJDK 64-Bit Server VM (11.0.26+4-LTS) for windows-amd64 JRE (11.0.26+4-LTS), built on Jan 13 2025 23:40:04 by "MicrosoftCorporation" with unknown MS VC++:1939

END.
