poi_id,name,lon,lat,zone_id,facility_type,capacity_level
IS001,JFE Steel East Japan Works Keihin,139.73,35.53,MFS16,INDUSTRIAL,high
IS002,Toshiba Kawasaki Complex,139.6950,35.5350,MFS16,INDUSTRIAL,high
IS003,Nippon Steel Keihin Plant,139.705,35.525,MFS16,INDUSTRIAL,high
IS004,Kawasaki Heavy Industries Keihin,139.72,35.535,MFS16,INDUSTRIAL,high
IS005,Mitsubishi Chemical Kawasaki,139.6972,35.5442,MFS16,INDUSTRIAL,medium
IS006,AGC Glass Keihin Plant,139.6980,35.5150,MFS16,INDUSTRIAL,medium
IS007,Showa Denko Kawasaki,139.713,35.52,MFS16,INDUSTRIAL,medium
IS008,Canon Kawasaki Office Factory,139.6900,35.5450,MFS16,INDUSTRIAL,medium
IS009,Ebara Corporation Haneda Works,139.7442,35.5692,MFS02,INDUSTRIAL,high
IS010,IHI Aeroengine Mizuho Plant,139.73,35.605,MFS02,INDUSTRIAL,high
IS011,Ota Ward Automotive Parts District,139.723,35.585,MFS02,INDUSTRIAL,medium
IS012,Shinagawa Metal Processing Center,139.7420,35.6150,MFS02,INDUSTRIAL,medium
IS013,Omori Industrial Park,139.725,35.595,MFS02,INDUSTRIAL,medium
IS014,Keikyu Kamata Factory Zone,139.715,35.575,MFS02,INDUSTRIAL,medium
IS015,Haneda Airport Maintenance Facility,139.755,35.56,MFS02,INDUSTRIAL,high
IS016,Ota Precision Machinery Cluster,139.71,35.59,MFS02,INDUSTRIAL,low
IS017,Tsurumi JX Nippon Oil Refinery,139.6750,35.5050,MFS15,INDUSTRIAL,high
IS018,Asahi Glass Tsurumi Works,139.6700,35.5100,MFS15,INDUSTRIAL,medium
IS019,Toshiba Tsurumi Semiconductor,139.6800,35.5150,MFS15,INDUSTRIAL,medium
IS020,Tsurumi Food Processing Center,139.6650,35.5200,MFS15,INDUSTRIAL,medium
IS021,Kirin Brewery Yokohama,139.6550,35.5000,MFS15,INDUSTRIAL,medium
IS022,Koto Ward Printing District,139.8100,35.6850,MFS04,INDUSTRIAL,medium
IS023,Sumida Small Factory Cluster,139.795,35.7,MFS04,INDUSTRIAL,medium
IS024,Shin-Kiba Timber Processing,139.8300,35.6500,MFS04,INDUSTRIAL,medium
IS025,Koto Food Processing Zone,139.8200,35.6750,MFS04,INDUSTRIAL,medium
IS026,Sumida Electronics Assembly,139.8,35.695,MFS04,INDUSTRIAL,low
IS027,Ariake Industrial Hub,139.790,35.645,MFS04,INDUSTRIAL,medium
IS028,Ojima Chemical Processing,139.8350,35.6900,MFS04,INDUSTRIAL,low
IS029,Tatsumi Industrial Park,139.8142,35.6592,MFS04,INDUSTRIAL,medium
IS030,Adachi Manufacturing Zone,139.8400,35.7500,MFS07,INDUSTRIAL,medium
IS031,Katsushika Plastics Factory Area,139.8600,35.7450,MFS07,INDUSTRIAL,medium
IS032,Adachi Metal Stamping Cluster,139.8350,35.7600,MFS07,INDUSTRIAL,low
IS033,Ayase Food Processing,139.8500,35.7550,MFS07,INDUSTRIAL,low
IS034,Hachioji Electronics Factory,139.3100,35.6550,MFS09,INDUSTRIAL,medium
IS035,Hachioji Precision Instruments,139.3300,35.6600,MFS09,INDUSTRIAL,medium
IS036,Olympus Hachioji Plant,139.3200,35.6400,MFS09,INDUSTRIAL,medium
IS037,Yokohama Central Industrial Park,139.645,35.470,MFS11,INDUSTRIAL,medium
IS038,Nissan Yokohama Plant,139.642,35.475,MFS11,INDUSTRIAL,high
IS039,Yokohama Rubber Company Works,139.628,35.46,MFS11,INDUSTRIAL,medium
IS040,Yokohama South Shipyard,139.6250,35.4050,MFS12,INDUSTRIAL,high
IS041,JFE Steel Yokohama Works,139.6300,35.4150,MFS12,INDUSTRIAL,high
IS042,Yokohama South Food Processing,139.6150,35.4200,MFS12,INDUSTRIAL,medium
IS043,Saitama Industrial Complex,139.6550,35.8650,MFS27,INDUSTRIAL,medium
IS044,Saitama Automotive Parts Center,139.6400,35.8700,MFS27,INDUSTRIAL,medium
IS045,Saitama Food Processing Park,139.6600,35.8550,MFS27,INDUSTRIAL,medium
IS046,Kawaguchi Foundry District,139.7250,35.8250,MFS28,INDUSTRIAL,medium
IS047,Kawaguchi Iron Works Zone,139.7150,35.8350,MFS28,INDUSTRIAL,medium
IS048,Warabi Metal Processing,139.7050,35.8200,MFS28,INDUSTRIAL,low
IS049,Soka Chemical Plant,139.8100,35.8850,MFS30,INDUSTRIAL,medium
IS050,Koshigaya Industrial Park,139.8292,35.8942,MFS30,INDUSTRIAL,medium
IS051,Chiba Port Industrial Zone,140.1050,35.6050,MFS38,INDUSTRIAL,high
IS052,JFE Steel Chiba Works,140.1200,35.5950,MFS38,INDUSTRIAL,high
IS053,Chiba Food Processing District,140.1350,35.6150,MFS38,INDUSTRIAL,medium
IS054,Chiba Pharmaceutical Park,140.1000,35.6200,MFS38,INDUSTRIAL,medium
IS055,Ichikawa Steel Processing,139.9100,35.7050,MFS39,INDUSTRIAL,medium
IS056,Funabashi Industrial Zone,139.9350,35.6966,MFS39,INDUSTRIAL,medium
IS057,Ichikawa Chemical Complex,139.9250,35.7100,MFS39,INDUSTRIAL,medium
IS058,Mitsui Chemicals Ichihara,140.1100,35.4950,MFS43,INDUSTRIAL,high
IS059,Sumitomo Chemical Chiba Plant,140.1250,35.5050,MFS43,INDUSTRIAL,high
IS060,Idemitsu Kosan Chiba Refinery,140.1058,35.4842,MFS43,INDUSTRIAL,high
IS061,ENEOS Ichihara Refinery,140.1350,35.5100,MFS43,INDUSTRIAL,high
IS062,Cosmo Oil Chiba Refinery,140.0942,35.4892,MFS43,INDUSTRIAL,high
IS063,Ube Industries Ichihara,140.1142,35.5142,MFS43,INDUSTRIAL,medium
IS064,Nippon Steel Kashima Works,140.6500,35.9650,MFS54,INDUSTRIAL,high
IS065,Mitsubishi Chemical Kashima,140.6350,35.9750,MFS54,INDUSTRIAL,high
IS066,Sumitomo Metal Kashima Complex,140.6450,35.9800,MFS54,INDUSTRIAL,high
IS067,Kashima Petrochemical Complex,140.6533,35.9558,MFS54,INDUSTRIAL,medium
IS068,Hitachi Ltd Hitachi Works,140.6500,36.6000,MFS55,INDUSTRIAL,high
IS069,Hitachi High-Tech Naka Plant,140.4800,36.4000,MFS55,INDUSTRIAL,medium
IS070,Mito Electronics Assembly,140.4617,36.3717,MFS55,INDUSTRIAL,medium
IS071,Subaru Gunma Yajima Plant,139.0700,36.3800,MFS57,INDUSTRIAL,high
IS072,Subaru Gunma Oizumi Plant,139.3900,36.2400,MFS58,INDUSTRIAL,high
IS073,Sanyo Electric Gunma,139.3600,36.3200,MFS58,INDUSTRIAL,medium
IS074,Kiryu Textile Industrial Area,139.3400,36.4100,MFS58,INDUSTRIAL,low
IS075,Honda Tochigi Plant,139.8700,36.5500,MFS59,INDUSTRIAL,high
IS076,Honda R&D Tochigi Proving Ground,139.9000,36.5700,MFS59,INDUSTRIAL,high
IS077,Utsunomiya Industrial Park,139.8800,36.5400,MFS59,INDUSTRIAL,medium
IS078,Kisarazu Steel Processing,139.9242,35.3942,MFS44,INDUSTRIAL,medium
IS079,Futtsu Industrial Park,139.855,35.32,MFS44,INDUSTRIAL,medium
IS080,Tsukuba Science City Manufacturing,140.1050,36.0750,MFS50,INDUSTRIAL,medium
IS081,Tsukuba High-Tech Industrial Park,140.1200,36.0850,MFS50,INDUSTRIAL,medium
IS082,CBD Tokyo Redevelopment Site A,139.7650,35.6850,MFS01,CONSTRUCTION_SITE,medium
IS083,Toranomon Construction Zone,139.7500,35.6700,MFS01,CONSTRUCTION_SITE,high
IS084,Shibuya Station Redevelopment,139.7020,35.6580,MFS01,CONSTRUCTION_SITE,high
IS085,Shinagawa Gateway Construction,139.7400,35.6280,MFS02,CONSTRUCTION_SITE,high
IS086,Yokohama Minato Mirai Construction,139.625,35.465,MFS11,CONSTRUCTION_SITE,medium
IS087,Kawasaki Station Redevelopment,139.6970,35.5320,MFS16,CONSTRUCTION_SITE,medium
IS088,Toyosu Market Expansion Site,139.778,35.65,MFS04,CONSTRUCTION_SITE,medium
IS089,Saitama New Urban Center Build,139.6300,35.8580,MFS27,CONSTRUCTION_SITE,medium
IS090,Chiba Makuhari Development,140.040,35.650,MFS39,CONSTRUCTION_SITE,medium
IS091,Shizuoka Industrial Park,138.3900,34.9750,MFS70,INDUSTRIAL,medium
IS092,Suzuki Motor Shizuoka Plant,138.3700,34.9900,MFS70,INDUSTRIAL,high
IS093,Yamaha Motor Iwata Works,137.8700,34.7200,MFS70,INDUSTRIAL,medium
IS094,Toyota Supplier Park Chubu,136.9000,35.0800,MFS71,INDUSTRIAL,high
IS095,Nagoya Port Industrial Zone,136.8808,35.0492,MFS71,INDUSTRIAL,high
IS096,Saitama Precision Manufacturing,139.6000,35.8800,MFS27,INDUSTRIAL,medium
IS097,Koshigaya Industrial Park,139.7800,35.8800,MFS27,INDUSTRIAL,medium
IS098,Kasukabe Electronics Zone,139.7400,35.9600,MFS30,INDUSTRIAL,medium
IS099,Ageo Manufacturing District,139.5800,35.9700,MFS30,INDUSTRIAL,low
IS100,Sayama Automotive Parts,139.4100,35.8500,MFS29,INDUSTRIAL,medium
IS101,Iruma Precision Works,139.3800,35.8300,MFS09,INDUSTRIAL,low
IS102,Tokorozawa Tech Park,139.4600,35.7900,MFS09,INDUSTRIAL,medium
IS103,Hanno Textile Mills,139.3100,35.8500,MFS29,INDUSTRIAL,low
IS104,Chichibu Cement Works,139.0800,35.9900,MFS60,INDUSTRIAL,medium
IS105,Kumagaya Industrial Zone,139.3800,36.1400,MFS59,INDUSTRIAL,medium
IS106,Fukaya Manufacturing Park,139.2800,36.1900,MFS59,INDUSTRIAL,medium
IS107,Honjo Industrial Complex,139.1900,36.2400,MFS59,INDUSTRIAL,low
IS108,Chiba Makuhari Tech Park,140.0400,35.6480,MFS43,INDUSTRIAL,high
IS109,Kashiwa R&D Center,139.9600,35.8500,MFS43,INDUSTRIAL,medium
IS110,Matsudo Electronics,139.8900,35.7800,MFS43,INDUSTRIAL,medium
IS111,Nagareyama Tech Zone,139.8875,35.8408,MFS28,INDUSTRIAL,low
IS112,Noda Industrial Park,139.8600,35.9500,MFS43,INDUSTRIAL,medium
IS113,Funabashi Shipbuilding,139.9692,35.6792,MFS39,INDUSTRIAL,medium
IS114,Ichikawa Chemical Complex,139.9100,35.7000,MFS39,INDUSTRIAL,medium
IS115,Urayasu Electronics Assembly,139.8900,35.6400,MFS04,INDUSTRIAL,low
IS116,Yachiyo Automotive Plant,140.0900,35.7100,MFS43,INDUSTRIAL,medium
IS117,Sakura Precision Machinery,140.2200,35.7200,MFS54,INDUSTRIAL,low
IS118,Narita Aircraft Maintenance,140.3692,35.7600,MFS54,INDUSTRIAL,high
IS119,Inzai Semiconductor Fab,140.1492,35.8300,MFS54,INDUSTRIAL,high
IS120,Tomisato Food Processing,140.3400,35.7300,MFS54,INDUSTRIAL,medium
IS121,Yotsukaido Electronics,140.1700,35.6700,MFS43,INDUSTRIAL,low
IS122,Yokosuka Shipyard Complex,139.6600,35.2800,MFS18,INDUSTRIAL,high
IS123,Zushi Precision Parts,139.5800,35.2900,MFS18,INDUSTRIAL,low
IS124,Kamakura Tech Center,139.5500,35.3200,MFS17,INDUSTRIAL,low
IS125,Fujisawa Manufacturing,139.4800,35.3400,MFS17,INDUSTRIAL,medium
IS126,Chigasaki Industrial Zone,139.4000,35.3300,MFS17,INDUSTRIAL,medium
IS127,Hiratsuka Chemical Complex,139.3400,35.3300,MFS22,INDUSTRIAL,high
IS128,Odawara Manufacturing Park,139.1500,35.2600,MFS23,INDUSTRIAL,medium
IS129,Atsugi Semiconductor,139.3600,35.4400,MFS26,INDUSTRIAL,high
IS130,Ebina Electronics Zone,139.3900,35.4500,MFS26,INDUSTRIAL,medium
IS131,Sagamihara Industrial Park,139.3600,35.5700,MFS26,INDUSTRIAL,high
IS132,Machida Tech District,139.4500,35.5400,MFS09,INDUSTRIAL,medium
IS133,Hachioji Western Industrial,139.3000,35.6600,MFS09,INDUSTRIAL,medium
IS134,Ome Textile Complex,139.2600,35.7900,MFS09,INDUSTRIAL,low
IS135,Akishima Manufacturing,139.3600,35.7000,MFS09,INDUSTRIAL,medium
IS136,Tachikawa Aerospace Parts,139.4000,35.6900,MFS09,INDUSTRIAL,medium
IS137,Hino Automotive Assembly,139.3900,35.6700,MFS09,INDUSTRIAL,high
IS138,Fussa Military Contractor,139.3300,35.7400,MFS09,INDUSTRIAL,low
IS139,Hamura Electronics,139.3100,35.7700,MFS09,INDUSTRIAL,low
IS140,Mizuho Agricultural Processing,139.3492,35.7792,MFS09,INDUSTRIAL,low
IS141,Konosu Industrial Zone,139.5100,36.0700,MFS08,INDUSTRIAL,low
IS142,Gyoda Factory District,139.4784,36.1484,MFS08,INDUSTRIAL,low
IS143,Yashio Industrial Estate,139.8700,35.8100,MFS19,INDUSTRIAL,medium
IS144,Misato Light Industry,139.8800,35.8392,MFS19,INDUSTRIAL,low
IS145,Ogawa Manufacturing,139.2700,36.0700,MFS36,INDUSTRIAL,low
IS146,Fukaya Industrial Park,139.2717,36.2100,MFS35,INDUSTRIAL,low
IS147,Chichibu Cement Factory,139.0800,36.0200,MFS31,INDUSTRIAL,medium
IS148,Noda Industrial Zone,139.8900,35.9300,MFS40,INDUSTRIAL,medium
IS149,Abiko Manufacturing,140.0400,35.8500,MFS42,INDUSTRIAL,low
IS150,Mito North Industrial,140.4700,36.4200,MFS52,INDUSTRIAL,medium
IS151,Tsuchiura Industrial Park,140.1816,36.1016,MFS53,INDUSTRIAL,medium
IS152,Chikusei Factory,139.9700,36.3800,MFS56,INDUSTRIAL,low
IS154,Nikko Manufacturing,139.6100,36.7600,MFS60,INDUSTRIAL,low
IS155,Utsunomiya NW Industrial,139.8325,36.5692,MFS61,INDUSTRIAL,medium
IS156,Nasu Highland Factory,140.0984,37.0184,MFS64,INDUSTRIAL,low
IS157,Numata Industrial,139.0700,36.6600,MFS65,INDUSTRIAL,low
IS158,Nakanojo Factory,138.8800,36.5600,MFS66,INDUSTRIAL,low
IS159,Sendai Industrial Zone,141.0000,38.2500,MFS67,INDUSTRIAL,high
IS160,Niigata Industrial Estate,139.1000,37.8800,MFS68,INDUSTRIAL,high
IS161,Nagano Manufacturing,138.2000,36.6000,MFS69,INDUSTRIAL,medium
IS162,Hamamatsu Auto Parts,137.7700,34.7100,MFS70,INDUSTRIAL,high
IS163,Nagoya Port Industrial,136.9000,35.1000,MFS71,INDUSTRIAL,high
IS164,Osaka Factory District,135.5200,34.6500,MFS71,INDUSTRIAL,high
IS165,Toyota City Industrial,137.1700,35.0800,MFS71,INDUSTRIAL,high
IS166,Toyota City Main Plant,137.1500,35.0830,MFS71,INDUSTRIAL,high
IS167,Kofu Industrial Park,138.5800,35.6300,MFS69,INDUSTRIAL,medium
IS168,Ina Manufacturing Complex,137.9300,35.7800,MFS69,INDUSTRIAL,medium
IS169,Matsumoto East Industrial,138.0500,36.2300,MFS69,INDUSTRIAL,medium
IS170,JFE Steel East Japan Works Keihin Branch 1,139.7395,35.5231,MFS16,INDUSTRIAL,high
IS171,JFE Steel East Japan Works Keihin Branch 2,139.7388,35.5349,MFS16,INDUSTRIAL,high
IS172,JFE Steel East Japan Works Keihin Branch 3,139.7427,35.5291,MFS16,INDUSTRIAL,high
IS173,JFE Steel East Japan Works Keihin Branch 4,139.7203,35.5057,MFS16,INDUSTRIAL,high
IS174,JFE Steel East Japan Works Keihin Branch 5,139.7407,35.5294,MFS16,INDUSTRIAL,high
IS175,JFE Steel East Japan Works Keihin Branch 6,139.7271,35.5342,MFS16,INDUSTRIAL,high
IS176,JFE Steel East Japan Works Keihin Branch 7,139.7223,35.5255,MFS16,INDUSTRIAL,high
IS177,JFE Steel East Japan Works Keihin Branch 8,139.7277,35.5168,MFS16,INDUSTRIAL,high
IS178,JFE Steel East Japan Works Keihin Branch 9,139.7299,35.5324,MFS16,INDUSTRIAL,high
IS179,JFE Steel East Japan Works Keihin Branch 10,139.7189,35.5308,MFS16,INDUSTRIAL,high
IS180,Toshiba Kawasaki Complex Branch 1,139.6960,35.5348,MFS16,INDUSTRIAL,high
IS181,Toshiba Kawasaki Complex Branch 2,139.7037,35.5324,MFS16,INDUSTRIAL,high
IS182,Toshiba Kawasaki Complex Branch 3,139.6913,35.5315,MFS16,INDUSTRIAL,high
IS183,Toshiba Kawasaki Complex Branch 4,139.6825,35.5415,MFS16,INDUSTRIAL,high
IS184,Toshiba Kawasaki Complex Branch 5,139.6806,35.5281,MFS16,INDUSTRIAL,high
IS185,Toshiba Kawasaki Complex Branch 6,139.7002,35.5315,MFS16,INDUSTRIAL,high
IS186,Toshiba Kawasaki Complex Branch 7,139.7034,35.5309,MFS16,INDUSTRIAL,high
IS187,Toshiba Kawasaki Complex Branch 8,139.6993,35.5361,MFS16,INDUSTRIAL,high
IS188,Toshiba Kawasaki Complex Branch 9,139.6992,35.5375,MFS16,INDUSTRIAL,high
IS189,Toshiba Kawasaki Complex Branch 10,139.6923,35.5536,MFS16,INDUSTRIAL,high
IS190,Nippon Steel Keihin Plant Branch 1,139.7030,35.5306,MFS16,INDUSTRIAL,high
IS191,Nippon Steel Keihin Plant Branch 2,139.6877,35.5192,MFS16,INDUSTRIAL,high
IS192,Nippon Steel Keihin Plant Branch 3,139.7053,35.5316,MFS16,INDUSTRIAL,high
IS193,Nippon Steel Keihin Plant Branch 4,139.7067,35.5191,MFS16,INDUSTRIAL,high
IS194,Nippon Steel Keihin Plant Branch 5,139.7071,35.5083,MFS16,INDUSTRIAL,high
IS195,Nippon Steel Keihin Plant Branch 6,139.7103,35.5171,MFS16,INDUSTRIAL,high
IS196,Nippon Steel Keihin Plant Branch 7,139.6993,35.5211,MFS16,INDUSTRIAL,high
IS197,Nippon Steel Keihin Plant Branch 8,139.7111,35.5207,MFS16,INDUSTRIAL,high
IS198,Nippon Steel Keihin Plant Branch 9,139.7124,35.5212,MFS16,INDUSTRIAL,high
IS199,Nippon Steel Keihin Plant Branch 10,139.7022,35.5222,MFS16,INDUSTRIAL,high
IS200,Kawasaki Heavy Industries Keihin Branch 1,139.7293,35.5162,MFS16,INDUSTRIAL,high
IS201,Kawasaki Heavy Industries Keihin Branch 2,139.7311,35.5286,MFS16,INDUSTRIAL,high
IS202,Kawasaki Heavy Industries Keihin Branch 3,139.7272,35.5364,MFS16,INDUSTRIAL,high
IS203,Kawasaki Heavy Industries Keihin Branch 4,139.7088,35.5319,MFS16,INDUSTRIAL,high
IS204,Kawasaki Heavy Industries Keihin Branch 5,139.7078,35.5267,MFS16,INDUSTRIAL,high
IS205,Kawasaki Heavy Industries Keihin Branch 6,139.7115,35.5524,MFS16,INDUSTRIAL,high
IS206,Kawasaki Heavy Industries Keihin Branch 7,139.7123,35.5491,MFS16,INDUSTRIAL,high
IS207,Kawasaki Heavy Industries Keihin Branch 8,139.7099,35.5329,MFS16,INDUSTRIAL,high
IS208,Kawasaki Heavy Industries Keihin Branch 9,139.7203,35.5227,MFS16,INDUSTRIAL,high
IS209,Kawasaki Heavy Industries Keihin Branch 10,139.7258,35.5280,MFS16,INDUSTRIAL,high
IS210,Mitsubishi Chemical Kawasaki Branch 1,139.7030,35.5288,MFS16,INDUSTRIAL,medium
IS211,Mitsubishi Chemical Kawasaki Branch 2,139.6966,35.5503,MFS16,INDUSTRIAL,medium
IS212,Mitsubishi Chemical Kawasaki Branch 3,139.6914,35.5538,MFS16,INDUSTRIAL,medium
IS213,Mitsubishi Chemical Kawasaki Branch 4,139.7104,35.5441,MFS16,INDUSTRIAL,medium
IS214,Mitsubishi Chemical Kawasaki Branch 5,139.6945,35.5323,MFS16,INDUSTRIAL,medium
IS215,Mitsubishi Chemical Kawasaki Branch 6,139.6958,35.5485,MFS16,INDUSTRIAL,medium
IS216,Mitsubishi Chemical Kawasaki Branch 7,139.7033,35.5432,MFS16,INDUSTRIAL,medium
IS217,Mitsubishi Chemical Kawasaki Branch 8,139.7074,35.5398,MFS16,INDUSTRIAL,medium
IS218,Mitsubishi Chemical Kawasaki Branch 9,139.7150,35.5336,MFS16,INDUSTRIAL,medium
IS219,Mitsubishi Chemical Kawasaki Branch 10,139.6930,35.5379,MFS16,INDUSTRIAL,medium
IS220,AGC Glass Keihin Plant Branch 1,139.6999,35.5096,MFS16,INDUSTRIAL,medium
IS221,AGC Glass Keihin Plant Branch 2,139.6934,35.5133,MFS16,INDUSTRIAL,medium
IS222,AGC Glass Keihin Plant Branch 3,139.7039,35.5197,MFS16,INDUSTRIAL,medium
IS223,AGC Glass Keihin Plant Branch 4,139.6910,35.5151,MFS16,INDUSTRIAL,medium
IS224,AGC Glass Keihin Plant Branch 5,139.6970,35.5045,MFS16,INDUSTRIAL,medium
IS225,AGC Glass Keihin Plant Branch 6,139.7200,35.5193,MFS16,INDUSTRIAL,medium
IS226,AGC Glass Keihin Plant Branch 7,139.7130,35.5213,MFS16,INDUSTRIAL,medium
IS227,AGC Glass Keihin Plant Branch 8,139.7001,35.5129,MFS16,INDUSTRIAL,medium
IS228,AGC Glass Keihin Plant Branch 9,139.7032,35.5104,MFS16,INDUSTRIAL,medium
IS229,AGC Glass Keihin Plant Branch 10,139.6962,35.5133,MFS16,INDUSTRIAL,medium
IS230,Showa Denko Kawasaki Branch 1,139.7119,35.5190,MFS16,INDUSTRIAL,medium
IS231,Showa Denko Kawasaki Branch 2,139.7185,35.5223,MFS16,INDUSTRIAL,medium
IS232,Showa Denko Kawasaki Branch 3,139.7173,35.5032,MFS16,INDUSTRIAL,medium
IS233,Showa Denko Kawasaki Branch 4,139.7069,35.5265,MFS16,INDUSTRIAL,medium
IS234,Showa Denko Kawasaki Branch 5,139.7155,35.5201,MFS16,INDUSTRIAL,medium
IS235,Showa Denko Kawasaki Branch 6,139.7195,35.5215,MFS16,INDUSTRIAL,medium
IS236,Showa Denko Kawasaki Branch 7,139.7255,35.5215,MFS16,INDUSTRIAL,medium
IS237,Showa Denko Kawasaki Branch 8,139.7128,35.5266,MFS16,INDUSTRIAL,medium
IS238,Showa Denko Kawasaki Branch 9,139.7074,35.5152,MFS16,INDUSTRIAL,medium
IS239,Showa Denko Kawasaki Branch 10,139.7147,35.5144,MFS16,INDUSTRIAL,medium
IS240,Canon Kawasaki Office Factory Branch 1,139.7043,35.5424,MFS16,INDUSTRIAL,medium
IS241,Canon Kawasaki Office Factory Branch 2,139.6855,35.5503,MFS16,INDUSTRIAL,medium
IS242,Canon Kawasaki Office Factory Branch 3,139.7152,35.5476,MFS16,INDUSTRIAL,medium
IS243,Canon Kawasaki Office Factory Branch 4,139.6797,35.5420,MFS16,INDUSTRIAL,medium
IS244,Canon Kawasaki Office Factory Branch 5,139.6951,35.5396,MFS16,INDUSTRIAL,medium
IS245,Canon Kawasaki Office Factory Branch 6,139.6957,35.5506,MFS16,INDUSTRIAL,medium
IS246,Canon Kawasaki Office Factory Branch 7,139.7093,35.5517,MFS16,INDUSTRIAL,medium
IS247,Canon Kawasaki Office Factory Branch 8,139.6779,35.5430,MFS16,INDUSTRIAL,medium
IS248,Canon Kawasaki Office Factory Branch 9,139.6795,35.5382,MFS16,INDUSTRIAL,medium
IS249,Canon Kawasaki Office Factory Branch 10,139.6981,35.5494,MFS16,INDUSTRIAL,medium
IS250,Ebara Corporation Haneda Works Branch 1,139.7463,35.5626,MFS02,INDUSTRIAL,high
IS251,Ebara Corporation Haneda Works Branch 2,139.7494,35.5783,MFS02,INDUSTRIAL,high
IS252,Ebara Corporation Haneda Works Branch 3,139.7394,35.5738,MFS02,INDUSTRIAL,high
IS253,Ebara Corporation Haneda Works Branch 4,139.7501,35.5699,MFS02,INDUSTRIAL,high
IS254,Ebara Corporation Haneda Works Branch 5,139.7433,35.5704,MFS02,INDUSTRIAL,high
IS255,Ebara Corporation Haneda Works Branch 6,139.7567,35.5574,MFS02,INDUSTRIAL,high
IS256,Ebara Corporation Haneda Works Branch 7,139.7527,35.5727,MFS02,INDUSTRIAL,high
IS257,Ebara Corporation Haneda Works Branch 8,139.7519,35.5724,MFS02,INDUSTRIAL,high
IS258,Ebara Corporation Haneda Works Branch 9,139.7412,35.5860,MFS02,INDUSTRIAL,high
IS259,Ebara Corporation Haneda Works Branch 10,139.7306,35.5704,MFS02,INDUSTRIAL,high
IS260,IHI Aeroengine Mizuho Plant Branch 1,139.7286,35.5982,MFS02,INDUSTRIAL,high
IS261,IHI Aeroengine Mizuho Plant Branch 2,139.7352,35.6161,MFS02,INDUSTRIAL,high
IS262,IHI Aeroengine Mizuho Plant Branch 3,139.7344,35.5960,MFS02,INDUSTRIAL,high
IS263,IHI Aeroengine Mizuho Plant Branch 4,139.7239,35.5913,MFS02,INDUSTRIAL,high
IS264,IHI Aeroengine Mizuho Plant Branch 5,139.7308,35.6010,MFS02,INDUSTRIAL,high
IS265,IHI Aeroengine Mizuho Plant Branch 6,139.7302,35.6142,MFS02,INDUSTRIAL,high
IS266,IHI Aeroengine Mizuho Plant Branch 7,139.7277,35.6064,MFS02,INDUSTRIAL,high
IS267,IHI Aeroengine Mizuho Plant Branch 8,139.7167,35.6186,MFS02,INDUSTRIAL,high
IS268,IHI Aeroengine Mizuho Plant Branch 9,139.7377,35.6099,MFS02,INDUSTRIAL,high
IS269,IHI Aeroengine Mizuho Plant Branch 10,139.7357,35.6023,MFS02,INDUSTRIAL,high
IS270,Ota Ward Automotive Parts District Branch 1,139.7176,35.5818,MFS02,INDUSTRIAL,medium
IS271,Ota Ward Automotive Parts District Branch 2,139.7238,35.5750,MFS02,INDUSTRIAL,medium
IS272,Ota Ward Automotive Parts District Branch 3,139.7124,35.5777,MFS02,INDUSTRIAL,medium
IS273,Ota Ward Automotive Parts District Branch 4,139.7229,35.5910,MFS02,INDUSTRIAL,medium
IS274,Ota Ward Automotive Parts District Branch 5,139.7323,35.5819,MFS02,INDUSTRIAL,medium
IS275,Ota Ward Automotive Parts District Branch 6,139.7297,35.5986,MFS02,INDUSTRIAL,medium
IS276,Ota Ward Automotive Parts District Branch 7,139.7261,35.5862,MFS02,INDUSTRIAL,medium
IS277,Ota Ward Automotive Parts District Branch 8,139.7248,35.5801,MFS02,INDUSTRIAL,medium
IS278,Ota Ward Automotive Parts District Branch 9,139.7191,35.5863,MFS02,INDUSTRIAL,medium
IS279,Ota Ward Automotive Parts District Branch 10,139.7343,35.5812,MFS02,INDUSTRIAL,medium
IS280,Shinagawa Metal Processing Center Branch 1,139.7403,35.6230,MFS02,INDUSTRIAL,medium
IS281,Shinagawa Metal Processing Center Branch 2,139.7385,35.6025,MFS02,INDUSTRIAL,medium
IS282,Shinagawa Metal Processing Center Branch 3,139.7478,35.6226,MFS02,INDUSTRIAL,medium
IS283,Shinagawa Metal Processing Center Branch 4,139.7419,35.6088,MFS02,INDUSTRIAL,medium
IS284,Shinagawa Metal Processing Center Branch 5,139.7307,35.6100,MFS02,INDUSTRIAL,medium
IS285,Shinagawa Metal Processing Center Branch 6,139.7405,35.6281,MFS02,INDUSTRIAL,medium
IS286,Shinagawa Metal Processing Center Branch 7,139.7593,35.6123,MFS02,INDUSTRIAL,medium
IS287,Shinagawa Metal Processing Center Branch 8,139.7359,35.6123,MFS02,INDUSTRIAL,medium
IS288,Shinagawa Metal Processing Center Branch 9,139.7500,35.6092,MFS02,INDUSTRIAL,medium
IS289,Shinagawa Metal Processing Center Branch 10,139.7393,35.6209,MFS02,INDUSTRIAL,medium
IS290,Omori Industrial Park Branch 1,139.7257,35.5863,MFS02,INDUSTRIAL,medium
IS291,Omori Industrial Park Branch 2,139.7297,35.5919,MFS02,INDUSTRIAL,medium
IS292,Omori Industrial Park Branch 3,139.7354,35.5933,MFS02,INDUSTRIAL,medium
IS293,Omori Industrial Park Branch 4,139.7209,35.5905,MFS02,INDUSTRIAL,medium
IS294,Omori Industrial Park Branch 5,139.7242,35.5825,MFS02,INDUSTRIAL,medium
IS295,Omori Industrial Park Branch 6,139.7235,35.5950,MFS02,INDUSTRIAL,medium
IS296,Omori Industrial Park Branch 7,139.7379,35.5919,MFS02,INDUSTRIAL,medium
IS297,Omori Industrial Park Branch 8,139.7133,35.5964,MFS02,INDUSTRIAL,medium
IS298,Omori Industrial Park Branch 9,139.7208,35.5880,MFS02,INDUSTRIAL,medium
IS299,Omori Industrial Park Branch 10,139.7301,35.5821,MFS02,INDUSTRIAL,medium
IS300,Keikyu Kamata Factory Zone Branch 1,139.7097,35.5759,MFS02,INDUSTRIAL,medium
IS301,Keikyu Kamata Factory Zone Branch 2,139.7081,35.5738,MFS02,INDUSTRIAL,medium
IS302,Keikyu Kamata Factory Zone Branch 3,139.7143,35.5789,MFS02,INDUSTRIAL,medium
IS303,Keikyu Kamata Factory Zone Branch 4,139.7178,35.5771,MFS02,INDUSTRIAL,medium
IS304,Keikyu Kamata Factory Zone Branch 5,139.7110,35.5742,MFS02,INDUSTRIAL,medium
IS305,Keikyu Kamata Factory Zone Branch 6,139.7220,35.5812,MFS02,INDUSTRIAL,medium
IS306,Keikyu Kamata Factory Zone Branch 7,139.7069,35.5775,MFS02,INDUSTRIAL,medium
IS307,Keikyu Kamata Factory Zone Branch 8,139.7180,35.5681,MFS02,INDUSTRIAL,medium
IS308,Keikyu Kamata Factory Zone Branch 9,139.7122,35.5684,MFS02,INDUSTRIAL,medium
IS309,Keikyu Kamata Factory Zone Branch 10,139.7253,35.5784,MFS02,INDUSTRIAL,medium
IS310,Haneda Airport Maintenance Facility Branch 1,139.7458,35.5550,MFS02,INDUSTRIAL,high
IS311,Haneda Airport Maintenance Facility Branch 2,139.7588,35.5574,MFS02,INDUSTRIAL,high
IS312,Haneda Airport Maintenance Facility Branch 3,139.7572,35.5569,MFS02,INDUSTRIAL,high
IS313,Haneda Airport Maintenance Facility Branch 4,139.7448,35.5553,MFS02,INDUSTRIAL,high
IS314,Haneda Airport Maintenance Facility Branch 5,139.7612,35.5539,MFS02,INDUSTRIAL,high
IS315,Haneda Airport Maintenance Facility Branch 6,139.7563,35.5595,MFS02,INDUSTRIAL,high
IS316,Haneda Airport Maintenance Facility Branch 7,139.7573,35.5530,MFS02,INDUSTRIAL,high
IS317,Haneda Airport Maintenance Facility Branch 8,139.7594,35.5552,MFS02,INDUSTRIAL,high
IS318,Haneda Airport Maintenance Facility Branch 9,139.7634,35.5666,MFS02,INDUSTRIAL,high
IS319,Haneda Airport Maintenance Facility Branch 10,139.7598,35.5539,MFS02,INDUSTRIAL,high
IS320,Ota Precision Machinery Cluster Branch 1,139.7132,35.5779,MFS02,INDUSTRIAL,low
IS321,Ota Precision Machinery Cluster Branch 2,139.7088,35.5799,MFS02,INDUSTRIAL,low
IS322,Ota Precision Machinery Cluster Branch 3,139.7137,35.5836,MFS02,INDUSTRIAL,low
IS323,Ota Precision Machinery Cluster Branch 4,139.7165,35.5917,MFS02,INDUSTRIAL,low
IS324,Ota Precision Machinery Cluster Branch 5,139.7085,35.5974,MFS02,INDUSTRIAL,low
IS325,Ota Precision Machinery Cluster Branch 6,139.7274,35.5867,MFS02,INDUSTRIAL,low
IS326,Ota Precision Machinery Cluster Branch 7,139.7164,35.5898,MFS02,INDUSTRIAL,low
IS327,Ota Precision Machinery Cluster Branch 8,139.7046,35.5960,MFS02,INDUSTRIAL,low
IS328,Ota Precision Machinery Cluster Branch 9,139.7211,35.5763,MFS02,INDUSTRIAL,low
IS329,Ota Precision Machinery Cluster Branch 10,139.7298,35.5963,MFS02,INDUSTRIAL,low
IS330,Tsurumi JX Nippon Oil Refinery Branch 1,139.6725,35.4988,MFS15,INDUSTRIAL,high
IS331,Tsurumi JX Nippon Oil Refinery Branch 2,139.6810,35.5038,MFS15,INDUSTRIAL,high
IS332,Tsurumi JX Nippon Oil Refinery Branch 3,139.6727,35.5147,MFS15,INDUSTRIAL,high
IS333,Tsurumi JX Nippon Oil Refinery Branch 4,139.6801,35.5008,MFS15,INDUSTRIAL,high
IS334,Tsurumi JX Nippon Oil Refinery Branch 5,139.6766,35.5016,MFS15,INDUSTRIAL,high
IS335,Tsurumi JX Nippon Oil Refinery Branch 6,139.6663,35.5113,MFS15,INDUSTRIAL,high
IS336,Tsurumi JX Nippon Oil Refinery Branch 7,139.6555,35.5060,MFS15,INDUSTRIAL,high
IS337,Tsurumi JX Nippon Oil Refinery Branch 8,139.6736,35.5165,MFS15,INDUSTRIAL,high
IS338,Tsurumi JX Nippon Oil Refinery Branch 9,139.6741,35.5113,MFS15,INDUSTRIAL,high
IS339,Tsurumi JX Nippon Oil Refinery Branch 10,139.6688,35.5138,MFS15,INDUSTRIAL,high
IS340,Asahi Glass Tsurumi Works Branch 1,139.6512,35.5128,MFS15,INDUSTRIAL,medium
IS341,Asahi Glass Tsurumi Works Branch 2,139.6811,35.5061,MFS15,INDUSTRIAL,medium
IS342,Asahi Glass Tsurumi Works Branch 3,139.6737,35.5227,MFS15,INDUSTRIAL,medium
IS343,Asahi Glass Tsurumi Works Branch 4,139.6621,35.4927,MFS15,INDUSTRIAL,medium
IS344,Asahi Glass Tsurumi Works Branch 5,139.6873,35.5103,MFS15,INDUSTRIAL,medium
IS345,Asahi Glass Tsurumi Works Branch 6,139.6538,35.5342,MFS15,INDUSTRIAL,medium
IS346,Asahi Glass Tsurumi Works Branch 7,139.6858,35.4998,MFS15,INDUSTRIAL,medium
IS347,Asahi Glass Tsurumi Works Branch 8,139.6723,35.4996,MFS15,INDUSTRIAL,medium
IS348,Asahi Glass Tsurumi Works Branch 9,139.6798,35.5235,MFS15,INDUSTRIAL,medium
IS349,Asahi Glass Tsurumi Works Branch 10,139.6604,35.5116,MFS15,INDUSTRIAL,medium
IS350,Toshiba Tsurumi Semiconductor Branch 1,139.6763,35.5034,MFS15,INDUSTRIAL,medium
IS351,Toshiba Tsurumi Semiconductor Branch 2,139.6697,35.5164,MFS15,INDUSTRIAL,medium
IS352,Toshiba Tsurumi Semiconductor Branch 3,139.6723,35.5023,MFS15,INDUSTRIAL,medium
IS353,Toshiba Tsurumi Semiconductor Branch 4,139.6606,35.5152,MFS15,INDUSTRIAL,medium
IS354,Toshiba Tsurumi Semiconductor Branch 5,139.6569,35.5077,MFS15,INDUSTRIAL,medium
IS355,Toshiba Tsurumi Semiconductor Branch 6,139.6887,35.5033,MFS15,INDUSTRIAL,medium
IS356,Toshiba Tsurumi Semiconductor Branch 7,139.6789,35.5050,MFS15,INDUSTRIAL,medium
IS357,Toshiba Tsurumi Semiconductor Branch 8,139.6727,35.5182,MFS15,INDUSTRIAL,medium
IS358,Toshiba Tsurumi Semiconductor Branch 9,139.6817,35.5308,MFS15,INDUSTRIAL,medium
IS359,Toshiba Tsurumi Semiconductor Branch 10,139.6837,35.5070,MFS15,INDUSTRIAL,medium
IS360,Tsurumi Food Processing Center Branch 1,139.6662,35.5156,MFS15,INDUSTRIAL,medium
IS361,Tsurumi Food Processing Center Branch 2,139.6532,35.5223,MFS15,INDUSTRIAL,medium
IS362,Tsurumi Food Processing Center Branch 3,139.6615,35.5281,MFS15,INDUSTRIAL,medium
IS363,Tsurumi Food Processing Center Branch 4,139.6563,35.5107,MFS15,INDUSTRIAL,medium
IS364,Tsurumi Food Processing Center Branch 5,139.6790,35.5171,MFS15,INDUSTRIAL,medium
IS365,Tsurumi Food Processing Center Branch 6,139.6623,35.5304,MFS15,INDUSTRIAL,medium
IS366,Tsurumi Food Processing Center Branch 7,139.6845,35.5251,MFS15,INDUSTRIAL,medium
IS367,Tsurumi Food Processing Center Branch 8,139.6586,35.5158,MFS15,INDUSTRIAL,medium
IS368,Tsurumi Food Processing Center Branch 9,139.6710,35.5239,MFS15,INDUSTRIAL,medium
IS369,Tsurumi Food Processing Center Branch 10,139.6490,35.5219,MFS15,INDUSTRIAL,medium
IS370,Kirin Brewery Yokohama Branch 1,139.6454,35.5017,MFS15,INDUSTRIAL,medium
IS371,Kirin Brewery Yokohama Branch 2,139.6609,35.5062,MFS15,INDUSTRIAL,medium
IS372,Kirin Brewery Yokohama Branch 3,139.6492,35.5028,MFS15,INDUSTRIAL,medium
IS373,Kirin Brewery Yokohama Branch 4,139.6656,35.4997,MFS15,INDUSTRIAL,medium
IS374,Kirin Brewery Yokohama Branch 5,139.6402,35.5107,MFS15,INDUSTRIAL,medium
IS375,Kirin Brewery Yokohama Branch 6,139.6624,35.4916,MFS15,INDUSTRIAL,medium
IS376,Kirin Brewery Yokohama Branch 7,139.6574,35.4940,MFS15,INDUSTRIAL,medium
IS377,Kirin Brewery Yokohama Branch 8,139.6560,35.5017,MFS15,INDUSTRIAL,medium
IS378,Kirin Brewery Yokohama Branch 9,139.6526,35.5018,MFS15,INDUSTRIAL,medium
IS379,Kirin Brewery Yokohama Branch 10,139.6468,35.5035,MFS15,INDUSTRIAL,medium
IS380,Koto Ward Printing District Branch 1,139.8204,35.6887,MFS04,INDUSTRIAL,medium
IS381,Koto Ward Printing District Branch 2,139.8117,35.6868,MFS04,INDUSTRIAL,medium
IS382,Koto Ward Printing District Branch 3,139.8092,35.6837,MFS04,INDUSTRIAL,medium
IS383,Koto Ward Printing District Branch 4,139.8151,35.6869,MFS04,INDUSTRIAL,medium
IS384,Koto Ward Printing District Branch 5,139.8140,35.6802,MFS04,INDUSTRIAL,medium
IS385,Koto Ward Printing District Branch 6,139.8099,35.6837,MFS04,INDUSTRIAL,medium
IS386,Koto Ward Printing District Branch 7,139.8135,35.6965,MFS04,INDUSTRIAL,medium
IS387,Koto Ward Printing District Branch 8,139.8085,35.6891,MFS04,INDUSTRIAL,medium
IS388,Koto Ward Printing District Branch 9,139.8204,35.6843,MFS04,INDUSTRIAL,medium
IS389,Koto Ward Printing District Branch 10,139.8072,35.6735,MFS04,INDUSTRIAL,medium
IS390,Sumida Small Factory Cluster Branch 1,139.7938,35.7056,MFS04,INDUSTRIAL,medium
IS391,Sumida Small Factory Cluster Branch 2,139.7874,35.7063,MFS04,INDUSTRIAL,medium
IS392,Sumida Small Factory Cluster Branch 3,139.7884,35.7076,MFS04,INDUSTRIAL,medium
IS393,Sumida Small Factory Cluster Branch 4,139.8035,35.7068,MFS04,INDUSTRIAL,medium
IS394,Sumida Small Factory Cluster Branch 5,139.8021,35.7120,MFS04,INDUSTRIAL,medium
IS395,Sumida Small Factory Cluster Branch 6,139.7895,35.7026,MFS04,INDUSTRIAL,medium
IS396,Sumida Small Factory Cluster Branch 7,139.7954,35.7213,MFS04,INDUSTRIAL,medium
IS397,Sumida Small Factory Cluster Branch 8,139.7852,35.6977,MFS04,INDUSTRIAL,medium
IS398,Sumida Small Factory Cluster Branch 9,139.8124,35.6994,MFS04,INDUSTRIAL,medium
IS399,Sumida Small Factory Cluster Branch 10,139.7935,35.7154,MFS04,INDUSTRIAL,medium
IS400,Shin-Kiba Timber Processing Branch 1,139.8270,35.6483,MFS04,INDUSTRIAL,medium
IS401,Shin-Kiba Timber Processing Branch 2,139.8339,35.6519,MFS04,INDUSTRIAL,medium
IS402,Shin-Kiba Timber Processing Branch 3,139.8355,35.6379,MFS04,INDUSTRIAL,medium
IS403,Shin-Kiba Timber Processing Branch 4,139.8139,35.6442,MFS04,INDUSTRIAL,medium
IS404,Shin-Kiba Timber Processing Branch 5,139.8550,35.6474,MFS04,INDUSTRIAL,medium
IS405,Shin-Kiba Timber Processing Branch 6,139.8237,35.6459,MFS04,INDUSTRIAL,medium
IS406,Shin-Kiba Timber Processing Branch 7,139.8259,35.6481,MFS04,INDUSTRIAL,medium
IS407,Shin-Kiba Timber Processing Branch 8,139.8136,35.6429,MFS04,INDUSTRIAL,medium
IS408,Shin-Kiba Timber Processing Branch 9,139.8348,35.6421,MFS04,INDUSTRIAL,medium
IS409,Shin-Kiba Timber Processing Branch 10,139.8324,35.6577,MFS04,INDUSTRIAL,medium
IS410,Koto Food Processing Zone Branch 1,139.8288,35.6679,MFS04,INDUSTRIAL,medium
IS411,Koto Food Processing Zone Branch 2,139.8249,35.6712,MFS04,INDUSTRIAL,medium
IS412,Koto Food Processing Zone Branch 3,139.8251,35.6819,MFS04,INDUSTRIAL,medium
IS413,Koto Food Processing Zone Branch 4,139.8132,35.6802,MFS04,INDUSTRIAL,medium
IS414,Koto Food Processing Zone Branch 5,139.8132,35.6758,MFS04,INDUSTRIAL,medium
IS415,Koto Food Processing Zone Branch 6,139.8068,35.6713,MFS04,INDUSTRIAL,medium
IS416,Koto Food Processing Zone Branch 7,139.8256,35.6767,MFS04,INDUSTRIAL,medium
IS417,Koto Food Processing Zone Branch 8,139.8252,35.6647,MFS04,INDUSTRIAL,medium
IS418,Koto Food Processing Zone Branch 9,139.8264,35.6694,MFS04,INDUSTRIAL,medium
IS419,Koto Food Processing Zone Branch 10,139.8293,35.6843,MFS04,INDUSTRIAL,medium
IS420,Sumida Electronics Assembly Branch 1,139.8105,35.6947,MFS04,INDUSTRIAL,low
IS421,Sumida Electronics Assembly Branch 2,139.8032,35.6885,MFS04,INDUSTRIAL,low
IS422,Sumida Electronics Assembly Branch 3,139.7878,35.7082,MFS04,INDUSTRIAL,low
IS423,Sumida Electronics Assembly Branch 4,139.7974,35.6991,MFS04,INDUSTRIAL,low
IS424,Sumida Electronics Assembly Branch 5,139.7901,35.6994,MFS04,INDUSTRIAL,low
IS425,Sumida Electronics Assembly Branch 6,139.8097,35.7060,MFS04,INDUSTRIAL,low
IS426,Sumida Electronics Assembly Branch 7,139.7961,35.6901,MFS04,INDUSTRIAL,low
IS427,Sumida Electronics Assembly Branch 8,139.8014,35.6868,MFS04,INDUSTRIAL,low
IS428,Sumida Electronics Assembly Branch 9,139.7984,35.6914,MFS04,INDUSTRIAL,low
IS429,Sumida Electronics Assembly Branch 10,139.8122,35.6919,MFS04,INDUSTRIAL,low
IS430,Ariake Industrial Hub Branch 1,139.7907,35.6370,MFS04,INDUSTRIAL,medium
IS431,Ariake Industrial Hub Branch 2,139.7998,35.6375,MFS04,INDUSTRIAL,medium
IS432,Ariake Industrial Hub Branch 3,139.7971,35.6392,MFS04,INDUSTRIAL,medium
IS433,Ariake Industrial Hub Branch 4,139.7978,35.6330,MFS04,INDUSTRIAL,medium
IS434,Ariake Industrial Hub Branch 5,139.7947,35.6519,MFS04,INDUSTRIAL,medium
IS435,Ariake Industrial Hub Branch 6,139.7914,35.6454,MFS04,INDUSTRIAL,medium
IS436,Ariake Industrial Hub Branch 7,139.7782,35.6547,MFS04,INDUSTRIAL,medium
IS437,Ariake Industrial Hub Branch 8,139.7923,35.6358,MFS04,INDUSTRIAL,medium
IS438,Ariake Industrial Hub Branch 9,139.7863,35.6480,MFS04,INDUSTRIAL,medium
IS439,Ariake Industrial Hub Branch 10,139.7877,35.6495,MFS04,INDUSTRIAL,medium
IS440,Ojima Chemical Processing Branch 1,139.8337,35.6881,MFS04,INDUSTRIAL,low
IS441,Ojima Chemical Processing Branch 2,139.8366,35.6902,MFS04,INDUSTRIAL,low
IS442,Ojima Chemical Processing Branch 3,139.8500,35.6969,MFS04,INDUSTRIAL,low
IS443,Ojima Chemical Processing Branch 4,139.8314,35.6908,MFS04,INDUSTRIAL,low
IS444,Ojima Chemical Processing Branch 5,139.8448,35.6939,MFS04,INDUSTRIAL,low
IS445,Ojima Chemical Processing Branch 6,139.8370,35.6850,MFS04,INDUSTRIAL,low
IS446,Ojima Chemical Processing Branch 7,139.8317,35.6829,MFS04,INDUSTRIAL,low
IS447,Ojima Chemical Processing Branch 8,139.8400,35.6897,MFS04,INDUSTRIAL,low
IS448,Ojima Chemical Processing Branch 9,139.8285,35.6964,MFS04,INDUSTRIAL,low
IS449,Ojima Chemical Processing Branch 10,139.8440,35.6957,MFS04,INDUSTRIAL,low
IS450,Tatsumi Industrial Park Branch 1,139.8155,35.6656,MFS04,INDUSTRIAL,medium
IS451,Tatsumi Industrial Park Branch 2,139.8246,35.6609,MFS04,INDUSTRIAL,medium
IS452,Tatsumi Industrial Park Branch 3,139.8024,35.6701,MFS04,INDUSTRIAL,medium
IS453,Tatsumi Industrial Park Branch 4,139.8132,35.6577,MFS04,INDUSTRIAL,medium
IS454,Tatsumi Industrial Park Branch 5,139.8195,35.6632,MFS04,INDUSTRIAL,medium
IS455,Tatsumi Industrial Park Branch 6,139.8116,35.6658,MFS04,INDUSTRIAL,medium
IS456,Tatsumi Industrial Park Branch 7,139.8252,35.6448,MFS04,INDUSTRIAL,medium
IS457,Tatsumi Industrial Park Branch 8,139.8189,35.6619,MFS04,INDUSTRIAL,medium
IS458,Tatsumi Industrial Park Branch 9,139.8165,35.6600,MFS04,INDUSTRIAL,medium
IS459,Tatsumi Industrial Park Branch 10,139.8132,35.6568,MFS04,INDUSTRIAL,medium
IS460,Adachi Manufacturing Zone Branch 1,139.8354,35.7434,MFS07,INDUSTRIAL,medium
IS461,Adachi Manufacturing Zone Branch 2,139.8368,35.7487,MFS07,INDUSTRIAL,medium
IS462,Adachi Manufacturing Zone Branch 3,139.8472,35.7480,MFS07,INDUSTRIAL,medium
IS463,Adachi Manufacturing Zone Branch 4,139.8537,35.7462,MFS07,INDUSTRIAL,medium
IS464,Adachi Manufacturing Zone Branch 5,139.8409,35.7500,MFS07,INDUSTRIAL,medium
IS465,Adachi Manufacturing Zone Branch 6,139.8517,35.7462,MFS07,INDUSTRIAL,medium
IS466,Adachi Manufacturing Zone Branch 7,139.8314,35.7269,MFS07,INDUSTRIAL,medium
IS467,Adachi Manufacturing Zone Branch 8,139.8455,35.7493,MFS07,INDUSTRIAL,medium
IS468,Adachi Manufacturing Zone Branch 9,139.8435,35.7628,MFS07,INDUSTRIAL,medium
IS469,Adachi Manufacturing Zone Branch 10,139.8287,35.7512,MFS07,INDUSTRIAL,medium
IS470,Katsushika Plastics Factory Area Branch 1,139.8748,35.7487,MFS07,INDUSTRIAL,medium
IS471,Katsushika Plastics Factory Area Branch 2,139.8626,35.7428,MFS07,INDUSTRIAL,medium
IS472,Katsushika Plastics Factory Area Branch 3,139.8649,35.7411,MFS07,INDUSTRIAL,medium
IS473,Katsushika Plastics Factory Area Branch 4,139.8704,35.7278,MFS07,INDUSTRIAL,medium
IS474,Katsushika Plastics Factory Area Branch 5,139.8565,35.7423,MFS07,INDUSTRIAL,medium
IS475,Katsushika Plastics Factory Area Branch 6,139.8573,35.7401,MFS07,INDUSTRIAL,medium
IS476,Katsushika Plastics Factory Area Branch 7,139.8682,35.7442,MFS07,INDUSTRIAL,medium
IS477,Katsushika Plastics Factory Area Branch 8,139.8527,35.7482,MFS07,INDUSTRIAL,medium
IS478,Katsushika Plastics Factory Area Branch 9,139.8655,35.7539,MFS07,INDUSTRIAL,medium
IS479,Katsushika Plastics Factory Area Branch 10,139.8590,35.7513,MFS07,INDUSTRIAL,medium
IS480,Adachi Metal Stamping Cluster Branch 1,139.8323,35.7470,MFS07,INDUSTRIAL,low
IS481,Adachi Metal Stamping Cluster Branch 2,139.8366,35.7574,MFS07,INDUSTRIAL,low
IS482,Adachi Metal Stamping Cluster Branch 3,139.8411,35.7504,MFS07,INDUSTRIAL,low
IS483,Adachi Metal Stamping Cluster Branch 4,139.8488,35.7624,MFS07,INDUSTRIAL,low
IS484,Adachi Metal Stamping Cluster Branch 5,139.8420,35.7583,MFS07,INDUSTRIAL,low
IS485,Adachi Metal Stamping Cluster Branch 6,139.8410,35.7630,MFS07,INDUSTRIAL,low
IS486,Adachi Metal Stamping Cluster Branch 7,139.8351,35.7626,MFS07,INDUSTRIAL,low
IS487,Adachi Metal Stamping Cluster Branch 8,139.8496,35.7708,MFS07,INDUSTRIAL,low
IS488,Adachi Metal Stamping Cluster Branch 9,139.8215,35.7501,MFS07,INDUSTRIAL,low
IS489,Adachi Metal Stamping Cluster Branch 10,139.8492,35.7570,MFS07,INDUSTRIAL,low
IS490,Ayase Food Processing Branch 1,139.8375,35.7623,MFS07,INDUSTRIAL,low
IS491,Ayase Food Processing Branch 2,139.8527,35.7428,MFS07,INDUSTRIAL,low
IS492,Ayase Food Processing Branch 3,139.8481,35.7497,MFS07,INDUSTRIAL,low
IS493,Ayase Food Processing Branch 4,139.8609,35.7548,MFS07,INDUSTRIAL,low
IS494,Ayase Food Processing Branch 5,139.8365,35.7617,MFS07,INDUSTRIAL,low
IS495,Ayase Food Processing Branch 6,139.8496,35.7632,MFS07,INDUSTRIAL,low
IS496,Ayase Food Processing Branch 7,139.8560,35.7507,MFS07,INDUSTRIAL,low
IS497,Ayase Food Processing Branch 8,139.8470,35.7609,MFS07,INDUSTRIAL,low
IS498,Ayase Food Processing Branch 9,139.8525,35.7514,MFS07,INDUSTRIAL,low
IS499,Ayase Food Processing Branch 10,139.8441,35.7680,MFS07,INDUSTRIAL,low
IS500,Hachioji Electronics Factory Branch 1,139.3107,35.6421,MFS09,INDUSTRIAL,medium
IS501,Hachioji Electronics Factory Branch 2,139.3258,35.6415,MFS09,INDUSTRIAL,medium
IS502,Hachioji Electronics Factory Branch 3,139.3045,35.6424,MFS09,INDUSTRIAL,medium
IS503,Hachioji Electronics Factory Branch 4,139.3287,35.6684,MFS09,INDUSTRIAL,medium
IS504,Hachioji Electronics Factory Branch 5,139.2807,35.6563,MFS09,INDUSTRIAL,medium
IS505,Hachioji Electronics Factory Branch 6,139.3279,35.6403,MFS09,INDUSTRIAL,medium
IS506,Hachioji Electronics Factory Branch 7,139.3240,35.6740,MFS09,INDUSTRIAL,medium
IS507,Hachioji Electronics Factory Branch 8,139.3158,35.6591,MFS09,INDUSTRIAL,medium
IS508,Hachioji Electronics Factory Branch 9,139.2840,35.6457,MFS09,INDUSTRIAL,medium
IS509,Hachioji Electronics Factory Branch 10,139.3142,35.6575,MFS09,INDUSTRIAL,medium
IS510,Hachioji Electronics Factory Branch 11,139.3130,35.6544,MFS09,INDUSTRIAL,medium
IS511,Hachioji Electronics Factory Branch 12,139.3257,35.6620,MFS09,INDUSTRIAL,medium
IS512,Hachioji Electronics Factory Branch 13,139.3130,35.6436,MFS09,INDUSTRIAL,medium
IS513,Hachioji Electronics Factory Branch 14,139.3137,35.6530,MFS09,INDUSTRIAL,medium
IS514,Hachioji Electronics Factory Branch 15,139.3079,35.6586,MFS09,INDUSTRIAL,medium
IS515,Hachioji Electronics Factory Branch 16,139.3084,35.6657,MFS09,INDUSTRIAL,medium
IS516,Hachioji Electronics Factory Branch 17,139.3085,35.6620,MFS09,INDUSTRIAL,medium
IS517,Hachioji Electronics Factory Branch 18,139.3215,35.6533,MFS09,INDUSTRIAL,medium
IS518,Hachioji Precision Instruments Branch 1,139.3307,35.6575,MFS09,INDUSTRIAL,medium
IS519,Hachioji Precision Instruments Branch 2,139.3074,35.6551,MFS09,INDUSTRIAL,medium
IS520,Hachioji Precision Instruments Branch 3,139.3332,35.6561,MFS09,INDUSTRIAL,medium
IS521,Hachioji Precision Instruments Branch 4,139.3345,35.6515,MFS09,INDUSTRIAL,medium
IS522,Hachioji Precision Instruments Branch 5,139.3193,35.6433,MFS09,INDUSTRIAL,medium
IS523,Hachioji Precision Instruments Branch 6,139.3608,35.6565,MFS09,INDUSTRIAL,medium
IS524,Hachioji Precision Instruments Branch 7,139.3203,35.6653,MFS09,INDUSTRIAL,medium
IS525,Hachioji Precision Instruments Branch 8,139.3380,35.6619,MFS09,INDUSTRIAL,medium
IS526,Hachioji Precision Instruments Branch 9,139.3523,35.6681,MFS09,INDUSTRIAL,medium
IS527,Hachioji Precision Instruments Branch 10,139.3262,35.6544,MFS09,INDUSTRIAL,medium
IS528,Hachioji Precision Instruments Branch 11,139.3492,35.6830,MFS09,INDUSTRIAL,medium
IS529,Hachioji Precision Instruments Branch 12,139.3709,35.6612,MFS09,INDUSTRIAL,medium
IS530,Hachioji Precision Instruments Branch 13,139.3267,35.6556,MFS09,INDUSTRIAL,medium
IS531,Hachioji Precision Instruments Branch 14,139.3274,35.6568,MFS09,INDUSTRIAL,medium
IS532,Hachioji Precision Instruments Branch 15,139.2985,35.6539,MFS09,INDUSTRIAL,medium
IS533,Hachioji Precision Instruments Branch 16,139.3079,35.6634,MFS09,INDUSTRIAL,medium
IS534,Hachioji Precision Instruments Branch 17,139.3338,35.6814,MFS09,INDUSTRIAL,medium
IS535,Hachioji Precision Instruments Branch 18,139.3334,35.6473,MFS09,INDUSTRIAL,medium
IS536,Olympus Hachioji Plant Branch 1,139.3182,35.6203,MFS09,INDUSTRIAL,medium
IS537,Olympus Hachioji Plant Branch 2,139.3171,35.6461,MFS09,INDUSTRIAL,medium
IS538,Olympus Hachioji Plant Branch 3,139.3139,35.6414,MFS09,INDUSTRIAL,medium
IS539,Olympus Hachioji Plant Branch 4,139.3460,35.6455,MFS09,INDUSTRIAL,medium
IS540,Olympus Hachioji Plant Branch 5,139.3144,35.6422,MFS09,INDUSTRIAL,medium
IS541,Olympus Hachioji Plant Branch 6,139.3281,35.6274,MFS09,INDUSTRIAL,medium
IS542,Olympus Hachioji Plant Branch 7,139.3088,35.6417,MFS09,INDUSTRIAL,medium
IS543,Olympus Hachioji Plant Branch 8,139.2795,35.6385,MFS09,INDUSTRIAL,medium
IS544,Olympus Hachioji Plant Branch 9,139.3096,35.6506,MFS09,INDUSTRIAL,medium
IS545,Olympus Hachioji Plant Branch 10,139.3044,35.6375,MFS09,INDUSTRIAL,medium
IS546,Olympus Hachioji Plant Branch 11,139.2933,35.6425,MFS09,INDUSTRIAL,medium
IS547,Olympus Hachioji Plant Branch 12,139.3041,35.6461,MFS09,INDUSTRIAL,medium
IS548,Olympus Hachioji Plant Branch 13,139.3123,35.6236,MFS09,INDUSTRIAL,medium
IS549,Olympus Hachioji Plant Branch 14,139.3352,35.6606,MFS09,INDUSTRIAL,medium
IS550,Olympus Hachioji Plant Branch 15,139.3097,35.6369,MFS09,INDUSTRIAL,medium
IS551,Olympus Hachioji Plant Branch 16,139.3136,35.6366,MFS09,INDUSTRIAL,medium
IS552,Olympus Hachioji Plant Branch 17,139.3302,35.6708,MFS09,INDUSTRIAL,medium
IS553,Olympus Hachioji Plant Branch 18,139.3128,35.6359,MFS09,INDUSTRIAL,medium
IS554,Yokohama Central Industrial Park Branch 1,139.6393,35.4758,MFS11,INDUSTRIAL,medium
IS555,Yokohama Central Industrial Park Branch 2,139.6484,35.4759,MFS11,INDUSTRIAL,medium
IS556,Yokohama Central Industrial Park Branch 3,139.6394,35.4705,MFS11,INDUSTRIAL,medium
IS557,Yokohama Central Industrial Park Branch 4,139.6317,35.4761,MFS11,INDUSTRIAL,medium
IS558,Yokohama Central Industrial Park Branch 5,139.6505,35.4670,MFS11,INDUSTRIAL,medium
IS559,Yokohama Central Industrial Park Branch 6,139.6386,35.4563,MFS11,INDUSTRIAL,medium
IS560,Yokohama Central Industrial Park Branch 7,139.6329,35.4630,MFS11,INDUSTRIAL,medium
IS561,Yokohama Central Industrial Park Branch 8,139.6354,35.4614,MFS11,INDUSTRIAL,medium
IS562,Yokohama Central Industrial Park Branch 9,139.6320,35.4627,MFS11,INDUSTRIAL,medium
IS563,Yokohama Central Industrial Park Branch 10,139.6518,35.4801,MFS11,INDUSTRIAL,medium
IS564,Nissan Yokohama Plant Branch 1,139.6428,35.4781,MFS11,INDUSTRIAL,high
IS565,Nissan Yokohama Plant Branch 2,139.6493,35.4766,MFS11,INDUSTRIAL,high
IS566,Nissan Yokohama Plant Branch 3,139.6494,35.4780,MFS11,INDUSTRIAL,high
IS567,Nissan Yokohama Plant Branch 4,139.6345,35.4661,MFS11,INDUSTRIAL,high
IS568,Nissan Yokohama Plant Branch 5,139.6298,35.4652,MFS11,INDUSTRIAL,high
IS569,Nissan Yokohama Plant Branch 6,139.6370,35.4708,MFS11,INDUSTRIAL,high
IS570,Nissan Yokohama Plant Branch 7,139.6287,35.4844,MFS11,INDUSTRIAL,high
IS571,Nissan Yokohama Plant Branch 8,139.6225,35.4853,MFS11,INDUSTRIAL,high
IS572,Nissan Yokohama Plant Branch 9,139.6300,35.4820,MFS11,INDUSTRIAL,high
IS573,Nissan Yokohama Plant Branch 10,139.6329,35.4863,MFS11,INDUSTRIAL,high
IS574,Yokohama Rubber Company Works Branch 1,139.6398,35.4547,MFS11,INDUSTRIAL,medium
IS575,Yokohama Rubber Company Works Branch 2,139.6103,35.4735,MFS11,INDUSTRIAL,medium
IS576,Yokohama Rubber Company Works Branch 3,139.6357,35.4592,MFS11,INDUSTRIAL,medium
IS577,Yokohama Rubber Company Works Branch 4,139.6098,35.4612,MFS11,INDUSTRIAL,medium
IS578,Yokohama Rubber Company Works Branch 5,139.6321,35.4510,MFS11,INDUSTRIAL,medium
IS579,Yokohama Rubber Company Works Branch 6,139.6351,35.4727,MFS11,INDUSTRIAL,medium
IS580,Yokohama Rubber Company Works Branch 7,139.6188,35.4697,MFS11,INDUSTRIAL,medium
IS581,Yokohama Rubber Company Works Branch 8,139.6232,35.4636,MFS11,INDUSTRIAL,medium
IS582,Yokohama Rubber Company Works Branch 9,139.6202,35.4542,MFS11,INDUSTRIAL,medium
IS583,Yokohama Rubber Company Works Branch 10,139.6414,35.4546,MFS11,INDUSTRIAL,medium
IS584,Yokohama South Shipyard Branch 1,139.6326,35.3914,MFS12,INDUSTRIAL,high
IS585,Yokohama South Shipyard Branch 2,139.6376,35.4126,MFS12,INDUSTRIAL,high
IS586,Yokohama South Shipyard Branch 3,139.6241,35.4084,MFS12,INDUSTRIAL,high
IS587,Yokohama South Shipyard Branch 4,139.6274,35.4058,MFS12,INDUSTRIAL,high
IS588,Yokohama South Shipyard Branch 5,139.6157,35.4029,MFS12,INDUSTRIAL,high
IS589,Yokohama South Shipyard Branch 6,139.6257,35.4160,MFS12,INDUSTRIAL,high
IS590,Yokohama South Shipyard Branch 7,139.6379,35.4017,MFS12,INDUSTRIAL,high
IS591,Yokohama South Shipyard Branch 8,139.6245,35.4075,MFS12,INDUSTRIAL,high
IS592,Yokohama South Shipyard Branch 9,139.6229,35.3992,MFS12,INDUSTRIAL,high
IS593,Yokohama South Shipyard Branch 10,139.6222,35.3958,MFS12,INDUSTRIAL,high
IS594,JFE Steel Yokohama Works Branch 1,139.6360,35.4106,MFS12,INDUSTRIAL,high
IS595,JFE Steel Yokohama Works Branch 2,139.6157,35.4096,MFS12,INDUSTRIAL,high
IS596,JFE Steel Yokohama Works Branch 3,139.6192,35.4169,MFS12,INDUSTRIAL,high
IS597,JFE Steel Yokohama Works Branch 4,139.6443,35.4191,MFS12,INDUSTRIAL,high
IS598,JFE Steel Yokohama Works Branch 5,139.6260,35.4231,MFS12,INDUSTRIAL,high
IS599,JFE Steel Yokohama Works Branch 6,139.6303,35.4204,MFS12,INDUSTRIAL,high
IS600,JFE Steel Yokohama Works Branch 7,139.6392,35.4157,MFS12,INDUSTRIAL,high
IS601,JFE Steel Yokohama Works Branch 8,139.6283,35.4147,MFS12,INDUSTRIAL,high
IS602,JFE Steel Yokohama Works Branch 9,139.6349,35.4090,MFS12,INDUSTRIAL,high
IS603,JFE Steel Yokohama Works Branch 10,139.6111,35.4329,MFS12,INDUSTRIAL,high
IS604,Yokohama South Food Processing Branch 1,139.6342,35.4205,MFS12,INDUSTRIAL,medium
IS605,Yokohama South Food Processing Branch 2,139.6198,35.4057,MFS12,INDUSTRIAL,medium
IS606,Yokohama South Food Processing Branch 3,139.6232,35.4266,MFS12,INDUSTRIAL,medium
IS607,Yokohama South Food Processing Branch 4,139.6214,35.4173,MFS12,INDUSTRIAL,medium
IS608,Yokohama South Food Processing Branch 5,139.6083,35.4203,MFS12,INDUSTRIAL,medium
IS609,Yokohama South Food Processing Branch 6,139.6175,35.4284,MFS12,INDUSTRIAL,medium
IS610,Yokohama South Food Processing Branch 7,139.6166,35.4114,MFS12,INDUSTRIAL,medium
IS611,Yokohama South Food Processing Branch 8,139.6179,35.4254,MFS12,INDUSTRIAL,medium
IS612,Yokohama South Food Processing Branch 9,139.6079,35.4256,MFS12,INDUSTRIAL,medium
IS613,Yokohama South Food Processing Branch 10,139.6010,35.4199,MFS12,INDUSTRIAL,medium
IS614,Saitama Industrial Complex Branch 1,139.6481,35.8672,MFS27,INDUSTRIAL,medium
IS615,Saitama Industrial Complex Branch 2,139.6552,35.8661,MFS27,INDUSTRIAL,medium
IS616,Saitama Industrial Complex Branch 3,139.6479,35.8483,MFS27,INDUSTRIAL,medium
IS617,Saitama Industrial Complex Branch 4,139.6505,35.8697,MFS27,INDUSTRIAL,medium
IS618,Saitama Industrial Complex Branch 5,139.6531,35.8667,MFS27,INDUSTRIAL,medium
IS619,Saitama Industrial Complex Branch 6,139.6568,35.8688,MFS27,INDUSTRIAL,medium
IS620,Saitama Industrial Complex Branch 7,139.6516,35.8656,MFS27,INDUSTRIAL,medium
IS621,Saitama Industrial Complex Branch 8,139.6462,35.8682,MFS27,INDUSTRIAL,medium
IS622,Saitama Industrial Complex Branch 9,139.6445,35.8478,MFS27,INDUSTRIAL,medium
IS623,Saitama Industrial Complex Branch 10,139.6478,35.8742,MFS27,INDUSTRIAL,medium
IS624,Saitama Automotive Parts Center Branch 1,139.6565,35.8838,MFS27,INDUSTRIAL,medium
IS625,Saitama Automotive Parts Center Branch 2,139.6312,35.8626,MFS27,INDUSTRIAL,medium
IS626,Saitama Automotive Parts Center Branch 3,139.6481,35.8631,MFS27,INDUSTRIAL,medium
IS627,Saitama Automotive Parts Center Branch 4,139.6415,35.8708,MFS27,INDUSTRIAL,medium
IS628,Saitama Automotive Parts Center Branch 5,139.6399,35.8571,MFS27,INDUSTRIAL,medium
IS629,Saitama Automotive Parts Center Branch 6,139.6414,35.8709,MFS27,INDUSTRIAL,medium
IS630,Saitama Automotive Parts Center Branch 7,139.6366,35.8574,MFS27,INDUSTRIAL,medium
IS631,Saitama Automotive Parts Center Branch 8,139.6287,35.8705,MFS27,INDUSTRIAL,medium
IS632,Saitama Automotive Parts Center Branch 9,139.6462,35.8714,MFS27,INDUSTRIAL,medium
IS633,Saitama Automotive Parts Center Branch 10,139.6430,35.8696,MFS27,INDUSTRIAL,medium
IS634,Saitama Food Processing Park Branch 1,139.6502,35.8591,MFS27,INDUSTRIAL,medium
IS635,Saitama Food Processing Park Branch 2,139.6629,35.8509,MFS27,INDUSTRIAL,medium
IS636,Saitama Food Processing Park Branch 3,139.6612,35.8472,MFS27,INDUSTRIAL,medium
IS637,Saitama Food Processing Park Branch 4,139.6586,35.8513,MFS27,INDUSTRIAL,medium
IS638,Saitama Food Processing Park Branch 5,139.6616,35.8462,MFS27,INDUSTRIAL,medium
IS639,Saitama Food Processing Park Branch 6,139.6683,35.8493,MFS27,INDUSTRIAL,medium
IS640,Saitama Food Processing Park Branch 7,139.6509,35.8577,MFS27,INDUSTRIAL,medium
IS641,Saitama Food Processing Park Branch 8,139.6628,35.8510,MFS27,INDUSTRIAL,medium
IS642,Saitama Food Processing Park Branch 9,139.6558,35.8534,MFS27,INDUSTRIAL,medium
IS643,Saitama Food Processing Park Branch 10,139.6493,35.8649,MFS27,INDUSTRIAL,medium
IS644,Kawaguchi Foundry District Branch 1,139.7188,35.8209,MFS28,INDUSTRIAL,medium
IS645,Kawaguchi Foundry District Branch 2,139.7328,35.8273,MFS28,INDUSTRIAL,medium
IS646,Kawaguchi Foundry District Branch 3,139.7229,35.8261,MFS28,INDUSTRIAL,medium
IS647,Kawaguchi Foundry District Branch 4,139.7309,35.8279,MFS28,INDUSTRIAL,medium
IS648,Kawaguchi Foundry District Branch 5,139.7141,35.8264,MFS28,INDUSTRIAL,medium
IS649,Kawaguchi Foundry District Branch 6,139.7240,35.8278,MFS28,INDUSTRIAL,medium
IS650,Kawaguchi Foundry District Branch 7,139.7189,35.8182,MFS28,INDUSTRIAL,medium
IS651,Kawaguchi Foundry District Branch 8,139.7291,35.8167,MFS28,INDUSTRIAL,medium
IS652,Kawaguchi Foundry District Branch 9,139.7312,35.8207,MFS28,INDUSTRIAL,medium
IS653,Kawaguchi Foundry District Branch 10,139.7238,35.8294,MFS28,INDUSTRIAL,medium
IS654,Kawaguchi Iron Works Zone Branch 1,139.7088,35.8524,MFS28,INDUSTRIAL,medium
IS655,Kawaguchi Iron Works Zone Branch 2,139.7078,35.8437,MFS28,INDUSTRIAL,medium
IS656,Kawaguchi Iron Works Zone Branch 3,139.7209,35.8380,MFS28,INDUSTRIAL,medium
IS657,Kawaguchi Iron Works Zone Branch 4,139.7145,35.8290,MFS28,INDUSTRIAL,medium
IS658,Kawaguchi Iron Works Zone Branch 5,139.7363,35.8313,MFS28,INDUSTRIAL,medium
IS659,Kawaguchi Iron Works Zone Branch 6,139.7113,35.8519,MFS28,INDUSTRIAL,medium
IS660,Kawaguchi Iron Works Zone Branch 7,139.7112,35.8339,MFS28,INDUSTRIAL,medium
IS661,Kawaguchi Iron Works Zone Branch 8,139.7248,35.8367,MFS28,INDUSTRIAL,medium
IS662,Kawaguchi Iron Works Zone Branch 9,139.7134,35.8380,MFS28,INDUSTRIAL,medium
IS663,Kawaguchi Iron Works Zone Branch 10,139.7116,35.8454,MFS28,INDUSTRIAL,medium
IS664,Warabi Metal Processing Branch 1,139.7096,35.8045,MFS28,INDUSTRIAL,low
IS665,Warabi Metal Processing Branch 2,139.7118,35.8248,MFS28,INDUSTRIAL,low
IS666,Warabi Metal Processing Branch 3,139.6963,35.8175,MFS28,INDUSTRIAL,low
IS667,Warabi Metal Processing Branch 4,139.7184,35.8182,MFS28,INDUSTRIAL,low
IS668,Warabi Metal Processing Branch 5,139.7057,35.8206,MFS28,INDUSTRIAL,low
IS669,Warabi Metal Processing Branch 6,139.7133,35.8308,MFS28,INDUSTRIAL,low
IS670,Warabi Metal Processing Branch 7,139.7053,35.8249,MFS28,INDUSTRIAL,low
IS671,Warabi Metal Processing Branch 8,139.6938,35.8189,MFS28,INDUSTRIAL,low
IS672,Warabi Metal Processing Branch 9,139.7058,35.8302,MFS28,INDUSTRIAL,low
IS673,Warabi Metal Processing Branch 10,139.6946,35.8278,MFS28,INDUSTRIAL,low
IS674,Soka Chemical Plant Branch 1,139.8050,35.8935,MFS30,INDUSTRIAL,medium
IS675,Soka Chemical Plant Branch 2,139.8090,35.8811,MFS30,INDUSTRIAL,medium
IS676,Soka Chemical Plant Branch 3,139.8109,35.8851,MFS30,INDUSTRIAL,medium
IS677,Soka Chemical Plant Branch 4,139.8111,35.8799,MFS30,INDUSTRIAL,medium
IS678,Soka Chemical Plant Branch 5,139.8191,35.8716,MFS30,INDUSTRIAL,medium
IS679,Soka Chemical Plant Branch 6,139.8176,35.8818,MFS30,INDUSTRIAL,medium
IS680,Soka Chemical Plant Branch 7,139.8092,35.8869,MFS30,INDUSTRIAL,medium
IS681,Soka Chemical Plant Branch 8,139.8054,35.8850,MFS30,INDUSTRIAL,medium
IS682,Soka Chemical Plant Branch 9,139.8146,35.8861,MFS30,INDUSTRIAL,medium
IS683,Soka Chemical Plant Branch 10,139.8049,35.8954,MFS30,INDUSTRIAL,medium
IS684,Koshigaya Industrial Park Branch 1,139.8137,35.8836,MFS30,INDUSTRIAL,medium
IS685,Koshigaya Industrial Park Branch 2,139.8320,35.9021,MFS30,INDUSTRIAL,medium
IS686,Koshigaya Industrial Park Branch 3,139.8350,35.9069,MFS30,INDUSTRIAL,medium
IS687,Koshigaya Industrial Park Branch 4,139.8274,35.8935,MFS30,INDUSTRIAL,medium
IS688,Koshigaya Industrial Park Branch 5,139.8096,35.8803,MFS30,INDUSTRIAL,medium
IS689,Koshigaya Industrial Park Branch 6,139.8256,35.8949,MFS30,INDUSTRIAL,medium
IS690,Koshigaya Industrial Park Branch 7,139.8264,35.8877,MFS30,INDUSTRIAL,medium
IS691,Koshigaya Industrial Park Branch 8,139.8374,35.8997,MFS30,INDUSTRIAL,medium
IS692,Koshigaya Industrial Park Branch 9,139.8345,35.9031,MFS30,INDUSTRIAL,medium
IS693,Koshigaya Industrial Park Branch 10,139.8368,35.8972,MFS30,INDUSTRIAL,medium
IS694,Chiba Port Industrial Zone Branch 1,140.1125,35.6028,MFS38,INDUSTRIAL,high
IS695,Chiba Port Industrial Zone Branch 2,140.1188,35.6060,MFS38,INDUSTRIAL,high
IS696,Chiba Port Industrial Zone Branch 3,140.1176,35.5969,MFS38,INDUSTRIAL,high
IS697,Chiba Port Industrial Zone Branch 4,140.1211,35.6109,MFS38,INDUSTRIAL,high
IS698,Chiba Port Industrial Zone Branch 5,140.1025,35.6052,MFS38,INDUSTRIAL,high
IS699,Chiba Port Industrial Zone Branch 6,140.1106,35.6142,MFS38,INDUSTRIAL,high
IS700,Chiba Port Industrial Zone Branch 7,140.0982,35.6107,MFS38,INDUSTRIAL,high
IS701,Chiba Port Industrial Zone Branch 8,140.1149,35.6063,MFS38,INDUSTRIAL,high
IS702,Chiba Port Industrial Zone Branch 9,140.1128,35.6085,MFS38,INDUSTRIAL,high
IS703,Chiba Port Industrial Zone Branch 10,140.1125,35.6123,MFS38,INDUSTRIAL,high
IS704,JFE Steel Chiba Works Branch 1,140.1289,35.6007,MFS38,INDUSTRIAL,high
IS705,JFE Steel Chiba Works Branch 2,140.1257,35.5735,MFS38,INDUSTRIAL,high
IS706,JFE Steel Chiba Works Branch 3,140.1148,35.5967,MFS38,INDUSTRIAL,high
IS707,JFE Steel Chiba Works Branch 4,140.1228,35.5956,MFS38,INDUSTRIAL,high
IS708,JFE Steel Chiba Works Branch 5,140.1224,35.6037,MFS38,INDUSTRIAL,high
IS709,JFE Steel Chiba Works Branch 6,140.1301,35.5952,MFS38,INDUSTRIAL,high
IS710,JFE Steel Chiba Works Branch 7,140.1298,35.5833,MFS38,INDUSTRIAL,high
IS711,JFE Steel Chiba Works Branch 8,140.1191,35.6102,MFS38,INDUSTRIAL,high
IS712,JFE Steel Chiba Works Branch 9,140.1301,35.5942,MFS38,INDUSTRIAL,high
IS713,JFE Steel Chiba Works Branch 10,140.1342,35.5986,MFS38,INDUSTRIAL,high
IS714,Chiba Food Processing District Branch 1,140.1511,35.6100,MFS38,INDUSTRIAL,medium
IS715,Chiba Food Processing District Branch 2,140.1299,35.6140,MFS38,INDUSTRIAL,medium
IS716,Chiba Food Processing District Branch 3,140.1227,35.6212,MFS38,INDUSTRIAL,medium
IS717,Chiba Food Processing District Branch 4,140.1176,35.6112,MFS38,INDUSTRIAL,medium
IS718,Chiba Food Processing District Branch 5,140.1224,35.6180,MFS38,INDUSTRIAL,medium
IS719,Chiba Food Processing District Branch 6,140.1369,35.6168,MFS38,INDUSTRIAL,medium
IS720,Chiba Food Processing District Branch 7,140.1375,35.6166,MFS38,INDUSTRIAL,medium
IS721,Chiba Food Processing District Branch 8,140.1472,35.6147,MFS38,INDUSTRIAL,medium
IS722,Chiba Food Processing District Branch 9,140.1276,35.6184,MFS38,INDUSTRIAL,medium
IS723,Chiba Food Processing District Branch 10,140.1340,35.6092,MFS38,INDUSTRIAL,medium
IS724,Chiba Pharmaceutical Park Branch 1,140.0951,35.6290,MFS38,INDUSTRIAL,medium
IS725,Chiba Pharmaceutical Park Branch 2,140.1068,35.6147,MFS38,INDUSTRIAL,medium
IS726,Chiba Pharmaceutical Park Branch 3,140.0977,35.6155,MFS38,INDUSTRIAL,medium
IS727,Chiba Pharmaceutical Park Branch 4,140.1093,35.6212,MFS38,INDUSTRIAL,medium
IS728,Chiba Pharmaceutical Park Branch 5,140.0856,35.6154,MFS38,INDUSTRIAL,medium
IS729,Chiba Pharmaceutical Park Branch 6,140.1023,35.6282,MFS38,INDUSTRIAL,medium
IS730,Chiba Pharmaceutical Park Branch 7,140.1101,35.6153,MFS38,INDUSTRIAL,medium
IS731,Chiba Pharmaceutical Park Branch 8,140.0909,35.6336,MFS38,INDUSTRIAL,medium
IS732,Chiba Pharmaceutical Park Branch 9,140.1002,35.6233,MFS38,INDUSTRIAL,medium
IS733,Chiba Pharmaceutical Park Branch 10,140.0857,35.6270,MFS38,INDUSTRIAL,medium
IS734,Ichikawa Steel Processing Branch 1,139.9008,35.7037,MFS39,INDUSTRIAL,medium
IS735,Ichikawa Steel Processing Branch 2,139.9060,35.7194,MFS39,INDUSTRIAL,medium
IS736,Ichikawa Steel Processing Branch 3,139.8905,35.7064,MFS39,INDUSTRIAL,medium
IS737,Ichikawa Steel Processing Branch 4,139.9192,35.7107,MFS39,INDUSTRIAL,medium
IS738,Ichikawa Steel Processing Branch 5,139.8982,35.7091,MFS39,INDUSTRIAL,medium
IS739,Ichikawa Steel Processing Branch 6,139.9090,35.7091,MFS39,INDUSTRIAL,medium
IS740,Ichikawa Steel Processing Branch 7,139.9061,35.6990,MFS39,INDUSTRIAL,medium
IS741,Ichikawa Steel Processing Branch 8,139.9159,35.7111,MFS39,INDUSTRIAL,medium
IS742,Ichikawa Steel Processing Branch 9,139.8934,35.6942,MFS39,INDUSTRIAL,medium
IS743,Ichikawa Steel Processing Branch 10,139.9099,35.7096,MFS39,INDUSTRIAL,medium
IS744,Funabashi Industrial Zone Branch 1,139.9517,35.7088,MFS39,INDUSTRIAL,medium
IS745,Funabashi Industrial Zone Branch 2,139.9381,35.7008,MFS39,INDUSTRIAL,medium
IS746,Funabashi Industrial Zone Branch 3,139.9410,35.6906,MFS39,INDUSTRIAL,medium
IS747,Funabashi Industrial Zone Branch 4,139.9345,35.6977,MFS39,INDUSTRIAL,medium
IS748,Funabashi Industrial Zone Branch 5,139.9332,35.6897,MFS39,INDUSTRIAL,medium
IS749,Funabashi Industrial Zone Branch 6,139.9458,35.6895,MFS39,INDUSTRIAL,medium
IS750,Funabashi Industrial Zone Branch 7,139.9307,35.7032,MFS39,INDUSTRIAL,medium
IS751,Funabashi Industrial Zone Branch 8,139.9432,35.7030,MFS39,INDUSTRIAL,medium
IS752,Funabashi Industrial Zone Branch 9,139.9233,35.6975,MFS39,INDUSTRIAL,medium
IS753,Funabashi Industrial Zone Branch 10,139.9472,35.7072,MFS39,INDUSTRIAL,medium
IS754,Ichikawa Chemical Complex Branch 1,139.9242,35.7189,MFS39,INDUSTRIAL,medium
IS755,Ichikawa Chemical Complex Branch 2,139.9172,35.7136,MFS39,INDUSTRIAL,medium
IS756,Ichikawa Chemical Complex Branch 3,139.9334,35.7126,MFS39,INDUSTRIAL,medium
IS757,Ichikawa Chemical Complex Branch 4,139.9334,35.7183,MFS39,INDUSTRIAL,medium
IS758,Ichikawa Chemical Complex Branch 5,139.9187,35.7110,MFS39,INDUSTRIAL,medium
IS759,Ichikawa Chemical Complex Branch 6,139.9234,35.7106,MFS39,INDUSTRIAL,medium
IS760,Ichikawa Chemical Complex Branch 7,139.9196,35.7210,MFS39,INDUSTRIAL,medium
IS761,Ichikawa Chemical Complex Branch 8,139.9327,35.7151,MFS39,INDUSTRIAL,medium
IS762,Ichikawa Chemical Complex Branch 9,139.9259,35.7171,MFS39,INDUSTRIAL,medium
IS763,Ichikawa Chemical Complex Branch 10,139.9195,35.7089,MFS39,INDUSTRIAL,medium
IS764,Mitsui Chemicals Ichihara Branch 1,140.1107,35.5020,MFS43,INDUSTRIAL,high
IS765,Mitsui Chemicals Ichihara Branch 2,140.1154,35.5105,MFS43,INDUSTRIAL,high
IS766,Mitsui Chemicals Ichihara Branch 3,140.1192,35.5044,MFS43,INDUSTRIAL,high
IS767,Mitsui Chemicals Ichihara Branch 4,140.0807,35.4844,MFS43,INDUSTRIAL,high
IS768,Mitsui Chemicals Ichihara Branch 5,140.1153,35.4945,MFS43,INDUSTRIAL,high
IS769,Mitsui Chemicals Ichihara Branch 6,140.1007,35.5047,MFS43,INDUSTRIAL,high
IS770,Mitsui Chemicals Ichihara Branch 7,140.1157,35.4967,MFS43,INDUSTRIAL,high
IS771,Mitsui Chemicals Ichihara Branch 8,140.1067,35.5077,MFS43,INDUSTRIAL,high
IS772,Mitsui Chemicals Ichihara Branch 9,140.1194,35.4797,MFS43,INDUSTRIAL,high
IS773,Mitsui Chemicals Ichihara Branch 10,140.1111,35.4938,MFS43,INDUSTRIAL,high
IS774,Mitsui Chemicals Ichihara Branch 11,140.0963,35.5102,MFS43,INDUSTRIAL,high
IS775,Mitsui Chemicals Ichihara Branch 12,140.1429,35.4842,MFS43,INDUSTRIAL,high
IS776,Mitsui Chemicals Ichihara Branch 13,140.1100,35.4994,MFS43,INDUSTRIAL,high
IS777,Mitsui Chemicals Ichihara Branch 14,140.0921,35.4975,MFS43,INDUSTRIAL,high
IS778,Mitsui Chemicals Ichihara Branch 15,140.1082,35.5081,MFS43,INDUSTRIAL,high
IS779,Mitsui Chemicals Ichihara Branch 16,140.0929,35.4733,MFS43,INDUSTRIAL,high
IS780,Mitsui Chemicals Ichihara Branch 17,140.1057,35.4693,MFS43,INDUSTRIAL,high
IS781,Mitsui Chemicals Ichihara Branch 18,140.1049,35.4888,MFS43,INDUSTRIAL,high
IS782,Sumitomo Chemical Chiba Plant Branch 1,140.1395,35.4792,MFS43,INDUSTRIAL,high
IS783,Sumitomo Chemical Chiba Plant Branch 2,140.1140,35.5272,MFS43,INDUSTRIAL,high
IS784,Sumitomo Chemical Chiba Plant Branch 3,140.1401,35.5191,MFS43,INDUSTRIAL,high
IS785,Sumitomo Chemical Chiba Plant Branch 4,140.1080,35.5002,MFS43,INDUSTRIAL,high
IS786,Sumitomo Chemical Chiba Plant Branch 5,140.1273,35.5010,MFS43,INDUSTRIAL,high
IS787,Sumitomo Chemical Chiba Plant Branch 6,140.1265,35.4964,MFS43,INDUSTRIAL,high
IS788,Sumitomo Chemical Chiba Plant Branch 7,140.1610,35.5306,MFS43,INDUSTRIAL,high
IS789,Sumitomo Chemical Chiba Plant Branch 8,140.1069,35.5211,MFS43,INDUSTRIAL,high
IS790,Sumitomo Chemical Chiba Plant Branch 9,140.0997,35.5210,MFS43,INDUSTRIAL,high
IS791,Sumitomo Chemical Chiba Plant Branch 10,140.1092,35.4909,MFS43,INDUSTRIAL,high
IS792,Sumitomo Chemical Chiba Plant Branch 11,140.0980,35.5212,MFS43,INDUSTRIAL,high
IS793,Sumitomo Chemical Chiba Plant Branch 12,140.1246,35.5236,MFS43,INDUSTRIAL,high
IS794,Sumitomo Chemical Chiba Plant Branch 13,140.1020,35.5300,MFS43,INDUSTRIAL,high
IS795,Sumitomo Chemical Chiba Plant Branch 14,140.1172,35.5095,MFS43,INDUSTRIAL,high
IS796,Sumitomo Chemical Chiba Plant Branch 15,140.1347,35.4995,MFS43,INDUSTRIAL,high
IS797,Sumitomo Chemical Chiba Plant Branch 16,140.1073,35.5298,MFS43,INDUSTRIAL,high
IS798,Sumitomo Chemical Chiba Plant Branch 17,140.1097,35.4793,MFS43,INDUSTRIAL,high
IS799,Sumitomo Chemical Chiba Plant Branch 18,140.1687,35.5258,MFS43,INDUSTRIAL,high
IS800,Idemitsu Kosan Chiba Refinery Branch 1,140.1236,35.4857,MFS43,INDUSTRIAL,high
IS801,Idemitsu Kosan Chiba Refinery Branch 2,140.0965,35.4587,MFS43,INDUSTRIAL,high
IS802,Idemitsu Kosan Chiba Refinery Branch 3,140.1160,35.5075,MFS43,INDUSTRIAL,high
IS803,Idemitsu Kosan Chiba Refinery Branch 4,140.0984,35.4938,MFS43,INDUSTRIAL,high
IS804,Idemitsu Kosan Chiba Refinery Branch 5,140.1113,35.4923,MFS43,INDUSTRIAL,high
IS805,Idemitsu Kosan Chiba Refinery Branch 6,140.1082,35.4786,MFS43,INDUSTRIAL,high
IS806,Idemitsu Kosan Chiba Refinery Branch 7,140.0941,35.4870,MFS43,INDUSTRIAL,high
IS807,Idemitsu Kosan Chiba Refinery Branch 8,140.1091,35.5048,MFS43,INDUSTRIAL,high
IS808,Idemitsu Kosan Chiba Refinery Branch 9,140.1201,35.5003,MFS43,INDUSTRIAL,high
IS809,Idemitsu Kosan Chiba Refinery Branch 10,140.0965,35.4961,MFS43,INDUSTRIAL,high
IS810,Idemitsu Kosan Chiba Refinery Branch 11,140.0843,35.4843,MFS43,INDUSTRIAL,high
IS811,Idemitsu Kosan Chiba Refinery Branch 12,140.1011,35.5042,MFS43,INDUSTRIAL,high
IS812,Idemitsu Kosan Chiba Refinery Branch 13,140.0976,35.5089,MFS43,INDUSTRIAL,high
IS813,Idemitsu Kosan Chiba Refinery Branch 14,140.1042,35.5027,MFS43,INDUSTRIAL,high
IS814,Idemitsu Kosan Chiba Refinery Branch 15,140.0838,35.4830,MFS43,INDUSTRIAL,high
IS815,Idemitsu Kosan Chiba Refinery Branch 16,140.1003,35.5003,MFS43,INDUSTRIAL,high
IS816,Idemitsu Kosan Chiba Refinery Branch 17,140.1034,35.4920,MFS43,INDUSTRIAL,high
IS817,Idemitsu Kosan Chiba Refinery Branch 18,140.1060,35.4969,MFS43,INDUSTRIAL,high
IS818,ENEOS Ichihara Refinery Branch 1,140.0969,35.5088,MFS43,INDUSTRIAL,high
IS819,ENEOS Ichihara Refinery Branch 2,140.1474,35.5152,MFS43,INDUSTRIAL,high
IS820,ENEOS Ichihara Refinery Branch 3,140.1221,35.5049,MFS43,INDUSTRIAL,high
IS821,ENEOS Ichihara Refinery Branch 4,140.1457,35.4970,MFS43,INDUSTRIAL,high
IS822,ENEOS Ichihara Refinery Branch 5,140.1342,35.5202,MFS43,INDUSTRIAL,high
IS823,ENEOS Ichihara Refinery Branch 6,140.1505,35.5279,MFS43,INDUSTRIAL,high
IS824,ENEOS Ichihara Refinery Branch 7,140.1273,35.5385,MFS43,INDUSTRIAL,high
IS825,ENEOS Ichihara Refinery Branch 8,140.1312,35.5305,MFS43,INDUSTRIAL,high
IS826,ENEOS Ichihara Refinery Branch 9,140.1372,35.4966,MFS43,INDUSTRIAL,high
IS827,ENEOS Ichihara Refinery Branch 10,140.1317,35.5059,MFS43,INDUSTRIAL,high
IS828,ENEOS Ichihara Refinery Branch 11,140.1278,35.5228,MFS43,INDUSTRIAL,high
IS829,ENEOS Ichihara Refinery Branch 12,140.1334,35.5215,MFS43,INDUSTRIAL,high
IS830,ENEOS Ichihara Refinery Branch 13,140.1518,35.5119,MFS43,INDUSTRIAL,high
IS831,ENEOS Ichihara Refinery Branch 14,140.1412,35.5127,MFS43,INDUSTRIAL,high
IS832,ENEOS Ichihara Refinery Branch 15,140.1317,35.5055,MFS43,INDUSTRIAL,high
IS833,ENEOS Ichihara Refinery Branch 16,140.1526,35.5075,MFS43,INDUSTRIAL,high
IS834,ENEOS Ichihara Refinery Branch 17,140.1384,35.5243,MFS43,INDUSTRIAL,high
IS835,ENEOS Ichihara Refinery Branch 18,140.1577,35.5032,MFS43,INDUSTRIAL,high
IS836,Cosmo Oil Chiba Refinery Branch 1,140.0863,35.4952,MFS43,INDUSTRIAL,high
IS837,Cosmo Oil Chiba Refinery Branch 2,140.0734,35.4913,MFS43,INDUSTRIAL,high
IS838,Cosmo Oil Chiba Refinery Branch 3,140.0768,35.4876,MFS43,INDUSTRIAL,high
IS839,Cosmo Oil Chiba Refinery Branch 4,140.0831,35.5070,MFS43,INDUSTRIAL,high
IS840,Cosmo Oil Chiba Refinery Branch 5,140.0821,35.4744,MFS43,INDUSTRIAL,high
IS841,Cosmo Oil Chiba Refinery Branch 6,140.1007,35.5051,MFS43,INDUSTRIAL,high
IS842,Cosmo Oil Chiba Refinery Branch 7,140.1083,35.4992,MFS43,INDUSTRIAL,high
IS843,Cosmo Oil Chiba Refinery Branch 8,140.0800,35.4887,MFS43,INDUSTRIAL,high
IS844,Cosmo Oil Chiba Refinery Branch 9,140.1253,35.4846,MFS43,INDUSTRIAL,high
IS845,Cosmo Oil Chiba Refinery Branch 10,140.1031,35.4691,MFS43,INDUSTRIAL,high
IS846,Cosmo Oil Chiba Refinery Branch 11,140.1097,35.4907,MFS43,INDUSTRIAL,high
IS847,Cosmo Oil Chiba Refinery Branch 12,140.0688,35.4970,MFS43,INDUSTRIAL,high
IS848,Cosmo Oil Chiba Refinery Branch 13,140.0824,35.4756,MFS43,INDUSTRIAL,high
IS849,Cosmo Oil Chiba Refinery Branch 14,140.0951,35.4842,MFS43,INDUSTRIAL,high
IS850,Cosmo Oil Chiba Refinery Branch 15,140.0833,35.4731,MFS43,INDUSTRIAL,high
IS851,Cosmo Oil Chiba Refinery Branch 16,140.0902,35.4924,MFS43,INDUSTRIAL,high
IS852,Cosmo Oil Chiba Refinery Branch 17,140.0963,35.4814,MFS43,INDUSTRIAL,high
IS853,Cosmo Oil Chiba Refinery Branch 18,140.1036,35.4974,MFS43,INDUSTRIAL,high
IS854,Ube Industries Ichihara Branch 1,140.0925,35.5127,MFS43,INDUSTRIAL,medium
IS855,Ube Industries Ichihara Branch 2,140.1328,35.4980,MFS43,INDUSTRIAL,medium
IS856,Ube Industries Ichihara Branch 3,140.1214,35.5311,MFS43,INDUSTRIAL,medium
IS857,Ube Industries Ichihara Branch 4,140.0992,35.5260,MFS43,INDUSTRIAL,medium
IS858,Ube Industries Ichihara Branch 5,140.1233,35.5288,MFS43,INDUSTRIAL,medium
IS859,Ube Industries Ichihara Branch 6,140.1157,35.5061,MFS43,INDUSTRIAL,medium
IS860,Ube Industries Ichihara Branch 7,140.1192,35.4986,MFS43,INDUSTRIAL,medium
IS861,Ube Industries Ichihara Branch 8,140.0989,35.5190,MFS43,INDUSTRIAL,medium
IS862,Ube Industries Ichihara Branch 9,140.1223,35.5058,MFS43,INDUSTRIAL,medium
IS863,Ube Industries Ichihara Branch 10,140.1075,35.5057,MFS43,INDUSTRIAL,medium
IS864,Ube Industries Ichihara Branch 11,140.1157,35.5079,MFS43,INDUSTRIAL,medium
IS865,Ube Industries Ichihara Branch 12,140.1103,35.5020,MFS43,INDUSTRIAL,medium
IS866,Ube Industries Ichihara Branch 13,140.1092,35.5483,MFS43,INDUSTRIAL,medium
IS867,Ube Industries Ichihara Branch 14,140.1154,35.5014,MFS43,INDUSTRIAL,medium
IS868,Ube Industries Ichihara Branch 15,140.0832,35.5005,MFS43,INDUSTRIAL,medium
IS869,Ube Industries Ichihara Branch 16,140.0933,35.5205,MFS43,INDUSTRIAL,medium
IS870,Ube Industries Ichihara Branch 17,140.1233,35.5023,MFS43,INDUSTRIAL,medium
IS871,Ube Industries Ichihara Branch 18,140.1339,35.5053,MFS43,INDUSTRIAL,medium
IS872,Nippon Steel Kashima Works Branch 1,140.6308,35.9750,MFS54,INDUSTRIAL,high
IS873,Nippon Steel Kashima Works Branch 2,140.6560,35.9728,MFS54,INDUSTRIAL,high
IS874,Nippon Steel Kashima Works Branch 3,140.6870,35.9440,MFS54,INDUSTRIAL,high
IS875,Nippon Steel Kashima Works Branch 4,140.6600,35.9614,MFS54,INDUSTRIAL,high
IS876,Nippon Steel Kashima Works Branch 5,140.6231,35.9603,MFS54,INDUSTRIAL,high
IS877,Nippon Steel Kashima Works Branch 6,140.6785,35.9646,MFS54,INDUSTRIAL,high
IS878,Nippon Steel Kashima Works Branch 7,140.6615,35.9465,MFS54,INDUSTRIAL,high
IS879,Nippon Steel Kashima Works Branch 8,140.6448,35.9322,MFS54,INDUSTRIAL,high
IS880,Nippon Steel Kashima Works Branch 9,140.6688,35.9102,MFS54,INDUSTRIAL,high
IS881,Nippon Steel Kashima Works Branch 10,140.6484,35.9578,MFS54,INDUSTRIAL,high
IS882,Nippon Steel Kashima Works Branch 11,140.6603,35.9651,MFS54,INDUSTRIAL,high
IS883,Nippon Steel Kashima Works Branch 12,140.6749,35.9633,MFS54,INDUSTRIAL,high
IS884,Nippon Steel Kashima Works Branch 13,140.6571,35.9155,MFS54,INDUSTRIAL,high
IS885,Nippon Steel Kashima Works Branch 14,140.6548,35.9761,MFS54,INDUSTRIAL,high
IS886,Nippon Steel Kashima Works Branch 15,140.6477,35.9690,MFS54,INDUSTRIAL,high
IS887,Nippon Steel Kashima Works Branch 16,140.6506,35.9300,MFS54,INDUSTRIAL,high
IS888,Nippon Steel Kashima Works Branch 17,140.6505,35.9723,MFS54,INDUSTRIAL,high
IS889,Nippon Steel Kashima Works Branch 18,140.6610,35.9202,MFS54,INDUSTRIAL,high
IS890,Nippon Steel Kashima Works Branch 19,140.6152,35.9801,MFS54,INDUSTRIAL,high
IS891,Nippon Steel Kashima Works Branch 20,140.6750,35.9297,MFS54,INDUSTRIAL,high
IS892,Nippon Steel Kashima Works Branch 21,140.6715,35.9590,MFS54,INDUSTRIAL,high
IS893,Nippon Steel Kashima Works Branch 22,140.6813,35.9274,MFS54,INDUSTRIAL,high
IS894,Nippon Steel Kashima Works Branch 23,140.6668,35.9662,MFS54,INDUSTRIAL,high
IS895,Nippon Steel Kashima Works Branch 24,140.6497,35.9649,MFS54,INDUSTRIAL,high
IS896,Mitsubishi Chemical Kashima Branch 1,140.6044,35.9766,MFS54,INDUSTRIAL,high
IS897,Mitsubishi Chemical Kashima Branch 2,140.6763,35.9593,MFS54,INDUSTRIAL,high
IS898,Mitsubishi Chemical Kashima Branch 3,140.6464,35.9787,MFS54,INDUSTRIAL,high
IS899,Mitsubishi Chemical Kashima Branch 4,140.6496,35.9556,MFS54,INDUSTRIAL,high
IS900,Mitsubishi Chemical Kashima Branch 5,140.6440,36.0164,MFS54,INDUSTRIAL,high
IS901,Mitsubishi Chemical Kashima Branch 6,140.6133,35.9799,MFS54,INDUSTRIAL,high
IS902,Mitsubishi Chemical Kashima Branch 7,140.6606,35.9720,MFS54,INDUSTRIAL,high
IS903,Mitsubishi Chemical Kashima Branch 8,140.6583,35.9367,MFS54,INDUSTRIAL,high
IS904,Mitsubishi Chemical Kashima Branch 9,140.6302,35.9747,MFS54,INDUSTRIAL,high
IS905,Mitsubishi Chemical Kashima Branch 10,140.5759,35.9743,MFS54,INDUSTRIAL,high
IS906,Mitsubishi Chemical Kashima Branch 11,140.6656,35.9654,MFS54,INDUSTRIAL,high
IS907,Mitsubishi Chemical Kashima Branch 12,140.6153,35.9640,MFS54,INDUSTRIAL,high
IS908,Mitsubishi Chemical Kashima Branch 13,140.6547,35.9714,MFS54,INDUSTRIAL,high
IS909,Mitsubishi Chemical Kashima Branch 14,140.5820,35.9645,MFS54,INDUSTRIAL,high
IS910,Mitsubishi Chemical Kashima Branch 15,140.6436,35.9915,MFS54,INDUSTRIAL,high
IS911,Mitsubishi Chemical Kashima Branch 16,140.6155,35.9843,MFS54,INDUSTRIAL,high
IS912,Mitsubishi Chemical Kashima Branch 17,140.6563,35.9626,MFS54,INDUSTRIAL,high
IS913,Mitsubishi Chemical Kashima Branch 18,140.6697,35.9474,MFS54,INDUSTRIAL,high
IS914,Mitsubishi Chemical Kashima Branch 19,140.6459,35.9790,MFS54,INDUSTRIAL,high
IS915,Mitsubishi Chemical Kashima Branch 20,140.6549,35.9776,MFS54,INDUSTRIAL,high
IS916,Mitsubishi Chemical Kashima Branch 21,140.6156,35.9827,MFS54,INDUSTRIAL,high
IS917,Mitsubishi Chemical Kashima Branch 22,140.6278,35.9706,MFS54,INDUSTRIAL,high
IS918,Mitsubishi Chemical Kashima Branch 23,140.6454,35.9789,MFS54,INDUSTRIAL,high
IS919,Mitsubishi Chemical Kashima Branch 24,140.6594,35.9611,MFS54,INDUSTRIAL,high
IS920,Sumitomo Metal Kashima Complex Branch 1,140.6682,35.9572,MFS54,INDUSTRIAL,high
IS921,Sumitomo Metal Kashima Complex Branch 2,140.6368,35.9784,MFS54,INDUSTRIAL,high
IS922,Sumitomo Metal Kashima Complex Branch 3,140.6556,35.9638,MFS54,INDUSTRIAL,high
IS923,Sumitomo Metal Kashima Complex Branch 4,140.6335,35.9718,MFS54,INDUSTRIAL,high
IS924,Sumitomo Metal Kashima Complex Branch 5,140.6441,35.9600,MFS54,INDUSTRIAL,high
IS925,Sumitomo Metal Kashima Complex Branch 6,140.6121,35.9620,MFS54,INDUSTRIAL,high
IS926,Sumitomo Metal Kashima Complex Branch 7,140.6403,35.9671,MFS54,INDUSTRIAL,high
IS927,Sumitomo Metal Kashima Complex Branch 8,140.6515,35.9799,MFS54,INDUSTRIAL,high
IS928,Sumitomo Metal Kashima Complex Branch 9,140.6523,35.9728,MFS54,INDUSTRIAL,high
IS929,Sumitomo Metal Kashima Complex Branch 10,140.6316,35.9525,MFS54,INDUSTRIAL,high
IS930,Sumitomo Metal Kashima Complex Branch 11,140.6262,35.9618,MFS54,INDUSTRIAL,high
IS931,Sumitomo Metal Kashima Complex Branch 12,140.6725,35.9437,MFS54,INDUSTRIAL,high
IS932,Sumitomo Metal Kashima Complex Branch 13,140.6594,35.9743,MFS54,INDUSTRIAL,high
IS933,Sumitomo Metal Kashima Complex Branch 14,140.6484,35.9807,MFS54,INDUSTRIAL,high
IS934,Sumitomo Metal Kashima Complex Branch 15,140.6314,35.9862,MFS54,INDUSTRIAL,high
IS935,Sumitomo Metal Kashima Complex Branch 16,140.6439,35.9630,MFS54,INDUSTRIAL,high
IS936,Sumitomo Metal Kashima Complex Branch 17,140.6384,35.9643,MFS54,INDUSTRIAL,high
IS937,Sumitomo Metal Kashima Complex Branch 18,140.6476,35.9707,MFS54,INDUSTRIAL,high
IS938,Sumitomo Metal Kashima Complex Branch 19,140.6427,35.9797,MFS54,INDUSTRIAL,high
IS939,Sumitomo Metal Kashima Complex Branch 20,140.6315,35.9988,MFS54,INDUSTRIAL,high
IS940,Sumitomo Metal Kashima Complex Branch 21,140.6431,35.9898,MFS54,INDUSTRIAL,high
IS941,Sumitomo Metal Kashima Complex Branch 22,140.6469,35.9594,MFS54,INDUSTRIAL,high
IS942,Sumitomo Metal Kashima Complex Branch 23,140.6409,35.9807,MFS54,INDUSTRIAL,high
IS943,Sumitomo Metal Kashima Complex Branch 24,140.6817,35.9559,MFS54,INDUSTRIAL,high
IS944,Kashima Petrochemical Complex Branch 1,140.6570,35.9731,MFS54,INDUSTRIAL,medium
IS945,Kashima Petrochemical Complex Branch 2,140.6532,35.9680,MFS54,INDUSTRIAL,medium
IS946,Kashima Petrochemical Complex Branch 3,140.6510,35.9277,MFS54,INDUSTRIAL,medium
IS947,Kashima Petrochemical Complex Branch 4,140.6618,35.9319,MFS54,INDUSTRIAL,medium
IS948,Kashima Petrochemical Complex Branch 5,140.6674,35.9512,MFS54,INDUSTRIAL,medium
IS949,Kashima Petrochemical Complex Branch 6,140.6699,35.9564,MFS54,INDUSTRIAL,medium
IS950,Kashima Petrochemical Complex Branch 7,140.6541,35.9600,MFS54,INDUSTRIAL,medium
IS951,Kashima Petrochemical Complex Branch 8,140.6377,35.9210,MFS54,INDUSTRIAL,medium
IS952,Kashima Petrochemical Complex Branch 9,140.6875,35.9322,MFS54,INDUSTRIAL,medium
IS953,Kashima Petrochemical Complex Branch 10,140.6371,35.9408,MFS54,INDUSTRIAL,medium
IS954,Kashima Petrochemical Complex Branch 11,140.6543,35.9600,MFS54,INDUSTRIAL,medium
IS955,Kashima Petrochemical Complex Branch 12,140.6749,35.9633,MFS54,INDUSTRIAL,medium
IS956,Kashima Petrochemical Complex Branch 13,140.6874,35.9434,MFS54,INDUSTRIAL,medium
IS957,Kashima Petrochemical Complex Branch 14,140.6498,35.9589,MFS54,INDUSTRIAL,medium
IS958,Kashima Petrochemical Complex Branch 15,140.6520,35.8910,MFS54,INDUSTRIAL,medium
IS959,Kashima Petrochemical Complex Branch 16,140.6579,35.9738,MFS54,INDUSTRIAL,medium
IS960,Kashima Petrochemical Complex Branch 17,140.6251,35.9789,MFS54,INDUSTRIAL,medium
IS961,Kashima Petrochemical Complex Branch 18,140.6602,35.9802,MFS54,INDUSTRIAL,medium
IS962,Kashima Petrochemical Complex Branch 19,140.6556,35.9791,MFS54,INDUSTRIAL,medium
IS963,Kashima Petrochemical Complex Branch 20,140.6385,35.9782,MFS54,INDUSTRIAL,medium
IS964,Kashima Petrochemical Complex Branch 21,140.6212,35.9487,MFS54,INDUSTRIAL,medium
IS965,Kashima Petrochemical Complex Branch 22,140.6526,35.9472,MFS54,INDUSTRIAL,medium
IS966,Kashima Petrochemical Complex Branch 23,140.6597,35.9669,MFS54,INDUSTRIAL,medium
IS967,Kashima Petrochemical Complex Branch 24,140.6569,35.9407,MFS54,INDUSTRIAL,medium
IS968,Hitachi Ltd Hitachi Works Branch 1,140.6500,36.6000,MFS55,INDUSTRIAL,high
IS969,Hitachi Ltd Hitachi Works Branch 2,140.6500,36.6000,MFS55,INDUSTRIAL,high
IS970,Hitachi Ltd Hitachi Works Branch 3,140.6500,36.6000,MFS55,INDUSTRIAL,high
IS971,Hitachi Ltd Hitachi Works Branch 4,140.6500,36.6000,MFS55,INDUSTRIAL,high
IS972,Hitachi Ltd Hitachi Works Branch 5,140.6500,36.6000,MFS55,INDUSTRIAL,high
IS973,Hitachi Ltd Hitachi Works Branch 6,140.6500,36.6000,MFS55,INDUSTRIAL,high
IS974,Hitachi Ltd Hitachi Works Branch 7,140.6500,36.6000,MFS55,INDUSTRIAL,high
IS975,Hitachi Ltd Hitachi Works Branch 8,140.6500,36.6000,MFS55,INDUSTRIAL,high
IS976,Hitachi Ltd Hitachi Works Branch 9,140.6500,36.6000,MFS55,INDUSTRIAL,high
IS977,Hitachi Ltd Hitachi Works Branch 10,140.6500,36.6000,MFS55,INDUSTRIAL,high
IS978,Hitachi Ltd Hitachi Works Branch 11,140.6500,36.6000,MFS55,INDUSTRIAL,high
IS979,Hitachi Ltd Hitachi Works Branch 12,140.6500,36.6000,MFS55,INDUSTRIAL,high
IS980,Hitachi Ltd Hitachi Works Branch 13,140.6500,36.6000,MFS55,INDUSTRIAL,high
IS981,Hitachi Ltd Hitachi Works Branch 14,140.6500,36.6000,MFS55,INDUSTRIAL,high
IS982,Hitachi Ltd Hitachi Works Branch 15,140.6500,36.6000,MFS55,INDUSTRIAL,high
IS983,Hitachi Ltd Hitachi Works Branch 16,140.6500,36.6000,MFS55,INDUSTRIAL,high
IS984,Hitachi Ltd Hitachi Works Branch 17,140.6500,36.6000,MFS55,INDUSTRIAL,high
IS985,Hitachi Ltd Hitachi Works Branch 18,140.6500,36.6000,MFS55,INDUSTRIAL,high
IS986,Hitachi Ltd Hitachi Works Branch 19,140.6500,36.6000,MFS55,INDUSTRIAL,high
IS987,Hitachi Ltd Hitachi Works Branch 20,140.6500,36.6000,MFS55,INDUSTRIAL,high
IS988,Hitachi Ltd Hitachi Works Branch 21,140.6500,36.6000,MFS55,INDUSTRIAL,high
IS989,Hitachi Ltd Hitachi Works Branch 22,140.6500,36.6000,MFS55,INDUSTRIAL,high
IS990,Hitachi Ltd Hitachi Works Branch 23,140.6500,36.6000,MFS55,INDUSTRIAL,high
IS991,Hitachi Ltd Hitachi Works Branch 24,140.6500,36.6000,MFS55,INDUSTRIAL,high
IS992,Hitachi High-Tech Naka Plant Branch 1,140.4902,36.4083,MFS55,INDUSTRIAL,medium
IS993,Hitachi High-Tech Naka Plant Branch 2,140.4674,36.4163,MFS55,INDUSTRIAL,medium
IS994,Hitachi High-Tech Naka Plant Branch 3,140.4314,36.3923,MFS55,INDUSTRIAL,medium
IS995,Hitachi High-Tech Naka Plant Branch 4,140.4960,36.4010,MFS55,INDUSTRIAL,medium
IS996,Hitachi High-Tech Naka Plant Branch 5,140.5250,36.3802,MFS55,INDUSTRIAL,medium
IS997,Hitachi High-Tech Naka Plant Branch 6,140.4373,36.3931,MFS55,INDUSTRIAL,medium
IS998,Hitachi High-Tech Naka Plant Branch 7,140.4994,36.4394,MFS55,INDUSTRIAL,medium
IS999,Hitachi High-Tech Naka Plant Branch 8,140.4956,36.3652,MFS55,INDUSTRIAL,medium
IS1000,Hitachi High-Tech Naka Plant Branch 9,140.5171,36.4030,MFS55,INDUSTRIAL,medium
IS1001,Hitachi High-Tech Naka Plant Branch 10,140.4813,36.4071,MFS55,INDUSTRIAL,medium
IS1002,Hitachi High-Tech Naka Plant Branch 11,140.4517,36.3899,MFS55,INDUSTRIAL,medium
IS1003,Hitachi High-Tech Naka Plant Branch 12,140.5206,36.4041,MFS55,INDUSTRIAL,medium
IS1004,Hitachi High-Tech Naka Plant Branch 13,140.4618,36.3815,MFS55,INDUSTRIAL,medium
IS1005,Hitachi High-Tech Naka Plant Branch 14,140.4765,36.3926,MFS55,INDUSTRIAL,medium
IS1006,Hitachi High-Tech Naka Plant Branch 15,140.5006,36.3975,MFS55,INDUSTRIAL,medium
IS1007,Hitachi High-Tech Naka Plant Branch 16,140.4996,36.3764,MFS55,INDUSTRIAL,medium
IS1008,Hitachi High-Tech Naka Plant Branch 17,140.4537,36.3815,MFS55,INDUSTRIAL,medium
IS1009,Hitachi High-Tech Naka Plant Branch 18,140.4655,36.4031,MFS55,INDUSTRIAL,medium
IS1010,Hitachi High-Tech Naka Plant Branch 19,140.4858,36.4341,MFS55,INDUSTRIAL,medium
IS1011,Hitachi High-Tech Naka Plant Branch 20,140.4927,36.4548,MFS55,INDUSTRIAL,medium
IS1012,Hitachi High-Tech Naka Plant Branch 21,140.5162,36.4087,MFS55,INDUSTRIAL,medium
IS1013,Hitachi High-Tech Naka Plant Branch 22,140.4764,36.3946,MFS55,INDUSTRIAL,medium
IS1014,Hitachi High-Tech Naka Plant Branch 23,140.4522,36.3459,MFS55,INDUSTRIAL,medium
IS1015,Hitachi High-Tech Naka Plant Branch 24,140.4715,36.3829,MFS55,INDUSTRIAL,medium
IS1016,Mito Electronics Assembly Branch 1,140.4371,36.3708,MFS55,INDUSTRIAL,medium
IS1017,Mito Electronics Assembly Branch 2,140.4581,36.3630,MFS55,INDUSTRIAL,medium
IS1018,Mito Electronics Assembly Branch 3,140.4439,36.3545,MFS55,INDUSTRIAL,medium
IS1019,Mito Electronics Assembly Branch 4,140.5033,36.3554,MFS55,INDUSTRIAL,medium
IS1020,Mito Electronics Assembly Branch 5,140.4387,36.3511,MFS55,INDUSTRIAL,medium
IS1021,Mito Electronics Assembly Branch 6,140.4549,36.3590,MFS55,INDUSTRIAL,medium
IS1022,Mito Electronics Assembly Branch 7,140.4240,36.3843,MFS55,INDUSTRIAL,medium
IS1023,Mito Electronics Assembly Branch 8,140.4658,36.3878,MFS55,INDUSTRIAL,medium
IS1024,Mito Electronics Assembly Branch 9,140.4785,36.3760,MFS55,INDUSTRIAL,medium
IS1025,Mito Electronics Assembly Branch 10,140.5346,36.4041,MFS55,INDUSTRIAL,medium
IS1026,Mito Electronics Assembly Branch 11,140.4652,36.3797,MFS55,INDUSTRIAL,medium
IS1027,Mito Electronics Assembly Branch 12,140.4408,36.3987,MFS55,INDUSTRIAL,medium
IS1028,Mito Electronics Assembly Branch 13,140.4520,36.3333,MFS55,INDUSTRIAL,medium
IS1029,Mito Electronics Assembly Branch 14,140.4617,36.3596,MFS55,INDUSTRIAL,medium
IS1030,Mito Electronics Assembly Branch 15,140.4702,36.3790,MFS55,INDUSTRIAL,medium
IS1031,Mito Electronics Assembly Branch 16,140.4895,36.3715,MFS55,INDUSTRIAL,medium
IS1032,Mito Electronics Assembly Branch 17,140.4753,36.3657,MFS55,INDUSTRIAL,medium
IS1033,Mito Electronics Assembly Branch 18,140.4436,36.3773,MFS55,INDUSTRIAL,medium
IS1034,Mito Electronics Assembly Branch 19,140.4111,36.3608,MFS55,INDUSTRIAL,medium
IS1035,Mito Electronics Assembly Branch 20,140.4617,36.3364,MFS55,INDUSTRIAL,medium
IS1036,Mito Electronics Assembly Branch 21,140.4540,36.3880,MFS55,INDUSTRIAL,medium
IS1037,Mito Electronics Assembly Branch 22,140.4687,36.3499,MFS55,INDUSTRIAL,medium
IS1038,Mito Electronics Assembly Branch 23,140.4708,36.3712,MFS55,INDUSTRIAL,medium
IS1039,Mito Electronics Assembly Branch 24,140.4822,36.3843,MFS55,INDUSTRIAL,medium
IS1040,Subaru Gunma Yajima Plant Branch 1,139.0373,36.3739,MFS57,INDUSTRIAL,high
IS1041,Subaru Gunma Yajima Plant Branch 2,139.0668,36.3768,MFS57,INDUSTRIAL,high
IS1042,Subaru Gunma Yajima Plant Branch 3,139.0354,36.3712,MFS57,INDUSTRIAL,high
IS1043,Subaru Gunma Yajima Plant Branch 4,139.0851,36.3689,MFS57,INDUSTRIAL,high
IS1044,Subaru Gunma Yajima Plant Branch 5,139.0627,36.3780,MFS57,INDUSTRIAL,high
IS1045,Subaru Gunma Yajima Plant Branch 6,139.0589,36.4108,MFS57,INDUSTRIAL,high
IS1046,Subaru Gunma Yajima Plant Branch 7,139.0298,36.3858,MFS57,INDUSTRIAL,high
IS1047,Subaru Gunma Yajima Plant Branch 8,139.0896,36.3659,MFS57,INDUSTRIAL,high
IS1048,Subaru Gunma Yajima Plant Branch 9,139.0729,36.3782,MFS57,INDUSTRIAL,high
IS1049,Subaru Gunma Yajima Plant Branch 10,139.0624,36.3788,MFS57,INDUSTRIAL,high
IS1050,Subaru Gunma Yajima Plant Branch 11,139.0398,36.3550,MFS57,INDUSTRIAL,high
IS1051,Subaru Gunma Yajima Plant Branch 12,139.0603,36.3645,MFS57,INDUSTRIAL,high
IS1052,Subaru Gunma Yajima Plant Branch 13,139.1129,36.3674,MFS57,INDUSTRIAL,high
IS1053,Subaru Gunma Yajima Plant Branch 14,139.0822,36.4044,MFS57,INDUSTRIAL,high
IS1054,Subaru Gunma Yajima Plant Branch 15,139.0744,36.3870,MFS57,INDUSTRIAL,high
IS1055,Subaru Gunma Yajima Plant Branch 16,139.0807,36.4121,MFS57,INDUSTRIAL,high
IS1056,Subaru Gunma Yajima Plant Branch 17,139.1278,36.3909,MFS57,INDUSTRIAL,high
IS1057,Subaru Gunma Yajima Plant Branch 18,139.0532,36.3757,MFS57,INDUSTRIAL,high
IS1058,Subaru Gunma Yajima Plant Branch 19,139.0870,36.3415,MFS57,INDUSTRIAL,high
IS1059,Subaru Gunma Yajima Plant Branch 20,139.0727,36.3511,MFS57,INDUSTRIAL,high
IS1060,Subaru Gunma Yajima Plant Branch 21,139.0927,36.3809,MFS57,INDUSTRIAL,high
IS1061,Subaru Gunma Yajima Plant Branch 22,139.0688,36.3786,MFS57,INDUSTRIAL,high
IS1062,Subaru Gunma Yajima Plant Branch 23,139.0685,36.3625,MFS57,INDUSTRIAL,high
IS1063,Subaru Gunma Yajima Plant Branch 24,139.0778,36.3858,MFS57,INDUSTRIAL,high
IS1064,Subaru Gunma Oizumi Plant Branch 1,139.3865,36.2531,MFS58,INDUSTRIAL,high
IS1065,Subaru Gunma Oizumi Plant Branch 2,139.3689,36.2298,MFS58,INDUSTRIAL,high
IS1066,Subaru Gunma Oizumi Plant Branch 3,139.3974,36.2589,MFS58,INDUSTRIAL,high
IS1067,Subaru Gunma Oizumi Plant Branch 4,139.3690,36.2611,MFS58,INDUSTRIAL,high
IS1068,Subaru Gunma Oizumi Plant Branch 5,139.3991,36.2417,MFS58,INDUSTRIAL,high
IS1069,Subaru Gunma Oizumi Plant Branch 6,139.3953,36.2543,MFS58,INDUSTRIAL,high
IS1070,Subaru Gunma Oizumi Plant Branch 7,139.3717,36.2503,MFS58,INDUSTRIAL,high
IS1071,Subaru Gunma Oizumi Plant Branch 8,139.3905,36.2513,MFS58,INDUSTRIAL,high
IS1072,Subaru Gunma Oizumi Plant Branch 9,139.3999,36.2526,MFS58,INDUSTRIAL,high
IS1073,Subaru Gunma Oizumi Plant Branch 10,139.4078,36.2644,MFS58,INDUSTRIAL,high
IS1074,Subaru Gunma Oizumi Plant Branch 11,139.4023,36.2451,MFS58,INDUSTRIAL,high
IS1075,Subaru Gunma Oizumi Plant Branch 12,139.4096,36.2433,MFS58,INDUSTRIAL,high
IS1076,Subaru Gunma Oizumi Plant Branch 13,139.3909,36.2579,MFS58,INDUSTRIAL,high
IS1077,Subaru Gunma Oizumi Plant Branch 14,139.3939,36.2586,MFS58,INDUSTRIAL,high
IS1078,Subaru Gunma Oizumi Plant Branch 15,139.3799,36.2563,MFS58,INDUSTRIAL,high
IS1079,Subaru Gunma Oizumi Plant Branch 16,139.3942,36.2616,MFS58,INDUSTRIAL,high
IS1080,Subaru Gunma Oizumi Plant Branch 17,139.4079,36.2459,MFS58,INDUSTRIAL,high
IS1081,Subaru Gunma Oizumi Plant Branch 18,139.4113,36.2674,MFS58,INDUSTRIAL,high
IS1082,Sanyo Electric Gunma Branch 1,139.3666,36.3330,MFS58,INDUSTRIAL,medium
IS1083,Sanyo Electric Gunma Branch 2,139.3506,36.3146,MFS58,INDUSTRIAL,medium
IS1084,Sanyo Electric Gunma Branch 3,139.3630,36.3028,MFS58,INDUSTRIAL,medium
IS1085,Sanyo Electric Gunma Branch 4,139.3585,36.3103,MFS58,INDUSTRIAL,medium
IS1086,Sanyo Electric Gunma Branch 5,139.3403,36.3269,MFS58,INDUSTRIAL,medium
IS1087,Sanyo Electric Gunma Branch 6,139.3640,36.3157,MFS58,INDUSTRIAL,medium
IS1088,Sanyo Electric Gunma Branch 7,139.3548,36.3185,MFS58,INDUSTRIAL,medium
IS1089,Sanyo Electric Gunma Branch 8,139.3468,36.3141,MFS58,INDUSTRIAL,medium
IS1090,Sanyo Electric Gunma Branch 9,139.3784,36.3421,MFS58,INDUSTRIAL,medium
IS1091,Sanyo Electric Gunma Branch 10,139.3942,36.3431,MFS58,INDUSTRIAL,medium
IS1092,Sanyo Electric Gunma Branch 11,139.3366,36.3117,MFS58,INDUSTRIAL,medium
IS1093,Sanyo Electric Gunma Branch 12,139.3708,36.3421,MFS58,INDUSTRIAL,medium
IS1094,Sanyo Electric Gunma Branch 13,139.3549,36.3222,MFS58,INDUSTRIAL,medium
IS1095,Sanyo Electric Gunma Branch 14,139.3633,36.3194,MFS58,INDUSTRIAL,medium
IS1096,Sanyo Electric Gunma Branch 15,139.3382,36.3311,MFS58,INDUSTRIAL,medium
IS1097,Sanyo Electric Gunma Branch 16,139.3434,36.3078,MFS58,INDUSTRIAL,medium
IS1098,Sanyo Electric Gunma Branch 17,139.3612,36.3366,MFS58,INDUSTRIAL,medium
IS1099,Sanyo Electric Gunma Branch 18,139.3492,36.3314,MFS58,INDUSTRIAL,medium
IS1100,Kiryu Textile Industrial Area Branch 1,139.3400,36.4100,MFS58,INDUSTRIAL,low
IS1101,Kiryu Textile Industrial Area Branch 2,139.3631,36.3902,MFS58,INDUSTRIAL,low
IS1102,Kiryu Textile Industrial Area Branch 3,139.3400,36.4100,MFS58,INDUSTRIAL,low
IS1103,Kiryu Textile Industrial Area Branch 4,139.3524,36.3704,MFS58,INDUSTRIAL,low
IS1104,Kiryu Textile Industrial Area Branch 5,139.3400,36.4100,MFS58,INDUSTRIAL,low
IS1105,Kiryu Textile Industrial Area Branch 6,139.3400,36.4100,MFS58,INDUSTRIAL,low
IS1106,Kiryu Textile Industrial Area Branch 7,139.3400,36.4100,MFS58,INDUSTRIAL,low
IS1107,Kiryu Textile Industrial Area Branch 8,139.3400,36.4100,MFS58,INDUSTRIAL,low
IS1108,Kiryu Textile Industrial Area Branch 9,139.3400,36.4100,MFS58,INDUSTRIAL,low
IS1109,Kiryu Textile Industrial Area Branch 10,139.3400,36.4100,MFS58,INDUSTRIAL,low
IS1110,Kiryu Textile Industrial Area Branch 11,139.3400,36.4100,MFS58,INDUSTRIAL,low
IS1111,Kiryu Textile Industrial Area Branch 12,139.3400,36.4100,MFS58,INDUSTRIAL,low
IS1112,Kiryu Textile Industrial Area Branch 13,139.3400,36.4100,MFS58,INDUSTRIAL,low
IS1113,Kiryu Textile Industrial Area Branch 14,139.3400,36.4100,MFS58,INDUSTRIAL,low
IS1114,Kiryu Textile Industrial Area Branch 15,139.3400,36.4100,MFS58,INDUSTRIAL,low
IS1115,Kiryu Textile Industrial Area Branch 16,139.3400,36.4100,MFS58,INDUSTRIAL,low
IS1116,Kiryu Textile Industrial Area Branch 17,139.3400,36.4100,MFS58,INDUSTRIAL,low
IS1117,Kiryu Textile Industrial Area Branch 18,139.3400,36.4100,MFS58,INDUSTRIAL,low
IS1118,Honda Tochigi Plant Branch 1,139.8766,36.5108,MFS59,INDUSTRIAL,high
IS1119,Honda Tochigi Plant Branch 2,139.8743,36.5412,MFS59,INDUSTRIAL,high
IS1120,Honda Tochigi Plant Branch 3,139.8932,36.5590,MFS59,INDUSTRIAL,high
IS1121,Honda Tochigi Plant Branch 4,139.8654,36.5078,MFS59,INDUSTRIAL,high
IS1122,Honda Tochigi Plant Branch 5,139.8484,36.5617,MFS59,INDUSTRIAL,high
IS1123,Honda Tochigi Plant Branch 6,139.8720,36.5655,MFS59,INDUSTRIAL,high
IS1124,Honda Tochigi Plant Branch 7,139.8542,36.5444,MFS59,INDUSTRIAL,high
IS1125,Honda Tochigi Plant Branch 8,139.8518,36.5466,MFS59,INDUSTRIAL,high
IS1126,Honda Tochigi Plant Branch 9,139.8828,36.5455,MFS59,INDUSTRIAL,high
IS1127,Honda Tochigi Plant Branch 10,139.8740,36.5391,MFS59,INDUSTRIAL,high
IS1128,Honda Tochigi Plant Branch 11,139.8563,36.5224,MFS59,INDUSTRIAL,high
IS1129,Honda Tochigi Plant Branch 12,139.8648,36.5524,MFS59,INDUSTRIAL,high
IS1130,Honda Tochigi Plant Branch 13,139.8695,36.5719,MFS59,INDUSTRIAL,high
IS1131,Honda Tochigi Plant Branch 14,139.8773,36.5337,MFS59,INDUSTRIAL,high
IS1132,Honda Tochigi Plant Branch 15,139.8638,36.5505,MFS59,INDUSTRIAL,high
IS1133,Honda Tochigi Plant Branch 16,139.8604,36.5701,MFS59,INDUSTRIAL,high
IS1134,Honda Tochigi Plant Branch 17,139.8702,36.5668,MFS59,INDUSTRIAL,high
IS1135,Honda Tochigi Plant Branch 18,139.8491,36.5424,MFS59,INDUSTRIAL,high
IS1136,Honda Tochigi Plant Branch 19,139.8796,36.5563,MFS59,INDUSTRIAL,high
IS1137,Honda Tochigi Plant Branch 20,139.8551,36.5529,MFS59,INDUSTRIAL,high
IS1138,Honda Tochigi Plant Branch 21,139.8924,36.5224,MFS59,INDUSTRIAL,high
IS1139,Honda Tochigi Plant Branch 22,139.8927,36.5273,MFS59,INDUSTRIAL,high
IS1140,Honda Tochigi Plant Branch 23,139.9145,36.5206,MFS59,INDUSTRIAL,high
IS1141,Honda Tochigi Plant Branch 24,139.9070,36.5548,MFS59,INDUSTRIAL,high
IS1142,Honda R&D Tochigi Proving Ground Branch 1,139.9025,36.5736,MFS59,INDUSTRIAL,high
IS1143,Honda R&D Tochigi Proving Ground Branch 2,139.9349,36.5750,MFS59,INDUSTRIAL,high
IS1144,Honda R&D Tochigi Proving Ground Branch 3,139.8787,36.5835,MFS59,INDUSTRIAL,high
IS1145,Honda R&D Tochigi Proving Ground Branch 4,139.8938,36.5730,MFS59,INDUSTRIAL,high
IS1146,Honda R&D Tochigi Proving Ground Branch 5,139.9304,36.5570,MFS59,INDUSTRIAL,high
IS1147,Honda R&D Tochigi Proving Ground Branch 6,139.9115,36.5602,MFS59,INDUSTRIAL,high
IS1148,Honda R&D Tochigi Proving Ground Branch 7,139.9048,36.5515,MFS59,INDUSTRIAL,high
IS1149,Honda R&D Tochigi Proving Ground Branch 8,139.9015,36.5665,MFS59,INDUSTRIAL,high
IS1150,Honda R&D Tochigi Proving Ground Branch 9,139.9320,36.5564,MFS59,INDUSTRIAL,high
IS1151,Honda R&D Tochigi Proving Ground Branch 10,139.8953,36.5585,MFS59,INDUSTRIAL,high
IS1152,Honda R&D Tochigi Proving Ground Branch 11,139.8770,36.5805,MFS59,INDUSTRIAL,high
IS1153,Honda R&D Tochigi Proving Ground Branch 12,139.9205,36.5439,MFS59,INDUSTRIAL,high
IS1154,Honda R&D Tochigi Proving Ground Branch 13,139.9125,36.5911,MFS59,INDUSTRIAL,high
IS1155,Honda R&D Tochigi Proving Ground Branch 14,139.9540,36.5431,MFS59,INDUSTRIAL,high
IS1156,Honda R&D Tochigi Proving Ground Branch 15,139.8560,36.5518,MFS59,INDUSTRIAL,high
IS1157,Honda R&D Tochigi Proving Ground Branch 16,139.9060,36.5553,MFS59,INDUSTRIAL,high
IS1158,Honda R&D Tochigi Proving Ground Branch 17,139.9127,36.5495,MFS59,INDUSTRIAL,high
IS1159,Honda R&D Tochigi Proving Ground Branch 18,139.9117,36.5542,MFS59,INDUSTRIAL,high
IS1160,Honda R&D Tochigi Proving Ground Branch 19,139.9063,36.5780,MFS59,INDUSTRIAL,high
IS1161,Honda R&D Tochigi Proving Ground Branch 20,139.8392,36.5880,MFS59,INDUSTRIAL,high
IS1162,Honda R&D Tochigi Proving Ground Branch 21,139.8877,36.5188,MFS59,INDUSTRIAL,high
IS1163,Honda R&D Tochigi Proving Ground Branch 22,139.9358,36.5423,MFS59,INDUSTRIAL,high
IS1164,Honda R&D Tochigi Proving Ground Branch 23,139.9244,36.5774,MFS59,INDUSTRIAL,high
IS1165,Honda R&D Tochigi Proving Ground Branch 24,139.9159,36.5760,MFS59,INDUSTRIAL,high
IS1166,Utsunomiya Industrial Park Branch 1,139.8712,36.5383,MFS59,INDUSTRIAL,medium
IS1167,Utsunomiya Industrial Park Branch 2,139.8613,36.5413,MFS59,INDUSTRIAL,medium
IS1168,Utsunomiya Industrial Park Branch 3,139.8908,36.5602,MFS59,INDUSTRIAL,medium
IS1169,Utsunomiya Industrial Park Branch 4,139.8625,36.5228,MFS59,INDUSTRIAL,medium
IS1170,Utsunomiya Industrial Park Branch 5,139.8639,36.4957,MFS59,INDUSTRIAL,medium
IS1171,Utsunomiya Industrial Park Branch 6,139.8719,36.5754,MFS59,INDUSTRIAL,medium
IS1172,Utsunomiya Industrial Park Branch 7,139.9055,36.5629,MFS59,INDUSTRIAL,medium
IS1173,Utsunomiya Industrial Park Branch 8,139.9192,36.5539,MFS59,INDUSTRIAL,medium
IS1174,Utsunomiya Industrial Park Branch 9,139.8605,36.5473,MFS59,INDUSTRIAL,medium
IS1175,Utsunomiya Industrial Park Branch 10,139.9281,36.5541,MFS59,INDUSTRIAL,medium
IS1176,Utsunomiya Industrial Park Branch 11,139.9192,36.5273,MFS59,INDUSTRIAL,medium
IS1177,Utsunomiya Industrial Park Branch 12,139.8511,36.5171,MFS59,INDUSTRIAL,medium
IS1178,Utsunomiya Industrial Park Branch 13,139.8462,36.5381,MFS59,INDUSTRIAL,medium
IS1179,Utsunomiya Industrial Park Branch 14,139.9095,36.5195,MFS59,INDUSTRIAL,medium
IS1180,Utsunomiya Industrial Park Branch 15,139.9131,36.4855,MFS59,INDUSTRIAL,medium
IS1181,Utsunomiya Industrial Park Branch 16,139.8555,36.5738,MFS59,INDUSTRIAL,medium
IS1182,Utsunomiya Industrial Park Branch 17,139.8788,36.5537,MFS59,INDUSTRIAL,medium
IS1183,Utsunomiya Industrial Park Branch 18,139.8375,36.5575,MFS59,INDUSTRIAL,medium
IS1184,Utsunomiya Industrial Park Branch 19,139.8044,36.5414,MFS59,INDUSTRIAL,medium
IS1185,Utsunomiya Industrial Park Branch 20,139.9163,36.5586,MFS59,INDUSTRIAL,medium
IS1186,Utsunomiya Industrial Park Branch 21,139.8717,36.5735,MFS59,INDUSTRIAL,medium
IS1187,Utsunomiya Industrial Park Branch 22,139.8784,36.5492,MFS59,INDUSTRIAL,medium
IS1188,Utsunomiya Industrial Park Branch 23,139.8949,36.5261,MFS59,INDUSTRIAL,medium
IS1189,Utsunomiya Industrial Park Branch 24,139.8902,36.5321,MFS59,INDUSTRIAL,medium
IS1190,Kisarazu Steel Processing Branch 1,139.9242,35.3942,MFS44,INDUSTRIAL,medium
IS1191,Kisarazu Steel Processing Branch 2,139.9242,35.3942,MFS44,INDUSTRIAL,medium
IS1192,Kisarazu Steel Processing Branch 3,139.9242,35.3942,MFS44,INDUSTRIAL,medium
IS1193,Kisarazu Steel Processing Branch 4,139.9242,35.3942,MFS44,INDUSTRIAL,medium
IS1194,Kisarazu Steel Processing Branch 5,139.9242,35.3942,MFS44,INDUSTRIAL,medium
IS1195,Kisarazu Steel Processing Branch 6,139.9242,35.3942,MFS44,INDUSTRIAL,medium
IS1196,Kisarazu Steel Processing Branch 7,139.9242,35.3942,MFS44,INDUSTRIAL,medium
IS1197,Kisarazu Steel Processing Branch 8,139.9242,35.3942,MFS44,INDUSTRIAL,medium
IS1198,Kisarazu Steel Processing Branch 9,139.9242,35.3942,MFS44,INDUSTRIAL,medium
IS1199,Kisarazu Steel Processing Branch 10,139.9242,35.3942,MFS44,INDUSTRIAL,medium
IS1200,Kisarazu Steel Processing Branch 11,139.9242,35.3942,MFS44,INDUSTRIAL,medium
IS1201,Kisarazu Steel Processing Branch 12,139.9242,35.3942,MFS44,INDUSTRIAL,medium
IS1202,Kisarazu Steel Processing Branch 13,139.9242,35.3942,MFS44,INDUSTRIAL,medium
IS1203,Kisarazu Steel Processing Branch 14,139.9242,35.3942,MFS44,INDUSTRIAL,medium
IS1204,Kisarazu Steel Processing Branch 15,139.9242,35.3942,MFS44,INDUSTRIAL,medium
IS1205,Kisarazu Steel Processing Branch 16,139.9242,35.3942,MFS44,INDUSTRIAL,medium
IS1206,Kisarazu Steel Processing Branch 17,139.9242,35.3942,MFS44,INDUSTRIAL,medium
IS1207,Kisarazu Steel Processing Branch 18,139.9242,35.3942,MFS44,INDUSTRIAL,medium
IS1208,Futtsu Industrial Park Branch 1,139.8550,35.3200,MFS44,INDUSTRIAL,medium
IS1209,Futtsu Industrial Park Branch 2,139.8550,35.3200,MFS44,INDUSTRIAL,medium
IS1210,Futtsu Industrial Park Branch 3,139.8550,35.3200,MFS44,INDUSTRIAL,medium
IS1211,Futtsu Industrial Park Branch 4,139.8550,35.3200,MFS44,INDUSTRIAL,medium
IS1212,Futtsu Industrial Park Branch 5,139.8550,35.3200,MFS44,INDUSTRIAL,medium
IS1213,Futtsu Industrial Park Branch 6,139.8550,35.3200,MFS44,INDUSTRIAL,medium
IS1214,Futtsu Industrial Park Branch 7,139.8550,35.3200,MFS44,INDUSTRIAL,medium
IS1215,Futtsu Industrial Park Branch 8,139.8550,35.3200,MFS44,INDUSTRIAL,medium
IS1216,Futtsu Industrial Park Branch 9,139.8550,35.3200,MFS44,INDUSTRIAL,medium
IS1217,Futtsu Industrial Park Branch 10,139.8550,35.3200,MFS44,INDUSTRIAL,medium
IS1218,Futtsu Industrial Park Branch 11,139.8550,35.3200,MFS44,INDUSTRIAL,medium
IS1219,Futtsu Industrial Park Branch 12,139.8550,35.3200,MFS44,INDUSTRIAL,medium
IS1220,Futtsu Industrial Park Branch 13,139.8550,35.3200,MFS44,INDUSTRIAL,medium
IS1221,Futtsu Industrial Park Branch 14,139.8550,35.3200,MFS44,INDUSTRIAL,medium
IS1222,Futtsu Industrial Park Branch 15,139.8550,35.3200,MFS44,INDUSTRIAL,medium
IS1223,Futtsu Industrial Park Branch 16,139.8550,35.3200,MFS44,INDUSTRIAL,medium
IS1224,Futtsu Industrial Park Branch 17,139.8550,35.3200,MFS44,INDUSTRIAL,medium
IS1225,Futtsu Industrial Park Branch 18,139.8550,35.3200,MFS44,INDUSTRIAL,medium
IS1226,Tsukuba Science City Manufacturing Branch 1,140.1065,36.0922,MFS50,INDUSTRIAL,medium
IS1227,Tsukuba Science City Manufacturing Branch 2,140.1007,36.0626,MFS50,INDUSTRIAL,medium
IS1228,Tsukuba Science City Manufacturing Branch 3,140.0810,36.0668,MFS50,INDUSTRIAL,medium
IS1229,Tsukuba Science City Manufacturing Branch 4,140.0958,36.0910,MFS50,INDUSTRIAL,medium
IS1230,Tsukuba Science City Manufacturing Branch 5,140.1128,36.0774,MFS50,INDUSTRIAL,medium
IS1231,Tsukuba Science City Manufacturing Branch 6,140.1066,36.0657,MFS50,INDUSTRIAL,medium
IS1232,Tsukuba Science City Manufacturing Branch 7,140.1059,36.0874,MFS50,INDUSTRIAL,medium
IS1233,Tsukuba Science City Manufacturing Branch 8,140.1098,36.0689,MFS50,INDUSTRIAL,medium
IS1234,Tsukuba Science City Manufacturing Branch 9,140.0845,36.0732,MFS50,INDUSTRIAL,medium
IS1235,Tsukuba Science City Manufacturing Branch 10,140.1097,36.0715,MFS50,INDUSTRIAL,medium
IS1236,Tsukuba Science City Manufacturing Branch 11,140.0937,36.0679,MFS50,INDUSTRIAL,medium
IS1237,Tsukuba Science City Manufacturing Branch 12,140.1235,36.0709,MFS50,INDUSTRIAL,medium
IS1238,Tsukuba Science City Manufacturing Branch 13,140.1031,36.0769,MFS50,INDUSTRIAL,medium
IS1239,Tsukuba Science City Manufacturing Branch 14,140.1255,36.0857,MFS50,INDUSTRIAL,medium
IS1240,Tsukuba Science City Manufacturing Branch 15,140.1354,36.0718,MFS50,INDUSTRIAL,medium
IS1241,Tsukuba Science City Manufacturing Branch 16,140.1271,36.0513,MFS50,INDUSTRIAL,medium
IS1242,Tsukuba Science City Manufacturing Branch 17,140.1003,36.0882,MFS50,INDUSTRIAL,medium
IS1243,Tsukuba Science City Manufacturing Branch 18,140.1074,36.0782,MFS50,INDUSTRIAL,medium
IS1244,Tsukuba High-Tech Industrial Park Branch 1,140.0973,36.0840,MFS50,INDUSTRIAL,medium
IS1245,Tsukuba High-Tech Industrial Park Branch 2,140.1156,36.0753,MFS50,INDUSTRIAL,medium
IS1246,Tsukuba High-Tech Industrial Park Branch 3,140.1250,36.0874,MFS50,INDUSTRIAL,medium
IS1247,Tsukuba High-Tech Industrial Park Branch 4,140.1561,36.0753,MFS50,INDUSTRIAL,medium
IS1248,Tsukuba High-Tech Industrial Park Branch 5,140.1112,36.0863,MFS50,INDUSTRIAL,medium
IS1249,Tsukuba High-Tech Industrial Park Branch 6,140.1123,36.1053,MFS50,INDUSTRIAL,medium
IS1250,Tsukuba High-Tech Industrial Park Branch 7,140.1307,36.0707,MFS50,INDUSTRIAL,medium
IS1251,Tsukuba High-Tech Industrial Park Branch 8,140.1244,36.0924,MFS50,INDUSTRIAL,medium
IS1252,Tsukuba High-Tech Industrial Park Branch 9,140.1004,36.0977,MFS50,INDUSTRIAL,medium
IS1253,Tsukuba High-Tech Industrial Park Branch 10,140.1426,36.0542,MFS50,INDUSTRIAL,medium
IS1254,Tsukuba High-Tech Industrial Park Branch 11,140.1104,36.0854,MFS50,INDUSTRIAL,medium
IS1255,Tsukuba High-Tech Industrial Park Branch 12,140.1250,36.0856,MFS50,INDUSTRIAL,medium
IS1256,Tsukuba High-Tech Industrial Park Branch 13,140.1179,36.0829,MFS50,INDUSTRIAL,medium
IS1257,Tsukuba High-Tech Industrial Park Branch 14,140.1170,36.0857,MFS50,INDUSTRIAL,medium
IS1258,Tsukuba High-Tech Industrial Park Branch 15,140.1041,36.0785,MFS50,INDUSTRIAL,medium
IS1259,Tsukuba High-Tech Industrial Park Branch 16,140.1455,36.0596,MFS50,INDUSTRIAL,medium
IS1260,Tsukuba High-Tech Industrial Park Branch 17,140.0935,36.0499,MFS50,INDUSTRIAL,medium
IS1261,Tsukuba High-Tech Industrial Park Branch 18,140.0985,36.0916,MFS50,INDUSTRIAL,medium
IS1262,CBD Tokyo Redevelopment Site A Branch 1,139.7589,35.6769,MFS01,CONSTRUCTION_SITE,medium
IS1263,CBD Tokyo Redevelopment Site A Branch 2,139.7526,35.7046,MFS01,CONSTRUCTION_SITE,medium
IS1264,CBD Tokyo Redevelopment Site A Branch 3,139.7762,35.6784,MFS01,CONSTRUCTION_SITE,medium
IS1265,CBD Tokyo Redevelopment Site A Branch 4,139.7709,35.6798,MFS01,CONSTRUCTION_SITE,medium
IS1266,CBD Tokyo Redevelopment Site A Branch 5,139.7771,35.6866,MFS01,CONSTRUCTION_SITE,medium
IS1267,CBD Tokyo Redevelopment Site A Branch 6,139.7633,35.6978,MFS01,CONSTRUCTION_SITE,medium
IS1268,CBD Tokyo Redevelopment Site A Branch 7,139.7649,35.6846,MFS01,CONSTRUCTION_SITE,medium
IS1269,CBD Tokyo Redevelopment Site A Branch 8,139.7588,35.6936,MFS01,CONSTRUCTION_SITE,medium
IS1270,CBD Tokyo Redevelopment Site A Branch 9,139.7757,35.6928,MFS01,CONSTRUCTION_SITE,medium
IS1271,CBD Tokyo Redevelopment Site A Branch 10,139.7616,35.6877,MFS01,CONSTRUCTION_SITE,medium
IS1272,Toranomon Construction Zone Branch 1,139.7481,35.6644,MFS01,CONSTRUCTION_SITE,high
IS1273,Toranomon Construction Zone Branch 2,139.7426,35.6616,MFS01,CONSTRUCTION_SITE,high
IS1274,Toranomon Construction Zone Branch 3,139.7526,35.6598,MFS01,CONSTRUCTION_SITE,high
IS1275,Toranomon Construction Zone Branch 4,139.7715,35.6705,MFS01,CONSTRUCTION_SITE,high
IS1276,Toranomon Construction Zone Branch 5,139.7441,35.6775,MFS01,CONSTRUCTION_SITE,high
IS1277,Toranomon Construction Zone Branch 6,139.7665,35.6737,MFS01,CONSTRUCTION_SITE,high
IS1278,Toranomon Construction Zone Branch 7,139.7459,35.6712,MFS01,CONSTRUCTION_SITE,high
IS1279,Toranomon Construction Zone Branch 8,139.7452,35.6586,MFS01,CONSTRUCTION_SITE,high
IS1280,Toranomon Construction Zone Branch 9,139.7680,35.6751,MFS01,CONSTRUCTION_SITE,high
IS1281,Toranomon Construction Zone Branch 10,139.7533,35.6627,MFS01,CONSTRUCTION_SITE,high
IS1282,Shibuya Station Redevelopment Branch 1,139.6973,35.6584,MFS01,CONSTRUCTION_SITE,high
IS1283,Shibuya Station Redevelopment Branch 2,139.6999,35.6657,MFS01,CONSTRUCTION_SITE,high
IS1284,Shibuya Station Redevelopment Branch 3,139.7001,35.6647,MFS01,CONSTRUCTION_SITE,high
IS1285,Shibuya Station Redevelopment Branch 4,139.7212,35.6529,MFS01,CONSTRUCTION_SITE,high
IS1286,Shibuya Station Redevelopment Branch 5,139.7112,35.6550,MFS01,CONSTRUCTION_SITE,high
IS1287,Shibuya Station Redevelopment Branch 6,139.6999,35.6612,MFS01,CONSTRUCTION_SITE,high
IS1288,Shibuya Station Redevelopment Branch 7,139.7001,35.6576,MFS01,CONSTRUCTION_SITE,high
IS1289,Shibuya Station Redevelopment Branch 8,139.6903,35.6487,MFS01,CONSTRUCTION_SITE,high
IS1290,Shibuya Station Redevelopment Branch 9,139.7010,35.6563,MFS01,CONSTRUCTION_SITE,high
IS1291,Shibuya Station Redevelopment Branch 10,139.6990,35.6513,MFS01,CONSTRUCTION_SITE,high
IS1292,Shinagawa Gateway Construction Branch 1,139.7391,35.6357,MFS02,CONSTRUCTION_SITE,high
IS1293,Shinagawa Gateway Construction Branch 2,139.7317,35.6205,MFS02,CONSTRUCTION_SITE,high
IS1294,Shinagawa Gateway Construction Branch 3,139.7252,35.6276,MFS02,CONSTRUCTION_SITE,high
IS1295,Shinagawa Gateway Construction Branch 4,139.7433,35.6256,MFS02,CONSTRUCTION_SITE,high
IS1296,Shinagawa Gateway Construction Branch 5,139.7380,35.6243,MFS02,CONSTRUCTION_SITE,high
IS1297,Shinagawa Gateway Construction Branch 6,139.7539,35.6292,MFS02,CONSTRUCTION_SITE,high
IS1298,Shinagawa Gateway Construction Branch 7,139.7250,35.6225,MFS02,CONSTRUCTION_SITE,high
IS1299,Shinagawa Gateway Construction Branch 8,139.7346,35.6293,MFS02,CONSTRUCTION_SITE,high
IS1300,Shinagawa Gateway Construction Branch 9,139.7414,35.6207,MFS02,CONSTRUCTION_SITE,high
IS1301,Shinagawa Gateway Construction Branch 10,139.7291,35.6246,MFS02,CONSTRUCTION_SITE,high
IS1302,Yokohama Minato Mirai Construction Branch 1,139.6286,35.4726,MFS11,CONSTRUCTION_SITE,medium
IS1303,Yokohama Minato Mirai Construction Branch 2,139.6177,35.4658,MFS11,CONSTRUCTION_SITE,medium
IS1304,Yokohama Minato Mirai Construction Branch 3,139.6127,35.4685,MFS11,CONSTRUCTION_SITE,medium
IS1305,Yokohama Minato Mirai Construction Branch 4,139.6209,35.4701,MFS11,CONSTRUCTION_SITE,medium
IS1306,Yokohama Minato Mirai Construction Branch 5,139.6189,35.4682,MFS11,CONSTRUCTION_SITE,medium
IS1307,Yokohama Minato Mirai Construction Branch 6,139.6175,35.4708,MFS11,CONSTRUCTION_SITE,medium
IS1308,Yokohama Minato Mirai Construction Branch 7,139.6255,35.4595,MFS11,CONSTRUCTION_SITE,medium
IS1309,Yokohama Minato Mirai Construction Branch 8,139.6339,35.4634,MFS11,CONSTRUCTION_SITE,medium
IS1310,Yokohama Minato Mirai Construction Branch 9,139.6290,35.4711,MFS11,CONSTRUCTION_SITE,medium
IS1311,Yokohama Minato Mirai Construction Branch 10,139.6317,35.4591,MFS11,CONSTRUCTION_SITE,medium
IS1312,Kawasaki Station Redevelopment Branch 1,139.6989,35.5334,MFS16,CONSTRUCTION_SITE,medium
IS1313,Kawasaki Station Redevelopment Branch 2,139.7039,35.5341,MFS16,CONSTRUCTION_SITE,medium
IS1314,Kawasaki Station Redevelopment Branch 3,139.6962,35.5419,MFS16,CONSTRUCTION_SITE,medium
IS1315,Kawasaki Station Redevelopment Branch 4,139.6937,35.5364,MFS16,CONSTRUCTION_SITE,medium
IS1316,Kawasaki Station Redevelopment Branch 5,139.6945,35.5415,MFS16,CONSTRUCTION_SITE,medium
IS1317,Kawasaki Station Redevelopment Branch 6,139.6908,35.5395,MFS16,CONSTRUCTION_SITE,medium
IS1318,Kawasaki Station Redevelopment Branch 7,139.6826,35.5177,MFS16,CONSTRUCTION_SITE,medium
IS1319,Kawasaki Station Redevelopment Branch 8,139.6950,35.5395,MFS16,CONSTRUCTION_SITE,medium
IS1320,Kawasaki Station Redevelopment Branch 9,139.6961,35.5354,MFS16,CONSTRUCTION_SITE,medium
IS1321,Kawasaki Station Redevelopment Branch 10,139.6946,35.5256,MFS16,CONSTRUCTION_SITE,medium
IS1322,Toyosu Market Expansion Site Branch 1,139.7792,35.6545,MFS04,CONSTRUCTION_SITE,medium
IS1323,Toyosu Market Expansion Site Branch 2,139.7761,35.6528,MFS04,CONSTRUCTION_SITE,medium
IS1324,Toyosu Market Expansion Site Branch 3,139.7814,35.6513,MFS04,CONSTRUCTION_SITE,medium
IS1325,Toyosu Market Expansion Site Branch 4,139.7748,35.6522,MFS04,CONSTRUCTION_SITE,medium
IS1326,Toyosu Market Expansion Site Branch 5,139.7862,35.6428,MFS04,CONSTRUCTION_SITE,medium
IS1327,Toyosu Market Expansion Site Branch 6,139.7720,35.6573,MFS04,CONSTRUCTION_SITE,medium
IS1328,Toyosu Market Expansion Site Branch 7,139.7834,35.6578,MFS04,CONSTRUCTION_SITE,medium
IS1329,Toyosu Market Expansion Site Branch 8,139.7890,35.6462,MFS04,CONSTRUCTION_SITE,medium
IS1330,Toyosu Market Expansion Site Branch 9,139.7784,35.6661,MFS04,CONSTRUCTION_SITE,medium
IS1331,Toyosu Market Expansion Site Branch 10,139.7798,35.6523,MFS04,CONSTRUCTION_SITE,medium
IS1332,Saitama New Urban Center Build Branch 1,139.6256,35.8513,MFS27,CONSTRUCTION_SITE,medium
IS1333,Saitama New Urban Center Build Branch 2,139.6387,35.8562,MFS27,CONSTRUCTION_SITE,medium
IS1334,Saitama New Urban Center Build Branch 3,139.6383,35.8624,MFS27,CONSTRUCTION_SITE,medium
IS1335,Saitama New Urban Center Build Branch 4,139.6381,35.8496,MFS27,CONSTRUCTION_SITE,medium
IS1336,Saitama New Urban Center Build Branch 5,139.6211,35.8655,MFS27,CONSTRUCTION_SITE,medium
IS1337,Saitama New Urban Center Build Branch 6,139.6116,35.8620,MFS27,CONSTRUCTION_SITE,medium
IS1338,Saitama New Urban Center Build Branch 7,139.6309,35.8601,MFS27,CONSTRUCTION_SITE,medium
IS1339,Saitama New Urban Center Build Branch 8,139.6290,35.8677,MFS27,CONSTRUCTION_SITE,medium
IS1340,Saitama New Urban Center Build Branch 9,139.6407,35.8581,MFS27,CONSTRUCTION_SITE,medium
IS1341,Saitama New Urban Center Build Branch 10,139.6277,35.8615,MFS27,CONSTRUCTION_SITE,medium
IS1342,Chiba Makuhari Development Branch 1,140.0450,35.6531,MFS39,CONSTRUCTION_SITE,medium
IS1343,Chiba Makuhari Development Branch 2,140.0358,35.6417,MFS39,CONSTRUCTION_SITE,medium
IS1344,Chiba Makuhari Development Branch 3,140.0392,35.6553,MFS39,CONSTRUCTION_SITE,medium
IS1345,Chiba Makuhari Development Branch 4,140.0369,35.6575,MFS39,CONSTRUCTION_SITE,medium
IS1346,Chiba Makuhari Development Branch 5,140.0331,35.6534,MFS39,CONSTRUCTION_SITE,medium
IS1347,Chiba Makuhari Development Branch 6,140.0390,35.6392,MFS39,CONSTRUCTION_SITE,medium
IS1348,Chiba Makuhari Development Branch 7,140.0334,35.6515,MFS39,CONSTRUCTION_SITE,medium
IS1349,Chiba Makuhari Development Branch 8,140.0386,35.6416,MFS39,CONSTRUCTION_SITE,medium
IS1350,Chiba Makuhari Development Branch 9,140.0463,35.6520,MFS39,CONSTRUCTION_SITE,medium
IS1351,Chiba Makuhari Development Branch 10,140.0497,35.6547,MFS39,CONSTRUCTION_SITE,medium
IS1352,Shizuoka Industrial Park Branch 1,138.3762,34.9614,MFS70,INDUSTRIAL,medium
IS1353,Shizuoka Industrial Park Branch 2,138.4391,34.9942,MFS70,INDUSTRIAL,medium
IS1354,Shizuoka Industrial Park Branch 3,138.3847,34.9694,MFS70,INDUSTRIAL,medium
IS1355,Shizuoka Industrial Park Branch 4,138.4143,34.9987,MFS70,INDUSTRIAL,medium
IS1356,Shizuoka Industrial Park Branch 5,138.3775,34.9757,MFS70,INDUSTRIAL,medium
IS1357,Shizuoka Industrial Park Branch 6,138.4336,34.9561,MFS70,INDUSTRIAL,medium
IS1358,Shizuoka Industrial Park Branch 7,138.3650,34.9728,MFS70,INDUSTRIAL,medium
IS1359,Shizuoka Industrial Park Branch 8,138.3640,34.9756,MFS70,INDUSTRIAL,medium
IS1360,Shizuoka Industrial Park Branch 9,138.4013,34.9641,MFS70,INDUSTRIAL,medium
IS1361,Shizuoka Industrial Park Branch 10,138.4343,35.0065,MFS70,INDUSTRIAL,medium
IS1362,Shizuoka Industrial Park Branch 11,138.3858,34.9653,MFS70,INDUSTRIAL,medium
IS1363,Shizuoka Industrial Park Branch 12,138.3898,34.9499,MFS70,INDUSTRIAL,medium
IS1364,Shizuoka Industrial Park Branch 13,138.3726,35.0075,MFS70,INDUSTRIAL,medium
IS1365,Shizuoka Industrial Park Branch 14,138.3313,34.9863,MFS70,INDUSTRIAL,medium
IS1366,Shizuoka Industrial Park Branch 15,138.3863,34.9904,MFS70,INDUSTRIAL,medium
IS1367,Shizuoka Industrial Park Branch 16,138.4002,34.9566,MFS70,INDUSTRIAL,medium
IS1368,Shizuoka Industrial Park Branch 17,138.3783,34.9753,MFS70,INDUSTRIAL,medium
IS1369,Shizuoka Industrial Park Branch 18,138.4296,35.0116,MFS70,INDUSTRIAL,medium
IS1370,Shizuoka Industrial Park Branch 19,138.4229,34.9832,MFS70,INDUSTRIAL,medium
IS1371,Shizuoka Industrial Park Branch 20,138.3864,34.9955,MFS70,INDUSTRIAL,medium
IS1372,Shizuoka Industrial Park Branch 21,138.3890,34.9732,MFS70,INDUSTRIAL,medium
IS1373,Shizuoka Industrial Park Branch 22,138.3790,34.9821,MFS70,INDUSTRIAL,medium
IS1374,Shizuoka Industrial Park Branch 23,138.3719,34.9859,MFS70,INDUSTRIAL,medium
IS1375,Shizuoka Industrial Park Branch 24,138.3824,34.9869,MFS70,INDUSTRIAL,medium
IS1376,Shizuoka Industrial Park Branch 25,138.3996,34.9642,MFS70,INDUSTRIAL,medium
IS1377,Shizuoka Industrial Park Branch 26,138.3983,34.9497,MFS70,INDUSTRIAL,medium
IS1378,Shizuoka Industrial Park Branch 27,138.3673,34.9978,MFS70,INDUSTRIAL,medium
IS1379,Shizuoka Industrial Park Branch 28,138.4021,34.9902,MFS70,INDUSTRIAL,medium
IS1380,Shizuoka Industrial Park Branch 29,138.4200,34.9809,MFS70,INDUSTRIAL,medium
IS1381,Shizuoka Industrial Park Branch 30,138.4000,34.9543,MFS70,INDUSTRIAL,medium
IS1382,Suzuki Motor Shizuoka Plant Branch 1,138.3765,34.9256,MFS70,INDUSTRIAL,high
IS1383,Suzuki Motor Shizuoka Plant Branch 2,138.3675,34.9882,MFS70,INDUSTRIAL,high
IS1384,Suzuki Motor Shizuoka Plant Branch 3,138.3819,34.9749,MFS70,INDUSTRIAL,high
IS1385,Suzuki Motor Shizuoka Plant Branch 4,138.4030,34.9966,MFS70,INDUSTRIAL,high
IS1386,Suzuki Motor Shizuoka Plant Branch 5,138.3950,34.9890,MFS70,INDUSTRIAL,high
IS1387,Suzuki Motor Shizuoka Plant Branch 6,138.4057,34.9619,MFS70,INDUSTRIAL,high
IS1388,Suzuki Motor Shizuoka Plant Branch 7,138.3751,34.9648,MFS70,INDUSTRIAL,high
IS1389,Suzuki Motor Shizuoka Plant Branch 8,138.4388,35.0063,MFS70,INDUSTRIAL,high
IS1390,Suzuki Motor Shizuoka Plant Branch 9,138.3616,34.9555,MFS70,INDUSTRIAL,high
IS1391,Suzuki Motor Shizuoka Plant Branch 10,138.4333,34.9755,MFS70,INDUSTRIAL,high
IS1392,Suzuki Motor Shizuoka Plant Branch 11,138.4189,34.9909,MFS70,INDUSTRIAL,high
IS1393,Suzuki Motor Shizuoka Plant Branch 12,138.3682,34.9743,MFS70,INDUSTRIAL,high
IS1394,Suzuki Motor Shizuoka Plant Branch 13,138.3689,34.9890,MFS70,INDUSTRIAL,high
IS1395,Suzuki Motor Shizuoka Plant Branch 14,138.3677,34.9862,MFS70,INDUSTRIAL,high
IS1396,Suzuki Motor Shizuoka Plant Branch 15,138.3722,34.9850,MFS70,INDUSTRIAL,high
IS1397,Suzuki Motor Shizuoka Plant Branch 16,138.3796,34.9882,MFS70,INDUSTRIAL,high
IS1398,Suzuki Motor Shizuoka Plant Branch 17,138.4086,34.9521,MFS70,INDUSTRIAL,high
IS1399,Suzuki Motor Shizuoka Plant Branch 18,138.3651,34.9723,MFS70,INDUSTRIAL,high
IS1400,Suzuki Motor Shizuoka Plant Branch 19,138.3808,35.0069,MFS70,INDUSTRIAL,high
IS1401,Suzuki Motor Shizuoka Plant Branch 20,138.3699,34.9958,MFS70,INDUSTRIAL,high
IS1402,Suzuki Motor Shizuoka Plant Branch 21,138.4017,34.9372,MFS70,INDUSTRIAL,high
IS1403,Suzuki Motor Shizuoka Plant Branch 22,138.3682,34.9672,MFS70,INDUSTRIAL,high
IS1404,Suzuki Motor Shizuoka Plant Branch 23,138.3718,34.9623,MFS70,INDUSTRIAL,high
IS1405,Suzuki Motor Shizuoka Plant Branch 24,138.4160,35.0115,MFS70,INDUSTRIAL,high
IS1406,Suzuki Motor Shizuoka Plant Branch 25,138.3896,34.9881,MFS70,INDUSTRIAL,high
IS1407,Suzuki Motor Shizuoka Plant Branch 26,138.4334,35.0077,MFS70,INDUSTRIAL,high
IS1408,Suzuki Motor Shizuoka Plant Branch 27,138.3539,34.9857,MFS70,INDUSTRIAL,high
IS1409,Suzuki Motor Shizuoka Plant Branch 28,138.3798,34.9705,MFS70,INDUSTRIAL,high
IS1410,Suzuki Motor Shizuoka Plant Branch 29,138.4211,34.9641,MFS70,INDUSTRIAL,high
IS1411,Suzuki Motor Shizuoka Plant Branch 30,138.3895,35.0085,MFS70,INDUSTRIAL,high
IS1412,Yamaha Motor Iwata Works Branch 1,137.8700,34.7200,MFS70,INDUSTRIAL,medium
IS1413,Yamaha Motor Iwata Works Branch 2,137.8700,34.7200,MFS70,INDUSTRIAL,medium
IS1414,Yamaha Motor Iwata Works Branch 3,137.8700,34.7200,MFS70,INDUSTRIAL,medium
IS1415,Yamaha Motor Iwata Works Branch 4,137.8700,34.7200,MFS70,INDUSTRIAL,medium
IS1416,Yamaha Motor Iwata Works Branch 5,137.8700,34.7200,MFS70,INDUSTRIAL,medium
IS1417,Yamaha Motor Iwata Works Branch 6,137.8700,34.7200,MFS70,INDUSTRIAL,medium
IS1418,Yamaha Motor Iwata Works Branch 7,137.8700,34.7200,MFS70,INDUSTRIAL,medium
IS1419,Yamaha Motor Iwata Works Branch 8,137.8700,34.7200,MFS70,INDUSTRIAL,medium
IS1420,Yamaha Motor Iwata Works Branch 9,137.8700,34.7200,MFS70,INDUSTRIAL,medium
IS1421,Yamaha Motor Iwata Works Branch 10,137.8700,34.7200,MFS70,INDUSTRIAL,medium
IS1422,Yamaha Motor Iwata Works Branch 11,137.8700,34.7200,MFS70,INDUSTRIAL,medium
IS1423,Yamaha Motor Iwata Works Branch 12,137.8700,34.7200,MFS70,INDUSTRIAL,medium
IS1424,Yamaha Motor Iwata Works Branch 13,137.8700,34.7200,MFS70,INDUSTRIAL,medium
IS1425,Yamaha Motor Iwata Works Branch 14,137.8700,34.7200,MFS70,INDUSTRIAL,medium
IS1426,Yamaha Motor Iwata Works Branch 15,137.8700,34.7200,MFS70,INDUSTRIAL,medium
IS1427,Yamaha Motor Iwata Works Branch 16,137.8700,34.7200,MFS70,INDUSTRIAL,medium
IS1428,Yamaha Motor Iwata Works Branch 17,137.8700,34.7200,MFS70,INDUSTRIAL,medium
IS1429,Yamaha Motor Iwata Works Branch 18,137.8700,34.7200,MFS70,INDUSTRIAL,medium
IS1430,Yamaha Motor Iwata Works Branch 19,137.8700,34.7200,MFS70,INDUSTRIAL,medium
IS1431,Yamaha Motor Iwata Works Branch 20,137.8700,34.7200,MFS70,INDUSTRIAL,medium
IS1432,Yamaha Motor Iwata Works Branch 21,137.8700,34.7200,MFS70,INDUSTRIAL,medium
IS1433,Yamaha Motor Iwata Works Branch 22,137.8700,34.7200,MFS70,INDUSTRIAL,medium
IS1434,Yamaha Motor Iwata Works Branch 23,137.8700,34.7200,MFS70,INDUSTRIAL,medium
IS1435,Yamaha Motor Iwata Works Branch 24,137.8700,34.7200,MFS70,INDUSTRIAL,medium
IS1436,Yamaha Motor Iwata Works Branch 25,137.8700,34.7200,MFS70,INDUSTRIAL,medium
IS1437,Yamaha Motor Iwata Works Branch 26,137.8700,34.7200,MFS70,INDUSTRIAL,medium
IS1438,Yamaha Motor Iwata Works Branch 27,137.8700,34.7200,MFS70,INDUSTRIAL,medium
IS1439,Yamaha Motor Iwata Works Branch 28,137.8700,34.7200,MFS70,INDUSTRIAL,medium
IS1440,Yamaha Motor Iwata Works Branch 29,137.8700,34.7200,MFS70,INDUSTRIAL,medium
IS1441,Yamaha Motor Iwata Works Branch 30,137.8700,34.7200,MFS70,INDUSTRIAL,medium
IS1442,Toyota Supplier Park Chubu Branch 1,136.8756,35.1234,MFS71,INDUSTRIAL,high
IS1443,Toyota Supplier Park Chubu Branch 2,136.9006,35.1190,MFS71,INDUSTRIAL,high
IS1444,Toyota Supplier Park Chubu Branch 3,136.9227,35.0845,MFS71,INDUSTRIAL,high
IS1445,Toyota Supplier Park Chubu Branch 4,136.8555,35.0810,MFS71,INDUSTRIAL,high
IS1446,Toyota Supplier Park Chubu Branch 5,136.8317,35.1257,MFS71,INDUSTRIAL,high
IS1447,Toyota Supplier Park Chubu Branch 6,136.8937,35.0907,MFS71,INDUSTRIAL,high
IS1448,Toyota Supplier Park Chubu Branch 7,136.8892,35.1016,MFS71,INDUSTRIAL,high
IS1449,Toyota Supplier Park Chubu Branch 8,136.8693,34.9999,MFS71,INDUSTRIAL,high
IS1450,Toyota Supplier Park Chubu Branch 9,136.8898,35.1202,MFS71,INDUSTRIAL,high
IS1451,Toyota Supplier Park Chubu Branch 10,136.9010,35.0811,MFS71,INDUSTRIAL,high
IS1452,Toyota Supplier Park Chubu Branch 11,136.9095,35.0864,MFS71,INDUSTRIAL,high
IS1453,Toyota Supplier Park Chubu Branch 12,136.9198,35.0953,MFS71,INDUSTRIAL,high
IS1454,Toyota Supplier Park Chubu Branch 13,136.9436,35.1278,MFS71,INDUSTRIAL,high
IS1455,Toyota Supplier Park Chubu Branch 14,136.9006,35.0758,MFS71,INDUSTRIAL,high
IS1456,Toyota Supplier Park Chubu Branch 15,136.8969,35.0738,MFS71,INDUSTRIAL,high
IS1457,Toyota Supplier Park Chubu Branch 16,136.8605,35.0879,MFS71,INDUSTRIAL,high
IS1458,Toyota Supplier Park Chubu Branch 17,136.8558,35.1306,MFS71,INDUSTRIAL,high
IS1459,Toyota Supplier Park Chubu Branch 18,136.8638,35.1033,MFS71,INDUSTRIAL,high
IS1460,Toyota Supplier Park Chubu Branch 19,136.8648,35.0803,MFS71,INDUSTRIAL,high
IS1461,Toyota Supplier Park Chubu Branch 20,136.8715,35.1398,MFS71,INDUSTRIAL,high
IS1462,Toyota Supplier Park Chubu Branch 21,136.9238,35.0864,MFS71,INDUSTRIAL,high
IS1463,Toyota Supplier Park Chubu Branch 22,136.8512,35.0530,MFS71,INDUSTRIAL,high
IS1464,Toyota Supplier Park Chubu Branch 23,136.8801,35.0188,MFS71,INDUSTRIAL,high
IS1465,Toyota Supplier Park Chubu Branch 24,136.8924,35.0482,MFS71,INDUSTRIAL,high
IS1466,Toyota Supplier Park Chubu Branch 25,136.9191,35.1098,MFS71,INDUSTRIAL,high
IS1467,Toyota Supplier Park Chubu Branch 26,136.9203,35.0522,MFS71,INDUSTRIAL,high
IS1468,Toyota Supplier Park Chubu Branch 27,136.8938,35.0825,MFS71,INDUSTRIAL,high
IS1469,Toyota Supplier Park Chubu Branch 28,136.8941,35.1237,MFS71,INDUSTRIAL,high
IS1470,Toyota Supplier Park Chubu Branch 29,136.9060,35.0734,MFS71,INDUSTRIAL,high
IS1471,Toyota Supplier Park Chubu Branch 30,136.8989,35.0741,MFS71,INDUSTRIAL,high
IS1472,Nagoya Port Industrial Zone Branch 1,136.9057,35.0191,MFS71,INDUSTRIAL,high
IS1473,Nagoya Port Industrial Zone Branch 2,136.8607,35.1005,MFS71,INDUSTRIAL,high
IS1474,Nagoya Port Industrial Zone Branch 3,136.8904,35.0596,MFS71,INDUSTRIAL,high
IS1475,Nagoya Port Industrial Zone Branch 4,136.8193,35.0351,MFS71,INDUSTRIAL,high
IS1476,Nagoya Port Industrial Zone Branch 5,136.9392,35.0138,MFS71,INDUSTRIAL,high
IS1477,Nagoya Port Industrial Zone Branch 6,136.9113,35.0126,MFS71,INDUSTRIAL,high
IS1478,Nagoya Port Industrial Zone Branch 7,136.8541,35.0568,MFS71,INDUSTRIAL,high
IS1479,Nagoya Port Industrial Zone Branch 8,136.8983,35.0879,MFS71,INDUSTRIAL,high
IS1480,Nagoya Port Industrial Zone Branch 9,136.8903,35.0527,MFS71,INDUSTRIAL,high
IS1481,Nagoya Port Industrial Zone Branch 10,136.8671,35.0538,MFS71,INDUSTRIAL,high
IS1482,Nagoya Port Industrial Zone Branch 11,136.8617,35.0293,MFS71,INDUSTRIAL,high
IS1483,Nagoya Port Industrial Zone Branch 12,136.8899,35.0969,MFS71,INDUSTRIAL,high
IS1484,Nagoya Port Industrial Zone Branch 13,136.8892,35.0943,MFS71,INDUSTRIAL,high
IS1485,Nagoya Port Industrial Zone Branch 14,136.8433,35.0467,MFS71,INDUSTRIAL,high
IS1486,Nagoya Port Industrial Zone Branch 15,136.8906,35.0983,MFS71,INDUSTRIAL,high
IS1487,Nagoya Port Industrial Zone Branch 16,136.8812,35.0349,MFS71,INDUSTRIAL,high
IS1488,Nagoya Port Industrial Zone Branch 17,136.8698,35.0059,MFS71,INDUSTRIAL,high
IS1489,Nagoya Port Industrial Zone Branch 18,136.9003,35.0851,MFS71,INDUSTRIAL,high
IS1490,Nagoya Port Industrial Zone Branch 19,136.9094,35.0512,MFS71,INDUSTRIAL,high
IS1491,Nagoya Port Industrial Zone Branch 20,136.8201,35.0366,MFS71,INDUSTRIAL,high
IS1492,Nagoya Port Industrial Zone Branch 21,136.8938,35.0663,MFS71,INDUSTRIAL,high
IS1493,Nagoya Port Industrial Zone Branch 22,136.8115,35.0933,MFS71,INDUSTRIAL,high
IS1494,Nagoya Port Industrial Zone Branch 23,136.8925,35.0547,MFS71,INDUSTRIAL,high
IS1495,Nagoya Port Industrial Zone Branch 24,136.9686,35.0378,MFS71,INDUSTRIAL,high
IS1496,Nagoya Port Industrial Zone Branch 25,136.9299,35.0852,MFS71,INDUSTRIAL,high
IS1497,Nagoya Port Industrial Zone Branch 26,136.8238,35.0517,MFS71,INDUSTRIAL,high
IS1498,Nagoya Port Industrial Zone Branch 27,136.9156,34.9855,MFS71,INDUSTRIAL,high
IS1499,Nagoya Port Industrial Zone Branch 28,136.8681,35.0563,MFS71,INDUSTRIAL,high
IS1500,Nagoya Port Industrial Zone Branch 29,136.9099,35.0234,MFS71,INDUSTRIAL,high
IS1501,Nagoya Port Industrial Zone Branch 30,136.8970,35.0714,MFS71,INDUSTRIAL,high
IS1502,Saitama Precision Manufacturing Branch 1,139.5985,35.8666,MFS27,INDUSTRIAL,medium
IS1503,Saitama Precision Manufacturing Branch 2,139.5910,35.8759,MFS27,INDUSTRIAL,medium
IS1504,Saitama Precision Manufacturing Branch 3,139.6097,35.8751,MFS27,INDUSTRIAL,medium
IS1505,Saitama Precision Manufacturing Branch 4,139.5979,35.8855,MFS27,INDUSTRIAL,medium
IS1506,Saitama Precision Manufacturing Branch 5,139.6074,35.8740,MFS27,INDUSTRIAL,medium
IS1507,Saitama Precision Manufacturing Branch 6,139.6058,35.8935,MFS27,INDUSTRIAL,medium
IS1508,Saitama Precision Manufacturing Branch 7,139.5986,35.8791,MFS27,INDUSTRIAL,medium
IS1509,Saitama Precision Manufacturing Branch 8,139.6045,35.8837,MFS27,INDUSTRIAL,medium
IS1510,Saitama Precision Manufacturing Branch 9,139.6105,35.8826,MFS27,INDUSTRIAL,medium
IS1511,Saitama Precision Manufacturing Branch 10,139.5941,35.8835,MFS27,INDUSTRIAL,medium
IS1512,Koshigaya Industrial Park Branch 1,139.7819,35.8905,MFS27,INDUSTRIAL,medium
IS1513,Koshigaya Industrial Park Branch 2,139.7786,35.8752,MFS27,INDUSTRIAL,medium
IS1514,Koshigaya Industrial Park Branch 3,139.7905,35.8848,MFS27,INDUSTRIAL,medium
IS1515,Koshigaya Industrial Park Branch 4,139.7827,35.8876,MFS27,INDUSTRIAL,medium
IS1516,Koshigaya Industrial Park Branch 5,139.7911,35.8794,MFS27,INDUSTRIAL,medium
IS1517,Koshigaya Industrial Park Branch 6,139.7836,35.8696,MFS27,INDUSTRIAL,medium
IS1518,Koshigaya Industrial Park Branch 7,139.7768,35.8721,MFS27,INDUSTRIAL,medium
IS1519,Koshigaya Industrial Park Branch 8,139.7830,35.8790,MFS27,INDUSTRIAL,medium
IS1520,Koshigaya Industrial Park Branch 9,139.7917,35.8842,MFS27,INDUSTRIAL,medium
IS1521,Koshigaya Industrial Park Branch 10,139.7763,35.8762,MFS27,INDUSTRIAL,medium
IS1522,Kasukabe Electronics Zone Branch 1,139.7388,35.9660,MFS30,INDUSTRIAL,medium
IS1523,Kasukabe Electronics Zone Branch 2,139.7442,35.9677,MFS30,INDUSTRIAL,medium
IS1524,Kasukabe Electronics Zone Branch 3,139.7308,35.9540,MFS30,INDUSTRIAL,medium
IS1525,Kasukabe Electronics Zone Branch 4,139.7399,35.9656,MFS30,INDUSTRIAL,medium
IS1526,Kasukabe Electronics Zone Branch 5,139.7490,35.9663,MFS30,INDUSTRIAL,medium
IS1527,Kasukabe Electronics Zone Branch 6,139.7446,35.9651,MFS30,INDUSTRIAL,medium
IS1528,Kasukabe Electronics Zone Branch 7,139.7229,35.9640,MFS30,INDUSTRIAL,medium
IS1529,Kasukabe Electronics Zone Branch 8,139.7427,35.9732,MFS30,INDUSTRIAL,medium
IS1530,Kasukabe Electronics Zone Branch 9,139.7451,35.9613,MFS30,INDUSTRIAL,medium
IS1531,Kasukabe Electronics Zone Branch 10,139.7326,35.9682,MFS30,INDUSTRIAL,medium
IS1532,Ageo Manufacturing District Branch 1,139.5716,35.9598,MFS30,INDUSTRIAL,low
IS1533,Ageo Manufacturing District Branch 2,139.5721,35.9726,MFS30,INDUSTRIAL,low
IS1534,Ageo Manufacturing District Branch 3,139.5732,35.9721,MFS30,INDUSTRIAL,low
IS1535,Ageo Manufacturing District Branch 4,139.5939,35.9700,MFS30,INDUSTRIAL,low
IS1536,Ageo Manufacturing District Branch 5,139.5849,35.9808,MFS30,INDUSTRIAL,low
IS1537,Ageo Manufacturing District Branch 6,139.5626,35.9715,MFS30,INDUSTRIAL,low
IS1538,Ageo Manufacturing District Branch 7,139.5690,35.9588,MFS30,INDUSTRIAL,low
IS1539,Ageo Manufacturing District Branch 8,139.5779,35.9716,MFS30,INDUSTRIAL,low
IS1540,Ageo Manufacturing District Branch 9,139.5830,35.9835,MFS30,INDUSTRIAL,low
IS1541,Ageo Manufacturing District Branch 10,139.5870,35.9932,MFS30,INDUSTRIAL,low
IS1542,Sayama Automotive Parts Branch 1,139.4146,35.8518,MFS29,INDUSTRIAL,medium
IS1543,Sayama Automotive Parts Branch 2,139.4099,35.8557,MFS29,INDUSTRIAL,medium
IS1544,Sayama Automotive Parts Branch 3,139.4236,35.8496,MFS29,INDUSTRIAL,medium
IS1545,Sayama Automotive Parts Branch 4,139.4171,35.8541,MFS29,INDUSTRIAL,medium
IS1546,Sayama Automotive Parts Branch 5,139.4118,35.8595,MFS29,INDUSTRIAL,medium
IS1547,Sayama Automotive Parts Branch 6,139.3984,35.8542,MFS29,INDUSTRIAL,medium
IS1548,Sayama Automotive Parts Branch 7,139.4040,35.8436,MFS29,INDUSTRIAL,medium
IS1549,Sayama Automotive Parts Branch 8,139.4169,35.8590,MFS29,INDUSTRIAL,medium
IS1550,Sayama Automotive Parts Branch 9,139.4052,35.8441,MFS29,INDUSTRIAL,medium
IS1551,Sayama Automotive Parts Branch 10,139.4070,35.8492,MFS29,INDUSTRIAL,medium
IS1552,Iruma Precision Works Branch 1,139.3800,35.8300,MFS09,INDUSTRIAL,low
IS1553,Iruma Precision Works Branch 2,139.3800,35.8300,MFS09,INDUSTRIAL,low
IS1554,Iruma Precision Works Branch 3,139.3800,35.8300,MFS09,INDUSTRIAL,low
IS1555,Iruma Precision Works Branch 4,139.3800,35.8300,MFS09,INDUSTRIAL,low
IS1556,Iruma Precision Works Branch 5,139.3800,35.8300,MFS09,INDUSTRIAL,low
IS1557,Iruma Precision Works Branch 6,139.3800,35.8300,MFS09,INDUSTRIAL,low
IS1558,Iruma Precision Works Branch 7,139.3800,35.8300,MFS09,INDUSTRIAL,low
IS1559,Iruma Precision Works Branch 8,139.3800,35.8300,MFS09,INDUSTRIAL,low
IS1560,Iruma Precision Works Branch 9,139.3800,35.8300,MFS09,INDUSTRIAL,low
IS1561,Iruma Precision Works Branch 10,139.3800,35.8300,MFS09,INDUSTRIAL,low
IS1562,Iruma Precision Works Branch 11,139.3800,35.8300,MFS09,INDUSTRIAL,low
IS1563,Iruma Precision Works Branch 12,139.3800,35.8300,MFS09,INDUSTRIAL,low
IS1564,Iruma Precision Works Branch 13,139.3800,35.8300,MFS09,INDUSTRIAL,low
IS1565,Iruma Precision Works Branch 14,139.3800,35.8300,MFS09,INDUSTRIAL,low
IS1566,Iruma Precision Works Branch 15,139.3800,35.8300,MFS09,INDUSTRIAL,low
IS1567,Iruma Precision Works Branch 16,139.3800,35.8300,MFS09,INDUSTRIAL,low
IS1568,Iruma Precision Works Branch 17,139.3800,35.8300,MFS09,INDUSTRIAL,low
IS1569,Iruma Precision Works Branch 18,139.3800,35.8300,MFS09,INDUSTRIAL,low
IS1570,Tokorozawa Tech Park Branch 1,139.4600,35.7900,MFS09,INDUSTRIAL,medium
IS1571,Tokorozawa Tech Park Branch 2,139.4600,35.7900,MFS09,INDUSTRIAL,medium
IS1572,Tokorozawa Tech Park Branch 3,139.4600,35.7900,MFS09,INDUSTRIAL,medium
IS1573,Tokorozawa Tech Park Branch 4,139.4600,35.7900,MFS09,INDUSTRIAL,medium
IS1574,Tokorozawa Tech Park Branch 5,139.4600,35.7900,MFS09,INDUSTRIAL,medium
IS1575,Tokorozawa Tech Park Branch 6,139.4600,35.7900,MFS09,INDUSTRIAL,medium
IS1576,Tokorozawa Tech Park Branch 7,139.4600,35.7900,MFS09,INDUSTRIAL,medium
IS1577,Tokorozawa Tech Park Branch 8,139.4600,35.7900,MFS09,INDUSTRIAL,medium
IS1578,Tokorozawa Tech Park Branch 9,139.4600,35.7900,MFS09,INDUSTRIAL,medium
IS1579,Tokorozawa Tech Park Branch 10,139.4600,35.7900,MFS09,INDUSTRIAL,medium
IS1580,Tokorozawa Tech Park Branch 11,139.4600,35.7900,MFS09,INDUSTRIAL,medium
IS1581,Tokorozawa Tech Park Branch 12,139.4600,35.7900,MFS09,INDUSTRIAL,medium
IS1582,Tokorozawa Tech Park Branch 13,139.4600,35.7900,MFS09,INDUSTRIAL,medium
IS1583,Tokorozawa Tech Park Branch 14,139.4600,35.7900,MFS09,INDUSTRIAL,medium
IS1584,Tokorozawa Tech Park Branch 15,139.4600,35.7900,MFS09,INDUSTRIAL,medium
IS1585,Tokorozawa Tech Park Branch 16,139.4600,35.7900,MFS09,INDUSTRIAL,medium
IS1586,Tokorozawa Tech Park Branch 17,139.4600,35.7900,MFS09,INDUSTRIAL,medium
IS1587,Tokorozawa Tech Park Branch 18,139.4600,35.7900,MFS09,INDUSTRIAL,medium
IS1588,Hanno Textile Mills Branch 1,139.3150,35.8551,MFS29,INDUSTRIAL,low
IS1589,Hanno Textile Mills Branch 2,139.3200,35.8604,MFS29,INDUSTRIAL,low
IS1590,Hanno Textile Mills Branch 3,139.3126,35.8552,MFS29,INDUSTRIAL,low
IS1591,Hanno Textile Mills Branch 4,139.3175,35.8485,MFS29,INDUSTRIAL,low
IS1592,Hanno Textile Mills Branch 5,139.3055,35.8438,MFS29,INDUSTRIAL,low
IS1593,Hanno Textile Mills Branch 6,139.3094,35.8411,MFS29,INDUSTRIAL,low
IS1594,Hanno Textile Mills Branch 7,139.2949,35.8596,MFS29,INDUSTRIAL,low
IS1595,Hanno Textile Mills Branch 8,139.3284,35.8465,MFS29,INDUSTRIAL,low
IS1596,Hanno Textile Mills Branch 9,139.3075,35.8439,MFS29,INDUSTRIAL,low
IS1597,Hanno Textile Mills Branch 10,139.3060,35.8434,MFS29,INDUSTRIAL,low
IS1598,Chichibu Cement Works Branch 1,139.0800,35.9900,MFS60,INDUSTRIAL,medium
IS1599,Chichibu Cement Works Branch 2,139.0800,35.9900,MFS60,INDUSTRIAL,medium
IS1600,Chichibu Cement Works Branch 3,139.0800,35.9900,MFS60,INDUSTRIAL,medium
IS1601,Chichibu Cement Works Branch 4,139.0800,35.9900,MFS60,INDUSTRIAL,medium
IS1602,Chichibu Cement Works Branch 5,139.0800,35.9900,MFS60,INDUSTRIAL,medium
IS1603,Chichibu Cement Works Branch 6,139.0800,35.9900,MFS60,INDUSTRIAL,medium
IS1604,Chichibu Cement Works Branch 7,139.0800,35.9900,MFS60,INDUSTRIAL,medium
IS1605,Chichibu Cement Works Branch 8,139.0800,35.9900,MFS60,INDUSTRIAL,medium
IS1606,Chichibu Cement Works Branch 9,139.0800,35.9900,MFS60,INDUSTRIAL,medium
IS1607,Chichibu Cement Works Branch 10,139.0800,35.9900,MFS60,INDUSTRIAL,medium
IS1608,Chichibu Cement Works Branch 11,139.0800,35.9900,MFS60,INDUSTRIAL,medium
IS1609,Chichibu Cement Works Branch 12,139.0800,35.9900,MFS60,INDUSTRIAL,medium
IS1610,Chichibu Cement Works Branch 13,139.0800,35.9900,MFS60,INDUSTRIAL,medium
IS1611,Chichibu Cement Works Branch 14,139.0800,35.9900,MFS60,INDUSTRIAL,medium
IS1612,Chichibu Cement Works Branch 15,139.0800,35.9900,MFS60,INDUSTRIAL,medium
IS1613,Chichibu Cement Works Branch 16,139.0800,35.9900,MFS60,INDUSTRIAL,medium
IS1614,Chichibu Cement Works Branch 17,139.0800,35.9900,MFS60,INDUSTRIAL,medium
IS1615,Chichibu Cement Works Branch 18,139.0800,35.9900,MFS60,INDUSTRIAL,medium
IS1616,Kumagaya Industrial Zone Branch 1,139.3800,36.1400,MFS59,INDUSTRIAL,medium
IS1617,Kumagaya Industrial Zone Branch 2,139.3800,36.1400,MFS59,INDUSTRIAL,medium
IS1618,Kumagaya Industrial Zone Branch 3,139.3800,36.1400,MFS59,INDUSTRIAL,medium
IS1619,Kumagaya Industrial Zone Branch 4,139.3800,36.1400,MFS59,INDUSTRIAL,medium
IS1620,Kumagaya Industrial Zone Branch 5,139.3800,36.1400,MFS59,INDUSTRIAL,medium
IS1621,Kumagaya Industrial Zone Branch 6,139.3800,36.1400,MFS59,INDUSTRIAL,medium
IS1622,Kumagaya Industrial Zone Branch 7,139.3800,36.1400,MFS59,INDUSTRIAL,medium
IS1623,Kumagaya Industrial Zone Branch 8,139.3800,36.1400,MFS59,INDUSTRIAL,medium
IS1624,Kumagaya Industrial Zone Branch 9,139.3800,36.1400,MFS59,INDUSTRIAL,medium
IS1625,Kumagaya Industrial Zone Branch 10,139.3800,36.1400,MFS59,INDUSTRIAL,medium
IS1626,Kumagaya Industrial Zone Branch 11,139.3800,36.1400,MFS59,INDUSTRIAL,medium
IS1627,Kumagaya Industrial Zone Branch 12,139.3800,36.1400,MFS59,INDUSTRIAL,medium
IS1628,Kumagaya Industrial Zone Branch 13,139.3800,36.1400,MFS59,INDUSTRIAL,medium
IS1629,Kumagaya Industrial Zone Branch 14,139.3800,36.1400,MFS59,INDUSTRIAL,medium
IS1630,Kumagaya Industrial Zone Branch 15,139.3800,36.1400,MFS59,INDUSTRIAL,medium
IS1631,Kumagaya Industrial Zone Branch 16,139.3800,36.1400,MFS59,INDUSTRIAL,medium
IS1632,Kumagaya Industrial Zone Branch 17,139.3800,36.1400,MFS59,INDUSTRIAL,medium
IS1633,Kumagaya Industrial Zone Branch 18,139.3800,36.1400,MFS59,INDUSTRIAL,medium
IS1634,Kumagaya Industrial Zone Branch 19,139.3800,36.1400,MFS59,INDUSTRIAL,medium
IS1635,Kumagaya Industrial Zone Branch 20,139.3800,36.1400,MFS59,INDUSTRIAL,medium
IS1636,Kumagaya Industrial Zone Branch 21,139.3800,36.1400,MFS59,INDUSTRIAL,medium
IS1637,Kumagaya Industrial Zone Branch 22,139.3800,36.1400,MFS59,INDUSTRIAL,medium
IS1638,Kumagaya Industrial Zone Branch 23,139.3800,36.1400,MFS59,INDUSTRIAL,medium
IS1639,Kumagaya Industrial Zone Branch 24,139.3800,36.1400,MFS59,INDUSTRIAL,medium
IS1640,Fukaya Manufacturing Park Branch 1,139.2800,36.1900,MFS59,INDUSTRIAL,medium
IS1641,Fukaya Manufacturing Park Branch 2,139.2800,36.1900,MFS59,INDUSTRIAL,medium
IS1642,Fukaya Manufacturing Park Branch 3,139.2800,36.1900,MFS59,INDUSTRIAL,medium
IS1643,Fukaya Manufacturing Park Branch 4,139.2800,36.1900,MFS59,INDUSTRIAL,medium
IS1644,Fukaya Manufacturing Park Branch 5,139.2800,36.1900,MFS59,INDUSTRIAL,medium
IS1645,Fukaya Manufacturing Park Branch 6,139.2800,36.1900,MFS59,INDUSTRIAL,medium
IS1646,Fukaya Manufacturing Park Branch 7,139.2800,36.1900,MFS59,INDUSTRIAL,medium
IS1647,Fukaya Manufacturing Park Branch 8,139.2800,36.1900,MFS59,INDUSTRIAL,medium
IS1648,Fukaya Manufacturing Park Branch 9,139.2800,36.1900,MFS59,INDUSTRIAL,medium
IS1649,Fukaya Manufacturing Park Branch 10,139.2800,36.1900,MFS59,INDUSTRIAL,medium
IS1650,Fukaya Manufacturing Park Branch 11,139.2800,36.1900,MFS59,INDUSTRIAL,medium
IS1651,Fukaya Manufacturing Park Branch 12,139.2800,36.1900,MFS59,INDUSTRIAL,medium
IS1652,Fukaya Manufacturing Park Branch 13,139.2800,36.1900,MFS59,INDUSTRIAL,medium
IS1653,Fukaya Manufacturing Park Branch 14,139.2800,36.1900,MFS59,INDUSTRIAL,medium
IS1654,Fukaya Manufacturing Park Branch 15,139.2800,36.1900,MFS59,INDUSTRIAL,medium
IS1655,Fukaya Manufacturing Park Branch 16,139.2800,36.1900,MFS59,INDUSTRIAL,medium
IS1656,Fukaya Manufacturing Park Branch 17,139.2800,36.1900,MFS59,INDUSTRIAL,medium
IS1657,Fukaya Manufacturing Park Branch 18,139.2800,36.1900,MFS59,INDUSTRIAL,medium
IS1658,Fukaya Manufacturing Park Branch 19,139.2800,36.1900,MFS59,INDUSTRIAL,medium
IS1659,Fukaya Manufacturing Park Branch 20,139.2800,36.1900,MFS59,INDUSTRIAL,medium
IS1660,Fukaya Manufacturing Park Branch 21,139.2800,36.1900,MFS59,INDUSTRIAL,medium
IS1661,Fukaya Manufacturing Park Branch 22,139.2800,36.1900,MFS59,INDUSTRIAL,medium
IS1662,Fukaya Manufacturing Park Branch 23,139.2800,36.1900,MFS59,INDUSTRIAL,medium
IS1663,Fukaya Manufacturing Park Branch 24,139.2800,36.1900,MFS59,INDUSTRIAL,medium
IS1664,Honjo Industrial Complex Branch 1,139.1900,36.2400,MFS59,INDUSTRIAL,low
IS1665,Honjo Industrial Complex Branch 2,139.1900,36.2400,MFS59,INDUSTRIAL,low
IS1666,Honjo Industrial Complex Branch 3,139.1900,36.2400,MFS59,INDUSTRIAL,low
IS1667,Honjo Industrial Complex Branch 4,139.1900,36.2400,MFS59,INDUSTRIAL,low
IS1668,Honjo Industrial Complex Branch 5,139.1900,36.2400,MFS59,INDUSTRIAL,low
IS1669,Honjo Industrial Complex Branch 6,139.1900,36.2400,MFS59,INDUSTRIAL,low
IS1670,Honjo Industrial Complex Branch 7,139.1900,36.2400,MFS59,INDUSTRIAL,low
IS1671,Honjo Industrial Complex Branch 8,139.1900,36.2400,MFS59,INDUSTRIAL,low
IS1672,Honjo Industrial Complex Branch 9,139.1900,36.2400,MFS59,INDUSTRIAL,low
IS1673,Honjo Industrial Complex Branch 10,139.1900,36.2400,MFS59,INDUSTRIAL,low
IS1674,Honjo Industrial Complex Branch 11,139.1900,36.2400,MFS59,INDUSTRIAL,low
IS1675,Honjo Industrial Complex Branch 12,139.1900,36.2400,MFS59,INDUSTRIAL,low
IS1676,Honjo Industrial Complex Branch 13,139.1900,36.2400,MFS59,INDUSTRIAL,low
IS1677,Honjo Industrial Complex Branch 14,139.1900,36.2400,MFS59,INDUSTRIAL,low
IS1678,Honjo Industrial Complex Branch 15,139.1900,36.2400,MFS59,INDUSTRIAL,low
IS1679,Honjo Industrial Complex Branch 16,139.1900,36.2400,MFS59,INDUSTRIAL,low
IS1680,Honjo Industrial Complex Branch 17,139.1900,36.2400,MFS59,INDUSTRIAL,low
IS1681,Honjo Industrial Complex Branch 18,139.1900,36.2400,MFS59,INDUSTRIAL,low
IS1682,Honjo Industrial Complex Branch 19,139.1900,36.2400,MFS59,INDUSTRIAL,low
IS1683,Honjo Industrial Complex Branch 20,139.1900,36.2400,MFS59,INDUSTRIAL,low
IS1684,Honjo Industrial Complex Branch 21,139.1900,36.2400,MFS59,INDUSTRIAL,low
IS1685,Honjo Industrial Complex Branch 22,139.1900,36.2400,MFS59,INDUSTRIAL,low
IS1686,Honjo Industrial Complex Branch 23,139.1900,36.2400,MFS59,INDUSTRIAL,low
IS1687,Honjo Industrial Complex Branch 24,139.1900,36.2400,MFS59,INDUSTRIAL,low
IS1688,Chiba Makuhari Tech Park Branch 1,140.0400,35.6480,MFS43,INDUSTRIAL,high
IS1689,Chiba Makuhari Tech Park Branch 2,140.0400,35.6480,MFS43,INDUSTRIAL,high
IS1690,Chiba Makuhari Tech Park Branch 3,140.0400,35.6480,MFS43,INDUSTRIAL,high
IS1691,Chiba Makuhari Tech Park Branch 4,140.0400,35.6480,MFS43,INDUSTRIAL,high
IS1692,Chiba Makuhari Tech Park Branch 5,140.0400,35.6480,MFS43,INDUSTRIAL,high
IS1693,Chiba Makuhari Tech Park Branch 6,140.0400,35.6480,MFS43,INDUSTRIAL,high
IS1694,Chiba Makuhari Tech Park Branch 7,140.0400,35.6480,MFS43,INDUSTRIAL,high
IS1695,Chiba Makuhari Tech Park Branch 8,140.0400,35.6480,MFS43,INDUSTRIAL,high
IS1696,Chiba Makuhari Tech Park Branch 9,140.0400,35.6480,MFS43,INDUSTRIAL,high
IS1697,Chiba Makuhari Tech Park Branch 10,140.0400,35.6480,MFS43,INDUSTRIAL,high
IS1698,Chiba Makuhari Tech Park Branch 11,140.0400,35.6480,MFS43,INDUSTRIAL,high
IS1699,Chiba Makuhari Tech Park Branch 12,140.0400,35.6480,MFS43,INDUSTRIAL,high
IS1700,Chiba Makuhari Tech Park Branch 13,140.0400,35.6480,MFS43,INDUSTRIAL,high
IS1701,Chiba Makuhari Tech Park Branch 14,140.0400,35.6480,MFS43,INDUSTRIAL,high
IS1702,Chiba Makuhari Tech Park Branch 15,140.0400,35.6480,MFS43,INDUSTRIAL,high
IS1703,Chiba Makuhari Tech Park Branch 16,140.0400,35.6480,MFS43,INDUSTRIAL,high
IS1704,Chiba Makuhari Tech Park Branch 17,140.0400,35.6480,MFS43,INDUSTRIAL,high
IS1705,Chiba Makuhari Tech Park Branch 18,140.0400,35.6480,MFS43,INDUSTRIAL,high
IS1706,Kashiwa R&D Center Branch 1,139.9600,35.8500,MFS43,INDUSTRIAL,medium
IS1707,Kashiwa R&D Center Branch 2,139.9600,35.8500,MFS43,INDUSTRIAL,medium
IS1708,Kashiwa R&D Center Branch 3,139.9600,35.8500,MFS43,INDUSTRIAL,medium
IS1709,Kashiwa R&D Center Branch 4,139.9600,35.8500,MFS43,INDUSTRIAL,medium
IS1710,Kashiwa R&D Center Branch 5,139.9600,35.8500,MFS43,INDUSTRIAL,medium
IS1711,Kashiwa R&D Center Branch 6,139.9600,35.8500,MFS43,INDUSTRIAL,medium
IS1712,Kashiwa R&D Center Branch 7,139.9600,35.8500,MFS43,INDUSTRIAL,medium
IS1713,Kashiwa R&D Center Branch 8,139.9600,35.8500,MFS43,INDUSTRIAL,medium
IS1714,Kashiwa R&D Center Branch 9,139.9600,35.8500,MFS43,INDUSTRIAL,medium
IS1715,Kashiwa R&D Center Branch 10,139.9600,35.8500,MFS43,INDUSTRIAL,medium
IS1716,Kashiwa R&D Center Branch 11,139.9600,35.8500,MFS43,INDUSTRIAL,medium
IS1717,Kashiwa R&D Center Branch 12,139.9600,35.8500,MFS43,INDUSTRIAL,medium
IS1718,Kashiwa R&D Center Branch 13,139.9600,35.8500,MFS43,INDUSTRIAL,medium
IS1719,Kashiwa R&D Center Branch 14,139.9600,35.8500,MFS43,INDUSTRIAL,medium
IS1720,Kashiwa R&D Center Branch 15,139.9600,35.8500,MFS43,INDUSTRIAL,medium
IS1721,Kashiwa R&D Center Branch 16,139.9600,35.8500,MFS43,INDUSTRIAL,medium
IS1722,Kashiwa R&D Center Branch 17,139.9600,35.8500,MFS43,INDUSTRIAL,medium
IS1723,Kashiwa R&D Center Branch 18,139.9600,35.8500,MFS43,INDUSTRIAL,medium
IS1724,Matsudo Electronics Branch 1,139.8900,35.7800,MFS43,INDUSTRIAL,medium
IS1725,Matsudo Electronics Branch 2,139.8900,35.7800,MFS43,INDUSTRIAL,medium
IS1726,Matsudo Electronics Branch 3,139.8900,35.7800,MFS43,INDUSTRIAL,medium
IS1727,Matsudo Electronics Branch 4,139.8900,35.7800,MFS43,INDUSTRIAL,medium
IS1728,Matsudo Electronics Branch 5,139.8900,35.7800,MFS43,INDUSTRIAL,medium
IS1729,Matsudo Electronics Branch 6,139.8900,35.7800,MFS43,INDUSTRIAL,medium
IS1730,Matsudo Electronics Branch 7,139.8900,35.7800,MFS43,INDUSTRIAL,medium
IS1731,Matsudo Electronics Branch 8,139.8900,35.7800,MFS43,INDUSTRIAL,medium
IS1732,Matsudo Electronics Branch 9,139.8900,35.7800,MFS43,INDUSTRIAL,medium
IS1733,Matsudo Electronics Branch 10,139.8900,35.7800,MFS43,INDUSTRIAL,medium
IS1734,Matsudo Electronics Branch 11,139.8900,35.7800,MFS43,INDUSTRIAL,medium
IS1735,Matsudo Electronics Branch 12,139.8900,35.7800,MFS43,INDUSTRIAL,medium
IS1736,Matsudo Electronics Branch 13,139.8900,35.7800,MFS43,INDUSTRIAL,medium
IS1737,Matsudo Electronics Branch 14,139.8900,35.7800,MFS43,INDUSTRIAL,medium
IS1738,Matsudo Electronics Branch 15,139.8900,35.7800,MFS43,INDUSTRIAL,medium
IS1739,Matsudo Electronics Branch 16,139.8900,35.7800,MFS43,INDUSTRIAL,medium
IS1740,Matsudo Electronics Branch 17,139.8900,35.7800,MFS43,INDUSTRIAL,medium
IS1741,Matsudo Electronics Branch 18,139.8900,35.7800,MFS43,INDUSTRIAL,medium
IS1742,Nagareyama Tech Zone Branch 1,139.9012,35.8315,MFS28,INDUSTRIAL,low
IS1743,Nagareyama Tech Zone Branch 2,139.8686,35.8398,MFS28,INDUSTRIAL,low
IS1744,Nagareyama Tech Zone Branch 3,139.8938,35.8393,MFS28,INDUSTRIAL,low
IS1745,Nagareyama Tech Zone Branch 4,139.9010,35.8438,MFS28,INDUSTRIAL,low
IS1746,Nagareyama Tech Zone Branch 5,139.9003,35.8451,MFS28,INDUSTRIAL,low
IS1747,Nagareyama Tech Zone Branch 6,139.8846,35.8448,MFS28,INDUSTRIAL,low
IS1748,Nagareyama Tech Zone Branch 7,139.8993,35.8444,MFS28,INDUSTRIAL,low
IS1749,Nagareyama Tech Zone Branch 8,139.8769,35.8462,MFS28,INDUSTRIAL,low
IS1750,Nagareyama Tech Zone Branch 9,139.8744,35.8301,MFS28,INDUSTRIAL,low
IS1751,Nagareyama Tech Zone Branch 10,139.8854,35.8363,MFS28,INDUSTRIAL,low
IS1752,Noda Industrial Park Branch 1,139.8600,35.9500,MFS43,INDUSTRIAL,medium
IS1753,Noda Industrial Park Branch 2,139.8600,35.9500,MFS43,INDUSTRIAL,medium
IS1754,Noda Industrial Park Branch 3,139.8600,35.9500,MFS43,INDUSTRIAL,medium
IS1755,Noda Industrial Park Branch 4,139.8600,35.9500,MFS43,INDUSTRIAL,medium
IS1756,Noda Industrial Park Branch 5,139.8600,35.9500,MFS43,INDUSTRIAL,medium
IS1757,Noda Industrial Park Branch 6,139.8600,35.9500,MFS43,INDUSTRIAL,medium
IS1758,Noda Industrial Park Branch 7,139.8600,35.9500,MFS43,INDUSTRIAL,medium
IS1759,Noda Industrial Park Branch 8,139.8600,35.9500,MFS43,INDUSTRIAL,medium
IS1760,Noda Industrial Park Branch 9,139.8600,35.9500,MFS43,INDUSTRIAL,medium
IS1761,Noda Industrial Park Branch 10,139.8600,35.9500,MFS43,INDUSTRIAL,medium
IS1762,Noda Industrial Park Branch 11,139.8600,35.9500,MFS43,INDUSTRIAL,medium
IS1763,Noda Industrial Park Branch 12,139.8600,35.9500,MFS43,INDUSTRIAL,medium
IS1764,Noda Industrial Park Branch 13,139.8600,35.9500,MFS43,INDUSTRIAL,medium
IS1765,Noda Industrial Park Branch 14,139.8600,35.9500,MFS43,INDUSTRIAL,medium
IS1766,Noda Industrial Park Branch 15,139.8600,35.9500,MFS43,INDUSTRIAL,medium
IS1767,Noda Industrial Park Branch 16,139.8600,35.9500,MFS43,INDUSTRIAL,medium
IS1768,Noda Industrial Park Branch 17,139.8600,35.9500,MFS43,INDUSTRIAL,medium
IS1769,Noda Industrial Park Branch 18,139.8600,35.9500,MFS43,INDUSTRIAL,medium
IS1770,Funabashi Shipbuilding Branch 1,139.9690,35.6830,MFS39,INDUSTRIAL,medium
IS1771,Funabashi Shipbuilding Branch 2,139.9632,35.6820,MFS39,INDUSTRIAL,medium
IS1772,Funabashi Shipbuilding Branch 3,139.9691,35.6787,MFS39,INDUSTRIAL,medium
IS1773,Funabashi Shipbuilding Branch 4,139.9658,35.6940,MFS39,INDUSTRIAL,medium
IS1774,Funabashi Shipbuilding Branch 5,139.9602,35.6875,MFS39,INDUSTRIAL,medium
IS1775,Funabashi Shipbuilding Branch 6,139.9656,35.6752,MFS39,INDUSTRIAL,medium
IS1776,Funabashi Shipbuilding Branch 7,139.9668,35.6880,MFS39,INDUSTRIAL,medium
IS1777,Funabashi Shipbuilding Branch 8,139.9756,35.6905,MFS39,INDUSTRIAL,medium
IS1778,Funabashi Shipbuilding Branch 9,139.9916,35.6795,MFS39,INDUSTRIAL,medium
IS1779,Funabashi Shipbuilding Branch 10,139.9762,35.6878,MFS39,INDUSTRIAL,medium
IS1780,Ichikawa Chemical Complex Branch 1,139.9008,35.6999,MFS39,INDUSTRIAL,medium
IS1781,Ichikawa Chemical Complex Branch 2,139.9123,35.7009,MFS39,INDUSTRIAL,medium
IS1782,Ichikawa Chemical Complex Branch 3,139.9097,35.7085,MFS39,INDUSTRIAL,medium
IS1783,Ichikawa Chemical Complex Branch 4,139.9103,35.6945,MFS39,INDUSTRIAL,medium
IS1784,Ichikawa Chemical Complex Branch 5,139.9020,35.6926,MFS39,INDUSTRIAL,medium
IS1785,Ichikawa Chemical Complex Branch 6,139.9030,35.7051,MFS39,INDUSTRIAL,medium
IS1786,Ichikawa Chemical Complex Branch 7,139.9122,35.6902,MFS39,INDUSTRIAL,medium
IS1787,Ichikawa Chemical Complex Branch 8,139.9104,35.6904,MFS39,INDUSTRIAL,medium
IS1788,Ichikawa Chemical Complex Branch 9,139.9084,35.6916,MFS39,INDUSTRIAL,medium
IS1789,Ichikawa Chemical Complex Branch 10,139.9015,35.7055,MFS39,INDUSTRIAL,medium
IS1790,Urayasu Electronics Assembly Branch 1,139.8828,35.6388,MFS04,INDUSTRIAL,low
IS1791,Urayasu Electronics Assembly Branch 2,139.8962,35.6453,MFS04,INDUSTRIAL,low
IS1792,Urayasu Electronics Assembly Branch 3,139.8781,35.6361,MFS04,INDUSTRIAL,low
IS1793,Urayasu Electronics Assembly Branch 4,139.8936,35.6393,MFS04,INDUSTRIAL,low
IS1794,Urayasu Electronics Assembly Branch 5,139.8974,35.6399,MFS04,INDUSTRIAL,low
IS1795,Urayasu Electronics Assembly Branch 6,139.8897,35.6347,MFS04,INDUSTRIAL,low
IS1796,Urayasu Electronics Assembly Branch 7,139.9041,35.6429,MFS04,INDUSTRIAL,low
IS1797,Urayasu Electronics Assembly Branch 8,139.8800,35.6301,MFS04,INDUSTRIAL,low
IS1798,Urayasu Electronics Assembly Branch 9,139.8860,35.6362,MFS04,INDUSTRIAL,low
IS1799,Urayasu Electronics Assembly Branch 10,139.8811,35.6378,MFS04,INDUSTRIAL,low
IS1800,Yachiyo Automotive Plant Branch 1,140.0900,35.7100,MFS43,INDUSTRIAL,medium
IS1801,Yachiyo Automotive Plant Branch 2,140.0900,35.7100,MFS43,INDUSTRIAL,medium
IS1802,Yachiyo Automotive Plant Branch 3,140.0900,35.7100,MFS43,INDUSTRIAL,medium
IS1803,Yachiyo Automotive Plant Branch 4,140.0900,35.7100,MFS43,INDUSTRIAL,medium
IS1804,Yachiyo Automotive Plant Branch 5,140.0900,35.7100,MFS43,INDUSTRIAL,medium
IS1805,Yachiyo Automotive Plant Branch 6,140.0900,35.7100,MFS43,INDUSTRIAL,medium
IS1806,Yachiyo Automotive Plant Branch 7,140.0900,35.7100,MFS43,INDUSTRIAL,medium
IS1807,Yachiyo Automotive Plant Branch 8,140.0900,35.7100,MFS43,INDUSTRIAL,medium
IS1808,Yachiyo Automotive Plant Branch 9,140.0900,35.7100,MFS43,INDUSTRIAL,medium
IS1809,Yachiyo Automotive Plant Branch 10,140.0900,35.7100,MFS43,INDUSTRIAL,medium
IS1810,Yachiyo Automotive Plant Branch 11,140.0900,35.7100,MFS43,INDUSTRIAL,medium
IS1811,Yachiyo Automotive Plant Branch 12,140.0900,35.7100,MFS43,INDUSTRIAL,medium
IS1812,Yachiyo Automotive Plant Branch 13,140.0900,35.7100,MFS43,INDUSTRIAL,medium
IS1813,Yachiyo Automotive Plant Branch 14,140.0900,35.7100,MFS43,INDUSTRIAL,medium
IS1814,Yachiyo Automotive Plant Branch 15,140.0900,35.7100,MFS43,INDUSTRIAL,medium
IS1815,Yachiyo Automotive Plant Branch 16,140.0900,35.7100,MFS43,INDUSTRIAL,medium
IS1816,Yachiyo Automotive Plant Branch 17,140.0900,35.7100,MFS43,INDUSTRIAL,medium
IS1817,Yachiyo Automotive Plant Branch 18,140.0900,35.7100,MFS43,INDUSTRIAL,medium
IS1818,Sakura Precision Machinery Branch 1,140.2200,35.7200,MFS54,INDUSTRIAL,low
IS1819,Sakura Precision Machinery Branch 2,140.2200,35.7200,MFS54,INDUSTRIAL,low
IS1820,Sakura Precision Machinery Branch 3,140.2200,35.7200,MFS54,INDUSTRIAL,low
IS1821,Sakura Precision Machinery Branch 4,140.2200,35.7200,MFS54,INDUSTRIAL,low
IS1822,Sakura Precision Machinery Branch 5,140.2200,35.7200,MFS54,INDUSTRIAL,low
IS1823,Sakura Precision Machinery Branch 6,140.2200,35.7200,MFS54,INDUSTRIAL,low
IS1824,Sakura Precision Machinery Branch 7,140.2200,35.7200,MFS54,INDUSTRIAL,low
IS1825,Sakura Precision Machinery Branch 8,140.2200,35.7200,MFS54,INDUSTRIAL,low
IS1826,Sakura Precision Machinery Branch 9,140.2200,35.7200,MFS54,INDUSTRIAL,low
IS1827,Sakura Precision Machinery Branch 10,140.2200,35.7200,MFS54,INDUSTRIAL,low
IS1828,Sakura Precision Machinery Branch 11,140.2200,35.7200,MFS54,INDUSTRIAL,low
IS1829,Sakura Precision Machinery Branch 12,140.2200,35.7200,MFS54,INDUSTRIAL,low
IS1830,Sakura Precision Machinery Branch 13,140.2200,35.7200,MFS54,INDUSTRIAL,low
IS1831,Sakura Precision Machinery Branch 14,140.2200,35.7200,MFS54,INDUSTRIAL,low
IS1832,Sakura Precision Machinery Branch 15,140.2200,35.7200,MFS54,INDUSTRIAL,low
IS1833,Sakura Precision Machinery Branch 16,140.2200,35.7200,MFS54,INDUSTRIAL,low
IS1834,Sakura Precision Machinery Branch 17,140.2200,35.7200,MFS54,INDUSTRIAL,low
IS1835,Sakura Precision Machinery Branch 18,140.2200,35.7200,MFS54,INDUSTRIAL,low
IS1836,Sakura Precision Machinery Branch 19,140.2200,35.7200,MFS54,INDUSTRIAL,low
IS1837,Sakura Precision Machinery Branch 20,140.2200,35.7200,MFS54,INDUSTRIAL,low
IS1838,Sakura Precision Machinery Branch 21,140.2200,35.7200,MFS54,INDUSTRIAL,low
IS1839,Sakura Precision Machinery Branch 22,140.2200,35.7200,MFS54,INDUSTRIAL,low
IS1840,Sakura Precision Machinery Branch 23,140.2200,35.7200,MFS54,INDUSTRIAL,low
IS1841,Sakura Precision Machinery Branch 24,140.2200,35.7200,MFS54,INDUSTRIAL,low
IS1842,Narita Aircraft Maintenance Branch 1,140.3692,35.7600,MFS54,INDUSTRIAL,high
IS1843,Narita Aircraft Maintenance Branch 2,140.3692,35.7600,MFS54,INDUSTRIAL,high
IS1844,Narita Aircraft Maintenance Branch 3,140.3692,35.7600,MFS54,INDUSTRIAL,high
IS1845,Narita Aircraft Maintenance Branch 4,140.3692,35.7600,MFS54,INDUSTRIAL,high
IS1846,Narita Aircraft Maintenance Branch 5,140.3692,35.7600,MFS54,INDUSTRIAL,high
IS1847,Narita Aircraft Maintenance Branch 6,140.3692,35.7600,MFS54,INDUSTRIAL,high
IS1848,Narita Aircraft Maintenance Branch 7,140.3692,35.7600,MFS54,INDUSTRIAL,high
IS1849,Narita Aircraft Maintenance Branch 8,140.3692,35.7600,MFS54,INDUSTRIAL,high
IS1850,Narita Aircraft Maintenance Branch 9,140.3692,35.7600,MFS54,INDUSTRIAL,high
IS1851,Narita Aircraft Maintenance Branch 10,140.3692,35.7600,MFS54,INDUSTRIAL,high
IS1852,Narita Aircraft Maintenance Branch 11,140.3692,35.7600,MFS54,INDUSTRIAL,high
IS1853,Narita Aircraft Maintenance Branch 12,140.3692,35.7600,MFS54,INDUSTRIAL,high
IS1854,Narita Aircraft Maintenance Branch 13,140.3692,35.7600,MFS54,INDUSTRIAL,high
IS1855,Narita Aircraft Maintenance Branch 14,140.3692,35.7600,MFS54,INDUSTRIAL,high
IS1856,Narita Aircraft Maintenance Branch 15,140.3692,35.7600,MFS54,INDUSTRIAL,high
IS1857,Narita Aircraft Maintenance Branch 16,140.3692,35.7600,MFS54,INDUSTRIAL,high
IS1858,Narita Aircraft Maintenance Branch 17,140.3692,35.7600,MFS54,INDUSTRIAL,high
IS1859,Narita Aircraft Maintenance Branch 18,140.3692,35.7600,MFS54,INDUSTRIAL,high
IS1860,Narita Aircraft Maintenance Branch 19,140.3692,35.7600,MFS54,INDUSTRIAL,high
IS1861,Narita Aircraft Maintenance Branch 20,140.3692,35.7600,MFS54,INDUSTRIAL,high
IS1862,Narita Aircraft Maintenance Branch 21,140.3692,35.7600,MFS54,INDUSTRIAL,high
IS1863,Narita Aircraft Maintenance Branch 22,140.3692,35.7600,MFS54,INDUSTRIAL,high
IS1864,Narita Aircraft Maintenance Branch 23,140.3692,35.7600,MFS54,INDUSTRIAL,high
IS1865,Narita Aircraft Maintenance Branch 24,140.3692,35.7600,MFS54,INDUSTRIAL,high
IS1866,Inzai Semiconductor Fab Branch 1,140.1492,35.8300,MFS54,INDUSTRIAL,high
IS1867,Inzai Semiconductor Fab Branch 2,140.1492,35.8300,MFS54,INDUSTRIAL,high
IS1868,Inzai Semiconductor Fab Branch 3,140.1492,35.8300,MFS54,INDUSTRIAL,high
IS1869,Inzai Semiconductor Fab Branch 4,140.1492,35.8300,MFS54,INDUSTRIAL,high
IS1870,Inzai Semiconductor Fab Branch 5,140.1492,35.8300,MFS54,INDUSTRIAL,high
IS1871,Inzai Semiconductor Fab Branch 6,140.1492,35.8300,MFS54,INDUSTRIAL,high
IS1872,Inzai Semiconductor Fab Branch 7,140.1492,35.8300,MFS54,INDUSTRIAL,high
IS1873,Inzai Semiconductor Fab Branch 8,140.1492,35.8300,MFS54,INDUSTRIAL,high
IS1874,Inzai Semiconductor Fab Branch 9,140.1492,35.8300,MFS54,INDUSTRIAL,high
IS1875,Inzai Semiconductor Fab Branch 10,140.1492,35.8300,MFS54,INDUSTRIAL,high
IS1876,Inzai Semiconductor Fab Branch 11,140.1492,35.8300,MFS54,INDUSTRIAL,high
IS1877,Inzai Semiconductor Fab Branch 12,140.1492,35.8300,MFS54,INDUSTRIAL,high
IS1878,Inzai Semiconductor Fab Branch 13,140.1492,35.8300,MFS54,INDUSTRIAL,high
IS1879,Inzai Semiconductor Fab Branch 14,140.1492,35.8300,MFS54,INDUSTRIAL,high
IS1880,Inzai Semiconductor Fab Branch 15,140.1492,35.8300,MFS54,INDUSTRIAL,high
IS1881,Inzai Semiconductor Fab Branch 16,140.1492,35.8300,MFS54,INDUSTRIAL,high
IS1882,Inzai Semiconductor Fab Branch 17,140.1492,35.8300,MFS54,INDUSTRIAL,high
IS1883,Inzai Semiconductor Fab Branch 18,140.1492,35.8300,MFS54,INDUSTRIAL,high
IS1884,Inzai Semiconductor Fab Branch 19,140.1492,35.8300,MFS54,INDUSTRIAL,high
IS1885,Inzai Semiconductor Fab Branch 20,140.1492,35.8300,MFS54,INDUSTRIAL,high
IS1886,Inzai Semiconductor Fab Branch 21,140.1492,35.8300,MFS54,INDUSTRIAL,high
IS1887,Inzai Semiconductor Fab Branch 22,140.1492,35.8300,MFS54,INDUSTRIAL,high
IS1888,Inzai Semiconductor Fab Branch 23,140.1492,35.8300,MFS54,INDUSTRIAL,high
IS1889,Inzai Semiconductor Fab Branch 24,140.1492,35.8300,MFS54,INDUSTRIAL,high
IS1890,Tomisato Food Processing Branch 1,140.3400,35.7300,MFS54,INDUSTRIAL,medium
IS1891,Tomisato Food Processing Branch 2,140.3400,35.7300,MFS54,INDUSTRIAL,medium
IS1892,Tomisato Food Processing Branch 3,140.3400,35.7300,MFS54,INDUSTRIAL,medium
IS1893,Tomisato Food Processing Branch 4,140.3400,35.7300,MFS54,INDUSTRIAL,medium
IS1894,Tomisato Food Processing Branch 5,140.3400,35.7300,MFS54,INDUSTRIAL,medium
IS1895,Tomisato Food Processing Branch 6,140.3400,35.7300,MFS54,INDUSTRIAL,medium
IS1896,Tomisato Food Processing Branch 7,140.3400,35.7300,MFS54,INDUSTRIAL,medium
IS1897,Tomisato Food Processing Branch 8,140.3400,35.7300,MFS54,INDUSTRIAL,medium
IS1898,Tomisato Food Processing Branch 9,140.3400,35.7300,MFS54,INDUSTRIAL,medium
IS1899,Tomisato Food Processing Branch 10,140.3400,35.7300,MFS54,INDUSTRIAL,medium
IS1900,Tomisato Food Processing Branch 11,140.3400,35.7300,MFS54,INDUSTRIAL,medium
IS1901,Tomisato Food Processing Branch 12,140.3400,35.7300,MFS54,INDUSTRIAL,medium
IS1902,Tomisato Food Processing Branch 13,140.3400,35.7300,MFS54,INDUSTRIAL,medium
IS1903,Tomisato Food Processing Branch 14,140.3400,35.7300,MFS54,INDUSTRIAL,medium
IS1904,Tomisato Food Processing Branch 15,140.3400,35.7300,MFS54,INDUSTRIAL,medium
IS1905,Tomisato Food Processing Branch 16,140.3400,35.7300,MFS54,INDUSTRIAL,medium
IS1906,Tomisato Food Processing Branch 17,140.3400,35.7300,MFS54,INDUSTRIAL,medium
IS1907,Tomisato Food Processing Branch 18,140.3400,35.7300,MFS54,INDUSTRIAL,medium
IS1908,Tomisato Food Processing Branch 19,140.3400,35.7300,MFS54,INDUSTRIAL,medium
IS1909,Tomisato Food Processing Branch 20,140.3400,35.7300,MFS54,INDUSTRIAL,medium
IS1910,Tomisato Food Processing Branch 21,140.3400,35.7300,MFS54,INDUSTRIAL,medium
IS1911,Tomisato Food Processing Branch 22,140.3400,35.7300,MFS54,INDUSTRIAL,medium
IS1912,Tomisato Food Processing Branch 23,140.3400,35.7300,MFS54,INDUSTRIAL,medium
IS1913,Tomisato Food Processing Branch 24,140.3400,35.7300,MFS54,INDUSTRIAL,medium
IS1914,Yotsukaido Electronics Branch 1,140.1700,35.6700,MFS43,INDUSTRIAL,low
IS1915,Yotsukaido Electronics Branch 2,140.1700,35.6700,MFS43,INDUSTRIAL,low
IS1916,Yotsukaido Electronics Branch 3,140.1700,35.6700,MFS43,INDUSTRIAL,low
IS1917,Yotsukaido Electronics Branch 4,140.1700,35.6700,MFS43,INDUSTRIAL,low
IS1918,Yotsukaido Electronics Branch 5,140.1700,35.6700,MFS43,INDUSTRIAL,low
IS1919,Yotsukaido Electronics Branch 6,140.1700,35.6700,MFS43,INDUSTRIAL,low
IS1920,Yotsukaido Electronics Branch 7,140.1700,35.6700,MFS43,INDUSTRIAL,low
IS1921,Yotsukaido Electronics Branch 8,140.1700,35.6700,MFS43,INDUSTRIAL,low
IS1922,Yotsukaido Electronics Branch 9,140.1700,35.6700,MFS43,INDUSTRIAL,low
IS1923,Yotsukaido Electronics Branch 10,140.1700,35.6700,MFS43,INDUSTRIAL,low
IS1924,Yotsukaido Electronics Branch 11,140.1700,35.6700,MFS43,INDUSTRIAL,low
IS1925,Yotsukaido Electronics Branch 12,140.1700,35.6700,MFS43,INDUSTRIAL,low
IS1926,Yotsukaido Electronics Branch 13,140.1700,35.6700,MFS43,INDUSTRIAL,low
IS1927,Yotsukaido Electronics Branch 14,140.1700,35.6700,MFS43,INDUSTRIAL,low
IS1928,Yotsukaido Electronics Branch 15,140.1700,35.6700,MFS43,INDUSTRIAL,low
IS1929,Yotsukaido Electronics Branch 16,140.1700,35.6700,MFS43,INDUSTRIAL,low
IS1930,Yotsukaido Electronics Branch 17,140.1700,35.6700,MFS43,INDUSTRIAL,low
IS1931,Yotsukaido Electronics Branch 18,140.1700,35.6700,MFS43,INDUSTRIAL,low
IS1932,Yokosuka Shipyard Complex Branch 1,139.6600,35.2800,MFS18,INDUSTRIAL,high
IS1933,Yokosuka Shipyard Complex Branch 2,139.6600,35.2800,MFS18,INDUSTRIAL,high
IS1934,Yokosuka Shipyard Complex Branch 3,139.6600,35.2800,MFS18,INDUSTRIAL,high
IS1935,Yokosuka Shipyard Complex Branch 4,139.6600,35.2800,MFS18,INDUSTRIAL,high
IS1936,Yokosuka Shipyard Complex Branch 5,139.6600,35.2800,MFS18,INDUSTRIAL,high
IS1937,Yokosuka Shipyard Complex Branch 6,139.6600,35.2800,MFS18,INDUSTRIAL,high
IS1938,Yokosuka Shipyard Complex Branch 7,139.6600,35.2800,MFS18,INDUSTRIAL,high
IS1939,Yokosuka Shipyard Complex Branch 8,139.6600,35.2800,MFS18,INDUSTRIAL,high
IS1940,Yokosuka Shipyard Complex Branch 9,139.6600,35.2800,MFS18,INDUSTRIAL,high
IS1941,Yokosuka Shipyard Complex Branch 10,139.6600,35.2800,MFS18,INDUSTRIAL,high
IS1942,Yokosuka Shipyard Complex Branch 11,139.6600,35.2800,MFS18,INDUSTRIAL,high
IS1943,Yokosuka Shipyard Complex Branch 12,139.6600,35.2800,MFS18,INDUSTRIAL,high
IS1944,Yokosuka Shipyard Complex Branch 13,139.6600,35.2800,MFS18,INDUSTRIAL,high
IS1945,Yokosuka Shipyard Complex Branch 14,139.6600,35.2800,MFS18,INDUSTRIAL,high
IS1946,Yokosuka Shipyard Complex Branch 15,139.6600,35.2800,MFS18,INDUSTRIAL,high
IS1947,Yokosuka Shipyard Complex Branch 16,139.6600,35.2800,MFS18,INDUSTRIAL,high
IS1948,Yokosuka Shipyard Complex Branch 17,139.6600,35.2800,MFS18,INDUSTRIAL,high
IS1949,Yokosuka Shipyard Complex Branch 18,139.6600,35.2800,MFS18,INDUSTRIAL,high
IS1950,Zushi Precision Parts Branch 1,139.5800,35.2900,MFS18,INDUSTRIAL,low
IS1951,Zushi Precision Parts Branch 2,139.5800,35.2900,MFS18,INDUSTRIAL,low
IS1952,Zushi Precision Parts Branch 3,139.5800,35.2900,MFS18,INDUSTRIAL,low
IS1953,Zushi Precision Parts Branch 4,139.5800,35.2900,MFS18,INDUSTRIAL,low
IS1954,Zushi Precision Parts Branch 5,139.5800,35.2900,MFS18,INDUSTRIAL,low
IS1955,Zushi Precision Parts Branch 6,139.5800,35.2900,MFS18,INDUSTRIAL,low
IS1956,Zushi Precision Parts Branch 7,139.5800,35.2900,MFS18,INDUSTRIAL,low
IS1957,Zushi Precision Parts Branch 8,139.5800,35.2900,MFS18,INDUSTRIAL,low
IS1958,Zushi Precision Parts Branch 9,139.5800,35.2900,MFS18,INDUSTRIAL,low
IS1959,Zushi Precision Parts Branch 10,139.5800,35.2900,MFS18,INDUSTRIAL,low
IS1960,Zushi Precision Parts Branch 11,139.5800,35.2900,MFS18,INDUSTRIAL,low
IS1961,Zushi Precision Parts Branch 12,139.5800,35.2900,MFS18,INDUSTRIAL,low
IS1962,Zushi Precision Parts Branch 13,139.5800,35.2900,MFS18,INDUSTRIAL,low
IS1963,Zushi Precision Parts Branch 14,139.5800,35.2900,MFS18,INDUSTRIAL,low
IS1964,Zushi Precision Parts Branch 15,139.5800,35.2900,MFS18,INDUSTRIAL,low
IS1965,Zushi Precision Parts Branch 16,139.5800,35.2900,MFS18,INDUSTRIAL,low
IS1966,Zushi Precision Parts Branch 17,139.5800,35.2900,MFS18,INDUSTRIAL,low
IS1967,Zushi Precision Parts Branch 18,139.5800,35.2900,MFS18,INDUSTRIAL,low
IS1968,Kamakura Tech Center Branch 1,139.5454,35.3123,MFS17,INDUSTRIAL,low
IS1969,Kamakura Tech Center Branch 2,139.5556,35.3244,MFS17,INDUSTRIAL,low
IS1970,Kamakura Tech Center Branch 3,139.5508,35.3162,MFS17,INDUSTRIAL,low
IS1971,Kamakura Tech Center Branch 4,139.5482,35.3214,MFS17,INDUSTRIAL,low
IS1972,Kamakura Tech Center Branch 5,139.5607,35.3277,MFS17,INDUSTRIAL,low
IS1973,Kamakura Tech Center Branch 6,139.5547,35.3170,MFS17,INDUSTRIAL,low
IS1974,Kamakura Tech Center Branch 7,139.5489,35.3148,MFS17,INDUSTRIAL,low
IS1975,Kamakura Tech Center Branch 8,139.5552,35.3245,MFS17,INDUSTRIAL,low
IS1976,Kamakura Tech Center Branch 9,139.5445,35.3109,MFS17,INDUSTRIAL,low
IS1977,Kamakura Tech Center Branch 10,139.5537,35.3204,MFS17,INDUSTRIAL,low
IS1978,Fujisawa Manufacturing Branch 1,139.4758,35.3483,MFS17,INDUSTRIAL,medium
IS1979,Fujisawa Manufacturing Branch 2,139.4703,35.3397,MFS17,INDUSTRIAL,medium
IS1980,Fujisawa Manufacturing Branch 3,139.4839,35.3513,MFS17,INDUSTRIAL,medium
IS1981,Fujisawa Manufacturing Branch 4,139.4726,35.3207,MFS17,INDUSTRIAL,medium
IS1982,Fujisawa Manufacturing Branch 5,139.4911,35.3356,MFS17,INDUSTRIAL,medium
IS1983,Fujisawa Manufacturing Branch 6,139.4686,35.3374,MFS17,INDUSTRIAL,medium
IS1984,Fujisawa Manufacturing Branch 7,139.4778,35.3380,MFS17,INDUSTRIAL,medium
IS1985,Fujisawa Manufacturing Branch 8,139.4728,35.3552,MFS17,INDUSTRIAL,medium
IS1986,Fujisawa Manufacturing Branch 9,139.4772,35.3363,MFS17,INDUSTRIAL,medium
IS1987,Fujisawa Manufacturing Branch 10,139.4866,35.3284,MFS17,INDUSTRIAL,medium
IS1988,Chigasaki Industrial Zone Branch 1,139.3859,35.3217,MFS17,INDUSTRIAL,medium
IS1989,Chigasaki Industrial Zone Branch 2,139.4011,35.3273,MFS17,INDUSTRIAL,medium
IS1990,Chigasaki Industrial Zone Branch 3,139.3925,35.3263,MFS17,INDUSTRIAL,medium
IS1991,Chigasaki Industrial Zone Branch 4,139.4064,35.3240,MFS17,INDUSTRIAL,medium
IS1992,Chigasaki Industrial Zone Branch 5,139.4223,35.3356,MFS17,INDUSTRIAL,medium
IS1993,Chigasaki Industrial Zone Branch 6,139.3973,35.3283,MFS17,INDUSTRIAL,medium
IS1994,Chigasaki Industrial Zone Branch 7,139.3918,35.3209,MFS17,INDUSTRIAL,medium
IS1995,Chigasaki Industrial Zone Branch 8,139.4073,35.3319,MFS17,INDUSTRIAL,medium
IS1996,Chigasaki Industrial Zone Branch 9,139.4028,35.3425,MFS17,INDUSTRIAL,medium
IS1997,Chigasaki Industrial Zone Branch 10,139.4092,35.3244,MFS17,INDUSTRIAL,medium
IS1998,Hiratsuka Chemical Complex Branch 1,139.3663,35.3500,MFS22,INDUSTRIAL,high
IS1999,Hiratsuka Chemical Complex Branch 2,139.3451,35.3393,MFS22,INDUSTRIAL,high
IS2000,Hiratsuka Chemical Complex Branch 3,139.3642,35.3243,MFS22,INDUSTRIAL,high
IS2001,Hiratsuka Chemical Complex Branch 4,139.3513,35.3359,MFS22,INDUSTRIAL,high
IS2002,Hiratsuka Chemical Complex Branch 5,139.3303,35.3190,MFS22,INDUSTRIAL,high
IS2003,Hiratsuka Chemical Complex Branch 6,139.3405,35.3600,MFS22,INDUSTRIAL,high
IS2004,Hiratsuka Chemical Complex Branch 7,139.3616,35.3280,MFS22,INDUSTRIAL,high
IS2005,Hiratsuka Chemical Complex Branch 8,139.3468,35.3322,MFS22,INDUSTRIAL,high
IS2006,Hiratsuka Chemical Complex Branch 9,139.3354,35.3361,MFS22,INDUSTRIAL,high
IS2007,Hiratsuka Chemical Complex Branch 10,139.3461,35.3262,MFS22,INDUSTRIAL,high
IS2008,Hiratsuka Chemical Complex Branch 11,139.3339,35.3386,MFS22,INDUSTRIAL,high
IS2009,Hiratsuka Chemical Complex Branch 12,139.3381,35.3238,MFS22,INDUSTRIAL,high
IS2010,Hiratsuka Chemical Complex Branch 13,139.3541,35.3465,MFS22,INDUSTRIAL,high
IS2011,Hiratsuka Chemical Complex Branch 14,139.3310,35.3453,MFS22,INDUSTRIAL,high
IS2012,Hiratsuka Chemical Complex Branch 15,139.3475,35.3360,MFS22,INDUSTRIAL,high
IS2013,Hiratsuka Chemical Complex Branch 16,139.3283,35.3380,MFS22,INDUSTRIAL,high
IS2014,Hiratsuka Chemical Complex Branch 17,139.3374,35.3362,MFS22,INDUSTRIAL,high
IS2015,Hiratsuka Chemical Complex Branch 18,139.3418,35.3390,MFS22,INDUSTRIAL,high
IS2016,Odawara Manufacturing Park Branch 1,139.1747,35.2588,MFS23,INDUSTRIAL,medium
IS2017,Odawara Manufacturing Park Branch 2,139.1440,35.2439,MFS23,INDUSTRIAL,medium
IS2018,Odawara Manufacturing Park Branch 3,139.1570,35.2623,MFS23,INDUSTRIAL,medium
IS2019,Odawara Manufacturing Park Branch 4,139.1750,35.2774,MFS23,INDUSTRIAL,medium
IS2020,Odawara Manufacturing Park Branch 5,139.1501,35.2678,MFS23,INDUSTRIAL,medium
IS2021,Odawara Manufacturing Park Branch 6,139.1482,35.2703,MFS23,INDUSTRIAL,medium
IS2022,Odawara Manufacturing Park Branch 7,139.1575,35.2701,MFS23,INDUSTRIAL,medium
IS2023,Odawara Manufacturing Park Branch 8,139.1467,35.2892,MFS23,INDUSTRIAL,medium
IS2024,Odawara Manufacturing Park Branch 9,139.1558,35.2498,MFS23,INDUSTRIAL,medium
IS2025,Odawara Manufacturing Park Branch 10,139.1397,35.2446,MFS23,INDUSTRIAL,medium
IS2026,Odawara Manufacturing Park Branch 11,139.1651,35.2657,MFS23,INDUSTRIAL,medium
IS2027,Odawara Manufacturing Park Branch 12,139.1593,35.2670,MFS23,INDUSTRIAL,medium
IS2028,Odawara Manufacturing Park Branch 13,139.1514,35.2771,MFS23,INDUSTRIAL,medium
IS2029,Odawara Manufacturing Park Branch 14,139.1536,35.2578,MFS23,INDUSTRIAL,medium
IS2030,Odawara Manufacturing Park Branch 15,139.1516,35.2603,MFS23,INDUSTRIAL,medium
IS2031,Odawara Manufacturing Park Branch 16,139.1471,35.2520,MFS23,INDUSTRIAL,medium
IS2032,Odawara Manufacturing Park Branch 17,139.1645,35.2676,MFS23,INDUSTRIAL,medium
IS2033,Odawara Manufacturing Park Branch 18,139.1588,35.2580,MFS23,INDUSTRIAL,medium
IS2034,Atsugi Semiconductor Branch 1,139.3600,35.4400,MFS26,INDUSTRIAL,high
IS2035,Atsugi Semiconductor Branch 2,139.3600,35.4400,MFS26,INDUSTRIAL,high
IS2036,Atsugi Semiconductor Branch 3,139.3600,35.4400,MFS26,INDUSTRIAL,high
IS2037,Atsugi Semiconductor Branch 4,139.3600,35.4400,MFS26,INDUSTRIAL,high
IS2038,Atsugi Semiconductor Branch 5,139.3600,35.4400,MFS26,INDUSTRIAL,high
IS2039,Atsugi Semiconductor Branch 6,139.3600,35.4400,MFS26,INDUSTRIAL,high
IS2040,Atsugi Semiconductor Branch 7,139.3600,35.4400,MFS26,INDUSTRIAL,high
IS2041,Atsugi Semiconductor Branch 8,139.3600,35.4400,MFS26,INDUSTRIAL,high
IS2042,Atsugi Semiconductor Branch 9,139.3600,35.4400,MFS26,INDUSTRIAL,high
IS2043,Atsugi Semiconductor Branch 10,139.3600,35.4400,MFS26,INDUSTRIAL,high
IS2044,Atsugi Semiconductor Branch 11,139.3600,35.4400,MFS26,INDUSTRIAL,high
IS2045,Atsugi Semiconductor Branch 12,139.3600,35.4400,MFS26,INDUSTRIAL,high
IS2046,Atsugi Semiconductor Branch 13,139.3600,35.4400,MFS26,INDUSTRIAL,high
IS2047,Atsugi Semiconductor Branch 14,139.3600,35.4400,MFS26,INDUSTRIAL,high
IS2048,Atsugi Semiconductor Branch 15,139.3600,35.4400,MFS26,INDUSTRIAL,high
IS2049,Atsugi Semiconductor Branch 16,139.3600,35.4400,MFS26,INDUSTRIAL,high
IS2050,Atsugi Semiconductor Branch 17,139.3600,35.4400,MFS26,INDUSTRIAL,high
IS2051,Atsugi Semiconductor Branch 18,139.3600,35.4400,MFS26,INDUSTRIAL,high
IS2052,Ebina Electronics Zone Branch 1,139.4029,35.4535,MFS26,INDUSTRIAL,medium
IS2053,Ebina Electronics Zone Branch 2,139.4087,35.4522,MFS26,INDUSTRIAL,medium
IS2054,Ebina Electronics Zone Branch 3,139.4103,35.4497,MFS26,INDUSTRIAL,medium
IS2055,Ebina Electronics Zone Branch 4,139.4000,35.4645,MFS26,INDUSTRIAL,medium
IS2056,Ebina Electronics Zone Branch 5,139.4174,35.4617,MFS26,INDUSTRIAL,medium
IS2057,Ebina Electronics Zone Branch 6,139.4011,35.4660,MFS26,INDUSTRIAL,medium
IS2058,Ebina Electronics Zone Branch 7,139.3900,35.4500,MFS26,INDUSTRIAL,medium
IS2059,Ebina Electronics Zone Branch 8,139.3900,35.4500,MFS26,INDUSTRIAL,medium
IS2060,Ebina Electronics Zone Branch 9,139.4080,35.4797,MFS26,INDUSTRIAL,medium
IS2061,Ebina Electronics Zone Branch 10,139.3972,35.4807,MFS26,INDUSTRIAL,medium
IS2062,Ebina Electronics Zone Branch 11,139.4190,35.4542,MFS26,INDUSTRIAL,medium
IS2063,Ebina Electronics Zone Branch 12,139.4063,35.4547,MFS26,INDUSTRIAL,medium
IS2064,Ebina Electronics Zone Branch 13,139.4257,35.4438,MFS26,INDUSTRIAL,medium
IS2065,Ebina Electronics Zone Branch 14,139.4088,35.4600,MFS26,INDUSTRIAL,medium
IS2066,Ebina Electronics Zone Branch 15,139.4148,35.4626,MFS26,INDUSTRIAL,medium
IS2067,Ebina Electronics Zone Branch 16,139.3982,35.4783,MFS26,INDUSTRIAL,medium
IS2068,Ebina Electronics Zone Branch 17,139.4165,35.4756,MFS26,INDUSTRIAL,medium
IS2069,Ebina Electronics Zone Branch 18,139.3900,35.4500,MFS26,INDUSTRIAL,medium
IS2070,Sagamihara Industrial Park Branch 1,139.3600,35.5700,MFS26,INDUSTRIAL,high
IS2071,Sagamihara Industrial Park Branch 2,139.3600,35.5700,MFS26,INDUSTRIAL,high
IS2072,Sagamihara Industrial Park Branch 3,139.3600,35.5700,MFS26,INDUSTRIAL,high
IS2073,Sagamihara Industrial Park Branch 4,139.3600,35.5700,MFS26,INDUSTRIAL,high
IS2074,Sagamihara Industrial Park Branch 5,139.3600,35.5700,MFS26,INDUSTRIAL,high
IS2075,Sagamihara Industrial Park Branch 6,139.3600,35.5700,MFS26,INDUSTRIAL,high
IS2076,Sagamihara Industrial Park Branch 7,139.3600,35.5700,MFS26,INDUSTRIAL,high
IS2077,Sagamihara Industrial Park Branch 8,139.3600,35.5700,MFS26,INDUSTRIAL,high
IS2078,Sagamihara Industrial Park Branch 9,139.3600,35.5700,MFS26,INDUSTRIAL,high
IS2079,Sagamihara Industrial Park Branch 10,139.3600,35.5700,MFS26,INDUSTRIAL,high
IS2080,Sagamihara Industrial Park Branch 11,139.3600,35.5700,MFS26,INDUSTRIAL,high
IS2081,Sagamihara Industrial Park Branch 12,139.3600,35.5700,MFS26,INDUSTRIAL,high
IS2082,Sagamihara Industrial Park Branch 13,139.3600,35.5700,MFS26,INDUSTRIAL,high
IS2083,Sagamihara Industrial Park Branch 14,139.3600,35.5700,MFS26,INDUSTRIAL,high
IS2084,Sagamihara Industrial Park Branch 15,139.3600,35.5700,MFS26,INDUSTRIAL,high
IS2085,Sagamihara Industrial Park Branch 16,139.3600,35.5700,MFS26,INDUSTRIAL,high
IS2086,Sagamihara Industrial Park Branch 17,139.3600,35.5700,MFS26,INDUSTRIAL,high
IS2087,Sagamihara Industrial Park Branch 18,139.3600,35.5700,MFS26,INDUSTRIAL,high
IS2088,Machida Tech District Branch 1,139.4500,35.5400,MFS09,INDUSTRIAL,medium
IS2089,Machida Tech District Branch 2,139.4500,35.5400,MFS09,INDUSTRIAL,medium
IS2090,Machida Tech District Branch 3,139.4500,35.5400,MFS09,INDUSTRIAL,medium
IS2091,Machida Tech District Branch 4,139.4500,35.5400,MFS09,INDUSTRIAL,medium
IS2092,Machida Tech District Branch 5,139.4500,35.5400,MFS09,INDUSTRIAL,medium
IS2093,Machida Tech District Branch 6,139.4500,35.5400,MFS09,INDUSTRIAL,medium
IS2094,Machida Tech District Branch 7,139.4500,35.5400,MFS09,INDUSTRIAL,medium
IS2095,Machida Tech District Branch 8,139.4500,35.5400,MFS09,INDUSTRIAL,medium
IS2096,Machida Tech District Branch 9,139.4500,35.5400,MFS09,INDUSTRIAL,medium
IS2097,Machida Tech District Branch 10,139.4500,35.5400,MFS09,INDUSTRIAL,medium
IS2098,Machida Tech District Branch 11,139.4500,35.5400,MFS09,INDUSTRIAL,medium
IS2099,Machida Tech District Branch 12,139.4500,35.5400,MFS09,INDUSTRIAL,medium
IS2100,Machida Tech District Branch 13,139.4500,35.5400,MFS09,INDUSTRIAL,medium
IS2101,Machida Tech District Branch 14,139.4500,35.5400,MFS09,INDUSTRIAL,medium
IS2102,Machida Tech District Branch 15,139.4500,35.5400,MFS09,INDUSTRIAL,medium
IS2103,Machida Tech District Branch 16,139.4500,35.5400,MFS09,INDUSTRIAL,medium
IS2104,Machida Tech District Branch 17,139.4500,35.5400,MFS09,INDUSTRIAL,medium
IS2105,Machida Tech District Branch 18,139.4500,35.5400,MFS09,INDUSTRIAL,medium
IS2106,Hachioji Western Industrial Branch 1,139.3010,35.6648,MFS09,INDUSTRIAL,medium
IS2107,Hachioji Western Industrial Branch 2,139.3009,35.6676,MFS09,INDUSTRIAL,medium
IS2108,Hachioji Western Industrial Branch 3,139.2755,35.6652,MFS09,INDUSTRIAL,medium
IS2109,Hachioji Western Industrial Branch 4,139.3045,35.6465,MFS09,INDUSTRIAL,medium
IS2110,Hachioji Western Industrial Branch 5,139.2836,35.6632,MFS09,INDUSTRIAL,medium
IS2111,Hachioji Western Industrial Branch 6,139.2898,35.6472,MFS09,INDUSTRIAL,medium
IS2112,Hachioji Western Industrial Branch 7,139.2995,35.6630,MFS09,INDUSTRIAL,medium
IS2113,Hachioji Western Industrial Branch 8,139.3321,35.6514,MFS09,INDUSTRIAL,medium
IS2114,Hachioji Western Industrial Branch 9,139.2840,35.6848,MFS09,INDUSTRIAL,medium
IS2115,Hachioji Western Industrial Branch 10,139.2943,35.6815,MFS09,INDUSTRIAL,medium
IS2116,Hachioji Western Industrial Branch 11,139.3136,35.6648,MFS09,INDUSTRIAL,medium
IS2117,Hachioji Western Industrial Branch 12,139.2887,35.6576,MFS09,INDUSTRIAL,medium
IS2118,Hachioji Western Industrial Branch 13,139.3039,35.6428,MFS09,INDUSTRIAL,medium
IS2119,Hachioji Western Industrial Branch 14,139.2842,35.6609,MFS09,INDUSTRIAL,medium
IS2120,Hachioji Western Industrial Branch 15,139.3050,35.6425,MFS09,INDUSTRIAL,medium
IS2121,Hachioji Western Industrial Branch 16,139.2903,35.6611,MFS09,INDUSTRIAL,medium
IS2122,Hachioji Western Industrial Branch 17,139.3015,35.6485,MFS09,INDUSTRIAL,medium
IS2123,Hachioji Western Industrial Branch 18,139.3008,35.6424,MFS09,INDUSTRIAL,medium
IS2124,Ome Textile Complex Branch 1,139.2600,35.7900,MFS09,INDUSTRIAL,low
IS2125,Ome Textile Complex Branch 2,139.2600,35.7900,MFS09,INDUSTRIAL,low
IS2126,Ome Textile Complex Branch 3,139.2600,35.7900,MFS09,INDUSTRIAL,low
IS2127,Ome Textile Complex Branch 4,139.2600,35.7900,MFS09,INDUSTRIAL,low
IS2128,Ome Textile Complex Branch 5,139.2600,35.7900,MFS09,INDUSTRIAL,low
IS2129,Ome Textile Complex Branch 6,139.2600,35.7900,MFS09,INDUSTRIAL,low
IS2130,Ome Textile Complex Branch 7,139.2600,35.7900,MFS09,INDUSTRIAL,low
IS2131,Ome Textile Complex Branch 8,139.2600,35.7900,MFS09,INDUSTRIAL,low
IS2132,Ome Textile Complex Branch 9,139.2600,35.7900,MFS09,INDUSTRIAL,low
IS2133,Ome Textile Complex Branch 10,139.2600,35.7900,MFS09,INDUSTRIAL,low
IS2134,Ome Textile Complex Branch 11,139.2600,35.7900,MFS09,INDUSTRIAL,low
IS2135,Ome Textile Complex Branch 12,139.2600,35.7900,MFS09,INDUSTRIAL,low
IS2136,Ome Textile Complex Branch 13,139.2600,35.7900,MFS09,INDUSTRIAL,low
IS2137,Ome Textile Complex Branch 14,139.2600,35.7900,MFS09,INDUSTRIAL,low
IS2138,Ome Textile Complex Branch 15,139.2600,35.7900,MFS09,INDUSTRIAL,low
IS2139,Ome Textile Complex Branch 16,139.2600,35.7900,MFS09,INDUSTRIAL,low
IS2140,Ome Textile Complex Branch 17,139.2600,35.7900,MFS09,INDUSTRIAL,low
IS2141,Ome Textile Complex Branch 18,139.2600,35.7900,MFS09,INDUSTRIAL,low
IS2142,Akishima Manufacturing Branch 1,139.3644,35.6700,MFS09,INDUSTRIAL,medium
IS2143,Akishima Manufacturing Branch 2,139.3600,35.7000,MFS09,INDUSTRIAL,medium
IS2144,Akishima Manufacturing Branch 3,139.3600,35.7000,MFS09,INDUSTRIAL,medium
IS2145,Akishima Manufacturing Branch 4,139.3600,35.7000,MFS09,INDUSTRIAL,medium
IS2146,Akishima Manufacturing Branch 5,139.3629,35.6697,MFS09,INDUSTRIAL,medium
IS2147,Akishima Manufacturing Branch 6,139.3600,35.7000,MFS09,INDUSTRIAL,medium
IS2148,Akishima Manufacturing Branch 7,139.3476,35.6806,MFS09,INDUSTRIAL,medium
IS2149,Akishima Manufacturing Branch 8,139.3600,35.7000,MFS09,INDUSTRIAL,medium
IS2150,Akishima Manufacturing Branch 9,139.3415,35.6809,MFS09,INDUSTRIAL,medium
IS2151,Akishima Manufacturing Branch 10,139.3581,35.6800,MFS09,INDUSTRIAL,medium
IS2152,Akishima Manufacturing Branch 11,139.3502,35.6887,MFS09,INDUSTRIAL,medium
IS2153,Akishima Manufacturing Branch 12,139.3507,35.6852,MFS09,INDUSTRIAL,medium
IS2154,Akishima Manufacturing Branch 13,139.3600,35.7000,MFS09,INDUSTRIAL,medium
IS2155,Akishima Manufacturing Branch 14,139.3600,35.7000,MFS09,INDUSTRIAL,medium
IS2156,Akishima Manufacturing Branch 15,139.3401,35.6954,MFS09,INDUSTRIAL,medium
IS2157,Akishima Manufacturing Branch 16,139.3558,35.6877,MFS09,INDUSTRIAL,medium
IS2158,Akishima Manufacturing Branch 17,139.3512,35.6775,MFS09,INDUSTRIAL,medium
IS2159,Akishima Manufacturing Branch 18,139.3643,35.6792,MFS09,INDUSTRIAL,medium
IS2160,Tachikawa Aerospace Parts Branch 1,139.4000,35.6900,MFS09,INDUSTRIAL,medium
IS2161,Tachikawa Aerospace Parts Branch 2,139.4000,35.6900,MFS09,INDUSTRIAL,medium
IS2162,Tachikawa Aerospace Parts Branch 3,139.4000,35.6900,MFS09,INDUSTRIAL,medium
IS2163,Tachikawa Aerospace Parts Branch 4,139.4000,35.6900,MFS09,INDUSTRIAL,medium
IS2164,Tachikawa Aerospace Parts Branch 5,139.4000,35.6900,MFS09,INDUSTRIAL,medium
IS2165,Tachikawa Aerospace Parts Branch 6,139.4000,35.6900,MFS09,INDUSTRIAL,medium
IS2166,Tachikawa Aerospace Parts Branch 7,139.4000,35.6900,MFS09,INDUSTRIAL,medium
IS2167,Tachikawa Aerospace Parts Branch 8,139.4000,35.6900,MFS09,INDUSTRIAL,medium
IS2168,Tachikawa Aerospace Parts Branch 9,139.4000,35.6900,MFS09,INDUSTRIAL,medium
IS2169,Tachikawa Aerospace Parts Branch 10,139.4000,35.6900,MFS09,INDUSTRIAL,medium
IS2170,Tachikawa Aerospace Parts Branch 11,139.4000,35.6900,MFS09,INDUSTRIAL,medium
IS2171,Tachikawa Aerospace Parts Branch 12,139.3735,35.6625,MFS09,INDUSTRIAL,medium
IS2172,Tachikawa Aerospace Parts Branch 13,139.4000,35.6900,MFS09,INDUSTRIAL,medium
IS2173,Tachikawa Aerospace Parts Branch 14,139.4000,35.6900,MFS09,INDUSTRIAL,medium
IS2174,Tachikawa Aerospace Parts Branch 15,139.4000,35.6900,MFS09,INDUSTRIAL,medium
IS2175,Tachikawa Aerospace Parts Branch 16,139.4000,35.6900,MFS09,INDUSTRIAL,medium
IS2176,Tachikawa Aerospace Parts Branch 17,139.4000,35.6900,MFS09,INDUSTRIAL,medium
IS2177,Tachikawa Aerospace Parts Branch 18,139.4000,35.6900,MFS09,INDUSTRIAL,medium
IS2178,Hino Automotive Assembly Branch 1,139.3900,35.6700,MFS09,INDUSTRIAL,high
IS2179,Hino Automotive Assembly Branch 2,139.3900,35.6700,MFS09,INDUSTRIAL,high
IS2180,Hino Automotive Assembly Branch 3,139.3502,35.6798,MFS09,INDUSTRIAL,high
IS2181,Hino Automotive Assembly Branch 4,139.3768,35.6594,MFS09,INDUSTRIAL,high
IS2182,Hino Automotive Assembly Branch 5,139.3695,35.6763,MFS09,INDUSTRIAL,high
IS2183,Hino Automotive Assembly Branch 6,139.3728,35.6673,MFS09,INDUSTRIAL,high
IS2184,Hino Automotive Assembly Branch 7,139.3900,35.6700,MFS09,INDUSTRIAL,high
IS2185,Hino Automotive Assembly Branch 8,139.3900,35.6700,MFS09,INDUSTRIAL,high
IS2186,Hino Automotive Assembly Branch 9,139.3734,35.6624,MFS09,INDUSTRIAL,high
IS2187,Hino Automotive Assembly Branch 10,139.3790,35.6573,MFS09,INDUSTRIAL,high
IS2188,Hino Automotive Assembly Branch 11,139.3900,35.6700,MFS09,INDUSTRIAL,high
IS2189,Hino Automotive Assembly Branch 12,139.3900,35.6700,MFS09,INDUSTRIAL,high
IS2190,Hino Automotive Assembly Branch 13,139.3900,35.6700,MFS09,INDUSTRIAL,high
IS2191,Hino Automotive Assembly Branch 14,139.3771,35.6638,MFS09,INDUSTRIAL,high
IS2192,Hino Automotive Assembly Branch 15,139.3763,35.6476,MFS09,INDUSTRIAL,high
IS2193,Hino Automotive Assembly Branch 16,139.3618,35.6532,MFS09,INDUSTRIAL,high
IS2194,Hino Automotive Assembly Branch 17,139.3759,35.6553,MFS09,INDUSTRIAL,high
IS2195,Hino Automotive Assembly Branch 18,139.3762,35.6597,MFS09,INDUSTRIAL,high
IS2196,Fussa Military Contractor Branch 1,139.3300,35.7400,MFS09,INDUSTRIAL,low
IS2197,Fussa Military Contractor Branch 2,139.3300,35.7400,MFS09,INDUSTRIAL,low
IS2198,Fussa Military Contractor Branch 3,139.3300,35.7400,MFS09,INDUSTRIAL,low
IS2199,Fussa Military Contractor Branch 4,139.3300,35.7400,MFS09,INDUSTRIAL,low
IS2200,Fussa Military Contractor Branch 5,139.3300,35.7400,MFS09,INDUSTRIAL,low
IS2201,Fussa Military Contractor Branch 6,139.3300,35.7400,MFS09,INDUSTRIAL,low
IS2202,Fussa Military Contractor Branch 7,139.3300,35.7400,MFS09,INDUSTRIAL,low
IS2203,Fussa Military Contractor Branch 8,139.3300,35.7400,MFS09,INDUSTRIAL,low
IS2204,Fussa Military Contractor Branch 9,139.3300,35.7400,MFS09,INDUSTRIAL,low
IS2205,Fussa Military Contractor Branch 10,139.3300,35.7400,MFS09,INDUSTRIAL,low
IS2206,Fussa Military Contractor Branch 11,139.3300,35.7400,MFS09,INDUSTRIAL,low
IS2207,Fussa Military Contractor Branch 12,139.3300,35.7400,MFS09,INDUSTRIAL,low
IS2208,Fussa Military Contractor Branch 13,139.3300,35.7400,MFS09,INDUSTRIAL,low
IS2209,Fussa Military Contractor Branch 14,139.3300,35.7400,MFS09,INDUSTRIAL,low
IS2210,Fussa Military Contractor Branch 15,139.3300,35.7400,MFS09,INDUSTRIAL,low
IS2211,Fussa Military Contractor Branch 16,139.3300,35.7400,MFS09,INDUSTRIAL,low
IS2212,Fussa Military Contractor Branch 17,139.3300,35.7400,MFS09,INDUSTRIAL,low
IS2213,Fussa Military Contractor Branch 18,139.3300,35.7400,MFS09,INDUSTRIAL,low
IS2214,Hamura Electronics Branch 1,139.3100,35.7700,MFS09,INDUSTRIAL,low
IS2215,Hamura Electronics Branch 2,139.3100,35.7700,MFS09,INDUSTRIAL,low
IS2216,Hamura Electronics Branch 3,139.3100,35.7700,MFS09,INDUSTRIAL,low
IS2217,Hamura Electronics Branch 4,139.3100,35.7700,MFS09,INDUSTRIAL,low
IS2218,Hamura Electronics Branch 5,139.3100,35.7700,MFS09,INDUSTRIAL,low
IS2219,Hamura Electronics Branch 6,139.3100,35.7700,MFS09,INDUSTRIAL,low
IS2220,Hamura Electronics Branch 7,139.3100,35.7700,MFS09,INDUSTRIAL,low
IS2221,Hamura Electronics Branch 8,139.3100,35.7700,MFS09,INDUSTRIAL,low
IS2222,Hamura Electronics Branch 9,139.3100,35.7700,MFS09,INDUSTRIAL,low
IS2223,Hamura Electronics Branch 10,139.3100,35.7700,MFS09,INDUSTRIAL,low
IS2224,Hamura Electronics Branch 11,139.3100,35.7700,MFS09,INDUSTRIAL,low
IS2225,Hamura Electronics Branch 12,139.3100,35.7700,MFS09,INDUSTRIAL,low
IS2226,Hamura Electronics Branch 13,139.3100,35.7700,MFS09,INDUSTRIAL,low
IS2227,Hamura Electronics Branch 14,139.3100,35.7700,MFS09,INDUSTRIAL,low
IS2228,Hamura Electronics Branch 15,139.3100,35.7700,MFS09,INDUSTRIAL,low
IS2229,Hamura Electronics Branch 16,139.3100,35.7700,MFS09,INDUSTRIAL,low
IS2230,Hamura Electronics Branch 17,139.3100,35.7700,MFS09,INDUSTRIAL,low
IS2231,Hamura Electronics Branch 18,139.3100,35.7700,MFS09,INDUSTRIAL,low
IS2232,Mizuho Agricultural Processing Branch 1,139.3492,35.7792,MFS09,INDUSTRIAL,low
IS2233,Mizuho Agricultural Processing Branch 2,139.3492,35.7792,MFS09,INDUSTRIAL,low
IS2234,Mizuho Agricultural Processing Branch 3,139.3492,35.7792,MFS09,INDUSTRIAL,low
IS2235,Mizuho Agricultural Processing Branch 4,139.3492,35.7792,MFS09,INDUSTRIAL,low
IS2236,Mizuho Agricultural Processing Branch 5,139.3492,35.7792,MFS09,INDUSTRIAL,low
IS2237,Mizuho Agricultural Processing Branch 6,139.3492,35.7792,MFS09,INDUSTRIAL,low
IS2238,Mizuho Agricultural Processing Branch 7,139.3492,35.7792,MFS09,INDUSTRIAL,low
IS2239,Mizuho Agricultural Processing Branch 8,139.3492,35.7792,MFS09,INDUSTRIAL,low
IS2240,Mizuho Agricultural Processing Branch 9,139.3492,35.7792,MFS09,INDUSTRIAL,low
IS2241,Mizuho Agricultural Processing Branch 10,139.3492,35.7792,MFS09,INDUSTRIAL,low
IS2242,Mizuho Agricultural Processing Branch 11,139.3492,35.7792,MFS09,INDUSTRIAL,low
IS2243,Mizuho Agricultural Processing Branch 12,139.3492,35.7792,MFS09,INDUSTRIAL,low
IS2244,Mizuho Agricultural Processing Branch 13,139.3492,35.7792,MFS09,INDUSTRIAL,low
IS2245,Mizuho Agricultural Processing Branch 14,139.3492,35.7792,MFS09,INDUSTRIAL,low
IS2246,Mizuho Agricultural Processing Branch 15,139.3492,35.7792,MFS09,INDUSTRIAL,low
IS2247,Mizuho Agricultural Processing Branch 16,139.3492,35.7792,MFS09,INDUSTRIAL,low
IS2248,Mizuho Agricultural Processing Branch 17,139.3492,35.7792,MFS09,INDUSTRIAL,low
IS2249,Mizuho Agricultural Processing Branch 18,139.3492,35.7792,MFS09,INDUSTRIAL,low
IS2250,Konosu Industrial Zone Branch 1,139.5179,36.0696,MFS08,INDUSTRIAL,low
IS2251,Konosu Industrial Zone Branch 2,139.5090,36.0620,MFS08,INDUSTRIAL,low
IS2252,Konosu Industrial Zone Branch 3,139.5127,36.0655,MFS08,INDUSTRIAL,low
IS2253,Konosu Industrial Zone Branch 4,139.5087,36.0708,MFS08,INDUSTRIAL,low
IS2254,Konosu Industrial Zone Branch 5,139.5124,36.0638,MFS08,INDUSTRIAL,low
IS2255,Konosu Industrial Zone Branch 6,139.5111,36.0701,MFS08,INDUSTRIAL,low
IS2256,Konosu Industrial Zone Branch 7,139.5063,36.0688,MFS08,INDUSTRIAL,low
IS2257,Konosu Industrial Zone Branch 8,139.5132,36.0778,MFS08,INDUSTRIAL,low
IS2258,Konosu Industrial Zone Branch 9,139.5120,36.0611,MFS08,INDUSTRIAL,low
IS2259,Konosu Industrial Zone Branch 10,139.5173,36.0744,MFS08,INDUSTRIAL,low
IS2260,Gyoda Factory District Branch 1,139.4907,36.1422,MFS08,INDUSTRIAL,low
IS2261,Gyoda Factory District Branch 2,139.4779,36.1479,MFS08,INDUSTRIAL,low
IS2262,Gyoda Factory District Branch 3,139.4898,36.1475,MFS08,INDUSTRIAL,low
IS2263,Gyoda Factory District Branch 4,139.4594,36.1368,MFS08,INDUSTRIAL,low
IS2264,Gyoda Factory District Branch 5,139.4670,36.1494,MFS08,INDUSTRIAL,low
IS2265,Gyoda Factory District Branch 6,139.4701,36.1444,MFS08,INDUSTRIAL,low
IS2266,Gyoda Factory District Branch 7,139.4766,36.1380,MFS08,INDUSTRIAL,low
IS2267,Gyoda Factory District Branch 8,139.4696,36.1562,MFS08,INDUSTRIAL,low
IS2268,Gyoda Factory District Branch 9,139.4731,36.1512,MFS08,INDUSTRIAL,low
IS2269,Gyoda Factory District Branch 10,139.4861,36.1427,MFS08,INDUSTRIAL,low
IS2270,Yashio Industrial Estate Branch 1,139.8659,35.8085,MFS19,INDUSTRIAL,medium
IS2271,Yashio Industrial Estate Branch 2,139.8742,35.8076,MFS19,INDUSTRIAL,medium
IS2272,Yashio Industrial Estate Branch 3,139.8504,35.8176,MFS19,INDUSTRIAL,medium
IS2273,Yashio Industrial Estate Branch 4,139.8676,35.8038,MFS19,INDUSTRIAL,medium
IS2274,Yashio Industrial Estate Branch 5,139.8625,35.8129,MFS19,INDUSTRIAL,medium
IS2275,Yashio Industrial Estate Branch 6,139.8733,35.8165,MFS19,INDUSTRIAL,medium
IS2276,Yashio Industrial Estate Branch 7,139.8721,35.8057,MFS19,INDUSTRIAL,medium
IS2277,Yashio Industrial Estate Branch 8,139.8701,35.8057,MFS19,INDUSTRIAL,medium
IS2278,Yashio Industrial Estate Branch 9,139.8819,35.8091,MFS19,INDUSTRIAL,medium
IS2279,Yashio Industrial Estate Branch 10,139.8682,35.8098,MFS19,INDUSTRIAL,medium
IS2280,Misato Light Industry Branch 1,139.8826,35.8247,MFS19,INDUSTRIAL,low
IS2281,Misato Light Industry Branch 2,139.8872,35.8425,MFS19,INDUSTRIAL,low
IS2282,Misato Light Industry Branch 3,139.8797,35.8481,MFS19,INDUSTRIAL,low
IS2283,Misato Light Industry Branch 4,139.8594,35.8453,MFS19,INDUSTRIAL,low
IS2284,Misato Light Industry Branch 5,139.8775,35.8464,MFS19,INDUSTRIAL,low
IS2285,Misato Light Industry Branch 6,139.8989,35.8344,MFS19,INDUSTRIAL,low
IS2286,Misato Light Industry Branch 7,139.8748,35.8297,MFS19,INDUSTRIAL,low
IS2287,Misato Light Industry Branch 8,139.8813,35.8381,MFS19,INDUSTRIAL,low
IS2288,Misato Light Industry Branch 9,139.8827,35.8335,MFS19,INDUSTRIAL,low
IS2289,Misato Light Industry Branch 10,139.8738,35.8341,MFS19,INDUSTRIAL,low
IS2290,Ogawa Manufacturing Branch 1,139.2700,36.0700,MFS36,INDUSTRIAL,low
IS2291,Ogawa Manufacturing Branch 2,139.2700,36.0700,MFS36,INDUSTRIAL,low
IS2292,Ogawa Manufacturing Branch 3,139.2700,36.0700,MFS36,INDUSTRIAL,low
IS2293,Ogawa Manufacturing Branch 4,139.2700,36.0700,MFS36,INDUSTRIAL,low
IS2294,Ogawa Manufacturing Branch 5,139.2700,36.0700,MFS36,INDUSTRIAL,low
IS2295,Ogawa Manufacturing Branch 6,139.2700,36.0700,MFS36,INDUSTRIAL,low
IS2296,Ogawa Manufacturing Branch 7,139.2700,36.0700,MFS36,INDUSTRIAL,low
IS2297,Ogawa Manufacturing Branch 8,139.2700,36.0700,MFS36,INDUSTRIAL,low
IS2298,Ogawa Manufacturing Branch 9,139.2700,36.0700,MFS36,INDUSTRIAL,low
IS2299,Ogawa Manufacturing Branch 10,139.2700,36.0700,MFS36,INDUSTRIAL,low
IS2300,Ogawa Manufacturing Branch 11,139.2700,36.0700,MFS36,INDUSTRIAL,low
IS2301,Ogawa Manufacturing Branch 12,139.2700,36.0700,MFS36,INDUSTRIAL,low
IS2302,Ogawa Manufacturing Branch 13,139.2700,36.0700,MFS36,INDUSTRIAL,low
IS2303,Ogawa Manufacturing Branch 14,139.2700,36.0700,MFS36,INDUSTRIAL,low
IS2304,Ogawa Manufacturing Branch 15,139.2700,36.0700,MFS36,INDUSTRIAL,low
IS2305,Ogawa Manufacturing Branch 16,139.2700,36.0700,MFS36,INDUSTRIAL,low
IS2306,Ogawa Manufacturing Branch 17,139.2700,36.0700,MFS36,INDUSTRIAL,low
IS2307,Ogawa Manufacturing Branch 18,139.2700,36.0700,MFS36,INDUSTRIAL,low
IS2308,Fukaya Industrial Park Branch 1,139.2717,36.2100,MFS35,INDUSTRIAL,low
IS2309,Fukaya Industrial Park Branch 2,139.2717,36.2100,MFS35,INDUSTRIAL,low
IS2310,Fukaya Industrial Park Branch 3,139.2717,36.2100,MFS35,INDUSTRIAL,low
IS2311,Fukaya Industrial Park Branch 4,139.2717,36.2100,MFS35,INDUSTRIAL,low
IS2312,Fukaya Industrial Park Branch 5,139.3177,36.2005,MFS35,INDUSTRIAL,low
IS2313,Fukaya Industrial Park Branch 6,139.2717,36.2100,MFS35,INDUSTRIAL,low
IS2314,Fukaya Industrial Park Branch 7,139.2717,36.2100,MFS35,INDUSTRIAL,low
IS2315,Fukaya Industrial Park Branch 8,139.2717,36.2100,MFS35,INDUSTRIAL,low
IS2316,Fukaya Industrial Park Branch 9,139.2717,36.2100,MFS35,INDUSTRIAL,low
IS2317,Fukaya Industrial Park Branch 10,139.2717,36.2100,MFS35,INDUSTRIAL,low
IS2318,Fukaya Industrial Park Branch 11,139.2717,36.2100,MFS35,INDUSTRIAL,low
IS2319,Fukaya Industrial Park Branch 12,139.2717,36.2100,MFS35,INDUSTRIAL,low
IS2320,Fukaya Industrial Park Branch 13,139.2717,36.2100,MFS35,INDUSTRIAL,low
IS2321,Fukaya Industrial Park Branch 14,139.2717,36.2100,MFS35,INDUSTRIAL,low
IS2322,Fukaya Industrial Park Branch 15,139.2717,36.2100,MFS35,INDUSTRIAL,low
IS2323,Fukaya Industrial Park Branch 16,139.2717,36.2100,MFS35,INDUSTRIAL,low
IS2324,Fukaya Industrial Park Branch 17,139.2717,36.2100,MFS35,INDUSTRIAL,low
IS2325,Fukaya Industrial Park Branch 18,139.2717,36.2100,MFS35,INDUSTRIAL,low
IS2326,Chichibu Cement Factory Branch 1,139.0800,36.0200,MFS31,INDUSTRIAL,medium
IS2327,Chichibu Cement Factory Branch 2,139.0800,36.0200,MFS31,INDUSTRIAL,medium
IS2328,Chichibu Cement Factory Branch 3,139.0800,36.0200,MFS31,INDUSTRIAL,medium
IS2329,Chichibu Cement Factory Branch 4,139.0800,36.0200,MFS31,INDUSTRIAL,medium
IS2330,Chichibu Cement Factory Branch 5,139.0800,36.0200,MFS31,INDUSTRIAL,medium
IS2331,Chichibu Cement Factory Branch 6,139.0800,36.0200,MFS31,INDUSTRIAL,medium
IS2332,Chichibu Cement Factory Branch 7,139.0800,36.0200,MFS31,INDUSTRIAL,medium
IS2333,Chichibu Cement Factory Branch 8,139.0800,36.0200,MFS31,INDUSTRIAL,medium
IS2334,Chichibu Cement Factory Branch 9,139.0800,36.0200,MFS31,INDUSTRIAL,medium
IS2335,Chichibu Cement Factory Branch 10,139.0800,36.0200,MFS31,INDUSTRIAL,medium
IS2336,Chichibu Cement Factory Branch 11,139.0800,36.0200,MFS31,INDUSTRIAL,medium
IS2337,Chichibu Cement Factory Branch 12,139.0800,36.0200,MFS31,INDUSTRIAL,medium
IS2338,Chichibu Cement Factory Branch 13,139.0800,36.0200,MFS31,INDUSTRIAL,medium
IS2339,Chichibu Cement Factory Branch 14,139.0800,36.0200,MFS31,INDUSTRIAL,medium
IS2340,Chichibu Cement Factory Branch 15,139.0800,36.0200,MFS31,INDUSTRIAL,medium
IS2341,Chichibu Cement Factory Branch 16,139.0800,36.0200,MFS31,INDUSTRIAL,medium
IS2342,Chichibu Cement Factory Branch 17,139.0800,36.0200,MFS31,INDUSTRIAL,medium
IS2343,Chichibu Cement Factory Branch 18,139.0800,36.0200,MFS31,INDUSTRIAL,medium
IS2344,Noda Industrial Zone Branch 1,139.8899,35.9308,MFS40,INDUSTRIAL,medium
IS2345,Noda Industrial Zone Branch 2,139.8780,35.9321,MFS40,INDUSTRIAL,medium
IS2346,Noda Industrial Zone Branch 3,139.8882,35.9345,MFS40,INDUSTRIAL,medium
IS2347,Noda Industrial Zone Branch 4,139.8846,35.9415,MFS40,INDUSTRIAL,medium
IS2348,Noda Industrial Zone Branch 5,139.8857,35.9231,MFS40,INDUSTRIAL,medium
IS2349,Noda Industrial Zone Branch 6,139.8842,35.9354,MFS40,INDUSTRIAL,medium
IS2350,Noda Industrial Zone Branch 7,139.8786,35.9386,MFS40,INDUSTRIAL,medium
IS2351,Noda Industrial Zone Branch 8,139.8892,35.9293,MFS40,INDUSTRIAL,medium
IS2352,Noda Industrial Zone Branch 9,139.9071,35.9215,MFS40,INDUSTRIAL,medium
IS2353,Noda Industrial Zone Branch 10,139.9018,35.9358,MFS40,INDUSTRIAL,medium
IS2354,Abiko Manufacturing Branch 1,140.0400,35.8500,MFS42,INDUSTRIAL,low
IS2355,Abiko Manufacturing Branch 2,140.0400,35.8500,MFS42,INDUSTRIAL,low
IS2356,Abiko Manufacturing Branch 3,140.0400,35.8500,MFS42,INDUSTRIAL,low
IS2357,Abiko Manufacturing Branch 4,140.0400,35.8500,MFS42,INDUSTRIAL,low
IS2358,Abiko Manufacturing Branch 5,140.0400,35.8500,MFS42,INDUSTRIAL,low
IS2359,Abiko Manufacturing Branch 6,140.0400,35.8500,MFS42,INDUSTRIAL,low
IS2360,Abiko Manufacturing Branch 7,140.0400,35.8500,MFS42,INDUSTRIAL,low
IS2361,Abiko Manufacturing Branch 8,140.0400,35.8500,MFS42,INDUSTRIAL,low
IS2362,Abiko Manufacturing Branch 9,140.0400,35.8500,MFS42,INDUSTRIAL,low
IS2363,Abiko Manufacturing Branch 10,140.0400,35.8500,MFS42,INDUSTRIAL,low
IS2364,Abiko Manufacturing Branch 11,140.0400,35.8500,MFS42,INDUSTRIAL,low
IS2365,Abiko Manufacturing Branch 12,140.0400,35.8500,MFS42,INDUSTRIAL,low
IS2366,Abiko Manufacturing Branch 13,140.0400,35.8500,MFS42,INDUSTRIAL,low
IS2367,Abiko Manufacturing Branch 14,140.0400,35.8500,MFS42,INDUSTRIAL,low
IS2368,Abiko Manufacturing Branch 15,140.0400,35.8500,MFS42,INDUSTRIAL,low
IS2369,Abiko Manufacturing Branch 16,140.0400,35.8500,MFS42,INDUSTRIAL,low
IS2370,Abiko Manufacturing Branch 17,140.0400,35.8500,MFS42,INDUSTRIAL,low
IS2371,Abiko Manufacturing Branch 18,140.0400,35.8500,MFS42,INDUSTRIAL,low
IS2372,Mito North Industrial Branch 1,140.4700,36.4200,MFS52,INDUSTRIAL,medium
IS2373,Mito North Industrial Branch 2,140.4700,36.4200,MFS52,INDUSTRIAL,medium
IS2374,Mito North Industrial Branch 3,140.4700,36.4200,MFS52,INDUSTRIAL,medium
IS2375,Mito North Industrial Branch 4,140.4700,36.4200,MFS52,INDUSTRIAL,medium
IS2376,Mito North Industrial Branch 5,140.4700,36.4200,MFS52,INDUSTRIAL,medium
IS2377,Mito North Industrial Branch 6,140.4700,36.4200,MFS52,INDUSTRIAL,medium
IS2378,Mito North Industrial Branch 7,140.4700,36.4200,MFS52,INDUSTRIAL,medium
IS2379,Mito North Industrial Branch 8,140.4700,36.4200,MFS52,INDUSTRIAL,medium
IS2380,Mito North Industrial Branch 9,140.4700,36.4200,MFS52,INDUSTRIAL,medium
IS2381,Mito North Industrial Branch 10,140.4700,36.4200,MFS52,INDUSTRIAL,medium
IS2382,Mito North Industrial Branch 11,140.4700,36.4200,MFS52,INDUSTRIAL,medium
IS2383,Mito North Industrial Branch 12,140.4700,36.4200,MFS52,INDUSTRIAL,medium
IS2384,Mito North Industrial Branch 13,140.4700,36.4200,MFS52,INDUSTRIAL,medium
IS2385,Mito North Industrial Branch 14,140.4700,36.4200,MFS52,INDUSTRIAL,medium
IS2386,Mito North Industrial Branch 15,140.4700,36.4200,MFS52,INDUSTRIAL,medium
IS2387,Mito North Industrial Branch 16,140.4700,36.4200,MFS52,INDUSTRIAL,medium
IS2388,Mito North Industrial Branch 17,140.4700,36.4200,MFS52,INDUSTRIAL,medium
IS2389,Mito North Industrial Branch 18,140.4700,36.4200,MFS52,INDUSTRIAL,medium
IS2390,Tsuchiura Industrial Park Branch 1,140.1816,36.1016,MFS53,INDUSTRIAL,medium
IS2391,Tsuchiura Industrial Park Branch 2,140.1816,36.1016,MFS53,INDUSTRIAL,medium
IS2392,Tsuchiura Industrial Park Branch 3,140.1816,36.1016,MFS53,INDUSTRIAL,medium
IS2393,Tsuchiura Industrial Park Branch 4,140.1816,36.1016,MFS53,INDUSTRIAL,medium
IS2394,Tsuchiura Industrial Park Branch 5,140.1816,36.1016,MFS53,INDUSTRIAL,medium
IS2395,Tsuchiura Industrial Park Branch 6,140.1816,36.1016,MFS53,INDUSTRIAL,medium
IS2396,Tsuchiura Industrial Park Branch 7,140.1816,36.1016,MFS53,INDUSTRIAL,medium
IS2397,Tsuchiura Industrial Park Branch 8,140.1816,36.1016,MFS53,INDUSTRIAL,medium
IS2398,Tsuchiura Industrial Park Branch 9,140.1816,36.1016,MFS53,INDUSTRIAL,medium
IS2399,Tsuchiura Industrial Park Branch 10,140.1816,36.1016,MFS53,INDUSTRIAL,medium
IS2400,Tsuchiura Industrial Park Branch 11,140.1816,36.1016,MFS53,INDUSTRIAL,medium
IS2401,Tsuchiura Industrial Park Branch 12,140.1816,36.1016,MFS53,INDUSTRIAL,medium
IS2402,Tsuchiura Industrial Park Branch 13,140.1816,36.1016,MFS53,INDUSTRIAL,medium
IS2403,Tsuchiura Industrial Park Branch 14,140.1816,36.1016,MFS53,INDUSTRIAL,medium
IS2404,Tsuchiura Industrial Park Branch 15,140.1816,36.1016,MFS53,INDUSTRIAL,medium
IS2405,Tsuchiura Industrial Park Branch 16,140.1816,36.1016,MFS53,INDUSTRIAL,medium
IS2406,Tsuchiura Industrial Park Branch 17,140.1816,36.1016,MFS53,INDUSTRIAL,medium
IS2407,Tsuchiura Industrial Park Branch 18,140.1816,36.1016,MFS53,INDUSTRIAL,medium
IS2408,Chikusei Factory Branch 1,139.9700,36.3800,MFS56,INDUSTRIAL,low
IS2409,Chikusei Factory Branch 2,139.9700,36.3800,MFS56,INDUSTRIAL,low
IS2410,Chikusei Factory Branch 3,139.9700,36.3800,MFS56,INDUSTRIAL,low
IS2411,Chikusei Factory Branch 4,139.9700,36.3800,MFS56,INDUSTRIAL,low
IS2412,Chikusei Factory Branch 5,139.9700,36.3800,MFS56,INDUSTRIAL,low
IS2413,Chikusei Factory Branch 6,139.9700,36.3800,MFS56,INDUSTRIAL,low
IS2414,Chikusei Factory Branch 7,139.9700,36.3800,MFS56,INDUSTRIAL,low
IS2415,Chikusei Factory Branch 8,139.9700,36.3800,MFS56,INDUSTRIAL,low
IS2416,Chikusei Factory Branch 9,139.9700,36.3800,MFS56,INDUSTRIAL,low
IS2417,Chikusei Factory Branch 10,139.9700,36.3800,MFS56,INDUSTRIAL,low
IS2418,Chikusei Factory Branch 11,139.9700,36.3800,MFS56,INDUSTRIAL,low
IS2419,Chikusei Factory Branch 12,139.9700,36.3800,MFS56,INDUSTRIAL,low
IS2420,Chikusei Factory Branch 13,139.9700,36.3800,MFS56,INDUSTRIAL,low
IS2421,Chikusei Factory Branch 14,139.9700,36.3800,MFS56,INDUSTRIAL,low
IS2422,Chikusei Factory Branch 15,139.9700,36.3800,MFS56,INDUSTRIAL,low
IS2423,Chikusei Factory Branch 16,139.9700,36.3800,MFS56,INDUSTRIAL,low
IS2424,Chikusei Factory Branch 17,139.9700,36.3800,MFS56,INDUSTRIAL,low
IS2425,Chikusei Factory Branch 18,139.9700,36.3800,MFS56,INDUSTRIAL,low
IS2426,Nikko Manufacturing Branch 1,139.6100,36.7600,MFS60,INDUSTRIAL,low
IS2427,Nikko Manufacturing Branch 2,139.6100,36.7600,MFS60,INDUSTRIAL,low
IS2428,Nikko Manufacturing Branch 3,139.6100,36.7600,MFS60,INDUSTRIAL,low
IS2429,Nikko Manufacturing Branch 4,139.6100,36.7600,MFS60,INDUSTRIAL,low
IS2430,Nikko Manufacturing Branch 5,139.6100,36.7600,MFS60,INDUSTRIAL,low
IS2431,Nikko Manufacturing Branch 6,139.6100,36.7600,MFS60,INDUSTRIAL,low
IS2432,Nikko Manufacturing Branch 7,139.6100,36.7600,MFS60,INDUSTRIAL,low
IS2433,Nikko Manufacturing Branch 8,139.6100,36.7600,MFS60,INDUSTRIAL,low
IS2434,Nikko Manufacturing Branch 9,139.6100,36.7600,MFS60,INDUSTRIAL,low
IS2435,Nikko Manufacturing Branch 10,139.6100,36.7600,MFS60,INDUSTRIAL,low
IS2436,Nikko Manufacturing Branch 11,139.6100,36.7600,MFS60,INDUSTRIAL,low
IS2437,Nikko Manufacturing Branch 12,139.6100,36.7600,MFS60,INDUSTRIAL,low
IS2438,Nikko Manufacturing Branch 13,139.6100,36.7600,MFS60,INDUSTRIAL,low
IS2439,Nikko Manufacturing Branch 14,139.6100,36.7600,MFS60,INDUSTRIAL,low
IS2440,Nikko Manufacturing Branch 15,139.6100,36.7600,MFS60,INDUSTRIAL,low
IS2441,Nikko Manufacturing Branch 16,139.6100,36.7600,MFS60,INDUSTRIAL,low
IS2442,Nikko Manufacturing Branch 17,139.6100,36.7600,MFS60,INDUSTRIAL,low
IS2443,Nikko Manufacturing Branch 18,139.6100,36.7600,MFS60,INDUSTRIAL,low
IS2444,Utsunomiya NW Industrial Branch 1,139.8325,36.5692,MFS61,INDUSTRIAL,medium
IS2445,Utsunomiya NW Industrial Branch 2,139.8325,36.5692,MFS61,INDUSTRIAL,medium
IS2446,Utsunomiya NW Industrial Branch 3,139.8325,36.5692,MFS61,INDUSTRIAL,medium
IS2447,Utsunomiya NW Industrial Branch 4,139.8325,36.5692,MFS61,INDUSTRIAL,medium
IS2448,Utsunomiya NW Industrial Branch 5,139.8325,36.5692,MFS61,INDUSTRIAL,medium
IS2449,Utsunomiya NW Industrial Branch 6,139.8325,36.5692,MFS61,INDUSTRIAL,medium
IS2450,Utsunomiya NW Industrial Branch 7,139.8325,36.5692,MFS61,INDUSTRIAL,medium
IS2451,Utsunomiya NW Industrial Branch 8,139.8325,36.5692,MFS61,INDUSTRIAL,medium
IS2452,Utsunomiya NW Industrial Branch 9,139.8325,36.5692,MFS61,INDUSTRIAL,medium
IS2453,Utsunomiya NW Industrial Branch 10,139.8325,36.5692,MFS61,INDUSTRIAL,medium
IS2454,Utsunomiya NW Industrial Branch 11,139.8325,36.5692,MFS61,INDUSTRIAL,medium
IS2455,Utsunomiya NW Industrial Branch 12,139.8325,36.5692,MFS61,INDUSTRIAL,medium
IS2456,Utsunomiya NW Industrial Branch 13,139.8325,36.5692,MFS61,INDUSTRIAL,medium
IS2457,Utsunomiya NW Industrial Branch 14,139.8325,36.5692,MFS61,INDUSTRIAL,medium
IS2458,Utsunomiya NW Industrial Branch 15,139.8325,36.5692,MFS61,INDUSTRIAL,medium
IS2459,Utsunomiya NW Industrial Branch 16,139.8325,36.5692,MFS61,INDUSTRIAL,medium
IS2460,Utsunomiya NW Industrial Branch 17,139.8325,36.5692,MFS61,INDUSTRIAL,medium
IS2461,Utsunomiya NW Industrial Branch 18,139.8325,36.5692,MFS61,INDUSTRIAL,medium
IS2462,Nasu Highland Factory Branch 1,140.0984,37.0184,MFS64,INDUSTRIAL,low
IS2463,Nasu Highland Factory Branch 2,140.0984,37.0184,MFS64,INDUSTRIAL,low
IS2464,Nasu Highland Factory Branch 3,140.0984,37.0184,MFS64,INDUSTRIAL,low
IS2465,Nasu Highland Factory Branch 4,140.0984,37.0184,MFS64,INDUSTRIAL,low
IS2466,Nasu Highland Factory Branch 5,140.0984,37.0184,MFS64,INDUSTRIAL,low
IS2467,Nasu Highland Factory Branch 6,140.0984,37.0184,MFS64,INDUSTRIAL,low
IS2468,Nasu Highland Factory Branch 7,140.0984,37.0184,MFS64,INDUSTRIAL,low
IS2469,Nasu Highland Factory Branch 8,140.0984,37.0184,MFS64,INDUSTRIAL,low
IS2470,Nasu Highland Factory Branch 9,140.0984,37.0184,MFS64,INDUSTRIAL,low
IS2471,Nasu Highland Factory Branch 10,140.0984,37.0184,MFS64,INDUSTRIAL,low
IS2472,Nasu Highland Factory Branch 11,140.0984,37.0184,MFS64,INDUSTRIAL,low
IS2473,Nasu Highland Factory Branch 12,140.0984,37.0184,MFS64,INDUSTRIAL,low
IS2474,Nasu Highland Factory Branch 13,140.0984,37.0184,MFS64,INDUSTRIAL,low
IS2475,Nasu Highland Factory Branch 14,140.0984,37.0184,MFS64,INDUSTRIAL,low
IS2476,Nasu Highland Factory Branch 15,140.0984,37.0184,MFS64,INDUSTRIAL,low
IS2477,Nasu Highland Factory Branch 16,140.0984,37.0184,MFS64,INDUSTRIAL,low
IS2478,Nasu Highland Factory Branch 17,140.0984,37.0184,MFS64,INDUSTRIAL,low
IS2479,Nasu Highland Factory Branch 18,140.0984,37.0184,MFS64,INDUSTRIAL,low
IS2480,Nasu Highland Factory Branch 19,140.0984,37.0184,MFS64,INDUSTRIAL,low
IS2481,Nasu Highland Factory Branch 20,140.0984,37.0184,MFS64,INDUSTRIAL,low
IS2482,Nasu Highland Factory Branch 21,140.0984,37.0184,MFS64,INDUSTRIAL,low
IS2483,Nasu Highland Factory Branch 22,140.0984,37.0184,MFS64,INDUSTRIAL,low
IS2484,Nasu Highland Factory Branch 23,140.0984,37.0184,MFS64,INDUSTRIAL,low
IS2485,Nasu Highland Factory Branch 24,140.0984,37.0184,MFS64,INDUSTRIAL,low
IS2486,Numata Industrial Branch 1,139.0724,36.6514,MFS65,INDUSTRIAL,low
IS2487,Numata Industrial Branch 2,139.0327,36.6519,MFS65,INDUSTRIAL,low
IS2488,Numata Industrial Branch 3,139.0330,36.6442,MFS65,INDUSTRIAL,low
IS2489,Numata Industrial Branch 4,139.0630,36.6322,MFS65,INDUSTRIAL,low
IS2490,Numata Industrial Branch 5,139.0486,36.6550,MFS65,INDUSTRIAL,low
IS2491,Numata Industrial Branch 6,139.0731,36.6419,MFS65,INDUSTRIAL,low
IS2492,Numata Industrial Branch 7,139.0799,36.6609,MFS65,INDUSTRIAL,low
IS2493,Numata Industrial Branch 8,139.0644,36.6656,MFS65,INDUSTRIAL,low
IS2494,Numata Industrial Branch 9,139.0605,36.6492,MFS65,INDUSTRIAL,low
IS2495,Numata Industrial Branch 10,139.0838,36.6653,MFS65,INDUSTRIAL,low
IS2496,Numata Industrial Branch 11,139.0451,36.6255,MFS65,INDUSTRIAL,low
IS2497,Numata Industrial Branch 12,139.0614,36.6664,MFS65,INDUSTRIAL,low
IS2498,Numata Industrial Branch 13,139.0679,36.6521,MFS65,INDUSTRIAL,low
IS2499,Numata Industrial Branch 14,139.0569,36.6486,MFS65,INDUSTRIAL,low
IS2500,Numata Industrial Branch 15,139.0429,36.6276,MFS65,INDUSTRIAL,low
IS2501,Numata Industrial Branch 16,139.0700,36.6600,MFS65,INDUSTRIAL,low
IS2502,Numata Industrial Branch 17,139.0860,36.6758,MFS65,INDUSTRIAL,low
IS2503,Numata Industrial Branch 18,139.0577,36.6219,MFS65,INDUSTRIAL,low
IS2504,Numata Industrial Branch 19,139.0854,36.6686,MFS65,INDUSTRIAL,low
IS2505,Numata Industrial Branch 20,139.0571,36.6752,MFS65,INDUSTRIAL,low
IS2506,Numata Industrial Branch 21,139.0634,36.6681,MFS65,INDUSTRIAL,low
IS2507,Numata Industrial Branch 22,139.0596,36.6465,MFS65,INDUSTRIAL,low
IS2508,Numata Industrial Branch 23,139.0687,36.6391,MFS65,INDUSTRIAL,low
IS2509,Numata Industrial Branch 24,139.0965,36.6925,MFS65,INDUSTRIAL,low
IS2510,Nakanojo Factory Branch 1,138.8800,36.5600,MFS66,INDUSTRIAL,low
IS2511,Nakanojo Factory Branch 2,138.8800,36.5600,MFS66,INDUSTRIAL,low
IS2512,Nakanojo Factory Branch 3,138.8800,36.5600,MFS66,INDUSTRIAL,low
IS2513,Nakanojo Factory Branch 4,138.8800,36.5600,MFS66,INDUSTRIAL,low
IS2514,Nakanojo Factory Branch 5,138.8800,36.5600,MFS66,INDUSTRIAL,low
IS2515,Nakanojo Factory Branch 6,138.8800,36.5600,MFS66,INDUSTRIAL,low
IS2516,Nakanojo Factory Branch 7,138.8800,36.5600,MFS66,INDUSTRIAL,low
IS2517,Nakanojo Factory Branch 8,138.8800,36.5600,MFS66,INDUSTRIAL,low
IS2518,Nakanojo Factory Branch 9,138.8800,36.5600,MFS66,INDUSTRIAL,low
IS2519,Nakanojo Factory Branch 10,138.8800,36.5600,MFS66,INDUSTRIAL,low
IS2520,Nakanojo Factory Branch 11,138.8800,36.5600,MFS66,INDUSTRIAL,low
IS2521,Nakanojo Factory Branch 12,138.8800,36.5600,MFS66,INDUSTRIAL,low
IS2522,Nakanojo Factory Branch 13,138.8800,36.5600,MFS66,INDUSTRIAL,low
IS2523,Nakanojo Factory Branch 14,138.8800,36.5600,MFS66,INDUSTRIAL,low
IS2524,Nakanojo Factory Branch 15,138.8800,36.5600,MFS66,INDUSTRIAL,low
IS2525,Nakanojo Factory Branch 16,138.8800,36.5600,MFS66,INDUSTRIAL,low
IS2526,Nakanojo Factory Branch 17,138.8800,36.5600,MFS66,INDUSTRIAL,low
IS2527,Nakanojo Factory Branch 18,138.8800,36.5600,MFS66,INDUSTRIAL,low
IS2528,Sendai Industrial Zone Branch 1,141.0170,38.2908,MFS67,INDUSTRIAL,high
IS2529,Sendai Industrial Zone Branch 2,140.9899,38.2489,MFS67,INDUSTRIAL,high
IS2530,Sendai Industrial Zone Branch 3,141.0093,38.3325,MFS67,INDUSTRIAL,high
IS2531,Sendai Industrial Zone Branch 4,141.0006,38.2616,MFS67,INDUSTRIAL,high
IS2532,Sendai Industrial Zone Branch 5,141.0268,38.3081,MFS67,INDUSTRIAL,high
IS2533,Sendai Industrial Zone Branch 6,140.9921,38.2856,MFS67,INDUSTRIAL,high
IS2534,Sendai Industrial Zone Branch 7,141.0174,38.2889,MFS67,INDUSTRIAL,high
IS2535,Sendai Industrial Zone Branch 8,141.0310,38.2845,MFS67,INDUSTRIAL,high
IS2536,Sendai Industrial Zone Branch 9,140.9883,38.2781,MFS67,INDUSTRIAL,high
IS2537,Sendai Industrial Zone Branch 10,140.9978,38.2750,MFS67,INDUSTRIAL,high
IS2538,Sendai Industrial Zone Branch 11,141.0100,38.3038,MFS67,INDUSTRIAL,high
IS2539,Sendai Industrial Zone Branch 12,141.0070,38.2829,MFS67,INDUSTRIAL,high
IS2540,Sendai Industrial Zone Branch 13,140.9888,38.2947,MFS67,INDUSTRIAL,high
IS2541,Sendai Industrial Zone Branch 14,141.0551,38.2966,MFS67,INDUSTRIAL,high
IS2542,Sendai Industrial Zone Branch 15,140.9239,38.2664,MFS67,INDUSTRIAL,high
IS2543,Sendai Industrial Zone Branch 16,140.9315,38.2365,MFS67,INDUSTRIAL,high
IS2544,Sendai Industrial Zone Branch 17,141.0090,38.2957,MFS67,INDUSTRIAL,high
IS2545,Sendai Industrial Zone Branch 18,140.9745,38.2866,MFS67,INDUSTRIAL,high
IS2546,Sendai Industrial Zone Branch 19,141.0090,38.2656,MFS67,INDUSTRIAL,high
IS2547,Sendai Industrial Zone Branch 20,140.9852,38.2512,MFS67,INDUSTRIAL,high
IS2548,Sendai Industrial Zone Branch 21,141.0098,38.2674,MFS67,INDUSTRIAL,high
IS2549,Sendai Industrial Zone Branch 22,140.9939,38.2939,MFS67,INDUSTRIAL,high
IS2550,Sendai Industrial Zone Branch 23,141.0060,38.2933,MFS67,INDUSTRIAL,high
IS2551,Sendai Industrial Zone Branch 24,141.0157,38.2851,MFS67,INDUSTRIAL,high
IS2552,Sendai Industrial Zone Branch 25,140.9951,38.2490,MFS67,INDUSTRIAL,high
IS2553,Sendai Industrial Zone Branch 26,141.0105,38.3253,MFS67,INDUSTRIAL,high
IS2554,Sendai Industrial Zone Branch 27,140.9784,38.2722,MFS67,INDUSTRIAL,high
IS2555,Sendai Industrial Zone Branch 28,140.9569,38.2652,MFS67,INDUSTRIAL,high
IS2556,Sendai Industrial Zone Branch 29,140.9656,38.2041,MFS67,INDUSTRIAL,high
IS2557,Sendai Industrial Zone Branch 30,140.9737,38.3005,MFS67,INDUSTRIAL,high
IS2558,Niigata Industrial Estate Branch 1,139.1000,37.8800,MFS68,INDUSTRIAL,high
IS2559,Niigata Industrial Estate Branch 2,139.1000,37.8800,MFS68,INDUSTRIAL,high
IS2560,Niigata Industrial Estate Branch 3,139.1000,37.8800,MFS68,INDUSTRIAL,high
IS2561,Niigata Industrial Estate Branch 4,139.1000,37.8800,MFS68,INDUSTRIAL,high
IS2562,Niigata Industrial Estate Branch 5,139.1000,37.8800,MFS68,INDUSTRIAL,high
IS2563,Niigata Industrial Estate Branch 6,139.1000,37.8800,MFS68,INDUSTRIAL,high
IS2564,Niigata Industrial Estate Branch 7,139.1000,37.8800,MFS68,INDUSTRIAL,high
IS2565,Niigata Industrial Estate Branch 8,139.1000,37.8800,MFS68,INDUSTRIAL,high
IS2566,Niigata Industrial Estate Branch 9,139.1000,37.8800,MFS68,INDUSTRIAL,high
IS2567,Niigata Industrial Estate Branch 10,139.1000,37.8800,MFS68,INDUSTRIAL,high
IS2568,Niigata Industrial Estate Branch 11,139.1000,37.8800,MFS68,INDUSTRIAL,high
IS2569,Niigata Industrial Estate Branch 12,139.1000,37.8800,MFS68,INDUSTRIAL,high
IS2570,Niigata Industrial Estate Branch 13,139.1000,37.8800,MFS68,INDUSTRIAL,high
IS2571,Niigata Industrial Estate Branch 14,139.1000,37.8800,MFS68,INDUSTRIAL,high
IS2572,Niigata Industrial Estate Branch 15,139.1000,37.8800,MFS68,INDUSTRIAL,high
IS2573,Niigata Industrial Estate Branch 16,139.1000,37.8800,MFS68,INDUSTRIAL,high
IS2574,Niigata Industrial Estate Branch 17,139.1000,37.8800,MFS68,INDUSTRIAL,high
IS2575,Niigata Industrial Estate Branch 18,139.1000,37.8800,MFS68,INDUSTRIAL,high
IS2576,Niigata Industrial Estate Branch 19,139.1000,37.8800,MFS68,INDUSTRIAL,high
IS2577,Niigata Industrial Estate Branch 20,139.1000,37.8800,MFS68,INDUSTRIAL,high
IS2578,Niigata Industrial Estate Branch 21,139.1000,37.8800,MFS68,INDUSTRIAL,high
IS2579,Niigata Industrial Estate Branch 22,139.1000,37.8800,MFS68,INDUSTRIAL,high
IS2580,Niigata Industrial Estate Branch 23,139.1000,37.8800,MFS68,INDUSTRIAL,high
IS2581,Niigata Industrial Estate Branch 24,139.1000,37.8800,MFS68,INDUSTRIAL,high
IS2582,Niigata Industrial Estate Branch 25,139.1000,37.8800,MFS68,INDUSTRIAL,high
IS2583,Niigata Industrial Estate Branch 26,139.1000,37.8800,MFS68,INDUSTRIAL,high
IS2584,Niigata Industrial Estate Branch 27,139.1000,37.8800,MFS68,INDUSTRIAL,high
IS2585,Niigata Industrial Estate Branch 28,139.1000,37.8800,MFS68,INDUSTRIAL,high
IS2586,Niigata Industrial Estate Branch 29,139.1000,37.8800,MFS68,INDUSTRIAL,high
IS2587,Niigata Industrial Estate Branch 30,139.1000,37.8800,MFS68,INDUSTRIAL,high
IS2588,Nagano Manufacturing Branch 1,138.2000,36.6000,MFS69,INDUSTRIAL,medium
IS2589,Nagano Manufacturing Branch 2,138.2000,36.6000,MFS69,INDUSTRIAL,medium
IS2590,Nagano Manufacturing Branch 3,138.2000,36.6000,MFS69,INDUSTRIAL,medium
IS2591,Nagano Manufacturing Branch 4,138.2000,36.6000,MFS69,INDUSTRIAL,medium
IS2592,Nagano Manufacturing Branch 5,138.2000,36.6000,MFS69,INDUSTRIAL,medium
IS2593,Nagano Manufacturing Branch 6,138.2000,36.6000,MFS69,INDUSTRIAL,medium
IS2594,Nagano Manufacturing Branch 7,138.2000,36.6000,MFS69,INDUSTRIAL,medium
IS2595,Nagano Manufacturing Branch 8,138.2000,36.6000,MFS69,INDUSTRIAL,medium
IS2596,Nagano Manufacturing Branch 9,138.2000,36.6000,MFS69,INDUSTRIAL,medium
IS2597,Nagano Manufacturing Branch 10,138.2000,36.6000,MFS69,INDUSTRIAL,medium
IS2598,Nagano Manufacturing Branch 11,138.2000,36.6000,MFS69,INDUSTRIAL,medium
IS2599,Nagano Manufacturing Branch 12,138.2000,36.6000,MFS69,INDUSTRIAL,medium
IS2600,Nagano Manufacturing Branch 13,138.2000,36.6000,MFS69,INDUSTRIAL,medium
IS2601,Nagano Manufacturing Branch 14,138.2000,36.6000,MFS69,INDUSTRIAL,medium
IS2602,Nagano Manufacturing Branch 15,138.2000,36.6000,MFS69,INDUSTRIAL,medium
IS2603,Nagano Manufacturing Branch 16,138.2000,36.6000,MFS69,INDUSTRIAL,medium
IS2604,Nagano Manufacturing Branch 17,138.2000,36.6000,MFS69,INDUSTRIAL,medium
IS2605,Nagano Manufacturing Branch 18,138.2000,36.6000,MFS69,INDUSTRIAL,medium
IS2606,Nagano Manufacturing Branch 19,138.2000,36.6000,MFS69,INDUSTRIAL,medium
IS2607,Nagano Manufacturing Branch 20,138.2000,36.6000,MFS69,INDUSTRIAL,medium
IS2608,Nagano Manufacturing Branch 21,138.2000,36.6000,MFS69,INDUSTRIAL,medium
IS2609,Nagano Manufacturing Branch 22,138.2000,36.6000,MFS69,INDUSTRIAL,medium
IS2610,Nagano Manufacturing Branch 23,138.2000,36.6000,MFS69,INDUSTRIAL,medium
IS2611,Nagano Manufacturing Branch 24,138.2000,36.6000,MFS69,INDUSTRIAL,medium
IS2612,Nagano Manufacturing Branch 25,138.2000,36.6000,MFS69,INDUSTRIAL,medium
IS2613,Nagano Manufacturing Branch 26,138.2000,36.6000,MFS69,INDUSTRIAL,medium
IS2614,Nagano Manufacturing Branch 27,138.2000,36.6000,MFS69,INDUSTRIAL,medium
IS2615,Nagano Manufacturing Branch 28,138.2000,36.6000,MFS69,INDUSTRIAL,medium
IS2616,Nagano Manufacturing Branch 29,138.2000,36.6000,MFS69,INDUSTRIAL,medium
IS2617,Nagano Manufacturing Branch 30,138.2000,36.6000,MFS69,INDUSTRIAL,medium
IS2618,Hamamatsu Auto Parts Branch 1,137.7700,34.7100,MFS70,INDUSTRIAL,high
IS2619,Hamamatsu Auto Parts Branch 2,137.7700,34.7100,MFS70,INDUSTRIAL,high
IS2620,Hamamatsu Auto Parts Branch 3,137.7700,34.7100,MFS70,INDUSTRIAL,high
IS2621,Hamamatsu Auto Parts Branch 4,137.7700,34.7100,MFS70,INDUSTRIAL,high
IS2622,Hamamatsu Auto Parts Branch 5,137.7700,34.7100,MFS70,INDUSTRIAL,high
IS2623,Hamamatsu Auto Parts Branch 6,137.7700,34.7100,MFS70,INDUSTRIAL,high
IS2624,Hamamatsu Auto Parts Branch 7,137.7700,34.7100,MFS70,INDUSTRIAL,high
IS2625,Hamamatsu Auto Parts Branch 8,137.7700,34.7100,MFS70,INDUSTRIAL,high
IS2626,Hamamatsu Auto Parts Branch 9,137.7700,34.7100,MFS70,INDUSTRIAL,high
IS2627,Hamamatsu Auto Parts Branch 10,137.7700,34.7100,MFS70,INDUSTRIAL,high
IS2628,Hamamatsu Auto Parts Branch 11,137.7700,34.7100,MFS70,INDUSTRIAL,high
IS2629,Hamamatsu Auto Parts Branch 12,137.7700,34.7100,MFS70,INDUSTRIAL,high
IS2630,Hamamatsu Auto Parts Branch 13,137.7700,34.7100,MFS70,INDUSTRIAL,high
IS2631,Hamamatsu Auto Parts Branch 14,137.7700,34.7100,MFS70,INDUSTRIAL,high
IS2632,Hamamatsu Auto Parts Branch 15,137.7700,34.7100,MFS70,INDUSTRIAL,high
IS2633,Hamamatsu Auto Parts Branch 16,137.7700,34.7100,MFS70,INDUSTRIAL,high
IS2634,Hamamatsu Auto Parts Branch 17,137.7700,34.7100,MFS70,INDUSTRIAL,high
IS2635,Hamamatsu Auto Parts Branch 18,137.7700,34.7100,MFS70,INDUSTRIAL,high
IS2636,Hamamatsu Auto Parts Branch 19,137.7700,34.7100,MFS70,INDUSTRIAL,high
IS2637,Hamamatsu Auto Parts Branch 20,137.7700,34.7100,MFS70,INDUSTRIAL,high
IS2638,Hamamatsu Auto Parts Branch 21,137.7700,34.7100,MFS70,INDUSTRIAL,high
IS2639,Hamamatsu Auto Parts Branch 22,137.7700,34.7100,MFS70,INDUSTRIAL,high
IS2640,Hamamatsu Auto Parts Branch 23,137.7700,34.7100,MFS70,INDUSTRIAL,high
IS2641,Hamamatsu Auto Parts Branch 24,137.7700,34.7100,MFS70,INDUSTRIAL,high
IS2642,Hamamatsu Auto Parts Branch 25,137.7700,34.7100,MFS70,INDUSTRIAL,high
IS2643,Hamamatsu Auto Parts Branch 26,137.7700,34.7100,MFS70,INDUSTRIAL,high
IS2644,Hamamatsu Auto Parts Branch 27,137.7700,34.7100,MFS70,INDUSTRIAL,high
IS2645,Hamamatsu Auto Parts Branch 28,137.7700,34.7100,MFS70,INDUSTRIAL,high
IS2646,Hamamatsu Auto Parts Branch 29,137.7700,34.7100,MFS70,INDUSTRIAL,high
IS2647,Hamamatsu Auto Parts Branch 30,137.7700,34.7100,MFS70,INDUSTRIAL,high
IS2648,Nagoya Port Industrial Branch 1,136.9507,35.1071,MFS71,INDUSTRIAL,high
IS2649,Nagoya Port Industrial Branch 2,136.8986,35.1150,MFS71,INDUSTRIAL,high
IS2650,Nagoya Port Industrial Branch 3,137.0403,35.1208,MFS71,INDUSTRIAL,high
IS2651,Nagoya Port Industrial Branch 4,136.9157,35.0719,MFS71,INDUSTRIAL,high
IS2652,Nagoya Port Industrial Branch 5,136.8633,35.0332,MFS71,INDUSTRIAL,high
IS2653,Nagoya Port Industrial Branch 6,136.9149,35.1333,MFS71,INDUSTRIAL,high
IS2654,Nagoya Port Industrial Branch 7,136.8882,35.1191,MFS71,INDUSTRIAL,high
IS2655,Nagoya Port Industrial Branch 8,136.9319,35.0567,MFS71,INDUSTRIAL,high
IS2656,Nagoya Port Industrial Branch 9,136.9349,35.1271,MFS71,INDUSTRIAL,high
IS2657,Nagoya Port Industrial Branch 10,136.8674,35.1518,MFS71,INDUSTRIAL,high
IS2658,Nagoya Port Industrial Branch 11,136.8636,35.0946,MFS71,INDUSTRIAL,high
IS2659,Nagoya Port Industrial Branch 12,136.8744,35.1075,MFS71,INDUSTRIAL,high
IS2660,Nagoya Port Industrial Branch 13,136.9227,35.1058,MFS71,INDUSTRIAL,high
IS2661,Nagoya Port Industrial Branch 14,136.9004,35.1333,MFS71,INDUSTRIAL,high
IS2662,Nagoya Port Industrial Branch 15,136.9518,35.0733,MFS71,INDUSTRIAL,high
IS2663,Nagoya Port Industrial Branch 16,136.8925,35.1233,MFS71,INDUSTRIAL,high
IS2664,Nagoya Port Industrial Branch 17,136.8314,35.1043,MFS71,INDUSTRIAL,high
IS2665,Nagoya Port Industrial Branch 18,136.9281,35.0851,MFS71,INDUSTRIAL,high
IS2666,Nagoya Port Industrial Branch 19,136.9079,35.1338,MFS71,INDUSTRIAL,high
IS2667,Nagoya Port Industrial Branch 20,136.8745,35.1445,MFS71,INDUSTRIAL,high
IS2668,Nagoya Port Industrial Branch 21,136.9043,35.0976,MFS71,INDUSTRIAL,high
IS2669,Nagoya Port Industrial Branch 22,136.8982,35.1366,MFS71,INDUSTRIAL,high
IS2670,Nagoya Port Industrial Branch 23,136.9154,35.0891,MFS71,INDUSTRIAL,high
IS2671,Nagoya Port Industrial Branch 24,136.8363,35.0866,MFS71,INDUSTRIAL,high
IS2672,Nagoya Port Industrial Branch 25,136.9081,35.1040,MFS71,INDUSTRIAL,high
IS2673,Nagoya Port Industrial Branch 26,136.8875,35.0474,MFS71,INDUSTRIAL,high
IS2674,Nagoya Port Industrial Branch 27,136.9239,35.1167,MFS71,INDUSTRIAL,high
IS2675,Nagoya Port Industrial Branch 28,136.9511,35.1560,MFS71,INDUSTRIAL,high
IS2676,Nagoya Port Industrial Branch 29,136.9186,35.1311,MFS71,INDUSTRIAL,high
IS2677,Nagoya Port Industrial Branch 30,136.9537,35.0753,MFS71,INDUSTRIAL,high
IS2678,Osaka Factory District Branch 1,135.5200,34.6500,MFS71,INDUSTRIAL,high
IS2679,Osaka Factory District Branch 2,135.5200,34.6500,MFS71,INDUSTRIAL,high
IS2680,Osaka Factory District Branch 3,135.5200,34.6500,MFS71,INDUSTRIAL,high
IS2681,Osaka Factory District Branch 4,135.5200,34.6500,MFS71,INDUSTRIAL,high
IS2682,Osaka Factory District Branch 5,135.5200,34.6500,MFS71,INDUSTRIAL,high
IS2683,Osaka Factory District Branch 6,135.5200,34.6500,MFS71,INDUSTRIAL,high
IS2684,Osaka Factory District Branch 7,135.5200,34.6500,MFS71,INDUSTRIAL,high
IS2685,Osaka Factory District Branch 8,135.5200,34.6500,MFS71,INDUSTRIAL,high
IS2686,Osaka Factory District Branch 9,135.5200,34.6500,MFS71,INDUSTRIAL,high
IS2687,Osaka Factory District Branch 10,135.5200,34.6500,MFS71,INDUSTRIAL,high
IS2688,Osaka Factory District Branch 11,135.5200,34.6500,MFS71,INDUSTRIAL,high
IS2689,Osaka Factory District Branch 12,135.5200,34.6500,MFS71,INDUSTRIAL,high
IS2690,Osaka Factory District Branch 13,135.5200,34.6500,MFS71,INDUSTRIAL,high
IS2691,Osaka Factory District Branch 14,135.5200,34.6500,MFS71,INDUSTRIAL,high
IS2692,Osaka Factory District Branch 15,135.5200,34.6500,MFS71,INDUSTRIAL,high
IS2693,Osaka Factory District Branch 16,135.5200,34.6500,MFS71,INDUSTRIAL,high
IS2694,Osaka Factory District Branch 17,135.6130,34.6828,MFS71,INDUSTRIAL,high
IS2695,Osaka Factory District Branch 18,135.5200,34.6500,MFS71,INDUSTRIAL,high
IS2696,Osaka Factory District Branch 19,135.5200,34.6500,MFS71,INDUSTRIAL,high
IS2697,Osaka Factory District Branch 20,135.5200,34.6500,MFS71,INDUSTRIAL,high
IS2698,Osaka Factory District Branch 21,135.5200,34.6500,MFS71,INDUSTRIAL,high
IS2699,Osaka Factory District Branch 22,135.5200,34.6500,MFS71,INDUSTRIAL,high
IS2700,Osaka Factory District Branch 23,135.5200,34.6500,MFS71,INDUSTRIAL,high
IS2701,Osaka Factory District Branch 24,135.5933,34.7280,MFS71,INDUSTRIAL,high
IS2702,Osaka Factory District Branch 25,135.5972,34.6940,MFS71,INDUSTRIAL,high
IS2703,Osaka Factory District Branch 26,135.5200,34.6500,MFS71,INDUSTRIAL,high
IS2704,Osaka Factory District Branch 27,135.5200,34.6500,MFS71,INDUSTRIAL,high
IS2705,Osaka Factory District Branch 28,135.5926,34.6863,MFS71,INDUSTRIAL,high
IS2706,Osaka Factory District Branch 29,135.5200,34.6500,MFS71,INDUSTRIAL,high
IS2707,Osaka Factory District Branch 30,135.5200,34.6500,MFS71,INDUSTRIAL,high
IS2708,Toyota City Industrial Branch 1,137.1896,35.0594,MFS71,INDUSTRIAL,high
IS2709,Toyota City Industrial Branch 2,137.1692,35.0602,MFS71,INDUSTRIAL,high
IS2710,Toyota City Industrial Branch 3,137.1630,35.0654,MFS71,INDUSTRIAL,high
IS2711,Toyota City Industrial Branch 4,137.1653,35.0681,MFS71,INDUSTRIAL,high
IS2712,Toyota City Industrial Branch 5,137.1597,35.0981,MFS71,INDUSTRIAL,high
IS2713,Toyota City Industrial Branch 6,137.1924,35.1164,MFS71,INDUSTRIAL,high
IS2714,Toyota City Industrial Branch 7,137.1831,35.0775,MFS71,INDUSTRIAL,high
IS2715,Toyota City Industrial Branch 8,137.2066,35.1024,MFS71,INDUSTRIAL,high
IS2716,Toyota City Industrial Branch 9,137.1170,35.1232,MFS71,INDUSTRIAL,high
IS2717,Toyota City Industrial Branch 10,137.1790,34.9947,MFS71,INDUSTRIAL,high
IS2718,Toyota City Industrial Branch 11,137.1206,35.1177,MFS71,INDUSTRIAL,high
IS2719,Toyota City Industrial Branch 12,137.1803,35.0241,MFS71,INDUSTRIAL,high
IS2720,Toyota City Industrial Branch 13,137.1544,35.0695,MFS71,INDUSTRIAL,high
IS2721,Toyota City Industrial Branch 14,137.1263,35.0435,MFS71,INDUSTRIAL,high
IS2722,Toyota City Industrial Branch 15,137.1355,35.0678,MFS71,INDUSTRIAL,high
IS2723,Toyota City Industrial Branch 16,137.1107,35.0708,MFS71,INDUSTRIAL,high
IS2724,Toyota City Industrial Branch 17,137.1286,35.0232,MFS71,INDUSTRIAL,high
IS2725,Toyota City Industrial Branch 18,137.2171,35.1028,MFS71,INDUSTRIAL,high
IS2726,Toyota City Industrial Branch 19,137.1658,35.1136,MFS71,INDUSTRIAL,high
IS2727,Toyota City Industrial Branch 20,137.1303,35.0658,MFS71,INDUSTRIAL,high
IS2728,Toyota City Industrial Branch 21,137.1567,35.0618,MFS71,INDUSTRIAL,high
IS2729,Toyota City Industrial Branch 22,137.1682,35.0620,MFS71,INDUSTRIAL,high
IS2730,Toyota City Industrial Branch 23,137.1865,35.0704,MFS71,INDUSTRIAL,high
IS2731,Toyota City Industrial Branch 24,137.2146,35.0771,MFS71,INDUSTRIAL,high
IS2732,Toyota City Industrial Branch 25,137.1571,35.0777,MFS71,INDUSTRIAL,high
IS2733,Toyota City Industrial Branch 26,137.1831,35.0877,MFS71,INDUSTRIAL,high
IS2734,Toyota City Industrial Branch 27,137.1596,35.0906,MFS71,INDUSTRIAL,high
IS2735,Toyota City Industrial Branch 28,137.1620,35.0808,MFS71,INDUSTRIAL,high
IS2736,Toyota City Industrial Branch 29,137.1301,35.0137,MFS71,INDUSTRIAL,high
IS2737,Toyota City Industrial Branch 30,137.2138,35.0554,MFS71,INDUSTRIAL,high
IS2738,Toyota City Main Plant Branch 1,137.1430,35.0935,MFS71,INDUSTRIAL,high
IS2739,Toyota City Main Plant Branch 2,137.1412,35.0298,MFS71,INDUSTRIAL,high
IS2740,Toyota City Main Plant Branch 3,137.1428,35.0592,MFS71,INDUSTRIAL,high
IS2741,Toyota City Main Plant Branch 4,137.1662,35.0988,MFS71,INDUSTRIAL,high
IS2742,Toyota City Main Plant Branch 5,137.1573,35.0936,MFS71,INDUSTRIAL,high
IS2743,Toyota City Main Plant Branch 6,137.1807,35.0605,MFS71,INDUSTRIAL,high
IS2744,Toyota City Main Plant Branch 7,137.1525,35.0987,MFS71,INDUSTRIAL,high
IS2745,Toyota City Main Plant Branch 8,137.1179,35.1119,MFS71,INDUSTRIAL,high
IS2746,Toyota City Main Plant Branch 9,137.1355,35.0614,MFS71,INDUSTRIAL,high
IS2747,Toyota City Main Plant Branch 10,137.0904,35.0540,MFS71,INDUSTRIAL,high
IS2748,Toyota City Main Plant Branch 11,137.1547,35.0828,MFS71,INDUSTRIAL,high
IS2749,Toyota City Main Plant Branch 12,137.1852,35.0810,MFS71,INDUSTRIAL,high
IS2750,Toyota City Main Plant Branch 13,137.1114,35.0972,MFS71,INDUSTRIAL,high
IS2751,Toyota City Main Plant Branch 14,137.1440,35.0620,MFS71,INDUSTRIAL,high
IS2752,Toyota City Main Plant Branch 15,137.1896,35.0898,MFS71,INDUSTRIAL,high
IS2753,Toyota City Main Plant Branch 16,137.1304,35.0868,MFS71,INDUSTRIAL,high
IS2754,Toyota City Main Plant Branch 17,137.1311,35.1001,MFS71,INDUSTRIAL,high
IS2755,Toyota City Main Plant Branch 18,137.1514,35.1038,MFS71,INDUSTRIAL,high
IS2756,Toyota City Main Plant Branch 19,137.1656,35.0931,MFS71,INDUSTRIAL,high
IS2757,Toyota City Main Plant Branch 20,137.1286,35.0807,MFS71,INDUSTRIAL,high
IS2758,Toyota City Main Plant Branch 21,137.1120,35.0206,MFS71,INDUSTRIAL,high
IS2759,Toyota City Main Plant Branch 22,137.2040,35.0332,MFS71,INDUSTRIAL,high
IS2760,Toyota City Main Plant Branch 23,137.1617,35.0955,MFS71,INDUSTRIAL,high
IS2761,Toyota City Main Plant Branch 24,137.1747,35.1062,MFS71,INDUSTRIAL,high
IS2762,Toyota City Main Plant Branch 25,137.1658,35.0901,MFS71,INDUSTRIAL,high
IS2763,Toyota City Main Plant Branch 26,137.0931,35.0262,MFS71,INDUSTRIAL,high
IS2764,Toyota City Main Plant Branch 27,137.1075,35.1259,MFS71,INDUSTRIAL,high
IS2765,Toyota City Main Plant Branch 28,137.1625,35.0331,MFS71,INDUSTRIAL,high
IS2766,Toyota City Main Plant Branch 29,137.1447,35.0844,MFS71,INDUSTRIAL,high
IS2767,Toyota City Main Plant Branch 30,137.1516,35.0685,MFS71,INDUSTRIAL,high
IS2768,Kofu Industrial Park Branch 1,138.5587,35.6082,MFS69,INDUSTRIAL,medium
IS2769,Kofu Industrial Park Branch 2,138.5992,35.6466,MFS69,INDUSTRIAL,medium
IS2770,Kofu Industrial Park Branch 3,138.5742,35.6449,MFS69,INDUSTRIAL,medium
IS2771,Kofu Industrial Park Branch 4,138.5553,35.6243,MFS69,INDUSTRIAL,medium
IS2772,Kofu Industrial Park Branch 5,138.5310,35.5913,MFS69,INDUSTRIAL,medium
IS2773,Kofu Industrial Park Branch 6,138.5655,35.5927,MFS69,INDUSTRIAL,medium
IS2774,Kofu Industrial Park Branch 7,138.5801,35.6440,MFS69,INDUSTRIAL,medium
IS2775,Kofu Industrial Park Branch 8,138.5584,35.6155,MFS69,INDUSTRIAL,medium
IS2776,Kofu Industrial Park Branch 9,138.5416,35.6452,MFS69,INDUSTRIAL,medium
IS2777,Kofu Industrial Park Branch 10,138.5820,35.6127,MFS69,INDUSTRIAL,medium
IS2778,Kofu Industrial Park Branch 11,138.5753,35.5956,MFS69,INDUSTRIAL,medium
IS2779,Kofu Industrial Park Branch 12,138.5786,35.6020,MFS69,INDUSTRIAL,medium
IS2780,Kofu Industrial Park Branch 13,138.5688,35.6197,MFS69,INDUSTRIAL,medium
IS2781,Kofu Industrial Park Branch 14,138.6329,35.6158,MFS69,INDUSTRIAL,medium
IS2782,Kofu Industrial Park Branch 15,138.5623,35.6376,MFS69,INDUSTRIAL,medium
IS2783,Kofu Industrial Park Branch 16,138.5171,35.6329,MFS69,INDUSTRIAL,medium
IS2784,Kofu Industrial Park Branch 17,138.5660,35.5987,MFS69,INDUSTRIAL,medium
IS2785,Kofu Industrial Park Branch 18,138.5252,35.6540,MFS69,INDUSTRIAL,medium
IS2786,Kofu Industrial Park Branch 19,138.5445,35.6639,MFS69,INDUSTRIAL,medium
IS2787,Kofu Industrial Park Branch 20,138.5603,35.6244,MFS69,INDUSTRIAL,medium
IS2788,Kofu Industrial Park Branch 21,138.5658,35.6702,MFS69,INDUSTRIAL,medium
IS2789,Kofu Industrial Park Branch 22,138.5498,35.6224,MFS69,INDUSTRIAL,medium
IS2790,Kofu Industrial Park Branch 23,138.5723,35.6555,MFS69,INDUSTRIAL,medium
IS2791,Kofu Industrial Park Branch 24,138.5588,35.6475,MFS69,INDUSTRIAL,medium
IS2792,Kofu Industrial Park Branch 25,138.5901,35.6299,MFS69,INDUSTRIAL,medium
IS2793,Kofu Industrial Park Branch 26,138.6115,35.6524,MFS69,INDUSTRIAL,medium
IS2794,Kofu Industrial Park Branch 27,138.5601,35.6450,MFS69,INDUSTRIAL,medium
IS2795,Kofu Industrial Park Branch 28,138.6366,35.6208,MFS69,INDUSTRIAL,medium
IS2796,Kofu Industrial Park Branch 29,138.5547,35.6269,MFS69,INDUSTRIAL,medium
IS2797,Kofu Industrial Park Branch 30,138.5989,35.6473,MFS69,INDUSTRIAL,medium
IS2798,Ina Manufacturing Complex Branch 1,137.9402,35.8415,MFS69,INDUSTRIAL,medium
IS2799,Ina Manufacturing Complex Branch 2,137.9300,35.7800,MFS69,INDUSTRIAL,medium
IS2800,Ina Manufacturing Complex Branch 3,137.9300,35.7800,MFS69,INDUSTRIAL,medium
IS2801,Ina Manufacturing Complex Branch 4,137.9300,35.7800,MFS69,INDUSTRIAL,medium
IS2802,Ina Manufacturing Complex Branch 5,137.9300,35.7800,MFS69,INDUSTRIAL,medium
IS2803,Ina Manufacturing Complex Branch 6,137.9589,35.8480,MFS69,INDUSTRIAL,medium
IS2804,Ina Manufacturing Complex Branch 7,137.9300,35.7800,MFS69,INDUSTRIAL,medium
IS2805,Ina Manufacturing Complex Branch 8,137.9300,35.7800,MFS69,INDUSTRIAL,medium
IS2806,Ina Manufacturing Complex Branch 9,137.9300,35.7800,MFS69,INDUSTRIAL,medium
IS2807,Ina Manufacturing Complex Branch 10,137.9300,35.7800,MFS69,INDUSTRIAL,medium
IS2808,Ina Manufacturing Complex Branch 11,137.9300,35.7800,MFS69,INDUSTRIAL,medium
IS2809,Ina Manufacturing Complex Branch 12,137.9763,35.8339,MFS69,INDUSTRIAL,medium
IS2810,Ina Manufacturing Complex Branch 13,137.9300,35.7800,MFS69,INDUSTRIAL,medium
IS2811,Ina Manufacturing Complex Branch 14,137.9300,35.7800,MFS69,INDUSTRIAL,medium
IS2812,Ina Manufacturing Complex Branch 15,137.9646,35.8392,MFS69,INDUSTRIAL,medium
IS2813,Ina Manufacturing Complex Branch 16,137.9300,35.7800,MFS69,INDUSTRIAL,medium
IS2814,Ina Manufacturing Complex Branch 17,137.9300,35.7800,MFS69,INDUSTRIAL,medium
IS2815,Ina Manufacturing Complex Branch 18,137.9449,35.8309,MFS69,INDUSTRIAL,medium
IS2816,Ina Manufacturing Complex Branch 19,137.9830,35.8316,MFS69,INDUSTRIAL,medium
IS2817,Ina Manufacturing Complex Branch 20,137.9300,35.7800,MFS69,INDUSTRIAL,medium
IS2818,Ina Manufacturing Complex Branch 21,137.9300,35.7800,MFS69,INDUSTRIAL,medium
IS2819,Ina Manufacturing Complex Branch 22,137.9630,35.8299,MFS69,INDUSTRIAL,medium
IS2820,Ina Manufacturing Complex Branch 23,137.9573,35.8117,MFS69,INDUSTRIAL,medium
IS2821,Ina Manufacturing Complex Branch 24,137.9300,35.7800,MFS69,INDUSTRIAL,medium
IS2822,Ina Manufacturing Complex Branch 25,137.9612,35.8173,MFS69,INDUSTRIAL,medium
IS2823,Ina Manufacturing Complex Branch 26,137.9300,35.7800,MFS69,INDUSTRIAL,medium
IS2824,Ina Manufacturing Complex Branch 27,137.9631,35.8342,MFS69,INDUSTRIAL,medium
IS2825,Ina Manufacturing Complex Branch 28,137.9766,35.8321,MFS69,INDUSTRIAL,medium
IS2826,Ina Manufacturing Complex Branch 29,137.9300,35.7800,MFS69,INDUSTRIAL,medium
IS2827,Ina Manufacturing Complex Branch 30,137.9300,35.7800,MFS69,INDUSTRIAL,medium
IS2828,Matsumoto East Industrial Branch 1,137.9881,36.2377,MFS69,INDUSTRIAL,medium
IS2829,Matsumoto East Industrial Branch 2,138.0500,36.2300,MFS69,INDUSTRIAL,medium
IS2830,Matsumoto East Industrial Branch 3,137.9641,36.2192,MFS69,INDUSTRIAL,medium
IS2831,Matsumoto East Industrial Branch 4,138.0022,36.2270,MFS69,INDUSTRIAL,medium
IS2832,Matsumoto East Industrial Branch 5,137.9809,36.2432,MFS69,INDUSTRIAL,medium
IS2833,Matsumoto East Industrial Branch 6,138.0188,36.2269,MFS69,INDUSTRIAL,medium
IS2834,Matsumoto East Industrial Branch 7,138.0500,36.2300,MFS69,INDUSTRIAL,medium
IS2835,Matsumoto East Industrial Branch 8,138.0500,36.2300,MFS69,INDUSTRIAL,medium
IS2836,Matsumoto East Industrial Branch 9,138.0500,36.2300,MFS69,INDUSTRIAL,medium
IS2837,Matsumoto East Industrial Branch 10,138.0500,36.2300,MFS69,INDUSTRIAL,medium
IS2838,Matsumoto East Industrial Branch 11,137.9939,36.2353,MFS69,INDUSTRIAL,medium
IS2839,Matsumoto East Industrial Branch 12,137.9956,36.1834,MFS69,INDUSTRIAL,medium
IS2840,Matsumoto East Industrial Branch 13,137.9994,36.2439,MFS69,INDUSTRIAL,medium
IS2841,Matsumoto East Industrial Branch 14,138.0500,36.2300,MFS69,INDUSTRIAL,medium
IS2842,Matsumoto East Industrial Branch 15,138.0057,36.2335,MFS69,INDUSTRIAL,medium
IS2843,Matsumoto East Industrial Branch 16,137.9663,36.2147,MFS69,INDUSTRIAL,medium
IS2844,Matsumoto East Industrial Branch 17,138.0500,36.2300,MFS69,INDUSTRIAL,medium
IS2845,Matsumoto East Industrial Branch 18,138.0500,36.2300,MFS69,INDUSTRIAL,medium
IS2846,Matsumoto East Industrial Branch 19,138.0017,36.2359,MFS69,INDUSTRIAL,medium
IS2847,Matsumoto East Industrial Branch 20,137.9893,36.2356,MFS69,INDUSTRIAL,medium
IS2848,Matsumoto East Industrial Branch 21,137.9944,36.2406,MFS69,INDUSTRIAL,medium
IS2849,Matsumoto East Industrial Branch 22,138.0500,36.2300,MFS69,INDUSTRIAL,medium
IS2850,Matsumoto East Industrial Branch 23,138.0500,36.2300,MFS69,INDUSTRIAL,medium
IS2851,Matsumoto East Industrial Branch 24,138.0500,36.2300,MFS69,INDUSTRIAL,medium
IS2852,Matsumoto East Industrial Branch 25,137.9862,36.2490,MFS69,INDUSTRIAL,medium
IS2853,Matsumoto East Industrial Branch 26,138.0500,36.2300,MFS69,INDUSTRIAL,medium
IS2854,Matsumoto East Industrial Branch 27,138.0495,36.2142,MFS69,INDUSTRIAL,medium
IS2855,Matsumoto East Industrial Branch 28,137.9875,36.2325,MFS69,INDUSTRIAL,medium
IS2856,Matsumoto East Industrial Branch 29,138.0500,36.2300,MFS69,INDUSTRIAL,medium
IS2857,Matsumoto East Industrial Branch 30,138.0500,36.2300,MFS69,INDUSTRIAL,medium
IS2858,OMAGARI Station Industrial 1,140.4658,39.4726,MFS67,INDUSTRIAL,medium
IS2859,OMAGARI Station Industrial 2,140.4891,39.4516,MFS67,INDUSTRIAL,medium
IS2860,OMAGARI Station Industrial 3,140.4754,39.4466,MFS67,INDUSTRIAL,medium
IS2861,OMAGARI Station Industrial 4,140.4910,39.4636,MFS67,INDUSTRIAL,medium
IS2862,OMAGARI Station Industrial 5,140.4585,39.4805,MFS67,INDUSTRIAL,medium
IS2863,OMAGARI Station Industrial 6,140.4777,39.4612,MFS67,INDUSTRIAL,medium
IS2864,OMAGARI Station Industrial 7,140.4782,39.4563,MFS67,INDUSTRIAL,medium
IS2865,OMAGARI Station Industrial 8,140.4684,39.4655,MFS67,INDUSTRIAL,medium
IS2866,OMAGARI Station Industrial 9,140.4779,39.4459,MFS67,INDUSTRIAL,medium
IS2867,OMAGARI Station Industrial 10,140.4956,39.4621,MFS67,INDUSTRIAL,medium
IS2868,OMAGARI Station Industrial 11,140.4686,39.4585,MFS67,INDUSTRIAL,medium
IS2869,OMAGARI Station Industrial 12,140.4705,39.4715,MFS67,INDUSTRIAL,medium
IS2870,OMAGARI Station Industrial 13,140.4797,39.4557,MFS67,INDUSTRIAL,medium
IS2871,OMAGARI Station Industrial 14,140.4907,39.4723,MFS67,INDUSTRIAL,medium
IS2872,OMAGARI Station Industrial 15,140.4887,39.4638,MFS67,INDUSTRIAL,medium
IS2873,SHINHANAMAKI Station Industrial 1,141.1780,39.4277,MFS67,INDUSTRIAL,medium
IS2874,SHINHANAMAKI Station Industrial 2,141.1421,39.4015,MFS67,INDUSTRIAL,medium
IS2875,SHINHANAMAKI Station Industrial 3,141.1779,39.4028,MFS67,INDUSTRIAL,medium
IS2876,SHINHANAMAKI Station Industrial 4,141.1680,39.4097,MFS67,INDUSTRIAL,medium
IS2877,SHINHANAMAKI Station Industrial 5,141.1757,39.4081,MFS67,INDUSTRIAL,medium
IS2878,SHINHANAMAKI Station Industrial 6,141.1709,39.4240,MFS67,INDUSTRIAL,medium
IS2879,SHINHANAMAKI Station Industrial 7,141.1842,39.4032,MFS67,INDUSTRIAL,medium
IS2880,SHINHANAMAKI Station Industrial 8,141.1866,39.4098,MFS67,INDUSTRIAL,medium
IS2881,SHINHANAMAKI Station Industrial 9,141.1713,39.4073,MFS67,INDUSTRIAL,medium
IS2882,SHINHANAMAKI Station Industrial 10,141.1718,39.4101,MFS67,INDUSTRIAL,medium
IS2883,SHINHANAMAKI Station Industrial 11,141.1489,39.4061,MFS67,INDUSTRIAL,medium
IS2884,SHINHANAMAKI Station Industrial 12,141.1879,39.4071,MFS67,INDUSTRIAL,medium
IS2885,SHINHANAMAKI Station Industrial 13,141.1666,39.4130,MFS67,INDUSTRIAL,medium
IS2886,SHINHANAMAKI Station Industrial 14,141.1679,39.4101,MFS67,INDUSTRIAL,medium
IS2887,SHINHANAMAKI Station Industrial 15,141.1854,39.4109,MFS67,INDUSTRIAL,medium
IS2888,KITAKAMI Station Industrial 1,141.1218,39.2743,MFS67,INDUSTRIAL,medium
IS2889,KITAKAMI Station Industrial 2,141.1087,39.2961,MFS67,INDUSTRIAL,medium
IS2890,KITAKAMI Station Industrial 3,141.1157,39.2679,MFS67,INDUSTRIAL,medium
IS2891,KITAKAMI Station Industrial 4,141.1233,39.2856,MFS67,INDUSTRIAL,medium
IS2892,KITAKAMI Station Industrial 5,141.1269,39.2974,MFS67,INDUSTRIAL,medium
IS2893,KITAKAMI Station Industrial 6,141.1174,39.2963,MFS67,INDUSTRIAL,medium
IS2894,KITAKAMI Station Industrial 7,141.1325,39.2921,MFS67,INDUSTRIAL,medium
IS2895,KITAKAMI Station Industrial 8,141.1076,39.2899,MFS67,INDUSTRIAL,medium
IS2896,KITAKAMI Station Industrial 9,141.1145,39.2909,MFS67,INDUSTRIAL,medium
IS2897,KITAKAMI Station Industrial 10,141.1202,39.2519,MFS67,INDUSTRIAL,medium
IS2898,KITAKAMI Station Industrial 11,141.1001,39.2648,MFS67,INDUSTRIAL,medium
IS2899,KITAKAMI Station Industrial 12,141.1082,39.2655,MFS67,INDUSTRIAL,medium
IS2900,KITAKAMI Station Industrial 13,141.1226,39.2812,MFS67,INDUSTRIAL,medium
IS2901,KITAKAMI Station Industrial 14,141.1165,39.2871,MFS67,INDUSTRIAL,medium
IS2902,KITAKAMI Station Industrial 15,141.1097,39.2953,MFS67,INDUSTRIAL,medium
IS2903,MIZUSAWA-ESASHI Station Industrial 1,141.2102,39.1656,MFS67,INDUSTRIAL,medium
IS2904,MIZUSAWA-ESASHI Station Industrial 2,141.2022,39.1455,MFS67,INDUSTRIAL,medium
IS2905,MIZUSAWA-ESASHI Station Industrial 3,141.1930,39.1399,MFS67,INDUSTRIAL,medium
IS2906,MIZUSAWA-ESASHI Station Industrial 4,141.1490,39.1479,MFS67,INDUSTRIAL,medium
IS2907,MIZUSAWA-ESASHI Station Industrial 5,141.1548,39.1405,MFS67,INDUSTRIAL,medium
IS2908,MIZUSAWA-ESASHI Station Industrial 6,141.1836,39.1451,MFS67,INDUSTRIAL,medium
IS2909,MIZUSAWA-ESASHI Station Industrial 7,141.1869,39.1433,MFS67,INDUSTRIAL,medium
IS2910,MIZUSAWA-ESASHI Station Industrial 8,141.1870,39.1402,MFS67,INDUSTRIAL,medium
IS2911,MIZUSAWA-ESASHI Station Industrial 9,141.1923,39.1488,MFS67,INDUSTRIAL,medium
IS2912,MIZUSAWA-ESASHI Station Industrial 10,141.1879,39.1255,MFS67,INDUSTRIAL,medium
IS2913,MIZUSAWA-ESASHI Station Industrial 11,141.1616,39.1163,MFS67,INDUSTRIAL,medium
IS2914,MIZUSAWA-ESASHI Station Industrial 12,141.1850,39.1416,MFS67,INDUSTRIAL,medium
IS2915,MIZUSAWA-ESASHI Station Industrial 13,141.1537,39.1479,MFS67,INDUSTRIAL,medium
IS2916,MIZUSAWA-ESASHI Station Industrial 14,141.1682,39.1321,MFS67,INDUSTRIAL,medium
IS2917,MIZUSAWA-ESASHI Station Industrial 15,141.1498,39.1420,MFS67,INDUSTRIAL,medium
IS2918,ICHINOSEKI Station Industrial 1,141.1581,38.9178,MFS67,INDUSTRIAL,medium
IS2919,ICHINOSEKI Station Industrial 2,141.1547,38.9417,MFS67,INDUSTRIAL,medium
IS2920,ICHINOSEKI Station Industrial 3,141.1494,38.9267,MFS67,INDUSTRIAL,medium
IS2921,ICHINOSEKI Station Industrial 4,141.1406,38.9260,MFS67,INDUSTRIAL,medium
IS2922,ICHINOSEKI Station Industrial 5,141.1152,38.9275,MFS67,INDUSTRIAL,medium
IS2923,ICHINOSEKI Station Industrial 6,141.1315,38.9163,MFS67,INDUSTRIAL,medium
IS2924,ICHINOSEKI Station Industrial 7,141.1576,38.9203,MFS67,INDUSTRIAL,medium
IS2925,ICHINOSEKI Station Industrial 8,141.1554,38.9216,MFS67,INDUSTRIAL,medium
IS2926,ICHINOSEKI Station Industrial 9,141.1047,38.9227,MFS67,INDUSTRIAL,medium
IS2927,ICHINOSEKI Station Industrial 10,141.1273,38.9175,MFS67,INDUSTRIAL,medium
IS2928,ICHINOSEKI Station Industrial 11,141.1539,38.9379,MFS67,INDUSTRIAL,medium
IS2929,ICHINOSEKI Station Industrial 12,141.1230,38.9189,MFS67,INDUSTRIAL,medium
IS2930,ICHINOSEKI Station Industrial 13,141.1310,38.9336,MFS67,INDUSTRIAL,medium
IS2931,ICHINOSEKI Station Industrial 14,141.1331,38.9421,MFS67,INDUSTRIAL,medium
IS2932,ICHINOSEKI Station Industrial 15,141.1634,38.9193,MFS67,INDUSTRIAL,medium
IS2933,KURIKOMAKOGEN Station Industrial 1,141.0645,38.7536,MFS67,INDUSTRIAL,medium
IS2934,KURIKOMAKOGEN Station Industrial 2,141.0403,38.7533,MFS67,INDUSTRIAL,medium
IS2935,KURIKOMAKOGEN Station Industrial 3,141.0594,38.7310,MFS67,INDUSTRIAL,medium
IS2936,KURIKOMAKOGEN Station Industrial 4,141.0589,38.7505,MFS67,INDUSTRIAL,medium
IS2937,KURIKOMAKOGEN Station Industrial 5,141.0823,38.7160,MFS67,INDUSTRIAL,medium
IS2938,KURIKOMAKOGEN Station Industrial 6,141.0586,38.7588,MFS67,INDUSTRIAL,medium
IS2939,KURIKOMAKOGEN Station Industrial 7,141.0843,38.7648,MFS67,INDUSTRIAL,medium
IS2940,KURIKOMAKOGEN Station Industrial 8,141.0215,38.7310,MFS67,INDUSTRIAL,medium
IS2941,KURIKOMAKOGEN Station Industrial 9,141.0729,38.7531,MFS67,INDUSTRIAL,medium
IS2942,KURIKOMAKOGEN Station Industrial 10,141.0437,38.7358,MFS67,INDUSTRIAL,medium
IS2943,KURIKOMAKOGEN Station Industrial 11,141.0816,38.7284,MFS67,INDUSTRIAL,medium
IS2944,KURIKOMAKOGEN Station Industrial 12,141.0894,38.7335,MFS67,INDUSTRIAL,medium
IS2945,KURIKOMAKOGEN Station Industrial 13,141.0703,38.7481,MFS67,INDUSTRIAL,medium
IS2946,KURIKOMAKOGEN Station Industrial 14,141.0619,38.7621,MFS67,INDUSTRIAL,medium
IS2947,KURIKOMAKOGEN Station Industrial 15,141.0781,38.7225,MFS67,INDUSTRIAL,medium
IS2948,FURUKAWA Station Industrial 1,140.9730,38.5730,MFS67,INDUSTRIAL,medium
IS2949,FURUKAWA Station Industrial 2,140.9594,38.5992,MFS67,INDUSTRIAL,medium
IS2950,FURUKAWA Station Industrial 3,140.9630,38.5743,MFS67,INDUSTRIAL,medium
IS2951,FURUKAWA Station Industrial 4,140.9847,38.5507,MFS67,INDUSTRIAL,medium
IS2952,FURUKAWA Station Industrial 5,140.9484,38.5623,MFS67,INDUSTRIAL,medium
IS2953,FURUKAWA Station Industrial 6,140.9534,38.5727,MFS67,INDUSTRIAL,medium
IS2954,FURUKAWA Station Industrial 7,140.9778,38.5956,MFS67,INDUSTRIAL,medium
IS2955,FURUKAWA Station Industrial 8,140.9848,38.5818,MFS67,INDUSTRIAL,medium
IS2956,FURUKAWA Station Industrial 9,140.9613,38.5782,MFS67,INDUSTRIAL,medium
IS2957,FURUKAWA Station Industrial 10,140.9550,38.5585,MFS67,INDUSTRIAL,medium
IS2958,FURUKAWA Station Industrial 11,140.9668,38.5762,MFS67,INDUSTRIAL,medium
IS2959,FURUKAWA Station Industrial 12,140.9568,38.5678,MFS67,INDUSTRIAL,medium
IS2960,FURUKAWA Station Industrial 13,140.9631,38.5844,MFS67,INDUSTRIAL,medium
IS2961,FURUKAWA Station Industrial 14,140.9713,38.5685,MFS67,INDUSTRIAL,medium
IS2962,FURUKAWA Station Industrial 15,140.9620,38.5630,MFS67,INDUSTRIAL,medium
IS2963,SENDAI Station Industrial 1,140.8759,38.2525,MFS67,INDUSTRIAL,medium
IS2964,SENDAI Station Industrial 2,140.8809,38.2780,MFS67,INDUSTRIAL,medium
IS2965,SENDAI Station Industrial 3,140.8890,38.2613,MFS67,INDUSTRIAL,medium
IS2966,SENDAI Station Industrial 4,140.9064,38.2622,MFS67,INDUSTRIAL,medium
IS2967,SENDAI Station Industrial 5,140.8458,38.2539,MFS67,INDUSTRIAL,medium
IS2968,SENDAI Station Industrial 6,140.8796,38.2645,MFS67,INDUSTRIAL,medium
IS2969,SENDAI Station Industrial 7,140.8748,38.2809,MFS67,INDUSTRIAL,medium
IS2970,SENDAI Station Industrial 8,140.8580,38.2464,MFS67,INDUSTRIAL,medium
IS2971,SENDAI Station Industrial 9,140.8677,38.2650,MFS67,INDUSTRIAL,medium
IS2972,SENDAI Station Industrial 10,140.9029,38.2751,MFS67,INDUSTRIAL,medium
IS2973,SENDAI Station Industrial 11,140.8832,38.2513,MFS67,INDUSTRIAL,medium
IS2974,SENDAI Station Industrial 12,140.8904,38.2777,MFS67,INDUSTRIAL,medium
IS2975,SENDAI Station Industrial 13,140.8728,38.2599,MFS67,INDUSTRIAL,medium
IS2976,SENDAI Station Industrial 14,140.8777,38.2650,MFS67,INDUSTRIAL,medium
IS2977,SENDAI Station Industrial 15,140.9071,38.2640,MFS67,INDUSTRIAL,medium
IS2978,SHIROISHI-ZAO Station Industrial 1,140.6327,37.9930,MFS67,INDUSTRIAL,medium
IS2979,SHIROISHI-ZAO Station Industrial 2,140.6285,37.9948,MFS67,INDUSTRIAL,medium
IS2980,SHIROISHI-ZAO Station Industrial 3,140.6275,37.9994,MFS67,INDUSTRIAL,medium
IS2981,SHIROISHI-ZAO Station Industrial 4,140.6349,37.9960,MFS67,INDUSTRIAL,medium
IS2982,SHIROISHI-ZAO Station Industrial 5,140.6201,38.0013,MFS67,INDUSTRIAL,medium
IS2983,SHIROISHI-ZAO Station Industrial 6,140.6277,38.0021,MFS67,INDUSTRIAL,medium
IS2984,SHIROISHI-ZAO Station Industrial 7,140.6315,37.9895,MFS67,INDUSTRIAL,medium
IS2985,SHIROISHI-ZAO Station Industrial 8,140.6095,38.0047,MFS67,INDUSTRIAL,medium
IS2986,SHIROISHI-ZAO Station Industrial 9,140.6149,37.9956,MFS67,INDUSTRIAL,medium
IS2987,SHIROISHI-ZAO Station Industrial 10,140.6205,38.0184,MFS67,INDUSTRIAL,medium
IS2988,SHIROISHI-ZAO Station Industrial 11,140.6455,38.0012,MFS67,INDUSTRIAL,medium
IS2989,SHIROISHI-ZAO Station Industrial 12,140.6151,37.9949,MFS67,INDUSTRIAL,medium
IS2990,SHIROISHI-ZAO Station Industrial 13,140.6281,37.9967,MFS67,INDUSTRIAL,medium
IS2991,SHIROISHI-ZAO Station Industrial 14,140.6452,37.9819,MFS67,INDUSTRIAL,medium
IS2992,SHIROISHI-ZAO Station Industrial 15,140.6346,37.9915,MFS67,INDUSTRIAL,medium
IS2993,FUKUSHIMA Station Industrial 1,140.4448,37.7555,MFS67,INDUSTRIAL,medium
IS2994,FUKUSHIMA Station Industrial 2,140.4642,37.7504,MFS67,INDUSTRIAL,medium
IS2995,FUKUSHIMA Station Industrial 3,140.4614,37.7335,MFS67,INDUSTRIAL,medium
IS2996,FUKUSHIMA Station Industrial 4,140.4490,37.7605,MFS67,INDUSTRIAL,medium
IS2997,FUKUSHIMA Station Industrial 5,140.4815,37.7825,MFS67,INDUSTRIAL,medium
IS2998,FUKUSHIMA Station Industrial 6,140.4777,37.7836,MFS67,INDUSTRIAL,medium
IS2999,FUKUSHIMA Station Industrial 7,140.4676,37.7293,MFS67,INDUSTRIAL,medium
IS3000,FUKUSHIMA Station Industrial 8,140.4421,37.7694,MFS67,INDUSTRIAL,medium
IS3001,FUKUSHIMA Station Industrial 9,140.4564,37.7623,MFS67,INDUSTRIAL,medium
IS3002,FUKUSHIMA Station Industrial 10,140.4222,37.7344,MFS67,INDUSTRIAL,medium
IS3003,FUKUSHIMA Station Industrial 11,140.4590,37.7342,MFS67,INDUSTRIAL,medium
IS3004,FUKUSHIMA Station Industrial 12,140.4576,37.7739,MFS67,INDUSTRIAL,medium
IS3005,FUKUSHIMA Station Industrial 13,140.4400,37.7804,MFS67,INDUSTRIAL,medium
IS3006,FUKUSHIMA Station Industrial 14,140.4696,37.7590,MFS67,INDUSTRIAL,medium
IS3007,FUKUSHIMA Station Industrial 15,140.4463,37.7776,MFS67,INDUSTRIAL,medium
IS3008,YONEZAWA Station Industrial 1,140.1303,37.9047,MFS67,INDUSTRIAL,medium
IS3009,YONEZAWA Station Industrial 2,140.1253,37.9182,MFS67,INDUSTRIAL,medium
IS3010,YONEZAWA Station Industrial 3,140.1151,37.9211,MFS67,INDUSTRIAL,medium
IS3011,YONEZAWA Station Industrial 4,140.1281,37.9003,MFS67,INDUSTRIAL,medium
IS3012,YONEZAWA Station Industrial 5,140.1362,37.9016,MFS67,INDUSTRIAL,medium
IS3013,YONEZAWA Station Industrial 6,140.1095,37.9147,MFS67,INDUSTRIAL,medium
IS3014,YONEZAWA Station Industrial 7,140.1069,37.9008,MFS67,INDUSTRIAL,medium
IS3015,YONEZAWA Station Industrial 8,140.1231,37.9076,MFS67,INDUSTRIAL,medium
IS3016,YONEZAWA Station Industrial 9,140.1021,37.9339,MFS67,INDUSTRIAL,medium
IS3017,YONEZAWA Station Industrial 10,140.1107,37.9030,MFS67,INDUSTRIAL,medium
IS3018,YONEZAWA Station Industrial 11,140.1477,37.9172,MFS67,INDUSTRIAL,medium
IS3019,YONEZAWA Station Industrial 12,140.1164,37.9352,MFS67,INDUSTRIAL,medium
IS3020,YONEZAWA Station Industrial 13,140.1200,37.9183,MFS67,INDUSTRIAL,medium
IS3021,YONEZAWA Station Industrial 14,140.1270,37.9156,MFS67,INDUSTRIAL,medium
IS3022,YONEZAWA Station Industrial 15,140.1319,37.9090,MFS67,INDUSTRIAL,medium
IS3023,YAMAGATA Station Industrial 1,140.3119,38.2553,MFS67,INDUSTRIAL,medium
IS3024,YAMAGATA Station Industrial 2,140.3250,38.2579,MFS67,INDUSTRIAL,medium
IS3025,YAMAGATA Station Industrial 3,140.3506,38.2672,MFS67,INDUSTRIAL,medium
IS3026,YAMAGATA Station Industrial 4,140.3448,38.2568,MFS67,INDUSTRIAL,medium
IS3027,YAMAGATA Station Industrial 5,140.3612,38.2637,MFS67,INDUSTRIAL,medium
IS3028,YAMAGATA Station Industrial 6,140.3250,38.2474,MFS67,INDUSTRIAL,medium
IS3029,YAMAGATA Station Industrial 7,140.3073,38.2333,MFS67,INDUSTRIAL,medium
IS3030,YAMAGATA Station Industrial 8,140.3525,38.2792,MFS67,INDUSTRIAL,medium
IS3031,YAMAGATA Station Industrial 9,140.3414,38.2523,MFS67,INDUSTRIAL,medium
IS3032,YAMAGATA Station Industrial 10,140.3313,38.2417,MFS67,INDUSTRIAL,medium
IS3033,YAMAGATA Station Industrial 11,140.3368,38.2477,MFS67,INDUSTRIAL,medium
IS3034,YAMAGATA Station Industrial 12,140.3438,38.2529,MFS67,INDUSTRIAL,medium
IS3035,YAMAGATA Station Industrial 13,140.3478,38.2684,MFS67,INDUSTRIAL,medium
IS3036,YAMAGATA Station Industrial 14,140.3107,38.2765,MFS67,INDUSTRIAL,medium
IS3037,YAMAGATA Station Industrial 15,140.3579,38.2400,MFS67,INDUSTRIAL,medium
IS3038,SHINJO Station Industrial 1,140.3130,38.7432,MFS67,INDUSTRIAL,medium
IS3039,SHINJO Station Industrial 2,140.3169,38.7478,MFS67,INDUSTRIAL,medium
IS3040,SHINJO Station Industrial 3,140.3100,38.7732,MFS67,INDUSTRIAL,medium
IS3041,SHINJO Station Industrial 4,140.2939,38.7685,MFS67,INDUSTRIAL,medium
IS3042,SHINJO Station Industrial 5,140.2990,38.7531,MFS67,INDUSTRIAL,medium
IS3043,SHINJO Station Industrial 6,140.2974,38.7634,MFS67,INDUSTRIAL,medium
IS3044,SHINJO Station Industrial 7,140.3095,38.7741,MFS67,INDUSTRIAL,medium
IS3045,SHINJO Station Industrial 8,140.3002,38.7608,MFS67,INDUSTRIAL,medium
IS3046,SHINJO Station Industrial 9,140.3068,38.7553,MFS67,INDUSTRIAL,medium
IS3047,SHINJO Station Industrial 10,140.2959,38.7456,MFS67,INDUSTRIAL,medium
IS3048,SHINJO Station Industrial 11,140.3351,38.7653,MFS67,INDUSTRIAL,medium
IS3049,SHINJO Station Industrial 12,140.3105,38.7527,MFS67,INDUSTRIAL,medium
IS3050,SHINJO Station Industrial 13,140.2957,38.7592,MFS67,INDUSTRIAL,medium
IS3051,SHINJO Station Industrial 14,140.3035,38.7763,MFS67,INDUSTRIAL,medium
IS3052,SHINJO Station Industrial 15,140.3002,38.7476,MFS67,INDUSTRIAL,medium
IS3053,KORIYAMA Station Industrial 1,140.3932,37.4034,MFS67,INDUSTRIAL,medium
IS3054,KORIYAMA Station Industrial 2,140.3860,37.3780,MFS67,INDUSTRIAL,medium
IS3055,KORIYAMA Station Industrial 3,140.3931,37.4052,MFS67,INDUSTRIAL,medium
IS3056,KORIYAMA Station Industrial 4,140.3804,37.3992,MFS67,INDUSTRIAL,medium
IS3057,KORIYAMA Station Industrial 5,140.3754,37.3900,MFS67,INDUSTRIAL,medium
IS3058,KORIYAMA Station Industrial 6,140.3840,37.3985,MFS67,INDUSTRIAL,medium
IS3059,KORIYAMA Station Industrial 7,140.3895,37.4121,MFS67,INDUSTRIAL,medium
IS3060,KORIYAMA Station Industrial 8,140.3626,37.4251,MFS67,INDUSTRIAL,medium
IS3061,KORIYAMA Station Industrial 9,140.3502,37.4041,MFS67,INDUSTRIAL,medium
IS3062,KORIYAMA Station Industrial 10,140.3944,37.3887,MFS67,INDUSTRIAL,medium
IS3063,KORIYAMA Station Industrial 11,140.3837,37.3805,MFS67,INDUSTRIAL,medium
IS3064,KORIYAMA Station Industrial 12,140.3572,37.3827,MFS67,INDUSTRIAL,medium
IS3065,KORIYAMA Station Industrial 13,140.3896,37.3913,MFS67,INDUSTRIAL,medium
IS3066,KORIYAMA Station Industrial 14,140.3773,37.4184,MFS67,INDUSTRIAL,medium
IS3067,KORIYAMA Station Industrial 15,140.3706,37.4200,MFS67,INDUSTRIAL,medium
IS3068,SHINSHIRAKAWA Station Industrial 1,140.1652,37.1078,MFS67,INDUSTRIAL,medium
IS3069,SHINSHIRAKAWA Station Industrial 2,140.1917,37.1057,MFS67,INDUSTRIAL,medium
IS3070,SHINSHIRAKAWA Station Industrial 3,140.1484,37.1116,MFS67,INDUSTRIAL,medium
IS3071,SHINSHIRAKAWA Station Industrial 4,140.2085,37.1096,MFS67,INDUSTRIAL,medium
IS3072,SHINSHIRAKAWA Station Industrial 5,140.1683,37.1690,MFS67,INDUSTRIAL,medium
IS3073,SHINSHIRAKAWA Station Industrial 6,140.1441,37.1203,MFS67,INDUSTRIAL,medium
IS3074,SHINSHIRAKAWA Station Industrial 7,140.1985,37.1174,MFS67,INDUSTRIAL,medium
IS3075,SHINSHIRAKAWA Station Industrial 8,140.1859,37.1208,MFS67,INDUSTRIAL,medium
IS3076,SHINSHIRAKAWA Station Industrial 9,140.1854,37.1191,MFS67,INDUSTRIAL,medium
IS3077,SHINSHIRAKAWA Station Industrial 10,140.1810,37.1264,MFS67,INDUSTRIAL,medium
IS3078,SHINSHIRAKAWA Station Industrial 11,140.1940,37.1196,MFS67,INDUSTRIAL,medium
IS3079,SHINSHIRAKAWA Station Industrial 12,140.2000,37.1297,MFS67,INDUSTRIAL,medium
IS3080,SHINSHIRAKAWA Station Industrial 13,140.2076,37.1067,MFS67,INDUSTRIAL,medium
IS3081,SHINSHIRAKAWA Station Industrial 14,140.1886,37.1188,MFS67,INDUSTRIAL,medium
IS3082,SHINSHIRAKAWA Station Industrial 15,140.1898,37.1169,MFS67,INDUSTRIAL,medium
IS3083,UTSUNOMIYA Station Industrial 1,139.9053,36.5591,MFS59,INDUSTRIAL,medium
IS3084,UTSUNOMIYA Station Industrial 2,139.8914,36.5524,MFS59,INDUSTRIAL,medium
IS3085,UTSUNOMIYA Station Industrial 3,139.9125,36.5622,MFS59,INDUSTRIAL,medium
IS3086,UTSUNOMIYA Station Industrial 4,139.8722,36.5447,MFS59,INDUSTRIAL,medium
IS3087,UTSUNOMIYA Station Industrial 5,139.8865,36.5439,MFS59,INDUSTRIAL,medium
IS3088,UTSUNOMIYA Station Industrial 6,139.8815,36.5378,MFS59,INDUSTRIAL,medium
IS3089,UTSUNOMIYA Station Industrial 7,139.8961,36.5454,MFS59,INDUSTRIAL,medium
IS3090,UTSUNOMIYA Station Industrial 8,139.8915,36.5614,MFS59,INDUSTRIAL,medium
IS3091,UTSUNOMIYA Station Industrial 9,139.8780,36.5614,MFS59,INDUSTRIAL,medium
IS3092,UTSUNOMIYA Station Industrial 10,139.9123,36.5522,MFS59,INDUSTRIAL,medium
IS3093,UTSUNOMIYA Station Industrial 11,139.8944,36.5615,MFS59,INDUSTRIAL,medium
IS3094,UTSUNOMIYA Station Industrial 12,139.8924,36.5753,MFS59,INDUSTRIAL,medium
IS3095,OYAMA Station Industrial 1,139.7988,36.2991,MFS56,INDUSTRIAL,medium
IS3096,OYAMA Station Industrial 2,139.8149,36.3071,MFS56,INDUSTRIAL,medium
IS3097,OYAMA Station Industrial 3,139.8114,36.3075,MFS56,INDUSTRIAL,medium
IS3098,OYAMA Station Industrial 4,139.8006,36.3015,MFS56,INDUSTRIAL,medium
IS3099,OYAMA Station Industrial 5,139.8173,36.3156,MFS56,INDUSTRIAL,medium
IS3100,OYAMA Station Industrial 6,139.8103,36.3142,MFS56,INDUSTRIAL,medium
IS3101,OYAMA Station Industrial 7,139.8103,36.3139,MFS56,INDUSTRIAL,medium
IS3102,OYAMA Station Industrial 8,139.8082,36.3086,MFS56,INDUSTRIAL,medium
IS3103,OYAMA Station Industrial 9,139.8018,36.3046,MFS56,INDUSTRIAL,medium
IS3104,TOKYO Station Industrial 1,139.7662,35.6745,MFS01,INDUSTRIAL,medium
IS3105,TOKYO Station Industrial 2,139.7617,35.6803,MFS01,INDUSTRIAL,medium
IS3106,TOKYO Station Industrial 3,139.7615,35.6798,MFS01,INDUSTRIAL,medium
IS3107,TOKYO Station Industrial 4,139.7656,35.6734,MFS01,INDUSTRIAL,medium
IS3108,TOKYO Station Industrial 5,139.7641,35.6743,MFS01,INDUSTRIAL,medium
IS3109,KUMAGAYA Station Industrial 1,139.3791,36.1391,MFS35,INDUSTRIAL,medium
IS3110,KUMAGAYA Station Industrial 2,139.3861,36.1457,MFS35,INDUSTRIAL,medium
IS3111,KUMAGAYA Station Industrial 3,139.3914,36.1438,MFS35,INDUSTRIAL,medium
IS3112,KUMAGAYA Station Industrial 4,139.3827,36.1381,MFS35,INDUSTRIAL,medium
IS3113,KUMAGAYA Station Industrial 5,139.3759,36.1432,MFS35,INDUSTRIAL,medium
IS3114,KUMAGAYA Station Industrial 6,139.3886,36.1385,MFS35,INDUSTRIAL,medium
IS3115,KUMAGAYA Station Industrial 7,139.3767,36.1420,MFS35,INDUSTRIAL,medium
IS3116,KUMAGAYA Station Industrial 8,139.3893,36.1417,MFS35,INDUSTRIAL,medium
IS3117,KUMAGAYA Station Industrial 9,139.3993,36.1436,MFS35,INDUSTRIAL,medium
IS3118,HONJOWASEDA Station Industrial 1,139.1790,36.2234,MFS36,INDUSTRIAL,medium
IS3119,HONJOWASEDA Station Industrial 2,139.1815,36.2227,MFS36,INDUSTRIAL,medium
IS3120,HONJOWASEDA Station Industrial 3,139.2013,36.2180,MFS36,INDUSTRIAL,medium
IS3121,HONJOWASEDA Station Industrial 4,139.1647,36.2115,MFS36,INDUSTRIAL,medium
IS3122,HONJOWASEDA Station Industrial 5,139.1900,36.2205,MFS36,INDUSTRIAL,medium
IS3123,HONJOWASEDA Station Industrial 6,139.1927,36.2267,MFS36,INDUSTRIAL,medium
IS3124,HONJOWASEDA Station Industrial 7,139.1727,36.2306,MFS36,INDUSTRIAL,medium
IS3125,HONJOWASEDA Station Industrial 8,139.1876,36.2181,MFS36,INDUSTRIAL,medium
IS3126,HONJOWASEDA Station Industrial 9,139.1775,36.2301,MFS36,INDUSTRIAL,medium
IS3127,TAKASAKI Station Industrial 1,139.0030,36.3120,MFS57,INDUSTRIAL,medium
IS3128,TAKASAKI Station Industrial 2,139.0024,36.3088,MFS57,INDUSTRIAL,medium
IS3129,TAKASAKI Station Industrial 3,139.0316,36.3318,MFS57,INDUSTRIAL,medium
IS3130,TAKASAKI Station Industrial 4,139.0320,36.3256,MFS57,INDUSTRIAL,medium
IS3131,TAKASAKI Station Industrial 5,138.9819,36.3152,MFS57,INDUSTRIAL,medium
IS3132,TAKASAKI Station Industrial 6,139.0182,36.3098,MFS57,INDUSTRIAL,medium
IS3133,TAKASAKI Station Industrial 7,139.0055,36.3247,MFS57,INDUSTRIAL,medium
IS3134,TAKASAKI Station Industrial 8,139.0152,36.3084,MFS57,INDUSTRIAL,medium
IS3135,TAKASAKI Station Industrial 9,139.0254,36.3365,MFS57,INDUSTRIAL,medium
IS3136,TAKASAKI Station Industrial 10,139.0295,36.3220,MFS57,INDUSTRIAL,medium
IS3137,TAKASAKI Station Industrial 11,138.9850,36.3454,MFS57,INDUSTRIAL,medium
IS3138,TAKASAKI Station Industrial 12,139.0130,36.3455,MFS57,INDUSTRIAL,medium
IS3139,ANNAKA-HARUNA Station Industrial 1,138.8115,36.3550,MFS69,INDUSTRIAL,medium
IS3140,ANNAKA-HARUNA Station Industrial 2,138.8432,36.3475,MFS69,INDUSTRIAL,medium
IS3141,ANNAKA-HARUNA Station Industrial 3,138.8267,36.3637,MFS69,INDUSTRIAL,medium
IS3142,ANNAKA-HARUNA Station Industrial 4,138.8771,36.3257,MFS69,INDUSTRIAL,medium
IS3143,ANNAKA-HARUNA Station Industrial 5,138.8532,36.3555,MFS69,INDUSTRIAL,medium
IS3144,ANNAKA-HARUNA Station Industrial 6,138.8713,36.3453,MFS69,INDUSTRIAL,medium
IS3145,ANNAKA-HARUNA Station Industrial 7,138.8445,36.3280,MFS69,INDUSTRIAL,medium
IS3146,ANNAKA-HARUNA Station Industrial 8,138.8513,36.3326,MFS69,INDUSTRIAL,medium
IS3147,ANNAKA-HARUNA Station Industrial 9,138.8573,36.3534,MFS69,INDUSTRIAL,medium
IS3148,ANNAKA-HARUNA Station Industrial 10,138.8593,36.3866,MFS69,INDUSTRIAL,medium
IS3149,ANNAKA-HARUNA Station Industrial 11,138.8792,36.3630,MFS69,INDUSTRIAL,medium
IS3150,ANNAKA-HARUNA Station Industrial 12,138.8494,36.3560,MFS69,INDUSTRIAL,medium
IS3151,ANNAKA-HARUNA Station Industrial 13,138.8254,36.3654,MFS69,INDUSTRIAL,medium
IS3152,ANNAKA-HARUNA Station Industrial 14,138.8979,36.3316,MFS69,INDUSTRIAL,medium
IS3153,ANNAKA-HARUNA Station Industrial 15,138.8704,36.3889,MFS69,INDUSTRIAL,medium
IS3154,KARUIZAWA Station Industrial 1,138.6311,36.3324,MFS69,INDUSTRIAL,medium
IS3155,KARUIZAWA Station Industrial 2,138.6066,36.3343,MFS69,INDUSTRIAL,medium
IS3156,KARUIZAWA Station Industrial 3,138.6206,36.3245,MFS69,INDUSTRIAL,medium
IS3157,KARUIZAWA Station Industrial 4,138.6346,36.3522,MFS69,INDUSTRIAL,medium
IS3158,KARUIZAWA Station Industrial 5,138.5945,36.3479,MFS69,INDUSTRIAL,medium
IS3159,KARUIZAWA Station Industrial 6,138.6354,36.3575,MFS69,INDUSTRIAL,medium
IS3160,KARUIZAWA Station Industrial 7,138.6249,36.3434,MFS69,INDUSTRIAL,medium
IS3161,KARUIZAWA Station Industrial 8,138.6373,36.3251,MFS69,INDUSTRIAL,medium
IS3162,KARUIZAWA Station Industrial 9,138.5889,36.3350,MFS69,INDUSTRIAL,medium
IS3163,KARUIZAWA Station Industrial 10,138.6601,36.3477,MFS69,INDUSTRIAL,medium
IS3164,KARUIZAWA Station Industrial 11,138.6330,36.3360,MFS69,INDUSTRIAL,medium
IS3165,KARUIZAWA Station Industrial 12,138.6433,36.3440,MFS69,INDUSTRIAL,medium
IS3166,KARUIZAWA Station Industrial 13,138.6319,36.3396,MFS69,INDUSTRIAL,medium
IS3167,KARUIZAWA Station Industrial 14,138.6368,36.3523,MFS69,INDUSTRIAL,medium
IS3168,KARUIZAWA Station Industrial 15,138.6433,36.3420,MFS69,INDUSTRIAL,medium
IS3169,SAKUDAIRA Station Industrial 1,138.4854,36.2566,MFS69,INDUSTRIAL,medium
IS3170,SAKUDAIRA Station Industrial 2,138.4836,36.2919,MFS69,INDUSTRIAL,medium
IS3171,SAKUDAIRA Station Industrial 3,138.4537,36.2552,MFS69,INDUSTRIAL,medium
IS3172,SAKUDAIRA Station Industrial 4,138.4602,36.2565,MFS69,INDUSTRIAL,medium
IS3173,SAKUDAIRA Station Industrial 5,138.4679,36.2774,MFS69,INDUSTRIAL,medium
IS3174,SAKUDAIRA Station Industrial 6,138.4412,36.2855,MFS69,INDUSTRIAL,medium
IS3175,SAKUDAIRA Station Industrial 7,138.4684,36.2671,MFS69,INDUSTRIAL,medium
IS3176,SAKUDAIRA Station Industrial 8,138.4478,36.2666,MFS69,INDUSTRIAL,medium
IS3177,SAKUDAIRA Station Industrial 9,138.4675,36.2496,MFS69,INDUSTRIAL,medium
IS3178,SAKUDAIRA Station Industrial 10,138.4604,36.2819,MFS69,INDUSTRIAL,medium
IS3179,SAKUDAIRA Station Industrial 11,138.4678,36.2761,MFS69,INDUSTRIAL,medium
IS3180,SAKUDAIRA Station Industrial 12,138.4300,36.2563,MFS69,INDUSTRIAL,medium
IS3181,SAKUDAIRA Station Industrial 13,138.4845,36.2902,MFS69,INDUSTRIAL,medium
IS3182,SAKUDAIRA Station Industrial 14,138.4740,36.2865,MFS69,INDUSTRIAL,medium
IS3183,SAKUDAIRA Station Industrial 15,138.4620,36.2764,MFS69,INDUSTRIAL,medium
IS3184,UEDA Station Industrial 1,138.2456,36.4026,MFS69,INDUSTRIAL,medium
IS3185,UEDA Station Industrial 2,138.2574,36.3962,MFS69,INDUSTRIAL,medium
IS3186,UEDA Station Industrial 3,138.2593,36.3877,MFS69,INDUSTRIAL,medium
IS3187,UEDA Station Industrial 4,138.2351,36.3945,MFS69,INDUSTRIAL,medium
IS3188,UEDA Station Industrial 5,138.2569,36.3840,MFS69,INDUSTRIAL,medium
IS3189,UEDA Station Industrial 6,138.2405,36.3961,MFS69,INDUSTRIAL,medium
IS3190,UEDA Station Industrial 7,138.2511,36.3970,MFS69,INDUSTRIAL,medium
IS3191,UEDA Station Industrial 8,138.2573,36.4033,MFS69,INDUSTRIAL,medium
IS3192,UEDA Station Industrial 9,138.2610,36.3935,MFS69,INDUSTRIAL,medium
IS3193,UEDA Station Industrial 10,138.2423,36.4072,MFS69,INDUSTRIAL,medium
IS3194,UEDA Station Industrial 11,138.2662,36.3977,MFS69,INDUSTRIAL,medium
IS3195,UEDA Station Industrial 12,138.2753,36.3971,MFS69,INDUSTRIAL,medium
IS3196,UEDA Station Industrial 13,138.2626,36.4131,MFS69,INDUSTRIAL,medium
IS3197,UEDA Station Industrial 14,138.2674,36.3994,MFS69,INDUSTRIAL,medium
IS3198,UEDA Station Industrial 15,138.2383,36.4102,MFS69,INDUSTRIAL,medium
IS3199,NAGANO Station Industrial 1,138.2096,36.6346,MFS68,INDUSTRIAL,medium
IS3200,NAGANO Station Industrial 2,138.2155,36.6480,MFS68,INDUSTRIAL,medium
IS3201,NAGANO Station Industrial 3,138.1822,36.6297,MFS68,INDUSTRIAL,medium
IS3202,NAGANO Station Industrial 4,138.2081,36.6468,MFS68,INDUSTRIAL,medium
IS3203,NAGANO Station Industrial 5,138.1983,36.6653,MFS68,INDUSTRIAL,medium
IS3204,NAGANO Station Industrial 6,138.1830,36.6274,MFS68,INDUSTRIAL,medium
IS3205,NAGANO Station Industrial 7,138.1713,36.6432,MFS68,INDUSTRIAL,medium
IS3206,NAGANO Station Industrial 8,138.1720,36.6173,MFS68,INDUSTRIAL,medium
IS3207,NAGANO Station Industrial 9,138.2115,36.6365,MFS68,INDUSTRIAL,medium
IS3208,NAGANO Station Industrial 10,138.1783,36.6366,MFS68,INDUSTRIAL,medium
IS3209,NAGANO Station Industrial 11,138.1759,36.6464,MFS68,INDUSTRIAL,medium
IS3210,NAGANO Station Industrial 12,138.1834,36.6285,MFS68,INDUSTRIAL,medium
IS3211,NAGANO Station Industrial 13,138.2169,36.6505,MFS68,INDUSTRIAL,medium
IS3212,NAGANO Station Industrial 14,138.2317,36.6482,MFS68,INDUSTRIAL,medium
IS3213,NAGANO Station Industrial 15,138.1612,36.6316,MFS68,INDUSTRIAL,medium
IS3214,JOMOKOGEN Station Industrial 1,138.9791,36.6783,MFS65,INDUSTRIAL,medium
IS3215,JOMOKOGEN Station Industrial 2,138.9845,36.6915,MFS65,INDUSTRIAL,medium
IS3216,JOMOKOGEN Station Industrial 3,138.9604,36.6833,MFS65,INDUSTRIAL,medium
IS3217,JOMOKOGEN Station Industrial 4,139.0054,36.7026,MFS65,INDUSTRIAL,medium
IS3218,JOMOKOGEN Station Industrial 5,138.9762,36.6961,MFS65,INDUSTRIAL,medium
IS3219,JOMOKOGEN Station Industrial 6,138.9929,36.6868,MFS65,INDUSTRIAL,medium
IS3220,JOMOKOGEN Station Industrial 7,138.9849,36.6912,MFS65,INDUSTRIAL,medium
IS3221,JOMOKOGEN Station Industrial 8,138.9841,36.6926,MFS65,INDUSTRIAL,medium
IS3222,JOMOKOGEN Station Industrial 9,138.9836,36.6831,MFS65,INDUSTRIAL,medium
IS3223,JOMOKOGEN Station Industrial 10,138.9776,36.6757,MFS65,INDUSTRIAL,medium
IS3224,JOMOKOGEN Station Industrial 11,138.9827,36.7079,MFS65,INDUSTRIAL,medium
IS3225,JOMOKOGEN Station Industrial 12,138.9851,36.6935,MFS65,INDUSTRIAL,medium
IS3226,SHINAGAWA Station Industrial 1,139.7315,35.6362,MFS02,INDUSTRIAL,medium
IS3227,SHINAGAWA Station Industrial 2,139.7362,35.6318,MFS02,INDUSTRIAL,medium
IS3228,SHINAGAWA Station Industrial 3,139.7349,35.6276,MFS02,INDUSTRIAL,medium
IS3229,SHINAGAWA Station Industrial 4,139.7492,35.6356,MFS02,INDUSTRIAL,medium
IS3230,SHINAGAWA Station Industrial 5,139.7440,35.6314,MFS02,INDUSTRIAL,medium
IS3231,ODAWARA Station Industrial 1,139.1592,35.2565,MFS23,INDUSTRIAL,medium
IS3232,ODAWARA Station Industrial 2,139.1489,35.2629,MFS23,INDUSTRIAL,medium
IS3233,ODAWARA Station Industrial 3,139.1536,35.2679,MFS23,INDUSTRIAL,medium
IS3234,ODAWARA Station Industrial 4,139.1485,35.2558,MFS23,INDUSTRIAL,medium
IS3235,ODAWARA Station Industrial 5,139.1564,35.2606,MFS23,INDUSTRIAL,medium
IS3236,ODAWARA Station Industrial 6,139.1605,35.2565,MFS23,INDUSTRIAL,medium
IS3237,ODAWARA Station Industrial 7,139.1508,35.2567,MFS23,INDUSTRIAL,medium
IS3238,ODAWARA Station Industrial 8,139.1552,35.2580,MFS23,INDUSTRIAL,medium
IS3239,ODAWARA Station Industrial 9,139.1630,35.2536,MFS23,INDUSTRIAL,medium
IS3240,SHINFUJI Station Industrial 1,138.6663,35.1348,MFS70,INDUSTRIAL,medium
IS3241,SHINFUJI Station Industrial 2,138.6559,35.1422,MFS70,INDUSTRIAL,medium
IS3242,SHINFUJI Station Industrial 3,138.6766,35.1383,MFS70,INDUSTRIAL,medium
IS3243,SHINFUJI Station Industrial 4,138.6875,35.1494,MFS70,INDUSTRIAL,medium
IS3244,SHINFUJI Station Industrial 5,138.6575,35.1379,MFS70,INDUSTRIAL,medium
IS3245,SHINFUJI Station Industrial 6,138.6977,35.1383,MFS70,INDUSTRIAL,medium
IS3246,SHINFUJI Station Industrial 7,138.6397,35.1396,MFS70,INDUSTRIAL,medium
IS3247,SHINFUJI Station Industrial 8,138.6519,35.1309,MFS70,INDUSTRIAL,medium
IS3248,SHINFUJI Station Industrial 9,138.6668,35.1534,MFS70,INDUSTRIAL,medium
IS3249,SHINFUJI Station Industrial 10,138.6715,35.1559,MFS70,INDUSTRIAL,medium
IS3250,SHINFUJI Station Industrial 11,138.6840,35.1405,MFS70,INDUSTRIAL,medium
IS3251,SHINFUJI Station Industrial 12,138.6541,35.1626,MFS70,INDUSTRIAL,medium
IS3252,SHINFUJI Station Industrial 13,138.6877,35.1485,MFS70,INDUSTRIAL,medium
IS3253,SHINFUJI Station Industrial 14,138.6443,35.1429,MFS70,INDUSTRIAL,medium
IS3254,SHINFUJI Station Industrial 15,138.6511,35.1416,MFS70,INDUSTRIAL,medium
IS3255,SHIZUOKA Station Industrial 1,138.4171,34.9958,MFS70,INDUSTRIAL,medium
IS3256,SHIZUOKA Station Industrial 2,138.3769,34.9601,MFS70,INDUSTRIAL,medium
IS3257,SHIZUOKA Station Industrial 3,138.3714,34.9776,MFS70,INDUSTRIAL,medium
IS3258,SHIZUOKA Station Industrial 4,138.3627,34.9884,MFS70,INDUSTRIAL,medium
IS3259,SHIZUOKA Station Industrial 5,138.3596,34.9588,MFS70,INDUSTRIAL,medium
IS3260,SHIZUOKA Station Industrial 6,138.3920,34.9769,MFS70,INDUSTRIAL,medium
IS3261,SHIZUOKA Station Industrial 7,138.3889,35.0019,MFS70,INDUSTRIAL,medium
IS3262,SHIZUOKA Station Industrial 8,138.4314,34.9877,MFS70,INDUSTRIAL,medium
IS3263,SHIZUOKA Station Industrial 9,138.3741,34.9679,MFS70,INDUSTRIAL,medium
IS3264,SHIZUOKA Station Industrial 10,138.3941,34.9576,MFS70,INDUSTRIAL,medium
IS3265,SHIZUOKA Station Industrial 11,138.4095,34.9707,MFS70,INDUSTRIAL,medium
IS3266,SHIZUOKA Station Industrial 12,138.3845,34.9753,MFS70,INDUSTRIAL,medium
IS3267,SHIZUOKA Station Industrial 13,138.4074,34.9677,MFS70,INDUSTRIAL,medium
IS3268,SHIZUOKA Station Industrial 14,138.3886,34.9954,MFS70,INDUSTRIAL,medium
IS3269,SHIZUOKA Station Industrial 15,138.3784,34.9761,MFS70,INDUSTRIAL,medium
IS3270,KAKEGAWA Station Industrial 1,138.0096,34.7648,MFS70,INDUSTRIAL,medium
IS3271,KAKEGAWA Station Industrial 2,138.0256,34.7862,MFS70,INDUSTRIAL,medium
IS3272,KAKEGAWA Station Industrial 3,138.0078,34.7676,MFS70,INDUSTRIAL,medium
IS3273,KAKEGAWA Station Industrial 4,138.0007,34.7631,MFS70,INDUSTRIAL,medium
IS3274,KAKEGAWA Station Industrial 5,138.0007,34.7713,MFS70,INDUSTRIAL,medium
IS3275,KAKEGAWA Station Industrial 6,138.0227,34.7547,MFS70,INDUSTRIAL,medium
IS3276,KAKEGAWA Station Industrial 7,138.0081,34.7968,MFS70,INDUSTRIAL,medium
IS3277,KAKEGAWA Station Industrial 8,138.0334,34.7386,MFS70,INDUSTRIAL,medium
IS3278,KAKEGAWA Station Industrial 9,138.0127,34.7712,MFS70,INDUSTRIAL,medium
IS3279,KAKEGAWA Station Industrial 10,137.9880,34.7837,MFS70,INDUSTRIAL,medium
IS3280,KAKEGAWA Station Industrial 11,138.0030,34.7697,MFS70,INDUSTRIAL,medium
IS3281,KAKEGAWA Station Industrial 12,138.0319,34.7987,MFS70,INDUSTRIAL,medium
IS3282,KAKEGAWA Station Industrial 13,138.0266,34.7766,MFS70,INDUSTRIAL,medium
IS3283,KAKEGAWA Station Industrial 14,138.0104,34.7868,MFS70,INDUSTRIAL,medium
IS3284,KAKEGAWA Station Industrial 15,138.0063,34.7700,MFS70,INDUSTRIAL,medium
IS3285,TOYOHASHI Station Industrial 1,137.3839,34.7616,MFS71,INDUSTRIAL,medium
IS3286,TOYOHASHI Station Industrial 2,137.3948,34.7560,MFS71,INDUSTRIAL,medium
IS3287,TOYOHASHI Station Industrial 3,137.3831,34.7850,MFS71,INDUSTRIAL,medium
IS3288,TOYOHASHI Station Industrial 4,137.4130,34.7569,MFS71,INDUSTRIAL,medium
IS3289,TOYOHASHI Station Industrial 5,137.3636,34.7377,MFS71,INDUSTRIAL,medium
IS3290,TOYOHASHI Station Industrial 6,137.3829,34.7797,MFS71,INDUSTRIAL,medium
IS3291,TOYOHASHI Station Industrial 7,137.3861,34.7591,MFS71,INDUSTRIAL,medium
IS3292,TOYOHASHI Station Industrial 8,137.4060,34.7724,MFS71,INDUSTRIAL,medium
IS3293,TOYOHASHI Station Industrial 9,137.3527,34.7518,MFS71,INDUSTRIAL,medium
IS3294,TOYOHASHI Station Industrial 10,137.3862,34.7597,MFS71,INDUSTRIAL,medium
IS3295,TOYOHASHI Station Industrial 11,137.4082,34.7753,MFS71,INDUSTRIAL,medium
IS3296,TOYOHASHI Station Industrial 12,137.3749,34.7429,MFS71,INDUSTRIAL,medium
IS3297,TOYOHASHI Station Industrial 13,137.3774,34.7590,MFS71,INDUSTRIAL,medium
IS3298,TOYOHASHI Station Industrial 14,137.4198,34.7717,MFS71,INDUSTRIAL,medium
IS3299,TOYOHASHI Station Industrial 15,137.3663,34.7646,MFS71,INDUSTRIAL,medium
IS3300,MIKAWAANJO Station Industrial 1,137.0778,34.9568,MFS71,INDUSTRIAL,medium
IS3301,MIKAWAANJO Station Industrial 2,137.0398,34.9667,MFS71,INDUSTRIAL,medium
IS3302,MIKAWAANJO Station Industrial 3,137.0560,34.9704,MFS71,INDUSTRIAL,medium
IS3303,MIKAWAANJO Station Industrial 4,137.0907,34.9752,MFS71,INDUSTRIAL,medium
IS3304,MIKAWAANJO Station Industrial 5,137.0879,34.9828,MFS71,INDUSTRIAL,medium
IS3305,MIKAWAANJO Station Industrial 6,137.0889,34.9702,MFS71,INDUSTRIAL,medium
IS3306,MIKAWAANJO Station Industrial 7,137.0674,34.9650,MFS71,INDUSTRIAL,medium
IS3307,MIKAWAANJO Station Industrial 8,137.0915,34.9579,MFS71,INDUSTRIAL,medium
IS3308,MIKAWAANJO Station Industrial 9,137.0928,34.9521,MFS71,INDUSTRIAL,medium
IS3309,MIKAWAANJO Station Industrial 10,137.0616,34.9726,MFS71,INDUSTRIAL,medium
IS3310,MIKAWAANJO Station Industrial 11,137.0873,34.9341,MFS71,INDUSTRIAL,medium
IS3311,MIKAWAANJO Station Industrial 12,137.0600,34.9352,MFS71,INDUSTRIAL,medium
IS3312,MIKAWAANJO Station Industrial 13,137.0561,34.9577,MFS71,INDUSTRIAL,medium
IS3313,MIKAWAANJO Station Industrial 14,137.0895,34.9395,MFS71,INDUSTRIAL,medium
IS3314,MIKAWAANJO Station Industrial 15,137.0711,34.9632,MFS71,INDUSTRIAL,medium
IS3315,NAGOYA Station Industrial 1,136.8797,35.1701,MFS71,INDUSTRIAL,medium
IS3316,NAGOYA Station Industrial 2,136.8865,35.1710,MFS71,INDUSTRIAL,medium
IS3317,NAGOYA Station Industrial 3,136.8731,35.1750,MFS71,INDUSTRIAL,medium
IS3318,NAGOYA Station Industrial 4,136.8960,35.1687,MFS71,INDUSTRIAL,medium
IS3319,NAGOYA Station Industrial 5,136.8694,35.1708,MFS71,INDUSTRIAL,medium
IS3320,NAGOYA Station Industrial 6,136.8755,35.1755,MFS71,INDUSTRIAL,medium
IS3321,NAGOYA Station Industrial 7,136.8495,35.1895,MFS71,INDUSTRIAL,medium
IS3322,NAGOYA Station Industrial 8,136.8676,35.1847,MFS71,INDUSTRIAL,medium
IS3323,NAGOYA Station Industrial 9,136.8798,35.1577,MFS71,INDUSTRIAL,medium
IS3324,NAGOYA Station Industrial 10,136.8693,35.1909,MFS71,INDUSTRIAL,medium
IS3325,NAGOYA Station Industrial 11,136.8700,35.1610,MFS71,INDUSTRIAL,medium
IS3326,NAGOYA Station Industrial 12,136.8869,35.1544,MFS71,INDUSTRIAL,medium
IS3327,NAGOYA Station Industrial 13,136.8943,35.1570,MFS71,INDUSTRIAL,medium
IS3328,NAGOYA Station Industrial 14,136.8590,35.1523,MFS71,INDUSTRIAL,medium
IS3329,NAGOYA Station Industrial 15,136.8857,35.1715,MFS71,INDUSTRIAL,medium
IS3330,GIFU-HASHIMA Station Industrial 1,136.6843,35.3108,MFS71,INDUSTRIAL,medium
IS3331,GIFU-HASHIMA Station Industrial 2,136.6846,35.3172,MFS71,INDUSTRIAL,medium
IS3332,GIFU-HASHIMA Station Industrial 3,136.7097,35.3226,MFS71,INDUSTRIAL,medium
IS3333,GIFU-HASHIMA Station Industrial 4,136.6819,35.3170,MFS71,INDUSTRIAL,medium
IS3334,GIFU-HASHIMA Station Industrial 5,136.6600,35.3013,MFS71,INDUSTRIAL,medium
IS3335,GIFU-HASHIMA Station Industrial 6,136.7011,35.3209,MFS71,INDUSTRIAL,medium
IS3336,GIFU-HASHIMA Station Industrial 7,136.6851,35.3195,MFS71,INDUSTRIAL,medium
IS3337,GIFU-HASHIMA Station Industrial 8,136.6997,35.3306,MFS71,INDUSTRIAL,medium
IS3338,GIFU-HASHIMA Station Industrial 9,136.6779,35.3111,MFS71,INDUSTRIAL,medium
IS3339,GIFU-HASHIMA Station Industrial 10,136.6821,35.3071,MFS71,INDUSTRIAL,medium
IS3340,GIFU-HASHIMA Station Industrial 11,136.6974,35.3199,MFS71,INDUSTRIAL,medium
IS3341,GIFU-HASHIMA Station Industrial 12,136.6665,35.3415,MFS71,INDUSTRIAL,medium
IS3342,GIFU-HASHIMA Station Industrial 13,136.6841,35.3140,MFS71,INDUSTRIAL,medium
IS3343,GIFU-HASHIMA Station Industrial 14,136.6760,35.3157,MFS71,INDUSTRIAL,medium
IS3344,GIFU-HASHIMA Station Industrial 15,136.6769,35.3200,MFS71,INDUSTRIAL,medium
IS3345,MAIBARA Station Industrial 1,136.2713,35.3002,MFS71,INDUSTRIAL,medium
IS3346,MAIBARA Station Industrial 2,136.2914,35.3129,MFS71,INDUSTRIAL,medium
IS3347,MAIBARA Station Industrial 3,136.2975,35.3296,MFS71,INDUSTRIAL,medium
IS3348,MAIBARA Station Industrial 4,136.3049,35.3122,MFS71,INDUSTRIAL,medium
IS3349,MAIBARA Station Industrial 5,136.2889,35.3132,MFS71,INDUSTRIAL,medium
IS3350,MAIBARA Station Industrial 6,136.2860,35.3183,MFS71,INDUSTRIAL,medium
IS3351,MAIBARA Station Industrial 7,136.2912,35.3150,MFS71,INDUSTRIAL,medium
IS3352,MAIBARA Station Industrial 8,136.2900,35.3068,MFS71,INDUSTRIAL,medium
IS3353,MAIBARA Station Industrial 9,136.2807,35.2779,MFS71,INDUSTRIAL,medium
IS3354,MAIBARA Station Industrial 10,136.2708,35.2987,MFS71,INDUSTRIAL,medium
IS3355,MAIBARA Station Industrial 11,136.2927,35.3129,MFS71,INDUSTRIAL,medium
IS3356,MAIBARA Station Industrial 12,136.2917,35.3087,MFS71,INDUSTRIAL,medium
IS3357,MAIBARA Station Industrial 13,136.2678,35.2998,MFS71,INDUSTRIAL,medium
IS3358,MAIBARA Station Industrial 14,136.2634,35.3112,MFS71,INDUSTRIAL,medium
IS3359,MAIBARA Station Industrial 15,136.2849,35.3137,MFS71,INDUSTRIAL,medium
IS3360,KYOTO Station Industrial 1,135.7395,34.9839,MFS71,INDUSTRIAL,medium
IS3361,KYOTO Station Industrial 2,135.7830,34.9830,MFS71,INDUSTRIAL,medium
IS3362,KYOTO Station Industrial 3,135.7693,34.9730,MFS71,INDUSTRIAL,medium
IS3363,KYOTO Station Industrial 4,135.7660,34.9807,MFS71,INDUSTRIAL,medium
IS3364,KYOTO Station Industrial 5,135.7580,34.9791,MFS71,INDUSTRIAL,medium
IS3365,KYOTO Station Industrial 6,135.7604,34.9813,MFS71,INDUSTRIAL,medium
IS3366,KYOTO Station Industrial 7,135.7340,34.9788,MFS71,INDUSTRIAL,medium
IS3367,KYOTO Station Industrial 8,135.7405,35.0223,MFS71,INDUSTRIAL,medium
IS3368,KYOTO Station Industrial 9,135.7463,34.9684,MFS71,INDUSTRIAL,medium
IS3369,KYOTO Station Industrial 10,135.7443,34.9727,MFS71,INDUSTRIAL,medium
IS3370,KYOTO Station Industrial 11,135.7698,35.0159,MFS71,INDUSTRIAL,medium
IS3371,KYOTO Station Industrial 12,135.7608,34.9979,MFS71,INDUSTRIAL,medium
IS3372,KYOTO Station Industrial 13,135.7160,34.9901,MFS71,INDUSTRIAL,medium
IS3373,KYOTO Station Industrial 14,135.7383,34.9955,MFS71,INDUSTRIAL,medium
IS3374,KYOTO Station Industrial 15,135.7707,34.9795,MFS71,INDUSTRIAL,medium
IS3375,SHINOSAKA Station Industrial 1,135.4999,34.7570,MFS71,INDUSTRIAL,medium
IS3376,SHINOSAKA Station Industrial 2,135.4912,34.7349,MFS71,INDUSTRIAL,medium
IS3377,SHINOSAKA Station Industrial 3,135.4703,34.7386,MFS71,INDUSTRIAL,medium
IS3378,SHINOSAKA Station Industrial 4,135.4821,34.7360,MFS71,INDUSTRIAL,medium
IS3379,SHINOSAKA Station Industrial 5,135.5050,34.7326,MFS71,INDUSTRIAL,medium
IS3380,SHINOSAKA Station Industrial 6,135.4916,34.7260,MFS71,INDUSTRIAL,medium
IS3381,SHINOSAKA Station Industrial 7,135.4815,34.7183,MFS71,INDUSTRIAL,medium
IS3382,SHINOSAKA Station Industrial 8,135.5096,34.7534,MFS71,INDUSTRIAL,medium
IS3383,SHINOSAKA Station Industrial 9,135.4830,34.7163,MFS71,INDUSTRIAL,medium
IS3384,SHINOSAKA Station Industrial 10,135.5068,34.7551,MFS71,INDUSTRIAL,medium
IS3385,SHINOSAKA Station Industrial 11,135.4900,34.7724,MFS71,INDUSTRIAL,medium
IS3386,SHINOSAKA Station Industrial 12,135.4975,34.7394,MFS71,INDUSTRIAL,medium
IS3387,SHINOSAKA Station Industrial 13,135.4859,34.7354,MFS71,INDUSTRIAL,medium
IS3388,SHINOSAKA Station Industrial 14,135.4976,34.7447,MFS71,INDUSTRIAL,medium
IS3389,SHINOSAKA Station Industrial 15,135.4911,34.7273,MFS71,INDUSTRIAL,medium
IS3390,KAKUNODATE Station Industrial 1,140.5735,39.5948,MFS67,INDUSTRIAL,medium
IS3391,KAKUNODATE Station Industrial 2,140.5764,39.5897,MFS67,INDUSTRIAL,medium
IS3392,KAKUNODATE Station Industrial 3,140.5830,39.5739,MFS67,INDUSTRIAL,medium
IS3393,KAKUNODATE Station Industrial 4,140.5634,39.5733,MFS67,INDUSTRIAL,medium
IS3394,KAKUNODATE Station Industrial 5,140.5694,39.5871,MFS67,INDUSTRIAL,medium
IS3395,KAKUNODATE Station Industrial 6,140.5790,39.5605,MFS67,INDUSTRIAL,medium
IS3396,KAKUNODATE Station Industrial 7,140.5568,39.5972,MFS67,INDUSTRIAL,medium
IS3397,KAKUNODATE Station Industrial 8,140.5696,39.5916,MFS67,INDUSTRIAL,medium
IS3398,KAKUNODATE Station Industrial 9,140.5582,39.5963,MFS67,INDUSTRIAL,medium
IS3399,KAKUNODATE Station Industrial 10,140.5597,39.6021,MFS67,INDUSTRIAL,medium
IS3400,KAKUNODATE Station Industrial 11,140.5695,39.6112,MFS67,INDUSTRIAL,medium
IS3401,KAKUNODATE Station Industrial 12,140.5547,39.5758,MFS67,INDUSTRIAL,medium
IS3402,KAKUNODATE Station Industrial 13,140.5648,39.5936,MFS67,INDUSTRIAL,medium
IS3403,KAKUNODATE Station Industrial 14,140.5673,39.5822,MFS67,INDUSTRIAL,medium
IS3404,KAKUNODATE Station Industrial 15,140.5636,39.5942,MFS67,INDUSTRIAL,medium
IS3405,TAKAHATA Station Industrial 1,140.1422,37.9882,MFS67,INDUSTRIAL,medium
IS3406,TAKAHATA Station Industrial 2,140.1457,37.9965,MFS67,INDUSTRIAL,medium
IS3407,TAKAHATA Station Industrial 3,140.1451,37.9970,MFS67,INDUSTRIAL,medium
IS3408,TAKAHATA Station Industrial 4,140.1538,37.9974,MFS67,INDUSTRIAL,medium
IS3409,TAKAHATA Station Industrial 5,140.1350,37.9911,MFS67,INDUSTRIAL,medium
IS3410,TAKAHATA Station Industrial 6,140.1457,37.9911,MFS67,INDUSTRIAL,medium
IS3411,TAKAHATA Station Industrial 7,140.1608,37.9741,MFS67,INDUSTRIAL,medium
IS3412,TAKAHATA Station Industrial 8,140.1528,37.9889,MFS67,INDUSTRIAL,medium
IS3413,TAKAHATA Station Industrial 9,140.1659,37.9950,MFS67,INDUSTRIAL,medium
IS3414,TAKAHATA Station Industrial 10,140.1584,37.9681,MFS67,INDUSTRIAL,medium
IS3415,TAKAHATA Station Industrial 11,140.1458,37.9912,MFS67,INDUSTRIAL,medium
IS3416,TAKAHATA Station Industrial 12,140.1686,37.9814,MFS67,INDUSTRIAL,medium
IS3417,TAKAHATA Station Industrial 13,140.1438,37.9936,MFS67,INDUSTRIAL,medium
IS3418,TAKAHATA Station Industrial 14,140.1489,37.9965,MFS67,INDUSTRIAL,medium
IS3419,TAKAHATA Station Industrial 15,140.1546,37.9959,MFS67,INDUSTRIAL,medium
IS3420,AKAYU Station Industrial 1,140.1621,38.0419,MFS67,INDUSTRIAL,medium
IS3421,AKAYU Station Industrial 2,140.1433,38.0619,MFS67,INDUSTRIAL,medium
IS3422,AKAYU Station Industrial 3,140.1501,38.0161,MFS67,INDUSTRIAL,medium
IS3423,AKAYU Station Industrial 4,140.1505,38.0472,MFS67,INDUSTRIAL,medium
IS3424,AKAYU Station Industrial 5,140.1688,38.0353,MFS67,INDUSTRIAL,medium
IS3425,AKAYU Station Industrial 6,140.1197,38.0330,MFS67,INDUSTRIAL,medium
IS3426,AKAYU Station Industrial 7,140.1725,38.0463,MFS67,INDUSTRIAL,medium
IS3427,AKAYU Station Industrial 8,140.1422,38.0630,MFS67,INDUSTRIAL,medium
IS3428,AKAYU Station Industrial 9,140.1441,38.0468,MFS67,INDUSTRIAL,medium
IS3429,AKAYU Station Industrial 10,140.1448,38.0509,MFS67,INDUSTRIAL,medium
IS3430,AKAYU Station Industrial 11,140.1451,38.0496,MFS67,INDUSTRIAL,medium
IS3431,AKAYU Station Industrial 12,140.1612,38.0530,MFS67,INDUSTRIAL,medium
IS3432,AKAYU Station Industrial 13,140.1520,38.0543,MFS67,INDUSTRIAL,medium
IS3433,AKAYU Station Industrial 14,140.1332,38.0637,MFS67,INDUSTRIAL,medium
IS3434,AKAYU Station Industrial 15,140.1618,38.0538,MFS67,INDUSTRIAL,medium
IS3435,KAMINOYAMAONSEN Station Industrial 1,140.2880,38.1449,MFS67,INDUSTRIAL,medium
IS3436,KAMINOYAMAONSEN Station Industrial 2,140.2919,38.1751,MFS67,INDUSTRIAL,medium
IS3437,KAMINOYAMAONSEN Station Industrial 3,140.2872,38.1524,MFS67,INDUSTRIAL,medium
IS3438,KAMINOYAMAONSEN Station Industrial 4,140.3073,38.1911,MFS67,INDUSTRIAL,medium
IS3439,KAMINOYAMAONSEN Station Industrial 5,140.2768,38.1399,MFS67,INDUSTRIAL,medium
IS3440,KAMINOYAMAONSEN Station Industrial 6,140.2713,38.1339,MFS67,INDUSTRIAL,medium
IS3441,KAMINOYAMAONSEN Station Industrial 7,140.2789,38.1457,MFS67,INDUSTRIAL,medium
IS3442,KAMINOYAMAONSEN Station Industrial 8,140.2900,38.1802,MFS67,INDUSTRIAL,medium
IS3443,KAMINOYAMAONSEN Station Industrial 9,140.2769,38.1424,MFS67,INDUSTRIAL,medium
IS3444,KAMINOYAMAONSEN Station Industrial 10,140.2774,38.1502,MFS67,INDUSTRIAL,medium
IS3445,KAMINOYAMAONSEN Station Industrial 11,140.2849,38.1503,MFS67,INDUSTRIAL,medium
IS3446,KAMINOYAMAONSEN Station Industrial 12,140.2864,38.1657,MFS67,INDUSTRIAL,medium
IS3447,KAMINOYAMAONSEN Station Industrial 13,140.2773,38.1417,MFS67,INDUSTRIAL,medium
IS3448,KAMINOYAMAONSEN Station Industrial 14,140.2626,38.1417,MFS67,INDUSTRIAL,medium
IS3449,KAMINOYAMAONSEN Station Industrial 15,140.2697,38.1555,MFS67,INDUSTRIAL,medium
IS3450,TENDO Station Industrial 1,140.3777,38.3663,MFS67,INDUSTRIAL,medium
IS3451,TENDO Station Industrial 2,140.3906,38.3649,MFS67,INDUSTRIAL,medium
IS3452,TENDO Station Industrial 3,140.3721,38.3521,MFS67,INDUSTRIAL,medium
IS3453,TENDO Station Industrial 4,140.3623,38.3501,MFS67,INDUSTRIAL,medium
IS3454,TENDO Station Industrial 5,140.3699,38.3386,MFS67,INDUSTRIAL,medium
IS3455,TENDO Station Industrial 6,140.3631,38.3269,MFS67,INDUSTRIAL,medium
IS3456,TENDO Station Industrial 7,140.3663,38.3696,MFS67,INDUSTRIAL,medium
IS3457,TENDO Station Industrial 8,140.3701,38.3416,MFS67,INDUSTRIAL,medium
IS3458,TENDO Station Industrial 9,140.3720,38.3683,MFS67,INDUSTRIAL,medium
IS3459,TENDO Station Industrial 10,140.3754,38.3648,MFS67,INDUSTRIAL,medium
IS3460,TENDO Station Industrial 11,140.3647,38.3598,MFS67,INDUSTRIAL,medium
IS3461,TENDO Station Industrial 12,140.3689,38.3515,MFS67,INDUSTRIAL,medium
IS3462,TENDO Station Industrial 13,140.3632,38.3476,MFS67,INDUSTRIAL,medium
IS3463,TENDO Station Industrial 14,140.3804,38.3560,MFS67,INDUSTRIAL,medium
IS3464,TENDO Station Industrial 15,140.3838,38.3552,MFS67,INDUSTRIAL,medium
IS3465,SAKURANBOHIGASHINE Station Industrial 1,140.3927,38.4276,MFS67,INDUSTRIAL,medium
IS3466,SAKURANBOHIGASHINE Station Industrial 2,140.3755,38.4204,MFS67,INDUSTRIAL,medium
IS3467,SAKURANBOHIGASHINE Station Industrial 3,140.3885,38.4308,MFS67,INDUSTRIAL,medium
IS3468,SAKURANBOHIGASHINE Station Industrial 4,140.3868,38.4204,MFS67,INDUSTRIAL,medium
IS3469,SAKURANBOHIGASHINE Station Industrial 5,140.3820,38.4230,MFS67,INDUSTRIAL,medium
IS3470,SAKURANBOHIGASHINE Station Industrial 6,140.4069,38.4250,MFS67,INDUSTRIAL,medium
IS3471,SAKURANBOHIGASHINE Station Industrial 7,140.4003,38.4422,MFS67,INDUSTRIAL,medium
IS3472,SAKURANBOHIGASHINE Station Industrial 8,140.3847,38.4135,MFS67,INDUSTRIAL,medium
IS3473,SAKURANBOHIGASHINE Station Industrial 9,140.3843,38.4302,MFS67,INDUSTRIAL,medium
IS3474,SAKURANBOHIGASHINE Station Industrial 10,140.3658,38.4380,MFS67,INDUSTRIAL,medium
IS3475,SAKURANBOHIGASHINE Station Industrial 11,140.3711,38.4100,MFS67,INDUSTRIAL,medium
IS3476,SAKURANBOHIGASHINE Station Industrial 12,140.3606,38.4066,MFS67,INDUSTRIAL,medium
IS3477,SAKURANBOHIGASHINE Station Industrial 13,140.4031,38.4254,MFS67,INDUSTRIAL,medium
IS3478,SAKURANBOHIGASHINE Station Industrial 14,140.3919,38.4197,MFS67,INDUSTRIAL,medium
IS3479,SAKURANBOHIGASHINE Station Industrial 15,140.3808,38.4269,MFS67,INDUSTRIAL,medium
IS3480,MURAYAMA Station Industrial 1,140.3846,38.4792,MFS67,INDUSTRIAL,medium
IS3481,MURAYAMA Station Industrial 2,140.3816,38.4775,MFS67,INDUSTRIAL,medium
IS3482,MURAYAMA Station Industrial 3,140.3879,38.4561,MFS67,INDUSTRIAL,medium
IS3483,MURAYAMA Station Industrial 4,140.3838,38.4784,MFS67,INDUSTRIAL,medium
IS3484,MURAYAMA Station Industrial 5,140.3869,38.4763,MFS67,INDUSTRIAL,medium
IS3485,MURAYAMA Station Industrial 6,140.3954,38.4818,MFS67,INDUSTRIAL,medium
IS3486,MURAYAMA Station Industrial 7,140.3893,38.4606,MFS67,INDUSTRIAL,medium
IS3487,MURAYAMA Station Industrial 8,140.3961,38.4770,MFS67,INDUSTRIAL,medium
IS3488,MURAYAMA Station Industrial 9,140.3970,38.4789,MFS67,INDUSTRIAL,medium
IS3489,MURAYAMA Station Industrial 10,140.3783,38.4819,MFS67,INDUSTRIAL,medium
IS3490,MURAYAMA Station Industrial 11,140.4331,38.4777,MFS67,INDUSTRIAL,medium
IS3491,MURAYAMA Station Industrial 12,140.3812,38.4831,MFS67,INDUSTRIAL,medium
IS3492,MURAYAMA Station Industrial 13,140.3965,38.4956,MFS67,INDUSTRIAL,medium
IS3493,MURAYAMA Station Industrial 14,140.3696,38.4511,MFS67,INDUSTRIAL,medium
IS3494,MURAYAMA Station Industrial 15,140.3914,38.5142,MFS67,INDUSTRIAL,medium
IS3495,OISHIDA Station Industrial 1,140.3722,38.5938,MFS67,INDUSTRIAL,medium
IS3496,OISHIDA Station Industrial 2,140.4096,38.6031,MFS67,INDUSTRIAL,medium
IS3497,OISHIDA Station Industrial 3,140.3610,38.5797,MFS67,INDUSTRIAL,medium
IS3498,OISHIDA Station Industrial 4,140.3928,38.6000,MFS67,INDUSTRIAL,medium
IS3499,OISHIDA Station Industrial 5,140.3721,38.5930,MFS67,INDUSTRIAL,medium
IS3500,OISHIDA Station Industrial 6,140.3890,38.5622,MFS67,INDUSTRIAL,medium
IS3501,OISHIDA Station Industrial 7,140.3790,38.5939,MFS67,INDUSTRIAL,medium
IS3502,OISHIDA Station Industrial 8,140.3974,38.5988,MFS67,INDUSTRIAL,medium
IS3503,OISHIDA Station Industrial 9,140.3710,38.5943,MFS67,INDUSTRIAL,medium
IS3504,OISHIDA Station Industrial 10,140.3858,38.6167,MFS67,INDUSTRIAL,medium
IS3505,OISHIDA Station Industrial 11,140.3589,38.6204,MFS67,INDUSTRIAL,medium
IS3506,OISHIDA Station Industrial 12,140.3637,38.5931,MFS67,INDUSTRIAL,medium
IS3507,OISHIDA Station Industrial 13,140.3827,38.6184,MFS67,INDUSTRIAL,medium
IS3508,OISHIDA Station Industrial 14,140.3563,38.5747,MFS67,INDUSTRIAL,medium
IS3509,OISHIDA Station Industrial 15,140.3783,38.5954,MFS67,INDUSTRIAL,medium
IS3510,IIYAMA Station Industrial 1,138.3593,36.8451,MFS68,INDUSTRIAL,medium
IS3511,IIYAMA Station Industrial 2,138.3559,36.8541,MFS68,INDUSTRIAL,medium
IS3512,IIYAMA Station Industrial 3,138.3474,36.8381,MFS68,INDUSTRIAL,medium
IS3513,IIYAMA Station Industrial 4,138.3787,36.8531,MFS68,INDUSTRIAL,medium
IS3514,IIYAMA Station Industrial 5,138.3649,36.8575,MFS68,INDUSTRIAL,medium
IS3515,IIYAMA Station Industrial 6,138.3497,36.8308,MFS68,INDUSTRIAL,medium
IS3516,IIYAMA Station Industrial 7,138.3496,36.8383,MFS68,INDUSTRIAL,medium
IS3517,IIYAMA Station Industrial 8,138.3678,36.8559,MFS68,INDUSTRIAL,medium
IS3518,IIYAMA Station Industrial 9,138.3614,36.8444,MFS68,INDUSTRIAL,medium
IS3519,IIYAMA Station Industrial 10,138.3590,36.8431,MFS68,INDUSTRIAL,medium
IS3520,IIYAMA Station Industrial 11,138.3614,36.8474,MFS68,INDUSTRIAL,medium
IS3521,IIYAMA Station Industrial 12,138.3506,36.8312,MFS68,INDUSTRIAL,medium
IS3522,IIYAMA Station Industrial 13,138.3608,36.8252,MFS68,INDUSTRIAL,medium
IS3523,IIYAMA Station Industrial 14,138.3472,36.8776,MFS68,INDUSTRIAL,medium
IS3524,IIYAMA Station Industrial 15,138.3764,36.8582,MFS68,INDUSTRIAL,medium
IS3525,JOETSUMYOKO Station Industrial 1,138.2504,37.0932,MFS68,INDUSTRIAL,medium
IS3526,JOETSUMYOKO Station Industrial 2,138.2495,37.0571,MFS68,INDUSTRIAL,medium
IS3527,JOETSUMYOKO Station Industrial 3,138.2630,37.0766,MFS68,INDUSTRIAL,medium
IS3528,JOETSUMYOKO Station Industrial 4,138.2487,37.1021,MFS68,INDUSTRIAL,medium
IS3529,JOETSUMYOKO Station Industrial 5,138.2401,37.1087,MFS68,INDUSTRIAL,medium
IS3530,JOETSUMYOKO Station Industrial 6,138.2414,37.0961,MFS68,INDUSTRIAL,medium
IS3531,JOETSUMYOKO Station Industrial 7,138.2495,37.0948,MFS68,INDUSTRIAL,medium
IS3532,JOETSUMYOKO Station Industrial 8,138.2492,37.0897,MFS68,INDUSTRIAL,medium
IS3533,JOETSUMYOKO Station Industrial 9,138.2693,37.0869,MFS68,INDUSTRIAL,medium
IS3534,JOETSUMYOKO Station Industrial 10,138.2390,37.0945,MFS68,INDUSTRIAL,medium
IS3535,JOETSUMYOKO Station Industrial 11,138.2526,37.0801,MFS68,INDUSTRIAL,medium
IS3536,JOETSUMYOKO Station Industrial 12,138.2489,37.0803,MFS68,INDUSTRIAL,medium
IS3537,JOETSUMYOKO Station Industrial 13,138.2588,37.0518,MFS68,INDUSTRIAL,medium
IS3538,JOETSUMYOKO Station Industrial 14,138.2373,37.0877,MFS68,INDUSTRIAL,medium
IS3539,JOETSUMYOKO Station Industrial 15,138.2363,37.0961,MFS68,INDUSTRIAL,medium
IS3540,ITOIGAWA Station Industrial 1,137.8627,37.0387,MFS68,INDUSTRIAL,medium
IS3541,ITOIGAWA Station Industrial 2,137.8456,37.0235,MFS68,INDUSTRIAL,medium
IS3542,ITOIGAWA Station Industrial 3,137.8477,37.0279,MFS68,INDUSTRIAL,medium
IS3543,ITOIGAWA Station Industrial 4,137.8557,37.0451,MFS68,INDUSTRIAL,medium
IS3544,ITOIGAWA Station Industrial 5,137.8546,37.0443,MFS68,INDUSTRIAL,medium
IS3545,ITOIGAWA Station Industrial 6,137.8564,37.0142,MFS68,INDUSTRIAL,medium
IS3546,ITOIGAWA Station Industrial 7,137.8524,37.0389,MFS68,INDUSTRIAL,medium
IS3547,ITOIGAWA Station Industrial 8,137.8504,37.0421,MFS68,INDUSTRIAL,medium
IS3548,ITOIGAWA Station Industrial 9,137.8659,37.0440,MFS68,INDUSTRIAL,medium
IS3549,ITOIGAWA Station Industrial 10,137.8777,37.0432,MFS68,INDUSTRIAL,medium
IS3550,ITOIGAWA Station Industrial 11,137.8706,37.0436,MFS68,INDUSTRIAL,medium
IS3551,ITOIGAWA Station Industrial 12,137.8273,37.0288,MFS68,INDUSTRIAL,medium
IS3552,ITOIGAWA Station Industrial 13,137.8494,37.0431,MFS68,INDUSTRIAL,medium
IS3553,ITOIGAWA Station Industrial 14,137.8631,37.0394,MFS68,INDUSTRIAL,medium
IS3554,ITOIGAWA Station Industrial 15,137.8513,37.0442,MFS68,INDUSTRIAL,medium
IS3555,KUROBEUNAZUKIONSEN Station Industrial 1,137.4677,36.8619,MFS68,INDUSTRIAL,medium
IS3556,KUROBEUNAZUKIONSEN Station Industrial 2,137.4620,36.8831,MFS68,INDUSTRIAL,medium
IS3557,KUROBEUNAZUKIONSEN Station Industrial 3,137.4916,36.8884,MFS68,INDUSTRIAL,medium
IS3558,KUROBEUNAZUKIONSEN Station Industrial 4,137.4966,36.8713,MFS68,INDUSTRIAL,medium
IS3559,KUROBEUNAZUKIONSEN Station Industrial 5,137.4645,36.8891,MFS68,INDUSTRIAL,medium
IS3560,KUROBEUNAZUKIONSEN Station Industrial 6,137.4595,36.8715,MFS68,INDUSTRIAL,medium
IS3561,KUROBEUNAZUKIONSEN Station Industrial 7,137.5060,36.8701,MFS68,INDUSTRIAL,medium
IS3562,KUROBEUNAZUKIONSEN Station Industrial 8,137.4758,36.8678,MFS68,INDUSTRIAL,medium
IS3563,KUROBEUNAZUKIONSEN Station Industrial 9,137.4656,36.8886,MFS68,INDUSTRIAL,medium
IS3564,KUROBEUNAZUKIONSEN Station Industrial 10,137.5171,36.8736,MFS68,INDUSTRIAL,medium
IS3565,KUROBEUNAZUKIONSEN Station Industrial 11,137.4803,36.8761,MFS68,INDUSTRIAL,medium
IS3566,KUROBEUNAZUKIONSEN Station Industrial 12,137.4944,36.8804,MFS68,INDUSTRIAL,medium
IS3567,KUROBEUNAZUKIONSEN Station Industrial 13,137.4527,36.8774,MFS68,INDUSTRIAL,medium
IS3568,KUROBEUNAZUKIONSEN Station Industrial 14,137.4504,36.8830,MFS68,INDUSTRIAL,medium
IS3569,KUROBEUNAZUKIONSEN Station Industrial 15,137.5019,36.8783,MFS68,INDUSTRIAL,medium
IS3570,TOYAMA Station Industrial 1,137.1958,36.7069,MFS68,INDUSTRIAL,medium
IS3571,TOYAMA Station Industrial 2,137.2279,36.6918,MFS68,INDUSTRIAL,medium
IS3572,TOYAMA Station Industrial 3,137.2313,36.6860,MFS68,INDUSTRIAL,medium
IS3573,TOYAMA Station Industrial 4,137.1926,36.6950,MFS68,INDUSTRIAL,medium
IS3574,TOYAMA Station Industrial 5,137.2295,36.6715,MFS68,INDUSTRIAL,medium
IS3575,TOYAMA Station Industrial 6,137.2209,36.7116,MFS68,INDUSTRIAL,medium
IS3576,TOYAMA Station Industrial 7,137.2079,36.7076,MFS68,INDUSTRIAL,medium
IS3577,TOYAMA Station Industrial 8,137.2228,36.6936,MFS68,INDUSTRIAL,medium
IS3578,TOYAMA Station Industrial 9,137.2440,36.7100,MFS68,INDUSTRIAL,medium
IS3579,TOYAMA Station Industrial 10,137.2211,36.7018,MFS68,INDUSTRIAL,medium
IS3580,TOYAMA Station Industrial 11,137.2290,36.6824,MFS68,INDUSTRIAL,medium
IS3581,TOYAMA Station Industrial 12,137.2292,36.7102,MFS68,INDUSTRIAL,medium
IS3582,TOYAMA Station Industrial 13,137.2342,36.7187,MFS68,INDUSTRIAL,medium
IS3583,TOYAMA Station Industrial 14,137.2115,36.7162,MFS68,INDUSTRIAL,medium
IS3584,TOYAMA Station Industrial 15,137.2305,36.6839,MFS68,INDUSTRIAL,medium
IS3585,SHINTAKAOKA Station Industrial 1,137.0068,36.7422,MFS68,INDUSTRIAL,medium
IS3586,SHINTAKAOKA Station Industrial 2,137.0101,36.7335,MFS68,INDUSTRIAL,medium
IS3587,SHINTAKAOKA Station Industrial 3,137.0076,36.7358,MFS68,INDUSTRIAL,medium
IS3588,SHINTAKAOKA Station Industrial 4,136.9995,36.7299,MFS68,INDUSTRIAL,medium
IS3589,SHINTAKAOKA Station Industrial 5,137.0235,36.7549,MFS68,INDUSTRIAL,medium
IS3590,SHINTAKAOKA Station Industrial 6,137.0080,36.7031,MFS68,INDUSTRIAL,medium
IS3591,SHINTAKAOKA Station Industrial 7,137.0251,36.7391,MFS68,INDUSTRIAL,medium
IS3592,SHINTAKAOKA Station Industrial 8,137.0164,36.7232,MFS68,INDUSTRIAL,medium
IS3593,SHINTAKAOKA Station Industrial 9,136.9986,36.7400,MFS68,INDUSTRIAL,medium
IS3594,SHINTAKAOKA Station Industrial 10,136.9954,36.7275,MFS68,INDUSTRIAL,medium
IS3595,SHINTAKAOKA Station Industrial 11,136.9940,36.7389,MFS68,INDUSTRIAL,medium
IS3596,SHINTAKAOKA Station Industrial 12,137.0313,36.7260,MFS68,INDUSTRIAL,medium
IS3597,SHINTAKAOKA Station Industrial 13,137.0047,36.7335,MFS68,INDUSTRIAL,medium
IS3598,SHINTAKAOKA Station Industrial 14,137.0159,36.7398,MFS68,INDUSTRIAL,medium
IS3599,SHINTAKAOKA Station Industrial 15,137.0252,36.7316,MFS68,INDUSTRIAL,medium
IS3600,Tokyo To Industrial P1,139.7503,35.7000,MFS01,INDUSTRIAL,medium
IS3601,Tokyo To Industrial P1,139.7581,35.6729,MFS01,INDUSTRIAL,medium
IS3602,Tokyo To Industrial P1,139.7434,35.6034,MFS01,INDUSTRIAL,medium
IS3603,Tokyo To Industrial P2,139.7522,35.6976,MFS01,INDUSTRIAL,medium
IS3604,Tokyo To Industrial P2,139.7752,35.6649,MFS01,INDUSTRIAL,medium
IS3605,Tokyo To Industrial P2,139.7713,35.6183,MFS01,INDUSTRIAL,medium
IS3606,Tokyo To Industrial P1,139.6997,35.7160,MFS03,INDUSTRIAL,medium
IS3607,Tokyo To Industrial P1,139.6866,35.6940,MFS03,INDUSTRIAL,medium
IS3608,Tokyo To Industrial P1,139.6790,35.6319,MFS03,INDUSTRIAL,medium
IS3609,Tokyo To Industrial P1,139.6423,35.6588,MFS03,INDUSTRIAL,medium
IS3610,Tokyo To Industrial P2,139.7202,35.6968,MFS03,INDUSTRIAL,medium
IS3611,Tokyo To Industrial P2,139.7137,35.6698,MFS03,INDUSTRIAL,medium
IS3612,Tokyo To Industrial P2,139.7000,35.6284,MFS03,INDUSTRIAL,medium
IS3613,Tokyo To Industrial P2,139.6450,35.6365,MFS03,INDUSTRIAL,medium
IS3614,Tokyo To Industrial P3,139.7132,35.7095,MFS03,INDUSTRIAL,medium
IS3615,Tokyo To Industrial P3,139.7119,35.6466,MFS03,INDUSTRIAL,medium
IS3616,Tokyo To Industrial P3,139.7098,35.6238,MFS03,INDUSTRIAL,medium
IS3617,Tokyo To Industrial P3,139.6064,35.6413,MFS03,INDUSTRIAL,medium
IS3618,Tokyo To Industrial P4,139.7027,35.6693,MFS03,INDUSTRIAL,medium
IS3619,Tokyo To Industrial P4,139.6819,35.6576,MFS03,INDUSTRIAL,medium
IS3620,Tokyo To Industrial P4,139.6669,35.6447,MFS03,INDUSTRIAL,medium
IS3621,Tokyo To Industrial P4,139.6321,35.6238,MFS03,INDUSTRIAL,medium
IS3622,Tokyo To Industrial P5,139.7127,35.7094,MFS03,INDUSTRIAL,medium
IS3623,Tokyo To Industrial P5,139.7111,35.6782,MFS03,INDUSTRIAL,medium
IS3624,Tokyo To Industrial P5,139.6956,35.6470,MFS03,INDUSTRIAL,medium
IS3625,Tokyo To Industrial P5,139.6208,35.6353,MFS03,INDUSTRIAL,medium
IS3626,Tokyo To Industrial P6,139.7158,35.6882,MFS03,INDUSTRIAL,medium
IS3627,Tokyo To Industrial P6,139.7160,35.6578,MFS03,INDUSTRIAL,medium
IS3628,Tokyo To Industrial P6,139.7049,35.6173,MFS03,INDUSTRIAL,medium
IS3629,Tokyo To Industrial P6,139.6271,35.6532,MFS03,INDUSTRIAL,medium
IS3630,Tokyo To Industrial P7,139.6988,35.6993,MFS03,INDUSTRIAL,medium
IS3631,Tokyo To Industrial P7,139.6895,35.6737,MFS03,INDUSTRIAL,medium
IS3632,Tokyo To Industrial P7,139.6890,35.6353,MFS03,INDUSTRIAL,medium
IS3633,Tokyo To Industrial P7,139.6375,35.6356,MFS03,INDUSTRIAL,medium
IS3634,Tokyo To Industrial P8,139.7169,35.7059,MFS03,INDUSTRIAL,medium
IS3635,Tokyo To Industrial P8,139.6868,35.6482,MFS03,INDUSTRIAL,medium
IS3636,Tokyo To Industrial P8,139.7033,35.6396,MFS03,INDUSTRIAL,medium
IS3637,Tokyo To Industrial P8,139.6160,35.6426,MFS03,INDUSTRIAL,medium
IS3638,Tokyo To Industrial P9,139.7103,35.7215,MFS03,INDUSTRIAL,medium
IS3639,Tokyo To Industrial P9,139.6929,35.6652,MFS03,INDUSTRIAL,medium
IS3640,Tokyo To Industrial P9,139.6823,35.6026,MFS03,INDUSTRIAL,medium
IS3641,Tokyo To Industrial P9,139.6360,35.6258,MFS03,INDUSTRIAL,medium
IS3642,Tokyo To Industrial P10,139.7191,35.7306,MFS03,INDUSTRIAL,medium
IS3643,Tokyo To Industrial P10,139.6899,35.6387,MFS03,INDUSTRIAL,medium
IS3644,Tokyo To Industrial P10,139.6939,35.6155,MFS03,INDUSTRIAL,medium
IS3645,Tokyo To Industrial P10,139.6543,35.6209,MFS03,INDUSTRIAL,medium
IS3646,Tokyo To Industrial P11,139.7093,35.6985,MFS03,INDUSTRIAL,medium
IS3647,Tokyo To Industrial P11,139.7124,35.6703,MFS03,INDUSTRIAL,medium
IS3648,Tokyo To Industrial P11,139.6829,35.6556,MFS03,INDUSTRIAL,medium
IS3649,Tokyo To Industrial P11,139.6251,35.6514,MFS03,INDUSTRIAL,medium
IS3650,Tokyo To Industrial P12,139.7288,35.7084,MFS03,INDUSTRIAL,medium
IS3651,Tokyo To Industrial P12,139.7117,35.6618,MFS03,INDUSTRIAL,medium
IS3652,Tokyo To Industrial P12,139.6753,35.6244,MFS03,INDUSTRIAL,medium
IS3653,Tokyo To Industrial P12,139.6562,35.6540,MFS03,INDUSTRIAL,medium
IS3654,Tokyo To Industrial P13,139.6829,35.6954,MFS03,INDUSTRIAL,medium
IS3655,Tokyo To Industrial P13,139.7149,35.6674,MFS03,INDUSTRIAL,medium
IS3656,Tokyo To Industrial P1,139.7789,35.7620,MFS05,INDUSTRIAL,medium
IS3657,Tokyo To Industrial P1,139.7962,35.7707,MFS05,INDUSTRIAL,medium
IS3658,Tokyo To Industrial P1,139.8521,35.7496,MFS05,INDUSTRIAL,medium
IS3659,Tokyo To Industrial P1,139.8888,35.6311,MFS05,INDUSTRIAL,medium
IS3660,Tokyo To Industrial P2,139.7973,35.7386,MFS05,INDUSTRIAL,medium
IS3661,Tokyo To Industrial P2,139.7691,35.7752,MFS05,INDUSTRIAL,medium
IS3662,Tokyo To Industrial P2,139.8565,35.7517,MFS05,INDUSTRIAL,medium
IS3663,Tokyo To Industrial P2,139.8607,35.6419,MFS05,INDUSTRIAL,medium
IS3664,Tokyo To Industrial P3,139.7708,35.7306,MFS05,INDUSTRIAL,medium
IS3665,Tokyo To Industrial P3,139.8079,35.7682,MFS05,INDUSTRIAL,medium
IS3666,Tokyo To Industrial P3,139.8679,35.7341,MFS05,INDUSTRIAL,medium
IS3667,Tokyo To Industrial P3,139.8314,35.6180,MFS05,INDUSTRIAL,medium
IS3668,Tokyo To Industrial P4,139.7726,35.7527,MFS05,INDUSTRIAL,medium
IS3669,Tokyo To Industrial P4,139.7974,35.7886,MFS05,INDUSTRIAL,medium
IS3670,Tokyo To Industrial P4,139.8563,35.7625,MFS05,INDUSTRIAL,medium
IS3671,Tokyo To Industrial P4,139.8772,35.6461,MFS05,INDUSTRIAL,medium
IS3672,Tokyo To Industrial P5,139.8013,35.7326,MFS05,INDUSTRIAL,medium
IS3673,Tokyo To Industrial P5,139.7827,35.7858,MFS05,INDUSTRIAL,medium
IS3674,Tokyo To Industrial P5,139.8553,35.7588,MFS05,INDUSTRIAL,medium
IS3675,Tokyo To Industrial P5,139.8745,35.6591,MFS05,INDUSTRIAL,medium
IS3676,Tokyo To Industrial P6,139.7669,35.7350,MFS05,INDUSTRIAL,medium
IS3677,Tokyo To Industrial P6,139.8025,35.7671,MFS05,INDUSTRIAL,medium
IS3678,Tokyo To Industrial P6,139.8850,35.7436,MFS05,INDUSTRIAL,medium
IS3679,Tokyo To Industrial P6,139.8737,35.6262,MFS05,INDUSTRIAL,medium
IS3680,Tokyo To Industrial P7,139.7534,35.7305,MFS05,INDUSTRIAL,medium
IS3681,Tokyo To Industrial P7,139.8046,35.7739,MFS05,INDUSTRIAL,medium
IS3682,Tokyo To Industrial P7,139.8649,35.7512,MFS05,INDUSTRIAL,medium
IS3683,Tokyo To Industrial P7,139.8751,35.6485,MFS05,INDUSTRIAL,medium
IS3684,Tokyo To Industrial P8,139.8163,35.7401,MFS05,INDUSTRIAL,medium
IS3685,Tokyo To Industrial P8,139.8054,35.7749,MFS05,INDUSTRIAL,medium
IS3686,Tokyo To Industrial P8,139.8535,35.7496,MFS05,INDUSTRIAL,medium
IS3687,Tokyo To Industrial P8,139.8685,35.6418,MFS05,INDUSTRIAL,medium
IS3688,Tokyo To Industrial P9,139.7860,35.7440,MFS05,INDUSTRIAL,medium
IS3689,Tokyo To Industrial P9,139.8098,35.7825,MFS05,INDUSTRIAL,medium
IS3690,Tokyo To Industrial P9,139.8472,35.7531,MFS05,INDUSTRIAL,medium
IS3691,Tokyo To Industrial P9,139.8711,35.6474,MFS05,INDUSTRIAL,medium
IS3692,Tokyo To Industrial P10,139.7852,35.7374,MFS05,INDUSTRIAL,medium
IS3693,Tokyo To Industrial P10,139.8172,35.7671,MFS05,INDUSTRIAL,medium
IS3694,Tokyo To Industrial P10,139.8687,35.7655,MFS05,INDUSTRIAL,medium
IS3695,Tokyo To Industrial P10,139.8683,35.6511,MFS05,INDUSTRIAL,medium
IS3696,Tokyo To Industrial P11,139.7833,35.7500,MFS05,INDUSTRIAL,medium
IS3697,Tokyo To Industrial P11,139.7931,35.7968,MFS05,INDUSTRIAL,medium
IS3698,Tokyo To Industrial P11,139.8490,35.7623,MFS05,INDUSTRIAL,medium
IS3699,Tokyo To Industrial P11,139.8660,35.6579,MFS05,INDUSTRIAL,medium
IS3700,Tokyo To Industrial P1,139.7756,35.7129,MFS06,INDUSTRIAL,medium
IS3701,Tokyo To Industrial P1,139.7000,35.7126,MFS06,INDUSTRIAL,medium
IS3702,Tokyo To Industrial P1,139.7308,35.7783,MFS06,INDUSTRIAL,medium
IS3703,Tokyo To Industrial P1,139.6783,35.7755,MFS06,INDUSTRIAL,medium
IS3704,Tokyo To Industrial P2,139.7676,35.7254,MFS06,INDUSTRIAL,medium
IS3705,Tokyo To Industrial P2,139.6981,35.7179,MFS06,INDUSTRIAL,medium
IS3706,Tokyo To Industrial P2,139.7241,35.7714,MFS06,INDUSTRIAL,medium
IS3707,Tokyo To Industrial P2,139.6881,35.7896,MFS06,INDUSTRIAL,medium
IS3708,Tokyo To Industrial P3,139.7455,35.7160,MFS06,INDUSTRIAL,medium
IS3709,Tokyo To Industrial P3,139.7118,35.7500,MFS06,INDUSTRIAL,medium
IS3710,Tokyo To Industrial P3,139.7346,35.7547,MFS06,INDUSTRIAL,medium
IS3711,Tokyo To Industrial P3,139.6775,35.7709,MFS06,INDUSTRIAL,medium
IS3712,Tokyo To Industrial P4,139.7497,35.7008,MFS06,INDUSTRIAL,medium
IS3713,Tokyo To Industrial P4,139.7253,35.7405,MFS06,INDUSTRIAL,medium
IS3714,Tokyo To Industrial P4,139.7057,35.7670,MFS06,INDUSTRIAL,medium
IS3715,Tokyo To Industrial P4,139.6948,35.7715,MFS06,INDUSTRIAL,medium
IS3716,Tokyo To Industrial P5,139.7515,35.7176,MFS06,INDUSTRIAL,medium
IS3717,Tokyo To Industrial P5,139.7161,35.7331,MFS06,INDUSTRIAL,medium
IS3718,Tokyo To Industrial P5,139.7348,35.7614,MFS06,INDUSTRIAL,medium
IS3719,Tokyo To Industrial P5,139.6869,35.7592,MFS06,INDUSTRIAL,medium
IS3720,Tokyo To Industrial P6,139.7613,35.7268,MFS06,INDUSTRIAL,medium
IS3721,Tokyo To Industrial P6,139.7382,35.7280,MFS06,INDUSTRIAL,medium
IS3722,Tokyo To Industrial P6,139.7267,35.7396,MFS06,INDUSTRIAL,medium
IS3723,Tokyo To Industrial P6,139.6695,35.7793,MFS06,INDUSTRIAL,medium
IS3724,Tokyo To Industrial P7,139.7660,35.7276,MFS06,INDUSTRIAL,medium
IS3725,Tokyo To Industrial P7,139.7115,35.7273,MFS06,INDUSTRIAL,medium
IS3726,Tokyo To Industrial P7,139.7265,35.7566,MFS06,INDUSTRIAL,medium
IS3727,Tokyo To Industrial P7,139.6883,35.7666,MFS06,INDUSTRIAL,medium
IS3728,Tokyo To Industrial P8,139.7594,35.7402,MFS06,INDUSTRIAL,medium
IS3729,Tokyo To Industrial P8,139.7009,35.7379,MFS06,INDUSTRIAL,medium
IS3730,Tokyo To Industrial P8,139.7475,35.7885,MFS06,INDUSTRIAL,medium
IS3731,Tokyo To Industrial P8,139.6765,35.7632,MFS06,INDUSTRIAL,medium
IS3732,Tokyo To Industrial P9,139.7424,35.7192,MFS06,INDUSTRIAL,medium
IS3733,Tokyo To Industrial P9,139.7073,35.7325,MFS06,INDUSTRIAL,medium
IS3734,Tokyo To Industrial P9,139.7586,35.7865,MFS06,INDUSTRIAL,medium
IS3735,Tokyo To Industrial P9,139.6997,35.7765,MFS06,INDUSTRIAL,medium
IS3736,Tokyo To Industrial P10,139.7545,35.7390,MFS06,INDUSTRIAL,medium
IS3737,Tokyo To Industrial P10,139.7360,35.7257,MFS06,INDUSTRIAL,medium
IS3738,Tokyo To Industrial P10,139.7398,35.7618,MFS06,INDUSTRIAL,medium
IS3739,Tokyo To Industrial P10,139.6815,35.7760,MFS06,INDUSTRIAL,medium
IS3740,Tokyo To Industrial P11,139.7192,35.7064,MFS06,INDUSTRIAL,medium
IS3741,Tokyo To Industrial P11,139.7318,35.7204,MFS06,INDUSTRIAL,medium
IS3742,Tokyo To Industrial P11,139.7219,35.7557,MFS06,INDUSTRIAL,medium
IS3743,Tokyo To Industrial P11,139.6671,35.7797,MFS06,INDUSTRIAL,medium
IS3744,Tokyo To Industrial P1,139.5569,35.6698,MFS08,INDUSTRIAL,medium
IS3745,Tokyo To Industrial P1,139.5510,35.7386,MFS08,INDUSTRIAL,medium
IS3746,Tokyo To Industrial P1,139.4753,35.6673,MFS08,INDUSTRIAL,medium
IS3747,Tokyo To Industrial P1,139.5650,35.7066,MFS08,INDUSTRIAL,medium
IS3748,Tokyo To Industrial P1,139.5430,35.6977,MFS08,INDUSTRIAL,medium
IS3749,Tokyo To Industrial P1,139.6030,35.6362,MFS08,INDUSTRIAL,medium
IS3750,Tokyo To Industrial P1,139.5168,35.6959,MFS08,INDUSTRIAL,medium
IS3751,Tokyo To Industrial P1,139.4769,35.7415,MFS08,INDUSTRIAL,medium
IS3752,Tokyo To Industrial P1,139.4382,35.6908,MFS08,INDUSTRIAL,medium
IS3753,Tokyo To Industrial P1,139.4508,35.6743,MFS08,INDUSTRIAL,medium
IS3754,Tokyo To Industrial P2,139.5597,35.6770,MFS08,INDUSTRIAL,medium
IS3755,Tokyo To Industrial P1,139.3602,35.7540,MFS10,INDUSTRIAL,medium
IS3756,Tokyo To Industrial P1,139.3291,35.7404,MFS10,INDUSTRIAL,medium
IS3757,Tokyo To Industrial P1,139.3172,35.7593,MFS10,INDUSTRIAL,medium
IS3758,Tokyo To Industrial P1,139.2281,35.7288,MFS10,INDUSTRIAL,medium
IS3759,Tokyo To Industrial P1,139.2214,35.7241,MFS10,INDUSTRIAL,medium
IS3760,Tokyo To Industrial P1,139.2243,35.7835,MFS10,INDUSTRIAL,medium
IS3761,Tokyo To Industrial P1,139.0866,35.7278,MFS10,INDUSTRIAL,medium
IS3762,Tokyo To Industrial P1,139.0775,35.8262,MFS10,INDUSTRIAL,medium
IS3763,Tokyo To Industrial P2,139.3405,35.7730,MFS10,INDUSTRIAL,medium
IS3764,Tokyo To Industrial P2,139.3228,35.7469,MFS10,INDUSTRIAL,medium
IS3765,Tokyo To Industrial P2,139.2964,35.7749,MFS10,INDUSTRIAL,medium
IS3766,Tokyo To Industrial P2,139.2294,35.7378,MFS10,INDUSTRIAL,medium
IS3767,Tokyo To Industrial P2,139.2315,35.7554,MFS10,INDUSTRIAL,medium
IS3768,Tokyo To Industrial P2,139.2226,35.7915,MFS10,INDUSTRIAL,medium
IS3769,Tokyo To Industrial P2,139.0985,35.7391,MFS10,INDUSTRIAL,medium
IS3770,Tokyo To Industrial P2,139.0579,35.8326,MFS10,INDUSTRIAL,medium
IS3771,Tokyo To Industrial P3,139.3597,35.7689,MFS10,INDUSTRIAL,medium
IS3772,Tokyo To Industrial P3,139.2884,35.7351,MFS10,INDUSTRIAL,medium
IS3773,Tokyo To Industrial P3,139.3199,35.7608,MFS10,INDUSTRIAL,medium
IS3774,Tokyo To Industrial P3,139.2190,35.7306,MFS10,INDUSTRIAL,medium
IS3775,Tokyo To Industrial P3,139.2236,35.7318,MFS10,INDUSTRIAL,medium
IS3776,Tokyo To Industrial P3,139.2210,35.8064,MFS10,INDUSTRIAL,medium
IS3777,Tokyo To Industrial P3,139.0817,35.6915,MFS10,INDUSTRIAL,medium
IS3778,Tokyo To Industrial P3,139.0380,35.8396,MFS10,INDUSTRIAL,medium
IS3779,Tokyo To Industrial P4,139.3629,35.7689,MFS10,INDUSTRIAL,medium
IS3780,Tokyo To Industrial P4,139.3373,35.7314,MFS10,INDUSTRIAL,medium
IS3781,Tokyo To Industrial P4,139.3202,35.7482,MFS10,INDUSTRIAL,medium
IS3782,Tokyo To Industrial P4,139.2290,35.7284,MFS10,INDUSTRIAL,medium
IS3783,Tokyo To Industrial P4,139.2220,35.7264,MFS10,INDUSTRIAL,medium
IS3784,Tokyo To Industrial P4,139.2173,35.7919,MFS10,INDUSTRIAL,medium
IS3785,Tokyo To Industrial P4,139.1165,35.7041,MFS10,INDUSTRIAL,medium
IS3786,Tokyo To Industrial P4,139.0687,35.8191,MFS10,INDUSTRIAL,medium
IS3787,Tokyo To Industrial P5,139.3631,35.7641,MFS10,INDUSTRIAL,medium
IS3788,Tokyo To Industrial P5,139.3547,35.7222,MFS10,INDUSTRIAL,medium
IS3789,Tokyo To Industrial P5,139.3126,35.7669,MFS10,INDUSTRIAL,medium
IS3790,Tokyo To Industrial P5,139.2209,35.7152,MFS10,INDUSTRIAL,medium
IS3791,Tokyo To Industrial P5,139.2273,35.7675,MFS10,INDUSTRIAL,medium
IS3792,Tokyo To Industrial P5,139.2810,35.7971,MFS10,INDUSTRIAL,medium
IS3793,Tokyo To Industrial P5,139.0998,35.7213,MFS10,INDUSTRIAL,medium
IS3794,Kanagawa Ken Industrial P1,139.2452,35.5683,MFS18,INDUSTRIAL,medium
IS3795,Kanagawa Ken Industrial P1,139.3321,35.5517,MFS18,INDUSTRIAL,medium
IS3796,Kanagawa Ken Industrial P2,139.2649,35.5460,MFS18,INDUSTRIAL,medium
IS3797,Kanagawa Ken Industrial P2,139.3094,35.5304,MFS18,INDUSTRIAL,medium
IS3798,Kanagawa Ken Industrial P3,139.2516,35.5663,MFS18,INDUSTRIAL,medium
IS3799,Kanagawa Ken Industrial P3,139.3023,35.5244,MFS18,INDUSTRIAL,medium
IS3800,Kanagawa Ken Industrial P4,139.2542,35.5871,MFS18,INDUSTRIAL,medium
IS3801,Kanagawa Ken Industrial P4,139.2793,35.5236,MFS18,INDUSTRIAL,medium
IS3802,Kanagawa Ken Industrial P5,139.2180,35.5408,MFS18,INDUSTRIAL,medium
IS3803,Kanagawa Ken Industrial P5,139.2866,35.5316,MFS18,INDUSTRIAL,medium
IS3804,Kanagawa Ken Industrial P6,139.2382,35.5649,MFS18,INDUSTRIAL,medium
IS3805,Kanagawa Ken Industrial P6,139.2969,35.5139,MFS18,INDUSTRIAL,medium
IS3806,Kanagawa Ken Industrial P1,139.6529,35.2818,MFS19,INDUSTRIAL,medium
IS3807,Kanagawa Ken Industrial P1,139.6215,35.1460,MFS19,INDUSTRIAL,medium
IS3808,Kanagawa Ken Industrial P1,139.5922,35.2679,MFS19,INDUSTRIAL,medium
IS3809,Chiba Ken Industrial P1,139.7304,35.3072,MFS19,INDUSTRIAL,medium
IS3810,Chiba Ken Industrial P1,139.8639,35.1480,MFS19,INDUSTRIAL,medium
IS3811,Chiba Ken Industrial P1,139.8603,34.9932,MFS19,INDUSTRIAL,medium
IS3812,Kanagawa Ken Industrial P2,139.6447,35.2909,MFS19,INDUSTRIAL,medium
IS3813,Kanagawa Ken Industrial P2,139.5995,35.1438,MFS19,INDUSTRIAL,medium
IS3814,Kanagawa Ken Industrial P2,139.6088,35.2545,MFS19,INDUSTRIAL,medium
IS3815,Chiba Ken Industrial P2,139.7831,35.3183,MFS19,INDUSTRIAL,medium
IS3816,Chiba Ken Industrial P2,139.8699,35.1030,MFS19,INDUSTRIAL,medium
IS3817,Chiba Ken Industrial P2,139.8378,34.9816,MFS19,INDUSTRIAL,medium
IS3818,Kanagawa Ken Industrial P3,139.6519,35.2857,MFS19,INDUSTRIAL,medium
IS3819,Kanagawa Ken Industrial P3,139.6198,35.1411,MFS19,INDUSTRIAL,medium
IS3820,Kanagawa Ken Industrial P3,139.5798,35.2727,MFS19,INDUSTRIAL,medium
IS3821,Chiba Ken Industrial P3,139.7245,35.3200,MFS19,INDUSTRIAL,medium
IS3822,Chiba Ken Industrial P3,139.8424,35.1222,MFS19,INDUSTRIAL,medium
IS3823,Kanagawa Ken Industrial P1,139.5396,35.3372,MFS20,INDUSTRIAL,medium
IS3824,Kanagawa Ken Industrial P1,139.4604,35.3782,MFS20,INDUSTRIAL,medium
IS3825,Kanagawa Ken Industrial P1,139.3932,35.3662,MFS20,INDUSTRIAL,medium
IS3826,Kanagawa Ken Industrial P2,139.5299,35.3278,MFS20,INDUSTRIAL,medium
IS3827,Kanagawa Ken Industrial P2,139.4390,35.3715,MFS20,INDUSTRIAL,medium
IS3828,Kanagawa Ken Industrial P2,139.3978,35.3785,MFS20,INDUSTRIAL,medium
IS3829,Kanagawa Ken Industrial P3,139.5362,35.3302,MFS20,INDUSTRIAL,medium
IS3830,Kanagawa Ken Industrial P3,139.4475,35.3802,MFS20,INDUSTRIAL,medium
IS3831,Kanagawa Ken Industrial P3,139.4012,35.3766,MFS20,INDUSTRIAL,medium
IS3832,Kanagawa Ken Industrial P4,139.5386,35.3411,MFS20,INDUSTRIAL,medium
IS3833,Kanagawa Ken Industrial P4,139.4501,35.3749,MFS20,INDUSTRIAL,medium
IS3834,Kanagawa Ken Industrial P4,139.3754,35.3742,MFS20,INDUSTRIAL,medium
IS3835,Kanagawa Ken Industrial P5,139.5204,35.3120,MFS20,INDUSTRIAL,medium
IS3836,Kanagawa Ken Industrial P5,139.4719,35.3611,MFS20,INDUSTRIAL,medium
IS3837,Kanagawa Ken Industrial P5,139.3815,35.3804,MFS20,INDUSTRIAL,medium
IS3838,Kanagawa Ken Industrial P6,139.5414,35.3304,MFS20,INDUSTRIAL,medium
IS3839,Kanagawa Ken Industrial P6,139.4746,35.3718,MFS20,INDUSTRIAL,medium
IS3840,Kanagawa Ken Industrial P6,139.3987,35.3724,MFS20,INDUSTRIAL,medium
IS3841,Kanagawa Ken Industrial P7,139.5483,35.3120,MFS20,INDUSTRIAL,medium
IS3842,Kanagawa Ken Industrial P7,139.4626,35.3613,MFS20,INDUSTRIAL,medium
IS3843,Kanagawa Ken Industrial P7,139.3801,35.3603,MFS20,INDUSTRIAL,medium
IS3844,Kanagawa Ken Industrial P8,139.5432,35.3164,MFS20,INDUSTRIAL,medium
IS3845,Kanagawa Ken Industrial P8,139.4539,35.3638,MFS20,INDUSTRIAL,medium
IS3846,Kanagawa Ken Industrial P8,139.3670,35.3724,MFS20,INDUSTRIAL,medium
IS3847,Kanagawa Ken Industrial P9,139.5287,35.3359,MFS20,INDUSTRIAL,medium
IS3848,Kanagawa Ken Industrial P9,139.4519,35.3772,MFS20,INDUSTRIAL,medium
IS3849,Kanagawa Ken Industrial P9,139.3575,35.3556,MFS20,INDUSTRIAL,medium
IS3850,Kanagawa Ken Industrial P10,139.5287,35.3280,MFS20,INDUSTRIAL,medium
IS3851,Kanagawa Ken Industrial P10,139.4632,35.3635,MFS20,INDUSTRIAL,medium
IS3852,Kanagawa Ken Industrial P10,139.3824,35.3688,MFS20,INDUSTRIAL,medium
IS3853,Kanagawa Ken Industrial P11,139.5361,35.3403,MFS20,INDUSTRIAL,medium
IS3854,Kanagawa Ken Industrial P11,139.4558,35.3917,MFS20,INDUSTRIAL,medium
IS3855,Kanagawa Ken Industrial P11,139.3893,35.3837,MFS20,INDUSTRIAL,medium
IS3856,Kanagawa Ken Industrial P12,139.5599,35.3046,MFS20,INDUSTRIAL,medium
IS3857,Kanagawa Ken Industrial P12,139.4410,35.3669,MFS20,INDUSTRIAL,medium
IS3858,Kanagawa Ken Industrial P12,139.3862,35.3682,MFS20,INDUSTRIAL,medium
IS3859,Kanagawa Ken Industrial P13,139.5243,35.3277,MFS20,INDUSTRIAL,medium
IS3860,Kanagawa Ken Industrial P13,139.4790,35.3848,MFS20,INDUSTRIAL,medium
IS3861,Kanagawa Ken Industrial P13,139.3898,35.3617,MFS20,INDUSTRIAL,medium
IS3862,Kanagawa Ken Industrial P14,139.5242,35.3205,MFS20,INDUSTRIAL,medium
IS3863,Kanagawa Ken Industrial P14,139.4597,35.3558,MFS20,INDUSTRIAL,medium
IS3864,Kanagawa Ken Industrial P14,139.3746,35.3691,MFS20,INDUSTRIAL,medium
IS3865,Kanagawa Ken Industrial P15,139.5233,35.3395,MFS20,INDUSTRIAL,medium
IS3866,Kanagawa Ken Industrial P15,139.4616,35.3494,MFS20,INDUSTRIAL,medium
IS3867,Kanagawa Ken Industrial P1,139.3449,35.3316,MFS21,INDUSTRIAL,medium
IS3868,Kanagawa Ken Industrial P1,139.4285,35.3434,MFS21,INDUSTRIAL,medium
IS3869,Kanagawa Ken Industrial P1,139.3004,35.3366,MFS21,INDUSTRIAL,medium
IS3870,Kanagawa Ken Industrial P2,139.3219,35.3751,MFS21,INDUSTRIAL,medium
IS3871,Kanagawa Ken Industrial P2,139.3916,35.3258,MFS21,INDUSTRIAL,medium
IS3872,Kanagawa Ken Industrial P2,139.2657,35.3087,MFS21,INDUSTRIAL,medium
IS3873,Kanagawa Ken Industrial P3,139.3068,35.3640,MFS21,INDUSTRIAL,medium
IS3874,Kanagawa Ken Industrial P3,139.4091,35.3219,MFS21,INDUSTRIAL,medium
IS3875,Kanagawa Ken Industrial P3,139.2797,35.3012,MFS21,INDUSTRIAL,medium
IS3876,Kanagawa Ken Industrial P4,139.3084,35.3682,MFS21,INDUSTRIAL,medium
IS3877,Kanagawa Ken Industrial P4,139.4021,35.3474,MFS21,INDUSTRIAL,medium
IS3878,Kanagawa Ken Industrial P4,139.3080,35.3306,MFS21,INDUSTRIAL,medium
IS3879,Kanagawa Ken Industrial P5,139.3125,35.3678,MFS21,INDUSTRIAL,medium
IS3880,Kanagawa Ken Industrial P5,139.4006,35.3288,MFS21,INDUSTRIAL,medium
IS3881,Kanagawa Ken Industrial P5,139.3043,35.3328,MFS21,INDUSTRIAL,medium
IS3882,Kanagawa Ken Industrial P6,139.3142,35.3503,MFS21,INDUSTRIAL,medium
IS3883,Kanagawa Ken Industrial P6,139.4022,35.3433,MFS21,INDUSTRIAL,medium
IS3884,Kanagawa Ken Industrial P6,139.2551,35.3060,MFS21,INDUSTRIAL,medium
IS3885,Kanagawa Ken Industrial P7,139.3414,35.3560,MFS21,INDUSTRIAL,medium
IS3886,Kanagawa Ken Industrial P7,139.4084,35.3369,MFS21,INDUSTRIAL,medium
IS3887,Kanagawa Ken Industrial P7,139.2806,35.3102,MFS21,INDUSTRIAL,medium
IS3888,Kanagawa Ken Industrial P8,139.3281,35.3309,MFS21,INDUSTRIAL,medium
IS3889,Kanagawa Ken Industrial P8,139.4174,35.3520,MFS21,INDUSTRIAL,medium
IS3890,Kanagawa Ken Industrial P8,139.3008,35.3124,MFS21,INDUSTRIAL,medium
IS3891,Kanagawa Ken Industrial P9,139.3584,35.3544,MFS21,INDUSTRIAL,medium
IS3892,Kanagawa Ken Industrial P9,139.4110,35.3271,MFS21,INDUSTRIAL,medium
IS3893,Kanagawa Ken Industrial P9,139.2834,35.3011,MFS21,INDUSTRIAL,medium
IS3894,Kanagawa Ken Industrial P10,139.3342,35.3548,MFS21,INDUSTRIAL,medium
IS3895,Kanagawa Ken Industrial P10,139.4189,35.3385,MFS21,INDUSTRIAL,medium
IS3896,Kanagawa Ken Industrial P10,139.3014,35.3268,MFS21,INDUSTRIAL,medium
IS3897,Kanagawa Ken Industrial P11,139.3163,35.3499,MFS21,INDUSTRIAL,medium
IS3898,Kanagawa Ken Industrial P11,139.4008,35.3662,MFS21,INDUSTRIAL,medium
IS3899,Kanagawa Ken Industrial P11,139.2881,35.3039,MFS21,INDUSTRIAL,medium
IS3900,Kanagawa Ken Industrial P12,139.3300,35.3337,MFS21,INDUSTRIAL,medium
IS3901,Kanagawa Ken Industrial P12,139.4106,35.3444,MFS21,INDUSTRIAL,medium
IS3902,Kanagawa Ken Industrial P12,139.2848,35.3234,MFS21,INDUSTRIAL,medium
IS3903,Kanagawa Ken Industrial P13,139.3302,35.3599,MFS21,INDUSTRIAL,medium
IS3904,Kanagawa Ken Industrial P13,139.4117,35.3270,MFS21,INDUSTRIAL,medium
IS3905,Kanagawa Ken Industrial P13,139.2663,35.3124,MFS21,INDUSTRIAL,medium
IS3906,Kanagawa Ken Industrial P14,139.3381,35.3519,MFS21,INDUSTRIAL,medium
IS3907,Kanagawa Ken Industrial P1,139.3540,35.3459,MFS22,INDUSTRIAL,medium
IS3908,Kanagawa Ken Industrial P1,139.2216,35.3487,MFS22,INDUSTRIAL,medium
IS3909,Kanagawa Ken Industrial P1,139.1460,35.3304,MFS22,INDUSTRIAL,medium
IS3910,Kanagawa Ken Industrial P2,139.3286,35.3609,MFS22,INDUSTRIAL,medium
IS3911,Kanagawa Ken Industrial P2,139.2200,35.3447,MFS22,INDUSTRIAL,medium
IS3912,Kanagawa Ken Industrial P2,139.1662,35.3539,MFS22,INDUSTRIAL,medium
IS3913,Kanagawa Ken Industrial P3,139.3213,35.3496,MFS22,INDUSTRIAL,medium
IS3914,Kanagawa Ken Industrial P3,139.2274,35.3398,MFS22,INDUSTRIAL,medium
IS3915,Kanagawa Ken Industrial P3,139.1558,35.3344,MFS22,INDUSTRIAL,medium
IS3916,Kanagawa Ken Industrial P4,139.3134,35.3402,MFS22,INDUSTRIAL,medium
IS3917,Kanagawa Ken Industrial P4,139.2335,35.3461,MFS22,INDUSTRIAL,medium
IS3918,Kanagawa Ken Industrial P4,139.1499,35.3381,MFS22,INDUSTRIAL,medium
IS3919,Kanagawa Ken Industrial P5,139.3078,35.3438,MFS22,INDUSTRIAL,medium
IS3920,Kanagawa Ken Industrial P5,139.2219,35.3642,MFS22,INDUSTRIAL,medium
IS3921,Kanagawa Ken Industrial P5,139.1622,35.3338,MFS22,INDUSTRIAL,medium
IS3922,Kanagawa Ken Industrial P6,139.3361,35.3457,MFS22,INDUSTRIAL,medium
IS3923,Kanagawa Ken Industrial P6,139.1904,35.3342,MFS22,INDUSTRIAL,medium
IS3924,Kanagawa Ken Industrial P6,139.1570,35.3305,MFS22,INDUSTRIAL,medium
IS3925,Kanagawa Ken Industrial P7,139.3150,35.3570,MFS22,INDUSTRIAL,medium
IS3926,Kanagawa Ken Industrial P7,139.2327,35.3409,MFS22,INDUSTRIAL,medium
IS3927,Kanagawa Ken Industrial P7,139.1718,35.3492,MFS22,INDUSTRIAL,medium
IS3928,Kanagawa Ken Industrial P8,139.3274,35.3380,MFS22,INDUSTRIAL,medium
IS3929,Kanagawa Ken Industrial P8,139.1968,35.3238,MFS22,INDUSTRIAL,medium
IS3930,Kanagawa Ken Industrial P8,139.1689,35.3395,MFS22,INDUSTRIAL,medium
IS3931,Kanagawa Ken Industrial P9,139.3322,35.3318,MFS22,INDUSTRIAL,medium
IS3932,Kanagawa Ken Industrial P9,139.2327,35.3362,MFS22,INDUSTRIAL,medium
IS3933,Kanagawa Ken Industrial P9,139.1906,35.3348,MFS22,INDUSTRIAL,medium
IS3934,Kanagawa Ken Industrial P10,139.3214,35.3566,MFS22,INDUSTRIAL,medium
IS3935,Kanagawa Ken Industrial P10,139.2304,35.3426,MFS22,INDUSTRIAL,medium
IS3936,Kanagawa Ken Industrial P10,139.1514,35.3311,MFS22,INDUSTRIAL,medium
IS3937,Kanagawa Ken Industrial P11,139.3429,35.3619,MFS22,INDUSTRIAL,medium
IS3938,Kanagawa Ken Industrial P1,139.3815,35.4585,MFS23,INDUSTRIAL,medium
IS3939,Kanagawa Ken Industrial P1,139.0470,35.2497,MFS23,INDUSTRIAL,medium
IS3940,Kanagawa Ken Industrial P1,139.1228,35.1512,MFS23,INDUSTRIAL,medium
IS3941,Kanagawa Ken Industrial P1,139.0825,35.1448,MFS23,INDUSTRIAL,medium
IS3942,Kanagawa Ken Industrial P1,139.1568,35.2497,MFS23,INDUSTRIAL,medium
IS3943,Kanagawa Ken Industrial P2,139.3781,35.4478,MFS23,INDUSTRIAL,medium
IS3944,Kanagawa Ken Industrial P2,139.0412,35.2206,MFS23,INDUSTRIAL,medium
IS3945,Kanagawa Ken Industrial P2,139.1316,35.1530,MFS23,INDUSTRIAL,medium
IS3946,Kanagawa Ken Industrial P2,139.0604,35.1597,MFS23,INDUSTRIAL,medium
IS3947,Kanagawa Ken Industrial P2,139.1743,35.2626,MFS23,INDUSTRIAL,medium
IS3948,Kanagawa Ken Industrial P3,139.3806,35.4489,MFS23,INDUSTRIAL,medium
IS3949,Kanagawa Ken Industrial P3,138.9975,35.2428,MFS23,INDUSTRIAL,medium
IS3950,Kanagawa Ken Industrial P3,139.1385,35.1862,MFS23,INDUSTRIAL,medium
IS3951,Kanagawa Ken Industrial P3,139.0755,35.1497,MFS23,INDUSTRIAL,medium
IS3952,Kanagawa Ken Industrial P3,139.1452,35.2485,MFS23,INDUSTRIAL,medium
IS3953,Kanagawa Ken Industrial P4,139.3922,35.4351,MFS23,INDUSTRIAL,medium
IS3954,Kanagawa Ken Industrial P4,139.0002,35.2500,MFS23,INDUSTRIAL,medium
IS3955,Kanagawa Ken Industrial P4,139.1130,35.1538,MFS23,INDUSTRIAL,medium
IS3956,Kanagawa Ken Industrial P4,139.0996,35.1670,MFS23,INDUSTRIAL,medium
IS3957,Kanagawa Ken Industrial P4,139.1537,35.2775,MFS23,INDUSTRIAL,medium
IS3958,Kanagawa Ken Industrial P5,139.3835,35.4405,MFS23,INDUSTRIAL,medium
IS3959,Kanagawa Ken Industrial P5,139.0193,35.2213,MFS23,INDUSTRIAL,medium
IS3960,Kanagawa Ken Industrial P1,139.6192,35.1393,MFS24,INDUSTRIAL,medium
IS3961,Kanagawa Ken Industrial P1,139.2306,35.3102,MFS24,INDUSTRIAL,medium
IS3962,Kanagawa Ken Industrial P1,139.1575,35.3268,MFS24,INDUSTRIAL,medium
IS3963,Kanagawa Ken Industrial P1,139.1345,35.4057,MFS24,INDUSTRIAL,medium
IS3964,Kanagawa Ken Industrial P1,139.0498,35.4360,MFS24,INDUSTRIAL,medium
IS3965,Kanagawa Ken Industrial P2,139.6364,35.1355,MFS24,INDUSTRIAL,medium
IS3966,Kanagawa Ken Industrial P2,139.2413,35.3073,MFS24,INDUSTRIAL,medium
IS3967,Kanagawa Ken Industrial P2,139.1668,35.2964,MFS24,INDUSTRIAL,medium
IS3968,Kanagawa Ken Industrial P2,139.1015,35.3961,MFS24,INDUSTRIAL,medium
IS3969,Kanagawa Ken Industrial P2,139.0664,35.4233,MFS24,INDUSTRIAL,medium
IS3970,Kanagawa Ken Industrial P3,139.6672,35.1465,MFS24,INDUSTRIAL,medium
IS3971,Kanagawa Ken Industrial P3,139.2465,35.3079,MFS24,INDUSTRIAL,medium
IS3972,Kanagawa Ken Industrial P3,139.1580,35.3340,MFS24,INDUSTRIAL,medium
IS3973,Kanagawa Ken Industrial P3,139.1278,35.4067,MFS24,INDUSTRIAL,medium
IS3974,Kanagawa Ken Industrial P3,139.0505,35.4403,MFS24,INDUSTRIAL,medium
IS3975,Kanagawa Ken Industrial P4,139.6177,35.1413,MFS24,INDUSTRIAL,medium
IS3976,Kanagawa Ken Industrial P4,139.2385,35.3124,MFS24,INDUSTRIAL,medium
IS3977,Kanagawa Ken Industrial P4,139.1509,35.2917,MFS24,INDUSTRIAL,medium
IS3978,Kanagawa Ken Industrial P4,139.1302,35.3842,MFS24,INDUSTRIAL,medium
IS3979,Kanagawa Ken Industrial P4,139.0391,35.4286,MFS24,INDUSTRIAL,medium
IS3980,Kanagawa Ken Industrial P5,139.6152,35.1333,MFS24,INDUSTRIAL,medium
IS3981,Kanagawa Ken Industrial P5,139.2623,35.3130,MFS24,INDUSTRIAL,medium
IS3982,Kanagawa Ken Industrial P5,139.1529,35.3363,MFS24,INDUSTRIAL,medium
IS3983,Kanagawa Ken Industrial P5,139.1474,35.3909,MFS24,INDUSTRIAL,medium
IS3984,Kanagawa Ken Industrial P5,139.0460,35.4181,MFS24,INDUSTRIAL,medium
IS3985,Kanagawa Ken Industrial P6,139.6235,35.1445,MFS24,INDUSTRIAL,medium
IS3986,Kanagawa Ken Industrial P6,139.2450,35.2918,MFS24,INDUSTRIAL,medium
IS3987,Kanagawa Ken Industrial P6,139.1639,35.3172,MFS24,INDUSTRIAL,medium
IS3988,Kanagawa Ken Industrial P6,139.1329,35.3909,MFS24,INDUSTRIAL,medium
IS3989,Kanagawa Ken Industrial P6,139.0489,35.4417,MFS24,INDUSTRIAL,medium
IS3990,Kanagawa Ken Industrial P7,139.6309,35.1479,MFS24,INDUSTRIAL,medium
IS3991,Kanagawa Ken Industrial P7,139.2484,35.3112,MFS24,INDUSTRIAL,medium
IS3992,Kanagawa Ken Industrial P7,139.1529,35.3384,MFS24,INDUSTRIAL,medium
IS3993,Kanagawa Ken Industrial P7,139.1393,35.3770,MFS24,INDUSTRIAL,medium
IS3994,Kanagawa Ken Industrial P7,139.0521,35.4444,MFS24,INDUSTRIAL,medium
IS3995,Kanagawa Ken Industrial P8,139.6136,35.1408,MFS24,INDUSTRIAL,medium
IS3996,Kanagawa Ken Industrial P8,139.2416,35.3104,MFS24,INDUSTRIAL,medium
IS3997,Kanagawa Ken Industrial P8,139.1578,35.3270,MFS24,INDUSTRIAL,medium
IS3998,Kanagawa Ken Industrial P8,139.1071,35.3914,MFS24,INDUSTRIAL,medium
IS3999,Kanagawa Ken Industrial P8,139.0503,35.4109,MFS24,INDUSTRIAL,medium
IS4000,Kanagawa Ken Industrial P1,139.3433,35.4815,MFS25,INDUSTRIAL,medium
IS4001,Kanagawa Ken Industrial P1,139.4615,35.4696,MFS25,INDUSTRIAL,medium
IS4002,Kanagawa Ken Industrial P1,139.1386,35.3471,MFS25,INDUSTRIAL,medium
IS4003,Kanagawa Ken Industrial P1,139.3016,35.4098,MFS25,INDUSTRIAL,medium
IS4004,Kanagawa Ken Industrial P1,139.2353,35.4880,MFS25,INDUSTRIAL,medium
IS4005,Kanagawa Ken Industrial P1,139.1816,35.3873,MFS25,INDUSTRIAL,medium
IS4006,Kanagawa Ken Industrial P2,139.3477,35.4518,MFS25,INDUSTRIAL,medium
IS4007,Kanagawa Ken Industrial P2,139.4730,35.4586,MFS25,INDUSTRIAL,medium
IS4008,Kanagawa Ken Industrial P2,139.1071,35.3331,MFS25,INDUSTRIAL,medium
IS4009,Kanagawa Ken Industrial P2,139.2994,35.3908,MFS25,INDUSTRIAL,medium
IS4010,Kanagawa Ken Industrial P2,139.2347,35.4876,MFS25,INDUSTRIAL,medium
IS4011,Kanagawa Ken Industrial P2,139.2054,35.3934,MFS25,INDUSTRIAL,medium
IS4012,Kanagawa Ken Industrial P3,139.3399,35.4448,MFS25,INDUSTRIAL,medium
IS4013,Kanagawa Ken Industrial P3,139.4664,35.4862,MFS25,INDUSTRIAL,medium
IS4014,Kanagawa Ken Industrial P3,139.1115,35.3122,MFS25,INDUSTRIAL,medium
IS4015,Kanagawa Ken Industrial P3,139.3169,35.4070,MFS25,INDUSTRIAL,medium
IS4016,Kanagawa Ken Industrial P3,139.2274,35.4862,MFS25,INDUSTRIAL,medium
IS4017,Kanagawa Ken Industrial P3,139.1919,35.3888,MFS25,INDUSTRIAL,medium
IS4018,Kanagawa Ken Industrial P4,139.3371,35.4818,MFS25,INDUSTRIAL,medium
IS4019,Kanagawa Ken Industrial P4,139.4725,35.4703,MFS25,INDUSTRIAL,medium
IS4020,Kanagawa Ken Industrial P4,139.1598,35.3397,MFS25,INDUSTRIAL,medium
IS4021,Kanagawa Ken Industrial P4,139.3026,35.4061,MFS25,INDUSTRIAL,medium
IS4022,Kanagawa Ken Industrial P4,139.1872,35.4889,MFS25,INDUSTRIAL,medium
IS4023,Kanagawa Ken Industrial P4,139.2159,35.3859,MFS25,INDUSTRIAL,medium
IS4024,Kanagawa Ken Industrial P5,139.3262,35.4636,MFS25,INDUSTRIAL,medium
IS4025,Kanagawa Ken Industrial P5,139.4665,35.4801,MFS25,INDUSTRIAL,medium
IS4026,Kanagawa Ken Industrial P5,139.1157,35.3209,MFS25,INDUSTRIAL,medium
IS4027,Kanagawa Ken Industrial P5,139.2792,35.4160,MFS25,INDUSTRIAL,medium
IS4028,Kanagawa Ken Industrial P5,139.2665,35.4606,MFS25,INDUSTRIAL,medium
IS4029,Kanagawa Ken Industrial P5,139.1985,35.3729,MFS25,INDUSTRIAL,medium
IS4030,Kanagawa Ken Industrial P6,139.3306,35.4508,MFS25,INDUSTRIAL,medium
IS4031,Kanagawa Ken Industrial P6,139.4610,35.4615,MFS25,INDUSTRIAL,medium
IS4032,Kanagawa Ken Industrial P6,139.1333,35.3409,MFS25,INDUSTRIAL,medium
IS4033,Kanagawa Ken Industrial P6,139.3007,35.3850,MFS25,INDUSTRIAL,medium
IS4034,Kanagawa Ken Industrial P6,139.2498,35.4803,MFS25,INDUSTRIAL,medium
IS4035,Kanagawa Ken Industrial P6,139.1917,35.3678,MFS25,INDUSTRIAL,medium
IS4036,Kanagawa Ken Industrial P7,139.3444,35.4409,MFS25,INDUSTRIAL,medium
IS4037,Kanagawa Ken Industrial P7,139.4377,35.4647,MFS25,INDUSTRIAL,medium
IS4038,Kanagawa Ken Industrial P7,139.0933,35.3335,MFS25,INDUSTRIAL,medium
IS4039,Kanagawa Ken Industrial P7,139.2938,35.3968,MFS25,INDUSTRIAL,medium
IS4040,Saitama Ken Industrial P1,139.6399,35.8185,MFS29,INDUSTRIAL,medium
IS4041,Saitama Ken Industrial P1,139.7564,36.0081,MFS29,INDUSTRIAL,medium
IS4042,Saitama Ken Industrial P1,139.5698,35.8006,MFS29,INDUSTRIAL,medium
IS4043,Saitama Ken Industrial P1,139.4608,35.8054,MFS29,INDUSTRIAL,medium
IS4044,Saitama Ken Industrial P1,139.5777,35.8127,MFS29,INDUSTRIAL,medium
IS4045,Saitama Ken Industrial P1,139.6282,35.7713,MFS29,INDUSTRIAL,medium
IS4046,Tokyo To Industrial P1,139.5028,35.7781,MFS29,INDUSTRIAL,medium
IS4047,Saitama Ken Industrial P1,139.5093,35.8360,MFS29,INDUSTRIAL,medium
IS4048,Saitama Ken Industrial P1,139.5575,35.8368,MFS29,INDUSTRIAL,medium
IS4049,Tokyo To Industrial P1,139.5174,35.7493,MFS29,INDUSTRIAL,medium
IS4050,Saitama Ken Industrial P1,139.5071,35.8802,MFS29,INDUSTRIAL,medium
IS4051,Tokyo To Industrial P1,139.4995,35.7591,MFS29,INDUSTRIAL,medium
IS4052,Tokyo To Industrial P1,139.4585,35.7354,MFS29,INDUSTRIAL,medium
IS4053,Saitama Ken Industrial P2,139.6585,35.8093,MFS29,INDUSTRIAL,medium
IS4054,Saitama Ken Industrial P2,139.7725,35.9798,MFS29,INDUSTRIAL,medium
IS4055,Saitama Ken Industrial P2,139.5793,35.7990,MFS29,INDUSTRIAL,medium
IS4056,Saitama Ken Industrial P2,139.4551,35.8077,MFS29,INDUSTRIAL,medium
IS4057,Saitama Ken Industrial P2,139.5553,35.8629,MFS29,INDUSTRIAL,medium
IS4058,Saitama Ken Industrial P2,139.6116,35.7644,MFS29,INDUSTRIAL,medium
IS4059,Tokyo To Industrial P2,139.5145,35.7773,MFS29,INDUSTRIAL,medium
IS4060,Saitama Ken Industrial P2,139.5092,35.8591,MFS29,INDUSTRIAL,medium
IS4061,Saitama Ken Industrial P2,139.5335,35.8569,MFS29,INDUSTRIAL,medium
IS4062,Saitama Ken Industrial P1,139.7913,35.8321,MFS30,INDUSTRIAL,medium
IS4063,Saitama Ken Industrial P1,139.7682,35.9588,MFS30,INDUSTRIAL,medium
IS4064,Saitama Ken Industrial P1,139.8721,35.8277,MFS30,INDUSTRIAL,medium
IS4065,Saitama Ken Industrial P1,139.7764,35.8925,MFS30,INDUSTRIAL,medium
IS4066,Saitama Ken Industrial P1,139.8453,35.9505,MFS30,INDUSTRIAL,medium
IS4067,Saitama Ken Industrial P1,139.8599,35.8027,MFS30,INDUSTRIAL,medium
IS4068,Saitama Ken Industrial P1,139.1958,35.8679,MFS31,INDUSTRIAL,medium
IS4069,Saitama Ken Industrial P1,139.8820,35.8411,MFS31,INDUSTRIAL,medium
IS4070,Saitama Ken Industrial P1,139.3555,36.0713,MFS31,INDUSTRIAL,medium
IS4071,Saitama Ken Industrial P1,139.2620,35.9518,MFS31,INDUSTRIAL,medium
IS4072,Saitama Ken Industrial P1,139.3571,35.8323,MFS31,INDUSTRIAL,medium
IS4073,Saitama Ken Industrial P1,139.3665,35.8890,MFS31,INDUSTRIAL,medium
IS4074,Saitama Ken Industrial P1,139.4471,35.8637,MFS31,INDUSTRIAL,medium
IS4075,Tokyo To Industrial P1,139.3721,35.7538,MFS31,INDUSTRIAL,medium
IS4076,Saitama Ken Industrial P2,139.2092,35.8875,MFS31,INDUSTRIAL,medium
IS4077,Saitama Ken Industrial P2,139.8814,35.8297,MFS31,INDUSTRIAL,medium
IS4078,Saitama Ken Industrial P2,139.3324,36.0729,MFS31,INDUSTRIAL,medium
IS4079,Saitama Ken Industrial P2,139.2498,35.9379,MFS31,INDUSTRIAL,medium
IS4080,Saitama Ken Industrial P2,139.3803,35.8375,MFS31,INDUSTRIAL,medium
IS4081,Saitama Ken Industrial P2,139.3448,35.8887,MFS31,INDUSTRIAL,medium
IS4082,Saitama Ken Industrial P2,139.4354,35.8504,MFS31,INDUSTRIAL,medium
IS4083,Tokyo To Industrial P2,139.3638,35.7392,MFS31,INDUSTRIAL,medium
IS4084,Saitama Ken Industrial P3,139.1981,35.8772,MFS31,INDUSTRIAL,medium
IS4085,Saitama Ken Industrial P3,139.8652,35.8284,MFS31,INDUSTRIAL,medium
IS4086,Saitama Ken Industrial P3,139.3320,36.0839,MFS31,INDUSTRIAL,medium
IS4087,Saitama Ken Industrial P3,139.2580,35.9559,MFS31,INDUSTRIAL,medium
IS4088,Saitama Ken Industrial P3,139.3573,35.8309,MFS31,INDUSTRIAL,medium
IS4089,Saitama Ken Industrial P1,139.8661,35.8922,MFS32,INDUSTRIAL,medium
IS4090,Saitama Ken Industrial P1,139.5780,35.7997,MFS32,INDUSTRIAL,medium
IS4091,Saitama Ken Industrial P1,139.4895,35.9766,MFS32,INDUSTRIAL,medium
IS4092,Saitama Ken Industrial P1,139.4185,36.0273,MFS32,INDUSTRIAL,medium
IS4093,Saitama Ken Industrial P1,139.3883,35.9710,MFS32,INDUSTRIAL,medium
IS4094,Saitama Ken Industrial P1,139.3985,35.9292,MFS32,INDUSTRIAL,medium
IS4095,Saitama Ken Industrial P1,139.3562,35.9919,MFS32,INDUSTRIAL,medium
IS4096,Saitama Ken Industrial P1,139.4927,35.9015,MFS32,INDUSTRIAL,medium
IS4097,Saitama Ken Industrial P1,139.3169,35.9281,MFS32,INDUSTRIAL,medium
IS4098,Saitama Ken Industrial P1,139.4499,36.0520,MFS32,INDUSTRIAL,medium
IS4099,Saitama Ken Industrial P2,139.8226,35.8765,MFS32,INDUSTRIAL,medium
IS4100,Saitama Ken Industrial P2,139.6248,35.7984,MFS32,INDUSTRIAL,medium
IS4101,Saitama Ken Industrial P2,139.5004,35.9814,MFS32,INDUSTRIAL,medium
IS4102,Saitama Ken Industrial P2,139.3964,36.0320,MFS32,INDUSTRIAL,medium
IS4103,Saitama Ken Industrial P2,139.4084,35.9589,MFS32,INDUSTRIAL,medium
IS4104,Saitama Ken Industrial P2,139.3991,35.9405,MFS32,INDUSTRIAL,medium
IS4105,Saitama Ken Industrial P2,139.3309,35.9840,MFS32,INDUSTRIAL,medium
IS4106,Saitama Ken Industrial P2,139.4700,35.9149,MFS32,INDUSTRIAL,medium
IS4107,Saitama Ken Industrial P2,139.2928,35.9491,MFS32,INDUSTRIAL,medium
IS4108,Saitama Ken Industrial P2,139.4297,36.0483,MFS32,INDUSTRIAL,medium
IS4109,Saitama Ken Industrial P3,139.8488,35.8877,MFS32,INDUSTRIAL,medium
IS4110,Saitama Ken Industrial P3,139.6020,35.8104,MFS32,INDUSTRIAL,medium
IS4111,Saitama Ken Industrial P3,139.4752,35.9736,MFS32,INDUSTRIAL,medium
IS4112,Saitama Ken Industrial P3,139.3941,36.0309,MFS32,INDUSTRIAL,medium
IS4113,Saitama Ken Industrial P3,139.4009,35.9708,MFS32,INDUSTRIAL,medium
IS4114,Saitama Ken Industrial P3,139.3891,35.9468,MFS32,INDUSTRIAL,medium
IS4115,Saitama Ken Industrial P3,139.3348,35.9670,MFS32,INDUSTRIAL,medium
IS4116,Saitama Ken Industrial P3,139.4685,35.9146,MFS32,INDUSTRIAL,medium
IS4117,Saitama Ken Industrial P3,139.3108,35.9357,MFS32,INDUSTRIAL,medium
IS4118,Saitama Ken Industrial P3,139.4234,36.0609,MFS32,INDUSTRIAL,medium
IS4119,Saitama Ken Industrial P4,139.8219,35.8942,MFS32,INDUSTRIAL,medium
IS4120,Saitama Ken Industrial P1,139.4981,36.0854,MFS33,INDUSTRIAL,medium
IS4121,Saitama Ken Industrial P1,139.6319,36.1464,MFS33,INDUSTRIAL,medium
IS4122,Saitama Ken Industrial P1,139.5468,35.9947,MFS33,INDUSTRIAL,medium
IS4123,Saitama Ken Industrial P1,139.5143,36.0282,MFS33,INDUSTRIAL,medium
IS4124,Saitama Ken Industrial P1,139.6083,36.0023,MFS33,INDUSTRIAL,medium
IS4125,Saitama Ken Industrial P1,139.5947,35.9900,MFS33,INDUSTRIAL,medium
IS4126,Saitama Ken Industrial P1,139.6397,36.0130,MFS33,INDUSTRIAL,medium
IS4127,Saitama Ken Industrial P1,139.7224,36.0271,MFS33,INDUSTRIAL,medium
IS4128,Saitama Ken Industrial P2,139.4868,36.0720,MFS33,INDUSTRIAL,medium
IS4129,Saitama Ken Industrial P2,139.6141,36.1377,MFS33,INDUSTRIAL,medium
IS4130,Saitama Ken Industrial P2,139.5676,36.0122,MFS33,INDUSTRIAL,medium
IS4131,Saitama Ken Industrial P2,139.5490,36.0194,MFS33,INDUSTRIAL,medium
IS4132,Saitama Ken Industrial P1,139.6604,36.0858,MFS34,INDUSTRIAL,medium
IS4133,Saitama Ken Industrial P1,139.6375,36.0181,MFS34,INDUSTRIAL,medium
IS4134,Saitama Ken Industrial P1,139.1474,36.1840,MFS34,INDUSTRIAL,medium
IS4135,Saitama Ken Industrial P1,139.4162,36.1362,MFS34,INDUSTRIAL,medium
IS4136,Saitama Ken Industrial P1,139.5280,36.1866,MFS34,INDUSTRIAL,medium
IS4137,Saitama Ken Industrial P1,139.7335,36.0691,MFS34,INDUSTRIAL,medium
IS4138,Gunma Ken Industrial P1,139.6164,36.2204,MFS34,INDUSTRIAL,medium
IS4139,Ibaraki Ken Industrial P1,139.7825,36.1999,MFS34,INDUSTRIAL,medium
IS4140,Gunma Ken Industrial P1,139.5445,36.2296,MFS34,INDUSTRIAL,medium
IS4141,Saitama Ken Industrial P1,139.7352,36.0343,MFS34,INDUSTRIAL,medium
IS4142,Ibaraki Ken Industrial P1,139.8540,36.0791,MFS34,INDUSTRIAL,medium
IS4143,Saitama Ken Industrial P2,139.6518,36.0938,MFS34,INDUSTRIAL,medium
IS4144,Saitama Ken Industrial P2,139.6520,36.0108,MFS34,INDUSTRIAL,medium
IS4145,Saitama Ken Industrial P2,139.1429,36.1845,MFS34,INDUSTRIAL,medium
IS4146,Saitama Ken Industrial P2,139.4282,36.1259,MFS34,INDUSTRIAL,medium
IS4147,Saitama Ken Industrial P2,139.5851,36.1671,MFS34,INDUSTRIAL,medium
IS4148,Saitama Ken Industrial P2,139.7275,36.0776,MFS34,INDUSTRIAL,medium
IS4149,Gunma Ken Industrial P2,139.6094,36.2255,MFS34,INDUSTRIAL,medium
IS4150,Ibaraki Ken Industrial P2,139.7742,36.1571,MFS34,INDUSTRIAL,medium
IS4151,Gunma Ken Industrial P2,139.5286,36.2099,MFS34,INDUSTRIAL,medium
IS4152,Saitama Ken Industrial P2,139.7571,35.9999,MFS34,INDUSTRIAL,medium
IS4153,Saitama Ken Industrial P1,139.3617,36.1479,MFS35,INDUSTRIAL,medium
IS4154,Saitama Ken Industrial P1,139.2670,36.1868,MFS35,INDUSTRIAL,medium
IS4155,Saitama Ken Industrial P1,139.2307,36.0402,MFS35,INDUSTRIAL,medium
IS4156,Saitama Ken Industrial P1,139.1659,36.0499,MFS35,INDUSTRIAL,medium
IS4157,Gunma Ken Industrial P1,139.4648,36.2253,MFS35,INDUSTRIAL,medium
IS4158,Saitama Ken Industrial P1,139.3444,36.0413,MFS35,INDUSTRIAL,medium
IS4159,Saitama Ken Industrial P2,139.3791,36.1605,MFS35,INDUSTRIAL,medium
IS4160,Saitama Ken Industrial P2,139.2905,36.1613,MFS35,INDUSTRIAL,medium
IS4161,Saitama Ken Industrial P2,139.2649,36.0709,MFS35,INDUSTRIAL,medium
IS4162,Saitama Ken Industrial P2,139.1942,36.0584,MFS35,INDUSTRIAL,medium
IS4163,Gunma Ken Industrial P2,139.4404,36.2247,MFS35,INDUSTRIAL,medium
IS4164,Saitama Ken Industrial P2,139.3257,36.0525,MFS35,INDUSTRIAL,medium
IS4165,Saitama Ken Industrial P1,139.0617,36.1660,MFS36,INDUSTRIAL,medium
IS4166,Saitama Ken Industrial P1,139.1550,36.1885,MFS36,INDUSTRIAL,medium
IS4167,Saitama Ken Industrial P1,139.1217,36.2314,MFS36,INDUSTRIAL,medium
IS4168,Gunma Ken Industrial P1,139.1490,36.3139,MFS36,INDUSTRIAL,medium
IS4169,Saitama Ken Industrial P1,139.2186,36.1313,MFS36,INDUSTRIAL,medium
IS4170,Saitama Ken Industrial P2,139.0542,36.1561,MFS36,INDUSTRIAL,medium
IS4171,Saitama Ken Industrial P2,139.1452,36.2261,MFS36,INDUSTRIAL,medium
IS4172,Saitama Ken Industrial P2,139.1425,36.2314,MFS36,INDUSTRIAL,medium
IS4173,Gunma Ken Industrial P2,139.1559,36.3078,MFS36,INDUSTRIAL,medium
IS4174,Saitama Ken Industrial P2,139.2262,36.1101,MFS36,INDUSTRIAL,medium
IS4175,Saitama Ken Industrial P3,139.0558,36.1570,MFS36,INDUSTRIAL,medium
IS4176,Saitama Ken Industrial P3,139.1578,36.1917,MFS36,INDUSTRIAL,medium
IS4177,Saitama Ken Industrial P1,138.9344,35.9711,MFS37,INDUSTRIAL,medium
IS4178,Saitama Ken Industrial P1,139.1127,35.9891,MFS37,INDUSTRIAL,medium
IS4179,Saitama Ken Industrial P1,139.1372,36.2002,MFS37,INDUSTRIAL,medium
IS4180,Saitama Ken Industrial P1,139.1644,36.0502,MFS37,INDUSTRIAL,medium
IS4181,Saitama Ken Industrial P1,139.0966,36.0689,MFS37,INDUSTRIAL,medium
IS4182,Saitama Ken Industrial P1,139.1102,36.0972,MFS37,INDUSTRIAL,medium
IS4183,Saitama Ken Industrial P1,138.9360,36.0149,MFS37,INDUSTRIAL,medium
IS4184,Saitama Ken Industrial P1,139.2285,35.9947,MFS37,INDUSTRIAL,medium
IS4185,Saitama Ken Industrial P2,138.9378,35.9577,MFS37,INDUSTRIAL,medium
IS4186,Saitama Ken Industrial P2,139.1038,35.9790,MFS37,INDUSTRIAL,medium
IS4187,Saitama Ken Industrial P2,139.1409,36.2280,MFS37,INDUSTRIAL,medium
IS4188,Saitama Ken Industrial P2,139.1952,36.0585,MFS37,INDUSTRIAL,medium
IS4189,Chiba Ken Industrial P1,140.1767,35.6024,MFS38,INDUSTRIAL,medium
IS4190,Chiba Ken Industrial P2,140.1691,35.5951,MFS38,INDUSTRIAL,medium
IS4191,Chiba Ken Industrial P3,140.1827,35.5737,MFS38,INDUSTRIAL,medium
IS4192,Chiba Ken Industrial P4,140.1607,35.6204,MFS38,INDUSTRIAL,medium
IS4193,Chiba Ken Industrial P5,140.1605,35.6127,MFS38,INDUSTRIAL,medium
IS4194,Chiba Ken Industrial P6,140.1674,35.5977,MFS38,INDUSTRIAL,medium
IS4195,Chiba Ken Industrial P7,140.1508,35.5913,MFS38,INDUSTRIAL,medium
IS4196,Chiba Ken Industrial P8,140.1694,35.6079,MFS38,INDUSTRIAL,medium
IS4197,Chiba Ken Industrial P9,140.1524,35.6177,MFS38,INDUSTRIAL,medium
IS4198,Chiba Ken Industrial P10,140.1417,35.6076,MFS38,INDUSTRIAL,medium
IS4199,Chiba Ken Industrial P11,140.1445,35.6309,MFS38,INDUSTRIAL,medium
IS4200,Chiba Ken Industrial P12,140.1747,35.6293,MFS38,INDUSTRIAL,medium
IS4201,Chiba Ken Industrial P13,140.1500,35.6032,MFS38,INDUSTRIAL,medium
IS4202,Chiba Ken Industrial P14,140.1830,35.5948,MFS38,INDUSTRIAL,medium
IS4203,Chiba Ken Industrial P15,140.1528,35.5898,MFS38,INDUSTRIAL,medium
IS4204,Chiba Ken Industrial P16,140.1454,35.5847,MFS38,INDUSTRIAL,medium
IS4205,Chiba Ken Industrial P17,140.1719,35.6106,MFS38,INDUSTRIAL,medium
IS4206,Chiba Ken Industrial P1,139.9405,35.7987,MFS40,INDUSTRIAL,medium
IS4207,Chiba Ken Industrial P1,139.9985,35.7830,MFS40,INDUSTRIAL,medium
IS4208,Chiba Ken Industrial P1,139.9908,35.8542,MFS40,INDUSTRIAL,medium
IS4209,Chiba Ken Industrial P1,140.1177,35.4144,MFS40,INDUSTRIAL,medium
IS4210,Chiba Ken Industrial P1,140.0405,35.8258,MFS40,INDUSTRIAL,medium
IS4211,Chiba Ken Industrial P2,139.9138,35.7876,MFS40,INDUSTRIAL,medium
IS4212,Chiba Ken Industrial P2,140.0145,35.7629,MFS40,INDUSTRIAL,medium
IS4213,Chiba Ken Industrial P2,139.9772,35.8659,MFS40,INDUSTRIAL,medium
IS4214,Chiba Ken Industrial P2,140.1301,35.4147,MFS40,INDUSTRIAL,medium
IS4215,Chiba Ken Industrial P2,140.0639,35.7934,MFS40,INDUSTRIAL,medium
IS4216,Chiba Ken Industrial P3,139.9273,35.7943,MFS40,INDUSTRIAL,medium
IS4217,Chiba Ken Industrial P3,139.9939,35.7772,MFS40,INDUSTRIAL,medium
IS4218,Chiba Ken Industrial P3,139.9767,35.8622,MFS40,INDUSTRIAL,medium
IS4219,Chiba Ken Industrial P3,140.1466,35.3990,MFS40,INDUSTRIAL,medium
IS4220,Chiba Ken Industrial P3,140.0495,35.8025,MFS40,INDUSTRIAL,medium
IS4221,Chiba Ken Industrial P4,139.9232,35.7935,MFS40,INDUSTRIAL,medium
IS4222,Chiba Ken Industrial P4,139.9908,35.7604,MFS40,INDUSTRIAL,medium
IS4223,Chiba Ken Industrial P4,140.0022,35.8395,MFS40,INDUSTRIAL,medium
IS4224,Chiba Ken Industrial P4,140.1252,35.4229,MFS40,INDUSTRIAL,medium
IS4225,Chiba Ken Industrial P4,140.0495,35.7967,MFS40,INDUSTRIAL,medium
IS4226,Chiba Ken Industrial P5,139.9217,35.7959,MFS40,INDUSTRIAL,medium
IS4227,Chiba Ken Industrial P5,140.0244,35.8002,MFS40,INDUSTRIAL,medium
IS4228,Chiba Ken Industrial P5,139.9846,35.8440,MFS40,INDUSTRIAL,medium
IS4229,Chiba Ken Industrial P5,140.1439,35.4004,MFS40,INDUSTRIAL,medium
IS4230,Chiba Ken Industrial P5,140.0471,35.7986,MFS40,INDUSTRIAL,medium
IS4231,Chiba Ken Industrial P6,139.8967,35.8155,MFS40,INDUSTRIAL,medium
IS4232,Chiba Ken Industrial P6,139.9997,35.7661,MFS40,INDUSTRIAL,medium
IS4233,Chiba Ken Industrial P6,140.0241,35.8632,MFS40,INDUSTRIAL,medium
IS4234,Chiba Ken Industrial P6,140.1286,35.4379,MFS40,INDUSTRIAL,medium
IS4235,Chiba Ken Industrial P6,140.0657,35.7994,MFS40,INDUSTRIAL,medium
IS4236,Chiba Ken Industrial P7,139.9220,35.7870,MFS40,INDUSTRIAL,medium
IS4237,Chiba Ken Industrial P7,140.0076,35.7625,MFS40,INDUSTRIAL,medium
IS4238,Chiba Ken Industrial P7,139.9886,35.8587,MFS40,INDUSTRIAL,medium
IS4239,Chiba Ken Industrial P1,139.9110,35.8765,MFS41,INDUSTRIAL,medium
IS4240,Chiba Ken Industrial P1,140.2718,35.2065,MFS41,INDUSTRIAL,medium
IS4241,Chiba Ken Industrial P1,139.8621,35.9828,MFS41,INDUSTRIAL,medium
IS4242,Chiba Ken Industrial P2,139.9105,35.8843,MFS41,INDUSTRIAL,medium
IS4243,Chiba Ken Industrial P2,140.2900,35.1738,MFS41,INDUSTRIAL,medium
IS4244,Chiba Ken Industrial P2,139.8414,36.0130,MFS41,INDUSTRIAL,medium
IS4245,Chiba Ken Industrial P3,139.9021,35.8660,MFS41,INDUSTRIAL,medium
IS4246,Chiba Ken Industrial P3,140.2579,35.1648,MFS41,INDUSTRIAL,medium
IS4247,Chiba Ken Industrial P3,139.8298,35.9892,MFS41,INDUSTRIAL,medium
IS4248,Chiba Ken Industrial P4,139.9125,35.8530,MFS41,INDUSTRIAL,medium
IS4249,Chiba Ken Industrial P4,140.2452,35.1677,MFS41,INDUSTRIAL,medium
IS4250,Chiba Ken Industrial P4,139.8718,35.9557,MFS41,INDUSTRIAL,medium
IS4251,Chiba Ken Industrial P5,139.9145,35.8985,MFS41,INDUSTRIAL,medium
IS4252,Chiba Ken Industrial P5,140.2729,35.1617,MFS41,INDUSTRIAL,medium
IS4253,Chiba Ken Industrial P5,139.8470,35.9904,MFS41,INDUSTRIAL,medium
IS4254,Chiba Ken Industrial P6,139.9125,35.8617,MFS41,INDUSTRIAL,medium
IS4255,Chiba Ken Industrial P6,140.2288,35.1721,MFS41,INDUSTRIAL,medium
IS4256,Chiba Ken Industrial P6,139.8574,35.9942,MFS41,INDUSTRIAL,medium
IS4257,Chiba Ken Industrial P7,139.9028,35.8635,MFS41,INDUSTRIAL,medium
IS4258,Chiba Ken Industrial P7,140.2756,35.1607,MFS41,INDUSTRIAL,medium
IS4259,Chiba Ken Industrial P7,139.8511,35.9796,MFS41,INDUSTRIAL,medium
IS4260,Chiba Ken Industrial P8,139.9093,35.8578,MFS41,INDUSTRIAL,medium
IS4261,Chiba Ken Industrial P8,140.2730,35.1515,MFS41,INDUSTRIAL,medium
IS4262,Chiba Ken Industrial P8,139.8431,35.9800,MFS41,INDUSTRIAL,medium
IS4263,Chiba Ken Industrial P9,139.9122,35.8825,MFS41,INDUSTRIAL,medium
IS4264,Chiba Ken Industrial P9,140.2718,35.1992,MFS41,INDUSTRIAL,medium
IS4265,Chiba Ken Industrial P9,139.8672,35.9863,MFS41,INDUSTRIAL,medium
IS4266,Chiba Ken Industrial P10,139.9016,35.8655,MFS41,INDUSTRIAL,medium
IS4267,Chiba Ken Industrial P10,140.2941,35.1836,MFS41,INDUSTRIAL,medium
IS4268,Chiba Ken Industrial P10,139.8645,35.9799,MFS41,INDUSTRIAL,medium
IS4269,Chiba Ken Industrial P11,139.9183,35.8646,MFS41,INDUSTRIAL,medium
IS4270,Chiba Ken Industrial P11,140.2671,35.1678,MFS41,INDUSTRIAL,medium
IS4271,Chiba Ken Industrial P11,139.8549,35.9660,MFS41,INDUSTRIAL,medium
IS4272,Chiba Ken Industrial P12,139.9157,35.8635,MFS41,INDUSTRIAL,medium
IS4273,Chiba Ken Industrial P12,140.2716,35.1623,MFS41,INDUSTRIAL,medium
IS4274,Chiba Ken Industrial P12,139.8620,35.9795,MFS41,INDUSTRIAL,medium
IS4275,Chiba Ken Industrial P13,139.9142,35.8732,MFS41,INDUSTRIAL,medium
IS4276,Chiba Ken Industrial P13,140.2748,35.1638,MFS41,INDUSTRIAL,medium
IS4277,Chiba Ken Industrial P13,139.8460,35.9909,MFS41,INDUSTRIAL,medium
IS4278,Chiba Ken Industrial P1,140.1195,35.7469,MFS42,INDUSTRIAL,medium
IS4279,Chiba Ken Industrial P1,140.2316,35.7073,MFS42,INDUSTRIAL,medium
IS4280,Chiba Ken Industrial P1,139.9691,35.6999,MFS42,INDUSTRIAL,medium
IS4281,Chiba Ken Industrial P1,140.3018,35.6517,MFS42,INDUSTRIAL,medium
IS4282,Chiba Ken Industrial P1,140.2657,35.7077,MFS42,INDUSTRIAL,medium
IS4283,Chiba Ken Industrial P2,140.1315,35.7199,MFS42,INDUSTRIAL,medium
IS4284,Chiba Ken Industrial P2,140.1850,35.6885,MFS42,INDUSTRIAL,medium
IS4285,Chiba Ken Industrial P2,139.9375,35.6747,MFS42,INDUSTRIAL,medium
IS4286,Chiba Ken Industrial P2,140.2955,35.6545,MFS42,INDUSTRIAL,medium
IS4287,Chiba Ken Industrial P2,140.2677,35.7329,MFS42,INDUSTRIAL,medium
IS4288,Chiba Ken Industrial P3,140.1082,35.7295,MFS42,INDUSTRIAL,medium
IS4289,Chiba Ken Industrial P3,140.2171,35.6980,MFS42,INDUSTRIAL,medium
IS4290,Chiba Ken Industrial P3,139.9662,35.6955,MFS42,INDUSTRIAL,medium
IS4291,Chiba Ken Industrial P3,140.3217,35.6510,MFS42,INDUSTRIAL,medium
IS4292,Chiba Ken Industrial P3,140.2652,35.7287,MFS42,INDUSTRIAL,medium
IS4293,Chiba Ken Industrial P4,140.1143,35.7589,MFS42,INDUSTRIAL,medium
IS4294,Chiba Ken Industrial P4,140.2182,35.7111,MFS42,INDUSTRIAL,medium
IS4295,Chiba Ken Industrial P4,139.9383,35.6764,MFS42,INDUSTRIAL,medium
IS4296,Chiba Ken Industrial P4,140.2670,35.6510,MFS42,INDUSTRIAL,medium
IS4297,Chiba Ken Industrial P4,140.2751,35.7167,MFS42,INDUSTRIAL,medium
IS4298,Chiba Ken Industrial P5,140.1061,35.7301,MFS42,INDUSTRIAL,medium
IS4299,Chiba Ken Industrial P1,140.0043,35.3769,MFS44,INDUSTRIAL,medium
IS4300,Chiba Ken Industrial P1,140.0109,35.4304,MFS44,INDUSTRIAL,medium
IS4301,Chiba Ken Industrial P1,139.9914,35.2914,MFS44,INDUSTRIAL,medium
IS4302,Chiba Ken Industrial P1,140.3541,35.5508,MFS44,INDUSTRIAL,medium
IS4303,Chiba Ken Industrial P2,139.9662,35.3625,MFS44,INDUSTRIAL,medium
IS4304,Chiba Ken Industrial P2,139.9994,35.3873,MFS44,INDUSTRIAL,medium
IS4305,Chiba Ken Industrial P2,140.0115,35.2702,MFS44,INDUSTRIAL,medium
IS4306,Chiba Ken Industrial P2,140.3488,35.5284,MFS44,INDUSTRIAL,medium
IS4307,Chiba Ken Industrial P3,139.9819,35.3874,MFS44,INDUSTRIAL,medium
IS4308,Chiba Ken Industrial P3,140.0184,35.4129,MFS44,INDUSTRIAL,medium
IS4309,Chiba Ken Industrial P3,140.0261,35.2778,MFS44,INDUSTRIAL,medium
IS4310,Chiba Ken Industrial P3,140.3262,35.5766,MFS44,INDUSTRIAL,medium
IS4311,Chiba Ken Industrial P1,140.5620,35.7058,MFS45,INDUSTRIAL,medium
IS4312,Chiba Ken Industrial P1,140.3651,35.3775,MFS45,INDUSTRIAL,medium
IS4313,Chiba Ken Industrial P1,140.3890,35.2794,MFS45,INDUSTRIAL,medium
IS4314,Chiba Ken Industrial P1,139.9465,35.0259,MFS45,INDUSTRIAL,medium
IS4315,Chiba Ken Industrial P1,140.2307,35.3972,MFS45,INDUSTRIAL,medium
IS4316,Chiba Ken Industrial P1,140.3275,35.3617,MFS45,INDUSTRIAL,medium
IS4317,Chiba Ken Industrial P1,140.3589,35.4088,MFS45,INDUSTRIAL,medium
IS4318,Chiba Ken Industrial P1,140.2069,35.2311,MFS45,INDUSTRIAL,medium
IS4319,Chiba Ken Industrial P1,140.3732,35.4390,MFS45,INDUSTRIAL,medium
IS4320,Chiba Ken Industrial P1,140.3349,35.1915,MFS45,INDUSTRIAL,medium
IS4321,Chiba Ken Industrial P1,140.0924,35.1331,MFS45,INDUSTRIAL,medium
IS4322,Chiba Ken Industrial P2,140.5607,35.7056,MFS45,INDUSTRIAL,medium
IS4323,Chiba Ken Industrial P2,140.3755,35.3685,MFS45,INDUSTRIAL,medium
IS4324,Chiba Ken Industrial P2,140.3412,35.2442,MFS45,INDUSTRIAL,medium
IS4325,Chiba Ken Industrial P2,139.9315,35.0330,MFS45,INDUSTRIAL,medium
IS4326,Chiba Ken Industrial P2,140.2341,35.3936,MFS45,INDUSTRIAL,medium
IS4327,Chiba Ken Industrial P2,140.3060,35.3644,MFS45,INDUSTRIAL,medium
IS4328,Chiba Ken Industrial P2,140.3736,35.4102,MFS45,INDUSTRIAL,medium
IS4329,Chiba Ken Industrial P2,140.2080,35.2594,MFS45,INDUSTRIAL,medium
IS4330,Chiba Ken Industrial P2,140.3847,35.4500,MFS45,INDUSTRIAL,medium
IS4331,Chiba Ken Industrial P2,140.3363,35.1956,MFS45,INDUSTRIAL,medium
IS4332,Chiba Ken Industrial P2,140.0932,35.1163,MFS45,INDUSTRIAL,medium
IS4333,Chiba Ken Industrial P3,140.5559,35.7035,MFS45,INDUSTRIAL,medium
IS4334,Chiba Ken Industrial P3,140.3893,35.3521,MFS45,INDUSTRIAL,medium
IS4335,Chiba Ken Industrial P3,140.3460,35.2617,MFS45,INDUSTRIAL,medium
IS4336,Chiba Ken Industrial P1,140.7783,35.7508,MFS46,INDUSTRIAL,medium
IS4337,Chiba Ken Industrial P1,140.1776,35.8065,MFS46,INDUSTRIAL,medium
IS4338,Chiba Ken Industrial P1,140.5548,35.7069,MFS46,INDUSTRIAL,medium
IS4339,Chiba Ken Industrial P1,140.3149,35.4461,MFS46,INDUSTRIAL,medium
IS4340,Chiba Ken Industrial P1,140.6623,35.8364,MFS46,INDUSTRIAL,medium
IS4341,Chiba Ken Industrial P2,140.7879,35.7419,MFS46,INDUSTRIAL,medium
IS4342,Chiba Ken Industrial P2,140.1592,35.7946,MFS46,INDUSTRIAL,medium
IS4343,Chiba Ken Industrial P2,140.5347,35.6998,MFS46,INDUSTRIAL,medium
IS4344,Chiba Ken Industrial P2,140.2981,35.4531,MFS46,INDUSTRIAL,medium
IS4345,Chiba Ken Industrial P2,140.6771,35.7855,MFS46,INDUSTRIAL,medium
IS4346,Chiba Ken Industrial P3,140.7986,35.7571,MFS46,INDUSTRIAL,medium
IS4347,Chiba Ken Industrial P3,140.1550,35.8004,MFS46,INDUSTRIAL,medium
IS4348,Chiba Ken Industrial P3,140.5601,35.6877,MFS46,INDUSTRIAL,medium
IS4349,Chiba Ken Industrial P3,140.3023,35.4370,MFS46,INDUSTRIAL,medium
IS4350,Chiba Ken Industrial P3,140.6901,35.8086,MFS46,INDUSTRIAL,medium
IS4351,Chiba Ken Industrial P4,140.7776,35.7419,MFS46,INDUSTRIAL,medium
IS4352,Chiba Ken Industrial P4,140.1558,35.7950,MFS46,INDUSTRIAL,medium
IS4353,Chiba Ken Industrial P4,140.5772,35.7123,MFS46,INDUSTRIAL,medium
IS4354,Chiba Ken Industrial P4,140.2841,35.4376,MFS46,INDUSTRIAL,medium
IS4355,Chiba Ken Industrial P4,140.6888,35.8238,MFS46,INDUSTRIAL,medium
IS4356,Chiba Ken Industrial P5,140.7698,35.7367,MFS46,INDUSTRIAL,medium
IS4357,Chiba Ken Industrial P5,140.1843,35.7803,MFS46,INDUSTRIAL,medium
IS4358,Chiba Ken Industrial P5,140.5508,35.6907,MFS46,INDUSTRIAL,medium
IS4359,Chiba Ken Industrial P5,140.3084,35.4456,MFS46,INDUSTRIAL,medium
IS4360,Chiba Ken Industrial P5,140.6704,35.8071,MFS46,INDUSTRIAL,medium
IS4361,Chiba Ken Industrial P1,140.6506,35.7366,MFS47,INDUSTRIAL,medium
IS4362,Chiba Ken Industrial P1,140.0383,35.6719,MFS47,INDUSTRIAL,medium
IS4363,Chiba Ken Industrial P1,140.3405,35.6318,MFS47,INDUSTRIAL,medium
IS4364,Chiba Ken Industrial P1,140.2096,35.6845,MFS47,INDUSTRIAL,medium
IS4365,Chiba Ken Industrial P1,140.3621,35.4855,MFS47,INDUSTRIAL,medium
IS4366,Chiba Ken Industrial P1,140.3317,35.7069,MFS47,INDUSTRIAL,medium
IS4367,Chiba Ken Industrial P1,140.4366,35.5374,MFS47,INDUSTRIAL,medium
IS4368,Chiba Ken Industrial P1,140.4265,35.7002,MFS47,INDUSTRIAL,medium
IS4369,Chiba Ken Industrial P1,140.4966,35.6659,MFS47,INDUSTRIAL,medium
IS4370,Chiba Ken Industrial P1,140.4817,35.7451,MFS47,INDUSTRIAL,medium
IS4371,Chiba Ken Industrial P2,140.6663,35.7430,MFS47,INDUSTRIAL,medium
IS4372,Chiba Ken Industrial P2,140.0103,35.6631,MFS47,INDUSTRIAL,medium
IS4373,Chiba Ken Industrial P2,140.3094,35.6326,MFS47,INDUSTRIAL,medium
IS4374,Chiba Ken Industrial P2,140.1819,35.6863,MFS47,INDUSTRIAL,medium
IS4375,Chiba Ken Industrial P2,140.3769,35.5135,MFS47,INDUSTRIAL,medium
IS4376,Chiba Ken Industrial P2,140.3395,35.7269,MFS47,INDUSTRIAL,medium
IS4377,Chiba Ken Industrial P2,140.4294,35.5224,MFS47,INDUSTRIAL,medium
IS4378,Chiba Ken Industrial P2,140.4068,35.7313,MFS47,INDUSTRIAL,medium
IS4379,Chiba Ken Industrial P2,140.5029,35.6512,MFS47,INDUSTRIAL,medium
IS4380,Chiba Ken Industrial P2,140.4962,35.7477,MFS47,INDUSTRIAL,medium
IS4381,Chiba Ken Industrial P3,140.6505,35.7401,MFS47,INDUSTRIAL,medium
IS4382,Chiba Ken Industrial P3,140.0198,35.6925,MFS47,INDUSTRIAL,medium
IS4383,Chiba Ken Industrial P3,140.3204,35.5875,MFS47,INDUSTRIAL,medium
IS4384,Chiba Ken Industrial P3,140.2035,35.6904,MFS47,INDUSTRIAL,medium
IS4385,Chiba Ken Industrial P3,140.3530,35.5152,MFS47,INDUSTRIAL,medium
IS4386,Chiba Ken Industrial P3,140.3569,35.7186,MFS47,INDUSTRIAL,medium
IS4387,Chiba Ken Industrial P3,140.4505,35.5314,MFS47,INDUSTRIAL,medium
IS4388,Chiba Ken Industrial P3,140.4159,35.6902,MFS47,INDUSTRIAL,medium
IS4389,Chiba Ken Industrial P3,140.4979,35.6566,MFS47,INDUSTRIAL,medium
IS4390,Chiba Ken Industrial P3,140.4764,35.7552,MFS47,INDUSTRIAL,medium
IS4391,Chiba Ken Industrial P4,140.6456,35.7102,MFS47,INDUSTRIAL,medium
IS4392,Chiba Ken Industrial P4,140.0287,35.6884,MFS47,INDUSTRIAL,medium
IS4393,Chiba Ken Industrial P4,140.3141,35.6045,MFS47,INDUSTRIAL,medium
IS4394,Chiba Ken Industrial P4,140.1612,35.6654,MFS47,INDUSTRIAL,medium
IS4395,Chiba Ken Industrial P4,140.3461,35.4926,MFS47,INDUSTRIAL,medium
IS4396,Chiba Ken Industrial P4,140.3603,35.7248,MFS47,INDUSTRIAL,medium
IS4397,Chiba Ken Industrial P4,140.4443,35.5223,MFS47,INDUSTRIAL,medium
IS4398,Chiba Ken Industrial P4,140.3980,35.7494,MFS47,INDUSTRIAL,medium
IS4399,Chiba Ken Industrial P4,140.5145,35.6568,MFS47,INDUSTRIAL,medium
IS4400,Chiba Ken Industrial P4,140.4792,35.7658,MFS47,INDUSTRIAL,medium
IS4401,Ibaraki Ken Industrial P1,140.1974,36.1012,MFS48,INDUSTRIAL,medium
IS4402,Ibaraki Ken Industrial P1,140.2277,36.2487,MFS48,INDUSTRIAL,medium
IS4403,Ibaraki Ken Industrial P1,140.5207,36.1619,MFS48,INDUSTRIAL,medium
IS4404,Ibaraki Ken Industrial P1,140.0376,35.9749,MFS48,INDUSTRIAL,medium
IS4405,Ibaraki Ken Industrial P2,140.2020,36.0823,MFS48,INDUSTRIAL,medium
IS4406,Ibaraki Ken Industrial P2,140.2037,36.2280,MFS48,INDUSTRIAL,medium
IS4407,Ibaraki Ken Industrial P2,140.5269,36.1678,MFS48,INDUSTRIAL,medium
IS4408,Ibaraki Ken Industrial P2,140.0001,35.9553,MFS48,INDUSTRIAL,medium
IS4409,Ibaraki Ken Industrial P3,140.1813,36.0834,MFS48,INDUSTRIAL,medium
IS4410,Ibaraki Ken Industrial P3,140.2278,36.2331,MFS48,INDUSTRIAL,medium
IS4411,Ibaraki Ken Industrial P3,140.5268,36.1781,MFS48,INDUSTRIAL,medium
IS4412,Ibaraki Ken Industrial P3,140.0305,35.9841,MFS48,INDUSTRIAL,medium
IS4413,Ibaraki Ken Industrial P4,140.1881,36.0953,MFS48,INDUSTRIAL,medium
IS4414,Ibaraki Ken Industrial P4,140.2282,36.2243,MFS48,INDUSTRIAL,medium
IS4415,Ibaraki Ken Industrial P4,140.5289,36.1943,MFS48,INDUSTRIAL,medium
IS4416,Ibaraki Ken Industrial P4,140.0465,35.9659,MFS48,INDUSTRIAL,medium
IS4417,Ibaraki Ken Industrial P5,140.1960,36.0954,MFS48,INDUSTRIAL,medium
IS4418,Ibaraki Ken Industrial P5,140.2409,36.2564,MFS48,INDUSTRIAL,medium
IS4419,Ibaraki Ken Industrial P5,140.5263,36.1586,MFS48,INDUSTRIAL,medium
IS4420,Ibaraki Ken Industrial P5,140.0304,35.9944,MFS48,INDUSTRIAL,medium
IS4421,Ibaraki Ken Industrial P6,140.2155,36.0990,MFS48,INDUSTRIAL,medium
IS4422,Ibaraki Ken Industrial P6,140.2396,36.2262,MFS48,INDUSTRIAL,medium
IS4423,Ibaraki Ken Industrial P6,140.5153,36.1873,MFS48,INDUSTRIAL,medium
IS4424,Ibaraki Ken Industrial P6,140.0431,35.9943,MFS48,INDUSTRIAL,medium
IS4425,Ibaraki Ken Industrial P7,140.1984,36.1075,MFS48,INDUSTRIAL,medium
IS4426,Ibaraki Ken Industrial P7,140.2307,36.2155,MFS48,INDUSTRIAL,medium
IS4427,Ibaraki Ken Industrial P7,140.5024,36.1960,MFS48,INDUSTRIAL,medium
IS4428,Ibaraki Ken Industrial P7,140.0440,35.9980,MFS48,INDUSTRIAL,medium
IS4429,Ibaraki Ken Industrial P8,140.2117,36.0835,MFS48,INDUSTRIAL,medium
IS4430,Ibaraki Ken Industrial P8,140.1998,36.2496,MFS48,INDUSTRIAL,medium
IS4431,Ibaraki Ken Industrial P8,140.4927,36.1746,MFS48,INDUSTRIAL,medium
IS4432,Ibaraki Ken Industrial P8,140.0485,35.9548,MFS48,INDUSTRIAL,medium
IS4433,Ibaraki Ken Industrial P9,140.2086,36.1151,MFS48,INDUSTRIAL,medium
IS4434,Ibaraki Ken Industrial P9,140.1974,36.2218,MFS48,INDUSTRIAL,medium
IS4435,Ibaraki Ken Industrial P9,140.5169,36.1895,MFS48,INDUSTRIAL,medium
IS4436,Ibaraki Ken Industrial P9,140.0391,35.9912,MFS48,INDUSTRIAL,medium
IS4437,Ibaraki Ken Industrial P10,140.1715,36.0780,MFS48,INDUSTRIAL,medium
IS4438,Ibaraki Ken Industrial P10,140.2361,36.2565,MFS48,INDUSTRIAL,medium
IS4439,Ibaraki Ken Industrial P10,140.5254,36.1624,MFS48,INDUSTRIAL,medium
IS4440,Ibaraki Ken Industrial P10,140.0453,35.9920,MFS48,INDUSTRIAL,medium
IS4441,Ibaraki Ken Industrial P1,139.9513,36.0727,MFS49,INDUSTRIAL,medium
IS4442,Ibaraki Ken Industrial P1,140.3099,36.3517,MFS49,INDUSTRIAL,medium
IS4443,Ibaraki Ken Industrial P1,140.3587,35.9541,MFS49,INDUSTRIAL,medium
IS4444,Ibaraki Ken Industrial P1,139.7571,36.1077,MFS49,INDUSTRIAL,medium
IS4445,Ibaraki Ken Industrial P1,139.8656,36.1820,MFS49,INDUSTRIAL,medium
IS4446,Ibaraki Ken Industrial P1,139.8492,36.0909,MFS49,INDUSTRIAL,medium
IS4447,Ibaraki Ken Industrial P2,139.9521,36.0606,MFS49,INDUSTRIAL,medium
IS4448,Ibaraki Ken Industrial P2,140.2484,36.3428,MFS49,INDUSTRIAL,medium
IS4449,Ibaraki Ken Industrial P2,140.3367,35.9523,MFS49,INDUSTRIAL,medium
IS4450,Ibaraki Ken Industrial P2,139.7427,36.1046,MFS49,INDUSTRIAL,medium
IS4451,Ibaraki Ken Industrial P2,139.8646,36.1696,MFS49,INDUSTRIAL,medium
IS4452,Ibaraki Ken Industrial P2,139.8560,36.1048,MFS49,INDUSTRIAL,medium
IS4453,Ibaraki Ken Industrial P3,139.9619,36.0565,MFS49,INDUSTRIAL,medium
IS4454,Ibaraki Ken Industrial P3,140.3041,36.3493,MFS49,INDUSTRIAL,medium
IS4455,Ibaraki Ken Industrial P3,140.3740,35.9384,MFS49,INDUSTRIAL,medium
IS4456,Ibaraki Ken Industrial P3,139.7646,36.0977,MFS49,INDUSTRIAL,medium
IS4457,Ibaraki Ken Industrial P3,139.8894,36.1744,MFS49,INDUSTRIAL,medium
IS4458,Ibaraki Ken Industrial P3,139.8545,36.0855,MFS49,INDUSTRIAL,medium
IS4459,Ibaraki Ken Industrial P4,139.9862,36.0610,MFS49,INDUSTRIAL,medium
IS4460,Ibaraki Ken Industrial P4,140.2832,36.3520,MFS49,INDUSTRIAL,medium
IS4461,Ibaraki Ken Industrial P4,140.3591,35.9533,MFS49,INDUSTRIAL,medium
IS4462,Ibaraki Ken Industrial P4,139.7330,36.0946,MFS49,INDUSTRIAL,medium
IS4463,Ibaraki Ken Industrial P4,139.8794,36.1781,MFS49,INDUSTRIAL,medium
IS4464,Ibaraki Ken Industrial P4,139.8694,36.0656,MFS49,INDUSTRIAL,medium
IS4465,Ibaraki Ken Industrial P5,139.9506,36.0674,MFS49,INDUSTRIAL,medium
IS4466,Ibaraki Ken Industrial P5,140.2637,36.3649,MFS49,INDUSTRIAL,medium
IS4467,Ibaraki Ken Industrial P5,140.3606,35.9312,MFS49,INDUSTRIAL,medium
IS4468,Ibaraki Ken Industrial P5,139.7353,36.0887,MFS49,INDUSTRIAL,medium
IS4469,Ibaraki Ken Industrial P5,139.8915,36.1883,MFS49,INDUSTRIAL,medium
IS4470,Ibaraki Ken Industrial P5,139.8161,36.1049,MFS49,INDUSTRIAL,medium
IS4471,Ibaraki Ken Industrial P6,139.9717,36.0549,MFS49,INDUSTRIAL,medium
IS4472,Ibaraki Ken Industrial P6,140.2771,36.3564,MFS49,INDUSTRIAL,medium
IS4473,Ibaraki Ken Industrial P6,140.4161,35.9394,MFS49,INDUSTRIAL,medium
IS4474,Ibaraki Ken Industrial P6,139.7587,36.1182,MFS49,INDUSTRIAL,medium
IS4475,Ibaraki Ken Industrial P6,139.9164,36.1623,MFS49,INDUSTRIAL,medium
IS4476,Ibaraki Ken Industrial P6,139.8269,36.0800,MFS49,INDUSTRIAL,medium
IS4477,Ibaraki Ken Industrial P7,139.9851,36.0757,MFS49,INDUSTRIAL,medium
IS4478,Ibaraki Ken Industrial P7,140.2744,36.3545,MFS49,INDUSTRIAL,medium
IS4479,Ibaraki Ken Industrial P7,140.3722,35.9286,MFS49,INDUSTRIAL,medium
IS4480,Ibaraki Ken Industrial P7,139.7607,36.1285,MFS49,INDUSTRIAL,medium
IS4481,Ibaraki Ken Industrial P1,140.0785,36.1137,MFS50,INDUSTRIAL,medium
IS4482,Ibaraki Ken Industrial P2,140.1042,36.0877,MFS50,INDUSTRIAL,medium
IS4483,Ibaraki Ken Industrial P3,140.0767,36.1055,MFS50,INDUSTRIAL,medium
IS4484,Ibaraki Ken Industrial P4,140.1014,36.0992,MFS50,INDUSTRIAL,medium
IS4485,Ibaraki Ken Industrial P5,140.0628,36.1014,MFS50,INDUSTRIAL,medium
IS4486,Ibaraki Ken Industrial P6,140.0798,36.0872,MFS50,INDUSTRIAL,medium
IS4487,Ibaraki Ken Industrial P7,140.0571,36.0969,MFS50,INDUSTRIAL,medium
IS4488,Ibaraki Ken Industrial P8,140.1026,36.1120,MFS50,INDUSTRIAL,medium
IS4489,Ibaraki Ken Industrial P9,140.0783,36.0930,MFS50,INDUSTRIAL,medium
IS4490,Ibaraki Ken Industrial P10,140.0864,36.1005,MFS50,INDUSTRIAL,medium
IS4491,Ibaraki Ken Industrial P11,140.0899,36.0811,MFS50,INDUSTRIAL,medium
IS4492,Ibaraki Ken Industrial P12,140.0732,36.1145,MFS50,INDUSTRIAL,medium
IS4493,Ibaraki Ken Industrial P13,140.0741,36.1200,MFS50,INDUSTRIAL,medium
IS4494,Ibaraki Ken Industrial P14,140.1096,36.1149,MFS50,INDUSTRIAL,medium
IS4495,Ibaraki Ken Industrial P15,140.0770,36.1037,MFS50,INDUSTRIAL,medium
IS4496,Ibaraki Ken Industrial P16,140.0943,36.1063,MFS50,INDUSTRIAL,medium
IS4497,Ibaraki Ken Industrial P17,140.0784,36.1102,MFS50,INDUSTRIAL,medium
IS4498,Ibaraki Ken Industrial P18,140.0738,36.0804,MFS50,INDUSTRIAL,medium
IS4499,Ibaraki Ken Industrial P19,140.0911,36.0929,MFS50,INDUSTRIAL,medium
IS4500,Ibaraki Ken Industrial P20,140.0863,36.1235,MFS50,INDUSTRIAL,medium
IS4501,Ibaraki Ken Industrial P21,140.1098,36.1043,MFS50,INDUSTRIAL,medium
IS4502,Ibaraki Ken Industrial P1,139.9768,35.9671,MFS51,INDUSTRIAL,medium
IS4503,Ibaraki Ken Industrial P1,140.3254,36.6189,MFS51,INDUSTRIAL,medium
IS4504,Ibaraki Ken Industrial P2,139.9854,35.9466,MFS51,INDUSTRIAL,medium
IS4505,Ibaraki Ken Industrial P2,140.3266,36.5836,MFS51,INDUSTRIAL,medium
IS4506,Ibaraki Ken Industrial P3,139.9885,35.9266,MFS51,INDUSTRIAL,medium
IS4507,Ibaraki Ken Industrial P3,140.3147,36.6330,MFS51,INDUSTRIAL,medium
IS4508,Ibaraki Ken Industrial P4,139.9683,35.9587,MFS51,INDUSTRIAL,medium
IS4509,Ibaraki Ken Industrial P4,140.3453,36.6035,MFS51,INDUSTRIAL,medium
IS4510,Ibaraki Ken Industrial P5,139.9811,35.9513,MFS51,INDUSTRIAL,medium
IS4511,Ibaraki Ken Industrial P5,140.3338,36.5975,MFS51,INDUSTRIAL,medium
IS4512,Ibaraki Ken Industrial P6,139.9723,35.9441,MFS51,INDUSTRIAL,medium
IS4513,Ibaraki Ken Industrial P6,140.3438,36.6073,MFS51,INDUSTRIAL,medium
IS4514,Ibaraki Ken Industrial P7,139.9430,35.9331,MFS51,INDUSTRIAL,medium
IS4515,Ibaraki Ken Industrial P7,140.3481,36.6236,MFS51,INDUSTRIAL,medium
IS4516,Ibaraki Ken Industrial P8,139.9837,35.9585,MFS51,INDUSTRIAL,medium
IS4517,Ibaraki Ken Industrial P8,140.3362,36.6164,MFS51,INDUSTRIAL,medium
IS4518,Ibaraki Ken Industrial P9,139.9643,35.9580,MFS51,INDUSTRIAL,medium
IS4519,Ibaraki Ken Industrial P9,140.3567,36.6093,MFS51,INDUSTRIAL,medium
IS4520,Ibaraki Ken Industrial P10,139.9794,35.9451,MFS51,INDUSTRIAL,medium
IS4521,Ibaraki Ken Industrial P10,140.3696,36.6091,MFS51,INDUSTRIAL,medium
IS4522,Ibaraki Ken Industrial P11,139.9832,35.9532,MFS51,INDUSTRIAL,medium
IS4523,Ibaraki Ken Industrial P11,140.3342,36.6201,MFS51,INDUSTRIAL,medium
IS4524,Ibaraki Ken Industrial P12,139.9864,35.9593,MFS51,INDUSTRIAL,medium
IS4525,Ibaraki Ken Industrial P12,140.3490,36.6145,MFS51,INDUSTRIAL,medium
IS4526,Ibaraki Ken Industrial P13,139.9955,35.9638,MFS51,INDUSTRIAL,medium
IS4527,Ibaraki Ken Industrial P13,140.3500,36.6138,MFS51,INDUSTRIAL,medium
IS4528,Ibaraki Ken Industrial P14,139.9938,35.9409,MFS51,INDUSTRIAL,medium
IS4529,Ibaraki Ken Industrial P14,140.3430,36.6252,MFS51,INDUSTRIAL,medium
IS4530,Ibaraki Ken Industrial P15,139.9748,35.9656,MFS51,INDUSTRIAL,medium
IS4531,Ibaraki Ken Industrial P15,140.3285,36.5946,MFS51,INDUSTRIAL,medium
IS4532,Ibaraki Ken Industrial P16,139.9761,35.9622,MFS51,INDUSTRIAL,medium
IS4533,Ibaraki Ken Industrial P16,140.3250,36.6040,MFS51,INDUSTRIAL,medium
IS4534,Ibaraki Ken Industrial P17,139.9867,35.9430,MFS51,INDUSTRIAL,medium
IS4535,Ibaraki Ken Industrial P17,140.3516,36.6152,MFS51,INDUSTRIAL,medium
IS4536,Ibaraki Ken Industrial P18,139.9725,35.9521,MFS51,INDUSTRIAL,medium
IS4537,Ibaraki Ken Industrial P18,140.3357,36.6259,MFS51,INDUSTRIAL,medium
IS4538,Ibaraki Ken Industrial P19,139.9867,35.9578,MFS51,INDUSTRIAL,medium
IS4539,Ibaraki Ken Industrial P19,140.3272,36.6123,MFS51,INDUSTRIAL,medium
IS4540,Ibaraki Ken Industrial P20,139.9761,35.9587,MFS51,INDUSTRIAL,medium
IS4541,Ibaraki Ken Industrial P20,140.3236,36.6101,MFS51,INDUSTRIAL,medium
IS4542,Ibaraki Ken Industrial P21,139.9724,35.9646,MFS51,INDUSTRIAL,medium
IS4543,Ibaraki Ken Industrial P21,140.3407,36.6077,MFS51,INDUSTRIAL,medium
IS4544,Ibaraki Ken Industrial P22,139.9659,35.9485,MFS51,INDUSTRIAL,medium
IS4545,Ibaraki Ken Industrial P22,140.2952,36.6239,MFS51,INDUSTRIAL,medium
IS4546,Ibaraki Ken Industrial P23,139.9909,35.9703,MFS51,INDUSTRIAL,medium
IS4547,Ibaraki Ken Industrial P23,140.3243,36.6004,MFS51,INDUSTRIAL,medium
IS4548,Ibaraki Ken Industrial P24,139.9839,35.9598,MFS51,INDUSTRIAL,medium
IS4549,Ibaraki Ken Industrial P24,140.3243,36.6026,MFS51,INDUSTRIAL,medium
IS4550,Ibaraki Ken Industrial P25,139.9739,35.9510,MFS51,INDUSTRIAL,medium
IS4551,Ibaraki Ken Industrial P25,140.3167,36.6314,MFS51,INDUSTRIAL,medium
IS4552,Ibaraki Ken Industrial P1,140.4904,36.6353,MFS52,INDUSTRIAL,medium
IS4553,Ibaraki Ken Industrial P1,139.8850,36.2372,MFS52,INDUSTRIAL,medium
IS4554,Ibaraki Ken Industrial P1,140.3144,36.1041,MFS52,INDUSTRIAL,medium
IS4555,Ibaraki Ken Industrial P1,139.8607,36.0919,MFS52,INDUSTRIAL,medium
IS4556,Ibaraki Ken Industrial P1,140.1750,35.9342,MFS52,INDUSTRIAL,medium
IS4557,Ibaraki Ken Industrial P1,140.1889,35.8683,MFS52,INDUSTRIAL,medium
IS4558,Chiba Ken Industrial P1,140.2483,35.8394,MFS52,INDUSTRIAL,medium
IS4559,Chiba Ken Industrial P1,140.0291,35.8773,MFS52,INDUSTRIAL,medium
IS4560,Ibaraki Ken Industrial P2,140.4739,36.6525,MFS52,INDUSTRIAL,medium
IS4561,Ibaraki Ken Industrial P2,139.8703,36.2519,MFS52,INDUSTRIAL,medium
IS4562,Ibaraki Ken Industrial P2,140.3019,36.0993,MFS52,INDUSTRIAL,medium
IS4563,Ibaraki Ken Industrial P2,139.8206,36.1223,MFS52,INDUSTRIAL,medium
IS4564,Ibaraki Ken Industrial P2,140.1860,35.9144,MFS52,INDUSTRIAL,medium
IS4565,Ibaraki Ken Industrial P2,140.1777,35.8748,MFS52,INDUSTRIAL,medium
IS4566,Chiba Ken Industrial P2,140.2718,35.8031,MFS52,INDUSTRIAL,medium
IS4567,Chiba Ken Industrial P2,140.0846,35.8774,MFS52,INDUSTRIAL,medium
IS4568,Ibaraki Ken Industrial P3,140.5246,36.6480,MFS52,INDUSTRIAL,medium
IS4569,Ibaraki Ken Industrial P3,139.8752,36.2718,MFS52,INDUSTRIAL,medium
IS4570,Ibaraki Ken Industrial P3,140.3152,36.1070,MFS52,INDUSTRIAL,medium
IS4571,Ibaraki Ken Industrial P3,139.8460,36.0991,MFS52,INDUSTRIAL,medium
IS4572,Ibaraki Ken Industrial P3,140.1722,35.9171,MFS52,INDUSTRIAL,medium
IS4573,Ibaraki Ken Industrial P3,140.1728,35.8690,MFS52,INDUSTRIAL,medium
IS4574,Chiba Ken Industrial P3,140.2441,35.8365,MFS52,INDUSTRIAL,medium
IS4575,Chiba Ken Industrial P3,140.0611,35.8650,MFS52,INDUSTRIAL,medium
IS4576,Ibaraki Ken Industrial P4,140.4856,36.6448,MFS52,INDUSTRIAL,medium
IS4577,Ibaraki Ken Industrial P4,139.8701,36.2662,MFS52,INDUSTRIAL,medium
IS4578,Ibaraki Ken Industrial P4,140.3180,36.1240,MFS52,INDUSTRIAL,medium
IS4579,Ibaraki Ken Industrial P4,139.8114,36.1183,MFS52,INDUSTRIAL,medium
IS4580,Ibaraki Ken Industrial P4,140.1883,35.9127,MFS52,INDUSTRIAL,medium
IS4581,Ibaraki Ken Industrial P4,140.1270,35.8957,MFS52,INDUSTRIAL,medium
IS4582,Chiba Ken Industrial P4,140.2170,35.7964,MFS52,INDUSTRIAL,medium
IS4583,Ibaraki Ken Industrial P1,140.4688,36.0449,MFS53,INDUSTRIAL,medium
IS4584,Ibaraki Ken Industrial P1,140.3133,35.9923,MFS53,INDUSTRIAL,medium
IS4585,Ibaraki Ken Industrial P1,140.2420,36.0077,MFS53,INDUSTRIAL,medium
IS4586,Ibaraki Ken Industrial P1,140.2587,35.8825,MFS53,INDUSTRIAL,medium
IS4587,Chiba Ken Industrial P1,140.4321,35.8862,MFS53,INDUSTRIAL,medium
IS4588,Chiba Ken Industrial P1,140.3817,35.8216,MFS53,INDUSTRIAL,medium
IS4589,Ibaraki Ken Industrial P2,140.4555,36.0811,MFS53,INDUSTRIAL,medium
IS4590,Ibaraki Ken Industrial P2,140.3205,36.0235,MFS53,INDUSTRIAL,medium
IS4591,Ibaraki Ken Industrial P2,140.2236,36.0132,MFS53,INDUSTRIAL,medium
IS4592,Ibaraki Ken Industrial P2,140.2685,35.8771,MFS53,INDUSTRIAL,medium
IS4593,Chiba Ken Industrial P2,140.4083,35.8868,MFS53,INDUSTRIAL,medium
IS4594,Chiba Ken Industrial P2,140.3178,35.8007,MFS53,INDUSTRIAL,medium
IS4595,Ibaraki Ken Industrial P3,140.4772,36.0523,MFS53,INDUSTRIAL,medium
IS4596,Ibaraki Ken Industrial P3,140.3320,36.0233,MFS53,INDUSTRIAL,medium
IS4597,Ibaraki Ken Industrial P3,140.2346,35.9905,MFS53,INDUSTRIAL,medium
IS4598,Ibaraki Ken Industrial P3,140.2834,35.8840,MFS53,INDUSTRIAL,medium
IS4599,Chiba Ken Industrial P3,140.4363,35.8842,MFS53,INDUSTRIAL,medium
IS4600,Chiba Ken Industrial P3,140.3580,35.8132,MFS53,INDUSTRIAL,medium
IS4601,Ibaraki Ken Industrial P4,140.4820,36.0619,MFS53,INDUSTRIAL,medium
IS4602,Ibaraki Ken Industrial P4,140.3081,36.0109,MFS53,INDUSTRIAL,medium
IS4603,Ibaraki Ken Industrial P4,140.2122,35.9942,MFS53,INDUSTRIAL,medium
IS4604,Ibaraki Ken Industrial P4,140.2943,35.8522,MFS53,INDUSTRIAL,medium
IS4605,Chiba Ken Industrial P4,140.4085,35.8845,MFS53,INDUSTRIAL,medium
IS4606,Chiba Ken Industrial P4,140.3750,35.8187,MFS53,INDUSTRIAL,medium
IS4607,Ibaraki Ken Industrial P5,140.4500,36.0490,MFS53,INDUSTRIAL,medium
IS4608,Ibaraki Ken Industrial P5,140.3396,36.0223,MFS53,INDUSTRIAL,medium
IS4609,Ibaraki Ken Industrial P5,140.2228,36.0307,MFS53,INDUSTRIAL,medium
IS4610,Ibaraki Ken Industrial P5,140.2731,35.8852,MFS53,INDUSTRIAL,medium
IS4611,Chiba Ken Industrial P5,140.4052,35.9024,MFS53,INDUSTRIAL,medium
IS4612,Chiba Ken Industrial P5,140.3573,35.8107,MFS53,INDUSTRIAL,medium
IS4613,Ibaraki Ken Industrial P6,140.4879,36.0519,MFS53,INDUSTRIAL,medium
IS4614,Ibaraki Ken Industrial P1,139.9389,36.1790,MFS56,INDUSTRIAL,medium
IS4615,Ibaraki Ken Industrial P1,140.0016,36.3169,MFS56,INDUSTRIAL,medium
IS4616,Ibaraki Ken Industrial P1,140.1097,36.3688,MFS56,INDUSTRIAL,medium
IS4617,Tochigi Ken Industrial P1,139.8766,36.4039,MFS56,INDUSTRIAL,medium
IS4618,Ibaraki Ken Industrial P2,139.9320,36.1833,MFS56,INDUSTRIAL,medium
IS4619,Ibaraki Ken Industrial P2,139.9858,36.2944,MFS56,INDUSTRIAL,medium
IS4620,Ibaraki Ken Industrial P2,140.0993,36.3141,MFS56,INDUSTRIAL,medium
IS4621,Tochigi Ken Industrial P2,139.8583,36.3980,MFS56,INDUSTRIAL,medium
IS4622,Ibaraki Ken Industrial P3,139.9690,36.1898,MFS56,INDUSTRIAL,medium
IS4623,Ibaraki Ken Industrial P3,139.9699,36.3103,MFS56,INDUSTRIAL,medium
IS4624,Ibaraki Ken Industrial P3,140.0900,36.2948,MFS56,INDUSTRIAL,medium
IS4625,Tochigi Ken Industrial P3,139.8534,36.4021,MFS56,INDUSTRIAL,medium
IS4626,Gunma Ken Industrial P1,139.3479,36.4282,MFS58,INDUSTRIAL,medium
IS4627,Gunma Ken Industrial P1,139.3501,36.3144,MFS58,INDUSTRIAL,medium
IS4628,Gunma Ken Industrial P1,139.5239,36.2474,MFS58,INDUSTRIAL,medium
IS4629,Gunma Ken Industrial P1,138.7917,36.3455,MFS58,INDUSTRIAL,medium
IS4630,Gunma Ken Industrial P1,139.4173,36.2313,MFS58,INDUSTRIAL,medium
IS4631,Gunma Ken Industrial P2,139.3607,36.4387,MFS58,INDUSTRIAL,medium
IS4632,Gunma Ken Industrial P2,139.3501,36.3222,MFS58,INDUSTRIAL,medium
IS4633,Gunma Ken Industrial P2,139.5488,36.2457,MFS58,INDUSTRIAL,medium
IS4634,Gunma Ken Industrial P2,138.7618,36.3469,MFS58,INDUSTRIAL,medium
IS4635,Gunma Ken Industrial P2,139.3875,36.2641,MFS58,INDUSTRIAL,medium
IS4636,Gunma Ken Industrial P3,139.3828,36.4552,MFS58,INDUSTRIAL,medium
IS4637,Gunma Ken Industrial P3,139.3620,36.2986,MFS58,INDUSTRIAL,medium
IS4638,Tochigi Ken Industrial P1,139.4680,36.3524,MFS60,INDUSTRIAL,medium
IS4639,Tochigi Ken Industrial P1,139.9680,36.4279,MFS60,INDUSTRIAL,medium
IS4640,Tochigi Ken Industrial P1,139.9212,36.9832,MFS60,INDUSTRIAL,medium
IS4641,Tochigi Ken Industrial P1,139.7388,36.2294,MFS60,INDUSTRIAL,medium
IS4642,Tochigi Ken Industrial P2,139.4750,36.3528,MFS60,INDUSTRIAL,medium
IS4643,Tochigi Ken Industrial P2,140.0043,36.4390,MFS60,INDUSTRIAL,medium
IS4644,Tochigi Ken Industrial P2,139.9153,36.9976,MFS60,INDUSTRIAL,medium
IS4645,Tochigi Ken Industrial P2,139.7778,36.2430,MFS60,INDUSTRIAL,medium
IS4646,Tochigi Ken Industrial P3,139.4745,36.3454,MFS60,INDUSTRIAL,medium
IS4647,Tochigi Ken Industrial P3,139.9727,36.4118,MFS60,INDUSTRIAL,medium
IS4648,Tochigi Ken Industrial P3,139.9069,36.9860,MFS60,INDUSTRIAL,medium
IS4649,Tochigi Ken Industrial P3,139.7350,36.2285,MFS60,INDUSTRIAL,medium
IS4650,Tochigi Ken Industrial P1,139.6236,36.4802,MFS61,INDUSTRIAL,medium
IS4651,Tochigi Ken Industrial P1,139.8279,36.3200,MFS61,INDUSTRIAL,medium
IS4652,Gunma Ken Industrial P1,139.4713,36.2695,MFS61,INDUSTRIAL,medium
IS4653,Gunma Ken Industrial P1,139.3183,36.5207,MFS61,INDUSTRIAL,medium
IS4654,Tochigi Ken Industrial P2,139.6229,36.4734,MFS61,INDUSTRIAL,medium
IS4655,Tochigi Ken Industrial P2,139.7919,36.3143,MFS61,INDUSTRIAL,medium
IS4656,Gunma Ken Industrial P2,139.4657,36.2614,MFS61,INDUSTRIAL,medium
IS4657,Gunma Ken Industrial P2,139.3475,36.5387,MFS61,INDUSTRIAL,medium
IS4658,Tochigi Ken Industrial P3,139.6232,36.4730,MFS61,INDUSTRIAL,medium
IS4659,Tochigi Ken Industrial P3,139.7958,36.3052,MFS61,INDUSTRIAL,medium
IS4660,Gunma Ken Industrial P3,139.4409,36.2645,MFS61,INDUSTRIAL,medium
IS4661,Gunma Ken Industrial P3,139.3524,36.5328,MFS61,INDUSTRIAL,medium
IS4662,Tochigi Ken Industrial P4,139.6336,36.4465,MFS61,INDUSTRIAL,medium
IS4663,Tochigi Ken Industrial P4,139.8255,36.2920,MFS61,INDUSTRIAL,medium
IS4664,Gunma Ken Industrial P4,139.4584,36.2500,MFS61,INDUSTRIAL,medium
IS4665,Gunma Ken Industrial P4,139.3476,36.5175,MFS61,INDUSTRIAL,medium
IS4666,Tochigi Ken Industrial P5,139.5964,36.4821,MFS61,INDUSTRIAL,medium
IS4667,Tochigi Ken Industrial P5,139.8160,36.3275,MFS61,INDUSTRIAL,medium
IS4668,Gunma Ken Industrial P5,139.4668,36.2242,MFS61,INDUSTRIAL,medium
IS4669,Gunma Ken Industrial P5,139.3367,36.5490,MFS61,INDUSTRIAL,medium
IS4670,Tochigi Ken Industrial P6,139.6147,36.4464,MFS61,INDUSTRIAL,medium
IS4671,Ibaraki Ken Industrial P1,140.5176,36.6562,MFS63,INDUSTRIAL,medium
IS4672,Ibaraki Ken Industrial P1,140.6248,36.7497,MFS63,INDUSTRIAL,medium
IS4673,Ibaraki Ken Industrial P1,140.6752,36.8584,MFS63,INDUSTRIAL,medium
IS4674,Ibaraki Ken Industrial P1,140.1020,35.9161,MFS63,INDUSTRIAL,medium
IS4675,Ibaraki Ken Industrial P1,140.3555,36.8005,MFS63,INDUSTRIAL,medium
IS4676,Tochigi Ken Industrial P1,140.1748,36.7360,MFS63,INDUSTRIAL,medium
IS4677,Ibaraki Ken Industrial P2,140.5082,36.6393,MFS63,INDUSTRIAL,medium
IS4678,Ibaraki Ken Industrial P2,140.6238,36.7604,MFS63,INDUSTRIAL,medium
IS4679,Ibaraki Ken Industrial P2,140.6981,36.8346,MFS63,INDUSTRIAL,medium
IS4680,Ibaraki Ken Industrial P2,140.0766,35.9127,MFS63,INDUSTRIAL,medium
IS4681,Ibaraki Ken Industrial P2,140.3398,36.7968,MFS63,INDUSTRIAL,medium
IS4682,Tochigi Ken Industrial P2,140.2184,36.7619,MFS63,INDUSTRIAL,medium
IS4683,Ibaraki Ken Industrial P3,140.4999,36.6497,MFS63,INDUSTRIAL,medium
IS4684,Ibaraki Ken Industrial P3,140.6333,36.7792,MFS63,INDUSTRIAL,medium
IS4685,Ibaraki Ken Industrial P3,140.6943,36.8078,MFS63,INDUSTRIAL,medium
IS4686,Ibaraki Ken Industrial P3,140.0830,35.9128,MFS63,INDUSTRIAL,medium
IS4687,Ibaraki Ken Industrial P3,140.3421,36.7938,MFS63,INDUSTRIAL,medium
IS4688,Tochigi Ken Industrial P3,140.1969,36.7472,MFS63,INDUSTRIAL,medium
IS4689,Ibaraki Ken Industrial P4,140.5006,36.6509,MFS63,INDUSTRIAL,medium
IS4690,Ibaraki Ken Industrial P4,140.6311,36.7559,MFS63,INDUSTRIAL,medium
IS4691,Ibaraki Ken Industrial P4,140.6981,36.8638,MFS63,INDUSTRIAL,medium
IS4692,Ibaraki Ken Industrial P4,140.0696,35.9032,MFS63,INDUSTRIAL,medium
IS4693,Ibaraki Ken Industrial P4,140.3344,36.8063,MFS63,INDUSTRIAL,medium
IS4694,Tochigi Ken Industrial P4,140.1843,36.7463,MFS63,INDUSTRIAL,medium
IS4695,Ibaraki Ken Industrial P5,140.4823,36.6493,MFS63,INDUSTRIAL,medium
IS4696,Ibaraki Ken Industrial P5,140.6283,36.7823,MFS63,INDUSTRIAL,medium
IS4697,Ibaraki Ken Industrial P5,140.6856,36.8428,MFS63,INDUSTRIAL,medium
IS4698,Ibaraki Ken Industrial P5,140.0693,35.9004,MFS63,INDUSTRIAL,medium
IS4699,Ibaraki Ken Industrial P5,140.3706,36.7731,MFS63,INDUSTRIAL,medium
IS4700,Tochigi Ken Industrial P5,140.1862,36.7393,MFS63,INDUSTRIAL,medium
IS4701,Ibaraki Ken Industrial P6,140.4991,36.6298,MFS63,INDUSTRIAL,medium
IS4702,Ibaraki Ken Industrial P6,140.6002,36.7759,MFS63,INDUSTRIAL,medium
IS4703,Ibaraki Ken Industrial P6,140.6730,36.8480,MFS63,INDUSTRIAL,medium
IS4704,Ibaraki Ken Industrial P6,140.0786,35.9232,MFS63,INDUSTRIAL,medium
IS4705,Ibaraki Ken Industrial P6,140.3335,36.7848,MFS63,INDUSTRIAL,medium
IS4706,Tochigi Ken Industrial P6,140.1747,36.7464,MFS63,INDUSTRIAL,medium
IS4707,Ibaraki Ken Industrial P7,140.5098,36.6583,MFS63,INDUSTRIAL,medium
IS4708,Ibaraki Ken Industrial P7,140.6240,36.7434,MFS63,INDUSTRIAL,medium
IS4709,Ibaraki Ken Industrial P7,140.6825,36.8491,MFS63,INDUSTRIAL,medium
IS4710,Ibaraki Ken Industrial P7,140.0590,35.9069,MFS63,INDUSTRIAL,medium
IS4711,Ibaraki Ken Industrial P7,140.3586,36.7961,MFS63,INDUSTRIAL,medium
IS4712,Tochigi Ken Industrial P7,140.1978,36.7396,MFS63,INDUSTRIAL,medium
IS4713,Ibaraki Ken Industrial P8,140.4981,36.6311,MFS63,INDUSTRIAL,medium
IS4714,Ibaraki Ken Industrial P8,140.5942,36.7608,MFS63,INDUSTRIAL,medium
IS4715,Ibaraki Ken Industrial P8,140.6643,36.8130,MFS63,INDUSTRIAL,medium
IS4716,Ibaraki Ken Industrial P8,140.0876,35.9069,MFS63,INDUSTRIAL,medium
IS4717,Ibaraki Ken Industrial P8,140.3342,36.8209,MFS63,INDUSTRIAL,medium
IS4718,Tochigi Ken Industrial P8,140.1853,36.7388,MFS63,INDUSTRIAL,medium
IS4719,Ibaraki Ken Industrial P9,140.4902,36.6603,MFS63,INDUSTRIAL,medium
IS4720,Ibaraki Ken Industrial P9,140.6097,36.7736,MFS63,INDUSTRIAL,medium
IS4721,Tochigi Ken Industrial P1,139.5818,36.7967,MFS64,INDUSTRIAL,medium
IS4722,Tochigi Ken Industrial P1,139.9085,36.9983,MFS64,INDUSTRIAL,medium
IS4723,Tochigi Ken Industrial P1,140.0990,36.8374,MFS64,INDUSTRIAL,medium
IS4724,Tochigi Ken Industrial P1,139.8296,36.7865,MFS64,INDUSTRIAL,medium
IS4725,Tochigi Ken Industrial P1,139.9180,36.8199,MFS64,INDUSTRIAL,medium
IS4726,Tochigi Ken Industrial P1,140.1081,37.0654,MFS64,INDUSTRIAL,medium
IS4727,Tochigi Ken Industrial P2,139.5913,36.8244,MFS64,INDUSTRIAL,medium
IS4728,Tochigi Ken Industrial P2,139.9124,36.9979,MFS64,INDUSTRIAL,medium
IS4729,Tochigi Ken Industrial P2,140.1196,36.8744,MFS64,INDUSTRIAL,medium
IS4730,Tochigi Ken Industrial P2,139.8109,36.7984,MFS64,INDUSTRIAL,medium
IS4731,Tochigi Ken Industrial P2,139.8726,36.8220,MFS64,INDUSTRIAL,medium
IS4732,Tochigi Ken Industrial P2,140.0749,37.0699,MFS64,INDUSTRIAL,medium
IS4733,Gunma Ken Industrial P1,138.7155,36.0525,MFS66,INDUSTRIAL,medium
IS4734,Gunma Ken Industrial P1,138.7134,36.2223,MFS66,INDUSTRIAL,medium
IS4735,Gunma Ken Industrial P1,138.8037,36.5530,MFS66,INDUSTRIAL,medium
IS4736,Gunma Ken Industrial P1,138.8586,36.1343,MFS66,INDUSTRIAL,medium
IS4737,Gunma Ken Industrial P1,138.6938,36.1605,MFS66,INDUSTRIAL,medium
IS4738,Gunma Ken Industrial P1,138.9011,36.2039,MFS66,INDUSTRIAL,medium
IS4739,Gunma Ken Industrial P2,138.7148,36.0520,MFS66,INDUSTRIAL,medium
IS4740,Gunma Ken Industrial P2,138.7034,36.2189,MFS66,INDUSTRIAL,medium
IS4741,Gunma Ken Industrial P2,138.7708,36.5134,MFS66,INDUSTRIAL,medium
IS4742,Gunma Ken Industrial P2,138.8573,36.1196,MFS66,INDUSTRIAL,medium
IS4743,Gunma Ken Industrial P2,138.6929,36.1624,MFS66,INDUSTRIAL,medium
IS4744,Gunma Ken Industrial P2,138.8917,36.2127,MFS66,INDUSTRIAL,medium
IS4745,Gunma Ken Industrial P3,138.7468,36.0739,MFS66,INDUSTRIAL,medium
IS4746,Gunma Ken Industrial P3,138.7077,36.2245,MFS66,INDUSTRIAL,medium
IS4747,Gunma Ken Industrial P3,138.7950,36.5530,MFS66,INDUSTRIAL,medium
IS4748,Gunma Ken Industrial P3,138.8615,36.1053,MFS66,INDUSTRIAL,medium
IS4749,Gunma Ken Industrial P3,138.6908,36.1575,MFS66,INDUSTRIAL,medium
IS4750,Gunma Ken Industrial P3,138.9080,36.2023,MFS66,INDUSTRIAL,medium
IS4751,Gunma Ken Industrial P4,138.7209,36.0636,MFS66,INDUSTRIAL,medium
IS4752,Gunma Ken Industrial P4,138.7205,36.2051,MFS66,INDUSTRIAL,medium
IS4753,Gunma Ken Industrial P4,138.7990,36.5353,MFS66,INDUSTRIAL,medium
IS4754,MFS01 Raster Industrial R2,139.7571,35.6737,MFS01,INDUSTRIAL,medium
IS4755,MFS01 Raster Industrial R4,139.7679,35.6921,MFS01,INDUSTRIAL,medium
IS4756,MFS01 Raster Industrial R6,139.7846,35.6954,MFS01,INDUSTRIAL,medium
IS4757,MFS01 Raster Industrial R8,139.7779,35.6862,MFS01,INDUSTRIAL,medium
IS4758,MFS01 Raster Industrial R10,139.7746,35.6687,MFS01,INDUSTRIAL,medium
IS4759,MFS01 Raster Industrial R12,139.7771,35.7037,MFS01,INDUSTRIAL,medium
IS4760,MFS01 Raster Industrial R14,139.7879,35.6879,MFS01,INDUSTRIAL,medium
IS4761,MFS01 Raster Industrial R16,139.7979,35.6746,MFS01,INDUSTRIAL,medium
IS4762,MFS01 Raster Industrial R18,139.7404,35.7029,MFS01,INDUSTRIAL,medium
IS4763,MFS01 Raster Industrial R20,139.7446,35.6812,MFS01,INDUSTRIAL,medium
IS4764,MFS01 Raster Industrial R22,139.7587,35.7021,MFS01,INDUSTRIAL,medium
IS4765,MFS01 Raster Industrial R24,139.7788,35.6771,MFS01,INDUSTRIAL,medium
IS4766,MFS01 Raster Industrial R26,139.7804,35.6629,MFS01,INDUSTRIAL,medium
IS4767,MFS01 Raster Industrial R28,139.7837,35.6946,MFS01,INDUSTRIAL,medium
IS4768,MFS01 Raster Industrial R30,139.7921,35.6737,MFS01,INDUSTRIAL,medium
IS4769,MFS01 Raster Industrial R32,139.7454,35.6979,MFS01,INDUSTRIAL,medium
IS4770,MFS01 Raster Industrial R34,139.7537,35.6946,MFS01,INDUSTRIAL,medium
IS4771,MFS01 Raster Industrial R36,139.7371,35.6954,MFS01,INDUSTRIAL,medium
IS4772,MFS01 Raster Industrial R38,139.7887,35.7012,MFS01,INDUSTRIAL,medium
IS4773,MFS01 Raster Industrial R40,139.7854,35.6946,MFS01,INDUSTRIAL,medium
IS4774,MFS01 Raster Industrial R42,139.7688,35.7029,MFS01,INDUSTRIAL,medium
IS4775,MFS01 Raster Industrial R44,139.7562,35.6704,MFS01,INDUSTRIAL,medium
IS4776,MFS01 Raster Industrial R46,139.7463,35.6971,MFS01,INDUSTRIAL,medium
IS4777,MFS01 Raster Industrial R48,139.7504,35.6687,MFS01,INDUSTRIAL,medium
IS4778,MFS01 Raster Industrial R50,139.7488,35.7012,MFS01,INDUSTRIAL,medium
IS4779,MFS01 Raster Industrial R52,139.7504,35.6721,MFS01,INDUSTRIAL,medium
IS4780,MFS01 Raster Industrial R54,139.7463,35.6612,MFS01,INDUSTRIAL,medium
IS4781,MFS01 Raster Industrial R56,139.7788,35.6621,MFS01,INDUSTRIAL,medium
IS4782,MFS01 Raster Industrial R58,139.7929,35.6679,MFS01,INDUSTRIAL,medium
IS4783,MFS01 Raster Industrial R60,139.7446,35.6671,MFS01,INDUSTRIAL,medium
IS4784,MFS01 Raster Industrial R62,139.7629,35.6962,MFS01,INDUSTRIAL,medium
IS4785,MFS01 Raster Industrial R64,139.7812,35.6821,MFS01,INDUSTRIAL,medium
IS4786,MFS01 Raster Industrial R66,139.7654,35.6704,MFS01,INDUSTRIAL,medium
IS4787,MFS01 Raster Industrial R68,139.7388,35.6804,MFS01,INDUSTRIAL,medium
IS4788,MFS01 Raster Industrial R70,139.7929,35.6762,MFS01,INDUSTRIAL,medium
IS4789,MFS01 Raster Industrial R72,139.7846,35.6929,MFS01,INDUSTRIAL,medium
IS4790,MFS01 Raster Industrial R74,139.7713,35.6971,MFS01,INDUSTRIAL,medium
IS4791,MFS01 Raster Industrial R76,139.7729,35.6554,MFS01,INDUSTRIAL,medium
IS4792,MFS01 Raster Industrial R78,139.7979,35.6987,MFS01,INDUSTRIAL,medium
IS4793,MFS01 Raster Industrial R80,139.7837,35.7021,MFS01,INDUSTRIAL,medium
IS4794,MFS01 Raster Industrial R82,139.7488,35.6779,MFS01,INDUSTRIAL,medium
IS4795,MFS01 Raster Industrial R84,139.7629,35.7021,MFS01,INDUSTRIAL,medium
IS4796,MFS01 Raster Industrial R86,139.7562,35.6687,MFS01,INDUSTRIAL,medium
IS4797,MFS01 Raster Industrial R88,139.7879,35.6904,MFS01,INDUSTRIAL,medium
IS4798,MFS01 Raster Industrial R90,139.7579,35.6512,MFS01,INDUSTRIAL,medium
IS4799,MFS01 Raster Industrial R92,139.7846,35.6629,MFS01,INDUSTRIAL,medium
IS4800,MFS01 Raster Industrial R94,139.7546,35.6837,MFS01,INDUSTRIAL,medium
IS4801,MFS01 Raster Industrial R96,139.7812,35.6612,MFS01,INDUSTRIAL,medium
IS4802,MFS01 Raster Industrial R98,139.7979,35.6654,MFS01,INDUSTRIAL,medium
IS4803,MFS01 Raster Industrial R100,139.7796,35.6929,MFS01,INDUSTRIAL,medium
IS4804,MFS02 Raster Industrial R2,139.7188,35.5871,MFS02,INDUSTRIAL,medium
IS4805,MFS02 Raster Industrial R4,139.7562,35.6054,MFS02,INDUSTRIAL,medium
IS4806,MFS02 Raster Industrial R6,139.7254,35.6054,MFS02,INDUSTRIAL,medium
IS4807,MFS02 Raster Industrial R8,139.7204,35.6104,MFS02,INDUSTRIAL,medium
IS4808,MFS02 Raster Industrial R10,139.7554,35.5929,MFS02,INDUSTRIAL,medium
IS4809,MFS02 Raster Industrial R12,139.7287,35.5812,MFS02,INDUSTRIAL,medium
IS4810,MFS02 Raster Industrial R14,139.7221,35.5862,MFS02,INDUSTRIAL,medium
IS4811,MFS02 Raster Industrial R16,139.7354,35.6096,MFS02,INDUSTRIAL,medium
IS4812,MFS02 Raster Industrial R18,139.7713,35.5962,MFS02,INDUSTRIAL,medium
IS4813,MFS02 Raster Industrial R20,139.7154,35.5912,MFS02,INDUSTRIAL,medium
IS4814,MFS02 Raster Industrial R22,139.7221,35.6329,MFS02,INDUSTRIAL,medium
IS4815,MFS02 Raster Industrial R24,139.7596,35.5887,MFS02,INDUSTRIAL,medium
IS4816,MFS02 Raster Industrial R26,139.7188,35.6037,MFS02,INDUSTRIAL,medium
IS4817,MFS02 Raster Industrial R28,139.7354,35.5904,MFS02,INDUSTRIAL,medium
IS4818,MFS02 Raster Industrial R30,139.7329,35.6146,MFS02,INDUSTRIAL,medium
IS4819,MFS02 Raster Industrial R32,139.7646,35.5979,MFS02,INDUSTRIAL,medium
IS4820,MFS02 Raster Industrial R34,139.7296,35.6196,MFS02,INDUSTRIAL,medium
IS4821,MFS02 Raster Industrial R36,139.7404,35.6071,MFS02,INDUSTRIAL,medium
IS4822,MFS03 Raster Industrial R2,139.6788,35.6987,MFS03,INDUSTRIAL,medium
IS4823,MFS03 Raster Industrial R4,139.7229,35.6846,MFS03,INDUSTRIAL,medium
IS4824,MFS03 Raster Industrial R6,139.7237,35.6929,MFS03,INDUSTRIAL,medium
IS4825,MFS03 Raster Industrial R8,139.6971,35.6954,MFS03,INDUSTRIAL,medium
IS4826,MFS03 Raster Industrial R10,139.6937,35.7046,MFS03,INDUSTRIAL,medium
IS4827,MFS03 Raster Industrial R12,139.6788,35.6962,MFS03,INDUSTRIAL,medium
IS4828,MFS03 Raster Industrial R14,139.7121,35.7012,MFS03,INDUSTRIAL,medium
IS4829,MFS03 Raster Industrial R16,139.6929,35.7079,MFS03,INDUSTRIAL,medium
IS4830,MFS03 Raster Industrial R18,139.6796,35.7196,MFS03,INDUSTRIAL,medium
IS4831,MFS03 Raster Industrial R20,139.6929,35.7071,MFS03,INDUSTRIAL,medium
IS4832,MFS03 Raster Industrial R22,139.7212,35.7046,MFS03,INDUSTRIAL,medium
IS4833,MFS03 Raster Industrial R24,139.6821,35.7154,MFS03,INDUSTRIAL,medium
IS4834,MFS03 Raster Industrial R26,139.7054,35.6879,MFS03,INDUSTRIAL,medium
IS4835,MFS03 Raster Industrial R28,139.7229,35.6862,MFS03,INDUSTRIAL,medium
IS4836,MFS03 Raster Industrial R30,139.7063,35.6696,MFS03,INDUSTRIAL,medium
IS4837,MFS03 Raster Industrial R32,139.6788,35.6746,MFS03,INDUSTRIAL,medium
IS4838,MFS03 Raster Industrial R34,139.6887,35.7054,MFS03,INDUSTRIAL,medium
IS4839,MFS03 Raster Industrial R36,139.6829,35.6687,MFS03,INDUSTRIAL,medium
IS4840,MFS03 Raster Industrial R38,139.6904,35.7087,MFS03,INDUSTRIAL,medium
IS4841,MFS03 Raster Industrial R40,139.6929,35.7254,MFS03,INDUSTRIAL,medium
IS4842,MFS03 Raster Industrial R42,139.6804,35.6904,MFS03,INDUSTRIAL,medium
IS4843,MFS03 Raster Industrial R44,139.7021,35.7146,MFS03,INDUSTRIAL,medium
IS4844,MFS03 Raster Industrial R46,139.7063,35.6887,MFS03,INDUSTRIAL,medium
IS4845,MFS03 Raster Industrial R48,139.6996,35.6846,MFS03,INDUSTRIAL,medium
IS4846,MFS03 Raster Industrial R50,139.7096,35.7079,MFS03,INDUSTRIAL,medium
IS4847,MFS03 Raster Industrial R52,139.6921,35.6737,MFS03,INDUSTRIAL,medium
IS4848,MFS03 Raster Industrial R54,139.7138,35.7229,MFS03,INDUSTRIAL,medium
IS4849,MFS03 Raster Industrial R56,139.7012,35.6904,MFS03,INDUSTRIAL,medium
IS4850,MFS03 Raster Industrial R58,139.7088,35.7204,MFS03,INDUSTRIAL,medium
IS4851,MFS03 Raster Industrial R60,139.7079,35.7137,MFS03,INDUSTRIAL,medium
IS4852,MFS03 Raster Industrial R62,139.7188,35.6871,MFS03,INDUSTRIAL,medium
IS4853,MFS03 Raster Industrial R64,139.6721,35.6787,MFS03,INDUSTRIAL,medium
IS4854,MFS03 Raster Industrial R66,139.7204,35.7121,MFS03,INDUSTRIAL,medium
IS4855,MFS03 Raster Industrial R68,139.7138,35.6896,MFS03,INDUSTRIAL,medium
IS4856,MFS03 Raster Industrial R70,139.7021,35.7054,MFS03,INDUSTRIAL,medium
IS4857,MFS03 Raster Industrial R72,139.7113,35.6762,MFS03,INDUSTRIAL,medium
IS4858,MFS03 Raster Industrial R74,139.7146,35.7121,MFS03,INDUSTRIAL,medium
IS4859,MFS03 Raster Industrial R76,139.7012,35.7246,MFS03,INDUSTRIAL,medium
IS4860,MFS03 Raster Industrial R78,139.6912,35.6662,MFS03,INDUSTRIAL,medium
IS4861,MFS03 Raster Industrial R80,139.7138,35.7087,MFS03,INDUSTRIAL,medium
IS4862,MFS03 Raster Industrial R82,139.7229,35.6737,MFS03,INDUSTRIAL,medium
IS4863,MFS03 Raster Industrial R84,139.6912,35.6921,MFS03,INDUSTRIAL,medium
IS4864,MFS03 Raster Industrial R86,139.6863,35.6846,MFS03,INDUSTRIAL,medium
IS4865,MFS03 Raster Industrial R88,139.6971,35.6987,MFS03,INDUSTRIAL,medium
IS4866,MFS03 Raster Industrial R90,139.6971,35.6879,MFS03,INDUSTRIAL,medium
IS4867,MFS03 Raster Industrial R92,139.6763,35.6937,MFS03,INDUSTRIAL,medium
IS4868,MFS03 Raster Industrial R94,139.6954,35.6871,MFS03,INDUSTRIAL,medium
IS4869,MFS03 Raster Industrial R96,139.7029,35.6971,MFS03,INDUSTRIAL,medium
IS4870,MFS03 Raster Industrial R98,139.7246,35.6796,MFS03,INDUSTRIAL,medium
IS4871,MFS03 Raster Industrial R100,139.7104,35.6979,MFS03,INDUSTRIAL,medium
IS4872,MFS05 Raster Industrial R2,139.6513,35.6821,MFS05,INDUSTRIAL,medium
IS4873,MFS05 Raster Industrial R4,139.6529,35.6929,MFS05,INDUSTRIAL,medium
IS4874,MFS05 Raster Industrial R6,139.6246,35.6904,MFS05,INDUSTRIAL,medium
IS4875,MFS05 Raster Industrial R8,139.6529,35.6421,MFS05,INDUSTRIAL,medium
IS4876,MFS05 Raster Industrial R10,139.6771,35.6487,MFS05,INDUSTRIAL,medium
IS4877,MFS05 Raster Industrial R12,139.6379,35.6937,MFS05,INDUSTRIAL,medium
IS4878,MFS05 Raster Industrial R14,139.6562,35.6787,MFS05,INDUSTRIAL,medium
IS4879,MFS05 Raster Industrial R16,139.6696,35.7004,MFS05,INDUSTRIAL,medium
IS4880,MFS05 Raster Industrial R18,139.6429,35.6687,MFS05,INDUSTRIAL,medium
IS4881,MFS05 Raster Industrial R20,139.6421,35.6721,MFS05,INDUSTRIAL,medium
IS4882,MFS05 Raster Industrial R22,139.6554,35.6779,MFS05,INDUSTRIAL,medium
IS4883,MFS05 Raster Industrial R24,139.6863,35.6887,MFS05,INDUSTRIAL,medium
IS4884,MFS05 Raster Industrial R26,139.6488,35.6871,MFS05,INDUSTRIAL,medium
IS4885,MFS05 Raster Industrial R28,139.6154,35.6704,MFS05,INDUSTRIAL,medium
IS4886,MFS05 Raster Industrial R30,139.6571,35.6479,MFS05,INDUSTRIAL,medium
IS4887,MFS05 Raster Industrial R32,139.6321,35.6929,MFS05,INDUSTRIAL,medium
IS4888,MFS05 Raster Industrial R34,139.6346,35.6654,MFS05,INDUSTRIAL,medium
IS4889,MFS05 Raster Industrial R36,139.6671,35.6512,MFS05,INDUSTRIAL,medium
IS4890,MFS05 Raster Industrial R38,139.6296,35.7004,MFS05,INDUSTRIAL,medium
IS4891,MFS05 Raster Industrial R40,139.6271,35.6862,MFS05,INDUSTRIAL,medium
IS4892,MFS05 Raster Industrial R42,139.6746,35.6404,MFS05,INDUSTRIAL,medium
IS4893,MFS05 Raster Industrial R44,139.6554,35.6787,MFS05,INDUSTRIAL,medium
IS4894,MFS05 Raster Industrial R46,139.6362,35.6962,MFS05,INDUSTRIAL,medium
IS4895,MFS05 Raster Industrial R48,139.6188,35.6537,MFS05,INDUSTRIAL,medium
IS4896,MFS05 Raster Industrial R50,139.6196,35.6462,MFS05,INDUSTRIAL,medium
IS4897,MFS05 Raster Industrial R52,139.6171,35.6804,MFS05,INDUSTRIAL,medium
IS4898,MFS05 Raster Industrial R54,139.6687,35.6837,MFS05,INDUSTRIAL,medium
IS4899,MFS05 Raster Industrial R56,139.6421,35.6654,MFS05,INDUSTRIAL,medium
IS4900,MFS05 Raster Industrial R58,139.6188,35.6604,MFS05,INDUSTRIAL,medium
IS4901,MFS05 Raster Industrial R60,139.6304,35.6929,MFS05,INDUSTRIAL,medium
IS4902,MFS05 Raster Industrial R62,139.6471,35.6421,MFS05,INDUSTRIAL,medium
IS4903,MFS05 Raster Industrial R64,139.6488,35.6571,MFS05,INDUSTRIAL,medium
IS4904,MFS05 Raster Industrial R66,139.6387,35.7012,MFS05,INDUSTRIAL,medium
IS4905,MFS05 Raster Industrial R68,139.6671,35.6429,MFS05,INDUSTRIAL,medium
IS4906,MFS05 Raster Industrial R70,139.6788,35.6612,MFS05,INDUSTRIAL,medium
IS4907,MFS05 Raster Industrial R72,139.6138,35.6729,MFS05,INDUSTRIAL,medium
IS4908,MFS05 Raster Industrial R74,139.6713,35.6496,MFS05,INDUSTRIAL,medium
IS4909,MFS05 Raster Industrial R76,139.6396,35.6921,MFS05,INDUSTRIAL,medium
IS4910,MFS05 Raster Industrial R78,139.6671,35.6396,MFS05,INDUSTRIAL,medium
IS4911,MFS05 Raster Industrial R80,139.6463,35.6654,MFS05,INDUSTRIAL,medium
IS4912,MFS05 Raster Industrial R82,139.6538,35.6654,MFS05,INDUSTRIAL,medium
IS4913,MFS05 Raster Industrial R84,139.6454,35.6954,MFS05,INDUSTRIAL,medium
IS4914,MFS05 Raster Industrial R86,139.6179,35.6479,MFS05,INDUSTRIAL,medium
IS4915,MFS05 Raster Industrial R88,139.6713,35.6579,MFS05,INDUSTRIAL,medium
IS4916,MFS05 Raster Industrial R90,139.6329,35.6462,MFS05,INDUSTRIAL,medium
IS4917,MFS05 Raster Industrial R92,139.6612,35.6371,MFS05,INDUSTRIAL,medium
IS4918,MFS05 Raster Industrial R94,139.6521,35.6604,MFS05,INDUSTRIAL,medium
IS4919,MFS05 Raster Industrial R96,139.6471,35.6554,MFS05,INDUSTRIAL,medium
IS4920,MFS05 Raster Industrial R98,139.6771,35.6962,MFS05,INDUSTRIAL,medium
IS4921,MFS05 Raster Industrial R100,139.6387,35.7037,MFS05,INDUSTRIAL,medium
IS4922,MFS06 Raster Industrial R2,139.6571,35.7679,MFS06,INDUSTRIAL,medium
IS4923,MFS06 Raster Industrial R4,139.6704,35.7287,MFS06,INDUSTRIAL,medium
IS4924,MFS06 Raster Industrial R6,139.6679,35.7546,MFS06,INDUSTRIAL,medium
IS4925,MFS06 Raster Industrial R8,139.6771,35.7646,MFS06,INDUSTRIAL,medium
IS4926,MFS06 Raster Industrial R10,139.6821,35.7229,MFS06,INDUSTRIAL,medium
IS4927,MFS06 Raster Industrial R12,139.6879,35.7321,MFS06,INDUSTRIAL,medium
IS4928,MFS06 Raster Industrial R14,139.6546,35.7721,MFS06,INDUSTRIAL,medium
IS4929,MFS06 Raster Industrial R16,139.6763,35.7646,MFS06,INDUSTRIAL,medium
IS4930,MFS06 Raster Industrial R18,139.6521,35.7496,MFS06,INDUSTRIAL,medium
IS4931,MFS06 Raster Industrial R20,139.6946,35.7379,MFS06,INDUSTRIAL,medium
IS4932,MFS06 Raster Industrial R22,139.6746,35.7296,MFS06,INDUSTRIAL,medium
IS4933,MFS06 Raster Industrial R24,139.6912,35.7496,MFS06,INDUSTRIAL,medium
IS4934,MFS06 Raster Industrial R26,139.7012,35.7521,MFS06,INDUSTRIAL,medium
IS4935,MFS06 Raster Industrial R28,139.6646,35.7454,MFS06,INDUSTRIAL,medium
IS4936,MFS06 Raster Industrial R30,139.6846,35.7421,MFS06,INDUSTRIAL,medium
IS4937,MFS06 Raster Industrial R32,139.6979,35.7671,MFS06,INDUSTRIAL,medium
IS4938,MFS06 Raster Industrial R34,139.6587,35.7662,MFS06,INDUSTRIAL,medium
IS4939,MFS06 Raster Industrial R36,139.6829,35.7529,MFS06,INDUSTRIAL,medium
IS4940,MFS06 Raster Industrial R38,139.6896,35.7262,MFS06,INDUSTRIAL,medium
IS4941,MFS06 Raster Industrial R40,139.6513,35.7337,MFS06,INDUSTRIAL,medium
IS4942,MFS06 Raster Industrial R42,139.6804,35.7371,MFS06,INDUSTRIAL,medium
IS4943,MFS06 Raster Industrial R44,139.7004,35.7737,MFS06,INDUSTRIAL,medium
IS4944,MFS06 Raster Industrial R46,139.6554,35.7262,MFS06,INDUSTRIAL,medium
IS4945,MFS06 Raster Industrial R48,139.7038,35.7421,MFS06,INDUSTRIAL,medium
IS4946,MFS06 Raster Industrial R50,139.6604,35.7237,MFS06,INDUSTRIAL,medium
IS4947,MFS06 Raster Industrial R52,139.6788,35.7454,MFS06,INDUSTRIAL,medium
IS4948,MFS06 Raster Industrial R54,139.6754,35.7712,MFS06,INDUSTRIAL,medium
IS4949,MFS06 Raster Industrial R56,139.6721,35.7587,MFS06,INDUSTRIAL,medium
IS4950,MFS06 Raster Industrial R58,139.6488,35.7596,MFS06,INDUSTRIAL,medium
IS4951,MFS06 Raster Industrial R60,139.6554,35.7629,MFS06,INDUSTRIAL,medium
IS4952,MFS06 Raster Industrial R62,139.6804,35.7662,MFS06,INDUSTRIAL,medium
IS4953,MFS06 Raster Industrial R64,139.7071,35.7321,MFS06,INDUSTRIAL,medium
IS4954,MFS06 Raster Industrial R66,139.6946,35.7671,MFS06,INDUSTRIAL,medium
IS4955,MFS06 Raster Industrial R68,139.7038,35.7487,MFS06,INDUSTRIAL,medium
IS4956,MFS06 Raster Industrial R70,139.6854,35.7396,MFS06,INDUSTRIAL,medium
IS4957,MFS06 Raster Industrial R72,139.6929,35.7721,MFS06,INDUSTRIAL,medium
IS4958,MFS06 Raster Industrial R74,139.6562,35.7587,MFS06,INDUSTRIAL,medium
IS4959,MFS06 Raster Industrial R76,139.6671,35.7621,MFS06,INDUSTRIAL,medium
IS4960,MFS06 Raster Industrial R78,139.6754,35.7637,MFS06,INDUSTRIAL,medium
IS4961,MFS06 Raster Industrial R80,139.6546,35.7387,MFS06,INDUSTRIAL,medium
IS4962,MFS06 Raster Industrial R82,139.6637,35.7246,MFS06,INDUSTRIAL,medium
IS4963,MFS06 Raster Industrial R84,139.7021,35.7579,MFS06,INDUSTRIAL,medium
IS4964,MFS06 Raster Industrial R86,139.7046,35.7437,MFS06,INDUSTRIAL,medium
IS4965,MFS06 Raster Industrial R88,139.6788,35.7762,MFS06,INDUSTRIAL,medium
IS4966,MFS06 Raster Industrial R90,139.6571,35.7296,MFS06,INDUSTRIAL,medium
IS4967,MFS06 Raster Industrial R92,139.6887,35.7362,MFS06,INDUSTRIAL,medium
IS4968,MFS06 Raster Industrial R94,139.6554,35.7279,MFS06,INDUSTRIAL,medium
IS4969,MFS06 Raster Industrial R96,139.6738,35.7512,MFS06,INDUSTRIAL,medium
IS4970,MFS06 Raster Industrial R98,139.7113,35.7662,MFS06,INDUSTRIAL,medium
IS4971,MFS06 Raster Industrial R100,139.6979,35.7529,MFS06,INDUSTRIAL,medium
IS4972,MFS07 Raster Industrial R2,139.8696,35.7604,MFS07,INDUSTRIAL,medium
IS4973,MFS07 Raster Industrial R4,139.8546,35.7362,MFS07,INDUSTRIAL,medium
IS4974,MFS07 Raster Industrial R6,139.8421,35.7296,MFS07,INDUSTRIAL,medium
IS4975,MFS07 Raster Industrial R8,139.8296,35.7646,MFS07,INDUSTRIAL,medium
IS4976,MFS07 Raster Industrial R10,139.8537,35.7371,MFS07,INDUSTRIAL,medium
IS4977,MFS07 Raster Industrial R12,139.8837,35.7521,MFS07,INDUSTRIAL,medium
IS4978,MFS07 Raster Industrial R14,139.8646,35.7504,MFS07,INDUSTRIAL,medium
IS4979,MFS07 Raster Industrial R16,139.8621,35.7279,MFS07,INDUSTRIAL,medium
IS4980,MFS07 Raster Industrial R18,139.8721,35.7587,MFS07,INDUSTRIAL,medium
IS4981,MFS07 Raster Industrial R20,139.8621,35.7629,MFS07,INDUSTRIAL,medium
IS4982,MFS07 Raster Industrial R22,139.8354,35.7571,MFS07,INDUSTRIAL,medium
IS4983,MFS07 Raster Industrial R24,139.8862,35.7454,MFS07,INDUSTRIAL,medium
IS4984,MFS07 Raster Industrial R26,139.8812,35.7571,MFS07,INDUSTRIAL,medium
IS4985,MFS07 Raster Industrial R28,139.8821,35.7354,MFS07,INDUSTRIAL,medium
IS4986,MFS07 Raster Industrial R30,139.8779,35.7212,MFS07,INDUSTRIAL,medium
IS4987,MFS07 Raster Industrial R32,139.8754,35.7662,MFS07,INDUSTRIAL,medium
IS4988,MFS07 Raster Industrial R34,139.8837,35.7329,MFS07,INDUSTRIAL,medium
IS4989,MFS07 Raster Industrial R36,139.8596,35.7687,MFS07,INDUSTRIAL,medium
IS4990,MFS07 Raster Industrial R38,139.8379,35.7729,MFS07,INDUSTRIAL,medium
IS4991,MFS07 Raster Industrial R40,139.8537,35.7454,MFS07,INDUSTRIAL,medium
IS4992,MFS07 Raster Industrial R42,139.8479,35.7062,MFS07,INDUSTRIAL,medium
IS4993,MFS07 Raster Industrial R44,139.8696,35.7554,MFS07,INDUSTRIAL,medium
IS4994,MFS07 Raster Industrial R46,139.8304,35.7546,MFS07,INDUSTRIAL,medium
IS4995,MFS07 Raster Industrial R48,139.8679,35.7104,MFS07,INDUSTRIAL,medium
IS4996,MFS07 Raster Industrial R50,139.8271,35.7096,MFS07,INDUSTRIAL,medium
IS4997,MFS07 Raster Industrial R52,139.8663,35.7379,MFS07,INDUSTRIAL,medium
IS4998,MFS07 Raster Industrial R54,139.8254,35.7596,MFS07,INDUSTRIAL,medium
IS4999,MFS07 Raster Industrial R56,139.8479,35.7696,MFS07,INDUSTRIAL,medium
IS5000,MFS07 Raster Industrial R58,139.8371,35.7171,MFS07,INDUSTRIAL,medium
IS5001,MFS07 Raster Industrial R60,139.8596,35.7079,MFS07,INDUSTRIAL,medium
IS5002,MFS07 Raster Industrial R62,139.8496,35.7229,MFS07,INDUSTRIAL,medium
IS5003,MFS07 Raster Industrial R64,139.8396,35.7054,MFS07,INDUSTRIAL,medium
IS5004,MFS07 Raster Industrial R66,139.8779,35.7162,MFS07,INDUSTRIAL,medium
IS5005,MFS07 Raster Industrial R68,139.8554,35.7612,MFS07,INDUSTRIAL,medium
IS5006,MFS08 Raster Industrial R2,139.5637,35.6546,MFS08,INDUSTRIAL,medium
IS5007,MFS08 Raster Industrial R4,139.5288,35.7004,MFS08,INDUSTRIAL,medium
IS5008,MFS08 Raster Industrial R6,139.5696,35.6837,MFS08,INDUSTRIAL,medium
IS5009,MFS08 Raster Industrial R8,139.5437,35.6996,MFS08,INDUSTRIAL,medium
IS5010,MFS08 Raster Industrial R10,139.5554,35.7021,MFS08,INDUSTRIAL,medium
IS5011,MFS08 Raster Industrial R12,139.5629,35.6637,MFS08,INDUSTRIAL,medium
IS5012,MFS08 Raster Industrial R14,139.5838,35.6521,MFS08,INDUSTRIAL,medium
IS5013,MFS08 Raster Industrial R16,139.5662,35.6971,MFS08,INDUSTRIAL,medium
IS5014,MFS08 Raster Industrial R18,139.5254,35.6504,MFS08,INDUSTRIAL,medium
IS5015,MFS08 Raster Industrial R20,139.5546,35.6546,MFS08,INDUSTRIAL,medium
IS5016,MFS08 Raster Industrial R22,139.5746,35.6629,MFS08,INDUSTRIAL,medium
IS5017,MFS08 Raster Industrial R24,139.5696,35.6629,MFS08,INDUSTRIAL,medium
IS5018,MFS08 Raster Industrial R26,139.5671,35.6846,MFS08,INDUSTRIAL,medium
IS5019,MFS08 Raster Industrial R28,139.5687,35.6779,MFS08,INDUSTRIAL,medium
IS5020,MFS08 Raster Industrial R30,139.5321,35.6679,MFS08,INDUSTRIAL,medium
IS5021,MFS08 Raster Industrial R32,139.5504,35.6571,MFS08,INDUSTRIAL,medium
IS5022,MFS08 Raster Industrial R34,139.5554,35.6796,MFS08,INDUSTRIAL,medium
IS5023,MFS08 Raster Industrial R36,139.5412,35.6362,MFS08,INDUSTRIAL,medium
IS5024,MFS08 Raster Industrial R38,139.5788,35.6929,MFS08,INDUSTRIAL,medium
IS5025,MFS08 Raster Industrial R40,139.5729,35.6604,MFS08,INDUSTRIAL,medium
IS5026,MFS08 Raster Industrial R42,139.5637,35.6362,MFS08,INDUSTRIAL,medium
IS5027,MFS08 Raster Industrial R44,139.5671,35.6754,MFS08,INDUSTRIAL,medium
IS5028,MFS08 Raster Industrial R46,139.5329,35.6629,MFS08,INDUSTRIAL,medium
IS5029,MFS08 Raster Industrial R48,139.5671,35.6812,MFS08,INDUSTRIAL,medium
IS5030,MFS08 Raster Industrial R50,139.5346,35.6479,MFS08,INDUSTRIAL,medium
IS5031,MFS08 Raster Industrial R52,139.5387,35.7021,MFS08,INDUSTRIAL,medium
IS5032,MFS08 Raster Industrial R54,139.5454,35.7037,MFS08,INDUSTRIAL,medium
IS5033,MFS08 Raster Industrial R56,139.5746,35.6729,MFS08,INDUSTRIAL,medium
IS5034,MFS08 Raster Industrial R58,139.5362,35.6496,MFS08,INDUSTRIAL,medium
IS5035,MFS08 Raster Industrial R60,139.5271,35.6654,MFS08,INDUSTRIAL,medium
IS5036,MFS08 Raster Industrial R62,139.5404,35.6879,MFS08,INDUSTRIAL,medium
IS5037,MFS08 Raster Industrial R64,139.5321,35.6437,MFS08,INDUSTRIAL,medium
IS5038,MFS08 Raster Industrial R66,139.5662,35.6754,MFS08,INDUSTRIAL,medium
IS5039,MFS08 Raster Industrial R68,139.5588,35.6712,MFS08,INDUSTRIAL,medium
IS5040,MFS08 Raster Industrial R70,139.5196,35.6621,MFS08,INDUSTRIAL,medium
IS5041,MFS08 Raster Industrial R72,139.5696,35.6854,MFS08,INDUSTRIAL,medium
IS5042,MFS08 Raster Industrial R74,139.5471,35.6604,MFS08,INDUSTRIAL,medium
IS5043,MFS08 Raster Industrial R76,139.5371,35.6954,MFS08,INDUSTRIAL,medium
IS5044,MFS08 Raster Industrial R78,139.5571,35.6754,MFS08,INDUSTRIAL,medium
IS5045,MFS08 Raster Industrial R80,139.5504,35.7054,MFS08,INDUSTRIAL,medium
IS5046,MFS08 Raster Industrial R82,139.5654,35.6854,MFS08,INDUSTRIAL,medium
IS5047,MFS08 Raster Industrial R84,139.5588,35.6562,MFS08,INDUSTRIAL,medium
IS5048,MFS08 Raster Industrial R86,139.5346,35.6937,MFS08,INDUSTRIAL,medium
IS5049,MFS08 Raster Industrial R88,139.5429,35.6804,MFS08,INDUSTRIAL,medium
IS5050,MFS08 Raster Industrial R90,139.5488,35.6912,MFS08,INDUSTRIAL,medium
IS5051,MFS08 Raster Industrial R92,139.5513,35.6404,MFS08,INDUSTRIAL,medium
IS5052,MFS08 Raster Industrial R94,139.5312,35.6762,MFS08,INDUSTRIAL,medium
IS5053,MFS08 Raster Industrial R96,139.5446,35.6529,MFS08,INDUSTRIAL,medium
IS5054,MFS08 Raster Industrial R98,139.5479,35.7054,MFS08,INDUSTRIAL,medium
IS5055,MFS08 Raster Industrial R100,139.5446,35.6587,MFS08,INDUSTRIAL,medium
IS5056,MFS10 Raster Industrial R2,139.2579,35.7371,MFS10,INDUSTRIAL,medium
IS5057,MFS10 Raster Industrial R4,139.2671,35.7246,MFS10,INDUSTRIAL,medium
IS5058,MFS10 Raster Industrial R6,139.2363,35.7237,MFS10,INDUSTRIAL,medium
IS5059,MFS10 Raster Industrial R8,139.2454,35.7371,MFS10,INDUSTRIAL,medium
IS5060,MFS10 Raster Industrial R10,139.2862,35.7212,MFS10,INDUSTRIAL,medium
IS5061,MFS10 Raster Industrial R12,139.2713,35.7762,MFS10,INDUSTRIAL,medium
IS5062,MFS10 Raster Industrial R14,139.2879,35.7496,MFS10,INDUSTRIAL,medium
IS5063,MFS10 Raster Industrial R16,139.2246,35.7312,MFS10,INDUSTRIAL,medium
IS5064,MFS10 Raster Industrial R18,139.2804,35.7221,MFS10,INDUSTRIAL,medium
IS5065,MFS10 Raster Industrial R20,139.2637,35.7246,MFS10,INDUSTRIAL,medium
IS5066,MFS10 Raster Industrial R22,139.2746,35.7429,MFS10,INDUSTRIAL,medium
IS5067,MFS10 Raster Industrial R24,139.2887,35.7512,MFS10,INDUSTRIAL,medium
IS5068,MFS10 Raster Industrial R26,139.2537,35.7421,MFS10,INDUSTRIAL,medium
IS5069,MFS10 Raster Industrial R28,139.2713,35.7262,MFS10,INDUSTRIAL,medium
IS5070,MFS10 Raster Industrial R30,139.2871,35.7729,MFS10,INDUSTRIAL,medium
IS5071,MFS10 Raster Industrial R32,139.2446,35.7296,MFS10,INDUSTRIAL,medium
IS5072,MFS10 Raster Industrial R34,139.2504,35.7421,MFS10,INDUSTRIAL,medium
IS5073,MFS10 Raster Industrial R36,139.2862,35.7371,MFS10,INDUSTRIAL,medium
IS5074,MFS10 Raster Industrial R38,139.2279,35.7471,MFS10,INDUSTRIAL,medium
IS5075,MFS10 Raster Industrial R40,139.2879,35.7229,MFS10,INDUSTRIAL,medium
IS5076,MFS10 Raster Industrial R42,139.2254,35.7137,MFS10,INDUSTRIAL,medium
IS5077,MFS10 Raster Industrial R44,139.2587,35.7479,MFS10,INDUSTRIAL,medium
IS5078,MFS10 Raster Industrial R46,139.2354,35.7429,MFS10,INDUSTRIAL,medium
IS5079,MFS10 Raster Industrial R48,139.2388,35.7446,MFS10,INDUSTRIAL,medium
IS5080,MFS10 Raster Industrial R50,139.2338,35.7271,MFS10,INDUSTRIAL,medium
IS5081,MFS10 Raster Industrial R52,139.2887,35.7321,MFS10,INDUSTRIAL,medium
IS5082,MFS10 Raster Industrial R54,139.2679,35.7404,MFS10,INDUSTRIAL,medium
IS5083,MFS10 Raster Industrial R56,139.2404,35.7321,MFS10,INDUSTRIAL,medium
IS5084,MFS10 Raster Industrial R58,139.2379,35.6996,MFS10,INDUSTRIAL,medium
IS5085,MFS10 Raster Industrial R60,139.2837,35.7479,MFS10,INDUSTRIAL,medium
IS5086,MFS10 Raster Industrial R62,139.2887,35.7362,MFS10,INDUSTRIAL,medium
IS5087,MFS10 Raster Industrial R64,139.2571,35.7804,MFS10,INDUSTRIAL,medium
IS5088,MFS10 Raster Industrial R66,139.2554,35.7079,MFS10,INDUSTRIAL,medium
IS5089,MFS10 Raster Industrial R68,139.2379,35.7287,MFS10,INDUSTRIAL,medium
IS5090,MFS10 Raster Industrial R70,139.2896,35.7404,MFS10,INDUSTRIAL,medium
IS5091,MFS10 Raster Industrial R72,139.2862,35.7696,MFS10,INDUSTRIAL,medium
IS5092,MFS10 Raster Industrial R74,139.2396,35.7446,MFS10,INDUSTRIAL,medium
IS5093,MFS10 Raster Industrial R76,139.2854,35.7346,MFS10,INDUSTRIAL,medium
IS5094,MFS10 Raster Industrial R78,139.2604,35.7371,MFS10,INDUSTRIAL,medium
IS5095,MFS10 Raster Industrial R80,139.2529,35.7046,MFS10,INDUSTRIAL,medium
IS5096,MFS10 Raster Industrial R82,139.2754,35.7237,MFS10,INDUSTRIAL,medium
IS5097,MFS10 Raster Industrial R84,139.2413,35.7504,MFS10,INDUSTRIAL,medium
IS5098,MFS10 Raster Industrial R86,139.2179,35.7246,MFS10,INDUSTRIAL,medium
IS5099,MFS10 Raster Industrial R88,139.2929,35.7212,MFS10,INDUSTRIAL,medium
IS5100,MFS10 Raster Industrial R90,139.2204,35.7271,MFS10,INDUSTRIAL,medium
IS5101,MFS10 Raster Industrial R92,139.2646,35.7812,MFS10,INDUSTRIAL,medium
IS5102,MFS10 Raster Industrial R94,139.2404,35.7512,MFS10,INDUSTRIAL,medium
IS5103,MFS10 Raster Industrial R96,139.2887,35.7421,MFS10,INDUSTRIAL,medium
IS5104,MFS10 Raster Industrial R98,139.2304,35.7254,MFS10,INDUSTRIAL,medium
IS5105,MFS10 Raster Industrial R100,139.2546,35.7379,MFS10,INDUSTRIAL,medium
IS5106,MFS11 Raster Industrial R2,139.6029,35.4921,MFS11,INDUSTRIAL,medium
IS5107,MFS11 Raster Industrial R4,139.6196,35.4562,MFS11,INDUSTRIAL,medium
IS5108,MFS11 Raster Industrial R6,139.6062,35.4562,MFS11,INDUSTRIAL,medium
IS5109,MFS11 Raster Industrial R8,139.6429,35.4529,MFS11,INDUSTRIAL,medium
IS5110,MFS11 Raster Industrial R10,139.6246,35.4521,MFS11,INDUSTRIAL,medium
IS5111,MFS11 Raster Industrial R12,139.6421,35.4721,MFS11,INDUSTRIAL,medium
IS5112,MFS11 Raster Industrial R14,139.6379,35.4496,MFS11,INDUSTRIAL,medium
IS5113,MFS11 Raster Industrial R16,139.6046,35.4854,MFS11,INDUSTRIAL,medium
IS5114,MFS11 Raster Industrial R18,139.6387,35.4879,MFS11,INDUSTRIAL,medium
IS5115,MFS11 Raster Industrial R20,139.6213,35.4821,MFS11,INDUSTRIAL,medium
IS5116,MFS11 Raster Industrial R22,139.6362,35.4862,MFS11,INDUSTRIAL,medium
IS5117,MFS11 Raster Industrial R24,139.6129,35.4679,MFS11,INDUSTRIAL,medium
IS5118,MFS11 Raster Industrial R26,139.6213,35.4521,MFS11,INDUSTRIAL,medium
IS5119,MFS11 Raster Industrial R28,139.6037,35.4471,MFS11,INDUSTRIAL,medium
IS5120,MFS11 Raster Industrial R30,139.6362,35.4704,MFS11,INDUSTRIAL,medium
IS5121,MFS11 Raster Industrial R32,139.5996,35.4846,MFS11,INDUSTRIAL,medium
IS5122,MFS11 Raster Industrial R34,139.6121,35.4854,MFS11,INDUSTRIAL,medium
IS5123,MFS11 Raster Industrial R36,139.6337,35.4596,MFS11,INDUSTRIAL,medium
IS5124,MFS11 Raster Industrial R38,139.6262,35.4829,MFS11,INDUSTRIAL,medium
IS5125,MFS11 Raster Industrial R40,139.5996,35.4904,MFS11,INDUSTRIAL,medium
IS5126,MFS11 Raster Industrial R42,139.6404,35.4721,MFS11,INDUSTRIAL,medium
IS5127,MFS11 Raster Industrial R44,139.6379,35.4854,MFS11,INDUSTRIAL,medium
IS5128,MFS11 Raster Industrial R46,139.6171,35.4779,MFS11,INDUSTRIAL,medium
IS5129,MFS11 Raster Industrial R48,139.6346,35.4479,MFS11,INDUSTRIAL,medium
IS5130,MFS11 Raster Industrial R50,139.6221,35.4662,MFS11,INDUSTRIAL,medium
IS5131,MFS11 Raster Industrial R52,139.6179,35.4837,MFS11,INDUSTRIAL,medium
IS5132,MFS11 Raster Industrial R54,139.6138,35.4829,MFS11,INDUSTRIAL,medium
IS5133,MFS11 Raster Industrial R56,139.6271,35.4604,MFS11,INDUSTRIAL,medium
IS5134,MFS11 Raster Industrial R58,139.6312,35.4771,MFS11,INDUSTRIAL,medium
IS5135,MFS11 Raster Industrial R60,139.6229,35.4696,MFS11,INDUSTRIAL,medium
IS5136,MFS11 Raster Industrial R62,139.5954,35.4546,MFS11,INDUSTRIAL,medium
IS5137,MFS11 Raster Industrial R64,139.6179,35.4921,MFS11,INDUSTRIAL,medium
IS5138,MFS11 Raster Industrial R66,139.6463,35.4746,MFS11,INDUSTRIAL,medium
IS5139,MFS11 Raster Industrial R68,139.6179,35.4846,MFS11,INDUSTRIAL,medium
IS5140,MFS11 Raster Industrial R70,139.6246,35.4687,MFS11,INDUSTRIAL,medium
IS5141,MFS11 Raster Industrial R72,139.6387,35.4746,MFS11,INDUSTRIAL,medium
IS5142,MFS11 Raster Industrial R74,139.6337,35.4646,MFS11,INDUSTRIAL,medium
IS5143,MFS11 Raster Industrial R76,139.6104,35.4679,MFS11,INDUSTRIAL,medium
IS5144,MFS11 Raster Industrial R78,139.6429,35.4779,MFS11,INDUSTRIAL,medium
IS5145,MFS11 Raster Industrial R80,139.5987,35.4529,MFS11,INDUSTRIAL,medium
IS5146,MFS11 Raster Industrial R82,139.6213,35.4746,MFS11,INDUSTRIAL,medium
IS5147,MFS11 Raster Industrial R84,139.5987,35.4537,MFS11,INDUSTRIAL,medium
IS5148,MFS11 Raster Industrial R86,139.6129,35.4821,MFS11,INDUSTRIAL,medium
IS5149,MFS11 Raster Industrial R88,139.6021,35.4671,MFS11,INDUSTRIAL,medium
IS5150,MFS11 Raster Industrial R90,139.6246,35.4671,MFS11,INDUSTRIAL,medium
IS5151,MFS11 Raster Industrial R92,139.6262,35.4862,MFS11,INDUSTRIAL,medium
IS5152,MFS11 Raster Industrial R94,139.6071,35.4621,MFS11,INDUSTRIAL,medium
IS5153,MFS11 Raster Industrial R96,139.6138,35.4504,MFS11,INDUSTRIAL,medium
IS5154,MFS11 Raster Industrial R98,139.6446,35.4787,MFS11,INDUSTRIAL,medium
IS5155,MFS11 Raster Industrial R100,139.6113,35.4771,MFS11,INDUSTRIAL,medium
IS5156,MFS11 Raster Industrial R102,139.5987,35.4729,MFS11,INDUSTRIAL,medium
IS5157,MFS11 Raster Industrial R104,139.6362,35.4746,MFS11,INDUSTRIAL,medium
IS5158,MFS11 Raster Industrial R106,139.6362,35.4762,MFS11,INDUSTRIAL,medium
IS5159,MFS11 Raster Industrial R108,139.6171,35.4562,MFS11,INDUSTRIAL,medium
IS5160,MFS11 Raster Industrial R110,139.6004,35.4712,MFS11,INDUSTRIAL,medium
IS5161,MFS11 Raster Industrial R112,139.6113,35.4662,MFS11,INDUSTRIAL,medium
IS5162,MFS12 Raster Industrial R2,139.5938,35.3962,MFS12,INDUSTRIAL,medium
IS5163,MFS12 Raster Industrial R4,139.6271,35.4037,MFS12,INDUSTRIAL,medium
IS5164,MFS12 Raster Industrial R6,139.6371,35.4046,MFS12,INDUSTRIAL,medium
IS5165,MFS12 Raster Industrial R8,139.6229,35.3929,MFS12,INDUSTRIAL,medium
IS5166,MFS12 Raster Industrial R10,139.6346,35.4012,MFS12,INDUSTRIAL,medium
IS5167,MFS12 Raster Industrial R12,139.6071,35.4304,MFS12,INDUSTRIAL,medium
IS5168,MFS12 Raster Industrial R14,139.6171,35.4204,MFS12,INDUSTRIAL,medium
IS5169,MFS12 Raster Industrial R16,139.6163,35.4137,MFS12,INDUSTRIAL,medium
IS5170,MFS12 Raster Industrial R18,139.5987,35.4121,MFS12,INDUSTRIAL,medium
IS5171,MFS12 Raster Industrial R20,139.6088,35.4221,MFS12,INDUSTRIAL,medium
IS5172,MFS12 Raster Industrial R22,139.6379,35.4037,MFS12,INDUSTRIAL,medium
IS5173,MFS12 Raster Industrial R24,139.6079,35.3987,MFS12,INDUSTRIAL,medium
IS5174,MFS12 Raster Industrial R26,139.5962,35.4171,MFS12,INDUSTRIAL,medium
IS5175,MFS12 Raster Industrial R28,139.6471,35.4229,MFS12,INDUSTRIAL,medium
IS5176,MFS12 Raster Industrial R30,139.6163,35.4129,MFS12,INDUSTRIAL,medium
IS5177,MFS12 Raster Industrial R32,139.6046,35.4312,MFS12,INDUSTRIAL,medium
IS5178,MFS12 Raster Industrial R34,139.6021,35.4279,MFS12,INDUSTRIAL,medium
IS5179,MFS12 Raster Industrial R36,139.6296,35.4062,MFS12,INDUSTRIAL,medium
IS5180,MFS12 Raster Industrial R38,139.6371,35.3904,MFS12,INDUSTRIAL,medium
IS5181,MFS12 Raster Industrial R40,139.6312,35.4212,MFS12,INDUSTRIAL,medium
IS5182,MFS12 Raster Industrial R42,139.5996,35.4212,MFS12,INDUSTRIAL,medium
IS5183,MFS12 Raster Industrial R44,139.6438,35.4179,MFS12,INDUSTRIAL,medium
IS5184,MFS12 Raster Industrial R46,139.6121,35.3946,MFS12,INDUSTRIAL,medium
IS5185,MFS12 Raster Industrial R48,139.6287,35.3921,MFS12,INDUSTRIAL,medium
IS5186,MFS12 Raster Industrial R50,139.6096,35.3987,MFS12,INDUSTRIAL,medium
IS5187,MFS12 Raster Industrial R52,139.5987,35.4154,MFS12,INDUSTRIAL,medium
IS5188,MFS12 Raster Industrial R54,139.5987,35.4204,MFS12,INDUSTRIAL,medium
IS5189,MFS12 Raster Industrial R56,139.5962,35.3979,MFS12,INDUSTRIAL,medium
IS5190,MFS12 Raster Industrial R58,139.6054,35.4254,MFS12,INDUSTRIAL,medium
IS5191,MFS12 Raster Industrial R60,139.5929,35.4054,MFS12,INDUSTRIAL,medium
IS5192,MFS12 Raster Industrial R62,139.6037,35.4279,MFS12,INDUSTRIAL,medium
IS5193,MFS12 Raster Industrial R64,139.6054,35.4196,MFS12,INDUSTRIAL,medium
IS5194,MFS12 Raster Industrial R66,139.6196,35.4362,MFS12,INDUSTRIAL,medium
IS5195,MFS12 Raster Industrial R68,139.6296,35.3879,MFS12,INDUSTRIAL,medium
IS5196,MFS12 Raster Industrial R70,139.6396,35.4112,MFS12,INDUSTRIAL,medium
IS5197,MFS12 Raster Industrial R72,139.6113,35.4187,MFS12,INDUSTRIAL,medium
IS5198,MFS12 Raster Industrial R74,139.6163,35.4179,MFS12,INDUSTRIAL,medium
IS5199,MFS12 Raster Industrial R76,139.6204,35.3887,MFS12,INDUSTRIAL,medium
IS5200,MFS12 Raster Industrial R78,139.6146,35.4021,MFS12,INDUSTRIAL,medium
IS5201,MFS12 Raster Industrial R80,139.5987,35.4004,MFS12,INDUSTRIAL,medium
IS5202,MFS12 Raster Industrial R82,139.6421,35.4046,MFS12,INDUSTRIAL,medium
IS5203,MFS12 Raster Industrial R84,139.5938,35.4146,MFS12,INDUSTRIAL,medium
IS5204,MFS12 Raster Industrial R86,139.5929,35.3954,MFS12,INDUSTRIAL,medium
IS5205,MFS12 Raster Industrial R88,139.6254,35.4021,MFS12,INDUSTRIAL,medium
IS5206,MFS12 Raster Industrial R90,139.6029,35.4162,MFS12,INDUSTRIAL,medium
IS5207,MFS12 Raster Industrial R92,139.6438,35.4146,MFS12,INDUSTRIAL,medium
IS5208,MFS12 Raster Industrial R94,139.6321,35.4346,MFS12,INDUSTRIAL,medium
IS5209,MFS12 Raster Industrial R96,139.6321,35.4279,MFS12,INDUSTRIAL,medium
IS5210,MFS12 Raster Industrial R98,139.6046,35.4012,MFS12,INDUSTRIAL,medium
IS5211,MFS12 Raster Industrial R100,139.6337,35.3929,MFS12,INDUSTRIAL,medium
IS5212,MFS12 Raster Industrial R102,139.6046,35.4329,MFS12,INDUSTRIAL,medium
IS5213,MFS12 Raster Industrial R104,139.6046,35.4037,MFS12,INDUSTRIAL,medium
IS5214,MFS12 Raster Industrial R106,139.6071,35.4321,MFS12,INDUSTRIAL,medium
IS5215,MFS12 Raster Industrial R108,139.6096,35.4062,MFS12,INDUSTRIAL,medium
IS5216,MFS12 Raster Industrial R110,139.6121,35.3971,MFS12,INDUSTRIAL,medium
IS5217,MFS12 Raster Industrial R112,139.6438,35.4237,MFS12,INDUSTRIAL,medium
IS5218,MFS12 Raster Industrial R114,139.6287,35.3879,MFS12,INDUSTRIAL,medium
IS5219,MFS12 Raster Industrial R116,139.6138,35.3962,MFS12,INDUSTRIAL,medium
IS5220,MFS12 Raster Industrial R118,139.6096,35.4204,MFS12,INDUSTRIAL,medium
IS5221,MFS12 Raster Industrial R120,139.6021,35.4262,MFS12,INDUSTRIAL,medium
IS5222,MFS12 Raster Industrial R122,139.5979,35.4287,MFS12,INDUSTRIAL,medium
IS5223,MFS12 Raster Industrial R124,139.6213,35.4262,MFS12,INDUSTRIAL,medium
IS5224,MFS12 Raster Industrial R126,139.6362,35.4154,MFS12,INDUSTRIAL,medium
IS5225,MFS12 Raster Industrial R128,139.6438,35.4171,MFS12,INDUSTRIAL,medium
IS5226,MFS12 Raster Industrial R130,139.5962,35.4012,MFS12,INDUSTRIAL,medium
IS5227,MFS12 Raster Industrial R132,139.6321,35.4171,MFS12,INDUSTRIAL,medium
IS5228,MFS12 Raster Industrial R134,139.6121,35.4037,MFS12,INDUSTRIAL,medium
IS5229,MFS12 Raster Industrial R136,139.6037,35.3987,MFS12,INDUSTRIAL,medium
IS5230,MFS12 Raster Industrial R138,139.6012,35.3946,MFS12,INDUSTRIAL,medium
IS5231,MFS12 Raster Industrial R140,139.6346,35.4187,MFS12,INDUSTRIAL,medium
IS5232,MFS12 Raster Industrial R142,139.6429,35.4187,MFS12,INDUSTRIAL,medium
IS5233,MFS12 Raster Industrial R144,139.6138,35.3946,MFS12,INDUSTRIAL,medium
IS5234,MFS13 Raster Industrial R2,139.5904,35.4512,MFS13,INDUSTRIAL,medium
IS5235,MFS13 Raster Industrial R4,139.5771,35.4304,MFS13,INDUSTRIAL,medium
IS5236,MFS13 Raster Industrial R6,139.5504,35.4137,MFS13,INDUSTRIAL,medium
IS5237,MFS13 Raster Industrial R8,139.5396,35.4629,MFS13,INDUSTRIAL,medium
IS5238,MFS13 Raster Industrial R10,139.5529,35.4254,MFS13,INDUSTRIAL,medium
IS5239,MFS13 Raster Industrial R12,139.5613,35.4604,MFS13,INDUSTRIAL,medium
IS5240,MFS13 Raster Industrial R14,139.5588,35.4412,MFS13,INDUSTRIAL,medium
IS5241,MFS13 Raster Industrial R16,139.5296,35.4354,MFS13,INDUSTRIAL,medium
IS5242,MFS13 Raster Industrial R18,139.5337,35.4562,MFS13,INDUSTRIAL,medium
IS5243,MFS13 Raster Industrial R20,139.5754,35.4179,MFS13,INDUSTRIAL,medium
IS5244,MFS13 Raster Industrial R22,139.5362,35.4671,MFS13,INDUSTRIAL,medium
IS5245,MFS13 Raster Industrial R24,139.5721,35.4196,MFS13,INDUSTRIAL,medium
IS5246,MFS13 Raster Industrial R26,139.5721,35.4429,MFS13,INDUSTRIAL,medium
IS5247,MFS13 Raster Industrial R28,139.5588,35.4704,MFS13,INDUSTRIAL,medium
IS5248,MFS13 Raster Industrial R30,139.5271,35.4187,MFS13,INDUSTRIAL,medium
IS5249,MFS13 Raster Industrial R32,139.5362,35.4704,MFS13,INDUSTRIAL,medium
IS5250,MFS13 Raster Industrial R34,139.5904,35.4521,MFS13,INDUSTRIAL,medium
IS5251,MFS13 Raster Industrial R36,139.5288,35.4621,MFS13,INDUSTRIAL,medium
IS5252,MFS13 Raster Industrial R38,139.5637,35.4321,MFS13,INDUSTRIAL,medium
IS5253,MFS13 Raster Industrial R40,139.5629,35.4462,MFS13,INDUSTRIAL,medium
IS5254,MFS13 Raster Industrial R42,139.5279,35.4204,MFS13,INDUSTRIAL,medium
IS5255,MFS13 Raster Industrial R44,139.5637,35.4229,MFS13,INDUSTRIAL,medium
IS5256,MFS13 Raster Industrial R46,139.5454,35.4771,MFS13,INDUSTRIAL,medium
IS5257,MFS13 Raster Industrial R48,139.5421,35.4579,MFS13,INDUSTRIAL,medium
IS5258,MFS13 Raster Industrial R50,139.5513,35.4521,MFS13,INDUSTRIAL,medium
IS5259,MFS13 Raster Industrial R52,139.5579,35.4121,MFS13,INDUSTRIAL,medium
IS5260,MFS13 Raster Industrial R54,139.5471,35.4137,MFS13,INDUSTRIAL,medium
IS5261,MFS13 Raster Industrial R56,139.5279,35.4237,MFS13,INDUSTRIAL,medium
IS5262,MFS13 Raster Industrial R58,139.5821,35.4421,MFS13,INDUSTRIAL,medium
IS5263,MFS13 Raster Industrial R60,139.5696,35.4471,MFS13,INDUSTRIAL,medium
IS5264,MFS13 Raster Industrial R62,139.5696,35.4529,MFS13,INDUSTRIAL,medium
IS5265,MFS13 Raster Industrial R64,139.5829,35.4446,MFS13,INDUSTRIAL,medium
IS5266,MFS13 Raster Industrial R66,139.5437,35.4787,MFS13,INDUSTRIAL,medium
IS5267,MFS13 Raster Industrial R68,139.5288,35.4746,MFS13,INDUSTRIAL,medium
IS5268,MFS13 Raster Industrial R70,139.5821,35.4354,MFS13,INDUSTRIAL,medium
IS5269,MFS13 Raster Industrial R72,139.5538,35.4046,MFS13,INDUSTRIAL,medium
IS5270,MFS13 Raster Industrial R74,139.5813,35.4387,MFS13,INDUSTRIAL,medium
IS5271,MFS13 Raster Industrial R76,139.5762,35.4062,MFS13,INDUSTRIAL,medium
IS5272,MFS13 Raster Industrial R78,139.5488,35.4646,MFS13,INDUSTRIAL,medium
IS5273,MFS13 Raster Industrial R80,139.5471,35.4787,MFS13,INDUSTRIAL,medium
IS5274,MFS13 Raster Industrial R82,139.5463,35.4246,MFS13,INDUSTRIAL,medium
IS5275,MFS13 Raster Industrial R84,139.5329,35.4129,MFS13,INDUSTRIAL,medium
IS5276,MFS13 Raster Industrial R86,139.5779,35.4171,MFS13,INDUSTRIAL,medium
IS5277,MFS13 Raster Industrial R88,139.5613,35.4096,MFS13,INDUSTRIAL,medium
IS5278,MFS13 Raster Industrial R90,139.5729,35.4504,MFS13,INDUSTRIAL,medium
IS5279,MFS13 Raster Industrial R92,139.5121,35.4221,MFS13,INDUSTRIAL,medium
IS5280,MFS13 Raster Industrial R94,139.5421,35.4629,MFS13,INDUSTRIAL,medium
IS5281,MFS13 Raster Industrial R96,139.5471,35.4521,MFS13,INDUSTRIAL,medium
IS5282,MFS13 Raster Industrial R98,139.5288,35.4721,MFS13,INDUSTRIAL,medium
IS5283,MFS13 Raster Industrial R100,139.5312,35.4204,MFS13,INDUSTRIAL,medium
IS5284,MFS13 Raster Industrial R102,139.5387,35.4679,MFS13,INDUSTRIAL,medium
IS5285,MFS13 Raster Industrial R104,139.5846,35.4146,MFS13,INDUSTRIAL,medium
IS5286,MFS13 Raster Industrial R106,139.5604,35.4429,MFS13,INDUSTRIAL,medium
IS5287,MFS13 Raster Industrial R108,139.5629,35.4329,MFS13,INDUSTRIAL,medium
IS5288,MFS13 Raster Industrial R110,139.5771,35.4529,MFS13,INDUSTRIAL,medium
IS5289,MFS13 Raster Industrial R112,139.5346,35.4179,MFS13,INDUSTRIAL,medium
IS5290,MFS13 Raster Industrial R114,139.5646,35.4771,MFS13,INDUSTRIAL,medium
IS5291,MFS13 Raster Industrial R116,139.5387,35.4162,MFS13,INDUSTRIAL,medium
IS5292,MFS13 Raster Industrial R118,139.5737,35.4196,MFS13,INDUSTRIAL,medium
IS5293,MFS13 Raster Industrial R120,139.5296,35.4371,MFS13,INDUSTRIAL,medium
IS5294,MFS13 Raster Industrial R122,139.5762,35.4271,MFS13,INDUSTRIAL,medium
IS5295,MFS13 Raster Industrial R124,139.5829,35.4312,MFS13,INDUSTRIAL,medium
IS5296,MFS13 Raster Industrial R126,139.5188,35.4354,MFS13,INDUSTRIAL,medium
IS5297,MFS13 Raster Industrial R128,139.5621,35.4521,MFS13,INDUSTRIAL,medium
IS5298,MFS13 Raster Industrial R130,139.5687,35.4054,MFS13,INDUSTRIAL,medium
IS5299,MFS13 Raster Industrial R132,139.5196,35.4354,MFS13,INDUSTRIAL,medium
IS5300,MFS13 Raster Industrial R134,139.5296,35.4304,MFS13,INDUSTRIAL,medium
IS5301,MFS13 Raster Industrial R136,139.5304,35.4687,MFS13,INDUSTRIAL,medium
IS5302,MFS13 Raster Industrial R138,139.5229,35.4562,MFS13,INDUSTRIAL,medium
IS5303,MFS13 Raster Industrial R140,139.5271,35.4137,MFS13,INDUSTRIAL,medium
IS5304,MFS13 Raster Industrial R142,139.5746,35.4237,MFS13,INDUSTRIAL,medium
IS5305,MFS13 Raster Industrial R144,139.5446,35.4362,MFS13,INDUSTRIAL,medium
IS5306,MFS13 Raster Industrial R146,139.5654,35.4612,MFS13,INDUSTRIAL,medium
IS5307,MFS13 Raster Industrial R148,139.5771,35.4587,MFS13,INDUSTRIAL,medium
IS5308,MFS13 Raster Industrial R150,139.5529,35.4212,MFS13,INDUSTRIAL,medium
IS5309,MFS13 Raster Industrial R152,139.5563,35.4229,MFS13,INDUSTRIAL,medium
IS5310,MFS13 Raster Industrial R154,139.5371,35.4629,MFS13,INDUSTRIAL,medium
IS5311,MFS13 Raster Industrial R156,139.5188,35.4246,MFS13,INDUSTRIAL,medium
IS5312,MFS13 Raster Industrial R158,139.5871,35.4271,MFS13,INDUSTRIAL,medium
IS5313,MFS13 Raster Industrial R160,139.5454,35.4571,MFS13,INDUSTRIAL,medium
IS5314,MFS13 Raster Industrial R162,139.5488,35.4787,MFS13,INDUSTRIAL,medium
IS5315,MFS13 Raster Industrial R164,139.5746,35.4162,MFS13,INDUSTRIAL,medium
IS5316,MFS13 Raster Industrial R166,139.5737,35.4671,MFS13,INDUSTRIAL,medium
IS5317,MFS13 Raster Industrial R168,139.5488,35.4212,MFS13,INDUSTRIAL,medium
IS5318,MFS13 Raster Industrial R170,139.5854,35.4346,MFS13,INDUSTRIAL,medium
IS5319,MFS13 Raster Industrial R172,139.5679,35.4121,MFS13,INDUSTRIAL,medium
IS5320,MFS13 Raster Industrial R174,139.5213,35.4354,MFS13,INDUSTRIAL,medium
IS5321,MFS13 Raster Industrial R176,139.5654,35.4304,MFS13,INDUSTRIAL,medium
IS5322,MFS13 Raster Industrial R178,139.5254,35.4571,MFS13,INDUSTRIAL,medium
IS5323,MFS13 Raster Industrial R180,139.5404,35.4246,MFS13,INDUSTRIAL,medium
IS5324,MFS13 Raster Industrial R182,139.5904,35.4412,MFS13,INDUSTRIAL,medium
IS5325,MFS13 Raster Industrial R184,139.5846,35.4312,MFS13,INDUSTRIAL,medium
IS5326,MFS13 Raster Industrial R186,139.5488,35.4262,MFS13,INDUSTRIAL,medium
IS5327,MFS13 Raster Industrial R188,139.5788,35.4246,MFS13,INDUSTRIAL,medium
IS5328,MFS14 Raster Industrial R2,139.5788,35.5512,MFS14,INDUSTRIAL,medium
IS5329,MFS14 Raster Industrial R4,139.5696,35.5562,MFS14,INDUSTRIAL,medium
IS5330,MFS14 Raster Industrial R6,139.5987,35.5596,MFS14,INDUSTRIAL,medium
IS5331,MFS14 Raster Industrial R8,139.6146,35.5362,MFS14,INDUSTRIAL,medium
IS5332,MFS14 Raster Industrial R10,139.6104,35.5296,MFS14,INDUSTRIAL,medium
IS5333,MFS14 Raster Industrial R12,139.5746,35.5496,MFS14,INDUSTRIAL,medium
IS5334,MFS14 Raster Industrial R14,139.5538,35.5012,MFS14,INDUSTRIAL,medium
IS5335,MFS14 Raster Industrial R16,139.5504,35.5554,MFS14,INDUSTRIAL,medium
IS5336,MFS14 Raster Industrial R18,139.5604,35.5621,MFS14,INDUSTRIAL,medium
IS5337,MFS14 Raster Industrial R20,139.5838,35.5512,MFS14,INDUSTRIAL,medium
IS5338,MFS14 Raster Industrial R22,139.5979,35.5212,MFS14,INDUSTRIAL,medium
IS5339,MFS14 Raster Industrial R24,139.5996,35.5571,MFS14,INDUSTRIAL,medium
IS5340,MFS14 Raster Industrial R26,139.5979,35.5221,MFS14,INDUSTRIAL,medium
IS5341,MFS14 Raster Industrial R28,139.6163,35.5129,MFS14,INDUSTRIAL,medium
IS5342,MFS14 Raster Industrial R30,139.5871,35.5346,MFS14,INDUSTRIAL,medium
IS5343,MFS14 Raster Industrial R32,139.5904,35.5621,MFS14,INDUSTRIAL,medium
IS5344,MFS14 Raster Industrial R34,139.6004,35.5262,MFS14,INDUSTRIAL,medium
IS5345,MFS14 Raster Industrial R36,139.5479,35.5446,MFS14,INDUSTRIAL,medium
IS5346,MFS14 Raster Industrial R38,139.5846,35.5479,MFS14,INDUSTRIAL,medium
IS5347,MFS14 Raster Industrial R40,139.5513,35.5321,MFS14,INDUSTRIAL,medium
IS5348,MFS14 Raster Industrial R42,139.5671,35.5229,MFS14,INDUSTRIAL,medium
IS5349,MFS14 Raster Industrial R44,139.5929,35.5221,MFS14,INDUSTRIAL,medium
IS5350,MFS14 Raster Industrial R46,139.5788,35.5029,MFS14,INDUSTRIAL,medium
IS5351,MFS14 Raster Industrial R48,139.5571,35.5212,MFS14,INDUSTRIAL,medium
IS5352,MFS14 Raster Industrial R50,139.6104,35.5087,MFS14,INDUSTRIAL,medium
IS5353,MFS14 Raster Industrial R52,139.5804,35.5404,MFS14,INDUSTRIAL,medium
IS5354,MFS14 Raster Industrial R54,139.5821,35.5346,MFS14,INDUSTRIAL,medium
IS5355,MFS14 Raster Industrial R56,139.6079,35.5104,MFS14,INDUSTRIAL,medium
IS5356,MFS14 Raster Industrial R58,139.5879,35.5062,MFS14,INDUSTRIAL,medium
IS5357,MFS14 Raster Industrial R60,139.5596,35.5012,MFS14,INDUSTRIAL,medium
IS5358,MFS14 Raster Industrial R62,139.5737,35.5396,MFS14,INDUSTRIAL,medium
IS5359,MFS14 Raster Industrial R64,139.6029,35.5062,MFS14,INDUSTRIAL,medium
IS5360,MFS14 Raster Industrial R66,139.5712,35.5221,MFS14,INDUSTRIAL,medium
IS5361,MFS14 Raster Industrial R68,139.5796,35.5262,MFS14,INDUSTRIAL,medium
IS5362,MFS14 Raster Industrial R70,139.5538,35.5571,MFS14,INDUSTRIAL,medium
IS5363,MFS14 Raster Industrial R72,139.5888,35.5187,MFS14,INDUSTRIAL,medium
IS5364,MFS14 Raster Industrial R74,139.5771,35.5337,MFS14,INDUSTRIAL,medium
IS5365,MFS14 Raster Industrial R76,139.5746,35.5112,MFS14,INDUSTRIAL,medium
IS5366,MFS14 Raster Industrial R78,139.5846,35.5512,MFS14,INDUSTRIAL,medium
IS5367,MFS14 Raster Industrial R80,139.5896,35.5404,MFS14,INDUSTRIAL,medium
IS5368,MFS14 Raster Industrial R82,139.5687,35.5621,MFS14,INDUSTRIAL,medium
IS5369,MFS14 Raster Industrial R84,139.5821,35.5154,MFS14,INDUSTRIAL,medium
IS5370,MFS14 Raster Industrial R86,139.6104,35.5196,MFS14,INDUSTRIAL,medium
IS5371,MFS14 Raster Industrial R88,139.6054,35.5112,MFS14,INDUSTRIAL,medium
IS5372,MFS14 Raster Industrial R90,139.5737,35.5062,MFS14,INDUSTRIAL,medium
IS5373,MFS14 Raster Industrial R92,139.5771,35.5504,MFS14,INDUSTRIAL,medium
IS5374,MFS14 Raster Industrial R94,139.5579,35.5296,MFS14,INDUSTRIAL,medium
IS5375,MFS14 Raster Industrial R96,139.5446,35.5204,MFS14,INDUSTRIAL,medium
IS5376,MFS14 Raster Industrial R98,139.6037,35.5096,MFS14,INDUSTRIAL,medium
IS5377,MFS14 Raster Industrial R100,139.5446,35.5254,MFS14,INDUSTRIAL,medium
IS5378,MFS14 Raster Industrial R102,139.5604,35.5154,MFS14,INDUSTRIAL,medium
IS5379,MFS14 Raster Industrial R104,139.5929,35.5237,MFS14,INDUSTRIAL,medium
IS5380,MFS14 Raster Industrial R106,139.5779,35.5437,MFS14,INDUSTRIAL,medium
IS5381,MFS14 Raster Industrial R108,139.6163,35.5196,MFS14,INDUSTRIAL,medium
IS5382,MFS14 Raster Industrial R110,139.5563,35.5021,MFS14,INDUSTRIAL,medium
IS5383,MFS14 Raster Industrial R112,139.5504,35.5187,MFS14,INDUSTRIAL,medium
IS5384,MFS14 Raster Industrial R114,139.5746,35.4954,MFS14,INDUSTRIAL,medium
IS5385,MFS14 Raster Industrial R116,139.6129,35.5254,MFS14,INDUSTRIAL,medium
IS5386,MFS14 Raster Industrial R118,139.5446,35.5137,MFS14,INDUSTRIAL,medium
IS5387,MFS14 Raster Industrial R120,139.5846,35.5187,MFS14,INDUSTRIAL,medium
IS5388,MFS14 Raster Industrial R122,139.5521,35.5379,MFS14,INDUSTRIAL,medium
IS5389,MFS14 Raster Industrial R124,139.5604,35.5312,MFS14,INDUSTRIAL,medium
IS5390,MFS14 Raster Industrial R126,139.5729,35.5629,MFS14,INDUSTRIAL,medium
IS5391,MFS14 Raster Industrial R128,139.6079,35.5537,MFS14,INDUSTRIAL,medium
IS5392,MFS14 Raster Industrial R130,139.6071,35.5296,MFS14,INDUSTRIAL,medium
IS5393,MFS14 Raster Industrial R132,139.5737,35.5562,MFS14,INDUSTRIAL,medium
IS5394,MFS14 Raster Industrial R134,139.5721,35.5562,MFS14,INDUSTRIAL,medium
IS5395,MFS14 Raster Industrial R136,139.5646,35.5179,MFS14,INDUSTRIAL,medium
IS5396,MFS14 Raster Industrial R138,139.6037,35.5037,MFS14,INDUSTRIAL,medium
IS5397,MFS14 Raster Industrial R140,139.6088,35.5371,MFS14,INDUSTRIAL,medium
IS5398,MFS14 Raster Industrial R142,139.5821,35.5454,MFS14,INDUSTRIAL,medium
IS5399,MFS14 Raster Industrial R144,139.5554,35.5346,MFS14,INDUSTRIAL,medium
IS5400,MFS14 Raster Industrial R146,139.5646,35.5087,MFS14,INDUSTRIAL,medium
IS5401,MFS14 Raster Industrial R148,139.5921,35.5537,MFS14,INDUSTRIAL,medium
IS5402,MFS14 Raster Industrial R150,139.5754,35.5287,MFS14,INDUSTRIAL,medium
IS5403,MFS14 Raster Industrial R152,139.5604,35.5062,MFS14,INDUSTRIAL,medium
IS5404,MFS14 Raster Industrial R154,139.5804,35.5221,MFS14,INDUSTRIAL,medium
IS5405,MFS14 Raster Industrial R156,139.5546,35.5279,MFS14,INDUSTRIAL,medium
IS5406,MFS14 Raster Industrial R158,139.5613,35.5596,MFS14,INDUSTRIAL,medium
IS5407,MFS14 Raster Industrial R160,139.5888,35.5396,MFS14,INDUSTRIAL,medium
IS5408,MFS14 Raster Industrial R162,139.5662,35.5187,MFS14,INDUSTRIAL,medium
IS5409,MFS14 Raster Industrial R164,139.5546,35.5504,MFS14,INDUSTRIAL,medium
IS5410,MFS14 Raster Industrial R166,139.5538,35.5087,MFS14,INDUSTRIAL,medium
IS5411,MFS14 Raster Industrial R168,139.5721,35.4954,MFS14,INDUSTRIAL,medium
IS5412,MFS14 Raster Industrial R170,139.5437,35.5462,MFS14,INDUSTRIAL,medium
IS5413,MFS14 Raster Industrial R172,139.5779,35.5504,MFS14,INDUSTRIAL,medium
IS5414,MFS14 Raster Industrial R174,139.5538,35.5246,MFS14,INDUSTRIAL,medium
IS5415,MFS14 Raster Industrial R176,139.6163,35.5471,MFS14,INDUSTRIAL,medium
IS5416,MFS14 Raster Industrial R178,139.5637,35.5629,MFS14,INDUSTRIAL,medium
IS5417,MFS15 Raster Industrial R2,139.6496,35.4954,MFS15,INDUSTRIAL,medium
IS5418,MFS15 Raster Industrial R4,139.6379,35.5071,MFS15,INDUSTRIAL,medium
IS5419,MFS15 Raster Industrial R6,139.6413,35.5021,MFS15,INDUSTRIAL,medium
IS5420,MFS15 Raster Industrial R8,139.6713,35.5104,MFS15,INDUSTRIAL,medium
IS5421,MFS15 Raster Industrial R10,139.6738,35.4929,MFS15,INDUSTRIAL,medium
IS5422,MFS15 Raster Industrial R12,139.6654,35.5287,MFS15,INDUSTRIAL,medium
IS5423,MFS15 Raster Industrial R14,139.6562,35.5154,MFS15,INDUSTRIAL,medium
IS5424,MFS15 Raster Industrial R16,139.6621,35.5271,MFS15,INDUSTRIAL,medium
IS5425,MFS15 Raster Industrial R18,139.6546,35.5054,MFS15,INDUSTRIAL,medium
IS5426,MFS15 Raster Industrial R20,139.6396,35.5104,MFS15,INDUSTRIAL,medium
IS5427,MFS15 Raster Industrial R22,139.6404,35.5229,MFS15,INDUSTRIAL,medium
IS5428,MFS15 Raster Industrial R24,139.6587,35.5021,MFS15,INDUSTRIAL,medium
IS5429,MFS15 Raster Industrial R26,139.6804,35.5021,MFS15,INDUSTRIAL,medium
IS5430,MFS15 Raster Industrial R28,139.6646,35.5021,MFS15,INDUSTRIAL,medium
IS5431,MFS15 Raster Industrial R30,139.6496,35.5021,MFS15,INDUSTRIAL,medium
IS5432,MFS15 Raster Industrial R32,139.6438,35.5029,MFS15,INDUSTRIAL,medium
IS5433,MFS15 Raster Industrial R34,139.6463,35.5154,MFS15,INDUSTRIAL,medium
IS5434,MFS15 Raster Industrial R36,139.6463,35.4921,MFS15,INDUSTRIAL,medium
IS5435,MFS15 Raster Industrial R38,139.6596,35.5179,MFS15,INDUSTRIAL,medium
IS5436,MFS15 Raster Industrial R40,139.6596,35.5121,MFS15,INDUSTRIAL,medium
IS5437,MFS15 Raster Industrial R42,139.6754,35.4987,MFS15,INDUSTRIAL,medium
IS5438,MFS15 Raster Industrial R44,139.6796,35.5229,MFS15,INDUSTRIAL,medium
IS5439,MFS15 Raster Industrial R46,139.6538,35.4996,MFS15,INDUSTRIAL,medium
IS5440,MFS15 Raster Industrial R48,139.6546,35.4962,MFS15,INDUSTRIAL,medium
IS5441,MFS15 Raster Industrial R50,139.6738,35.5087,MFS15,INDUSTRIAL,medium
IS5442,MFS15 Raster Industrial R52,139.6612,35.5087,MFS15,INDUSTRIAL,medium
IS5443,MFS15 Raster Industrial R54,139.6371,35.5112,MFS15,INDUSTRIAL,medium
IS5444,MFS15 Raster Industrial R56,139.6504,35.5287,MFS15,INDUSTRIAL,medium
IS5445,MFS15 Raster Industrial R58,139.6454,35.5162,MFS15,INDUSTRIAL,medium
IS5446,MFS15 Raster Industrial R60,139.6421,35.5246,MFS15,INDUSTRIAL,medium
IS5447,MFS15 Raster Industrial R62,139.6587,35.5112,MFS15,INDUSTRIAL,medium
IS5448,MFS15 Raster Industrial R64,139.6521,35.5171,MFS15,INDUSTRIAL,medium
IS5449,MFS15 Raster Industrial R66,139.6546,35.5262,MFS15,INDUSTRIAL,medium
IS5450,MFS15 Raster Industrial R68,139.6804,35.4996,MFS15,INDUSTRIAL,medium
IS5451,MFS15 Raster Industrial R70,139.6546,35.5062,MFS15,INDUSTRIAL,medium
IS5452,MFS15 Raster Industrial R72,139.6413,35.5004,MFS15,INDUSTRIAL,medium
IS5453,MFS15 Raster Industrial R74,139.6729,35.5029,MFS15,INDUSTRIAL,medium
IS5454,MFS15 Raster Industrial R76,139.6571,35.5012,MFS15,INDUSTRIAL,medium
IS5455,MFS15 Raster Industrial R78,139.6596,35.4937,MFS15,INDUSTRIAL,medium
IS5456,MFS15 Raster Industrial R80,139.6679,35.4979,MFS15,INDUSTRIAL,medium
IS5457,MFS15 Raster Industrial R82,139.6621,35.5312,MFS15,INDUSTRIAL,medium
IS5458,MFS15 Raster Industrial R84,139.6404,35.5162,MFS15,INDUSTRIAL,medium
IS5459,MFS15 Raster Industrial R86,139.6654,35.4912,MFS15,INDUSTRIAL,medium
IS5460,MFS15 Raster Industrial R88,139.6421,35.5029,MFS15,INDUSTRIAL,medium
IS5461,MFS15 Raster Industrial R90,139.6513,35.5179,MFS15,INDUSTRIAL,medium
IS5462,MFS15 Raster Industrial R92,139.6538,35.4979,MFS15,INDUSTRIAL,medium
IS5463,MFS15 Raster Industrial R94,139.6471,35.5054,MFS15,INDUSTRIAL,medium
IS5464,MFS15 Raster Industrial R96,139.6696,35.5037,MFS15,INDUSTRIAL,medium
IS5465,MFS15 Raster Industrial R98,139.6521,35.5104,MFS15,INDUSTRIAL,medium
IS5466,MFS15 Raster Industrial R100,139.6821,35.5037,MFS15,INDUSTRIAL,medium
IS5467,MFS15 Raster Industrial R102,139.6687,35.5212,MFS15,INDUSTRIAL,medium
IS5468,MFS15 Raster Industrial R104,139.6796,35.4979,MFS15,INDUSTRIAL,medium
IS5469,MFS15 Raster Industrial R106,139.6604,35.4946,MFS15,INDUSTRIAL,medium
IS5470,MFS15 Raster Industrial R108,139.6629,35.5287,MFS15,INDUSTRIAL,medium
IS5471,MFS15 Raster Industrial R110,139.6829,35.5221,MFS15,INDUSTRIAL,medium
IS5472,MFS15 Raster Industrial R112,139.6679,35.5062,MFS15,INDUSTRIAL,medium
IS5473,MFS15 Raster Industrial R114,139.6454,35.5237,MFS15,INDUSTRIAL,medium
IS5474,MFS15 Raster Industrial R116,139.6579,35.5137,MFS15,INDUSTRIAL,medium
IS5475,MFS15 Raster Industrial R118,139.6604,35.4887,MFS15,INDUSTRIAL,medium
IS5476,MFS15 Raster Industrial R120,139.6571,35.4979,MFS15,INDUSTRIAL,medium
IS5477,MFS15 Raster Industrial R122,139.6763,35.4971,MFS15,INDUSTRIAL,medium
IS5478,MFS15 Raster Industrial R124,139.6604,35.4904,MFS15,INDUSTRIAL,medium
IS5479,MFS15 Raster Industrial R126,139.6704,35.5254,MFS15,INDUSTRIAL,medium
IS5480,MFS15 Raster Industrial R128,139.6529,35.4921,MFS15,INDUSTRIAL,medium
IS5481,MFS15 Raster Industrial R130,139.6479,35.5254,MFS15,INDUSTRIAL,medium
IS5482,MFS15 Raster Industrial R132,139.6404,35.5246,MFS15,INDUSTRIAL,medium
IS5483,MFS15 Raster Industrial R134,139.6813,35.4979,MFS15,INDUSTRIAL,medium
IS5484,MFS16 Raster Industrial R2,139.6896,35.5637,MFS16,INDUSTRIAL,medium
IS5485,MFS16 Raster Industrial R4,139.6937,35.5329,MFS16,INDUSTRIAL,medium
IS5486,MFS16 Raster Industrial R6,139.6729,35.5687,MFS16,INDUSTRIAL,medium
IS5487,MFS16 Raster Industrial R8,139.6937,35.5696,MFS16,INDUSTRIAL,medium
IS5488,MFS16 Raster Industrial R10,139.6763,35.5621,MFS16,INDUSTRIAL,medium
IS5489,MFS16 Raster Industrial R12,139.6887,35.5429,MFS16,INDUSTRIAL,medium
IS5490,MFS16 Raster Industrial R14,139.7129,35.5671,MFS16,INDUSTRIAL,medium
IS5491,MFS16 Raster Industrial R16,139.7071,35.5646,MFS16,INDUSTRIAL,medium
IS5492,MFS16 Raster Industrial R18,139.7138,35.5471,MFS16,INDUSTRIAL,medium
IS5493,MFS16 Raster Industrial R20,139.7096,35.5429,MFS16,INDUSTRIAL,medium
IS5494,MFS16 Raster Industrial R22,139.6796,35.5387,MFS16,INDUSTRIAL,medium
IS5495,MFS16 Raster Industrial R24,139.6871,35.5304,MFS16,INDUSTRIAL,medium
IS5496,MFS16 Raster Industrial R26,139.6813,35.5304,MFS16,INDUSTRIAL,medium
IS5497,MFS16 Raster Industrial R28,139.6863,35.5537,MFS16,INDUSTRIAL,medium
IS5498,MFS16 Raster Industrial R30,139.6813,35.5271,MFS16,INDUSTRIAL,medium
IS5499,MFS16 Raster Industrial R32,139.7163,35.5562,MFS16,INDUSTRIAL,medium
IS5500,MFS16 Raster Industrial R34,139.7171,35.5471,MFS16,INDUSTRIAL,medium
IS5501,MFS16 Raster Industrial R36,139.6996,35.5621,MFS16,INDUSTRIAL,medium
IS5502,MFS16 Raster Industrial R38,139.6846,35.5354,MFS16,INDUSTRIAL,medium
IS5503,MFS16 Raster Industrial R40,139.6721,35.5321,MFS16,INDUSTRIAL,medium
IS5504,MFS16 Raster Industrial R42,139.6713,35.5621,MFS16,INDUSTRIAL,medium
IS5505,MFS16 Raster Industrial R44,139.6654,35.5454,MFS16,INDUSTRIAL,medium
IS5506,MFS16 Raster Industrial R46,139.7129,35.5346,MFS16,INDUSTRIAL,medium
IS5507,MFS16 Raster Industrial R48,139.6829,35.5354,MFS16,INDUSTRIAL,medium
IS5508,MFS16 Raster Industrial R50,139.6763,35.5612,MFS16,INDUSTRIAL,medium
IS5509,MFS16 Raster Industrial R52,139.7138,35.5571,MFS16,INDUSTRIAL,medium
IS5510,MFS16 Raster Industrial R54,139.6821,35.5279,MFS16,INDUSTRIAL,medium
IS5511,MFS16 Raster Industrial R56,139.6879,35.5529,MFS16,INDUSTRIAL,medium
IS5512,MFS16 Raster Industrial R58,139.6829,35.5646,MFS16,INDUSTRIAL,medium
IS5513,MFS16 Raster Industrial R60,139.6804,35.5512,MFS16,INDUSTRIAL,medium
IS5514,MFS16 Raster Industrial R62,139.7071,35.5479,MFS16,INDUSTRIAL,medium
IS5515,MFS16 Raster Industrial R64,139.6754,35.5296,MFS16,INDUSTRIAL,medium
IS5516,MFS16 Raster Industrial R66,139.6821,35.5754,MFS16,INDUSTRIAL,medium
IS5517,MFS16 Raster Industrial R68,139.6912,35.5721,MFS16,INDUSTRIAL,medium
IS5518,MFS17 Raster Industrial R2,139.5813,35.5962,MFS17,INDUSTRIAL,medium
IS5519,MFS17 Raster Industrial R4,139.6096,35.5762,MFS17,INDUSTRIAL,medium
IS5520,MFS17 Raster Industrial R6,139.5888,35.5846,MFS17,INDUSTRIAL,medium
IS5521,MFS17 Raster Industrial R8,139.6171,35.5687,MFS17,INDUSTRIAL,medium
IS5522,MFS17 Raster Industrial R10,139.5679,35.5762,MFS17,INDUSTRIAL,medium
IS5523,MFS17 Raster Industrial R12,139.6104,35.6246,MFS17,INDUSTRIAL,medium
IS5524,MFS17 Raster Industrial R14,139.6021,35.6062,MFS17,INDUSTRIAL,medium
IS5525,MFS17 Raster Industrial R16,139.5821,35.5712,MFS17,INDUSTRIAL,medium
IS5526,MFS17 Raster Industrial R18,139.5821,35.6112,MFS17,INDUSTRIAL,medium
IS5527,MFS17 Raster Industrial R20,139.6262,35.5737,MFS17,INDUSTRIAL,medium
IS5528,MFS17 Raster Industrial R22,139.5946,35.5804,MFS17,INDUSTRIAL,medium
IS5529,MFS17 Raster Industrial R24,139.5888,35.6229,MFS17,INDUSTRIAL,medium
IS5530,MFS17 Raster Industrial R26,139.6146,35.5704,MFS17,INDUSTRIAL,medium
IS5531,MFS17 Raster Industrial R28,139.6004,35.5562,MFS17,INDUSTRIAL,medium
IS5532,MFS17 Raster Industrial R30,139.5829,35.6021,MFS17,INDUSTRIAL,medium
IS5533,MFS17 Raster Industrial R32,139.6321,35.6137,MFS17,INDUSTRIAL,medium
IS5534,MFS17 Raster Industrial R34,139.5754,35.5854,MFS17,INDUSTRIAL,medium
IS5535,MFS17 Raster Industrial R36,139.5687,35.5746,MFS17,INDUSTRIAL,medium
IS5536,MFS17 Raster Industrial R38,139.5929,35.5571,MFS17,INDUSTRIAL,medium
IS5537,MFS17 Raster Industrial R40,139.6046,35.5612,MFS17,INDUSTRIAL,medium
IS5538,MFS17 Raster Industrial R42,139.5804,35.5671,MFS17,INDUSTRIAL,medium
IS5539,MFS17 Raster Industrial R44,139.5854,35.5979,MFS17,INDUSTRIAL,medium
IS5540,MFS17 Raster Industrial R46,139.5821,35.5821,MFS17,INDUSTRIAL,medium
IS5541,MFS17 Raster Industrial R48,139.6304,35.5804,MFS17,INDUSTRIAL,medium
IS5542,MFS17 Raster Industrial R50,139.5962,35.6087,MFS17,INDUSTRIAL,medium
IS5543,MFS17 Raster Industrial R52,139.5779,35.6121,MFS17,INDUSTRIAL,medium
IS5544,MFS17 Raster Industrial R54,139.6121,35.6204,MFS17,INDUSTRIAL,medium
IS5545,MFS17 Raster Industrial R56,139.6029,35.6087,MFS17,INDUSTRIAL,medium
IS5546,MFS17 Raster Industrial R58,139.6004,35.6121,MFS17,INDUSTRIAL,medium
IS5547,MFS17 Raster Industrial R60,139.6104,35.5846,MFS17,INDUSTRIAL,medium
IS5548,MFS17 Raster Industrial R62,139.5938,35.5979,MFS17,INDUSTRIAL,medium
IS5549,MFS17 Raster Industrial R64,139.5904,35.6046,MFS17,INDUSTRIAL,medium
IS5550,MFS17 Raster Industrial R66,139.6104,35.5587,MFS17,INDUSTRIAL,medium
IS5551,MFS17 Raster Industrial R68,139.5929,35.5712,MFS17,INDUSTRIAL,medium
IS5552,MFS17 Raster Industrial R70,139.5696,35.5829,MFS17,INDUSTRIAL,medium
IS5553,MFS17 Raster Industrial R72,139.6171,35.6179,MFS17,INDUSTRIAL,medium
IS5554,MFS17 Raster Industrial R74,139.5913,35.5896,MFS17,INDUSTRIAL,medium
IS5555,MFS17 Raster Industrial R76,139.5729,35.5762,MFS17,INDUSTRIAL,medium
IS5556,MFS17 Raster Industrial R78,139.5888,35.5621,MFS17,INDUSTRIAL,medium
IS5557,MFS17 Raster Industrial R80,139.5946,35.5704,MFS17,INDUSTRIAL,medium
IS5558,MFS17 Raster Industrial R82,139.5813,35.5687,MFS17,INDUSTRIAL,medium
IS5559,MFS17 Raster Industrial R84,139.6262,35.5929,MFS17,INDUSTRIAL,medium
IS5560,MFS17 Raster Industrial R86,139.6196,35.5979,MFS17,INDUSTRIAL,medium
IS5561,MFS17 Raster Industrial R88,139.5971,35.6104,MFS17,INDUSTRIAL,medium
IS5562,MFS17 Raster Industrial R90,139.6104,35.6054,MFS17,INDUSTRIAL,medium
IS5563,MFS17 Raster Industrial R92,139.6079,35.6246,MFS17,INDUSTRIAL,medium
IS5564,MFS17 Raster Industrial R94,139.6254,35.5854,MFS17,INDUSTRIAL,medium
IS5565,MFS17 Raster Industrial R96,139.5946,35.5771,MFS17,INDUSTRIAL,medium
IS5566,MFS17 Raster Industrial R98,139.5854,35.6237,MFS17,INDUSTRIAL,medium
IS5567,MFS17 Raster Industrial R100,139.5721,35.5921,MFS17,INDUSTRIAL,medium
IS5568,MFS17 Raster Industrial R102,139.5788,35.5629,MFS17,INDUSTRIAL,medium
IS5569,MFS17 Raster Industrial R104,139.5954,35.5979,MFS17,INDUSTRIAL,medium
IS5570,MFS17 Raster Industrial R106,139.6004,35.5821,MFS17,INDUSTRIAL,medium
IS5571,MFS17 Raster Industrial R108,139.6346,35.5979,MFS17,INDUSTRIAL,medium
IS5572,MFS17 Raster Industrial R110,139.5754,35.5746,MFS17,INDUSTRIAL,medium
IS5573,MFS17 Raster Industrial R112,139.5821,35.5721,MFS17,INDUSTRIAL,medium
IS5574,MFS17 Raster Industrial R114,139.5888,35.5821,MFS17,INDUSTRIAL,medium
IS5575,MFS17 Raster Industrial R116,139.6287,35.6146,MFS17,INDUSTRIAL,medium
IS5576,MFS17 Raster Industrial R118,139.5838,35.5996,MFS17,INDUSTRIAL,medium
IS5577,MFS17 Raster Industrial R120,139.5871,35.5821,MFS17,INDUSTRIAL,medium
IS5578,MFS17 Raster Industrial R122,139.6096,35.5637,MFS17,INDUSTRIAL,medium
IS5579,MFS17 Raster Industrial R124,139.5671,35.5662,MFS17,INDUSTRIAL,medium
IS5580,MFS17 Raster Industrial R126,139.6054,35.5621,MFS17,INDUSTRIAL,medium
IS5581,MFS17 Raster Industrial R128,139.6021,35.6137,MFS17,INDUSTRIAL,medium
IS5582,MFS17 Raster Industrial R130,139.6321,35.5837,MFS17,INDUSTRIAL,medium
IS5583,MFS17 Raster Industrial R132,139.5987,35.6129,MFS17,INDUSTRIAL,medium
IS5584,MFS17 Raster Industrial R134,139.5762,35.5862,MFS17,INDUSTRIAL,medium
IS5585,MFS17 Raster Industrial R136,139.6012,35.5946,MFS17,INDUSTRIAL,medium
IS5586,MFS17 Raster Industrial R138,139.5821,35.5771,MFS17,INDUSTRIAL,medium
IS5587,MFS17 Raster Industrial R140,139.6096,35.5671,MFS17,INDUSTRIAL,medium
IS5588,MFS17 Raster Industrial R142,139.6071,35.5612,MFS17,INDUSTRIAL,medium
IS5589,MFS17 Raster Industrial R144,139.6204,35.6204,MFS17,INDUSTRIAL,medium
IS5590,MFS18 Raster Industrial R2,139.3671,35.5671,MFS18,INDUSTRIAL,medium
IS5591,MFS18 Raster Industrial R4,139.3512,35.5604,MFS18,INDUSTRIAL,medium
IS5592,MFS18 Raster Industrial R6,139.3462,35.6012,MFS18,INDUSTRIAL,medium
IS5593,MFS18 Raster Industrial R8,139.3821,35.5654,MFS18,INDUSTRIAL,medium
IS5594,MFS18 Raster Industrial R10,139.3504,35.5887,MFS18,INDUSTRIAL,medium
IS5595,MFS18 Raster Industrial R12,139.3613,35.6029,MFS18,INDUSTRIAL,medium
IS5596,MFS18 Raster Industrial R14,139.3846,35.5746,MFS18,INDUSTRIAL,medium
IS5597,MFS18 Raster Industrial R16,139.4204,35.5812,MFS18,INDUSTRIAL,medium
IS5598,MFS18 Raster Industrial R18,139.3279,35.5779,MFS18,INDUSTRIAL,medium
IS5599,MFS18 Raster Industrial R20,139.3546,35.5562,MFS18,INDUSTRIAL,medium
IS5600,MFS18 Raster Industrial R22,139.3162,35.5871,MFS18,INDUSTRIAL,medium
IS5601,MFS18 Raster Industrial R24,139.3638,35.5554,MFS18,INDUSTRIAL,medium
IS5602,MFS18 Raster Industrial R26,139.3504,35.6112,MFS18,INDUSTRIAL,medium
IS5603,MFS18 Raster Industrial R28,139.4129,35.5554,MFS18,INDUSTRIAL,medium
IS5604,MFS18 Raster Industrial R30,139.3679,35.6012,MFS18,INDUSTRIAL,medium
IS5605,MFS18 Raster Industrial R32,139.3321,35.5371,MFS18,INDUSTRIAL,medium
IS5606,MFS18 Raster Industrial R34,139.4112,35.5571,MFS18,INDUSTRIAL,medium
IS5607,MFS18 Raster Industrial R36,139.3787,35.6004,MFS18,INDUSTRIAL,medium
IS5608,MFS18 Raster Industrial R38,139.4171,35.5587,MFS18,INDUSTRIAL,medium
IS5609,MFS18 Raster Industrial R40,139.3996,35.5604,MFS18,INDUSTRIAL,medium
IS5610,MFS18 Raster Industrial R42,139.3621,35.5262,MFS18,INDUSTRIAL,medium
IS5611,MFS18 Raster Industrial R44,139.3663,35.5421,MFS18,INDUSTRIAL,medium
IS5612,MFS18 Raster Industrial R46,139.4087,35.5871,MFS18,INDUSTRIAL,medium
IS5613,MFS18 Raster Industrial R48,139.3396,35.5762,MFS18,INDUSTRIAL,medium
IS5614,MFS18 Raster Industrial R50,139.3404,35.5596,MFS18,INDUSTRIAL,medium
IS5615,MFS18 Raster Industrial R52,139.4137,35.5979,MFS18,INDUSTRIAL,medium
IS5616,MFS18 Raster Industrial R54,139.4137,35.5804,MFS18,INDUSTRIAL,medium
IS5617,MFS18 Raster Industrial R56,139.3571,35.5671,MFS18,INDUSTRIAL,medium
IS5618,MFS18 Raster Industrial R58,139.3479,35.5879,MFS18,INDUSTRIAL,medium
IS5619,MFS18 Raster Industrial R60,139.4204,35.5737,MFS18,INDUSTRIAL,medium
IS5620,MFS18 Raster Industrial R62,139.3521,35.5821,MFS18,INDUSTRIAL,medium
IS5621,MFS18 Raster Industrial R64,139.3579,35.5221,MFS18,INDUSTRIAL,medium
IS5622,MFS18 Raster Industrial R66,139.3871,35.5546,MFS18,INDUSTRIAL,medium
IS5623,MFS18 Raster Industrial R68,139.3487,35.5987,MFS18,INDUSTRIAL,medium
IS5624,MFS18 Raster Industrial R70,139.3512,35.5637,MFS18,INDUSTRIAL,medium
IS5625,MFS18 Raster Industrial R72,139.4121,35.5504,MFS18,INDUSTRIAL,medium
IS5626,MFS18 Raster Industrial R74,139.3379,35.5462,MFS18,INDUSTRIAL,medium
IS5627,MFS18 Raster Industrial R76,139.3429,35.5946,MFS18,INDUSTRIAL,medium
IS5628,MFS18 Raster Industrial R78,139.4079,35.5562,MFS18,INDUSTRIAL,medium
IS5629,MFS18 Raster Industrial R80,139.4013,35.5946,MFS18,INDUSTRIAL,medium
IS5630,MFS18 Raster Industrial R82,139.3896,35.5896,MFS18,INDUSTRIAL,medium
IS5631,MFS18 Raster Industrial R84,139.4213,35.5396,MFS18,INDUSTRIAL,medium
IS5632,MFS18 Raster Industrial R86,139.4171,35.5704,MFS18,INDUSTRIAL,medium
IS5633,MFS18 Raster Industrial R88,139.3946,35.5671,MFS18,INDUSTRIAL,medium
IS5634,MFS18 Raster Industrial R90,139.4013,35.6012,MFS18,INDUSTRIAL,medium
IS5635,MFS18 Raster Industrial R92,139.4104,35.5921,MFS18,INDUSTRIAL,medium
IS5636,MFS18 Raster Industrial R94,139.3229,35.5762,MFS18,INDUSTRIAL,medium
IS5637,MFS18 Raster Industrial R96,139.3663,35.5771,MFS18,INDUSTRIAL,medium
IS5638,MFS18 Raster Industrial R98,139.3438,35.5496,MFS18,INDUSTRIAL,medium
IS5639,MFS18 Raster Industrial R100,139.3329,35.6079,MFS18,INDUSTRIAL,medium
IS5640,MFS19 Raster Industrial R2,139.6721,35.2521,MFS19,INDUSTRIAL,medium
IS5641,MFS19 Raster Industrial R4,139.6671,35.2937,MFS19,INDUSTRIAL,medium
IS5642,MFS19 Raster Industrial R6,139.6254,35.3129,MFS19,INDUSTRIAL,medium
IS5643,MFS19 Raster Industrial R8,139.6646,35.2487,MFS19,INDUSTRIAL,medium
IS5644,MFS19 Raster Industrial R10,139.6662,35.2729,MFS19,INDUSTRIAL,medium
IS5645,MFS19 Raster Industrial R12,139.6646,35.2662,MFS19,INDUSTRIAL,medium
IS5646,MFS19 Raster Industrial R14,139.6629,35.2587,MFS19,INDUSTRIAL,medium
IS5647,MFS19 Raster Industrial R16,139.6479,35.3237,MFS19,INDUSTRIAL,medium
IS5648,MFS19 Raster Industrial R18,139.6821,35.2596,MFS19,INDUSTRIAL,medium
IS5649,MFS19 Raster Industrial R20,139.6362,35.3029,MFS19,INDUSTRIAL,medium
IS5650,MFS19 Raster Industrial R22,139.6421,35.2512,MFS19,INDUSTRIAL,medium
IS5651,MFS19 Raster Industrial R24,139.6771,35.2912,MFS19,INDUSTRIAL,medium
IS5652,MFS19 Raster Industrial R26,139.6113,35.2987,MFS19,INDUSTRIAL,medium
IS5653,MFS19 Raster Industrial R28,139.6163,35.3129,MFS19,INDUSTRIAL,medium
IS5654,MFS19 Raster Industrial R30,139.6729,35.2737,MFS19,INDUSTRIAL,medium
IS5655,MFS19 Raster Industrial R32,139.6629,35.2621,MFS19,INDUSTRIAL,medium
IS5656,MFS19 Raster Industrial R34,139.6421,35.3162,MFS19,INDUSTRIAL,medium
IS5657,MFS19 Raster Industrial R36,139.6763,35.2896,MFS19,INDUSTRIAL,medium
IS5658,MFS19 Raster Industrial R38,139.6687,35.2679,MFS19,INDUSTRIAL,medium
IS5659,MFS19 Raster Industrial R40,139.6429,35.2654,MFS19,INDUSTRIAL,medium
IS5660,MFS19 Raster Industrial R42,139.6096,35.3204,MFS19,INDUSTRIAL,medium
IS5661,MFS19 Raster Industrial R44,139.6788,35.2587,MFS19,INDUSTRIAL,medium
IS5662,MFS19 Raster Industrial R46,139.6871,35.2571,MFS19,INDUSTRIAL,medium
IS5663,MFS19 Raster Industrial R48,139.6937,35.2637,MFS19,INDUSTRIAL,medium
IS5664,MFS19 Raster Industrial R50,139.6438,35.3179,MFS19,INDUSTRIAL,medium
IS5665,MFS19 Raster Industrial R52,139.6521,35.2529,MFS19,INDUSTRIAL,medium
IS5666,MFS19 Raster Industrial R54,139.6321,35.3071,MFS19,INDUSTRIAL,medium
IS5667,MFS19 Raster Industrial R56,139.6379,35.3229,MFS19,INDUSTRIAL,medium
IS5668,MFS19 Raster Industrial R58,139.6813,35.2571,MFS19,INDUSTRIAL,medium
IS5669,MFS19 Raster Industrial R60,139.6612,35.3237,MFS19,INDUSTRIAL,medium
IS5670,MFS19 Raster Industrial R62,139.6371,35.3179,MFS19,INDUSTRIAL,medium
IS5671,MFS19 Raster Industrial R64,139.6804,35.2746,MFS19,INDUSTRIAL,medium
IS5672,MFS19 Raster Industrial R66,139.6621,35.2562,MFS19,INDUSTRIAL,medium
IS5673,MFS19 Raster Industrial R68,139.6521,35.2721,MFS19,INDUSTRIAL,medium
IS5674,MFS19 Raster Industrial R70,139.6796,35.2629,MFS19,INDUSTRIAL,medium
IS5675,MFS19 Raster Industrial R72,139.6788,35.2771,MFS19,INDUSTRIAL,medium
IS5676,MFS19 Raster Industrial R74,139.6788,35.2654,MFS19,INDUSTRIAL,medium
IS5677,MFS19 Raster Industrial R76,139.6821,35.2662,MFS19,INDUSTRIAL,medium
IS5678,MFS19 Raster Industrial R78,139.6054,35.2971,MFS19,INDUSTRIAL,medium
IS5679,MFS19 Raster Industrial R80,139.6379,35.2946,MFS19,INDUSTRIAL,medium
IS5680,MFS19 Raster Industrial R82,139.6096,35.2596,MFS19,INDUSTRIAL,medium
IS5681,MFS19 Raster Industrial R84,139.6188,35.2971,MFS19,INDUSTRIAL,medium
IS5682,MFS19 Raster Industrial R86,139.6621,35.2862,MFS19,INDUSTRIAL,medium
IS5683,MFS19 Raster Industrial R88,139.6738,35.2579,MFS19,INDUSTRIAL,medium
IS5684,MFS19 Raster Industrial R90,139.6596,35.2771,MFS19,INDUSTRIAL,medium
IS5685,MFS19 Raster Industrial R92,139.6329,35.3154,MFS19,INDUSTRIAL,medium
IS5686,MFS19 Raster Industrial R94,139.6129,35.3021,MFS19,INDUSTRIAL,medium
IS5687,MFS19 Raster Industrial R96,139.6529,35.2679,MFS19,INDUSTRIAL,medium
IS5688,MFS19 Raster Industrial R98,139.6346,35.2896,MFS19,INDUSTRIAL,medium
IS5689,MFS19 Raster Industrial R100,139.6771,35.2921,MFS19,INDUSTRIAL,medium
IS5690,MFS20 Raster Industrial R2,139.5796,35.2962,MFS20,INDUSTRIAL,medium
IS5691,MFS20 Raster Industrial R4,139.5521,35.3646,MFS20,INDUSTRIAL,medium
IS5692,MFS20 Raster Industrial R6,139.5737,35.2946,MFS20,INDUSTRIAL,medium
IS5693,MFS20 Raster Industrial R8,139.5754,35.3079,MFS20,INDUSTRIAL,medium
IS5694,MFS20 Raster Industrial R10,139.5888,35.3079,MFS20,INDUSTRIAL,medium
IS5695,MFS20 Raster Industrial R12,139.5337,35.3304,MFS20,INDUSTRIAL,medium
IS5696,MFS20 Raster Industrial R14,139.5312,35.3471,MFS20,INDUSTRIAL,medium
IS5697,MFS20 Raster Industrial R16,139.5054,35.3271,MFS20,INDUSTRIAL,medium
IS5698,MFS20 Raster Industrial R18,139.5571,35.3512,MFS20,INDUSTRIAL,medium
IS5699,MFS20 Raster Industrial R20,139.5304,35.3471,MFS20,INDUSTRIAL,medium
IS5700,MFS20 Raster Industrial R22,139.5071,35.3454,MFS20,INDUSTRIAL,medium
IS5701,MFS20 Raster Industrial R24,139.5579,35.2971,MFS20,INDUSTRIAL,medium
IS5702,MFS20 Raster Industrial R26,139.5054,35.3287,MFS20,INDUSTRIAL,medium
IS5703,MFS20 Raster Industrial R28,139.5929,35.2996,MFS20,INDUSTRIAL,medium
IS5704,MFS20 Raster Industrial R30,139.5238,35.3279,MFS20,INDUSTRIAL,medium
IS5705,MFS20 Raster Industrial R32,139.5754,35.3121,MFS20,INDUSTRIAL,medium
IS5706,MFS20 Raster Industrial R34,139.5337,35.3512,MFS20,INDUSTRIAL,medium
IS5707,MFS20 Raster Industrial R36,139.5129,35.3387,MFS20,INDUSTRIAL,medium
IS5708,MFS20 Raster Industrial R38,139.5821,35.3246,MFS20,INDUSTRIAL,medium
IS5709,MFS20 Raster Industrial R40,139.5513,35.3112,MFS20,INDUSTRIAL,medium
IS5710,MFS20 Raster Industrial R42,139.5104,35.3071,MFS20,INDUSTRIAL,medium
IS5711,MFS20 Raster Industrial R44,139.5604,35.2971,MFS20,INDUSTRIAL,medium
IS5712,MFS20 Raster Industrial R46,139.5404,35.3387,MFS20,INDUSTRIAL,medium
IS5713,MFS20 Raster Industrial R48,139.5746,35.3229,MFS20,INDUSTRIAL,medium
IS5714,MFS20 Raster Industrial R50,139.5213,35.3404,MFS20,INDUSTRIAL,medium
IS5715,MFS20 Raster Industrial R52,139.5404,35.3429,MFS20,INDUSTRIAL,medium
IS5716,MFS20 Raster Industrial R54,139.5621,35.3104,MFS20,INDUSTRIAL,medium
IS5717,MFS20 Raster Industrial R56,139.5146,35.3487,MFS20,INDUSTRIAL,medium
IS5718,MFS20 Raster Industrial R58,139.5546,35.3237,MFS20,INDUSTRIAL,medium
IS5719,MFS20 Raster Industrial R60,139.5271,35.3321,MFS20,INDUSTRIAL,medium
IS5720,MFS20 Raster Industrial R62,139.5546,35.3404,MFS20,INDUSTRIAL,medium
IS5721,MFS20 Raster Industrial R64,139.5554,35.3562,MFS20,INDUSTRIAL,medium
IS5722,MFS20 Raster Industrial R66,139.5538,35.2954,MFS20,INDUSTRIAL,medium
IS5723,MFS20 Raster Industrial R68,139.5788,35.3037,MFS20,INDUSTRIAL,medium
IS5724,MFS20 Raster Industrial R70,139.5596,35.3562,MFS20,INDUSTRIAL,medium
IS5725,MFS20 Raster Industrial R72,139.5213,35.3221,MFS20,INDUSTRIAL,medium
IS5726,MFS20 Raster Industrial R74,139.5221,35.3046,MFS20,INDUSTRIAL,medium
IS5727,MFS20 Raster Industrial R76,139.5137,35.3446,MFS20,INDUSTRIAL,medium
IS5728,MFS20 Raster Industrial R78,139.5546,35.3412,MFS20,INDUSTRIAL,medium
IS5729,MFS20 Raster Industrial R80,139.5571,35.3204,MFS20,INDUSTRIAL,medium
IS5730,MFS20 Raster Industrial R82,139.5938,35.3379,MFS20,INDUSTRIAL,medium
IS5731,MFS20 Raster Industrial R84,139.5654,35.3612,MFS20,INDUSTRIAL,medium
IS5732,MFS20 Raster Industrial R86,139.5596,35.3037,MFS20,INDUSTRIAL,medium
IS5733,MFS20 Raster Industrial R88,139.5779,35.3387,MFS20,INDUSTRIAL,medium
IS5734,MFS20 Raster Industrial R90,139.5129,35.3096,MFS20,INDUSTRIAL,medium
IS5735,MFS20 Raster Industrial R92,139.5288,35.3371,MFS20,INDUSTRIAL,medium
IS5736,MFS20 Raster Industrial R94,139.5196,35.3437,MFS20,INDUSTRIAL,medium
IS5737,MFS20 Raster Industrial R96,139.5921,35.2946,MFS20,INDUSTRIAL,medium
IS5738,MFS20 Raster Industrial R98,139.5662,35.3204,MFS20,INDUSTRIAL,medium
IS5739,MFS20 Raster Industrial R100,139.5213,35.3479,MFS20,INDUSTRIAL,medium
IS5740,MFS21 Raster Industrial R2,139.5163,35.3812,MFS21,INDUSTRIAL,medium
IS5741,MFS21 Raster Industrial R4,139.4663,35.3562,MFS21,INDUSTRIAL,medium
IS5742,MFS21 Raster Industrial R6,139.4421,35.3329,MFS21,INDUSTRIAL,medium
IS5743,MFS21 Raster Industrial R8,139.4471,35.3329,MFS21,INDUSTRIAL,medium
IS5744,MFS21 Raster Industrial R10,139.4596,35.3837,MFS21,INDUSTRIAL,medium
IS5745,MFS21 Raster Industrial R12,139.4804,35.3246,MFS21,INDUSTRIAL,medium
IS5746,MFS21 Raster Industrial R14,139.4296,35.3462,MFS21,INDUSTRIAL,medium
IS5747,MFS21 Raster Industrial R16,139.5179,35.3487,MFS21,INDUSTRIAL,medium
IS5748,MFS21 Raster Industrial R18,139.4379,35.3387,MFS21,INDUSTRIAL,medium
IS5749,MFS21 Raster Industrial R20,139.4996,35.3512,MFS21,INDUSTRIAL,medium
IS5750,MFS21 Raster Industrial R22,139.5271,35.3079,MFS21,INDUSTRIAL,medium
IS5751,MFS21 Raster Industrial R24,139.4313,35.3421,MFS21,INDUSTRIAL,medium
IS5752,MFS21 Raster Industrial R26,139.5121,35.3112,MFS21,INDUSTRIAL,medium
IS5753,MFS21 Raster Industrial R28,139.4896,35.3296,MFS21,INDUSTRIAL,medium
IS5754,MFS21 Raster Industrial R30,139.5246,35.3246,MFS21,INDUSTRIAL,medium
IS5755,MFS21 Raster Industrial R32,139.4704,35.3279,MFS21,INDUSTRIAL,medium
IS5756,MFS21 Raster Industrial R34,139.4387,35.3562,MFS21,INDUSTRIAL,medium
IS5757,MFS21 Raster Industrial R36,139.4313,35.3262,MFS21,INDUSTRIAL,medium
IS5758,MFS21 Raster Industrial R38,139.5304,35.3437,MFS21,INDUSTRIAL,medium
IS5759,MFS21 Raster Industrial R40,139.4879,35.3212,MFS21,INDUSTRIAL,medium
IS5760,MFS21 Raster Industrial R42,139.4629,35.3821,MFS21,INDUSTRIAL,medium
IS5761,MFS21 Raster Industrial R44,139.5238,35.3746,MFS21,INDUSTRIAL,medium
IS5762,MFS21 Raster Industrial R46,139.4762,35.3612,MFS21,INDUSTRIAL,medium
IS5763,MFS21 Raster Industrial R48,139.5279,35.3337,MFS21,INDUSTRIAL,medium
IS5764,MFS21 Raster Industrial R50,139.4996,35.3154,MFS21,INDUSTRIAL,medium
IS5765,MFS21 Raster Industrial R52,139.4721,35.3804,MFS21,INDUSTRIAL,medium
IS5766,MFS21 Raster Industrial R54,139.5054,35.3146,MFS21,INDUSTRIAL,medium
IS5767,MFS21 Raster Industrial R56,139.4854,35.3396,MFS21,INDUSTRIAL,medium
IS5768,MFS21 Raster Industrial R58,139.4437,35.3771,MFS21,INDUSTRIAL,medium
IS5769,MFS21 Raster Industrial R60,139.4721,35.3704,MFS21,INDUSTRIAL,medium
IS5770,MFS21 Raster Industrial R62,139.5054,35.3254,MFS21,INDUSTRIAL,medium
IS5771,MFS21 Raster Industrial R64,139.5213,35.3412,MFS21,INDUSTRIAL,medium
IS5772,MFS21 Raster Industrial R66,139.4521,35.3362,MFS21,INDUSTRIAL,medium
IS5773,MFS21 Raster Industrial R68,139.4321,35.3462,MFS21,INDUSTRIAL,medium
IS5774,MFS21 Raster Industrial R70,139.5271,35.3487,MFS21,INDUSTRIAL,medium
IS5775,MFS21 Raster Industrial R72,139.4429,35.3379,MFS21,INDUSTRIAL,medium
IS5776,MFS21 Raster Industrial R74,139.5179,35.3504,MFS21,INDUSTRIAL,medium
IS5777,MFS21 Raster Industrial R76,139.4579,35.3887,MFS21,INDUSTRIAL,medium
IS5778,MFS21 Raster Industrial R78,139.4787,35.3354,MFS21,INDUSTRIAL,medium
IS5779,MFS21 Raster Industrial R80,139.5271,35.3596,MFS21,INDUSTRIAL,medium
IS5780,MFS21 Raster Industrial R82,139.4354,35.3296,MFS21,INDUSTRIAL,medium
IS5781,MFS21 Raster Industrial R84,139.4754,35.3162,MFS21,INDUSTRIAL,medium
IS5782,MFS21 Raster Industrial R86,139.4421,35.3537,MFS21,INDUSTRIAL,medium
IS5783,MFS21 Raster Industrial R88,139.4996,35.3537,MFS21,INDUSTRIAL,medium
IS5784,MFS21 Raster Industrial R90,139.5337,35.3704,MFS21,INDUSTRIAL,medium
IS5785,MFS21 Raster Industrial R92,139.4963,35.3512,MFS21,INDUSTRIAL,medium
IS5786,MFS21 Raster Industrial R94,139.4829,35.3287,MFS21,INDUSTRIAL,medium
IS5787,MFS21 Raster Industrial R96,139.5121,35.3104,MFS21,INDUSTRIAL,medium
IS5788,MFS21 Raster Industrial R98,139.4571,35.3737,MFS21,INDUSTRIAL,medium
IS5789,MFS21 Raster Industrial R100,139.5046,35.3496,MFS21,INDUSTRIAL,medium
IS5790,MFS22 Raster Industrial R2,139.3646,35.3829,MFS22,INDUSTRIAL,medium
IS5791,MFS22 Raster Industrial R4,139.3496,35.3454,MFS22,INDUSTRIAL,medium
IS5792,MFS22 Raster Industrial R6,139.3804,35.3762,MFS22,INDUSTRIAL,medium
IS5793,MFS22 Raster Industrial R8,139.3329,35.3187,MFS22,INDUSTRIAL,medium
IS5794,MFS22 Raster Industrial R10,139.3221,35.3754,MFS22,INDUSTRIAL,medium
IS5795,MFS22 Raster Industrial R12,139.3313,35.3404,MFS22,INDUSTRIAL,medium
IS5796,MFS22 Raster Industrial R14,139.3271,35.3329,MFS22,INDUSTRIAL,medium
IS5797,MFS22 Raster Industrial R16,139.3646,35.3154,MFS22,INDUSTRIAL,medium
IS5798,MFS22 Raster Industrial R18,139.3529,35.3304,MFS22,INDUSTRIAL,medium
IS5799,MFS22 Raster Industrial R20,139.3371,35.3487,MFS22,INDUSTRIAL,medium
IS5800,MFS22 Raster Industrial R22,139.2996,35.3637,MFS22,INDUSTRIAL,medium
IS5801,MFS22 Raster Industrial R24,139.2788,35.3137,MFS22,INDUSTRIAL,medium
IS5802,MFS22 Raster Industrial R26,139.3654,35.3396,MFS22,INDUSTRIAL,medium
IS5803,MFS22 Raster Industrial R28,139.3521,35.3762,MFS22,INDUSTRIAL,medium
IS5804,MFS22 Raster Industrial R30,139.3179,35.3571,MFS22,INDUSTRIAL,medium
IS5805,MFS22 Raster Industrial R32,139.2837,35.3654,MFS22,INDUSTRIAL,medium
IS5806,MFS22 Raster Industrial R34,139.3137,35.3812,MFS22,INDUSTRIAL,medium
IS5807,MFS22 Raster Industrial R36,139.3629,35.3429,MFS22,INDUSTRIAL,medium
IS5808,MFS22 Raster Industrial R38,139.3254,35.3262,MFS22,INDUSTRIAL,medium
IS5809,MFS22 Raster Industrial R40,139.3629,35.3554,MFS22,INDUSTRIAL,medium
IS5810,MFS22 Raster Industrial R42,139.3771,35.3537,MFS22,INDUSTRIAL,medium
IS5811,MFS22 Raster Industrial R44,139.3479,35.3221,MFS22,INDUSTRIAL,medium
IS5812,MFS22 Raster Industrial R46,139.3921,35.3346,MFS22,INDUSTRIAL,medium
IS5813,MFS22 Raster Industrial R48,139.3771,35.3237,MFS22,INDUSTRIAL,medium
IS5814,MFS22 Raster Industrial R50,139.2946,35.3396,MFS22,INDUSTRIAL,medium
IS5815,MFS22 Raster Industrial R52,139.3388,35.3371,MFS22,INDUSTRIAL,medium
IS5816,MFS22 Raster Industrial R54,139.3212,35.3579,MFS22,INDUSTRIAL,medium
IS5817,MFS22 Raster Industrial R56,139.3262,35.3196,MFS22,INDUSTRIAL,medium
IS5818,MFS22 Raster Industrial R58,139.3462,35.3596,MFS22,INDUSTRIAL,medium
IS5819,MFS22 Raster Industrial R60,139.3821,35.3479,MFS22,INDUSTRIAL,medium
IS5820,MFS22 Raster Industrial R62,139.3038,35.3587,MFS22,INDUSTRIAL,medium
IS5821,MFS22 Raster Industrial R64,139.2804,35.3162,MFS22,INDUSTRIAL,medium
IS5822,MFS22 Raster Industrial R66,139.3771,35.3446,MFS22,INDUSTRIAL,medium
IS5823,MFS22 Raster Industrial R68,139.2854,35.3104,MFS22,INDUSTRIAL,medium
IS5824,MFS22 Raster Industrial R70,139.3046,35.3812,MFS22,INDUSTRIAL,medium
IS5825,MFS22 Raster Industrial R72,139.3288,35.3254,MFS22,INDUSTRIAL,medium
IS5826,MFS22 Raster Industrial R74,139.3029,35.3471,MFS22,INDUSTRIAL,medium
IS5827,MFS22 Raster Industrial R76,139.3663,35.3587,MFS22,INDUSTRIAL,medium
IS5828,MFS22 Raster Industrial R78,139.3579,35.3671,MFS22,INDUSTRIAL,medium
IS5829,MFS22 Raster Industrial R80,139.3271,35.3404,MFS22,INDUSTRIAL,medium
IS5830,MFS22 Raster Industrial R82,139.2804,35.3729,MFS22,INDUSTRIAL,medium
IS5831,MFS22 Raster Industrial R84,139.3388,35.3879,MFS22,INDUSTRIAL,medium
IS5832,MFS22 Raster Industrial R86,139.3629,35.3362,MFS22,INDUSTRIAL,medium
IS5833,MFS22 Raster Industrial R88,139.3162,35.3362,MFS22,INDUSTRIAL,medium
IS5834,MFS22 Raster Industrial R90,139.3279,35.3512,MFS22,INDUSTRIAL,medium
IS5835,MFS22 Raster Industrial R92,139.3679,35.3771,MFS22,INDUSTRIAL,medium
IS5836,MFS22 Raster Industrial R94,139.3354,35.3446,MFS22,INDUSTRIAL,medium
IS5837,MFS22 Raster Industrial R96,139.3446,35.3462,MFS22,INDUSTRIAL,medium
IS5838,MFS22 Raster Industrial R98,139.2704,35.3037,MFS22,INDUSTRIAL,medium
IS5839,MFS22 Raster Industrial R100,139.3454,35.3687,MFS22,INDUSTRIAL,medium
IS5840,MFS23 Raster Industrial R2,139.1387,35.2862,MFS23,INDUSTRIAL,medium
IS5841,MFS23 Raster Industrial R4,139.1771,35.3046,MFS23,INDUSTRIAL,medium
IS5842,MFS23 Raster Industrial R6,139.1562,35.2829,MFS23,INDUSTRIAL,medium
IS5843,MFS23 Raster Industrial R8,139.1971,35.2996,MFS23,INDUSTRIAL,medium
IS5844,MFS23 Raster Industrial R10,139.1488,35.2779,MFS23,INDUSTRIAL,medium
IS5845,MFS23 Raster Industrial R12,139.1213,35.3104,MFS23,INDUSTRIAL,medium
IS5846,MFS23 Raster Industrial R14,139.1079,35.3129,MFS23,INDUSTRIAL,medium
IS5847,MFS23 Raster Industrial R16,139.2262,35.2837,MFS23,INDUSTRIAL,medium
IS5848,MFS23 Raster Industrial R18,139.1304,35.3029,MFS23,INDUSTRIAL,medium
IS5849,MFS23 Raster Industrial R20,139.2329,35.2929,MFS23,INDUSTRIAL,medium
IS5850,MFS23 Raster Industrial R22,139.1863,35.2729,MFS23,INDUSTRIAL,medium
IS5851,MFS23 Raster Industrial R24,139.2004,35.2754,MFS23,INDUSTRIAL,medium
IS5852,MFS23 Raster Industrial R26,139.1746,35.2712,MFS23,INDUSTRIAL,medium
IS5853,MFS23 Raster Industrial R28,139.1387,35.3112,MFS23,INDUSTRIAL,medium
IS5854,MFS23 Raster Industrial R30,139.1937,35.3012,MFS23,INDUSTRIAL,medium
IS5855,MFS23 Raster Industrial R32,139.1421,35.3129,MFS23,INDUSTRIAL,medium
IS5856,MFS23 Raster Industrial R34,139.1296,35.3104,MFS23,INDUSTRIAL,medium
IS5857,MFS23 Raster Industrial R36,139.1454,35.2921,MFS23,INDUSTRIAL,medium
IS5858,MFS23 Raster Industrial R38,139.1271,35.3154,MFS23,INDUSTRIAL,medium
IS5859,MFS23 Raster Industrial R40,139.2138,35.2804,MFS23,INDUSTRIAL,medium
IS5860,MFS23 Raster Industrial R42,139.1446,35.2854,MFS23,INDUSTRIAL,medium
IS5861,MFS23 Raster Industrial R44,139.2204,35.3171,MFS23,INDUSTRIAL,medium
IS5862,MFS23 Raster Industrial R46,139.1438,35.2512,MFS23,INDUSTRIAL,medium
IS5863,MFS23 Raster Industrial R48,139.1179,35.2771,MFS23,INDUSTRIAL,medium
IS5864,MFS23 Raster Industrial R50,139.2146,35.3221,MFS23,INDUSTRIAL,medium
IS5865,MFS23 Raster Industrial R52,139.1587,35.2737,MFS23,INDUSTRIAL,medium
IS5866,MFS23 Raster Industrial R54,139.2312,35.2937,MFS23,INDUSTRIAL,medium
IS5867,MFS23 Raster Industrial R56,139.2363,35.2987,MFS23,INDUSTRIAL,medium
IS5868,MFS23 Raster Industrial R58,139.1413,35.2846,MFS23,INDUSTRIAL,medium
IS5869,MFS23 Raster Industrial R60,139.1254,35.2471,MFS23,INDUSTRIAL,medium
IS5870,MFS23 Raster Industrial R62,139.1262,35.3179,MFS23,INDUSTRIAL,medium
IS5871,MFS23 Raster Industrial R64,139.1604,35.2954,MFS23,INDUSTRIAL,medium
IS5872,MFS23 Raster Industrial R66,139.1271,35.2437,MFS23,INDUSTRIAL,medium
IS5873,MFS23 Raster Industrial R68,139.1071,35.3246,MFS23,INDUSTRIAL,medium
IS5874,MFS23 Raster Industrial R70,139.1729,35.2746,MFS23,INDUSTRIAL,medium
IS5875,MFS23 Raster Industrial R72,139.1354,35.3196,MFS23,INDUSTRIAL,medium
IS5876,MFS23 Raster Industrial R74,139.1654,35.3204,MFS23,INDUSTRIAL,medium
IS5877,MFS23 Raster Industrial R76,139.1146,35.3129,MFS23,INDUSTRIAL,medium
IS5878,MFS23 Raster Industrial R78,139.1629,35.2646,MFS23,INDUSTRIAL,medium
IS5879,MFS23 Raster Industrial R80,139.1379,35.3087,MFS23,INDUSTRIAL,medium
IS5880,MFS23 Raster Industrial R82,139.1396,35.2704,MFS23,INDUSTRIAL,medium
IS5881,MFS23 Raster Industrial R84,139.1813,35.2971,MFS23,INDUSTRIAL,medium
IS5882,MFS23 Raster Industrial R86,139.1896,35.3037,MFS23,INDUSTRIAL,medium
IS5883,MFS23 Raster Industrial R88,139.1679,35.2729,MFS23,INDUSTRIAL,medium
IS5884,MFS23 Raster Industrial R90,139.1171,35.2771,MFS23,INDUSTRIAL,medium
IS5885,MFS23 Raster Industrial R92,139.1896,35.2737,MFS23,INDUSTRIAL,medium
IS5886,MFS23 Raster Industrial R94,139.1071,35.3271,MFS23,INDUSTRIAL,medium
IS5887,MFS23 Raster Industrial R96,139.1379,35.3162,MFS23,INDUSTRIAL,medium
IS5888,MFS23 Raster Industrial R98,139.1571,35.2537,MFS23,INDUSTRIAL,medium
IS5889,MFS23 Raster Industrial R100,139.1471,35.2679,MFS23,INDUSTRIAL,medium
IS5890,MFS24 Raster Industrial R2,139.1529,35.2762,MFS24,INDUSTRIAL,medium
IS5891,MFS24 Raster Industrial R4,139.1571,35.2721,MFS24,INDUSTRIAL,medium
IS5892,MFS24 Raster Industrial R6,139.1296,35.2921,MFS24,INDUSTRIAL,medium
IS5893,MFS24 Raster Industrial R8,139.1304,35.3221,MFS24,INDUSTRIAL,medium
IS5894,MFS24 Raster Industrial R10,139.1521,35.3487,MFS24,INDUSTRIAL,medium
IS5895,MFS24 Raster Industrial R12,139.1488,35.2962,MFS24,INDUSTRIAL,medium
IS5896,MFS24 Raster Industrial R14,139.1088,35.3171,MFS24,INDUSTRIAL,medium
IS5897,MFS24 Raster Industrial R16,139.1154,35.3287,MFS24,INDUSTRIAL,medium
IS5898,MFS24 Raster Industrial R18,139.1037,35.3237,MFS24,INDUSTRIAL,medium
IS5899,MFS24 Raster Industrial R20,139.1562,35.2654,MFS24,INDUSTRIAL,medium
IS5900,MFS24 Raster Industrial R22,139.1379,35.3412,MFS24,INDUSTRIAL,medium
IS5901,MFS24 Raster Industrial R24,139.1296,35.3312,MFS24,INDUSTRIAL,medium
IS5902,MFS24 Raster Industrial R26,139.1612,35.2962,MFS24,INDUSTRIAL,medium
IS5903,MFS24 Raster Industrial R28,139.1262,35.3512,MFS24,INDUSTRIAL,medium
IS5904,MFS24 Raster Industrial R30,139.1037,35.3562,MFS24,INDUSTRIAL,medium
IS5905,MFS24 Raster Industrial R32,139.1538,35.3337,MFS24,INDUSTRIAL,medium
IS5906,MFS24 Raster Industrial R34,139.1696,35.3037,MFS24,INDUSTRIAL,medium
IS5907,MFS24 Raster Industrial R36,139.1404,35.3021,MFS24,INDUSTRIAL,medium
IS5908,MFS24 Raster Industrial R38,139.0871,35.3604,MFS24,INDUSTRIAL,medium
IS5909,MFS24 Raster Industrial R40,139.0746,35.3679,MFS24,INDUSTRIAL,medium
IS5910,MFS24 Raster Industrial R42,139.1587,35.3196,MFS24,INDUSTRIAL,medium
IS5911,MFS24 Raster Industrial R44,139.1221,35.3362,MFS24,INDUSTRIAL,medium
IS5912,MFS24 Raster Industrial R46,139.1671,35.3012,MFS24,INDUSTRIAL,medium
IS5913,MFS24 Raster Industrial R48,139.1713,35.3037,MFS24,INDUSTRIAL,medium
IS5914,MFS24 Raster Industrial R50,139.0712,35.3529,MFS24,INDUSTRIAL,medium
IS5915,MFS24 Raster Industrial R52,139.1146,35.2579,MFS24,INDUSTRIAL,medium
IS5916,MFS24 Raster Industrial R54,139.1221,35.2787,MFS24,INDUSTRIAL,medium
IS5917,MFS24 Raster Industrial R56,139.1188,35.3254,MFS24,INDUSTRIAL,medium
IS5918,MFS24 Raster Industrial R58,139.0921,35.3662,MFS24,INDUSTRIAL,medium
IS5919,MFS24 Raster Industrial R60,139.1213,35.3112,MFS24,INDUSTRIAL,medium
IS5920,MFS24 Raster Industrial R62,139.1321,35.2929,MFS24,INDUSTRIAL,medium
IS5921,MFS24 Raster Industrial R64,139.1304,35.3346,MFS24,INDUSTRIAL,medium
IS5922,MFS24 Raster Industrial R66,139.1496,35.2737,MFS24,INDUSTRIAL,medium
IS5923,MFS24 Raster Industrial R68,139.1163,35.3154,MFS24,INDUSTRIAL,medium
IS5924,MFS24 Raster Industrial R70,139.1571,35.3079,MFS24,INDUSTRIAL,medium
IS5925,MFS24 Raster Industrial R72,139.1413,35.3462,MFS24,INDUSTRIAL,medium
IS5926,MFS24 Raster Industrial R74,139.1629,35.3404,MFS24,INDUSTRIAL,medium
IS5927,MFS24 Raster Industrial R76,139.1587,35.3171,MFS24,INDUSTRIAL,medium
IS5928,MFS24 Raster Industrial R78,139.0962,35.3229,MFS24,INDUSTRIAL,medium
IS5929,MFS24 Raster Industrial R80,139.1396,35.3254,MFS24,INDUSTRIAL,medium
IS5930,MFS24 Raster Industrial R82,139.1104,35.3229,MFS24,INDUSTRIAL,medium
IS5931,MFS24 Raster Industrial R84,139.1088,35.3312,MFS24,INDUSTRIAL,medium
IS5932,MFS24 Raster Industrial R86,139.1238,35.3087,MFS24,INDUSTRIAL,medium
IS5933,MFS24 Raster Industrial R88,139.1713,35.3054,MFS24,INDUSTRIAL,medium
IS5934,MFS24 Raster Industrial R90,139.1012,35.3546,MFS24,INDUSTRIAL,medium
IS5935,MFS24 Raster Industrial R92,139.1637,35.2704,MFS24,INDUSTRIAL,medium
IS5936,MFS24 Raster Industrial R94,139.1513,35.2771,MFS24,INDUSTRIAL,medium
IS5937,MFS24 Raster Industrial R96,139.1179,35.3371,MFS24,INDUSTRIAL,medium
IS5938,MFS24 Raster Industrial R98,139.1296,35.3154,MFS24,INDUSTRIAL,medium
IS5939,MFS24 Raster Industrial R100,139.1396,35.3112,MFS24,INDUSTRIAL,medium
IS5940,MFS25 Raster Industrial R2,139.3946,35.4454,MFS25,INDUSTRIAL,medium
IS5941,MFS25 Raster Industrial R4,139.3296,35.4237,MFS25,INDUSTRIAL,medium
IS5942,MFS25 Raster Industrial R6,139.2929,35.4812,MFS25,INDUSTRIAL,medium
IS5943,MFS25 Raster Industrial R8,139.3963,35.4171,MFS25,INDUSTRIAL,medium
IS5944,MFS25 Raster Industrial R10,139.3613,35.4671,MFS25,INDUSTRIAL,medium
IS5945,MFS25 Raster Industrial R12,139.3721,35.4829,MFS25,INDUSTRIAL,medium
IS5946,MFS25 Raster Industrial R14,139.3588,35.4696,MFS25,INDUSTRIAL,medium
IS5947,MFS25 Raster Industrial R16,139.3663,35.4962,MFS25,INDUSTRIAL,medium
IS5948,MFS25 Raster Industrial R18,139.3038,35.4029,MFS25,INDUSTRIAL,medium
IS5949,MFS25 Raster Industrial R20,139.3487,35.4662,MFS25,INDUSTRIAL,medium
IS5950,MFS25 Raster Industrial R22,139.3562,35.4579,MFS25,INDUSTRIAL,medium
IS5951,MFS25 Raster Industrial R24,139.3221,35.4221,MFS25,INDUSTRIAL,medium
IS5952,MFS25 Raster Industrial R26,139.3113,35.4712,MFS25,INDUSTRIAL,medium
IS5953,MFS25 Raster Industrial R28,139.3479,35.4971,MFS25,INDUSTRIAL,medium
IS5954,MFS25 Raster Industrial R30,139.3413,35.5037,MFS25,INDUSTRIAL,medium
IS5955,MFS25 Raster Industrial R32,139.3262,35.4612,MFS25,INDUSTRIAL,medium
IS5956,MFS25 Raster Industrial R34,139.3679,35.4662,MFS25,INDUSTRIAL,medium
IS5957,MFS25 Raster Industrial R36,139.3787,35.3904,MFS25,INDUSTRIAL,medium
IS5958,MFS25 Raster Industrial R38,139.3579,35.4271,MFS25,INDUSTRIAL,medium
IS5959,MFS25 Raster Industrial R40,139.3429,35.4487,MFS25,INDUSTRIAL,medium
IS5960,MFS25 Raster Industrial R42,139.3879,35.4012,MFS25,INDUSTRIAL,medium
IS5961,MFS25 Raster Industrial R44,139.3571,35.4954,MFS25,INDUSTRIAL,medium
IS5962,MFS25 Raster Industrial R46,139.3613,35.5029,MFS25,INDUSTRIAL,medium
IS5963,MFS25 Raster Industrial R48,139.3196,35.4137,MFS25,INDUSTRIAL,medium
IS5964,MFS25 Raster Industrial R50,139.3237,35.4421,MFS25,INDUSTRIAL,medium
IS5965,MFS25 Raster Industrial R52,139.3554,35.4046,MFS25,INDUSTRIAL,medium
IS5966,MFS25 Raster Industrial R54,139.3829,35.3979,MFS25,INDUSTRIAL,medium
IS5967,MFS25 Raster Industrial R56,139.3887,35.4679,MFS25,INDUSTRIAL,medium
IS5968,MFS25 Raster Industrial R58,139.3496,35.3762,MFS25,INDUSTRIAL,medium
IS5969,MFS25 Raster Industrial R60,139.3121,35.3721,MFS25,INDUSTRIAL,medium
IS5970,MFS25 Raster Industrial R62,139.3879,35.4771,MFS25,INDUSTRIAL,medium
IS5971,MFS25 Raster Industrial R64,139.4004,35.4437,MFS25,INDUSTRIAL,medium
IS5972,MFS25 Raster Industrial R66,139.3121,35.4087,MFS25,INDUSTRIAL,medium
IS5973,MFS25 Raster Industrial R68,139.3971,35.4796,MFS25,INDUSTRIAL,medium
IS5974,MFS25 Raster Industrial R70,139.3846,35.4779,MFS25,INDUSTRIAL,medium
IS5975,MFS25 Raster Industrial R72,139.3304,35.4546,MFS25,INDUSTRIAL,medium
IS5976,MFS25 Raster Industrial R74,139.3596,35.4071,MFS25,INDUSTRIAL,medium
IS5977,MFS25 Raster Industrial R76,139.3237,35.4137,MFS25,INDUSTRIAL,medium
IS5978,MFS25 Raster Industrial R78,139.3462,35.4937,MFS25,INDUSTRIAL,medium
IS5979,MFS25 Raster Industrial R80,139.3462,35.4687,MFS25,INDUSTRIAL,medium
IS5980,MFS25 Raster Industrial R82,139.3679,35.4254,MFS25,INDUSTRIAL,medium
IS5981,MFS25 Raster Industrial R84,139.3796,35.3912,MFS25,INDUSTRIAL,medium
IS5982,MFS25 Raster Industrial R86,139.3954,35.4029,MFS25,INDUSTRIAL,medium
IS5983,MFS25 Raster Industrial R88,139.3079,35.4454,MFS25,INDUSTRIAL,medium
IS5984,MFS25 Raster Industrial R90,139.3762,35.4612,MFS25,INDUSTRIAL,medium
IS5985,MFS25 Raster Industrial R92,139.3696,35.3921,MFS25,INDUSTRIAL,medium
IS5986,MFS25 Raster Industrial R94,139.3537,35.4829,MFS25,INDUSTRIAL,medium
IS5987,MFS25 Raster Industrial R96,139.3079,35.5079,MFS25,INDUSTRIAL,medium
IS5988,MFS25 Raster Industrial R98,139.3479,35.3862,MFS25,INDUSTRIAL,medium
IS5989,MFS25 Raster Industrial R100,139.3896,35.4762,MFS25,INDUSTRIAL,medium
IS5990,MFS26 Raster Industrial R2,139.4988,35.4979,MFS26,INDUSTRIAL,medium
IS5991,MFS26 Raster Industrial R4,139.4229,35.5154,MFS26,INDUSTRIAL,medium
IS5992,MFS26 Raster Industrial R6,139.4554,35.4537,MFS26,INDUSTRIAL,medium
IS5993,MFS26 Raster Industrial R8,139.4821,35.5046,MFS26,INDUSTRIAL,medium
IS5994,MFS26 Raster Industrial R10,139.4971,35.5046,MFS26,INDUSTRIAL,medium
IS5995,MFS26 Raster Industrial R12,139.4671,35.5021,MFS26,INDUSTRIAL,medium
IS5996,MFS26 Raster Industrial R14,139.4162,35.5129,MFS26,INDUSTRIAL,medium
IS5997,MFS26 Raster Industrial R16,139.4979,35.4487,MFS26,INDUSTRIAL,medium
IS5998,MFS26 Raster Industrial R18,139.4329,35.4629,MFS26,INDUSTRIAL,medium
IS5999,MFS26 Raster Industrial R20,139.4896,35.4604,MFS26,INDUSTRIAL,medium
IS6000,MFS26 Raster Industrial R22,139.4829,35.5179,MFS26,INDUSTRIAL,medium
IS6001,MFS26 Raster Industrial R24,139.4371,35.4346,MFS26,INDUSTRIAL,medium
IS6002,MFS26 Raster Industrial R26,139.4812,35.4804,MFS26,INDUSTRIAL,medium
IS6003,MFS26 Raster Industrial R28,139.4121,35.4871,MFS26,INDUSTRIAL,medium
IS6004,MFS28 Raster Industrial R2,139.6946,35.8112,MFS28,INDUSTRIAL,medium
IS6005,MFS28 Raster Industrial R4,139.7138,35.8162,MFS28,INDUSTRIAL,medium
IS6006,MFS28 Raster Industrial R6,139.6946,35.8079,MFS28,INDUSTRIAL,medium
IS6007,MFS28 Raster Industrial R8,139.7429,35.8196,MFS28,INDUSTRIAL,medium
IS6008,MFS28 Raster Industrial R10,139.7229,35.8112,MFS28,INDUSTRIAL,medium
IS6009,MFS28 Raster Industrial R12,139.6971,35.8296,MFS28,INDUSTRIAL,medium
IS6010,MFS28 Raster Industrial R14,139.6971,35.8154,MFS28,INDUSTRIAL,medium
IS6011,MFS28 Raster Industrial R16,139.6887,35.8196,MFS28,INDUSTRIAL,medium
IS6012,MFS28 Raster Industrial R18,139.7021,35.8404,MFS28,INDUSTRIAL,medium
IS6013,MFS28 Raster Industrial R20,139.7104,35.8137,MFS28,INDUSTRIAL,medium
IS6014,MFS28 Raster Industrial R22,139.7246,35.8562,MFS28,INDUSTRIAL,medium
IS6015,MFS28 Raster Industrial R24,139.7338,35.8104,MFS28,INDUSTRIAL,medium
IS6016,MFS28 Raster Industrial R26,139.7479,35.8337,MFS28,INDUSTRIAL,medium
IS6017,MFS28 Raster Industrial R28,139.7463,35.8354,MFS28,INDUSTRIAL,medium
IS6018,MFS28 Raster Industrial R30,139.7129,35.8104,MFS28,INDUSTRIAL,medium
IS6019,MFS28 Raster Industrial R32,139.7304,35.8579,MFS28,INDUSTRIAL,medium
IS6020,MFS28 Raster Industrial R34,139.7113,35.8062,MFS28,INDUSTRIAL,medium
IS6021,MFS28 Raster Industrial R36,139.7121,35.8604,MFS28,INDUSTRIAL,medium
IS6022,MFS28 Raster Industrial R38,139.7421,35.8429,MFS28,INDUSTRIAL,medium
IS6023,MFS28 Raster Industrial R40,139.7296,35.8462,MFS28,INDUSTRIAL,medium
IS6024,MFS28 Raster Industrial R42,139.7471,35.8421,MFS28,INDUSTRIAL,medium
IS6025,MFS28 Raster Industrial R44,139.7046,35.8204,MFS28,INDUSTRIAL,medium
IS6026,MFS28 Raster Industrial R46,139.7229,35.8362,MFS28,INDUSTRIAL,medium
IS6027,MFS28 Raster Industrial R48,139.7154,35.8479,MFS28,INDUSTRIAL,medium
IS6028,MFS28 Raster Industrial R50,139.7171,35.8596,MFS28,INDUSTRIAL,medium
IS6029,MFS28 Raster Industrial R52,139.7271,35.8412,MFS28,INDUSTRIAL,medium
IS6030,MFS28 Raster Industrial R54,139.7146,35.8171,MFS28,INDUSTRIAL,medium
IS6031,MFS28 Raster Industrial R56,139.7079,35.8279,MFS28,INDUSTRIAL,medium
IS6032,MFS28 Raster Industrial R58,139.7287,35.8512,MFS28,INDUSTRIAL,medium
IS6033,MFS28 Raster Industrial R60,139.6946,35.8446,MFS28,INDUSTRIAL,medium
IS6034,MFS28 Raster Industrial R62,139.7404,35.8562,MFS28,INDUSTRIAL,medium
IS6035,MFS28 Raster Industrial R64,139.7321,35.8137,MFS28,INDUSTRIAL,medium
IS6036,MFS28 Raster Industrial R66,139.7188,35.7996,MFS28,INDUSTRIAL,medium
IS6037,MFS28 Raster Industrial R68,139.7204,35.8029,MFS28,INDUSTRIAL,medium
IS6038,MFS28 Raster Industrial R70,139.7196,35.8196,MFS28,INDUSTRIAL,medium
IS6039,MFS28 Raster Industrial R72,139.7512,35.8421,MFS28,INDUSTRIAL,medium
IS6040,MFS28 Raster Industrial R74,139.7229,35.8137,MFS28,INDUSTRIAL,medium
IS6041,MFS28 Raster Industrial R76,139.7038,35.8571,MFS28,INDUSTRIAL,medium
IS6042,MFS28 Raster Industrial R78,139.7088,35.8196,MFS28,INDUSTRIAL,medium
IS6043,MFS28 Raster Industrial R80,139.7279,35.8254,MFS28,INDUSTRIAL,medium
IS6044,MFS28 Raster Industrial R82,139.7438,35.8187,MFS28,INDUSTRIAL,medium
IS6045,MFS28 Raster Industrial R84,139.7321,35.8462,MFS28,INDUSTRIAL,medium
IS6046,MFS28 Raster Industrial R86,139.7504,35.8396,MFS28,INDUSTRIAL,medium
IS6047,MFS28 Raster Industrial R88,139.6904,35.8487,MFS28,INDUSTRIAL,medium
IS6048,MFS28 Raster Industrial R90,139.6979,35.8404,MFS28,INDUSTRIAL,medium
IS6049,MFS29 Raster Industrial R2,139.5804,35.7746,MFS29,INDUSTRIAL,medium
IS6050,MFS29 Raster Industrial R4,139.5987,35.7987,MFS29,INDUSTRIAL,medium
IS6051,MFS29 Raster Industrial R6,139.6096,35.8054,MFS29,INDUSTRIAL,medium
IS6052,MFS29 Raster Industrial R8,139.5496,35.8204,MFS29,INDUSTRIAL,medium
IS6053,MFS29 Raster Industrial R10,139.5446,35.8246,MFS29,INDUSTRIAL,medium
IS6054,MFS29 Raster Industrial R12,139.5829,35.7654,MFS29,INDUSTRIAL,medium
IS6055,MFS29 Raster Industrial R14,139.6021,35.8004,MFS29,INDUSTRIAL,medium
IS6056,MFS29 Raster Industrial R16,139.5929,35.8146,MFS29,INDUSTRIAL,medium
IS6057,MFS29 Raster Industrial R18,139.5904,35.8229,MFS29,INDUSTRIAL,medium
IS6058,MFS29 Raster Industrial R20,139.5604,35.8087,MFS29,INDUSTRIAL,medium
IS6059,MFS29 Raster Industrial R22,139.5762,35.7704,MFS29,INDUSTRIAL,medium
IS6060,MFS29 Raster Industrial R24,139.5871,35.8079,MFS29,INDUSTRIAL,medium
IS6061,MFS29 Raster Industrial R26,139.5504,35.8104,MFS29,INDUSTRIAL,medium
IS6062,MFS29 Raster Industrial R28,139.6088,35.7837,MFS29,INDUSTRIAL,medium
IS6063,MFS29 Raster Industrial R30,139.5788,35.7729,MFS29,INDUSTRIAL,medium
IS6064,MFS29 Raster Industrial R32,139.5996,35.7846,MFS29,INDUSTRIAL,medium
IS6065,MFS29 Raster Industrial R34,139.5762,35.7746,MFS29,INDUSTRIAL,medium
IS6066,MFS29 Raster Industrial R36,139.5946,35.8062,MFS29,INDUSTRIAL,medium
IS6067,MFS29 Raster Industrial R38,139.5554,35.8204,MFS29,INDUSTRIAL,medium
IS6068,MFS29 Raster Industrial R40,139.5788,35.8212,MFS29,INDUSTRIAL,medium
IS6069,MFS29 Raster Industrial R42,139.5496,35.8087,MFS29,INDUSTRIAL,medium
IS6070,MFS29 Raster Industrial R44,139.6104,35.7912,MFS29,INDUSTRIAL,medium
IS6071,MFS29 Raster Industrial R46,139.5654,35.8287,MFS29,INDUSTRIAL,medium
IS6072,MFS29 Raster Industrial R48,139.6046,35.8279,MFS29,INDUSTRIAL,medium
IS6073,MFS29 Raster Industrial R50,139.5479,35.8296,MFS29,INDUSTRIAL,medium
IS6074,MFS29 Raster Industrial R52,139.6046,35.8046,MFS29,INDUSTRIAL,medium
IS6075,MFS29 Raster Industrial R54,139.5571,35.7996,MFS29,INDUSTRIAL,medium
IS6076,MFS29 Raster Industrial R56,139.5838,35.8112,MFS29,INDUSTRIAL,medium
IS6077,MFS29 Raster Industrial R58,139.6004,35.8046,MFS29,INDUSTRIAL,medium
IS6078,MFS29 Raster Industrial R60,139.5671,35.7762,MFS29,INDUSTRIAL,medium
IS6079,MFS29 Raster Industrial R62,139.5696,35.8221,MFS29,INDUSTRIAL,medium
IS6080,MFS29 Raster Industrial R64,139.5721,35.8387,MFS29,INDUSTRIAL,medium
IS6081,MFS29 Raster Industrial R66,139.5804,35.8354,MFS29,INDUSTRIAL,medium
IS6082,MFS29 Raster Industrial R68,139.5904,35.8362,MFS29,INDUSTRIAL,medium
IS6083,MFS29 Raster Industrial R70,139.6079,35.7921,MFS29,INDUSTRIAL,medium
IS6084,MFS29 Raster Industrial R72,139.5454,35.8121,MFS29,INDUSTRIAL,medium
IS6085,MFS29 Raster Industrial R74,139.5387,35.7896,MFS29,INDUSTRIAL,medium
IS6086,MFS29 Raster Industrial R76,139.5712,35.8046,MFS29,INDUSTRIAL,medium
IS6087,MFS29 Raster Industrial R78,139.5921,35.8221,MFS29,INDUSTRIAL,medium
IS6088,MFS29 Raster Industrial R80,139.5513,35.8062,MFS29,INDUSTRIAL,medium
IS6089,MFS29 Raster Industrial R82,139.6104,35.8171,MFS29,INDUSTRIAL,medium
IS6090,MFS29 Raster Industrial R84,139.5513,35.8071,MFS29,INDUSTRIAL,medium
IS6091,MFS29 Raster Industrial R86,139.5704,35.7846,MFS29,INDUSTRIAL,medium
IS6092,MFS29 Raster Industrial R88,139.5762,35.7912,MFS29,INDUSTRIAL,medium
IS6093,MFS29 Raster Industrial R90,139.5904,35.7762,MFS29,INDUSTRIAL,medium
IS6094,MFS29 Raster Industrial R92,139.5913,35.8229,MFS29,INDUSTRIAL,medium
IS6095,MFS29 Raster Industrial R94,139.5938,35.8212,MFS29,INDUSTRIAL,medium
IS6096,MFS29 Raster Industrial R96,139.6037,35.8129,MFS29,INDUSTRIAL,medium
IS6097,MFS29 Raster Industrial R98,139.5488,35.7979,MFS29,INDUSTRIAL,medium
IS6098,MFS29 Raster Industrial R100,139.5471,35.7896,MFS29,INDUSTRIAL,medium
IS6099,MFS30 Raster Industrial R2,139.7771,35.8979,MFS30,INDUSTRIAL,medium
IS6100,MFS30 Raster Industrial R4,139.8146,35.8796,MFS30,INDUSTRIAL,medium
IS6101,MFS30 Raster Industrial R6,139.8021,35.8937,MFS30,INDUSTRIAL,medium
IS6102,MFS30 Raster Industrial R8,139.7929,35.8537,MFS30,INDUSTRIAL,medium
IS6103,MFS30 Raster Industrial R10,139.8212,35.9262,MFS30,INDUSTRIAL,medium
IS6104,MFS30 Raster Industrial R12,139.7996,35.9054,MFS30,INDUSTRIAL,medium
IS6105,MFS30 Raster Industrial R14,139.8321,35.9054,MFS30,INDUSTRIAL,medium
IS6106,MFS30 Raster Industrial R16,139.7779,35.9037,MFS30,INDUSTRIAL,medium
IS6107,MFS30 Raster Industrial R18,139.7746,35.8896,MFS30,INDUSTRIAL,medium
IS6108,MFS30 Raster Industrial R20,139.8471,35.8704,MFS30,INDUSTRIAL,medium
IS6109,MFS30 Raster Industrial R22,139.8462,35.8812,MFS30,INDUSTRIAL,medium
IS6110,MFS30 Raster Industrial R24,139.7946,35.9071,MFS30,INDUSTRIAL,medium
IS6111,MFS30 Raster Industrial R26,139.8604,35.8879,MFS30,INDUSTRIAL,medium
IS6112,MFS30 Raster Industrial R28,139.8096,35.8787,MFS30,INDUSTRIAL,medium
IS6113,MFS30 Raster Industrial R30,139.7912,35.8571,MFS30,INDUSTRIAL,medium
IS6114,MFS30 Raster Industrial R32,139.7988,35.9304,MFS30,INDUSTRIAL,medium
IS6115,MFS30 Raster Industrial R34,139.8187,35.8712,MFS30,INDUSTRIAL,medium
IS6116,MFS30 Raster Industrial R36,139.8113,35.8812,MFS30,INDUSTRIAL,medium
IS6117,MFS30 Raster Industrial R38,139.8196,35.9246,MFS30,INDUSTRIAL,medium
IS6118,MFS30 Raster Industrial R40,139.7896,35.9246,MFS30,INDUSTRIAL,medium
IS6119,MFS30 Raster Industrial R42,139.8137,35.8579,MFS30,INDUSTRIAL,medium
IS6120,MFS30 Raster Industrial R44,139.8096,35.8721,MFS30,INDUSTRIAL,medium
IS6121,MFS30 Raster Industrial R46,139.8404,35.9246,MFS30,INDUSTRIAL,medium
IS6122,MFS30 Raster Industrial R48,139.7837,35.8821,MFS30,INDUSTRIAL,medium
IS6123,MFS30 Raster Industrial R50,139.8254,35.8871,MFS30,INDUSTRIAL,medium
IS6124,MFS30 Raster Industrial R52,139.8229,35.8454,MFS30,INDUSTRIAL,medium
IS6125,MFS30 Raster Industrial R54,139.8487,35.9137,MFS30,INDUSTRIAL,medium
IS6126,MFS30 Raster Industrial R56,139.8063,35.8787,MFS30,INDUSTRIAL,medium
IS6127,MFS30 Raster Industrial R58,139.7954,35.8704,MFS30,INDUSTRIAL,medium
IS6128,MFS30 Raster Industrial R60,139.8354,35.8629,MFS30,INDUSTRIAL,medium
IS6129,MFS30 Raster Industrial R62,139.8021,35.8812,MFS30,INDUSTRIAL,medium
IS6130,MFS30 Raster Industrial R64,139.8246,35.8904,MFS30,INDUSTRIAL,medium
IS6131,MFS30 Raster Industrial R66,139.8504,35.8862,MFS30,INDUSTRIAL,medium
IS6132,MFS30 Raster Industrial R68,139.7921,35.8962,MFS30,INDUSTRIAL,medium
IS6133,MFS30 Raster Industrial R70,139.8471,35.8804,MFS30,INDUSTRIAL,medium
IS6134,MFS30 Raster Industrial R72,139.7904,35.8646,MFS30,INDUSTRIAL,medium
IS6135,MFS30 Raster Industrial R74,139.8262,35.8929,MFS30,INDUSTRIAL,medium
IS6136,MFS30 Raster Industrial R76,139.8029,35.8796,MFS30,INDUSTRIAL,medium
IS6137,MFS30 Raster Industrial R78,139.7812,35.8854,MFS30,INDUSTRIAL,medium
IS6138,MFS30 Raster Industrial R80,139.8196,35.9179,MFS30,INDUSTRIAL,medium
IS6139,MFS30 Raster Industrial R82,139.8179,35.9271,MFS30,INDUSTRIAL,medium
IS6140,MFS30 Raster Industrial R84,139.7862,35.8579,MFS30,INDUSTRIAL,medium
IS6141,MFS30 Raster Industrial R86,139.8279,35.9337,MFS30,INDUSTRIAL,medium
IS6142,MFS30 Raster Industrial R88,139.8304,35.8604,MFS30,INDUSTRIAL,medium
IS6143,MFS30 Raster Industrial R90,139.8646,35.8721,MFS30,INDUSTRIAL,medium
IS6144,MFS30 Raster Industrial R92,139.8529,35.8837,MFS30,INDUSTRIAL,medium
IS6145,MFS30 Raster Industrial R94,139.8054,35.8637,MFS30,INDUSTRIAL,medium
IS6146,MFS30 Raster Industrial R96,139.8021,35.9096,MFS30,INDUSTRIAL,medium
IS6147,MFS30 Raster Industrial R98,139.8421,35.9021,MFS30,INDUSTRIAL,medium
IS6148,MFS30 Raster Industrial R100,139.8029,35.8729,MFS30,INDUSTRIAL,medium
IS6149,MFS31 Raster Industrial R2,139.3504,35.8996,MFS31,INDUSTRIAL,medium
IS6150,MFS31 Raster Industrial R4,139.3279,35.9046,MFS31,INDUSTRIAL,medium
IS6151,MFS31 Raster Industrial R6,139.4013,35.8204,MFS31,INDUSTRIAL,medium
IS6152,MFS31 Raster Industrial R8,139.3212,35.8546,MFS31,INDUSTRIAL,medium
IS6153,MFS31 Raster Industrial R10,139.3396,35.9012,MFS31,INDUSTRIAL,medium
IS6154,MFS31 Raster Industrial R12,139.3179,35.7887,MFS31,INDUSTRIAL,medium
IS6155,MFS31 Raster Industrial R14,139.3038,35.7904,MFS31,INDUSTRIAL,medium
IS6156,MFS31 Raster Industrial R16,139.3804,35.7987,MFS31,INDUSTRIAL,medium
IS6157,MFS31 Raster Industrial R18,139.3654,35.8271,MFS31,INDUSTRIAL,medium
IS6158,MFS31 Raster Industrial R20,139.3862,35.8871,MFS31,INDUSTRIAL,medium
IS6159,MFS31 Raster Industrial R22,139.2896,35.8712,MFS31,INDUSTRIAL,medium
IS6160,MFS31 Raster Industrial R24,139.3321,35.8171,MFS31,INDUSTRIAL,medium
IS6161,MFS31 Raster Industrial R26,139.3071,35.7954,MFS31,INDUSTRIAL,medium
IS6162,MFS31 Raster Industrial R28,139.4004,35.8696,MFS31,INDUSTRIAL,medium
IS6163,MFS31 Raster Industrial R30,139.3321,35.8587,MFS31,INDUSTRIAL,medium
IS6164,MFS31 Raster Industrial R32,139.3646,35.8987,MFS31,INDUSTRIAL,medium
IS6165,MFS31 Raster Industrial R34,139.3487,35.8362,MFS31,INDUSTRIAL,medium
IS6166,MFS31 Raster Industrial R36,139.3046,35.7837,MFS31,INDUSTRIAL,medium
IS6167,MFS31 Raster Industrial R38,139.3237,35.8129,MFS31,INDUSTRIAL,medium
IS6168,MFS31 Raster Industrial R40,139.3063,35.8746,MFS31,INDUSTRIAL,medium
IS6169,MFS31 Raster Industrial R42,139.3279,35.8246,MFS31,INDUSTRIAL,medium
IS6170,MFS31 Raster Industrial R44,139.3229,35.8137,MFS31,INDUSTRIAL,medium
IS6171,MFS31 Raster Industrial R46,139.3846,35.9037,MFS31,INDUSTRIAL,medium
IS6172,MFS31 Raster Industrial R48,139.3629,35.7896,MFS31,INDUSTRIAL,medium
IS6173,MFS31 Raster Industrial R50,139.3354,35.9021,MFS31,INDUSTRIAL,medium
IS6174,MFS31 Raster Industrial R52,139.3313,35.7987,MFS31,INDUSTRIAL,medium
IS6175,MFS31 Raster Industrial R54,139.3812,35.8687,MFS31,INDUSTRIAL,medium
IS6176,MFS31 Raster Industrial R56,139.3938,35.8312,MFS31,INDUSTRIAL,medium
IS6177,MFS31 Raster Industrial R58,139.2954,35.8446,MFS31,INDUSTRIAL,medium
IS6178,MFS31 Raster Industrial R60,139.3613,35.9029,MFS31,INDUSTRIAL,medium
IS6179,MFS31 Raster Industrial R62,139.2879,35.7971,MFS31,INDUSTRIAL,medium
IS6180,MFS31 Raster Industrial R64,139.3454,35.7937,MFS31,INDUSTRIAL,medium
IS6181,MFS31 Raster Industrial R66,139.2579,35.8262,MFS31,INDUSTRIAL,medium
IS6182,MFS31 Raster Industrial R68,139.3713,35.8996,MFS31,INDUSTRIAL,medium
IS6183,MFS31 Raster Industrial R70,139.3088,35.8554,MFS31,INDUSTRIAL,medium
IS6184,MFS31 Raster Industrial R72,139.3079,35.7971,MFS31,INDUSTRIAL,medium
IS6185,MFS31 Raster Industrial R74,139.3679,35.8379,MFS31,INDUSTRIAL,medium
IS6186,MFS31 Raster Industrial R76,139.2821,35.7996,MFS31,INDUSTRIAL,medium
IS6187,MFS31 Raster Industrial R78,139.3221,35.8446,MFS31,INDUSTRIAL,medium
IS6188,MFS31 Raster Industrial R80,139.3621,35.8487,MFS31,INDUSTRIAL,medium
IS6189,MFS31 Raster Industrial R82,139.3454,35.8862,MFS31,INDUSTRIAL,medium
IS6190,MFS31 Raster Industrial R84,139.3121,35.8587,MFS31,INDUSTRIAL,medium
IS6191,MFS31 Raster Industrial R86,139.3096,35.7804,MFS31,INDUSTRIAL,medium
IS6192,MFS31 Raster Industrial R88,139.3013,35.7929,MFS31,INDUSTRIAL,medium
IS6193,MFS31 Raster Industrial R90,139.2921,35.7904,MFS31,INDUSTRIAL,medium
IS6194,MFS31 Raster Industrial R92,139.3754,35.8104,MFS31,INDUSTRIAL,medium
IS6195,MFS31 Raster Industrial R94,139.3829,35.8346,MFS31,INDUSTRIAL,medium
IS6196,MFS31 Raster Industrial R96,139.3554,35.8871,MFS31,INDUSTRIAL,medium
IS6197,MFS31 Raster Industrial R98,139.3621,35.8704,MFS31,INDUSTRIAL,medium
IS6198,MFS31 Raster Industrial R100,139.2788,35.8696,MFS31,INDUSTRIAL,medium
IS6199,MFS32 Raster Industrial R2,139.4462,35.9029,MFS32,INDUSTRIAL,medium
IS6200,MFS32 Raster Industrial R4,139.3879,35.9179,MFS32,INDUSTRIAL,medium
IS6201,MFS32 Raster Industrial R6,139.3729,35.9404,MFS32,INDUSTRIAL,medium
IS6202,MFS32 Raster Industrial R8,139.4371,35.9471,MFS32,INDUSTRIAL,medium
IS6203,MFS32 Raster Industrial R10,139.4187,35.9254,MFS32,INDUSTRIAL,medium
IS6204,MFS32 Raster Industrial R12,139.4221,35.9271,MFS32,INDUSTRIAL,medium
IS6205,MFS32 Raster Industrial R14,139.3554,35.9104,MFS32,INDUSTRIAL,medium
IS6206,MFS32 Raster Industrial R16,139.4479,35.9571,MFS32,INDUSTRIAL,medium
IS6207,MFS32 Raster Industrial R18,139.3829,35.9287,MFS32,INDUSTRIAL,medium
IS6208,MFS32 Raster Industrial R20,139.3904,35.9112,MFS32,INDUSTRIAL,medium
IS6209,MFS32 Raster Industrial R22,139.4296,35.9512,MFS32,INDUSTRIAL,medium
IS6210,MFS32 Raster Industrial R24,139.3862,35.9937,MFS32,INDUSTRIAL,medium
IS6211,MFS32 Raster Industrial R26,139.4112,35.9287,MFS32,INDUSTRIAL,medium
IS6212,MFS32 Raster Industrial R28,139.3537,35.9829,MFS32,INDUSTRIAL,medium
IS6213,MFS32 Raster Industrial R30,139.4496,35.9096,MFS32,INDUSTRIAL,medium
IS6214,MFS32 Raster Industrial R32,139.4129,35.9537,MFS32,INDUSTRIAL,medium
IS6215,MFS32 Raster Industrial R34,139.3771,35.9512,MFS32,INDUSTRIAL,medium
IS6216,MFS32 Raster Industrial R36,139.3521,35.9312,MFS32,INDUSTRIAL,medium
IS6217,MFS32 Raster Industrial R38,139.4204,35.9487,MFS32,INDUSTRIAL,medium
IS6218,MFS32 Raster Industrial R40,139.3854,35.9071,MFS32,INDUSTRIAL,medium
IS6219,MFS32 Raster Industrial R42,139.4288,35.9387,MFS32,INDUSTRIAL,medium
IS6220,MFS32 Raster Industrial R44,139.3454,35.9329,MFS32,INDUSTRIAL,medium
IS6221,MFS32 Raster Industrial R46,139.4079,35.9421,MFS32,INDUSTRIAL,medium
IS6222,MFS32 Raster Industrial R48,139.3812,35.9829,MFS32,INDUSTRIAL,medium
IS6223,MFS32 Raster Industrial R50,139.3913,35.9546,MFS32,INDUSTRIAL,medium
IS6224,MFS32 Raster Industrial R52,139.4129,35.9454,MFS32,INDUSTRIAL,medium
IS6225,MFS32 Raster Industrial R54,139.4512,35.9129,MFS32,INDUSTRIAL,medium
IS6226,MFS32 Raster Industrial R56,139.4321,35.9554,MFS32,INDUSTRIAL,medium
IS6227,MFS32 Raster Industrial R58,139.4338,35.9229,MFS32,INDUSTRIAL,medium
IS6228,MFS32 Raster Industrial R60,139.4521,35.9371,MFS32,INDUSTRIAL,medium
IS6229,MFS32 Raster Industrial R62,139.4471,35.9004,MFS32,INDUSTRIAL,medium
IS6230,MFS32 Raster Industrial R64,139.3721,35.9062,MFS32,INDUSTRIAL,medium
IS6231,MFS32 Raster Industrial R66,139.3821,35.9462,MFS32,INDUSTRIAL,medium
IS6232,MFS32 Raster Industrial R68,139.3762,35.8937,MFS32,INDUSTRIAL,medium
IS6233,MFS32 Raster Industrial R70,139.3954,35.9129,MFS32,INDUSTRIAL,medium
IS6234,MFS32 Raster Industrial R72,139.4363,35.9854,MFS32,INDUSTRIAL,medium
IS6235,MFS32 Raster Industrial R74,139.4279,35.9329,MFS32,INDUSTRIAL,medium
IS6236,MFS32 Raster Industrial R76,139.4246,35.9579,MFS32,INDUSTRIAL,medium
IS6237,MFS32 Raster Industrial R78,139.3963,36.0029,MFS32,INDUSTRIAL,medium
IS6238,MFS32 Raster Industrial R80,139.4421,35.9287,MFS32,INDUSTRIAL,medium
IS6239,MFS32 Raster Industrial R82,139.4038,35.9529,MFS32,INDUSTRIAL,medium
IS6240,MFS32 Raster Industrial R84,139.3429,35.9121,MFS32,INDUSTRIAL,medium
IS6241,MFS32 Raster Industrial R86,139.3846,35.9187,MFS32,INDUSTRIAL,medium
IS6242,MFS32 Raster Industrial R88,139.3979,35.9954,MFS32,INDUSTRIAL,medium
IS6243,MFS32 Raster Industrial R90,139.3671,35.9379,MFS32,INDUSTRIAL,medium
IS6244,MFS32 Raster Industrial R92,139.4229,35.9662,MFS32,INDUSTRIAL,medium
IS6245,MFS32 Raster Industrial R94,139.4563,35.9512,MFS32,INDUSTRIAL,medium
IS6246,MFS32 Raster Industrial R96,139.4496,35.9904,MFS32,INDUSTRIAL,medium
IS6247,MFS32 Raster Industrial R98,139.3921,35.9387,MFS32,INDUSTRIAL,medium
IS6248,MFS32 Raster Industrial R100,139.3804,35.9704,MFS32,INDUSTRIAL,medium
IS6249,MFS33 Raster Industrial R2,139.5654,36.0096,MFS33,INDUSTRIAL,medium
IS6250,MFS33 Raster Industrial R4,139.5962,35.9679,MFS33,INDUSTRIAL,medium
IS6251,MFS33 Raster Industrial R6,139.5779,35.9654,MFS33,INDUSTRIAL,medium
IS6252,MFS33 Raster Industrial R8,139.6304,36.0029,MFS33,INDUSTRIAL,medium
IS6253,MFS33 Raster Industrial R10,139.5779,36.0037,MFS33,INDUSTRIAL,medium
IS6254,MFS33 Raster Industrial R12,139.5987,35.9554,MFS33,INDUSTRIAL,medium
IS6255,MFS33 Raster Industrial R14,139.5979,35.9704,MFS33,INDUSTRIAL,medium
IS6256,MFS33 Raster Industrial R16,139.5637,35.9737,MFS33,INDUSTRIAL,medium
IS6257,MFS33 Raster Industrial R18,139.5662,36.0179,MFS33,INDUSTRIAL,medium
IS6258,MFS33 Raster Industrial R20,139.6071,35.9571,MFS33,INDUSTRIAL,medium
IS6259,MFS33 Raster Industrial R22,139.6204,35.9562,MFS33,INDUSTRIAL,medium
IS6260,MFS33 Raster Industrial R24,139.5779,35.9887,MFS33,INDUSTRIAL,medium
IS6261,MFS33 Raster Industrial R26,139.5671,35.9721,MFS33,INDUSTRIAL,medium
IS6262,MFS33 Raster Industrial R28,139.5521,35.9962,MFS33,INDUSTRIAL,medium
IS6263,MFS33 Raster Industrial R30,139.5829,35.9804,MFS33,INDUSTRIAL,medium
IS6264,MFS33 Raster Industrial R32,139.5579,35.9762,MFS33,INDUSTRIAL,medium
IS6265,MFS33 Raster Industrial R34,139.5604,36.0346,MFS33,INDUSTRIAL,medium
IS6266,MFS33 Raster Industrial R36,139.6037,35.9762,MFS33,INDUSTRIAL,medium
IS6267,MFS33 Raster Industrial R38,139.5679,36.0096,MFS33,INDUSTRIAL,medium
IS6268,MFS33 Raster Industrial R40,139.5896,36.0387,MFS33,INDUSTRIAL,medium
IS6269,MFS33 Raster Industrial R42,139.6146,36.0004,MFS33,INDUSTRIAL,medium
IS6270,MFS33 Raster Industrial R44,139.6229,35.9512,MFS33,INDUSTRIAL,medium
IS6271,MFS33 Raster Industrial R46,139.5596,35.9929,MFS33,INDUSTRIAL,medium
IS6272,MFS33 Raster Industrial R48,139.6029,36.0329,MFS33,INDUSTRIAL,medium
IS6273,MFS33 Raster Industrial R50,139.5563,35.9904,MFS33,INDUSTRIAL,medium
IS6274,MFS33 Raster Industrial R52,139.6129,35.9612,MFS33,INDUSTRIAL,medium
IS6275,MFS33 Raster Industrial R54,139.6446,36.0321,MFS33,INDUSTRIAL,medium
IS6276,MFS33 Raster Industrial R56,139.6079,35.9554,MFS33,INDUSTRIAL,medium
IS6277,MFS33 Raster Industrial R58,139.6012,35.9737,MFS33,INDUSTRIAL,medium
IS6278,MFS33 Raster Industrial R60,139.6379,35.9796,MFS33,INDUSTRIAL,medium
IS6279,MFS33 Raster Industrial R62,139.5637,36.0112,MFS33,INDUSTRIAL,medium
IS6280,MFS33 Raster Industrial R64,139.6113,35.9721,MFS33,INDUSTRIAL,medium
IS6281,MFS33 Raster Industrial R66,139.5662,36.0329,MFS33,INDUSTRIAL,medium
IS6282,MFS33 Raster Industrial R68,139.5962,35.9779,MFS33,INDUSTRIAL,medium
IS6283,MFS33 Raster Industrial R70,139.5704,35.9737,MFS33,INDUSTRIAL,medium
IS6284,MFS33 Raster Industrial R72,139.5704,35.9554,MFS33,INDUSTRIAL,medium
IS6285,MFS33 Raster Industrial R74,139.5846,36.0037,MFS33,INDUSTRIAL,medium
IS6286,MFS33 Raster Industrial R76,139.5854,36.0029,MFS33,INDUSTRIAL,medium
IS6287,MFS33 Raster Industrial R78,139.5571,35.9862,MFS33,INDUSTRIAL,medium
IS6288,MFS33 Raster Industrial R80,139.5579,35.9796,MFS33,INDUSTRIAL,medium
IS6289,MFS33 Raster Industrial R82,139.6012,35.9796,MFS33,INDUSTRIAL,medium
IS6290,MFS33 Raster Industrial R84,139.5637,36.0371,MFS33,INDUSTRIAL,medium
IS6291,MFS33 Raster Industrial R86,139.6304,35.9829,MFS33,INDUSTRIAL,medium
IS6292,MFS33 Raster Industrial R88,139.6029,35.9787,MFS33,INDUSTRIAL,medium
IS6293,MFS33 Raster Industrial R90,139.6204,36.0471,MFS33,INDUSTRIAL,medium
IS6294,MFS33 Raster Industrial R92,139.5621,36.0087,MFS33,INDUSTRIAL,medium
IS6295,MFS33 Raster Industrial R94,139.6046,35.9562,MFS33,INDUSTRIAL,medium
IS6296,MFS33 Raster Industrial R96,139.6254,35.9804,MFS33,INDUSTRIAL,medium
IS6297,MFS33 Raster Industrial R98,139.6321,35.9637,MFS33,INDUSTRIAL,medium
IS6298,MFS33 Raster Industrial R100,139.6312,36.0329,MFS33,INDUSTRIAL,medium
IS6299,MFS34 Raster Industrial R2,139.6813,36.1229,MFS34,INDUSTRIAL,medium
IS6300,MFS34 Raster Industrial R4,139.5863,36.1596,MFS34,INDUSTRIAL,medium
IS6301,MFS34 Raster Industrial R6,139.6371,36.1571,MFS34,INDUSTRIAL,medium
IS6302,MFS34 Raster Industrial R8,139.6629,36.1029,MFS34,INDUSTRIAL,medium
IS6303,MFS34 Raster Industrial R10,139.7012,36.1304,MFS34,INDUSTRIAL,medium
IS6304,MFS34 Raster Industrial R12,139.6379,36.1746,MFS34,INDUSTRIAL,medium
IS6305,MFS34 Raster Industrial R14,139.5979,36.0946,MFS34,INDUSTRIAL,medium
IS6306,MFS34 Raster Industrial R16,139.6687,36.1829,MFS34,INDUSTRIAL,medium
IS6307,MFS34 Raster Industrial R18,139.6587,36.1087,MFS34,INDUSTRIAL,medium
IS6308,MFS34 Raster Industrial R20,139.6821,36.0879,MFS34,INDUSTRIAL,medium
IS6309,MFS34 Raster Industrial R22,139.6713,36.0887,MFS34,INDUSTRIAL,medium
IS6310,MFS34 Raster Industrial R24,139.7004,36.0754,MFS34,INDUSTRIAL,medium
IS6311,MFS34 Raster Industrial R26,139.7063,36.1329,MFS34,INDUSTRIAL,medium
IS6312,MFS34 Raster Industrial R28,139.5829,36.0921,MFS34,INDUSTRIAL,medium
IS6313,MFS34 Raster Industrial R30,139.6929,36.1479,MFS34,INDUSTRIAL,medium
IS6314,MFS34 Raster Industrial R32,139.6571,36.1062,MFS34,INDUSTRIAL,medium
IS6315,MFS34 Raster Industrial R34,139.7154,36.0837,MFS34,INDUSTRIAL,medium
IS6316,MFS34 Raster Industrial R36,139.6562,36.0937,MFS34,INDUSTRIAL,medium
IS6317,MFS34 Raster Industrial R38,139.6713,36.0754,MFS34,INDUSTRIAL,medium
IS6318,MFS34 Raster Industrial R40,139.6662,36.0696,MFS34,INDUSTRIAL,medium
IS6319,MFS34 Raster Industrial R42,139.7163,36.1446,MFS34,INDUSTRIAL,medium
IS6320,MFS34 Raster Industrial R44,139.6546,36.1829,MFS34,INDUSTRIAL,medium
IS6321,MFS34 Raster Industrial R46,139.6329,36.1112,MFS34,INDUSTRIAL,medium
IS6322,MFS34 Raster Industrial R48,139.6029,36.1287,MFS34,INDUSTRIAL,medium
IS6323,MFS34 Raster Industrial R50,139.6904,36.0796,MFS34,INDUSTRIAL,medium
IS6324,MFS34 Raster Industrial R52,139.6587,36.1204,MFS34,INDUSTRIAL,medium
IS6325,MFS34 Raster Industrial R54,139.7046,36.0871,MFS34,INDUSTRIAL,medium
IS6326,MFS34 Raster Industrial R56,139.6804,36.1279,MFS34,INDUSTRIAL,medium
IS6327,MFS34 Raster Industrial R58,139.6296,36.1021,MFS34,INDUSTRIAL,medium
IS6328,MFS34 Raster Industrial R60,139.6962,36.0754,MFS34,INDUSTRIAL,medium
IS6329,MFS34 Raster Industrial R62,139.6104,36.1062,MFS34,INDUSTRIAL,medium
IS6330,MFS34 Raster Industrial R64,139.6896,36.0829,MFS34,INDUSTRIAL,medium
IS6331,MFS34 Raster Industrial R66,139.6838,36.0896,MFS34,INDUSTRIAL,medium
IS6332,MFS34 Raster Industrial R68,139.7113,36.0879,MFS34,INDUSTRIAL,medium
IS6333,MFS34 Raster Industrial R70,139.6854,36.1887,MFS34,INDUSTRIAL,medium
IS6334,MFS34 Raster Industrial R72,139.7171,36.1512,MFS34,INDUSTRIAL,medium
IS6335,MFS34 Raster Industrial R74,139.5996,36.1071,MFS34,INDUSTRIAL,medium
IS6336,MFS34 Raster Industrial R76,139.6887,36.1346,MFS34,INDUSTRIAL,medium
IS6337,MFS34 Raster Industrial R78,139.6946,36.0696,MFS34,INDUSTRIAL,medium
IS6338,MFS34 Raster Industrial R80,139.5813,36.1171,MFS34,INDUSTRIAL,medium
IS6339,MFS34 Raster Industrial R82,139.6754,36.0871,MFS34,INDUSTRIAL,medium
IS6340,MFS34 Raster Industrial R84,139.6138,36.1087,MFS34,INDUSTRIAL,medium
IS6341,MFS34 Raster Industrial R86,139.6163,36.0771,MFS34,INDUSTRIAL,medium
IS6342,MFS34 Raster Industrial R88,139.6738,36.1237,MFS34,INDUSTRIAL,medium
IS6343,MFS34 Raster Industrial R90,139.6046,36.1196,MFS34,INDUSTRIAL,medium
IS6344,MFS34 Raster Industrial R92,139.6146,36.1204,MFS34,INDUSTRIAL,medium
IS6345,MFS34 Raster Industrial R94,139.6838,36.1187,MFS34,INDUSTRIAL,medium
IS6346,MFS34 Raster Industrial R96,139.6171,36.1187,MFS34,INDUSTRIAL,medium
IS6347,MFS34 Raster Industrial R98,139.7038,36.0737,MFS34,INDUSTRIAL,medium
IS6348,MFS34 Raster Industrial R100,139.6546,36.1446,MFS34,INDUSTRIAL,medium
IS6349,MFS35 Raster Industrial R2,139.3021,36.1596,MFS35,INDUSTRIAL,medium
IS6350,MFS35 Raster Industrial R4,139.4121,36.1571,MFS35,INDUSTRIAL,medium
IS6351,MFS35 Raster Industrial R6,139.4646,36.1196,MFS35,INDUSTRIAL,medium
IS6352,MFS35 Raster Industrial R8,139.4446,36.1662,MFS35,INDUSTRIAL,medium
IS6353,MFS35 Raster Industrial R10,139.3262,36.1537,MFS35,INDUSTRIAL,medium
IS6354,MFS35 Raster Industrial R12,139.4246,36.2004,MFS35,INDUSTRIAL,medium
IS6355,MFS35 Raster Industrial R14,139.3529,36.2246,MFS35,INDUSTRIAL,medium
IS6356,MFS35 Raster Industrial R16,139.3004,36.1546,MFS35,INDUSTRIAL,medium
IS6357,MFS35 Raster Industrial R18,139.4721,36.0946,MFS35,INDUSTRIAL,medium
IS6358,MFS35 Raster Industrial R20,139.3821,36.1446,MFS35,INDUSTRIAL,medium
IS6359,MFS35 Raster Industrial R22,139.4479,36.1362,MFS35,INDUSTRIAL,medium
IS6360,MFS35 Raster Industrial R24,139.4646,36.0929,MFS35,INDUSTRIAL,medium
IS6361,MFS35 Raster Industrial R26,139.3471,36.0712,MFS35,INDUSTRIAL,medium
IS6362,MFS35 Raster Industrial R28,139.4004,36.1129,MFS35,INDUSTRIAL,medium
IS6363,MFS35 Raster Industrial R30,139.4288,36.1987,MFS35,INDUSTRIAL,medium
IS6364,MFS35 Raster Industrial R32,139.4279,36.1229,MFS35,INDUSTRIAL,medium
IS6365,MFS35 Raster Industrial R34,139.3988,36.1079,MFS35,INDUSTRIAL,medium
IS6366,MFS35 Raster Industrial R36,139.4396,36.0954,MFS35,INDUSTRIAL,medium
IS6367,MFS35 Raster Industrial R38,139.4004,36.1779,MFS35,INDUSTRIAL,medium
IS6368,MFS35 Raster Industrial R40,139.3796,36.1612,MFS35,INDUSTRIAL,medium
IS6369,MFS35 Raster Industrial R42,139.4671,36.1571,MFS35,INDUSTRIAL,medium
IS6370,MFS35 Raster Industrial R44,139.3471,36.1654,MFS35,INDUSTRIAL,medium
IS6371,MFS35 Raster Industrial R46,139.3604,36.1646,MFS35,INDUSTRIAL,medium
IS6372,MFS35 Raster Industrial R48,139.3804,36.1421,MFS35,INDUSTRIAL,medium
IS6373,MFS35 Raster Industrial R50,139.3729,36.1112,MFS35,INDUSTRIAL,medium
IS6374,MFS35 Raster Industrial R52,139.3121,36.1896,MFS35,INDUSTRIAL,medium
IS6375,MFS35 Raster Industrial R54,139.3804,36.1212,MFS35,INDUSTRIAL,medium
IS6376,MFS35 Raster Industrial R56,139.4112,36.2329,MFS35,INDUSTRIAL,medium
IS6377,MFS35 Raster Industrial R58,139.3413,36.2237,MFS35,INDUSTRIAL,medium
IS6378,MFS35 Raster Industrial R60,139.3487,36.1196,MFS35,INDUSTRIAL,medium
IS6379,MFS35 Raster Industrial R62,139.4729,36.0912,MFS35,INDUSTRIAL,medium
IS6380,MFS35 Raster Industrial R64,139.4737,36.1304,MFS35,INDUSTRIAL,medium
IS6381,MFS35 Raster Industrial R66,139.3837,36.1854,MFS35,INDUSTRIAL,medium
IS6382,MFS35 Raster Industrial R68,139.4279,36.2321,MFS35,INDUSTRIAL,medium
IS6383,MFS35 Raster Industrial R70,139.3013,36.1954,MFS35,INDUSTRIAL,medium
IS6384,MFS35 Raster Industrial R72,139.4046,36.1504,MFS35,INDUSTRIAL,medium
IS6385,MFS35 Raster Industrial R74,139.3954,36.1321,MFS35,INDUSTRIAL,medium
IS6386,MFS35 Raster Industrial R76,139.3846,36.1679,MFS35,INDUSTRIAL,medium
IS6387,MFS35 Raster Industrial R78,139.4621,36.1237,MFS35,INDUSTRIAL,medium
IS6388,MFS35 Raster Industrial R80,139.4363,36.1387,MFS35,INDUSTRIAL,medium
IS6389,MFS35 Raster Industrial R82,139.3954,36.1346,MFS35,INDUSTRIAL,medium
IS6390,MFS35 Raster Industrial R84,139.3663,36.1262,MFS35,INDUSTRIAL,medium
IS6391,MFS35 Raster Industrial R86,139.3579,36.1521,MFS35,INDUSTRIAL,medium
IS6392,MFS35 Raster Industrial R88,139.3154,36.1696,MFS35,INDUSTRIAL,medium
IS6393,MFS35 Raster Industrial R90,139.4021,36.2187,MFS35,INDUSTRIAL,medium
IS6394,MFS35 Raster Industrial R92,139.4396,36.2212,MFS35,INDUSTRIAL,medium
IS6395,MFS35 Raster Industrial R94,139.3129,36.1879,MFS35,INDUSTRIAL,medium
IS6396,MFS35 Raster Industrial R96,139.4304,36.1354,MFS35,INDUSTRIAL,medium
IS6397,MFS35 Raster Industrial R98,139.4296,36.1146,MFS35,INDUSTRIAL,medium
IS6398,MFS35 Raster Industrial R100,139.4638,36.1079,MFS35,INDUSTRIAL,medium
IS6399,MFS36 Raster Industrial R2,139.2179,36.2079,MFS36,INDUSTRIAL,medium
IS6400,MFS36 Raster Industrial R4,139.1488,36.2421,MFS36,INDUSTRIAL,medium
IS6401,MFS36 Raster Industrial R6,139.1596,36.2437,MFS36,INDUSTRIAL,medium
IS6402,MFS36 Raster Industrial R8,139.1854,36.2904,MFS36,INDUSTRIAL,medium
IS6403,MFS36 Raster Industrial R10,139.2138,36.2246,MFS36,INDUSTRIAL,medium
IS6404,MFS36 Raster Industrial R12,139.1554,36.2562,MFS36,INDUSTRIAL,medium
IS6405,MFS36 Raster Industrial R14,139.1871,36.2596,MFS36,INDUSTRIAL,medium
IS6406,MFS36 Raster Industrial R16,139.1413,36.2512,MFS36,INDUSTRIAL,medium
IS6407,MFS36 Raster Industrial R18,139.1929,36.2354,MFS36,INDUSTRIAL,medium
IS6408,MFS36 Raster Industrial R20,139.2012,36.2237,MFS36,INDUSTRIAL,medium
IS6409,MFS36 Raster Industrial R22,139.1996,36.2654,MFS36,INDUSTRIAL,medium
IS6410,MFS36 Raster Industrial R24,139.1771,36.2596,MFS36,INDUSTRIAL,medium
IS6411,MFS36 Raster Industrial R26,139.1571,36.2271,MFS36,INDUSTRIAL,medium
IS6412,MFS36 Raster Industrial R28,139.1304,36.2229,MFS36,INDUSTRIAL,medium
IS6413,MFS36 Raster Industrial R30,139.1321,36.2229,MFS36,INDUSTRIAL,medium
IS6414,MFS36 Raster Industrial R32,139.1763,36.2487,MFS36,INDUSTRIAL,medium
IS6415,MFS36 Raster Industrial R34,139.2021,36.2812,MFS36,INDUSTRIAL,medium
IS6416,MFS36 Raster Industrial R36,139.2454,36.2371,MFS36,INDUSTRIAL,medium
IS6417,MFS36 Raster Industrial R38,139.1654,36.2937,MFS36,INDUSTRIAL,medium
IS6418,MFS36 Raster Industrial R40,139.2271,36.2096,MFS36,INDUSTRIAL,medium
IS6419,MFS36 Raster Industrial R42,139.1929,36.2279,MFS36,INDUSTRIAL,medium
IS6420,MFS36 Raster Industrial R44,139.1738,36.2271,MFS36,INDUSTRIAL,medium
IS6421,MFS36 Raster Industrial R46,139.1738,36.2346,MFS36,INDUSTRIAL,medium
IS6422,MFS36 Raster Industrial R48,139.1763,36.2229,MFS36,INDUSTRIAL,medium
IS6423,MFS36 Raster Industrial R50,139.1863,36.1871,MFS36,INDUSTRIAL,medium
IS6424,MFS36 Raster Industrial R52,139.2129,36.2662,MFS36,INDUSTRIAL,medium
IS6425,MFS36 Raster Industrial R54,139.1679,36.2496,MFS36,INDUSTRIAL,medium
IS6426,MFS36 Raster Industrial R56,139.2188,36.2612,MFS36,INDUSTRIAL,medium
IS6427,MFS36 Raster Industrial R58,139.2338,36.2187,MFS36,INDUSTRIAL,medium
IS6428,MFS36 Raster Industrial R60,139.1754,36.2562,MFS36,INDUSTRIAL,medium
IS6429,MFS36 Raster Industrial R62,139.2246,36.2362,MFS36,INDUSTRIAL,medium
IS6430,MFS36 Raster Industrial R64,139.1871,36.2179,MFS36,INDUSTRIAL,medium
IS6431,MFS36 Raster Industrial R66,139.1679,36.2037,MFS36,INDUSTRIAL,medium
IS6432,MFS36 Raster Industrial R68,139.1488,36.2871,MFS36,INDUSTRIAL,medium
IS6433,MFS36 Raster Industrial R70,139.1904,36.1929,MFS36,INDUSTRIAL,medium
IS6434,MFS36 Raster Industrial R72,139.1538,36.2387,MFS36,INDUSTRIAL,medium
IS6435,MFS36 Raster Industrial R74,139.2113,36.2871,MFS36,INDUSTRIAL,medium
IS6436,MFS36 Raster Industrial R76,139.1696,36.2871,MFS36,INDUSTRIAL,medium
IS6437,MFS36 Raster Industrial R78,139.1488,36.2879,MFS36,INDUSTRIAL,medium
IS6438,MFS36 Raster Industrial R80,139.1996,36.2371,MFS36,INDUSTRIAL,medium
IS6439,MFS36 Raster Industrial R82,139.1521,36.2587,MFS36,INDUSTRIAL,medium
IS6440,MFS36 Raster Industrial R84,139.1721,36.2321,MFS36,INDUSTRIAL,medium
IS6441,MFS36 Raster Industrial R86,139.1596,36.2871,MFS36,INDUSTRIAL,medium
IS6442,MFS36 Raster Industrial R88,139.1546,36.2846,MFS36,INDUSTRIAL,medium
IS6443,MFS36 Raster Industrial R90,139.1504,36.2037,MFS36,INDUSTRIAL,medium
IS6444,MFS36 Raster Industrial R92,139.2196,36.2721,MFS36,INDUSTRIAL,medium
IS6445,MFS36 Raster Industrial R94,139.1887,36.2279,MFS36,INDUSTRIAL,medium
IS6446,MFS36 Raster Industrial R96,139.1779,36.2887,MFS36,INDUSTRIAL,medium
IS6447,MFS36 Raster Industrial R98,139.1863,36.2496,MFS36,INDUSTRIAL,medium
IS6448,MFS36 Raster Industrial R100,139.2429,36.2021,MFS36,INDUSTRIAL,medium
IS6449,MFS37 Raster Industrial R2,139.0263,36.0646,MFS37,INDUSTRIAL,medium
IS6450,MFS37 Raster Industrial R4,139.0754,36.0296,MFS37,INDUSTRIAL,medium
IS6451,MFS37 Raster Industrial R6,139.0829,35.9929,MFS37,INDUSTRIAL,medium
IS6452,MFS37 Raster Industrial R8,139.0646,35.9696,MFS37,INDUSTRIAL,medium
IS6453,MFS37 Raster Industrial R10,139.1037,35.9904,MFS37,INDUSTRIAL,medium
IS6454,MFS37 Raster Industrial R12,139.0846,35.9954,MFS37,INDUSTRIAL,medium
IS6455,MFS37 Raster Industrial R14,139.0538,36.0496,MFS37,INDUSTRIAL,medium
IS6456,MFS37 Raster Industrial R16,139.0838,36.0237,MFS37,INDUSTRIAL,medium
IS6457,MFS37 Raster Industrial R18,139.0929,36.0571,MFS37,INDUSTRIAL,medium
IS6458,MFS37 Raster Industrial R20,139.1179,36.0187,MFS37,INDUSTRIAL,medium
IS6459,MFS37 Raster Industrial R22,139.1046,36.0179,MFS37,INDUSTRIAL,medium
IS6460,MFS37 Raster Industrial R24,139.1054,36.0754,MFS37,INDUSTRIAL,medium
IS6461,MFS37 Raster Industrial R26,139.0588,35.9654,MFS37,INDUSTRIAL,medium
IS6462,MFS37 Raster Industrial R28,139.1029,35.9771,MFS37,INDUSTRIAL,medium
IS6463,MFS37 Raster Industrial R30,139.0779,35.9946,MFS37,INDUSTRIAL,medium
IS6464,MFS37 Raster Industrial R32,139.0854,35.9896,MFS37,INDUSTRIAL,medium
IS6465,MFS37 Raster Industrial R34,139.0904,36.0004,MFS37,INDUSTRIAL,medium
IS6466,MFS37 Raster Industrial R36,138.9938,36.0204,MFS37,INDUSTRIAL,medium
IS6467,MFS37 Raster Industrial R38,139.0804,35.9771,MFS37,INDUSTRIAL,medium
IS6468,MFS37 Raster Industrial R40,139.0879,36.0729,MFS37,INDUSTRIAL,medium
IS6469,MFS37 Raster Industrial R42,139.1129,36.0137,MFS37,INDUSTRIAL,medium
IS6470,MFS37 Raster Industrial R44,139.0696,36.0246,MFS37,INDUSTRIAL,medium
IS6471,MFS37 Raster Industrial R46,139.1088,36.1029,MFS37,INDUSTRIAL,medium
IS6472,MFS37 Raster Industrial R48,139.1196,36.0279,MFS37,INDUSTRIAL,medium
IS6473,MFS37 Raster Industrial R50,139.0854,36.0704,MFS37,INDUSTRIAL,medium
IS6474,MFS37 Raster Industrial R52,139.0463,35.9887,MFS37,INDUSTRIAL,medium
IS6475,MFS37 Raster Industrial R54,139.0804,35.9937,MFS37,INDUSTRIAL,medium
IS6476,MFS37 Raster Industrial R56,139.1821,35.9421,MFS37,INDUSTRIAL,medium
IS6477,MFS37 Raster Industrial R58,139.0938,36.0254,MFS37,INDUSTRIAL,medium
IS6478,MFS37 Raster Industrial R60,139.0838,36.0621,MFS37,INDUSTRIAL,medium
IS6479,MFS37 Raster Industrial R62,139.0938,36.0121,MFS37,INDUSTRIAL,medium
IS6480,MFS37 Raster Industrial R64,139.1062,35.9662,MFS37,INDUSTRIAL,medium
IS6481,MFS37 Raster Industrial R66,139.1046,35.9871,MFS37,INDUSTRIAL,medium
IS6482,MFS37 Raster Industrial R68,139.0521,35.9721,MFS37,INDUSTRIAL,medium
IS6483,MFS37 Raster Industrial R70,139.1037,35.9912,MFS37,INDUSTRIAL,medium
IS6484,MFS37 Raster Industrial R72,139.0913,35.9796,MFS37,INDUSTRIAL,medium
IS6485,MFS37 Raster Industrial R74,139.1029,36.0429,MFS37,INDUSTRIAL,medium
IS6486,MFS37 Raster Industrial R76,139.1113,35.9787,MFS37,INDUSTRIAL,medium
IS6487,MFS37 Raster Industrial R78,139.0554,36.0112,MFS37,INDUSTRIAL,medium
IS6488,MFS37 Raster Industrial R80,139.0838,36.0854,MFS37,INDUSTRIAL,medium
IS6489,MFS37 Raster Industrial R82,139.1154,36.0137,MFS37,INDUSTRIAL,medium
IS6490,MFS37 Raster Industrial R84,139.1096,36.0971,MFS37,INDUSTRIAL,medium
IS6491,MFS37 Raster Industrial R86,139.0404,36.0404,MFS37,INDUSTRIAL,medium
IS6492,MFS37 Raster Industrial R88,139.0362,36.0104,MFS37,INDUSTRIAL,medium
IS6493,MFS37 Raster Industrial R90,139.0329,36.0087,MFS37,INDUSTRIAL,medium
IS6494,MFS37 Raster Industrial R92,139.0721,35.9896,MFS37,INDUSTRIAL,medium
IS6495,MFS37 Raster Industrial R94,139.0621,36.0479,MFS37,INDUSTRIAL,medium
IS6496,MFS37 Raster Industrial R96,139.1146,36.0929,MFS37,INDUSTRIAL,medium
IS6497,MFS37 Raster Industrial R98,139.0788,35.9871,MFS37,INDUSTRIAL,medium
IS6498,MFS37 Raster Industrial R100,139.0571,36.0529,MFS37,INDUSTRIAL,medium
IS6499,MFS38 Raster Industrial R2,140.0921,35.5737,MFS38,INDUSTRIAL,medium
IS6500,MFS38 Raster Industrial R4,140.1496,35.6337,MFS38,INDUSTRIAL,medium
IS6501,MFS38 Raster Industrial R6,140.0821,35.6279,MFS38,INDUSTRIAL,medium
IS6502,MFS38 Raster Industrial R8,140.1054,35.6079,MFS38,INDUSTRIAL,medium
IS6503,MFS38 Raster Industrial R10,140.1454,35.6321,MFS38,INDUSTRIAL,medium
IS6504,MFS38 Raster Industrial R12,140.1254,35.6329,MFS38,INDUSTRIAL,medium
IS6505,MFS38 Raster Industrial R14,140.0954,35.5837,MFS38,INDUSTRIAL,medium
IS6506,MFS38 Raster Industrial R16,140.0921,35.5712,MFS38,INDUSTRIAL,medium
IS6507,MFS38 Raster Industrial R18,140.0838,35.5979,MFS38,INDUSTRIAL,medium
IS6508,MFS38 Raster Industrial R20,140.1604,35.6229,MFS38,INDUSTRIAL,medium
IS6509,MFS38 Raster Industrial R22,140.1421,35.6029,MFS38,INDUSTRIAL,medium
IS6510,MFS38 Raster Industrial R24,140.1354,35.5996,MFS38,INDUSTRIAL,medium
IS6511,MFS38 Raster Industrial R26,140.1329,35.6179,MFS38,INDUSTRIAL,medium
IS6512,MFS38 Raster Industrial R28,140.1463,35.6246,MFS38,INDUSTRIAL,medium
IS6513,MFS38 Raster Industrial R30,140.1229,35.5796,MFS38,INDUSTRIAL,medium
IS6514,MFS38 Raster Industrial R32,140.1029,35.6212,MFS38,INDUSTRIAL,medium
IS6515,MFS38 Raster Industrial R34,140.1229,35.6146,MFS38,INDUSTRIAL,medium
IS6516,MFS38 Raster Industrial R36,140.0971,35.6212,MFS38,INDUSTRIAL,medium
IS6517,MFS38 Raster Industrial R38,140.0979,35.6221,MFS38,INDUSTRIAL,medium
IS6518,MFS38 Raster Industrial R40,140.1612,35.6296,MFS38,INDUSTRIAL,medium
IS6519,MFS38 Raster Industrial R42,140.1004,35.6421,MFS38,INDUSTRIAL,medium
IS6520,MFS38 Raster Industrial R44,140.0954,35.6479,MFS38,INDUSTRIAL,medium
IS6521,MFS38 Raster Industrial R46,140.1163,35.6462,MFS38,INDUSTRIAL,medium
IS6522,MFS38 Raster Industrial R48,140.1404,35.5746,MFS38,INDUSTRIAL,medium
IS6523,MFS38 Raster Industrial R50,140.0771,35.6371,MFS38,INDUSTRIAL,medium
IS6524,MFS38 Raster Industrial R52,140.1279,35.5762,MFS38,INDUSTRIAL,medium
IS6525,MFS38 Raster Industrial R54,140.1438,35.6204,MFS38,INDUSTRIAL,medium
IS6526,MFS38 Raster Industrial R56,140.1421,35.6321,MFS38,INDUSTRIAL,medium
IS6527,MFS38 Raster Industrial R58,140.1196,35.5879,MFS38,INDUSTRIAL,medium
IS6528,MFS38 Raster Industrial R60,140.1213,35.5937,MFS38,INDUSTRIAL,medium
IS6529,MFS38 Raster Industrial R62,140.1188,35.6104,MFS38,INDUSTRIAL,medium
IS6530,MFS38 Raster Industrial R64,140.1304,35.6521,MFS38,INDUSTRIAL,medium
IS6531,MFS38 Raster Industrial R66,140.1404,35.6137,MFS38,INDUSTRIAL,medium
IS6532,MFS38 Raster Industrial R68,140.1037,35.5987,MFS38,INDUSTRIAL,medium
IS6533,MFS38 Raster Industrial R70,140.0954,35.6412,MFS38,INDUSTRIAL,medium
IS6534,MFS38 Raster Industrial R72,140.1179,35.6129,MFS38,INDUSTRIAL,medium
IS6535,MFS38 Raster Industrial R74,140.0771,35.6204,MFS38,INDUSTRIAL,medium
IS6536,MFS38 Raster Industrial R76,140.1287,35.5721,MFS38,INDUSTRIAL,medium
IS6537,MFS38 Raster Industrial R78,140.1071,35.6421,MFS38,INDUSTRIAL,medium
IS6538,MFS38 Raster Industrial R80,140.1513,35.6254,MFS38,INDUSTRIAL,medium
IS6539,MFS38 Raster Industrial R82,140.1104,35.6529,MFS38,INDUSTRIAL,medium
IS6540,MFS38 Raster Industrial R84,140.0929,35.5804,MFS38,INDUSTRIAL,medium
IS6541,MFS38 Raster Industrial R86,140.0854,35.6154,MFS38,INDUSTRIAL,medium
IS6542,MFS38 Raster Industrial R88,140.1362,35.5821,MFS38,INDUSTRIAL,medium
IS6543,MFS38 Raster Industrial R90,140.1062,35.5937,MFS38,INDUSTRIAL,medium
IS6544,MFS38 Raster Industrial R92,140.0954,35.6446,MFS38,INDUSTRIAL,medium
IS6545,MFS38 Raster Industrial R94,140.1654,35.6071,MFS38,INDUSTRIAL,medium
IS6546,MFS38 Raster Industrial R96,140.1304,35.6237,MFS38,INDUSTRIAL,medium
IS6547,MFS38 Raster Industrial R98,140.1246,35.6504,MFS38,INDUSTRIAL,medium
IS6548,MFS38 Raster Industrial R100,140.1612,35.6021,MFS38,INDUSTRIAL,medium
IS6549,MFS40 Raster Industrial R2,139.9313,35.8762,MFS40,INDUSTRIAL,medium
IS6550,MFS40 Raster Industrial R4,139.9204,35.8179,MFS40,INDUSTRIAL,medium
IS6551,MFS40 Raster Industrial R6,139.9437,35.8429,MFS40,INDUSTRIAL,medium
IS6552,MFS40 Raster Industrial R8,139.9354,35.7996,MFS40,INDUSTRIAL,medium
IS6553,MFS40 Raster Industrial R10,139.9704,35.8037,MFS40,INDUSTRIAL,medium
IS6554,MFS40 Raster Industrial R12,139.9554,35.8787,MFS40,INDUSTRIAL,medium
IS6555,MFS40 Raster Industrial R14,139.9496,35.8629,MFS40,INDUSTRIAL,medium
IS6556,MFS40 Raster Industrial R16,139.9338,35.8179,MFS40,INDUSTRIAL,medium
IS6557,MFS40 Raster Industrial R18,139.9512,35.8762,MFS40,INDUSTRIAL,medium
IS6558,MFS40 Raster Industrial R20,139.9779,35.8129,MFS40,INDUSTRIAL,medium
IS6559,MFS40 Raster Industrial R22,139.9238,35.8129,MFS40,INDUSTRIAL,medium
IS6560,MFS40 Raster Industrial R24,139.9529,35.8804,MFS40,INDUSTRIAL,medium
IS6561,MFS40 Raster Industrial R26,139.9229,35.8262,MFS40,INDUSTRIAL,medium
IS6562,MFS40 Raster Industrial R28,139.9846,35.8296,MFS40,INDUSTRIAL,medium
IS6563,MFS40 Raster Industrial R30,139.9746,35.8204,MFS40,INDUSTRIAL,medium
IS6564,MFS40 Raster Industrial R32,139.9421,35.8754,MFS40,INDUSTRIAL,medium
IS6565,MFS40 Raster Industrial R34,139.9688,35.8179,MFS40,INDUSTRIAL,medium
IS6566,MFS40 Raster Industrial R36,139.9154,35.8162,MFS40,INDUSTRIAL,medium
IS6567,MFS40 Raster Industrial R38,139.9446,35.8529,MFS40,INDUSTRIAL,medium
IS6568,MFS40 Raster Industrial R40,139.9146,35.8521,MFS40,INDUSTRIAL,medium
IS6569,MFS40 Raster Industrial R42,139.9629,35.8637,MFS40,INDUSTRIAL,medium
IS6570,MFS40 Raster Industrial R44,139.9462,35.8404,MFS40,INDUSTRIAL,medium
IS6571,MFS40 Raster Industrial R46,139.9863,35.8304,MFS40,INDUSTRIAL,medium
IS6572,MFS40 Raster Industrial R48,139.9371,35.8362,MFS40,INDUSTRIAL,medium
IS6573,MFS40 Raster Industrial R50,139.9454,35.8254,MFS40,INDUSTRIAL,medium
IS6574,MFS40 Raster Industrial R52,139.9512,35.8571,MFS40,INDUSTRIAL,medium
IS6575,MFS40 Raster Industrial R54,139.9104,35.8171,MFS40,INDUSTRIAL,medium
IS6576,MFS40 Raster Industrial R56,139.9696,35.8604,MFS40,INDUSTRIAL,medium
IS6577,MFS40 Raster Industrial R58,139.9929,35.8437,MFS40,INDUSTRIAL,medium
IS6578,MFS40 Raster Industrial R60,139.9263,35.8762,MFS40,INDUSTRIAL,medium
IS6579,MFS40 Raster Industrial R62,139.9137,35.8129,MFS40,INDUSTRIAL,medium
IS6580,MFS40 Raster Industrial R64,139.9121,35.8129,MFS40,INDUSTRIAL,medium
IS6581,MFS40 Raster Industrial R66,139.9196,35.8179,MFS40,INDUSTRIAL,medium
IS6582,MFS40 Raster Industrial R68,139.9604,35.8137,MFS40,INDUSTRIAL,medium
IS6583,MFS40 Raster Industrial R70,139.9946,35.8321,MFS40,INDUSTRIAL,medium
IS6584,MFS40 Raster Industrial R72,139.9504,35.8604,MFS40,INDUSTRIAL,medium
IS6585,MFS40 Raster Industrial R74,139.9404,35.8237,MFS40,INDUSTRIAL,medium
IS6586,MFS40 Raster Industrial R76,139.9462,35.8212,MFS40,INDUSTRIAL,medium
IS6587,MFS40 Raster Industrial R78,139.9179,35.8237,MFS40,INDUSTRIAL,medium
IS6588,MFS40 Raster Industrial R80,139.9504,35.8479,MFS40,INDUSTRIAL,medium
IS6589,MFS40 Raster Industrial R82,139.9112,35.8671,MFS40,INDUSTRIAL,medium
IS6590,MFS40 Raster Industrial R84,139.9529,35.8462,MFS40,INDUSTRIAL,medium
IS6591,MFS40 Raster Industrial R86,139.9446,35.8204,MFS40,INDUSTRIAL,medium
IS6592,MFS40 Raster Industrial R88,139.9554,35.8421,MFS40,INDUSTRIAL,medium
IS6593,MFS40 Raster Industrial R90,139.9512,35.8504,MFS40,INDUSTRIAL,medium
IS6594,MFS40 Raster Industrial R92,139.9171,35.8171,MFS40,INDUSTRIAL,medium
IS6595,MFS40 Raster Industrial R94,139.9496,35.8354,MFS40,INDUSTRIAL,medium
IS6596,MFS40 Raster Industrial R96,139.9096,35.8679,MFS40,INDUSTRIAL,medium
IS6597,MFS40 Raster Industrial R98,139.9604,35.8796,MFS40,INDUSTRIAL,medium
IS6598,MFS40 Raster Industrial R100,139.9871,35.8512,MFS40,INDUSTRIAL,medium
IS6599,MFS41 Raster Industrial R2,139.8829,35.9304,MFS41,INDUSTRIAL,medium
IS6600,MFS41 Raster Industrial R4,139.8613,35.9479,MFS41,INDUSTRIAL,medium
IS6601,MFS41 Raster Industrial R6,139.9013,35.9462,MFS41,INDUSTRIAL,medium
IS6602,MFS41 Raster Industrial R8,139.8904,35.9287,MFS41,INDUSTRIAL,medium
IS6603,MFS41 Raster Industrial R10,139.9129,35.9279,MFS41,INDUSTRIAL,medium
IS6604,MFS41 Raster Industrial R12,139.8821,35.9279,MFS41,INDUSTRIAL,medium
IS6605,MFS41 Raster Industrial R14,139.8996,35.9337,MFS41,INDUSTRIAL,medium
IS6606,MFS41 Raster Industrial R16,139.9213,35.9579,MFS41,INDUSTRIAL,medium
IS6607,MFS41 Raster Industrial R18,139.9062,35.9504,MFS41,INDUSTRIAL,medium
IS6608,MFS41 Raster Industrial R20,139.8887,35.9462,MFS41,INDUSTRIAL,medium
IS6609,MFS41 Raster Industrial R22,139.8938,35.9679,MFS41,INDUSTRIAL,medium
IS6610,MFS41 Raster Industrial R24,139.8762,35.9479,MFS41,INDUSTRIAL,medium
IS6611,MFS41 Raster Industrial R26,139.8779,35.9612,MFS41,INDUSTRIAL,medium
IS6612,MFS41 Raster Industrial R28,139.8621,35.9371,MFS41,INDUSTRIAL,medium
IS6613,MFS41 Raster Industrial R30,139.8762,35.9596,MFS41,INDUSTRIAL,medium
IS6614,MFS41 Raster Industrial R32,139.9071,35.9321,MFS41,INDUSTRIAL,medium
IS6615,MFS41 Raster Industrial R34,139.8671,35.9696,MFS41,INDUSTRIAL,medium
IS6616,MFS41 Raster Industrial R36,139.9387,35.9246,MFS41,INDUSTRIAL,medium
IS6617,MFS41 Raster Industrial R38,139.8871,35.9462,MFS41,INDUSTRIAL,medium
IS6618,MFS41 Raster Industrial R40,139.8779,35.9546,MFS41,INDUSTRIAL,medium
IS6619,MFS41 Raster Industrial R42,139.8954,35.9421,MFS41,INDUSTRIAL,medium
IS6620,MFS41 Raster Industrial R44,139.9079,35.9321,MFS41,INDUSTRIAL,medium
IS6621,MFS41 Raster Industrial R46,139.8679,35.9796,MFS41,INDUSTRIAL,medium
IS6622,MFS41 Raster Industrial R48,139.8596,35.9379,MFS41,INDUSTRIAL,medium
IS6623,MFS41 Raster Industrial R50,139.9004,35.9654,MFS41,INDUSTRIAL,medium
IS6624,MFS41 Raster Industrial R52,139.8929,35.9312,MFS41,INDUSTRIAL,medium
IS6625,MFS41 Raster Industrial R54,139.8754,35.9629,MFS41,INDUSTRIAL,medium
IS6626,MFS41 Raster Industrial R56,139.9096,35.9479,MFS41,INDUSTRIAL,medium
IS6627,MFS41 Raster Industrial R58,139.8829,35.9521,MFS41,INDUSTRIAL,medium
IS6628,MFS41 Raster Industrial R60,139.8854,35.9204,MFS41,INDUSTRIAL,medium
IS6629,MFS41 Raster Industrial R62,139.9013,35.9304,MFS41,INDUSTRIAL,medium
IS6630,MFS41 Raster Industrial R64,139.9154,35.9221,MFS41,INDUSTRIAL,medium
IS6631,MFS41 Raster Industrial R66,139.8771,35.9537,MFS41,INDUSTRIAL,medium
IS6632,MFS41 Raster Industrial R68,139.9013,35.9121,MFS41,INDUSTRIAL,medium
IS6633,MFS41 Raster Industrial R70,139.8988,35.9321,MFS41,INDUSTRIAL,medium
IS6634,MFS41 Raster Industrial R72,139.8979,35.9137,MFS41,INDUSTRIAL,medium
IS6635,MFS41 Raster Industrial R74,139.9112,35.9137,MFS41,INDUSTRIAL,medium
IS6636,MFS41 Raster Industrial R76,139.8679,35.9587,MFS41,INDUSTRIAL,medium
IS6637,MFS41 Raster Industrial R78,139.8704,35.9596,MFS41,INDUSTRIAL,medium
IS6638,MFS41 Raster Industrial R80,139.8988,35.9446,MFS41,INDUSTRIAL,medium
IS6639,MFS41 Raster Industrial R82,139.9054,35.9654,MFS41,INDUSTRIAL,medium
IS6640,MFS41 Raster Industrial R84,139.8862,35.9804,MFS41,INDUSTRIAL,medium
IS6641,MFS41 Raster Industrial R86,139.9029,35.9304,MFS41,INDUSTRIAL,medium
IS6642,MFS41 Raster Industrial R88,139.9221,35.9321,MFS41,INDUSTRIAL,medium
IS6643,MFS41 Raster Industrial R90,139.8996,35.9229,MFS41,INDUSTRIAL,medium
IS6644,MFS41 Raster Industrial R92,139.9229,35.9287,MFS41,INDUSTRIAL,medium
IS6645,MFS41 Raster Industrial R94,139.9004,35.9246,MFS41,INDUSTRIAL,medium
IS6646,MFS41 Raster Industrial R96,139.9137,35.9637,MFS41,INDUSTRIAL,medium
IS6647,MFS41 Raster Industrial R98,139.8746,35.9604,MFS41,INDUSTRIAL,medium
IS6648,MFS41 Raster Industrial R100,139.8879,35.9179,MFS41,INDUSTRIAL,medium
IS6649,MFS42 Raster Industrial R2,140.1796,35.7387,MFS42,INDUSTRIAL,medium
IS6650,MFS42 Raster Industrial R4,140.1429,35.6746,MFS42,INDUSTRIAL,medium
IS6651,MFS42 Raster Industrial R6,140.1238,35.7537,MFS42,INDUSTRIAL,medium
IS6652,MFS42 Raster Industrial R8,140.1871,35.6996,MFS42,INDUSTRIAL,medium
IS6653,MFS42 Raster Industrial R10,140.1696,35.7637,MFS42,INDUSTRIAL,medium
IS6654,MFS42 Raster Industrial R12,140.1296,35.7679,MFS42,INDUSTRIAL,medium
IS6655,MFS42 Raster Industrial R14,140.1796,35.7204,MFS42,INDUSTRIAL,medium
IS6656,MFS42 Raster Industrial R16,140.1838,35.6962,MFS42,INDUSTRIAL,medium
IS6657,MFS42 Raster Industrial R18,140.1937,35.7154,MFS42,INDUSTRIAL,medium
IS6658,MFS42 Raster Industrial R20,140.1062,35.6804,MFS42,INDUSTRIAL,medium
IS6659,MFS42 Raster Industrial R22,140.1979,35.6854,MFS42,INDUSTRIAL,medium
IS6660,MFS42 Raster Industrial R24,140.1346,35.7096,MFS42,INDUSTRIAL,medium
IS6661,MFS42 Raster Industrial R26,140.1054,35.7187,MFS42,INDUSTRIAL,medium
IS6662,MFS42 Raster Industrial R28,140.1454,35.6662,MFS42,INDUSTRIAL,medium
IS6663,MFS42 Raster Industrial R30,140.1171,35.7371,MFS42,INDUSTRIAL,medium
IS6664,MFS42 Raster Industrial R32,140.1396,35.7121,MFS42,INDUSTRIAL,medium
IS6665,MFS42 Raster Industrial R34,140.1946,35.6879,MFS42,INDUSTRIAL,medium
IS6666,MFS42 Raster Industrial R36,140.1029,35.7321,MFS42,INDUSTRIAL,medium
IS6667,MFS42 Raster Industrial R38,140.1287,35.6829,MFS42,INDUSTRIAL,medium
IS6668,MFS42 Raster Industrial R40,140.1079,35.7087,MFS42,INDUSTRIAL,medium
IS6669,MFS42 Raster Industrial R42,140.1238,35.7354,MFS42,INDUSTRIAL,medium
IS6670,MFS42 Raster Industrial R44,140.1387,35.6929,MFS42,INDUSTRIAL,medium
IS6671,MFS42 Raster Industrial R46,140.1562,35.7079,MFS42,INDUSTRIAL,medium
IS6672,MFS42 Raster Industrial R48,140.1971,35.6846,MFS42,INDUSTRIAL,medium
IS6673,MFS42 Raster Industrial R50,140.1387,35.7246,MFS42,INDUSTRIAL,medium
IS6674,MFS42 Raster Industrial R52,140.1246,35.7429,MFS42,INDUSTRIAL,medium
IS6675,MFS42 Raster Industrial R54,140.1271,35.7329,MFS42,INDUSTRIAL,medium
IS6676,MFS42 Raster Industrial R56,140.1863,35.7137,MFS42,INDUSTRIAL,medium
IS6677,MFS42 Raster Industrial R58,140.1054,35.7137,MFS42,INDUSTRIAL,medium
IS6678,MFS42 Raster Industrial R60,140.1146,35.7437,MFS42,INDUSTRIAL,medium
IS6679,MFS42 Raster Industrial R62,140.1446,35.6962,MFS42,INDUSTRIAL,medium
IS6680,MFS42 Raster Industrial R64,140.1312,35.7121,MFS42,INDUSTRIAL,medium
IS6681,MFS42 Raster Industrial R66,140.1788,35.6887,MFS42,INDUSTRIAL,medium
IS6682,MFS42 Raster Industrial R68,140.1204,35.7179,MFS42,INDUSTRIAL,medium
IS6683,MFS42 Raster Industrial R70,140.1012,35.7087,MFS42,INDUSTRIAL,medium
IS6684,MFS42 Raster Industrial R72,140.1871,35.7154,MFS42,INDUSTRIAL,medium
IS6685,MFS42 Raster Industrial R74,140.1362,35.6746,MFS42,INDUSTRIAL,medium
IS6686,MFS42 Raster Industrial R76,140.1021,35.7104,MFS42,INDUSTRIAL,medium
IS6687,MFS42 Raster Industrial R78,140.1612,35.6687,MFS42,INDUSTRIAL,medium
IS6688,MFS42 Raster Industrial R80,140.1029,35.7187,MFS42,INDUSTRIAL,medium
IS6689,MFS42 Raster Industrial R82,140.1354,35.7296,MFS42,INDUSTRIAL,medium
IS6690,MFS42 Raster Industrial R84,140.1188,35.7137,MFS42,INDUSTRIAL,medium
IS6691,MFS42 Raster Industrial R86,140.1729,35.7287,MFS42,INDUSTRIAL,medium
IS6692,MFS42 Raster Industrial R88,140.1271,35.6754,MFS42,INDUSTRIAL,medium
IS6693,MFS42 Raster Industrial R90,140.1738,35.7312,MFS42,INDUSTRIAL,medium
IS6694,MFS42 Raster Industrial R92,140.1321,35.7312,MFS42,INDUSTRIAL,medium
IS6695,MFS42 Raster Industrial R94,140.1929,35.6812,MFS42,INDUSTRIAL,medium
IS6696,MFS42 Raster Industrial R96,140.1246,35.7221,MFS42,INDUSTRIAL,medium
IS6697,MFS42 Raster Industrial R98,140.1513,35.6704,MFS42,INDUSTRIAL,medium
IS6698,MFS42 Raster Industrial R100,140.1746,35.7354,MFS42,INDUSTRIAL,medium
IS6699,MFS44 Raster Industrial R2,140.0796,35.6504,MFS44,INDUSTRIAL,medium
IS6700,MFS44 Raster Industrial R4,140.0746,35.6346,MFS44,INDUSTRIAL,medium
IS6701,MFS44 Raster Industrial R6,140.0996,35.6379,MFS44,INDUSTRIAL,medium
IS6702,MFS44 Raster Industrial R8,140.1079,35.5937,MFS44,INDUSTRIAL,medium
IS6703,MFS44 Raster Industrial R10,140.0588,35.6287,MFS44,INDUSTRIAL,medium
IS6704,MFS44 Raster Industrial R12,140.0404,35.6504,MFS44,INDUSTRIAL,medium
IS6705,MFS44 Raster Industrial R14,140.1096,35.6371,MFS44,INDUSTRIAL,medium
IS6706,MFS44 Raster Industrial R16,140.1062,35.6037,MFS44,INDUSTRIAL,medium
IS6707,MFS44 Raster Industrial R18,140.0521,35.6462,MFS44,INDUSTRIAL,medium
IS6708,MFS44 Raster Industrial R20,140.1046,35.6229,MFS44,INDUSTRIAL,medium
IS6709,MFS44 Raster Industrial R22,140.0721,35.6212,MFS44,INDUSTRIAL,medium
IS6710,MFS44 Raster Industrial R24,140.0304,35.6537,MFS44,INDUSTRIAL,medium
IS6711,MFS44 Raster Industrial R26,140.0896,35.6204,MFS44,INDUSTRIAL,medium
IS6712,MFS44 Raster Industrial R28,140.0921,35.6329,MFS44,INDUSTRIAL,medium
IS6713,MFS44 Raster Industrial R30,140.0488,35.6587,MFS44,INDUSTRIAL,medium
IS6714,MFS44 Raster Industrial R32,140.0679,35.6512,MFS44,INDUSTRIAL,medium
IS6715,MFS44 Raster Industrial R34,140.0746,35.6071,MFS44,INDUSTRIAL,medium
IS6716,MFS44 Raster Industrial R36,140.0888,35.6446,MFS44,INDUSTRIAL,medium
IS6717,MFS44 Raster Industrial R38,140.1029,35.6454,MFS44,INDUSTRIAL,medium
IS6718,MFS44 Raster Industrial R40,140.0729,35.6496,MFS44,INDUSTRIAL,medium
IS6719,MFS44 Raster Industrial R42,140.1113,35.6271,MFS44,INDUSTRIAL,medium
IS6720,MFS44 Raster Industrial R44,140.0779,35.6362,MFS44,INDUSTRIAL,medium
IS6721,MFS44 Raster Industrial R46,140.0396,35.6529,MFS44,INDUSTRIAL,medium
IS6722,MFS44 Raster Industrial R48,140.0421,35.6512,MFS44,INDUSTRIAL,medium
IS6723,MFS44 Raster Industrial R50,140.1129,35.5862,MFS44,INDUSTRIAL,medium
IS6724,MFS44 Raster Industrial R52,140.1129,35.6354,MFS44,INDUSTRIAL,medium
IS6725,MFS44 Raster Industrial R54,140.1104,35.6154,MFS44,INDUSTRIAL,medium
IS6726,MFS44 Raster Industrial R56,140.0654,35.6537,MFS44,INDUSTRIAL,medium
IS6727,MFS44 Raster Industrial R58,140.0696,35.6279,MFS44,INDUSTRIAL,medium
IS6728,MFS44 Raster Industrial R60,140.0987,35.6496,MFS44,INDUSTRIAL,medium
IS6729,MFS44 Raster Industrial R62,140.0496,35.6612,MFS44,INDUSTRIAL,medium
IS6730,MFS44 Raster Industrial R64,140.0987,35.6021,MFS44,INDUSTRIAL,medium
IS6731,MFS44 Raster Industrial R66,140.1113,35.6062,MFS44,INDUSTRIAL,medium
IS6732,MFS44 Raster Industrial R68,140.0629,35.6237,MFS44,INDUSTRIAL,medium
IS6733,MFS44 Raster Industrial R70,140.0913,35.5754,MFS44,INDUSTRIAL,medium
IS6734,MFS44 Raster Industrial R72,140.1071,35.6304,MFS44,INDUSTRIAL,medium
IS6735,MFS44 Raster Industrial R74,140.0871,35.6246,MFS44,INDUSTRIAL,medium
IS6736,MFS44 Raster Industrial R76,140.0904,35.6137,MFS44,INDUSTRIAL,medium
IS6737,MFS44 Raster Industrial R78,140.0821,35.6004,MFS44,INDUSTRIAL,medium
IS6738,MFS44 Raster Industrial R80,140.0888,35.6312,MFS44,INDUSTRIAL,medium
IS6739,MFS44 Raster Industrial R82,140.0679,35.6146,MFS44,INDUSTRIAL,medium
IS6740,MFS44 Raster Industrial R84,140.0971,35.6521,MFS44,INDUSTRIAL,medium
IS6741,MFS44 Raster Industrial R86,140.0754,35.6529,MFS44,INDUSTRIAL,medium
IS6742,MFS44 Raster Industrial R88,140.0771,35.6421,MFS44,INDUSTRIAL,medium
IS6743,MFS44 Raster Industrial R90,140.0829,35.6412,MFS44,INDUSTRIAL,medium
IS6744,MFS44 Raster Industrial R92,140.1096,35.6404,MFS44,INDUSTRIAL,medium
IS6745,MFS44 Raster Industrial R94,140.0821,35.6404,MFS44,INDUSTRIAL,medium
IS6746,MFS44 Raster Industrial R96,140.1096,35.6279,MFS44,INDUSTRIAL,medium
IS6747,MFS44 Raster Industrial R98,140.1096,35.6187,MFS44,INDUSTRIAL,medium
IS6748,MFS44 Raster Industrial R100,140.0838,35.6029,MFS44,INDUSTRIAL,medium
IS6749,MFS45 Raster Industrial R2,140.2979,35.3946,MFS45,INDUSTRIAL,medium
IS6750,MFS45 Raster Industrial R4,140.2871,35.4121,MFS45,INDUSTRIAL,medium
IS6751,MFS45 Raster Industrial R6,140.3154,35.4604,MFS45,INDUSTRIAL,medium
IS6752,MFS45 Raster Industrial R8,140.3204,35.3162,MFS45,INDUSTRIAL,medium
IS6753,MFS45 Raster Industrial R10,140.2896,35.2737,MFS45,INDUSTRIAL,medium
IS6754,MFS45 Raster Industrial R12,140.3196,35.4021,MFS45,INDUSTRIAL,medium
IS6755,MFS45 Raster Industrial R14,140.2779,35.4179,MFS45,INDUSTRIAL,medium
IS6756,MFS45 Raster Industrial R16,140.3721,35.4246,MFS45,INDUSTRIAL,medium
IS6757,MFS45 Raster Industrial R18,140.3779,35.3771,MFS45,INDUSTRIAL,medium
IS6758,MFS45 Raster Industrial R20,140.2912,35.4404,MFS45,INDUSTRIAL,medium
IS6759,MFS45 Raster Industrial R22,140.2604,35.4596,MFS45,INDUSTRIAL,medium
IS6760,MFS45 Raster Industrial R24,140.3454,35.3046,MFS45,INDUSTRIAL,medium
IS6761,MFS45 Raster Industrial R26,140.2946,35.2812,MFS45,INDUSTRIAL,medium
IS6762,MFS45 Raster Industrial R28,140.2796,35.4304,MFS45,INDUSTRIAL,medium
IS6763,MFS45 Raster Industrial R30,140.1863,35.4529,MFS45,INDUSTRIAL,medium
IS6764,MFS45 Raster Industrial R32,140.3029,35.4004,MFS45,INDUSTRIAL,medium
IS6765,MFS45 Raster Industrial R34,140.1937,35.4271,MFS45,INDUSTRIAL,medium
IS6766,MFS45 Raster Industrial R36,140.2954,35.4271,MFS45,INDUSTRIAL,medium
IS6767,MFS45 Raster Industrial R38,140.1488,35.4421,MFS45,INDUSTRIAL,medium
IS6768,MFS45 Raster Industrial R40,140.1996,35.3962,MFS45,INDUSTRIAL,medium
IS6769,MFS45 Raster Industrial R42,140.2421,35.3804,MFS45,INDUSTRIAL,medium
IS6770,MFS45 Raster Industrial R44,140.3537,35.4254,MFS45,INDUSTRIAL,medium
IS6771,MFS45 Raster Industrial R46,140.3512,35.3979,MFS45,INDUSTRIAL,medium
IS6772,MFS45 Raster Industrial R48,140.2562,35.4704,MFS45,INDUSTRIAL,medium
IS6773,MFS45 Raster Industrial R50,140.2429,35.2771,MFS45,INDUSTRIAL,medium
IS6774,MFS45 Raster Industrial R52,140.3171,35.2962,MFS45,INDUSTRIAL,medium
IS6775,MFS45 Raster Industrial R54,140.1604,35.2571,MFS45,INDUSTRIAL,medium
IS6776,MFS45 Raster Industrial R56,140.2496,35.2371,MFS45,INDUSTRIAL,medium
IS6777,MFS45 Raster Industrial R58,140.3304,35.4154,MFS45,INDUSTRIAL,medium
IS6778,MFS45 Raster Industrial R60,140.2429,35.2946,MFS45,INDUSTRIAL,medium
IS6779,MFS45 Raster Industrial R62,140.1504,35.3979,MFS45,INDUSTRIAL,medium
IS6780,MFS45 Raster Industrial R64,140.3504,35.4412,MFS45,INDUSTRIAL,medium
IS6781,MFS45 Raster Industrial R66,140.2862,35.2754,MFS45,INDUSTRIAL,medium
IS6782,MFS45 Raster Industrial R68,140.2438,35.2521,MFS45,INDUSTRIAL,medium
IS6783,MFS45 Raster Industrial R70,140.2804,35.4237,MFS45,INDUSTRIAL,medium
IS6784,MFS45 Raster Industrial R72,140.3221,35.4421,MFS45,INDUSTRIAL,medium
IS6785,MFS45 Raster Industrial R74,140.2721,35.2854,MFS45,INDUSTRIAL,medium
IS6786,MFS45 Raster Industrial R76,140.3729,35.3621,MFS45,INDUSTRIAL,medium
IS6787,MFS45 Raster Industrial R78,140.3704,35.3696,MFS45,INDUSTRIAL,medium
IS6788,MFS45 Raster Industrial R80,140.3046,35.3529,MFS45,INDUSTRIAL,medium
IS6789,MFS45 Raster Industrial R82,140.3396,35.3762,MFS45,INDUSTRIAL,medium
IS6790,MFS45 Raster Industrial R84,140.3696,35.4037,MFS45,INDUSTRIAL,medium
IS6791,MFS45 Raster Industrial R86,140.3021,35.4321,MFS45,INDUSTRIAL,medium
IS6792,MFS45 Raster Industrial R88,140.3429,35.3704,MFS45,INDUSTRIAL,medium
IS6793,MFS45 Raster Industrial R90,140.3038,35.3521,MFS45,INDUSTRIAL,medium
IS6794,MFS45 Raster Industrial R92,140.2871,35.4412,MFS45,INDUSTRIAL,medium
IS6795,MFS45 Raster Industrial R94,140.1879,35.3612,MFS45,INDUSTRIAL,medium
IS6796,MFS45 Raster Industrial R96,140.1354,35.3896,MFS45,INDUSTRIAL,medium
IS6797,MFS45 Raster Industrial R98,140.3129,35.4671,MFS45,INDUSTRIAL,medium
IS6798,MFS45 Raster Industrial R100,140.2096,35.3262,MFS45,INDUSTRIAL,medium
IS6799,MFS46 Raster Industrial R2,140.8179,35.7229,MFS46,INDUSTRIAL,medium
IS6800,MFS46 Raster Industrial R4,140.8346,35.7429,MFS46,INDUSTRIAL,medium
IS6801,MFS46 Raster Industrial R6,140.7738,35.7962,MFS46,INDUSTRIAL,medium
IS6802,MFS46 Raster Industrial R8,140.8454,35.7321,MFS46,INDUSTRIAL,medium
IS6803,MFS46 Raster Industrial R10,140.8137,35.7279,MFS46,INDUSTRIAL,medium
IS6804,MFS46 Raster Industrial R12,140.8512,35.7329,MFS46,INDUSTRIAL,medium
IS6805,MFS46 Raster Industrial R14,140.7504,35.7429,MFS46,INDUSTRIAL,medium
IS6806,MFS46 Raster Industrial R16,140.8296,35.7321,MFS46,INDUSTRIAL,medium
IS6807,MFS46 Raster Industrial R18,140.8304,35.7354,MFS46,INDUSTRIAL,medium
IS6808,MFS46 Raster Industrial R20,140.7788,35.7062,MFS46,INDUSTRIAL,medium
IS6809,MFS46 Raster Industrial R22,140.7654,35.7637,MFS46,INDUSTRIAL,medium
IS6810,MFS46 Raster Industrial R24,140.7879,35.7496,MFS46,INDUSTRIAL,medium
IS6811,MFS46 Raster Industrial R26,140.7446,35.7104,MFS46,INDUSTRIAL,medium
IS6812,MFS46 Raster Industrial R28,140.7738,35.7971,MFS46,INDUSTRIAL,medium
IS6813,MFS46 Raster Industrial R30,140.8187,35.7271,MFS46,INDUSTRIAL,medium
IS6814,MFS46 Raster Industrial R32,140.7679,35.7596,MFS46,INDUSTRIAL,medium
IS6815,MFS46 Raster Industrial R34,140.7138,35.7096,MFS46,INDUSTRIAL,medium
IS6816,MFS46 Raster Industrial R36,140.7738,35.7862,MFS46,INDUSTRIAL,medium
IS6817,MFS46 Raster Industrial R38,140.7738,35.7787,MFS46,INDUSTRIAL,medium
IS6818,MFS46 Raster Industrial R40,140.8237,35.7579,MFS46,INDUSTRIAL,medium
IS6819,MFS46 Raster Industrial R42,140.7446,35.7096,MFS46,INDUSTRIAL,medium
IS6820,MFS46 Raster Industrial R44,140.8396,35.7446,MFS46,INDUSTRIAL,medium
IS6821,MFS46 Raster Industrial R46,140.7754,35.7854,MFS46,INDUSTRIAL,medium
IS6822,MFS46 Raster Industrial R48,140.8321,35.7321,MFS46,INDUSTRIAL,medium
IS6823,MFS46 Raster Industrial R50,140.7529,35.7979,MFS46,INDUSTRIAL,medium
IS6824,MFS46 Raster Industrial R52,140.8671,35.7212,MFS46,INDUSTRIAL,medium
IS6825,MFS46 Raster Industrial R54,140.8271,35.7262,MFS46,INDUSTRIAL,medium
IS6826,MFS46 Raster Industrial R56,140.8521,35.7296,MFS46,INDUSTRIAL,medium
IS6827,MFS46 Raster Industrial R58,140.8113,35.7371,MFS46,INDUSTRIAL,medium
IS6828,MFS46 Raster Industrial R60,140.7862,35.7846,MFS46,INDUSTRIAL,medium
IS6829,MFS46 Raster Industrial R62,140.7138,35.7887,MFS46,INDUSTRIAL,medium
IS6830,MFS46 Raster Industrial R64,140.8288,35.7487,MFS46,INDUSTRIAL,medium
IS6831,MFS46 Raster Industrial R66,140.7946,35.7387,MFS46,INDUSTRIAL,medium
IS6832,MFS46 Raster Industrial R68,140.8462,35.7096,MFS46,INDUSTRIAL,medium
IS6833,MFS46 Raster Industrial R70,140.7746,35.7987,MFS46,INDUSTRIAL,medium
IS6834,MFS46 Raster Industrial R72,140.7629,35.7637,MFS46,INDUSTRIAL,medium
IS6835,MFS46 Raster Industrial R74,140.7246,35.6954,MFS46,INDUSTRIAL,medium
IS6836,MFS46 Raster Industrial R76,140.7729,35.7804,MFS46,INDUSTRIAL,medium
IS6837,MFS46 Raster Industrial R78,140.8162,35.7271,MFS46,INDUSTRIAL,medium
IS6838,MFS46 Raster Industrial R80,140.7946,35.7629,MFS46,INDUSTRIAL,medium
IS6839,MFS46 Raster Industrial R82,140.8187,35.7296,MFS46,INDUSTRIAL,medium
IS6840,MFS46 Raster Industrial R84,140.8071,35.7562,MFS46,INDUSTRIAL,medium
IS6841,MFS46 Raster Industrial R86,140.7829,35.7929,MFS46,INDUSTRIAL,medium
IS6842,MFS46 Raster Industrial R88,140.8446,35.7471,MFS46,INDUSTRIAL,medium
IS6843,MFS46 Raster Industrial R90,140.7262,35.7387,MFS46,INDUSTRIAL,medium
IS6844,MFS46 Raster Industrial R92,140.7754,35.7996,MFS46,INDUSTRIAL,medium
IS6845,MFS46 Raster Industrial R94,140.8146,35.7579,MFS46,INDUSTRIAL,medium
IS6846,MFS46 Raster Industrial R96,140.7596,35.7671,MFS46,INDUSTRIAL,medium
IS6847,MFS46 Raster Industrial R98,140.7212,35.7021,MFS46,INDUSTRIAL,medium
IS6848,MFS46 Raster Industrial R100,140.7371,35.6937,MFS46,INDUSTRIAL,medium
IS6849,MFS47 Raster Industrial R2,140.3604,35.5471,MFS47,INDUSTRIAL,medium
IS6850,MFS47 Raster Industrial R4,140.3688,35.6329,MFS47,INDUSTRIAL,medium
IS6851,MFS47 Raster Industrial R6,140.3212,35.5196,MFS47,INDUSTRIAL,medium
IS6852,MFS47 Raster Industrial R8,140.3154,35.6029,MFS47,INDUSTRIAL,medium
IS6853,MFS47 Raster Industrial R10,140.3212,35.6762,MFS47,INDUSTRIAL,medium
IS6854,MFS47 Raster Industrial R12,140.3171,35.6562,MFS47,INDUSTRIAL,medium
IS6855,MFS47 Raster Industrial R14,140.3029,35.5687,MFS47,INDUSTRIAL,medium
IS6856,MFS47 Raster Industrial R16,140.3088,35.6587,MFS47,INDUSTRIAL,medium
IS6857,MFS47 Raster Industrial R18,140.3754,35.5671,MFS47,INDUSTRIAL,medium
IS6858,MFS47 Raster Industrial R20,140.3363,35.5437,MFS47,INDUSTRIAL,medium
IS6859,MFS47 Raster Industrial R22,140.3638,35.5446,MFS47,INDUSTRIAL,medium
IS6860,MFS47 Raster Industrial R24,140.2912,35.5512,MFS47,INDUSTRIAL,medium
IS6861,MFS47 Raster Industrial R26,140.2463,35.5937,MFS47,INDUSTRIAL,medium
IS6862,MFS47 Raster Industrial R28,140.2121,35.6587,MFS47,INDUSTRIAL,medium
IS6863,MFS47 Raster Industrial R30,140.3638,35.6354,MFS47,INDUSTRIAL,medium
IS6864,MFS47 Raster Industrial R32,140.2971,35.6671,MFS47,INDUSTRIAL,medium
IS6865,MFS47 Raster Industrial R34,140.2929,35.5671,MFS47,INDUSTRIAL,medium
IS6866,MFS47 Raster Industrial R36,140.2996,35.6704,MFS47,INDUSTRIAL,medium
IS6867,MFS47 Raster Industrial R38,140.3271,35.5804,MFS47,INDUSTRIAL,medium
IS6868,MFS47 Raster Industrial R40,140.3096,35.6862,MFS47,INDUSTRIAL,medium
IS6869,MFS47 Raster Industrial R42,140.2063,35.6179,MFS47,INDUSTRIAL,medium
IS6870,MFS47 Raster Industrial R44,140.3487,35.5712,MFS47,INDUSTRIAL,medium
IS6871,MFS47 Raster Industrial R46,140.2887,35.6487,MFS47,INDUSTRIAL,medium
IS6872,MFS47 Raster Industrial R48,140.2854,35.6612,MFS47,INDUSTRIAL,medium
IS6873,MFS47 Raster Industrial R50,140.2637,35.5246,MFS47,INDUSTRIAL,medium
IS6874,MFS47 Raster Industrial R52,140.3438,35.6729,MFS47,INDUSTRIAL,medium
IS6875,MFS47 Raster Industrial R54,140.3329,35.6412,MFS47,INDUSTRIAL,medium
IS6876,MFS47 Raster Industrial R56,140.2496,35.6271,MFS47,INDUSTRIAL,medium
IS6877,MFS47 Raster Industrial R58,140.3063,35.6354,MFS47,INDUSTRIAL,medium
IS6878,MFS47 Raster Industrial R60,140.3271,35.5979,MFS47,INDUSTRIAL,medium
IS6879,MFS47 Raster Industrial R62,140.3346,35.6512,MFS47,INDUSTRIAL,medium
IS6880,MFS47 Raster Industrial R64,140.3096,35.5204,MFS47,INDUSTRIAL,medium
IS6881,MFS47 Raster Industrial R66,140.3079,35.6254,MFS47,INDUSTRIAL,medium
IS6882,MFS47 Raster Industrial R68,140.2738,35.5546,MFS47,INDUSTRIAL,medium
IS6883,MFS47 Raster Industrial R70,140.3787,35.5729,MFS47,INDUSTRIAL,medium
IS6884,MFS47 Raster Industrial R72,140.2029,35.6454,MFS47,INDUSTRIAL,medium
IS6885,MFS47 Raster Industrial R74,140.3079,35.5162,MFS47,INDUSTRIAL,medium
IS6886,MFS47 Raster Industrial R76,140.3071,35.6254,MFS47,INDUSTRIAL,medium
IS6887,MFS47 Raster Industrial R78,140.2937,35.5746,MFS47,INDUSTRIAL,medium
IS6888,MFS47 Raster Industrial R80,140.2971,35.6871,MFS47,INDUSTRIAL,medium
IS6889,MFS47 Raster Industrial R82,140.3479,35.5496,MFS47,INDUSTRIAL,medium
IS6890,MFS47 Raster Industrial R84,140.2237,35.5479,MFS47,INDUSTRIAL,medium
IS6891,MFS47 Raster Industrial R86,140.3262,35.5754,MFS47,INDUSTRIAL,medium
IS6892,MFS47 Raster Industrial R88,140.3246,35.5287,MFS47,INDUSTRIAL,medium
IS6893,MFS47 Raster Industrial R90,140.3129,35.5221,MFS47,INDUSTRIAL,medium
IS6894,MFS47 Raster Industrial R92,140.2771,35.5237,MFS47,INDUSTRIAL,medium
IS6895,MFS47 Raster Industrial R94,140.2438,35.6287,MFS47,INDUSTRIAL,medium
IS6896,MFS47 Raster Industrial R96,140.2221,35.5971,MFS47,INDUSTRIAL,medium
IS6897,MFS47 Raster Industrial R98,140.3088,35.5537,MFS47,INDUSTRIAL,medium
IS6898,MFS47 Raster Industrial R100,140.2904,35.6679,MFS47,INDUSTRIAL,medium
IS6899,MFS48 Raster Industrial R2,140.1163,36.1246,MFS48,INDUSTRIAL,medium
IS6900,MFS48 Raster Industrial R4,140.2896,36.0254,MFS48,INDUSTRIAL,medium
IS6901,MFS48 Raster Industrial R6,140.1254,36.0412,MFS48,INDUSTRIAL,medium
IS6902,MFS48 Raster Industrial R8,140.2054,36.0596,MFS48,INDUSTRIAL,medium
IS6903,MFS48 Raster Industrial R10,140.2171,36.0296,MFS48,INDUSTRIAL,medium
IS6904,MFS48 Raster Industrial R12,140.1863,36.0387,MFS48,INDUSTRIAL,medium
IS6905,MFS48 Raster Industrial R14,140.1188,36.0487,MFS48,INDUSTRIAL,medium
IS6906,MFS48 Raster Industrial R16,140.2113,36.0362,MFS48,INDUSTRIAL,medium
IS6907,MFS48 Raster Industrial R18,140.2571,36.0821,MFS48,INDUSTRIAL,medium
IS6908,MFS48 Raster Industrial R20,140.1713,36.0312,MFS48,INDUSTRIAL,medium
IS6909,MFS48 Raster Industrial R22,140.1804,36.0304,MFS48,INDUSTRIAL,medium
IS6910,MFS48 Raster Industrial R24,140.1421,36.0629,MFS48,INDUSTRIAL,medium
IS6911,MFS48 Raster Industrial R26,140.1912,36.0646,MFS48,INDUSTRIAL,medium
IS6912,MFS48 Raster Industrial R28,140.2129,36.0254,MFS48,INDUSTRIAL,medium
IS6913,MFS48 Raster Industrial R30,140.2529,36.0954,MFS48,INDUSTRIAL,medium
IS6914,MFS48 Raster Industrial R32,140.2396,36.1204,MFS48,INDUSTRIAL,medium
IS6915,MFS48 Raster Industrial R34,140.2312,36.0387,MFS48,INDUSTRIAL,medium
IS6916,MFS48 Raster Industrial R36,140.2038,36.0671,MFS48,INDUSTRIAL,medium
IS6917,MFS48 Raster Industrial R38,140.1571,36.0604,MFS48,INDUSTRIAL,medium
IS6918,MFS48 Raster Industrial R40,140.2713,36.0746,MFS48,INDUSTRIAL,medium
IS6919,MFS48 Raster Industrial R42,140.1796,36.0221,MFS48,INDUSTRIAL,medium
IS6920,MFS48 Raster Industrial R44,140.1504,36.0071,MFS48,INDUSTRIAL,medium
IS6921,MFS48 Raster Industrial R46,140.2646,36.1046,MFS48,INDUSTRIAL,medium
IS6922,MFS48 Raster Industrial R48,140.1163,36.0537,MFS48,INDUSTRIAL,medium
IS6923,MFS48 Raster Industrial R50,140.1662,36.0504,MFS48,INDUSTRIAL,medium
IS6924,MFS48 Raster Industrial R52,140.2546,36.0304,MFS48,INDUSTRIAL,medium
IS6925,MFS48 Raster Industrial R54,140.2363,36.0321,MFS48,INDUSTRIAL,medium
IS6926,MFS48 Raster Industrial R56,140.1354,36.0812,MFS48,INDUSTRIAL,medium
IS6927,MFS48 Raster Industrial R58,140.1887,36.0429,MFS48,INDUSTRIAL,medium
IS6928,MFS48 Raster Industrial R60,140.1571,36.0129,MFS48,INDUSTRIAL,medium
IS6929,MFS48 Raster Industrial R62,140.2254,36.0471,MFS48,INDUSTRIAL,medium
IS6930,MFS48 Raster Industrial R64,140.1621,36.1371,MFS48,INDUSTRIAL,medium
IS6931,MFS48 Raster Industrial R66,140.1612,36.0329,MFS48,INDUSTRIAL,medium
IS6932,MFS48 Raster Industrial R68,140.1896,36.0229,MFS48,INDUSTRIAL,medium
IS6933,MFS48 Raster Industrial R70,140.1321,36.0637,MFS48,INDUSTRIAL,medium
IS6934,MFS48 Raster Industrial R72,140.2862,36.0262,MFS48,INDUSTRIAL,medium
IS6935,MFS48 Raster Industrial R74,140.1571,36.0071,MFS48,INDUSTRIAL,medium
IS6936,MFS48 Raster Industrial R76,140.1813,36.1146,MFS48,INDUSTRIAL,medium
IS6937,MFS48 Raster Industrial R78,140.2279,36.1312,MFS48,INDUSTRIAL,medium
IS6938,MFS48 Raster Industrial R80,140.2163,36.1237,MFS48,INDUSTRIAL,medium
IS6939,MFS48 Raster Industrial R82,140.1738,36.0196,MFS48,INDUSTRIAL,medium
IS6940,MFS48 Raster Industrial R84,140.1771,36.0162,MFS48,INDUSTRIAL,medium
IS6941,MFS48 Raster Industrial R86,140.1637,36.0046,MFS48,INDUSTRIAL,medium
IS6942,MFS48 Raster Industrial R88,140.2604,36.1412,MFS48,INDUSTRIAL,medium
IS6943,MFS48 Raster Industrial R90,140.1213,36.0729,MFS48,INDUSTRIAL,medium
IS6944,MFS48 Raster Industrial R92,140.1954,36.0346,MFS48,INDUSTRIAL,medium
IS6945,MFS48 Raster Industrial R94,140.1996,36.0862,MFS48,INDUSTRIAL,medium
IS6946,MFS48 Raster Industrial R96,140.1129,36.0554,MFS48,INDUSTRIAL,medium
IS6947,MFS48 Raster Industrial R98,140.2212,36.0187,MFS48,INDUSTRIAL,medium
IS6948,MFS48 Raster Industrial R100,140.2138,36.0304,MFS48,INDUSTRIAL,medium
IS6949,MFS49 Raster Industrial R2,140.0104,36.1896,MFS49,INDUSTRIAL,medium
IS6950,MFS49 Raster Industrial R4,139.9646,36.1471,MFS49,INDUSTRIAL,medium
IS6951,MFS49 Raster Industrial R6,139.9371,36.1271,MFS49,INDUSTRIAL,medium
IS6952,MFS49 Raster Industrial R8,139.8929,36.2171,MFS49,INDUSTRIAL,medium
IS6953,MFS49 Raster Industrial R10,139.9563,36.1229,MFS49,INDUSTRIAL,medium
IS6954,MFS49 Raster Industrial R12,139.9913,36.2171,MFS49,INDUSTRIAL,medium
IS6955,MFS49 Raster Industrial R14,139.8887,36.1904,MFS49,INDUSTRIAL,medium
IS6956,MFS49 Raster Industrial R16,139.8921,36.1746,MFS49,INDUSTRIAL,medium
IS6957,MFS49 Raster Industrial R18,139.9579,36.1112,MFS49,INDUSTRIAL,medium
IS6958,MFS49 Raster Industrial R20,139.9038,36.2012,MFS49,INDUSTRIAL,medium
IS6959,MFS49 Raster Industrial R22,139.9146,36.1946,MFS49,INDUSTRIAL,medium
IS6960,MFS49 Raster Industrial R24,139.8988,36.1787,MFS49,INDUSTRIAL,medium
IS6961,MFS49 Raster Industrial R26,139.9638,36.1571,MFS49,INDUSTRIAL,medium
IS6962,MFS49 Raster Industrial R28,139.9479,36.1687,MFS49,INDUSTRIAL,medium
IS6963,MFS49 Raster Industrial R30,139.9638,36.1154,MFS49,INDUSTRIAL,medium
IS6964,MFS49 Raster Industrial R32,139.9646,36.2479,MFS49,INDUSTRIAL,medium
IS6965,MFS49 Raster Industrial R34,139.9988,36.1446,MFS49,INDUSTRIAL,medium
IS6966,MFS49 Raster Industrial R36,139.8879,36.1954,MFS49,INDUSTRIAL,medium
IS6967,MFS49 Raster Industrial R38,139.9771,36.2229,MFS49,INDUSTRIAL,medium
IS6968,MFS49 Raster Industrial R40,139.9938,36.1196,MFS49,INDUSTRIAL,medium
IS6969,MFS49 Raster Industrial R42,139.9729,36.2087,MFS49,INDUSTRIAL,medium
IS6970,MFS49 Raster Industrial R44,139.9112,36.1521,MFS49,INDUSTRIAL,medium
IS6971,MFS49 Raster Industrial R46,139.9479,36.1871,MFS49,INDUSTRIAL,medium
IS6972,MFS49 Raster Industrial R48,139.9704,36.1121,MFS49,INDUSTRIAL,medium
IS6973,MFS49 Raster Industrial R50,139.9729,36.2021,MFS49,INDUSTRIAL,medium
IS6974,MFS49 Raster Industrial R52,139.9696,36.2204,MFS49,INDUSTRIAL,medium
IS6975,MFS49 Raster Industrial R54,139.9146,36.1721,MFS49,INDUSTRIAL,medium
IS6976,MFS49 Raster Industrial R56,140.0104,36.2187,MFS49,INDUSTRIAL,medium
IS6977,MFS49 Raster Industrial R58,139.9621,36.1771,MFS49,INDUSTRIAL,medium
IS6978,MFS49 Raster Industrial R60,139.8979,36.2029,MFS49,INDUSTRIAL,medium
IS6979,MFS49 Raster Industrial R62,139.9787,36.2246,MFS49,INDUSTRIAL,medium
IS6980,MFS49 Raster Industrial R64,139.9688,36.1862,MFS49,INDUSTRIAL,medium
IS6981,MFS49 Raster Industrial R66,139.9346,36.1562,MFS49,INDUSTRIAL,medium
IS6982,MFS49 Raster Industrial R68,139.9238,36.2479,MFS49,INDUSTRIAL,medium
IS6983,MFS49 Raster Industrial R70,139.9729,36.1121,MFS49,INDUSTRIAL,medium
IS6984,MFS49 Raster Industrial R72,139.9663,36.1454,MFS49,INDUSTRIAL,medium
IS6985,MFS49 Raster Industrial R74,139.8904,36.1737,MFS49,INDUSTRIAL,medium
IS6986,MFS49 Raster Industrial R76,140.0029,36.1662,MFS49,INDUSTRIAL,medium
IS6987,MFS49 Raster Industrial R78,140.0004,36.2387,MFS49,INDUSTRIAL,medium
IS6988,MFS49 Raster Industrial R80,139.9154,36.1596,MFS49,INDUSTRIAL,medium
IS6989,MFS49 Raster Industrial R82,139.9437,36.2421,MFS49,INDUSTRIAL,medium
IS6990,MFS49 Raster Industrial R84,139.9004,36.2071,MFS49,INDUSTRIAL,medium
IS6991,MFS49 Raster Industrial R86,139.9746,36.1112,MFS49,INDUSTRIAL,medium
IS6992,MFS49 Raster Industrial R88,139.9838,36.2429,MFS49,INDUSTRIAL,medium
IS6993,MFS49 Raster Industrial R90,139.9754,36.1154,MFS49,INDUSTRIAL,medium
IS6994,MFS49 Raster Industrial R92,139.9646,36.1521,MFS49,INDUSTRIAL,medium
IS6995,MFS49 Raster Industrial R94,139.9988,36.1462,MFS49,INDUSTRIAL,medium
IS6996,MFS49 Raster Industrial R96,139.9679,36.1546,MFS49,INDUSTRIAL,medium
IS6997,MFS49 Raster Industrial R98,139.8796,36.1796,MFS49,INDUSTRIAL,medium
IS6998,MFS49 Raster Industrial R100,139.9879,36.2104,MFS49,INDUSTRIAL,medium
IS6999,MFS50 Raster Industrial R2,140.1121,36.1129,MFS50,INDUSTRIAL,medium
IS7000,MFS50 Raster Industrial R4,140.0671,36.1121,MFS50,INDUSTRIAL,medium
IS7001,MFS50 Raster Industrial R6,140.0979,36.0996,MFS50,INDUSTRIAL,medium
IS7002,MFS50 Raster Industrial R8,140.1029,36.0837,MFS50,INDUSTRIAL,medium
IS7003,MFS50 Raster Industrial R10,140.1704,36.1312,MFS50,INDUSTRIAL,medium
IS7004,MFS50 Raster Industrial R12,140.0496,36.0754,MFS50,INDUSTRIAL,medium
IS7005,MFS50 Raster Industrial R14,140.1496,36.1262,MFS50,INDUSTRIAL,medium
IS7006,MFS50 Raster Industrial R16,140.1304,36.0337,MFS50,INDUSTRIAL,medium
IS7007,MFS50 Raster Industrial R18,140.1788,36.0746,MFS50,INDUSTRIAL,medium
IS7008,MFS50 Raster Industrial R20,140.1612,36.0654,MFS50,INDUSTRIAL,medium
IS7009,MFS50 Raster Industrial R22,140.0788,36.1296,MFS50,INDUSTRIAL,medium
IS7010,MFS50 Raster Industrial R24,140.0596,36.0954,MFS50,INDUSTRIAL,medium
IS7011,MFS50 Raster Industrial R26,140.1163,36.0679,MFS50,INDUSTRIAL,medium
IS7012,MFS50 Raster Industrial R28,140.0662,36.0846,MFS50,INDUSTRIAL,medium
IS7013,MFS50 Raster Industrial R30,140.0913,36.0787,MFS50,INDUSTRIAL,medium
IS7014,MFS50 Raster Industrial R32,140.0604,36.0329,MFS50,INDUSTRIAL,medium
IS7015,MFS50 Raster Industrial R34,140.1521,36.0646,MFS50,INDUSTRIAL,medium
IS7016,MFS50 Raster Industrial R36,140.0904,36.0404,MFS50,INDUSTRIAL,medium
IS7017,MFS50 Raster Industrial R38,140.0921,36.0512,MFS50,INDUSTRIAL,medium
IS7018,MFS50 Raster Industrial R40,140.0654,36.0787,MFS50,INDUSTRIAL,medium
IS7019,MFS50 Raster Industrial R42,140.1488,36.0471,MFS50,INDUSTRIAL,medium
IS7020,MFS50 Raster Industrial R44,140.1179,36.0629,MFS50,INDUSTRIAL,medium
IS7021,MFS50 Raster Industrial R46,140.0429,36.0696,MFS50,INDUSTRIAL,medium
IS7022,MFS50 Raster Industrial R48,140.0971,36.0987,MFS50,INDUSTRIAL,medium
IS7023,MFS50 Raster Industrial R50,140.1687,36.0812,MFS50,INDUSTRIAL,medium
IS7024,MFS50 Raster Industrial R52,140.0954,36.1171,MFS50,INDUSTRIAL,medium
IS7025,MFS50 Raster Industrial R54,140.1471,36.0287,MFS50,INDUSTRIAL,medium
IS7026,MFS50 Raster Industrial R56,140.1446,36.0471,MFS50,INDUSTRIAL,medium
IS7027,MFS50 Raster Industrial R58,140.0679,36.0862,MFS50,INDUSTRIAL,medium
IS7028,MFS50 Raster Industrial R60,140.1788,36.1237,MFS50,INDUSTRIAL,medium
IS7029,MFS50 Raster Industrial R62,140.0796,36.0971,MFS50,INDUSTRIAL,medium
IS7030,MFS50 Raster Industrial R64,140.1654,36.0862,MFS50,INDUSTRIAL,medium
IS7031,MFS50 Raster Industrial R66,140.1029,36.0187,MFS50,INDUSTRIAL,medium
IS7032,MFS50 Raster Industrial R68,140.1229,36.1171,MFS50,INDUSTRIAL,medium
IS7033,MFS50 Raster Industrial R70,140.0754,36.0821,MFS50,INDUSTRIAL,medium
IS7034,MFS50 Raster Industrial R72,140.0863,36.1454,MFS50,INDUSTRIAL,medium
IS7035,MFS50 Raster Industrial R74,140.0971,36.0337,MFS50,INDUSTRIAL,medium
IS7036,MFS50 Raster Industrial R76,140.1721,36.0721,MFS50,INDUSTRIAL,medium
IS7037,MFS50 Raster Industrial R78,140.1612,36.0429,MFS50,INDUSTRIAL,medium
IS7038,MFS50 Raster Industrial R80,140.1346,36.0362,MFS50,INDUSTRIAL,medium
IS7039,MFS50 Raster Industrial R82,140.1221,36.0221,MFS50,INDUSTRIAL,medium
IS7040,MFS50 Raster Industrial R84,140.1504,36.0179,MFS50,INDUSTRIAL,medium
IS7041,MFS50 Raster Industrial R86,140.0604,36.0312,MFS50,INDUSTRIAL,medium
IS7042,MFS50 Raster Industrial R88,140.0821,36.0529,MFS50,INDUSTRIAL,medium
IS7043,MFS50 Raster Industrial R90,140.1312,36.0754,MFS50,INDUSTRIAL,medium
IS7044,MFS50 Raster Industrial R92,140.0721,36.0871,MFS50,INDUSTRIAL,medium
IS7045,MFS50 Raster Industrial R94,140.1496,36.0262,MFS50,INDUSTRIAL,medium
IS7046,MFS50 Raster Industrial R96,140.1204,36.0437,MFS50,INDUSTRIAL,medium
IS7047,MFS50 Raster Industrial R98,140.0604,36.0554,MFS50,INDUSTRIAL,medium
IS7048,MFS50 Raster Industrial R100,140.0821,36.1054,MFS50,INDUSTRIAL,medium
IS7049,MFS51 Raster Industrial R2,139.9246,36.0612,MFS51,INDUSTRIAL,medium
IS7050,MFS51 Raster Industrial R4,139.9588,35.9829,MFS51,INDUSTRIAL,medium
IS7051,MFS51 Raster Industrial R6,139.9913,36.0246,MFS51,INDUSTRIAL,medium
IS7052,MFS51 Raster Industrial R8,139.9638,35.9687,MFS51,INDUSTRIAL,medium
IS7053,MFS51 Raster Industrial R10,139.9771,35.9854,MFS51,INDUSTRIAL,medium
IS7054,MFS51 Raster Industrial R12,139.9779,35.9912,MFS51,INDUSTRIAL,medium
IS7055,MFS51 Raster Industrial R14,139.9938,35.9604,MFS51,INDUSTRIAL,medium
IS7056,MFS51 Raster Industrial R16,139.9571,35.9646,MFS51,INDUSTRIAL,medium
IS7057,MFS51 Raster Industrial R18,139.9921,35.9587,MFS51,INDUSTRIAL,medium
IS7058,MFS51 Raster Industrial R20,140.0179,36.0629,MFS51,INDUSTRIAL,medium
IS7059,MFS51 Raster Industrial R22,139.9854,35.9896,MFS51,INDUSTRIAL,medium
IS7060,MFS51 Raster Industrial R24,139.9804,36.0754,MFS51,INDUSTRIAL,medium
IS7061,MFS51 Raster Industrial R26,140.0129,36.0579,MFS51,INDUSTRIAL,medium
IS7062,MFS51 Raster Industrial R28,140.0179,36.0046,MFS51,INDUSTRIAL,medium
IS7063,MFS51 Raster Industrial R30,140.0154,36.0529,MFS51,INDUSTRIAL,medium
IS7064,MFS51 Raster Industrial R32,139.9721,35.9762,MFS51,INDUSTRIAL,medium
IS7065,MFS51 Raster Industrial R34,139.9988,36.0271,MFS51,INDUSTRIAL,medium
IS7066,MFS51 Raster Industrial R36,140.0271,36.0046,MFS51,INDUSTRIAL,medium
IS7067,MFS51 Raster Industrial R38,139.9846,35.9729,MFS51,INDUSTRIAL,medium
IS7068,MFS51 Raster Industrial R40,139.9371,36.0237,MFS51,INDUSTRIAL,medium
IS7069,MFS51 Raster Industrial R42,140.0112,35.9946,MFS51,INDUSTRIAL,medium
IS7070,MFS51 Raster Industrial R44,139.9263,36.0412,MFS51,INDUSTRIAL,medium
IS7071,MFS51 Raster Industrial R46,139.9896,35.9596,MFS51,INDUSTRIAL,medium
IS7072,MFS51 Raster Industrial R48,140.0179,36.0687,MFS51,INDUSTRIAL,medium
IS7073,MFS51 Raster Industrial R50,139.9387,36.0187,MFS51,INDUSTRIAL,medium
IS7074,MFS51 Raster Industrial R52,140.0154,36.0721,MFS51,INDUSTRIAL,medium
IS7075,MFS51 Raster Industrial R54,139.9563,35.9837,MFS51,INDUSTRIAL,medium
IS7076,MFS51 Raster Industrial R56,139.9804,36.0771,MFS51,INDUSTRIAL,medium
IS7077,MFS51 Raster Industrial R58,139.9896,35.9762,MFS51,INDUSTRIAL,medium
IS7078,MFS51 Raster Industrial R60,139.9704,36.0529,MFS51,INDUSTRIAL,medium
IS7079,MFS51 Raster Industrial R62,139.9746,35.9821,MFS51,INDUSTRIAL,medium
IS7080,MFS51 Raster Industrial R64,140.0279,36.0287,MFS51,INDUSTRIAL,medium
IS7081,MFS51 Raster Industrial R66,139.9804,35.9671,MFS51,INDUSTRIAL,medium
IS7082,MFS51 Raster Industrial R68,139.9921,36.0312,MFS51,INDUSTRIAL,medium
IS7083,MFS51 Raster Industrial R70,139.9338,35.9912,MFS51,INDUSTRIAL,medium
IS7084,MFS51 Raster Industrial R72,139.9654,35.9604,MFS51,INDUSTRIAL,medium
IS7085,MFS51 Raster Industrial R74,139.9596,36.0746,MFS51,INDUSTRIAL,medium
IS7086,MFS51 Raster Industrial R76,139.9671,36.0304,MFS51,INDUSTRIAL,medium
IS7087,MFS51 Raster Industrial R78,140.0312,35.9987,MFS51,INDUSTRIAL,medium
IS7088,MFS51 Raster Industrial R80,139.9821,35.9621,MFS51,INDUSTRIAL,medium
IS7089,MFS51 Raster Industrial R82,139.9904,36.0237,MFS51,INDUSTRIAL,medium
IS7090,MFS51 Raster Industrial R84,139.9896,36.0462,MFS51,INDUSTRIAL,medium
IS7091,MFS51 Raster Industrial R86,139.9496,35.9787,MFS51,INDUSTRIAL,medium
IS7092,MFS51 Raster Industrial R88,139.9888,36.0412,MFS51,INDUSTRIAL,medium
IS7093,MFS51 Raster Industrial R90,139.9512,35.9862,MFS51,INDUSTRIAL,medium
IS7094,MFS51 Raster Industrial R92,139.9821,36.0546,MFS51,INDUSTRIAL,medium
IS7095,MFS51 Raster Industrial R94,139.9429,36.0321,MFS51,INDUSTRIAL,medium
IS7096,MFS51 Raster Industrial R96,139.9238,36.0321,MFS51,INDUSTRIAL,medium
IS7097,MFS51 Raster Industrial R98,139.9288,36.0462,MFS51,INDUSTRIAL,medium
IS7098,MFS51 Raster Industrial R100,139.9863,35.9746,MFS51,INDUSTRIAL,medium
IS7099,MFS52 Raster Industrial R2,140.1738,35.8696,MFS52,INDUSTRIAL,medium
IS7100,MFS52 Raster Industrial R4,140.1629,35.8771,MFS52,INDUSTRIAL,medium
IS7101,MFS52 Raster Industrial R6,140.1729,35.9404,MFS52,INDUSTRIAL,medium
IS7102,MFS52 Raster Industrial R8,140.1979,35.9062,MFS52,INDUSTRIAL,medium
IS7103,MFS52 Raster Industrial R10,140.1671,35.8996,MFS52,INDUSTRIAL,medium
IS7104,MFS52 Raster Industrial R12,140.2146,35.9371,MFS52,INDUSTRIAL,medium
IS7105,MFS52 Raster Industrial R14,140.1971,35.8996,MFS52,INDUSTRIAL,medium
IS7106,MFS52 Raster Industrial R16,140.1879,35.8996,MFS52,INDUSTRIAL,medium
IS7107,MFS52 Raster Industrial R18,140.1538,35.9187,MFS52,INDUSTRIAL,medium
IS7108,MFS52 Raster Industrial R20,140.2129,35.8996,MFS52,INDUSTRIAL,medium
IS7109,MFS52 Raster Industrial R22,140.1929,35.9421,MFS52,INDUSTRIAL,medium
IS7110,MFS52 Raster Industrial R24,140.1679,35.9221,MFS52,INDUSTRIAL,medium
IS7111,MFS52 Raster Industrial R26,140.1637,35.9287,MFS52,INDUSTRIAL,medium
IS7112,MFS52 Raster Industrial R28,140.2046,35.9246,MFS52,INDUSTRIAL,medium
IS7113,MFS52 Raster Industrial R30,140.1496,35.9612,MFS52,INDUSTRIAL,medium
IS7114,MFS52 Raster Industrial R32,140.1704,35.9246,MFS52,INDUSTRIAL,medium
IS7115,MFS52 Raster Industrial R34,140.1596,35.9346,MFS52,INDUSTRIAL,medium
IS7116,MFS52 Raster Industrial R36,140.1612,35.8729,MFS52,INDUSTRIAL,medium
IS7117,MFS52 Raster Industrial R38,140.1721,35.9137,MFS52,INDUSTRIAL,medium
IS7118,MFS52 Raster Industrial R40,140.1504,35.9179,MFS52,INDUSTRIAL,medium
IS7119,MFS52 Raster Industrial R42,140.2012,35.9337,MFS52,INDUSTRIAL,medium
IS7120,MFS52 Raster Industrial R44,140.1696,35.9104,MFS52,INDUSTRIAL,medium
IS7121,MFS52 Raster Industrial R46,140.2063,35.9279,MFS52,INDUSTRIAL,medium
IS7122,MFS52 Raster Industrial R48,140.1346,35.9279,MFS52,INDUSTRIAL,medium
IS7123,MFS52 Raster Industrial R50,140.1362,35.9346,MFS52,INDUSTRIAL,medium
IS7124,MFS52 Raster Industrial R52,140.1646,35.8712,MFS52,INDUSTRIAL,medium
IS7125,MFS52 Raster Industrial R54,140.1754,35.9279,MFS52,INDUSTRIAL,medium
IS7126,MFS52 Raster Industrial R56,140.1979,35.9346,MFS52,INDUSTRIAL,medium
IS7127,MFS52 Raster Industrial R58,140.2104,35.8937,MFS52,INDUSTRIAL,medium
IS7128,MFS52 Raster Industrial R60,140.1921,35.8596,MFS52,INDUSTRIAL,medium
IS7129,MFS52 Raster Industrial R62,140.2196,35.9221,MFS52,INDUSTRIAL,medium
IS7130,MFS52 Raster Industrial R64,140.2096,35.8729,MFS52,INDUSTRIAL,medium
IS7131,MFS52 Raster Industrial R66,140.1371,35.9271,MFS52,INDUSTRIAL,medium
IS7132,MFS52 Raster Industrial R68,140.1329,35.9271,MFS52,INDUSTRIAL,medium
IS7133,MFS52 Raster Industrial R70,140.1246,35.9237,MFS52,INDUSTRIAL,medium
IS7134,MFS52 Raster Industrial R72,140.1979,35.9221,MFS52,INDUSTRIAL,medium
IS7135,MFS52 Raster Industrial R74,140.1854,35.9096,MFS52,INDUSTRIAL,medium
IS7136,MFS52 Raster Industrial R76,140.1612,35.9612,MFS52,INDUSTRIAL,medium
IS7137,MFS52 Raster Industrial R78,140.1746,35.8779,MFS52,INDUSTRIAL,medium
IS7138,MFS52 Raster Industrial R80,140.1987,35.9079,MFS52,INDUSTRIAL,medium
IS7139,MFS52 Raster Industrial R82,140.1896,35.9471,MFS52,INDUSTRIAL,medium
IS7140,MFS52 Raster Industrial R84,140.1246,35.9162,MFS52,INDUSTRIAL,medium
IS7141,MFS52 Raster Industrial R86,140.2229,35.8921,MFS52,INDUSTRIAL,medium
IS7142,MFS52 Raster Industrial R88,140.1371,35.9387,MFS52,INDUSTRIAL,medium
IS7143,MFS52 Raster Industrial R90,140.1904,35.9146,MFS52,INDUSTRIAL,medium
IS7144,MFS52 Raster Industrial R92,140.1546,35.8579,MFS52,INDUSTRIAL,medium
IS7145,MFS52 Raster Industrial R94,140.1354,35.9371,MFS52,INDUSTRIAL,medium
IS7146,MFS52 Raster Industrial R96,140.1829,35.9029,MFS52,INDUSTRIAL,medium
IS7147,MFS52 Raster Industrial R98,140.1646,35.9221,MFS52,INDUSTRIAL,medium
IS7148,MFS52 Raster Industrial R100,140.1962,35.8721,MFS52,INDUSTRIAL,medium
IS7149,MFS53 Raster Industrial R2,140.3438,35.9462,MFS53,INDUSTRIAL,medium
IS7150,MFS53 Raster Industrial R4,140.3246,35.9837,MFS53,INDUSTRIAL,medium
IS7151,MFS53 Raster Industrial R6,140.3471,35.9529,MFS53,INDUSTRIAL,medium
IS7152,MFS53 Raster Industrial R8,140.3063,35.9862,MFS53,INDUSTRIAL,medium
IS7153,MFS53 Raster Industrial R10,140.3604,35.9004,MFS53,INDUSTRIAL,medium
IS7154,MFS53 Raster Industrial R12,140.2904,35.9187,MFS53,INDUSTRIAL,medium
IS7155,MFS53 Raster Industrial R14,140.3237,35.9796,MFS53,INDUSTRIAL,medium
IS7156,MFS53 Raster Industrial R16,140.3329,35.9337,MFS53,INDUSTRIAL,medium
IS7157,MFS53 Raster Industrial R18,140.2904,35.9454,MFS53,INDUSTRIAL,medium
IS7158,MFS53 Raster Industrial R20,140.3129,35.9196,MFS53,INDUSTRIAL,medium
IS7159,MFS53 Raster Industrial R22,140.3063,36.0087,MFS53,INDUSTRIAL,medium
IS7160,MFS53 Raster Industrial R24,140.3221,36.0079,MFS53,INDUSTRIAL,medium
IS7161,MFS53 Raster Industrial R26,140.2937,35.9904,MFS53,INDUSTRIAL,medium
IS7162,MFS53 Raster Industrial R28,140.2854,35.9646,MFS53,INDUSTRIAL,medium
IS7163,MFS53 Raster Industrial R30,140.3704,35.9387,MFS53,INDUSTRIAL,medium
IS7164,MFS53 Raster Industrial R32,140.3296,35.8996,MFS53,INDUSTRIAL,medium
IS7165,MFS53 Raster Industrial R34,140.3396,35.9912,MFS53,INDUSTRIAL,medium
IS7166,MFS53 Raster Industrial R36,140.3471,35.9246,MFS53,INDUSTRIAL,medium
IS7167,MFS53 Raster Industrial R38,140.2812,35.9104,MFS53,INDUSTRIAL,medium
IS7168,MFS53 Raster Industrial R40,140.3229,35.9712,MFS53,INDUSTRIAL,medium
IS7169,MFS53 Raster Industrial R42,140.3196,35.9521,MFS53,INDUSTRIAL,medium
IS7170,MFS53 Raster Industrial R44,140.3129,35.9896,MFS53,INDUSTRIAL,medium
IS7171,MFS53 Raster Industrial R46,140.3229,35.9979,MFS53,INDUSTRIAL,medium
IS7172,MFS53 Raster Industrial R48,140.3079,35.9871,MFS53,INDUSTRIAL,medium
IS7173,MFS53 Raster Industrial R50,140.3546,35.9171,MFS53,INDUSTRIAL,medium
IS7174,MFS53 Raster Industrial R52,140.3013,35.9062,MFS53,INDUSTRIAL,medium
IS7175,MFS53 Raster Industrial R54,140.3079,36.0112,MFS53,INDUSTRIAL,medium
IS7176,MFS53 Raster Industrial R56,140.3171,35.9212,MFS53,INDUSTRIAL,medium
IS7177,MFS53 Raster Industrial R58,140.2671,35.9171,MFS53,INDUSTRIAL,medium
IS7178,MFS53 Raster Industrial R60,140.3338,35.9271,MFS53,INDUSTRIAL,medium
IS7179,MFS53 Raster Industrial R62,140.2721,35.9271,MFS53,INDUSTRIAL,medium
IS7180,MFS53 Raster Industrial R64,140.2954,35.9904,MFS53,INDUSTRIAL,medium
IS7181,MFS53 Raster Industrial R66,140.2646,35.9179,MFS53,INDUSTRIAL,medium
IS7182,MFS53 Raster Industrial R68,140.3071,35.9137,MFS53,INDUSTRIAL,medium
IS7183,MFS53 Raster Industrial R70,140.3271,35.9221,MFS53,INDUSTRIAL,medium
IS7184,MFS53 Raster Industrial R72,140.3313,35.9262,MFS53,INDUSTRIAL,medium
IS7185,MFS53 Raster Industrial R74,140.3129,35.9187,MFS53,INDUSTRIAL,medium
IS7186,MFS53 Raster Industrial R76,140.2771,35.9971,MFS53,INDUSTRIAL,medium
IS7187,MFS53 Raster Industrial R78,140.2879,35.9229,MFS53,INDUSTRIAL,medium
IS7188,MFS53 Raster Industrial R80,140.3071,36.0021,MFS53,INDUSTRIAL,medium
IS7189,MFS53 Raster Industrial R82,140.2871,35.9154,MFS53,INDUSTRIAL,medium
IS7190,MFS53 Raster Industrial R84,140.2704,35.9279,MFS53,INDUSTRIAL,medium
IS7191,MFS53 Raster Industrial R86,140.3529,35.9762,MFS53,INDUSTRIAL,medium
IS7192,MFS53 Raster Industrial R88,140.2946,35.9887,MFS53,INDUSTRIAL,medium
IS7193,MFS53 Raster Industrial R90,140.2912,35.9821,MFS53,INDUSTRIAL,medium
IS7194,MFS53 Raster Industrial R92,140.3179,35.9921,MFS53,INDUSTRIAL,medium
IS7195,MFS53 Raster Industrial R94,140.3354,35.9271,MFS53,INDUSTRIAL,medium
IS7196,MFS53 Raster Industrial R96,140.2879,36.0004,MFS53,INDUSTRIAL,medium
IS7197,MFS53 Raster Industrial R98,140.2896,35.9746,MFS53,INDUSTRIAL,medium
IS7198,MFS53 Raster Industrial R100,140.2812,35.9121,MFS53,INDUSTRIAL,medium
IS7199,MFS55 Raster Industrial R2,140.5712,36.3096,MFS55,INDUSTRIAL,medium
IS7200,MFS55 Raster Industrial R4,140.4363,36.4596,MFS55,INDUSTRIAL,medium
IS7201,MFS55 Raster Industrial R6,140.5563,36.3979,MFS55,INDUSTRIAL,medium
IS7202,MFS55 Raster Industrial R8,140.4754,36.3429,MFS55,INDUSTRIAL,medium
IS7203,MFS55 Raster Industrial R10,140.5362,36.4196,MFS55,INDUSTRIAL,medium
IS7204,MFS55 Raster Industrial R12,140.5037,36.3837,MFS55,INDUSTRIAL,medium
IS7205,MFS55 Raster Industrial R14,140.4979,36.3429,MFS55,INDUSTRIAL,medium
IS7206,MFS55 Raster Industrial R16,140.4154,36.4112,MFS55,INDUSTRIAL,medium
IS7207,MFS55 Raster Industrial R18,140.5213,36.3487,MFS55,INDUSTRIAL,medium
IS7208,MFS55 Raster Industrial R20,140.3887,36.3829,MFS55,INDUSTRIAL,medium
IS7209,MFS55 Raster Industrial R22,140.4354,36.3979,MFS55,INDUSTRIAL,medium
IS7210,MFS55 Raster Industrial R24,140.4254,36.4612,MFS55,INDUSTRIAL,medium
IS7211,MFS55 Raster Industrial R26,140.5096,36.3671,MFS55,INDUSTRIAL,medium
IS7212,MFS55 Raster Industrial R28,140.4646,36.4529,MFS55,INDUSTRIAL,medium
IS7213,MFS55 Raster Industrial R30,140.4563,36.3287,MFS55,INDUSTRIAL,medium
IS7214,MFS55 Raster Industrial R32,140.5188,36.4171,MFS55,INDUSTRIAL,medium
IS7215,MFS55 Raster Industrial R34,140.5704,36.4004,MFS55,INDUSTRIAL,medium
IS7216,MFS55 Raster Industrial R36,140.4646,36.3754,MFS55,INDUSTRIAL,medium
IS7217,MFS55 Raster Industrial R38,140.4246,36.3887,MFS55,INDUSTRIAL,medium
IS7218,MFS55 Raster Industrial R40,140.6037,36.3662,MFS55,INDUSTRIAL,medium
IS7219,MFS55 Raster Industrial R42,140.5687,36.3562,MFS55,INDUSTRIAL,medium
IS7220,MFS55 Raster Industrial R44,140.5779,36.4637,MFS55,INDUSTRIAL,medium
IS7221,MFS55 Raster Industrial R46,140.4363,36.3771,MFS55,INDUSTRIAL,medium
IS7222,MFS55 Raster Industrial R48,140.5662,36.4729,MFS55,INDUSTRIAL,medium
IS7223,MFS55 Raster Industrial R50,140.4988,36.3421,MFS55,INDUSTRIAL,medium
IS7224,MFS55 Raster Industrial R52,140.5896,36.3379,MFS55,INDUSTRIAL,medium
IS7225,MFS55 Raster Industrial R54,140.5288,36.4129,MFS55,INDUSTRIAL,medium
IS7226,MFS55 Raster Industrial R56,140.5029,36.4671,MFS55,INDUSTRIAL,medium
IS7227,MFS55 Raster Industrial R58,140.5421,36.3829,MFS55,INDUSTRIAL,medium
IS7228,MFS55 Raster Industrial R60,140.4062,36.3646,MFS55,INDUSTRIAL,medium
IS7229,MFS55 Raster Industrial R62,140.4804,36.3612,MFS55,INDUSTRIAL,medium
IS7230,MFS55 Raster Industrial R64,140.6004,36.4562,MFS55,INDUSTRIAL,medium
IS7231,MFS55 Raster Industrial R66,140.3938,36.4704,MFS55,INDUSTRIAL,medium
IS7232,MFS55 Raster Industrial R68,140.5179,36.3921,MFS55,INDUSTRIAL,medium
IS7233,MFS55 Raster Industrial R70,140.5546,36.4196,MFS55,INDUSTRIAL,medium
IS7234,MFS55 Raster Industrial R72,140.5921,36.3446,MFS55,INDUSTRIAL,medium
IS7235,MFS55 Raster Industrial R74,140.5929,36.3979,MFS55,INDUSTRIAL,medium
IS7236,MFS56 Raster Industrial R2,139.8787,36.2929,MFS56,INDUSTRIAL,medium
IS7237,MFS56 Raster Industrial R4,139.9171,36.2871,MFS56,INDUSTRIAL,medium
IS7238,MFS56 Raster Industrial R6,139.8746,36.3179,MFS56,INDUSTRIAL,medium
IS7239,MFS56 Raster Industrial R8,139.9387,36.2687,MFS56,INDUSTRIAL,medium
IS7240,MFS56 Raster Industrial R10,139.8171,36.2912,MFS56,INDUSTRIAL,medium
IS7241,MFS56 Raster Industrial R12,139.8771,36.3087,MFS56,INDUSTRIAL,medium
IS7242,MFS56 Raster Industrial R14,139.8754,36.2704,MFS56,INDUSTRIAL,medium
IS7243,MFS56 Raster Industrial R16,139.8029,36.2987,MFS56,INDUSTRIAL,medium
IS7244,MFS56 Raster Industrial R18,139.9196,36.3254,MFS56,INDUSTRIAL,medium
IS7245,MFS56 Raster Industrial R20,139.8254,36.3179,MFS56,INDUSTRIAL,medium
IS7246,MFS56 Raster Industrial R22,139.8479,36.2896,MFS56,INDUSTRIAL,medium
IS7247,MFS56 Raster Industrial R24,139.8288,36.3204,MFS56,INDUSTRIAL,medium
IS7248,MFS56 Raster Industrial R26,139.8212,36.3337,MFS56,INDUSTRIAL,medium
IS7249,MFS56 Raster Industrial R28,139.8313,36.2971,MFS56,INDUSTRIAL,medium
IS7250,MFS56 Raster Industrial R30,139.8029,36.3121,MFS56,INDUSTRIAL,medium
IS7251,MFS56 Raster Industrial R32,139.9221,36.2479,MFS56,INDUSTRIAL,medium
IS7252,MFS56 Raster Industrial R34,139.9038,36.3554,MFS56,INDUSTRIAL,medium
IS7253,MFS56 Raster Industrial R36,139.9171,36.3062,MFS56,INDUSTRIAL,medium
IS7254,MFS56 Raster Industrial R38,139.8638,36.3079,MFS56,INDUSTRIAL,medium
IS7255,MFS56 Raster Industrial R40,139.8262,36.3562,MFS56,INDUSTRIAL,medium
IS7256,MFS56 Raster Industrial R42,139.8187,36.3096,MFS56,INDUSTRIAL,medium
IS7257,MFS56 Raster Industrial R44,139.9121,36.2862,MFS56,INDUSTRIAL,medium
IS7258,MFS56 Raster Industrial R46,139.8246,36.2879,MFS56,INDUSTRIAL,medium
IS7259,MFS56 Raster Industrial R48,139.8121,36.3354,MFS56,INDUSTRIAL,medium
IS7260,MFS56 Raster Industrial R50,139.8554,36.3287,MFS56,INDUSTRIAL,medium
IS7261,MFS56 Raster Industrial R52,139.8146,36.3229,MFS56,INDUSTRIAL,medium
IS7262,MFS56 Raster Industrial R54,139.8496,36.3679,MFS56,INDUSTRIAL,medium
IS7263,MFS56 Raster Industrial R56,139.8688,36.2804,MFS56,INDUSTRIAL,medium
IS7264,MFS56 Raster Industrial R58,139.9338,36.2704,MFS56,INDUSTRIAL,medium
IS7265,MFS56 Raster Industrial R60,139.8121,36.2904,MFS56,INDUSTRIAL,medium
IS7266,MFS56 Raster Industrial R62,139.8496,36.3379,MFS56,INDUSTRIAL,medium
IS7267,MFS56 Raster Industrial R64,139.8329,36.3646,MFS56,INDUSTRIAL,medium
IS7268,MFS56 Raster Industrial R66,139.8204,36.2771,MFS56,INDUSTRIAL,medium
IS7269,MFS56 Raster Industrial R68,139.8379,36.3187,MFS56,INDUSTRIAL,medium
IS7270,MFS56 Raster Industrial R70,139.8521,36.3271,MFS56,INDUSTRIAL,medium
IS7271,MFS56 Raster Industrial R72,139.8854,36.2354,MFS56,INDUSTRIAL,medium
IS7272,MFS56 Raster Industrial R74,139.9213,36.2921,MFS56,INDUSTRIAL,medium
IS7273,MFS56 Raster Industrial R76,139.8296,36.2387,MFS56,INDUSTRIAL,medium
IS7274,MFS56 Raster Industrial R78,139.8654,36.2721,MFS56,INDUSTRIAL,medium
IS7275,MFS56 Raster Industrial R80,139.8204,36.3104,MFS56,INDUSTRIAL,medium
IS7276,MFS56 Raster Industrial R82,139.8079,36.3104,MFS56,INDUSTRIAL,medium
IS7277,MFS56 Raster Industrial R84,139.9213,36.2971,MFS56,INDUSTRIAL,medium
IS7278,MFS56 Raster Industrial R86,139.8262,36.3287,MFS56,INDUSTRIAL,medium
IS7279,MFS56 Raster Industrial R88,139.8704,36.2871,MFS56,INDUSTRIAL,medium
IS7280,MFS56 Raster Industrial R90,139.8063,36.3121,MFS56,INDUSTRIAL,medium
IS7281,MFS56 Raster Industrial R92,139.9371,36.3354,MFS56,INDUSTRIAL,medium
IS7282,MFS56 Raster Industrial R94,139.8738,36.3029,MFS56,INDUSTRIAL,medium
IS7283,MFS56 Raster Industrial R96,139.8479,36.3504,MFS56,INDUSTRIAL,medium
IS7284,MFS56 Raster Industrial R98,139.9254,36.2729,MFS56,INDUSTRIAL,medium
IS7285,MFS56 Raster Industrial R100,139.8746,36.2412,MFS56,INDUSTRIAL,medium
IS7286,MFS57 Raster Industrial R2,139.0938,36.3712,MFS57,INDUSTRIAL,medium
IS7287,MFS57 Raster Industrial R4,138.9762,36.3654,MFS57,INDUSTRIAL,medium
IS7288,MFS57 Raster Industrial R6,139.0646,36.3037,MFS57,INDUSTRIAL,medium
IS7289,MFS57 Raster Industrial R8,139.1354,36.4704,MFS57,INDUSTRIAL,medium
IS7290,MFS57 Raster Industrial R10,139.0513,36.4554,MFS57,INDUSTRIAL,medium
IS7291,MFS57 Raster Industrial R12,139.0762,36.3804,MFS57,INDUSTRIAL,medium
IS7292,MFS57 Raster Industrial R14,139.1262,36.4821,MFS57,INDUSTRIAL,medium
IS7293,MFS57 Raster Industrial R16,139.0321,36.3237,MFS57,INDUSTRIAL,medium
IS7294,MFS57 Raster Industrial R18,138.9654,36.4204,MFS57,INDUSTRIAL,medium
IS7295,MFS57 Raster Industrial R20,139.0904,36.3979,MFS57,INDUSTRIAL,medium
IS7296,MFS57 Raster Industrial R22,139.0879,36.3887,MFS57,INDUSTRIAL,medium
IS7297,MFS57 Raster Industrial R24,139.0129,36.3337,MFS57,INDUSTRIAL,medium
IS7298,MFS57 Raster Industrial R26,139.0563,36.4171,MFS57,INDUSTRIAL,medium
IS7299,MFS57 Raster Industrial R28,139.1037,36.3196,MFS57,INDUSTRIAL,medium
IS7300,MFS57 Raster Industrial R30,139.0513,36.3671,MFS57,INDUSTRIAL,medium
IS7301,MFS57 Raster Industrial R32,139.0046,36.3304,MFS57,INDUSTRIAL,medium
IS7302,MFS57 Raster Industrial R34,139.0354,36.2904,MFS57,INDUSTRIAL,medium
IS7303,MFS57 Raster Industrial R36,138.9929,36.3337,MFS57,INDUSTRIAL,medium
IS7304,MFS57 Raster Industrial R38,139.1321,36.3287,MFS57,INDUSTRIAL,medium
IS7305,MFS57 Raster Industrial R40,139.0829,36.3671,MFS57,INDUSTRIAL,medium
IS7306,MFS57 Raster Industrial R42,139.1096,36.2912,MFS57,INDUSTRIAL,medium
IS7307,MFS57 Raster Industrial R44,139.0454,36.4646,MFS57,INDUSTRIAL,medium
IS7308,MFS57 Raster Industrial R46,139.0712,36.2929,MFS57,INDUSTRIAL,medium
IS7309,MFS57 Raster Industrial R48,138.9988,36.3321,MFS57,INDUSTRIAL,medium
IS7310,MFS57 Raster Industrial R50,139.1104,36.3646,MFS57,INDUSTRIAL,medium
IS7311,MFS57 Raster Industrial R52,139.0946,36.3729,MFS57,INDUSTRIAL,medium
IS7312,MFS57 Raster Industrial R54,139.0513,36.3554,MFS57,INDUSTRIAL,medium
IS7313,MFS57 Raster Industrial R56,139.0279,36.3754,MFS57,INDUSTRIAL,medium
IS7314,MFS57 Raster Industrial R58,139.0888,36.4346,MFS57,INDUSTRIAL,medium
IS7315,MFS57 Raster Industrial R60,139.0446,36.3304,MFS57,INDUSTRIAL,medium
IS7316,MFS57 Raster Industrial R62,139.1229,36.4029,MFS57,INDUSTRIAL,medium
IS7317,MFS57 Raster Industrial R64,139.1012,36.3954,MFS57,INDUSTRIAL,medium
IS7318,MFS57 Raster Industrial R66,138.9804,36.4529,MFS57,INDUSTRIAL,medium
IS7319,MFS57 Raster Industrial R68,139.0687,36.3904,MFS57,INDUSTRIAL,medium
IS7320,MFS57 Raster Industrial R70,139.1062,36.4304,MFS57,INDUSTRIAL,medium
IS7321,MFS57 Raster Industrial R72,139.0671,36.4271,MFS57,INDUSTRIAL,medium
IS7322,MFS57 Raster Industrial R74,139.1029,36.3821,MFS57,INDUSTRIAL,medium
IS7323,MFS57 Raster Industrial R76,139.0312,36.4054,MFS57,INDUSTRIAL,medium
IS7324,MFS57 Raster Industrial R78,139.0904,36.4079,MFS57,INDUSTRIAL,medium
IS7325,MFS57 Raster Industrial R80,139.0188,36.3779,MFS57,INDUSTRIAL,medium
IS7326,MFS57 Raster Industrial R82,139.1679,36.3304,MFS57,INDUSTRIAL,medium
IS7327,MFS57 Raster Industrial R84,138.9879,36.4496,MFS57,INDUSTRIAL,medium
IS7328,MFS57 Raster Industrial R86,139.0004,36.3054,MFS57,INDUSTRIAL,medium
IS7329,MFS57 Raster Industrial R88,139.0288,36.3454,MFS57,INDUSTRIAL,medium
IS7330,MFS57 Raster Industrial R90,139.1354,36.4379,MFS57,INDUSTRIAL,medium
IS7331,MFS57 Raster Industrial R92,139.0704,36.4554,MFS57,INDUSTRIAL,medium
IS7332,MFS57 Raster Industrial R94,139.0254,36.3454,MFS57,INDUSTRIAL,medium
IS7333,MFS57 Raster Industrial R96,139.1287,36.4329,MFS57,INDUSTRIAL,medium
IS7334,MFS57 Raster Industrial R98,138.9663,36.3737,MFS57,INDUSTRIAL,medium
IS7335,MFS57 Raster Industrial R100,138.9679,36.3721,MFS57,INDUSTRIAL,medium
IS7336,MFS58 Raster Industrial R2,139.3946,36.2529,MFS58,INDUSTRIAL,medium
IS7337,MFS58 Raster Industrial R4,139.3896,36.3354,MFS58,INDUSTRIAL,medium
IS7338,MFS58 Raster Industrial R6,139.3121,36.3071,MFS58,INDUSTRIAL,medium
IS7339,MFS58 Raster Industrial R8,139.3154,36.3587,MFS58,INDUSTRIAL,medium
IS7340,MFS58 Raster Industrial R10,139.3921,36.2821,MFS58,INDUSTRIAL,medium
IS7341,MFS58 Raster Industrial R12,139.3979,36.2796,MFS58,INDUSTRIAL,medium
IS7342,MFS58 Raster Industrial R14,139.3854,36.2271,MFS58,INDUSTRIAL,medium
IS7343,MFS58 Raster Industrial R16,139.4046,36.2312,MFS58,INDUSTRIAL,medium
IS7344,MFS58 Raster Industrial R18,139.3854,36.2512,MFS58,INDUSTRIAL,medium
IS7345,MFS58 Raster Industrial R20,139.4171,36.2354,MFS58,INDUSTRIAL,medium
IS7346,MFS58 Raster Industrial R22,139.2963,36.3579,MFS58,INDUSTRIAL,medium
IS7347,MFS58 Raster Industrial R24,139.3988,36.2629,MFS58,INDUSTRIAL,medium
IS7348,MFS58 Raster Industrial R26,139.3638,36.3046,MFS58,INDUSTRIAL,medium
IS7349,MFS58 Raster Industrial R28,139.4121,36.2962,MFS58,INDUSTRIAL,medium
IS7350,MFS58 Raster Industrial R30,139.3821,36.2262,MFS58,INDUSTRIAL,medium
IS7351,MFS58 Raster Industrial R32,139.3363,36.3354,MFS58,INDUSTRIAL,medium
IS7352,MFS58 Raster Industrial R34,139.3696,36.2737,MFS58,INDUSTRIAL,medium
IS7353,MFS58 Raster Industrial R36,139.3171,36.2579,MFS58,INDUSTRIAL,medium
IS7354,MFS58 Raster Industrial R38,139.2846,36.2762,MFS58,INDUSTRIAL,medium
IS7355,MFS58 Raster Industrial R40,139.2946,36.3071,MFS58,INDUSTRIAL,medium
IS7356,MFS58 Raster Industrial R42,139.4338,36.3204,MFS58,INDUSTRIAL,medium
IS7357,MFS58 Raster Industrial R44,139.3613,36.3896,MFS58,INDUSTRIAL,medium
IS7358,MFS58 Raster Industrial R46,139.3771,36.2662,MFS58,INDUSTRIAL,medium
IS7359,MFS58 Raster Industrial R48,139.3537,36.3221,MFS58,INDUSTRIAL,medium
IS7360,MFS58 Raster Industrial R50,139.3571,36.2496,MFS58,INDUSTRIAL,medium
IS7361,MFS58 Raster Industrial R52,139.3779,36.3487,MFS58,INDUSTRIAL,medium
IS7362,MFS58 Raster Industrial R54,139.2904,36.3037,MFS58,INDUSTRIAL,medium
IS7363,MFS58 Raster Industrial R56,139.3371,36.3129,MFS58,INDUSTRIAL,medium
IS7364,MFS58 Raster Industrial R58,139.3137,36.3204,MFS58,INDUSTRIAL,medium
IS7365,MFS58 Raster Industrial R60,139.4154,36.2554,MFS58,INDUSTRIAL,medium
IS7366,MFS58 Raster Industrial R62,139.4363,36.3296,MFS58,INDUSTRIAL,medium
IS7367,MFS58 Raster Industrial R64,139.4129,36.2779,MFS58,INDUSTRIAL,medium
IS7368,MFS58 Raster Industrial R66,139.3646,36.3662,MFS58,INDUSTRIAL,medium
IS7369,MFS58 Raster Industrial R68,139.3504,36.3096,MFS58,INDUSTRIAL,medium
IS7370,MFS58 Raster Industrial R70,139.3246,36.3879,MFS58,INDUSTRIAL,medium
IS7371,MFS58 Raster Industrial R72,139.4204,36.3187,MFS58,INDUSTRIAL,medium
IS7372,MFS58 Raster Industrial R74,139.4246,36.3271,MFS58,INDUSTRIAL,medium
IS7373,MFS58 Raster Industrial R76,139.2979,36.3604,MFS58,INDUSTRIAL,medium
IS7374,MFS58 Raster Industrial R78,139.4079,36.2996,MFS58,INDUSTRIAL,medium
IS7375,MFS58 Raster Industrial R80,139.3379,36.2479,MFS58,INDUSTRIAL,medium
IS7376,MFS58 Raster Industrial R82,139.3771,36.3554,MFS58,INDUSTRIAL,medium
IS7377,MFS58 Raster Industrial R84,139.3554,36.3887,MFS58,INDUSTRIAL,medium
IS7378,MFS58 Raster Industrial R86,139.3421,36.2704,MFS58,INDUSTRIAL,medium
IS7379,MFS58 Raster Industrial R88,139.4596,36.2579,MFS58,INDUSTRIAL,medium
IS7380,MFS58 Raster Industrial R90,139.4338,36.3187,MFS58,INDUSTRIAL,medium
IS7381,MFS58 Raster Industrial R92,139.4146,36.2629,MFS58,INDUSTRIAL,medium
IS7382,MFS58 Raster Industrial R94,139.4496,36.3046,MFS58,INDUSTRIAL,medium
IS7383,MFS58 Raster Industrial R96,139.4171,36.2704,MFS58,INDUSTRIAL,medium
IS7384,MFS58 Raster Industrial R98,139.4288,36.3504,MFS58,INDUSTRIAL,medium
IS7385,MFS58 Raster Industrial R100,139.2954,36.2637,MFS58,INDUSTRIAL,medium
IS7386,MFS60 Raster Industrial R2,139.6804,36.3212,MFS60,INDUSTRIAL,medium
IS7387,MFS60 Raster Industrial R4,139.7721,36.3629,MFS60,INDUSTRIAL,medium
IS7388,MFS60 Raster Industrial R6,139.6621,36.3946,MFS60,INDUSTRIAL,medium
IS7389,MFS60 Raster Industrial R8,139.8013,36.3921,MFS60,INDUSTRIAL,medium
IS7390,MFS60 Raster Industrial R10,139.7329,36.3854,MFS60,INDUSTRIAL,medium
IS7391,MFS60 Raster Industrial R12,139.7404,36.3771,MFS60,INDUSTRIAL,medium
IS7392,MFS60 Raster Industrial R14,139.7388,36.4087,MFS60,INDUSTRIAL,medium
IS7393,MFS60 Raster Industrial R16,139.6887,36.4187,MFS60,INDUSTRIAL,medium
IS7394,MFS60 Raster Industrial R18,139.7304,36.3854,MFS60,INDUSTRIAL,medium
IS7395,MFS60 Raster Industrial R20,139.7262,36.3821,MFS60,INDUSTRIAL,medium
IS7396,MFS60 Raster Industrial R22,139.7012,36.4112,MFS60,INDUSTRIAL,medium
IS7397,MFS60 Raster Industrial R24,139.6996,36.3454,MFS60,INDUSTRIAL,medium
IS7398,MFS60 Raster Industrial R26,139.7246,36.4346,MFS60,INDUSTRIAL,medium
IS7399,MFS60 Raster Industrial R28,139.7371,36.3946,MFS60,INDUSTRIAL,medium
IS7400,MFS60 Raster Industrial R30,139.7237,36.4287,MFS60,INDUSTRIAL,medium
IS7401,MFS60 Raster Industrial R32,139.7779,36.4071,MFS60,INDUSTRIAL,medium
IS7402,MFS60 Raster Industrial R34,139.7571,36.4096,MFS60,INDUSTRIAL,medium
IS7403,MFS60 Raster Industrial R36,139.7254,36.3854,MFS60,INDUSTRIAL,medium
IS7404,MFS60 Raster Industrial R38,139.7946,36.3421,MFS60,INDUSTRIAL,medium
IS7405,MFS60 Raster Industrial R40,139.7837,36.3412,MFS60,INDUSTRIAL,medium
IS7406,MFS60 Raster Industrial R42,139.6871,36.4137,MFS60,INDUSTRIAL,medium
IS7407,MFS60 Raster Industrial R44,139.7146,36.3312,MFS60,INDUSTRIAL,medium
IS7408,MFS60 Raster Industrial R46,139.7546,36.4037,MFS60,INDUSTRIAL,medium
IS7409,MFS60 Raster Industrial R48,139.7287,36.3887,MFS60,INDUSTRIAL,medium
IS7410,MFS60 Raster Industrial R50,139.6937,36.4071,MFS60,INDUSTRIAL,medium
IS7411,MFS60 Raster Industrial R52,139.7113,36.3687,MFS60,INDUSTRIAL,medium
IS7412,MFS60 Raster Industrial R54,139.7463,36.4504,MFS60,INDUSTRIAL,medium
IS7413,MFS60 Raster Industrial R56,139.7379,36.4504,MFS60,INDUSTRIAL,medium
IS7414,MFS60 Raster Industrial R58,139.7746,36.4062,MFS60,INDUSTRIAL,medium
IS7415,MFS60 Raster Industrial R60,139.6962,36.3971,MFS60,INDUSTRIAL,medium
IS7416,MFS60 Raster Industrial R62,139.7104,36.3421,MFS60,INDUSTRIAL,medium
IS7417,MFS60 Raster Industrial R64,139.7546,36.4162,MFS60,INDUSTRIAL,medium
IS7418,MFS60 Raster Industrial R66,139.7188,36.3987,MFS60,INDUSTRIAL,medium
IS7419,MFS60 Raster Industrial R68,139.7812,36.3987,MFS60,INDUSTRIAL,medium
IS7420,MFS60 Raster Industrial R70,139.7554,36.4029,MFS60,INDUSTRIAL,medium
IS7421,MFS60 Raster Industrial R72,139.7429,36.3954,MFS60,INDUSTRIAL,medium
IS7422,MFS60 Raster Industrial R74,139.7438,36.4021,MFS60,INDUSTRIAL,medium
IS7423,MFS60 Raster Industrial R76,139.7663,36.3896,MFS60,INDUSTRIAL,medium
IS7424,MFS60 Raster Industrial R78,139.7746,36.3621,MFS60,INDUSTRIAL,medium
IS7425,MFS60 Raster Industrial R80,139.7113,36.3904,MFS60,INDUSTRIAL,medium
IS7426,MFS60 Raster Industrial R82,139.7713,36.3446,MFS60,INDUSTRIAL,medium
IS7427,MFS60 Raster Industrial R84,139.7946,36.4279,MFS60,INDUSTRIAL,medium
IS7428,MFS60 Raster Industrial R86,139.7379,36.3904,MFS60,INDUSTRIAL,medium
IS7429,MFS60 Raster Industrial R88,139.7488,36.4071,MFS60,INDUSTRIAL,medium
IS7430,MFS60 Raster Industrial R90,139.7396,36.4496,MFS60,INDUSTRIAL,medium
IS7431,MFS60 Raster Industrial R92,139.7629,36.3179,MFS60,INDUSTRIAL,medium
IS7432,MFS60 Raster Industrial R94,139.7179,36.3846,MFS60,INDUSTRIAL,medium
IS7433,MFS60 Raster Industrial R96,139.6704,36.3321,MFS60,INDUSTRIAL,medium
IS7434,MFS60 Raster Industrial R98,139.7637,36.3596,MFS60,INDUSTRIAL,medium
IS7435,MFS60 Raster Industrial R100,139.7379,36.3187,MFS60,INDUSTRIAL,medium
IS7436,MFS61 Raster Industrial R2,139.3996,36.3621,MFS61,INDUSTRIAL,medium
IS7437,MFS61 Raster Industrial R4,139.4187,36.3062,MFS61,INDUSTRIAL,medium
IS7438,MFS61 Raster Industrial R6,139.4137,36.3096,MFS61,INDUSTRIAL,medium
IS7439,MFS61 Raster Industrial R8,139.4321,36.3187,MFS61,INDUSTRIAL,medium
IS7440,MFS61 Raster Industrial R10,139.4904,36.2946,MFS61,INDUSTRIAL,medium
IS7441,MFS61 Raster Industrial R12,139.3929,36.3204,MFS61,INDUSTRIAL,medium
IS7442,MFS61 Raster Industrial R14,139.4596,36.2829,MFS61,INDUSTRIAL,medium
IS7443,MFS61 Raster Industrial R16,139.3896,36.3687,MFS61,INDUSTRIAL,medium
IS7444,MFS61 Raster Industrial R18,139.4679,36.3004,MFS61,INDUSTRIAL,medium
IS7445,MFS61 Raster Industrial R20,139.4363,36.3212,MFS61,INDUSTRIAL,medium
IS7446,MFS61 Raster Industrial R22,139.4271,36.3121,MFS61,INDUSTRIAL,medium
IS7447,MFS61 Raster Industrial R24,139.3879,36.3021,MFS61,INDUSTRIAL,medium
IS7448,MFS61 Raster Industrial R26,139.3921,36.3704,MFS61,INDUSTRIAL,medium
IS7449,MFS61 Raster Industrial R28,139.4087,36.2871,MFS61,INDUSTRIAL,medium
IS7450,MFS61 Raster Industrial R30,139.4596,36.3362,MFS61,INDUSTRIAL,medium
IS7451,MFS61 Raster Industrial R32,139.4946,36.3221,MFS61,INDUSTRIAL,medium
IS7452,MFS61 Raster Industrial R34,139.4679,36.2812,MFS61,INDUSTRIAL,medium
IS7453,MFS61 Raster Industrial R36,139.4046,36.3171,MFS61,INDUSTRIAL,medium
IS7454,MFS61 Raster Industrial R38,139.4904,36.3246,MFS61,INDUSTRIAL,medium
IS7455,MFS61 Raster Industrial R40,139.4704,36.3037,MFS61,INDUSTRIAL,medium
IS7456,MFS61 Raster Industrial R42,139.3954,36.3129,MFS61,INDUSTRIAL,medium
IS7457,MFS61 Raster Industrial R44,139.4162,36.3071,MFS61,INDUSTRIAL,medium
IS7458,MFS61 Raster Industrial R46,139.4871,36.3162,MFS61,INDUSTRIAL,medium
IS7459,MFS61 Raster Industrial R48,139.4629,36.3421,MFS61,INDUSTRIAL,medium
IS7460,MFS61 Raster Industrial R50,139.4112,36.3487,MFS61,INDUSTRIAL,medium
IS7461,MFS61 Raster Industrial R52,139.4563,36.3629,MFS61,INDUSTRIAL,medium
IS7462,MFS61 Raster Industrial R54,139.4737,36.3512,MFS61,INDUSTRIAL,medium
IS7463,MFS61 Raster Industrial R56,139.3996,36.3579,MFS61,INDUSTRIAL,medium
IS7464,MFS61 Raster Industrial R58,139.3879,36.3046,MFS61,INDUSTRIAL,medium
IS7465,MFS61 Raster Industrial R60,139.4621,36.3496,MFS61,INDUSTRIAL,medium
IS7466,MFS61 Raster Industrial R62,139.4804,36.3837,MFS61,INDUSTRIAL,medium
IS7467,MFS61 Raster Industrial R64,139.5087,36.3137,MFS61,INDUSTRIAL,medium
IS7468,MFS61 Raster Industrial R66,139.4004,36.3612,MFS61,INDUSTRIAL,medium
IS7469,MFS61 Raster Industrial R68,139.4137,36.3496,MFS61,INDUSTRIAL,medium
IS7470,MFS61 Raster Industrial R70,139.4996,36.3262,MFS61,INDUSTRIAL,medium
IS7471,MFS61 Raster Industrial R72,139.4704,36.3104,MFS61,INDUSTRIAL,medium
IS7472,MFS61 Raster Industrial R74,139.4779,36.3937,MFS61,INDUSTRIAL,medium
IS7473,MFS61 Raster Industrial R76,139.4604,36.3271,MFS61,INDUSTRIAL,medium
IS7474,MFS61 Raster Industrial R78,139.4654,36.3037,MFS61,INDUSTRIAL,medium
IS7475,MFS61 Raster Industrial R80,139.4038,36.3396,MFS61,INDUSTRIAL,medium
IS7476,MFS61 Raster Industrial R82,139.4529,36.3079,MFS61,INDUSTRIAL,medium
IS7477,MFS61 Raster Industrial R84,139.4529,36.2921,MFS61,INDUSTRIAL,medium
IS7478,MFS61 Raster Industrial R86,139.4746,36.3554,MFS61,INDUSTRIAL,medium
IS7479,MFS61 Raster Industrial R88,139.4321,36.3354,MFS61,INDUSTRIAL,medium
IS7480,MFS61 Raster Industrial R90,139.4504,36.3221,MFS61,INDUSTRIAL,medium
IS7481,MFS61 Raster Industrial R92,139.4096,36.3396,MFS61,INDUSTRIAL,medium
IS7482,MFS61 Raster Industrial R94,139.4021,36.3279,MFS61,INDUSTRIAL,medium
IS7483,MFS61 Raster Industrial R96,139.3871,36.3354,MFS61,INDUSTRIAL,medium
IS7484,MFS61 Raster Industrial R98,139.4296,36.3529,MFS61,INDUSTRIAL,medium
IS7485,MFS61 Raster Industrial R100,139.4846,36.3662,MFS61,INDUSTRIAL,medium
IS7486,MFS63 Raster Industrial R2,140.3512,36.7704,MFS63,INDUSTRIAL,medium
IS7487,MFS63 Raster Industrial R4,140.4396,36.5954,MFS63,INDUSTRIAL,medium
IS7488,MFS63 Raster Industrial R6,140.4838,36.6196,MFS63,INDUSTRIAL,medium
IS7489,MFS63 Raster Industrial R8,140.4696,36.6946,MFS63,INDUSTRIAL,medium
IS7490,MFS63 Raster Industrial R10,140.4112,36.5946,MFS63,INDUSTRIAL,medium
IS7491,MFS63 Raster Industrial R12,140.3846,36.7487,MFS63,INDUSTRIAL,medium
IS7492,MFS63 Raster Industrial R14,140.4913,36.5696,MFS63,INDUSTRIAL,medium
IS7493,MFS63 Raster Industrial R16,140.4812,36.6162,MFS63,INDUSTRIAL,medium
IS7494,MFS63 Raster Industrial R18,140.3462,36.7771,MFS63,INDUSTRIAL,medium
IS7495,MFS63 Raster Industrial R20,140.3954,36.6321,MFS63,INDUSTRIAL,medium
IS7496,MFS63 Raster Industrial R22,140.3546,36.7712,MFS63,INDUSTRIAL,medium
IS7497,MFS63 Raster Industrial R24,140.4821,36.7912,MFS63,INDUSTRIAL,medium
IS7498,MFS63 Raster Industrial R26,140.4137,36.5954,MFS63,INDUSTRIAL,medium
IS7499,MFS63 Raster Industrial R28,140.4604,36.7237,MFS63,INDUSTRIAL,medium
IS7500,MFS63 Raster Industrial R30,140.5354,36.6196,MFS63,INDUSTRIAL,medium
IS7501,MFS63 Raster Industrial R32,140.3596,36.7646,MFS63,INDUSTRIAL,medium
IS7502,MFS63 Raster Industrial R34,140.3938,36.6487,MFS63,INDUSTRIAL,medium
IS7503,MFS63 Raster Industrial R36,140.3871,36.6954,MFS63,INDUSTRIAL,medium
IS7504,MFS63 Raster Industrial R38,140.4479,36.5829,MFS63,INDUSTRIAL,medium
IS7505,MFS63 Raster Industrial R40,140.5379,36.5929,MFS63,INDUSTRIAL,medium
IS7506,MFS63 Raster Industrial R42,140.3971,36.6379,MFS63,INDUSTRIAL,medium
IS7507,MFS63 Raster Industrial R44,140.4888,36.6021,MFS63,INDUSTRIAL,medium
IS7508,MFS63 Raster Industrial R46,140.4004,36.6262,MFS63,INDUSTRIAL,medium
IS7509,MFS63 Raster Industrial R48,140.4087,36.6129,MFS63,INDUSTRIAL,medium
IS7510,MFS63 Raster Industrial R50,140.4854,36.7412,MFS63,INDUSTRIAL,medium
IS7511,MFS63 Raster Industrial R52,140.4846,36.6112,MFS63,INDUSTRIAL,medium
IS7512,MFS63 Raster Industrial R54,140.4054,36.6321,MFS63,INDUSTRIAL,medium
IS7513,MFS63 Raster Industrial R56,140.3779,36.7696,MFS63,INDUSTRIAL,medium
IS7514,MFS63 Raster Industrial R58,140.3638,36.6137,MFS63,INDUSTRIAL,medium
IS7515,MFS63 Raster Industrial R60,140.3829,36.7054,MFS63,INDUSTRIAL,medium
IS7516,MFS63 Raster Industrial R62,140.4396,36.7546,MFS63,INDUSTRIAL,medium
IS7517,MFS63 Raster Industrial R64,140.5471,36.6271,MFS63,INDUSTRIAL,medium
IS7518,MFS63 Raster Industrial R66,140.3846,36.7096,MFS63,INDUSTRIAL,medium
IS7519,MFS63 Raster Industrial R68,140.5421,36.5962,MFS63,INDUSTRIAL,medium
IS7520,MFS63 Raster Industrial R70,140.3879,36.5779,MFS63,INDUSTRIAL,medium
IS7521,MFS63 Raster Industrial R72,140.4963,36.7404,MFS63,INDUSTRIAL,medium
IS7522,MFS63 Raster Industrial R74,140.3363,36.6079,MFS63,INDUSTRIAL,medium
IS7523,MFS63 Raster Industrial R76,140.5337,36.6396,MFS63,INDUSTRIAL,medium
IS7524,MFS63 Raster Industrial R78,140.3762,36.7204,MFS63,INDUSTRIAL,medium
IS7525,MFS63 Raster Industrial R80,140.3696,36.8162,MFS63,INDUSTRIAL,medium
IS7526,MFS63 Raster Industrial R82,140.4888,36.5996,MFS63,INDUSTRIAL,medium
IS7527,MFS63 Raster Industrial R84,140.3929,36.6579,MFS63,INDUSTRIAL,medium
IS7528,MFS63 Raster Industrial R86,140.3654,36.7629,MFS63,INDUSTRIAL,medium
IS7529,MFS63 Raster Industrial R88,140.5437,36.5937,MFS63,INDUSTRIAL,medium
IS7530,MFS63 Raster Industrial R90,140.4187,36.5787,MFS63,INDUSTRIAL,medium
IS7531,MFS63 Raster Industrial R92,140.3787,36.7512,MFS63,INDUSTRIAL,medium
IS7532,MFS63 Raster Industrial R94,140.4888,36.7404,MFS63,INDUSTRIAL,medium
IS7533,MFS63 Raster Industrial R96,140.3921,36.6196,MFS63,INDUSTRIAL,medium
IS7534,MFS63 Raster Industrial R98,140.4913,36.7337,MFS63,INDUSTRIAL,medium
IS7535,MFS63 Raster Industrial R100,140.3579,36.6971,MFS63,INDUSTRIAL,medium
IS7536,MFS64 Raster Industrial R2,139.7546,36.7596,MFS64,INDUSTRIAL,medium
IS7537,MFS64 Raster Industrial R4,139.7071,36.8937,MFS64,INDUSTRIAL,medium
IS7538,MFS64 Raster Industrial R6,139.7629,36.7671,MFS64,INDUSTRIAL,medium
IS7539,MFS64 Raster Industrial R8,139.7671,36.7471,MFS64,INDUSTRIAL,medium
IS7540,MFS64 Raster Industrial R10,139.8571,36.7837,MFS64,INDUSTRIAL,medium
IS7541,MFS64 Raster Industrial R12,139.8629,36.8087,MFS64,INDUSTRIAL,medium
IS7542,MFS64 Raster Industrial R14,139.8921,36.8662,MFS64,INDUSTRIAL,medium
IS7543,MFS64 Raster Industrial R16,139.7304,36.7579,MFS64,INDUSTRIAL,medium
IS7544,MFS64 Raster Industrial R18,139.7338,36.7629,MFS64,INDUSTRIAL,medium
IS7545,MFS64 Raster Industrial R20,139.7071,36.8962,MFS64,INDUSTRIAL,medium
IS7546,MFS64 Raster Industrial R22,139.7171,36.8312,MFS64,INDUSTRIAL,medium
IS7547,MFS64 Raster Industrial R24,139.8871,36.7954,MFS64,INDUSTRIAL,medium
IS7548,MFS64 Raster Industrial R26,139.8496,36.7746,MFS64,INDUSTRIAL,medium
IS7549,MFS64 Raster Industrial R28,139.7146,36.7687,MFS64,INDUSTRIAL,medium
IS7550,MFS64 Raster Industrial R30,139.7138,36.8204,MFS64,INDUSTRIAL,medium
IS7551,MFS64 Raster Industrial R32,139.8804,36.8379,MFS64,INDUSTRIAL,medium
IS7552,MFS64 Raster Industrial R34,139.7204,36.8279,MFS64,INDUSTRIAL,medium
IS7553,MFS64 Raster Industrial R36,139.7129,36.8229,MFS64,INDUSTRIAL,medium
IS7554,MFS64 Raster Industrial R38,139.7079,36.8962,MFS64,INDUSTRIAL,medium
IS7555,MFS64 Raster Industrial R40,139.7996,36.7704,MFS64,INDUSTRIAL,medium
IS7556,MFS64 Raster Industrial R42,139.7088,36.8954,MFS64,INDUSTRIAL,medium
IS7557,MFS64 Raster Industrial R44,139.7021,36.7871,MFS64,INDUSTRIAL,medium
IS7558,MFS64 Raster Industrial R46,139.7321,36.7629,MFS64,INDUSTRIAL,medium
IS7559,MFS64 Raster Industrial R48,139.7871,36.7687,MFS64,INDUSTRIAL,medium
IS7560,MFS64 Raster Industrial R50,139.7329,36.8512,MFS64,INDUSTRIAL,medium
IS7561,MFS64 Raster Industrial R52,139.7163,36.8237,MFS64,INDUSTRIAL,medium
IS7562,MFS64 Raster Industrial R54,139.8738,36.7637,MFS64,INDUSTRIAL,medium
IS7563,MFS64 Raster Industrial R56,139.7088,36.8129,MFS64,INDUSTRIAL,medium
IS7564,MFS64 Raster Industrial R58,139.7038,36.8062,MFS64,INDUSTRIAL,medium
IS7565,MFS64 Raster Industrial R60,139.7063,36.7829,MFS64,INDUSTRIAL,medium
IS7566,MFS64 Raster Industrial R62,139.7096,36.8029,MFS64,INDUSTRIAL,medium
IS7567,MFS64 Raster Industrial R64,139.7196,36.7654,MFS64,INDUSTRIAL,medium
IS7568,MFS64 Raster Industrial R66,139.8562,36.7937,MFS64,INDUSTRIAL,medium
IS7569,MFS64 Raster Industrial R68,139.7179,36.8271,MFS64,INDUSTRIAL,medium
IS7570,MFS64 Raster Industrial R70,139.7079,36.8054,MFS64,INDUSTRIAL,medium
IS7571,MFS64 Raster Industrial R72,139.6987,36.7871,MFS64,INDUSTRIAL,medium
IS7572,MFS64 Raster Industrial R74,139.7404,36.7704,MFS64,INDUSTRIAL,medium
IS7573,MFS64 Raster Industrial R76,139.7096,36.7771,MFS64,INDUSTRIAL,medium
IS7574,MFS64 Raster Industrial R78,139.7063,36.7862,MFS64,INDUSTRIAL,medium
IS7575,MFS64 Raster Industrial R80,139.7229,36.8421,MFS64,INDUSTRIAL,medium
IS7576,MFS64 Raster Industrial R82,139.8729,36.7646,MFS64,INDUSTRIAL,medium
IS7577,MFS64 Raster Industrial R84,139.8038,36.9546,MFS64,INDUSTRIAL,medium
IS7578,MFS64 Raster Industrial R86,139.7054,36.7896,MFS64,INDUSTRIAL,medium
IS7579,MFS64 Raster Industrial R88,139.8913,36.8521,MFS64,INDUSTRIAL,medium
IS7580,MFS64 Raster Industrial R90,139.9021,36.7996,MFS64,INDUSTRIAL,medium
IS7581,MFS64 Raster Industrial R92,139.7163,36.8146,MFS64,INDUSTRIAL,medium
IS7582,MFS64 Raster Industrial R94,139.7063,36.8004,MFS64,INDUSTRIAL,medium
IS7583,MFS64 Raster Industrial R96,139.8571,36.7587,MFS64,INDUSTRIAL,medium
IS7584,MFS64 Raster Industrial R98,139.8462,36.8112,MFS64,INDUSTRIAL,medium
IS7585,MFS64 Raster Industrial R100,139.7054,36.7804,MFS64,INDUSTRIAL,medium
IS7586,MFS65 Raster Industrial R2,139.0829,36.6662,MFS65,INDUSTRIAL,medium
IS7587,MFS65 Raster Industrial R4,138.9854,36.7937,MFS65,INDUSTRIAL,medium
IS7588,MFS65 Raster Industrial R6,139.0263,36.6387,MFS65,INDUSTRIAL,medium
IS7589,MFS65 Raster Industrial R8,138.8713,36.5821,MFS65,INDUSTRIAL,medium
IS7590,MFS65 Raster Industrial R10,139.0671,36.6629,MFS65,INDUSTRIAL,medium
IS7591,MFS65 Raster Industrial R12,139.0521,36.6054,MFS65,INDUSTRIAL,medium
IS7592,MFS65 Raster Industrial R14,138.8146,36.6204,MFS65,INDUSTRIAL,medium
IS7593,MFS65 Raster Industrial R16,139.0204,36.6587,MFS65,INDUSTRIAL,medium
IS7594,MFS65 Raster Industrial R18,139.0296,36.6612,MFS65,INDUSTRIAL,medium
IS7595,MFS65 Raster Industrial R20,139.0637,36.6471,MFS65,INDUSTRIAL,medium
IS7596,MFS65 Raster Industrial R22,139.0596,36.6404,MFS65,INDUSTRIAL,medium
IS7597,MFS65 Raster Industrial R24,138.8829,36.6121,MFS65,INDUSTRIAL,medium
IS7598,MFS65 Raster Industrial R26,139.0679,36.6612,MFS65,INDUSTRIAL,medium
IS7599,MFS65 Raster Industrial R28,139.0504,36.6337,MFS65,INDUSTRIAL,medium
IS7600,MFS65 Raster Industrial R30,139.0654,36.6546,MFS65,INDUSTRIAL,medium
IS7601,MFS65 Raster Industrial R32,138.9396,36.6821,MFS65,INDUSTRIAL,medium
IS7602,MFS65 Raster Industrial R34,138.8471,36.5971,MFS65,INDUSTRIAL,medium
IS7603,MFS65 Raster Industrial R36,138.9363,36.6887,MFS65,INDUSTRIAL,medium
IS7604,MFS65 Raster Industrial R38,139.0529,36.6337,MFS65,INDUSTRIAL,medium
IS7605,MFS65 Raster Industrial R40,139.0563,36.6479,MFS65,INDUSTRIAL,medium
IS7606,MFS65 Raster Industrial R42,139.0721,36.6571,MFS65,INDUSTRIAL,medium
IS7607,MFS65 Raster Industrial R44,138.9871,36.6662,MFS65,INDUSTRIAL,medium
IS7608,MFS65 Raster Industrial R46,139.0571,36.6421,MFS65,INDUSTRIAL,medium
IS7609,MFS65 Raster Industrial R48,138.9796,36.6937,MFS65,INDUSTRIAL,medium
IS7610,MFS65 Raster Industrial R50,138.8479,36.5929,MFS65,INDUSTRIAL,medium
IS7611,MFS65 Raster Industrial R52,138.9821,36.7062,MFS65,INDUSTRIAL,medium
IS7612,MFS65 Raster Industrial R54,139.0563,36.6329,MFS65,INDUSTRIAL,medium
IS7613,MFS65 Raster Industrial R56,138.9588,36.7712,MFS65,INDUSTRIAL,medium
IS7614,MFS65 Raster Industrial R58,139.0637,36.6621,MFS65,INDUSTRIAL,medium
IS7615,MFS65 Raster Industrial R60,138.9529,36.6854,MFS65,INDUSTRIAL,medium
IS7616,MFS65 Raster Industrial R62,138.8913,36.6921,MFS65,INDUSTRIAL,medium
IS7617,MFS65 Raster Industrial R64,139.0779,36.6571,MFS65,INDUSTRIAL,medium
IS7618,MFS65 Raster Industrial R66,139.0538,36.6437,MFS65,INDUSTRIAL,medium
IS7619,MFS65 Raster Industrial R68,139.0188,36.6762,MFS65,INDUSTRIAL,medium
IS7620,MFS65 Raster Industrial R70,139.0396,36.6421,MFS65,INDUSTRIAL,medium
IS7621,MFS65 Raster Industrial R72,138.9896,36.6796,MFS65,INDUSTRIAL,medium
IS7622,MFS65 Raster Industrial R74,138.9996,36.6779,MFS65,INDUSTRIAL,medium
IS7623,MFS65 Raster Industrial R76,139.0021,36.8029,MFS65,INDUSTRIAL,medium
IS7624,MFS65 Raster Industrial R78,138.9904,36.6687,MFS65,INDUSTRIAL,medium
IS7625,MFS65 Raster Industrial R80,139.0654,36.6479,MFS65,INDUSTRIAL,medium
IS7626,MFS65 Raster Industrial R82,139.0387,36.6662,MFS65,INDUSTRIAL,medium
IS7627,MFS65 Raster Industrial R84,139.0387,36.6187,MFS65,INDUSTRIAL,medium
IS7628,MFS65 Raster Industrial R86,139.0521,36.6171,MFS65,INDUSTRIAL,medium
IS7629,MFS65 Raster Industrial R88,139.0121,36.6754,MFS65,INDUSTRIAL,medium
IS7630,MFS65 Raster Industrial R90,139.0746,36.6537,MFS65,INDUSTRIAL,medium
IS7631,MFS65 Raster Industrial R92,139.0471,36.6404,MFS65,INDUSTRIAL,medium
IS7632,MFS65 Raster Industrial R94,138.9871,36.6796,MFS65,INDUSTRIAL,medium
IS7633,MFS65 Raster Industrial R96,138.9787,36.7412,MFS65,INDUSTRIAL,medium
IS7634,MFS65 Raster Industrial R98,139.0504,36.6121,MFS65,INDUSTRIAL,medium
IS7635,MFS65 Raster Industrial R100,138.9129,36.6904,MFS65,INDUSTRIAL,medium
IS7636,MFS66 Raster Industrial R2,138.8204,36.2329,MFS66,INDUSTRIAL,medium
IS7637,MFS66 Raster Industrial R4,138.7954,36.2112,MFS66,INDUSTRIAL,medium
IS7638,MFS66 Raster Industrial R6,138.8088,36.2362,MFS66,INDUSTRIAL,medium
IS7639,MFS66 Raster Industrial R8,138.8638,36.2196,MFS66,INDUSTRIAL,medium
IS7640,MFS66 Raster Industrial R10,138.7829,36.2129,MFS66,INDUSTRIAL,medium
IS7641,MFS66 Raster Industrial R12,138.8029,36.2262,MFS66,INDUSTRIAL,medium
IS7642,MFS66 Raster Industrial R14,138.8679,36.2212,MFS66,INDUSTRIAL,medium
IS7643,MFS66 Raster Industrial R16,138.7829,36.2121,MFS66,INDUSTRIAL,medium
IS7644,MFS66 Raster Industrial R18,138.7579,36.0862,MFS66,INDUSTRIAL,medium
IS7645,MFS66 Raster Industrial R20,138.7729,36.2054,MFS66,INDUSTRIAL,medium
IS7646,MFS66 Raster Industrial R22,138.8379,36.0804,MFS66,INDUSTRIAL,medium
IS7647,MFS66 Raster Industrial R24,138.8162,36.2379,MFS66,INDUSTRIAL,medium
IS7648,MFS66 Raster Industrial R26,138.7779,36.2079,MFS66,INDUSTRIAL,medium
IS7649,MFS66 Raster Industrial R28,138.7812,36.2087,MFS66,INDUSTRIAL,medium
IS7650,MFS66 Raster Industrial R30,138.8054,36.2354,MFS66,INDUSTRIAL,medium
IS7651,MFS66 Raster Industrial R32,138.7254,36.0879,MFS66,INDUSTRIAL,medium
IS7652,MFS66 Raster Industrial R34,138.7862,36.2121,MFS66,INDUSTRIAL,medium
IS7653,MFS66 Raster Industrial R36,138.8246,36.2354,MFS66,INDUSTRIAL,medium
IS7654,MFS66 Raster Industrial R38,138.8187,36.2329,MFS66,INDUSTRIAL,medium
IS7655,MFS66 Raster Industrial R40,138.8113,36.2354,MFS66,INDUSTRIAL,medium
IS7656,MFS66 Raster Industrial R42,138.7771,36.2179,MFS66,INDUSTRIAL,medium
IS7657,MFS66 Raster Industrial R44,138.8154,36.2312,MFS66,INDUSTRIAL,medium
IS7658,MFS66 Raster Industrial R46,138.8571,36.1804,MFS66,INDUSTRIAL,medium
IS7659,MFS66 Raster Industrial R48,138.7837,36.2079,MFS66,INDUSTRIAL,medium
IS7660,MFS66 Raster Industrial R50,138.7921,36.2104,MFS66,INDUSTRIAL,medium
IS7661,MFS66 Raster Industrial R52,138.8137,36.0929,MFS66,INDUSTRIAL,medium
IS7662,MFS66 Raster Industrial R54,138.8113,36.2271,MFS66,INDUSTRIAL,medium
IS7663,MFS66 Raster Industrial R56,138.7796,36.2121,MFS66,INDUSTRIAL,medium
IS7664,MFS66 Raster Industrial R58,138.7904,36.2104,MFS66,INDUSTRIAL,medium
IS7665,MFS66 Raster Industrial R60,138.8829,36.1954,MFS66,INDUSTRIAL,medium
IS7666,MFS66 Raster Industrial R62,138.8787,36.1854,MFS66,INDUSTRIAL,medium
IS7667,MFS66 Raster Industrial R64,138.7471,36.1829,MFS66,INDUSTRIAL,medium
IS7668,MFS66 Raster Industrial R66,138.8504,36.0887,MFS66,INDUSTRIAL,medium
IS7669,MFS66 Raster Industrial R68,138.7379,36.1762,MFS66,INDUSTRIAL,medium
IS7670,MFS66 Raster Industrial R70,138.7779,36.2154,MFS66,INDUSTRIAL,medium
IS7671,MFS66 Raster Industrial R72,138.7862,36.2112,MFS66,INDUSTRIAL,medium
IS7672,MFS66 Raster Industrial R74,138.7804,36.2154,MFS66,INDUSTRIAL,medium
IS7673,MFS66 Raster Industrial R76,138.7287,36.1671,MFS66,INDUSTRIAL,medium
IS7674,MFS66 Raster Industrial R78,138.8654,36.0921,MFS66,INDUSTRIAL,medium
IS7675,MFS66 Raster Industrial R80,138.7879,36.2071,MFS66,INDUSTRIAL,medium
IS7676,MFS66 Raster Industrial R82,138.8812,36.2021,MFS66,INDUSTRIAL,medium
IS7677,MFS66 Raster Industrial R84,138.8713,36.2187,MFS66,INDUSTRIAL,medium
IS7678,MFS66 Raster Industrial R86,138.8029,36.2179,MFS66,INDUSTRIAL,medium
IS7679,MFS66 Raster Industrial R88,138.8071,36.2187,MFS66,INDUSTRIAL,medium
IS7680,MFS66 Raster Industrial R90,138.8021,36.2246,MFS66,INDUSTRIAL,medium
IS7681,MFS66 Raster Industrial R92,138.7271,36.1662,MFS66,INDUSTRIAL,medium
IS7682,MFS66 Raster Industrial R94,138.8171,36.2387,MFS66,INDUSTRIAL,medium
IS7683,MFS66 Raster Industrial R96,138.7846,36.0804,MFS66,INDUSTRIAL,medium
IS7684,MFS66 Raster Industrial R98,138.7754,36.2037,MFS66,INDUSTRIAL,medium
IS7685,MFS66 Raster Industrial R100,138.8088,36.2262,MFS66,INDUSTRIAL,medium
IS7686,Sapporo Industrial Zone,141.3800,43.0400,MFS67,INDUSTRIAL,high
IS7687,Tomakomai East Industrial Complex,141.7600,42.6200,MFS67,INDUSTRIAL,high
IS7688,Tomakomai Petrochemical Zone,141.7400,42.6000,MFS67,INDUSTRIAL,high
IS7689,Hakodate Industrial Park,140.7600,41.7600,MFS67,INDUSTRIAL,medium
IS7690,Aomori Industrial Complex,140.7800,40.8100,MFS67,INDUSTRIAL,medium
IS7691,Hachinohe Industrial Zone,141.4900,40.5100,MFS67,INDUSTRIAL,medium
IS7692,Morioka Manufacturing Center,141.1817,39.6817,MFS67,INDUSTRIAL,medium
IS7693,Akita Industrial Park,140.0800,39.7000,MFS67,INDUSTRIAL,medium
IS7694,Sakata Industrial Zone,139.8600,38.9200,MFS67,INDUSTRIAL,medium
IS7695,Yamagata Manufacturing Complex,140.3567,38.2142,MFS67,INDUSTRIAL,medium
IS7696,Fukushima Industrial Park,140.4975,37.7233,MFS67,INDUSTRIAL,medium
IS7697,Koriyama Industrial Zone,140.4000,37.3800,MFS67,INDUSTRIAL,high
IS7698,Iwaki Joban Industrial Complex,140.9000,37.0292,MFS67,INDUSTRIAL,high
IS7699,Sendai Tagajo Industrial Zone,141.0000,38.3000,MFS67,INDUSTRIAL,high
IS7700,Ishinomaki Industrial Park,141.3000,38.4300,MFS67,INDUSTRIAL,medium
IS7701,Muroran Steel Works Complex,140.9700,42.3200,MFS67,INDUSTRIAL,high
IS7702,Otaru Port Industrial,141.0000,43.1900,MFS67,INDUSTRIAL,medium
IS7703,Toyama Pharma Manufacturing Zone,137.1900,36.7200,MFS68,INDUSTRIAL,high
IS7704,Toyama Bay Industrial Complex,137.2300,36.6800,MFS68,INDUSTRIAL,high
IS7705,Kanazawa Industrial Park,136.6500,36.5600,MFS68,INDUSTRIAL,medium
IS7706,Fukui Textile Manufacturing Zone,136.2392,36.0400,MFS68,INDUSTRIAL,medium
IS7707,Nagaoka Manufacturing Complex,138.8300,37.4600,MFS68,INDUSTRIAL,medium
IS7708,Sanjo-Tsubame Metal Works,138.9500,37.6300,MFS68,INDUSTRIAL,high
IS7709,Joetsu Industrial Park,138.2500,37.1100,MFS68,INDUSTRIAL,medium
IS7710,Tsuruga Industrial Zone,136.0808,35.6183,MFS68,INDUSTRIAL,medium
IS7711,Ueda Electronics Manufacturing,138.2700,36.3900,MFS69,INDUSTRIAL,medium
IS7712,Suwa Precision Machinery Complex,138.1300,36.0292,MFS69,INDUSTRIAL,high
IS7713,Okaya Industrial Park,138.0500,36.0600,MFS69,INDUSTRIAL,medium
IS7714,Iida Manufacturing Zone,137.8300,35.5000,MFS69,INDUSTRIAL,medium
IS7715,Saku Industrial Park,138.5000,36.2300,MFS69,INDUSTRIAL,medium
IS7716,Numazu Industrial Park,138.8800,35.0800,MFS70,INDUSTRIAL,medium
IS7717,Fuji Paper & Pulp Complex,138.6967,35.1350,MFS70,INDUSTRIAL,high
IS7718,Fuji Pharma Manufacturing,138.6600,35.1500,MFS70,INDUSTRIAL,medium
IS7719,Shimizu Port Industrial Zone,138.5017,35.0025,MFS70,INDUSTRIAL,high
IS7720,Iwata Suzuki Motor Works,137.8400,34.7300,MFS70,INDUSTRIAL,high
IS7721,Kosai Yamaha Marine,137.5300,34.7200,MFS70,INDUSTRIAL,medium
IS7722,Kakegawa Manufacturing Park,138.0183,34.7508,MFS70,INDUSTRIAL,medium
IS7723,Yaizu Industrial Zone,138.3283,34.8483,MFS70,INDUSTRIAL,medium
IS7724,Toyota Motor Main Plant,137.1500,35.0840,MFS71,INDUSTRIAL,high
IS7725,Toyota Motor Tsutsumi Plant,137.1300,35.0600,MFS71,INDUSTRIAL,high
IS7726,Yokkaichi Petrochemical Complex,136.6300,34.9700,MFS71,INDUSTRIAL,high
IS7727,Yokkaichi Silicon Wafer Plant,136.6100,34.9400,MFS71,INDUSTRIAL,high
IS7728,Sakai Steel Works,135.4500,34.5400,MFS71,INDUSTRIAL,high
IS7729,Sakai Sharp LCD Complex,135.4700,34.5300,MFS71,INDUSTRIAL,high
IS7730,Higashiosaka Metal Processing,135.6100,34.6700,MFS71,INDUSTRIAL,medium
IS7731,Kyoto Kyocera HQ Complex,135.7600,34.9700,MFS71,INDUSTRIAL,high
IS7732,Kyoto Nintendo Manufacturing,135.7400,34.9600,MFS71,INDUSTRIAL,medium
IS7733,Kobe Steel Kobe Works,135.2200,34.7100,MFS71,INDUSTRIAL,high
IS7734,Kobe Kawasaki Shipyard,135.1800,34.6700,MFS71,INDUSTRIAL,high
IS7735,Wakayama Sumitomo Chemical,135.1600,34.2400,MFS71,INDUSTRIAL,high
IS7736,Wakayama Nippon Steel Works,135.1408,34.2208,MFS71,INDUSTRIAL,medium
IS7737,Himeji Nippon Steel West,134.7000,34.7800,MFS71,INDUSTRIAL,high
IS7738,Amagasaki Daihatsu Works,135.4200,34.7200,MFS71,INDUSTRIAL,medium
IS7739,Gifu Manufacturing Park,136.7800,35.4000,MFS71,INDUSTRIAL,medium
IS7740,Okazaki Mitsubishi Motors,137.1800,34.9400,MFS71,INDUSTRIAL,high
IS7741,Suzuka Honda Works,136.5700,34.8600,MFS71,INDUSTRIAL,high
IS7742,Tsu Fuji Electric Plant,136.5200,34.7100,MFS71,INDUSTRIAL,medium
