poi_id,name,lon,lat,zone_id,facility_type,capacity_level
LC001,Tokyo Port Distribution Hub,139.7916,35.6492,MFS02,LOGISTICS_HUB,high
LC002,Haneda Cargo Terminal,139.775,35.553,MFS02,LARGE_DISTRIBUTION,high
LC003,Yokohama Port Logistics Center,139.62,35.465,MFS11,LOGISTICS_HUB,high
LC004,Shinagawa Distribution Center,139.74,35.62,MFS02,LARGE_DISTRIBUTION,high
LC005,Kawasaki Industrial Complex,139.69,35.545,MFS16,LARGE_DISTRIBUTION,medium
LC006,Koto Warehouse District,139.8200,35.6900,MFS04,MEDIUM_WAREHOUSE,medium
LC007,Eastern Tokyo Logistics Hub,139.8500,35.7400,MFS07,MEDIUM_WAREHOUSE,medium
LC008,Nerima Distribution Facility,139.6800,35.7500,MFS06,MEDIUM_WAREHOUSE,medium
LC009,West Suburbs Freight Terminal,139.5400,35.6700,MFS08,LARGE_DISTRIBUTION,medium
LC010,Saitama South Distribution,139.6500,35.8600,MFS27,MEDIUM_WAREHOUSE,medium
LC011,Chiba West Logistics Park,139.9500,35.7000,MFS39,MEDIUM_WAREHOUSE,medium
LC012,Ota Industrial Distribution,139.73,35.605,MFS02,MEDIUM_WAREHOUSE,medium
LC013,Adachi Warehouse Complex,139.8400,35.7500,MFS07,MEDIUM_WAREHOUSE,low
LC014,Suginami Regional Depot,139.6400,35.6800,MFS05,MEDIUM_WAREHOUSE,low
LC015,Tama Region Distribution,139.4000,35.6500,MFS09,MEDIUM_WAREHOUSE,low
LC016,Tsukiji Market Logistics,139.7707,35.6654,MFS01,MEDIUM_WAREHOUSE,high
LC017,Chofu Distribution Center,139.5350,35.6650,MFS08,MEDIUM_WAREHOUSE,low
LC018,Funabashi Freight Hub,139.9600,35.7050,MFS39,MEDIUM_WAREHOUSE,medium
LC019,Urawa Distribution Facility,139.6450,35.8650,MFS27,MEDIUM_WAREHOUSE,low
LC020,Sumida Warehouse Zone,139.8250,35.6950,MFS04,MEDIUM_WAREHOUSE,low
LC021,West Tokyo Regional Hub,139.2583,35.7383,MFS10,LARGE_DISTRIBUTION,medium
LC022,Ome Logistics Depot,139.2400,35.7500,MFS10,MEDIUM_WAREHOUSE,low
LC023,Yokohama Minato Distribution,139.635,35.47,MFS11,LARGE_DISTRIBUTION,high
LC024,Yokohama Tsurumi Warehouse,139.6700,35.5100,MFS11,MEDIUM_WAREHOUSE,medium
LC025,Yokohama Isogo Logistics,139.6200,35.4000,MFS12,MEDIUM_WAREHOUSE,medium
LC026,Yokohama Totsuka Center,139.5400,35.4000,MFS13,MEDIUM_WAREHOUSE,low
LC027,Yokohama Kohoku Hub,139.5900,35.5400,MFS14,LARGE_DISTRIBUTION,medium
LC028,Yokohama Midori Depot,139.5600,35.5200,MFS14,MEDIUM_WAREHOUSE,low
LC029,Yokohama Kanazawa Port,139.6200,35.3700,MFS12,LOGISTICS_HUB,high
LC030,Yokohama Seya Warehouse,139.5000,35.4600,MFS15,MEDIUM_WAREHOUSE,low
LC031,Kawasaki Port Distribution,139.71,35.535,MFS16,LOGISTICS_HUB,high
LC032,Kawasaki Miyamae Logistics,139.5900,35.5800,MFS17,MEDIUM_WAREHOUSE,medium
LC033,Kawasaki Tama Warehouse,139.6100,35.6000,MFS17,MEDIUM_WAREHOUSE,low
LC034,Sagamihara Distribution Hub,139.3800,35.5700,MFS18,LARGE_DISTRIBUTION,medium
LC035,Sagamihara Minami Depot,139.3600,35.5500,MFS18,MEDIUM_WAREHOUSE,low
LC036,Kamakura-Zushi Warehouse,139.5600,35.3200,MFS19,MEDIUM_WAREHOUSE,low
LC037,Fujisawa Logistics Center,139.4800,35.3400,MFS20,LARGE_DISTRIBUTION,medium
LC038,Hiratsuka Distribution Hub,139.3400,35.3400,MFS21,LARGE_DISTRIBUTION,medium
LC039,Odawara Logistics Terminal,139.1500,35.2600,MFS22,LOGISTICS_HUB,medium
LC040,Hakone Area Depot,139.1000,35.2500,MFS23,MEDIUM_WAREHOUSE,low
LC041,Gotemba Distribution Center,138.9200,35.3100,MFS24,MEDIUM_WAREHOUSE,low
LC042,Atsugi Logistics Hub,139.3600,35.4400,MFS25,LARGE_DISTRIBUTION,medium
LC043,Ebina Distribution Center,139.3900,35.4500,MFS26,MEDIUM_WAREHOUSE,medium
LC044,Yamato Freight Terminal,139.4600,35.4800,MFS26,MEDIUM_WAREHOUSE,low
LC045,Saitama Shintoshin Hub,139.6300,35.8900,MFS27,LOGISTICS_HUB,high
LC046,Kawaguchi Distribution,139.7300,35.8300,MFS28,LARGE_DISTRIBUTION,medium
LC047,Toda Logistics Center,139.6800,35.8100,MFS28,MEDIUM_WAREHOUSE,medium
LC048,Tokorozawa Warehouse,139.5800,35.8000,MFS29,MEDIUM_WAREHOUSE,medium
LC049,Kawagoe Distribution Center,139.4900,35.9300,MFS29,LARGE_DISTRIBUTION,medium
LC050,Koshigaya Logistics Hub,139.8000,35.8900,MFS30,LARGE_DISTRIBUTION,medium
LC051,Kasukabe Distribution,139.7500,35.9800,MFS30,MEDIUM_WAREHOUSE,low
LC052,Tokorozawa West Depot,139.4700,35.8200,MFS31,MEDIUM_WAREHOUSE,low
LC053,Iruma Warehouse Complex,139.3400,35.8400,MFS31,MEDIUM_WAREHOUSE,low
LC054,Kumagaya Logistics Center,139.4000,35.9600,MFS32,LARGE_DISTRIBUTION,medium
LC055,Fukaya Distribution Hub,139.2800,36.1900,MFS32,MEDIUM_WAREHOUSE,low
LC056,Kazo Freight Terminal,139.6000,36.0300,MFS33,MEDIUM_WAREHOUSE,low
LC057,Kuki Logistics Depot,139.6700,36.0700,MFS33,MEDIUM_WAREHOUSE,low
LC058,Honjo Distribution Center,139.1900,36.2400,MFS34,MEDIUM_WAREHOUSE,low
LC059,Gyoda Warehouse,139.4500,36.1400,MFS34,MEDIUM_WAREHOUSE,low
LC060,Chichibu Regional Depot,139.0800,36.0000,MFS37,MEDIUM_WAREHOUSE,low
LC061,Chiba Port Logistics Hub,140.1000,35.6000,MFS38,LOGISTICS_HUB,high
LC062,Chiba Central Distribution,140.1300,35.6200,MFS38,LARGE_DISTRIBUTION,high
LC063,Ichikawa Logistics Park,139.9300,35.7200,MFS39,LARGE_DISTRIBUTION,medium
LC064,Matsudo Distribution Center,139.9000,35.7900,MFS40,MEDIUM_WAREHOUSE,medium
LC065,Kashiwa Freight Hub,139.9800,35.8600,MFS41,LARGE_DISTRIBUTION,medium
LC066,Nagareyama Logistics,139.9000,35.8600,MFS41,MEDIUM_WAREHOUSE,medium
LC067,Narashino Warehouse Zone,140.01,35.67,MFS42,MEDIUM_WAREHOUSE,medium
LC068,Kisarazu Distribution Hub,139.92,35.395,MFS44,LARGE_DISTRIBUTION,medium
LC069,Sodegaura Logistics Center,139.94,35.43,MFS44,MEDIUM_WAREHOUSE,medium
LC070,Tateyama South Depot,139.8700,34.9800,MFS45,MEDIUM_WAREHOUSE,low
LC071,Choshi Freight Terminal,140.8525,35.7375,MFS46,MEDIUM_WAREHOUSE,low
LC072,Narita Airport Cargo Hub,140.3800,35.7700,MFS47,LOGISTICS_HUB,high
LC073,Tsukuba Logistics Center,140.1100,36.0800,MFS48,LARGE_DISTRIBUTION,medium
LC074,Tsuchiura Distribution,140.2000,36.0800,MFS50,MEDIUM_WAREHOUSE,medium
LC075,Koga Warehouse Complex,139.8200,36.1800,MFS49,MEDIUM_WAREHOUSE,low
LC076,Mito Logistics Hub,140.4700,36.3800,MFS55,LARGE_DISTRIBUTION,medium
LC077,Hitachinaka Distribution,140.5300,36.4000,MFS55,MEDIUM_WAREHOUSE,medium
LC078,Maebashi Logistics Center,139.0600,36.3900,MFS57,LARGE_DISTRIBUTION,medium
LC079,Ota Gunma Freight Hub,139.3800,36.3100,MFS58,MEDIUM_WAREHOUSE,medium
LC080,Utsunomiya Distribution Hub,139.8800,36.5600,MFS59,LARGE_DISTRIBUTION,medium
LC081,Oyama Logistics Center,139.8000,36.3100,MFS60,MEDIUM_WAREHOUSE,medium
LC082,Sano Distribution Depot,139.5800,36.3100,MFS61,MEDIUM_WAREHOUSE,low
LC083,Sendai Regional Hub,140.7400,38.2700,MFS67,LOGISTICS_HUB,high
LC087,Nagoya Regional Hub,136.8300,35.1300,MFS71,LOGISTICS_HUB,high
LC088,Prologis Park Nagareyama 1,139.9000,35.8500,MFS28,LARGE_DISTRIBUTION,high
LC089,Prologis Park Narita 1,140.3200,35.7800,MFS54,LOGISTICS_HUB,high
LC090,SOSiLA Saitama Misato,139.8800,35.8392,MFS28,LOGISTICS_HUB,high
LC091,GLP ALFALINK Soka,139.8100,35.8200,MFS27,LOGISTICS_HUB,high
LC092,GLP Funabashi,139.9800,35.6900,MFS39,LARGE_DISTRIBUTION,high
LC093,DPL Ichikawa,139.9300,35.7200,MFS39,MEDIUM_WAREHOUSE,medium
LC094,DPL Misato,139.8700,35.8300,MFS28,MEDIUM_WAREHOUSE,medium
LC095,Prologis Park Kawaguchi,139.7300,35.8900,MFS27,LARGE_DISTRIBUTION,high
LC096,GLP Sagamihara,139.3500,35.5700,MFS26,LOGISTICS_HUB,high
LC097,GLP Atsugi II,139.3700,35.4500,MFS26,LARGE_DISTRIBUTION,high
LC098,Prologis Park Zama,139.3900,35.4800,MFS26,LOGISTICS_HUB,high
LC099,MFLP Ichikawa,139.9200,35.7100,MFS39,LARGE_DISTRIBUTION,high
LC100,MFLP Funabashi Nishiura,139.9600,35.6800,MFS39,LARGE_DISTRIBUTION,high
LC101,Logifront Shinkiba,139.8300,35.6500,MFS04,LOGISTICS_HUB,high
LC102,Logifront Haneda,139.7500,35.5700,MFS02,LOGISTICS_HUB,high
LC103,GLP Tokyo-Tama,139.4200,35.6500,MFS09,MEDIUM_WAREHOUSE,medium
LC104,Goodman Tokyo-Tama,139.4300,35.6600,MFS09,MEDIUM_WAREHOUSE,medium
LC105,Hankyu Hanshin Zama GLC,139.3817,35.4692,MFS26,LOGISTICS_HUB,medium
LC106,ESR Saitama Distribution Center,139.6000,35.9000,MFS30,LARGE_DISTRIBUTION,high
LC107,ESR Ichikawa,139.9100,35.7300,MFS39,MEDIUM_WAREHOUSE,medium
LC108,Nippon Express Saitama Logistics,139.5817,35.8767,MFS27,LOGISTICS_HUB,high
LC109,Yamato Logistics Saitama Hub,139.6200,35.8700,MFS27,LARGE_DISTRIBUTION,high
LC110,Sagawa Logistics Tokyo East,139.8000,35.7000,MFS07,LARGE_DISTRIBUTION,medium
LC111,Seino Logistics Chiba Hub,139.9692,35.7192,MFS39,LOGISTICS_HUB,medium
LC112,Fukuyama Transporting Tokyo Bay,139.8200,35.6600,MFS04,MEDIUM_WAREHOUSE,medium
LC113,SG Holdings Koto Depot,139.8100,35.6800,MFS04,MEDIUM_WAREHOUSE,medium
LC114,Tokyo Logistics Edogawa,139.8700,35.6900,MFS04,MEDIUM_WAREHOUSE,medium
LC115,Schenker Tokyo East,139.850215,35.642979,MFS07,MEDIUM_WAREHOUSE,medium
LC116,Kintetsu World Express Tokyo,139.8400,35.6700,MFS04,MEDIUM_WAREHOUSE,medium
LC117,Panalpina Japan Tokyo Depot,139.8300,35.6900,MFS04,MEDIUM_WAREHOUSE,low
LC118,Mitsui-Soko Ichikawa,139.9400,35.7100,MFS39,MEDIUM_WAREHOUSE,medium
LC119,Mitsubishi Logistics Kasai,139.8600,35.6800,MFS04,MEDIUM_WAREHOUSE,medium
LC120,Sumitomo Warehouse Tokyo East,139.8700,35.7000,MFS04,MEDIUM_WAREHOUSE,medium
LC121,Tokyo Soko Edogawa,139.8800,35.6900,MFS04,MEDIUM_WAREHOUSE,low
LC122,Kawanishi Warehouse Adachi,139.8200,35.7700,MFS07,MEDIUM_WAREHOUSE,low
LC123,Toyo Logistics Katsushika,139.8600,35.7600,MFS07,MEDIUM_WAREHOUSE,low
LC124,Meiko Trans Koto,139.8100,35.6600,MFS04,MEDIUM_WAREHOUSE,medium
LC125,Hamakyorex Tokyo East,139.8400,35.6800,MFS04,MEDIUM_WAREHOUSE,low
LC126,Tonami Transport Tokyo Depot,139.8300,35.6700,MFS04,MEDIUM_WAREHOUSE,low
LC127,Hitachi Transport Saitama,139.6100,35.8900,MFS27,LARGE_DISTRIBUTION,high
LC128,Nippon Express Kashiwa,139.9700,35.8500,MFS43,LOGISTICS_HUB,medium
LC129,Yamato Logistics Kashiwa Hub,139.9800,35.8600,MFS43,LARGE_DISTRIBUTION,medium
LC130,DHL Tokyo East Gateway,139.8500,35.7000,MFS04,MEDIUM_WAREHOUSE,medium
LC131,FedEx Tokyo Suburban Hub,139.9500,35.7500,MFS39,MEDIUM_WAREHOUSE,medium
LC132,UPS Tokyo Distribution,139.8300,35.7100,MFS04,MEDIUM_WAREHOUSE,medium
LC133,Kuehne+Nagel Tokyo East,139.8600,35.6900,MFS04,MEDIUM_WAREHOUSE,medium
LC134,DB Schenker Chiba,139.9900,35.7000,MFS39,MEDIUM_WAREHOUSE,medium
LC135,CJ Logistics Tokyo Hub,139.8200,35.6700,MFS04,MEDIUM_WAREHOUSE,low
LC136,Kerry Logistics Tokyo,139.8400,35.6900,MFS04,MEDIUM_WAREHOUSE,low
LC137,Toll Logistics Tokyo Bay,139.8100,35.6500,MFS04,MEDIUM_WAREHOUSE,medium
LC138,Agility Logistics Koto,139.8300,35.6800,MFS04,MEDIUM_WAREHOUSE,low
LC139,Yusen Logistics Tokyo East,139.849701,35.642666,MFS04,MEDIUM_WAREHOUSE,medium
LC140,Kintetsu Logistics Saitama,139.6300,35.8800,MFS27,MEDIUM_WAREHOUSE,medium
LC141,Hankyu Hanshin Express Tokyo,139.8200,35.6900,MFS04,MEDIUM_WAREHOUSE,low
LC142,Sankyu Tokyo Distribution,139.8400,35.7000,MFS04,MEDIUM_WAREHOUSE,low
LC143,Kamigumi Tokyo Logistics,139.8100,35.6600,MFS04,MEDIUM_WAREHOUSE,low
LC144,Tokyo Logistics Katsushika Hub,139.8500,35.7500,MFS07,MEDIUM_WAREHOUSE,medium
LC145,Saitama Logistics Park North,139.5900,35.9100,MFS30,LARGE_DISTRIBUTION,medium
LC146,Saitama Logistics Park South,139.6100,35.8500,MFS27,LARGE_DISTRIBUTION,medium
LC147,Chiba Logistics Corridor East,140.0000,35.7000,MFS43,MEDIUM_WAREHOUSE,medium
LC148,Chiba Logistics Corridor West,139.9600,35.6900,MFS39,MEDIUM_WAREHOUSE,medium
LC149,Tobu Railway Logistics Soka,139.8200,35.8300,MFS27,MEDIUM_WAREHOUSE,medium
LC150,Seibu Railway Logistics Hub,139.4100,35.6400,MFS09,MEDIUM_WAREHOUSE,low
LC151,JR Freight Tokyo Terminal,139.8000,35.7200,MFS07,LOGISTICS_HUB,high
LC152,Odakyu Logistics Tama,139.4500,35.6600,MFS09,MEDIUM_WAREHOUSE,low
LC153,Keio Logistics West Tokyo,139.4800,35.6700,MFS09,MEDIUM_WAREHOUSE,low
LC154,Metro Railway Logistics,139.7800,35.6900,MFS01,MEDIUM_WAREHOUSE,medium
LC155,Sotetsu Logistics Yokohama,139.5800,35.4700,MFS11,MEDIUM_WAREHOUSE,medium
LC156,Keikyu Logistics Kawasaki,139.6800,35.5100,MFS16,MEDIUM_WAREHOUSE,medium
LC157,Tokyo Metro Logistics Depot,139.7900,35.7000,MFS01,MEDIUM_WAREHOUSE,low
LC158,Toei Logistics Facility,139.7700,35.6800,MFS01,MEDIUM_WAREHOUSE,low
LC159,Narita Global Logistics Center,140.3900,35.7650,MFS54,LOGISTICS_HUB,high
LC160,Narita Air Cargo Hub,140.3850,35.7700,MFS54,LOGISTICS_HUB,high
LC161,Chiba Port Distribution Terminal,140.1000,35.6300,MFS43,LOGISTICS_HUB,medium
LC162,Kashiwa Distribution Center North,139.9900,35.8700,MFS43,MEDIUM_WAREHOUSE,medium
LC163,Kashiwa Distribution Center South,139.9850,35.8400,MFS43,MEDIUM_WAREHOUSE,medium
LC164,Matsudo Logistics Park,139.9200,35.7900,MFS43,MEDIUM_WAREHOUSE,medium
LC165,Abiko Distribution Facility,140.0217,35.8575,MFS43,MEDIUM_WAREHOUSE,low
LC166,Nagareyama Logistics Zone,139.9000,35.8300,MFS28,MEDIUM_WAREHOUSE,medium
LC167,Kamagaya Distribution Center,140.0000,35.7700,MFS43,MEDIUM_WAREHOUSE,low
LC168,Ichikawa North Logistics,139.9300,35.7400,MFS39,MEDIUM_WAREHOUSE,medium
LC169,Ichikawa South Distribution,139.9100,35.6900,MFS39,MEDIUM_WAREHOUSE,medium
LC170,Urayasu Distribution Hub,139.9000,35.6500,MFS04,MEDIUM_WAREHOUSE,medium
LC171,Gyoda Logistics Park,139.4500,36.1400,MFS59,LARGE_DISTRIBUTION,medium
LC172,Kumagaya Distribution Hub,139.3900,36.1500,MFS59,LARGE_DISTRIBUTION,medium
LC173,Hanno Logistics Facility,139.3200,35.8600,MFS29,MEDIUM_WAREHOUSE,low
LC174,Iruma Distribution Center,139.3900,35.8400,MFS09,MEDIUM_WAREHOUSE,low
LC175,Tokorozawa Logistics Park,139.4700,35.8000,MFS09,MEDIUM_WAREHOUSE,medium
LC176,Niiza Distribution Facility,139.5600,35.7900,MFS27,MEDIUM_WAREHOUSE,low
LC177,Wakō Logistics Hub,139.6000,35.7800,MFS27,MEDIUM_WAREHOUSE,medium
LC178,Omiya North Logistics Center,139.6200,36.0500,MFS08,LARGE_DISTRIBUTION,medium
LC179,Satte Distribution Hub,139.7200,36.0700,MFS08,MEDIUM_WAREHOUSE,low
LC180,Higashimatsuyama Logistics,139.4000,36.0400,MFS08,MEDIUM_WAREHOUSE,low
LC181,Yashio Industrial Depot,139.8600,35.8000,MFS19,MEDIUM_WAREHOUSE,medium
LC182,Misato Freight Center,139.8700,35.8400,MFS19,LARGE_DISTRIBUTION,medium
LC183,Soka Logistics Park,139.8000,35.8100,MFS19,MEDIUM_WAREHOUSE,low
LC184,Okegawa Distribution,139.5292,35.9992,MFS33,MEDIUM_WAREHOUSE,low
LC185,Gyoda Logistics Hub,139.4700,36.1400,MFS33,MEDIUM_WAREHOUSE,low
LC186,Kumagaya Freight Depot,139.3775,36.2016,MFS34,MEDIUM_WAREHOUSE,low
LC187,Honjo Logistics Center,139.1800,36.2400,MFS35,MEDIUM_WAREHOUSE,low
LC188,Fukaya Distribution,139.2800,36.2000,MFS35,LARGE_DISTRIBUTION,medium
LC189,Higashi-Matsuyama Depot,139.1992,36.1492,MFS36,MEDIUM_WAREHOUSE,low
LC190,Ogawa Logistics,139.2600,36.0800,MFS36,MEDIUM_WAREHOUSE,low
LC191,Yoshida Freight,139.0500,36.0800,MFS37,MEDIUM_WAREHOUSE,low
LC192,Chichibu Logistics,139.0700,35.9800,MFS37,MEDIUM_WAREHOUSE,low
LC193,Noda Logistics Hub,139.8700,35.9500,MFS40,LARGE_DISTRIBUTION,medium
LC194,Kashiwa Distribution Center,139.9700,35.8700,MFS42,MEDIUM_WAREHOUSE,medium
LC195,Choshi Freight Depot,140.7500,35.7300,MFS45,MEDIUM_WAREHOUSE,low
LC196,Katsuura Distribution,140.2000,35.1500,MFS46,MEDIUM_WAREHOUSE,low
LC197,Mito South Logistics,140.4500,36.3192,MFS52,MEDIUM_WAREHOUSE,low
LC198,Tsuchiura Freight Center,140.2000,36.0800,MFS53,MEDIUM_WAREHOUSE,medium
LC200,Yuki Distribution,139.8800,36.3000,MFS56,MEDIUM_WAREHOUSE,low
LC201,Chikusei Logistics,139.9784,36.3716,MFS56,MEDIUM_WAREHOUSE,low
LC202,Hitachi Coastal Logistics,140.6600,36.5850,MFS57,MEDIUM_WAREHOUSE,low
LC203,Nikko Distribution,139.6000,36.7500,MFS60,MEDIUM_WAREHOUSE,low
LC204,Utsunomiya West Hub,139.7792,36.5492,MFS61,MEDIUM_WAREHOUSE,low
LC205,Nasushiobara Logistics,140.0516,37.0000,MFS64,MEDIUM_WAREHOUSE,low
LC206,Shirakawa Depot,140.2000,37.1000,MFS64,LARGE_DISTRIBUTION,low
LC207,Numata Logistics,139.0500,36.6500,MFS65,MEDIUM_WAREHOUSE,low
LC208,Minakami Distribution,139.0000,36.7000,MFS65,MEDIUM_WAREHOUSE,low
LC209,Nakanojo Freight,138.8500,36.5700,MFS66,MEDIUM_WAREHOUSE,low
LC210,Shimonita Depot,138.7500,36.2500,MFS66,MEDIUM_WAREHOUSE,low
LC211,Sendai Logistics Hub,140.9000,38.2700,MFS67,LOGISTICS_HUB,high
LC212,Sendai Distribution Center,140.8000,38.3200,MFS67,LARGE_DISTRIBUTION,high
LC213,Sendai South Freight,140.9484,38.1784,MFS67,LARGE_DISTRIBUTION,medium
LC214,Niigata Port Logistics,139.0500,37.9000,MFS68,LOGISTICS_HUB,high
LC215,Niigata Distribution Hub,138.9000,37.8500,MFS68,LARGE_DISTRIBUTION,high
LC216,Joetsu Freight Center,138.2500,37.1500,MFS68,MEDIUM_WAREHOUSE,medium
LC217,Matsumoto Logistics,137.9800,36.2500,MFS69,LOGISTICS_HUB,medium
LC218,Nagano Distribution Center,138.1000,36.6500,MFS69,LARGE_DISTRIBUTION,medium
LC219,Suwa Freight Hub,138.1500,36.0500,MFS69,MEDIUM_WAREHOUSE,medium
LC220,Hamamatsu Logistics Hub,137.7500,34.7000,MFS70,LOGISTICS_HUB,high
LC221,Shizuoka Distribution Center,138.4000,34.9700,MFS70,LARGE_DISTRIBUTION,high
LC222,Fujinomiya Depot,138.6000,35.2000,MFS70,MEDIUM_WAREHOUSE,medium
LC223,Nagoya Logistics Hub,136.9800,35.2000,MFS71,LOGISTICS_HUB,high
LC224,Osaka Distribution Center,135.5000,34.7000,MFS71,LOGISTICS_HUB,high
LC225,Kyoto Freight Hub,135.7500,35.0000,MFS71,LARGE_DISTRIBUTION,high
LC226,Nagoya East Distribution,137.2000,35.1000,MFS71,LARGE_DISTRIBUTION,medium
LC227,Kobe Port Logistics,135.2000,34.7000,MFS71,LARGE_DISTRIBUTION,high
LC228,Nagoya Station Freight Center,136.8810,35.1709,MFS71,LARGE_DISTRIBUTION,high
LC229,Atsuta Distribution Hub,136.8990,35.1250,MFS71,LOGISTICS_HUB,medium
LC230,Nagoya East Logistics Park,137.0200,35.1800,MFS71,MEDIUM_WAREHOUSE,medium
LC231,Kofu Logistics Center,138.5700,35.6600,MFS69,LOGISTICS_HUB,medium
LC232,Kai Freight Terminal,138.5200,35.7200,MFS69,LARGE_DISTRIBUTION,medium
LC233,Fuefuki Distribution,138.6300,35.6600,MFS69,MEDIUM_WAREHOUSE,medium
LC234,Nirasaki Freight Hub,138.4500,35.7200,MFS69,MEDIUM_WAREHOUSE,medium
LC235,Hokuto Logistics,138.4700,35.8800,MFS69,LOGISTICS_HUB,medium
LC236,Chino Distribution Center,138.1600,35.9900,MFS69,MEDIUM_WAREHOUSE,medium
LC237,Okaya Freight Center,138.0500,36.0600,MFS69,MEDIUM_WAREHOUSE,medium
LC238,Shiojiri Logistics Park,137.9500,36.1100,MFS69,MEDIUM_WAREHOUSE,medium
LC239,Ina Valley Distribution,137.9500,35.8300,MFS69,LOGISTICS_HUB,medium
LC240,Komagane Freight,137.9700,35.7300,MFS69,MEDIUM_WAREHOUSE,medium
LC241,Saku Distribution Hub,138.4700,36.2500,MFS69,LARGE_DISTRIBUTION,medium
LC242,Ueda Logistics Center,138.2500,36.4000,MFS69,LOGISTICS_HUB,medium
LC243,Tokyo Port Distribution Hub Branch 1,139.7488,35.6238,MFS02,LOGISTICS_HUB,high
LC244,Tokyo Port Distribution Hub Branch 2,139.7491,35.6299,MFS02,LOGISTICS_HUB,high
LC245,Tokyo Port Distribution Hub Branch 3,139.7490,35.6146,MFS02,LOGISTICS_HUB,high
LC246,Tokyo Port Distribution Hub Branch 4,139.7483,35.6258,MFS02,LOGISTICS_HUB,high
LC247,Tokyo Port Distribution Hub Branch 5,139.7519,35.6331,MFS02,LOGISTICS_HUB,high
LC248,Tokyo Port Distribution Hub Branch 6,139.7553,35.6258,MFS02,LOGISTICS_HUB,high
LC249,Tokyo Port Distribution Hub Branch 7,139.7441,35.6179,MFS02,LOGISTICS_HUB,high
LC250,Tokyo Port Distribution Hub Branch 8,139.7520,35.6341,MFS02,LOGISTICS_HUB,high
LC251,Tokyo Port Distribution Hub Branch 9,139.7503,35.6243,MFS02,LOGISTICS_HUB,high
LC252,Tokyo Port Distribution Hub Branch 10,139.7543,35.6149,MFS02,LOGISTICS_HUB,high
LC253,Haneda Cargo Terminal Branch 1,139.7820,35.5513,MFS02,LARGE_DISTRIBUTION,high
LC254,Haneda Cargo Terminal Branch 2,139.7780,35.5547,MFS02,LARGE_DISTRIBUTION,high
LC255,Haneda Cargo Terminal Branch 3,139.7813,35.5453,MFS02,LARGE_DISTRIBUTION,high
LC256,Haneda Cargo Terminal Branch 4,139.7540,35.5488,MFS02,LARGE_DISTRIBUTION,high
LC257,Haneda Cargo Terminal Branch 5,139.7803,35.5445,MFS02,LARGE_DISTRIBUTION,high
LC258,Haneda Cargo Terminal Branch 6,139.7818,35.5460,MFS02,LARGE_DISTRIBUTION,high
LC259,Haneda Cargo Terminal Branch 7,139.7759,35.5587,MFS02,LARGE_DISTRIBUTION,high
LC260,Haneda Cargo Terminal Branch 8,139.7801,35.5554,MFS02,LARGE_DISTRIBUTION,high
LC261,Haneda Cargo Terminal Branch 9,139.7802,35.5563,MFS02,LARGE_DISTRIBUTION,high
LC262,Haneda Cargo Terminal Branch 10,139.7700,35.5480,MFS02,LARGE_DISTRIBUTION,high
LC263,Yokohama Port Logistics Center Branch 1,139.6162,35.4685,MFS11,LOGISTICS_HUB,high
LC264,Yokohama Port Logistics Center Branch 2,139.6180,35.4813,MFS11,LOGISTICS_HUB,high
LC265,Yokohama Port Logistics Center Branch 3,139.6134,35.4574,MFS11,LOGISTICS_HUB,high
LC266,Yokohama Port Logistics Center Branch 4,139.6261,35.4749,MFS11,LOGISTICS_HUB,high
LC267,Yokohama Port Logistics Center Branch 5,139.6240,35.4708,MFS11,LOGISTICS_HUB,high
LC268,Yokohama Port Logistics Center Branch 6,139.6314,35.4643,MFS11,LOGISTICS_HUB,high
LC269,Yokohama Port Logistics Center Branch 7,139.6086,35.4613,MFS11,LOGISTICS_HUB,high
LC270,Yokohama Port Logistics Center Branch 8,139.6276,35.4550,MFS11,LOGISTICS_HUB,high
LC271,Yokohama Port Logistics Center Branch 9,139.6203,35.4668,MFS11,LOGISTICS_HUB,high
LC272,Yokohama Port Logistics Center Branch 10,139.6175,35.4700,MFS11,LOGISTICS_HUB,high
LC273,Shinagawa Distribution Center Branch 1,139.7446,35.6362,MFS02,LARGE_DISTRIBUTION,high
LC274,Shinagawa Distribution Center Branch 2,139.7450,35.6158,MFS02,LARGE_DISTRIBUTION,high
LC275,Shinagawa Distribution Center Branch 3,139.7355,35.6142,MFS02,LARGE_DISTRIBUTION,high
LC276,Shinagawa Distribution Center Branch 4,139.7476,35.6161,MFS02,LARGE_DISTRIBUTION,high
LC277,Shinagawa Distribution Center Branch 5,139.7394,35.6252,MFS02,LARGE_DISTRIBUTION,high
LC278,Shinagawa Distribution Center Branch 6,139.7342,35.6180,MFS02,LARGE_DISTRIBUTION,high
LC279,Shinagawa Distribution Center Branch 7,139.7253,35.6125,MFS02,LARGE_DISTRIBUTION,high
LC280,Shinagawa Distribution Center Branch 8,139.7355,35.6229,MFS02,LARGE_DISTRIBUTION,high
LC281,Shinagawa Distribution Center Branch 9,139.7495,35.6199,MFS02,LARGE_DISTRIBUTION,high
LC282,Shinagawa Distribution Center Branch 10,139.7421,35.6212,MFS02,LARGE_DISTRIBUTION,high
LC283,Kawasaki Industrial Complex Branch 1,139.6987,35.5512,MFS16,LARGE_DISTRIBUTION,medium
LC284,Kawasaki Industrial Complex Branch 2,139.6922,35.5380,MFS16,LARGE_DISTRIBUTION,medium
LC285,Kawasaki Industrial Complex Branch 3,139.6972,35.5477,MFS16,LARGE_DISTRIBUTION,medium
LC286,Kawasaki Industrial Complex Branch 4,139.7056,35.5425,MFS16,LARGE_DISTRIBUTION,medium
LC287,Kawasaki Industrial Complex Branch 5,139.7027,35.5458,MFS16,LARGE_DISTRIBUTION,medium
LC288,Kawasaki Industrial Complex Branch 6,139.6859,35.5371,MFS16,LARGE_DISTRIBUTION,medium
LC289,Kawasaki Industrial Complex Branch 7,139.6888,35.5549,MFS16,LARGE_DISTRIBUTION,medium
LC290,Kawasaki Industrial Complex Branch 8,139.6965,35.5498,MFS16,LARGE_DISTRIBUTION,medium
LC291,Kawasaki Industrial Complex Branch 9,139.6710,35.5499,MFS16,LARGE_DISTRIBUTION,medium
LC292,Kawasaki Industrial Complex Branch 10,139.6944,35.5412,MFS16,LARGE_DISTRIBUTION,medium
LC293,Koto Warehouse District Branch 1,139.8150,35.6900,MFS04,MEDIUM_WAREHOUSE,medium
LC294,Koto Warehouse District Branch 2,139.8338,35.6827,MFS04,MEDIUM_WAREHOUSE,medium
LC295,Koto Warehouse District Branch 3,139.8166,35.6995,MFS04,MEDIUM_WAREHOUSE,medium
LC296,Koto Warehouse District Branch 4,139.8164,35.6875,MFS04,MEDIUM_WAREHOUSE,medium
LC297,Koto Warehouse District Branch 5,139.8208,35.6814,MFS04,MEDIUM_WAREHOUSE,medium
LC298,Koto Warehouse District Branch 6,139.8218,35.6816,MFS04,MEDIUM_WAREHOUSE,medium
LC299,Koto Warehouse District Branch 7,139.8271,35.6900,MFS04,MEDIUM_WAREHOUSE,medium
LC300,Koto Warehouse District Branch 8,139.8383,35.6920,MFS04,MEDIUM_WAREHOUSE,medium
LC301,Koto Warehouse District Branch 9,139.8309,35.6809,MFS04,MEDIUM_WAREHOUSE,medium
LC302,Koto Warehouse District Branch 10,139.8190,35.6922,MFS04,MEDIUM_WAREHOUSE,medium
LC303,Eastern Tokyo Logistics Hub Branch 1,139.8640,35.7283,MFS07,MEDIUM_WAREHOUSE,medium
LC304,Eastern Tokyo Logistics Hub Branch 2,139.8623,35.7450,MFS07,MEDIUM_WAREHOUSE,medium
LC305,Eastern Tokyo Logistics Hub Branch 3,139.8504,35.7364,MFS07,MEDIUM_WAREHOUSE,medium
LC306,Eastern Tokyo Logistics Hub Branch 4,139.8400,35.7414,MFS07,MEDIUM_WAREHOUSE,medium
LC307,Eastern Tokyo Logistics Hub Branch 5,139.8485,35.7541,MFS07,MEDIUM_WAREHOUSE,medium
LC308,Eastern Tokyo Logistics Hub Branch 6,139.8451,35.7422,MFS07,MEDIUM_WAREHOUSE,medium
LC309,Eastern Tokyo Logistics Hub Branch 7,139.8374,35.7372,MFS07,MEDIUM_WAREHOUSE,medium
LC310,Eastern Tokyo Logistics Hub Branch 8,139.8521,35.7457,MFS07,MEDIUM_WAREHOUSE,medium
LC311,Eastern Tokyo Logistics Hub Branch 9,139.8411,35.7432,MFS07,MEDIUM_WAREHOUSE,medium
LC312,Eastern Tokyo Logistics Hub Branch 10,139.8541,35.7434,MFS07,MEDIUM_WAREHOUSE,medium
LC313,Nerima Distribution Facility Branch 1,139.6807,35.7549,MFS06,MEDIUM_WAREHOUSE,medium
LC314,Nerima Distribution Facility Branch 2,139.6902,35.7542,MFS06,MEDIUM_WAREHOUSE,medium
LC315,Nerima Distribution Facility Branch 3,139.6823,35.7650,MFS06,MEDIUM_WAREHOUSE,medium
LC316,Nerima Distribution Facility Branch 4,139.6819,35.7479,MFS06,MEDIUM_WAREHOUSE,medium
LC317,Nerima Distribution Facility Branch 5,139.6809,35.7603,MFS06,MEDIUM_WAREHOUSE,medium
LC318,Nerima Distribution Facility Branch 6,139.6809,35.7536,MFS06,MEDIUM_WAREHOUSE,medium
LC319,Nerima Distribution Facility Branch 7,139.6896,35.7464,MFS06,MEDIUM_WAREHOUSE,medium
LC320,Nerima Distribution Facility Branch 8,139.6662,35.7521,MFS06,MEDIUM_WAREHOUSE,medium
LC321,Nerima Distribution Facility Branch 9,139.6818,35.7458,MFS06,MEDIUM_WAREHOUSE,medium
LC322,Nerima Distribution Facility Branch 10,139.6870,35.7542,MFS06,MEDIUM_WAREHOUSE,medium
LC323,West Suburbs Freight Terminal Branch 1,139.5320,35.6736,MFS08,LARGE_DISTRIBUTION,medium
LC324,West Suburbs Freight Terminal Branch 2,139.5384,35.6597,MFS08,LARGE_DISTRIBUTION,medium
LC325,West Suburbs Freight Terminal Branch 3,139.5436,35.6697,MFS08,LARGE_DISTRIBUTION,medium
LC326,West Suburbs Freight Terminal Branch 4,139.5340,35.6736,MFS08,LARGE_DISTRIBUTION,medium
LC327,West Suburbs Freight Terminal Branch 5,139.5439,35.6660,MFS08,LARGE_DISTRIBUTION,medium
LC328,West Suburbs Freight Terminal Branch 6,139.5432,35.6771,MFS08,LARGE_DISTRIBUTION,medium
LC329,West Suburbs Freight Terminal Branch 7,139.5343,35.6727,MFS08,LARGE_DISTRIBUTION,medium
LC330,West Suburbs Freight Terminal Branch 8,139.5400,35.6858,MFS08,LARGE_DISTRIBUTION,medium
LC331,West Suburbs Freight Terminal Branch 9,139.5376,35.6693,MFS08,LARGE_DISTRIBUTION,medium
LC332,West Suburbs Freight Terminal Branch 10,139.5552,35.6699,MFS08,LARGE_DISTRIBUTION,medium
LC333,Saitama South Distribution Branch 1,139.6679,35.8569,MFS27,MEDIUM_WAREHOUSE,medium
LC334,Saitama South Distribution Branch 2,139.6528,35.8566,MFS27,MEDIUM_WAREHOUSE,medium
LC335,Saitama South Distribution Branch 3,139.6445,35.8604,MFS27,MEDIUM_WAREHOUSE,medium
LC336,Saitama South Distribution Branch 4,139.6477,35.8614,MFS27,MEDIUM_WAREHOUSE,medium
LC337,Saitama South Distribution Branch 5,139.6332,35.8739,MFS27,MEDIUM_WAREHOUSE,medium
LC338,Saitama South Distribution Branch 6,139.6487,35.8721,MFS27,MEDIUM_WAREHOUSE,medium
LC339,Saitama South Distribution Branch 7,139.6419,35.8620,MFS27,MEDIUM_WAREHOUSE,medium
LC340,Saitama South Distribution Branch 8,139.6380,35.8562,MFS27,MEDIUM_WAREHOUSE,medium
LC341,Saitama South Distribution Branch 9,139.6538,35.8648,MFS27,MEDIUM_WAREHOUSE,medium
LC342,Saitama South Distribution Branch 10,139.6603,35.8582,MFS27,MEDIUM_WAREHOUSE,medium
LC343,Chiba West Logistics Park Branch 1,139.9372,35.6970,MFS39,MEDIUM_WAREHOUSE,medium
LC344,Chiba West Logistics Park Branch 2,139.9599,35.7032,MFS39,MEDIUM_WAREHOUSE,medium
LC345,Chiba West Logistics Park Branch 3,139.9343,35.6998,MFS39,MEDIUM_WAREHOUSE,medium
LC346,Chiba West Logistics Park Branch 4,139.9612,35.7148,MFS39,MEDIUM_WAREHOUSE,medium
LC347,Chiba West Logistics Park Branch 5,139.9545,35.7022,MFS39,MEDIUM_WAREHOUSE,medium
LC348,Chiba West Logistics Park Branch 6,139.9401,35.6941,MFS39,MEDIUM_WAREHOUSE,medium
LC349,Chiba West Logistics Park Branch 7,139.9504,35.7035,MFS39,MEDIUM_WAREHOUSE,medium
LC350,Chiba West Logistics Park Branch 8,139.9546,35.6967,MFS39,MEDIUM_WAREHOUSE,medium
LC351,Chiba West Logistics Park Branch 9,139.9408,35.6946,MFS39,MEDIUM_WAREHOUSE,medium
LC352,Chiba West Logistics Park Branch 10,139.9407,35.7045,MFS39,MEDIUM_WAREHOUSE,medium
LC353,Ota Industrial Distribution Branch 1,139.7115,35.6027,MFS02,MEDIUM_WAREHOUSE,medium
LC354,Ota Industrial Distribution Branch 2,139.7336,35.6156,MFS02,MEDIUM_WAREHOUSE,medium
LC355,Ota Industrial Distribution Branch 3,139.7306,35.6120,MFS02,MEDIUM_WAREHOUSE,medium
LC356,Ota Industrial Distribution Branch 4,139.7268,35.5998,MFS02,MEDIUM_WAREHOUSE,medium
LC357,Ota Industrial Distribution Branch 5,139.7246,35.6156,MFS02,MEDIUM_WAREHOUSE,medium
LC358,Ota Industrial Distribution Branch 6,139.7380,35.6084,MFS02,MEDIUM_WAREHOUSE,medium
LC359,Ota Industrial Distribution Branch 7,139.7566,35.6048,MFS02,MEDIUM_WAREHOUSE,medium
LC360,Ota Industrial Distribution Branch 8,139.7350,35.6071,MFS02,MEDIUM_WAREHOUSE,medium
LC361,Ota Industrial Distribution Branch 9,139.7282,35.6211,MFS02,MEDIUM_WAREHOUSE,medium
LC362,Ota Industrial Distribution Branch 10,139.7421,35.5953,MFS02,MEDIUM_WAREHOUSE,medium
LC363,Adachi Warehouse Complex Branch 1,139.8368,35.7530,MFS07,MEDIUM_WAREHOUSE,low
LC364,Adachi Warehouse Complex Branch 2,139.8463,35.7406,MFS07,MEDIUM_WAREHOUSE,low
LC365,Adachi Warehouse Complex Branch 3,139.8394,35.7493,MFS07,MEDIUM_WAREHOUSE,low
LC366,Adachi Warehouse Complex Branch 4,139.8428,35.7446,MFS07,MEDIUM_WAREHOUSE,low
LC367,Adachi Warehouse Complex Branch 5,139.8302,35.7359,MFS07,MEDIUM_WAREHOUSE,low
LC368,Adachi Warehouse Complex Branch 6,139.8426,35.7526,MFS07,MEDIUM_WAREHOUSE,low
LC369,Adachi Warehouse Complex Branch 7,139.8479,35.7555,MFS07,MEDIUM_WAREHOUSE,low
LC370,Adachi Warehouse Complex Branch 8,139.8385,35.7594,MFS07,MEDIUM_WAREHOUSE,low
LC371,Adachi Warehouse Complex Branch 9,139.8389,35.7454,MFS07,MEDIUM_WAREHOUSE,low
LC372,Adachi Warehouse Complex Branch 10,139.8358,35.7459,MFS07,MEDIUM_WAREHOUSE,low
LC373,Suginami Regional Depot Branch 1,139.6227,35.6811,MFS05,MEDIUM_WAREHOUSE,low
LC374,Suginami Regional Depot Branch 2,139.6420,35.6775,MFS05,MEDIUM_WAREHOUSE,low
LC375,Suginami Regional Depot Branch 3,139.6343,35.6826,MFS05,MEDIUM_WAREHOUSE,low
LC376,Suginami Regional Depot Branch 4,139.6537,35.6803,MFS05,MEDIUM_WAREHOUSE,low
LC377,Suginami Regional Depot Branch 5,139.6359,35.6759,MFS05,MEDIUM_WAREHOUSE,low
LC378,Suginami Regional Depot Branch 6,139.6394,35.6712,MFS05,MEDIUM_WAREHOUSE,low
LC379,Suginami Regional Depot Branch 7,139.6390,35.6804,MFS05,MEDIUM_WAREHOUSE,low
LC380,Suginami Regional Depot Branch 8,139.6548,35.6866,MFS05,MEDIUM_WAREHOUSE,low
LC381,Suginami Regional Depot Branch 9,139.6483,35.6750,MFS05,MEDIUM_WAREHOUSE,low
LC382,Suginami Regional Depot Branch 10,139.6454,35.6721,MFS05,MEDIUM_WAREHOUSE,low
LC383,Tama Region Distribution Branch 1,139.4000,35.6500,MFS09,MEDIUM_WAREHOUSE,low
LC384,Tama Region Distribution Branch 2,139.4000,35.6500,MFS09,MEDIUM_WAREHOUSE,low
LC385,Tama Region Distribution Branch 3,139.4000,35.6500,MFS09,MEDIUM_WAREHOUSE,low
LC386,Tama Region Distribution Branch 4,139.3768,35.6450,MFS09,MEDIUM_WAREHOUSE,low
LC387,Tama Region Distribution Branch 5,139.4000,35.6500,MFS09,MEDIUM_WAREHOUSE,low
LC388,Tama Region Distribution Branch 6,139.3682,35.6547,MFS09,MEDIUM_WAREHOUSE,low
LC389,Tama Region Distribution Branch 7,139.4000,35.6500,MFS09,MEDIUM_WAREHOUSE,low
LC390,Tama Region Distribution Branch 8,139.3740,35.6563,MFS09,MEDIUM_WAREHOUSE,low
LC391,Tama Region Distribution Branch 9,139.3697,35.6320,MFS09,MEDIUM_WAREHOUSE,low
LC392,Tama Region Distribution Branch 10,139.4000,35.6500,MFS09,MEDIUM_WAREHOUSE,low
LC393,Tama Region Distribution Branch 11,139.3715,35.6636,MFS09,MEDIUM_WAREHOUSE,low
LC394,Tama Region Distribution Branch 12,139.3783,35.6605,MFS09,MEDIUM_WAREHOUSE,low
LC395,Tama Region Distribution Branch 13,139.4000,35.6500,MFS09,MEDIUM_WAREHOUSE,low
LC396,Tama Region Distribution Branch 14,139.4000,35.6500,MFS09,MEDIUM_WAREHOUSE,low
LC397,Tama Region Distribution Branch 15,139.4000,35.6500,MFS09,MEDIUM_WAREHOUSE,low
LC398,Tama Region Distribution Branch 16,139.4000,35.6500,MFS09,MEDIUM_WAREHOUSE,low
LC399,Tama Region Distribution Branch 17,139.3777,35.6583,MFS09,MEDIUM_WAREHOUSE,low
LC400,Tama Region Distribution Branch 18,139.4000,35.6500,MFS09,MEDIUM_WAREHOUSE,low
LC401,Tsukiji Market Logistics Branch 1,139.7817,35.6711,MFS01,MEDIUM_WAREHOUSE,high
LC402,Tsukiji Market Logistics Branch 2,139.7573,35.6662,MFS01,MEDIUM_WAREHOUSE,high
LC403,Tsukiji Market Logistics Branch 3,139.7565,35.6661,MFS01,MEDIUM_WAREHOUSE,high
LC404,Tsukiji Market Logistics Branch 4,139.7754,35.6681,MFS01,MEDIUM_WAREHOUSE,high
LC405,Tsukiji Market Logistics Branch 5,139.7624,35.6640,MFS01,MEDIUM_WAREHOUSE,high
LC406,Tsukiji Market Logistics Branch 6,139.7688,35.6601,MFS01,MEDIUM_WAREHOUSE,high
LC407,Tsukiji Market Logistics Branch 7,139.7707,35.6689,MFS01,MEDIUM_WAREHOUSE,high
LC408,Tsukiji Market Logistics Branch 8,139.7721,35.6687,MFS01,MEDIUM_WAREHOUSE,high
LC409,Tsukiji Market Logistics Branch 9,139.7575,35.6628,MFS01,MEDIUM_WAREHOUSE,high
LC410,Tsukiji Market Logistics Branch 10,139.7729,35.6699,MFS01,MEDIUM_WAREHOUSE,high
LC411,Chofu Distribution Center Branch 1,139.5222,35.6661,MFS08,MEDIUM_WAREHOUSE,low
LC412,Chofu Distribution Center Branch 2,139.5447,35.6638,MFS08,MEDIUM_WAREHOUSE,low
LC413,Chofu Distribution Center Branch 3,139.5342,35.6681,MFS08,MEDIUM_WAREHOUSE,low
LC414,Chofu Distribution Center Branch 4,139.5370,35.6697,MFS08,MEDIUM_WAREHOUSE,low
LC415,Chofu Distribution Center Branch 5,139.5356,35.6661,MFS08,MEDIUM_WAREHOUSE,low
LC416,Chofu Distribution Center Branch 6,139.5287,35.6638,MFS08,MEDIUM_WAREHOUSE,low
LC417,Chofu Distribution Center Branch 7,139.5450,35.6636,MFS08,MEDIUM_WAREHOUSE,low
LC418,Chofu Distribution Center Branch 8,139.5337,35.6616,MFS08,MEDIUM_WAREHOUSE,low
LC419,Chofu Distribution Center Branch 9,139.5413,35.6591,MFS08,MEDIUM_WAREHOUSE,low
LC420,Chofu Distribution Center Branch 10,139.5423,35.6585,MFS08,MEDIUM_WAREHOUSE,low
LC421,Funabashi Freight Hub Branch 1,139.9515,35.7064,MFS39,MEDIUM_WAREHOUSE,medium
LC422,Funabashi Freight Hub Branch 2,139.9610,35.7071,MFS39,MEDIUM_WAREHOUSE,medium
LC423,Funabashi Freight Hub Branch 3,139.9685,35.7021,MFS39,MEDIUM_WAREHOUSE,medium
LC424,Funabashi Freight Hub Branch 4,139.9635,35.6987,MFS39,MEDIUM_WAREHOUSE,medium
LC425,Funabashi Freight Hub Branch 5,139.9701,35.7094,MFS39,MEDIUM_WAREHOUSE,medium
LC426,Funabashi Freight Hub Branch 6,139.9643,35.7063,MFS39,MEDIUM_WAREHOUSE,medium
LC427,Funabashi Freight Hub Branch 7,139.9537,35.7027,MFS39,MEDIUM_WAREHOUSE,medium
LC428,Funabashi Freight Hub Branch 8,139.9640,35.7049,MFS39,MEDIUM_WAREHOUSE,medium
LC429,Funabashi Freight Hub Branch 9,139.9610,35.6955,MFS39,MEDIUM_WAREHOUSE,medium
LC430,Funabashi Freight Hub Branch 10,139.9614,35.7002,MFS39,MEDIUM_WAREHOUSE,medium
LC431,Urawa Distribution Facility Branch 1,139.6363,35.8639,MFS27,MEDIUM_WAREHOUSE,low
LC432,Urawa Distribution Facility Branch 2,139.6301,35.8699,MFS27,MEDIUM_WAREHOUSE,low
LC433,Urawa Distribution Facility Branch 3,139.6518,35.8646,MFS27,MEDIUM_WAREHOUSE,low
LC434,Urawa Distribution Facility Branch 4,139.6370,35.8584,MFS27,MEDIUM_WAREHOUSE,low
LC435,Urawa Distribution Facility Branch 5,139.6438,35.8481,MFS27,MEDIUM_WAREHOUSE,low
LC436,Urawa Distribution Facility Branch 6,139.6464,35.8696,MFS27,MEDIUM_WAREHOUSE,low
LC437,Urawa Distribution Facility Branch 7,139.6425,35.8616,MFS27,MEDIUM_WAREHOUSE,low
LC438,Urawa Distribution Facility Branch 8,139.6465,35.8674,MFS27,MEDIUM_WAREHOUSE,low
LC439,Urawa Distribution Facility Branch 9,139.6538,35.8651,MFS27,MEDIUM_WAREHOUSE,low
LC440,Urawa Distribution Facility Branch 10,139.6395,35.8618,MFS27,MEDIUM_WAREHOUSE,low
LC441,Sumida Warehouse Zone Branch 1,139.8265,35.7058,MFS04,MEDIUM_WAREHOUSE,low
LC442,Sumida Warehouse Zone Branch 2,139.8224,35.6877,MFS04,MEDIUM_WAREHOUSE,low
LC443,Sumida Warehouse Zone Branch 3,139.8180,35.6804,MFS04,MEDIUM_WAREHOUSE,low
LC444,Sumida Warehouse Zone Branch 4,139.8276,35.6855,MFS04,MEDIUM_WAREHOUSE,low
LC445,Sumida Warehouse Zone Branch 5,139.8151,35.6812,MFS04,MEDIUM_WAREHOUSE,low
LC446,Sumida Warehouse Zone Branch 6,139.8161,35.6990,MFS04,MEDIUM_WAREHOUSE,low
LC447,Sumida Warehouse Zone Branch 7,139.8145,35.6828,MFS04,MEDIUM_WAREHOUSE,low
LC448,Sumida Warehouse Zone Branch 8,139.8264,35.6926,MFS04,MEDIUM_WAREHOUSE,low
LC449,Sumida Warehouse Zone Branch 9,139.8285,35.7002,MFS04,MEDIUM_WAREHOUSE,low
LC450,Sumida Warehouse Zone Branch 10,139.8249,35.6860,MFS04,MEDIUM_WAREHOUSE,low
LC451,West Tokyo Regional Hub Branch 1,139.2573,35.7418,MFS10,LARGE_DISTRIBUTION,medium
LC452,West Tokyo Regional Hub Branch 2,139.2536,35.7283,MFS10,LARGE_DISTRIBUTION,medium
LC453,West Tokyo Regional Hub Branch 3,139.2550,35.7384,MFS10,LARGE_DISTRIBUTION,medium
LC454,West Tokyo Regional Hub Branch 4,139.2665,35.7401,MFS10,LARGE_DISTRIBUTION,medium
LC455,West Tokyo Regional Hub Branch 5,139.2556,35.7430,MFS10,LARGE_DISTRIBUTION,medium
LC456,West Tokyo Regional Hub Branch 6,139.2883,35.7300,MFS10,LARGE_DISTRIBUTION,medium
LC457,West Tokyo Regional Hub Branch 7,139.2553,35.7334,MFS10,LARGE_DISTRIBUTION,medium
LC458,West Tokyo Regional Hub Branch 8,139.2713,35.7412,MFS10,LARGE_DISTRIBUTION,medium
LC459,West Tokyo Regional Hub Branch 9,139.2627,35.7361,MFS10,LARGE_DISTRIBUTION,medium
LC460,West Tokyo Regional Hub Branch 10,139.2485,35.7333,MFS10,LARGE_DISTRIBUTION,medium
LC461,Ome Logistics Depot Branch 1,139.2400,35.7500,MFS10,MEDIUM_WAREHOUSE,low
LC462,Ome Logistics Depot Branch 2,139.2403,35.7453,MFS10,MEDIUM_WAREHOUSE,low
LC463,Ome Logistics Depot Branch 3,139.2400,35.7500,MFS10,MEDIUM_WAREHOUSE,low
LC464,Ome Logistics Depot Branch 4,139.2400,35.7500,MFS10,MEDIUM_WAREHOUSE,low
LC465,Ome Logistics Depot Branch 5,139.2404,35.7479,MFS10,MEDIUM_WAREHOUSE,low
LC466,Ome Logistics Depot Branch 6,139.2492,35.7519,MFS10,MEDIUM_WAREHOUSE,low
LC467,Ome Logistics Depot Branch 7,139.2461,35.7447,MFS10,MEDIUM_WAREHOUSE,low
LC468,Ome Logistics Depot Branch 8,139.2386,35.7430,MFS10,MEDIUM_WAREHOUSE,low
LC469,Ome Logistics Depot Branch 9,139.2308,35.7390,MFS10,MEDIUM_WAREHOUSE,low
LC470,Ome Logistics Depot Branch 10,139.2495,35.7390,MFS10,MEDIUM_WAREHOUSE,low
LC471,Yokohama Minato Distribution Branch 1,139.6299,35.4742,MFS11,LARGE_DISTRIBUTION,high
LC472,Yokohama Minato Distribution Branch 2,139.6324,35.4585,MFS11,LARGE_DISTRIBUTION,high
LC473,Yokohama Minato Distribution Branch 3,139.6365,35.4686,MFS11,LARGE_DISTRIBUTION,high
LC474,Yokohama Minato Distribution Branch 4,139.6453,35.4741,MFS11,LARGE_DISTRIBUTION,high
LC475,Yokohama Minato Distribution Branch 5,139.6348,35.4626,MFS11,LARGE_DISTRIBUTION,high
LC476,Yokohama Minato Distribution Branch 6,139.6290,35.4559,MFS11,LARGE_DISTRIBUTION,high
LC477,Yokohama Minato Distribution Branch 7,139.6329,35.4765,MFS11,LARGE_DISTRIBUTION,high
LC478,Yokohama Minato Distribution Branch 8,139.6410,35.4768,MFS11,LARGE_DISTRIBUTION,high
LC479,Yokohama Minato Distribution Branch 9,139.6220,35.4650,MFS11,LARGE_DISTRIBUTION,high
LC480,Yokohama Minato Distribution Branch 10,139.6360,35.4853,MFS11,LARGE_DISTRIBUTION,high
LC481,Yokohama Tsurumi Warehouse Branch 1,139.6755,35.5161,MFS11,MEDIUM_WAREHOUSE,medium
LC482,Yokohama Tsurumi Warehouse Branch 2,139.6698,35.5153,MFS11,MEDIUM_WAREHOUSE,medium
LC483,Yokohama Tsurumi Warehouse Branch 3,139.6844,35.5107,MFS11,MEDIUM_WAREHOUSE,medium
LC484,Yokohama Tsurumi Warehouse Branch 4,139.6747,35.5163,MFS11,MEDIUM_WAREHOUSE,medium
LC485,Yokohama Tsurumi Warehouse Branch 5,139.6640,35.5176,MFS11,MEDIUM_WAREHOUSE,medium
LC486,Yokohama Tsurumi Warehouse Branch 6,139.6646,35.5044,MFS11,MEDIUM_WAREHOUSE,medium
LC487,Yokohama Tsurumi Warehouse Branch 7,139.6700,35.5234,MFS11,MEDIUM_WAREHOUSE,medium
LC488,Yokohama Tsurumi Warehouse Branch 8,139.6725,35.5165,MFS11,MEDIUM_WAREHOUSE,medium
LC489,Yokohama Tsurumi Warehouse Branch 9,139.6641,35.5105,MFS11,MEDIUM_WAREHOUSE,medium
LC490,Yokohama Tsurumi Warehouse Branch 10,139.6606,35.5060,MFS11,MEDIUM_WAREHOUSE,medium
LC491,Yokohama Isogo Logistics Branch 1,139.6184,35.4089,MFS12,MEDIUM_WAREHOUSE,medium
LC492,Yokohama Isogo Logistics Branch 2,139.6148,35.3894,MFS12,MEDIUM_WAREHOUSE,medium
LC493,Yokohama Isogo Logistics Branch 3,139.6304,35.4029,MFS12,MEDIUM_WAREHOUSE,medium
LC494,Yokohama Isogo Logistics Branch 4,139.6027,35.4003,MFS12,MEDIUM_WAREHOUSE,medium
LC495,Yokohama Isogo Logistics Branch 5,139.6168,35.4121,MFS12,MEDIUM_WAREHOUSE,medium
LC496,Yokohama Isogo Logistics Branch 6,139.6142,35.3960,MFS12,MEDIUM_WAREHOUSE,medium
LC497,Yokohama Isogo Logistics Branch 7,139.6127,35.3927,MFS12,MEDIUM_WAREHOUSE,medium
LC498,Yokohama Isogo Logistics Branch 8,139.6144,35.3900,MFS12,MEDIUM_WAREHOUSE,medium
LC499,Yokohama Isogo Logistics Branch 9,139.6118,35.3888,MFS12,MEDIUM_WAREHOUSE,medium
LC500,Yokohama Isogo Logistics Branch 10,139.6080,35.3891,MFS12,MEDIUM_WAREHOUSE,medium
LC501,Yokohama Totsuka Center Branch 1,139.5358,35.3952,MFS13,MEDIUM_WAREHOUSE,low
LC502,Yokohama Totsuka Center Branch 2,139.5302,35.4033,MFS13,MEDIUM_WAREHOUSE,low
LC503,Yokohama Totsuka Center Branch 3,139.5396,35.3970,MFS13,MEDIUM_WAREHOUSE,low
LC504,Yokohama Totsuka Center Branch 4,139.5363,35.4111,MFS13,MEDIUM_WAREHOUSE,low
LC505,Yokohama Totsuka Center Branch 5,139.5419,35.4033,MFS13,MEDIUM_WAREHOUSE,low
LC506,Yokohama Totsuka Center Branch 6,139.5193,35.3955,MFS13,MEDIUM_WAREHOUSE,low
LC507,Yokohama Totsuka Center Branch 7,139.5226,35.3970,MFS13,MEDIUM_WAREHOUSE,low
LC508,Yokohama Totsuka Center Branch 8,139.5430,35.3953,MFS13,MEDIUM_WAREHOUSE,low
LC509,Yokohama Totsuka Center Branch 9,139.5441,35.3929,MFS13,MEDIUM_WAREHOUSE,low
LC510,Yokohama Totsuka Center Branch 10,139.5446,35.3892,MFS13,MEDIUM_WAREHOUSE,low
LC511,Yokohama Kohoku Hub Branch 1,139.5879,35.5429,MFS14,LARGE_DISTRIBUTION,medium
LC512,Yokohama Kohoku Hub Branch 2,139.5943,35.5391,MFS14,LARGE_DISTRIBUTION,medium
LC513,Yokohama Kohoku Hub Branch 3,139.6055,35.5371,MFS14,LARGE_DISTRIBUTION,medium
LC514,Yokohama Kohoku Hub Branch 4,139.5864,35.5208,MFS14,LARGE_DISTRIBUTION,medium
LC515,Yokohama Kohoku Hub Branch 5,139.6042,35.5374,MFS14,LARGE_DISTRIBUTION,medium
LC516,Yokohama Kohoku Hub Branch 6,139.5999,35.5408,MFS14,LARGE_DISTRIBUTION,medium
LC517,Yokohama Kohoku Hub Branch 7,139.5785,35.5429,MFS14,LARGE_DISTRIBUTION,medium
LC518,Yokohama Kohoku Hub Branch 8,139.5945,35.5432,MFS14,LARGE_DISTRIBUTION,medium
LC519,Yokohama Kohoku Hub Branch 9,139.6064,35.5423,MFS14,LARGE_DISTRIBUTION,medium
LC520,Yokohama Kohoku Hub Branch 10,139.5735,35.5342,MFS14,LARGE_DISTRIBUTION,medium
LC521,Yokohama Midori Depot Branch 1,139.5605,35.5225,MFS14,MEDIUM_WAREHOUSE,low
LC522,Yokohama Midori Depot Branch 2,139.5678,35.5064,MFS14,MEDIUM_WAREHOUSE,low
LC523,Yokohama Midori Depot Branch 3,139.5574,35.5268,MFS14,MEDIUM_WAREHOUSE,low
LC524,Yokohama Midori Depot Branch 4,139.5569,35.5276,MFS14,MEDIUM_WAREHOUSE,low
LC525,Yokohama Midori Depot Branch 5,139.5537,35.5099,MFS14,MEDIUM_WAREHOUSE,low
LC526,Yokohama Midori Depot Branch 6,139.5679,35.5176,MFS14,MEDIUM_WAREHOUSE,low
LC527,Yokohama Midori Depot Branch 7,139.5598,35.5160,MFS14,MEDIUM_WAREHOUSE,low
LC528,Yokohama Midori Depot Branch 8,139.5569,35.5216,MFS14,MEDIUM_WAREHOUSE,low
LC529,Yokohama Midori Depot Branch 9,139.5518,35.5205,MFS14,MEDIUM_WAREHOUSE,low
LC530,Yokohama Midori Depot Branch 10,139.5620,35.5195,MFS14,MEDIUM_WAREHOUSE,low
LC531,Yokohama Kanazawa Port Branch 1,139.6215,35.3733,MFS12,LOGISTICS_HUB,high
LC532,Yokohama Kanazawa Port Branch 2,139.6251,35.3637,MFS12,LOGISTICS_HUB,high
LC533,Yokohama Kanazawa Port Branch 3,139.6140,35.3615,MFS12,LOGISTICS_HUB,high
LC534,Yokohama Kanazawa Port Branch 4,139.6186,35.3692,MFS12,LOGISTICS_HUB,high
LC535,Yokohama Kanazawa Port Branch 5,139.6214,35.3649,MFS12,LOGISTICS_HUB,high
LC536,Yokohama Kanazawa Port Branch 6,139.6215,35.3747,MFS12,LOGISTICS_HUB,high
LC537,Yokohama Kanazawa Port Branch 7,139.6249,35.3655,MFS12,LOGISTICS_HUB,high
LC538,Yokohama Kanazawa Port Branch 8,139.6303,35.3820,MFS12,LOGISTICS_HUB,high
LC539,Yokohama Kanazawa Port Branch 9,139.6358,35.3702,MFS12,LOGISTICS_HUB,high
LC540,Yokohama Kanazawa Port Branch 10,139.6226,35.3729,MFS12,LOGISTICS_HUB,high
LC541,Yokohama Seya Warehouse Branch 1,139.5000,35.4643,MFS15,MEDIUM_WAREHOUSE,low
LC542,Yokohama Seya Warehouse Branch 2,139.4990,35.4587,MFS15,MEDIUM_WAREHOUSE,low
LC543,Yokohama Seya Warehouse Branch 3,139.5141,35.4611,MFS15,MEDIUM_WAREHOUSE,low
LC544,Yokohama Seya Warehouse Branch 4,139.5005,35.4661,MFS15,MEDIUM_WAREHOUSE,low
LC545,Yokohama Seya Warehouse Branch 5,139.5012,35.4620,MFS15,MEDIUM_WAREHOUSE,low
LC546,Yokohama Seya Warehouse Branch 6,139.4995,35.4515,MFS15,MEDIUM_WAREHOUSE,low
LC547,Yokohama Seya Warehouse Branch 7,139.4998,35.4521,MFS15,MEDIUM_WAREHOUSE,low
LC548,Yokohama Seya Warehouse Branch 8,139.5017,35.4518,MFS15,MEDIUM_WAREHOUSE,low
LC549,Yokohama Seya Warehouse Branch 9,139.5073,35.4652,MFS15,MEDIUM_WAREHOUSE,low
LC550,Yokohama Seya Warehouse Branch 10,139.5022,35.4593,MFS15,MEDIUM_WAREHOUSE,low
LC551,Kawasaki Port Distribution Branch 1,139.7133,35.5213,MFS16,LOGISTICS_HUB,high
LC552,Kawasaki Port Distribution Branch 2,139.7012,35.5340,MFS16,LOGISTICS_HUB,high
LC553,Kawasaki Port Distribution Branch 3,139.7128,35.5344,MFS16,LOGISTICS_HUB,high
LC554,Kawasaki Port Distribution Branch 4,139.7020,35.5359,MFS16,LOGISTICS_HUB,high
LC555,Kawasaki Port Distribution Branch 5,139.7064,35.5276,MFS16,LOGISTICS_HUB,high
LC556,Kawasaki Port Distribution Branch 6,139.7126,35.5335,MFS16,LOGISTICS_HUB,high
LC557,Kawasaki Port Distribution Branch 7,139.7032,35.5285,MFS16,LOGISTICS_HUB,high
LC558,Kawasaki Port Distribution Branch 8,139.7014,35.5335,MFS16,LOGISTICS_HUB,high
LC559,Kawasaki Port Distribution Branch 9,139.7071,35.5330,MFS16,LOGISTICS_HUB,high
LC560,Kawasaki Port Distribution Branch 10,139.7053,35.5220,MFS16,LOGISTICS_HUB,high
LC561,Kawasaki Miyamae Logistics Branch 1,139.5820,35.5703,MFS17,MEDIUM_WAREHOUSE,medium
LC562,Kawasaki Miyamae Logistics Branch 2,139.5890,35.5752,MFS17,MEDIUM_WAREHOUSE,medium
LC563,Kawasaki Miyamae Logistics Branch 3,139.5845,35.5815,MFS17,MEDIUM_WAREHOUSE,medium
LC564,Kawasaki Miyamae Logistics Branch 4,139.5853,35.5865,MFS17,MEDIUM_WAREHOUSE,medium
LC565,Kawasaki Miyamae Logistics Branch 5,139.5869,35.5816,MFS17,MEDIUM_WAREHOUSE,medium
LC566,Kawasaki Miyamae Logistics Branch 6,139.5794,35.5846,MFS17,MEDIUM_WAREHOUSE,medium
LC567,Kawasaki Miyamae Logistics Branch 7,139.5868,35.5828,MFS17,MEDIUM_WAREHOUSE,medium
LC568,Kawasaki Miyamae Logistics Branch 8,139.5926,35.5788,MFS17,MEDIUM_WAREHOUSE,medium
LC569,Kawasaki Miyamae Logistics Branch 9,139.5917,35.5773,MFS17,MEDIUM_WAREHOUSE,medium
LC570,Kawasaki Miyamae Logistics Branch 10,139.6008,35.5865,MFS17,MEDIUM_WAREHOUSE,medium
LC571,Kawasaki Tama Warehouse Branch 1,139.6139,35.5918,MFS17,MEDIUM_WAREHOUSE,low
LC572,Kawasaki Tama Warehouse Branch 2,139.6012,35.5954,MFS17,MEDIUM_WAREHOUSE,low
LC573,Kawasaki Tama Warehouse Branch 3,139.6080,35.6031,MFS17,MEDIUM_WAREHOUSE,low
LC574,Kawasaki Tama Warehouse Branch 4,139.6062,35.5820,MFS17,MEDIUM_WAREHOUSE,low
LC575,Kawasaki Tama Warehouse Branch 5,139.6040,35.5962,MFS17,MEDIUM_WAREHOUSE,low
LC576,Kawasaki Tama Warehouse Branch 6,139.6051,35.5977,MFS17,MEDIUM_WAREHOUSE,low
LC577,Kawasaki Tama Warehouse Branch 7,139.6068,35.5959,MFS17,MEDIUM_WAREHOUSE,low
LC578,Kawasaki Tama Warehouse Branch 8,139.6220,35.6085,MFS17,MEDIUM_WAREHOUSE,low
LC579,Kawasaki Tama Warehouse Branch 9,139.6009,35.6087,MFS17,MEDIUM_WAREHOUSE,low
LC580,Kawasaki Tama Warehouse Branch 10,139.5970,35.5943,MFS17,MEDIUM_WAREHOUSE,low
LC581,Sagamihara Distribution Hub Branch 1,139.3778,35.5676,MFS18,LARGE_DISTRIBUTION,medium
LC582,Sagamihara Distribution Hub Branch 2,139.4055,35.5594,MFS18,LARGE_DISTRIBUTION,medium
LC583,Sagamihara Distribution Hub Branch 3,139.3790,35.5782,MFS18,LARGE_DISTRIBUTION,medium
LC584,Sagamihara Distribution Hub Branch 4,139.3762,35.5593,MFS18,LARGE_DISTRIBUTION,medium
LC585,Sagamihara Distribution Hub Branch 5,139.3791,35.5712,MFS18,LARGE_DISTRIBUTION,medium
LC586,Sagamihara Distribution Hub Branch 6,139.3933,35.5577,MFS18,LARGE_DISTRIBUTION,medium
LC587,Sagamihara Distribution Hub Branch 7,139.3733,35.5742,MFS18,LARGE_DISTRIBUTION,medium
LC588,Sagamihara Distribution Hub Branch 8,139.3775,35.5676,MFS18,LARGE_DISTRIBUTION,medium
LC589,Sagamihara Distribution Hub Branch 9,139.3797,35.5609,MFS18,LARGE_DISTRIBUTION,medium
LC590,Sagamihara Distribution Hub Branch 10,139.3680,35.5758,MFS18,LARGE_DISTRIBUTION,medium
LC591,Sagamihara Distribution Hub Branch 11,139.3636,35.5852,MFS18,LARGE_DISTRIBUTION,medium
LC592,Sagamihara Distribution Hub Branch 12,139.3833,35.5533,MFS18,LARGE_DISTRIBUTION,medium
LC593,Sagamihara Distribution Hub Branch 13,139.3842,35.5722,MFS18,LARGE_DISTRIBUTION,medium
LC594,Sagamihara Distribution Hub Branch 14,139.3745,35.5608,MFS18,LARGE_DISTRIBUTION,medium
LC595,Sagamihara Distribution Hub Branch 15,139.3709,35.5572,MFS18,LARGE_DISTRIBUTION,medium
LC596,Sagamihara Distribution Hub Branch 16,139.3688,35.5737,MFS18,LARGE_DISTRIBUTION,medium
LC597,Sagamihara Distribution Hub Branch 17,139.3802,35.5636,MFS18,LARGE_DISTRIBUTION,medium
LC598,Sagamihara Distribution Hub Branch 18,139.3689,35.5745,MFS18,LARGE_DISTRIBUTION,medium
LC599,Sagamihara Minami Depot Branch 1,139.3525,35.5364,MFS18,MEDIUM_WAREHOUSE,low
LC600,Sagamihara Minami Depot Branch 2,139.3577,35.5465,MFS18,MEDIUM_WAREHOUSE,low
LC601,Sagamihara Minami Depot Branch 3,139.3439,35.5608,MFS18,MEDIUM_WAREHOUSE,low
LC602,Sagamihara Minami Depot Branch 4,139.3727,35.5505,MFS18,MEDIUM_WAREHOUSE,low
LC603,Sagamihara Minami Depot Branch 5,139.3620,35.5569,MFS18,MEDIUM_WAREHOUSE,low
LC604,Sagamihara Minami Depot Branch 6,139.3595,35.5616,MFS18,MEDIUM_WAREHOUSE,low
LC605,Sagamihara Minami Depot Branch 7,139.3848,35.5511,MFS18,MEDIUM_WAREHOUSE,low
LC606,Sagamihara Minami Depot Branch 8,139.3666,35.5614,MFS18,MEDIUM_WAREHOUSE,low
LC607,Sagamihara Minami Depot Branch 9,139.3549,35.5353,MFS18,MEDIUM_WAREHOUSE,low
LC608,Sagamihara Minami Depot Branch 10,139.3736,35.5295,MFS18,MEDIUM_WAREHOUSE,low
LC609,Sagamihara Minami Depot Branch 11,139.3868,35.5614,MFS18,MEDIUM_WAREHOUSE,low
LC610,Sagamihara Minami Depot Branch 12,139.3628,35.5507,MFS18,MEDIUM_WAREHOUSE,low
LC611,Sagamihara Minami Depot Branch 13,139.3863,35.5377,MFS18,MEDIUM_WAREHOUSE,low
LC612,Sagamihara Minami Depot Branch 14,139.3426,35.5422,MFS18,MEDIUM_WAREHOUSE,low
LC613,Sagamihara Minami Depot Branch 15,139.3561,35.5369,MFS18,MEDIUM_WAREHOUSE,low
LC614,Sagamihara Minami Depot Branch 16,139.3623,35.5518,MFS18,MEDIUM_WAREHOUSE,low
LC615,Sagamihara Minami Depot Branch 17,139.3478,35.5709,MFS18,MEDIUM_WAREHOUSE,low
LC616,Sagamihara Minami Depot Branch 18,139.3391,35.5333,MFS18,MEDIUM_WAREHOUSE,low
LC617,Kamakura-Zushi Warehouse Branch 1,139.5630,35.3186,MFS19,MEDIUM_WAREHOUSE,low
LC618,Kamakura-Zushi Warehouse Branch 2,139.5517,35.3155,MFS19,MEDIUM_WAREHOUSE,low
LC619,Kamakura-Zushi Warehouse Branch 3,139.5545,35.3237,MFS19,MEDIUM_WAREHOUSE,low
LC620,Kamakura-Zushi Warehouse Branch 4,139.5562,35.3253,MFS19,MEDIUM_WAREHOUSE,low
LC621,Kamakura-Zushi Warehouse Branch 5,139.5672,35.3255,MFS19,MEDIUM_WAREHOUSE,low
LC622,Kamakura-Zushi Warehouse Branch 6,139.5632,35.3237,MFS19,MEDIUM_WAREHOUSE,low
LC623,Kamakura-Zushi Warehouse Branch 7,139.5492,35.3129,MFS19,MEDIUM_WAREHOUSE,low
LC624,Kamakura-Zushi Warehouse Branch 8,139.5496,35.3161,MFS19,MEDIUM_WAREHOUSE,low
LC625,Kamakura-Zushi Warehouse Branch 9,139.5487,35.3102,MFS19,MEDIUM_WAREHOUSE,low
LC626,Kamakura-Zushi Warehouse Branch 10,139.5568,35.3171,MFS19,MEDIUM_WAREHOUSE,low
LC627,Fujisawa Logistics Center Branch 1,139.4879,35.3431,MFS20,LARGE_DISTRIBUTION,medium
LC628,Fujisawa Logistics Center Branch 2,139.4779,35.3453,MFS20,LARGE_DISTRIBUTION,medium
LC629,Fujisawa Logistics Center Branch 3,139.4889,35.3429,MFS20,LARGE_DISTRIBUTION,medium
LC630,Fujisawa Logistics Center Branch 4,139.4767,35.3471,MFS20,LARGE_DISTRIBUTION,medium
LC631,Fujisawa Logistics Center Branch 5,139.4941,35.3446,MFS20,LARGE_DISTRIBUTION,medium
LC632,Fujisawa Logistics Center Branch 6,139.4942,35.3464,MFS20,LARGE_DISTRIBUTION,medium
LC633,Fujisawa Logistics Center Branch 7,139.4868,35.3324,MFS20,LARGE_DISTRIBUTION,medium
LC634,Fujisawa Logistics Center Branch 8,139.4711,35.3397,MFS20,LARGE_DISTRIBUTION,medium
LC635,Fujisawa Logistics Center Branch 9,139.4666,35.3359,MFS20,LARGE_DISTRIBUTION,medium
LC636,Fujisawa Logistics Center Branch 10,139.4869,35.3354,MFS20,LARGE_DISTRIBUTION,medium
LC637,Hiratsuka Distribution Hub Branch 1,139.3400,35.3400,MFS21,LARGE_DISTRIBUTION,medium
LC638,Hiratsuka Distribution Hub Branch 2,139.3400,35.3400,MFS21,LARGE_DISTRIBUTION,medium
LC639,Hiratsuka Distribution Hub Branch 3,139.3400,35.3400,MFS21,LARGE_DISTRIBUTION,medium
LC640,Hiratsuka Distribution Hub Branch 4,139.3400,35.3400,MFS21,LARGE_DISTRIBUTION,medium
LC641,Hiratsuka Distribution Hub Branch 5,139.3400,35.3400,MFS21,LARGE_DISTRIBUTION,medium
LC642,Hiratsuka Distribution Hub Branch 6,139.3400,35.3400,MFS21,LARGE_DISTRIBUTION,medium
LC643,Hiratsuka Distribution Hub Branch 7,139.3400,35.3400,MFS21,LARGE_DISTRIBUTION,medium
LC644,Hiratsuka Distribution Hub Branch 8,139.3400,35.3400,MFS21,LARGE_DISTRIBUTION,medium
LC645,Hiratsuka Distribution Hub Branch 9,139.3400,35.3400,MFS21,LARGE_DISTRIBUTION,medium
LC646,Hiratsuka Distribution Hub Branch 10,139.3400,35.3400,MFS21,LARGE_DISTRIBUTION,medium
LC647,Hiratsuka Distribution Hub Branch 11,139.3400,35.3400,MFS21,LARGE_DISTRIBUTION,medium
LC648,Hiratsuka Distribution Hub Branch 12,139.3400,35.3400,MFS21,LARGE_DISTRIBUTION,medium
LC649,Hiratsuka Distribution Hub Branch 13,139.3400,35.3400,MFS21,LARGE_DISTRIBUTION,medium
LC650,Hiratsuka Distribution Hub Branch 14,139.3400,35.3400,MFS21,LARGE_DISTRIBUTION,medium
LC651,Hiratsuka Distribution Hub Branch 15,139.3400,35.3400,MFS21,LARGE_DISTRIBUTION,medium
LC652,Hiratsuka Distribution Hub Branch 16,139.3400,35.3400,MFS21,LARGE_DISTRIBUTION,medium
LC653,Hiratsuka Distribution Hub Branch 17,139.3400,35.3400,MFS21,LARGE_DISTRIBUTION,medium
LC654,Hiratsuka Distribution Hub Branch 18,139.3400,35.3400,MFS21,LARGE_DISTRIBUTION,medium
LC655,Odawara Logistics Terminal Branch 1,139.1500,35.2600,MFS22,LOGISTICS_HUB,medium
LC656,Odawara Logistics Terminal Branch 2,139.1500,35.2600,MFS22,LOGISTICS_HUB,medium
LC657,Odawara Logistics Terminal Branch 3,139.1500,35.2600,MFS22,LOGISTICS_HUB,medium
LC658,Odawara Logistics Terminal Branch 4,139.1500,35.2600,MFS22,LOGISTICS_HUB,medium
LC659,Odawara Logistics Terminal Branch 5,139.1500,35.2600,MFS22,LOGISTICS_HUB,medium
LC660,Odawara Logistics Terminal Branch 6,139.1500,35.2600,MFS22,LOGISTICS_HUB,medium
LC661,Odawara Logistics Terminal Branch 7,139.1500,35.2600,MFS22,LOGISTICS_HUB,medium
LC662,Odawara Logistics Terminal Branch 8,139.1500,35.2600,MFS22,LOGISTICS_HUB,medium
LC663,Odawara Logistics Terminal Branch 9,139.1500,35.2600,MFS22,LOGISTICS_HUB,medium
LC664,Odawara Logistics Terminal Branch 10,139.1500,35.2600,MFS22,LOGISTICS_HUB,medium
LC665,Odawara Logistics Terminal Branch 11,139.1500,35.2600,MFS22,LOGISTICS_HUB,medium
LC666,Odawara Logistics Terminal Branch 12,139.1500,35.2600,MFS22,LOGISTICS_HUB,medium
LC667,Odawara Logistics Terminal Branch 13,139.1500,35.2600,MFS22,LOGISTICS_HUB,medium
LC668,Odawara Logistics Terminal Branch 14,139.1500,35.2600,MFS22,LOGISTICS_HUB,medium
LC669,Odawara Logistics Terminal Branch 15,139.1500,35.2600,MFS22,LOGISTICS_HUB,medium
LC670,Odawara Logistics Terminal Branch 16,139.1500,35.2600,MFS22,LOGISTICS_HUB,medium
LC671,Odawara Logistics Terminal Branch 17,139.1500,35.2600,MFS22,LOGISTICS_HUB,medium
LC672,Odawara Logistics Terminal Branch 18,139.1500,35.2600,MFS22,LOGISTICS_HUB,medium
LC673,Hakone Area Depot Branch 1,139.1235,35.2565,MFS23,MEDIUM_WAREHOUSE,low
LC674,Hakone Area Depot Branch 2,139.1000,35.2500,MFS23,MEDIUM_WAREHOUSE,low
LC675,Hakone Area Depot Branch 3,139.1209,35.2430,MFS23,MEDIUM_WAREHOUSE,low
LC676,Hakone Area Depot Branch 4,139.1000,35.2500,MFS23,MEDIUM_WAREHOUSE,low
LC677,Hakone Area Depot Branch 5,139.1000,35.2500,MFS23,MEDIUM_WAREHOUSE,low
LC678,Hakone Area Depot Branch 6,139.1345,35.2714,MFS23,MEDIUM_WAREHOUSE,low
LC679,Hakone Area Depot Branch 7,139.1000,35.2500,MFS23,MEDIUM_WAREHOUSE,low
LC680,Hakone Area Depot Branch 8,139.1000,35.2500,MFS23,MEDIUM_WAREHOUSE,low
LC681,Hakone Area Depot Branch 9,139.1000,35.2500,MFS23,MEDIUM_WAREHOUSE,low
LC682,Hakone Area Depot Branch 10,139.1000,35.2500,MFS23,MEDIUM_WAREHOUSE,low
LC683,Hakone Area Depot Branch 11,139.1152,35.2590,MFS23,MEDIUM_WAREHOUSE,low
LC684,Hakone Area Depot Branch 12,139.1000,35.2500,MFS23,MEDIUM_WAREHOUSE,low
LC685,Hakone Area Depot Branch 13,139.1286,35.2800,MFS23,MEDIUM_WAREHOUSE,low
LC686,Hakone Area Depot Branch 14,139.1000,35.2500,MFS23,MEDIUM_WAREHOUSE,low
LC687,Hakone Area Depot Branch 15,139.1070,35.2303,MFS23,MEDIUM_WAREHOUSE,low
LC688,Hakone Area Depot Branch 16,139.1000,35.2500,MFS23,MEDIUM_WAREHOUSE,low
LC689,Hakone Area Depot Branch 17,139.1000,35.2500,MFS23,MEDIUM_WAREHOUSE,low
LC690,Hakone Area Depot Branch 18,139.1000,35.2500,MFS23,MEDIUM_WAREHOUSE,low
LC691,Gotemba Distribution Center Branch 1,138.9200,35.3100,MFS24,MEDIUM_WAREHOUSE,low
LC692,Gotemba Distribution Center Branch 2,138.9200,35.3100,MFS24,MEDIUM_WAREHOUSE,low
LC693,Gotemba Distribution Center Branch 3,138.9200,35.3100,MFS24,MEDIUM_WAREHOUSE,low
LC694,Gotemba Distribution Center Branch 4,138.9200,35.3100,MFS24,MEDIUM_WAREHOUSE,low
LC695,Gotemba Distribution Center Branch 5,138.9200,35.3100,MFS24,MEDIUM_WAREHOUSE,low
LC696,Gotemba Distribution Center Branch 6,138.9200,35.3100,MFS24,MEDIUM_WAREHOUSE,low
LC697,Gotemba Distribution Center Branch 7,138.9200,35.3100,MFS24,MEDIUM_WAREHOUSE,low
LC698,Gotemba Distribution Center Branch 8,138.9200,35.3100,MFS24,MEDIUM_WAREHOUSE,low
LC699,Gotemba Distribution Center Branch 9,138.9200,35.3100,MFS24,MEDIUM_WAREHOUSE,low
LC700,Gotemba Distribution Center Branch 10,138.9200,35.3100,MFS24,MEDIUM_WAREHOUSE,low
LC701,Gotemba Distribution Center Branch 11,138.9200,35.3100,MFS24,MEDIUM_WAREHOUSE,low
LC702,Gotemba Distribution Center Branch 12,138.9200,35.3100,MFS24,MEDIUM_WAREHOUSE,low
LC703,Gotemba Distribution Center Branch 13,138.9200,35.3100,MFS24,MEDIUM_WAREHOUSE,low
LC704,Gotemba Distribution Center Branch 14,138.9200,35.3100,MFS24,MEDIUM_WAREHOUSE,low
LC705,Gotemba Distribution Center Branch 15,138.9200,35.3100,MFS24,MEDIUM_WAREHOUSE,low
LC706,Gotemba Distribution Center Branch 16,138.9200,35.3100,MFS24,MEDIUM_WAREHOUSE,low
LC707,Gotemba Distribution Center Branch 17,138.9200,35.3100,MFS24,MEDIUM_WAREHOUSE,low
LC708,Gotemba Distribution Center Branch 18,138.9200,35.3100,MFS24,MEDIUM_WAREHOUSE,low
LC709,Atsugi Logistics Hub Branch 1,139.3630,35.4077,MFS25,LARGE_DISTRIBUTION,medium
LC710,Atsugi Logistics Hub Branch 2,139.3604,35.4376,MFS25,LARGE_DISTRIBUTION,medium
LC711,Atsugi Logistics Hub Branch 3,139.3707,35.4442,MFS25,LARGE_DISTRIBUTION,medium
LC712,Atsugi Logistics Hub Branch 4,139.3651,35.4411,MFS25,LARGE_DISTRIBUTION,medium
LC713,Atsugi Logistics Hub Branch 5,139.3644,35.4250,MFS25,LARGE_DISTRIBUTION,medium
LC714,Atsugi Logistics Hub Branch 6,139.3478,35.4289,MFS25,LARGE_DISTRIBUTION,medium
LC715,Atsugi Logistics Hub Branch 7,139.3399,35.4503,MFS25,LARGE_DISTRIBUTION,medium
LC716,Atsugi Logistics Hub Branch 8,139.3762,35.4480,MFS25,LARGE_DISTRIBUTION,medium
LC717,Atsugi Logistics Hub Branch 9,139.3534,35.4545,MFS25,LARGE_DISTRIBUTION,medium
LC718,Atsugi Logistics Hub Branch 10,139.3679,35.4627,MFS25,LARGE_DISTRIBUTION,medium
LC719,Atsugi Logistics Hub Branch 11,139.3411,35.4215,MFS25,LARGE_DISTRIBUTION,medium
LC720,Atsugi Logistics Hub Branch 12,139.3577,35.4356,MFS25,LARGE_DISTRIBUTION,medium
LC721,Atsugi Logistics Hub Branch 13,139.3630,35.4363,MFS25,LARGE_DISTRIBUTION,medium
LC722,Atsugi Logistics Hub Branch 14,139.3403,35.4452,MFS25,LARGE_DISTRIBUTION,medium
LC723,Atsugi Logistics Hub Branch 15,139.3510,35.4600,MFS25,LARGE_DISTRIBUTION,medium
LC724,Atsugi Logistics Hub Branch 16,139.3596,35.4334,MFS25,LARGE_DISTRIBUTION,medium
LC725,Atsugi Logistics Hub Branch 17,139.3539,35.4204,MFS25,LARGE_DISTRIBUTION,medium
LC726,Atsugi Logistics Hub Branch 18,139.3341,35.4367,MFS25,LARGE_DISTRIBUTION,medium
LC727,Ebina Distribution Center Branch 1,139.4083,35.4663,MFS26,MEDIUM_WAREHOUSE,medium
LC728,Ebina Distribution Center Branch 2,139.4118,35.4580,MFS26,MEDIUM_WAREHOUSE,medium
LC729,Ebina Distribution Center Branch 3,139.4056,35.4603,MFS26,MEDIUM_WAREHOUSE,medium
LC730,Ebina Distribution Center Branch 4,139.4104,35.4744,MFS26,MEDIUM_WAREHOUSE,medium
LC731,Ebina Distribution Center Branch 5,139.3900,35.4500,MFS26,MEDIUM_WAREHOUSE,medium
LC732,Ebina Distribution Center Branch 6,139.3959,35.4660,MFS26,MEDIUM_WAREHOUSE,medium
LC733,Ebina Distribution Center Branch 7,139.4008,35.4764,MFS26,MEDIUM_WAREHOUSE,medium
LC734,Ebina Distribution Center Branch 8,139.4137,35.4496,MFS26,MEDIUM_WAREHOUSE,medium
LC735,Ebina Distribution Center Branch 9,139.4182,35.4662,MFS26,MEDIUM_WAREHOUSE,medium
LC736,Ebina Distribution Center Branch 10,139.3900,35.4500,MFS26,MEDIUM_WAREHOUSE,medium
LC737,Ebina Distribution Center Branch 11,139.3986,35.4626,MFS26,MEDIUM_WAREHOUSE,medium
LC738,Ebina Distribution Center Branch 12,139.3995,35.4553,MFS26,MEDIUM_WAREHOUSE,medium
LC739,Ebina Distribution Center Branch 13,139.4090,35.4678,MFS26,MEDIUM_WAREHOUSE,medium
LC740,Ebina Distribution Center Branch 14,139.4125,35.4705,MFS26,MEDIUM_WAREHOUSE,medium
LC741,Ebina Distribution Center Branch 15,139.4061,35.4538,MFS26,MEDIUM_WAREHOUSE,medium
LC742,Ebina Distribution Center Branch 16,139.3997,35.4648,MFS26,MEDIUM_WAREHOUSE,medium
LC743,Ebina Distribution Center Branch 17,139.4124,35.4536,MFS26,MEDIUM_WAREHOUSE,medium
LC744,Ebina Distribution Center Branch 18,139.3997,35.4758,MFS26,MEDIUM_WAREHOUSE,medium
LC745,Yamato Freight Terminal Branch 1,139.4391,35.4770,MFS26,MEDIUM_WAREHOUSE,low
LC746,Yamato Freight Terminal Branch 2,139.4686,35.4580,MFS26,MEDIUM_WAREHOUSE,low
LC747,Yamato Freight Terminal Branch 3,139.4861,35.4785,MFS26,MEDIUM_WAREHOUSE,low
LC748,Yamato Freight Terminal Branch 4,139.4481,35.4927,MFS26,MEDIUM_WAREHOUSE,low
LC749,Yamato Freight Terminal Branch 5,139.4270,35.4828,MFS26,MEDIUM_WAREHOUSE,low
LC750,Yamato Freight Terminal Branch 6,139.4451,35.4798,MFS26,MEDIUM_WAREHOUSE,low
LC751,Yamato Freight Terminal Branch 7,139.4656,35.4903,MFS26,MEDIUM_WAREHOUSE,low
LC752,Yamato Freight Terminal Branch 8,139.4662,35.5072,MFS26,MEDIUM_WAREHOUSE,low
LC753,Yamato Freight Terminal Branch 9,139.4609,35.4755,MFS26,MEDIUM_WAREHOUSE,low
LC754,Yamato Freight Terminal Branch 10,139.4784,35.4791,MFS26,MEDIUM_WAREHOUSE,low
LC755,Yamato Freight Terminal Branch 11,139.4668,35.4790,MFS26,MEDIUM_WAREHOUSE,low
LC756,Yamato Freight Terminal Branch 12,139.4535,35.4714,MFS26,MEDIUM_WAREHOUSE,low
LC757,Yamato Freight Terminal Branch 13,139.4735,35.4534,MFS26,MEDIUM_WAREHOUSE,low
LC758,Yamato Freight Terminal Branch 14,139.4655,35.5048,MFS26,MEDIUM_WAREHOUSE,low
LC759,Yamato Freight Terminal Branch 15,139.4641,35.4683,MFS26,MEDIUM_WAREHOUSE,low
LC760,Yamato Freight Terminal Branch 16,139.4754,35.4586,MFS26,MEDIUM_WAREHOUSE,low
LC761,Yamato Freight Terminal Branch 17,139.4690,35.4956,MFS26,MEDIUM_WAREHOUSE,low
LC762,Yamato Freight Terminal Branch 18,139.4680,35.4611,MFS26,MEDIUM_WAREHOUSE,low
LC763,Saitama Shintoshin Hub Branch 1,139.6316,35.8891,MFS27,LOGISTICS_HUB,high
LC764,Saitama Shintoshin Hub Branch 2,139.6241,35.8739,MFS27,LOGISTICS_HUB,high
LC765,Saitama Shintoshin Hub Branch 3,139.6205,35.8865,MFS27,LOGISTICS_HUB,high
LC766,Saitama Shintoshin Hub Branch 4,139.6390,35.9092,MFS27,LOGISTICS_HUB,high
LC767,Saitama Shintoshin Hub Branch 5,139.6369,35.8845,MFS27,LOGISTICS_HUB,high
LC768,Saitama Shintoshin Hub Branch 6,139.6266,35.8975,MFS27,LOGISTICS_HUB,high
LC769,Saitama Shintoshin Hub Branch 7,139.6349,35.8927,MFS27,LOGISTICS_HUB,high
LC770,Saitama Shintoshin Hub Branch 8,139.6319,35.8983,MFS27,LOGISTICS_HUB,high
LC771,Saitama Shintoshin Hub Branch 9,139.6479,35.8901,MFS27,LOGISTICS_HUB,high
LC772,Saitama Shintoshin Hub Branch 10,139.6313,35.8935,MFS27,LOGISTICS_HUB,high
LC773,Kawaguchi Distribution Branch 1,139.7263,35.8147,MFS28,LARGE_DISTRIBUTION,medium
LC774,Kawaguchi Distribution Branch 2,139.7339,35.8249,MFS28,LARGE_DISTRIBUTION,medium
LC775,Kawaguchi Distribution Branch 3,139.7405,35.8313,MFS28,LARGE_DISTRIBUTION,medium
LC776,Kawaguchi Distribution Branch 4,139.7420,35.8240,MFS28,LARGE_DISTRIBUTION,medium
LC777,Kawaguchi Distribution Branch 5,139.7390,35.8186,MFS28,LARGE_DISTRIBUTION,medium
LC778,Kawaguchi Distribution Branch 6,139.7375,35.8283,MFS28,LARGE_DISTRIBUTION,medium
LC779,Kawaguchi Distribution Branch 7,139.7375,35.8275,MFS28,LARGE_DISTRIBUTION,medium
LC780,Kawaguchi Distribution Branch 8,139.7355,35.8335,MFS28,LARGE_DISTRIBUTION,medium
LC781,Kawaguchi Distribution Branch 9,139.7331,35.8331,MFS28,LARGE_DISTRIBUTION,medium
LC782,Kawaguchi Distribution Branch 10,139.7434,35.8261,MFS28,LARGE_DISTRIBUTION,medium
LC783,Toda Logistics Center Branch 1,139.6912,35.8075,MFS28,MEDIUM_WAREHOUSE,medium
LC784,Toda Logistics Center Branch 2,139.6897,35.8263,MFS28,MEDIUM_WAREHOUSE,medium
LC785,Toda Logistics Center Branch 3,139.6736,35.7950,MFS28,MEDIUM_WAREHOUSE,medium
LC786,Toda Logistics Center Branch 4,139.6813,35.8052,MFS28,MEDIUM_WAREHOUSE,medium
LC787,Toda Logistics Center Branch 5,139.6758,35.8077,MFS28,MEDIUM_WAREHOUSE,medium
LC788,Toda Logistics Center Branch 6,139.6757,35.8200,MFS28,MEDIUM_WAREHOUSE,medium
LC789,Toda Logistics Center Branch 7,139.6890,35.8181,MFS28,MEDIUM_WAREHOUSE,medium
LC790,Toda Logistics Center Branch 8,139.6985,35.8046,MFS28,MEDIUM_WAREHOUSE,medium
LC791,Toda Logistics Center Branch 9,139.6600,35.8241,MFS28,MEDIUM_WAREHOUSE,medium
LC792,Toda Logistics Center Branch 10,139.6820,35.8096,MFS28,MEDIUM_WAREHOUSE,medium
LC793,Tokorozawa Warehouse Branch 1,139.5855,35.7990,MFS29,MEDIUM_WAREHOUSE,medium
LC794,Tokorozawa Warehouse Branch 2,139.5884,35.8089,MFS29,MEDIUM_WAREHOUSE,medium
LC795,Tokorozawa Warehouse Branch 3,139.5817,35.8197,MFS29,MEDIUM_WAREHOUSE,medium
LC796,Tokorozawa Warehouse Branch 4,139.5882,35.8126,MFS29,MEDIUM_WAREHOUSE,medium
LC797,Tokorozawa Warehouse Branch 5,139.5907,35.8058,MFS29,MEDIUM_WAREHOUSE,medium
LC798,Tokorozawa Warehouse Branch 6,139.5741,35.8018,MFS29,MEDIUM_WAREHOUSE,medium
LC799,Tokorozawa Warehouse Branch 7,139.5800,35.8026,MFS29,MEDIUM_WAREHOUSE,medium
LC800,Tokorozawa Warehouse Branch 8,139.5798,35.8033,MFS29,MEDIUM_WAREHOUSE,medium
LC801,Tokorozawa Warehouse Branch 9,139.5879,35.8001,MFS29,MEDIUM_WAREHOUSE,medium
LC802,Tokorozawa Warehouse Branch 10,139.5777,35.7818,MFS29,MEDIUM_WAREHOUSE,medium
LC803,Kawagoe Distribution Center Branch 1,139.4827,35.9360,MFS29,LARGE_DISTRIBUTION,medium
LC804,Kawagoe Distribution Center Branch 2,139.4976,35.9224,MFS29,LARGE_DISTRIBUTION,medium
LC805,Kawagoe Distribution Center Branch 3,139.4882,35.9262,MFS29,LARGE_DISTRIBUTION,medium
LC806,Kawagoe Distribution Center Branch 4,139.4889,35.9213,MFS29,LARGE_DISTRIBUTION,medium
LC807,Kawagoe Distribution Center Branch 5,139.4928,35.9282,MFS29,LARGE_DISTRIBUTION,medium
LC808,Kawagoe Distribution Center Branch 6,139.4808,35.9247,MFS29,LARGE_DISTRIBUTION,medium
LC809,Kawagoe Distribution Center Branch 7,139.4880,35.9302,MFS29,LARGE_DISTRIBUTION,medium
LC810,Kawagoe Distribution Center Branch 8,139.4945,35.9285,MFS29,LARGE_DISTRIBUTION,medium
LC811,Kawagoe Distribution Center Branch 9,139.4936,35.9274,MFS29,LARGE_DISTRIBUTION,medium
LC812,Kawagoe Distribution Center Branch 10,139.4877,35.9189,MFS29,LARGE_DISTRIBUTION,medium
LC813,Koshigaya Logistics Hub Branch 1,139.7994,35.8956,MFS30,LARGE_DISTRIBUTION,medium
LC814,Koshigaya Logistics Hub Branch 2,139.8002,35.8922,MFS30,LARGE_DISTRIBUTION,medium
LC815,Koshigaya Logistics Hub Branch 3,139.7862,35.8842,MFS30,LARGE_DISTRIBUTION,medium
LC816,Koshigaya Logistics Hub Branch 4,139.8043,35.8954,MFS30,LARGE_DISTRIBUTION,medium
LC817,Koshigaya Logistics Hub Branch 5,139.7940,35.8926,MFS30,LARGE_DISTRIBUTION,medium
LC818,Koshigaya Logistics Hub Branch 6,139.7943,35.8820,MFS30,LARGE_DISTRIBUTION,medium
LC819,Koshigaya Logistics Hub Branch 7,139.8006,35.8915,MFS30,LARGE_DISTRIBUTION,medium
LC820,Koshigaya Logistics Hub Branch 8,139.8032,35.8951,MFS30,LARGE_DISTRIBUTION,medium
LC821,Koshigaya Logistics Hub Branch 9,139.7971,35.8965,MFS30,LARGE_DISTRIBUTION,medium
LC822,Koshigaya Logistics Hub Branch 10,139.7883,35.8907,MFS30,LARGE_DISTRIBUTION,medium
LC823,Kasukabe Distribution Branch 1,139.7584,35.9847,MFS30,MEDIUM_WAREHOUSE,low
LC824,Kasukabe Distribution Branch 2,139.7566,35.9933,MFS30,MEDIUM_WAREHOUSE,low
LC825,Kasukabe Distribution Branch 3,139.7441,35.9855,MFS30,MEDIUM_WAREHOUSE,low
LC826,Kasukabe Distribution Branch 4,139.7493,35.9878,MFS30,MEDIUM_WAREHOUSE,low
LC827,Kasukabe Distribution Branch 5,139.7624,35.9844,MFS30,MEDIUM_WAREHOUSE,low
LC828,Kasukabe Distribution Branch 6,139.7483,35.9774,MFS30,MEDIUM_WAREHOUSE,low
LC829,Kasukabe Distribution Branch 7,139.7444,35.9872,MFS30,MEDIUM_WAREHOUSE,low
LC830,Kasukabe Distribution Branch 8,139.7605,35.9783,MFS30,MEDIUM_WAREHOUSE,low
LC831,Kasukabe Distribution Branch 9,139.7355,35.9756,MFS30,MEDIUM_WAREHOUSE,low
LC832,Kasukabe Distribution Branch 10,139.7535,35.9734,MFS30,MEDIUM_WAREHOUSE,low
LC833,Tokorozawa West Depot Branch 1,139.4700,35.8200,MFS31,MEDIUM_WAREHOUSE,low
LC834,Tokorozawa West Depot Branch 2,139.4700,35.8200,MFS31,MEDIUM_WAREHOUSE,low
LC835,Tokorozawa West Depot Branch 3,139.4700,35.8200,MFS31,MEDIUM_WAREHOUSE,low
LC836,Tokorozawa West Depot Branch 4,139.4700,35.8200,MFS31,MEDIUM_WAREHOUSE,low
LC837,Tokorozawa West Depot Branch 5,139.4700,35.8200,MFS31,MEDIUM_WAREHOUSE,low
LC838,Tokorozawa West Depot Branch 6,139.4700,35.8200,MFS31,MEDIUM_WAREHOUSE,low
LC839,Tokorozawa West Depot Branch 7,139.4700,35.8200,MFS31,MEDIUM_WAREHOUSE,low
LC840,Tokorozawa West Depot Branch 8,139.4700,35.8200,MFS31,MEDIUM_WAREHOUSE,low
LC841,Tokorozawa West Depot Branch 9,139.4700,35.8200,MFS31,MEDIUM_WAREHOUSE,low
LC842,Tokorozawa West Depot Branch 10,139.4700,35.8200,MFS31,MEDIUM_WAREHOUSE,low
LC843,Tokorozawa West Depot Branch 11,139.4700,35.8200,MFS31,MEDIUM_WAREHOUSE,low
LC844,Tokorozawa West Depot Branch 12,139.4700,35.8200,MFS31,MEDIUM_WAREHOUSE,low
LC845,Tokorozawa West Depot Branch 13,139.4700,35.8200,MFS31,MEDIUM_WAREHOUSE,low
LC846,Tokorozawa West Depot Branch 14,139.4700,35.8200,MFS31,MEDIUM_WAREHOUSE,low
LC847,Tokorozawa West Depot Branch 15,139.4700,35.8200,MFS31,MEDIUM_WAREHOUSE,low
LC848,Tokorozawa West Depot Branch 16,139.4700,35.8200,MFS31,MEDIUM_WAREHOUSE,low
LC849,Tokorozawa West Depot Branch 17,139.4700,35.8200,MFS31,MEDIUM_WAREHOUSE,low
LC850,Tokorozawa West Depot Branch 18,139.4700,35.8200,MFS31,MEDIUM_WAREHOUSE,low
LC851,Iruma Warehouse Complex Branch 1,139.3299,35.8509,MFS31,MEDIUM_WAREHOUSE,low
LC852,Iruma Warehouse Complex Branch 2,139.3462,35.8520,MFS31,MEDIUM_WAREHOUSE,low
LC853,Iruma Warehouse Complex Branch 3,139.3516,35.8376,MFS31,MEDIUM_WAREHOUSE,low
LC854,Iruma Warehouse Complex Branch 4,139.3180,35.8567,MFS31,MEDIUM_WAREHOUSE,low
LC855,Iruma Warehouse Complex Branch 5,139.3483,35.8373,MFS31,MEDIUM_WAREHOUSE,low
LC856,Iruma Warehouse Complex Branch 6,139.3227,35.8488,MFS31,MEDIUM_WAREHOUSE,low
LC857,Iruma Warehouse Complex Branch 7,139.3461,35.8516,MFS31,MEDIUM_WAREHOUSE,low
LC858,Iruma Warehouse Complex Branch 8,139.3377,35.8424,MFS31,MEDIUM_WAREHOUSE,low
LC859,Iruma Warehouse Complex Branch 9,139.3478,35.8389,MFS31,MEDIUM_WAREHOUSE,low
LC860,Iruma Warehouse Complex Branch 10,139.3361,35.8421,MFS31,MEDIUM_WAREHOUSE,low
LC861,Iruma Warehouse Complex Branch 11,139.3391,35.8513,MFS31,MEDIUM_WAREHOUSE,low
LC862,Iruma Warehouse Complex Branch 12,139.3169,35.8371,MFS31,MEDIUM_WAREHOUSE,low
LC863,Iruma Warehouse Complex Branch 13,139.3401,35.8520,MFS31,MEDIUM_WAREHOUSE,low
LC864,Iruma Warehouse Complex Branch 14,139.3450,35.8397,MFS31,MEDIUM_WAREHOUSE,low
LC865,Iruma Warehouse Complex Branch 15,139.3440,35.8362,MFS31,MEDIUM_WAREHOUSE,low
LC866,Iruma Warehouse Complex Branch 16,139.3289,35.8405,MFS31,MEDIUM_WAREHOUSE,low
LC867,Iruma Warehouse Complex Branch 17,139.3447,35.8392,MFS31,MEDIUM_WAREHOUSE,low
LC868,Iruma Warehouse Complex Branch 18,139.3310,35.8455,MFS31,MEDIUM_WAREHOUSE,low
LC869,Kumagaya Logistics Center Branch 1,139.3739,35.9660,MFS32,LARGE_DISTRIBUTION,medium
LC870,Kumagaya Logistics Center Branch 2,139.3720,35.9682,MFS32,LARGE_DISTRIBUTION,medium
LC871,Kumagaya Logistics Center Branch 3,139.3929,35.9621,MFS32,LARGE_DISTRIBUTION,medium
LC872,Kumagaya Logistics Center Branch 4,139.3782,35.9603,MFS32,LARGE_DISTRIBUTION,medium
LC873,Kumagaya Logistics Center Branch 5,139.4124,35.9681,MFS32,LARGE_DISTRIBUTION,medium
LC874,Kumagaya Logistics Center Branch 6,139.3997,35.9599,MFS32,LARGE_DISTRIBUTION,medium
LC875,Kumagaya Logistics Center Branch 7,139.4172,35.9696,MFS32,LARGE_DISTRIBUTION,medium
LC876,Kumagaya Logistics Center Branch 8,139.3906,35.9524,MFS32,LARGE_DISTRIBUTION,medium
LC877,Kumagaya Logistics Center Branch 9,139.3898,35.9595,MFS32,LARGE_DISTRIBUTION,medium
LC878,Kumagaya Logistics Center Branch 10,139.3967,35.9633,MFS32,LARGE_DISTRIBUTION,medium
LC879,Kumagaya Logistics Center Branch 11,139.4028,35.9742,MFS32,LARGE_DISTRIBUTION,medium
LC880,Kumagaya Logistics Center Branch 12,139.3806,35.9533,MFS32,LARGE_DISTRIBUTION,medium
LC881,Kumagaya Logistics Center Branch 13,139.3784,35.9632,MFS32,LARGE_DISTRIBUTION,medium
LC882,Kumagaya Logistics Center Branch 14,139.3984,35.9537,MFS32,LARGE_DISTRIBUTION,medium
LC883,Kumagaya Logistics Center Branch 15,139.4006,35.9508,MFS32,LARGE_DISTRIBUTION,medium
LC884,Kumagaya Logistics Center Branch 16,139.4122,35.9576,MFS32,LARGE_DISTRIBUTION,medium
LC885,Kumagaya Logistics Center Branch 17,139.4086,35.9622,MFS32,LARGE_DISTRIBUTION,medium
LC886,Kumagaya Logistics Center Branch 18,139.4151,35.9760,MFS32,LARGE_DISTRIBUTION,medium
LC887,Fukaya Distribution Hub Branch 1,139.2800,36.1900,MFS32,MEDIUM_WAREHOUSE,low
LC888,Fukaya Distribution Hub Branch 2,139.2800,36.1900,MFS32,MEDIUM_WAREHOUSE,low
LC889,Fukaya Distribution Hub Branch 3,139.2800,36.1900,MFS32,MEDIUM_WAREHOUSE,low
LC890,Fukaya Distribution Hub Branch 4,139.2800,36.1900,MFS32,MEDIUM_WAREHOUSE,low
LC891,Fukaya Distribution Hub Branch 5,139.2800,36.1900,MFS32,MEDIUM_WAREHOUSE,low
LC892,Fukaya Distribution Hub Branch 6,139.2800,36.1900,MFS32,MEDIUM_WAREHOUSE,low
LC893,Fukaya Distribution Hub Branch 7,139.2800,36.1900,MFS32,MEDIUM_WAREHOUSE,low
LC894,Fukaya Distribution Hub Branch 8,139.2800,36.1900,MFS32,MEDIUM_WAREHOUSE,low
LC895,Fukaya Distribution Hub Branch 9,139.2800,36.1900,MFS32,MEDIUM_WAREHOUSE,low
LC896,Fukaya Distribution Hub Branch 10,139.2800,36.1900,MFS32,MEDIUM_WAREHOUSE,low
LC897,Fukaya Distribution Hub Branch 11,139.2800,36.1900,MFS32,MEDIUM_WAREHOUSE,low
LC898,Fukaya Distribution Hub Branch 12,139.2800,36.1900,MFS32,MEDIUM_WAREHOUSE,low
LC899,Fukaya Distribution Hub Branch 13,139.2800,36.1900,MFS32,MEDIUM_WAREHOUSE,low
LC900,Fukaya Distribution Hub Branch 14,139.2800,36.1900,MFS32,MEDIUM_WAREHOUSE,low
LC901,Fukaya Distribution Hub Branch 15,139.2800,36.1900,MFS32,MEDIUM_WAREHOUSE,low
LC902,Fukaya Distribution Hub Branch 16,139.2800,36.1900,MFS32,MEDIUM_WAREHOUSE,low
LC903,Fukaya Distribution Hub Branch 17,139.2800,36.1900,MFS32,MEDIUM_WAREHOUSE,low
LC904,Fukaya Distribution Hub Branch 18,139.2800,36.1900,MFS32,MEDIUM_WAREHOUSE,low
LC905,Kazo Freight Terminal Branch 1,139.6119,36.0232,MFS33,MEDIUM_WAREHOUSE,low
LC906,Kazo Freight Terminal Branch 2,139.5720,36.0267,MFS33,MEDIUM_WAREHOUSE,low
LC907,Kazo Freight Terminal Branch 3,139.5837,36.0096,MFS33,MEDIUM_WAREHOUSE,low
LC908,Kazo Freight Terminal Branch 4,139.5855,36.0287,MFS33,MEDIUM_WAREHOUSE,low
LC909,Kazo Freight Terminal Branch 5,139.5829,36.0312,MFS33,MEDIUM_WAREHOUSE,low
LC910,Kazo Freight Terminal Branch 6,139.6023,36.0382,MFS33,MEDIUM_WAREHOUSE,low
LC911,Kazo Freight Terminal Branch 7,139.6080,36.0364,MFS33,MEDIUM_WAREHOUSE,low
LC912,Kazo Freight Terminal Branch 8,139.5830,36.0317,MFS33,MEDIUM_WAREHOUSE,low
LC913,Kazo Freight Terminal Branch 9,139.6022,36.0375,MFS33,MEDIUM_WAREHOUSE,low
LC914,Kazo Freight Terminal Branch 10,139.5843,36.0202,MFS33,MEDIUM_WAREHOUSE,low
LC915,Kazo Freight Terminal Branch 11,139.6141,36.0373,MFS33,MEDIUM_WAREHOUSE,low
LC916,Kazo Freight Terminal Branch 12,139.6301,36.0288,MFS33,MEDIUM_WAREHOUSE,low
LC917,Kazo Freight Terminal Branch 13,139.5785,36.0163,MFS33,MEDIUM_WAREHOUSE,low
LC918,Kazo Freight Terminal Branch 14,139.5978,36.0182,MFS33,MEDIUM_WAREHOUSE,low
LC919,Kazo Freight Terminal Branch 15,139.5808,36.0350,MFS33,MEDIUM_WAREHOUSE,low
LC920,Kazo Freight Terminal Branch 16,139.6037,36.0149,MFS33,MEDIUM_WAREHOUSE,low
LC921,Kazo Freight Terminal Branch 17,139.6150,36.0054,MFS33,MEDIUM_WAREHOUSE,low
LC922,Kazo Freight Terminal Branch 18,139.6034,36.0113,MFS33,MEDIUM_WAREHOUSE,low
LC923,Kuki Logistics Depot Branch 1,139.6700,36.0700,MFS33,MEDIUM_WAREHOUSE,low
LC924,Kuki Logistics Depot Branch 2,139.6700,36.0700,MFS33,MEDIUM_WAREHOUSE,low
LC925,Kuki Logistics Depot Branch 3,139.6700,36.0700,MFS33,MEDIUM_WAREHOUSE,low
LC926,Kuki Logistics Depot Branch 4,139.6700,36.0700,MFS33,MEDIUM_WAREHOUSE,low
LC927,Kuki Logistics Depot Branch 5,139.6700,36.0700,MFS33,MEDIUM_WAREHOUSE,low
LC928,Kuki Logistics Depot Branch 6,139.6700,36.0700,MFS33,MEDIUM_WAREHOUSE,low
LC929,Kuki Logistics Depot Branch 7,139.6700,36.0700,MFS33,MEDIUM_WAREHOUSE,low
LC930,Kuki Logistics Depot Branch 8,139.6700,36.0700,MFS33,MEDIUM_WAREHOUSE,low
LC931,Kuki Logistics Depot Branch 9,139.6700,36.0700,MFS33,MEDIUM_WAREHOUSE,low
LC932,Kuki Logistics Depot Branch 10,139.6700,36.0700,MFS33,MEDIUM_WAREHOUSE,low
LC933,Kuki Logistics Depot Branch 11,139.6700,36.0700,MFS33,MEDIUM_WAREHOUSE,low
LC934,Kuki Logistics Depot Branch 12,139.6700,36.0700,MFS33,MEDIUM_WAREHOUSE,low
LC935,Kuki Logistics Depot Branch 13,139.6700,36.0700,MFS33,MEDIUM_WAREHOUSE,low
LC936,Kuki Logistics Depot Branch 14,139.6700,36.0700,MFS33,MEDIUM_WAREHOUSE,low
LC937,Kuki Logistics Depot Branch 15,139.6700,36.0700,MFS33,MEDIUM_WAREHOUSE,low
LC938,Kuki Logistics Depot Branch 16,139.6700,36.0700,MFS33,MEDIUM_WAREHOUSE,low
LC939,Kuki Logistics Depot Branch 17,139.6700,36.0700,MFS33,MEDIUM_WAREHOUSE,low
LC940,Kuki Logistics Depot Branch 18,139.6700,36.0700,MFS33,MEDIUM_WAREHOUSE,low
LC941,Honjo Distribution Center Branch 1,139.1900,36.2400,MFS34,MEDIUM_WAREHOUSE,low
LC942,Honjo Distribution Center Branch 2,139.1900,36.2400,MFS34,MEDIUM_WAREHOUSE,low
LC943,Honjo Distribution Center Branch 3,139.1900,36.2400,MFS34,MEDIUM_WAREHOUSE,low
LC944,Honjo Distribution Center Branch 4,139.1900,36.2400,MFS34,MEDIUM_WAREHOUSE,low
LC945,Honjo Distribution Center Branch 5,139.1900,36.2400,MFS34,MEDIUM_WAREHOUSE,low
LC946,Honjo Distribution Center Branch 6,139.1900,36.2400,MFS34,MEDIUM_WAREHOUSE,low
LC947,Honjo Distribution Center Branch 7,139.1900,36.2400,MFS34,MEDIUM_WAREHOUSE,low
LC948,Honjo Distribution Center Branch 8,139.1900,36.2400,MFS34,MEDIUM_WAREHOUSE,low
LC949,Honjo Distribution Center Branch 9,139.1900,36.2400,MFS34,MEDIUM_WAREHOUSE,low
LC950,Honjo Distribution Center Branch 10,139.1900,36.2400,MFS34,MEDIUM_WAREHOUSE,low
LC951,Honjo Distribution Center Branch 11,139.1900,36.2400,MFS34,MEDIUM_WAREHOUSE,low
LC952,Honjo Distribution Center Branch 12,139.1900,36.2400,MFS34,MEDIUM_WAREHOUSE,low
LC953,Honjo Distribution Center Branch 13,139.1900,36.2400,MFS34,MEDIUM_WAREHOUSE,low
LC954,Honjo Distribution Center Branch 14,139.1900,36.2400,MFS34,MEDIUM_WAREHOUSE,low
LC955,Honjo Distribution Center Branch 15,139.1900,36.2400,MFS34,MEDIUM_WAREHOUSE,low
LC956,Honjo Distribution Center Branch 16,139.1900,36.2400,MFS34,MEDIUM_WAREHOUSE,low
LC957,Honjo Distribution Center Branch 17,139.1900,36.2400,MFS34,MEDIUM_WAREHOUSE,low
LC958,Honjo Distribution Center Branch 18,139.1900,36.2400,MFS34,MEDIUM_WAREHOUSE,low
LC959,Gyoda Warehouse Branch 1,139.4500,36.1400,MFS34,MEDIUM_WAREHOUSE,low
LC960,Gyoda Warehouse Branch 2,139.4500,36.1400,MFS34,MEDIUM_WAREHOUSE,low
LC961,Gyoda Warehouse Branch 3,139.4500,36.1400,MFS34,MEDIUM_WAREHOUSE,low
LC962,Gyoda Warehouse Branch 4,139.4500,36.1400,MFS34,MEDIUM_WAREHOUSE,low
LC963,Gyoda Warehouse Branch 5,139.4500,36.1400,MFS34,MEDIUM_WAREHOUSE,low
LC964,Gyoda Warehouse Branch 6,139.4500,36.1400,MFS34,MEDIUM_WAREHOUSE,low
LC965,Gyoda Warehouse Branch 7,139.4500,36.1400,MFS34,MEDIUM_WAREHOUSE,low
LC966,Gyoda Warehouse Branch 8,139.4500,36.1400,MFS34,MEDIUM_WAREHOUSE,low
LC967,Gyoda Warehouse Branch 9,139.4500,36.1400,MFS34,MEDIUM_WAREHOUSE,low
LC968,Gyoda Warehouse Branch 10,139.4500,36.1400,MFS34,MEDIUM_WAREHOUSE,low
LC969,Gyoda Warehouse Branch 11,139.4500,36.1400,MFS34,MEDIUM_WAREHOUSE,low
LC970,Gyoda Warehouse Branch 12,139.4500,36.1400,MFS34,MEDIUM_WAREHOUSE,low
LC971,Gyoda Warehouse Branch 13,139.4500,36.1400,MFS34,MEDIUM_WAREHOUSE,low
LC972,Gyoda Warehouse Branch 14,139.4500,36.1400,MFS34,MEDIUM_WAREHOUSE,low
LC973,Gyoda Warehouse Branch 15,139.4500,36.1400,MFS34,MEDIUM_WAREHOUSE,low
LC974,Gyoda Warehouse Branch 16,139.4500,36.1400,MFS34,MEDIUM_WAREHOUSE,low
LC975,Gyoda Warehouse Branch 17,139.4500,36.1400,MFS34,MEDIUM_WAREHOUSE,low
LC976,Gyoda Warehouse Branch 18,139.4500,36.1400,MFS34,MEDIUM_WAREHOUSE,low
LC977,Chichibu Regional Depot Branch 1,139.1115,36.0345,MFS37,MEDIUM_WAREHOUSE,low
LC978,Chichibu Regional Depot Branch 2,139.0741,35.9896,MFS37,MEDIUM_WAREHOUSE,low
LC979,Chichibu Regional Depot Branch 3,139.0756,35.9762,MFS37,MEDIUM_WAREHOUSE,low
LC980,Chichibu Regional Depot Branch 4,139.0731,35.9742,MFS37,MEDIUM_WAREHOUSE,low
LC981,Chichibu Regional Depot Branch 5,139.0671,35.9730,MFS37,MEDIUM_WAREHOUSE,low
LC982,Chichibu Regional Depot Branch 6,139.0971,35.9880,MFS37,MEDIUM_WAREHOUSE,low
LC983,Chichibu Regional Depot Branch 7,139.0871,36.0164,MFS37,MEDIUM_WAREHOUSE,low
LC984,Chichibu Regional Depot Branch 8,139.0794,36.0038,MFS37,MEDIUM_WAREHOUSE,low
LC985,Chichibu Regional Depot Branch 9,139.0742,36.0109,MFS37,MEDIUM_WAREHOUSE,low
LC986,Chichibu Regional Depot Branch 10,139.0742,35.9830,MFS37,MEDIUM_WAREHOUSE,low
LC987,Chichibu Regional Depot Branch 11,139.0803,36.0084,MFS37,MEDIUM_WAREHOUSE,low
LC988,Chichibu Regional Depot Branch 12,139.0676,36.0040,MFS37,MEDIUM_WAREHOUSE,low
LC989,Chichibu Regional Depot Branch 13,139.0865,36.0045,MFS37,MEDIUM_WAREHOUSE,low
LC990,Chichibu Regional Depot Branch 14,139.0800,36.0000,MFS37,MEDIUM_WAREHOUSE,low
LC991,Chichibu Regional Depot Branch 15,139.0643,35.9686,MFS37,MEDIUM_WAREHOUSE,low
LC992,Chichibu Regional Depot Branch 16,139.0881,36.0426,MFS37,MEDIUM_WAREHOUSE,low
LC993,Chichibu Regional Depot Branch 17,139.1003,35.9839,MFS37,MEDIUM_WAREHOUSE,low
LC994,Chichibu Regional Depot Branch 18,139.1079,36.0047,MFS37,MEDIUM_WAREHOUSE,low
LC995,Chichibu Regional Depot Branch 19,139.1004,36.0327,MFS37,MEDIUM_WAREHOUSE,low
LC996,Chichibu Regional Depot Branch 20,139.1168,36.0242,MFS37,MEDIUM_WAREHOUSE,low
LC997,Chichibu Regional Depot Branch 21,139.0832,36.0319,MFS37,MEDIUM_WAREHOUSE,low
LC998,Chichibu Regional Depot Branch 22,139.0909,36.0044,MFS37,MEDIUM_WAREHOUSE,low
LC999,Chichibu Regional Depot Branch 23,139.0742,35.9920,MFS37,MEDIUM_WAREHOUSE,low
LC1000,Chichibu Regional Depot Branch 24,139.1092,35.9823,MFS37,MEDIUM_WAREHOUSE,low
LC1001,Chiba Port Logistics Hub Branch 1,140.1045,35.6000,MFS38,LOGISTICS_HUB,high
LC1002,Chiba Port Logistics Hub Branch 2,140.1058,35.6069,MFS38,LOGISTICS_HUB,high
LC1003,Chiba Port Logistics Hub Branch 3,140.0919,35.6058,MFS38,LOGISTICS_HUB,high
LC1004,Chiba Port Logistics Hub Branch 4,140.1041,35.6099,MFS38,LOGISTICS_HUB,high
LC1005,Chiba Port Logistics Hub Branch 5,140.0958,35.6083,MFS38,LOGISTICS_HUB,high
LC1006,Chiba Port Logistics Hub Branch 6,140.1080,35.5974,MFS38,LOGISTICS_HUB,high
LC1007,Chiba Port Logistics Hub Branch 7,140.1046,35.6042,MFS38,LOGISTICS_HUB,high
LC1008,Chiba Port Logistics Hub Branch 8,140.0931,35.6064,MFS38,LOGISTICS_HUB,high
LC1009,Chiba Port Logistics Hub Branch 9,140.1118,35.6036,MFS38,LOGISTICS_HUB,high
LC1010,Chiba Port Logistics Hub Branch 10,140.1012,35.6108,MFS38,LOGISTICS_HUB,high
LC1011,Chiba Central Distribution Branch 1,140.1245,35.6238,MFS38,LARGE_DISTRIBUTION,high
LC1012,Chiba Central Distribution Branch 2,140.1242,35.6246,MFS38,LARGE_DISTRIBUTION,high
LC1013,Chiba Central Distribution Branch 3,140.1187,35.6171,MFS38,LARGE_DISTRIBUTION,high
LC1014,Chiba Central Distribution Branch 4,140.1249,35.6207,MFS38,LARGE_DISTRIBUTION,high
LC1015,Chiba Central Distribution Branch 5,140.1164,35.6305,MFS38,LARGE_DISTRIBUTION,high
LC1016,Chiba Central Distribution Branch 6,140.1325,35.6166,MFS38,LARGE_DISTRIBUTION,high
LC1017,Chiba Central Distribution Branch 7,140.1419,35.6198,MFS38,LARGE_DISTRIBUTION,high
LC1018,Chiba Central Distribution Branch 8,140.1427,35.6211,MFS38,LARGE_DISTRIBUTION,high
LC1019,Chiba Central Distribution Branch 9,140.1215,35.6206,MFS38,LARGE_DISTRIBUTION,high
LC1020,Chiba Central Distribution Branch 10,140.1334,35.6198,MFS38,LARGE_DISTRIBUTION,high
LC1021,Ichikawa Logistics Park Branch 1,139.9248,35.7144,MFS39,LARGE_DISTRIBUTION,medium
LC1022,Ichikawa Logistics Park Branch 2,139.9164,35.7233,MFS39,LARGE_DISTRIBUTION,medium
LC1023,Ichikawa Logistics Park Branch 3,139.9233,35.7155,MFS39,LARGE_DISTRIBUTION,medium
LC1024,Ichikawa Logistics Park Branch 4,139.9341,35.7275,MFS39,LARGE_DISTRIBUTION,medium
LC1025,Ichikawa Logistics Park Branch 5,139.9217,35.7176,MFS39,LARGE_DISTRIBUTION,medium
LC1026,Ichikawa Logistics Park Branch 6,139.9268,35.7235,MFS39,LARGE_DISTRIBUTION,medium
LC1027,Ichikawa Logistics Park Branch 7,139.9217,35.7144,MFS39,LARGE_DISTRIBUTION,medium
LC1028,Ichikawa Logistics Park Branch 8,139.9334,35.7158,MFS39,LARGE_DISTRIBUTION,medium
LC1029,Ichikawa Logistics Park Branch 9,139.9218,35.7199,MFS39,LARGE_DISTRIBUTION,medium
LC1030,Ichikawa Logistics Park Branch 10,139.9227,35.7181,MFS39,LARGE_DISTRIBUTION,medium
LC1031,Matsudo Distribution Center Branch 1,139.9103,35.7888,MFS40,MEDIUM_WAREHOUSE,medium
LC1032,Matsudo Distribution Center Branch 2,139.8989,35.7867,MFS40,MEDIUM_WAREHOUSE,medium
LC1033,Matsudo Distribution Center Branch 3,139.9081,35.7988,MFS40,MEDIUM_WAREHOUSE,medium
LC1034,Matsudo Distribution Center Branch 4,139.9228,35.7879,MFS40,MEDIUM_WAREHOUSE,medium
LC1035,Matsudo Distribution Center Branch 5,139.9016,35.7823,MFS40,MEDIUM_WAREHOUSE,medium
LC1036,Matsudo Distribution Center Branch 6,139.9148,35.7969,MFS40,MEDIUM_WAREHOUSE,medium
LC1037,Matsudo Distribution Center Branch 7,139.9077,35.7942,MFS40,MEDIUM_WAREHOUSE,medium
LC1038,Matsudo Distribution Center Branch 8,139.8989,35.7723,MFS40,MEDIUM_WAREHOUSE,medium
LC1039,Matsudo Distribution Center Branch 9,139.9100,35.7946,MFS40,MEDIUM_WAREHOUSE,medium
LC1040,Matsudo Distribution Center Branch 10,139.9021,35.7842,MFS40,MEDIUM_WAREHOUSE,medium
LC1041,Kashiwa Freight Hub Branch 1,139.9869,35.8621,MFS41,LARGE_DISTRIBUTION,medium
LC1042,Kashiwa Freight Hub Branch 2,139.9816,35.8523,MFS41,LARGE_DISTRIBUTION,medium
LC1043,Kashiwa Freight Hub Branch 3,139.9710,35.8594,MFS41,LARGE_DISTRIBUTION,medium
LC1044,Kashiwa Freight Hub Branch 4,139.9792,35.8528,MFS41,LARGE_DISTRIBUTION,medium
LC1045,Kashiwa Freight Hub Branch 5,139.9939,35.8569,MFS41,LARGE_DISTRIBUTION,medium
LC1046,Kashiwa Freight Hub Branch 6,139.9795,35.8618,MFS41,LARGE_DISTRIBUTION,medium
LC1047,Kashiwa Freight Hub Branch 7,139.9785,35.8511,MFS41,LARGE_DISTRIBUTION,medium
LC1048,Kashiwa Freight Hub Branch 8,139.9884,35.8630,MFS41,LARGE_DISTRIBUTION,medium
LC1049,Kashiwa Freight Hub Branch 9,139.9813,35.8620,MFS41,LARGE_DISTRIBUTION,medium
LC1050,Kashiwa Freight Hub Branch 10,139.9945,35.8592,MFS41,LARGE_DISTRIBUTION,medium
LC1051,Nagareyama Logistics Branch 1,139.9082,35.8641,MFS41,MEDIUM_WAREHOUSE,medium
LC1052,Nagareyama Logistics Branch 2,139.9038,35.8555,MFS41,MEDIUM_WAREHOUSE,medium
LC1053,Nagareyama Logistics Branch 3,139.9044,35.8642,MFS41,MEDIUM_WAREHOUSE,medium
LC1054,Nagareyama Logistics Branch 4,139.9008,35.8591,MFS41,MEDIUM_WAREHOUSE,medium
LC1055,Nagareyama Logistics Branch 5,139.9038,35.8628,MFS41,MEDIUM_WAREHOUSE,medium
LC1056,Nagareyama Logistics Branch 6,139.8857,35.8612,MFS41,MEDIUM_WAREHOUSE,medium
LC1057,Nagareyama Logistics Branch 7,139.9047,35.8551,MFS41,MEDIUM_WAREHOUSE,medium
LC1058,Nagareyama Logistics Branch 8,139.9039,35.8620,MFS41,MEDIUM_WAREHOUSE,medium
LC1059,Nagareyama Logistics Branch 9,139.9042,35.8584,MFS41,MEDIUM_WAREHOUSE,medium
LC1060,Nagareyama Logistics Branch 10,139.8746,35.8606,MFS41,MEDIUM_WAREHOUSE,medium
LC1061,Narashino Warehouse Zone Branch 1,140.0100,35.6700,MFS42,MEDIUM_WAREHOUSE,medium
LC1062,Narashino Warehouse Zone Branch 2,140.0100,35.6700,MFS42,MEDIUM_WAREHOUSE,medium
LC1063,Narashino Warehouse Zone Branch 3,140.0100,35.6700,MFS42,MEDIUM_WAREHOUSE,medium
LC1064,Narashino Warehouse Zone Branch 4,140.0100,35.6700,MFS42,MEDIUM_WAREHOUSE,medium
LC1065,Narashino Warehouse Zone Branch 5,140.0100,35.6700,MFS42,MEDIUM_WAREHOUSE,medium
LC1066,Narashino Warehouse Zone Branch 6,140.0100,35.6700,MFS42,MEDIUM_WAREHOUSE,medium
LC1067,Narashino Warehouse Zone Branch 7,140.0100,35.6700,MFS42,MEDIUM_WAREHOUSE,medium
LC1068,Narashino Warehouse Zone Branch 8,140.0100,35.6700,MFS42,MEDIUM_WAREHOUSE,medium
LC1069,Narashino Warehouse Zone Branch 9,140.0100,35.6700,MFS42,MEDIUM_WAREHOUSE,medium
LC1070,Narashino Warehouse Zone Branch 10,140.0100,35.6700,MFS42,MEDIUM_WAREHOUSE,medium
LC1071,Narashino Warehouse Zone Branch 11,140.0100,35.6700,MFS42,MEDIUM_WAREHOUSE,medium
LC1072,Narashino Warehouse Zone Branch 12,140.0100,35.6700,MFS42,MEDIUM_WAREHOUSE,medium
LC1073,Narashino Warehouse Zone Branch 13,140.0100,35.6700,MFS42,MEDIUM_WAREHOUSE,medium
LC1074,Narashino Warehouse Zone Branch 14,140.0100,35.6700,MFS42,MEDIUM_WAREHOUSE,medium
LC1075,Narashino Warehouse Zone Branch 15,140.0100,35.6700,MFS42,MEDIUM_WAREHOUSE,medium
LC1076,Narashino Warehouse Zone Branch 16,140.0100,35.6700,MFS42,MEDIUM_WAREHOUSE,medium
LC1077,Narashino Warehouse Zone Branch 17,140.0100,35.6700,MFS42,MEDIUM_WAREHOUSE,medium
LC1078,Narashino Warehouse Zone Branch 18,140.0100,35.6700,MFS42,MEDIUM_WAREHOUSE,medium
LC1079,Kisarazu Distribution Hub Branch 1,139.9200,35.3950,MFS44,LARGE_DISTRIBUTION,medium
LC1080,Kisarazu Distribution Hub Branch 2,139.9200,35.3950,MFS44,LARGE_DISTRIBUTION,medium
LC1081,Kisarazu Distribution Hub Branch 3,139.9200,35.3950,MFS44,LARGE_DISTRIBUTION,medium
LC1082,Kisarazu Distribution Hub Branch 4,139.9200,35.3950,MFS44,LARGE_DISTRIBUTION,medium
LC1083,Kisarazu Distribution Hub Branch 5,139.9200,35.3950,MFS44,LARGE_DISTRIBUTION,medium
LC1084,Kisarazu Distribution Hub Branch 6,139.9200,35.3950,MFS44,LARGE_DISTRIBUTION,medium
LC1085,Kisarazu Distribution Hub Branch 7,139.9200,35.3950,MFS44,LARGE_DISTRIBUTION,medium
LC1086,Kisarazu Distribution Hub Branch 8,139.9200,35.3950,MFS44,LARGE_DISTRIBUTION,medium
LC1087,Kisarazu Distribution Hub Branch 9,139.9200,35.3950,MFS44,LARGE_DISTRIBUTION,medium
LC1088,Kisarazu Distribution Hub Branch 10,139.9200,35.3950,MFS44,LARGE_DISTRIBUTION,medium
LC1089,Kisarazu Distribution Hub Branch 11,139.9200,35.3950,MFS44,LARGE_DISTRIBUTION,medium
LC1090,Kisarazu Distribution Hub Branch 12,139.9200,35.3950,MFS44,LARGE_DISTRIBUTION,medium
LC1091,Kisarazu Distribution Hub Branch 13,139.9200,35.3950,MFS44,LARGE_DISTRIBUTION,medium
LC1092,Kisarazu Distribution Hub Branch 14,139.9200,35.3950,MFS44,LARGE_DISTRIBUTION,medium
LC1093,Kisarazu Distribution Hub Branch 15,139.9200,35.3950,MFS44,LARGE_DISTRIBUTION,medium
LC1094,Kisarazu Distribution Hub Branch 16,139.9200,35.3950,MFS44,LARGE_DISTRIBUTION,medium
LC1095,Kisarazu Distribution Hub Branch 17,139.9200,35.3950,MFS44,LARGE_DISTRIBUTION,medium
LC1096,Kisarazu Distribution Hub Branch 18,139.9200,35.3950,MFS44,LARGE_DISTRIBUTION,medium
LC1097,Sodegaura Logistics Center Branch 1,139.9400,35.4300,MFS44,MEDIUM_WAREHOUSE,medium
LC1098,Sodegaura Logistics Center Branch 2,139.9400,35.4300,MFS44,MEDIUM_WAREHOUSE,medium
LC1099,Sodegaura Logistics Center Branch 3,139.9400,35.4300,MFS44,MEDIUM_WAREHOUSE,medium
LC1100,Sodegaura Logistics Center Branch 4,139.9400,35.4300,MFS44,MEDIUM_WAREHOUSE,medium
LC1101,Sodegaura Logistics Center Branch 5,139.9400,35.4300,MFS44,MEDIUM_WAREHOUSE,medium
LC1102,Sodegaura Logistics Center Branch 6,139.9400,35.4300,MFS44,MEDIUM_WAREHOUSE,medium
LC1103,Sodegaura Logistics Center Branch 7,139.9400,35.4300,MFS44,MEDIUM_WAREHOUSE,medium
LC1104,Sodegaura Logistics Center Branch 8,139.9400,35.4300,MFS44,MEDIUM_WAREHOUSE,medium
LC1105,Sodegaura Logistics Center Branch 9,139.9400,35.4300,MFS44,MEDIUM_WAREHOUSE,medium
LC1106,Sodegaura Logistics Center Branch 10,139.9400,35.4300,MFS44,MEDIUM_WAREHOUSE,medium
LC1107,Sodegaura Logistics Center Branch 11,139.9400,35.4300,MFS44,MEDIUM_WAREHOUSE,medium
LC1108,Sodegaura Logistics Center Branch 12,139.9400,35.4300,MFS44,MEDIUM_WAREHOUSE,medium
LC1109,Sodegaura Logistics Center Branch 13,139.9400,35.4300,MFS44,MEDIUM_WAREHOUSE,medium
LC1110,Sodegaura Logistics Center Branch 14,139.9400,35.4300,MFS44,MEDIUM_WAREHOUSE,medium
LC1111,Sodegaura Logistics Center Branch 15,139.9400,35.4300,MFS44,MEDIUM_WAREHOUSE,medium
LC1112,Sodegaura Logistics Center Branch 16,139.9400,35.4300,MFS44,MEDIUM_WAREHOUSE,medium
LC1113,Sodegaura Logistics Center Branch 17,139.9400,35.4300,MFS44,MEDIUM_WAREHOUSE,medium
LC1114,Sodegaura Logistics Center Branch 18,139.9400,35.4300,MFS44,MEDIUM_WAREHOUSE,medium
LC1115,Tateyama South Depot Branch 1,139.8700,34.9800,MFS45,MEDIUM_WAREHOUSE,low
LC1116,Tateyama South Depot Branch 2,139.8700,34.9800,MFS45,MEDIUM_WAREHOUSE,low
LC1117,Tateyama South Depot Branch 3,139.8700,34.9800,MFS45,MEDIUM_WAREHOUSE,low
LC1118,Tateyama South Depot Branch 4,139.8700,34.9800,MFS45,MEDIUM_WAREHOUSE,low
LC1119,Tateyama South Depot Branch 5,139.8700,34.9800,MFS45,MEDIUM_WAREHOUSE,low
LC1120,Tateyama South Depot Branch 6,139.8700,34.9800,MFS45,MEDIUM_WAREHOUSE,low
LC1121,Tateyama South Depot Branch 7,139.8700,34.9800,MFS45,MEDIUM_WAREHOUSE,low
LC1122,Tateyama South Depot Branch 8,139.8700,34.9800,MFS45,MEDIUM_WAREHOUSE,low
LC1123,Tateyama South Depot Branch 9,139.8700,34.9800,MFS45,MEDIUM_WAREHOUSE,low
LC1124,Tateyama South Depot Branch 10,139.8700,34.9800,MFS45,MEDIUM_WAREHOUSE,low
LC1125,Tateyama South Depot Branch 11,139.8700,34.9800,MFS45,MEDIUM_WAREHOUSE,low
LC1126,Tateyama South Depot Branch 12,139.8700,34.9800,MFS45,MEDIUM_WAREHOUSE,low
LC1127,Tateyama South Depot Branch 13,139.8700,34.9800,MFS45,MEDIUM_WAREHOUSE,low
LC1128,Tateyama South Depot Branch 14,139.8700,34.9800,MFS45,MEDIUM_WAREHOUSE,low
LC1129,Tateyama South Depot Branch 15,139.8700,34.9800,MFS45,MEDIUM_WAREHOUSE,low
LC1130,Tateyama South Depot Branch 16,139.8700,34.9800,MFS45,MEDIUM_WAREHOUSE,low
LC1131,Tateyama South Depot Branch 17,139.8700,34.9800,MFS45,MEDIUM_WAREHOUSE,low
LC1132,Tateyama South Depot Branch 18,139.8700,34.9800,MFS45,MEDIUM_WAREHOUSE,low
LC1133,Tateyama South Depot Branch 19,139.8700,34.9800,MFS45,MEDIUM_WAREHOUSE,low
LC1134,Tateyama South Depot Branch 20,139.8700,34.9800,MFS45,MEDIUM_WAREHOUSE,low
LC1135,Tateyama South Depot Branch 21,139.8700,34.9800,MFS45,MEDIUM_WAREHOUSE,low
LC1136,Tateyama South Depot Branch 22,139.8700,34.9800,MFS45,MEDIUM_WAREHOUSE,low
LC1137,Tateyama South Depot Branch 23,139.8700,34.9800,MFS45,MEDIUM_WAREHOUSE,low
LC1138,Tateyama South Depot Branch 24,139.8700,34.9800,MFS45,MEDIUM_WAREHOUSE,low
LC1139,Choshi Freight Terminal Branch 1,140.8324,35.7314,MFS46,MEDIUM_WAREHOUSE,low
LC1140,Choshi Freight Terminal Branch 2,140.8575,35.7158,MFS46,MEDIUM_WAREHOUSE,low
LC1141,Choshi Freight Terminal Branch 3,140.8461,35.7022,MFS46,MEDIUM_WAREHOUSE,low
LC1142,Choshi Freight Terminal Branch 4,140.8237,35.7291,MFS46,MEDIUM_WAREHOUSE,low
LC1143,Choshi Freight Terminal Branch 5,140.8532,35.7247,MFS46,MEDIUM_WAREHOUSE,low
LC1144,Choshi Freight Terminal Branch 6,140.8370,35.7286,MFS46,MEDIUM_WAREHOUSE,low
LC1145,Choshi Freight Terminal Branch 7,140.8646,35.7366,MFS46,MEDIUM_WAREHOUSE,low
LC1146,Choshi Freight Terminal Branch 8,140.8362,35.7229,MFS46,MEDIUM_WAREHOUSE,low
LC1147,Choshi Freight Terminal Branch 9,140.8196,35.7314,MFS46,MEDIUM_WAREHOUSE,low
LC1148,Choshi Freight Terminal Branch 10,140.8611,35.7039,MFS46,MEDIUM_WAREHOUSE,low
LC1149,Choshi Freight Terminal Branch 11,140.8268,35.7236,MFS46,MEDIUM_WAREHOUSE,low
LC1150,Choshi Freight Terminal Branch 12,140.8525,35.7375,MFS46,MEDIUM_WAREHOUSE,low
LC1151,Choshi Freight Terminal Branch 13,140.8319,35.7242,MFS46,MEDIUM_WAREHOUSE,low
LC1152,Choshi Freight Terminal Branch 14,140.8560,35.7259,MFS46,MEDIUM_WAREHOUSE,low
LC1153,Choshi Freight Terminal Branch 15,140.8458,35.7338,MFS46,MEDIUM_WAREHOUSE,low
LC1154,Choshi Freight Terminal Branch 16,140.8242,35.7515,MFS46,MEDIUM_WAREHOUSE,low
LC1155,Choshi Freight Terminal Branch 17,140.8525,35.7375,MFS46,MEDIUM_WAREHOUSE,low
LC1156,Choshi Freight Terminal Branch 18,140.8637,35.7048,MFS46,MEDIUM_WAREHOUSE,low
LC1157,Choshi Freight Terminal Branch 19,140.8406,35.7333,MFS46,MEDIUM_WAREHOUSE,low
LC1158,Choshi Freight Terminal Branch 20,140.8373,35.7323,MFS46,MEDIUM_WAREHOUSE,low
LC1159,Choshi Freight Terminal Branch 21,140.8626,35.7309,MFS46,MEDIUM_WAREHOUSE,low
LC1160,Choshi Freight Terminal Branch 22,140.8670,35.7322,MFS46,MEDIUM_WAREHOUSE,low
LC1161,Choshi Freight Terminal Branch 23,140.8560,35.7339,MFS46,MEDIUM_WAREHOUSE,low
LC1162,Choshi Freight Terminal Branch 24,140.8286,35.7462,MFS46,MEDIUM_WAREHOUSE,low
LC1163,Narita Airport Cargo Hub Branch 1,140.3800,35.7700,MFS47,LOGISTICS_HUB,high
LC1164,Narita Airport Cargo Hub Branch 2,140.3800,35.7700,MFS47,LOGISTICS_HUB,high
LC1165,Narita Airport Cargo Hub Branch 3,140.3800,35.7700,MFS47,LOGISTICS_HUB,high
LC1166,Narita Airport Cargo Hub Branch 4,140.3800,35.7700,MFS47,LOGISTICS_HUB,high
LC1167,Narita Airport Cargo Hub Branch 5,140.3800,35.7700,MFS47,LOGISTICS_HUB,high
LC1168,Narita Airport Cargo Hub Branch 6,140.3800,35.7700,MFS47,LOGISTICS_HUB,high
LC1169,Narita Airport Cargo Hub Branch 7,140.3800,35.7700,MFS47,LOGISTICS_HUB,high
LC1170,Narita Airport Cargo Hub Branch 8,140.3800,35.7700,MFS47,LOGISTICS_HUB,high
LC1171,Narita Airport Cargo Hub Branch 9,140.3800,35.7700,MFS47,LOGISTICS_HUB,high
LC1172,Narita Airport Cargo Hub Branch 10,140.3800,35.7700,MFS47,LOGISTICS_HUB,high
LC1173,Narita Airport Cargo Hub Branch 11,140.3800,35.7700,MFS47,LOGISTICS_HUB,high
LC1174,Narita Airport Cargo Hub Branch 12,140.3800,35.7700,MFS47,LOGISTICS_HUB,high
LC1175,Narita Airport Cargo Hub Branch 13,140.3800,35.7700,MFS47,LOGISTICS_HUB,high
LC1176,Narita Airport Cargo Hub Branch 14,140.3800,35.7700,MFS47,LOGISTICS_HUB,high
LC1177,Narita Airport Cargo Hub Branch 15,140.3800,35.7700,MFS47,LOGISTICS_HUB,high
LC1178,Narita Airport Cargo Hub Branch 16,140.3800,35.7700,MFS47,LOGISTICS_HUB,high
LC1179,Narita Airport Cargo Hub Branch 17,140.3800,35.7700,MFS47,LOGISTICS_HUB,high
LC1180,Narita Airport Cargo Hub Branch 18,140.3800,35.7700,MFS47,LOGISTICS_HUB,high
LC1181,Tsukuba Logistics Center Branch 1,140.1186,36.0546,MFS48,LARGE_DISTRIBUTION,medium
LC1182,Tsukuba Logistics Center Branch 2,140.1335,36.0524,MFS48,LARGE_DISTRIBUTION,medium
LC1183,Tsukuba Logistics Center Branch 3,140.1177,36.0741,MFS48,LARGE_DISTRIBUTION,medium
LC1184,Tsukuba Logistics Center Branch 4,140.1248,36.0872,MFS48,LARGE_DISTRIBUTION,medium
LC1185,Tsukuba Logistics Center Branch 5,140.1037,36.0914,MFS48,LARGE_DISTRIBUTION,medium
LC1186,Tsukuba Logistics Center Branch 6,140.1065,36.0782,MFS48,LARGE_DISTRIBUTION,medium
LC1187,Tsukuba Logistics Center Branch 7,140.1119,36.0886,MFS48,LARGE_DISTRIBUTION,medium
LC1188,Tsukuba Logistics Center Branch 8,140.1198,36.0701,MFS48,LARGE_DISTRIBUTION,medium
LC1189,Tsukuba Logistics Center Branch 9,140.1142,36.0841,MFS48,LARGE_DISTRIBUTION,medium
LC1190,Tsukuba Logistics Center Branch 10,140.1144,36.0693,MFS48,LARGE_DISTRIBUTION,medium
LC1191,Tsukuba Logistics Center Branch 11,140.1030,36.0855,MFS48,LARGE_DISTRIBUTION,medium
LC1192,Tsukuba Logistics Center Branch 12,140.1122,36.0987,MFS48,LARGE_DISTRIBUTION,medium
LC1193,Tsukuba Logistics Center Branch 13,140.1061,36.0842,MFS48,LARGE_DISTRIBUTION,medium
LC1194,Tsukuba Logistics Center Branch 14,140.1199,36.0669,MFS48,LARGE_DISTRIBUTION,medium
LC1195,Tsukuba Logistics Center Branch 15,140.1161,36.0774,MFS48,LARGE_DISTRIBUTION,medium
LC1196,Tsukuba Logistics Center Branch 16,140.1138,36.0816,MFS48,LARGE_DISTRIBUTION,medium
LC1197,Tsukuba Logistics Center Branch 17,140.1130,36.0882,MFS48,LARGE_DISTRIBUTION,medium
LC1198,Tsukuba Logistics Center Branch 18,140.1039,36.0897,MFS48,LARGE_DISTRIBUTION,medium
LC1199,Tsuchiura Distribution Branch 1,140.1836,36.0896,MFS50,MEDIUM_WAREHOUSE,medium
LC1200,Tsuchiura Distribution Branch 2,140.2000,36.0800,MFS50,MEDIUM_WAREHOUSE,medium
LC1201,Tsuchiura Distribution Branch 3,140.1861,36.0921,MFS50,MEDIUM_WAREHOUSE,medium
LC1202,Tsuchiura Distribution Branch 4,140.1801,36.0897,MFS50,MEDIUM_WAREHOUSE,medium
LC1203,Tsuchiura Distribution Branch 5,140.1786,36.0929,MFS50,MEDIUM_WAREHOUSE,medium
LC1204,Tsuchiura Distribution Branch 6,140.1870,36.0773,MFS50,MEDIUM_WAREHOUSE,medium
LC1205,Tsuchiura Distribution Branch 7,140.1860,36.0671,MFS50,MEDIUM_WAREHOUSE,medium
LC1206,Tsuchiura Distribution Branch 8,140.1857,36.0902,MFS50,MEDIUM_WAREHOUSE,medium
LC1207,Tsuchiura Distribution Branch 9,140.1851,36.0739,MFS50,MEDIUM_WAREHOUSE,medium
LC1208,Tsuchiura Distribution Branch 10,140.2000,36.0800,MFS50,MEDIUM_WAREHOUSE,medium
LC1209,Tsuchiura Distribution Branch 11,140.1785,36.0885,MFS50,MEDIUM_WAREHOUSE,medium
LC1210,Tsuchiura Distribution Branch 12,140.1772,36.0797,MFS50,MEDIUM_WAREHOUSE,medium
LC1211,Tsuchiura Distribution Branch 13,140.1780,36.0940,MFS50,MEDIUM_WAREHOUSE,medium
LC1212,Tsuchiura Distribution Branch 14,140.1782,36.0702,MFS50,MEDIUM_WAREHOUSE,medium
LC1213,Tsuchiura Distribution Branch 15,140.1793,36.0645,MFS50,MEDIUM_WAREHOUSE,medium
LC1214,Tsuchiura Distribution Branch 16,140.2000,36.0800,MFS50,MEDIUM_WAREHOUSE,medium
LC1215,Tsuchiura Distribution Branch 17,140.2000,36.0800,MFS50,MEDIUM_WAREHOUSE,medium
LC1216,Tsuchiura Distribution Branch 18,140.2000,36.0800,MFS50,MEDIUM_WAREHOUSE,medium
LC1217,Koga Warehouse Complex Branch 1,139.8200,36.1800,MFS49,MEDIUM_WAREHOUSE,low
LC1218,Koga Warehouse Complex Branch 2,139.8200,36.1800,MFS49,MEDIUM_WAREHOUSE,low
LC1219,Koga Warehouse Complex Branch 3,139.8200,36.1800,MFS49,MEDIUM_WAREHOUSE,low
LC1220,Koga Warehouse Complex Branch 4,139.8200,36.1800,MFS49,MEDIUM_WAREHOUSE,low
LC1221,Koga Warehouse Complex Branch 5,139.8200,36.1800,MFS49,MEDIUM_WAREHOUSE,low
LC1222,Koga Warehouse Complex Branch 6,139.8200,36.1800,MFS49,MEDIUM_WAREHOUSE,low
LC1223,Koga Warehouse Complex Branch 7,139.8200,36.1800,MFS49,MEDIUM_WAREHOUSE,low
LC1224,Koga Warehouse Complex Branch 8,139.8200,36.1800,MFS49,MEDIUM_WAREHOUSE,low
LC1225,Koga Warehouse Complex Branch 9,139.8200,36.1800,MFS49,MEDIUM_WAREHOUSE,low
LC1226,Koga Warehouse Complex Branch 10,139.8200,36.1800,MFS49,MEDIUM_WAREHOUSE,low
LC1227,Koga Warehouse Complex Branch 11,139.8200,36.1800,MFS49,MEDIUM_WAREHOUSE,low
LC1228,Koga Warehouse Complex Branch 12,139.8200,36.1800,MFS49,MEDIUM_WAREHOUSE,low
LC1229,Koga Warehouse Complex Branch 13,139.8200,36.1800,MFS49,MEDIUM_WAREHOUSE,low
LC1230,Koga Warehouse Complex Branch 14,139.8200,36.1800,MFS49,MEDIUM_WAREHOUSE,low
LC1231,Koga Warehouse Complex Branch 15,139.8200,36.1800,MFS49,MEDIUM_WAREHOUSE,low
LC1232,Koga Warehouse Complex Branch 16,139.8200,36.1800,MFS49,MEDIUM_WAREHOUSE,low
LC1233,Koga Warehouse Complex Branch 17,139.8200,36.1800,MFS49,MEDIUM_WAREHOUSE,low
LC1234,Koga Warehouse Complex Branch 18,139.8200,36.1800,MFS49,MEDIUM_WAREHOUSE,low
LC1235,Mito Logistics Hub Branch 1,140.4708,36.3481,MFS55,LARGE_DISTRIBUTION,medium
LC1236,Mito Logistics Hub Branch 2,140.4668,36.3674,MFS55,LARGE_DISTRIBUTION,medium
LC1237,Mito Logistics Hub Branch 3,140.4718,36.3647,MFS55,LARGE_DISTRIBUTION,medium
LC1238,Mito Logistics Hub Branch 4,140.4903,36.4003,MFS55,LARGE_DISTRIBUTION,medium
LC1239,Mito Logistics Hub Branch 5,140.4683,36.3706,MFS55,LARGE_DISTRIBUTION,medium
LC1240,Mito Logistics Hub Branch 6,140.4519,36.3388,MFS55,LARGE_DISTRIBUTION,medium
LC1241,Mito Logistics Hub Branch 7,140.4415,36.4041,MFS55,LARGE_DISTRIBUTION,medium
LC1242,Mito Logistics Hub Branch 8,140.4678,36.3588,MFS55,LARGE_DISTRIBUTION,medium
LC1243,Mito Logistics Hub Branch 9,140.4499,36.3582,MFS55,LARGE_DISTRIBUTION,medium
LC1244,Mito Logistics Hub Branch 10,140.4981,36.3489,MFS55,LARGE_DISTRIBUTION,medium
LC1245,Mito Logistics Hub Branch 11,140.4792,36.3849,MFS55,LARGE_DISTRIBUTION,medium
LC1246,Mito Logistics Hub Branch 12,140.4665,36.3289,MFS55,LARGE_DISTRIBUTION,medium
LC1247,Mito Logistics Hub Branch 13,140.4696,36.3692,MFS55,LARGE_DISTRIBUTION,medium
LC1248,Mito Logistics Hub Branch 14,140.4370,36.4115,MFS55,LARGE_DISTRIBUTION,medium
LC1249,Mito Logistics Hub Branch 15,140.5014,36.3719,MFS55,LARGE_DISTRIBUTION,medium
LC1250,Mito Logistics Hub Branch 16,140.4228,36.3706,MFS55,LARGE_DISTRIBUTION,medium
LC1251,Mito Logistics Hub Branch 17,140.4918,36.3776,MFS55,LARGE_DISTRIBUTION,medium
LC1252,Mito Logistics Hub Branch 18,140.4451,36.4046,MFS55,LARGE_DISTRIBUTION,medium
LC1253,Mito Logistics Hub Branch 19,140.4787,36.3548,MFS55,LARGE_DISTRIBUTION,medium
LC1254,Mito Logistics Hub Branch 20,140.4454,36.3965,MFS55,LARGE_DISTRIBUTION,medium
LC1255,Mito Logistics Hub Branch 21,140.4564,36.3830,MFS55,LARGE_DISTRIBUTION,medium
LC1256,Mito Logistics Hub Branch 22,140.4424,36.3800,MFS55,LARGE_DISTRIBUTION,medium
LC1257,Mito Logistics Hub Branch 23,140.4587,36.3727,MFS55,LARGE_DISTRIBUTION,medium
LC1258,Mito Logistics Hub Branch 24,140.4472,36.3463,MFS55,LARGE_DISTRIBUTION,medium
LC1259,Hitachinaka Distribution Branch 1,140.5202,36.3719,MFS55,MEDIUM_WAREHOUSE,medium
LC1260,Hitachinaka Distribution Branch 2,140.5523,36.3977,MFS55,MEDIUM_WAREHOUSE,medium
LC1261,Hitachinaka Distribution Branch 3,140.5381,36.3868,MFS55,MEDIUM_WAREHOUSE,medium
LC1262,Hitachinaka Distribution Branch 4,140.5275,36.3932,MFS55,MEDIUM_WAREHOUSE,medium
LC1263,Hitachinaka Distribution Branch 5,140.5404,36.3898,MFS55,MEDIUM_WAREHOUSE,medium
LC1264,Hitachinaka Distribution Branch 6,140.5051,36.4017,MFS55,MEDIUM_WAREHOUSE,medium
LC1265,Hitachinaka Distribution Branch 7,140.5665,36.3969,MFS55,MEDIUM_WAREHOUSE,medium
LC1266,Hitachinaka Distribution Branch 8,140.5083,36.3941,MFS55,MEDIUM_WAREHOUSE,medium
LC1267,Hitachinaka Distribution Branch 9,140.4967,36.3404,MFS55,MEDIUM_WAREHOUSE,medium
LC1268,Hitachinaka Distribution Branch 10,140.5312,36.3784,MFS55,MEDIUM_WAREHOUSE,medium
LC1269,Hitachinaka Distribution Branch 11,140.5099,36.3969,MFS55,MEDIUM_WAREHOUSE,medium
LC1270,Hitachinaka Distribution Branch 12,140.5246,36.3865,MFS55,MEDIUM_WAREHOUSE,medium
LC1271,Hitachinaka Distribution Branch 13,140.5455,36.3829,MFS55,MEDIUM_WAREHOUSE,medium
LC1272,Hitachinaka Distribution Branch 14,140.4904,36.3810,MFS55,MEDIUM_WAREHOUSE,medium
LC1273,Hitachinaka Distribution Branch 15,140.5156,36.4034,MFS55,MEDIUM_WAREHOUSE,medium
LC1274,Hitachinaka Distribution Branch 16,140.5264,36.4118,MFS55,MEDIUM_WAREHOUSE,medium
LC1275,Hitachinaka Distribution Branch 17,140.5383,36.4354,MFS55,MEDIUM_WAREHOUSE,medium
LC1276,Hitachinaka Distribution Branch 18,140.5297,36.3971,MFS55,MEDIUM_WAREHOUSE,medium
LC1277,Hitachinaka Distribution Branch 19,140.4975,36.3415,MFS55,MEDIUM_WAREHOUSE,medium
LC1278,Hitachinaka Distribution Branch 20,140.5668,36.4427,MFS55,MEDIUM_WAREHOUSE,medium
LC1279,Hitachinaka Distribution Branch 21,140.5400,36.3956,MFS55,MEDIUM_WAREHOUSE,medium
LC1280,Hitachinaka Distribution Branch 22,140.5455,36.3978,MFS55,MEDIUM_WAREHOUSE,medium
LC1281,Hitachinaka Distribution Branch 23,140.5645,36.3942,MFS55,MEDIUM_WAREHOUSE,medium
LC1282,Hitachinaka Distribution Branch 24,140.5246,36.4032,MFS55,MEDIUM_WAREHOUSE,medium
LC1283,Maebashi Logistics Center Branch 1,139.0617,36.4151,MFS57,LARGE_DISTRIBUTION,medium
LC1284,Maebashi Logistics Center Branch 2,139.0364,36.3400,MFS57,LARGE_DISTRIBUTION,medium
LC1285,Maebashi Logistics Center Branch 3,139.0461,36.3727,MFS57,LARGE_DISTRIBUTION,medium
LC1286,Maebashi Logistics Center Branch 4,139.0441,36.3538,MFS57,LARGE_DISTRIBUTION,medium
LC1287,Maebashi Logistics Center Branch 5,139.0364,36.3583,MFS57,LARGE_DISTRIBUTION,medium
LC1288,Maebashi Logistics Center Branch 6,139.0839,36.3663,MFS57,LARGE_DISTRIBUTION,medium
LC1289,Maebashi Logistics Center Branch 7,139.0543,36.4213,MFS57,LARGE_DISTRIBUTION,medium
LC1290,Maebashi Logistics Center Branch 8,139.0515,36.3981,MFS57,LARGE_DISTRIBUTION,medium
LC1291,Maebashi Logistics Center Branch 9,139.0852,36.4025,MFS57,LARGE_DISTRIBUTION,medium
LC1292,Maebashi Logistics Center Branch 10,139.0454,36.3673,MFS57,LARGE_DISTRIBUTION,medium
LC1293,Maebashi Logistics Center Branch 11,139.0923,36.3941,MFS57,LARGE_DISTRIBUTION,medium
LC1294,Maebashi Logistics Center Branch 12,139.0421,36.3823,MFS57,LARGE_DISTRIBUTION,medium
LC1295,Maebashi Logistics Center Branch 13,139.0587,36.3513,MFS57,LARGE_DISTRIBUTION,medium
LC1296,Maebashi Logistics Center Branch 14,139.0721,36.4127,MFS57,LARGE_DISTRIBUTION,medium
LC1297,Maebashi Logistics Center Branch 15,139.0436,36.3717,MFS57,LARGE_DISTRIBUTION,medium
LC1298,Maebashi Logistics Center Branch 16,139.0497,36.3857,MFS57,LARGE_DISTRIBUTION,medium
LC1299,Maebashi Logistics Center Branch 17,139.0645,36.3767,MFS57,LARGE_DISTRIBUTION,medium
LC1300,Maebashi Logistics Center Branch 18,139.0619,36.3860,MFS57,LARGE_DISTRIBUTION,medium
LC1301,Maebashi Logistics Center Branch 19,139.0309,36.3807,MFS57,LARGE_DISTRIBUTION,medium
LC1302,Maebashi Logistics Center Branch 20,139.0710,36.3667,MFS57,LARGE_DISTRIBUTION,medium
LC1303,Maebashi Logistics Center Branch 21,139.0271,36.3866,MFS57,LARGE_DISTRIBUTION,medium
LC1304,Maebashi Logistics Center Branch 22,139.0500,36.3526,MFS57,LARGE_DISTRIBUTION,medium
LC1305,Maebashi Logistics Center Branch 23,139.0897,36.4156,MFS57,LARGE_DISTRIBUTION,medium
LC1306,Maebashi Logistics Center Branch 24,139.1121,36.3801,MFS57,LARGE_DISTRIBUTION,medium
LC1307,Ota Gunma Freight Hub Branch 1,139.3886,36.3260,MFS58,MEDIUM_WAREHOUSE,medium
LC1308,Ota Gunma Freight Hub Branch 2,139.3824,36.3036,MFS58,MEDIUM_WAREHOUSE,medium
LC1309,Ota Gunma Freight Hub Branch 3,139.3902,36.3242,MFS58,MEDIUM_WAREHOUSE,medium
LC1310,Ota Gunma Freight Hub Branch 4,139.3824,36.3072,MFS58,MEDIUM_WAREHOUSE,medium
LC1311,Ota Gunma Freight Hub Branch 5,139.3977,36.3081,MFS58,MEDIUM_WAREHOUSE,medium
LC1312,Ota Gunma Freight Hub Branch 6,139.3480,36.3246,MFS58,MEDIUM_WAREHOUSE,medium
LC1313,Ota Gunma Freight Hub Branch 7,139.3927,36.3100,MFS58,MEDIUM_WAREHOUSE,medium
LC1314,Ota Gunma Freight Hub Branch 8,139.3971,36.3048,MFS58,MEDIUM_WAREHOUSE,medium
LC1315,Ota Gunma Freight Hub Branch 9,139.3845,36.2913,MFS58,MEDIUM_WAREHOUSE,medium
LC1316,Ota Gunma Freight Hub Branch 10,139.3738,36.2951,MFS58,MEDIUM_WAREHOUSE,medium
LC1317,Ota Gunma Freight Hub Branch 11,139.3939,36.3089,MFS58,MEDIUM_WAREHOUSE,medium
LC1318,Ota Gunma Freight Hub Branch 12,139.4026,36.3241,MFS58,MEDIUM_WAREHOUSE,medium
LC1319,Ota Gunma Freight Hub Branch 13,139.3996,36.3053,MFS58,MEDIUM_WAREHOUSE,medium
LC1320,Ota Gunma Freight Hub Branch 14,139.3830,36.3220,MFS58,MEDIUM_WAREHOUSE,medium
LC1321,Ota Gunma Freight Hub Branch 15,139.3945,36.3232,MFS58,MEDIUM_WAREHOUSE,medium
LC1322,Ota Gunma Freight Hub Branch 16,139.3737,36.2948,MFS58,MEDIUM_WAREHOUSE,medium
LC1323,Ota Gunma Freight Hub Branch 17,139.4032,36.3094,MFS58,MEDIUM_WAREHOUSE,medium
LC1324,Ota Gunma Freight Hub Branch 18,139.3851,36.3218,MFS58,MEDIUM_WAREHOUSE,medium
LC1325,Utsunomiya Distribution Hub Branch 1,139.8545,36.5263,MFS59,LARGE_DISTRIBUTION,medium
LC1326,Utsunomiya Distribution Hub Branch 2,139.8594,36.5461,MFS59,LARGE_DISTRIBUTION,medium
LC1327,Utsunomiya Distribution Hub Branch 3,139.8748,36.5620,MFS59,LARGE_DISTRIBUTION,medium
LC1328,Utsunomiya Distribution Hub Branch 4,139.8720,36.5547,MFS59,LARGE_DISTRIBUTION,medium
LC1329,Utsunomiya Distribution Hub Branch 5,139.8886,36.5674,MFS59,LARGE_DISTRIBUTION,medium
LC1330,Utsunomiya Distribution Hub Branch 6,139.8712,36.5576,MFS59,LARGE_DISTRIBUTION,medium
LC1331,Utsunomiya Distribution Hub Branch 7,139.8649,36.5441,MFS59,LARGE_DISTRIBUTION,medium
LC1332,Utsunomiya Distribution Hub Branch 8,139.8700,36.5750,MFS59,LARGE_DISTRIBUTION,medium
LC1333,Utsunomiya Distribution Hub Branch 9,139.8921,36.5486,MFS59,LARGE_DISTRIBUTION,medium
LC1334,Utsunomiya Distribution Hub Branch 10,139.9043,36.5613,MFS59,LARGE_DISTRIBUTION,medium
LC1335,Utsunomiya Distribution Hub Branch 11,139.9039,36.5559,MFS59,LARGE_DISTRIBUTION,medium
LC1336,Utsunomiya Distribution Hub Branch 12,139.9250,36.5904,MFS59,LARGE_DISTRIBUTION,medium
LC1337,Utsunomiya Distribution Hub Branch 13,139.8982,36.5914,MFS59,LARGE_DISTRIBUTION,medium
LC1338,Utsunomiya Distribution Hub Branch 14,139.8639,36.5978,MFS59,LARGE_DISTRIBUTION,medium
LC1339,Utsunomiya Distribution Hub Branch 15,139.8494,36.5617,MFS59,LARGE_DISTRIBUTION,medium
LC1340,Utsunomiya Distribution Hub Branch 16,139.8647,36.5185,MFS59,LARGE_DISTRIBUTION,medium
LC1341,Utsunomiya Distribution Hub Branch 17,139.8476,36.5505,MFS59,LARGE_DISTRIBUTION,medium
LC1342,Utsunomiya Distribution Hub Branch 18,139.8922,36.5519,MFS59,LARGE_DISTRIBUTION,medium
LC1343,Utsunomiya Distribution Hub Branch 19,139.9034,36.5529,MFS59,LARGE_DISTRIBUTION,medium
LC1344,Utsunomiya Distribution Hub Branch 20,139.8569,36.5896,MFS59,LARGE_DISTRIBUTION,medium
LC1345,Utsunomiya Distribution Hub Branch 21,139.9102,36.5546,MFS59,LARGE_DISTRIBUTION,medium
LC1346,Utsunomiya Distribution Hub Branch 22,139.8671,36.5616,MFS59,LARGE_DISTRIBUTION,medium
LC1347,Utsunomiya Distribution Hub Branch 23,139.9100,36.5616,MFS59,LARGE_DISTRIBUTION,medium
LC1348,Utsunomiya Distribution Hub Branch 24,139.8505,36.5845,MFS59,LARGE_DISTRIBUTION,medium
LC1349,Oyama Logistics Center Branch 1,139.8000,36.3100,MFS60,MEDIUM_WAREHOUSE,medium
LC1350,Oyama Logistics Center Branch 2,139.8000,36.3100,MFS60,MEDIUM_WAREHOUSE,medium
LC1351,Oyama Logistics Center Branch 3,139.8000,36.3100,MFS60,MEDIUM_WAREHOUSE,medium
LC1352,Oyama Logistics Center Branch 4,139.8000,36.3100,MFS60,MEDIUM_WAREHOUSE,medium
LC1353,Oyama Logistics Center Branch 5,139.8000,36.3100,MFS60,MEDIUM_WAREHOUSE,medium
LC1354,Oyama Logistics Center Branch 6,139.8000,36.3100,MFS60,MEDIUM_WAREHOUSE,medium
LC1355,Oyama Logistics Center Branch 7,139.8000,36.3100,MFS60,MEDIUM_WAREHOUSE,medium
LC1356,Oyama Logistics Center Branch 8,139.8000,36.3100,MFS60,MEDIUM_WAREHOUSE,medium
LC1357,Oyama Logistics Center Branch 9,139.8000,36.3100,MFS60,MEDIUM_WAREHOUSE,medium
LC1358,Oyama Logistics Center Branch 10,139.8000,36.3100,MFS60,MEDIUM_WAREHOUSE,medium
LC1359,Oyama Logistics Center Branch 11,139.8000,36.3100,MFS60,MEDIUM_WAREHOUSE,medium
LC1360,Oyama Logistics Center Branch 12,139.8000,36.3100,MFS60,MEDIUM_WAREHOUSE,medium
LC1361,Oyama Logistics Center Branch 13,139.8000,36.3100,MFS60,MEDIUM_WAREHOUSE,medium
LC1362,Oyama Logistics Center Branch 14,139.8000,36.3100,MFS60,MEDIUM_WAREHOUSE,medium
LC1363,Oyama Logistics Center Branch 15,139.8000,36.3100,MFS60,MEDIUM_WAREHOUSE,medium
LC1364,Oyama Logistics Center Branch 16,139.8000,36.3100,MFS60,MEDIUM_WAREHOUSE,medium
LC1365,Oyama Logistics Center Branch 17,139.8000,36.3100,MFS60,MEDIUM_WAREHOUSE,medium
LC1366,Oyama Logistics Center Branch 18,139.8000,36.3100,MFS60,MEDIUM_WAREHOUSE,medium
LC1367,Sano Distribution Depot Branch 1,139.5800,36.3100,MFS61,MEDIUM_WAREHOUSE,low
LC1368,Sano Distribution Depot Branch 2,139.5800,36.3100,MFS61,MEDIUM_WAREHOUSE,low
LC1369,Sano Distribution Depot Branch 3,139.5800,36.3100,MFS61,MEDIUM_WAREHOUSE,low
LC1370,Sano Distribution Depot Branch 4,139.5800,36.3100,MFS61,MEDIUM_WAREHOUSE,low
LC1371,Sano Distribution Depot Branch 5,139.5800,36.3100,MFS61,MEDIUM_WAREHOUSE,low
LC1372,Sano Distribution Depot Branch 6,139.5800,36.3100,MFS61,MEDIUM_WAREHOUSE,low
LC1373,Sano Distribution Depot Branch 7,139.5800,36.3100,MFS61,MEDIUM_WAREHOUSE,low
LC1374,Sano Distribution Depot Branch 8,139.5800,36.3100,MFS61,MEDIUM_WAREHOUSE,low
LC1375,Sano Distribution Depot Branch 9,139.5800,36.3100,MFS61,MEDIUM_WAREHOUSE,low
LC1376,Sano Distribution Depot Branch 10,139.5800,36.3100,MFS61,MEDIUM_WAREHOUSE,low
LC1377,Sano Distribution Depot Branch 11,139.5800,36.3100,MFS61,MEDIUM_WAREHOUSE,low
LC1378,Sano Distribution Depot Branch 12,139.5800,36.3100,MFS61,MEDIUM_WAREHOUSE,low
LC1379,Sano Distribution Depot Branch 13,139.5800,36.3100,MFS61,MEDIUM_WAREHOUSE,low
LC1380,Sano Distribution Depot Branch 14,139.5800,36.3100,MFS61,MEDIUM_WAREHOUSE,low
LC1381,Sano Distribution Depot Branch 15,139.5800,36.3100,MFS61,MEDIUM_WAREHOUSE,low
LC1382,Sano Distribution Depot Branch 16,139.5800,36.3100,MFS61,MEDIUM_WAREHOUSE,low
LC1383,Sano Distribution Depot Branch 17,139.5800,36.3100,MFS61,MEDIUM_WAREHOUSE,low
LC1384,Sano Distribution Depot Branch 18,139.5800,36.3100,MFS61,MEDIUM_WAREHOUSE,low
LC1385,Sendai Regional Hub Branch 1,140.7661,38.2539,MFS67,LOGISTICS_HUB,high
LC1386,Sendai Regional Hub Branch 2,140.7688,38.3098,MFS67,LOGISTICS_HUB,high
LC1387,Sendai Regional Hub Branch 3,140.7374,38.2203,MFS67,LOGISTICS_HUB,high
LC1388,Sendai Regional Hub Branch 4,140.7370,38.2697,MFS67,LOGISTICS_HUB,high
LC1389,Sendai Regional Hub Branch 5,140.8142,38.2766,MFS67,LOGISTICS_HUB,high
LC1390,Sendai Regional Hub Branch 6,140.7241,38.2282,MFS67,LOGISTICS_HUB,high
LC1391,Sendai Regional Hub Branch 7,140.7400,38.2700,MFS67,LOGISTICS_HUB,high
LC1392,Sendai Regional Hub Branch 8,140.8034,38.2684,MFS67,LOGISTICS_HUB,high
LC1393,Sendai Regional Hub Branch 9,140.7684,38.2751,MFS67,LOGISTICS_HUB,high
LC1394,Sendai Regional Hub Branch 10,140.7710,38.2538,MFS67,LOGISTICS_HUB,high
LC1395,Sendai Regional Hub Branch 11,140.7347,38.2728,MFS67,LOGISTICS_HUB,high
LC1396,Sendai Regional Hub Branch 12,140.8464,38.2457,MFS67,LOGISTICS_HUB,high
LC1397,Sendai Regional Hub Branch 13,140.7544,38.2128,MFS67,LOGISTICS_HUB,high
LC1398,Sendai Regional Hub Branch 14,140.7400,38.2700,MFS67,LOGISTICS_HUB,high
LC1399,Sendai Regional Hub Branch 15,140.7635,38.2547,MFS67,LOGISTICS_HUB,high
LC1400,Sendai Regional Hub Branch 16,140.7623,38.2855,MFS67,LOGISTICS_HUB,high
LC1401,Sendai Regional Hub Branch 17,140.7326,38.2704,MFS67,LOGISTICS_HUB,high
LC1402,Sendai Regional Hub Branch 18,140.7934,38.2398,MFS67,LOGISTICS_HUB,high
LC1403,Sendai Regional Hub Branch 19,140.7815,38.2753,MFS67,LOGISTICS_HUB,high
LC1404,Sendai Regional Hub Branch 20,140.7476,38.2876,MFS67,LOGISTICS_HUB,high
LC1405,Sendai Regional Hub Branch 21,140.7400,38.2700,MFS67,LOGISTICS_HUB,high
LC1406,Sendai Regional Hub Branch 22,140.7617,38.2736,MFS67,LOGISTICS_HUB,high
LC1407,Sendai Regional Hub Branch 23,140.7378,38.2741,MFS67,LOGISTICS_HUB,high
LC1408,Sendai Regional Hub Branch 24,140.7686,38.2501,MFS67,LOGISTICS_HUB,high
LC1409,Sendai Regional Hub Branch 25,140.7765,38.2681,MFS67,LOGISTICS_HUB,high
LC1410,Sendai Regional Hub Branch 26,140.8169,38.2649,MFS67,LOGISTICS_HUB,high
LC1411,Sendai Regional Hub Branch 27,140.7400,38.2700,MFS67,LOGISTICS_HUB,high
LC1412,Sendai Regional Hub Branch 28,140.7645,38.2904,MFS67,LOGISTICS_HUB,high
LC1413,Sendai Regional Hub Branch 29,140.7448,38.2713,MFS67,LOGISTICS_HUB,high
LC1414,Sendai Regional Hub Branch 30,140.7510,38.2874,MFS67,LOGISTICS_HUB,high
LC1415,Nagoya Regional Hub Branch 1,136.8574,35.1132,MFS71,LOGISTICS_HUB,high
LC1416,Nagoya Regional Hub Branch 2,136.9166,35.0773,MFS71,LOGISTICS_HUB,high
LC1417,Nagoya Regional Hub Branch 3,136.8945,35.1053,MFS71,LOGISTICS_HUB,high
LC1418,Nagoya Regional Hub Branch 4,136.8263,35.1833,MFS71,LOGISTICS_HUB,high
LC1419,Nagoya Regional Hub Branch 5,136.8951,35.1774,MFS71,LOGISTICS_HUB,high
LC1420,Nagoya Regional Hub Branch 6,136.8579,35.1424,MFS71,LOGISTICS_HUB,high
LC1421,Nagoya Regional Hub Branch 7,136.8552,35.1558,MFS71,LOGISTICS_HUB,high
LC1422,Nagoya Regional Hub Branch 8,136.8788,35.1732,MFS71,LOGISTICS_HUB,high
LC1423,Nagoya Regional Hub Branch 9,136.8653,35.1233,MFS71,LOGISTICS_HUB,high
LC1424,Nagoya Regional Hub Branch 10,136.8131,35.1351,MFS71,LOGISTICS_HUB,high
LC1425,Nagoya Regional Hub Branch 11,136.7847,35.1231,MFS71,LOGISTICS_HUB,high
LC1426,Nagoya Regional Hub Branch 12,136.7793,35.0593,MFS71,LOGISTICS_HUB,high
LC1427,Nagoya Regional Hub Branch 13,136.8052,35.1744,MFS71,LOGISTICS_HUB,high
LC1428,Nagoya Regional Hub Branch 14,136.8341,35.1536,MFS71,LOGISTICS_HUB,high
LC1429,Nagoya Regional Hub Branch 15,136.8258,35.1421,MFS71,LOGISTICS_HUB,high
LC1430,Nagoya Regional Hub Branch 16,136.7637,35.1078,MFS71,LOGISTICS_HUB,high
LC1431,Nagoya Regional Hub Branch 17,136.8421,35.1281,MFS71,LOGISTICS_HUB,high
LC1432,Nagoya Regional Hub Branch 18,136.8543,35.1318,MFS71,LOGISTICS_HUB,high
LC1433,Nagoya Regional Hub Branch 19,136.8394,35.1121,MFS71,LOGISTICS_HUB,high
LC1434,Nagoya Regional Hub Branch 20,136.8490,35.1427,MFS71,LOGISTICS_HUB,high
LC1435,Nagoya Regional Hub Branch 21,136.8673,35.0900,MFS71,LOGISTICS_HUB,high
LC1436,Nagoya Regional Hub Branch 22,136.8154,35.1610,MFS71,LOGISTICS_HUB,high
LC1437,Nagoya Regional Hub Branch 23,136.8535,35.1597,MFS71,LOGISTICS_HUB,high
LC1438,Nagoya Regional Hub Branch 24,136.8511,35.1190,MFS71,LOGISTICS_HUB,high
LC1439,Nagoya Regional Hub Branch 25,136.7677,35.1925,MFS71,LOGISTICS_HUB,high
LC1440,Nagoya Regional Hub Branch 26,136.8583,35.1030,MFS71,LOGISTICS_HUB,high
LC1441,Nagoya Regional Hub Branch 27,136.8264,35.1480,MFS71,LOGISTICS_HUB,high
LC1442,Nagoya Regional Hub Branch 28,136.8052,35.1876,MFS71,LOGISTICS_HUB,high
LC1443,Nagoya Regional Hub Branch 29,136.8182,35.1162,MFS71,LOGISTICS_HUB,high
LC1444,Nagoya Regional Hub Branch 30,136.8712,35.0947,MFS71,LOGISTICS_HUB,high
LC1445,Prologis Park Nagareyama 1 Branch 1,139.9007,35.8515,MFS28,LARGE_DISTRIBUTION,high
LC1446,Prologis Park Nagareyama 1 Branch 2,139.8954,35.8435,MFS28,LARGE_DISTRIBUTION,high
LC1447,Prologis Park Nagareyama 1 Branch 3,139.9073,35.8537,MFS28,LARGE_DISTRIBUTION,high
LC1448,Prologis Park Nagareyama 1 Branch 4,139.9055,35.8567,MFS28,LARGE_DISTRIBUTION,high
LC1449,Prologis Park Nagareyama 1 Branch 5,139.8974,35.8499,MFS28,LARGE_DISTRIBUTION,high
LC1450,Prologis Park Nagareyama 1 Branch 6,139.8995,35.8531,MFS28,LARGE_DISTRIBUTION,high
LC1451,Prologis Park Nagareyama 1 Branch 7,139.8912,35.8554,MFS28,LARGE_DISTRIBUTION,high
LC1452,Prologis Park Nagareyama 1 Branch 8,139.8889,35.8543,MFS28,LARGE_DISTRIBUTION,high
LC1453,Prologis Park Nagareyama 1 Branch 9,139.9005,35.8523,MFS28,LARGE_DISTRIBUTION,high
LC1454,Prologis Park Nagareyama 1 Branch 10,139.9061,35.8512,MFS28,LARGE_DISTRIBUTION,high
LC1455,Prologis Park Narita 1 Branch 1,140.3200,35.7800,MFS54,LOGISTICS_HUB,high
LC1456,Prologis Park Narita 1 Branch 2,140.3200,35.7800,MFS54,LOGISTICS_HUB,high
LC1457,Prologis Park Narita 1 Branch 3,140.3200,35.7800,MFS54,LOGISTICS_HUB,high
LC1458,Prologis Park Narita 1 Branch 4,140.3200,35.7800,MFS54,LOGISTICS_HUB,high
LC1459,Prologis Park Narita 1 Branch 5,140.3200,35.7800,MFS54,LOGISTICS_HUB,high
LC1460,Prologis Park Narita 1 Branch 6,140.3200,35.7800,MFS54,LOGISTICS_HUB,high
LC1461,Prologis Park Narita 1 Branch 7,140.3200,35.7800,MFS54,LOGISTICS_HUB,high
LC1462,Prologis Park Narita 1 Branch 8,140.3200,35.7800,MFS54,LOGISTICS_HUB,high
LC1463,Prologis Park Narita 1 Branch 9,140.3200,35.7800,MFS54,LOGISTICS_HUB,high
LC1464,Prologis Park Narita 1 Branch 10,140.3200,35.7800,MFS54,LOGISTICS_HUB,high
LC1465,Prologis Park Narita 1 Branch 11,140.3200,35.7800,MFS54,LOGISTICS_HUB,high
LC1466,Prologis Park Narita 1 Branch 12,140.3200,35.7800,MFS54,LOGISTICS_HUB,high
LC1467,Prologis Park Narita 1 Branch 13,140.3200,35.7800,MFS54,LOGISTICS_HUB,high
LC1468,Prologis Park Narita 1 Branch 14,140.3200,35.7800,MFS54,LOGISTICS_HUB,high
LC1469,Prologis Park Narita 1 Branch 15,140.3200,35.7800,MFS54,LOGISTICS_HUB,high
LC1470,Prologis Park Narita 1 Branch 16,140.3200,35.7800,MFS54,LOGISTICS_HUB,high
LC1471,Prologis Park Narita 1 Branch 17,140.3200,35.7800,MFS54,LOGISTICS_HUB,high
LC1472,Prologis Park Narita 1 Branch 18,140.3200,35.7800,MFS54,LOGISTICS_HUB,high
LC1473,Prologis Park Narita 1 Branch 19,140.3200,35.7800,MFS54,LOGISTICS_HUB,high
LC1474,Prologis Park Narita 1 Branch 20,140.3200,35.7800,MFS54,LOGISTICS_HUB,high
LC1475,Prologis Park Narita 1 Branch 21,140.3200,35.7800,MFS54,LOGISTICS_HUB,high
LC1476,Prologis Park Narita 1 Branch 22,140.3200,35.7800,MFS54,LOGISTICS_HUB,high
LC1477,Prologis Park Narita 1 Branch 23,140.3200,35.7800,MFS54,LOGISTICS_HUB,high
LC1478,Prologis Park Narita 1 Branch 24,140.3200,35.7800,MFS54,LOGISTICS_HUB,high
LC1479,SOSiLA Saitama Misato Branch 1,139.8800,35.8479,MFS28,LOGISTICS_HUB,high
LC1480,SOSiLA Saitama Misato Branch 2,139.8689,35.8513,MFS28,LOGISTICS_HUB,high
LC1481,SOSiLA Saitama Misato Branch 3,139.8823,35.8500,MFS28,LOGISTICS_HUB,high
LC1482,SOSiLA Saitama Misato Branch 4,139.8930,35.8348,MFS28,LOGISTICS_HUB,high
LC1483,SOSiLA Saitama Misato Branch 5,139.8738,35.8383,MFS28,LOGISTICS_HUB,high
LC1484,SOSiLA Saitama Misato Branch 6,139.8769,35.8314,MFS28,LOGISTICS_HUB,high
LC1485,SOSiLA Saitama Misato Branch 7,139.8962,35.8442,MFS28,LOGISTICS_HUB,high
LC1486,SOSiLA Saitama Misato Branch 8,139.8769,35.8299,MFS28,LOGISTICS_HUB,high
LC1487,SOSiLA Saitama Misato Branch 9,139.8790,35.8438,MFS28,LOGISTICS_HUB,high
LC1488,SOSiLA Saitama Misato Branch 10,139.8816,35.8506,MFS28,LOGISTICS_HUB,high
LC1489,GLP ALFALINK Soka Branch 1,139.8119,35.8265,MFS27,LOGISTICS_HUB,high
LC1490,GLP ALFALINK Soka Branch 2,139.8118,35.8165,MFS27,LOGISTICS_HUB,high
LC1491,GLP ALFALINK Soka Branch 3,139.8223,35.8185,MFS27,LOGISTICS_HUB,high
LC1492,GLP ALFALINK Soka Branch 4,139.8048,35.8138,MFS27,LOGISTICS_HUB,high
LC1493,GLP ALFALINK Soka Branch 5,139.8171,35.8254,MFS27,LOGISTICS_HUB,high
LC1494,GLP ALFALINK Soka Branch 6,139.8163,35.8212,MFS27,LOGISTICS_HUB,high
LC1495,GLP ALFALINK Soka Branch 7,139.7988,35.8287,MFS27,LOGISTICS_HUB,high
LC1496,GLP ALFALINK Soka Branch 8,139.8156,35.8229,MFS27,LOGISTICS_HUB,high
LC1497,GLP ALFALINK Soka Branch 9,139.8028,35.8148,MFS27,LOGISTICS_HUB,high
LC1498,GLP ALFALINK Soka Branch 10,139.8152,35.8213,MFS27,LOGISTICS_HUB,high
LC1499,GLP Funabashi Branch 1,139.9834,35.6968,MFS39,LARGE_DISTRIBUTION,high
LC1500,GLP Funabashi Branch 2,139.9865,35.6919,MFS39,LARGE_DISTRIBUTION,high
LC1501,GLP Funabashi Branch 3,139.9729,35.6883,MFS39,LARGE_DISTRIBUTION,high
LC1502,GLP Funabashi Branch 4,139.9908,35.6916,MFS39,LARGE_DISTRIBUTION,high
LC1503,GLP Funabashi Branch 5,139.9942,35.6802,MFS39,LARGE_DISTRIBUTION,high
LC1504,GLP Funabashi Branch 6,139.9922,35.6830,MFS39,LARGE_DISTRIBUTION,high
LC1505,GLP Funabashi Branch 7,139.9687,35.6837,MFS39,LARGE_DISTRIBUTION,high
LC1506,GLP Funabashi Branch 8,139.9719,35.7010,MFS39,LARGE_DISTRIBUTION,high
LC1507,GLP Funabashi Branch 9,139.9723,35.6930,MFS39,LARGE_DISTRIBUTION,high
LC1508,GLP Funabashi Branch 10,139.9836,35.6912,MFS39,LARGE_DISTRIBUTION,high
LC1509,DPL Ichikawa Branch 1,139.9202,35.7272,MFS39,MEDIUM_WAREHOUSE,medium
LC1510,DPL Ichikawa Branch 2,139.9231,35.7076,MFS39,MEDIUM_WAREHOUSE,medium
LC1511,DPL Ichikawa Branch 3,139.9383,35.7170,MFS39,MEDIUM_WAREHOUSE,medium
LC1512,DPL Ichikawa Branch 4,139.9207,35.7160,MFS39,MEDIUM_WAREHOUSE,medium
LC1513,DPL Ichikawa Branch 5,139.9253,35.7195,MFS39,MEDIUM_WAREHOUSE,medium
LC1514,DPL Ichikawa Branch 6,139.9203,35.7278,MFS39,MEDIUM_WAREHOUSE,medium
LC1515,DPL Ichikawa Branch 7,139.9338,35.7183,MFS39,MEDIUM_WAREHOUSE,medium
LC1516,DPL Ichikawa Branch 8,139.9443,35.7212,MFS39,MEDIUM_WAREHOUSE,medium
LC1517,DPL Ichikawa Branch 9,139.9332,35.7191,MFS39,MEDIUM_WAREHOUSE,medium
LC1518,DPL Ichikawa Branch 10,139.9300,35.7287,MFS39,MEDIUM_WAREHOUSE,medium
LC1519,DPL Misato Branch 1,139.8658,35.8359,MFS28,MEDIUM_WAREHOUSE,medium
LC1520,DPL Misato Branch 2,139.8643,35.8256,MFS28,MEDIUM_WAREHOUSE,medium
LC1521,DPL Misato Branch 3,139.8625,35.8198,MFS28,MEDIUM_WAREHOUSE,medium
LC1522,DPL Misato Branch 4,139.8740,35.8211,MFS28,MEDIUM_WAREHOUSE,medium
LC1523,DPL Misato Branch 5,139.8774,35.8364,MFS28,MEDIUM_WAREHOUSE,medium
LC1524,DPL Misato Branch 6,139.8739,35.8370,MFS28,MEDIUM_WAREHOUSE,medium
LC1525,DPL Misato Branch 7,139.8617,35.8329,MFS28,MEDIUM_WAREHOUSE,medium
LC1526,DPL Misato Branch 8,139.8789,35.8283,MFS28,MEDIUM_WAREHOUSE,medium
LC1527,DPL Misato Branch 9,139.8731,35.8260,MFS28,MEDIUM_WAREHOUSE,medium
LC1528,DPL Misato Branch 10,139.8689,35.8323,MFS28,MEDIUM_WAREHOUSE,medium
LC1529,Prologis Park Kawaguchi Branch 1,139.7358,35.9007,MFS27,LARGE_DISTRIBUTION,high
LC1530,Prologis Park Kawaguchi Branch 2,139.7274,35.9038,MFS27,LARGE_DISTRIBUTION,high
LC1531,Prologis Park Kawaguchi Branch 3,139.7379,35.8970,MFS27,LARGE_DISTRIBUTION,high
LC1532,Prologis Park Kawaguchi Branch 4,139.7367,35.8977,MFS27,LARGE_DISTRIBUTION,high
LC1533,Prologis Park Kawaguchi Branch 5,139.7338,35.8911,MFS27,LARGE_DISTRIBUTION,high
LC1534,Prologis Park Kawaguchi Branch 6,139.7418,35.8925,MFS27,LARGE_DISTRIBUTION,high
LC1535,Prologis Park Kawaguchi Branch 7,139.7367,35.8830,MFS27,LARGE_DISTRIBUTION,high
LC1536,Prologis Park Kawaguchi Branch 8,139.7423,35.8929,MFS27,LARGE_DISTRIBUTION,high
LC1537,Prologis Park Kawaguchi Branch 9,139.7418,35.8941,MFS27,LARGE_DISTRIBUTION,high
LC1538,Prologis Park Kawaguchi Branch 10,139.7296,35.8954,MFS27,LARGE_DISTRIBUTION,high
LC1539,GLP Sagamihara Branch 1,139.3500,35.5700,MFS26,LOGISTICS_HUB,high
LC1540,GLP Sagamihara Branch 2,139.3500,35.5700,MFS26,LOGISTICS_HUB,high
LC1541,GLP Sagamihara Branch 3,139.3500,35.5700,MFS26,LOGISTICS_HUB,high
LC1542,GLP Sagamihara Branch 4,139.3500,35.5700,MFS26,LOGISTICS_HUB,high
LC1543,GLP Sagamihara Branch 5,139.3500,35.5700,MFS26,LOGISTICS_HUB,high
LC1544,GLP Sagamihara Branch 6,139.3500,35.5700,MFS26,LOGISTICS_HUB,high
LC1545,GLP Sagamihara Branch 7,139.3500,35.5700,MFS26,LOGISTICS_HUB,high
LC1546,GLP Sagamihara Branch 8,139.3500,35.5700,MFS26,LOGISTICS_HUB,high
LC1547,GLP Sagamihara Branch 9,139.3500,35.5700,MFS26,LOGISTICS_HUB,high
LC1548,GLP Sagamihara Branch 10,139.3500,35.5700,MFS26,LOGISTICS_HUB,high
LC1549,GLP Sagamihara Branch 11,139.3500,35.5700,MFS26,LOGISTICS_HUB,high
LC1550,GLP Sagamihara Branch 12,139.3500,35.5700,MFS26,LOGISTICS_HUB,high
LC1551,GLP Sagamihara Branch 13,139.3500,35.5700,MFS26,LOGISTICS_HUB,high
LC1552,GLP Sagamihara Branch 14,139.3500,35.5700,MFS26,LOGISTICS_HUB,high
LC1553,GLP Sagamihara Branch 15,139.3500,35.5700,MFS26,LOGISTICS_HUB,high
LC1554,GLP Sagamihara Branch 16,139.3500,35.5700,MFS26,LOGISTICS_HUB,high
LC1555,GLP Sagamihara Branch 17,139.3500,35.5700,MFS26,LOGISTICS_HUB,high
LC1556,GLP Sagamihara Branch 18,139.3500,35.5700,MFS26,LOGISTICS_HUB,high
LC1557,GLP Atsugi II Branch 1,139.4027,35.4688,MFS26,LARGE_DISTRIBUTION,high
LC1558,GLP Atsugi II Branch 2,139.3700,35.4500,MFS26,LARGE_DISTRIBUTION,high
LC1559,GLP Atsugi II Branch 3,139.3700,35.4500,MFS26,LARGE_DISTRIBUTION,high
LC1560,GLP Atsugi II Branch 4,139.3700,35.4500,MFS26,LARGE_DISTRIBUTION,high
LC1561,GLP Atsugi II Branch 5,139.3700,35.4500,MFS26,LARGE_DISTRIBUTION,high
LC1562,GLP Atsugi II Branch 6,139.3700,35.4500,MFS26,LARGE_DISTRIBUTION,high
LC1563,GLP Atsugi II Branch 7,139.3700,35.4500,MFS26,LARGE_DISTRIBUTION,high
LC1564,GLP Atsugi II Branch 8,139.3700,35.4500,MFS26,LARGE_DISTRIBUTION,high
LC1565,GLP Atsugi II Branch 9,139.3700,35.4500,MFS26,LARGE_DISTRIBUTION,high
LC1566,GLP Atsugi II Branch 10,139.3700,35.4500,MFS26,LARGE_DISTRIBUTION,high
LC1567,GLP Atsugi II Branch 11,139.4055,35.4496,MFS26,LARGE_DISTRIBUTION,high
LC1568,GLP Atsugi II Branch 12,139.3700,35.4500,MFS26,LARGE_DISTRIBUTION,high
LC1569,GLP Atsugi II Branch 13,139.3700,35.4500,MFS26,LARGE_DISTRIBUTION,high
LC1570,GLP Atsugi II Branch 14,139.3700,35.4500,MFS26,LARGE_DISTRIBUTION,high
LC1571,GLP Atsugi II Branch 15,139.3700,35.4500,MFS26,LARGE_DISTRIBUTION,high
LC1572,GLP Atsugi II Branch 16,139.3700,35.4500,MFS26,LARGE_DISTRIBUTION,high
LC1573,GLP Atsugi II Branch 17,139.3700,35.4500,MFS26,LARGE_DISTRIBUTION,high
LC1574,GLP Atsugi II Branch 18,139.3700,35.4500,MFS26,LARGE_DISTRIBUTION,high
LC1575,Prologis Park Zama Branch 1,139.3932,35.4866,MFS26,LOGISTICS_HUB,high
LC1576,Prologis Park Zama Branch 2,139.4128,35.4843,MFS26,LOGISTICS_HUB,high
LC1577,Prologis Park Zama Branch 3,139.4057,35.4807,MFS26,LOGISTICS_HUB,high
LC1578,Prologis Park Zama Branch 4,139.3912,35.4825,MFS26,LOGISTICS_HUB,high
LC1579,Prologis Park Zama Branch 5,139.3960,35.4666,MFS26,LOGISTICS_HUB,high
LC1580,Prologis Park Zama Branch 6,139.4083,35.4646,MFS26,LOGISTICS_HUB,high
LC1581,Prologis Park Zama Branch 7,139.4045,35.4709,MFS26,LOGISTICS_HUB,high
LC1582,Prologis Park Zama Branch 8,139.4077,35.4828,MFS26,LOGISTICS_HUB,high
LC1583,Prologis Park Zama Branch 9,139.4176,35.4672,MFS26,LOGISTICS_HUB,high
LC1584,Prologis Park Zama Branch 10,139.4250,35.4732,MFS26,LOGISTICS_HUB,high
LC1585,Prologis Park Zama Branch 11,139.4027,35.4779,MFS26,LOGISTICS_HUB,high
LC1586,Prologis Park Zama Branch 12,139.3985,35.4800,MFS26,LOGISTICS_HUB,high
LC1587,Prologis Park Zama Branch 13,139.3994,35.4726,MFS26,LOGISTICS_HUB,high
LC1588,Prologis Park Zama Branch 14,139.3996,35.4846,MFS26,LOGISTICS_HUB,high
LC1589,Prologis Park Zama Branch 15,139.3919,35.4854,MFS26,LOGISTICS_HUB,high
LC1590,Prologis Park Zama Branch 16,139.3982,35.4696,MFS26,LOGISTICS_HUB,high
LC1591,Prologis Park Zama Branch 17,139.3965,35.4839,MFS26,LOGISTICS_HUB,high
LC1592,Prologis Park Zama Branch 18,139.4003,35.4609,MFS26,LOGISTICS_HUB,high
LC1593,MFLP Ichikawa Branch 1,139.9283,35.7135,MFS39,LARGE_DISTRIBUTION,high
LC1594,MFLP Ichikawa Branch 2,139.9219,35.7194,MFS39,LARGE_DISTRIBUTION,high
LC1595,MFLP Ichikawa Branch 3,139.9120,35.7209,MFS39,LARGE_DISTRIBUTION,high
LC1596,MFLP Ichikawa Branch 4,139.9097,35.7026,MFS39,LARGE_DISTRIBUTION,high
LC1597,MFLP Ichikawa Branch 5,139.9299,35.7049,MFS39,LARGE_DISTRIBUTION,high
LC1598,MFLP Ichikawa Branch 6,139.9233,35.7134,MFS39,LARGE_DISTRIBUTION,high
LC1599,MFLP Ichikawa Branch 7,139.9221,35.7172,MFS39,LARGE_DISTRIBUTION,high
LC1600,MFLP Ichikawa Branch 8,139.9138,35.7186,MFS39,LARGE_DISTRIBUTION,high
LC1601,MFLP Ichikawa Branch 9,139.9088,35.7184,MFS39,LARGE_DISTRIBUTION,high
LC1602,MFLP Ichikawa Branch 10,139.9397,35.7138,MFS39,LARGE_DISTRIBUTION,high
LC1603,MFLP Funabashi Nishiura Branch 1,139.9558,35.6820,MFS39,LARGE_DISTRIBUTION,high
LC1604,MFLP Funabashi Nishiura Branch 2,139.9530,35.6769,MFS39,LARGE_DISTRIBUTION,high
LC1605,MFLP Funabashi Nishiura Branch 3,139.9511,35.6823,MFS39,LARGE_DISTRIBUTION,high
LC1606,MFLP Funabashi Nishiura Branch 4,139.9679,35.6782,MFS39,LARGE_DISTRIBUTION,high
LC1607,MFLP Funabashi Nishiura Branch 5,139.9609,35.6741,MFS39,LARGE_DISTRIBUTION,high
LC1608,MFLP Funabashi Nishiura Branch 6,139.9594,35.6899,MFS39,LARGE_DISTRIBUTION,high
LC1609,MFLP Funabashi Nishiura Branch 7,139.9526,35.6821,MFS39,LARGE_DISTRIBUTION,high
LC1610,MFLP Funabashi Nishiura Branch 8,139.9529,35.6810,MFS39,LARGE_DISTRIBUTION,high
LC1611,MFLP Funabashi Nishiura Branch 9,139.9526,35.6786,MFS39,LARGE_DISTRIBUTION,high
LC1612,MFLP Funabashi Nishiura Branch 10,139.9523,35.6786,MFS39,LARGE_DISTRIBUTION,high
LC1613,Logifront Shinkiba Branch 1,139.8279,35.6465,MFS04,LOGISTICS_HUB,high
LC1614,Logifront Shinkiba Branch 2,139.8203,35.6639,MFS04,LOGISTICS_HUB,high
LC1615,Logifront Shinkiba Branch 3,139.8255,35.6475,MFS04,LOGISTICS_HUB,high
LC1616,Logifront Shinkiba Branch 4,139.8350,35.6396,MFS04,LOGISTICS_HUB,high
LC1617,Logifront Shinkiba Branch 5,139.8292,35.6535,MFS04,LOGISTICS_HUB,high
LC1618,Logifront Shinkiba Branch 6,139.8393,35.6432,MFS04,LOGISTICS_HUB,high
LC1619,Logifront Shinkiba Branch 7,139.8299,35.6563,MFS04,LOGISTICS_HUB,high
LC1620,Logifront Shinkiba Branch 8,139.8258,35.6623,MFS04,LOGISTICS_HUB,high
LC1621,Logifront Shinkiba Branch 9,139.8252,35.6488,MFS04,LOGISTICS_HUB,high
LC1622,Logifront Shinkiba Branch 10,139.8249,35.6588,MFS04,LOGISTICS_HUB,high
LC1623,Logifront Haneda Branch 1,139.7438,35.5663,MFS02,LOGISTICS_HUB,high
LC1624,Logifront Haneda Branch 2,139.7628,35.5726,MFS02,LOGISTICS_HUB,high
LC1625,Logifront Haneda Branch 3,139.7500,35.5729,MFS02,LOGISTICS_HUB,high
LC1626,Logifront Haneda Branch 4,139.7443,35.5645,MFS02,LOGISTICS_HUB,high
LC1627,Logifront Haneda Branch 5,139.7467,35.5884,MFS02,LOGISTICS_HUB,high
LC1628,Logifront Haneda Branch 6,139.7478,35.5652,MFS02,LOGISTICS_HUB,high
LC1629,Logifront Haneda Branch 7,139.7569,35.5583,MFS02,LOGISTICS_HUB,high
LC1630,Logifront Haneda Branch 8,139.7489,35.5616,MFS02,LOGISTICS_HUB,high
LC1631,Logifront Haneda Branch 9,139.7469,35.5728,MFS02,LOGISTICS_HUB,high
LC1632,Logifront Haneda Branch 10,139.7613,35.5686,MFS02,LOGISTICS_HUB,high
LC1633,GLP Tokyo-Tama Branch 1,139.4200,35.6500,MFS09,MEDIUM_WAREHOUSE,medium
LC1634,GLP Tokyo-Tama Branch 2,139.4200,35.6500,MFS09,MEDIUM_WAREHOUSE,medium
LC1635,GLP Tokyo-Tama Branch 3,139.4200,35.6500,MFS09,MEDIUM_WAREHOUSE,medium
LC1636,GLP Tokyo-Tama Branch 4,139.4200,35.6500,MFS09,MEDIUM_WAREHOUSE,medium
LC1637,GLP Tokyo-Tama Branch 5,139.3749,35.6680,MFS09,MEDIUM_WAREHOUSE,medium
LC1638,GLP Tokyo-Tama Branch 6,139.4200,35.6500,MFS09,MEDIUM_WAREHOUSE,medium
LC1639,GLP Tokyo-Tama Branch 7,139.4200,35.6500,MFS09,MEDIUM_WAREHOUSE,medium
LC1640,GLP Tokyo-Tama Branch 8,139.4200,35.6500,MFS09,MEDIUM_WAREHOUSE,medium
LC1641,GLP Tokyo-Tama Branch 9,139.4200,35.6500,MFS09,MEDIUM_WAREHOUSE,medium
LC1642,GLP Tokyo-Tama Branch 10,139.4200,35.6500,MFS09,MEDIUM_WAREHOUSE,medium
LC1643,GLP Tokyo-Tama Branch 11,139.4200,35.6500,MFS09,MEDIUM_WAREHOUSE,medium
LC1644,GLP Tokyo-Tama Branch 12,139.4200,35.6500,MFS09,MEDIUM_WAREHOUSE,medium
LC1645,GLP Tokyo-Tama Branch 13,139.4200,35.6500,MFS09,MEDIUM_WAREHOUSE,medium
LC1646,GLP Tokyo-Tama Branch 14,139.4200,35.6500,MFS09,MEDIUM_WAREHOUSE,medium
LC1647,GLP Tokyo-Tama Branch 15,139.4200,35.6500,MFS09,MEDIUM_WAREHOUSE,medium
LC1648,GLP Tokyo-Tama Branch 16,139.4200,35.6500,MFS09,MEDIUM_WAREHOUSE,medium
LC1649,GLP Tokyo-Tama Branch 17,139.4200,35.6500,MFS09,MEDIUM_WAREHOUSE,medium
LC1650,GLP Tokyo-Tama Branch 18,139.4200,35.6500,MFS09,MEDIUM_WAREHOUSE,medium
LC1651,Goodman Tokyo-Tama Branch 1,139.4300,35.6600,MFS09,MEDIUM_WAREHOUSE,medium
LC1652,Goodman Tokyo-Tama Branch 2,139.4300,35.6600,MFS09,MEDIUM_WAREHOUSE,medium
LC1653,Goodman Tokyo-Tama Branch 3,139.4300,35.6600,MFS09,MEDIUM_WAREHOUSE,medium
LC1654,Goodman Tokyo-Tama Branch 4,139.4300,35.6600,MFS09,MEDIUM_WAREHOUSE,medium
LC1655,Goodman Tokyo-Tama Branch 5,139.4300,35.6600,MFS09,MEDIUM_WAREHOUSE,medium
LC1656,Goodman Tokyo-Tama Branch 6,139.4300,35.6600,MFS09,MEDIUM_WAREHOUSE,medium
LC1657,Goodman Tokyo-Tama Branch 7,139.4300,35.6600,MFS09,MEDIUM_WAREHOUSE,medium
LC1658,Goodman Tokyo-Tama Branch 8,139.4300,35.6600,MFS09,MEDIUM_WAREHOUSE,medium
LC1659,Goodman Tokyo-Tama Branch 9,139.4300,35.6600,MFS09,MEDIUM_WAREHOUSE,medium
LC1660,Goodman Tokyo-Tama Branch 10,139.4300,35.6600,MFS09,MEDIUM_WAREHOUSE,medium
LC1661,Goodman Tokyo-Tama Branch 11,139.4300,35.6600,MFS09,MEDIUM_WAREHOUSE,medium
LC1662,Goodman Tokyo-Tama Branch 12,139.4300,35.6600,MFS09,MEDIUM_WAREHOUSE,medium
LC1663,Goodman Tokyo-Tama Branch 13,139.4300,35.6600,MFS09,MEDIUM_WAREHOUSE,medium
LC1664,Goodman Tokyo-Tama Branch 14,139.4300,35.6600,MFS09,MEDIUM_WAREHOUSE,medium
LC1665,Goodman Tokyo-Tama Branch 15,139.4300,35.6600,MFS09,MEDIUM_WAREHOUSE,medium
LC1666,Goodman Tokyo-Tama Branch 16,139.4300,35.6600,MFS09,MEDIUM_WAREHOUSE,medium
LC1667,Goodman Tokyo-Tama Branch 17,139.4300,35.6600,MFS09,MEDIUM_WAREHOUSE,medium
LC1668,Goodman Tokyo-Tama Branch 18,139.4300,35.6600,MFS09,MEDIUM_WAREHOUSE,medium
LC1669,Hankyu Hanshin Zama GLC Branch 1,139.4136,35.4753,MFS26,LOGISTICS_HUB,medium
LC1670,Hankyu Hanshin Zama GLC Branch 2,139.3817,35.4692,MFS26,LOGISTICS_HUB,medium
LC1671,Hankyu Hanshin Zama GLC Branch 3,139.3817,35.4692,MFS26,LOGISTICS_HUB,medium
LC1672,Hankyu Hanshin Zama GLC Branch 4,139.3962,35.4798,MFS26,LOGISTICS_HUB,medium
LC1673,Hankyu Hanshin Zama GLC Branch 5,139.4060,35.4714,MFS26,LOGISTICS_HUB,medium
LC1674,Hankyu Hanshin Zama GLC Branch 6,139.3991,35.4640,MFS26,LOGISTICS_HUB,medium
LC1675,Hankyu Hanshin Zama GLC Branch 7,139.3925,35.4852,MFS26,LOGISTICS_HUB,medium
LC1676,Hankyu Hanshin Zama GLC Branch 8,139.4009,35.4628,MFS26,LOGISTICS_HUB,medium
LC1677,Hankyu Hanshin Zama GLC Branch 9,139.4171,35.4611,MFS26,LOGISTICS_HUB,medium
LC1678,Hankyu Hanshin Zama GLC Branch 10,139.4130,35.4644,MFS26,LOGISTICS_HUB,medium
LC1679,Hankyu Hanshin Zama GLC Branch 11,139.3961,35.4741,MFS26,LOGISTICS_HUB,medium
LC1680,Hankyu Hanshin Zama GLC Branch 12,139.3990,35.4883,MFS26,LOGISTICS_HUB,medium
LC1681,Hankyu Hanshin Zama GLC Branch 13,139.3911,35.4807,MFS26,LOGISTICS_HUB,medium
LC1682,Hankyu Hanshin Zama GLC Branch 14,139.3992,35.4844,MFS26,LOGISTICS_HUB,medium
LC1683,Hankyu Hanshin Zama GLC Branch 15,139.4144,35.4654,MFS26,LOGISTICS_HUB,medium
LC1684,Hankyu Hanshin Zama GLC Branch 16,139.3964,35.4682,MFS26,LOGISTICS_HUB,medium
LC1685,Hankyu Hanshin Zama GLC Branch 17,139.4021,35.4689,MFS26,LOGISTICS_HUB,medium
LC1686,Hankyu Hanshin Zama GLC Branch 18,139.4036,35.4832,MFS26,LOGISTICS_HUB,medium
LC1687,ESR Saitama Distribution Center Branch 1,139.6004,35.9081,MFS30,LARGE_DISTRIBUTION,high
LC1688,ESR Saitama Distribution Center Branch 2,139.5900,35.8944,MFS30,LARGE_DISTRIBUTION,high
LC1689,ESR Saitama Distribution Center Branch 3,139.6111,35.9074,MFS30,LARGE_DISTRIBUTION,high
LC1690,ESR Saitama Distribution Center Branch 4,139.6041,35.8942,MFS30,LARGE_DISTRIBUTION,high
LC1691,ESR Saitama Distribution Center Branch 5,139.5819,35.8981,MFS30,LARGE_DISTRIBUTION,high
LC1692,ESR Saitama Distribution Center Branch 6,139.5920,35.9064,MFS30,LARGE_DISTRIBUTION,high
LC1693,ESR Saitama Distribution Center Branch 7,139.6100,35.8974,MFS30,LARGE_DISTRIBUTION,high
LC1694,ESR Saitama Distribution Center Branch 8,139.6101,35.9080,MFS30,LARGE_DISTRIBUTION,high
LC1695,ESR Saitama Distribution Center Branch 9,139.5923,35.9080,MFS30,LARGE_DISTRIBUTION,high
LC1696,ESR Saitama Distribution Center Branch 10,139.6069,35.8959,MFS30,LARGE_DISTRIBUTION,high
LC1697,ESR Ichikawa Branch 1,139.8996,35.7371,MFS39,MEDIUM_WAREHOUSE,medium
LC1698,ESR Ichikawa Branch 2,139.9019,35.7400,MFS39,MEDIUM_WAREHOUSE,medium
LC1699,ESR Ichikawa Branch 3,139.9163,35.7227,MFS39,MEDIUM_WAREHOUSE,medium
LC1700,ESR Ichikawa Branch 4,139.8912,35.7276,MFS39,MEDIUM_WAREHOUSE,medium
LC1701,ESR Ichikawa Branch 5,139.9143,35.7210,MFS39,MEDIUM_WAREHOUSE,medium
LC1702,ESR Ichikawa Branch 6,139.9121,35.7198,MFS39,MEDIUM_WAREHOUSE,medium
LC1703,ESR Ichikawa Branch 7,139.9202,35.7314,MFS39,MEDIUM_WAREHOUSE,medium
LC1704,ESR Ichikawa Branch 8,139.9291,35.7325,MFS39,MEDIUM_WAREHOUSE,medium
LC1705,ESR Ichikawa Branch 9,139.9246,35.7391,MFS39,MEDIUM_WAREHOUSE,medium
LC1706,ESR Ichikawa Branch 10,139.9141,35.7193,MFS39,MEDIUM_WAREHOUSE,medium
LC1707,Nippon Express Saitama Logistics Branch 1,139.5877,35.8758,MFS27,LOGISTICS_HUB,high
LC1708,Nippon Express Saitama Logistics Branch 2,139.5580,35.8822,MFS27,LOGISTICS_HUB,high
LC1709,Nippon Express Saitama Logistics Branch 3,139.5805,35.8890,MFS27,LOGISTICS_HUB,high
LC1710,Nippon Express Saitama Logistics Branch 4,139.5852,35.8883,MFS27,LOGISTICS_HUB,high
LC1711,Nippon Express Saitama Logistics Branch 5,139.5719,35.8691,MFS27,LOGISTICS_HUB,high
LC1712,Nippon Express Saitama Logistics Branch 6,139.5805,35.8876,MFS27,LOGISTICS_HUB,high
LC1713,Nippon Express Saitama Logistics Branch 7,139.5885,35.8751,MFS27,LOGISTICS_HUB,high
LC1714,Nippon Express Saitama Logistics Branch 8,139.5921,35.8708,MFS27,LOGISTICS_HUB,high
LC1715,Nippon Express Saitama Logistics Branch 9,139.5875,35.8717,MFS27,LOGISTICS_HUB,high
LC1716,Nippon Express Saitama Logistics Branch 10,139.5806,35.8877,MFS27,LOGISTICS_HUB,high
LC1717,Yamato Logistics Saitama Hub Branch 1,139.6121,35.8686,MFS27,LARGE_DISTRIBUTION,high
LC1718,Yamato Logistics Saitama Hub Branch 2,139.6233,35.8685,MFS27,LARGE_DISTRIBUTION,high
LC1719,Yamato Logistics Saitama Hub Branch 3,139.6341,35.8665,MFS27,LARGE_DISTRIBUTION,high
LC1720,Yamato Logistics Saitama Hub Branch 4,139.6251,35.8662,MFS27,LARGE_DISTRIBUTION,high
LC1721,Yamato Logistics Saitama Hub Branch 5,139.6170,35.8688,MFS27,LARGE_DISTRIBUTION,high
LC1722,Yamato Logistics Saitama Hub Branch 6,139.6286,35.8700,MFS27,LARGE_DISTRIBUTION,high
LC1723,Yamato Logistics Saitama Hub Branch 7,139.6298,35.8722,MFS27,LARGE_DISTRIBUTION,high
LC1724,Yamato Logistics Saitama Hub Branch 8,139.6168,35.8652,MFS27,LARGE_DISTRIBUTION,high
LC1725,Yamato Logistics Saitama Hub Branch 9,139.6049,35.8705,MFS27,LARGE_DISTRIBUTION,high
LC1726,Yamato Logistics Saitama Hub Branch 10,139.6260,35.8695,MFS27,LARGE_DISTRIBUTION,high
LC1727,Sagawa Logistics Tokyo East Branch 1,139.8017,35.7099,MFS07,LARGE_DISTRIBUTION,medium
LC1728,Sagawa Logistics Tokyo East Branch 2,139.8003,35.7011,MFS07,LARGE_DISTRIBUTION,medium
LC1729,Sagawa Logistics Tokyo East Branch 3,139.8001,35.7014,MFS07,LARGE_DISTRIBUTION,medium
LC1730,Sagawa Logistics Tokyo East Branch 4,139.7913,35.7045,MFS07,LARGE_DISTRIBUTION,medium
LC1731,Sagawa Logistics Tokyo East Branch 5,139.7925,35.6970,MFS07,LARGE_DISTRIBUTION,medium
LC1732,Sagawa Logistics Tokyo East Branch 6,139.8061,35.6925,MFS07,LARGE_DISTRIBUTION,medium
LC1733,Sagawa Logistics Tokyo East Branch 7,139.7883,35.6895,MFS07,LARGE_DISTRIBUTION,medium
LC1734,Sagawa Logistics Tokyo East Branch 8,139.8131,35.6985,MFS07,LARGE_DISTRIBUTION,medium
LC1735,Sagawa Logistics Tokyo East Branch 9,139.7939,35.6810,MFS07,LARGE_DISTRIBUTION,medium
LC1736,Sagawa Logistics Tokyo East Branch 10,139.8021,35.6949,MFS07,LARGE_DISTRIBUTION,medium
LC1737,Seino Logistics Chiba Hub Branch 1,139.9574,35.7301,MFS39,LOGISTICS_HUB,medium
LC1738,Seino Logistics Chiba Hub Branch 2,139.9757,35.7168,MFS39,LOGISTICS_HUB,medium
LC1739,Seino Logistics Chiba Hub Branch 3,139.9566,35.7329,MFS39,LOGISTICS_HUB,medium
LC1740,Seino Logistics Chiba Hub Branch 4,139.9797,35.7295,MFS39,LOGISTICS_HUB,medium
LC1741,Seino Logistics Chiba Hub Branch 5,139.9651,35.7183,MFS39,LOGISTICS_HUB,medium
LC1742,Seino Logistics Chiba Hub Branch 6,139.9601,35.7188,MFS39,LOGISTICS_HUB,medium
LC1743,Seino Logistics Chiba Hub Branch 7,139.9591,35.7124,MFS39,LOGISTICS_HUB,medium
LC1744,Seino Logistics Chiba Hub Branch 8,139.9669,35.7094,MFS39,LOGISTICS_HUB,medium
LC1745,Seino Logistics Chiba Hub Branch 9,139.9473,35.7125,MFS39,LOGISTICS_HUB,medium
LC1746,Seino Logistics Chiba Hub Branch 10,139.9590,35.7212,MFS39,LOGISTICS_HUB,medium
LC1747,Fukuyama Transporting Tokyo Bay Branch 1,139.8305,35.6632,MFS04,MEDIUM_WAREHOUSE,medium
LC1748,Fukuyama Transporting Tokyo Bay Branch 2,139.8114,35.6601,MFS04,MEDIUM_WAREHOUSE,medium
LC1749,Fukuyama Transporting Tokyo Bay Branch 3,139.8247,35.6588,MFS04,MEDIUM_WAREHOUSE,medium
LC1750,Fukuyama Transporting Tokyo Bay Branch 4,139.8105,35.6567,MFS04,MEDIUM_WAREHOUSE,medium
LC1751,Fukuyama Transporting Tokyo Bay Branch 5,139.8230,35.6571,MFS04,MEDIUM_WAREHOUSE,medium
LC1752,Fukuyama Transporting Tokyo Bay Branch 6,139.8188,35.6577,MFS04,MEDIUM_WAREHOUSE,medium
LC1753,Fukuyama Transporting Tokyo Bay Branch 7,139.8180,35.6511,MFS04,MEDIUM_WAREHOUSE,medium
LC1754,Fukuyama Transporting Tokyo Bay Branch 8,139.8322,35.6564,MFS04,MEDIUM_WAREHOUSE,medium
LC1755,Fukuyama Transporting Tokyo Bay Branch 9,139.8146,35.6440,MFS04,MEDIUM_WAREHOUSE,medium
LC1756,Fukuyama Transporting Tokyo Bay Branch 10,139.8255,35.6596,MFS04,MEDIUM_WAREHOUSE,medium
LC1757,SG Holdings Koto Depot Branch 1,139.8005,35.6826,MFS04,MEDIUM_WAREHOUSE,medium
LC1758,SG Holdings Koto Depot Branch 2,139.8067,35.6745,MFS04,MEDIUM_WAREHOUSE,medium
LC1759,SG Holdings Koto Depot Branch 3,139.7952,35.6740,MFS04,MEDIUM_WAREHOUSE,medium
LC1760,SG Holdings Koto Depot Branch 4,139.8142,35.6787,MFS04,MEDIUM_WAREHOUSE,medium
LC1761,SG Holdings Koto Depot Branch 5,139.7983,35.6774,MFS04,MEDIUM_WAREHOUSE,medium
LC1762,SG Holdings Koto Depot Branch 6,139.8096,35.6807,MFS04,MEDIUM_WAREHOUSE,medium
LC1763,SG Holdings Koto Depot Branch 7,139.8003,35.6730,MFS04,MEDIUM_WAREHOUSE,medium
LC1764,SG Holdings Koto Depot Branch 8,139.8075,35.6827,MFS04,MEDIUM_WAREHOUSE,medium
LC1765,SG Holdings Koto Depot Branch 9,139.8209,35.6786,MFS04,MEDIUM_WAREHOUSE,medium
LC1766,SG Holdings Koto Depot Branch 10,139.7973,35.6779,MFS04,MEDIUM_WAREHOUSE,medium
LC1767,Tokyo Logistics Edogawa Branch 1,139.8693,35.6848,MFS04,MEDIUM_WAREHOUSE,medium
LC1768,Tokyo Logistics Edogawa Branch 2,139.8592,35.6830,MFS04,MEDIUM_WAREHOUSE,medium
LC1769,Tokyo Logistics Edogawa Branch 3,139.8722,35.6940,MFS04,MEDIUM_WAREHOUSE,medium
LC1770,Tokyo Logistics Edogawa Branch 4,139.8645,35.6834,MFS04,MEDIUM_WAREHOUSE,medium
LC1771,Tokyo Logistics Edogawa Branch 5,139.8725,35.6921,MFS04,MEDIUM_WAREHOUSE,medium
LC1772,Tokyo Logistics Edogawa Branch 6,139.8799,35.6870,MFS04,MEDIUM_WAREHOUSE,medium
LC1773,Tokyo Logistics Edogawa Branch 7,139.8775,35.6878,MFS04,MEDIUM_WAREHOUSE,medium
LC1774,Tokyo Logistics Edogawa Branch 8,139.8747,35.6949,MFS04,MEDIUM_WAREHOUSE,medium
LC1775,Tokyo Logistics Edogawa Branch 9,139.8762,35.6937,MFS04,MEDIUM_WAREHOUSE,medium
LC1776,Tokyo Logistics Edogawa Branch 10,139.8656,35.6762,MFS04,MEDIUM_WAREHOUSE,medium
LC1777,Schenker Tokyo East Branch 1,139.834595,35.644066,MFS07,MEDIUM_WAREHOUSE,medium
LC1778,Schenker Tokyo East Branch 2,139.8613,35.7107,MFS07,MEDIUM_WAREHOUSE,medium
LC1779,Schenker Tokyo East Branch 3,139.8322,35.6994,MFS07,MEDIUM_WAREHOUSE,medium
LC1780,Schenker Tokyo East Branch 4,139.8572,35.7140,MFS07,MEDIUM_WAREHOUSE,medium
LC1781,Schenker Tokyo East Branch 5,139.8601,35.7272,MFS07,MEDIUM_WAREHOUSE,medium
LC1782,Schenker Tokyo East Branch 6,139.854445,35.643032,MFS07,MEDIUM_WAREHOUSE,medium
LC1783,Schenker Tokyo East Branch 7,139.8627,35.6982,MFS07,MEDIUM_WAREHOUSE,medium
LC1784,Schenker Tokyo East Branch 8,139.8542,35.7206,MFS07,MEDIUM_WAREHOUSE,medium
LC1785,Schenker Tokyo East Branch 9,139.8523,35.7160,MFS07,MEDIUM_WAREHOUSE,medium
LC1786,Schenker Tokyo East Branch 10,139.8592,35.7067,MFS07,MEDIUM_WAREHOUSE,medium
LC1787,Kintetsu World Express Tokyo Branch 1,139.8249,35.6634,MFS04,MEDIUM_WAREHOUSE,medium
LC1788,Kintetsu World Express Tokyo Branch 2,139.8355,35.6562,MFS04,MEDIUM_WAREHOUSE,medium
LC1789,Kintetsu World Express Tokyo Branch 3,139.8420,35.6735,MFS04,MEDIUM_WAREHOUSE,medium
LC1790,Kintetsu World Express Tokyo Branch 4,139.8408,35.6684,MFS04,MEDIUM_WAREHOUSE,medium
LC1791,Kintetsu World Express Tokyo Branch 5,139.852558,35.642815,MFS04,MEDIUM_WAREHOUSE,medium
LC1792,Kintetsu World Express Tokyo Branch 6,139.8584,35.6657,MFS04,MEDIUM_WAREHOUSE,medium
LC1793,Kintetsu World Express Tokyo Branch 7,139.8424,35.6644,MFS04,MEDIUM_WAREHOUSE,medium
LC1794,Kintetsu World Express Tokyo Branch 8,139.8381,35.6762,MFS04,MEDIUM_WAREHOUSE,medium
LC1795,Kintetsu World Express Tokyo Branch 9,139.8441,35.6776,MFS04,MEDIUM_WAREHOUSE,medium
LC1796,Kintetsu World Express Tokyo Branch 10,139.851047,35.642921,MFS04,MEDIUM_WAREHOUSE,medium
LC1797,Panalpina Japan Tokyo Depot Branch 1,139.8081,35.6755,MFS04,MEDIUM_WAREHOUSE,low
LC1798,Panalpina Japan Tokyo Depot Branch 2,139.8465,35.6821,MFS04,MEDIUM_WAREHOUSE,low
LC1799,Panalpina Japan Tokyo Depot Branch 3,139.8391,35.6862,MFS04,MEDIUM_WAREHOUSE,low
LC1800,Panalpina Japan Tokyo Depot Branch 4,139.8233,35.6949,MFS04,MEDIUM_WAREHOUSE,low
LC1801,Panalpina Japan Tokyo Depot Branch 5,139.8376,35.6959,MFS04,MEDIUM_WAREHOUSE,low
LC1802,Panalpina Japan Tokyo Depot Branch 6,139.8260,35.6956,MFS04,MEDIUM_WAREHOUSE,low
LC1803,Panalpina Japan Tokyo Depot Branch 7,139.8310,35.7028,MFS04,MEDIUM_WAREHOUSE,low
LC1804,Panalpina Japan Tokyo Depot Branch 8,139.8331,35.6966,MFS04,MEDIUM_WAREHOUSE,low
LC1805,Panalpina Japan Tokyo Depot Branch 9,139.8188,35.7021,MFS04,MEDIUM_WAREHOUSE,low
LC1806,Panalpina Japan Tokyo Depot Branch 10,139.8428,35.6840,MFS04,MEDIUM_WAREHOUSE,low
LC1807,Mitsui-Soko Ichikawa Branch 1,139.9506,35.7041,MFS39,MEDIUM_WAREHOUSE,medium
LC1808,Mitsui-Soko Ichikawa Branch 2,139.9419,35.7073,MFS39,MEDIUM_WAREHOUSE,medium
LC1809,Mitsui-Soko Ichikawa Branch 3,139.9283,35.7087,MFS39,MEDIUM_WAREHOUSE,medium
LC1810,Mitsui-Soko Ichikawa Branch 4,139.9358,35.7177,MFS39,MEDIUM_WAREHOUSE,medium
LC1811,Mitsui-Soko Ichikawa Branch 5,139.9312,35.7061,MFS39,MEDIUM_WAREHOUSE,medium
LC1812,Mitsui-Soko Ichikawa Branch 6,139.9321,35.7154,MFS39,MEDIUM_WAREHOUSE,medium
LC1813,Mitsui-Soko Ichikawa Branch 7,139.9421,35.7158,MFS39,MEDIUM_WAREHOUSE,medium
LC1814,Mitsui-Soko Ichikawa Branch 8,139.9350,35.7115,MFS39,MEDIUM_WAREHOUSE,medium
LC1815,Mitsui-Soko Ichikawa Branch 9,139.9479,35.7075,MFS39,MEDIUM_WAREHOUSE,medium
LC1816,Mitsui-Soko Ichikawa Branch 10,139.9370,35.7111,MFS39,MEDIUM_WAREHOUSE,medium
LC1817,Mitsubishi Logistics Kasai Branch 1,139.8637,35.6805,MFS04,MEDIUM_WAREHOUSE,medium
LC1818,Mitsubishi Logistics Kasai Branch 2,139.8514,35.7004,MFS04,MEDIUM_WAREHOUSE,medium
LC1819,Mitsubishi Logistics Kasai Branch 3,139.8618,35.6682,MFS04,MEDIUM_WAREHOUSE,medium
LC1820,Mitsubishi Logistics Kasai Branch 4,139.8569,35.6719,MFS04,MEDIUM_WAREHOUSE,medium
LC1821,Mitsubishi Logistics Kasai Branch 5,139.8787,35.6844,MFS04,MEDIUM_WAREHOUSE,medium
LC1822,Mitsubishi Logistics Kasai Branch 6,139.8681,35.6749,MFS04,MEDIUM_WAREHOUSE,medium
LC1823,Mitsubishi Logistics Kasai Branch 7,139.849701,35.642666,MFS04,MEDIUM_WAREHOUSE,medium
LC1824,Mitsubishi Logistics Kasai Branch 8,139.8576,35.6795,MFS04,MEDIUM_WAREHOUSE,medium
LC1825,Mitsubishi Logistics Kasai Branch 9,139.8583,35.6842,MFS04,MEDIUM_WAREHOUSE,medium
LC1826,Mitsubishi Logistics Kasai Branch 10,139.8626,35.6795,MFS04,MEDIUM_WAREHOUSE,medium
LC1827,Sumitomo Warehouse Tokyo East Branch 1,139.8774,35.6874,MFS04,MEDIUM_WAREHOUSE,medium
LC1828,Sumitomo Warehouse Tokyo East Branch 2,139.8693,35.6915,MFS04,MEDIUM_WAREHOUSE,medium
LC1829,Sumitomo Warehouse Tokyo East Branch 3,139.8734,35.7060,MFS04,MEDIUM_WAREHOUSE,medium
LC1830,Sumitomo Warehouse Tokyo East Branch 4,139.8645,35.6855,MFS04,MEDIUM_WAREHOUSE,medium
LC1831,Sumitomo Warehouse Tokyo East Branch 5,139.8859,35.7099,MFS04,MEDIUM_WAREHOUSE,medium
LC1832,Sumitomo Warehouse Tokyo East Branch 6,139.8798,35.6931,MFS04,MEDIUM_WAREHOUSE,medium
LC1833,Sumitomo Warehouse Tokyo East Branch 7,139.8748,35.7021,MFS04,MEDIUM_WAREHOUSE,medium
LC1834,Sumitomo Warehouse Tokyo East Branch 8,139.8731,35.7096,MFS04,MEDIUM_WAREHOUSE,medium
LC1835,Sumitomo Warehouse Tokyo East Branch 9,139.8880,35.7015,MFS04,MEDIUM_WAREHOUSE,medium
LC1836,Sumitomo Warehouse Tokyo East Branch 10,139.8733,35.7102,MFS04,MEDIUM_WAREHOUSE,medium
LC1837,Tokyo Soko Edogawa Branch 1,139.8807,35.6897,MFS04,MEDIUM_WAREHOUSE,low
LC1838,Tokyo Soko Edogawa Branch 2,139.8809,35.7027,MFS04,MEDIUM_WAREHOUSE,low
LC1839,Tokyo Soko Edogawa Branch 3,139.8913,35.6725,MFS04,MEDIUM_WAREHOUSE,low
LC1840,Tokyo Soko Edogawa Branch 4,139.8949,35.6889,MFS04,MEDIUM_WAREHOUSE,low
LC1841,Tokyo Soko Edogawa Branch 5,139.8694,35.6996,MFS04,MEDIUM_WAREHOUSE,low
LC1842,Tokyo Soko Edogawa Branch 6,139.8842,35.6911,MFS04,MEDIUM_WAREHOUSE,low
LC1843,Tokyo Soko Edogawa Branch 7,139.8803,35.7003,MFS04,MEDIUM_WAREHOUSE,low
LC1844,Tokyo Soko Edogawa Branch 8,139.8656,35.6840,MFS04,MEDIUM_WAREHOUSE,low
LC1845,Tokyo Soko Edogawa Branch 9,139.8762,35.6866,MFS04,MEDIUM_WAREHOUSE,low
LC1846,Tokyo Soko Edogawa Branch 10,139.8895,35.6821,MFS04,MEDIUM_WAREHOUSE,low
LC1847,Kawanishi Warehouse Adachi Branch 1,139.8183,35.7805,MFS07,MEDIUM_WAREHOUSE,low
LC1848,Kawanishi Warehouse Adachi Branch 2,139.8129,35.7736,MFS07,MEDIUM_WAREHOUSE,low
LC1849,Kawanishi Warehouse Adachi Branch 3,139.8170,35.7847,MFS07,MEDIUM_WAREHOUSE,low
LC1850,Kawanishi Warehouse Adachi Branch 4,139.8238,35.7626,MFS07,MEDIUM_WAREHOUSE,low
LC1851,Kawanishi Warehouse Adachi Branch 5,139.8109,35.7643,MFS07,MEDIUM_WAREHOUSE,low
LC1852,Kawanishi Warehouse Adachi Branch 6,139.8102,35.7766,MFS07,MEDIUM_WAREHOUSE,low
LC1853,Kawanishi Warehouse Adachi Branch 7,139.8088,35.7732,MFS07,MEDIUM_WAREHOUSE,low
LC1854,Kawanishi Warehouse Adachi Branch 8,139.8219,35.7798,MFS07,MEDIUM_WAREHOUSE,low
LC1855,Kawanishi Warehouse Adachi Branch 9,139.8329,35.7799,MFS07,MEDIUM_WAREHOUSE,low
LC1856,Kawanishi Warehouse Adachi Branch 10,139.8149,35.7703,MFS07,MEDIUM_WAREHOUSE,low
LC1857,Toyo Logistics Katsushika Branch 1,139.8595,35.7705,MFS07,MEDIUM_WAREHOUSE,low
LC1858,Toyo Logistics Katsushika Branch 2,139.8673,35.7570,MFS07,MEDIUM_WAREHOUSE,low
LC1859,Toyo Logistics Katsushika Branch 3,139.8536,35.7587,MFS07,MEDIUM_WAREHOUSE,low
LC1860,Toyo Logistics Katsushika Branch 4,139.8709,35.7688,MFS07,MEDIUM_WAREHOUSE,low
LC1861,Toyo Logistics Katsushika Branch 5,139.8746,35.7486,MFS07,MEDIUM_WAREHOUSE,low
LC1862,Toyo Logistics Katsushika Branch 6,139.8512,35.7572,MFS07,MEDIUM_WAREHOUSE,low
LC1863,Toyo Logistics Katsushika Branch 7,139.8784,35.7764,MFS07,MEDIUM_WAREHOUSE,low
LC1864,Toyo Logistics Katsushika Branch 8,139.8562,35.7606,MFS07,MEDIUM_WAREHOUSE,low
LC1865,Toyo Logistics Katsushika Branch 9,139.8620,35.7731,MFS07,MEDIUM_WAREHOUSE,low
LC1866,Toyo Logistics Katsushika Branch 10,139.8654,35.7708,MFS07,MEDIUM_WAREHOUSE,low
LC1867,Meiko Trans Koto Branch 1,139.8121,35.6551,MFS04,MEDIUM_WAREHOUSE,medium
LC1868,Meiko Trans Koto Branch 2,139.8036,35.6550,MFS04,MEDIUM_WAREHOUSE,medium
LC1869,Meiko Trans Koto Branch 3,139.8167,35.6673,MFS04,MEDIUM_WAREHOUSE,medium
LC1870,Meiko Trans Koto Branch 4,139.8105,35.6555,MFS04,MEDIUM_WAREHOUSE,medium
LC1871,Meiko Trans Koto Branch 5,139.8117,35.6659,MFS04,MEDIUM_WAREHOUSE,medium
LC1872,Meiko Trans Koto Branch 6,139.793471,35.651176,MFS04,MEDIUM_WAREHOUSE,medium
LC1873,Meiko Trans Koto Branch 7,139.7994,35.6743,MFS04,MEDIUM_WAREHOUSE,medium
LC1874,Meiko Trans Koto Branch 8,139.8165,35.6570,MFS04,MEDIUM_WAREHOUSE,medium
LC1875,Meiko Trans Koto Branch 9,139.8135,35.6695,MFS04,MEDIUM_WAREHOUSE,medium
LC1876,Meiko Trans Koto Branch 10,139.8064,35.6625,MFS04,MEDIUM_WAREHOUSE,medium
LC1877,Hamakyorex Tokyo East Branch 1,139.8392,35.6824,MFS04,MEDIUM_WAREHOUSE,low
LC1878,Hamakyorex Tokyo East Branch 2,139.8421,35.6842,MFS04,MEDIUM_WAREHOUSE,low
LC1879,Hamakyorex Tokyo East Branch 3,139.8353,35.6737,MFS04,MEDIUM_WAREHOUSE,low
LC1880,Hamakyorex Tokyo East Branch 4,139.8421,35.6781,MFS04,MEDIUM_WAREHOUSE,low
LC1881,Hamakyorex Tokyo East Branch 5,139.8403,35.6885,MFS04,MEDIUM_WAREHOUSE,low
LC1882,Hamakyorex Tokyo East Branch 6,139.8358,35.6786,MFS04,MEDIUM_WAREHOUSE,low
LC1883,Hamakyorex Tokyo East Branch 7,139.8427,35.6795,MFS04,MEDIUM_WAREHOUSE,low
LC1884,Hamakyorex Tokyo East Branch 8,139.8367,35.6734,MFS04,MEDIUM_WAREHOUSE,low
LC1885,Hamakyorex Tokyo East Branch 9,139.8291,35.6779,MFS04,MEDIUM_WAREHOUSE,low
LC1886,Hamakyorex Tokyo East Branch 10,139.8490,35.6942,MFS04,MEDIUM_WAREHOUSE,low
LC1887,Tonami Transport Tokyo Depot Branch 1,139.8269,35.6728,MFS04,MEDIUM_WAREHOUSE,low
LC1888,Tonami Transport Tokyo Depot Branch 2,139.8346,35.6731,MFS04,MEDIUM_WAREHOUSE,low
LC1889,Tonami Transport Tokyo Depot Branch 3,139.8224,35.6761,MFS04,MEDIUM_WAREHOUSE,low
LC1890,Tonami Transport Tokyo Depot Branch 4,139.8353,35.6590,MFS04,MEDIUM_WAREHOUSE,low
LC1891,Tonami Transport Tokyo Depot Branch 5,139.8342,35.6734,MFS04,MEDIUM_WAREHOUSE,low
LC1892,Tonami Transport Tokyo Depot Branch 6,139.8229,35.6635,MFS04,MEDIUM_WAREHOUSE,low
LC1893,Tonami Transport Tokyo Depot Branch 7,139.8403,35.6745,MFS04,MEDIUM_WAREHOUSE,low
LC1894,Tonami Transport Tokyo Depot Branch 8,139.8260,35.6655,MFS04,MEDIUM_WAREHOUSE,low
LC1895,Tonami Transport Tokyo Depot Branch 9,139.8235,35.6649,MFS04,MEDIUM_WAREHOUSE,low
LC1896,Tonami Transport Tokyo Depot Branch 10,139.8299,35.6595,MFS04,MEDIUM_WAREHOUSE,low
LC1897,Hitachi Transport Saitama Branch 1,139.6044,35.8858,MFS27,LARGE_DISTRIBUTION,high
LC1898,Hitachi Transport Saitama Branch 2,139.6188,35.8894,MFS27,LARGE_DISTRIBUTION,high
LC1899,Hitachi Transport Saitama Branch 3,139.6140,35.8881,MFS27,LARGE_DISTRIBUTION,high
LC1900,Hitachi Transport Saitama Branch 4,139.6026,35.8885,MFS27,LARGE_DISTRIBUTION,high
LC1901,Hitachi Transport Saitama Branch 5,139.6170,35.8978,MFS27,LARGE_DISTRIBUTION,high
LC1902,Hitachi Transport Saitama Branch 6,139.6196,35.9062,MFS27,LARGE_DISTRIBUTION,high
LC1903,Hitachi Transport Saitama Branch 7,139.6265,35.8899,MFS27,LARGE_DISTRIBUTION,high
LC1904,Hitachi Transport Saitama Branch 8,139.6089,35.8911,MFS27,LARGE_DISTRIBUTION,high
LC1905,Hitachi Transport Saitama Branch 9,139.6115,35.8864,MFS27,LARGE_DISTRIBUTION,high
LC1906,Hitachi Transport Saitama Branch 10,139.6045,35.8887,MFS27,LARGE_DISTRIBUTION,high
LC1907,Nippon Express Kashiwa Branch 1,139.9700,35.8500,MFS43,LOGISTICS_HUB,medium
LC1908,Nippon Express Kashiwa Branch 2,139.9700,35.8500,MFS43,LOGISTICS_HUB,medium
LC1909,Nippon Express Kashiwa Branch 3,139.9700,35.8500,MFS43,LOGISTICS_HUB,medium
LC1910,Nippon Express Kashiwa Branch 4,139.9700,35.8500,MFS43,LOGISTICS_HUB,medium
LC1911,Nippon Express Kashiwa Branch 5,139.9700,35.8500,MFS43,LOGISTICS_HUB,medium
LC1912,Nippon Express Kashiwa Branch 6,139.9700,35.8500,MFS43,LOGISTICS_HUB,medium
LC1913,Nippon Express Kashiwa Branch 7,139.9700,35.8500,MFS43,LOGISTICS_HUB,medium
LC1914,Nippon Express Kashiwa Branch 8,139.9700,35.8500,MFS43,LOGISTICS_HUB,medium
LC1915,Nippon Express Kashiwa Branch 9,139.9700,35.8500,MFS43,LOGISTICS_HUB,medium
LC1916,Nippon Express Kashiwa Branch 10,139.9700,35.8500,MFS43,LOGISTICS_HUB,medium
LC1917,Nippon Express Kashiwa Branch 11,139.9700,35.8500,MFS43,LOGISTICS_HUB,medium
LC1918,Nippon Express Kashiwa Branch 12,139.9700,35.8500,MFS43,LOGISTICS_HUB,medium
LC1919,Nippon Express Kashiwa Branch 13,139.9700,35.8500,MFS43,LOGISTICS_HUB,medium
LC1920,Nippon Express Kashiwa Branch 14,139.9700,35.8500,MFS43,LOGISTICS_HUB,medium
LC1921,Nippon Express Kashiwa Branch 15,139.9700,35.8500,MFS43,LOGISTICS_HUB,medium
LC1922,Nippon Express Kashiwa Branch 16,139.9700,35.8500,MFS43,LOGISTICS_HUB,medium
LC1923,Nippon Express Kashiwa Branch 17,139.9700,35.8500,MFS43,LOGISTICS_HUB,medium
LC1924,Nippon Express Kashiwa Branch 18,139.9700,35.8500,MFS43,LOGISTICS_HUB,medium
LC1925,Yamato Logistics Kashiwa Hub Branch 1,139.9800,35.8600,MFS43,LARGE_DISTRIBUTION,medium
LC1926,Yamato Logistics Kashiwa Hub Branch 2,139.9800,35.8600,MFS43,LARGE_DISTRIBUTION,medium
LC1927,Yamato Logistics Kashiwa Hub Branch 3,139.9800,35.8600,MFS43,LARGE_DISTRIBUTION,medium
LC1928,Yamato Logistics Kashiwa Hub Branch 4,139.9800,35.8600,MFS43,LARGE_DISTRIBUTION,medium
LC1929,Yamato Logistics Kashiwa Hub Branch 5,139.9800,35.8600,MFS43,LARGE_DISTRIBUTION,medium
LC1930,Yamato Logistics Kashiwa Hub Branch 6,139.9800,35.8600,MFS43,LARGE_DISTRIBUTION,medium
LC1931,Yamato Logistics Kashiwa Hub Branch 7,139.9800,35.8600,MFS43,LARGE_DISTRIBUTION,medium
LC1932,Yamato Logistics Kashiwa Hub Branch 8,139.9800,35.8600,MFS43,LARGE_DISTRIBUTION,medium
LC1933,Yamato Logistics Kashiwa Hub Branch 9,139.9800,35.8600,MFS43,LARGE_DISTRIBUTION,medium
LC1934,Yamato Logistics Kashiwa Hub Branch 10,139.9800,35.8600,MFS43,LARGE_DISTRIBUTION,medium
LC1935,Yamato Logistics Kashiwa Hub Branch 11,139.9800,35.8600,MFS43,LARGE_DISTRIBUTION,medium
LC1936,Yamato Logistics Kashiwa Hub Branch 12,139.9800,35.8600,MFS43,LARGE_DISTRIBUTION,medium
LC1937,Yamato Logistics Kashiwa Hub Branch 13,139.9800,35.8600,MFS43,LARGE_DISTRIBUTION,medium
LC1938,Yamato Logistics Kashiwa Hub Branch 14,139.9800,35.8600,MFS43,LARGE_DISTRIBUTION,medium
LC1939,Yamato Logistics Kashiwa Hub Branch 15,139.9800,35.8600,MFS43,LARGE_DISTRIBUTION,medium
LC1940,Yamato Logistics Kashiwa Hub Branch 16,139.9800,35.8600,MFS43,LARGE_DISTRIBUTION,medium
LC1941,Yamato Logistics Kashiwa Hub Branch 17,139.9800,35.8600,MFS43,LARGE_DISTRIBUTION,medium
LC1942,Yamato Logistics Kashiwa Hub Branch 18,139.9800,35.8600,MFS43,LARGE_DISTRIBUTION,medium
LC1943,DHL Tokyo East Gateway Branch 1,139.8376,35.7072,MFS04,MEDIUM_WAREHOUSE,medium
LC1944,DHL Tokyo East Gateway Branch 2,139.8465,35.6992,MFS04,MEDIUM_WAREHOUSE,medium
LC1945,DHL Tokyo East Gateway Branch 3,139.8507,35.6986,MFS04,MEDIUM_WAREHOUSE,medium
LC1946,DHL Tokyo East Gateway Branch 4,139.849701,35.642666,MFS04,MEDIUM_WAREHOUSE,medium
LC1947,DHL Tokyo East Gateway Branch 5,139.8449,35.7055,MFS04,MEDIUM_WAREHOUSE,medium
LC1948,DHL Tokyo East Gateway Branch 6,139.8478,35.6944,MFS04,MEDIUM_WAREHOUSE,medium
LC1949,DHL Tokyo East Gateway Branch 7,139.8458,35.7031,MFS04,MEDIUM_WAREHOUSE,medium
LC1950,DHL Tokyo East Gateway Branch 8,139.8404,35.7040,MFS04,MEDIUM_WAREHOUSE,medium
LC1951,DHL Tokyo East Gateway Branch 9,139.8622,35.7021,MFS04,MEDIUM_WAREHOUSE,medium
LC1952,DHL Tokyo East Gateway Branch 10,139.8465,35.6992,MFS04,MEDIUM_WAREHOUSE,medium
LC1953,FedEx Tokyo Suburban Hub Branch 1,139.9458,35.7410,MFS39,MEDIUM_WAREHOUSE,medium
LC1954,FedEx Tokyo Suburban Hub Branch 2,139.9374,35.7649,MFS39,MEDIUM_WAREHOUSE,medium
LC1955,FedEx Tokyo Suburban Hub Branch 3,139.9481,35.7501,MFS39,MEDIUM_WAREHOUSE,medium
LC1956,FedEx Tokyo Suburban Hub Branch 4,139.9590,35.7519,MFS39,MEDIUM_WAREHOUSE,medium
LC1957,FedEx Tokyo Suburban Hub Branch 5,139.9480,35.7391,MFS39,MEDIUM_WAREHOUSE,medium
LC1958,FedEx Tokyo Suburban Hub Branch 6,139.9578,35.7464,MFS39,MEDIUM_WAREHOUSE,medium
LC1959,FedEx Tokyo Suburban Hub Branch 7,139.9500,35.7448,MFS39,MEDIUM_WAREHOUSE,medium
LC1960,FedEx Tokyo Suburban Hub Branch 8,139.9521,35.7498,MFS39,MEDIUM_WAREHOUSE,medium
LC1961,FedEx Tokyo Suburban Hub Branch 9,139.9449,35.7612,MFS39,MEDIUM_WAREHOUSE,medium
LC1962,FedEx Tokyo Suburban Hub Branch 10,139.9534,35.7462,MFS39,MEDIUM_WAREHOUSE,medium
LC1963,UPS Tokyo Distribution Branch 1,139.8290,35.7105,MFS04,MEDIUM_WAREHOUSE,medium
LC1964,UPS Tokyo Distribution Branch 2,139.8336,35.6940,MFS04,MEDIUM_WAREHOUSE,medium
LC1965,UPS Tokyo Distribution Branch 3,139.8211,35.7128,MFS04,MEDIUM_WAREHOUSE,medium
LC1966,UPS Tokyo Distribution Branch 4,139.8180,35.7125,MFS04,MEDIUM_WAREHOUSE,medium
LC1967,UPS Tokyo Distribution Branch 5,139.8161,35.7202,MFS04,MEDIUM_WAREHOUSE,medium
LC1968,UPS Tokyo Distribution Branch 6,139.8286,35.7082,MFS04,MEDIUM_WAREHOUSE,medium
LC1969,UPS Tokyo Distribution Branch 7,139.8194,35.7045,MFS04,MEDIUM_WAREHOUSE,medium
LC1970,UPS Tokyo Distribution Branch 8,139.8128,35.7108,MFS04,MEDIUM_WAREHOUSE,medium
LC1971,UPS Tokyo Distribution Branch 9,139.8287,35.7140,MFS04,MEDIUM_WAREHOUSE,medium
LC1972,UPS Tokyo Distribution Branch 10,139.8282,35.7160,MFS04,MEDIUM_WAREHOUSE,medium
LC1973,Kuehne+Nagel Tokyo East Branch 1,139.8636,35.6926,MFS04,MEDIUM_WAREHOUSE,medium
LC1974,Kuehne+Nagel Tokyo East Branch 2,139.8628,35.6860,MFS04,MEDIUM_WAREHOUSE,medium
LC1975,Kuehne+Nagel Tokyo East Branch 3,139.8591,35.6901,MFS04,MEDIUM_WAREHOUSE,medium
LC1976,Kuehne+Nagel Tokyo East Branch 4,139.8623,35.6775,MFS04,MEDIUM_WAREHOUSE,medium
LC1977,Kuehne+Nagel Tokyo East Branch 5,139.8714,35.6833,MFS04,MEDIUM_WAREHOUSE,medium
LC1978,Kuehne+Nagel Tokyo East Branch 6,139.8649,35.6912,MFS04,MEDIUM_WAREHOUSE,medium
LC1979,Kuehne+Nagel Tokyo East Branch 7,139.850136,35.650655,MFS04,MEDIUM_WAREHOUSE,medium
LC1980,Kuehne+Nagel Tokyo East Branch 8,139.8633,35.6859,MFS04,MEDIUM_WAREHOUSE,medium
LC1981,Kuehne+Nagel Tokyo East Branch 9,139.8483,35.6937,MFS04,MEDIUM_WAREHOUSE,medium
LC1982,Kuehne+Nagel Tokyo East Branch 10,139.8631,35.6883,MFS04,MEDIUM_WAREHOUSE,medium
LC1983,DB Schenker Chiba Branch 1,139.9997,35.6971,MFS39,MEDIUM_WAREHOUSE,medium
LC1984,DB Schenker Chiba Branch 2,139.9829,35.7025,MFS39,MEDIUM_WAREHOUSE,medium
LC1985,DB Schenker Chiba Branch 3,139.9895,35.6987,MFS39,MEDIUM_WAREHOUSE,medium
LC1986,DB Schenker Chiba Branch 4,139.9778,35.6983,MFS39,MEDIUM_WAREHOUSE,medium
LC1987,DB Schenker Chiba Branch 5,139.9875,35.6975,MFS39,MEDIUM_WAREHOUSE,medium
LC1988,DB Schenker Chiba Branch 6,139.9836,35.7009,MFS39,MEDIUM_WAREHOUSE,medium
LC1989,DB Schenker Chiba Branch 7,139.9822,35.6974,MFS39,MEDIUM_WAREHOUSE,medium
LC1990,DB Schenker Chiba Branch 8,139.9957,35.7022,MFS39,MEDIUM_WAREHOUSE,medium
LC1991,DB Schenker Chiba Branch 9,139.9971,35.6979,MFS39,MEDIUM_WAREHOUSE,medium
LC1992,DB Schenker Chiba Branch 10,139.9754,35.7091,MFS39,MEDIUM_WAREHOUSE,medium
LC1993,CJ Logistics Tokyo Hub Branch 1,139.8336,35.6621,MFS04,MEDIUM_WAREHOUSE,low
LC1994,CJ Logistics Tokyo Hub Branch 2,139.8234,35.6729,MFS04,MEDIUM_WAREHOUSE,low
LC1995,CJ Logistics Tokyo Hub Branch 3,139.8093,35.6656,MFS04,MEDIUM_WAREHOUSE,low
LC1996,CJ Logistics Tokyo Hub Branch 4,139.7946,35.6778,MFS04,MEDIUM_WAREHOUSE,low
LC1997,CJ Logistics Tokyo Hub Branch 5,139.8156,35.6739,MFS04,MEDIUM_WAREHOUSE,low
LC1998,CJ Logistics Tokyo Hub Branch 6,139.8329,35.6750,MFS04,MEDIUM_WAREHOUSE,low
LC1999,CJ Logistics Tokyo Hub Branch 7,139.8233,35.6766,MFS04,MEDIUM_WAREHOUSE,low
LC2000,CJ Logistics Tokyo Hub Branch 8,139.8146,35.6681,MFS04,MEDIUM_WAREHOUSE,low
LC2001,CJ Logistics Tokyo Hub Branch 9,139.8226,35.6730,MFS04,MEDIUM_WAREHOUSE,low
LC2002,CJ Logistics Tokyo Hub Branch 10,139.8196,35.6690,MFS04,MEDIUM_WAREHOUSE,low
LC2003,Kerry Logistics Tokyo Branch 1,139.8531,35.6945,MFS04,MEDIUM_WAREHOUSE,low
LC2004,Kerry Logistics Tokyo Branch 2,139.8490,35.6967,MFS04,MEDIUM_WAREHOUSE,low
LC2005,Kerry Logistics Tokyo Branch 3,139.8391,35.6895,MFS04,MEDIUM_WAREHOUSE,low
LC2006,Kerry Logistics Tokyo Branch 4,139.8432,35.6874,MFS04,MEDIUM_WAREHOUSE,low
LC2007,Kerry Logistics Tokyo Branch 5,139.8416,35.6857,MFS04,MEDIUM_WAREHOUSE,low
LC2008,Kerry Logistics Tokyo Branch 6,139.8310,35.6913,MFS04,MEDIUM_WAREHOUSE,low
LC2009,Kerry Logistics Tokyo Branch 7,139.8464,35.6940,MFS04,MEDIUM_WAREHOUSE,low
LC2010,Kerry Logistics Tokyo Branch 8,139.8333,35.6835,MFS04,MEDIUM_WAREHOUSE,low
LC2011,Kerry Logistics Tokyo Branch 9,139.8415,35.6863,MFS04,MEDIUM_WAREHOUSE,low
LC2012,Kerry Logistics Tokyo Branch 10,139.8467,35.6959,MFS04,MEDIUM_WAREHOUSE,low
LC2013,Toll Logistics Tokyo Bay Branch 1,139.8119,35.6480,MFS04,MEDIUM_WAREHOUSE,medium
LC2014,Toll Logistics Tokyo Bay Branch 2,139.7864,35.6483,MFS04,MEDIUM_WAREHOUSE,medium
LC2015,Toll Logistics Tokyo Bay Branch 3,139.8045,35.6479,MFS04,MEDIUM_WAREHOUSE,medium
LC2016,Toll Logistics Tokyo Bay Branch 4,139.8098,35.6524,MFS04,MEDIUM_WAREHOUSE,medium
LC2017,Toll Logistics Tokyo Bay Branch 5,139.7953,35.6558,MFS04,MEDIUM_WAREHOUSE,medium
LC2018,Toll Logistics Tokyo Bay Branch 6,139.8104,35.6484,MFS04,MEDIUM_WAREHOUSE,medium
LC2019,Toll Logistics Tokyo Bay Branch 7,139.80104,35.63833,MFS04,MEDIUM_WAREHOUSE,medium
LC2020,Toll Logistics Tokyo Bay Branch 8,139.8177,35.6569,MFS04,MEDIUM_WAREHOUSE,medium
LC2021,Toll Logistics Tokyo Bay Branch 9,139.8018,35.6407,MFS04,MEDIUM_WAREHOUSE,medium
LC2022,Toll Logistics Tokyo Bay Branch 10,139.8159,35.6579,MFS04,MEDIUM_WAREHOUSE,medium
LC2023,Agility Logistics Koto Branch 1,139.8268,35.6917,MFS04,MEDIUM_WAREHOUSE,low
LC2024,Agility Logistics Koto Branch 2,139.8282,35.6807,MFS04,MEDIUM_WAREHOUSE,low
LC2025,Agility Logistics Koto Branch 3,139.8331,35.6812,MFS04,MEDIUM_WAREHOUSE,low
LC2026,Agility Logistics Koto Branch 4,139.8335,35.6775,MFS04,MEDIUM_WAREHOUSE,low
LC2027,Agility Logistics Koto Branch 5,139.8252,35.6748,MFS04,MEDIUM_WAREHOUSE,low
LC2028,Agility Logistics Koto Branch 6,139.8230,35.6848,MFS04,MEDIUM_WAREHOUSE,low
LC2029,Agility Logistics Koto Branch 7,139.8362,35.6654,MFS04,MEDIUM_WAREHOUSE,low
LC2030,Agility Logistics Koto Branch 8,139.8267,35.6881,MFS04,MEDIUM_WAREHOUSE,low
LC2031,Agility Logistics Koto Branch 9,139.8268,35.6853,MFS04,MEDIUM_WAREHOUSE,low
LC2032,Agility Logistics Koto Branch 10,139.8391,35.6774,MFS04,MEDIUM_WAREHOUSE,low
LC2033,Yusen Logistics Tokyo East Branch 1,139.8403,35.6867,MFS04,MEDIUM_WAREHOUSE,medium
LC2034,Yusen Logistics Tokyo East Branch 2,139.8622,35.6731,MFS04,MEDIUM_WAREHOUSE,medium
LC2035,Yusen Logistics Tokyo East Branch 3,139.8413,35.6765,MFS04,MEDIUM_WAREHOUSE,medium
LC2036,Yusen Logistics Tokyo East Branch 4,139.8670,35.6690,MFS04,MEDIUM_WAREHOUSE,medium
LC2037,Yusen Logistics Tokyo East Branch 5,139.8473,35.6897,MFS04,MEDIUM_WAREHOUSE,medium
LC2038,Yusen Logistics Tokyo East Branch 6,139.8559,35.6751,MFS04,MEDIUM_WAREHOUSE,medium
LC2039,Yusen Logistics Tokyo East Branch 7,139.8533,35.6717,MFS04,MEDIUM_WAREHOUSE,medium
LC2040,Yusen Logistics Tokyo East Branch 8,139.852607,35.642812,MFS04,MEDIUM_WAREHOUSE,medium
LC2041,Yusen Logistics Tokyo East Branch 9,139.8556,35.6687,MFS04,MEDIUM_WAREHOUSE,medium
LC2042,Yusen Logistics Tokyo East Branch 10,139.8606,35.6705,MFS04,MEDIUM_WAREHOUSE,medium
LC2043,Kintetsu Logistics Saitama Branch 1,139.6339,35.8918,MFS27,MEDIUM_WAREHOUSE,medium
LC2044,Kintetsu Logistics Saitama Branch 2,139.6325,35.8761,MFS27,MEDIUM_WAREHOUSE,medium
LC2045,Kintetsu Logistics Saitama Branch 3,139.6244,35.8735,MFS27,MEDIUM_WAREHOUSE,medium
LC2046,Kintetsu Logistics Saitama Branch 4,139.6303,35.8880,MFS27,MEDIUM_WAREHOUSE,medium
LC2047,Kintetsu Logistics Saitama Branch 5,139.6287,35.8889,MFS27,MEDIUM_WAREHOUSE,medium
LC2048,Kintetsu Logistics Saitama Branch 6,139.6256,35.8791,MFS27,MEDIUM_WAREHOUSE,medium
LC2049,Kintetsu Logistics Saitama Branch 7,139.6252,35.8767,MFS27,MEDIUM_WAREHOUSE,medium
LC2050,Kintetsu Logistics Saitama Branch 8,139.6443,35.8773,MFS27,MEDIUM_WAREHOUSE,medium
LC2051,Kintetsu Logistics Saitama Branch 9,139.6306,35.8799,MFS27,MEDIUM_WAREHOUSE,medium
LC2052,Kintetsu Logistics Saitama Branch 10,139.6370,35.8951,MFS27,MEDIUM_WAREHOUSE,medium
LC2053,Hankyu Hanshin Express Tokyo Branch 1,139.8279,35.6866,MFS04,MEDIUM_WAREHOUSE,low
LC2054,Hankyu Hanshin Express Tokyo Branch 2,139.8306,35.6895,MFS04,MEDIUM_WAREHOUSE,low
LC2055,Hankyu Hanshin Express Tokyo Branch 3,139.8182,35.6989,MFS04,MEDIUM_WAREHOUSE,low
LC2056,Hankyu Hanshin Express Tokyo Branch 4,139.8208,35.6921,MFS04,MEDIUM_WAREHOUSE,low
LC2057,Hankyu Hanshin Express Tokyo Branch 5,139.7997,35.6986,MFS04,MEDIUM_WAREHOUSE,low
LC2058,Hankyu Hanshin Express Tokyo Branch 6,139.8125,35.6855,MFS04,MEDIUM_WAREHOUSE,low
LC2059,Hankyu Hanshin Express Tokyo Branch 7,139.8169,35.6923,MFS04,MEDIUM_WAREHOUSE,low
LC2060,Hankyu Hanshin Express Tokyo Branch 8,139.8232,35.6960,MFS04,MEDIUM_WAREHOUSE,low
LC2061,Hankyu Hanshin Express Tokyo Branch 9,139.8208,35.6878,MFS04,MEDIUM_WAREHOUSE,low
LC2062,Hankyu Hanshin Express Tokyo Branch 10,139.8237,35.6854,MFS04,MEDIUM_WAREHOUSE,low
LC2063,Sankyu Tokyo Distribution Branch 1,139.8340,35.6983,MFS04,MEDIUM_WAREHOUSE,low
LC2064,Sankyu Tokyo Distribution Branch 2,139.8439,35.6845,MFS04,MEDIUM_WAREHOUSE,low
LC2065,Sankyu Tokyo Distribution Branch 3,139.8379,35.6957,MFS04,MEDIUM_WAREHOUSE,low
LC2066,Sankyu Tokyo Distribution Branch 4,139.8480,35.6943,MFS04,MEDIUM_WAREHOUSE,low
LC2067,Sankyu Tokyo Distribution Branch 5,139.8472,35.7004,MFS04,MEDIUM_WAREHOUSE,low
LC2068,Sankyu Tokyo Distribution Branch 6,139.8354,35.6961,MFS04,MEDIUM_WAREHOUSE,low
LC2069,Sankyu Tokyo Distribution Branch 7,139.8348,35.7022,MFS04,MEDIUM_WAREHOUSE,low
LC2070,Sankyu Tokyo Distribution Branch 8,139.8323,35.6939,MFS04,MEDIUM_WAREHOUSE,low
LC2071,Sankyu Tokyo Distribution Branch 9,139.8389,35.7088,MFS04,MEDIUM_WAREHOUSE,low
LC2072,Sankyu Tokyo Distribution Branch 10,139.8425,35.6966,MFS04,MEDIUM_WAREHOUSE,low
LC2073,Kamigumi Tokyo Logistics Branch 1,139.8034,35.6580,MFS04,MEDIUM_WAREHOUSE,low
LC2074,Kamigumi Tokyo Logistics Branch 2,139.8127,35.6724,MFS04,MEDIUM_WAREHOUSE,low
LC2075,Kamigumi Tokyo Logistics Branch 3,139.8125,35.6558,MFS04,MEDIUM_WAREHOUSE,low
LC2076,Kamigumi Tokyo Logistics Branch 4,139.8210,35.6662,MFS04,MEDIUM_WAREHOUSE,low
LC2077,Kamigumi Tokyo Logistics Branch 5,139.8163,35.6593,MFS04,MEDIUM_WAREHOUSE,low
LC2078,Kamigumi Tokyo Logistics Branch 6,139.8064,35.6603,MFS04,MEDIUM_WAREHOUSE,low
LC2079,Kamigumi Tokyo Logistics Branch 7,139.8132,35.6559,MFS04,MEDIUM_WAREHOUSE,low
LC2080,Kamigumi Tokyo Logistics Branch 8,139.8053,35.6611,MFS04,MEDIUM_WAREHOUSE,low
LC2081,Kamigumi Tokyo Logistics Branch 9,139.8126,35.6644,MFS04,MEDIUM_WAREHOUSE,low
LC2082,Kamigumi Tokyo Logistics Branch 10,139.8146,35.6632,MFS04,MEDIUM_WAREHOUSE,low
LC2083,Tokyo Logistics Katsushika Hub Branch 1,139.8462,35.7586,MFS07,MEDIUM_WAREHOUSE,medium
LC2084,Tokyo Logistics Katsushika Hub Branch 2,139.8436,35.7460,MFS07,MEDIUM_WAREHOUSE,medium
LC2085,Tokyo Logistics Katsushika Hub Branch 3,139.8508,35.7531,MFS07,MEDIUM_WAREHOUSE,medium
LC2086,Tokyo Logistics Katsushika Hub Branch 4,139.8610,35.7554,MFS07,MEDIUM_WAREHOUSE,medium
LC2087,Tokyo Logistics Katsushika Hub Branch 5,139.8377,35.7540,MFS07,MEDIUM_WAREHOUSE,medium
LC2088,Tokyo Logistics Katsushika Hub Branch 6,139.8417,35.7564,MFS07,MEDIUM_WAREHOUSE,medium
LC2089,Tokyo Logistics Katsushika Hub Branch 7,139.8427,35.7559,MFS07,MEDIUM_WAREHOUSE,medium
LC2090,Tokyo Logistics Katsushika Hub Branch 8,139.8478,35.7642,MFS07,MEDIUM_WAREHOUSE,medium
LC2091,Tokyo Logistics Katsushika Hub Branch 9,139.8359,35.7507,MFS07,MEDIUM_WAREHOUSE,medium
LC2092,Tokyo Logistics Katsushika Hub Branch 10,139.8430,35.7491,MFS07,MEDIUM_WAREHOUSE,medium
LC2093,Saitama Logistics Park North Branch 1,139.5789,35.9101,MFS30,LARGE_DISTRIBUTION,medium
LC2094,Saitama Logistics Park North Branch 2,139.5958,35.9019,MFS30,LARGE_DISTRIBUTION,medium
LC2095,Saitama Logistics Park North Branch 3,139.5800,35.9036,MFS30,LARGE_DISTRIBUTION,medium
LC2096,Saitama Logistics Park North Branch 4,139.5918,35.9158,MFS30,LARGE_DISTRIBUTION,medium
LC2097,Saitama Logistics Park North Branch 5,139.5850,35.9130,MFS30,LARGE_DISTRIBUTION,medium
LC2098,Saitama Logistics Park North Branch 6,139.5885,35.9149,MFS30,LARGE_DISTRIBUTION,medium
LC2099,Saitama Logistics Park North Branch 7,139.5827,35.9054,MFS30,LARGE_DISTRIBUTION,medium
LC2100,Saitama Logistics Park North Branch 8,139.6085,35.9125,MFS30,LARGE_DISTRIBUTION,medium
LC2101,Saitama Logistics Park North Branch 9,139.5905,35.9208,MFS30,LARGE_DISTRIBUTION,medium
LC2102,Saitama Logistics Park North Branch 10,139.5763,35.9137,MFS30,LARGE_DISTRIBUTION,medium
LC2103,Saitama Logistics Park South Branch 1,139.6152,35.8528,MFS27,LARGE_DISTRIBUTION,medium
LC2104,Saitama Logistics Park South Branch 2,139.6110,35.8566,MFS27,LARGE_DISTRIBUTION,medium
LC2105,Saitama Logistics Park South Branch 3,139.6191,35.8499,MFS27,LARGE_DISTRIBUTION,medium
LC2106,Saitama Logistics Park South Branch 4,139.6177,35.8619,MFS27,LARGE_DISTRIBUTION,medium
LC2107,Saitama Logistics Park South Branch 5,139.6176,35.8491,MFS27,LARGE_DISTRIBUTION,medium
LC2108,Saitama Logistics Park South Branch 6,139.6130,35.8485,MFS27,LARGE_DISTRIBUTION,medium
LC2109,Saitama Logistics Park South Branch 7,139.6263,35.8577,MFS27,LARGE_DISTRIBUTION,medium
LC2110,Saitama Logistics Park South Branch 8,139.6063,35.8578,MFS27,LARGE_DISTRIBUTION,medium
LC2111,Saitama Logistics Park South Branch 9,139.6210,35.8533,MFS27,LARGE_DISTRIBUTION,medium
LC2112,Saitama Logistics Park South Branch 10,139.6219,35.8576,MFS27,LARGE_DISTRIBUTION,medium
LC2113,Chiba Logistics Corridor East Branch 1,140.0000,35.7000,MFS43,MEDIUM_WAREHOUSE,medium
LC2114,Chiba Logistics Corridor East Branch 2,140.0000,35.7000,MFS43,MEDIUM_WAREHOUSE,medium
LC2115,Chiba Logistics Corridor East Branch 3,140.0000,35.7000,MFS43,MEDIUM_WAREHOUSE,medium
LC2116,Chiba Logistics Corridor East Branch 4,140.0000,35.7000,MFS43,MEDIUM_WAREHOUSE,medium
LC2117,Chiba Logistics Corridor East Branch 5,140.0000,35.7000,MFS43,MEDIUM_WAREHOUSE,medium
LC2118,Chiba Logistics Corridor East Branch 6,140.0000,35.7000,MFS43,MEDIUM_WAREHOUSE,medium
LC2119,Chiba Logistics Corridor East Branch 7,140.0000,35.7000,MFS43,MEDIUM_WAREHOUSE,medium
LC2120,Chiba Logistics Corridor East Branch 8,140.0000,35.7000,MFS43,MEDIUM_WAREHOUSE,medium
LC2121,Chiba Logistics Corridor East Branch 9,140.0000,35.7000,MFS43,MEDIUM_WAREHOUSE,medium
LC2122,Chiba Logistics Corridor East Branch 10,140.0000,35.7000,MFS43,MEDIUM_WAREHOUSE,medium
LC2123,Chiba Logistics Corridor East Branch 11,140.0000,35.7000,MFS43,MEDIUM_WAREHOUSE,medium
LC2124,Chiba Logistics Corridor East Branch 12,140.0000,35.7000,MFS43,MEDIUM_WAREHOUSE,medium
LC2125,Chiba Logistics Corridor East Branch 13,140.0000,35.7000,MFS43,MEDIUM_WAREHOUSE,medium
LC2126,Chiba Logistics Corridor East Branch 14,140.0000,35.7000,MFS43,MEDIUM_WAREHOUSE,medium
LC2127,Chiba Logistics Corridor East Branch 15,140.0000,35.7000,MFS43,MEDIUM_WAREHOUSE,medium
LC2128,Chiba Logistics Corridor East Branch 16,140.0000,35.7000,MFS43,MEDIUM_WAREHOUSE,medium
LC2129,Chiba Logistics Corridor East Branch 17,140.0000,35.7000,MFS43,MEDIUM_WAREHOUSE,medium
LC2130,Chiba Logistics Corridor East Branch 18,140.0000,35.7000,MFS43,MEDIUM_WAREHOUSE,medium
LC2131,Chiba Logistics Corridor West Branch 1,139.9529,35.6805,MFS39,MEDIUM_WAREHOUSE,medium
LC2132,Chiba Logistics Corridor West Branch 2,139.9502,35.6897,MFS39,MEDIUM_WAREHOUSE,medium
LC2133,Chiba Logistics Corridor West Branch 3,139.9516,35.6838,MFS39,MEDIUM_WAREHOUSE,medium
LC2134,Chiba Logistics Corridor West Branch 4,139.9420,35.6968,MFS39,MEDIUM_WAREHOUSE,medium
LC2135,Chiba Logistics Corridor West Branch 5,139.9627,35.6827,MFS39,MEDIUM_WAREHOUSE,medium
LC2136,Chiba Logistics Corridor West Branch 6,139.9470,35.6872,MFS39,MEDIUM_WAREHOUSE,medium
LC2137,Chiba Logistics Corridor West Branch 7,139.9669,35.6917,MFS39,MEDIUM_WAREHOUSE,medium
LC2138,Chiba Logistics Corridor West Branch 8,139.9506,35.6954,MFS39,MEDIUM_WAREHOUSE,medium
LC2139,Chiba Logistics Corridor West Branch 9,139.9624,35.6824,MFS39,MEDIUM_WAREHOUSE,medium
LC2140,Chiba Logistics Corridor West Branch 10,139.9733,35.6789,MFS39,MEDIUM_WAREHOUSE,medium
LC2141,Tobu Railway Logistics Soka Branch 1,139.8294,35.8251,MFS27,MEDIUM_WAREHOUSE,medium
LC2142,Tobu Railway Logistics Soka Branch 2,139.8208,35.8360,MFS27,MEDIUM_WAREHOUSE,medium
LC2143,Tobu Railway Logistics Soka Branch 3,139.8126,35.8259,MFS27,MEDIUM_WAREHOUSE,medium
LC2144,Tobu Railway Logistics Soka Branch 4,139.8164,35.8396,MFS27,MEDIUM_WAREHOUSE,medium
LC2145,Tobu Railway Logistics Soka Branch 5,139.8256,35.8312,MFS27,MEDIUM_WAREHOUSE,medium
LC2146,Tobu Railway Logistics Soka Branch 6,139.8251,35.8270,MFS27,MEDIUM_WAREHOUSE,medium
LC2147,Tobu Railway Logistics Soka Branch 7,139.8191,35.8385,MFS27,MEDIUM_WAREHOUSE,medium
LC2148,Tobu Railway Logistics Soka Branch 8,139.8391,35.8343,MFS27,MEDIUM_WAREHOUSE,medium
LC2149,Tobu Railway Logistics Soka Branch 9,139.8124,35.8322,MFS27,MEDIUM_WAREHOUSE,medium
LC2150,Tobu Railway Logistics Soka Branch 10,139.8017,35.8375,MFS27,MEDIUM_WAREHOUSE,medium
LC2151,Seibu Railway Logistics Hub Branch 1,139.4100,35.6400,MFS09,MEDIUM_WAREHOUSE,low
LC2152,Seibu Railway Logistics Hub Branch 2,139.4100,35.6400,MFS09,MEDIUM_WAREHOUSE,low
LC2153,Seibu Railway Logistics Hub Branch 3,139.4100,35.6400,MFS09,MEDIUM_WAREHOUSE,low
LC2154,Seibu Railway Logistics Hub Branch 4,139.4100,35.6400,MFS09,MEDIUM_WAREHOUSE,low
LC2155,Seibu Railway Logistics Hub Branch 5,139.4100,35.6400,MFS09,MEDIUM_WAREHOUSE,low
LC2156,Seibu Railway Logistics Hub Branch 6,139.4100,35.6400,MFS09,MEDIUM_WAREHOUSE,low
LC2157,Seibu Railway Logistics Hub Branch 7,139.4100,35.6400,MFS09,MEDIUM_WAREHOUSE,low
LC2158,Seibu Railway Logistics Hub Branch 8,139.4100,35.6400,MFS09,MEDIUM_WAREHOUSE,low
LC2159,Seibu Railway Logistics Hub Branch 9,139.4100,35.6400,MFS09,MEDIUM_WAREHOUSE,low
LC2160,Seibu Railway Logistics Hub Branch 10,139.4100,35.6400,MFS09,MEDIUM_WAREHOUSE,low
LC2161,Seibu Railway Logistics Hub Branch 11,139.3647,35.6376,MFS09,MEDIUM_WAREHOUSE,low
LC2162,Seibu Railway Logistics Hub Branch 12,139.4100,35.6400,MFS09,MEDIUM_WAREHOUSE,low
LC2163,Seibu Railway Logistics Hub Branch 13,139.4100,35.6400,MFS09,MEDIUM_WAREHOUSE,low
LC2164,Seibu Railway Logistics Hub Branch 14,139.4100,35.6400,MFS09,MEDIUM_WAREHOUSE,low
LC2165,Seibu Railway Logistics Hub Branch 15,139.3735,35.6420,MFS09,MEDIUM_WAREHOUSE,low
LC2166,Seibu Railway Logistics Hub Branch 16,139.4100,35.6400,MFS09,MEDIUM_WAREHOUSE,low
LC2167,Seibu Railway Logistics Hub Branch 17,139.4100,35.6400,MFS09,MEDIUM_WAREHOUSE,low
LC2168,Seibu Railway Logistics Hub Branch 18,139.4100,35.6400,MFS09,MEDIUM_WAREHOUSE,low
LC2169,JR Freight Tokyo Terminal Branch 1,139.7962,35.7118,MFS07,LOGISTICS_HUB,high
LC2170,JR Freight Tokyo Terminal Branch 2,139.7996,35.7198,MFS07,LOGISTICS_HUB,high
LC2171,JR Freight Tokyo Terminal Branch 3,139.8013,35.7231,MFS07,LOGISTICS_HUB,high
LC2172,JR Freight Tokyo Terminal Branch 4,139.7953,35.7311,MFS07,LOGISTICS_HUB,high
LC2173,JR Freight Tokyo Terminal Branch 5,139.7999,35.7326,MFS07,LOGISTICS_HUB,high
LC2174,JR Freight Tokyo Terminal Branch 6,139.7903,35.7149,MFS07,LOGISTICS_HUB,high
LC2175,JR Freight Tokyo Terminal Branch 7,139.7902,35.7045,MFS07,LOGISTICS_HUB,high
LC2176,JR Freight Tokyo Terminal Branch 8,139.7931,35.7174,MFS07,LOGISTICS_HUB,high
LC2177,JR Freight Tokyo Terminal Branch 9,139.7918,35.7267,MFS07,LOGISTICS_HUB,high
LC2178,JR Freight Tokyo Terminal Branch 10,139.7915,35.7203,MFS07,LOGISTICS_HUB,high
LC2179,Odakyu Logistics Tama Branch 1,139.4500,35.6600,MFS09,MEDIUM_WAREHOUSE,low
LC2180,Odakyu Logistics Tama Branch 2,139.4500,35.6600,MFS09,MEDIUM_WAREHOUSE,low
LC2181,Odakyu Logistics Tama Branch 3,139.4500,35.6600,MFS09,MEDIUM_WAREHOUSE,low
LC2182,Odakyu Logistics Tama Branch 4,139.4500,35.6600,MFS09,MEDIUM_WAREHOUSE,low
LC2183,Odakyu Logistics Tama Branch 5,139.4500,35.6600,MFS09,MEDIUM_WAREHOUSE,low
LC2184,Odakyu Logistics Tama Branch 6,139.4500,35.6600,MFS09,MEDIUM_WAREHOUSE,low
LC2185,Odakyu Logistics Tama Branch 7,139.4500,35.6600,MFS09,MEDIUM_WAREHOUSE,low
LC2186,Odakyu Logistics Tama Branch 8,139.4500,35.6600,MFS09,MEDIUM_WAREHOUSE,low
LC2187,Odakyu Logistics Tama Branch 9,139.4500,35.6600,MFS09,MEDIUM_WAREHOUSE,low
LC2188,Odakyu Logistics Tama Branch 10,139.4500,35.6600,MFS09,MEDIUM_WAREHOUSE,low
LC2189,Odakyu Logistics Tama Branch 11,139.4500,35.6600,MFS09,MEDIUM_WAREHOUSE,low
LC2190,Odakyu Logistics Tama Branch 12,139.4500,35.6600,MFS09,MEDIUM_WAREHOUSE,low
LC2191,Odakyu Logistics Tama Branch 13,139.4500,35.6600,MFS09,MEDIUM_WAREHOUSE,low
LC2192,Odakyu Logistics Tama Branch 14,139.4500,35.6600,MFS09,MEDIUM_WAREHOUSE,low
LC2193,Odakyu Logistics Tama Branch 15,139.4500,35.6600,MFS09,MEDIUM_WAREHOUSE,low
LC2194,Odakyu Logistics Tama Branch 16,139.4500,35.6600,MFS09,MEDIUM_WAREHOUSE,low
LC2195,Odakyu Logistics Tama Branch 17,139.4500,35.6600,MFS09,MEDIUM_WAREHOUSE,low
LC2196,Odakyu Logistics Tama Branch 18,139.4500,35.6600,MFS09,MEDIUM_WAREHOUSE,low
LC2197,Keio Logistics West Tokyo Branch 1,139.4800,35.6700,MFS09,MEDIUM_WAREHOUSE,low
LC2198,Keio Logistics West Tokyo Branch 2,139.4800,35.6700,MFS09,MEDIUM_WAREHOUSE,low
LC2199,Keio Logistics West Tokyo Branch 3,139.4800,35.6700,MFS09,MEDIUM_WAREHOUSE,low
LC2200,Keio Logistics West Tokyo Branch 4,139.4800,35.6700,MFS09,MEDIUM_WAREHOUSE,low
LC2201,Keio Logistics West Tokyo Branch 5,139.4800,35.6700,MFS09,MEDIUM_WAREHOUSE,low
LC2202,Keio Logistics West Tokyo Branch 6,139.4800,35.6700,MFS09,MEDIUM_WAREHOUSE,low
LC2203,Keio Logistics West Tokyo Branch 7,139.4800,35.6700,MFS09,MEDIUM_WAREHOUSE,low
LC2204,Keio Logistics West Tokyo Branch 8,139.4800,35.6700,MFS09,MEDIUM_WAREHOUSE,low
LC2205,Keio Logistics West Tokyo Branch 9,139.4800,35.6700,MFS09,MEDIUM_WAREHOUSE,low
LC2206,Keio Logistics West Tokyo Branch 10,139.4800,35.6700,MFS09,MEDIUM_WAREHOUSE,low
LC2207,Keio Logistics West Tokyo Branch 11,139.4800,35.6700,MFS09,MEDIUM_WAREHOUSE,low
LC2208,Keio Logistics West Tokyo Branch 12,139.4800,35.6700,MFS09,MEDIUM_WAREHOUSE,low
LC2209,Keio Logistics West Tokyo Branch 13,139.4800,35.6700,MFS09,MEDIUM_WAREHOUSE,low
LC2210,Keio Logistics West Tokyo Branch 14,139.4800,35.6700,MFS09,MEDIUM_WAREHOUSE,low
LC2211,Keio Logistics West Tokyo Branch 15,139.4800,35.6700,MFS09,MEDIUM_WAREHOUSE,low
LC2212,Keio Logistics West Tokyo Branch 16,139.4800,35.6700,MFS09,MEDIUM_WAREHOUSE,low
LC2213,Keio Logistics West Tokyo Branch 17,139.4800,35.6700,MFS09,MEDIUM_WAREHOUSE,low
LC2214,Keio Logistics West Tokyo Branch 18,139.4800,35.6700,MFS09,MEDIUM_WAREHOUSE,low
LC2215,Metro Railway Logistics Branch 1,139.7842,35.6920,MFS01,MEDIUM_WAREHOUSE,medium
LC2216,Metro Railway Logistics Branch 2,139.7759,35.6934,MFS01,MEDIUM_WAREHOUSE,medium
LC2217,Metro Railway Logistics Branch 3,139.7668,35.6961,MFS01,MEDIUM_WAREHOUSE,medium
LC2218,Metro Railway Logistics Branch 4,139.7869,35.6892,MFS01,MEDIUM_WAREHOUSE,medium
LC2219,Metro Railway Logistics Branch 5,139.7702,35.6918,MFS01,MEDIUM_WAREHOUSE,medium
LC2220,Metro Railway Logistics Branch 6,139.7877,35.6890,MFS01,MEDIUM_WAREHOUSE,medium
LC2221,Metro Railway Logistics Branch 7,139.7832,35.6971,MFS01,MEDIUM_WAREHOUSE,medium
LC2222,Metro Railway Logistics Branch 8,139.7878,35.6845,MFS01,MEDIUM_WAREHOUSE,medium
LC2223,Metro Railway Logistics Branch 9,139.7762,35.6987,MFS01,MEDIUM_WAREHOUSE,medium
LC2224,Metro Railway Logistics Branch 10,139.7793,35.6858,MFS01,MEDIUM_WAREHOUSE,medium
LC2225,Sotetsu Logistics Yokohama Branch 1,139.5778,35.4690,MFS11,MEDIUM_WAREHOUSE,medium
LC2226,Sotetsu Logistics Yokohama Branch 2,139.5844,35.4656,MFS11,MEDIUM_WAREHOUSE,medium
LC2227,Sotetsu Logistics Yokohama Branch 3,139.5942,35.4734,MFS11,MEDIUM_WAREHOUSE,medium
LC2228,Sotetsu Logistics Yokohama Branch 4,139.5741,35.4724,MFS11,MEDIUM_WAREHOUSE,medium
LC2229,Sotetsu Logistics Yokohama Branch 5,139.5883,35.4725,MFS11,MEDIUM_WAREHOUSE,medium
LC2230,Sotetsu Logistics Yokohama Branch 6,139.5721,35.4751,MFS11,MEDIUM_WAREHOUSE,medium
LC2231,Sotetsu Logistics Yokohama Branch 7,139.5956,35.4634,MFS11,MEDIUM_WAREHOUSE,medium
LC2232,Sotetsu Logistics Yokohama Branch 8,139.5795,35.4618,MFS11,MEDIUM_WAREHOUSE,medium
LC2233,Sotetsu Logistics Yokohama Branch 9,139.5623,35.4687,MFS11,MEDIUM_WAREHOUSE,medium
LC2234,Sotetsu Logistics Yokohama Branch 10,139.5935,35.4760,MFS11,MEDIUM_WAREHOUSE,medium
LC2235,Keikyu Logistics Kawasaki Branch 1,139.6695,35.4990,MFS16,MEDIUM_WAREHOUSE,medium
LC2236,Keikyu Logistics Kawasaki Branch 2,139.6884,35.5043,MFS16,MEDIUM_WAREHOUSE,medium
LC2237,Keikyu Logistics Kawasaki Branch 3,139.6817,35.5071,MFS16,MEDIUM_WAREHOUSE,medium
LC2238,Keikyu Logistics Kawasaki Branch 4,139.6834,35.5179,MFS16,MEDIUM_WAREHOUSE,medium
LC2239,Keikyu Logistics Kawasaki Branch 5,139.6848,35.5093,MFS16,MEDIUM_WAREHOUSE,medium
LC2240,Keikyu Logistics Kawasaki Branch 6,139.6675,35.5068,MFS16,MEDIUM_WAREHOUSE,medium
LC2241,Keikyu Logistics Kawasaki Branch 7,139.6671,35.5106,MFS16,MEDIUM_WAREHOUSE,medium
LC2242,Keikyu Logistics Kawasaki Branch 8,139.6754,35.5068,MFS16,MEDIUM_WAREHOUSE,medium
LC2243,Keikyu Logistics Kawasaki Branch 9,139.6666,35.5158,MFS16,MEDIUM_WAREHOUSE,medium
LC2244,Keikyu Logistics Kawasaki Branch 10,139.6870,35.5039,MFS16,MEDIUM_WAREHOUSE,medium
LC2245,Tokyo Metro Logistics Depot Branch 1,139.8011,35.6905,MFS01,MEDIUM_WAREHOUSE,low
LC2246,Tokyo Metro Logistics Depot Branch 2,139.7953,35.7094,MFS01,MEDIUM_WAREHOUSE,low
LC2247,Tokyo Metro Logistics Depot Branch 3,139.7892,35.7015,MFS01,MEDIUM_WAREHOUSE,low
LC2248,Tokyo Metro Logistics Depot Branch 4,139.7918,35.7115,MFS01,MEDIUM_WAREHOUSE,low
LC2249,Tokyo Metro Logistics Depot Branch 5,139.7924,35.6910,MFS01,MEDIUM_WAREHOUSE,low
LC2250,Tokyo Metro Logistics Depot Branch 6,139.7791,35.6797,MFS01,MEDIUM_WAREHOUSE,low
LC2251,Tokyo Metro Logistics Depot Branch 7,139.7781,35.7031,MFS01,MEDIUM_WAREHOUSE,low
LC2252,Tokyo Metro Logistics Depot Branch 8,139.7745,35.7094,MFS01,MEDIUM_WAREHOUSE,low
LC2253,Tokyo Metro Logistics Depot Branch 9,139.7907,35.7071,MFS01,MEDIUM_WAREHOUSE,low
LC2254,Tokyo Metro Logistics Depot Branch 10,139.7908,35.6962,MFS01,MEDIUM_WAREHOUSE,low
LC2255,Toei Logistics Facility Branch 1,139.7720,35.6736,MFS01,MEDIUM_WAREHOUSE,low
LC2256,Toei Logistics Facility Branch 2,139.7800,35.6801,MFS01,MEDIUM_WAREHOUSE,low
LC2257,Toei Logistics Facility Branch 3,139.7832,35.6867,MFS01,MEDIUM_WAREHOUSE,low
LC2258,Toei Logistics Facility Branch 4,139.7748,35.6889,MFS01,MEDIUM_WAREHOUSE,low
LC2259,Toei Logistics Facility Branch 5,139.7678,35.6836,MFS01,MEDIUM_WAREHOUSE,low
LC2260,Toei Logistics Facility Branch 6,139.7820,35.6795,MFS01,MEDIUM_WAREHOUSE,low
LC2261,Toei Logistics Facility Branch 7,139.7693,35.6790,MFS01,MEDIUM_WAREHOUSE,low
LC2262,Toei Logistics Facility Branch 8,139.7578,35.6980,MFS01,MEDIUM_WAREHOUSE,low
LC2263,Toei Logistics Facility Branch 9,139.7812,35.6759,MFS01,MEDIUM_WAREHOUSE,low
LC2264,Toei Logistics Facility Branch 10,139.7662,35.6822,MFS01,MEDIUM_WAREHOUSE,low
LC2265,Narita Global Logistics Center Branch 1,140.3900,35.7650,MFS54,LOGISTICS_HUB,high
LC2266,Narita Global Logistics Center Branch 2,140.3900,35.7650,MFS54,LOGISTICS_HUB,high
LC2267,Narita Global Logistics Center Branch 3,140.3900,35.7650,MFS54,LOGISTICS_HUB,high
LC2268,Narita Global Logistics Center Branch 4,140.3900,35.7650,MFS54,LOGISTICS_HUB,high
LC2269,Narita Global Logistics Center Branch 5,140.3900,35.7650,MFS54,LOGISTICS_HUB,high
LC2270,Narita Global Logistics Center Branch 6,140.3900,35.7650,MFS54,LOGISTICS_HUB,high
LC2271,Narita Global Logistics Center Branch 7,140.3900,35.7650,MFS54,LOGISTICS_HUB,high
LC2272,Narita Global Logistics Center Branch 8,140.3900,35.7650,MFS54,LOGISTICS_HUB,high
LC2273,Narita Global Logistics Center Branch 9,140.3900,35.7650,MFS54,LOGISTICS_HUB,high
LC2274,Narita Global Logistics Center Branch 10,140.3900,35.7650,MFS54,LOGISTICS_HUB,high
LC2275,Narita Global Logistics Center Branch 11,140.3900,35.7650,MFS54,LOGISTICS_HUB,high
LC2276,Narita Global Logistics Center Branch 12,140.3900,35.7650,MFS54,LOGISTICS_HUB,high
LC2277,Narita Global Logistics Center Branch 13,140.3900,35.7650,MFS54,LOGISTICS_HUB,high
LC2278,Narita Global Logistics Center Branch 14,140.3900,35.7650,MFS54,LOGISTICS_HUB,high
LC2279,Narita Global Logistics Center Branch 15,140.3900,35.7650,MFS54,LOGISTICS_HUB,high
LC2280,Narita Global Logistics Center Branch 16,140.3900,35.7650,MFS54,LOGISTICS_HUB,high
LC2281,Narita Global Logistics Center Branch 17,140.3900,35.7650,MFS54,LOGISTICS_HUB,high
LC2282,Narita Global Logistics Center Branch 18,140.3900,35.7650,MFS54,LOGISTICS_HUB,high
LC2283,Narita Global Logistics Center Branch 19,140.3900,35.7650,MFS54,LOGISTICS_HUB,high
LC2284,Narita Global Logistics Center Branch 20,140.3900,35.7650,MFS54,LOGISTICS_HUB,high
LC2285,Narita Global Logistics Center Branch 21,140.3900,35.7650,MFS54,LOGISTICS_HUB,high
LC2286,Narita Global Logistics Center Branch 22,140.3900,35.7650,MFS54,LOGISTICS_HUB,high
LC2287,Narita Global Logistics Center Branch 23,140.3900,35.7650,MFS54,LOGISTICS_HUB,high
LC2288,Narita Global Logistics Center Branch 24,140.3900,35.7650,MFS54,LOGISTICS_HUB,high
LC2289,Narita Air Cargo Hub Branch 1,140.3850,35.7700,MFS54,LOGISTICS_HUB,high
LC2290,Narita Air Cargo Hub Branch 2,140.3850,35.7700,MFS54,LOGISTICS_HUB,high
LC2291,Narita Air Cargo Hub Branch 3,140.3850,35.7700,MFS54,LOGISTICS_HUB,high
LC2292,Narita Air Cargo Hub Branch 4,140.3850,35.7700,MFS54,LOGISTICS_HUB,high
LC2293,Narita Air Cargo Hub Branch 5,140.3850,35.7700,MFS54,LOGISTICS_HUB,high
LC2294,Narita Air Cargo Hub Branch 6,140.3850,35.7700,MFS54,LOGISTICS_HUB,high
LC2295,Narita Air Cargo Hub Branch 7,140.3850,35.7700,MFS54,LOGISTICS_HUB,high
LC2296,Narita Air Cargo Hub Branch 8,140.3850,35.7700,MFS54,LOGISTICS_HUB,high
LC2297,Narita Air Cargo Hub Branch 9,140.3850,35.7700,MFS54,LOGISTICS_HUB,high
LC2298,Narita Air Cargo Hub Branch 10,140.3850,35.7700,MFS54,LOGISTICS_HUB,high
LC2299,Narita Air Cargo Hub Branch 11,140.3850,35.7700,MFS54,LOGISTICS_HUB,high
LC2300,Narita Air Cargo Hub Branch 12,140.3850,35.7700,MFS54,LOGISTICS_HUB,high
LC2301,Narita Air Cargo Hub Branch 13,140.3850,35.7700,MFS54,LOGISTICS_HUB,high
LC2302,Narita Air Cargo Hub Branch 14,140.3850,35.7700,MFS54,LOGISTICS_HUB,high
LC2303,Narita Air Cargo Hub Branch 15,140.3850,35.7700,MFS54,LOGISTICS_HUB,high
LC2304,Narita Air Cargo Hub Branch 16,140.3850,35.7700,MFS54,LOGISTICS_HUB,high
LC2305,Narita Air Cargo Hub Branch 17,140.3850,35.7700,MFS54,LOGISTICS_HUB,high
LC2306,Narita Air Cargo Hub Branch 18,140.3850,35.7700,MFS54,LOGISTICS_HUB,high
LC2307,Narita Air Cargo Hub Branch 19,140.3850,35.7700,MFS54,LOGISTICS_HUB,high
LC2308,Narita Air Cargo Hub Branch 20,140.3850,35.7700,MFS54,LOGISTICS_HUB,high
LC2309,Narita Air Cargo Hub Branch 21,140.3850,35.7700,MFS54,LOGISTICS_HUB,high
LC2310,Narita Air Cargo Hub Branch 22,140.3850,35.7700,MFS54,LOGISTICS_HUB,high
LC2311,Narita Air Cargo Hub Branch 23,140.3850,35.7700,MFS54,LOGISTICS_HUB,high
LC2312,Narita Air Cargo Hub Branch 24,140.3850,35.7700,MFS54,LOGISTICS_HUB,high
LC2313,Chiba Port Distribution Terminal Branch 1,140.1000,35.6300,MFS43,LOGISTICS_HUB,medium
LC2314,Chiba Port Distribution Terminal Branch 2,140.1000,35.6300,MFS43,LOGISTICS_HUB,medium
LC2315,Chiba Port Distribution Terminal Branch 3,140.1000,35.6300,MFS43,LOGISTICS_HUB,medium
LC2316,Chiba Port Distribution Terminal Branch 4,140.1000,35.6300,MFS43,LOGISTICS_HUB,medium
LC2317,Chiba Port Distribution Terminal Branch 5,140.1000,35.6300,MFS43,LOGISTICS_HUB,medium
LC2318,Chiba Port Distribution Terminal Branch 6,140.1000,35.6300,MFS43,LOGISTICS_HUB,medium
LC2319,Chiba Port Distribution Terminal Branch 7,140.1000,35.6300,MFS43,LOGISTICS_HUB,medium
LC2320,Chiba Port Distribution Terminal Branch 8,140.1000,35.6300,MFS43,LOGISTICS_HUB,medium
LC2321,Chiba Port Distribution Terminal Branch 9,140.1000,35.6300,MFS43,LOGISTICS_HUB,medium
LC2322,Chiba Port Distribution Terminal Branch 10,140.1000,35.6300,MFS43,LOGISTICS_HUB,medium
LC2323,Chiba Port Distribution Terminal Branch 11,140.1000,35.6300,MFS43,LOGISTICS_HUB,medium
LC2324,Chiba Port Distribution Terminal Branch 12,140.1000,35.6300,MFS43,LOGISTICS_HUB,medium
LC2325,Chiba Port Distribution Terminal Branch 13,140.1000,35.6300,MFS43,LOGISTICS_HUB,medium
LC2326,Chiba Port Distribution Terminal Branch 14,140.1000,35.6300,MFS43,LOGISTICS_HUB,medium
LC2327,Chiba Port Distribution Terminal Branch 15,140.1000,35.6300,MFS43,LOGISTICS_HUB,medium
LC2328,Chiba Port Distribution Terminal Branch 16,140.1000,35.6300,MFS43,LOGISTICS_HUB,medium
LC2329,Chiba Port Distribution Terminal Branch 17,140.1000,35.6300,MFS43,LOGISTICS_HUB,medium
LC2330,Chiba Port Distribution Terminal Branch 18,140.1000,35.6300,MFS43,LOGISTICS_HUB,medium
LC2331,Kashiwa Distribution Center North Branch 1,139.9900,35.8700,MFS43,MEDIUM_WAREHOUSE,medium
LC2332,Kashiwa Distribution Center North Branch 2,139.9900,35.8700,MFS43,MEDIUM_WAREHOUSE,medium
LC2333,Kashiwa Distribution Center North Branch 3,139.9900,35.8700,MFS43,MEDIUM_WAREHOUSE,medium
LC2334,Kashiwa Distribution Center North Branch 4,139.9900,35.8700,MFS43,MEDIUM_WAREHOUSE,medium
LC2335,Kashiwa Distribution Center North Branch 5,139.9900,35.8700,MFS43,MEDIUM_WAREHOUSE,medium
LC2336,Kashiwa Distribution Center North Branch 6,139.9900,35.8700,MFS43,MEDIUM_WAREHOUSE,medium
LC2337,Kashiwa Distribution Center North Branch 7,139.9900,35.8700,MFS43,MEDIUM_WAREHOUSE,medium
LC2338,Kashiwa Distribution Center North Branch 8,139.9900,35.8700,MFS43,MEDIUM_WAREHOUSE,medium
LC2339,Kashiwa Distribution Center North Branch 9,139.9900,35.8700,MFS43,MEDIUM_WAREHOUSE,medium
LC2340,Kashiwa Distribution Center North Branch 10,139.9900,35.8700,MFS43,MEDIUM_WAREHOUSE,medium
LC2341,Kashiwa Distribution Center North Branch 11,139.9900,35.8700,MFS43,MEDIUM_WAREHOUSE,medium
LC2342,Kashiwa Distribution Center North Branch 12,139.9900,35.8700,MFS43,MEDIUM_WAREHOUSE,medium
LC2343,Kashiwa Distribution Center North Branch 13,139.9900,35.8700,MFS43,MEDIUM_WAREHOUSE,medium
LC2344,Kashiwa Distribution Center North Branch 14,139.9900,35.8700,MFS43,MEDIUM_WAREHOUSE,medium
LC2345,Kashiwa Distribution Center North Branch 15,139.9900,35.8700,MFS43,MEDIUM_WAREHOUSE,medium
LC2346,Kashiwa Distribution Center North Branch 16,139.9900,35.8700,MFS43,MEDIUM_WAREHOUSE,medium
LC2347,Kashiwa Distribution Center North Branch 17,139.9900,35.8700,MFS43,MEDIUM_WAREHOUSE,medium
LC2348,Kashiwa Distribution Center North Branch 18,139.9900,35.8700,MFS43,MEDIUM_WAREHOUSE,medium
LC2349,Kashiwa Distribution Center South Branch 1,139.9850,35.8400,MFS43,MEDIUM_WAREHOUSE,medium
LC2350,Kashiwa Distribution Center South Branch 2,139.9850,35.8400,MFS43,MEDIUM_WAREHOUSE,medium
LC2351,Kashiwa Distribution Center South Branch 3,139.9850,35.8400,MFS43,MEDIUM_WAREHOUSE,medium
LC2352,Kashiwa Distribution Center South Branch 4,139.9850,35.8400,MFS43,MEDIUM_WAREHOUSE,medium
LC2353,Kashiwa Distribution Center South Branch 5,139.9850,35.8400,MFS43,MEDIUM_WAREHOUSE,medium
LC2354,Kashiwa Distribution Center South Branch 6,139.9850,35.8400,MFS43,MEDIUM_WAREHOUSE,medium
LC2355,Kashiwa Distribution Center South Branch 7,139.9850,35.8400,MFS43,MEDIUM_WAREHOUSE,medium
LC2356,Kashiwa Distribution Center South Branch 8,139.9850,35.8400,MFS43,MEDIUM_WAREHOUSE,medium
LC2357,Kashiwa Distribution Center South Branch 9,139.9850,35.8400,MFS43,MEDIUM_WAREHOUSE,medium
LC2358,Kashiwa Distribution Center South Branch 10,139.9850,35.8400,MFS43,MEDIUM_WAREHOUSE,medium
LC2359,Kashiwa Distribution Center South Branch 11,139.9850,35.8400,MFS43,MEDIUM_WAREHOUSE,medium
LC2360,Kashiwa Distribution Center South Branch 12,139.9850,35.8400,MFS43,MEDIUM_WAREHOUSE,medium
LC2361,Kashiwa Distribution Center South Branch 13,139.9850,35.8400,MFS43,MEDIUM_WAREHOUSE,medium
LC2362,Kashiwa Distribution Center South Branch 14,139.9850,35.8400,MFS43,MEDIUM_WAREHOUSE,medium
LC2363,Kashiwa Distribution Center South Branch 15,139.9850,35.8400,MFS43,MEDIUM_WAREHOUSE,medium
LC2364,Kashiwa Distribution Center South Branch 16,139.9850,35.8400,MFS43,MEDIUM_WAREHOUSE,medium
LC2365,Kashiwa Distribution Center South Branch 17,139.9850,35.8400,MFS43,MEDIUM_WAREHOUSE,medium
LC2366,Kashiwa Distribution Center South Branch 18,139.9850,35.8400,MFS43,MEDIUM_WAREHOUSE,medium
LC2367,Matsudo Logistics Park Branch 1,139.9200,35.7900,MFS43,MEDIUM_WAREHOUSE,medium
LC2368,Matsudo Logistics Park Branch 2,139.9200,35.7900,MFS43,MEDIUM_WAREHOUSE,medium
LC2369,Matsudo Logistics Park Branch 3,139.9200,35.7900,MFS43,MEDIUM_WAREHOUSE,medium
LC2370,Matsudo Logistics Park Branch 4,139.9200,35.7900,MFS43,MEDIUM_WAREHOUSE,medium
LC2371,Matsudo Logistics Park Branch 5,139.9200,35.7900,MFS43,MEDIUM_WAREHOUSE,medium
LC2372,Matsudo Logistics Park Branch 6,139.9200,35.7900,MFS43,MEDIUM_WAREHOUSE,medium
LC2373,Matsudo Logistics Park Branch 7,139.9200,35.7900,MFS43,MEDIUM_WAREHOUSE,medium
LC2374,Matsudo Logistics Park Branch 8,139.9200,35.7900,MFS43,MEDIUM_WAREHOUSE,medium
LC2375,Matsudo Logistics Park Branch 9,139.9200,35.7900,MFS43,MEDIUM_WAREHOUSE,medium
LC2376,Matsudo Logistics Park Branch 10,139.9200,35.7900,MFS43,MEDIUM_WAREHOUSE,medium
LC2377,Matsudo Logistics Park Branch 11,139.9200,35.7900,MFS43,MEDIUM_WAREHOUSE,medium
LC2378,Matsudo Logistics Park Branch 12,139.9200,35.7900,MFS43,MEDIUM_WAREHOUSE,medium
LC2379,Matsudo Logistics Park Branch 13,139.9200,35.7900,MFS43,MEDIUM_WAREHOUSE,medium
LC2380,Matsudo Logistics Park Branch 14,139.9200,35.7900,MFS43,MEDIUM_WAREHOUSE,medium
LC2381,Matsudo Logistics Park Branch 15,139.9200,35.7900,MFS43,MEDIUM_WAREHOUSE,medium
LC2382,Matsudo Logistics Park Branch 16,139.9200,35.7900,MFS43,MEDIUM_WAREHOUSE,medium
LC2383,Matsudo Logistics Park Branch 17,139.9200,35.7900,MFS43,MEDIUM_WAREHOUSE,medium
LC2384,Matsudo Logistics Park Branch 18,139.9200,35.7900,MFS43,MEDIUM_WAREHOUSE,medium
LC2385,Abiko Distribution Facility Branch 1,140.0217,35.8575,MFS43,MEDIUM_WAREHOUSE,low
LC2386,Abiko Distribution Facility Branch 2,140.0217,35.8575,MFS43,MEDIUM_WAREHOUSE,low
LC2387,Abiko Distribution Facility Branch 3,140.0217,35.8575,MFS43,MEDIUM_WAREHOUSE,low
LC2388,Abiko Distribution Facility Branch 4,140.0217,35.8575,MFS43,MEDIUM_WAREHOUSE,low
LC2389,Abiko Distribution Facility Branch 5,140.0217,35.8575,MFS43,MEDIUM_WAREHOUSE,low
LC2390,Abiko Distribution Facility Branch 6,140.0217,35.8575,MFS43,MEDIUM_WAREHOUSE,low
LC2391,Abiko Distribution Facility Branch 7,140.0217,35.8575,MFS43,MEDIUM_WAREHOUSE,low
LC2392,Abiko Distribution Facility Branch 8,140.0217,35.8575,MFS43,MEDIUM_WAREHOUSE,low
LC2393,Abiko Distribution Facility Branch 9,140.0217,35.8575,MFS43,MEDIUM_WAREHOUSE,low
LC2394,Abiko Distribution Facility Branch 10,140.0217,35.8575,MFS43,MEDIUM_WAREHOUSE,low
LC2395,Abiko Distribution Facility Branch 11,140.0217,35.8575,MFS43,MEDIUM_WAREHOUSE,low
LC2396,Abiko Distribution Facility Branch 12,140.0217,35.8575,MFS43,MEDIUM_WAREHOUSE,low
LC2397,Abiko Distribution Facility Branch 13,140.0217,35.8575,MFS43,MEDIUM_WAREHOUSE,low
LC2398,Abiko Distribution Facility Branch 14,140.0217,35.8575,MFS43,MEDIUM_WAREHOUSE,low
LC2399,Abiko Distribution Facility Branch 15,140.0217,35.8575,MFS43,MEDIUM_WAREHOUSE,low
LC2400,Abiko Distribution Facility Branch 16,140.0217,35.8575,MFS43,MEDIUM_WAREHOUSE,low
LC2401,Abiko Distribution Facility Branch 17,140.0217,35.8575,MFS43,MEDIUM_WAREHOUSE,low
LC2402,Abiko Distribution Facility Branch 18,140.0217,35.8575,MFS43,MEDIUM_WAREHOUSE,low
LC2403,Nagareyama Logistics Zone Branch 1,139.9022,35.8284,MFS28,MEDIUM_WAREHOUSE,medium
LC2404,Nagareyama Logistics Zone Branch 2,139.8978,35.8520,MFS28,MEDIUM_WAREHOUSE,medium
LC2405,Nagareyama Logistics Zone Branch 3,139.8951,35.8426,MFS28,MEDIUM_WAREHOUSE,medium
LC2406,Nagareyama Logistics Zone Branch 4,139.9054,35.8318,MFS28,MEDIUM_WAREHOUSE,medium
LC2407,Nagareyama Logistics Zone Branch 5,139.9041,35.8173,MFS28,MEDIUM_WAREHOUSE,medium
LC2408,Nagareyama Logistics Zone Branch 6,139.9045,35.8286,MFS28,MEDIUM_WAREHOUSE,medium
LC2409,Nagareyama Logistics Zone Branch 7,139.9044,35.8212,MFS28,MEDIUM_WAREHOUSE,medium
LC2410,Nagareyama Logistics Zone Branch 8,139.8985,35.8368,MFS28,MEDIUM_WAREHOUSE,medium
LC2411,Nagareyama Logistics Zone Branch 9,139.9056,35.8405,MFS28,MEDIUM_WAREHOUSE,medium
LC2412,Nagareyama Logistics Zone Branch 10,139.9171,35.8466,MFS28,MEDIUM_WAREHOUSE,medium
LC2413,Kamagaya Distribution Center Branch 1,140.0000,35.7700,MFS43,MEDIUM_WAREHOUSE,low
LC2414,Kamagaya Distribution Center Branch 2,140.0000,35.7700,MFS43,MEDIUM_WAREHOUSE,low
LC2415,Kamagaya Distribution Center Branch 3,140.0000,35.7700,MFS43,MEDIUM_WAREHOUSE,low
LC2416,Kamagaya Distribution Center Branch 4,140.0000,35.7700,MFS43,MEDIUM_WAREHOUSE,low
LC2417,Kamagaya Distribution Center Branch 5,140.0000,35.7700,MFS43,MEDIUM_WAREHOUSE,low
LC2418,Kamagaya Distribution Center Branch 6,140.0000,35.7700,MFS43,MEDIUM_WAREHOUSE,low
LC2419,Kamagaya Distribution Center Branch 7,140.0000,35.7700,MFS43,MEDIUM_WAREHOUSE,low
LC2420,Kamagaya Distribution Center Branch 8,140.0000,35.7700,MFS43,MEDIUM_WAREHOUSE,low
LC2421,Kamagaya Distribution Center Branch 9,140.0000,35.7700,MFS43,MEDIUM_WAREHOUSE,low
LC2422,Kamagaya Distribution Center Branch 10,140.0000,35.7700,MFS43,MEDIUM_WAREHOUSE,low
LC2423,Kamagaya Distribution Center Branch 11,140.0000,35.7700,MFS43,MEDIUM_WAREHOUSE,low
LC2424,Kamagaya Distribution Center Branch 12,140.0000,35.7700,MFS43,MEDIUM_WAREHOUSE,low
LC2425,Kamagaya Distribution Center Branch 13,140.0000,35.7700,MFS43,MEDIUM_WAREHOUSE,low
LC2426,Kamagaya Distribution Center Branch 14,140.0000,35.7700,MFS43,MEDIUM_WAREHOUSE,low
LC2427,Kamagaya Distribution Center Branch 15,140.0000,35.7700,MFS43,MEDIUM_WAREHOUSE,low
LC2428,Kamagaya Distribution Center Branch 16,140.0000,35.7700,MFS43,MEDIUM_WAREHOUSE,low
LC2429,Kamagaya Distribution Center Branch 17,140.0000,35.7700,MFS43,MEDIUM_WAREHOUSE,low
LC2430,Kamagaya Distribution Center Branch 18,140.0000,35.7700,MFS43,MEDIUM_WAREHOUSE,low
LC2431,Ichikawa North Logistics Branch 1,139.9217,35.7384,MFS39,MEDIUM_WAREHOUSE,medium
LC2432,Ichikawa North Logistics Branch 2,139.9359,35.7295,MFS39,MEDIUM_WAREHOUSE,medium
LC2433,Ichikawa North Logistics Branch 3,139.9444,35.7344,MFS39,MEDIUM_WAREHOUSE,medium
LC2434,Ichikawa North Logistics Branch 4,139.9131,35.7399,MFS39,MEDIUM_WAREHOUSE,medium
LC2435,Ichikawa North Logistics Branch 5,139.9223,35.7272,MFS39,MEDIUM_WAREHOUSE,medium
LC2436,Ichikawa North Logistics Branch 6,139.9189,35.7463,MFS39,MEDIUM_WAREHOUSE,medium
LC2437,Ichikawa North Logistics Branch 7,139.9186,35.7396,MFS39,MEDIUM_WAREHOUSE,medium
LC2438,Ichikawa North Logistics Branch 8,139.9453,35.7280,MFS39,MEDIUM_WAREHOUSE,medium
LC2439,Ichikawa North Logistics Branch 9,139.9414,35.7340,MFS39,MEDIUM_WAREHOUSE,medium
LC2440,Ichikawa North Logistics Branch 10,139.9306,35.7357,MFS39,MEDIUM_WAREHOUSE,medium
LC2441,Ichikawa South Distribution Branch 1,139.9042,35.6915,MFS39,MEDIUM_WAREHOUSE,medium
LC2442,Ichikawa South Distribution Branch 2,139.8904,35.6842,MFS39,MEDIUM_WAREHOUSE,medium
LC2443,Ichikawa South Distribution Branch 3,139.9144,35.6996,MFS39,MEDIUM_WAREHOUSE,medium
LC2444,Ichikawa South Distribution Branch 4,139.9114,35.6855,MFS39,MEDIUM_WAREHOUSE,medium
LC2445,Ichikawa South Distribution Branch 5,139.9117,35.6994,MFS39,MEDIUM_WAREHOUSE,medium
LC2446,Ichikawa South Distribution Branch 6,139.9181,35.6951,MFS39,MEDIUM_WAREHOUSE,medium
LC2447,Ichikawa South Distribution Branch 7,139.8888,35.6891,MFS39,MEDIUM_WAREHOUSE,medium
LC2448,Ichikawa South Distribution Branch 8,139.9070,35.6936,MFS39,MEDIUM_WAREHOUSE,medium
LC2449,Ichikawa South Distribution Branch 9,139.9090,35.6788,MFS39,MEDIUM_WAREHOUSE,medium
LC2450,Ichikawa South Distribution Branch 10,139.9184,35.6931,MFS39,MEDIUM_WAREHOUSE,medium
LC2451,Urayasu Distribution Hub Branch 1,139.8965,35.6386,MFS04,MEDIUM_WAREHOUSE,medium
LC2452,Urayasu Distribution Hub Branch 2,139.9015,35.6495,MFS04,MEDIUM_WAREHOUSE,medium
LC2453,Urayasu Distribution Hub Branch 3,139.9088,35.6477,MFS04,MEDIUM_WAREHOUSE,medium
LC2454,Urayasu Distribution Hub Branch 4,139.8913,35.6566,MFS04,MEDIUM_WAREHOUSE,medium
LC2455,Urayasu Distribution Hub Branch 5,139.8900,35.6546,MFS04,MEDIUM_WAREHOUSE,medium
LC2456,Urayasu Distribution Hub Branch 6,139.8928,35.6567,MFS04,MEDIUM_WAREHOUSE,medium
LC2457,Urayasu Distribution Hub Branch 7,139.9171,35.6506,MFS04,MEDIUM_WAREHOUSE,medium
LC2458,Urayasu Distribution Hub Branch 8,139.8964,35.6492,MFS04,MEDIUM_WAREHOUSE,medium
LC2459,Urayasu Distribution Hub Branch 9,139.8964,35.6455,MFS04,MEDIUM_WAREHOUSE,medium
LC2460,Urayasu Distribution Hub Branch 10,139.9014,35.6404,MFS04,MEDIUM_WAREHOUSE,medium
LC2461,Gyoda Logistics Park Branch 1,139.4500,36.1400,MFS59,LARGE_DISTRIBUTION,medium
LC2462,Gyoda Logistics Park Branch 2,139.4500,36.1400,MFS59,LARGE_DISTRIBUTION,medium
LC2463,Gyoda Logistics Park Branch 3,139.4500,36.1400,MFS59,LARGE_DISTRIBUTION,medium
LC2464,Gyoda Logistics Park Branch 4,139.4500,36.1400,MFS59,LARGE_DISTRIBUTION,medium
LC2465,Gyoda Logistics Park Branch 5,139.4500,36.1400,MFS59,LARGE_DISTRIBUTION,medium
LC2466,Gyoda Logistics Park Branch 6,139.4500,36.1400,MFS59,LARGE_DISTRIBUTION,medium
LC2467,Gyoda Logistics Park Branch 7,139.4500,36.1400,MFS59,LARGE_DISTRIBUTION,medium
LC2468,Gyoda Logistics Park Branch 8,139.4500,36.1400,MFS59,LARGE_DISTRIBUTION,medium
LC2469,Gyoda Logistics Park Branch 9,139.4500,36.1400,MFS59,LARGE_DISTRIBUTION,medium
LC2470,Gyoda Logistics Park Branch 10,139.4500,36.1400,MFS59,LARGE_DISTRIBUTION,medium
LC2471,Gyoda Logistics Park Branch 11,139.4500,36.1400,MFS59,LARGE_DISTRIBUTION,medium
LC2472,Gyoda Logistics Park Branch 12,139.4500,36.1400,MFS59,LARGE_DISTRIBUTION,medium
LC2473,Gyoda Logistics Park Branch 13,139.4500,36.1400,MFS59,LARGE_DISTRIBUTION,medium
LC2474,Gyoda Logistics Park Branch 14,139.4500,36.1400,MFS59,LARGE_DISTRIBUTION,medium
LC2475,Gyoda Logistics Park Branch 15,139.4500,36.1400,MFS59,LARGE_DISTRIBUTION,medium
LC2476,Gyoda Logistics Park Branch 16,139.4500,36.1400,MFS59,LARGE_DISTRIBUTION,medium
LC2477,Gyoda Logistics Park Branch 17,139.4500,36.1400,MFS59,LARGE_DISTRIBUTION,medium
LC2478,Gyoda Logistics Park Branch 18,139.4500,36.1400,MFS59,LARGE_DISTRIBUTION,medium
LC2479,Gyoda Logistics Park Branch 19,139.4500,36.1400,MFS59,LARGE_DISTRIBUTION,medium
LC2480,Gyoda Logistics Park Branch 20,139.4500,36.1400,MFS59,LARGE_DISTRIBUTION,medium
LC2481,Gyoda Logistics Park Branch 21,139.4500,36.1400,MFS59,LARGE_DISTRIBUTION,medium
LC2482,Gyoda Logistics Park Branch 22,139.4500,36.1400,MFS59,LARGE_DISTRIBUTION,medium
LC2483,Gyoda Logistics Park Branch 23,139.4500,36.1400,MFS59,LARGE_DISTRIBUTION,medium
LC2484,Gyoda Logistics Park Branch 24,139.4500,36.1400,MFS59,LARGE_DISTRIBUTION,medium
LC2485,Kumagaya Distribution Hub Branch 1,139.3900,36.1500,MFS59,LARGE_DISTRIBUTION,medium
LC2486,Kumagaya Distribution Hub Branch 2,139.3900,36.1500,MFS59,LARGE_DISTRIBUTION,medium
LC2487,Kumagaya Distribution Hub Branch 3,139.3900,36.1500,MFS59,LARGE_DISTRIBUTION,medium
LC2488,Kumagaya Distribution Hub Branch 4,139.3900,36.1500,MFS59,LARGE_DISTRIBUTION,medium
LC2489,Kumagaya Distribution Hub Branch 5,139.3900,36.1500,MFS59,LARGE_DISTRIBUTION,medium
LC2490,Kumagaya Distribution Hub Branch 6,139.3900,36.1500,MFS59,LARGE_DISTRIBUTION,medium
LC2491,Kumagaya Distribution Hub Branch 7,139.3900,36.1500,MFS59,LARGE_DISTRIBUTION,medium
LC2492,Kumagaya Distribution Hub Branch 8,139.3900,36.1500,MFS59,LARGE_DISTRIBUTION,medium
LC2493,Kumagaya Distribution Hub Branch 9,139.3900,36.1500,MFS59,LARGE_DISTRIBUTION,medium
LC2494,Kumagaya Distribution Hub Branch 10,139.3900,36.1500,MFS59,LARGE_DISTRIBUTION,medium
LC2495,Kumagaya Distribution Hub Branch 11,139.3900,36.1500,MFS59,LARGE_DISTRIBUTION,medium
LC2496,Kumagaya Distribution Hub Branch 12,139.3900,36.1500,MFS59,LARGE_DISTRIBUTION,medium
LC2497,Kumagaya Distribution Hub Branch 13,139.3900,36.1500,MFS59,LARGE_DISTRIBUTION,medium
LC2498,Kumagaya Distribution Hub Branch 14,139.3900,36.1500,MFS59,LARGE_DISTRIBUTION,medium
LC2499,Kumagaya Distribution Hub Branch 15,139.3900,36.1500,MFS59,LARGE_DISTRIBUTION,medium
LC2500,Kumagaya Distribution Hub Branch 16,139.3900,36.1500,MFS59,LARGE_DISTRIBUTION,medium
LC2501,Kumagaya Distribution Hub Branch 17,139.3900,36.1500,MFS59,LARGE_DISTRIBUTION,medium
LC2502,Kumagaya Distribution Hub Branch 18,139.3900,36.1500,MFS59,LARGE_DISTRIBUTION,medium
LC2503,Kumagaya Distribution Hub Branch 19,139.3900,36.1500,MFS59,LARGE_DISTRIBUTION,medium
LC2504,Kumagaya Distribution Hub Branch 20,139.3900,36.1500,MFS59,LARGE_DISTRIBUTION,medium
LC2505,Kumagaya Distribution Hub Branch 21,139.3900,36.1500,MFS59,LARGE_DISTRIBUTION,medium
LC2506,Kumagaya Distribution Hub Branch 22,139.3900,36.1500,MFS59,LARGE_DISTRIBUTION,medium
LC2507,Kumagaya Distribution Hub Branch 23,139.3900,36.1500,MFS59,LARGE_DISTRIBUTION,medium
LC2508,Kumagaya Distribution Hub Branch 24,139.3900,36.1500,MFS59,LARGE_DISTRIBUTION,medium
LC2509,Hanno Logistics Facility Branch 1,139.3231,35.8616,MFS29,MEDIUM_WAREHOUSE,low
LC2510,Hanno Logistics Facility Branch 2,139.3252,35.8559,MFS29,MEDIUM_WAREHOUSE,low
LC2511,Hanno Logistics Facility Branch 3,139.3147,35.8525,MFS29,MEDIUM_WAREHOUSE,low
LC2512,Hanno Logistics Facility Branch 4,139.3065,35.8599,MFS29,MEDIUM_WAREHOUSE,low
LC2513,Hanno Logistics Facility Branch 5,139.3267,35.8586,MFS29,MEDIUM_WAREHOUSE,low
LC2514,Hanno Logistics Facility Branch 6,139.3251,35.8592,MFS29,MEDIUM_WAREHOUSE,low
LC2515,Hanno Logistics Facility Branch 7,139.3276,35.8605,MFS29,MEDIUM_WAREHOUSE,low
LC2516,Hanno Logistics Facility Branch 8,139.3183,35.8609,MFS29,MEDIUM_WAREHOUSE,low
LC2517,Hanno Logistics Facility Branch 9,139.3153,35.8567,MFS29,MEDIUM_WAREHOUSE,low
LC2518,Hanno Logistics Facility Branch 10,139.3091,35.8546,MFS29,MEDIUM_WAREHOUSE,low
LC2519,Iruma Distribution Center Branch 1,139.3900,35.8400,MFS09,MEDIUM_WAREHOUSE,low
LC2520,Iruma Distribution Center Branch 2,139.3900,35.8400,MFS09,MEDIUM_WAREHOUSE,low
LC2521,Iruma Distribution Center Branch 3,139.3900,35.8400,MFS09,MEDIUM_WAREHOUSE,low
LC2522,Iruma Distribution Center Branch 4,139.3900,35.8400,MFS09,MEDIUM_WAREHOUSE,low
LC2523,Iruma Distribution Center Branch 5,139.3900,35.8400,MFS09,MEDIUM_WAREHOUSE,low
LC2524,Iruma Distribution Center Branch 6,139.3900,35.8400,MFS09,MEDIUM_WAREHOUSE,low
LC2525,Iruma Distribution Center Branch 7,139.3900,35.8400,MFS09,MEDIUM_WAREHOUSE,low
LC2526,Iruma Distribution Center Branch 8,139.3900,35.8400,MFS09,MEDIUM_WAREHOUSE,low
LC2527,Iruma Distribution Center Branch 9,139.3900,35.8400,MFS09,MEDIUM_WAREHOUSE,low
LC2528,Iruma Distribution Center Branch 10,139.3900,35.8400,MFS09,MEDIUM_WAREHOUSE,low
LC2529,Iruma Distribution Center Branch 11,139.3900,35.8400,MFS09,MEDIUM_WAREHOUSE,low
LC2530,Iruma Distribution Center Branch 12,139.3900,35.8400,MFS09,MEDIUM_WAREHOUSE,low
LC2531,Iruma Distribution Center Branch 13,139.3900,35.8400,MFS09,MEDIUM_WAREHOUSE,low
LC2532,Iruma Distribution Center Branch 14,139.3900,35.8400,MFS09,MEDIUM_WAREHOUSE,low
LC2533,Iruma Distribution Center Branch 15,139.3900,35.8400,MFS09,MEDIUM_WAREHOUSE,low
LC2534,Iruma Distribution Center Branch 16,139.3900,35.8400,MFS09,MEDIUM_WAREHOUSE,low
LC2535,Iruma Distribution Center Branch 17,139.3900,35.8400,MFS09,MEDIUM_WAREHOUSE,low
LC2536,Iruma Distribution Center Branch 18,139.3900,35.8400,MFS09,MEDIUM_WAREHOUSE,low
LC2537,Tokorozawa Logistics Park Branch 1,139.4700,35.8000,MFS09,MEDIUM_WAREHOUSE,medium
LC2538,Tokorozawa Logistics Park Branch 2,139.4700,35.8000,MFS09,MEDIUM_WAREHOUSE,medium
LC2539,Tokorozawa Logistics Park Branch 3,139.4700,35.8000,MFS09,MEDIUM_WAREHOUSE,medium
LC2540,Tokorozawa Logistics Park Branch 4,139.4700,35.8000,MFS09,MEDIUM_WAREHOUSE,medium
LC2541,Tokorozawa Logistics Park Branch 5,139.4700,35.8000,MFS09,MEDIUM_WAREHOUSE,medium
LC2542,Tokorozawa Logistics Park Branch 6,139.4700,35.8000,MFS09,MEDIUM_WAREHOUSE,medium
LC2543,Tokorozawa Logistics Park Branch 7,139.4700,35.8000,MFS09,MEDIUM_WAREHOUSE,medium
LC2544,Tokorozawa Logistics Park Branch 8,139.4700,35.8000,MFS09,MEDIUM_WAREHOUSE,medium
LC2545,Tokorozawa Logistics Park Branch 9,139.4700,35.8000,MFS09,MEDIUM_WAREHOUSE,medium
LC2546,Tokorozawa Logistics Park Branch 10,139.4700,35.8000,MFS09,MEDIUM_WAREHOUSE,medium
LC2547,Tokorozawa Logistics Park Branch 11,139.4700,35.8000,MFS09,MEDIUM_WAREHOUSE,medium
LC2548,Tokorozawa Logistics Park Branch 12,139.4700,35.8000,MFS09,MEDIUM_WAREHOUSE,medium
LC2549,Tokorozawa Logistics Park Branch 13,139.4700,35.8000,MFS09,MEDIUM_WAREHOUSE,medium
LC2550,Tokorozawa Logistics Park Branch 14,139.4700,35.8000,MFS09,MEDIUM_WAREHOUSE,medium
LC2551,Tokorozawa Logistics Park Branch 15,139.4700,35.8000,MFS09,MEDIUM_WAREHOUSE,medium
LC2552,Tokorozawa Logistics Park Branch 16,139.4700,35.8000,MFS09,MEDIUM_WAREHOUSE,medium
LC2553,Tokorozawa Logistics Park Branch 17,139.4700,35.8000,MFS09,MEDIUM_WAREHOUSE,medium
LC2554,Tokorozawa Logistics Park Branch 18,139.4700,35.8000,MFS09,MEDIUM_WAREHOUSE,medium
LC2555,Niiza Distribution Facility Branch 1,139.5625,35.7840,MFS27,MEDIUM_WAREHOUSE,low
LC2556,Niiza Distribution Facility Branch 2,139.5643,35.7867,MFS27,MEDIUM_WAREHOUSE,low
LC2557,Niiza Distribution Facility Branch 3,139.5563,35.7953,MFS27,MEDIUM_WAREHOUSE,low
LC2558,Niiza Distribution Facility Branch 4,139.5608,35.7855,MFS27,MEDIUM_WAREHOUSE,low
LC2559,Niiza Distribution Facility Branch 5,139.5682,35.8015,MFS27,MEDIUM_WAREHOUSE,low
LC2560,Niiza Distribution Facility Branch 6,139.5562,35.7926,MFS27,MEDIUM_WAREHOUSE,low
LC2561,Niiza Distribution Facility Branch 7,139.5528,35.7885,MFS27,MEDIUM_WAREHOUSE,low
LC2562,Niiza Distribution Facility Branch 8,139.5598,35.7813,MFS27,MEDIUM_WAREHOUSE,low
LC2563,Niiza Distribution Facility Branch 9,139.5575,35.7872,MFS27,MEDIUM_WAREHOUSE,low
LC2564,Niiza Distribution Facility Branch 10,139.5601,35.7870,MFS27,MEDIUM_WAREHOUSE,low
LC2565,Wakō Logistics Hub Branch 1,139.6020,35.7784,MFS27,MEDIUM_WAREHOUSE,medium
LC2566,Wakō Logistics Hub Branch 2,139.5863,35.7895,MFS27,MEDIUM_WAREHOUSE,medium
LC2567,Wakō Logistics Hub Branch 3,139.5916,35.7738,MFS27,MEDIUM_WAREHOUSE,medium
LC2568,Wakō Logistics Hub Branch 4,139.6038,35.7790,MFS27,MEDIUM_WAREHOUSE,medium
LC2569,Wakō Logistics Hub Branch 5,139.6004,35.7881,MFS27,MEDIUM_WAREHOUSE,medium
LC2570,Wakō Logistics Hub Branch 6,139.6029,35.7876,MFS27,MEDIUM_WAREHOUSE,medium
LC2571,Wakō Logistics Hub Branch 7,139.5972,35.7863,MFS27,MEDIUM_WAREHOUSE,medium
LC2572,Wakō Logistics Hub Branch 8,139.6093,35.7928,MFS27,MEDIUM_WAREHOUSE,medium
LC2573,Wakō Logistics Hub Branch 9,139.5920,35.7862,MFS27,MEDIUM_WAREHOUSE,medium
LC2574,Wakō Logistics Hub Branch 10,139.6077,35.7726,MFS27,MEDIUM_WAREHOUSE,medium
LC2575,Omiya North Logistics Center Branch 1,139.6042,36.0439,MFS08,LARGE_DISTRIBUTION,medium
LC2576,Omiya North Logistics Center Branch 2,139.6072,36.0670,MFS08,LARGE_DISTRIBUTION,medium
LC2577,Omiya North Logistics Center Branch 3,139.6235,36.0521,MFS08,LARGE_DISTRIBUTION,medium
LC2578,Omiya North Logistics Center Branch 4,139.6175,36.0517,MFS08,LARGE_DISTRIBUTION,medium
LC2579,Omiya North Logistics Center Branch 5,139.6212,36.0579,MFS08,LARGE_DISTRIBUTION,medium
LC2580,Omiya North Logistics Center Branch 6,139.6209,36.0570,MFS08,LARGE_DISTRIBUTION,medium
LC2581,Omiya North Logistics Center Branch 7,139.6189,36.0560,MFS08,LARGE_DISTRIBUTION,medium
LC2582,Omiya North Logistics Center Branch 8,139.6339,36.0591,MFS08,LARGE_DISTRIBUTION,medium
LC2583,Omiya North Logistics Center Branch 9,139.6122,36.0534,MFS08,LARGE_DISTRIBUTION,medium
LC2584,Omiya North Logistics Center Branch 10,139.6202,36.0484,MFS08,LARGE_DISTRIBUTION,medium
LC2585,Satte Distribution Hub Branch 1,139.7158,36.0682,MFS08,MEDIUM_WAREHOUSE,low
LC2586,Satte Distribution Hub Branch 2,139.7195,36.0614,MFS08,MEDIUM_WAREHOUSE,low
LC2587,Satte Distribution Hub Branch 3,139.7181,36.0841,MFS08,MEDIUM_WAREHOUSE,low
LC2588,Satte Distribution Hub Branch 4,139.7193,36.0745,MFS08,MEDIUM_WAREHOUSE,low
LC2589,Satte Distribution Hub Branch 5,139.7192,36.0676,MFS08,MEDIUM_WAREHOUSE,low
LC2590,Satte Distribution Hub Branch 6,139.7143,36.0571,MFS08,MEDIUM_WAREHOUSE,low
LC2591,Satte Distribution Hub Branch 7,139.7157,36.0748,MFS08,MEDIUM_WAREHOUSE,low
LC2592,Satte Distribution Hub Branch 8,139.7183,36.0810,MFS08,MEDIUM_WAREHOUSE,low
LC2593,Satte Distribution Hub Branch 9,139.7268,36.0771,MFS08,MEDIUM_WAREHOUSE,low
LC2594,Satte Distribution Hub Branch 10,139.7247,36.0731,MFS08,MEDIUM_WAREHOUSE,low
LC2595,Higashimatsuyama Logistics Branch 1,139.4052,36.0329,MFS08,MEDIUM_WAREHOUSE,low
LC2596,Higashimatsuyama Logistics Branch 2,139.3957,36.0409,MFS08,MEDIUM_WAREHOUSE,low
LC2597,Higashimatsuyama Logistics Branch 3,139.3789,36.0440,MFS08,MEDIUM_WAREHOUSE,low
LC2598,Higashimatsuyama Logistics Branch 4,139.4029,36.0369,MFS08,MEDIUM_WAREHOUSE,low
LC2599,Higashimatsuyama Logistics Branch 5,139.4084,36.0448,MFS08,MEDIUM_WAREHOUSE,low
LC2600,Higashimatsuyama Logistics Branch 6,139.3984,36.0349,MFS08,MEDIUM_WAREHOUSE,low
LC2601,Higashimatsuyama Logistics Branch 7,139.4021,36.0341,MFS08,MEDIUM_WAREHOUSE,low
LC2602,Higashimatsuyama Logistics Branch 8,139.4129,36.0349,MFS08,MEDIUM_WAREHOUSE,low
LC2603,Higashimatsuyama Logistics Branch 9,139.3890,36.0339,MFS08,MEDIUM_WAREHOUSE,low
LC2604,Higashimatsuyama Logistics Branch 10,139.4067,36.0389,MFS08,MEDIUM_WAREHOUSE,low
LC2605,Yashio Industrial Depot Branch 1,139.8510,35.7978,MFS19,MEDIUM_WAREHOUSE,medium
LC2606,Yashio Industrial Depot Branch 2,139.8497,35.8041,MFS19,MEDIUM_WAREHOUSE,medium
LC2607,Yashio Industrial Depot Branch 3,139.8625,35.7959,MFS19,MEDIUM_WAREHOUSE,medium
LC2608,Yashio Industrial Depot Branch 4,139.8615,35.8049,MFS19,MEDIUM_WAREHOUSE,medium
LC2609,Yashio Industrial Depot Branch 5,139.8651,35.8081,MFS19,MEDIUM_WAREHOUSE,medium
LC2610,Yashio Industrial Depot Branch 6,139.8530,35.7977,MFS19,MEDIUM_WAREHOUSE,medium
LC2611,Yashio Industrial Depot Branch 7,139.8530,35.8075,MFS19,MEDIUM_WAREHOUSE,medium
LC2612,Yashio Industrial Depot Branch 8,139.8668,35.8022,MFS19,MEDIUM_WAREHOUSE,medium
LC2613,Yashio Industrial Depot Branch 9,139.8575,35.7899,MFS19,MEDIUM_WAREHOUSE,medium
LC2614,Yashio Industrial Depot Branch 10,139.8662,35.7986,MFS19,MEDIUM_WAREHOUSE,medium
LC2615,Misato Freight Center Branch 1,139.8754,35.8358,MFS19,LARGE_DISTRIBUTION,medium
LC2616,Misato Freight Center Branch 2,139.8560,35.8397,MFS19,LARGE_DISTRIBUTION,medium
LC2617,Misato Freight Center Branch 3,139.8691,35.8315,MFS19,LARGE_DISTRIBUTION,medium
LC2618,Misato Freight Center Branch 4,139.8748,35.8324,MFS19,LARGE_DISTRIBUTION,medium
LC2619,Misato Freight Center Branch 5,139.8769,35.8390,MFS19,LARGE_DISTRIBUTION,medium
LC2620,Misato Freight Center Branch 6,139.8569,35.8448,MFS19,LARGE_DISTRIBUTION,medium
LC2621,Misato Freight Center Branch 7,139.8793,35.8492,MFS19,LARGE_DISTRIBUTION,medium
LC2622,Misato Freight Center Branch 8,139.8795,35.8409,MFS19,LARGE_DISTRIBUTION,medium
LC2623,Misato Freight Center Branch 9,139.8667,35.8422,MFS19,LARGE_DISTRIBUTION,medium
LC2624,Misato Freight Center Branch 10,139.8681,35.8446,MFS19,LARGE_DISTRIBUTION,medium
LC2625,Soka Logistics Park Branch 1,139.8031,35.7961,MFS19,MEDIUM_WAREHOUSE,low
LC2626,Soka Logistics Park Branch 2,139.7997,35.8072,MFS19,MEDIUM_WAREHOUSE,low
LC2627,Soka Logistics Park Branch 3,139.7958,35.8078,MFS19,MEDIUM_WAREHOUSE,low
LC2628,Soka Logistics Park Branch 4,139.8028,35.8137,MFS19,MEDIUM_WAREHOUSE,low
LC2629,Soka Logistics Park Branch 5,139.7921,35.8194,MFS19,MEDIUM_WAREHOUSE,low
LC2630,Soka Logistics Park Branch 6,139.7927,35.8087,MFS19,MEDIUM_WAREHOUSE,low
LC2631,Soka Logistics Park Branch 7,139.8053,35.7944,MFS19,MEDIUM_WAREHOUSE,low
LC2632,Soka Logistics Park Branch 8,139.7888,35.8165,MFS19,MEDIUM_WAREHOUSE,low
LC2633,Soka Logistics Park Branch 9,139.8087,35.8095,MFS19,MEDIUM_WAREHOUSE,low
LC2634,Soka Logistics Park Branch 10,139.7951,35.8085,MFS19,MEDIUM_WAREHOUSE,low
LC2635,Okegawa Distribution Branch 1,139.5543,35.9915,MFS33,MEDIUM_WAREHOUSE,low
LC2636,Okegawa Distribution Branch 2,139.5292,35.9992,MFS33,MEDIUM_WAREHOUSE,low
LC2637,Okegawa Distribution Branch 3,139.5552,36.0093,MFS33,MEDIUM_WAREHOUSE,low
LC2638,Okegawa Distribution Branch 4,139.5631,35.9926,MFS33,MEDIUM_WAREHOUSE,low
LC2639,Okegawa Distribution Branch 5,139.5439,36.0023,MFS33,MEDIUM_WAREHOUSE,low
LC2640,Okegawa Distribution Branch 6,139.5677,36.0112,MFS33,MEDIUM_WAREHOUSE,low
LC2641,Okegawa Distribution Branch 7,139.5529,36.0123,MFS33,MEDIUM_WAREHOUSE,low
LC2642,Okegawa Distribution Branch 8,139.5484,35.9922,MFS33,MEDIUM_WAREHOUSE,low
LC2643,Okegawa Distribution Branch 9,139.5583,36.0043,MFS33,MEDIUM_WAREHOUSE,low
LC2644,Okegawa Distribution Branch 10,139.5408,36.0021,MFS33,MEDIUM_WAREHOUSE,low
LC2645,Okegawa Distribution Branch 11,139.5577,35.9989,MFS33,MEDIUM_WAREHOUSE,low
LC2646,Okegawa Distribution Branch 12,139.5447,36.0064,MFS33,MEDIUM_WAREHOUSE,low
LC2647,Okegawa Distribution Branch 13,139.5292,35.9992,MFS33,MEDIUM_WAREHOUSE,low
LC2648,Okegawa Distribution Branch 14,139.5292,35.9992,MFS33,MEDIUM_WAREHOUSE,low
LC2649,Okegawa Distribution Branch 15,139.5468,35.9949,MFS33,MEDIUM_WAREHOUSE,low
LC2650,Okegawa Distribution Branch 16,139.5493,36.0070,MFS33,MEDIUM_WAREHOUSE,low
LC2651,Okegawa Distribution Branch 17,139.5445,36.0045,MFS33,MEDIUM_WAREHOUSE,low
LC2652,Okegawa Distribution Branch 18,139.5606,36.0050,MFS33,MEDIUM_WAREHOUSE,low
LC2653,Gyoda Logistics Hub Branch 1,139.4700,36.1400,MFS33,MEDIUM_WAREHOUSE,low
LC2654,Gyoda Logistics Hub Branch 2,139.4700,36.1400,MFS33,MEDIUM_WAREHOUSE,low
LC2655,Gyoda Logistics Hub Branch 3,139.4700,36.1400,MFS33,MEDIUM_WAREHOUSE,low
LC2656,Gyoda Logistics Hub Branch 4,139.4700,36.1400,MFS33,MEDIUM_WAREHOUSE,low
LC2657,Gyoda Logistics Hub Branch 5,139.4700,36.1400,MFS33,MEDIUM_WAREHOUSE,low
LC2658,Gyoda Logistics Hub Branch 6,139.4700,36.1400,MFS33,MEDIUM_WAREHOUSE,low
LC2659,Gyoda Logistics Hub Branch 7,139.4700,36.1400,MFS33,MEDIUM_WAREHOUSE,low
LC2660,Gyoda Logistics Hub Branch 8,139.4700,36.1400,MFS33,MEDIUM_WAREHOUSE,low
LC2661,Gyoda Logistics Hub Branch 9,139.4700,36.1400,MFS33,MEDIUM_WAREHOUSE,low
LC2662,Gyoda Logistics Hub Branch 10,139.4700,36.1400,MFS33,MEDIUM_WAREHOUSE,low
LC2663,Gyoda Logistics Hub Branch 11,139.4700,36.1400,MFS33,MEDIUM_WAREHOUSE,low
LC2664,Gyoda Logistics Hub Branch 12,139.4700,36.1400,MFS33,MEDIUM_WAREHOUSE,low
LC2665,Gyoda Logistics Hub Branch 13,139.4700,36.1400,MFS33,MEDIUM_WAREHOUSE,low
LC2666,Gyoda Logistics Hub Branch 14,139.4700,36.1400,MFS33,MEDIUM_WAREHOUSE,low
LC2667,Gyoda Logistics Hub Branch 15,139.4700,36.1400,MFS33,MEDIUM_WAREHOUSE,low
LC2668,Gyoda Logistics Hub Branch 16,139.4700,36.1400,MFS33,MEDIUM_WAREHOUSE,low
LC2669,Gyoda Logistics Hub Branch 17,139.4700,36.1400,MFS33,MEDIUM_WAREHOUSE,low
LC2670,Gyoda Logistics Hub Branch 18,139.4700,36.1400,MFS33,MEDIUM_WAREHOUSE,low
LC2671,Kumagaya Freight Depot Branch 1,139.3775,36.2016,MFS34,MEDIUM_WAREHOUSE,low
LC2672,Kumagaya Freight Depot Branch 2,139.3775,36.2016,MFS34,MEDIUM_WAREHOUSE,low
LC2673,Kumagaya Freight Depot Branch 3,139.3775,36.2016,MFS34,MEDIUM_WAREHOUSE,low
LC2674,Kumagaya Freight Depot Branch 4,139.3775,36.2016,MFS34,MEDIUM_WAREHOUSE,low
LC2675,Kumagaya Freight Depot Branch 5,139.3775,36.2016,MFS34,MEDIUM_WAREHOUSE,low
LC2676,Kumagaya Freight Depot Branch 6,139.3775,36.2016,MFS34,MEDIUM_WAREHOUSE,low
LC2677,Kumagaya Freight Depot Branch 7,139.3775,36.2016,MFS34,MEDIUM_WAREHOUSE,low
LC2678,Kumagaya Freight Depot Branch 8,139.3775,36.2016,MFS34,MEDIUM_WAREHOUSE,low
LC2679,Kumagaya Freight Depot Branch 9,139.3775,36.2016,MFS34,MEDIUM_WAREHOUSE,low
LC2680,Kumagaya Freight Depot Branch 10,139.3775,36.2016,MFS34,MEDIUM_WAREHOUSE,low
LC2681,Kumagaya Freight Depot Branch 11,139.3775,36.2016,MFS34,MEDIUM_WAREHOUSE,low
LC2682,Kumagaya Freight Depot Branch 12,139.3775,36.2016,MFS34,MEDIUM_WAREHOUSE,low
LC2683,Kumagaya Freight Depot Branch 13,139.3775,36.2016,MFS34,MEDIUM_WAREHOUSE,low
LC2684,Kumagaya Freight Depot Branch 14,139.3775,36.2016,MFS34,MEDIUM_WAREHOUSE,low
LC2685,Kumagaya Freight Depot Branch 15,139.3775,36.2016,MFS34,MEDIUM_WAREHOUSE,low
LC2686,Kumagaya Freight Depot Branch 16,139.3775,36.2016,MFS34,MEDIUM_WAREHOUSE,low
LC2687,Kumagaya Freight Depot Branch 17,139.3775,36.2016,MFS34,MEDIUM_WAREHOUSE,low
LC2688,Kumagaya Freight Depot Branch 18,139.3775,36.2016,MFS34,MEDIUM_WAREHOUSE,low
LC2689,Honjo Logistics Center Branch 1,139.1800,36.2400,MFS35,MEDIUM_WAREHOUSE,low
LC2690,Honjo Logistics Center Branch 2,139.1800,36.2400,MFS35,MEDIUM_WAREHOUSE,low
LC2691,Honjo Logistics Center Branch 3,139.1800,36.2400,MFS35,MEDIUM_WAREHOUSE,low
LC2692,Honjo Logistics Center Branch 4,139.1800,36.2400,MFS35,MEDIUM_WAREHOUSE,low
LC2693,Honjo Logistics Center Branch 5,139.1800,36.2400,MFS35,MEDIUM_WAREHOUSE,low
LC2694,Honjo Logistics Center Branch 6,139.1800,36.2400,MFS35,MEDIUM_WAREHOUSE,low
LC2695,Honjo Logistics Center Branch 7,139.1800,36.2400,MFS35,MEDIUM_WAREHOUSE,low
LC2696,Honjo Logistics Center Branch 8,139.1800,36.2400,MFS35,MEDIUM_WAREHOUSE,low
LC2697,Honjo Logistics Center Branch 9,139.1800,36.2400,MFS35,MEDIUM_WAREHOUSE,low
LC2698,Honjo Logistics Center Branch 10,139.1800,36.2400,MFS35,MEDIUM_WAREHOUSE,low
LC2699,Honjo Logistics Center Branch 11,139.1800,36.2400,MFS35,MEDIUM_WAREHOUSE,low
LC2700,Honjo Logistics Center Branch 12,139.1800,36.2400,MFS35,MEDIUM_WAREHOUSE,low
LC2701,Honjo Logistics Center Branch 13,139.1800,36.2400,MFS35,MEDIUM_WAREHOUSE,low
LC2702,Honjo Logistics Center Branch 14,139.1800,36.2400,MFS35,MEDIUM_WAREHOUSE,low
LC2703,Honjo Logistics Center Branch 15,139.1800,36.2400,MFS35,MEDIUM_WAREHOUSE,low
LC2704,Honjo Logistics Center Branch 16,139.1800,36.2400,MFS35,MEDIUM_WAREHOUSE,low
LC2705,Honjo Logistics Center Branch 17,139.1800,36.2400,MFS35,MEDIUM_WAREHOUSE,low
LC2706,Honjo Logistics Center Branch 18,139.1800,36.2400,MFS35,MEDIUM_WAREHOUSE,low
LC2707,Fukaya Distribution Branch 1,139.2800,36.2000,MFS35,LARGE_DISTRIBUTION,medium
LC2708,Fukaya Distribution Branch 2,139.2800,36.2000,MFS35,LARGE_DISTRIBUTION,medium
LC2709,Fukaya Distribution Branch 3,139.3252,36.1758,MFS35,LARGE_DISTRIBUTION,medium
LC2710,Fukaya Distribution Branch 4,139.2800,36.2000,MFS35,LARGE_DISTRIBUTION,medium
LC2711,Fukaya Distribution Branch 5,139.2800,36.2000,MFS35,LARGE_DISTRIBUTION,medium
LC2712,Fukaya Distribution Branch 6,139.2800,36.2000,MFS35,LARGE_DISTRIBUTION,medium
LC2713,Fukaya Distribution Branch 7,139.2800,36.2000,MFS35,LARGE_DISTRIBUTION,medium
LC2714,Fukaya Distribution Branch 8,139.2800,36.2000,MFS35,LARGE_DISTRIBUTION,medium
LC2715,Fukaya Distribution Branch 9,139.2800,36.2000,MFS35,LARGE_DISTRIBUTION,medium
LC2716,Fukaya Distribution Branch 10,139.2800,36.2000,MFS35,LARGE_DISTRIBUTION,medium
LC2717,Fukaya Distribution Branch 11,139.2800,36.2000,MFS35,LARGE_DISTRIBUTION,medium
LC2718,Fukaya Distribution Branch 12,139.2800,36.2000,MFS35,LARGE_DISTRIBUTION,medium
LC2719,Fukaya Distribution Branch 13,139.2800,36.2000,MFS35,LARGE_DISTRIBUTION,medium
LC2720,Fukaya Distribution Branch 14,139.2800,36.2000,MFS35,LARGE_DISTRIBUTION,medium
LC2721,Fukaya Distribution Branch 15,139.2800,36.2000,MFS35,LARGE_DISTRIBUTION,medium
LC2722,Fukaya Distribution Branch 16,139.2800,36.2000,MFS35,LARGE_DISTRIBUTION,medium
LC2723,Fukaya Distribution Branch 17,139.3134,36.1670,MFS35,LARGE_DISTRIBUTION,medium
LC2724,Fukaya Distribution Branch 18,139.2800,36.2000,MFS35,LARGE_DISTRIBUTION,medium
LC2725,Higashi-Matsuyama Depot Branch 1,139.1992,36.1492,MFS36,MEDIUM_WAREHOUSE,low
LC2726,Higashi-Matsuyama Depot Branch 2,139.1992,36.1492,MFS36,MEDIUM_WAREHOUSE,low
LC2727,Higashi-Matsuyama Depot Branch 3,139.1992,36.1492,MFS36,MEDIUM_WAREHOUSE,low
LC2728,Higashi-Matsuyama Depot Branch 4,139.1992,36.1492,MFS36,MEDIUM_WAREHOUSE,low
LC2729,Higashi-Matsuyama Depot Branch 5,139.1992,36.1492,MFS36,MEDIUM_WAREHOUSE,low
LC2730,Higashi-Matsuyama Depot Branch 6,139.1992,36.1492,MFS36,MEDIUM_WAREHOUSE,low
LC2731,Higashi-Matsuyama Depot Branch 7,139.1992,36.1492,MFS36,MEDIUM_WAREHOUSE,low
LC2732,Higashi-Matsuyama Depot Branch 8,139.1992,36.1492,MFS36,MEDIUM_WAREHOUSE,low
LC2733,Higashi-Matsuyama Depot Branch 9,139.1992,36.1492,MFS36,MEDIUM_WAREHOUSE,low
LC2734,Higashi-Matsuyama Depot Branch 10,139.1992,36.1492,MFS36,MEDIUM_WAREHOUSE,low
LC2735,Higashi-Matsuyama Depot Branch 11,139.1992,36.1492,MFS36,MEDIUM_WAREHOUSE,low
LC2736,Higashi-Matsuyama Depot Branch 12,139.1992,36.1492,MFS36,MEDIUM_WAREHOUSE,low
LC2737,Higashi-Matsuyama Depot Branch 13,139.1992,36.1492,MFS36,MEDIUM_WAREHOUSE,low
LC2738,Higashi-Matsuyama Depot Branch 14,139.1992,36.1492,MFS36,MEDIUM_WAREHOUSE,low
LC2739,Higashi-Matsuyama Depot Branch 15,139.1992,36.1492,MFS36,MEDIUM_WAREHOUSE,low
LC2740,Higashi-Matsuyama Depot Branch 16,139.1992,36.1492,MFS36,MEDIUM_WAREHOUSE,low
LC2741,Higashi-Matsuyama Depot Branch 17,139.1992,36.1492,MFS36,MEDIUM_WAREHOUSE,low
LC2742,Higashi-Matsuyama Depot Branch 18,139.1992,36.1492,MFS36,MEDIUM_WAREHOUSE,low
LC2743,Ogawa Logistics Branch 1,139.2600,36.0800,MFS36,MEDIUM_WAREHOUSE,low
LC2744,Ogawa Logistics Branch 2,139.2600,36.0800,MFS36,MEDIUM_WAREHOUSE,low
LC2745,Ogawa Logistics Branch 3,139.2600,36.0800,MFS36,MEDIUM_WAREHOUSE,low
LC2746,Ogawa Logistics Branch 4,139.2600,36.0800,MFS36,MEDIUM_WAREHOUSE,low
LC2747,Ogawa Logistics Branch 5,139.2600,36.0800,MFS36,MEDIUM_WAREHOUSE,low
LC2748,Ogawa Logistics Branch 6,139.2600,36.0800,MFS36,MEDIUM_WAREHOUSE,low
LC2749,Ogawa Logistics Branch 7,139.2600,36.0800,MFS36,MEDIUM_WAREHOUSE,low
LC2750,Ogawa Logistics Branch 8,139.2600,36.0800,MFS36,MEDIUM_WAREHOUSE,low
LC2751,Ogawa Logistics Branch 9,139.2600,36.0800,MFS36,MEDIUM_WAREHOUSE,low
LC2752,Ogawa Logistics Branch 10,139.2600,36.0800,MFS36,MEDIUM_WAREHOUSE,low
LC2753,Ogawa Logistics Branch 11,139.2600,36.0800,MFS36,MEDIUM_WAREHOUSE,low
LC2754,Ogawa Logistics Branch 12,139.2600,36.0800,MFS36,MEDIUM_WAREHOUSE,low
LC2755,Ogawa Logistics Branch 13,139.2600,36.0800,MFS36,MEDIUM_WAREHOUSE,low
LC2756,Ogawa Logistics Branch 14,139.2600,36.0800,MFS36,MEDIUM_WAREHOUSE,low
LC2757,Ogawa Logistics Branch 15,139.2600,36.0800,MFS36,MEDIUM_WAREHOUSE,low
LC2758,Ogawa Logistics Branch 16,139.2600,36.0800,MFS36,MEDIUM_WAREHOUSE,low
LC2759,Ogawa Logistics Branch 17,139.2600,36.0800,MFS36,MEDIUM_WAREHOUSE,low
LC2760,Ogawa Logistics Branch 18,139.2600,36.0800,MFS36,MEDIUM_WAREHOUSE,low
LC2761,Yoshida Freight Branch 1,139.0265,36.0642,MFS37,MEDIUM_WAREHOUSE,low
LC2762,Yoshida Freight Branch 2,139.0500,36.0800,MFS37,MEDIUM_WAREHOUSE,low
LC2763,Yoshida Freight Branch 3,139.0500,36.0800,MFS37,MEDIUM_WAREHOUSE,low
LC2764,Yoshida Freight Branch 4,139.0500,36.0800,MFS37,MEDIUM_WAREHOUSE,low
LC2765,Yoshida Freight Branch 5,139.0905,36.0888,MFS37,MEDIUM_WAREHOUSE,low
LC2766,Yoshida Freight Branch 6,139.0500,36.0800,MFS37,MEDIUM_WAREHOUSE,low
LC2767,Yoshida Freight Branch 7,139.0500,36.0800,MFS37,MEDIUM_WAREHOUSE,low
LC2768,Yoshida Freight Branch 8,139.0500,36.0800,MFS37,MEDIUM_WAREHOUSE,low
LC2769,Yoshida Freight Branch 9,139.0500,36.0800,MFS37,MEDIUM_WAREHOUSE,low
LC2770,Yoshida Freight Branch 10,139.0500,36.0800,MFS37,MEDIUM_WAREHOUSE,low
LC2771,Yoshida Freight Branch 11,139.0500,36.0800,MFS37,MEDIUM_WAREHOUSE,low
LC2772,Yoshida Freight Branch 12,139.0500,36.0800,MFS37,MEDIUM_WAREHOUSE,low
LC2773,Yoshida Freight Branch 13,139.0662,36.0558,MFS37,MEDIUM_WAREHOUSE,low
LC2774,Yoshida Freight Branch 14,139.0500,36.0800,MFS37,MEDIUM_WAREHOUSE,low
LC2775,Yoshida Freight Branch 15,139.0500,36.0800,MFS37,MEDIUM_WAREHOUSE,low
LC2776,Yoshida Freight Branch 16,139.0500,36.0800,MFS37,MEDIUM_WAREHOUSE,low
LC2777,Yoshida Freight Branch 17,139.0500,36.0800,MFS37,MEDIUM_WAREHOUSE,low
LC2778,Yoshida Freight Branch 18,139.0500,36.0800,MFS37,MEDIUM_WAREHOUSE,low
LC2779,Yoshida Freight Branch 19,139.0642,36.0599,MFS37,MEDIUM_WAREHOUSE,low
LC2780,Yoshida Freight Branch 20,139.0500,36.0800,MFS37,MEDIUM_WAREHOUSE,low
LC2781,Yoshida Freight Branch 21,139.0500,36.0800,MFS37,MEDIUM_WAREHOUSE,low
LC2782,Yoshida Freight Branch 22,139.0242,36.0782,MFS37,MEDIUM_WAREHOUSE,low
LC2783,Yoshida Freight Branch 23,139.0500,36.0800,MFS37,MEDIUM_WAREHOUSE,low
LC2784,Yoshida Freight Branch 24,139.0500,36.0800,MFS37,MEDIUM_WAREHOUSE,low
LC2785,Chichibu Logistics Branch 1,139.0836,35.9997,MFS37,MEDIUM_WAREHOUSE,low
LC2786,Chichibu Logistics Branch 2,139.0700,35.9800,MFS37,MEDIUM_WAREHOUSE,low
LC2787,Chichibu Logistics Branch 3,139.0683,36.0034,MFS37,MEDIUM_WAREHOUSE,low
LC2788,Chichibu Logistics Branch 4,139.0934,36.0143,MFS37,MEDIUM_WAREHOUSE,low
LC2789,Chichibu Logistics Branch 5,139.0725,35.9760,MFS37,MEDIUM_WAREHOUSE,low
LC2790,Chichibu Logistics Branch 6,139.0922,36.0005,MFS37,MEDIUM_WAREHOUSE,low
LC2791,Chichibu Logistics Branch 7,139.0639,35.9891,MFS37,MEDIUM_WAREHOUSE,low
LC2792,Chichibu Logistics Branch 8,139.0735,35.9734,MFS37,MEDIUM_WAREHOUSE,low
LC2793,Chichibu Logistics Branch 9,139.0454,35.9874,MFS37,MEDIUM_WAREHOUSE,low
LC2794,Chichibu Logistics Branch 10,139.0726,35.9990,MFS37,MEDIUM_WAREHOUSE,low
LC2795,Chichibu Logistics Branch 11,139.0994,35.9926,MFS37,MEDIUM_WAREHOUSE,low
LC2796,Chichibu Logistics Branch 12,139.0872,36.0152,MFS37,MEDIUM_WAREHOUSE,low
LC2797,Chichibu Logistics Branch 13,139.1056,35.9666,MFS37,MEDIUM_WAREHOUSE,low
LC2798,Chichibu Logistics Branch 14,139.0696,35.9776,MFS37,MEDIUM_WAREHOUSE,low
LC2799,Chichibu Logistics Branch 15,139.0545,35.9600,MFS37,MEDIUM_WAREHOUSE,low
LC2800,Chichibu Logistics Branch 16,139.0804,36.0102,MFS37,MEDIUM_WAREHOUSE,low
LC2801,Chichibu Logistics Branch 17,139.0815,35.9928,MFS37,MEDIUM_WAREHOUSE,low
LC2802,Chichibu Logistics Branch 18,139.0747,35.9861,MFS37,MEDIUM_WAREHOUSE,low
LC2803,Chichibu Logistics Branch 19,139.0695,35.9767,MFS37,MEDIUM_WAREHOUSE,low
LC2804,Chichibu Logistics Branch 20,139.0815,36.0090,MFS37,MEDIUM_WAREHOUSE,low
LC2805,Chichibu Logistics Branch 21,139.0679,35.9809,MFS37,MEDIUM_WAREHOUSE,low
LC2806,Chichibu Logistics Branch 22,139.0824,35.9849,MFS37,MEDIUM_WAREHOUSE,low
LC2807,Chichibu Logistics Branch 23,139.0537,35.9761,MFS37,MEDIUM_WAREHOUSE,low
LC2808,Chichibu Logistics Branch 24,139.1045,36.0318,MFS37,MEDIUM_WAREHOUSE,low
LC2809,Noda Logistics Hub Branch 1,139.8621,35.9482,MFS40,LARGE_DISTRIBUTION,medium
LC2810,Noda Logistics Hub Branch 2,139.8681,35.9402,MFS40,LARGE_DISTRIBUTION,medium
LC2811,Noda Logistics Hub Branch 3,139.8675,35.9436,MFS40,LARGE_DISTRIBUTION,medium
LC2812,Noda Logistics Hub Branch 4,139.8768,35.9420,MFS40,LARGE_DISTRIBUTION,medium
LC2813,Noda Logistics Hub Branch 5,139.8827,35.9410,MFS40,LARGE_DISTRIBUTION,medium
LC2814,Noda Logistics Hub Branch 6,139.8686,35.9491,MFS40,LARGE_DISTRIBUTION,medium
LC2815,Noda Logistics Hub Branch 7,139.8768,35.9577,MFS40,LARGE_DISTRIBUTION,medium
LC2816,Noda Logistics Hub Branch 8,139.8703,35.9469,MFS40,LARGE_DISTRIBUTION,medium
LC2817,Noda Logistics Hub Branch 9,139.8649,35.9481,MFS40,LARGE_DISTRIBUTION,medium
LC2818,Noda Logistics Hub Branch 10,139.8811,35.9531,MFS40,LARGE_DISTRIBUTION,medium
LC2819,Kashiwa Distribution Center Branch 1,139.9700,35.8700,MFS42,MEDIUM_WAREHOUSE,medium
LC2820,Kashiwa Distribution Center Branch 2,139.9700,35.8700,MFS42,MEDIUM_WAREHOUSE,medium
LC2821,Kashiwa Distribution Center Branch 3,139.9700,35.8700,MFS42,MEDIUM_WAREHOUSE,medium
LC2822,Kashiwa Distribution Center Branch 4,139.9700,35.8700,MFS42,MEDIUM_WAREHOUSE,medium
LC2823,Kashiwa Distribution Center Branch 5,139.9700,35.8700,MFS42,MEDIUM_WAREHOUSE,medium
LC2824,Kashiwa Distribution Center Branch 6,139.9700,35.8700,MFS42,MEDIUM_WAREHOUSE,medium
LC2825,Kashiwa Distribution Center Branch 7,139.9700,35.8700,MFS42,MEDIUM_WAREHOUSE,medium
LC2826,Kashiwa Distribution Center Branch 8,139.9700,35.8700,MFS42,MEDIUM_WAREHOUSE,medium
LC2827,Kashiwa Distribution Center Branch 9,139.9700,35.8700,MFS42,MEDIUM_WAREHOUSE,medium
LC2828,Kashiwa Distribution Center Branch 10,139.9700,35.8700,MFS42,MEDIUM_WAREHOUSE,medium
LC2829,Kashiwa Distribution Center Branch 11,139.9700,35.8700,MFS42,MEDIUM_WAREHOUSE,medium
LC2830,Kashiwa Distribution Center Branch 12,139.9700,35.8700,MFS42,MEDIUM_WAREHOUSE,medium
LC2831,Kashiwa Distribution Center Branch 13,139.9700,35.8700,MFS42,MEDIUM_WAREHOUSE,medium
LC2832,Kashiwa Distribution Center Branch 14,139.9700,35.8700,MFS42,MEDIUM_WAREHOUSE,medium
LC2833,Kashiwa Distribution Center Branch 15,139.9700,35.8700,MFS42,MEDIUM_WAREHOUSE,medium
LC2834,Kashiwa Distribution Center Branch 16,139.9700,35.8700,MFS42,MEDIUM_WAREHOUSE,medium
LC2835,Kashiwa Distribution Center Branch 17,139.9700,35.8700,MFS42,MEDIUM_WAREHOUSE,medium
LC2836,Kashiwa Distribution Center Branch 18,139.9700,35.8700,MFS42,MEDIUM_WAREHOUSE,medium
LC2837,Choshi Freight Depot Branch 1,140.7500,35.7300,MFS45,MEDIUM_WAREHOUSE,low
LC2838,Choshi Freight Depot Branch 2,140.7500,35.7300,MFS45,MEDIUM_WAREHOUSE,low
LC2839,Choshi Freight Depot Branch 3,140.7500,35.7300,MFS45,MEDIUM_WAREHOUSE,low
LC2840,Choshi Freight Depot Branch 4,140.7500,35.7300,MFS45,MEDIUM_WAREHOUSE,low
LC2841,Choshi Freight Depot Branch 5,140.7500,35.7300,MFS45,MEDIUM_WAREHOUSE,low
LC2842,Choshi Freight Depot Branch 6,140.7500,35.7300,MFS45,MEDIUM_WAREHOUSE,low
LC2843,Choshi Freight Depot Branch 7,140.7500,35.7300,MFS45,MEDIUM_WAREHOUSE,low
LC2844,Choshi Freight Depot Branch 8,140.7500,35.7300,MFS45,MEDIUM_WAREHOUSE,low
LC2845,Choshi Freight Depot Branch 9,140.7500,35.7300,MFS45,MEDIUM_WAREHOUSE,low
LC2846,Choshi Freight Depot Branch 10,140.7500,35.7300,MFS45,MEDIUM_WAREHOUSE,low
LC2847,Choshi Freight Depot Branch 11,140.7500,35.7300,MFS45,MEDIUM_WAREHOUSE,low
LC2848,Choshi Freight Depot Branch 12,140.7500,35.7300,MFS45,MEDIUM_WAREHOUSE,low
LC2849,Choshi Freight Depot Branch 13,140.7500,35.7300,MFS45,MEDIUM_WAREHOUSE,low
LC2850,Choshi Freight Depot Branch 14,140.7500,35.7300,MFS45,MEDIUM_WAREHOUSE,low
LC2851,Choshi Freight Depot Branch 15,140.7500,35.7300,MFS45,MEDIUM_WAREHOUSE,low
LC2852,Choshi Freight Depot Branch 16,140.7500,35.7300,MFS45,MEDIUM_WAREHOUSE,low
LC2853,Choshi Freight Depot Branch 17,140.7500,35.7300,MFS45,MEDIUM_WAREHOUSE,low
LC2854,Choshi Freight Depot Branch 18,140.7500,35.7300,MFS45,MEDIUM_WAREHOUSE,low
LC2855,Choshi Freight Depot Branch 19,140.7500,35.7300,MFS45,MEDIUM_WAREHOUSE,low
LC2856,Choshi Freight Depot Branch 20,140.7500,35.7300,MFS45,MEDIUM_WAREHOUSE,low
LC2857,Choshi Freight Depot Branch 21,140.7500,35.7300,MFS45,MEDIUM_WAREHOUSE,low
LC2858,Choshi Freight Depot Branch 22,140.7500,35.7300,MFS45,MEDIUM_WAREHOUSE,low
LC2859,Choshi Freight Depot Branch 23,140.7500,35.7300,MFS45,MEDIUM_WAREHOUSE,low
LC2860,Choshi Freight Depot Branch 24,140.7500,35.7300,MFS45,MEDIUM_WAREHOUSE,low
LC2861,Katsuura Distribution Branch 1,140.2000,35.1500,MFS46,MEDIUM_WAREHOUSE,low
LC2862,Katsuura Distribution Branch 2,140.2000,35.1500,MFS46,MEDIUM_WAREHOUSE,low
LC2863,Katsuura Distribution Branch 3,140.2000,35.1500,MFS46,MEDIUM_WAREHOUSE,low
LC2864,Katsuura Distribution Branch 4,140.2000,35.1500,MFS46,MEDIUM_WAREHOUSE,low
LC2865,Katsuura Distribution Branch 5,140.2000,35.1500,MFS46,MEDIUM_WAREHOUSE,low
LC2866,Katsuura Distribution Branch 6,140.2000,35.1500,MFS46,MEDIUM_WAREHOUSE,low
LC2867,Katsuura Distribution Branch 7,140.2000,35.1500,MFS46,MEDIUM_WAREHOUSE,low
LC2868,Katsuura Distribution Branch 8,140.2000,35.1500,MFS46,MEDIUM_WAREHOUSE,low
LC2869,Katsuura Distribution Branch 9,140.2000,35.1500,MFS46,MEDIUM_WAREHOUSE,low
LC2870,Katsuura Distribution Branch 10,140.2000,35.1500,MFS46,MEDIUM_WAREHOUSE,low
LC2871,Katsuura Distribution Branch 11,140.2000,35.1500,MFS46,MEDIUM_WAREHOUSE,low
LC2872,Katsuura Distribution Branch 12,140.2000,35.1500,MFS46,MEDIUM_WAREHOUSE,low
LC2873,Katsuura Distribution Branch 13,140.2000,35.1500,MFS46,MEDIUM_WAREHOUSE,low
LC2874,Katsuura Distribution Branch 14,140.2000,35.1500,MFS46,MEDIUM_WAREHOUSE,low
LC2875,Katsuura Distribution Branch 15,140.2000,35.1500,MFS46,MEDIUM_WAREHOUSE,low
LC2876,Katsuura Distribution Branch 16,140.2000,35.1500,MFS46,MEDIUM_WAREHOUSE,low
LC2877,Katsuura Distribution Branch 17,140.2000,35.1500,MFS46,MEDIUM_WAREHOUSE,low
LC2878,Katsuura Distribution Branch 18,140.2000,35.1500,MFS46,MEDIUM_WAREHOUSE,low
LC2879,Katsuura Distribution Branch 19,140.2000,35.1500,MFS46,MEDIUM_WAREHOUSE,low
LC2880,Katsuura Distribution Branch 20,140.2000,35.1500,MFS46,MEDIUM_WAREHOUSE,low
LC2881,Katsuura Distribution Branch 21,140.2000,35.1500,MFS46,MEDIUM_WAREHOUSE,low
LC2882,Katsuura Distribution Branch 22,140.2000,35.1500,MFS46,MEDIUM_WAREHOUSE,low
LC2883,Katsuura Distribution Branch 23,140.2000,35.1500,MFS46,MEDIUM_WAREHOUSE,low
LC2884,Katsuura Distribution Branch 24,140.2000,35.1500,MFS46,MEDIUM_WAREHOUSE,low
LC2885,Mito South Logistics Branch 1,140.4500,36.3192,MFS52,MEDIUM_WAREHOUSE,low
LC2886,Mito South Logistics Branch 2,140.4500,36.3192,MFS52,MEDIUM_WAREHOUSE,low
LC2887,Mito South Logistics Branch 3,140.4500,36.3192,MFS52,MEDIUM_WAREHOUSE,low
LC2888,Mito South Logistics Branch 4,140.4500,36.3192,MFS52,MEDIUM_WAREHOUSE,low
LC2889,Mito South Logistics Branch 5,140.4500,36.3192,MFS52,MEDIUM_WAREHOUSE,low
LC2890,Mito South Logistics Branch 6,140.4500,36.3192,MFS52,MEDIUM_WAREHOUSE,low
LC2891,Mito South Logistics Branch 7,140.4500,36.3192,MFS52,MEDIUM_WAREHOUSE,low
LC2892,Mito South Logistics Branch 8,140.4500,36.3192,MFS52,MEDIUM_WAREHOUSE,low
LC2893,Mito South Logistics Branch 9,140.4500,36.3192,MFS52,MEDIUM_WAREHOUSE,low
LC2894,Mito South Logistics Branch 10,140.4500,36.3192,MFS52,MEDIUM_WAREHOUSE,low
LC2895,Mito South Logistics Branch 11,140.4500,36.3192,MFS52,MEDIUM_WAREHOUSE,low
LC2896,Mito South Logistics Branch 12,140.4500,36.3192,MFS52,MEDIUM_WAREHOUSE,low
LC2897,Mito South Logistics Branch 13,140.4500,36.3192,MFS52,MEDIUM_WAREHOUSE,low
LC2898,Mito South Logistics Branch 14,140.4500,36.3192,MFS52,MEDIUM_WAREHOUSE,low
LC2899,Mito South Logistics Branch 15,140.4500,36.3192,MFS52,MEDIUM_WAREHOUSE,low
LC2900,Mito South Logistics Branch 16,140.4500,36.3192,MFS52,MEDIUM_WAREHOUSE,low
LC2901,Mito South Logistics Branch 17,140.4500,36.3192,MFS52,MEDIUM_WAREHOUSE,low
LC2902,Mito South Logistics Branch 18,140.4500,36.3192,MFS52,MEDIUM_WAREHOUSE,low
LC2903,Tsuchiura Freight Center Branch 1,140.2000,36.0800,MFS53,MEDIUM_WAREHOUSE,medium
LC2904,Tsuchiura Freight Center Branch 2,140.2000,36.0800,MFS53,MEDIUM_WAREHOUSE,medium
LC2905,Tsuchiura Freight Center Branch 3,140.2000,36.0800,MFS53,MEDIUM_WAREHOUSE,medium
LC2906,Tsuchiura Freight Center Branch 4,140.2000,36.0800,MFS53,MEDIUM_WAREHOUSE,medium
LC2907,Tsuchiura Freight Center Branch 5,140.2000,36.0800,MFS53,MEDIUM_WAREHOUSE,medium
LC2908,Tsuchiura Freight Center Branch 6,140.2000,36.0800,MFS53,MEDIUM_WAREHOUSE,medium
LC2909,Tsuchiura Freight Center Branch 7,140.2000,36.0800,MFS53,MEDIUM_WAREHOUSE,medium
LC2910,Tsuchiura Freight Center Branch 8,140.2000,36.0800,MFS53,MEDIUM_WAREHOUSE,medium
LC2911,Tsuchiura Freight Center Branch 9,140.2000,36.0800,MFS53,MEDIUM_WAREHOUSE,medium
LC2912,Tsuchiura Freight Center Branch 10,140.2000,36.0800,MFS53,MEDIUM_WAREHOUSE,medium
LC2913,Tsuchiura Freight Center Branch 11,140.2000,36.0800,MFS53,MEDIUM_WAREHOUSE,medium
LC2914,Tsuchiura Freight Center Branch 12,140.2000,36.0800,MFS53,MEDIUM_WAREHOUSE,medium
LC2915,Tsuchiura Freight Center Branch 13,140.2000,36.0800,MFS53,MEDIUM_WAREHOUSE,medium
LC2916,Tsuchiura Freight Center Branch 14,140.2000,36.0800,MFS53,MEDIUM_WAREHOUSE,medium
LC2917,Tsuchiura Freight Center Branch 15,140.2000,36.0800,MFS53,MEDIUM_WAREHOUSE,medium
LC2918,Tsuchiura Freight Center Branch 16,140.2000,36.0800,MFS53,MEDIUM_WAREHOUSE,medium
LC2919,Tsuchiura Freight Center Branch 17,140.2000,36.0800,MFS53,MEDIUM_WAREHOUSE,medium
LC2920,Tsuchiura Freight Center Branch 18,140.2000,36.0800,MFS53,MEDIUM_WAREHOUSE,medium
LC2921,Yuki Distribution Branch 1,139.8612,36.2897,MFS56,MEDIUM_WAREHOUSE,low
LC2922,Yuki Distribution Branch 2,139.8507,36.3088,MFS56,MEDIUM_WAREHOUSE,low
LC2923,Yuki Distribution Branch 3,139.8805,36.2820,MFS56,MEDIUM_WAREHOUSE,low
LC2924,Yuki Distribution Branch 4,139.8806,36.3023,MFS56,MEDIUM_WAREHOUSE,low
LC2925,Yuki Distribution Branch 5,139.8534,36.2969,MFS56,MEDIUM_WAREHOUSE,low
LC2926,Yuki Distribution Branch 6,139.8683,36.2953,MFS56,MEDIUM_WAREHOUSE,low
LC2927,Yuki Distribution Branch 7,139.8817,36.3140,MFS56,MEDIUM_WAREHOUSE,low
LC2928,Yuki Distribution Branch 8,139.8615,36.2935,MFS56,MEDIUM_WAREHOUSE,low
LC2929,Yuki Distribution Branch 9,139.8712,36.3049,MFS56,MEDIUM_WAREHOUSE,low
LC2930,Yuki Distribution Branch 10,139.8790,36.2933,MFS56,MEDIUM_WAREHOUSE,low
LC2931,Yuki Distribution Branch 11,139.8778,36.2849,MFS56,MEDIUM_WAREHOUSE,low
LC2932,Yuki Distribution Branch 12,139.8841,36.2906,MFS56,MEDIUM_WAREHOUSE,low
LC2933,Yuki Distribution Branch 13,139.8619,36.2990,MFS56,MEDIUM_WAREHOUSE,low
LC2934,Yuki Distribution Branch 14,139.8836,36.2754,MFS56,MEDIUM_WAREHOUSE,low
LC2935,Yuki Distribution Branch 15,139.8684,36.2836,MFS56,MEDIUM_WAREHOUSE,low
LC2936,Yuki Distribution Branch 16,139.8635,36.3060,MFS56,MEDIUM_WAREHOUSE,low
LC2937,Yuki Distribution Branch 17,139.8698,36.3135,MFS56,MEDIUM_WAREHOUSE,low
LC2938,Yuki Distribution Branch 18,139.8686,36.2882,MFS56,MEDIUM_WAREHOUSE,low
LC2939,Chikusei Logistics Branch 1,139.9784,36.3716,MFS56,MEDIUM_WAREHOUSE,low
LC2940,Chikusei Logistics Branch 2,139.9784,36.3716,MFS56,MEDIUM_WAREHOUSE,low
LC2941,Chikusei Logistics Branch 3,139.9784,36.3716,MFS56,MEDIUM_WAREHOUSE,low
LC2942,Chikusei Logistics Branch 4,139.9784,36.3716,MFS56,MEDIUM_WAREHOUSE,low
LC2943,Chikusei Logistics Branch 5,139.9784,36.3716,MFS56,MEDIUM_WAREHOUSE,low
LC2944,Chikusei Logistics Branch 6,139.9784,36.3716,MFS56,MEDIUM_WAREHOUSE,low
LC2945,Chikusei Logistics Branch 7,139.9784,36.3716,MFS56,MEDIUM_WAREHOUSE,low
LC2946,Chikusei Logistics Branch 8,139.9784,36.3716,MFS56,MEDIUM_WAREHOUSE,low
LC2947,Chikusei Logistics Branch 9,139.9784,36.3716,MFS56,MEDIUM_WAREHOUSE,low
LC2948,Chikusei Logistics Branch 10,139.9784,36.3716,MFS56,MEDIUM_WAREHOUSE,low
LC2949,Chikusei Logistics Branch 11,139.9784,36.3716,MFS56,MEDIUM_WAREHOUSE,low
LC2950,Chikusei Logistics Branch 12,139.9784,36.3716,MFS56,MEDIUM_WAREHOUSE,low
LC2951,Chikusei Logistics Branch 13,139.9784,36.3716,MFS56,MEDIUM_WAREHOUSE,low
LC2952,Chikusei Logistics Branch 14,139.9784,36.3716,MFS56,MEDIUM_WAREHOUSE,low
LC2953,Chikusei Logistics Branch 15,139.9784,36.3716,MFS56,MEDIUM_WAREHOUSE,low
LC2954,Chikusei Logistics Branch 16,139.9784,36.3716,MFS56,MEDIUM_WAREHOUSE,low
LC2955,Chikusei Logistics Branch 17,139.9784,36.3716,MFS56,MEDIUM_WAREHOUSE,low
LC2956,Chikusei Logistics Branch 18,139.9784,36.3716,MFS56,MEDIUM_WAREHOUSE,low
LC2957,Hitachi Coastal Logistics Branch 1,140.6600,36.5850,MFS57,MEDIUM_WAREHOUSE,low
LC2958,Hitachi Coastal Logistics Branch 2,140.6600,36.5850,MFS57,MEDIUM_WAREHOUSE,low
LC2959,Hitachi Coastal Logistics Branch 3,140.6600,36.5850,MFS57,MEDIUM_WAREHOUSE,low
LC2960,Hitachi Coastal Logistics Branch 4,140.6600,36.5850,MFS57,MEDIUM_WAREHOUSE,low
LC2961,Hitachi Coastal Logistics Branch 5,140.6600,36.5850,MFS57,MEDIUM_WAREHOUSE,low
LC2962,Hitachi Coastal Logistics Branch 6,140.6600,36.5850,MFS57,MEDIUM_WAREHOUSE,low
LC2963,Hitachi Coastal Logistics Branch 7,140.6600,36.5850,MFS57,MEDIUM_WAREHOUSE,low
LC2964,Hitachi Coastal Logistics Branch 8,140.6600,36.5850,MFS57,MEDIUM_WAREHOUSE,low
LC2965,Hitachi Coastal Logistics Branch 9,140.6600,36.5850,MFS57,MEDIUM_WAREHOUSE,low
LC2966,Hitachi Coastal Logistics Branch 10,140.6600,36.5850,MFS57,MEDIUM_WAREHOUSE,low
LC2967,Hitachi Coastal Logistics Branch 11,140.6600,36.5850,MFS57,MEDIUM_WAREHOUSE,low
LC2968,Hitachi Coastal Logistics Branch 12,140.6600,36.5850,MFS57,MEDIUM_WAREHOUSE,low
LC2969,Hitachi Coastal Logistics Branch 13,140.6600,36.5850,MFS57,MEDIUM_WAREHOUSE,low
LC2970,Hitachi Coastal Logistics Branch 14,140.6600,36.5850,MFS57,MEDIUM_WAREHOUSE,low
LC2971,Hitachi Coastal Logistics Branch 15,140.6600,36.5850,MFS57,MEDIUM_WAREHOUSE,low
LC2972,Hitachi Coastal Logistics Branch 16,140.6600,36.5850,MFS57,MEDIUM_WAREHOUSE,low
LC2973,Hitachi Coastal Logistics Branch 17,140.6600,36.5850,MFS57,MEDIUM_WAREHOUSE,low
LC2974,Hitachi Coastal Logistics Branch 18,140.6600,36.5850,MFS57,MEDIUM_WAREHOUSE,low
LC2975,Hitachi Coastal Logistics Branch 19,140.6600,36.5850,MFS57,MEDIUM_WAREHOUSE,low
LC2976,Hitachi Coastal Logistics Branch 20,140.6600,36.5850,MFS57,MEDIUM_WAREHOUSE,low
LC2977,Hitachi Coastal Logistics Branch 21,140.6600,36.5850,MFS57,MEDIUM_WAREHOUSE,low
LC2978,Hitachi Coastal Logistics Branch 22,140.6600,36.5850,MFS57,MEDIUM_WAREHOUSE,low
LC2979,Hitachi Coastal Logistics Branch 23,140.6600,36.5850,MFS57,MEDIUM_WAREHOUSE,low
LC2980,Hitachi Coastal Logistics Branch 24,140.6600,36.5850,MFS57,MEDIUM_WAREHOUSE,low
LC2981,Nikko Distribution Branch 1,139.6000,36.7500,MFS60,MEDIUM_WAREHOUSE,low
LC2982,Nikko Distribution Branch 2,139.6000,36.7500,MFS60,MEDIUM_WAREHOUSE,low
LC2983,Nikko Distribution Branch 3,139.6000,36.7500,MFS60,MEDIUM_WAREHOUSE,low
LC2984,Nikko Distribution Branch 4,139.6000,36.7500,MFS60,MEDIUM_WAREHOUSE,low
LC2985,Nikko Distribution Branch 5,139.6000,36.7500,MFS60,MEDIUM_WAREHOUSE,low
LC2986,Nikko Distribution Branch 6,139.6000,36.7500,MFS60,MEDIUM_WAREHOUSE,low
LC2987,Nikko Distribution Branch 7,139.6000,36.7500,MFS60,MEDIUM_WAREHOUSE,low
LC2988,Nikko Distribution Branch 8,139.6000,36.7500,MFS60,MEDIUM_WAREHOUSE,low
LC2989,Nikko Distribution Branch 9,139.6000,36.7500,MFS60,MEDIUM_WAREHOUSE,low
LC2990,Nikko Distribution Branch 10,139.6000,36.7500,MFS60,MEDIUM_WAREHOUSE,low
LC2991,Nikko Distribution Branch 11,139.6000,36.7500,MFS60,MEDIUM_WAREHOUSE,low
LC2992,Nikko Distribution Branch 12,139.6000,36.7500,MFS60,MEDIUM_WAREHOUSE,low
LC2993,Nikko Distribution Branch 13,139.6000,36.7500,MFS60,MEDIUM_WAREHOUSE,low
LC2994,Nikko Distribution Branch 14,139.6000,36.7500,MFS60,MEDIUM_WAREHOUSE,low
LC2995,Nikko Distribution Branch 15,139.6000,36.7500,MFS60,MEDIUM_WAREHOUSE,low
LC2996,Nikko Distribution Branch 16,139.6000,36.7500,MFS60,MEDIUM_WAREHOUSE,low
LC2997,Nikko Distribution Branch 17,139.6000,36.7500,MFS60,MEDIUM_WAREHOUSE,low
LC2998,Nikko Distribution Branch 18,139.6000,36.7500,MFS60,MEDIUM_WAREHOUSE,low
LC2999,Utsunomiya West Hub Branch 1,139.7792,36.5492,MFS61,MEDIUM_WAREHOUSE,low
LC3000,Utsunomiya West Hub Branch 2,139.7792,36.5492,MFS61,MEDIUM_WAREHOUSE,low
LC3001,Utsunomiya West Hub Branch 3,139.7792,36.5492,MFS61,MEDIUM_WAREHOUSE,low
LC3002,Utsunomiya West Hub Branch 4,139.7792,36.5492,MFS61,MEDIUM_WAREHOUSE,low
LC3003,Utsunomiya West Hub Branch 5,139.7792,36.5492,MFS61,MEDIUM_WAREHOUSE,low
LC3004,Utsunomiya West Hub Branch 6,139.7792,36.5492,MFS61,MEDIUM_WAREHOUSE,low
LC3005,Utsunomiya West Hub Branch 7,139.7792,36.5492,MFS61,MEDIUM_WAREHOUSE,low
LC3006,Utsunomiya West Hub Branch 8,139.7792,36.5492,MFS61,MEDIUM_WAREHOUSE,low
LC3007,Utsunomiya West Hub Branch 9,139.7792,36.5492,MFS61,MEDIUM_WAREHOUSE,low
LC3008,Utsunomiya West Hub Branch 10,139.7792,36.5492,MFS61,MEDIUM_WAREHOUSE,low
LC3009,Utsunomiya West Hub Branch 11,139.7792,36.5492,MFS61,MEDIUM_WAREHOUSE,low
LC3010,Utsunomiya West Hub Branch 12,139.7792,36.5492,MFS61,MEDIUM_WAREHOUSE,low
LC3011,Utsunomiya West Hub Branch 13,139.7792,36.5492,MFS61,MEDIUM_WAREHOUSE,low
LC3012,Utsunomiya West Hub Branch 14,139.7792,36.5492,MFS61,MEDIUM_WAREHOUSE,low
LC3013,Utsunomiya West Hub Branch 15,139.7792,36.5492,MFS61,MEDIUM_WAREHOUSE,low
LC3014,Utsunomiya West Hub Branch 16,139.7792,36.5492,MFS61,MEDIUM_WAREHOUSE,low
LC3015,Utsunomiya West Hub Branch 17,139.7792,36.5492,MFS61,MEDIUM_WAREHOUSE,low
LC3016,Utsunomiya West Hub Branch 18,139.7792,36.5492,MFS61,MEDIUM_WAREHOUSE,low
LC3017,Nasushiobara Logistics Branch 1,140.0516,37.0000,MFS64,MEDIUM_WAREHOUSE,low
LC3018,Nasushiobara Logistics Branch 2,140.0516,37.0000,MFS64,MEDIUM_WAREHOUSE,low
LC3019,Nasushiobara Logistics Branch 3,140.0516,37.0000,MFS64,MEDIUM_WAREHOUSE,low
LC3020,Nasushiobara Logistics Branch 4,140.0516,37.0000,MFS64,MEDIUM_WAREHOUSE,low
LC3021,Nasushiobara Logistics Branch 5,140.0516,37.0000,MFS64,MEDIUM_WAREHOUSE,low
LC3022,Nasushiobara Logistics Branch 6,140.0516,37.0000,MFS64,MEDIUM_WAREHOUSE,low
LC3023,Nasushiobara Logistics Branch 7,140.0516,37.0000,MFS64,MEDIUM_WAREHOUSE,low
LC3024,Nasushiobara Logistics Branch 8,140.0516,37.0000,MFS64,MEDIUM_WAREHOUSE,low
LC3025,Nasushiobara Logistics Branch 9,140.0516,37.0000,MFS64,MEDIUM_WAREHOUSE,low
LC3026,Nasushiobara Logistics Branch 10,140.0516,37.0000,MFS64,MEDIUM_WAREHOUSE,low
LC3027,Nasushiobara Logistics Branch 11,140.0516,37.0000,MFS64,MEDIUM_WAREHOUSE,low
LC3028,Nasushiobara Logistics Branch 12,140.0516,37.0000,MFS64,MEDIUM_WAREHOUSE,low
LC3029,Nasushiobara Logistics Branch 13,140.0516,37.0000,MFS64,MEDIUM_WAREHOUSE,low
LC3030,Nasushiobara Logistics Branch 14,140.0516,37.0000,MFS64,MEDIUM_WAREHOUSE,low
LC3031,Nasushiobara Logistics Branch 15,140.0516,37.0000,MFS64,MEDIUM_WAREHOUSE,low
LC3032,Nasushiobara Logistics Branch 16,140.0516,37.0000,MFS64,MEDIUM_WAREHOUSE,low
LC3033,Nasushiobara Logistics Branch 17,140.0516,37.0000,MFS64,MEDIUM_WAREHOUSE,low
LC3034,Nasushiobara Logistics Branch 18,140.0516,37.0000,MFS64,MEDIUM_WAREHOUSE,low
LC3035,Nasushiobara Logistics Branch 19,140.0516,37.0000,MFS64,MEDIUM_WAREHOUSE,low
LC3036,Nasushiobara Logistics Branch 20,140.0516,37.0000,MFS64,MEDIUM_WAREHOUSE,low
LC3037,Nasushiobara Logistics Branch 21,140.0516,37.0000,MFS64,MEDIUM_WAREHOUSE,low
LC3038,Nasushiobara Logistics Branch 22,140.0516,37.0000,MFS64,MEDIUM_WAREHOUSE,low
LC3039,Nasushiobara Logistics Branch 23,140.0516,37.0000,MFS64,MEDIUM_WAREHOUSE,low
LC3040,Nasushiobara Logistics Branch 24,140.0516,37.0000,MFS64,MEDIUM_WAREHOUSE,low
LC3041,Shirakawa Depot Branch 1,140.2000,37.1000,MFS64,LARGE_DISTRIBUTION,low
LC3042,Shirakawa Depot Branch 2,140.2000,37.1000,MFS64,LARGE_DISTRIBUTION,low
LC3043,Shirakawa Depot Branch 3,140.2000,37.1000,MFS64,LARGE_DISTRIBUTION,low
LC3044,Shirakawa Depot Branch 4,140.2000,37.1000,MFS64,LARGE_DISTRIBUTION,low
LC3045,Shirakawa Depot Branch 5,140.2000,37.1000,MFS64,LARGE_DISTRIBUTION,low
LC3046,Shirakawa Depot Branch 6,140.2000,37.1000,MFS64,LARGE_DISTRIBUTION,low
LC3047,Shirakawa Depot Branch 7,140.2000,37.1000,MFS64,LARGE_DISTRIBUTION,low
LC3048,Shirakawa Depot Branch 8,140.2000,37.1000,MFS64,LARGE_DISTRIBUTION,low
LC3049,Shirakawa Depot Branch 9,140.2000,37.1000,MFS64,LARGE_DISTRIBUTION,low
LC3050,Shirakawa Depot Branch 10,140.2000,37.1000,MFS64,LARGE_DISTRIBUTION,low
LC3051,Shirakawa Depot Branch 11,140.2000,37.1000,MFS64,LARGE_DISTRIBUTION,low
LC3052,Shirakawa Depot Branch 12,140.2000,37.1000,MFS64,LARGE_DISTRIBUTION,low
LC3053,Shirakawa Depot Branch 13,140.2000,37.1000,MFS64,LARGE_DISTRIBUTION,low
LC3054,Shirakawa Depot Branch 14,140.2000,37.1000,MFS64,LARGE_DISTRIBUTION,low
LC3055,Shirakawa Depot Branch 15,140.2000,37.1000,MFS64,LARGE_DISTRIBUTION,low
LC3056,Shirakawa Depot Branch 16,140.2000,37.1000,MFS64,LARGE_DISTRIBUTION,low
LC3057,Shirakawa Depot Branch 17,140.2000,37.1000,MFS64,LARGE_DISTRIBUTION,low
LC3058,Shirakawa Depot Branch 18,140.2000,37.1000,MFS64,LARGE_DISTRIBUTION,low
LC3059,Shirakawa Depot Branch 19,140.2000,37.1000,MFS64,LARGE_DISTRIBUTION,low
LC3060,Shirakawa Depot Branch 20,140.2000,37.1000,MFS64,LARGE_DISTRIBUTION,low
LC3061,Shirakawa Depot Branch 21,140.2000,37.1000,MFS64,LARGE_DISTRIBUTION,low
LC3062,Shirakawa Depot Branch 22,140.2000,37.1000,MFS64,LARGE_DISTRIBUTION,low
LC3063,Shirakawa Depot Branch 23,140.2000,37.1000,MFS64,LARGE_DISTRIBUTION,low
LC3064,Shirakawa Depot Branch 24,140.2000,37.1000,MFS64,LARGE_DISTRIBUTION,low
LC3065,Numata Logistics Branch 1,139.0615,36.6304,MFS65,MEDIUM_WAREHOUSE,low
LC3066,Numata Logistics Branch 2,139.0237,36.6723,MFS65,MEDIUM_WAREHOUSE,low
LC3067,Numata Logistics Branch 3,139.0353,36.6447,MFS65,MEDIUM_WAREHOUSE,low
LC3068,Numata Logistics Branch 4,139.0444,36.6386,MFS65,MEDIUM_WAREHOUSE,low
LC3069,Numata Logistics Branch 5,139.0277,36.6417,MFS65,MEDIUM_WAREHOUSE,low
LC3070,Numata Logistics Branch 6,139.0472,36.6540,MFS65,MEDIUM_WAREHOUSE,low
LC3071,Numata Logistics Branch 7,139.0842,36.6728,MFS65,MEDIUM_WAREHOUSE,low
LC3072,Numata Logistics Branch 8,139.0547,36.6476,MFS65,MEDIUM_WAREHOUSE,low
LC3073,Numata Logistics Branch 9,139.0433,36.6379,MFS65,MEDIUM_WAREHOUSE,low
LC3074,Numata Logistics Branch 10,139.0811,36.6599,MFS65,MEDIUM_WAREHOUSE,low
LC3075,Numata Logistics Branch 11,139.0500,36.6500,MFS65,MEDIUM_WAREHOUSE,low
LC3076,Numata Logistics Branch 12,139.0406,36.6433,MFS65,MEDIUM_WAREHOUSE,low
LC3077,Numata Logistics Branch 13,139.0564,36.6469,MFS65,MEDIUM_WAREHOUSE,low
LC3078,Numata Logistics Branch 14,139.0801,36.6595,MFS65,MEDIUM_WAREHOUSE,low
LC3079,Numata Logistics Branch 15,139.0344,36.6307,MFS65,MEDIUM_WAREHOUSE,low
LC3080,Numata Logistics Branch 16,139.0693,36.6560,MFS65,MEDIUM_WAREHOUSE,low
LC3081,Numata Logistics Branch 17,139.0582,36.6468,MFS65,MEDIUM_WAREHOUSE,low
LC3082,Numata Logistics Branch 18,139.0499,36.6450,MFS65,MEDIUM_WAREHOUSE,low
LC3083,Numata Logistics Branch 19,139.0696,36.6559,MFS65,MEDIUM_WAREHOUSE,low
LC3084,Numata Logistics Branch 20,139.0279,36.6496,MFS65,MEDIUM_WAREHOUSE,low
LC3085,Numata Logistics Branch 21,139.0488,36.6327,MFS65,MEDIUM_WAREHOUSE,low
LC3086,Numata Logistics Branch 22,139.0762,36.6528,MFS65,MEDIUM_WAREHOUSE,low
LC3087,Numata Logistics Branch 23,139.0232,36.6571,MFS65,MEDIUM_WAREHOUSE,low
LC3088,Numata Logistics Branch 24,139.0662,36.6406,MFS65,MEDIUM_WAREHOUSE,low
LC3089,Minakami Distribution Branch 1,139.0000,36.7000,MFS65,MEDIUM_WAREHOUSE,low
LC3090,Minakami Distribution Branch 2,139.0007,36.6832,MFS65,MEDIUM_WAREHOUSE,low
LC3091,Minakami Distribution Branch 3,138.9936,36.6734,MFS65,MEDIUM_WAREHOUSE,low
LC3092,Minakami Distribution Branch 4,139.0000,36.7000,MFS65,MEDIUM_WAREHOUSE,low
LC3093,Minakami Distribution Branch 5,138.9907,36.6848,MFS65,MEDIUM_WAREHOUSE,low
LC3094,Minakami Distribution Branch 6,139.0000,36.7000,MFS65,MEDIUM_WAREHOUSE,low
LC3095,Minakami Distribution Branch 7,138.9769,36.6938,MFS65,MEDIUM_WAREHOUSE,low
LC3096,Minakami Distribution Branch 8,138.9772,36.7075,MFS65,MEDIUM_WAREHOUSE,low
LC3097,Minakami Distribution Branch 9,138.9739,36.7267,MFS65,MEDIUM_WAREHOUSE,low
LC3098,Minakami Distribution Branch 10,138.9936,36.6877,MFS65,MEDIUM_WAREHOUSE,low
LC3099,Minakami Distribution Branch 11,138.9777,36.6738,MFS65,MEDIUM_WAREHOUSE,low
LC3100,Minakami Distribution Branch 12,139.0498,36.6521,MFS65,MEDIUM_WAREHOUSE,low
LC3101,Minakami Distribution Branch 13,138.9998,36.6833,MFS65,MEDIUM_WAREHOUSE,low
LC3102,Minakami Distribution Branch 14,138.9927,36.6886,MFS65,MEDIUM_WAREHOUSE,low
LC3103,Minakami Distribution Branch 15,139.0410,36.6862,MFS65,MEDIUM_WAREHOUSE,low
LC3104,Minakami Distribution Branch 16,138.9863,36.6898,MFS65,MEDIUM_WAREHOUSE,low
LC3105,Minakami Distribution Branch 17,138.9775,36.6962,MFS65,MEDIUM_WAREHOUSE,low
LC3106,Minakami Distribution Branch 18,138.9899,36.6991,MFS65,MEDIUM_WAREHOUSE,low
LC3107,Minakami Distribution Branch 19,139.0000,36.7000,MFS65,MEDIUM_WAREHOUSE,low
LC3108,Minakami Distribution Branch 20,139.0000,36.7000,MFS65,MEDIUM_WAREHOUSE,low
LC3109,Minakami Distribution Branch 21,138.9749,36.7134,MFS65,MEDIUM_WAREHOUSE,low
LC3110,Minakami Distribution Branch 22,138.9776,36.6728,MFS65,MEDIUM_WAREHOUSE,low
LC3111,Minakami Distribution Branch 23,139.0000,36.7000,MFS65,MEDIUM_WAREHOUSE,low
LC3112,Minakami Distribution Branch 24,138.9973,36.6825,MFS65,MEDIUM_WAREHOUSE,low
LC3113,Nakanojo Freight Branch 1,138.8500,36.5700,MFS66,MEDIUM_WAREHOUSE,low
LC3114,Nakanojo Freight Branch 2,138.8500,36.5700,MFS66,MEDIUM_WAREHOUSE,low
LC3115,Nakanojo Freight Branch 3,138.8500,36.5700,MFS66,MEDIUM_WAREHOUSE,low
LC3116,Nakanojo Freight Branch 4,138.8500,36.5700,MFS66,MEDIUM_WAREHOUSE,low
LC3117,Nakanojo Freight Branch 5,138.8500,36.5700,MFS66,MEDIUM_WAREHOUSE,low
LC3118,Nakanojo Freight Branch 6,138.8500,36.5700,MFS66,MEDIUM_WAREHOUSE,low
LC3119,Nakanojo Freight Branch 7,138.8500,36.5700,MFS66,MEDIUM_WAREHOUSE,low
LC3120,Nakanojo Freight Branch 8,138.8500,36.5700,MFS66,MEDIUM_WAREHOUSE,low
LC3121,Nakanojo Freight Branch 9,138.8500,36.5700,MFS66,MEDIUM_WAREHOUSE,low
LC3122,Nakanojo Freight Branch 10,138.8500,36.5700,MFS66,MEDIUM_WAREHOUSE,low
LC3123,Nakanojo Freight Branch 11,138.8500,36.5700,MFS66,MEDIUM_WAREHOUSE,low
LC3124,Nakanojo Freight Branch 12,138.8500,36.5700,MFS66,MEDIUM_WAREHOUSE,low
LC3125,Nakanojo Freight Branch 13,138.8500,36.5700,MFS66,MEDIUM_WAREHOUSE,low
LC3126,Nakanojo Freight Branch 14,138.8500,36.5700,MFS66,MEDIUM_WAREHOUSE,low
LC3127,Nakanojo Freight Branch 15,138.8500,36.5700,MFS66,MEDIUM_WAREHOUSE,low
LC3128,Nakanojo Freight Branch 16,138.8500,36.5700,MFS66,MEDIUM_WAREHOUSE,low
LC3129,Nakanojo Freight Branch 17,138.8500,36.5700,MFS66,MEDIUM_WAREHOUSE,low
LC3130,Nakanojo Freight Branch 18,138.8500,36.5700,MFS66,MEDIUM_WAREHOUSE,low
LC3131,Shimonita Depot Branch 1,138.7500,36.2500,MFS66,MEDIUM_WAREHOUSE,low
LC3132,Shimonita Depot Branch 2,138.7500,36.2500,MFS66,MEDIUM_WAREHOUSE,low
LC3133,Shimonita Depot Branch 3,138.7500,36.2500,MFS66,MEDIUM_WAREHOUSE,low
LC3134,Shimonita Depot Branch 4,138.7500,36.2500,MFS66,MEDIUM_WAREHOUSE,low
LC3135,Shimonita Depot Branch 5,138.7500,36.2500,MFS66,MEDIUM_WAREHOUSE,low
LC3136,Shimonita Depot Branch 6,138.7500,36.2500,MFS66,MEDIUM_WAREHOUSE,low
LC3137,Shimonita Depot Branch 7,138.7500,36.2500,MFS66,MEDIUM_WAREHOUSE,low
LC3138,Shimonita Depot Branch 8,138.7500,36.2500,MFS66,MEDIUM_WAREHOUSE,low
LC3139,Shimonita Depot Branch 9,138.7500,36.2500,MFS66,MEDIUM_WAREHOUSE,low
LC3140,Shimonita Depot Branch 10,138.7500,36.2500,MFS66,MEDIUM_WAREHOUSE,low
LC3141,Shimonita Depot Branch 11,138.7500,36.2500,MFS66,MEDIUM_WAREHOUSE,low
LC3142,Shimonita Depot Branch 12,138.7500,36.2500,MFS66,MEDIUM_WAREHOUSE,low
LC3143,Shimonita Depot Branch 13,138.7500,36.2500,MFS66,MEDIUM_WAREHOUSE,low
LC3144,Shimonita Depot Branch 14,138.7500,36.2500,MFS66,MEDIUM_WAREHOUSE,low
LC3145,Shimonita Depot Branch 15,138.7500,36.2500,MFS66,MEDIUM_WAREHOUSE,low
LC3146,Shimonita Depot Branch 16,138.7500,36.2500,MFS66,MEDIUM_WAREHOUSE,low
LC3147,Shimonita Depot Branch 17,138.7500,36.2500,MFS66,MEDIUM_WAREHOUSE,low
LC3148,Shimonita Depot Branch 18,138.7500,36.2500,MFS66,MEDIUM_WAREHOUSE,low
LC3149,Sendai Logistics Hub Branch 1,141.0093,38.2753,MFS67,LOGISTICS_HUB,high
LC3150,Sendai Logistics Hub Branch 2,140.9092,38.2592,MFS67,LOGISTICS_HUB,high
LC3151,Sendai Logistics Hub Branch 3,140.9483,38.2579,MFS67,LOGISTICS_HUB,high
LC3152,Sendai Logistics Hub Branch 4,140.9266,38.2972,MFS67,LOGISTICS_HUB,high
LC3153,Sendai Logistics Hub Branch 5,140.9145,38.2874,MFS67,LOGISTICS_HUB,high
LC3154,Sendai Logistics Hub Branch 6,140.8728,38.2743,MFS67,LOGISTICS_HUB,high
LC3155,Sendai Logistics Hub Branch 7,140.9112,38.2799,MFS67,LOGISTICS_HUB,high
LC3156,Sendai Logistics Hub Branch 8,140.9165,38.3225,MFS67,LOGISTICS_HUB,high
LC3157,Sendai Logistics Hub Branch 9,140.9038,38.2990,MFS67,LOGISTICS_HUB,high
LC3158,Sendai Logistics Hub Branch 10,140.9027,38.2600,MFS67,LOGISTICS_HUB,high
LC3159,Sendai Logistics Hub Branch 11,140.8417,38.2417,MFS67,LOGISTICS_HUB,high
LC3160,Sendai Logistics Hub Branch 12,140.8950,38.2653,MFS67,LOGISTICS_HUB,high
LC3161,Sendai Logistics Hub Branch 13,140.9057,38.2506,MFS67,LOGISTICS_HUB,high
LC3162,Sendai Logistics Hub Branch 14,140.8680,38.2561,MFS67,LOGISTICS_HUB,high
LC3163,Sendai Logistics Hub Branch 15,140.9289,38.2559,MFS67,LOGISTICS_HUB,high
LC3164,Sendai Logistics Hub Branch 16,140.8872,38.2669,MFS67,LOGISTICS_HUB,high
LC3165,Sendai Logistics Hub Branch 17,140.8542,38.2946,MFS67,LOGISTICS_HUB,high
LC3166,Sendai Logistics Hub Branch 18,140.9010,38.2641,MFS67,LOGISTICS_HUB,high
LC3167,Sendai Logistics Hub Branch 19,140.8933,38.3068,MFS67,LOGISTICS_HUB,high
LC3168,Sendai Logistics Hub Branch 20,140.8997,38.2943,MFS67,LOGISTICS_HUB,high
LC3169,Sendai Logistics Hub Branch 21,140.9035,38.2626,MFS67,LOGISTICS_HUB,high
LC3170,Sendai Logistics Hub Branch 22,140.8922,38.2525,MFS67,LOGISTICS_HUB,high
LC3171,Sendai Logistics Hub Branch 23,140.8547,38.2732,MFS67,LOGISTICS_HUB,high
LC3172,Sendai Logistics Hub Branch 24,140.8893,38.2312,MFS67,LOGISTICS_HUB,high
LC3173,Sendai Logistics Hub Branch 25,140.9128,38.2590,MFS67,LOGISTICS_HUB,high
LC3174,Sendai Logistics Hub Branch 26,140.8824,38.2897,MFS67,LOGISTICS_HUB,high
LC3175,Sendai Logistics Hub Branch 27,140.8997,38.2378,MFS67,LOGISTICS_HUB,high
LC3176,Sendai Logistics Hub Branch 28,140.8909,38.2846,MFS67,LOGISTICS_HUB,high
LC3177,Sendai Logistics Hub Branch 29,140.8779,38.2147,MFS67,LOGISTICS_HUB,high
LC3178,Sendai Logistics Hub Branch 30,140.8895,38.2430,MFS67,LOGISTICS_HUB,high
LC3179,Sendai Distribution Center Branch 1,140.8664,38.2929,MFS67,LARGE_DISTRIBUTION,high
LC3180,Sendai Distribution Center Branch 2,140.8425,38.2886,MFS67,LARGE_DISTRIBUTION,high
LC3181,Sendai Distribution Center Branch 3,140.9004,38.3590,MFS67,LARGE_DISTRIBUTION,high
LC3182,Sendai Distribution Center Branch 4,140.7464,38.2944,MFS67,LARGE_DISTRIBUTION,high
LC3183,Sendai Distribution Center Branch 5,140.8266,38.3410,MFS67,LARGE_DISTRIBUTION,high
LC3184,Sendai Distribution Center Branch 6,140.7895,38.2745,MFS67,LARGE_DISTRIBUTION,high
LC3185,Sendai Distribution Center Branch 7,140.7956,38.3114,MFS67,LARGE_DISTRIBUTION,high
LC3186,Sendai Distribution Center Branch 8,140.8047,38.3226,MFS67,LARGE_DISTRIBUTION,high
LC3187,Sendai Distribution Center Branch 9,140.8389,38.3541,MFS67,LARGE_DISTRIBUTION,high
LC3188,Sendai Distribution Center Branch 10,140.8442,38.2714,MFS67,LARGE_DISTRIBUTION,high
LC3189,Sendai Distribution Center Branch 11,140.7521,38.2715,MFS67,LARGE_DISTRIBUTION,high
LC3190,Sendai Distribution Center Branch 12,140.8017,38.3681,MFS67,LARGE_DISTRIBUTION,high
LC3191,Sendai Distribution Center Branch 13,140.8092,38.2670,MFS67,LARGE_DISTRIBUTION,high
LC3192,Sendai Distribution Center Branch 14,140.8560,38.2781,MFS67,LARGE_DISTRIBUTION,high
LC3193,Sendai Distribution Center Branch 15,140.8211,38.3529,MFS67,LARGE_DISTRIBUTION,high
LC3194,Sendai Distribution Center Branch 16,140.7942,38.3532,MFS67,LARGE_DISTRIBUTION,high
LC3195,Sendai Distribution Center Branch 17,140.8367,38.3383,MFS67,LARGE_DISTRIBUTION,high
LC3196,Sendai Distribution Center Branch 18,140.8662,38.3144,MFS67,LARGE_DISTRIBUTION,high
LC3197,Sendai Distribution Center Branch 19,140.8589,38.2621,MFS67,LARGE_DISTRIBUTION,high
LC3198,Sendai Distribution Center Branch 20,140.8502,38.3416,MFS67,LARGE_DISTRIBUTION,high
LC3199,Sendai Distribution Center Branch 21,140.8369,38.3443,MFS67,LARGE_DISTRIBUTION,high
LC3200,Sendai Distribution Center Branch 22,140.7877,38.3197,MFS67,LARGE_DISTRIBUTION,high
LC3201,Sendai Distribution Center Branch 23,140.8000,38.3200,MFS67,LARGE_DISTRIBUTION,high
LC3202,Sendai Distribution Center Branch 24,140.8376,38.2920,MFS67,LARGE_DISTRIBUTION,high
LC3203,Sendai Distribution Center Branch 25,140.8186,38.3126,MFS67,LARGE_DISTRIBUTION,high
LC3204,Sendai Distribution Center Branch 26,140.8576,38.3101,MFS67,LARGE_DISTRIBUTION,high
LC3205,Sendai Distribution Center Branch 27,140.8434,38.3247,MFS67,LARGE_DISTRIBUTION,high
LC3206,Sendai Distribution Center Branch 28,140.7919,38.3284,MFS67,LARGE_DISTRIBUTION,high
LC3207,Sendai Distribution Center Branch 29,140.8432,38.3505,MFS67,LARGE_DISTRIBUTION,high
LC3208,Sendai Distribution Center Branch 30,140.8287,38.2759,MFS67,LARGE_DISTRIBUTION,high
LC3209,Sendai South Freight Branch 1,140.945975,38.175918,MFS67,LARGE_DISTRIBUTION,medium
LC3210,Sendai South Freight Branch 2,140.9004,38.2024,MFS67,LARGE_DISTRIBUTION,medium
LC3211,Sendai South Freight Branch 3,140.8821,38.1510,MFS67,LARGE_DISTRIBUTION,medium
LC3212,Sendai South Freight Branch 4,140.9457,38.1959,MFS67,LARGE_DISTRIBUTION,medium
LC3213,Sendai South Freight Branch 5,140.9358,38.1478,MFS67,LARGE_DISTRIBUTION,medium
LC3214,Sendai South Freight Branch 6,140.9326,38.2376,MFS67,LARGE_DISTRIBUTION,medium
LC3215,Sendai South Freight Branch 7,140.9139,38.1899,MFS67,LARGE_DISTRIBUTION,medium
LC3216,Sendai South Freight Branch 8,140.9857,38.2545,MFS67,LARGE_DISTRIBUTION,medium
LC3217,Sendai South Freight Branch 9,140.8619,38.2351,MFS67,LARGE_DISTRIBUTION,medium
LC3218,Sendai South Freight Branch 10,140.9521,38.1994,MFS67,LARGE_DISTRIBUTION,medium
LC3219,Sendai South Freight Branch 11,140.8897,38.1910,MFS67,LARGE_DISTRIBUTION,medium
LC3220,Sendai South Freight Branch 12,140.8920,38.1894,MFS67,LARGE_DISTRIBUTION,medium
LC3221,Sendai South Freight Branch 13,140.9423,38.1588,MFS67,LARGE_DISTRIBUTION,medium
LC3222,Sendai South Freight Branch 14,140.9163,38.1726,MFS67,LARGE_DISTRIBUTION,medium
LC3223,Sendai South Freight Branch 15,140.94962,38.155501,MFS67,LARGE_DISTRIBUTION,medium
LC3224,Sendai South Freight Branch 16,140.9546,38.2297,MFS67,LARGE_DISTRIBUTION,medium
LC3225,Sendai South Freight Branch 17,140.9281,38.1391,MFS67,LARGE_DISTRIBUTION,medium
LC3226,Sendai South Freight Branch 18,140.8863,38.1655,MFS67,LARGE_DISTRIBUTION,medium
LC3227,Sendai South Freight Branch 19,140.8939,38.1713,MFS67,LARGE_DISTRIBUTION,medium
LC3228,Sendai South Freight Branch 20,140.9292,38.2347,MFS67,LARGE_DISTRIBUTION,medium
LC3229,Sendai South Freight Branch 21,140.9003,38.1919,MFS67,LARGE_DISTRIBUTION,medium
LC3230,Sendai South Freight Branch 22,140.9484,38.1784,MFS67,LARGE_DISTRIBUTION,medium
LC3231,Sendai South Freight Branch 23,140.8991,38.1719,MFS67,LARGE_DISTRIBUTION,medium
LC3232,Sendai South Freight Branch 24,140.8454,38.2028,MFS67,LARGE_DISTRIBUTION,medium
LC3233,Sendai South Freight Branch 25,140.9102,38.1609,MFS67,LARGE_DISTRIBUTION,medium
LC3234,Sendai South Freight Branch 26,140.9496,38.1775,MFS67,LARGE_DISTRIBUTION,medium
LC3235,Sendai South Freight Branch 27,140.9129,38.2195,MFS67,LARGE_DISTRIBUTION,medium
LC3236,Sendai South Freight Branch 28,140.9510,38.2241,MFS67,LARGE_DISTRIBUTION,medium
LC3237,Sendai South Freight Branch 29,140.9162,38.1950,MFS67,LARGE_DISTRIBUTION,medium
LC3238,Sendai South Freight Branch 30,140.9396,38.1789,MFS67,LARGE_DISTRIBUTION,medium
LC3239,Niigata Port Logistics Branch 1,139.0500,37.9000,MFS68,LOGISTICS_HUB,high
LC3240,Niigata Port Logistics Branch 2,139.0500,37.9000,MFS68,LOGISTICS_HUB,high
LC3241,Niigata Port Logistics Branch 3,139.0500,37.9000,MFS68,LOGISTICS_HUB,high
LC3242,Niigata Port Logistics Branch 4,139.0500,37.9000,MFS68,LOGISTICS_HUB,high
LC3243,Niigata Port Logistics Branch 5,139.0500,37.9000,MFS68,LOGISTICS_HUB,high
LC3244,Niigata Port Logistics Branch 6,139.0500,37.9000,MFS68,LOGISTICS_HUB,high
LC3245,Niigata Port Logistics Branch 7,139.0500,37.9000,MFS68,LOGISTICS_HUB,high
LC3246,Niigata Port Logistics Branch 8,139.0500,37.9000,MFS68,LOGISTICS_HUB,high
LC3247,Niigata Port Logistics Branch 9,139.0500,37.9000,MFS68,LOGISTICS_HUB,high
LC3248,Niigata Port Logistics Branch 10,139.0500,37.9000,MFS68,LOGISTICS_HUB,high
LC3249,Niigata Port Logistics Branch 11,139.0500,37.9000,MFS68,LOGISTICS_HUB,high
LC3250,Niigata Port Logistics Branch 12,139.0500,37.9000,MFS68,LOGISTICS_HUB,high
LC3251,Niigata Port Logistics Branch 13,139.0500,37.9000,MFS68,LOGISTICS_HUB,high
LC3252,Niigata Port Logistics Branch 14,139.0500,37.9000,MFS68,LOGISTICS_HUB,high
LC3253,Niigata Port Logistics Branch 15,139.0500,37.9000,MFS68,LOGISTICS_HUB,high
LC3254,Niigata Port Logistics Branch 16,139.0500,37.9000,MFS68,LOGISTICS_HUB,high
LC3255,Niigata Port Logistics Branch 17,139.0500,37.9000,MFS68,LOGISTICS_HUB,high
LC3256,Niigata Port Logistics Branch 18,139.0500,37.9000,MFS68,LOGISTICS_HUB,high
LC3257,Niigata Port Logistics Branch 19,139.0500,37.9000,MFS68,LOGISTICS_HUB,high
LC3258,Niigata Port Logistics Branch 20,139.0500,37.9000,MFS68,LOGISTICS_HUB,high
LC3259,Niigata Port Logistics Branch 21,139.0500,37.9000,MFS68,LOGISTICS_HUB,high
LC3260,Niigata Port Logistics Branch 22,139.0500,37.9000,MFS68,LOGISTICS_HUB,high
LC3261,Niigata Port Logistics Branch 23,139.0500,37.9000,MFS68,LOGISTICS_HUB,high
LC3262,Niigata Port Logistics Branch 24,139.0500,37.9000,MFS68,LOGISTICS_HUB,high
LC3263,Niigata Port Logistics Branch 25,139.0500,37.9000,MFS68,LOGISTICS_HUB,high
LC3264,Niigata Port Logistics Branch 26,139.0500,37.9000,MFS68,LOGISTICS_HUB,high
LC3265,Niigata Port Logistics Branch 27,139.0500,37.9000,MFS68,LOGISTICS_HUB,high
LC3266,Niigata Port Logistics Branch 28,139.0500,37.9000,MFS68,LOGISTICS_HUB,high
LC3267,Niigata Port Logistics Branch 29,139.0500,37.9000,MFS68,LOGISTICS_HUB,high
LC3268,Niigata Port Logistics Branch 30,139.0500,37.9000,MFS68,LOGISTICS_HUB,high
LC3269,Niigata Distribution Hub Branch 1,138.9000,37.8500,MFS68,LARGE_DISTRIBUTION,high
LC3270,Niigata Distribution Hub Branch 2,138.9000,37.8500,MFS68,LARGE_DISTRIBUTION,high
LC3271,Niigata Distribution Hub Branch 3,138.9000,37.8500,MFS68,LARGE_DISTRIBUTION,high
LC3272,Niigata Distribution Hub Branch 4,138.9000,37.8500,MFS68,LARGE_DISTRIBUTION,high
LC3273,Niigata Distribution Hub Branch 5,138.9000,37.8500,MFS68,LARGE_DISTRIBUTION,high
LC3274,Niigata Distribution Hub Branch 6,138.9000,37.8500,MFS68,LARGE_DISTRIBUTION,high
LC3275,Niigata Distribution Hub Branch 7,138.9000,37.8500,MFS68,LARGE_DISTRIBUTION,high
LC3276,Niigata Distribution Hub Branch 8,138.9000,37.8500,MFS68,LARGE_DISTRIBUTION,high
LC3277,Niigata Distribution Hub Branch 9,138.9000,37.8500,MFS68,LARGE_DISTRIBUTION,high
LC3278,Niigata Distribution Hub Branch 10,138.9000,37.8500,MFS68,LARGE_DISTRIBUTION,high
LC3279,Niigata Distribution Hub Branch 11,138.9000,37.8500,MFS68,LARGE_DISTRIBUTION,high
LC3280,Niigata Distribution Hub Branch 12,138.9000,37.8500,MFS68,LARGE_DISTRIBUTION,high
LC3281,Niigata Distribution Hub Branch 13,138.9000,37.8500,MFS68,LARGE_DISTRIBUTION,high
LC3282,Niigata Distribution Hub Branch 14,138.9000,37.8500,MFS68,LARGE_DISTRIBUTION,high
LC3283,Niigata Distribution Hub Branch 15,138.9000,37.8500,MFS68,LARGE_DISTRIBUTION,high
LC3284,Niigata Distribution Hub Branch 16,138.9000,37.8500,MFS68,LARGE_DISTRIBUTION,high
LC3285,Niigata Distribution Hub Branch 17,138.9000,37.8500,MFS68,LARGE_DISTRIBUTION,high
LC3286,Niigata Distribution Hub Branch 18,138.9000,37.8500,MFS68,LARGE_DISTRIBUTION,high
LC3287,Niigata Distribution Hub Branch 19,138.9000,37.8500,MFS68,LARGE_DISTRIBUTION,high
LC3288,Niigata Distribution Hub Branch 20,138.9000,37.8500,MFS68,LARGE_DISTRIBUTION,high
LC3289,Niigata Distribution Hub Branch 21,138.9000,37.8500,MFS68,LARGE_DISTRIBUTION,high
LC3290,Niigata Distribution Hub Branch 22,138.9000,37.8500,MFS68,LARGE_DISTRIBUTION,high
LC3291,Niigata Distribution Hub Branch 23,138.9000,37.8500,MFS68,LARGE_DISTRIBUTION,high
LC3292,Niigata Distribution Hub Branch 24,138.9000,37.8500,MFS68,LARGE_DISTRIBUTION,high
LC3293,Niigata Distribution Hub Branch 25,138.9000,37.8500,MFS68,LARGE_DISTRIBUTION,high
LC3294,Niigata Distribution Hub Branch 26,138.9000,37.8500,MFS68,LARGE_DISTRIBUTION,high
LC3295,Niigata Distribution Hub Branch 27,138.9000,37.8500,MFS68,LARGE_DISTRIBUTION,high
LC3296,Niigata Distribution Hub Branch 28,138.9000,37.8500,MFS68,LARGE_DISTRIBUTION,high
LC3297,Niigata Distribution Hub Branch 29,138.9000,37.8500,MFS68,LARGE_DISTRIBUTION,high
LC3298,Niigata Distribution Hub Branch 30,138.9000,37.8500,MFS68,LARGE_DISTRIBUTION,high
LC3299,Joetsu Freight Center Branch 1,138.2402,37.1310,MFS68,MEDIUM_WAREHOUSE,medium
LC3300,Joetsu Freight Center Branch 2,138.2591,37.1630,MFS68,MEDIUM_WAREHOUSE,medium
LC3301,Joetsu Freight Center Branch 3,138.2403,37.1605,MFS68,MEDIUM_WAREHOUSE,medium
LC3302,Joetsu Freight Center Branch 4,138.2563,37.1566,MFS68,MEDIUM_WAREHOUSE,medium
LC3303,Joetsu Freight Center Branch 5,138.2752,37.1546,MFS68,MEDIUM_WAREHOUSE,medium
LC3304,Joetsu Freight Center Branch 6,138.3252,37.1365,MFS68,MEDIUM_WAREHOUSE,medium
LC3305,Joetsu Freight Center Branch 7,138.2437,37.1294,MFS68,MEDIUM_WAREHOUSE,medium
LC3306,Joetsu Freight Center Branch 8,138.2714,37.1132,MFS68,MEDIUM_WAREHOUSE,medium
LC3307,Joetsu Freight Center Branch 9,138.2849,37.1232,MFS68,MEDIUM_WAREHOUSE,medium
LC3308,Joetsu Freight Center Branch 10,138.2337,37.1476,MFS68,MEDIUM_WAREHOUSE,medium
LC3309,Joetsu Freight Center Branch 11,138.2660,37.1839,MFS68,MEDIUM_WAREHOUSE,medium
LC3310,Joetsu Freight Center Branch 12,138.2335,37.1737,MFS68,MEDIUM_WAREHOUSE,medium
LC3311,Joetsu Freight Center Branch 13,138.2612,37.1526,MFS68,MEDIUM_WAREHOUSE,medium
LC3312,Joetsu Freight Center Branch 14,138.2532,37.1136,MFS68,MEDIUM_WAREHOUSE,medium
LC3313,Joetsu Freight Center Branch 15,138.2466,37.1137,MFS68,MEDIUM_WAREHOUSE,medium
LC3314,Joetsu Freight Center Branch 16,138.2258,37.1639,MFS68,MEDIUM_WAREHOUSE,medium
LC3315,Joetsu Freight Center Branch 17,138.2525,37.1773,MFS68,MEDIUM_WAREHOUSE,medium
LC3316,Joetsu Freight Center Branch 18,138.2600,37.1096,MFS68,MEDIUM_WAREHOUSE,medium
LC3317,Joetsu Freight Center Branch 19,138.2752,37.0824,MFS68,MEDIUM_WAREHOUSE,medium
LC3318,Joetsu Freight Center Branch 20,138.2287,37.1702,MFS68,MEDIUM_WAREHOUSE,medium
LC3319,Joetsu Freight Center Branch 21,138.2304,37.1216,MFS68,MEDIUM_WAREHOUSE,medium
LC3320,Joetsu Freight Center Branch 22,138.2548,37.1246,MFS68,MEDIUM_WAREHOUSE,medium
LC3321,Joetsu Freight Center Branch 23,138.2542,37.1168,MFS68,MEDIUM_WAREHOUSE,medium
LC3322,Joetsu Freight Center Branch 24,138.2446,37.0945,MFS68,MEDIUM_WAREHOUSE,medium
LC3323,Joetsu Freight Center Branch 25,138.2646,37.1871,MFS68,MEDIUM_WAREHOUSE,medium
LC3324,Joetsu Freight Center Branch 26,138.2622,37.1066,MFS68,MEDIUM_WAREHOUSE,medium
LC3325,Joetsu Freight Center Branch 27,138.2298,37.1513,MFS68,MEDIUM_WAREHOUSE,medium
LC3326,Joetsu Freight Center Branch 28,138.2338,37.1662,MFS68,MEDIUM_WAREHOUSE,medium
LC3327,Joetsu Freight Center Branch 29,138.2562,37.1181,MFS68,MEDIUM_WAREHOUSE,medium
LC3328,Joetsu Freight Center Branch 30,138.2349,37.1223,MFS68,MEDIUM_WAREHOUSE,medium
LC3329,Matsumoto Logistics Branch 1,137.9882,36.2225,MFS69,LOGISTICS_HUB,medium
LC3330,Matsumoto Logistics Branch 2,137.9866,36.2220,MFS69,LOGISTICS_HUB,medium
LC3331,Matsumoto Logistics Branch 3,137.9794,36.2367,MFS69,LOGISTICS_HUB,medium
LC3332,Matsumoto Logistics Branch 4,137.9886,36.2085,MFS69,LOGISTICS_HUB,medium
LC3333,Matsumoto Logistics Branch 5,137.9800,36.2500,MFS69,LOGISTICS_HUB,medium
LC3334,Matsumoto Logistics Branch 6,137.9800,36.2500,MFS69,LOGISTICS_HUB,medium
LC3335,Matsumoto Logistics Branch 7,137.9784,36.2190,MFS69,LOGISTICS_HUB,medium
LC3336,Matsumoto Logistics Branch 8,137.9750,36.2189,MFS69,LOGISTICS_HUB,medium
LC3337,Matsumoto Logistics Branch 9,137.9800,36.2500,MFS69,LOGISTICS_HUB,medium
LC3338,Matsumoto Logistics Branch 10,137.9723,36.2279,MFS69,LOGISTICS_HUB,medium
LC3339,Matsumoto Logistics Branch 11,137.9916,36.2247,MFS69,LOGISTICS_HUB,medium
LC3340,Matsumoto Logistics Branch 12,137.9838,36.1911,MFS69,LOGISTICS_HUB,medium
LC3341,Matsumoto Logistics Branch 13,137.9972,36.2460,MFS69,LOGISTICS_HUB,medium
LC3342,Matsumoto Logistics Branch 14,137.9800,36.2500,MFS69,LOGISTICS_HUB,medium
LC3343,Matsumoto Logistics Branch 15,137.9499,36.1879,MFS69,LOGISTICS_HUB,medium
LC3344,Matsumoto Logistics Branch 16,137.9796,36.2058,MFS69,LOGISTICS_HUB,medium
LC3345,Matsumoto Logistics Branch 17,137.9867,36.2319,MFS69,LOGISTICS_HUB,medium
LC3346,Matsumoto Logistics Branch 18,137.9869,36.2478,MFS69,LOGISTICS_HUB,medium
LC3347,Matsumoto Logistics Branch 19,137.9741,36.2300,MFS69,LOGISTICS_HUB,medium
LC3348,Matsumoto Logistics Branch 20,137.9800,36.2500,MFS69,LOGISTICS_HUB,medium
LC3349,Matsumoto Logistics Branch 21,137.9835,36.2213,MFS69,LOGISTICS_HUB,medium
LC3350,Matsumoto Logistics Branch 22,137.9878,36.2299,MFS69,LOGISTICS_HUB,medium
LC3351,Matsumoto Logistics Branch 23,137.9766,36.2347,MFS69,LOGISTICS_HUB,medium
LC3352,Matsumoto Logistics Branch 24,137.9948,36.2393,MFS69,LOGISTICS_HUB,medium
LC3353,Matsumoto Logistics Branch 25,137.9999,36.2463,MFS69,LOGISTICS_HUB,medium
LC3354,Matsumoto Logistics Branch 26,137.9868,36.2318,MFS69,LOGISTICS_HUB,medium
LC3355,Matsumoto Logistics Branch 27,137.9934,36.2351,MFS69,LOGISTICS_HUB,medium
LC3356,Matsumoto Logistics Branch 28,137.9800,36.2500,MFS69,LOGISTICS_HUB,medium
LC3357,Matsumoto Logistics Branch 29,137.9651,36.2200,MFS69,LOGISTICS_HUB,medium
LC3358,Matsumoto Logistics Branch 30,137.9716,36.2292,MFS69,LOGISTICS_HUB,medium
LC3359,Nagano Distribution Center Branch 1,138.1000,36.6500,MFS69,LARGE_DISTRIBUTION,medium
LC3360,Nagano Distribution Center Branch 2,138.1000,36.6500,MFS69,LARGE_DISTRIBUTION,medium
LC3361,Nagano Distribution Center Branch 3,138.1000,36.6500,MFS69,LARGE_DISTRIBUTION,medium
LC3362,Nagano Distribution Center Branch 4,138.1000,36.6500,MFS69,LARGE_DISTRIBUTION,medium
LC3363,Nagano Distribution Center Branch 5,138.1000,36.6500,MFS69,LARGE_DISTRIBUTION,medium
LC3364,Nagano Distribution Center Branch 6,138.1000,36.6500,MFS69,LARGE_DISTRIBUTION,medium
LC3365,Nagano Distribution Center Branch 7,138.1000,36.6500,MFS69,LARGE_DISTRIBUTION,medium
LC3366,Nagano Distribution Center Branch 8,138.1000,36.6500,MFS69,LARGE_DISTRIBUTION,medium
LC3367,Nagano Distribution Center Branch 9,138.1000,36.6500,MFS69,LARGE_DISTRIBUTION,medium
LC3368,Nagano Distribution Center Branch 10,138.1000,36.6500,MFS69,LARGE_DISTRIBUTION,medium
LC3369,Nagano Distribution Center Branch 11,138.1000,36.6500,MFS69,LARGE_DISTRIBUTION,medium
LC3370,Nagano Distribution Center Branch 12,138.1000,36.6500,MFS69,LARGE_DISTRIBUTION,medium
LC3371,Nagano Distribution Center Branch 13,138.1000,36.6500,MFS69,LARGE_DISTRIBUTION,medium
LC3372,Nagano Distribution Center Branch 14,138.1000,36.6500,MFS69,LARGE_DISTRIBUTION,medium
LC3373,Nagano Distribution Center Branch 15,138.1000,36.6500,MFS69,LARGE_DISTRIBUTION,medium
LC3374,Nagano Distribution Center Branch 16,138.1000,36.6500,MFS69,LARGE_DISTRIBUTION,medium
LC3375,Nagano Distribution Center Branch 17,138.1000,36.6500,MFS69,LARGE_DISTRIBUTION,medium
LC3376,Nagano Distribution Center Branch 18,138.1000,36.6500,MFS69,LARGE_DISTRIBUTION,medium
LC3377,Nagano Distribution Center Branch 19,138.1000,36.6500,MFS69,LARGE_DISTRIBUTION,medium
LC3378,Nagano Distribution Center Branch 20,138.1000,36.6500,MFS69,LARGE_DISTRIBUTION,medium
LC3379,Nagano Distribution Center Branch 21,138.1000,36.6500,MFS69,LARGE_DISTRIBUTION,medium
LC3380,Nagano Distribution Center Branch 22,138.1000,36.6500,MFS69,LARGE_DISTRIBUTION,medium
LC3381,Nagano Distribution Center Branch 23,138.1000,36.6500,MFS69,LARGE_DISTRIBUTION,medium
LC3382,Nagano Distribution Center Branch 24,138.1000,36.6500,MFS69,LARGE_DISTRIBUTION,medium
LC3383,Nagano Distribution Center Branch 25,138.1000,36.6500,MFS69,LARGE_DISTRIBUTION,medium
LC3384,Nagano Distribution Center Branch 26,138.1000,36.6500,MFS69,LARGE_DISTRIBUTION,medium
LC3385,Nagano Distribution Center Branch 27,138.1000,36.6500,MFS69,LARGE_DISTRIBUTION,medium
LC3386,Nagano Distribution Center Branch 28,138.1000,36.6500,MFS69,LARGE_DISTRIBUTION,medium
LC3387,Nagano Distribution Center Branch 29,138.1000,36.6500,MFS69,LARGE_DISTRIBUTION,medium
LC3388,Nagano Distribution Center Branch 30,138.1000,36.6500,MFS69,LARGE_DISTRIBUTION,medium
LC3389,Suwa Freight Hub Branch 1,138.1768,36.0236,MFS69,MEDIUM_WAREHOUSE,medium
LC3390,Suwa Freight Hub Branch 2,138.1500,36.0500,MFS69,MEDIUM_WAREHOUSE,medium
LC3391,Suwa Freight Hub Branch 3,138.1232,36.0370,MFS69,MEDIUM_WAREHOUSE,medium
LC3392,Suwa Freight Hub Branch 4,138.1148,36.0402,MFS69,MEDIUM_WAREHOUSE,medium
LC3393,Suwa Freight Hub Branch 5,138.1500,36.0500,MFS69,MEDIUM_WAREHOUSE,medium
LC3394,Suwa Freight Hub Branch 6,138.0768,36.0254,MFS69,MEDIUM_WAREHOUSE,medium
LC3395,Suwa Freight Hub Branch 7,138.1870,36.0273,MFS69,MEDIUM_WAREHOUSE,medium
LC3396,Suwa Freight Hub Branch 8,138.1239,36.0149,MFS69,MEDIUM_WAREHOUSE,medium
LC3397,Suwa Freight Hub Branch 9,138.0985,36.0766,MFS69,MEDIUM_WAREHOUSE,medium
LC3398,Suwa Freight Hub Branch 10,138.1225,36.0363,MFS69,MEDIUM_WAREHOUSE,medium
LC3399,Suwa Freight Hub Branch 11,138.1163,36.0296,MFS69,MEDIUM_WAREHOUSE,medium
LC3400,Suwa Freight Hub Branch 12,138.1500,36.0500,MFS69,MEDIUM_WAREHOUSE,medium
LC3401,Suwa Freight Hub Branch 13,138.1206,36.0216,MFS69,MEDIUM_WAREHOUSE,medium
LC3402,Suwa Freight Hub Branch 14,138.1411,35.9999,MFS69,MEDIUM_WAREHOUSE,medium
LC3403,Suwa Freight Hub Branch 15,138.1238,36.0054,MFS69,MEDIUM_WAREHOUSE,medium
LC3404,Suwa Freight Hub Branch 16,138.1500,36.0500,MFS69,MEDIUM_WAREHOUSE,medium
LC3405,Suwa Freight Hub Branch 17,138.1564,35.9972,MFS69,MEDIUM_WAREHOUSE,medium
LC3406,Suwa Freight Hub Branch 18,138.1264,36.0384,MFS69,MEDIUM_WAREHOUSE,medium
LC3407,Suwa Freight Hub Branch 19,138.1500,36.0500,MFS69,MEDIUM_WAREHOUSE,medium
LC3408,Suwa Freight Hub Branch 20,138.0915,36.0681,MFS69,MEDIUM_WAREHOUSE,medium
LC3409,Suwa Freight Hub Branch 21,138.1500,36.0500,MFS69,MEDIUM_WAREHOUSE,medium
LC3410,Suwa Freight Hub Branch 22,138.0884,36.0780,MFS69,MEDIUM_WAREHOUSE,medium
LC3411,Suwa Freight Hub Branch 23,138.1500,36.0500,MFS69,MEDIUM_WAREHOUSE,medium
LC3412,Suwa Freight Hub Branch 24,138.1238,36.0361,MFS69,MEDIUM_WAREHOUSE,medium
LC3413,Suwa Freight Hub Branch 25,138.1338,36.0171,MFS69,MEDIUM_WAREHOUSE,medium
LC3414,Suwa Freight Hub Branch 26,138.1199,36.0434,MFS69,MEDIUM_WAREHOUSE,medium
LC3415,Suwa Freight Hub Branch 27,138.1721,36.0135,MFS69,MEDIUM_WAREHOUSE,medium
LC3416,Suwa Freight Hub Branch 28,138.1500,36.0500,MFS69,MEDIUM_WAREHOUSE,medium
LC3417,Suwa Freight Hub Branch 29,138.1330,36.0198,MFS69,MEDIUM_WAREHOUSE,medium
LC3418,Suwa Freight Hub Branch 30,138.1368,36.0158,MFS69,MEDIUM_WAREHOUSE,medium
LC3419,Hamamatsu Logistics Hub Branch 1,137.7500,34.7000,MFS70,LOGISTICS_HUB,high
LC3420,Hamamatsu Logistics Hub Branch 2,137.7500,34.7000,MFS70,LOGISTICS_HUB,high
LC3421,Hamamatsu Logistics Hub Branch 3,137.7500,34.7000,MFS70,LOGISTICS_HUB,high
LC3422,Hamamatsu Logistics Hub Branch 4,137.7500,34.7000,MFS70,LOGISTICS_HUB,high
LC3423,Hamamatsu Logistics Hub Branch 5,137.7500,34.7000,MFS70,LOGISTICS_HUB,high
LC3424,Hamamatsu Logistics Hub Branch 6,137.7500,34.7000,MFS70,LOGISTICS_HUB,high
LC3425,Hamamatsu Logistics Hub Branch 7,137.7500,34.7000,MFS70,LOGISTICS_HUB,high
LC3426,Hamamatsu Logistics Hub Branch 8,137.7500,34.7000,MFS70,LOGISTICS_HUB,high
LC3427,Hamamatsu Logistics Hub Branch 9,137.7500,34.7000,MFS70,LOGISTICS_HUB,high
LC3428,Hamamatsu Logistics Hub Branch 10,137.7500,34.7000,MFS70,LOGISTICS_HUB,high
LC3429,Hamamatsu Logistics Hub Branch 11,137.7500,34.7000,MFS70,LOGISTICS_HUB,high
LC3430,Hamamatsu Logistics Hub Branch 12,137.7500,34.7000,MFS70,LOGISTICS_HUB,high
LC3431,Hamamatsu Logistics Hub Branch 13,137.7500,34.7000,MFS70,LOGISTICS_HUB,high
LC3432,Hamamatsu Logistics Hub Branch 14,137.7500,34.7000,MFS70,LOGISTICS_HUB,high
LC3433,Hamamatsu Logistics Hub Branch 15,137.7500,34.7000,MFS70,LOGISTICS_HUB,high
LC3434,Hamamatsu Logistics Hub Branch 16,137.7500,34.7000,MFS70,LOGISTICS_HUB,high
LC3435,Hamamatsu Logistics Hub Branch 17,137.7500,34.7000,MFS70,LOGISTICS_HUB,high
LC3436,Hamamatsu Logistics Hub Branch 18,137.7500,34.7000,MFS70,LOGISTICS_HUB,high
LC3437,Hamamatsu Logistics Hub Branch 19,137.7500,34.7000,MFS70,LOGISTICS_HUB,high
LC3438,Hamamatsu Logistics Hub Branch 20,137.7500,34.7000,MFS70,LOGISTICS_HUB,high
LC3439,Hamamatsu Logistics Hub Branch 21,137.7500,34.7000,MFS70,LOGISTICS_HUB,high
LC3440,Hamamatsu Logistics Hub Branch 22,137.7500,34.7000,MFS70,LOGISTICS_HUB,high
LC3441,Hamamatsu Logistics Hub Branch 23,137.7500,34.7000,MFS70,LOGISTICS_HUB,high
LC3442,Hamamatsu Logistics Hub Branch 24,137.7500,34.7000,MFS70,LOGISTICS_HUB,high
LC3443,Hamamatsu Logistics Hub Branch 25,137.7500,34.7000,MFS70,LOGISTICS_HUB,high
LC3444,Hamamatsu Logistics Hub Branch 26,137.7500,34.7000,MFS70,LOGISTICS_HUB,high
LC3445,Hamamatsu Logistics Hub Branch 27,137.7500,34.7000,MFS70,LOGISTICS_HUB,high
LC3446,Hamamatsu Logistics Hub Branch 28,137.7500,34.7000,MFS70,LOGISTICS_HUB,high
LC3447,Hamamatsu Logistics Hub Branch 29,137.7500,34.7000,MFS70,LOGISTICS_HUB,high
LC3448,Hamamatsu Logistics Hub Branch 30,137.7500,34.7000,MFS70,LOGISTICS_HUB,high
LC3449,Shizuoka Distribution Center Branch 1,138.4072,34.9775,MFS70,LARGE_DISTRIBUTION,high
LC3450,Shizuoka Distribution Center Branch 2,138.4195,34.9643,MFS70,LARGE_DISTRIBUTION,high
LC3451,Shizuoka Distribution Center Branch 3,138.4029,34.9550,MFS70,LARGE_DISTRIBUTION,high
LC3452,Shizuoka Distribution Center Branch 4,138.3515,35.0183,MFS70,LARGE_DISTRIBUTION,high
LC3453,Shizuoka Distribution Center Branch 5,138.4150,34.9890,MFS70,LARGE_DISTRIBUTION,high
LC3454,Shizuoka Distribution Center Branch 6,138.4192,34.9847,MFS70,LARGE_DISTRIBUTION,high
LC3455,Shizuoka Distribution Center Branch 7,138.3939,34.9515,MFS70,LARGE_DISTRIBUTION,high
LC3456,Shizuoka Distribution Center Branch 8,138.4055,34.9406,MFS70,LARGE_DISTRIBUTION,high
LC3457,Shizuoka Distribution Center Branch 9,138.3998,34.9688,MFS70,LARGE_DISTRIBUTION,high
LC3458,Shizuoka Distribution Center Branch 10,138.4091,34.9505,MFS70,LARGE_DISTRIBUTION,high
LC3459,Shizuoka Distribution Center Branch 11,138.3939,34.9623,MFS70,LARGE_DISTRIBUTION,high
LC3460,Shizuoka Distribution Center Branch 12,138.4084,34.9678,MFS70,LARGE_DISTRIBUTION,high
LC3461,Shizuoka Distribution Center Branch 13,138.4226,34.9561,MFS70,LARGE_DISTRIBUTION,high
LC3462,Shizuoka Distribution Center Branch 14,138.3898,34.9570,MFS70,LARGE_DISTRIBUTION,high
LC3463,Shizuoka Distribution Center Branch 15,138.4254,34.9606,MFS70,LARGE_DISTRIBUTION,high
LC3464,Shizuoka Distribution Center Branch 16,138.4405,34.9762,MFS70,LARGE_DISTRIBUTION,high
LC3465,Shizuoka Distribution Center Branch 17,138.4101,34.9725,MFS70,LARGE_DISTRIBUTION,high
LC3466,Shizuoka Distribution Center Branch 18,138.4229,34.9844,MFS70,LARGE_DISTRIBUTION,high
LC3467,Shizuoka Distribution Center Branch 19,138.4111,34.9719,MFS70,LARGE_DISTRIBUTION,high
LC3468,Shizuoka Distribution Center Branch 20,138.3919,35.0101,MFS70,LARGE_DISTRIBUTION,high
LC3469,Shizuoka Distribution Center Branch 21,138.3927,34.9995,MFS70,LARGE_DISTRIBUTION,high
LC3470,Shizuoka Distribution Center Branch 22,138.3557,34.9252,MFS70,LARGE_DISTRIBUTION,high
LC3471,Shizuoka Distribution Center Branch 23,138.3695,34.9944,MFS70,LARGE_DISTRIBUTION,high
LC3472,Shizuoka Distribution Center Branch 24,138.3982,34.9467,MFS70,LARGE_DISTRIBUTION,high
LC3473,Shizuoka Distribution Center Branch 25,138.3709,34.9955,MFS70,LARGE_DISTRIBUTION,high
LC3474,Shizuoka Distribution Center Branch 26,138.3890,35.0067,MFS70,LARGE_DISTRIBUTION,high
LC3475,Shizuoka Distribution Center Branch 27,138.3870,34.9700,MFS70,LARGE_DISTRIBUTION,high
LC3476,Shizuoka Distribution Center Branch 28,138.4199,35.0017,MFS70,LARGE_DISTRIBUTION,high
LC3477,Shizuoka Distribution Center Branch 29,138.3673,34.9481,MFS70,LARGE_DISTRIBUTION,high
LC3478,Shizuoka Distribution Center Branch 30,138.4111,34.9884,MFS70,LARGE_DISTRIBUTION,high
LC3479,Fujinomiya Depot Branch 1,138.5976,35.2396,MFS70,MEDIUM_WAREHOUSE,medium
LC3480,Fujinomiya Depot Branch 2,138.6180,35.2089,MFS70,MEDIUM_WAREHOUSE,medium
LC3481,Fujinomiya Depot Branch 3,138.6069,35.2205,MFS70,MEDIUM_WAREHOUSE,medium
LC3482,Fujinomiya Depot Branch 4,138.6453,35.1578,MFS70,MEDIUM_WAREHOUSE,medium
LC3483,Fujinomiya Depot Branch 5,138.5669,35.2031,MFS70,MEDIUM_WAREHOUSE,medium
LC3484,Fujinomiya Depot Branch 6,138.5961,35.1661,MFS70,MEDIUM_WAREHOUSE,medium
LC3485,Fujinomiya Depot Branch 7,138.6000,35.2000,MFS70,MEDIUM_WAREHOUSE,medium
LC3486,Fujinomiya Depot Branch 8,138.5652,35.2037,MFS70,MEDIUM_WAREHOUSE,medium
LC3487,Fujinomiya Depot Branch 9,138.6585,35.1525,MFS70,MEDIUM_WAREHOUSE,medium
LC3488,Fujinomiya Depot Branch 10,138.6301,35.2124,MFS70,MEDIUM_WAREHOUSE,medium
LC3489,Fujinomiya Depot Branch 11,138.6393,35.1992,MFS70,MEDIUM_WAREHOUSE,medium
LC3490,Fujinomiya Depot Branch 12,138.6186,35.2280,MFS70,MEDIUM_WAREHOUSE,medium
LC3491,Fujinomiya Depot Branch 13,138.6232,35.2243,MFS70,MEDIUM_WAREHOUSE,medium
LC3492,Fujinomiya Depot Branch 14,138.6324,35.2038,MFS70,MEDIUM_WAREHOUSE,medium
LC3493,Fujinomiya Depot Branch 15,138.6194,35.2187,MFS70,MEDIUM_WAREHOUSE,medium
LC3494,Fujinomiya Depot Branch 16,138.6199,35.2250,MFS70,MEDIUM_WAREHOUSE,medium
LC3495,Fujinomiya Depot Branch 17,138.5993,35.2335,MFS70,MEDIUM_WAREHOUSE,medium
LC3496,Fujinomiya Depot Branch 18,138.6345,35.2148,MFS70,MEDIUM_WAREHOUSE,medium
LC3497,Fujinomiya Depot Branch 19,138.6457,35.1799,MFS70,MEDIUM_WAREHOUSE,medium
LC3498,Fujinomiya Depot Branch 20,138.6745,35.1813,MFS70,MEDIUM_WAREHOUSE,medium
LC3499,Fujinomiya Depot Branch 21,138.5999,35.2340,MFS70,MEDIUM_WAREHOUSE,medium
LC3500,Fujinomiya Depot Branch 22,138.6326,35.1897,MFS70,MEDIUM_WAREHOUSE,medium
LC3501,Fujinomiya Depot Branch 23,138.5983,35.1841,MFS70,MEDIUM_WAREHOUSE,medium
LC3502,Fujinomiya Depot Branch 24,138.6523,35.1455,MFS70,MEDIUM_WAREHOUSE,medium
LC3503,Fujinomiya Depot Branch 25,138.6210,35.2516,MFS70,MEDIUM_WAREHOUSE,medium
LC3504,Fujinomiya Depot Branch 26,138.6278,35.2282,MFS70,MEDIUM_WAREHOUSE,medium
LC3505,Fujinomiya Depot Branch 27,138.6378,35.1929,MFS70,MEDIUM_WAREHOUSE,medium
LC3506,Fujinomiya Depot Branch 28,138.6385,35.1460,MFS70,MEDIUM_WAREHOUSE,medium
LC3507,Fujinomiya Depot Branch 29,138.6611,35.2168,MFS70,MEDIUM_WAREHOUSE,medium
LC3508,Fujinomiya Depot Branch 30,138.6510,35.2011,MFS70,MEDIUM_WAREHOUSE,medium
LC3509,Nagoya Logistics Hub Branch 1,137.0417,35.1750,MFS71,LOGISTICS_HUB,high
LC3510,Nagoya Logistics Hub Branch 2,136.9985,35.1616,MFS71,LOGISTICS_HUB,high
LC3511,Nagoya Logistics Hub Branch 3,137.0375,35.2191,MFS71,LOGISTICS_HUB,high
LC3512,Nagoya Logistics Hub Branch 4,136.9298,35.1589,MFS71,LOGISTICS_HUB,high
LC3513,Nagoya Logistics Hub Branch 5,136.9761,35.1393,MFS71,LOGISTICS_HUB,high
LC3514,Nagoya Logistics Hub Branch 6,136.9917,35.1832,MFS71,LOGISTICS_HUB,high
LC3515,Nagoya Logistics Hub Branch 7,137.0170,35.1907,MFS71,LOGISTICS_HUB,high
LC3516,Nagoya Logistics Hub Branch 8,136.9948,35.2095,MFS71,LOGISTICS_HUB,high
LC3517,Nagoya Logistics Hub Branch 9,136.9902,35.1459,MFS71,LOGISTICS_HUB,high
LC3518,Nagoya Logistics Hub Branch 10,136.9503,35.1699,MFS71,LOGISTICS_HUB,high
LC3519,Nagoya Logistics Hub Branch 11,136.9300,35.1514,MFS71,LOGISTICS_HUB,high
LC3520,Nagoya Logistics Hub Branch 12,136.9739,35.1688,MFS71,LOGISTICS_HUB,high
LC3521,Nagoya Logistics Hub Branch 13,136.9839,35.2075,MFS71,LOGISTICS_HUB,high
LC3522,Nagoya Logistics Hub Branch 14,136.9515,35.2203,MFS71,LOGISTICS_HUB,high
LC3523,Nagoya Logistics Hub Branch 15,136.9927,35.2528,MFS71,LOGISTICS_HUB,high
LC3524,Nagoya Logistics Hub Branch 16,136.8983,35.1472,MFS71,LOGISTICS_HUB,high
LC3525,Nagoya Logistics Hub Branch 17,136.9544,35.2295,MFS71,LOGISTICS_HUB,high
LC3526,Nagoya Logistics Hub Branch 18,136.9666,35.2480,MFS71,LOGISTICS_HUB,high
LC3527,Nagoya Logistics Hub Branch 19,136.9729,35.1882,MFS71,LOGISTICS_HUB,high
LC3528,Nagoya Logistics Hub Branch 20,136.9758,35.2220,MFS71,LOGISTICS_HUB,high
LC3529,Nagoya Logistics Hub Branch 21,136.9611,35.1793,MFS71,LOGISTICS_HUB,high
LC3530,Nagoya Logistics Hub Branch 22,137.0242,35.1860,MFS71,LOGISTICS_HUB,high
LC3531,Nagoya Logistics Hub Branch 23,136.9518,35.1958,MFS71,LOGISTICS_HUB,high
LC3532,Nagoya Logistics Hub Branch 24,136.9453,35.1430,MFS71,LOGISTICS_HUB,high
LC3533,Nagoya Logistics Hub Branch 25,136.9577,35.1964,MFS71,LOGISTICS_HUB,high
LC3534,Nagoya Logistics Hub Branch 26,136.9789,35.2051,MFS71,LOGISTICS_HUB,high
LC3535,Nagoya Logistics Hub Branch 27,137.0255,35.1884,MFS71,LOGISTICS_HUB,high
LC3536,Nagoya Logistics Hub Branch 28,136.9847,35.2093,MFS71,LOGISTICS_HUB,high
LC3537,Nagoya Logistics Hub Branch 29,136.9083,35.1635,MFS71,LOGISTICS_HUB,high
LC3538,Nagoya Logistics Hub Branch 30,136.9231,35.1786,MFS71,LOGISTICS_HUB,high
LC3539,Osaka Distribution Center Branch 1,135.5000,34.7000,MFS71,LOGISTICS_HUB,high
LC3540,Osaka Distribution Center Branch 2,135.5000,34.7000,MFS71,LOGISTICS_HUB,high
LC3541,Osaka Distribution Center Branch 3,135.5000,34.7000,MFS71,LOGISTICS_HUB,high
LC3542,Osaka Distribution Center Branch 4,135.5000,34.7000,MFS71,LOGISTICS_HUB,high
LC3543,Osaka Distribution Center Branch 5,135.5000,34.7000,MFS71,LOGISTICS_HUB,high
LC3544,Osaka Distribution Center Branch 6,135.5000,34.7000,MFS71,LOGISTICS_HUB,high
LC3545,Osaka Distribution Center Branch 7,135.5731,34.7235,MFS71,LOGISTICS_HUB,high
LC3546,Osaka Distribution Center Branch 8,135.5000,34.7000,MFS71,LOGISTICS_HUB,high
LC3547,Osaka Distribution Center Branch 9,135.5000,34.7000,MFS71,LOGISTICS_HUB,high
LC3548,Osaka Distribution Center Branch 10,135.5777,34.7182,MFS71,LOGISTICS_HUB,high
LC3549,Osaka Distribution Center Branch 11,135.5000,34.7000,MFS71,LOGISTICS_HUB,high
LC3550,Osaka Distribution Center Branch 12,135.5000,34.7000,MFS71,LOGISTICS_HUB,high
LC3551,Osaka Distribution Center Branch 13,135.5900,34.7476,MFS71,LOGISTICS_HUB,high
LC3552,Osaka Distribution Center Branch 14,135.5000,34.7000,MFS71,LOGISTICS_HUB,high
LC3553,Osaka Distribution Center Branch 15,135.5914,34.7260,MFS71,LOGISTICS_HUB,high
LC3554,Osaka Distribution Center Branch 16,135.5000,34.7000,MFS71,LOGISTICS_HUB,high
LC3555,Osaka Distribution Center Branch 17,135.5000,34.7000,MFS71,LOGISTICS_HUB,high
LC3556,Osaka Distribution Center Branch 18,135.5000,34.7000,MFS71,LOGISTICS_HUB,high
LC3557,Osaka Distribution Center Branch 19,135.5000,34.7000,MFS71,LOGISTICS_HUB,high
LC3558,Osaka Distribution Center Branch 20,135.5000,34.7000,MFS71,LOGISTICS_HUB,high
LC3559,Osaka Distribution Center Branch 21,135.5000,34.7000,MFS71,LOGISTICS_HUB,high
LC3560,Osaka Distribution Center Branch 22,135.5000,34.7000,MFS71,LOGISTICS_HUB,high
LC3561,Osaka Distribution Center Branch 23,135.5000,34.7000,MFS71,LOGISTICS_HUB,high
LC3562,Osaka Distribution Center Branch 24,135.5000,34.7000,MFS71,LOGISTICS_HUB,high
LC3563,Osaka Distribution Center Branch 25,135.5581,34.7616,MFS71,LOGISTICS_HUB,high
LC3564,Osaka Distribution Center Branch 26,135.5000,34.7000,MFS71,LOGISTICS_HUB,high
LC3565,Osaka Distribution Center Branch 27,135.5000,34.7000,MFS71,LOGISTICS_HUB,high
LC3566,Osaka Distribution Center Branch 28,135.5000,34.7000,MFS71,LOGISTICS_HUB,high
LC3567,Osaka Distribution Center Branch 29,135.5000,34.7000,MFS71,LOGISTICS_HUB,high
LC3568,Osaka Distribution Center Branch 30,135.5000,34.7000,MFS71,LOGISTICS_HUB,high
LC3569,Kyoto Freight Hub Branch 1,135.7146,34.9516,MFS71,LARGE_DISTRIBUTION,high
LC3570,Kyoto Freight Hub Branch 2,135.7277,35.0307,MFS71,LARGE_DISTRIBUTION,high
LC3571,Kyoto Freight Hub Branch 3,135.7610,35.0158,MFS71,LARGE_DISTRIBUTION,high
LC3572,Kyoto Freight Hub Branch 4,135.7527,35.0489,MFS71,LARGE_DISTRIBUTION,high
LC3573,Kyoto Freight Hub Branch 5,135.7069,34.9882,MFS71,LARGE_DISTRIBUTION,high
LC3574,Kyoto Freight Hub Branch 6,135.7895,35.0314,MFS71,LARGE_DISTRIBUTION,high
LC3575,Kyoto Freight Hub Branch 7,135.7655,34.9912,MFS71,LARGE_DISTRIBUTION,high
LC3576,Kyoto Freight Hub Branch 8,135.7402,35.0101,MFS71,LARGE_DISTRIBUTION,high
LC3577,Kyoto Freight Hub Branch 9,135.7859,35.0477,MFS71,LARGE_DISTRIBUTION,high
LC3578,Kyoto Freight Hub Branch 10,135.7487,35.0321,MFS71,LARGE_DISTRIBUTION,high
LC3579,Kyoto Freight Hub Branch 11,135.7226,34.9835,MFS71,LARGE_DISTRIBUTION,high
LC3580,Kyoto Freight Hub Branch 12,135.7544,35.0080,MFS71,LARGE_DISTRIBUTION,high
LC3581,Kyoto Freight Hub Branch 13,135.7449,35.0103,MFS71,LARGE_DISTRIBUTION,high
LC3582,Kyoto Freight Hub Branch 14,135.6957,35.0093,MFS71,LARGE_DISTRIBUTION,high
LC3583,Kyoto Freight Hub Branch 15,135.7679,34.9540,MFS71,LARGE_DISTRIBUTION,high
LC3584,Kyoto Freight Hub Branch 16,135.6996,35.0110,MFS71,LARGE_DISTRIBUTION,high
LC3585,Kyoto Freight Hub Branch 17,135.7456,35.0281,MFS71,LARGE_DISTRIBUTION,high
LC3586,Kyoto Freight Hub Branch 18,135.7643,34.9697,MFS71,LARGE_DISTRIBUTION,high
LC3587,Kyoto Freight Hub Branch 19,135.7116,35.0143,MFS71,LARGE_DISTRIBUTION,high
LC3588,Kyoto Freight Hub Branch 20,135.7309,35.0112,MFS71,LARGE_DISTRIBUTION,high
LC3589,Kyoto Freight Hub Branch 21,135.7385,34.9848,MFS71,LARGE_DISTRIBUTION,high
LC3590,Kyoto Freight Hub Branch 22,135.8097,34.9850,MFS71,LARGE_DISTRIBUTION,high
LC3591,Kyoto Freight Hub Branch 23,135.7683,34.9709,MFS71,LARGE_DISTRIBUTION,high
LC3592,Kyoto Freight Hub Branch 24,135.7458,34.9942,MFS71,LARGE_DISTRIBUTION,high
LC3593,Kyoto Freight Hub Branch 25,135.7731,35.0111,MFS71,LARGE_DISTRIBUTION,high
LC3594,Kyoto Freight Hub Branch 26,135.7974,35.0299,MFS71,LARGE_DISTRIBUTION,high
LC3595,Kyoto Freight Hub Branch 27,135.7317,35.0268,MFS71,LARGE_DISTRIBUTION,high
LC3596,Kyoto Freight Hub Branch 28,135.7601,34.9704,MFS71,LARGE_DISTRIBUTION,high
LC3597,Kyoto Freight Hub Branch 29,135.6800,35.0246,MFS71,LARGE_DISTRIBUTION,high
LC3598,Kyoto Freight Hub Branch 30,135.7226,34.9860,MFS71,LARGE_DISTRIBUTION,high
LC3599,Nagoya East Distribution Branch 1,137.1438,35.0776,MFS71,LARGE_DISTRIBUTION,medium
LC3600,Nagoya East Distribution Branch 2,137.2136,35.1169,MFS71,LARGE_DISTRIBUTION,medium
LC3601,Nagoya East Distribution Branch 3,137.2546,35.1013,MFS71,LARGE_DISTRIBUTION,medium
LC3602,Nagoya East Distribution Branch 4,137.1851,35.1178,MFS71,LARGE_DISTRIBUTION,medium
LC3603,Nagoya East Distribution Branch 5,137.1320,35.1184,MFS71,LARGE_DISTRIBUTION,medium
LC3604,Nagoya East Distribution Branch 6,137.1523,35.1163,MFS71,LARGE_DISTRIBUTION,medium
LC3605,Nagoya East Distribution Branch 7,137.1900,35.1177,MFS71,LARGE_DISTRIBUTION,medium
LC3606,Nagoya East Distribution Branch 8,137.1718,35.1323,MFS71,LARGE_DISTRIBUTION,medium
LC3607,Nagoya East Distribution Branch 9,137.1559,35.0941,MFS71,LARGE_DISTRIBUTION,medium
LC3608,Nagoya East Distribution Branch 10,137.1783,35.0998,MFS71,LARGE_DISTRIBUTION,medium
LC3609,Nagoya East Distribution Branch 11,137.1793,35.1048,MFS71,LARGE_DISTRIBUTION,medium
LC3610,Nagoya East Distribution Branch 12,137.1333,35.0534,MFS71,LARGE_DISTRIBUTION,medium
LC3611,Nagoya East Distribution Branch 13,137.2123,35.1477,MFS71,LARGE_DISTRIBUTION,medium
LC3612,Nagoya East Distribution Branch 14,137.1854,35.0870,MFS71,LARGE_DISTRIBUTION,medium
LC3613,Nagoya East Distribution Branch 15,137.1482,35.0991,MFS71,LARGE_DISTRIBUTION,medium
LC3614,Nagoya East Distribution Branch 16,137.2161,35.1392,MFS71,LARGE_DISTRIBUTION,medium
LC3615,Nagoya East Distribution Branch 17,137.1413,35.0908,MFS71,LARGE_DISTRIBUTION,medium
LC3616,Nagoya East Distribution Branch 18,137.1781,35.0887,MFS71,LARGE_DISTRIBUTION,medium
LC3617,Nagoya East Distribution Branch 19,137.1941,35.0700,MFS71,LARGE_DISTRIBUTION,medium
LC3618,Nagoya East Distribution Branch 20,137.1918,35.0855,MFS71,LARGE_DISTRIBUTION,medium
LC3619,Nagoya East Distribution Branch 21,137.1798,35.1052,MFS71,LARGE_DISTRIBUTION,medium
LC3620,Nagoya East Distribution Branch 22,137.1841,35.1113,MFS71,LARGE_DISTRIBUTION,medium
LC3621,Nagoya East Distribution Branch 23,137.2216,35.0749,MFS71,LARGE_DISTRIBUTION,medium
LC3622,Nagoya East Distribution Branch 24,137.2102,35.1194,MFS71,LARGE_DISTRIBUTION,medium
LC3623,Nagoya East Distribution Branch 25,137.1950,35.1166,MFS71,LARGE_DISTRIBUTION,medium
LC3624,Nagoya East Distribution Branch 26,137.1879,35.1380,MFS71,LARGE_DISTRIBUTION,medium
LC3625,Nagoya East Distribution Branch 27,137.1475,35.0838,MFS71,LARGE_DISTRIBUTION,medium
LC3626,Nagoya East Distribution Branch 28,137.2258,35.1185,MFS71,LARGE_DISTRIBUTION,medium
LC3627,Nagoya East Distribution Branch 29,137.1833,35.1124,MFS71,LARGE_DISTRIBUTION,medium
LC3628,Nagoya East Distribution Branch 30,137.1958,35.0733,MFS71,LARGE_DISTRIBUTION,medium
LC3629,Kobe Port Logistics Branch 1,135.2000,34.7000,MFS71,LARGE_DISTRIBUTION,high
LC3630,Kobe Port Logistics Branch 2,135.2000,34.7000,MFS71,LARGE_DISTRIBUTION,high
LC3631,Kobe Port Logistics Branch 3,135.2000,34.7000,MFS71,LARGE_DISTRIBUTION,high
LC3632,Kobe Port Logistics Branch 4,135.2000,34.7000,MFS71,LARGE_DISTRIBUTION,high
LC3633,Kobe Port Logistics Branch 5,135.2000,34.7000,MFS71,LARGE_DISTRIBUTION,high
LC3634,Kobe Port Logistics Branch 6,135.2000,34.7000,MFS71,LARGE_DISTRIBUTION,high
LC3635,Kobe Port Logistics Branch 7,135.2000,34.7000,MFS71,LARGE_DISTRIBUTION,high
LC3636,Kobe Port Logistics Branch 8,135.2000,34.7000,MFS71,LARGE_DISTRIBUTION,high
LC3637,Kobe Port Logistics Branch 9,135.2000,34.7000,MFS71,LARGE_DISTRIBUTION,high
LC3638,Kobe Port Logistics Branch 10,135.2000,34.7000,MFS71,LARGE_DISTRIBUTION,high
LC3639,Kobe Port Logistics Branch 11,135.2000,34.7000,MFS71,LARGE_DISTRIBUTION,high
LC3640,Kobe Port Logistics Branch 12,135.2000,34.7000,MFS71,LARGE_DISTRIBUTION,high
LC3641,Kobe Port Logistics Branch 13,135.2000,34.7000,MFS71,LARGE_DISTRIBUTION,high
LC3642,Kobe Port Logistics Branch 14,135.2000,34.7000,MFS71,LARGE_DISTRIBUTION,high
LC3643,Kobe Port Logistics Branch 15,135.2000,34.7000,MFS71,LARGE_DISTRIBUTION,high
LC3644,Kobe Port Logistics Branch 16,135.2000,34.7000,MFS71,LARGE_DISTRIBUTION,high
LC3645,Kobe Port Logistics Branch 17,135.2000,34.7000,MFS71,LARGE_DISTRIBUTION,high
LC3646,Kobe Port Logistics Branch 18,135.2000,34.7000,MFS71,LARGE_DISTRIBUTION,high
LC3647,Kobe Port Logistics Branch 19,135.2000,34.7000,MFS71,LARGE_DISTRIBUTION,high
LC3648,Kobe Port Logistics Branch 20,135.2000,34.7000,MFS71,LARGE_DISTRIBUTION,high
LC3649,Kobe Port Logistics Branch 21,135.2000,34.7000,MFS71,LARGE_DISTRIBUTION,high
LC3650,Kobe Port Logistics Branch 22,135.2000,34.7000,MFS71,LARGE_DISTRIBUTION,high
LC3651,Kobe Port Logistics Branch 23,135.2000,34.7000,MFS71,LARGE_DISTRIBUTION,high
LC3652,Kobe Port Logistics Branch 24,135.2000,34.7000,MFS71,LARGE_DISTRIBUTION,high
LC3653,Kobe Port Logistics Branch 25,135.2000,34.7000,MFS71,LARGE_DISTRIBUTION,high
LC3654,Kobe Port Logistics Branch 26,135.2000,34.7000,MFS71,LARGE_DISTRIBUTION,high
LC3655,Kobe Port Logistics Branch 27,135.2000,34.7000,MFS71,LARGE_DISTRIBUTION,high
LC3656,Kobe Port Logistics Branch 28,135.2000,34.7000,MFS71,LARGE_DISTRIBUTION,high
LC3657,Kobe Port Logistics Branch 29,135.2000,34.7000,MFS71,LARGE_DISTRIBUTION,high
LC3658,Kobe Port Logistics Branch 30,135.2000,34.7000,MFS71,LARGE_DISTRIBUTION,high
LC3659,Nagoya Station Freight Center Branch 1,136.8437,35.1554,MFS71,LARGE_DISTRIBUTION,high
LC3660,Nagoya Station Freight Center Branch 2,136.8783,35.1658,MFS71,LARGE_DISTRIBUTION,high
LC3661,Nagoya Station Freight Center Branch 3,136.8297,35.1641,MFS71,LARGE_DISTRIBUTION,high
LC3662,Nagoya Station Freight Center Branch 4,136.8862,35.2008,MFS71,LARGE_DISTRIBUTION,high
LC3663,Nagoya Station Freight Center Branch 5,136.8635,35.1793,MFS71,LARGE_DISTRIBUTION,high
LC3664,Nagoya Station Freight Center Branch 6,136.8937,35.2003,MFS71,LARGE_DISTRIBUTION,high
LC3665,Nagoya Station Freight Center Branch 7,136.8581,35.1989,MFS71,LARGE_DISTRIBUTION,high
LC3666,Nagoya Station Freight Center Branch 8,136.8604,35.1489,MFS71,LARGE_DISTRIBUTION,high
LC3667,Nagoya Station Freight Center Branch 9,136.8785,35.1527,MFS71,LARGE_DISTRIBUTION,high
LC3668,Nagoya Station Freight Center Branch 10,136.8576,35.1545,MFS71,LARGE_DISTRIBUTION,high
LC3669,Nagoya Station Freight Center Branch 11,136.9386,35.1925,MFS71,LARGE_DISTRIBUTION,high
LC3670,Nagoya Station Freight Center Branch 12,136.9297,35.1311,MFS71,LARGE_DISTRIBUTION,high
LC3671,Nagoya Station Freight Center Branch 13,136.8749,35.1503,MFS71,LARGE_DISTRIBUTION,high
LC3672,Nagoya Station Freight Center Branch 14,136.8796,35.1367,MFS71,LARGE_DISTRIBUTION,high
LC3673,Nagoya Station Freight Center Branch 15,136.9391,35.1768,MFS71,LARGE_DISTRIBUTION,high
LC3674,Nagoya Station Freight Center Branch 16,136.8657,35.2055,MFS71,LARGE_DISTRIBUTION,high
LC3675,Nagoya Station Freight Center Branch 17,136.8735,35.1458,MFS71,LARGE_DISTRIBUTION,high
LC3676,Nagoya Station Freight Center Branch 18,136.8693,35.1429,MFS71,LARGE_DISTRIBUTION,high
LC3677,Nagoya Station Freight Center Branch 19,136.8806,35.1439,MFS71,LARGE_DISTRIBUTION,high
LC3678,Nagoya Station Freight Center Branch 20,136.8708,35.1508,MFS71,LARGE_DISTRIBUTION,high
LC3679,Nagoya Station Freight Center Branch 21,136.8613,35.1973,MFS71,LARGE_DISTRIBUTION,high
LC3680,Nagoya Station Freight Center Branch 22,136.9124,35.1953,MFS71,LARGE_DISTRIBUTION,high
LC3681,Nagoya Station Freight Center Branch 23,136.8811,35.1660,MFS71,LARGE_DISTRIBUTION,high
LC3682,Nagoya Station Freight Center Branch 24,136.8853,35.2538,MFS71,LARGE_DISTRIBUTION,high
LC3683,Nagoya Station Freight Center Branch 25,136.9483,35.1721,MFS71,LARGE_DISTRIBUTION,high
LC3684,Nagoya Station Freight Center Branch 26,136.9136,35.1353,MFS71,LARGE_DISTRIBUTION,high
LC3685,Nagoya Station Freight Center Branch 27,136.8751,35.1442,MFS71,LARGE_DISTRIBUTION,high
LC3686,Nagoya Station Freight Center Branch 28,136.8628,35.1437,MFS71,LARGE_DISTRIBUTION,high
LC3687,Nagoya Station Freight Center Branch 29,136.8894,35.1796,MFS71,LARGE_DISTRIBUTION,high
LC3688,Nagoya Station Freight Center Branch 30,136.9509,35.1584,MFS71,LARGE_DISTRIBUTION,high
LC3689,Atsuta Distribution Hub Branch 1,136.8952,35.1119,MFS71,LOGISTICS_HUB,medium
LC3690,Atsuta Distribution Hub Branch 2,136.9364,35.1097,MFS71,LOGISTICS_HUB,medium
LC3691,Atsuta Distribution Hub Branch 3,136.9345,35.1416,MFS71,LOGISTICS_HUB,medium
LC3692,Atsuta Distribution Hub Branch 4,136.8481,35.0916,MFS71,LOGISTICS_HUB,medium
LC3693,Atsuta Distribution Hub Branch 5,136.9079,35.1543,MFS71,LOGISTICS_HUB,medium
LC3694,Atsuta Distribution Hub Branch 6,136.8801,35.1395,MFS71,LOGISTICS_HUB,medium
LC3695,Atsuta Distribution Hub Branch 7,136.8508,35.0666,MFS71,LOGISTICS_HUB,medium
LC3696,Atsuta Distribution Hub Branch 8,136.8918,35.1428,MFS71,LOGISTICS_HUB,medium
LC3697,Atsuta Distribution Hub Branch 9,136.9226,35.1352,MFS71,LOGISTICS_HUB,medium
LC3698,Atsuta Distribution Hub Branch 10,136.8406,35.1554,MFS71,LOGISTICS_HUB,medium
LC3699,Atsuta Distribution Hub Branch 11,136.8743,35.1129,MFS71,LOGISTICS_HUB,medium
LC3700,Atsuta Distribution Hub Branch 12,136.9224,35.1263,MFS71,LOGISTICS_HUB,medium
LC3701,Atsuta Distribution Hub Branch 13,136.8153,35.0713,MFS71,LOGISTICS_HUB,medium
LC3702,Atsuta Distribution Hub Branch 14,136.9235,35.1292,MFS71,LOGISTICS_HUB,medium
LC3703,Atsuta Distribution Hub Branch 15,136.8783,35.1464,MFS71,LOGISTICS_HUB,medium
LC3704,Atsuta Distribution Hub Branch 16,136.9173,35.1378,MFS71,LOGISTICS_HUB,medium
LC3705,Atsuta Distribution Hub Branch 17,136.9366,35.1582,MFS71,LOGISTICS_HUB,medium
LC3706,Atsuta Distribution Hub Branch 18,136.9290,35.1170,MFS71,LOGISTICS_HUB,medium
LC3707,Atsuta Distribution Hub Branch 19,136.8838,35.1291,MFS71,LOGISTICS_HUB,medium
LC3708,Atsuta Distribution Hub Branch 20,136.8916,35.1180,MFS71,LOGISTICS_HUB,medium
LC3709,Atsuta Distribution Hub Branch 21,136.9202,35.0750,MFS71,LOGISTICS_HUB,medium
LC3710,Atsuta Distribution Hub Branch 22,136.8991,35.1542,MFS71,LOGISTICS_HUB,medium
LC3711,Atsuta Distribution Hub Branch 23,136.8544,35.1247,MFS71,LOGISTICS_HUB,medium
LC3712,Atsuta Distribution Hub Branch 24,136.8865,35.1281,MFS71,LOGISTICS_HUB,medium
LC3713,Atsuta Distribution Hub Branch 25,136.8853,35.1468,MFS71,LOGISTICS_HUB,medium
LC3714,Atsuta Distribution Hub Branch 26,136.9167,35.1049,MFS71,LOGISTICS_HUB,medium
LC3715,Atsuta Distribution Hub Branch 27,136.8859,35.1219,MFS71,LOGISTICS_HUB,medium
LC3716,Atsuta Distribution Hub Branch 28,136.8604,35.1680,MFS71,LOGISTICS_HUB,medium
LC3717,Atsuta Distribution Hub Branch 29,136.8653,35.1039,MFS71,LOGISTICS_HUB,medium
LC3718,Atsuta Distribution Hub Branch 30,136.8241,35.1219,MFS71,LOGISTICS_HUB,medium
LC3719,Nagoya East Logistics Park Branch 1,137.0359,35.1869,MFS71,MEDIUM_WAREHOUSE,medium
LC3720,Nagoya East Logistics Park Branch 2,136.9877,35.1629,MFS71,MEDIUM_WAREHOUSE,medium
LC3721,Nagoya East Logistics Park Branch 3,136.9808,35.2005,MFS71,MEDIUM_WAREHOUSE,medium
LC3722,Nagoya East Logistics Park Branch 4,136.9927,35.1955,MFS71,MEDIUM_WAREHOUSE,medium
LC3723,Nagoya East Logistics Park Branch 5,136.9923,35.1945,MFS71,MEDIUM_WAREHOUSE,medium
LC3724,Nagoya East Logistics Park Branch 6,136.9060,35.1749,MFS71,MEDIUM_WAREHOUSE,medium
LC3725,Nagoya East Logistics Park Branch 7,137.0317,35.1517,MFS71,MEDIUM_WAREHOUSE,medium
LC3726,Nagoya East Logistics Park Branch 8,136.9896,35.1402,MFS71,MEDIUM_WAREHOUSE,medium
LC3727,Nagoya East Logistics Park Branch 9,136.9608,35.1583,MFS71,MEDIUM_WAREHOUSE,medium
LC3728,Nagoya East Logistics Park Branch 10,137.0148,35.2327,MFS71,MEDIUM_WAREHOUSE,medium
LC3729,Nagoya East Logistics Park Branch 11,137.0426,35.1340,MFS71,MEDIUM_WAREHOUSE,medium
LC3730,Nagoya East Logistics Park Branch 12,137.0030,35.2115,MFS71,MEDIUM_WAREHOUSE,medium
LC3731,Nagoya East Logistics Park Branch 13,137.0330,35.1509,MFS71,MEDIUM_WAREHOUSE,medium
LC3732,Nagoya East Logistics Park Branch 14,136.9757,35.2098,MFS71,MEDIUM_WAREHOUSE,medium
LC3733,Nagoya East Logistics Park Branch 15,137.0234,35.2180,MFS71,MEDIUM_WAREHOUSE,medium
LC3734,Nagoya East Logistics Park Branch 16,137.0379,35.1568,MFS71,MEDIUM_WAREHOUSE,medium
LC3735,Nagoya East Logistics Park Branch 17,136.9875,35.2245,MFS71,MEDIUM_WAREHOUSE,medium
LC3736,Nagoya East Logistics Park Branch 18,137.0482,35.1957,MFS71,MEDIUM_WAREHOUSE,medium
LC3737,Nagoya East Logistics Park Branch 19,136.9998,35.2053,MFS71,MEDIUM_WAREHOUSE,medium
LC3738,Nagoya East Logistics Park Branch 20,136.9988,35.1868,MFS71,MEDIUM_WAREHOUSE,medium
LC3739,Nagoya East Logistics Park Branch 21,136.9865,35.1393,MFS71,MEDIUM_WAREHOUSE,medium
LC3740,Nagoya East Logistics Park Branch 22,137.0278,35.1033,MFS71,MEDIUM_WAREHOUSE,medium
LC3741,Nagoya East Logistics Park Branch 23,137.0225,35.1289,MFS71,MEDIUM_WAREHOUSE,medium
LC3742,Nagoya East Logistics Park Branch 24,137.0154,35.1836,MFS71,MEDIUM_WAREHOUSE,medium
LC3743,Nagoya East Logistics Park Branch 25,137.0626,35.2025,MFS71,MEDIUM_WAREHOUSE,medium
LC3744,Nagoya East Logistics Park Branch 26,136.9912,35.1697,MFS71,MEDIUM_WAREHOUSE,medium
LC3745,Nagoya East Logistics Park Branch 27,137.0212,35.1880,MFS71,MEDIUM_WAREHOUSE,medium
LC3746,Nagoya East Logistics Park Branch 28,136.9775,35.1727,MFS71,MEDIUM_WAREHOUSE,medium
LC3747,Nagoya East Logistics Park Branch 29,137.0392,35.1801,MFS71,MEDIUM_WAREHOUSE,medium
LC3748,Nagoya East Logistics Park Branch 30,137.0818,35.1421,MFS71,MEDIUM_WAREHOUSE,medium
LC3749,Kofu Logistics Center Branch 1,138.6194,35.6386,MFS69,LOGISTICS_HUB,medium
LC3750,Kofu Logistics Center Branch 2,138.5280,35.6480,MFS69,LOGISTICS_HUB,medium
LC3751,Kofu Logistics Center Branch 3,138.5892,35.6538,MFS69,LOGISTICS_HUB,medium
LC3752,Kofu Logistics Center Branch 4,138.5724,35.6201,MFS69,LOGISTICS_HUB,medium
LC3753,Kofu Logistics Center Branch 5,138.5086,35.6864,MFS69,LOGISTICS_HUB,medium
LC3754,Kofu Logistics Center Branch 6,138.5734,35.6649,MFS69,LOGISTICS_HUB,medium
LC3755,Kofu Logistics Center Branch 7,138.5550,35.6427,MFS69,LOGISTICS_HUB,medium
LC3756,Kofu Logistics Center Branch 8,138.5763,35.6244,MFS69,LOGISTICS_HUB,medium
LC3757,Kofu Logistics Center Branch 9,138.6038,35.6576,MFS69,LOGISTICS_HUB,medium
LC3758,Kofu Logistics Center Branch 10,138.5687,35.6606,MFS69,LOGISTICS_HUB,medium
LC3759,Kofu Logistics Center Branch 11,138.5408,35.6290,MFS69,LOGISTICS_HUB,medium
LC3760,Kofu Logistics Center Branch 12,138.5593,35.6334,MFS69,LOGISTICS_HUB,medium
LC3761,Kofu Logistics Center Branch 13,138.5532,35.6372,MFS69,LOGISTICS_HUB,medium
LC3762,Kofu Logistics Center Branch 14,138.5966,35.6266,MFS69,LOGISTICS_HUB,medium
LC3763,Kofu Logistics Center Branch 15,138.5608,35.6605,MFS69,LOGISTICS_HUB,medium
LC3764,Kofu Logistics Center Branch 16,138.5779,35.6817,MFS69,LOGISTICS_HUB,medium
LC3765,Kofu Logistics Center Branch 17,138.5261,35.6906,MFS69,LOGISTICS_HUB,medium
LC3766,Kofu Logistics Center Branch 18,138.5978,35.6592,MFS69,LOGISTICS_HUB,medium
LC3767,Kofu Logistics Center Branch 19,138.5305,35.6773,MFS69,LOGISTICS_HUB,medium
LC3768,Kofu Logistics Center Branch 20,138.5713,35.6233,MFS69,LOGISTICS_HUB,medium
LC3769,Kofu Logistics Center Branch 21,138.5268,35.6594,MFS69,LOGISTICS_HUB,medium
LC3770,Kofu Logistics Center Branch 22,138.5894,35.6664,MFS69,LOGISTICS_HUB,medium
LC3771,Kofu Logistics Center Branch 23,138.5737,35.6732,MFS69,LOGISTICS_HUB,medium
LC3772,Kofu Logistics Center Branch 24,138.6316,35.6489,MFS69,LOGISTICS_HUB,medium
LC3773,Kofu Logistics Center Branch 25,138.5283,35.6611,MFS69,LOGISTICS_HUB,medium
LC3774,Kofu Logistics Center Branch 26,138.5786,35.6624,MFS69,LOGISTICS_HUB,medium
LC3775,Kofu Logistics Center Branch 27,138.5646,35.6688,MFS69,LOGISTICS_HUB,medium
LC3776,Kofu Logistics Center Branch 28,138.5852,35.6612,MFS69,LOGISTICS_HUB,medium
LC3777,Kofu Logistics Center Branch 29,138.5651,35.6750,MFS69,LOGISTICS_HUB,medium
LC3778,Kofu Logistics Center Branch 30,138.5707,35.6551,MFS69,LOGISTICS_HUB,medium
LC3779,Kai Freight Terminal Branch 1,138.5200,35.7200,MFS69,LARGE_DISTRIBUTION,medium
LC3780,Kai Freight Terminal Branch 2,138.4934,35.6833,MFS69,LARGE_DISTRIBUTION,medium
LC3781,Kai Freight Terminal Branch 3,138.4890,35.6804,MFS69,LARGE_DISTRIBUTION,medium
LC3782,Kai Freight Terminal Branch 4,138.5194,35.6800,MFS69,LARGE_DISTRIBUTION,medium
LC3783,Kai Freight Terminal Branch 5,138.5166,35.6795,MFS69,LARGE_DISTRIBUTION,medium
LC3784,Kai Freight Terminal Branch 6,138.5257,35.7134,MFS69,LARGE_DISTRIBUTION,medium
LC3785,Kai Freight Terminal Branch 7,138.5432,35.6889,MFS69,LARGE_DISTRIBUTION,medium
LC3786,Kai Freight Terminal Branch 8,138.5588,35.6650,MFS69,LARGE_DISTRIBUTION,medium
LC3787,Kai Freight Terminal Branch 9,138.5328,35.6636,MFS69,LARGE_DISTRIBUTION,medium
LC3788,Kai Freight Terminal Branch 10,138.5200,35.7200,MFS69,LARGE_DISTRIBUTION,medium
LC3789,Kai Freight Terminal Branch 11,138.4484,35.7162,MFS69,LARGE_DISTRIBUTION,medium
LC3790,Kai Freight Terminal Branch 12,138.5360,35.6864,MFS69,LARGE_DISTRIBUTION,medium
LC3791,Kai Freight Terminal Branch 13,138.5372,35.6840,MFS69,LARGE_DISTRIBUTION,medium
LC3792,Kai Freight Terminal Branch 14,138.4615,35.7189,MFS69,LARGE_DISTRIBUTION,medium
LC3793,Kai Freight Terminal Branch 15,138.4777,35.6943,MFS69,LARGE_DISTRIBUTION,medium
LC3794,Kai Freight Terminal Branch 16,138.5202,35.6859,MFS69,LARGE_DISTRIBUTION,medium
LC3795,Kai Freight Terminal Branch 17,138.5232,35.6916,MFS69,LARGE_DISTRIBUTION,medium
LC3796,Kai Freight Terminal Branch 18,138.5392,35.6864,MFS69,LARGE_DISTRIBUTION,medium
LC3797,Kai Freight Terminal Branch 19,138.5200,35.7200,MFS69,LARGE_DISTRIBUTION,medium
LC3798,Kai Freight Terminal Branch 20,138.5905,35.6510,MFS69,LARGE_DISTRIBUTION,medium
LC3799,Kai Freight Terminal Branch 21,138.4792,35.6842,MFS69,LARGE_DISTRIBUTION,medium
LC3800,Kai Freight Terminal Branch 22,138.4940,35.6647,MFS69,LARGE_DISTRIBUTION,medium
LC3801,Kai Freight Terminal Branch 23,138.5279,35.6806,MFS69,LARGE_DISTRIBUTION,medium
LC3802,Kai Freight Terminal Branch 24,138.5246,35.6868,MFS69,LARGE_DISTRIBUTION,medium
LC3803,Kai Freight Terminal Branch 25,138.5379,35.7152,MFS69,LARGE_DISTRIBUTION,medium
LC3804,Kai Freight Terminal Branch 26,138.4886,35.6644,MFS69,LARGE_DISTRIBUTION,medium
LC3805,Kai Freight Terminal Branch 27,138.5084,35.6746,MFS69,LARGE_DISTRIBUTION,medium
LC3806,Kai Freight Terminal Branch 28,138.5495,35.6493,MFS69,LARGE_DISTRIBUTION,medium
LC3807,Kai Freight Terminal Branch 29,138.5207,35.6731,MFS69,LARGE_DISTRIBUTION,medium
LC3808,Kai Freight Terminal Branch 30,138.4660,35.7169,MFS69,LARGE_DISTRIBUTION,medium
LC3809,Fuefuki Distribution Branch 1,138.6699,35.6216,MFS69,MEDIUM_WAREHOUSE,medium
LC3810,Fuefuki Distribution Branch 2,138.6438,35.6446,MFS69,MEDIUM_WAREHOUSE,medium
LC3811,Fuefuki Distribution Branch 3,138.6405,35.6500,MFS69,MEDIUM_WAREHOUSE,medium
LC3812,Fuefuki Distribution Branch 4,138.6020,35.6597,MFS69,MEDIUM_WAREHOUSE,medium
LC3813,Fuefuki Distribution Branch 5,138.6097,35.6556,MFS69,MEDIUM_WAREHOUSE,medium
LC3814,Fuefuki Distribution Branch 6,138.5883,35.6510,MFS69,MEDIUM_WAREHOUSE,medium
LC3815,Fuefuki Distribution Branch 7,138.6550,35.6421,MFS69,MEDIUM_WAREHOUSE,medium
LC3816,Fuefuki Distribution Branch 8,138.6657,35.6416,MFS69,MEDIUM_WAREHOUSE,medium
LC3817,Fuefuki Distribution Branch 9,138.5785,35.6355,MFS69,MEDIUM_WAREHOUSE,medium
LC3818,Fuefuki Distribution Branch 10,138.5747,35.6589,MFS69,MEDIUM_WAREHOUSE,medium
LC3819,Fuefuki Distribution Branch 11,138.6644,35.7000,MFS69,MEDIUM_WAREHOUSE,medium
LC3820,Fuefuki Distribution Branch 12,138.6554,35.6455,MFS69,MEDIUM_WAREHOUSE,medium
LC3821,Fuefuki Distribution Branch 13,138.6131,35.6259,MFS69,MEDIUM_WAREHOUSE,medium
LC3822,Fuefuki Distribution Branch 14,138.6604,35.6329,MFS69,MEDIUM_WAREHOUSE,medium
LC3823,Fuefuki Distribution Branch 15,138.6560,35.6293,MFS69,MEDIUM_WAREHOUSE,medium
LC3824,Fuefuki Distribution Branch 16,138.5602,35.6729,MFS69,MEDIUM_WAREHOUSE,medium
LC3825,Fuefuki Distribution Branch 17,138.6534,35.6433,MFS69,MEDIUM_WAREHOUSE,medium
LC3826,Fuefuki Distribution Branch 18,138.5845,35.6601,MFS69,MEDIUM_WAREHOUSE,medium
LC3827,Fuefuki Distribution Branch 19,138.6568,35.6598,MFS69,MEDIUM_WAREHOUSE,medium
LC3828,Fuefuki Distribution Branch 20,138.6157,35.6424,MFS69,MEDIUM_WAREHOUSE,medium
LC3829,Fuefuki Distribution Branch 21,138.6393,35.6599,MFS69,MEDIUM_WAREHOUSE,medium
LC3830,Fuefuki Distribution Branch 22,138.6416,35.6562,MFS69,MEDIUM_WAREHOUSE,medium
LC3831,Fuefuki Distribution Branch 23,138.6451,35.6558,MFS69,MEDIUM_WAREHOUSE,medium
LC3832,Fuefuki Distribution Branch 24,138.6824,35.6823,MFS69,MEDIUM_WAREHOUSE,medium
LC3833,Fuefuki Distribution Branch 25,138.5993,35.6543,MFS69,MEDIUM_WAREHOUSE,medium
LC3834,Fuefuki Distribution Branch 26,138.6492,35.6547,MFS69,MEDIUM_WAREHOUSE,medium
LC3835,Fuefuki Distribution Branch 27,138.6558,35.6426,MFS69,MEDIUM_WAREHOUSE,medium
LC3836,Fuefuki Distribution Branch 28,138.6314,35.6458,MFS69,MEDIUM_WAREHOUSE,medium
LC3837,Fuefuki Distribution Branch 29,138.6603,35.6603,MFS69,MEDIUM_WAREHOUSE,medium
LC3838,Fuefuki Distribution Branch 30,138.6356,35.6413,MFS69,MEDIUM_WAREHOUSE,medium
LC3839,Nirasaki Freight Hub Branch 1,138.4470,35.7222,MFS69,MEDIUM_WAREHOUSE,medium
LC3840,Nirasaki Freight Hub Branch 2,138.4442,35.7228,MFS69,MEDIUM_WAREHOUSE,medium
LC3841,Nirasaki Freight Hub Branch 3,138.4969,35.6937,MFS69,MEDIUM_WAREHOUSE,medium
LC3842,Nirasaki Freight Hub Branch 4,138.4448,35.7309,MFS69,MEDIUM_WAREHOUSE,medium
LC3843,Nirasaki Freight Hub Branch 5,138.4982,35.6883,MFS69,MEDIUM_WAREHOUSE,medium
LC3844,Nirasaki Freight Hub Branch 6,138.4210,35.7077,MFS69,MEDIUM_WAREHOUSE,medium
LC3845,Nirasaki Freight Hub Branch 7,138.4468,35.6610,MFS69,MEDIUM_WAREHOUSE,medium
LC3846,Nirasaki Freight Hub Branch 8,138.4639,35.7211,MFS69,MEDIUM_WAREHOUSE,medium
LC3847,Nirasaki Freight Hub Branch 9,138.4963,35.7011,MFS69,MEDIUM_WAREHOUSE,medium
LC3848,Nirasaki Freight Hub Branch 10,138.4837,35.7363,MFS69,MEDIUM_WAREHOUSE,medium
LC3849,Nirasaki Freight Hub Branch 11,138.4488,35.7088,MFS69,MEDIUM_WAREHOUSE,medium
LC3850,Nirasaki Freight Hub Branch 12,138.4500,35.7200,MFS69,MEDIUM_WAREHOUSE,medium
LC3851,Nirasaki Freight Hub Branch 13,138.4214,35.7317,MFS69,MEDIUM_WAREHOUSE,medium
LC3852,Nirasaki Freight Hub Branch 14,138.4689,35.7186,MFS69,MEDIUM_WAREHOUSE,medium
LC3853,Nirasaki Freight Hub Branch 15,138.4500,35.6788,MFS69,MEDIUM_WAREHOUSE,medium
LC3854,Nirasaki Freight Hub Branch 16,138.4215,35.7191,MFS69,MEDIUM_WAREHOUSE,medium
LC3855,Nirasaki Freight Hub Branch 17,138.5377,35.6946,MFS69,MEDIUM_WAREHOUSE,medium
LC3856,Nirasaki Freight Hub Branch 18,138.4495,35.7337,MFS69,MEDIUM_WAREHOUSE,medium
LC3857,Nirasaki Freight Hub Branch 19,138.4507,35.6957,MFS69,MEDIUM_WAREHOUSE,medium
LC3858,Nirasaki Freight Hub Branch 20,138.4332,35.6967,MFS69,MEDIUM_WAREHOUSE,medium
LC3859,Nirasaki Freight Hub Branch 21,138.4291,35.7239,MFS69,MEDIUM_WAREHOUSE,medium
LC3860,Nirasaki Freight Hub Branch 22,138.4272,35.7103,MFS69,MEDIUM_WAREHOUSE,medium
LC3861,Nirasaki Freight Hub Branch 23,138.4530,35.7166,MFS69,MEDIUM_WAREHOUSE,medium
LC3862,Nirasaki Freight Hub Branch 24,138.4475,35.7221,MFS69,MEDIUM_WAREHOUSE,medium
LC3863,Nirasaki Freight Hub Branch 25,138.4633,35.6756,MFS69,MEDIUM_WAREHOUSE,medium
LC3864,Nirasaki Freight Hub Branch 26,138.4526,35.7050,MFS69,MEDIUM_WAREHOUSE,medium
LC3865,Nirasaki Freight Hub Branch 27,138.4478,35.6879,MFS69,MEDIUM_WAREHOUSE,medium
LC3866,Nirasaki Freight Hub Branch 28,138.4307,35.7243,MFS69,MEDIUM_WAREHOUSE,medium
LC3867,Nirasaki Freight Hub Branch 29,138.4520,35.7491,MFS69,MEDIUM_WAREHOUSE,medium
LC3868,Nirasaki Freight Hub Branch 30,138.4457,35.6571,MFS69,MEDIUM_WAREHOUSE,medium
LC3869,Hokuto Logistics Branch 1,138.4700,35.8800,MFS69,LOGISTICS_HUB,medium
LC3870,Hokuto Logistics Branch 2,138.4700,35.8800,MFS69,LOGISTICS_HUB,medium
LC3871,Hokuto Logistics Branch 3,138.4700,35.8800,MFS69,LOGISTICS_HUB,medium
LC3872,Hokuto Logistics Branch 4,138.4700,35.8800,MFS69,LOGISTICS_HUB,medium
LC3873,Hokuto Logistics Branch 5,138.4700,35.8800,MFS69,LOGISTICS_HUB,medium
LC3874,Hokuto Logistics Branch 6,138.4700,35.8800,MFS69,LOGISTICS_HUB,medium
LC3875,Hokuto Logistics Branch 7,138.4700,35.8800,MFS69,LOGISTICS_HUB,medium
LC3876,Hokuto Logistics Branch 8,138.4700,35.8800,MFS69,LOGISTICS_HUB,medium
LC3877,Hokuto Logistics Branch 9,138.4700,35.8800,MFS69,LOGISTICS_HUB,medium
LC3878,Hokuto Logistics Branch 10,138.4700,35.8800,MFS69,LOGISTICS_HUB,medium
LC3879,Hokuto Logistics Branch 11,138.4700,35.8800,MFS69,LOGISTICS_HUB,medium
LC3880,Hokuto Logistics Branch 12,138.4700,35.8800,MFS69,LOGISTICS_HUB,medium
LC3881,Hokuto Logistics Branch 13,138.4700,35.8800,MFS69,LOGISTICS_HUB,medium
LC3882,Hokuto Logistics Branch 14,138.4700,35.8800,MFS69,LOGISTICS_HUB,medium
LC3883,Hokuto Logistics Branch 15,138.4700,35.8800,MFS69,LOGISTICS_HUB,medium
LC3884,Hokuto Logistics Branch 16,138.4700,35.8800,MFS69,LOGISTICS_HUB,medium
LC3885,Hokuto Logistics Branch 17,138.4700,35.8800,MFS69,LOGISTICS_HUB,medium
LC3886,Hokuto Logistics Branch 18,138.4700,35.8800,MFS69,LOGISTICS_HUB,medium
LC3887,Hokuto Logistics Branch 19,138.4111,35.8856,MFS69,LOGISTICS_HUB,medium
LC3888,Hokuto Logistics Branch 20,138.4700,35.8800,MFS69,LOGISTICS_HUB,medium
LC3889,Hokuto Logistics Branch 21,138.4700,35.8800,MFS69,LOGISTICS_HUB,medium
LC3890,Hokuto Logistics Branch 22,138.4700,35.8800,MFS69,LOGISTICS_HUB,medium
LC3891,Hokuto Logistics Branch 23,138.4247,35.8694,MFS69,LOGISTICS_HUB,medium
LC3892,Hokuto Logistics Branch 24,138.4700,35.8800,MFS69,LOGISTICS_HUB,medium
LC3893,Hokuto Logistics Branch 25,138.4700,35.8800,MFS69,LOGISTICS_HUB,medium
LC3894,Hokuto Logistics Branch 26,138.4086,35.8948,MFS69,LOGISTICS_HUB,medium
LC3895,Hokuto Logistics Branch 27,138.4700,35.8800,MFS69,LOGISTICS_HUB,medium
LC3896,Hokuto Logistics Branch 28,138.4214,35.8385,MFS69,LOGISTICS_HUB,medium
LC3897,Hokuto Logistics Branch 29,138.4700,35.8800,MFS69,LOGISTICS_HUB,medium
LC3898,Hokuto Logistics Branch 30,138.4700,35.8800,MFS69,LOGISTICS_HUB,medium
LC3899,Chino Distribution Center Branch 1,138.1882,35.9515,MFS69,MEDIUM_WAREHOUSE,medium
LC3900,Chino Distribution Center Branch 2,138.1431,36.0037,MFS69,MEDIUM_WAREHOUSE,medium
LC3901,Chino Distribution Center Branch 3,138.1433,35.9986,MFS69,MEDIUM_WAREHOUSE,medium
LC3902,Chino Distribution Center Branch 4,138.1833,36.0141,MFS69,MEDIUM_WAREHOUSE,medium
LC3903,Chino Distribution Center Branch 5,138.1351,35.9941,MFS69,MEDIUM_WAREHOUSE,medium
LC3904,Chino Distribution Center Branch 6,138.1931,35.9414,MFS69,MEDIUM_WAREHOUSE,medium
LC3905,Chino Distribution Center Branch 7,138.1616,35.9823,MFS69,MEDIUM_WAREHOUSE,medium
LC3906,Chino Distribution Center Branch 8,138.1652,35.9864,MFS69,MEDIUM_WAREHOUSE,medium
LC3907,Chino Distribution Center Branch 9,138.1564,35.9836,MFS69,MEDIUM_WAREHOUSE,medium
LC3908,Chino Distribution Center Branch 10,138.1801,36.0086,MFS69,MEDIUM_WAREHOUSE,medium
LC3909,Chino Distribution Center Branch 11,138.1645,35.9857,MFS69,MEDIUM_WAREHOUSE,medium
LC3910,Chino Distribution Center Branch 12,138.1840,35.9941,MFS69,MEDIUM_WAREHOUSE,medium
LC3911,Chino Distribution Center Branch 13,138.1905,35.9469,MFS69,MEDIUM_WAREHOUSE,medium
LC3912,Chino Distribution Center Branch 14,138.1244,36.0065,MFS69,MEDIUM_WAREHOUSE,medium
LC3913,Chino Distribution Center Branch 15,138.1111,36.0233,MFS69,MEDIUM_WAREHOUSE,medium
LC3914,Chino Distribution Center Branch 16,138.1777,35.9830,MFS69,MEDIUM_WAREHOUSE,medium
LC3915,Chino Distribution Center Branch 17,138.2283,36.0294,MFS69,MEDIUM_WAREHOUSE,medium
LC3916,Chino Distribution Center Branch 18,138.1289,36.0159,MFS69,MEDIUM_WAREHOUSE,medium
LC3917,Chino Distribution Center Branch 19,138.1873,36.0377,MFS69,MEDIUM_WAREHOUSE,medium
LC3918,Chino Distribution Center Branch 20,138.1218,35.9695,MFS69,MEDIUM_WAREHOUSE,medium
LC3919,Chino Distribution Center Branch 21,138.1854,35.9495,MFS69,MEDIUM_WAREHOUSE,medium
LC3920,Chino Distribution Center Branch 22,138.1943,35.9804,MFS69,MEDIUM_WAREHOUSE,medium
LC3921,Chino Distribution Center Branch 23,138.2060,35.9845,MFS69,MEDIUM_WAREHOUSE,medium
LC3922,Chino Distribution Center Branch 24,138.1366,35.9983,MFS69,MEDIUM_WAREHOUSE,medium
LC3923,Chino Distribution Center Branch 25,138.1204,35.9987,MFS69,MEDIUM_WAREHOUSE,medium
LC3924,Chino Distribution Center Branch 26,138.2039,35.9949,MFS69,MEDIUM_WAREHOUSE,medium
LC3925,Chino Distribution Center Branch 27,138.1553,35.9848,MFS69,MEDIUM_WAREHOUSE,medium
LC3926,Chino Distribution Center Branch 28,138.1357,36.0064,MFS69,MEDIUM_WAREHOUSE,medium
LC3927,Chino Distribution Center Branch 29,138.1134,36.0045,MFS69,MEDIUM_WAREHOUSE,medium
LC3928,Chino Distribution Center Branch 30,138.2017,35.9932,MFS69,MEDIUM_WAREHOUSE,medium
LC3929,Okaya Freight Center Branch 1,138.0620,36.0757,MFS69,MEDIUM_WAREHOUSE,medium
LC3930,Okaya Freight Center Branch 2,138.0971,36.0091,MFS69,MEDIUM_WAREHOUSE,medium
LC3931,Okaya Freight Center Branch 3,138.0703,36.0785,MFS69,MEDIUM_WAREHOUSE,medium
LC3932,Okaya Freight Center Branch 4,138.0676,36.0826,MFS69,MEDIUM_WAREHOUSE,medium
LC3933,Okaya Freight Center Branch 5,138.0604,36.0793,MFS69,MEDIUM_WAREHOUSE,medium
LC3934,Okaya Freight Center Branch 6,138.0391,36.0611,MFS69,MEDIUM_WAREHOUSE,medium
LC3935,Okaya Freight Center Branch 7,138.0476,36.0565,MFS69,MEDIUM_WAREHOUSE,medium
LC3936,Okaya Freight Center Branch 8,138.0281,36.0463,MFS69,MEDIUM_WAREHOUSE,medium
LC3937,Okaya Freight Center Branch 9,138.0469,36.0904,MFS69,MEDIUM_WAREHOUSE,medium
LC3938,Okaya Freight Center Branch 10,138.0692,36.0655,MFS69,MEDIUM_WAREHOUSE,medium
LC3939,Okaya Freight Center Branch 11,138.0500,36.0600,MFS69,MEDIUM_WAREHOUSE,medium
LC3940,Okaya Freight Center Branch 12,138.0046,36.0833,MFS69,MEDIUM_WAREHOUSE,medium
LC3941,Okaya Freight Center Branch 13,138.0305,36.0516,MFS69,MEDIUM_WAREHOUSE,medium
LC3942,Okaya Freight Center Branch 14,138.0798,36.0663,MFS69,MEDIUM_WAREHOUSE,medium
LC3943,Okaya Freight Center Branch 15,138.0513,36.0654,MFS69,MEDIUM_WAREHOUSE,medium
LC3944,Okaya Freight Center Branch 16,137.392197,36.806599,MFS69,MEDIUM_WAREHOUSE,medium
LC3945,Okaya Freight Center Branch 17,138.0892,36.0726,MFS69,MEDIUM_WAREHOUSE,medium
LC3946,Okaya Freight Center Branch 18,138.1121,36.0026,MFS69,MEDIUM_WAREHOUSE,medium
LC3947,Okaya Freight Center Branch 19,138.0778,36.0688,MFS69,MEDIUM_WAREHOUSE,medium
LC3948,Okaya Freight Center Branch 20,138.0236,36.0423,MFS69,MEDIUM_WAREHOUSE,medium
LC3949,Okaya Freight Center Branch 21,138.0952,36.0262,MFS69,MEDIUM_WAREHOUSE,medium
LC3950,Okaya Freight Center Branch 22,138.0378,36.0621,MFS69,MEDIUM_WAREHOUSE,medium
LC3951,Okaya Freight Center Branch 23,138.0674,36.0649,MFS69,MEDIUM_WAREHOUSE,medium
LC3952,Okaya Freight Center Branch 24,138.0500,36.0600,MFS69,MEDIUM_WAREHOUSE,medium
LC3953,Okaya Freight Center Branch 25,138.0822,36.0766,MFS69,MEDIUM_WAREHOUSE,medium
LC3954,Okaya Freight Center Branch 26,138.0309,36.0537,MFS69,MEDIUM_WAREHOUSE,medium
LC3955,Okaya Freight Center Branch 27,138.0563,36.0887,MFS69,MEDIUM_WAREHOUSE,medium
LC3956,Okaya Freight Center Branch 28,138.0465,36.0613,MFS69,MEDIUM_WAREHOUSE,medium
LC3957,Okaya Freight Center Branch 29,138.0500,36.0600,MFS69,MEDIUM_WAREHOUSE,medium
LC3958,Okaya Freight Center Branch 30,138.0500,36.0600,MFS69,MEDIUM_WAREHOUSE,medium
LC3959,Shiojiri Logistics Park Branch 1,137.9453,36.1156,MFS69,MEDIUM_WAREHOUSE,medium
LC3960,Shiojiri Logistics Park Branch 2,137.9474,36.1458,MFS69,MEDIUM_WAREHOUSE,medium
LC3961,Shiojiri Logistics Park Branch 3,137.9147,36.1004,MFS69,MEDIUM_WAREHOUSE,medium
LC3962,Shiojiri Logistics Park Branch 4,137.9565,36.1659,MFS69,MEDIUM_WAREHOUSE,medium
LC3963,Shiojiri Logistics Park Branch 5,137.9288,36.1219,MFS69,MEDIUM_WAREHOUSE,medium
LC3964,Shiojiri Logistics Park Branch 6,137.9939,36.0983,MFS69,MEDIUM_WAREHOUSE,medium
LC3965,Shiojiri Logistics Park Branch 7,137.9631,36.0964,MFS69,MEDIUM_WAREHOUSE,medium
LC3966,Shiojiri Logistics Park Branch 8,137.9376,36.1259,MFS69,MEDIUM_WAREHOUSE,medium
LC3967,Shiojiri Logistics Park Branch 9,137.9263,36.1120,MFS69,MEDIUM_WAREHOUSE,medium
LC3968,Shiojiri Logistics Park Branch 10,137.9407,36.1264,MFS69,MEDIUM_WAREHOUSE,medium
LC3969,Shiojiri Logistics Park Branch 11,137.9463,36.1076,MFS69,MEDIUM_WAREHOUSE,medium
LC3970,Shiojiri Logistics Park Branch 12,137.9526,36.1085,MFS69,MEDIUM_WAREHOUSE,medium
LC3971,Shiojiri Logistics Park Branch 13,137.9572,36.1204,MFS69,MEDIUM_WAREHOUSE,medium
LC3972,Shiojiri Logistics Park Branch 14,137.9447,36.1129,MFS69,MEDIUM_WAREHOUSE,medium
LC3973,Shiojiri Logistics Park Branch 15,137.9147,36.0986,MFS69,MEDIUM_WAREHOUSE,medium
LC3974,Shiojiri Logistics Park Branch 16,137.9543,36.1424,MFS69,MEDIUM_WAREHOUSE,medium
LC3975,Shiojiri Logistics Park Branch 17,137.9387,36.1215,MFS69,MEDIUM_WAREHOUSE,medium
LC3976,Shiojiri Logistics Park Branch 18,137.9549,36.1340,MFS69,MEDIUM_WAREHOUSE,medium
LC3977,Shiojiri Logistics Park Branch 19,137.9500,36.1100,MFS69,MEDIUM_WAREHOUSE,medium
LC3978,Shiojiri Logistics Park Branch 20,137.9475,36.1143,MFS69,MEDIUM_WAREHOUSE,medium
LC3979,Shiojiri Logistics Park Branch 21,137.9514,36.1731,MFS69,MEDIUM_WAREHOUSE,medium
LC3980,Shiojiri Logistics Park Branch 22,137.9286,36.1224,MFS69,MEDIUM_WAREHOUSE,medium
LC3981,Shiojiri Logistics Park Branch 23,137.9786,36.1010,MFS69,MEDIUM_WAREHOUSE,medium
LC3982,Shiojiri Logistics Park Branch 24,137.9704,36.1097,MFS69,MEDIUM_WAREHOUSE,medium
LC3983,Shiojiri Logistics Park Branch 25,137.9507,36.1505,MFS69,MEDIUM_WAREHOUSE,medium
LC3984,Shiojiri Logistics Park Branch 26,137.9506,36.1427,MFS69,MEDIUM_WAREHOUSE,medium
LC3985,Shiojiri Logistics Park Branch 27,137.9438,36.1147,MFS69,MEDIUM_WAREHOUSE,medium
LC3986,Shiojiri Logistics Park Branch 28,137.9500,36.1100,MFS69,MEDIUM_WAREHOUSE,medium
LC3987,Shiojiri Logistics Park Branch 29,137.9453,36.1136,MFS69,MEDIUM_WAREHOUSE,medium
LC3988,Shiojiri Logistics Park Branch 30,137.9122,36.0787,MFS69,MEDIUM_WAREHOUSE,medium
LC3989,Ina Valley Distribution Branch 1,137.9781,35.8533,MFS69,LOGISTICS_HUB,medium
LC3990,Ina Valley Distribution Branch 2,137.9856,35.8190,MFS69,LOGISTICS_HUB,medium
LC3991,Ina Valley Distribution Branch 3,138.0019,35.8249,MFS69,LOGISTICS_HUB,medium
LC3992,Ina Valley Distribution Branch 4,137.9876,35.8369,MFS69,LOGISTICS_HUB,medium
LC3993,Ina Valley Distribution Branch 5,137.9475,35.8236,MFS69,LOGISTICS_HUB,medium
LC3994,Ina Valley Distribution Branch 6,137.9698,35.8397,MFS69,LOGISTICS_HUB,medium
LC3995,Ina Valley Distribution Branch 7,137.9615,35.8405,MFS69,LOGISTICS_HUB,medium
LC3996,Ina Valley Distribution Branch 8,137.9421,35.8323,MFS69,LOGISTICS_HUB,medium
LC3997,Ina Valley Distribution Branch 9,137.9573,35.8690,MFS69,LOGISTICS_HUB,medium
LC3998,Ina Valley Distribution Branch 10,137.9842,35.8474,MFS69,LOGISTICS_HUB,medium
LC3999,Ina Valley Distribution Branch 11,137.9475,35.8303,MFS69,LOGISTICS_HUB,medium
LC4000,Ina Valley Distribution Branch 12,137.9770,35.8531,MFS69,LOGISTICS_HUB,medium
LC4001,Ina Valley Distribution Branch 13,137.9500,35.8300,MFS69,LOGISTICS_HUB,medium
LC4002,Ina Valley Distribution Branch 14,137.9599,35.8306,MFS69,LOGISTICS_HUB,medium
LC4003,Ina Valley Distribution Branch 15,137.9931,35.8361,MFS69,LOGISTICS_HUB,medium
LC4004,Ina Valley Distribution Branch 16,137.9368,35.8544,MFS69,LOGISTICS_HUB,medium
LC4005,Ina Valley Distribution Branch 17,137.9754,35.8600,MFS69,LOGISTICS_HUB,medium
LC4006,Ina Valley Distribution Branch 18,137.9977,35.8894,MFS69,LOGISTICS_HUB,medium
LC4007,Ina Valley Distribution Branch 19,137.9786,35.8326,MFS69,LOGISTICS_HUB,medium
LC4008,Ina Valley Distribution Branch 20,137.9500,35.8300,MFS69,LOGISTICS_HUB,medium
LC4009,Ina Valley Distribution Branch 21,137.9500,35.8300,MFS69,LOGISTICS_HUB,medium
LC4010,Ina Valley Distribution Branch 22,137.9559,35.8507,MFS69,LOGISTICS_HUB,medium
LC4011,Ina Valley Distribution Branch 23,137.9670,35.8549,MFS69,LOGISTICS_HUB,medium
LC4012,Ina Valley Distribution Branch 24,137.9580,35.8349,MFS69,LOGISTICS_HUB,medium
LC4013,Ina Valley Distribution Branch 25,137.9354,35.8718,MFS69,LOGISTICS_HUB,medium
LC4014,Ina Valley Distribution Branch 26,137.9612,35.8522,MFS69,LOGISTICS_HUB,medium
LC4015,Ina Valley Distribution Branch 27,137.9500,35.8300,MFS69,LOGISTICS_HUB,medium
LC4016,Ina Valley Distribution Branch 28,137.9380,35.8536,MFS69,LOGISTICS_HUB,medium
LC4017,Ina Valley Distribution Branch 29,138.0217,35.8175,MFS69,LOGISTICS_HUB,medium
LC4018,Ina Valley Distribution Branch 30,137.9715,35.8438,MFS69,LOGISTICS_HUB,medium
LC4019,Komagane Freight Branch 1,137.9700,35.7300,MFS69,MEDIUM_WAREHOUSE,medium
LC4020,Komagane Freight Branch 2,137.9700,35.7300,MFS69,MEDIUM_WAREHOUSE,medium
LC4021,Komagane Freight Branch 3,137.9635,35.8099,MFS69,MEDIUM_WAREHOUSE,medium
LC4022,Komagane Freight Branch 4,137.9700,35.7300,MFS69,MEDIUM_WAREHOUSE,medium
LC4023,Komagane Freight Branch 5,137.9700,35.7300,MFS69,MEDIUM_WAREHOUSE,medium
LC4024,Komagane Freight Branch 6,137.9700,35.7300,MFS69,MEDIUM_WAREHOUSE,medium
LC4025,Komagane Freight Branch 7,137.9700,35.7300,MFS69,MEDIUM_WAREHOUSE,medium
LC4026,Komagane Freight Branch 8,137.9700,35.7300,MFS69,MEDIUM_WAREHOUSE,medium
LC4027,Komagane Freight Branch 9,137.9700,35.7300,MFS69,MEDIUM_WAREHOUSE,medium
LC4028,Komagane Freight Branch 10,137.9700,35.7300,MFS69,MEDIUM_WAREHOUSE,medium
LC4029,Komagane Freight Branch 11,137.9700,35.7300,MFS69,MEDIUM_WAREHOUSE,medium
LC4030,Komagane Freight Branch 12,137.9700,35.7300,MFS69,MEDIUM_WAREHOUSE,medium
LC4031,Komagane Freight Branch 13,137.9700,35.7300,MFS69,MEDIUM_WAREHOUSE,medium
LC4032,Komagane Freight Branch 14,137.9700,35.7300,MFS69,MEDIUM_WAREHOUSE,medium
LC4033,Komagane Freight Branch 15,137.9700,35.7300,MFS69,MEDIUM_WAREHOUSE,medium
LC4034,Komagane Freight Branch 16,137.9700,35.7300,MFS69,MEDIUM_WAREHOUSE,medium
LC4035,Komagane Freight Branch 17,137.9700,35.7300,MFS69,MEDIUM_WAREHOUSE,medium
LC4036,Komagane Freight Branch 18,137.9700,35.7300,MFS69,MEDIUM_WAREHOUSE,medium
LC4037,Komagane Freight Branch 19,137.9700,35.7300,MFS69,MEDIUM_WAREHOUSE,medium
LC4038,Komagane Freight Branch 20,137.9700,35.7300,MFS69,MEDIUM_WAREHOUSE,medium
LC4039,Komagane Freight Branch 21,137.9700,35.7300,MFS69,MEDIUM_WAREHOUSE,medium
LC4040,Komagane Freight Branch 22,137.9700,35.7300,MFS69,MEDIUM_WAREHOUSE,medium
LC4041,Komagane Freight Branch 23,137.9700,35.7300,MFS69,MEDIUM_WAREHOUSE,medium
LC4042,Komagane Freight Branch 24,137.9700,35.7300,MFS69,MEDIUM_WAREHOUSE,medium
LC4043,Komagane Freight Branch 25,137.9700,35.7300,MFS69,MEDIUM_WAREHOUSE,medium
LC4044,Komagane Freight Branch 26,137.9700,35.7300,MFS69,MEDIUM_WAREHOUSE,medium
LC4045,Komagane Freight Branch 27,137.9700,35.7300,MFS69,MEDIUM_WAREHOUSE,medium
LC4046,Komagane Freight Branch 28,137.9700,35.7300,MFS69,MEDIUM_WAREHOUSE,medium
LC4047,Komagane Freight Branch 29,137.9700,35.7300,MFS69,MEDIUM_WAREHOUSE,medium
LC4048,Komagane Freight Branch 30,137.9672,35.8402,MFS69,MEDIUM_WAREHOUSE,medium
LC4049,Saku Distribution Hub Branch 1,138.4581,36.2731,MFS69,LARGE_DISTRIBUTION,medium
LC4050,Saku Distribution Hub Branch 2,138.4796,36.2585,MFS69,LARGE_DISTRIBUTION,medium
LC4051,Saku Distribution Hub Branch 3,138.4691,36.2602,MFS69,LARGE_DISTRIBUTION,medium
LC4052,Saku Distribution Hub Branch 4,138.4868,36.2698,MFS69,LARGE_DISTRIBUTION,medium
LC4053,Saku Distribution Hub Branch 5,138.4704,36.2258,MFS69,LARGE_DISTRIBUTION,medium
LC4054,Saku Distribution Hub Branch 6,138.4771,36.2372,MFS69,LARGE_DISTRIBUTION,medium
LC4055,Saku Distribution Hub Branch 7,138.4612,36.2303,MFS69,LARGE_DISTRIBUTION,medium
LC4056,Saku Distribution Hub Branch 8,138.4898,36.2632,MFS69,LARGE_DISTRIBUTION,medium
LC4057,Saku Distribution Hub Branch 9,138.5109,36.2527,MFS69,LARGE_DISTRIBUTION,medium
LC4058,Saku Distribution Hub Branch 10,138.4229,36.2286,MFS69,LARGE_DISTRIBUTION,medium
LC4059,Saku Distribution Hub Branch 11,138.4717,36.2740,MFS69,LARGE_DISTRIBUTION,medium
LC4060,Saku Distribution Hub Branch 12,138.5031,36.1974,MFS69,LARGE_DISTRIBUTION,medium
LC4061,Saku Distribution Hub Branch 13,138.4626,36.2451,MFS69,LARGE_DISTRIBUTION,medium
LC4062,Saku Distribution Hub Branch 14,138.4531,36.2672,MFS69,LARGE_DISTRIBUTION,medium
LC4063,Saku Distribution Hub Branch 15,138.4768,36.2297,MFS69,LARGE_DISTRIBUTION,medium
LC4064,Saku Distribution Hub Branch 16,138.4933,36.2680,MFS69,LARGE_DISTRIBUTION,medium
LC4065,Saku Distribution Hub Branch 17,138.4675,36.2214,MFS69,LARGE_DISTRIBUTION,medium
LC4066,Saku Distribution Hub Branch 18,138.5018,36.2557,MFS69,LARGE_DISTRIBUTION,medium
LC4067,Saku Distribution Hub Branch 19,138.4613,36.2812,MFS69,LARGE_DISTRIBUTION,medium
LC4068,Saku Distribution Hub Branch 20,138.4673,36.2136,MFS69,LARGE_DISTRIBUTION,medium
LC4069,Saku Distribution Hub Branch 21,138.5075,36.2237,MFS69,LARGE_DISTRIBUTION,medium
LC4070,Saku Distribution Hub Branch 22,138.4269,36.2475,MFS69,LARGE_DISTRIBUTION,medium
LC4071,Saku Distribution Hub Branch 23,138.4852,36.2583,MFS69,LARGE_DISTRIBUTION,medium
LC4072,Saku Distribution Hub Branch 24,138.4839,36.2691,MFS69,LARGE_DISTRIBUTION,medium
LC4073,Saku Distribution Hub Branch 25,138.4973,36.2633,MFS69,LARGE_DISTRIBUTION,medium
LC4074,Saku Distribution Hub Branch 26,138.5236,36.2507,MFS69,LARGE_DISTRIBUTION,medium
LC4075,Saku Distribution Hub Branch 27,138.4372,36.2925,MFS69,LARGE_DISTRIBUTION,medium
LC4076,Saku Distribution Hub Branch 28,138.4963,36.2438,MFS69,LARGE_DISTRIBUTION,medium
LC4077,Saku Distribution Hub Branch 29,138.4151,36.2510,MFS69,LARGE_DISTRIBUTION,medium
LC4078,Saku Distribution Hub Branch 30,138.4788,36.2689,MFS69,LARGE_DISTRIBUTION,medium
LC4079,Ueda Logistics Center Branch 1,138.2232,36.4015,MFS69,LOGISTICS_HUB,medium
LC4080,Ueda Logistics Center Branch 2,138.2636,36.3923,MFS69,LOGISTICS_HUB,medium
LC4081,Ueda Logistics Center Branch 3,138.2945,36.3703,MFS69,LOGISTICS_HUB,medium
LC4082,Ueda Logistics Center Branch 4,138.2766,36.4017,MFS69,LOGISTICS_HUB,medium
LC4083,Ueda Logistics Center Branch 5,138.2716,36.3857,MFS69,LOGISTICS_HUB,medium
LC4084,Ueda Logistics Center Branch 6,138.3004,36.4191,MFS69,LOGISTICS_HUB,medium
LC4085,Ueda Logistics Center Branch 7,138.2689,36.3996,MFS69,LOGISTICS_HUB,medium
LC4086,Ueda Logistics Center Branch 8,138.2017,36.3486,MFS69,LOGISTICS_HUB,medium
LC4087,Ueda Logistics Center Branch 9,138.2472,36.3863,MFS69,LOGISTICS_HUB,medium
LC4088,Ueda Logistics Center Branch 10,138.2917,36.4175,MFS69,LOGISTICS_HUB,medium
LC4089,Ueda Logistics Center Branch 11,138.2765,36.4136,MFS69,LOGISTICS_HUB,medium
LC4090,Ueda Logistics Center Branch 12,138.2581,36.4023,MFS69,LOGISTICS_HUB,medium
LC4091,Ueda Logistics Center Branch 13,138.2742,36.3772,MFS69,LOGISTICS_HUB,medium
LC4092,Ueda Logistics Center Branch 14,138.2592,36.4146,MFS69,LOGISTICS_HUB,medium
LC4093,Ueda Logistics Center Branch 15,138.2195,36.3960,MFS69,LOGISTICS_HUB,medium
LC4094,Ueda Logistics Center Branch 16,138.2151,36.3876,MFS69,LOGISTICS_HUB,medium
LC4095,Ueda Logistics Center Branch 17,138.2103,36.3958,MFS69,LOGISTICS_HUB,medium
LC4096,Ueda Logistics Center Branch 18,138.2017,36.3958,MFS69,LOGISTICS_HUB,medium
LC4097,Ueda Logistics Center Branch 19,138.2651,36.4060,MFS69,LOGISTICS_HUB,medium
LC4098,Ueda Logistics Center Branch 20,138.2275,36.3949,MFS69,LOGISTICS_HUB,medium
LC4099,Ueda Logistics Center Branch 21,138.2521,36.4155,MFS69,LOGISTICS_HUB,medium
LC4100,Ueda Logistics Center Branch 22,138.2746,36.4087,MFS69,LOGISTICS_HUB,medium
LC4101,Ueda Logistics Center Branch 23,138.2545,36.3964,MFS69,LOGISTICS_HUB,medium
LC4102,Ueda Logistics Center Branch 24,138.2315,36.3992,MFS69,LOGISTICS_HUB,medium
LC4103,Ueda Logistics Center Branch 25,138.2293,36.3935,MFS69,LOGISTICS_HUB,medium
LC4104,Ueda Logistics Center Branch 26,138.2621,36.3995,MFS69,LOGISTICS_HUB,medium
LC4105,Ueda Logistics Center Branch 27,138.2102,36.3923,MFS69,LOGISTICS_HUB,medium
LC4106,Ueda Logistics Center Branch 28,138.2731,36.3931,MFS69,LOGISTICS_HUB,medium
LC4107,Ueda Logistics Center Branch 29,138.3089,36.4109,MFS69,LOGISTICS_HUB,medium
LC4108,Ueda Logistics Center Branch 30,138.2596,36.3932,MFS69,LOGISTICS_HUB,medium
LC4109,OMAGARI Station Logistics 1,140.4927,39.4639,MFS67,MEDIUM_WAREHOUSE,medium
LC4110,OMAGARI Station Logistics 2,140.4841,39.4704,MFS67,LOGISTICS_HUB,medium
LC4111,OMAGARI Station Logistics 3,140.4763,39.4541,MFS67,LOGISTICS_HUB,medium
LC4112,OMAGARI Station Logistics 4,140.4973,39.4665,MFS67,LARGE_DISTRIBUTION,medium
LC4113,OMAGARI Station Logistics 5,140.4856,39.4657,MFS67,LARGE_DISTRIBUTION,medium
LC4114,OMAGARI Station Logistics 6,140.4784,39.4434,MFS67,LARGE_DISTRIBUTION,medium
LC4115,OMAGARI Station Logistics 7,140.4815,39.4409,MFS67,LOGISTICS_HUB,medium
LC4116,OMAGARI Station Logistics 8,140.4805,39.4427,MFS67,LOGISTICS_HUB,medium
LC4117,OMAGARI Station Logistics 9,140.4965,39.4915,MFS67,LARGE_DISTRIBUTION,medium
LC4118,OMAGARI Station Logistics 10,140.4686,39.4509,MFS67,LARGE_DISTRIBUTION,medium
LC4119,OMAGARI Station Logistics 11,140.4974,39.4493,MFS67,LOGISTICS_HUB,medium
LC4120,OMAGARI Station Logistics 12,140.4983,39.4444,MFS67,LOGISTICS_HUB,medium
LC4121,OMAGARI Station Logistics 13,140.4773,39.4663,MFS67,LOGISTICS_HUB,medium
LC4122,OMAGARI Station Logistics 14,140.4977,39.4555,MFS67,MEDIUM_WAREHOUSE,medium
LC4123,OMAGARI Station Logistics 15,140.4814,39.4321,MFS67,MEDIUM_WAREHOUSE,medium
LC4124,SHINHANAMAKI Station Logistics 1,141.1540,39.3905,MFS67,LOGISTICS_HUB,medium
LC4125,SHINHANAMAKI Station Logistics 2,141.1225,39.4110,MFS67,LOGISTICS_HUB,medium
LC4126,SHINHANAMAKI Station Logistics 3,141.1502,39.3912,MFS67,MEDIUM_WAREHOUSE,medium
LC4127,SHINHANAMAKI Station Logistics 4,141.1802,39.4106,MFS67,LOGISTICS_HUB,medium
LC4128,SHINHANAMAKI Station Logistics 5,141.1344,39.4129,MFS67,LARGE_DISTRIBUTION,medium
LC4129,SHINHANAMAKI Station Logistics 6,141.1806,39.4100,MFS67,LOGISTICS_HUB,medium
LC4130,SHINHANAMAKI Station Logistics 7,141.1409,39.4070,MFS67,LARGE_DISTRIBUTION,medium
LC4131,SHINHANAMAKI Station Logistics 8,141.1440,39.3812,MFS67,MEDIUM_WAREHOUSE,medium
LC4132,SHINHANAMAKI Station Logistics 9,141.1487,39.3901,MFS67,LOGISTICS_HUB,medium
LC4133,SHINHANAMAKI Station Logistics 10,141.1689,39.4058,MFS67,LOGISTICS_HUB,medium
LC4134,SHINHANAMAKI Station Logistics 11,141.1472,39.3955,MFS67,LARGE_DISTRIBUTION,medium
LC4135,SHINHANAMAKI Station Logistics 12,141.1805,39.4191,MFS67,LOGISTICS_HUB,medium
LC4136,SHINHANAMAKI Station Logistics 13,141.1662,39.4082,MFS67,MEDIUM_WAREHOUSE,medium
LC4137,SHINHANAMAKI Station Logistics 14,141.1390,39.4108,MFS67,MEDIUM_WAREHOUSE,medium
LC4138,SHINHANAMAKI Station Logistics 15,141.1750,39.4067,MFS67,LARGE_DISTRIBUTION,medium
LC4139,KITAKAMI Station Logistics 1,141.1215,39.2925,MFS67,LARGE_DISTRIBUTION,medium
LC4140,KITAKAMI Station Logistics 2,141.1232,39.2928,MFS67,LOGISTICS_HUB,medium
LC4141,KITAKAMI Station Logistics 3,141.1195,39.3036,MFS67,LARGE_DISTRIBUTION,medium
LC4142,KITAKAMI Station Logistics 4,141.1450,39.2609,MFS67,LOGISTICS_HUB,medium
LC4143,KITAKAMI Station Logistics 5,141.1035,39.2912,MFS67,LOGISTICS_HUB,medium
LC4144,KITAKAMI Station Logistics 6,141.1192,39.2937,MFS67,MEDIUM_WAREHOUSE,medium
LC4145,KITAKAMI Station Logistics 7,141.1190,39.3021,MFS67,LARGE_DISTRIBUTION,medium
LC4146,KITAKAMI Station Logistics 8,141.1204,39.2904,MFS67,MEDIUM_WAREHOUSE,medium
LC4147,KITAKAMI Station Logistics 9,141.1245,39.2952,MFS67,LARGE_DISTRIBUTION,medium
LC4148,KITAKAMI Station Logistics 10,141.1102,39.2962,MFS67,LARGE_DISTRIBUTION,medium
LC4149,KITAKAMI Station Logistics 11,141.1232,39.3064,MFS67,MEDIUM_WAREHOUSE,medium
LC4150,KITAKAMI Station Logistics 12,141.1092,39.2881,MFS67,LOGISTICS_HUB,medium
LC4151,KITAKAMI Station Logistics 13,141.1090,39.3057,MFS67,MEDIUM_WAREHOUSE,medium
LC4152,KITAKAMI Station Logistics 14,141.1188,39.2806,MFS67,LOGISTICS_HUB,medium
LC4153,KITAKAMI Station Logistics 15,141.1157,39.2666,MFS67,LARGE_DISTRIBUTION,medium
LC4154,MIZUSAWA-ESASHI Station Logistics 1,141.1839,39.1449,MFS67,LOGISTICS_HUB,medium
LC4155,MIZUSAWA-ESASHI Station Logistics 2,141.1899,39.1433,MFS67,MEDIUM_WAREHOUSE,medium
LC4156,MIZUSAWA-ESASHI Station Logistics 3,141.1691,39.1366,MFS67,LARGE_DISTRIBUTION,medium
LC4157,MIZUSAWA-ESASHI Station Logistics 4,141.1461,39.1394,MFS67,LOGISTICS_HUB,medium
LC4158,MIZUSAWA-ESASHI Station Logistics 5,141.1896,39.1441,MFS67,MEDIUM_WAREHOUSE,medium
LC4159,MIZUSAWA-ESASHI Station Logistics 6,141.2006,39.1126,MFS67,MEDIUM_WAREHOUSE,medium
LC4160,MIZUSAWA-ESASHI Station Logistics 7,141.1549,39.1409,MFS67,LARGE_DISTRIBUTION,medium
LC4161,MIZUSAWA-ESASHI Station Logistics 8,141.1654,39.1172,MFS67,LARGE_DISTRIBUTION,medium
LC4162,MIZUSAWA-ESASHI Station Logistics 9,141.1770,39.1562,MFS67,LOGISTICS_HUB,medium
LC4163,MIZUSAWA-ESASHI Station Logistics 10,141.1824,39.1623,MFS67,LOGISTICS_HUB,medium
LC4164,MIZUSAWA-ESASHI Station Logistics 11,141.1963,39.1623,MFS67,LARGE_DISTRIBUTION,medium
LC4165,MIZUSAWA-ESASHI Station Logistics 12,141.1551,39.1463,MFS67,LOGISTICS_HUB,medium
LC4166,MIZUSAWA-ESASHI Station Logistics 13,141.2038,39.1623,MFS67,MEDIUM_WAREHOUSE,medium
LC4167,MIZUSAWA-ESASHI Station Logistics 14,141.1849,39.1390,MFS67,MEDIUM_WAREHOUSE,medium
LC4168,MIZUSAWA-ESASHI Station Logistics 15,141.1995,39.1424,MFS67,MEDIUM_WAREHOUSE,medium
LC4169,ICHINOSEKI Station Logistics 1,141.1428,38.9295,MFS67,LARGE_DISTRIBUTION,medium
LC4170,ICHINOSEKI Station Logistics 2,141.1269,38.9351,MFS67,LARGE_DISTRIBUTION,medium
LC4171,ICHINOSEKI Station Logistics 3,141.1429,38.9190,MFS67,LOGISTICS_HUB,medium
LC4172,ICHINOSEKI Station Logistics 4,141.1388,38.9077,MFS67,LARGE_DISTRIBUTION,medium
LC4173,ICHINOSEKI Station Logistics 5,141.1389,38.9307,MFS67,LOGISTICS_HUB,medium
LC4174,ICHINOSEKI Station Logistics 6,141.1433,38.9407,MFS67,LARGE_DISTRIBUTION,medium
LC4175,ICHINOSEKI Station Logistics 7,141.1379,38.9115,MFS67,LARGE_DISTRIBUTION,medium
LC4176,ICHINOSEKI Station Logistics 8,141.1441,38.9135,MFS67,LARGE_DISTRIBUTION,medium
LC4177,ICHINOSEKI Station Logistics 9,141.1422,38.9052,MFS67,LOGISTICS_HUB,medium
LC4178,ICHINOSEKI Station Logistics 10,141.1335,38.9295,MFS67,MEDIUM_WAREHOUSE,medium
LC4179,ICHINOSEKI Station Logistics 11,141.1401,38.9074,MFS67,MEDIUM_WAREHOUSE,medium
LC4180,ICHINOSEKI Station Logistics 12,141.1658,38.9194,MFS67,LARGE_DISTRIBUTION,medium
LC4181,ICHINOSEKI Station Logistics 13,141.1176,38.9300,MFS67,MEDIUM_WAREHOUSE,medium
LC4182,ICHINOSEKI Station Logistics 14,141.1446,38.9187,MFS67,LARGE_DISTRIBUTION,medium
LC4183,ICHINOSEKI Station Logistics 15,141.1470,38.9325,MFS67,LARGE_DISTRIBUTION,medium
LC4184,KURIKOMAKOGEN Station Logistics 1,141.0688,38.7226,MFS67,LOGISTICS_HUB,medium
LC4185,KURIKOMAKOGEN Station Logistics 2,141.0307,38.7332,MFS67,MEDIUM_WAREHOUSE,medium
LC4186,KURIKOMAKOGEN Station Logistics 3,141.0634,38.7331,MFS67,LARGE_DISTRIBUTION,medium
LC4187,KURIKOMAKOGEN Station Logistics 4,141.0425,38.7233,MFS67,LARGE_DISTRIBUTION,medium
LC4188,KURIKOMAKOGEN Station Logistics 5,141.0344,38.7310,MFS67,LARGE_DISTRIBUTION,medium
LC4189,KURIKOMAKOGEN Station Logistics 6,141.0538,38.7487,MFS67,LARGE_DISTRIBUTION,medium
LC4190,KURIKOMAKOGEN Station Logistics 7,141.0684,38.7434,MFS67,MEDIUM_WAREHOUSE,medium
LC4191,KURIKOMAKOGEN Station Logistics 8,141.0813,38.7629,MFS67,LARGE_DISTRIBUTION,medium
LC4192,KURIKOMAKOGEN Station Logistics 9,141.0627,38.7559,MFS67,LARGE_DISTRIBUTION,medium
LC4193,KURIKOMAKOGEN Station Logistics 10,141.0631,38.7373,MFS67,LOGISTICS_HUB,medium
LC4194,KURIKOMAKOGEN Station Logistics 11,141.0901,38.7284,MFS67,MEDIUM_WAREHOUSE,medium
LC4195,KURIKOMAKOGEN Station Logistics 12,141.0620,38.7582,MFS67,LARGE_DISTRIBUTION,medium
LC4196,KURIKOMAKOGEN Station Logistics 13,141.0600,38.7508,MFS67,MEDIUM_WAREHOUSE,medium
LC4197,KURIKOMAKOGEN Station Logistics 14,141.1128,38.7409,MFS67,LOGISTICS_HUB,medium
LC4198,KURIKOMAKOGEN Station Logistics 15,141.0478,38.7557,MFS67,MEDIUM_WAREHOUSE,medium
LC4199,FURUKAWA Station Logistics 1,140.9495,38.5637,MFS67,MEDIUM_WAREHOUSE,medium
LC4200,FURUKAWA Station Logistics 2,140.9703,38.5696,MFS67,LOGISTICS_HUB,medium
LC4201,FURUKAWA Station Logistics 3,140.9737,38.5730,MFS67,MEDIUM_WAREHOUSE,medium
LC4202,FURUKAWA Station Logistics 4,140.9780,38.5857,MFS67,LARGE_DISTRIBUTION,medium
LC4203,FURUKAWA Station Logistics 5,140.9616,38.5657,MFS67,MEDIUM_WAREHOUSE,medium
LC4204,FURUKAWA Station Logistics 6,140.9480,38.5781,MFS67,LOGISTICS_HUB,medium
LC4205,FURUKAWA Station Logistics 7,140.9342,38.5745,MFS67,LOGISTICS_HUB,medium
LC4206,FURUKAWA Station Logistics 8,140.9506,38.5683,MFS67,LARGE_DISTRIBUTION,medium
LC4207,FURUKAWA Station Logistics 9,140.9637,38.5799,MFS67,LARGE_DISTRIBUTION,medium
LC4208,FURUKAWA Station Logistics 10,140.9688,38.5355,MFS67,LOGISTICS_HUB,medium
LC4209,FURUKAWA Station Logistics 11,140.9706,38.5646,MFS67,LARGE_DISTRIBUTION,medium
LC4210,FURUKAWA Station Logistics 12,140.9467,38.5763,MFS67,MEDIUM_WAREHOUSE,medium
LC4211,FURUKAWA Station Logistics 13,140.9765,38.5647,MFS67,LARGE_DISTRIBUTION,medium
LC4212,FURUKAWA Station Logistics 14,140.9851,38.5651,MFS67,LOGISTICS_HUB,medium
LC4213,FURUKAWA Station Logistics 15,140.9512,38.5675,MFS67,LARGE_DISTRIBUTION,medium
LC4214,SENDAI Station Logistics 1,140.8914,38.2621,MFS67,LOGISTICS_HUB,medium
LC4215,SENDAI Station Logistics 2,140.8971,38.2483,MFS67,LOGISTICS_HUB,medium
LC4216,SENDAI Station Logistics 3,140.8970,38.2580,MFS67,LARGE_DISTRIBUTION,medium
LC4217,SENDAI Station Logistics 4,140.8746,38.2643,MFS67,LARGE_DISTRIBUTION,medium
LC4218,SENDAI Station Logistics 5,140.8861,38.2634,MFS67,LOGISTICS_HUB,medium
LC4219,SENDAI Station Logistics 6,140.8726,38.2382,MFS67,LARGE_DISTRIBUTION,medium
LC4220,SENDAI Station Logistics 7,140.8730,38.2557,MFS67,MEDIUM_WAREHOUSE,medium
LC4221,SENDAI Station Logistics 8,140.8796,38.2661,MFS67,LOGISTICS_HUB,medium
LC4222,SENDAI Station Logistics 9,140.8861,38.2579,MFS67,LARGE_DISTRIBUTION,medium
LC4223,SENDAI Station Logistics 10,140.8579,38.2569,MFS67,LARGE_DISTRIBUTION,medium
LC4224,SENDAI Station Logistics 11,140.9016,38.2557,MFS67,MEDIUM_WAREHOUSE,medium
LC4225,SENDAI Station Logistics 12,140.8591,38.2569,MFS67,LARGE_DISTRIBUTION,medium
LC4226,SENDAI Station Logistics 13,140.8885,38.2699,MFS67,LOGISTICS_HUB,medium
LC4227,SENDAI Station Logistics 14,140.8801,38.2595,MFS67,LARGE_DISTRIBUTION,medium
LC4228,SENDAI Station Logistics 15,140.8684,38.2612,MFS67,LARGE_DISTRIBUTION,medium
LC4229,SHIROISHI-ZAO Station Logistics 1,140.6156,37.9807,MFS67,LOGISTICS_HUB,medium
LC4230,SHIROISHI-ZAO Station Logistics 2,140.6467,38.0049,MFS67,MEDIUM_WAREHOUSE,medium
LC4231,SHIROISHI-ZAO Station Logistics 3,140.6333,37.9809,MFS67,LARGE_DISTRIBUTION,medium
LC4232,SHIROISHI-ZAO Station Logistics 4,140.6322,38.0098,MFS67,LOGISTICS_HUB,medium
LC4233,SHIROISHI-ZAO Station Logistics 5,140.6219,38.0010,MFS67,LARGE_DISTRIBUTION,medium
LC4234,SHIROISHI-ZAO Station Logistics 6,140.6154,37.9950,MFS67,MEDIUM_WAREHOUSE,medium
LC4235,SHIROISHI-ZAO Station Logistics 7,140.6370,37.9981,MFS67,LOGISTICS_HUB,medium
LC4236,SHIROISHI-ZAO Station Logistics 8,140.6214,38.0211,MFS67,LARGE_DISTRIBUTION,medium
LC4237,SHIROISHI-ZAO Station Logistics 9,140.6179,37.9917,MFS67,LARGE_DISTRIBUTION,medium
LC4238,SHIROISHI-ZAO Station Logistics 10,140.6146,37.9809,MFS67,MEDIUM_WAREHOUSE,medium
LC4239,SHIROISHI-ZAO Station Logistics 11,140.6065,37.9862,MFS67,LOGISTICS_HUB,medium
LC4240,SHIROISHI-ZAO Station Logistics 12,140.6183,38.0122,MFS67,MEDIUM_WAREHOUSE,medium
LC4241,SHIROISHI-ZAO Station Logistics 13,140.6332,37.9933,MFS67,MEDIUM_WAREHOUSE,medium
LC4242,SHIROISHI-ZAO Station Logistics 14,140.6112,38.0037,MFS67,LARGE_DISTRIBUTION,medium
LC4243,SHIROISHI-ZAO Station Logistics 15,140.6122,37.9956,MFS67,MEDIUM_WAREHOUSE,medium
LC4244,FUKUSHIMA Station Logistics 1,140.4723,37.7614,MFS67,LARGE_DISTRIBUTION,medium
LC4245,FUKUSHIMA Station Logistics 2,140.4231,37.7512,MFS67,LOGISTICS_HUB,medium
LC4246,FUKUSHIMA Station Logistics 3,140.4646,37.7502,MFS67,LARGE_DISTRIBUTION,medium
LC4247,FUKUSHIMA Station Logistics 4,140.4690,37.7850,MFS67,LOGISTICS_HUB,medium
LC4248,FUKUSHIMA Station Logistics 5,140.4479,37.7303,MFS67,LARGE_DISTRIBUTION,medium
LC4249,FUKUSHIMA Station Logistics 6,140.4479,37.7324,MFS67,LARGE_DISTRIBUTION,medium
LC4250,FUKUSHIMA Station Logistics 7,140.4682,37.7355,MFS67,LOGISTICS_HUB,medium
LC4251,FUKUSHIMA Station Logistics 8,140.4754,37.7653,MFS67,LOGISTICS_HUB,medium
LC4252,FUKUSHIMA Station Logistics 9,140.4560,37.7772,MFS67,LARGE_DISTRIBUTION,medium
LC4253,FUKUSHIMA Station Logistics 10,140.4625,37.7665,MFS67,LOGISTICS_HUB,medium
LC4254,FUKUSHIMA Station Logistics 11,140.4624,37.7654,MFS67,LARGE_DISTRIBUTION,medium
LC4255,FUKUSHIMA Station Logistics 12,140.4652,37.7633,MFS67,LARGE_DISTRIBUTION,medium
LC4256,FUKUSHIMA Station Logistics 13,140.4668,37.7546,MFS67,LOGISTICS_HUB,medium
LC4257,FUKUSHIMA Station Logistics 14,140.4786,37.7432,MFS67,LOGISTICS_HUB,medium
LC4258,FUKUSHIMA Station Logistics 15,140.4289,37.7620,MFS67,LOGISTICS_HUB,medium
LC4259,YONEZAWA Station Logistics 1,140.1096,37.9251,MFS67,LOGISTICS_HUB,medium
LC4260,YONEZAWA Station Logistics 2,140.1096,37.9132,MFS67,LARGE_DISTRIBUTION,medium
LC4261,YONEZAWA Station Logistics 3,140.1096,37.9221,MFS67,LOGISTICS_HUB,medium
LC4262,YONEZAWA Station Logistics 4,140.1332,37.9216,MFS67,LARGE_DISTRIBUTION,medium
LC4263,YONEZAWA Station Logistics 5,140.1221,37.9500,MFS67,LARGE_DISTRIBUTION,medium
LC4264,YONEZAWA Station Logistics 6,140.1187,37.8998,MFS67,LARGE_DISTRIBUTION,medium
LC4265,YONEZAWA Station Logistics 7,140.1288,37.9094,MFS67,MEDIUM_WAREHOUSE,medium
LC4266,YONEZAWA Station Logistics 8,140.1163,37.9244,MFS67,LOGISTICS_HUB,medium
LC4267,YONEZAWA Station Logistics 9,140.1264,37.9124,MFS67,MEDIUM_WAREHOUSE,medium
LC4268,YONEZAWA Station Logistics 10,140.1368,37.9057,MFS67,LOGISTICS_HUB,medium
LC4269,YONEZAWA Station Logistics 11,140.1316,37.9093,MFS67,LOGISTICS_HUB,medium
LC4270,YONEZAWA Station Logistics 12,140.0919,37.9171,MFS67,MEDIUM_WAREHOUSE,medium
LC4271,YONEZAWA Station Logistics 13,140.1657,37.9039,MFS67,LARGE_DISTRIBUTION,medium
LC4272,YONEZAWA Station Logistics 14,140.1051,37.9031,MFS67,LARGE_DISTRIBUTION,medium
LC4273,YONEZAWA Station Logistics 15,140.1526,37.9328,MFS67,LARGE_DISTRIBUTION,medium
LC4274,YAMAGATA Station Logistics 1,140.3255,38.2705,MFS67,LARGE_DISTRIBUTION,medium
LC4275,YAMAGATA Station Logistics 2,140.3452,38.2592,MFS67,LARGE_DISTRIBUTION,medium
LC4276,YAMAGATA Station Logistics 3,140.3087,38.2462,MFS67,LOGISTICS_HUB,medium
LC4277,YAMAGATA Station Logistics 4,140.3424,38.2224,MFS67,LARGE_DISTRIBUTION,medium
LC4278,YAMAGATA Station Logistics 5,140.3284,38.2680,MFS67,LARGE_DISTRIBUTION,medium
LC4279,YAMAGATA Station Logistics 6,140.3448,38.2574,MFS67,LARGE_DISTRIBUTION,medium
LC4280,YAMAGATA Station Logistics 7,140.3186,38.2502,MFS67,MEDIUM_WAREHOUSE,medium
LC4281,YAMAGATA Station Logistics 8,140.3095,38.2767,MFS67,LOGISTICS_HUB,medium
LC4282,YAMAGATA Station Logistics 9,140.3184,38.2582,MFS67,MEDIUM_WAREHOUSE,medium
LC4283,YAMAGATA Station Logistics 10,140.3145,38.2632,MFS67,LOGISTICS_HUB,medium
LC4284,YAMAGATA Station Logistics 11,140.3502,38.2504,MFS67,LOGISTICS_HUB,medium
LC4285,YAMAGATA Station Logistics 12,140.3339,38.2630,MFS67,LOGISTICS_HUB,medium
LC4286,YAMAGATA Station Logistics 13,140.3055,38.2774,MFS67,MEDIUM_WAREHOUSE,medium
LC4287,YAMAGATA Station Logistics 14,140.3315,38.2475,MFS67,MEDIUM_WAREHOUSE,medium
LC4288,YAMAGATA Station Logistics 15,140.3100,38.2471,MFS67,MEDIUM_WAREHOUSE,medium
LC4289,SHINJO Station Logistics 1,140.3219,38.7689,MFS67,LOGISTICS_HUB,medium
LC4290,SHINJO Station Logistics 2,140.2918,38.7599,MFS67,LOGISTICS_HUB,medium
LC4291,SHINJO Station Logistics 3,140.2788,38.7597,MFS67,LARGE_DISTRIBUTION,medium
LC4292,SHINJO Station Logistics 4,140.2984,38.7494,MFS67,MEDIUM_WAREHOUSE,medium
LC4293,SHINJO Station Logistics 5,140.2990,38.7575,MFS67,LARGE_DISTRIBUTION,medium
LC4294,SHINJO Station Logistics 6,140.3038,38.7608,MFS67,LOGISTICS_HUB,medium
LC4295,SHINJO Station Logistics 7,140.3100,38.7496,MFS67,MEDIUM_WAREHOUSE,medium
LC4296,SHINJO Station Logistics 8,140.3108,38.7358,MFS67,MEDIUM_WAREHOUSE,medium
LC4297,SHINJO Station Logistics 9,140.3063,38.7503,MFS67,LOGISTICS_HUB,medium
LC4298,SHINJO Station Logistics 10,140.3006,38.7311,MFS67,LOGISTICS_HUB,medium
LC4299,SHINJO Station Logistics 11,140.3022,38.7563,MFS67,LARGE_DISTRIBUTION,medium
LC4300,SHINJO Station Logistics 12,140.2992,38.7518,MFS67,LARGE_DISTRIBUTION,medium
LC4301,SHINJO Station Logistics 13,140.3084,38.7668,MFS67,MEDIUM_WAREHOUSE,medium
LC4302,SHINJO Station Logistics 14,140.3085,38.7570,MFS67,LARGE_DISTRIBUTION,medium
LC4303,SHINJO Station Logistics 15,140.2973,38.7591,MFS67,MEDIUM_WAREHOUSE,medium
LC4304,KORIYAMA Station Logistics 1,140.3263,37.3840,MFS67,LOGISTICS_HUB,medium
LC4305,KORIYAMA Station Logistics 2,140.3639,37.3972,MFS67,MEDIUM_WAREHOUSE,medium
LC4306,KORIYAMA Station Logistics 3,140.3539,37.3639,MFS67,MEDIUM_WAREHOUSE,medium
LC4307,KORIYAMA Station Logistics 4,140.3756,37.3964,MFS67,LOGISTICS_HUB,medium
LC4308,KORIYAMA Station Logistics 5,140.3783,37.3881,MFS67,LOGISTICS_HUB,medium
LC4309,KORIYAMA Station Logistics 6,140.4025,37.3933,MFS67,MEDIUM_WAREHOUSE,medium
LC4310,KORIYAMA Station Logistics 7,140.3955,37.3628,MFS67,LOGISTICS_HUB,medium
LC4311,KORIYAMA Station Logistics 8,140.3759,37.4102,MFS67,LOGISTICS_HUB,medium
LC4312,KORIYAMA Station Logistics 9,140.3853,37.3829,MFS67,LOGISTICS_HUB,medium
LC4313,KORIYAMA Station Logistics 10,140.3882,37.3907,MFS67,LOGISTICS_HUB,medium
LC4314,KORIYAMA Station Logistics 11,140.3820,37.4076,MFS67,LARGE_DISTRIBUTION,medium
LC4315,KORIYAMA Station Logistics 12,140.3956,37.3848,MFS67,LARGE_DISTRIBUTION,medium
LC4316,KORIYAMA Station Logistics 13,140.3954,37.3787,MFS67,LOGISTICS_HUB,medium
LC4317,KORIYAMA Station Logistics 14,140.3981,37.4101,MFS67,MEDIUM_WAREHOUSE,medium
LC4318,KORIYAMA Station Logistics 15,140.3694,37.3794,MFS67,LARGE_DISTRIBUTION,medium
LC4319,SHINSHIRAKAWA Station Logistics 1,140.1558,37.1427,MFS67,MEDIUM_WAREHOUSE,medium
LC4320,SHINSHIRAKAWA Station Logistics 2,140.1818,37.1184,MFS67,MEDIUM_WAREHOUSE,medium
LC4321,SHINSHIRAKAWA Station Logistics 3,140.1787,37.1251,MFS67,MEDIUM_WAREHOUSE,medium
LC4322,SHINSHIRAKAWA Station Logistics 4,140.1772,37.1231,MFS67,LARGE_DISTRIBUTION,medium
LC4323,SHINSHIRAKAWA Station Logistics 5,140.2043,37.1256,MFS67,MEDIUM_WAREHOUSE,medium
LC4324,SHINSHIRAKAWA Station Logistics 6,140.2170,37.1416,MFS67,MEDIUM_WAREHOUSE,medium
LC4325,SHINSHIRAKAWA Station Logistics 7,140.2010,37.1174,MFS67,MEDIUM_WAREHOUSE,medium
LC4326,SHINSHIRAKAWA Station Logistics 8,140.1918,37.1053,MFS67,LOGISTICS_HUB,medium
LC4327,SHINSHIRAKAWA Station Logistics 9,140.2235,37.1246,MFS67,MEDIUM_WAREHOUSE,medium
LC4328,SHINSHIRAKAWA Station Logistics 10,140.1862,37.1107,MFS67,LARGE_DISTRIBUTION,medium
LC4329,SHINSHIRAKAWA Station Logistics 11,140.2419,37.0943,MFS67,LARGE_DISTRIBUTION,medium
LC4330,SHINSHIRAKAWA Station Logistics 12,140.1941,37.1067,MFS67,MEDIUM_WAREHOUSE,medium
LC4331,SHINSHIRAKAWA Station Logistics 13,140.1894,37.1106,MFS67,MEDIUM_WAREHOUSE,medium
LC4332,SHINSHIRAKAWA Station Logistics 14,140.2145,37.1389,MFS67,LARGE_DISTRIBUTION,medium
LC4333,SHINSHIRAKAWA Station Logistics 15,140.1898,37.1328,MFS67,MEDIUM_WAREHOUSE,medium
LC4334,UTSUNOMIYA Station Logistics 1,139.9101,36.5565,MFS59,LOGISTICS_HUB,medium
LC4335,UTSUNOMIYA Station Logistics 2,139.9189,36.5535,MFS59,MEDIUM_WAREHOUSE,medium
LC4336,UTSUNOMIYA Station Logistics 3,139.8910,36.5462,MFS59,MEDIUM_WAREHOUSE,medium
LC4337,UTSUNOMIYA Station Logistics 4,139.9039,36.5671,MFS59,LARGE_DISTRIBUTION,medium
LC4338,UTSUNOMIYA Station Logistics 5,139.9097,36.5499,MFS59,LARGE_DISTRIBUTION,medium
LC4339,UTSUNOMIYA Station Logistics 6,139.9030,36.5604,MFS59,LOGISTICS_HUB,medium
LC4340,UTSUNOMIYA Station Logistics 7,139.8840,36.5620,MFS59,MEDIUM_WAREHOUSE,medium
LC4341,UTSUNOMIYA Station Logistics 8,139.8791,36.5565,MFS59,LOGISTICS_HUB,medium
LC4342,UTSUNOMIYA Station Logistics 9,139.8876,36.5638,MFS59,MEDIUM_WAREHOUSE,medium
LC4343,UTSUNOMIYA Station Logistics 10,139.9152,36.5759,MFS59,LOGISTICS_HUB,medium
LC4344,UTSUNOMIYA Station Logistics 11,139.9026,36.5503,MFS59,LARGE_DISTRIBUTION,medium
LC4345,UTSUNOMIYA Station Logistics 12,139.8796,36.5511,MFS59,LARGE_DISTRIBUTION,medium
LC4346,OYAMA Station Logistics 1,139.8120,36.3068,MFS56,LOGISTICS_HUB,medium
LC4347,OYAMA Station Logistics 2,139.8037,36.3105,MFS56,MEDIUM_WAREHOUSE,medium
LC4348,OYAMA Station Logistics 3,139.8008,36.3188,MFS56,LARGE_DISTRIBUTION,medium
LC4349,OYAMA Station Logistics 4,139.8096,36.3142,MFS56,LOGISTICS_HUB,medium
LC4350,OYAMA Station Logistics 5,139.8127,36.3059,MFS56,LOGISTICS_HUB,medium
LC4351,OYAMA Station Logistics 6,139.8130,36.3203,MFS56,MEDIUM_WAREHOUSE,medium
LC4352,OYAMA Station Logistics 7,139.8026,36.3105,MFS56,MEDIUM_WAREHOUSE,medium
LC4353,OYAMA Station Logistics 8,139.8052,36.3093,MFS56,LOGISTICS_HUB,medium
LC4354,OYAMA Station Logistics 9,139.8211,36.3160,MFS56,MEDIUM_WAREHOUSE,medium
LC4355,TOKYO Station Logistics 1,139.7568,35.6792,MFS01,MEDIUM_WAREHOUSE,medium
LC4356,TOKYO Station Logistics 2,139.7669,35.6728,MFS01,LOGISTICS_HUB,medium
LC4357,TOKYO Station Logistics 3,139.7650,35.6698,MFS01,LARGE_DISTRIBUTION,medium
LC4358,TOKYO Station Logistics 4,139.7706,35.6806,MFS01,LARGE_DISTRIBUTION,medium
LC4359,TOKYO Station Logistics 5,139.7650,35.6773,MFS01,MEDIUM_WAREHOUSE,medium
LC4360,KUMAGAYA Station Logistics 1,139.3786,36.1422,MFS35,MEDIUM_WAREHOUSE,medium
LC4361,KUMAGAYA Station Logistics 2,139.3846,36.1368,MFS35,LOGISTICS_HUB,medium
LC4362,KUMAGAYA Station Logistics 3,139.3878,36.1399,MFS35,LOGISTICS_HUB,medium
LC4363,KUMAGAYA Station Logistics 4,139.3927,36.1454,MFS35,MEDIUM_WAREHOUSE,medium
LC4364,KUMAGAYA Station Logistics 5,139.3900,36.1484,MFS35,LARGE_DISTRIBUTION,medium
LC4365,KUMAGAYA Station Logistics 6,139.3947,36.1462,MFS35,LARGE_DISTRIBUTION,medium
LC4366,KUMAGAYA Station Logistics 7,139.3957,36.1431,MFS35,MEDIUM_WAREHOUSE,medium
LC4367,KUMAGAYA Station Logistics 8,139.3932,36.1389,MFS35,MEDIUM_WAREHOUSE,medium
LC4368,KUMAGAYA Station Logistics 9,139.3823,36.1377,MFS35,LOGISTICS_HUB,medium
LC4369,HONJOWASEDA Station Logistics 1,139.1696,36.2103,MFS36,MEDIUM_WAREHOUSE,medium
LC4370,HONJOWASEDA Station Logistics 2,139.1895,36.2221,MFS36,MEDIUM_WAREHOUSE,medium
LC4371,HONJOWASEDA Station Logistics 3,139.1802,36.2052,MFS36,MEDIUM_WAREHOUSE,medium
LC4372,HONJOWASEDA Station Logistics 4,139.1777,36.2231,MFS36,LOGISTICS_HUB,medium
LC4373,HONJOWASEDA Station Logistics 5,139.1784,36.2273,MFS36,MEDIUM_WAREHOUSE,medium
LC4374,HONJOWASEDA Station Logistics 6,139.1739,36.2319,MFS36,LARGE_DISTRIBUTION,medium
LC4375,HONJOWASEDA Station Logistics 7,139.1850,36.2159,MFS36,LOGISTICS_HUB,medium
LC4376,HONJOWASEDA Station Logistics 8,139.1682,36.2111,MFS36,LOGISTICS_HUB,medium
LC4377,HONJOWASEDA Station Logistics 9,139.1763,36.2192,MFS36,LARGE_DISTRIBUTION,medium
LC4378,TAKASAKI Station Logistics 1,139.0199,36.3151,MFS57,MEDIUM_WAREHOUSE,medium
LC4379,TAKASAKI Station Logistics 2,139.0195,36.3071,MFS57,LOGISTICS_HUB,medium
LC4380,TAKASAKI Station Logistics 3,139.0092,36.3256,MFS57,LARGE_DISTRIBUTION,medium
LC4381,TAKASAKI Station Logistics 4,139.0000,36.3354,MFS57,LARGE_DISTRIBUTION,medium
LC4382,TAKASAKI Station Logistics 5,138.9827,36.3359,MFS57,MEDIUM_WAREHOUSE,medium
LC4383,TAKASAKI Station Logistics 6,139.0138,36.3193,MFS57,LOGISTICS_HUB,medium
LC4384,TAKASAKI Station Logistics 7,139.0292,36.3348,MFS57,MEDIUM_WAREHOUSE,medium
LC4385,TAKASAKI Station Logistics 8,139.0350,36.3099,MFS57,LOGISTICS_HUB,medium
LC4386,TAKASAKI Station Logistics 9,139.0229,36.3311,MFS57,LOGISTICS_HUB,medium
LC4387,TAKASAKI Station Logistics 10,139.0194,36.3104,MFS57,LOGISTICS_HUB,medium
LC4388,TAKASAKI Station Logistics 11,139.0137,36.3083,MFS57,LOGISTICS_HUB,medium
LC4389,TAKASAKI Station Logistics 12,139.0273,36.3239,MFS57,MEDIUM_WAREHOUSE,medium
LC4390,ANNAKA-HARUNA Station Logistics 1,138.8620,36.3557,MFS69,LARGE_DISTRIBUTION,medium
LC4391,ANNAKA-HARUNA Station Logistics 2,138.8544,36.3875,MFS69,LARGE_DISTRIBUTION,medium
LC4392,ANNAKA-HARUNA Station Logistics 3,138.8568,36.3748,MFS69,LARGE_DISTRIBUTION,medium
LC4393,ANNAKA-HARUNA Station Logistics 4,138.8550,36.3161,MFS69,LOGISTICS_HUB,medium
LC4394,ANNAKA-HARUNA Station Logistics 5,138.8562,36.3699,MFS69,LOGISTICS_HUB,medium
LC4395,ANNAKA-HARUNA Station Logistics 6,138.8512,36.3542,MFS69,LOGISTICS_HUB,medium
LC4396,ANNAKA-HARUNA Station Logistics 7,138.8544,36.3574,MFS69,LARGE_DISTRIBUTION,medium
LC4397,ANNAKA-HARUNA Station Logistics 8,138.8712,36.3839,MFS69,MEDIUM_WAREHOUSE,medium
LC4398,ANNAKA-HARUNA Station Logistics 9,138.8655,36.3535,MFS69,LOGISTICS_HUB,medium
LC4399,ANNAKA-HARUNA Station Logistics 10,138.8518,36.3906,MFS69,LARGE_DISTRIBUTION,medium
LC4400,ANNAKA-HARUNA Station Logistics 11,138.8487,36.3766,MFS69,LARGE_DISTRIBUTION,medium
LC4401,ANNAKA-HARUNA Station Logistics 12,138.8725,36.3397,MFS69,LARGE_DISTRIBUTION,medium
LC4402,ANNAKA-HARUNA Station Logistics 13,138.8883,36.3842,MFS69,MEDIUM_WAREHOUSE,medium
LC4403,ANNAKA-HARUNA Station Logistics 14,138.8820,36.3851,MFS69,LARGE_DISTRIBUTION,medium
LC4404,ANNAKA-HARUNA Station Logistics 15,138.8526,36.3348,MFS69,LARGE_DISTRIBUTION,medium
LC4405,KARUIZAWA Station Logistics 1,138.6179,36.3239,MFS69,LOGISTICS_HUB,medium
LC4406,KARUIZAWA Station Logistics 2,138.6469,36.3476,MFS69,LOGISTICS_HUB,medium
LC4407,KARUIZAWA Station Logistics 3,138.6339,36.3553,MFS69,LOGISTICS_HUB,medium
LC4408,KARUIZAWA Station Logistics 4,138.6293,36.3316,MFS69,MEDIUM_WAREHOUSE,medium
LC4409,KARUIZAWA Station Logistics 5,138.6413,36.3227,MFS69,LOGISTICS_HUB,medium
LC4410,KARUIZAWA Station Logistics 6,138.6058,36.3430,MFS69,LARGE_DISTRIBUTION,medium
LC4411,KARUIZAWA Station Logistics 7,138.6405,36.3453,MFS69,LOGISTICS_HUB,medium
LC4412,KARUIZAWA Station Logistics 8,138.6242,36.3484,MFS69,MEDIUM_WAREHOUSE,medium
LC4413,KARUIZAWA Station Logistics 9,138.6363,36.3575,MFS69,LOGISTICS_HUB,medium
LC4414,KARUIZAWA Station Logistics 10,138.6341,36.3403,MFS69,LARGE_DISTRIBUTION,medium
LC4415,KARUIZAWA Station Logistics 11,138.6085,36.3410,MFS69,LOGISTICS_HUB,medium
LC4416,KARUIZAWA Station Logistics 12,138.6230,36.3437,MFS69,MEDIUM_WAREHOUSE,medium
LC4417,KARUIZAWA Station Logistics 13,138.6361,36.3572,MFS69,MEDIUM_WAREHOUSE,medium
LC4418,KARUIZAWA Station Logistics 14,138.6299,36.3242,MFS69,MEDIUM_WAREHOUSE,medium
LC4419,KARUIZAWA Station Logistics 15,138.6306,36.3492,MFS69,LARGE_DISTRIBUTION,medium
LC4420,SAKUDAIRA Station Logistics 1,138.4698,36.2707,MFS69,LARGE_DISTRIBUTION,medium
LC4421,SAKUDAIRA Station Logistics 2,138.4815,36.2762,MFS69,MEDIUM_WAREHOUSE,medium
LC4422,SAKUDAIRA Station Logistics 3,138.4669,36.2606,MFS69,MEDIUM_WAREHOUSE,medium
LC4423,SAKUDAIRA Station Logistics 4,138.4411,36.2721,MFS69,LOGISTICS_HUB,medium
LC4424,SAKUDAIRA Station Logistics 5,138.4630,36.2771,MFS69,MEDIUM_WAREHOUSE,medium
LC4425,SAKUDAIRA Station Logistics 6,138.4918,36.2713,MFS69,LOGISTICS_HUB,medium
LC4426,SAKUDAIRA Station Logistics 7,138.4607,36.2744,MFS69,LOGISTICS_HUB,medium
LC4427,SAKUDAIRA Station Logistics 8,138.4746,36.2575,MFS69,LARGE_DISTRIBUTION,medium
LC4428,SAKUDAIRA Station Logistics 9,138.4667,36.2672,MFS69,LOGISTICS_HUB,medium
LC4429,SAKUDAIRA Station Logistics 10,138.4757,36.2749,MFS69,LOGISTICS_HUB,medium
LC4430,SAKUDAIRA Station Logistics 11,138.4752,36.2611,MFS69,LARGE_DISTRIBUTION,medium
LC4431,SAKUDAIRA Station Logistics 12,138.4892,36.2903,MFS69,LOGISTICS_HUB,medium
LC4432,SAKUDAIRA Station Logistics 13,138.4689,36.2578,MFS69,LARGE_DISTRIBUTION,medium
LC4433,SAKUDAIRA Station Logistics 14,138.4669,36.2766,MFS69,MEDIUM_WAREHOUSE,medium
LC4434,SAKUDAIRA Station Logistics 15,138.4558,36.2639,MFS69,LOGISTICS_HUB,medium
LC4435,UEDA Station Logistics 1,138.2524,36.3866,MFS69,LARGE_DISTRIBUTION,medium
LC4436,UEDA Station Logistics 2,138.2676,36.3828,MFS69,LOGISTICS_HUB,medium
LC4437,UEDA Station Logistics 3,138.2440,36.3982,MFS69,LOGISTICS_HUB,medium
LC4438,UEDA Station Logistics 4,138.2390,36.4116,MFS69,LOGISTICS_HUB,medium
LC4439,UEDA Station Logistics 5,138.2441,36.3992,MFS69,MEDIUM_WAREHOUSE,medium
LC4440,UEDA Station Logistics 6,138.2396,36.3936,MFS69,LOGISTICS_HUB,medium
LC4441,UEDA Station Logistics 7,138.2467,36.3903,MFS69,LARGE_DISTRIBUTION,medium
LC4442,UEDA Station Logistics 8,138.2239,36.3973,MFS69,MEDIUM_WAREHOUSE,medium
LC4443,UEDA Station Logistics 9,138.2703,36.3857,MFS69,LARGE_DISTRIBUTION,medium
LC4444,UEDA Station Logistics 10,138.2550,36.3972,MFS69,LARGE_DISTRIBUTION,medium
LC4445,UEDA Station Logistics 11,138.2596,36.3938,MFS69,LARGE_DISTRIBUTION,medium
LC4446,UEDA Station Logistics 12,138.2342,36.3926,MFS69,MEDIUM_WAREHOUSE,medium
LC4447,UEDA Station Logistics 13,138.2667,36.3815,MFS69,LARGE_DISTRIBUTION,medium
LC4448,UEDA Station Logistics 14,138.2502,36.4006,MFS69,LOGISTICS_HUB,medium
LC4449,UEDA Station Logistics 15,138.2216,36.3858,MFS69,LARGE_DISTRIBUTION,medium
LC4450,NAGANO Station Logistics 1,138.1860,36.6428,MFS68,LOGISTICS_HUB,medium
LC4451,NAGANO Station Logistics 2,138.2144,36.6442,MFS68,MEDIUM_WAREHOUSE,medium
LC4452,NAGANO Station Logistics 3,138.1800,36.6413,MFS68,LOGISTICS_HUB,medium
LC4453,NAGANO Station Logistics 4,138.1895,36.6504,MFS68,LOGISTICS_HUB,medium
LC4454,NAGANO Station Logistics 5,138.2049,36.6482,MFS68,LARGE_DISTRIBUTION,medium
LC4455,NAGANO Station Logistics 6,138.1831,36.6480,MFS68,LARGE_DISTRIBUTION,medium
LC4456,NAGANO Station Logistics 7,138.1979,36.6570,MFS68,LARGE_DISTRIBUTION,medium
LC4457,NAGANO Station Logistics 8,138.2062,36.6132,MFS68,LARGE_DISTRIBUTION,medium
LC4458,NAGANO Station Logistics 9,138.1996,36.6410,MFS68,LARGE_DISTRIBUTION,medium
LC4459,NAGANO Station Logistics 10,138.1924,36.6464,MFS68,LARGE_DISTRIBUTION,medium
LC4460,NAGANO Station Logistics 11,138.2005,36.6336,MFS68,LOGISTICS_HUB,medium
LC4461,NAGANO Station Logistics 12,138.1819,36.6618,MFS68,LOGISTICS_HUB,medium
LC4462,NAGANO Station Logistics 13,138.2023,36.6571,MFS68,MEDIUM_WAREHOUSE,medium
LC4463,NAGANO Station Logistics 14,138.2155,36.6289,MFS68,LOGISTICS_HUB,medium
LC4464,NAGANO Station Logistics 15,138.1975,36.6502,MFS68,LARGE_DISTRIBUTION,medium
LC4465,JOMOKOGEN Station Logistics 1,139.0009,36.6770,MFS65,LOGISTICS_HUB,medium
LC4466,JOMOKOGEN Station Logistics 2,138.9872,36.6880,MFS65,LOGISTICS_HUB,medium
LC4467,JOMOKOGEN Station Logistics 3,138.9823,36.6764,MFS65,LARGE_DISTRIBUTION,medium
LC4468,JOMOKOGEN Station Logistics 4,138.9928,36.6823,MFS65,LARGE_DISTRIBUTION,medium
LC4469,JOMOKOGEN Station Logistics 5,138.9762,36.6829,MFS65,MEDIUM_WAREHOUSE,medium
LC4470,JOMOKOGEN Station Logistics 6,138.9873,36.6876,MFS65,LOGISTICS_HUB,medium
LC4471,JOMOKOGEN Station Logistics 7,138.9835,36.7073,MFS65,LOGISTICS_HUB,medium
LC4472,JOMOKOGEN Station Logistics 8,138.9788,36.6888,MFS65,LOGISTICS_HUB,medium
LC4473,JOMOKOGEN Station Logistics 9,138.9776,36.6768,MFS65,MEDIUM_WAREHOUSE,medium
LC4474,JOMOKOGEN Station Logistics 10,138.9756,36.6934,MFS65,LARGE_DISTRIBUTION,medium
LC4475,JOMOKOGEN Station Logistics 11,138.9786,36.6877,MFS65,MEDIUM_WAREHOUSE,medium
LC4476,JOMOKOGEN Station Logistics 12,138.9771,36.6971,MFS65,MEDIUM_WAREHOUSE,medium
LC4477,SHINAGAWA Station Logistics 1,139.7429,35.6269,MFS02,LOGISTICS_HUB,medium
LC4478,SHINAGAWA Station Logistics 2,139.7403,35.6311,MFS02,MEDIUM_WAREHOUSE,medium
LC4479,SHINAGAWA Station Logistics 3,139.7410,35.6283,MFS02,LOGISTICS_HUB,medium
LC4480,SHINAGAWA Station Logistics 4,139.7394,35.6280,MFS02,LARGE_DISTRIBUTION,medium
LC4481,SHINAGAWA Station Logistics 5,139.7355,35.6348,MFS02,LARGE_DISTRIBUTION,medium
LC4482,ODAWARA Station Logistics 1,139.1575,35.2624,MFS23,LARGE_DISTRIBUTION,medium
LC4483,ODAWARA Station Logistics 2,139.1567,35.2498,MFS23,MEDIUM_WAREHOUSE,medium
LC4484,ODAWARA Station Logistics 3,139.1525,35.2622,MFS23,LOGISTICS_HUB,medium
LC4485,ODAWARA Station Logistics 4,139.1661,35.2516,MFS23,LARGE_DISTRIBUTION,medium
LC4486,ODAWARA Station Logistics 5,139.1534,35.2665,MFS23,LARGE_DISTRIBUTION,medium
LC4487,ODAWARA Station Logistics 6,139.1557,35.2646,MFS23,LOGISTICS_HUB,medium
LC4488,ODAWARA Station Logistics 7,139.1600,35.2612,MFS23,MEDIUM_WAREHOUSE,medium
LC4489,ODAWARA Station Logistics 8,139.1562,35.2533,MFS23,MEDIUM_WAREHOUSE,medium
LC4490,ODAWARA Station Logistics 9,139.1503,35.2587,MFS23,LARGE_DISTRIBUTION,medium
LC4491,SHINFUJI Station Logistics 1,138.6710,35.1294,MFS70,LARGE_DISTRIBUTION,medium
LC4492,SHINFUJI Station Logistics 2,138.6782,35.1428,MFS70,LARGE_DISTRIBUTION,medium
LC4493,SHINFUJI Station Logistics 3,138.6519,35.1252,MFS70,LARGE_DISTRIBUTION,medium
LC4494,SHINFUJI Station Logistics 4,138.6664,35.1375,MFS70,LOGISTICS_HUB,medium
LC4495,SHINFUJI Station Logistics 5,138.6822,35.1563,MFS70,MEDIUM_WAREHOUSE,medium
LC4496,SHINFUJI Station Logistics 6,138.6526,35.1520,MFS70,LOGISTICS_HUB,medium
LC4497,SHINFUJI Station Logistics 7,138.6600,35.1633,MFS70,MEDIUM_WAREHOUSE,medium
LC4498,SHINFUJI Station Logistics 8,138.6637,35.1576,MFS70,LOGISTICS_HUB,medium
LC4499,SHINFUJI Station Logistics 9,138.6828,35.1561,MFS70,LOGISTICS_HUB,medium
LC4500,SHINFUJI Station Logistics 10,138.6707,35.1633,MFS70,LOGISTICS_HUB,medium
LC4501,SHINFUJI Station Logistics 11,138.6495,35.1460,MFS70,LARGE_DISTRIBUTION,medium
LC4502,SHINFUJI Station Logistics 12,138.6879,35.1473,MFS70,MEDIUM_WAREHOUSE,medium
LC4503,SHINFUJI Station Logistics 13,138.6497,35.1287,MFS70,LOGISTICS_HUB,medium
LC4504,SHINFUJI Station Logistics 14,138.6454,35.1626,MFS70,LARGE_DISTRIBUTION,medium
LC4505,SHINFUJI Station Logistics 15,138.6533,35.1442,MFS70,LOGISTICS_HUB,medium
LC4506,SHIZUOKA Station Logistics 1,138.4021,34.9678,MFS70,LARGE_DISTRIBUTION,medium
LC4507,SHIZUOKA Station Logistics 2,138.3763,34.9810,MFS70,LOGISTICS_HUB,medium
LC4508,SHIZUOKA Station Logistics 3,138.3374,34.9515,MFS70,LARGE_DISTRIBUTION,medium
LC4509,SHIZUOKA Station Logistics 4,138.3948,34.9454,MFS70,LOGISTICS_HUB,medium
LC4510,SHIZUOKA Station Logistics 5,138.3786,34.9585,MFS70,LOGISTICS_HUB,medium
LC4511,SHIZUOKA Station Logistics 6,138.3741,34.9714,MFS70,LOGISTICS_HUB,medium
LC4512,SHIZUOKA Station Logistics 7,138.3878,34.9583,MFS70,LOGISTICS_HUB,medium
LC4513,SHIZUOKA Station Logistics 8,138.3833,34.9693,MFS70,LOGISTICS_HUB,medium
LC4514,SHIZUOKA Station Logistics 9,138.4198,34.9719,MFS70,MEDIUM_WAREHOUSE,medium
LC4515,SHIZUOKA Station Logistics 10,138.4004,34.9925,MFS70,LARGE_DISTRIBUTION,medium
LC4516,SHIZUOKA Station Logistics 11,138.3794,34.9783,MFS70,LOGISTICS_HUB,medium
LC4517,SHIZUOKA Station Logistics 12,138.3784,34.9695,MFS70,LARGE_DISTRIBUTION,medium
LC4518,SHIZUOKA Station Logistics 13,138.3970,34.9842,MFS70,MEDIUM_WAREHOUSE,medium
LC4519,SHIZUOKA Station Logistics 14,138.3944,34.9988,MFS70,LOGISTICS_HUB,medium
LC4520,SHIZUOKA Station Logistics 15,138.3921,34.9506,MFS70,MEDIUM_WAREHOUSE,medium
LC4521,KAKEGAWA Station Logistics 1,138.0193,34.7663,MFS70,MEDIUM_WAREHOUSE,medium
LC4522,KAKEGAWA Station Logistics 2,138.0112,34.7780,MFS70,MEDIUM_WAREHOUSE,medium
LC4523,KAKEGAWA Station Logistics 3,138.0259,34.7805,MFS70,MEDIUM_WAREHOUSE,medium
LC4524,KAKEGAWA Station Logistics 4,138.0256,34.7703,MFS70,LARGE_DISTRIBUTION,medium
LC4525,KAKEGAWA Station Logistics 5,138.0202,34.7703,MFS70,MEDIUM_WAREHOUSE,medium
LC4526,KAKEGAWA Station Logistics 6,138.0275,34.7697,MFS70,MEDIUM_WAREHOUSE,medium
LC4527,KAKEGAWA Station Logistics 7,138.0190,34.7657,MFS70,LARGE_DISTRIBUTION,medium
LC4528,KAKEGAWA Station Logistics 8,138.0169,34.7648,MFS70,LARGE_DISTRIBUTION,medium
LC4529,KAKEGAWA Station Logistics 9,138.0047,34.7558,MFS70,MEDIUM_WAREHOUSE,medium
LC4530,KAKEGAWA Station Logistics 10,138.0134,34.7904,MFS70,LOGISTICS_HUB,medium
LC4531,KAKEGAWA Station Logistics 11,138.0059,34.7696,MFS70,LOGISTICS_HUB,medium
LC4532,KAKEGAWA Station Logistics 12,137.9873,34.7886,MFS70,LOGISTICS_HUB,medium
LC4533,KAKEGAWA Station Logistics 13,138.0355,34.7652,MFS70,MEDIUM_WAREHOUSE,medium
LC4534,KAKEGAWA Station Logistics 14,137.9965,34.7591,MFS70,LARGE_DISTRIBUTION,medium
LC4535,KAKEGAWA Station Logistics 15,138.0577,34.7823,MFS70,LARGE_DISTRIBUTION,medium
LC4536,TOYOHASHI Station Logistics 1,137.3880,34.7544,MFS71,LOGISTICS_HUB,medium
LC4537,TOYOHASHI Station Logistics 2,137.3979,34.7850,MFS71,LOGISTICS_HUB,medium
LC4538,TOYOHASHI Station Logistics 3,137.4097,34.7689,MFS71,MEDIUM_WAREHOUSE,medium
LC4539,TOYOHASHI Station Logistics 4,137.3827,34.7555,MFS71,LARGE_DISTRIBUTION,medium
LC4540,TOYOHASHI Station Logistics 5,137.3715,34.7444,MFS71,LARGE_DISTRIBUTION,medium
LC4541,TOYOHASHI Station Logistics 6,137.3764,34.7639,MFS71,MEDIUM_WAREHOUSE,medium
LC4542,TOYOHASHI Station Logistics 7,137.3677,34.7517,MFS71,MEDIUM_WAREHOUSE,medium
LC4543,TOYOHASHI Station Logistics 8,137.4049,34.7850,MFS71,MEDIUM_WAREHOUSE,medium
LC4544,TOYOHASHI Station Logistics 9,137.3692,34.7688,MFS71,LOGISTICS_HUB,medium
LC4545,TOYOHASHI Station Logistics 10,137.3996,34.7912,MFS71,LARGE_DISTRIBUTION,medium
LC4546,TOYOHASHI Station Logistics 11,137.3875,34.7736,MFS71,LOGISTICS_HUB,medium
LC4547,TOYOHASHI Station Logistics 12,137.3582,34.7698,MFS71,MEDIUM_WAREHOUSE,medium
LC4548,TOYOHASHI Station Logistics 13,137.4250,34.7671,MFS71,LARGE_DISTRIBUTION,medium
LC4549,TOYOHASHI Station Logistics 14,137.3916,34.7501,MFS71,LOGISTICS_HUB,medium
LC4550,TOYOHASHI Station Logistics 15,137.3864,34.7493,MFS71,LOGISTICS_HUB,medium
LC4551,MIKAWAANJO Station Logistics 1,137.0448,34.9554,MFS71,MEDIUM_WAREHOUSE,medium
LC4552,MIKAWAANJO Station Logistics 2,137.0622,34.9728,MFS71,LOGISTICS_HUB,medium
LC4553,MIKAWAANJO Station Logistics 3,137.0829,34.9658,MFS71,MEDIUM_WAREHOUSE,medium
LC4554,MIKAWAANJO Station Logistics 4,137.0242,34.9471,MFS71,MEDIUM_WAREHOUSE,medium
LC4555,MIKAWAANJO Station Logistics 5,137.0578,34.9773,MFS71,LOGISTICS_HUB,medium
LC4556,MIKAWAANJO Station Logistics 6,137.0638,34.9725,MFS71,LARGE_DISTRIBUTION,medium
LC4557,MIKAWAANJO Station Logistics 7,137.0569,34.9668,MFS71,LOGISTICS_HUB,medium
LC4558,MIKAWAANJO Station Logistics 8,137.0872,34.9779,MFS71,LOGISTICS_HUB,medium
LC4559,MIKAWAANJO Station Logistics 9,137.0587,34.9527,MFS71,LOGISTICS_HUB,medium
LC4560,MIKAWAANJO Station Logistics 10,137.0840,34.9743,MFS71,MEDIUM_WAREHOUSE,medium
LC4561,MIKAWAANJO Station Logistics 11,137.0971,34.9505,MFS71,LOGISTICS_HUB,medium
LC4562,MIKAWAANJO Station Logistics 12,137.0764,34.9814,MFS71,MEDIUM_WAREHOUSE,medium
LC4563,MIKAWAANJO Station Logistics 13,137.0728,34.9619,MFS71,LARGE_DISTRIBUTION,medium
LC4564,MIKAWAANJO Station Logistics 14,137.0757,34.9464,MFS71,LARGE_DISTRIBUTION,medium
LC4565,MIKAWAANJO Station Logistics 15,137.0754,34.9565,MFS71,LARGE_DISTRIBUTION,medium
LC4566,NAGOYA Station Logistics 1,136.8734,35.1668,MFS71,MEDIUM_WAREHOUSE,medium
LC4567,NAGOYA Station Logistics 2,136.8736,35.1562,MFS71,LARGE_DISTRIBUTION,medium
LC4568,NAGOYA Station Logistics 3,136.8588,35.1608,MFS71,MEDIUM_WAREHOUSE,medium
LC4569,NAGOYA Station Logistics 4,136.8726,35.1946,MFS71,MEDIUM_WAREHOUSE,medium
LC4570,NAGOYA Station Logistics 5,136.8589,35.1523,MFS71,LOGISTICS_HUB,medium
LC4571,NAGOYA Station Logistics 6,136.8758,35.1772,MFS71,LARGE_DISTRIBUTION,medium
LC4572,NAGOYA Station Logistics 7,136.8895,35.1638,MFS71,LOGISTICS_HUB,medium
LC4573,NAGOYA Station Logistics 8,136.8673,35.1619,MFS71,LARGE_DISTRIBUTION,medium
LC4574,NAGOYA Station Logistics 9,136.8876,35.1638,MFS71,MEDIUM_WAREHOUSE,medium
LC4575,NAGOYA Station Logistics 10,136.8795,35.1890,MFS71,LARGE_DISTRIBUTION,medium
LC4576,NAGOYA Station Logistics 11,136.8527,35.1696,MFS71,LOGISTICS_HUB,medium
LC4577,NAGOYA Station Logistics 12,136.8699,35.1542,MFS71,LARGE_DISTRIBUTION,medium
LC4578,NAGOYA Station Logistics 13,136.9046,35.1593,MFS71,MEDIUM_WAREHOUSE,medium
LC4579,NAGOYA Station Logistics 14,136.8842,35.1700,MFS71,LARGE_DISTRIBUTION,medium
LC4580,NAGOYA Station Logistics 15,136.8793,35.1676,MFS71,LARGE_DISTRIBUTION,medium
LC4581,GIFU-HASHIMA Station Logistics 1,136.6969,35.3093,MFS71,LARGE_DISTRIBUTION,medium
LC4582,GIFU-HASHIMA Station Logistics 2,136.6805,35.3316,MFS71,LARGE_DISTRIBUTION,medium
LC4583,GIFU-HASHIMA Station Logistics 3,136.6742,35.3327,MFS71,LOGISTICS_HUB,medium
LC4584,GIFU-HASHIMA Station Logistics 4,136.6864,35.3252,MFS71,LOGISTICS_HUB,medium
LC4585,GIFU-HASHIMA Station Logistics 5,136.6932,35.3276,MFS71,LOGISTICS_HUB,medium
LC4586,GIFU-HASHIMA Station Logistics 6,136.6712,35.3353,MFS71,LOGISTICS_HUB,medium
LC4587,GIFU-HASHIMA Station Logistics 7,136.6756,35.3072,MFS71,LARGE_DISTRIBUTION,medium
LC4588,GIFU-HASHIMA Station Logistics 8,136.6793,35.3121,MFS71,LARGE_DISTRIBUTION,medium
LC4589,GIFU-HASHIMA Station Logistics 9,136.7027,35.3029,MFS71,LARGE_DISTRIBUTION,medium
LC4590,GIFU-HASHIMA Station Logistics 10,136.6951,35.3277,MFS71,LOGISTICS_HUB,medium
LC4591,GIFU-HASHIMA Station Logistics 11,136.6601,35.3329,MFS71,LARGE_DISTRIBUTION,medium
LC4592,GIFU-HASHIMA Station Logistics 12,136.6817,35.3049,MFS71,LOGISTICS_HUB,medium
LC4593,GIFU-HASHIMA Station Logistics 13,136.6913,35.3192,MFS71,MEDIUM_WAREHOUSE,medium
LC4594,GIFU-HASHIMA Station Logistics 14,136.6946,35.2893,MFS71,LOGISTICS_HUB,medium
LC4595,GIFU-HASHIMA Station Logistics 15,136.7404,35.2909,MFS71,LARGE_DISTRIBUTION,medium
LC4596,MAIBARA Station Logistics 1,136.2941,35.3248,MFS71,MEDIUM_WAREHOUSE,medium
LC4597,MAIBARA Station Logistics 2,136.2564,35.2981,MFS71,LARGE_DISTRIBUTION,medium
LC4598,MAIBARA Station Logistics 3,136.2859,35.3158,MFS71,LARGE_DISTRIBUTION,medium
LC4599,MAIBARA Station Logistics 4,136.2903,35.3171,MFS71,LARGE_DISTRIBUTION,medium
LC4600,MAIBARA Station Logistics 5,136.2841,35.3188,MFS71,MEDIUM_WAREHOUSE,medium
LC4601,MAIBARA Station Logistics 6,136.2821,35.3165,MFS71,MEDIUM_WAREHOUSE,medium
LC4602,MAIBARA Station Logistics 7,136.2902,35.3164,MFS71,LARGE_DISTRIBUTION,medium
LC4603,MAIBARA Station Logistics 8,136.2914,35.3294,MFS71,LARGE_DISTRIBUTION,medium
LC4604,MAIBARA Station Logistics 9,136.3071,35.3032,MFS71,LARGE_DISTRIBUTION,medium
LC4605,MAIBARA Station Logistics 10,136.2697,35.3186,MFS71,MEDIUM_WAREHOUSE,medium
LC4606,MAIBARA Station Logistics 11,136.2928,35.3138,MFS71,LOGISTICS_HUB,medium
LC4607,MAIBARA Station Logistics 12,136.2898,35.3092,MFS71,MEDIUM_WAREHOUSE,medium
LC4608,MAIBARA Station Logistics 13,136.2738,35.2971,MFS71,LOGISTICS_HUB,medium
LC4609,MAIBARA Station Logistics 14,136.2916,35.3105,MFS71,LARGE_DISTRIBUTION,medium
LC4610,MAIBARA Station Logistics 15,136.2681,35.3193,MFS71,MEDIUM_WAREHOUSE,medium
LC4611,KYOTO Station Logistics 1,135.7506,35.0057,MFS71,MEDIUM_WAREHOUSE,medium
LC4612,KYOTO Station Logistics 2,135.7414,34.9991,MFS71,MEDIUM_WAREHOUSE,medium
LC4613,KYOTO Station Logistics 3,135.7497,34.9934,MFS71,LARGE_DISTRIBUTION,medium
LC4614,KYOTO Station Logistics 4,135.7173,35.0035,MFS71,LARGE_DISTRIBUTION,medium
LC4615,KYOTO Station Logistics 5,135.7670,34.9940,MFS71,LARGE_DISTRIBUTION,medium
LC4616,KYOTO Station Logistics 6,135.7327,34.9888,MFS71,LOGISTICS_HUB,medium
LC4617,KYOTO Station Logistics 7,135.7791,35.0154,MFS71,LOGISTICS_HUB,medium
LC4618,KYOTO Station Logistics 8,135.8079,34.9919,MFS71,LOGISTICS_HUB,medium
LC4619,KYOTO Station Logistics 9,135.7383,34.9824,MFS71,MEDIUM_WAREHOUSE,medium
LC4620,KYOTO Station Logistics 10,135.7531,34.9849,MFS71,LARGE_DISTRIBUTION,medium
LC4621,KYOTO Station Logistics 11,135.7830,34.9825,MFS71,MEDIUM_WAREHOUSE,medium
LC4622,KYOTO Station Logistics 12,135.7550,34.9943,MFS71,LARGE_DISTRIBUTION,medium
LC4623,KYOTO Station Logistics 13,135.7682,35.0133,MFS71,MEDIUM_WAREHOUSE,medium
LC4624,KYOTO Station Logistics 14,135.7460,34.9971,MFS71,LOGISTICS_HUB,medium
LC4625,KYOTO Station Logistics 15,135.7646,34.9826,MFS71,MEDIUM_WAREHOUSE,medium
LC4626,SHINOSAKA Station Logistics 1,135.4931,34.7328,MFS71,MEDIUM_WAREHOUSE,medium
LC4627,SHINOSAKA Station Logistics 2,135.4950,34.7692,MFS71,MEDIUM_WAREHOUSE,medium
LC4628,SHINOSAKA Station Logistics 3,135.5198,34.7472,MFS71,LARGE_DISTRIBUTION,medium
LC4629,SHINOSAKA Station Logistics 4,135.5268,34.7433,MFS71,LOGISTICS_HUB,medium
LC4630,SHINOSAKA Station Logistics 5,135.5146,34.7637,MFS71,LOGISTICS_HUB,medium
LC4631,SHINOSAKA Station Logistics 6,135.5301,34.7502,MFS71,MEDIUM_WAREHOUSE,medium
LC4632,SHINOSAKA Station Logistics 7,135.4859,34.7284,MFS71,LOGISTICS_HUB,medium
LC4633,SHINOSAKA Station Logistics 8,135.4871,34.7354,MFS71,MEDIUM_WAREHOUSE,medium
LC4634,SHINOSAKA Station Logistics 9,135.4929,34.7418,MFS71,MEDIUM_WAREHOUSE,medium
LC4635,SHINOSAKA Station Logistics 10,135.4906,34.7267,MFS71,MEDIUM_WAREHOUSE,medium
LC4636,SHINOSAKA Station Logistics 11,135.4838,34.7315,MFS71,LARGE_DISTRIBUTION,medium
LC4637,SHINOSAKA Station Logistics 12,135.4649,34.7581,MFS71,MEDIUM_WAREHOUSE,medium
LC4638,SHINOSAKA Station Logistics 13,135.4911,34.7074,MFS71,LARGE_DISTRIBUTION,medium
LC4639,SHINOSAKA Station Logistics 14,135.5043,34.7033,MFS71,LOGISTICS_HUB,medium
LC4640,SHINOSAKA Station Logistics 15,135.5302,34.7625,MFS71,LARGE_DISTRIBUTION,medium
LC4641,KAKUNODATE Station Logistics 1,140.5724,39.6193,MFS67,LARGE_DISTRIBUTION,medium
LC4642,KAKUNODATE Station Logistics 2,140.5965,39.5846,MFS67,LARGE_DISTRIBUTION,medium
LC4643,KAKUNODATE Station Logistics 3,140.5494,39.5923,MFS67,LARGE_DISTRIBUTION,medium
LC4644,KAKUNODATE Station Logistics 4,140.5658,39.5854,MFS67,MEDIUM_WAREHOUSE,medium
LC4645,KAKUNODATE Station Logistics 5,140.5652,39.6016,MFS67,LOGISTICS_HUB,medium
LC4646,KAKUNODATE Station Logistics 6,140.5652,39.6049,MFS67,LOGISTICS_HUB,medium
LC4647,KAKUNODATE Station Logistics 7,140.5661,39.5947,MFS67,MEDIUM_WAREHOUSE,medium
LC4648,KAKUNODATE Station Logistics 8,140.5705,39.6239,MFS67,LARGE_DISTRIBUTION,medium
LC4649,KAKUNODATE Station Logistics 9,140.5726,39.5944,MFS67,MEDIUM_WAREHOUSE,medium
LC4650,KAKUNODATE Station Logistics 10,140.5617,39.5722,MFS67,LARGE_DISTRIBUTION,medium
LC4651,KAKUNODATE Station Logistics 11,140.5662,39.5864,MFS67,MEDIUM_WAREHOUSE,medium
LC4652,KAKUNODATE Station Logistics 12,140.5614,39.5849,MFS67,LARGE_DISTRIBUTION,medium
LC4653,KAKUNODATE Station Logistics 13,140.5592,39.5868,MFS67,LOGISTICS_HUB,medium
LC4654,KAKUNODATE Station Logistics 14,140.5728,39.6115,MFS67,LARGE_DISTRIBUTION,medium
LC4655,KAKUNODATE Station Logistics 15,140.5602,39.5983,MFS67,MEDIUM_WAREHOUSE,medium
LC4656,TAKAHATA Station Logistics 1,140.1537,37.9967,MFS67,LOGISTICS_HUB,medium
LC4657,TAKAHATA Station Logistics 2,140.1406,37.9918,MFS67,LOGISTICS_HUB,medium
LC4658,TAKAHATA Station Logistics 3,140.1747,37.9799,MFS67,LARGE_DISTRIBUTION,medium
LC4659,TAKAHATA Station Logistics 4,140.1376,37.9879,MFS67,LOGISTICS_HUB,medium
LC4660,TAKAHATA Station Logistics 5,140.1785,37.9548,MFS67,LOGISTICS_HUB,medium
LC4661,TAKAHATA Station Logistics 6,140.1559,38.0050,MFS67,MEDIUM_WAREHOUSE,medium
LC4662,TAKAHATA Station Logistics 7,140.1598,37.9729,MFS67,LOGISTICS_HUB,medium
LC4663,TAKAHATA Station Logistics 8,140.1784,37.9932,MFS67,LOGISTICS_HUB,medium
LC4664,TAKAHATA Station Logistics 9,140.1561,37.9907,MFS67,MEDIUM_WAREHOUSE,medium
LC4665,TAKAHATA Station Logistics 10,140.1455,37.9889,MFS67,LOGISTICS_HUB,medium
LC4666,TAKAHATA Station Logistics 11,140.1546,37.9897,MFS67,MEDIUM_WAREHOUSE,medium
LC4667,TAKAHATA Station Logistics 12,140.1724,38.0036,MFS67,MEDIUM_WAREHOUSE,medium
LC4668,TAKAHATA Station Logistics 13,140.1367,37.9854,MFS67,LOGISTICS_HUB,medium
LC4669,TAKAHATA Station Logistics 14,140.1225,38.0266,MFS67,LARGE_DISTRIBUTION,medium
LC4670,TAKAHATA Station Logistics 15,140.1575,38.0120,MFS67,LOGISTICS_HUB,medium
LC4671,AKAYU Station Logistics 1,140.1525,38.0437,MFS67,LARGE_DISTRIBUTION,medium
LC4672,AKAYU Station Logistics 2,140.1464,38.0452,MFS67,LARGE_DISTRIBUTION,medium
LC4673,AKAYU Station Logistics 3,140.1548,38.0278,MFS67,MEDIUM_WAREHOUSE,medium
LC4674,AKAYU Station Logistics 4,140.1484,38.0509,MFS67,LOGISTICS_HUB,medium
LC4675,AKAYU Station Logistics 5,140.1676,38.0463,MFS67,MEDIUM_WAREHOUSE,medium
LC4676,AKAYU Station Logistics 6,140.1459,38.0548,MFS67,MEDIUM_WAREHOUSE,medium
LC4677,AKAYU Station Logistics 7,140.1369,38.0712,MFS67,MEDIUM_WAREHOUSE,medium
LC4678,AKAYU Station Logistics 8,140.1453,38.0541,MFS67,LOGISTICS_HUB,medium
LC4679,AKAYU Station Logistics 9,140.1615,38.0517,MFS67,LARGE_DISTRIBUTION,medium
LC4680,AKAYU Station Logistics 10,140.1666,38.0265,MFS67,LARGE_DISTRIBUTION,medium
LC4681,AKAYU Station Logistics 11,140.1570,38.0561,MFS67,LOGISTICS_HUB,medium
LC4682,AKAYU Station Logistics 12,140.1460,38.0286,MFS67,LOGISTICS_HUB,medium
LC4683,AKAYU Station Logistics 13,140.1368,38.0402,MFS67,LARGE_DISTRIBUTION,medium
LC4684,AKAYU Station Logistics 14,140.1494,38.0536,MFS67,MEDIUM_WAREHOUSE,medium
LC4685,AKAYU Station Logistics 15,140.1703,38.0376,MFS67,LOGISTICS_HUB,medium
LC4686,KAMINOYAMAONSEN Station Logistics 1,140.2786,38.1533,MFS67,LOGISTICS_HUB,medium
LC4687,KAMINOYAMAONSEN Station Logistics 2,140.2916,38.1499,MFS67,LARGE_DISTRIBUTION,medium
LC4688,KAMINOYAMAONSEN Station Logistics 3,140.2854,38.1358,MFS67,LOGISTICS_HUB,medium
LC4689,KAMINOYAMAONSEN Station Logistics 4,140.2782,38.1504,MFS67,LOGISTICS_HUB,medium
LC4690,KAMINOYAMAONSEN Station Logistics 5,140.2881,38.1635,MFS67,LARGE_DISTRIBUTION,medium
LC4691,KAMINOYAMAONSEN Station Logistics 6,140.2842,38.1670,MFS67,LARGE_DISTRIBUTION,medium
LC4692,KAMINOYAMAONSEN Station Logistics 7,140.2750,38.1549,MFS67,LARGE_DISTRIBUTION,medium
LC4693,KAMINOYAMAONSEN Station Logistics 8,140.2724,38.1503,MFS67,LARGE_DISTRIBUTION,medium
LC4694,KAMINOYAMAONSEN Station Logistics 9,140.2830,38.1298,MFS67,LOGISTICS_HUB,medium
LC4695,KAMINOYAMAONSEN Station Logistics 10,140.2816,38.1660,MFS67,LARGE_DISTRIBUTION,medium
LC4696,KAMINOYAMAONSEN Station Logistics 11,140.2928,38.1730,MFS67,MEDIUM_WAREHOUSE,medium
LC4697,KAMINOYAMAONSEN Station Logistics 12,140.2845,38.1405,MFS67,MEDIUM_WAREHOUSE,medium
LC4698,KAMINOYAMAONSEN Station Logistics 13,140.2771,38.1527,MFS67,LOGISTICS_HUB,medium
LC4699,KAMINOYAMAONSEN Station Logistics 14,140.2659,38.1556,MFS67,LOGISTICS_HUB,medium
LC4700,KAMINOYAMAONSEN Station Logistics 15,140.2900,38.1655,MFS67,LOGISTICS_HUB,medium
LC4701,TENDO Station Logistics 1,140.3818,38.3710,MFS67,LOGISTICS_HUB,medium
LC4702,TENDO Station Logistics 2,140.3655,38.3712,MFS67,LOGISTICS_HUB,medium
LC4703,TENDO Station Logistics 3,140.3658,38.3424,MFS67,MEDIUM_WAREHOUSE,medium
LC4704,TENDO Station Logistics 4,140.3626,38.3552,MFS67,LOGISTICS_HUB,medium
LC4705,TENDO Station Logistics 5,140.3762,38.3769,MFS67,LOGISTICS_HUB,medium
LC4706,TENDO Station Logistics 6,140.3859,38.3660,MFS67,LOGISTICS_HUB,medium
LC4707,TENDO Station Logistics 7,140.3705,38.3616,MFS67,MEDIUM_WAREHOUSE,medium
LC4708,TENDO Station Logistics 8,140.3752,38.3528,MFS67,MEDIUM_WAREHOUSE,medium
LC4709,TENDO Station Logistics 9,140.3920,38.3630,MFS67,LOGISTICS_HUB,medium
LC4710,TENDO Station Logistics 10,140.3664,38.3613,MFS67,LOGISTICS_HUB,medium
LC4711,TENDO Station Logistics 11,140.3875,38.3592,MFS67,LARGE_DISTRIBUTION,medium
LC4712,TENDO Station Logistics 12,140.3689,38.3704,MFS67,MEDIUM_WAREHOUSE,medium
LC4713,TENDO Station Logistics 13,140.3594,38.3312,MFS67,MEDIUM_WAREHOUSE,medium
LC4714,TENDO Station Logistics 14,140.3887,38.3607,MFS67,MEDIUM_WAREHOUSE,medium
LC4715,TENDO Station Logistics 15,140.3488,38.3543,MFS67,MEDIUM_WAREHOUSE,medium
LC4716,SAKURANBOHIGASHINE Station Logistics 1,140.3848,38.4372,MFS67,LARGE_DISTRIBUTION,medium
LC4717,SAKURANBOHIGASHINE Station Logistics 2,140.3979,38.4182,MFS67,LOGISTICS_HUB,medium
LC4718,SAKURANBOHIGASHINE Station Logistics 3,140.3828,38.4283,MFS67,LARGE_DISTRIBUTION,medium
LC4719,SAKURANBOHIGASHINE Station Logistics 4,140.4082,38.4303,MFS67,MEDIUM_WAREHOUSE,medium
LC4720,SAKURANBOHIGASHINE Station Logistics 5,140.3988,38.4439,MFS67,MEDIUM_WAREHOUSE,medium
LC4721,SAKURANBOHIGASHINE Station Logistics 6,140.3793,38.4223,MFS67,LOGISTICS_HUB,medium
LC4722,SAKURANBOHIGASHINE Station Logistics 7,140.3784,38.4060,MFS67,LOGISTICS_HUB,medium
LC4723,SAKURANBOHIGASHINE Station Logistics 8,140.3772,38.4347,MFS67,LARGE_DISTRIBUTION,medium
LC4724,SAKURANBOHIGASHINE Station Logistics 9,140.3782,38.4155,MFS67,MEDIUM_WAREHOUSE,medium
LC4725,SAKURANBOHIGASHINE Station Logistics 10,140.3853,38.4358,MFS67,LARGE_DISTRIBUTION,medium
LC4726,SAKURANBOHIGASHINE Station Logistics 11,140.3984,38.4093,MFS67,LOGISTICS_HUB,medium
LC4727,SAKURANBOHIGASHINE Station Logistics 12,140.3843,38.4377,MFS67,MEDIUM_WAREHOUSE,medium
LC4728,SAKURANBOHIGASHINE Station Logistics 13,140.4003,38.4270,MFS67,LOGISTICS_HUB,medium
LC4729,SAKURANBOHIGASHINE Station Logistics 14,140.3799,38.4356,MFS67,LOGISTICS_HUB,medium
LC4730,SAKURANBOHIGASHINE Station Logistics 15,140.3719,38.4339,MFS67,MEDIUM_WAREHOUSE,medium
LC4731,MURAYAMA Station Logistics 1,140.3850,38.4776,MFS67,LARGE_DISTRIBUTION,medium
LC4732,MURAYAMA Station Logistics 2,140.3841,38.4776,MFS67,MEDIUM_WAREHOUSE,medium
LC4733,MURAYAMA Station Logistics 3,140.3538,38.4792,MFS67,MEDIUM_WAREHOUSE,medium
LC4734,MURAYAMA Station Logistics 4,140.3982,38.4475,MFS67,LOGISTICS_HUB,medium
LC4735,MURAYAMA Station Logistics 5,140.4011,38.4781,MFS67,LOGISTICS_HUB,medium
LC4736,MURAYAMA Station Logistics 6,140.3876,38.4810,MFS67,MEDIUM_WAREHOUSE,medium
LC4737,MURAYAMA Station Logistics 7,140.3836,38.4316,MFS67,MEDIUM_WAREHOUSE,medium
LC4738,MURAYAMA Station Logistics 8,140.3971,38.4786,MFS67,LARGE_DISTRIBUTION,medium
LC4739,MURAYAMA Station Logistics 9,140.3966,38.4788,MFS67,LARGE_DISTRIBUTION,medium
LC4740,MURAYAMA Station Logistics 10,140.4015,38.4825,MFS67,LARGE_DISTRIBUTION,medium
LC4741,MURAYAMA Station Logistics 11,140.3933,38.4785,MFS67,LOGISTICS_HUB,medium
LC4742,MURAYAMA Station Logistics 12,140.3876,38.4799,MFS67,MEDIUM_WAREHOUSE,medium
LC4743,MURAYAMA Station Logistics 13,140.3831,38.4770,MFS67,MEDIUM_WAREHOUSE,medium
LC4744,MURAYAMA Station Logistics 14,140.3952,38.4777,MFS67,LOGISTICS_HUB,medium
LC4745,MURAYAMA Station Logistics 15,140.3833,38.4749,MFS67,MEDIUM_WAREHOUSE,medium
LC4746,OISHIDA Station Logistics 1,140.4023,38.5966,MFS67,LOGISTICS_HUB,medium
LC4747,OISHIDA Station Logistics 2,140.3888,38.6107,MFS67,MEDIUM_WAREHOUSE,medium
LC4748,OISHIDA Station Logistics 3,140.3782,38.5883,MFS67,LARGE_DISTRIBUTION,medium
LC4749,OISHIDA Station Logistics 4,140.3728,38.6090,MFS67,LARGE_DISTRIBUTION,medium
LC4750,OISHIDA Station Logistics 5,140.3781,38.6082,MFS67,MEDIUM_WAREHOUSE,medium
LC4751,OISHIDA Station Logistics 6,140.4040,38.5766,MFS67,LARGE_DISTRIBUTION,medium
LC4752,OISHIDA Station Logistics 7,140.3977,38.5785,MFS67,LOGISTICS_HUB,medium
LC4753,OISHIDA Station Logistics 8,140.3581,38.6002,MFS67,LOGISTICS_HUB,medium
LC4754,OISHIDA Station Logistics 9,140.4013,38.5885,MFS67,LARGE_DISTRIBUTION,medium
LC4755,OISHIDA Station Logistics 10,140.3889,38.6070,MFS67,LOGISTICS_HUB,medium
LC4756,OISHIDA Station Logistics 11,140.3824,38.6157,MFS67,LOGISTICS_HUB,medium
LC4757,OISHIDA Station Logistics 12,140.3829,38.5959,MFS67,LOGISTICS_HUB,medium
LC4758,OISHIDA Station Logistics 13,140.4053,38.6090,MFS67,MEDIUM_WAREHOUSE,medium
LC4759,OISHIDA Station Logistics 14,140.3792,38.5924,MFS67,MEDIUM_WAREHOUSE,medium
LC4760,OISHIDA Station Logistics 15,140.3779,38.5859,MFS67,MEDIUM_WAREHOUSE,medium
LC4761,IIYAMA Station Logistics 1,138.3535,36.8447,MFS68,MEDIUM_WAREHOUSE,medium
LC4762,IIYAMA Station Logistics 2,138.3599,36.8500,MFS68,LARGE_DISTRIBUTION,medium
LC4763,IIYAMA Station Logistics 3,138.3542,36.8448,MFS68,MEDIUM_WAREHOUSE,medium
LC4764,IIYAMA Station Logistics 4,138.3624,36.8514,MFS68,LOGISTICS_HUB,medium
LC4765,IIYAMA Station Logistics 5,138.3623,36.8516,MFS68,MEDIUM_WAREHOUSE,medium
LC4766,IIYAMA Station Logistics 6,138.3516,36.8689,MFS68,LARGE_DISTRIBUTION,medium
LC4767,IIYAMA Station Logistics 7,138.3883,36.8552,MFS68,LOGISTICS_HUB,medium
LC4768,IIYAMA Station Logistics 8,138.3555,36.8412,MFS68,MEDIUM_WAREHOUSE,medium
LC4769,IIYAMA Station Logistics 9,138.3654,36.8502,MFS68,LARGE_DISTRIBUTION,medium
LC4770,IIYAMA Station Logistics 10,138.3760,36.8529,MFS68,LARGE_DISTRIBUTION,medium
LC4771,IIYAMA Station Logistics 11,138.3571,36.8424,MFS68,MEDIUM_WAREHOUSE,medium
LC4772,IIYAMA Station Logistics 12,138.3477,36.8352,MFS68,LOGISTICS_HUB,medium
LC4773,IIYAMA Station Logistics 13,138.3581,36.8456,MFS68,LARGE_DISTRIBUTION,medium
LC4774,IIYAMA Station Logistics 14,138.3647,36.8538,MFS68,LARGE_DISTRIBUTION,medium
LC4775,IIYAMA Station Logistics 15,138.3751,36.8527,MFS68,LARGE_DISTRIBUTION,medium
LC4776,JOETSUMYOKO Station Logistics 1,138.2548,37.0736,MFS68,MEDIUM_WAREHOUSE,medium
LC4777,JOETSUMYOKO Station Logistics 2,138.2428,37.0829,MFS68,LOGISTICS_HUB,medium
LC4778,JOETSUMYOKO Station Logistics 3,138.2563,37.0738,MFS68,MEDIUM_WAREHOUSE,medium
LC4779,JOETSUMYOKO Station Logistics 4,138.2865,37.0790,MFS68,MEDIUM_WAREHOUSE,medium
LC4780,JOETSUMYOKO Station Logistics 5,138.2261,37.1037,MFS68,LOGISTICS_HUB,medium
LC4781,JOETSUMYOKO Station Logistics 6,138.2399,37.1036,MFS68,LOGISTICS_HUB,medium
LC4782,JOETSUMYOKO Station Logistics 7,138.2617,37.1061,MFS68,MEDIUM_WAREHOUSE,medium
LC4783,JOETSUMYOKO Station Logistics 8,138.2621,37.0744,MFS68,MEDIUM_WAREHOUSE,medium
LC4784,JOETSUMYOKO Station Logistics 9,138.2535,37.0795,MFS68,MEDIUM_WAREHOUSE,medium
LC4785,JOETSUMYOKO Station Logistics 10,138.2455,37.0815,MFS68,LARGE_DISTRIBUTION,medium
LC4786,JOETSUMYOKO Station Logistics 11,138.2362,37.0979,MFS68,MEDIUM_WAREHOUSE,medium
LC4787,JOETSUMYOKO Station Logistics 12,138.2712,37.0838,MFS68,LOGISTICS_HUB,medium
LC4788,JOETSUMYOKO Station Logistics 13,138.2452,37.0828,MFS68,LOGISTICS_HUB,medium
LC4789,JOETSUMYOKO Station Logistics 14,138.2554,37.0870,MFS68,LARGE_DISTRIBUTION,medium
LC4790,JOETSUMYOKO Station Logistics 15,138.2369,37.0547,MFS68,MEDIUM_WAREHOUSE,medium
LC4791,ITOIGAWA Station Logistics 1,137.8693,37.0487,MFS68,LOGISTICS_HUB,medium
LC4792,ITOIGAWA Station Logistics 2,137.8641,37.0383,MFS68,LARGE_DISTRIBUTION,medium
LC4793,ITOIGAWA Station Logistics 3,137.8464,37.0427,MFS68,MEDIUM_WAREHOUSE,medium
LC4794,ITOIGAWA Station Logistics 4,137.8704,37.0478,MFS68,MEDIUM_WAREHOUSE,medium
LC4795,ITOIGAWA Station Logistics 5,137.8379,37.0401,MFS68,LARGE_DISTRIBUTION,medium
LC4796,ITOIGAWA Station Logistics 6,137.8800,37.0450,MFS68,MEDIUM_WAREHOUSE,medium
LC4797,ITOIGAWA Station Logistics 7,137.8536,37.0321,MFS68,LARGE_DISTRIBUTION,medium
LC4798,ITOIGAWA Station Logistics 8,137.8568,37.0350,MFS68,LOGISTICS_HUB,medium
LC4799,ITOIGAWA Station Logistics 9,137.8843,37.0364,MFS68,LOGISTICS_HUB,medium
LC4800,ITOIGAWA Station Logistics 10,137.8444,37.0377,MFS68,MEDIUM_WAREHOUSE,medium
LC4801,ITOIGAWA Station Logistics 11,137.8278,37.0358,MFS68,LOGISTICS_HUB,medium
LC4802,ITOIGAWA Station Logistics 12,137.8821,37.0459,MFS68,MEDIUM_WAREHOUSE,medium
LC4803,ITOIGAWA Station Logistics 13,137.8556,37.0402,MFS68,LARGE_DISTRIBUTION,medium
LC4804,ITOIGAWA Station Logistics 14,137.8673,37.0430,MFS68,LARGE_DISTRIBUTION,medium
LC4805,ITOIGAWA Station Logistics 15,137.8905,37.0483,MFS68,LOGISTICS_HUB,medium
LC4806,KUROBEUNAZUKIONSEN Station Logistics 1,137.4674,36.8890,MFS68,MEDIUM_WAREHOUSE,medium
LC4807,KUROBEUNAZUKIONSEN Station Logistics 2,137.4916,36.8722,MFS68,LARGE_DISTRIBUTION,medium
LC4808,KUROBEUNAZUKIONSEN Station Logistics 3,137.4514,36.8733,MFS68,LARGE_DISTRIBUTION,medium
LC4809,KUROBEUNAZUKIONSEN Station Logistics 4,137.4956,36.8725,MFS68,LOGISTICS_HUB,medium
LC4810,KUROBEUNAZUKIONSEN Station Logistics 5,137.4843,36.8786,MFS68,MEDIUM_WAREHOUSE,medium
LC4811,KUROBEUNAZUKIONSEN Station Logistics 6,137.4770,36.8526,MFS68,LARGE_DISTRIBUTION,medium
LC4812,KUROBEUNAZUKIONSEN Station Logistics 7,137.5002,36.8668,MFS68,LOGISTICS_HUB,medium
LC4813,KUROBEUNAZUKIONSEN Station Logistics 8,137.4606,36.8799,MFS68,LARGE_DISTRIBUTION,medium
LC4814,KUROBEUNAZUKIONSEN Station Logistics 9,137.4731,36.8745,MFS68,MEDIUM_WAREHOUSE,medium
LC4815,KUROBEUNAZUKIONSEN Station Logistics 10,137.4574,36.8840,MFS68,LOGISTICS_HUB,medium
LC4816,KUROBEUNAZUKIONSEN Station Logistics 11,137.4498,36.8554,MFS68,LARGE_DISTRIBUTION,medium
LC4817,KUROBEUNAZUKIONSEN Station Logistics 12,137.4532,36.8686,MFS68,LOGISTICS_HUB,medium
LC4818,KUROBEUNAZUKIONSEN Station Logistics 13,137.4820,36.8752,MFS68,MEDIUM_WAREHOUSE,medium
LC4819,KUROBEUNAZUKIONSEN Station Logistics 14,137.4818,36.8709,MFS68,LARGE_DISTRIBUTION,medium
LC4820,KUROBEUNAZUKIONSEN Station Logistics 15,137.5078,36.8630,MFS68,LOGISTICS_HUB,medium
LC4821,TOYAMA Station Logistics 1,137.2182,36.7043,MFS68,MEDIUM_WAREHOUSE,medium
LC4822,TOYAMA Station Logistics 2,137.2149,36.7057,MFS68,MEDIUM_WAREHOUSE,medium
LC4823,TOYAMA Station Logistics 3,137.2327,36.6840,MFS68,MEDIUM_WAREHOUSE,medium
LC4824,TOYAMA Station Logistics 4,137.214051,36.757789,MFS68,MEDIUM_WAREHOUSE,medium
LC4825,TOYAMA Station Logistics 5,137.2323,36.6783,MFS68,LARGE_DISTRIBUTION,medium
LC4826,TOYAMA Station Logistics 6,137.2073,36.6967,MFS68,LARGE_DISTRIBUTION,medium
LC4827,TOYAMA Station Logistics 7,137.1958,36.7127,MFS68,MEDIUM_WAREHOUSE,medium
LC4828,TOYAMA Station Logistics 8,137.2110,36.7047,MFS68,MEDIUM_WAREHOUSE,medium
LC4829,TOYAMA Station Logistics 9,137.2131,36.7176,MFS68,LOGISTICS_HUB,medium
LC4830,TOYAMA Station Logistics 10,137.2261,36.6973,MFS68,MEDIUM_WAREHOUSE,medium
LC4831,TOYAMA Station Logistics 11,137.2098,36.6756,MFS68,LOGISTICS_HUB,medium
LC4832,TOYAMA Station Logistics 12,137.2088,36.7035,MFS68,LOGISTICS_HUB,medium
LC4833,TOYAMA Station Logistics 13,137.2290,36.6936,MFS68,MEDIUM_WAREHOUSE,medium
LC4834,TOYAMA Station Logistics 14,137.2395,36.7115,MFS68,MEDIUM_WAREHOUSE,medium
LC4835,TOYAMA Station Logistics 15,137.1904,36.7072,MFS68,LOGISTICS_HUB,medium
LC4836,SHINTAKAOKA Station Logistics 1,137.0149,36.7209,MFS68,LOGISTICS_HUB,medium
LC4837,SHINTAKAOKA Station Logistics 2,136.9955,36.7194,MFS68,MEDIUM_WAREHOUSE,medium
LC4838,SHINTAKAOKA Station Logistics 3,137.0067,36.7333,MFS68,LOGISTICS_HUB,medium
LC4839,SHINTAKAOKA Station Logistics 4,136.9939,36.7197,MFS68,LOGISTICS_HUB,medium
LC4840,SHINTAKAOKA Station Logistics 5,137.0221,36.7275,MFS68,LOGISTICS_HUB,medium
LC4841,SHINTAKAOKA Station Logistics 6,137.0123,36.7258,MFS68,MEDIUM_WAREHOUSE,medium
LC4842,SHINTAKAOKA Station Logistics 7,137.0150,36.7505,MFS68,MEDIUM_WAREHOUSE,medium
LC4843,SHINTAKAOKA Station Logistics 8,136.9782,36.7379,MFS68,LARGE_DISTRIBUTION,medium
LC4844,SHINTAKAOKA Station Logistics 9,137.0024,36.7332,MFS68,MEDIUM_WAREHOUSE,medium
LC4845,SHINTAKAOKA Station Logistics 10,137.0109,36.7187,MFS68,MEDIUM_WAREHOUSE,medium
LC4846,SHINTAKAOKA Station Logistics 11,136.9922,36.7499,MFS68,LOGISTICS_HUB,medium
LC4847,SHINTAKAOKA Station Logistics 12,137.0257,36.7285,MFS68,LOGISTICS_HUB,medium
LC4848,SHINTAKAOKA Station Logistics 13,137.0108,36.7158,MFS68,LARGE_DISTRIBUTION,medium
LC4849,SHINTAKAOKA Station Logistics 14,136.9995,36.7271,MFS68,LARGE_DISTRIBUTION,medium
LC4850,SHINTAKAOKA Station Logistics 15,136.9889,36.7304,MFS68,MEDIUM_WAREHOUSE,medium
LC4851,Tokyo To Logistics P1,139.7347,35.6957,MFS01,LARGE_DISTRIBUTION,medium
LC4852,Tokyo To Logistics P1,139.7589,35.6700,MFS01,MEDIUM_WAREHOUSE,medium
LC4853,Tokyo To Logistics P1,139.7543,35.6466,MFS01,MEDIUM_WAREHOUSE,medium
LC4854,Tokyo To Logistics P2,139.7734,35.6832,MFS01,LOGISTICS_HUB,medium
LC4855,Tokyo To Logistics P2,139.8033,35.6738,MFS01,LOGISTICS_HUB,medium
LC4856,Tokyo To Logistics P2,139.7549,35.6446,MFS01,MEDIUM_WAREHOUSE,medium
LC4857,Tokyo To Logistics P3,139.7634,35.6942,MFS01,LOGISTICS_HUB,medium
LC4858,Tokyo To Logistics P1,139.7010,35.7017,MFS03,MEDIUM_WAREHOUSE,medium
LC4859,Tokyo To Logistics P1,139.6834,35.6815,MFS03,LARGE_DISTRIBUTION,medium
LC4860,Tokyo To Logistics P1,139.6621,35.6236,MFS03,LOGISTICS_HUB,medium
LC4861,Tokyo To Logistics P1,139.6344,35.6536,MFS03,MEDIUM_WAREHOUSE,medium
LC4862,Tokyo To Logistics P2,139.7126,35.7069,MFS03,LARGE_DISTRIBUTION,medium
LC4863,Tokyo To Logistics P2,139.6919,35.6655,MFS03,LARGE_DISTRIBUTION,medium
LC4864,Tokyo To Logistics P2,139.7029,35.6137,MFS03,LARGE_DISTRIBUTION,medium
LC4865,Tokyo To Logistics P2,139.6274,35.6393,MFS03,LOGISTICS_HUB,medium
LC4866,Tokyo To Logistics P3,139.7122,35.6997,MFS03,MEDIUM_WAREHOUSE,medium
LC4867,Tokyo To Logistics P3,139.6878,35.6669,MFS03,MEDIUM_WAREHOUSE,medium
LC4868,Tokyo To Logistics P3,139.6603,35.6307,MFS03,MEDIUM_WAREHOUSE,medium
LC4869,Tokyo To Logistics P3,139.6454,35.6533,MFS03,LARGE_DISTRIBUTION,medium
LC4870,Tokyo To Logistics P4,139.7140,35.6876,MFS03,LOGISTICS_HUB,medium
LC4871,Tokyo To Logistics P4,139.6837,35.6883,MFS03,LOGISTICS_HUB,medium
LC4872,Tokyo To Logistics P4,139.6734,35.6416,MFS03,LOGISTICS_HUB,medium
LC4873,Tokyo To Logistics P4,139.6232,35.6379,MFS03,MEDIUM_WAREHOUSE,medium
LC4874,Tokyo To Logistics P5,139.7195,35.7158,MFS03,MEDIUM_WAREHOUSE,medium
LC4875,Tokyo To Logistics P5,139.6791,35.6592,MFS03,LARGE_DISTRIBUTION,medium
LC4876,Tokyo To Logistics P5,139.6904,35.6296,MFS03,MEDIUM_WAREHOUSE,medium
LC4877,Tokyo To Logistics P5,139.6269,35.6465,MFS03,LARGE_DISTRIBUTION,medium
LC4878,Tokyo To Logistics P6,139.7192,35.6881,MFS03,MEDIUM_WAREHOUSE,medium
LC4879,Tokyo To Logistics P6,139.7117,35.6588,MFS03,LOGISTICS_HUB,medium
LC4880,Tokyo To Logistics P6,139.6951,35.6296,MFS03,MEDIUM_WAREHOUSE,medium
LC4881,Tokyo To Logistics P6,139.6338,35.6375,MFS03,MEDIUM_WAREHOUSE,medium
LC4882,Tokyo To Logistics P7,139.7221,35.6738,MFS03,LOGISTICS_HUB,medium
LC4883,Tokyo To Logistics P7,139.6905,35.6711,MFS03,MEDIUM_WAREHOUSE,medium
LC4884,Tokyo To Logistics P7,139.6683,35.6294,MFS03,LARGE_DISTRIBUTION,medium
LC4885,Tokyo To Logistics P7,139.6376,35.6406,MFS03,MEDIUM_WAREHOUSE,medium
LC4886,Tokyo To Logistics P8,139.7011,35.7248,MFS03,LARGE_DISTRIBUTION,medium
LC4887,Tokyo To Logistics P8,139.6880,35.6713,MFS03,MEDIUM_WAREHOUSE,medium
LC4888,Tokyo To Logistics P8,139.6703,35.6466,MFS03,LOGISTICS_HUB,medium
LC4889,Tokyo To Logistics P8,139.6688,35.6129,MFS03,LARGE_DISTRIBUTION,medium
LC4890,Tokyo To Logistics P9,139.6964,35.7165,MFS03,MEDIUM_WAREHOUSE,medium
LC4891,Tokyo To Logistics P9,139.7108,35.6893,MFS03,LARGE_DISTRIBUTION,medium
LC4892,Tokyo To Logistics P9,139.6944,35.6477,MFS03,LARGE_DISTRIBUTION,medium
LC4893,Tokyo To Logistics P9,139.6127,35.6315,MFS03,MEDIUM_WAREHOUSE,medium
LC4894,Tokyo To Logistics P10,139.7102,35.7036,MFS03,LOGISTICS_HUB,medium
LC4895,Tokyo To Logistics P10,139.7044,35.6710,MFS03,LOGISTICS_HUB,medium
LC4896,Tokyo To Logistics P10,139.7029,35.6359,MFS03,MEDIUM_WAREHOUSE,medium
LC4897,Tokyo To Logistics P10,139.6353,35.6278,MFS03,MEDIUM_WAREHOUSE,medium
LC4898,Tokyo To Logistics P11,139.7055,35.7201,MFS03,MEDIUM_WAREHOUSE,medium
LC4899,Tokyo To Logistics P11,139.6866,35.6623,MFS03,MEDIUM_WAREHOUSE,medium
LC4900,Tokyo To Logistics P11,139.7281,35.6210,MFS03,LOGISTICS_HUB,medium
LC4901,Tokyo To Logistics P11,139.6565,35.6372,MFS03,LOGISTICS_HUB,medium
LC4902,Tokyo To Logistics P12,139.7310,35.7050,MFS03,MEDIUM_WAREHOUSE,medium
LC4903,Tokyo To Logistics P12,139.7082,35.6691,MFS03,LARGE_DISTRIBUTION,medium
LC4904,Tokyo To Logistics P12,139.6968,35.6266,MFS03,MEDIUM_WAREHOUSE,medium
LC4905,Tokyo To Logistics P12,139.6271,35.6231,MFS03,MEDIUM_WAREHOUSE,medium
LC4906,Tokyo To Logistics P13,139.7345,35.7125,MFS03,MEDIUM_WAREHOUSE,medium
LC4907,Tokyo To Logistics P13,139.6884,35.6677,MFS03,LOGISTICS_HUB,medium
LC4908,Tokyo To Logistics P1,139.7716,35.7445,MFS05,LARGE_DISTRIBUTION,medium
LC4909,Tokyo To Logistics P1,139.8025,35.7895,MFS05,MEDIUM_WAREHOUSE,medium
LC4910,Tokyo To Logistics P1,139.8875,35.7254,MFS05,MEDIUM_WAREHOUSE,medium
LC4911,Tokyo To Logistics P1,139.8594,35.6401,MFS05,LOGISTICS_HUB,medium
LC4912,Tokyo To Logistics P2,139.789736,35.648936,MFS05,LOGISTICS_HUB,medium
LC4913,Tokyo To Logistics P2,139.7866,35.7714,MFS05,MEDIUM_WAREHOUSE,medium
LC4914,Tokyo To Logistics P2,139.8519,35.7667,MFS05,LARGE_DISTRIBUTION,medium
LC4915,Tokyo To Logistics P2,139.9125,35.6484,MFS05,LOGISTICS_HUB,medium
LC4916,Tokyo To Logistics P3,139.7858,35.7270,MFS05,LOGISTICS_HUB,medium
LC4917,Tokyo To Logistics P3,139.7956,35.7933,MFS05,LARGE_DISTRIBUTION,medium
LC4918,Tokyo To Logistics P3,139.8373,35.7638,MFS05,LOGISTICS_HUB,medium
LC4919,Tokyo To Logistics P3,139.8688,35.6727,MFS05,LOGISTICS_HUB,medium
LC4920,Tokyo To Logistics P4,139.7468,35.7154,MFS05,MEDIUM_WAREHOUSE,medium
LC4921,Tokyo To Logistics P4,139.7797,35.7922,MFS05,LARGE_DISTRIBUTION,medium
LC4922,Tokyo To Logistics P4,139.8406,35.7457,MFS05,LOGISTICS_HUB,medium
LC4923,Tokyo To Logistics P4,139.8687,35.6592,MFS05,MEDIUM_WAREHOUSE,medium
LC4924,Tokyo To Logistics P5,139.7631,35.7422,MFS05,LOGISTICS_HUB,medium
LC4925,Tokyo To Logistics P5,139.7695,35.7718,MFS05,LOGISTICS_HUB,medium
LC4926,Tokyo To Logistics P5,139.8392,35.7446,MFS05,LOGISTICS_HUB,medium
LC4927,Tokyo To Logistics P5,139.8851,35.6396,MFS05,LARGE_DISTRIBUTION,medium
LC4928,Tokyo To Logistics P6,139.7926,35.7308,MFS05,LARGE_DISTRIBUTION,medium
LC4929,Tokyo To Logistics P6,139.7715,35.7869,MFS05,LARGE_DISTRIBUTION,medium
LC4930,Tokyo To Logistics P6,139.8689,35.7520,MFS05,MEDIUM_WAREHOUSE,medium
LC4931,Tokyo To Logistics P6,139.8238,35.6327,MFS05,MEDIUM_WAREHOUSE,medium
LC4932,Tokyo To Logistics P7,139.7985,35.7323,MFS05,LOGISTICS_HUB,medium
LC4933,Tokyo To Logistics P7,139.7881,35.7838,MFS05,LARGE_DISTRIBUTION,medium
LC4934,Tokyo To Logistics P7,139.8484,35.7779,MFS05,LOGISTICS_HUB,medium
LC4935,Tokyo To Logistics P7,139.8744,35.6457,MFS05,MEDIUM_WAREHOUSE,medium
LC4936,Tokyo To Logistics P8,139.8149,35.7310,MFS05,LARGE_DISTRIBUTION,medium
LC4937,Tokyo To Logistics P8,139.7916,35.7527,MFS05,LOGISTICS_HUB,medium
LC4938,Tokyo To Logistics P8,139.8618,35.7602,MFS05,LOGISTICS_HUB,medium
LC4939,Tokyo To Logistics P8,139.8696,35.6512,MFS05,LARGE_DISTRIBUTION,medium
LC4940,Tokyo To Logistics P9,139.7964,35.7405,MFS05,LOGISTICS_HUB,medium
LC4941,Tokyo To Logistics P9,139.8191,35.7735,MFS05,LARGE_DISTRIBUTION,medium
LC4942,Tokyo To Logistics P9,139.8622,35.7366,MFS05,MEDIUM_WAREHOUSE,medium
LC4943,Tokyo To Logistics P9,139.8938,35.6397,MFS05,LOGISTICS_HUB,medium
LC4944,Tokyo To Logistics P10,139.7762,35.7232,MFS05,LARGE_DISTRIBUTION,medium
LC4945,Tokyo To Logistics P10,139.8047,35.7774,MFS05,MEDIUM_WAREHOUSE,medium
LC4946,Tokyo To Logistics P10,139.8584,35.7325,MFS05,MEDIUM_WAREHOUSE,medium
LC4947,Tokyo To Logistics P10,139.8771,35.6536,MFS05,LARGE_DISTRIBUTION,medium
LC4948,Tokyo To Logistics P11,139.7759,35.7255,MFS05,LARGE_DISTRIBUTION,medium
LC4949,Tokyo To Logistics P11,139.8038,35.7828,MFS05,MEDIUM_WAREHOUSE,medium
LC4950,Tokyo To Logistics P11,139.8813,35.7400,MFS05,MEDIUM_WAREHOUSE,medium
LC4951,Tokyo To Logistics P11,139.8972,35.6617,MFS05,MEDIUM_WAREHOUSE,medium
LC4952,Tokyo To Logistics P12,139.7887,35.7346,MFS05,LARGE_DISTRIBUTION,medium
LC4953,Tokyo To Logistics P1,139.7357,35.7092,MFS06,LARGE_DISTRIBUTION,medium
LC4954,Tokyo To Logistics P1,139.7062,35.7450,MFS06,LARGE_DISTRIBUTION,medium
LC4955,Tokyo To Logistics P1,139.7278,35.7746,MFS06,LOGISTICS_HUB,medium
LC4956,Tokyo To Logistics P1,139.6901,35.7655,MFS06,LARGE_DISTRIBUTION,medium
LC4957,Tokyo To Logistics P2,139.7318,35.6957,MFS06,MEDIUM_WAREHOUSE,medium
LC4958,Tokyo To Logistics P2,139.7167,35.7527,MFS06,MEDIUM_WAREHOUSE,medium
LC4959,Tokyo To Logistics P2,139.7164,35.7851,MFS06,LARGE_DISTRIBUTION,medium
LC4960,Tokyo To Logistics P2,139.7051,35.8046,MFS06,LARGE_DISTRIBUTION,medium
LC4961,Tokyo To Logistics P3,139.7538,35.7354,MFS06,MEDIUM_WAREHOUSE,medium
LC4962,Tokyo To Logistics P3,139.6977,35.7353,MFS06,LOGISTICS_HUB,medium
LC4963,Tokyo To Logistics P3,139.7130,35.7612,MFS06,LARGE_DISTRIBUTION,medium
LC4964,Tokyo To Logistics P3,139.6761,35.7697,MFS06,LOGISTICS_HUB,medium
LC4965,Tokyo To Logistics P4,139.7601,35.7346,MFS06,LARGE_DISTRIBUTION,medium
LC4966,Tokyo To Logistics P4,139.6970,35.7268,MFS06,LARGE_DISTRIBUTION,medium
LC4967,Tokyo To Logistics P4,139.7302,35.7654,MFS06,LARGE_DISTRIBUTION,medium
LC4968,Tokyo To Logistics P4,139.6556,35.7745,MFS06,MEDIUM_WAREHOUSE,medium
LC4969,Tokyo To Logistics P5,139.7606,35.7433,MFS06,LOGISTICS_HUB,medium
LC4970,Tokyo To Logistics P5,139.6871,35.7184,MFS06,LOGISTICS_HUB,medium
LC4971,Tokyo To Logistics P5,139.7209,35.7623,MFS06,MEDIUM_WAREHOUSE,medium
LC4972,Tokyo To Logistics P5,139.6780,35.7722,MFS06,MEDIUM_WAREHOUSE,medium
LC4973,Tokyo To Logistics P6,139.7338,35.7165,MFS06,LARGE_DISTRIBUTION,medium
LC4974,Tokyo To Logistics P6,139.7203,35.7200,MFS06,LARGE_DISTRIBUTION,medium
LC4975,Tokyo To Logistics P6,139.7520,35.7453,MFS06,LOGISTICS_HUB,medium
LC4976,Tokyo To Logistics P6,139.6486,35.7560,MFS06,LARGE_DISTRIBUTION,medium
LC4977,Tokyo To Logistics P7,139.7279,35.7192,MFS06,MEDIUM_WAREHOUSE,medium
LC4978,Tokyo To Logistics P7,139.7312,35.7579,MFS06,MEDIUM_WAREHOUSE,medium
LC4979,Tokyo To Logistics P7,139.7198,35.7630,MFS06,LOGISTICS_HUB,medium
LC4980,Tokyo To Logistics P7,139.6902,35.7774,MFS06,MEDIUM_WAREHOUSE,medium
LC4981,Tokyo To Logistics P8,139.7467,35.7353,MFS06,LOGISTICS_HUB,medium
LC4982,Tokyo To Logistics P8,139.7457,35.7311,MFS06,LARGE_DISTRIBUTION,medium
LC4983,Tokyo To Logistics P8,139.7341,35.7747,MFS06,LARGE_DISTRIBUTION,medium
LC4984,Tokyo To Logistics P8,139.6784,35.7701,MFS06,LOGISTICS_HUB,medium
LC4985,Tokyo To Logistics P9,139.7844,35.7144,MFS06,LOGISTICS_HUB,medium
LC4986,Tokyo To Logistics P9,139.7085,35.7326,MFS06,LARGE_DISTRIBUTION,medium
LC4987,Tokyo To Logistics P9,139.7289,35.7637,MFS06,LARGE_DISTRIBUTION,medium
LC4988,Tokyo To Logistics P9,139.6859,35.7681,MFS06,LARGE_DISTRIBUTION,medium
LC4989,Tokyo To Logistics P10,139.7591,35.7182,MFS06,LOGISTICS_HUB,medium
LC4990,Tokyo To Logistics P10,139.7057,35.7315,MFS06,LOGISTICS_HUB,medium
LC4991,Tokyo To Logistics P10,139.7369,35.7646,MFS06,LOGISTICS_HUB,medium
LC4992,Tokyo To Logistics P10,139.6850,35.7871,MFS06,MEDIUM_WAREHOUSE,medium
LC4993,Tokyo To Logistics P11,139.7428,35.7382,MFS06,LOGISTICS_HUB,medium
LC4994,Tokyo To Logistics P11,139.7223,35.7321,MFS06,MEDIUM_WAREHOUSE,medium
LC4995,Tokyo To Logistics P11,139.7231,35.7627,MFS06,LARGE_DISTRIBUTION,medium
LC4996,Tokyo To Logistics P11,139.6577,35.7731,MFS06,LARGE_DISTRIBUTION,medium
LC4997,Tokyo To Logistics P12,139.7566,35.7037,MFS06,LOGISTICS_HUB,medium
LC4998,Tokyo To Logistics P1,139.5550,35.6634,MFS08,MEDIUM_WAREHOUSE,medium
LC4999,Tokyo To Logistics P1,139.5450,35.7533,MFS08,MEDIUM_WAREHOUSE,medium
LC5000,Tokyo To Logistics P1,139.5056,35.6702,MFS08,LOGISTICS_HUB,medium
LC5001,Tokyo To Logistics P1,139.5536,35.7166,MFS08,MEDIUM_WAREHOUSE,medium
LC5002,Tokyo To Logistics P1,139.5586,35.6745,MFS08,MEDIUM_WAREHOUSE,medium
LC5003,Tokyo To Logistics P1,139.5857,35.6391,MFS08,LOGISTICS_HUB,medium
LC5004,Tokyo To Logistics P1,139.5113,35.6785,MFS08,MEDIUM_WAREHOUSE,medium
LC5005,Tokyo To Logistics P1,139.4921,35.7133,MFS08,LARGE_DISTRIBUTION,medium
LC5006,Tokyo To Logistics P1,139.4821,35.7016,MFS08,LARGE_DISTRIBUTION,medium
LC5007,Tokyo To Logistics P1,139.4578,35.6831,MFS08,MEDIUM_WAREHOUSE,medium
LC5008,Tokyo To Logistics P2,139.5397,35.6575,MFS08,LOGISTICS_HUB,medium
LC5009,Tokyo To Logistics P2,139.5345,35.7219,MFS08,MEDIUM_WAREHOUSE,medium
LC5010,Tokyo To Logistics P1,139.3639,35.7650,MFS10,LARGE_DISTRIBUTION,medium
LC5011,Tokyo To Logistics P1,139.3248,35.7568,MFS10,MEDIUM_WAREHOUSE,medium
LC5012,Tokyo To Logistics P1,139.3071,35.7788,MFS10,LOGISTICS_HUB,medium
LC5013,Tokyo To Logistics P1,139.2241,35.7278,MFS10,LARGE_DISTRIBUTION,medium
LC5014,Tokyo To Logistics P1,139.2419,35.7317,MFS10,MEDIUM_WAREHOUSE,medium
LC5015,Tokyo To Logistics P1,139.2490,35.7898,MFS10,MEDIUM_WAREHOUSE,medium
LC5016,Tokyo To Logistics P1,139.0645,35.7328,MFS10,LOGISTICS_HUB,medium
LC5017,Tokyo To Logistics P1,139.0433,35.8417,MFS10,LARGE_DISTRIBUTION,medium
LC5018,Tokyo To Logistics P2,139.3507,35.7665,MFS10,LOGISTICS_HUB,medium
LC5019,Tokyo To Logistics P2,139.3248,35.7599,MFS10,MEDIUM_WAREHOUSE,medium
LC5020,Tokyo To Logistics P2,139.3163,35.7693,MFS10,MEDIUM_WAREHOUSE,medium
LC5021,Tokyo To Logistics P2,139.2315,35.7300,MFS10,MEDIUM_WAREHOUSE,medium
LC5022,Tokyo To Logistics P2,139.2254,35.7500,MFS10,LOGISTICS_HUB,medium
LC5023,Tokyo To Logistics P2,139.2356,35.7869,MFS10,LARGE_DISTRIBUTION,medium
LC5024,Tokyo To Logistics P2,139.1081,35.7254,MFS10,MEDIUM_WAREHOUSE,medium
LC5025,Tokyo To Logistics P2,139.0726,35.8320,MFS10,LOGISTICS_HUB,medium
LC5026,Tokyo To Logistics P3,139.3392,35.7798,MFS10,LOGISTICS_HUB,medium
LC5027,Tokyo To Logistics P3,139.2996,35.7409,MFS10,LARGE_DISTRIBUTION,medium
LC5028,Tokyo To Logistics P3,139.3085,35.7398,MFS10,LOGISTICS_HUB,medium
LC5029,Tokyo To Logistics P3,139.2315,35.7448,MFS10,MEDIUM_WAREHOUSE,medium
LC5030,Tokyo To Logistics P3,139.2269,35.7476,MFS10,LOGISTICS_HUB,medium
LC5031,Tokyo To Logistics P3,139.2407,35.8264,MFS10,LOGISTICS_HUB,medium
LC5032,Tokyo To Logistics P3,139.1152,35.7284,MFS10,MEDIUM_WAREHOUSE,medium
LC5033,Tokyo To Logistics P3,139.0550,35.8226,MFS10,LARGE_DISTRIBUTION,medium
LC5034,Tokyo To Logistics P4,139.3251,35.7764,MFS10,LARGE_DISTRIBUTION,medium
LC5035,Tokyo To Logistics P4,139.3314,35.7503,MFS10,MEDIUM_WAREHOUSE,medium
LC5036,Tokyo To Logistics P4,139.3233,35.7467,MFS10,MEDIUM_WAREHOUSE,medium
LC5037,Tokyo To Logistics P4,139.2051,35.7238,MFS10,LARGE_DISTRIBUTION,medium
LC5038,Tokyo To Logistics P4,139.2158,35.7572,MFS10,LOGISTICS_HUB,medium
LC5039,Tokyo To Logistics P4,139.2233,35.7973,MFS10,MEDIUM_WAREHOUSE,medium
LC5040,Tokyo To Logistics P4,139.0831,35.7134,MFS10,LARGE_DISTRIBUTION,medium
LC5041,Tokyo To Logistics P4,139.0822,35.8222,MFS10,MEDIUM_WAREHOUSE,medium
LC5042,Tokyo To Logistics P5,139.3440,35.7750,MFS10,MEDIUM_WAREHOUSE,medium
LC5043,Tokyo To Logistics P5,139.3205,35.7467,MFS10,LOGISTICS_HUB,medium
LC5044,Tokyo To Logistics P5,139.3163,35.7571,MFS10,MEDIUM_WAREHOUSE,medium
LC5045,Tokyo To Logistics P5,139.2323,35.7237,MFS10,MEDIUM_WAREHOUSE,medium
LC5046,Tokyo To Logistics P5,139.2299,35.7310,MFS10,LARGE_DISTRIBUTION,medium
LC5047,Tokyo To Logistics P5,139.2286,35.7897,MFS10,LOGISTICS_HUB,medium
LC5048,Tokyo To Logistics P5,139.0978,35.7471,MFS10,MEDIUM_WAREHOUSE,medium
LC5049,Kanagawa Ken Logistics P1,139.2653,35.5655,MFS18,MEDIUM_WAREHOUSE,medium
LC5050,Kanagawa Ken Logistics P1,139.2865,35.5282,MFS18,LARGE_DISTRIBUTION,medium
LC5051,Kanagawa Ken Logistics P2,139.2335,35.5660,MFS18,LARGE_DISTRIBUTION,medium
LC5052,Kanagawa Ken Logistics P2,139.2837,35.5033,MFS18,LOGISTICS_HUB,medium
LC5053,Kanagawa Ken Logistics P3,139.2397,35.5784,MFS18,LOGISTICS_HUB,medium
LC5054,Kanagawa Ken Logistics P3,139.2776,35.5331,MFS18,LOGISTICS_HUB,medium
LC5055,Kanagawa Ken Logistics P4,139.2454,35.5364,MFS18,LOGISTICS_HUB,medium
LC5056,Kanagawa Ken Logistics P4,139.3326,35.5185,MFS18,MEDIUM_WAREHOUSE,medium
LC5057,Kanagawa Ken Logistics P5,139.2422,35.5691,MFS18,LARGE_DISTRIBUTION,medium
LC5058,Kanagawa Ken Logistics P5,139.3135,35.5338,MFS18,LARGE_DISTRIBUTION,medium
LC5059,Kanagawa Ken Logistics P6,139.2278,35.5661,MFS18,LOGISTICS_HUB,medium
LC5060,Kanagawa Ken Logistics P6,139.3116,35.5305,MFS18,LARGE_DISTRIBUTION,medium
LC5061,Kanagawa Ken Logistics P1,139.6607,35.2803,MFS19,LARGE_DISTRIBUTION,medium
LC5062,Kanagawa Ken Logistics P1,139.6177,35.1537,MFS19,LOGISTICS_HUB,medium
LC5063,Kanagawa Ken Logistics P1,139.5840,35.2699,MFS19,MEDIUM_WAREHOUSE,medium
LC5064,Chiba Ken Logistics P1,139.92,35.38,MFS19,LOGISTICS_HUB,medium
LC5065,Chiba Ken Logistics P1,139.8586,35.1249,MFS19,MEDIUM_WAREHOUSE,medium
LC5066,Chiba Ken Logistics P1,139.8602,34.9810,MFS19,MEDIUM_WAREHOUSE,medium
LC5067,Kanagawa Ken Logistics P2,139.6410,35.2935,MFS19,MEDIUM_WAREHOUSE,medium
LC5068,Kanagawa Ken Logistics P2,139.6179,35.1520,MFS19,LARGE_DISTRIBUTION,medium
LC5069,Kanagawa Ken Logistics P2,139.6176,35.2678,MFS19,MEDIUM_WAREHOUSE,medium
LC5070,Chiba Ken Logistics P2,139.92,35.38,MFS19,LARGE_DISTRIBUTION,medium
LC5071,Chiba Ken Logistics P2,139.8846,35.1369,MFS19,LOGISTICS_HUB,medium
LC5072,Chiba Ken Logistics P2,139.8701,34.9668,MFS19,LOGISTICS_HUB,medium
LC5073,Kanagawa Ken Logistics P3,139.6515,35.2991,MFS19,LOGISTICS_HUB,medium
LC5074,Kanagawa Ken Logistics P3,139.627382,35.165224,MFS19,MEDIUM_WAREHOUSE,medium
LC5075,Kanagawa Ken Logistics P3,139.5814,35.2632,MFS19,MEDIUM_WAREHOUSE,medium
LC5076,Chiba Ken Logistics P3,139.92,35.38,MFS19,LARGE_DISTRIBUTION,medium
LC5077,Chiba Ken Logistics P3,139.8402,35.1446,MFS19,MEDIUM_WAREHOUSE,medium
LC5078,Kanagawa Ken Logistics P1,139.5304,35.3392,MFS20,LOGISTICS_HUB,medium
LC5079,Kanagawa Ken Logistics P1,139.4597,35.3601,MFS20,LOGISTICS_HUB,medium
LC5080,Kanagawa Ken Logistics P1,139.4097,35.3549,MFS20,LARGE_DISTRIBUTION,medium
LC5081,Kanagawa Ken Logistics P2,139.5617,35.3277,MFS20,LARGE_DISTRIBUTION,medium
LC5082,Kanagawa Ken Logistics P2,139.4529,35.3795,MFS20,MEDIUM_WAREHOUSE,medium
LC5083,Kanagawa Ken Logistics P2,139.3833,35.3525,MFS20,MEDIUM_WAREHOUSE,medium
LC5084,Kanagawa Ken Logistics P3,139.5045,35.3272,MFS20,LOGISTICS_HUB,medium
LC5085,Kanagawa Ken Logistics P3,139.4623,35.3406,MFS20,LARGE_DISTRIBUTION,medium
LC5086,Kanagawa Ken Logistics P3,139.3807,35.3784,MFS20,LOGISTICS_HUB,medium
LC5087,Kanagawa Ken Logistics P4,139.5282,35.3399,MFS20,LOGISTICS_HUB,medium
LC5088,Kanagawa Ken Logistics P4,139.4662,35.3516,MFS20,LARGE_DISTRIBUTION,medium
LC5089,Kanagawa Ken Logistics P4,139.3945,35.3566,MFS20,LOGISTICS_HUB,medium
LC5090,Kanagawa Ken Logistics P5,139.5329,35.3389,MFS20,LOGISTICS_HUB,medium
LC5091,Kanagawa Ken Logistics P5,139.4588,35.3810,MFS20,LARGE_DISTRIBUTION,medium
LC5092,Kanagawa Ken Logistics P5,139.3961,35.3688,MFS20,LOGISTICS_HUB,medium
LC5093,Kanagawa Ken Logistics P6,139.5487,35.3262,MFS20,LOGISTICS_HUB,medium
LC5094,Kanagawa Ken Logistics P6,139.4602,35.3600,MFS20,MEDIUM_WAREHOUSE,medium
LC5095,Kanagawa Ken Logistics P6,139.3783,35.3982,MFS20,LARGE_DISTRIBUTION,medium
LC5096,Kanagawa Ken Logistics P7,139.5284,35.3468,MFS20,MEDIUM_WAREHOUSE,medium
LC5097,Kanagawa Ken Logistics P7,139.4413,35.3705,MFS20,LARGE_DISTRIBUTION,medium
LC5098,Kanagawa Ken Logistics P7,139.3908,35.3824,MFS20,LARGE_DISTRIBUTION,medium
LC5099,Kanagawa Ken Logistics P8,139.5412,35.3391,MFS20,LOGISTICS_HUB,medium
LC5100,Kanagawa Ken Logistics P8,139.4500,35.3737,MFS20,LARGE_DISTRIBUTION,medium
LC5101,Kanagawa Ken Logistics P8,139.3918,35.3768,MFS20,LOGISTICS_HUB,medium
LC5102,Kanagawa Ken Logistics P9,139.5219,35.3290,MFS20,LOGISTICS_HUB,medium
LC5103,Kanagawa Ken Logistics P9,139.4581,35.3550,MFS20,MEDIUM_WAREHOUSE,medium
LC5104,Kanagawa Ken Logistics P9,139.3818,35.3733,MFS20,MEDIUM_WAREHOUSE,medium
LC5105,Kanagawa Ken Logistics P10,139.5284,35.3299,MFS20,LARGE_DISTRIBUTION,medium
LC5106,Kanagawa Ken Logistics P10,139.4604,35.3563,MFS20,LARGE_DISTRIBUTION,medium
LC5107,Kanagawa Ken Logistics P10,139.3919,35.3916,MFS20,MEDIUM_WAREHOUSE,medium
LC5108,Kanagawa Ken Logistics P11,139.5487,35.3337,MFS20,MEDIUM_WAREHOUSE,medium
LC5109,Kanagawa Ken Logistics P11,139.4360,35.3770,MFS20,LOGISTICS_HUB,medium
LC5110,Kanagawa Ken Logistics P11,139.3672,35.4178,MFS20,LARGE_DISTRIBUTION,medium
LC5111,Kanagawa Ken Logistics P12,139.5473,35.3350,MFS20,MEDIUM_WAREHOUSE,medium
LC5112,Kanagawa Ken Logistics P12,139.4618,35.3629,MFS20,MEDIUM_WAREHOUSE,medium
LC5113,Kanagawa Ken Logistics P12,139.4109,35.3511,MFS20,MEDIUM_WAREHOUSE,medium
LC5114,Kanagawa Ken Logistics P13,139.5218,35.3261,MFS20,LOGISTICS_HUB,medium
LC5115,Kanagawa Ken Logistics P13,139.4753,35.3658,MFS20,LOGISTICS_HUB,medium
LC5116,Kanagawa Ken Logistics P13,139.3845,35.3619,MFS20,LOGISTICS_HUB,medium
LC5117,Kanagawa Ken Logistics P14,139.5115,35.3055,MFS20,MEDIUM_WAREHOUSE,medium
LC5118,Kanagawa Ken Logistics P14,139.4679,35.3790,MFS20,LARGE_DISTRIBUTION,medium
LC5119,Kanagawa Ken Logistics P14,139.4029,35.3628,MFS20,LOGISTICS_HUB,medium
LC5120,Kanagawa Ken Logistics P15,139.5481,35.3129,MFS20,LOGISTICS_HUB,medium
LC5121,Kanagawa Ken Logistics P15,139.4715,35.3874,MFS20,LARGE_DISTRIBUTION,medium
LC5122,Kanagawa Ken Logistics P15,139.3815,35.3945,MFS20,LARGE_DISTRIBUTION,medium
LC5123,Kanagawa Ken Logistics P1,139.3043,35.3320,MFS21,LARGE_DISTRIBUTION,medium
LC5124,Kanagawa Ken Logistics P1,139.4192,35.3437,MFS21,LOGISTICS_HUB,medium
LC5125,Kanagawa Ken Logistics P1,139.2958,35.3305,MFS21,LOGISTICS_HUB,medium
LC5126,Kanagawa Ken Logistics P2,139.3217,35.3531,MFS21,MEDIUM_WAREHOUSE,medium
LC5127,Kanagawa Ken Logistics P2,139.4424,35.3432,MFS21,LOGISTICS_HUB,medium
LC5128,Kanagawa Ken Logistics P2,139.2676,35.3023,MFS21,LARGE_DISTRIBUTION,medium
LC5129,Kanagawa Ken Logistics P3,139.3336,35.3478,MFS21,LARGE_DISTRIBUTION,medium
LC5130,Kanagawa Ken Logistics P3,139.3837,35.3452,MFS21,MEDIUM_WAREHOUSE,medium
LC5131,Kanagawa Ken Logistics P3,139.2863,35.3419,MFS21,LARGE_DISTRIBUTION,medium
LC5132,Kanagawa Ken Logistics P4,139.3285,35.3398,MFS21,MEDIUM_WAREHOUSE,medium
LC5133,Kanagawa Ken Logistics P4,139.4316,35.3455,MFS21,LARGE_DISTRIBUTION,medium
LC5134,Kanagawa Ken Logistics P4,139.2928,35.3057,MFS21,LOGISTICS_HUB,medium
LC5135,Kanagawa Ken Logistics P5,139.3324,35.3297,MFS21,MEDIUM_WAREHOUSE,medium
LC5136,Kanagawa Ken Logistics P5,139.4061,35.3369,MFS21,LARGE_DISTRIBUTION,medium
LC5137,Kanagawa Ken Logistics P5,139.3048,35.3299,MFS21,LOGISTICS_HUB,medium
LC5138,Kanagawa Ken Logistics P6,139.3186,35.3316,MFS21,MEDIUM_WAREHOUSE,medium
LC5139,Kanagawa Ken Logistics P6,139.4054,35.3325,MFS21,MEDIUM_WAREHOUSE,medium
LC5140,Kanagawa Ken Logistics P6,139.2649,35.3022,MFS21,LARGE_DISTRIBUTION,medium
LC5141,Kanagawa Ken Logistics P7,139.3127,35.3387,MFS21,MEDIUM_WAREHOUSE,medium
LC5142,Kanagawa Ken Logistics P7,139.4153,35.3385,MFS21,LARGE_DISTRIBUTION,medium
LC5143,Kanagawa Ken Logistics P7,139.2954,35.3079,MFS21,MEDIUM_WAREHOUSE,medium
LC5144,Kanagawa Ken Logistics P8,139.3001,35.3519,MFS21,LARGE_DISTRIBUTION,medium
LC5145,Kanagawa Ken Logistics P8,139.4358,35.3340,MFS21,MEDIUM_WAREHOUSE,medium
LC5146,Kanagawa Ken Logistics P8,139.2679,35.3171,MFS21,MEDIUM_WAREHOUSE,medium
LC5147,Kanagawa Ken Logistics P9,139.2838,35.3490,MFS21,LARGE_DISTRIBUTION,medium
LC5148,Kanagawa Ken Logistics P9,139.4137,35.3299,MFS21,MEDIUM_WAREHOUSE,medium
LC5149,Kanagawa Ken Logistics P9,139.2823,35.3112,MFS21,MEDIUM_WAREHOUSE,medium
LC5150,Kanagawa Ken Logistics P10,139.3343,35.3500,MFS21,LOGISTICS_HUB,medium
LC5151,Kanagawa Ken Logistics P10,139.3878,35.3387,MFS21,LOGISTICS_HUB,medium
LC5152,Kanagawa Ken Logistics P10,139.2889,35.3060,MFS21,MEDIUM_WAREHOUSE,medium
LC5153,Kanagawa Ken Logistics P11,139.3188,35.3407,MFS21,MEDIUM_WAREHOUSE,medium
LC5154,Kanagawa Ken Logistics P11,139.4205,35.3455,MFS21,MEDIUM_WAREHOUSE,medium
LC5155,Kanagawa Ken Logistics P11,139.2885,35.3060,MFS21,MEDIUM_WAREHOUSE,medium
LC5156,Kanagawa Ken Logistics P12,139.3188,35.3446,MFS21,LOGISTICS_HUB,medium
LC5157,Kanagawa Ken Logistics P12,139.4060,35.3455,MFS21,MEDIUM_WAREHOUSE,medium
LC5158,Kanagawa Ken Logistics P12,139.3036,35.3292,MFS21,MEDIUM_WAREHOUSE,medium
LC5159,Kanagawa Ken Logistics P13,139.3215,35.3438,MFS21,LOGISTICS_HUB,medium
LC5160,Kanagawa Ken Logistics P13,139.4201,35.3527,MFS21,LOGISTICS_HUB,medium
LC5161,Kanagawa Ken Logistics P13,139.2888,35.3248,MFS21,LOGISTICS_HUB,medium
LC5162,Kanagawa Ken Logistics P14,139.3207,35.3529,MFS21,LOGISTICS_HUB,medium
LC5163,Kanagawa Ken Logistics P14,139.4494,35.3330,MFS21,LARGE_DISTRIBUTION,medium
LC5164,Kanagawa Ken Logistics P1,139.3220,35.3512,MFS22,MEDIUM_WAREHOUSE,medium
LC5165,Kanagawa Ken Logistics P1,139.2124,35.3177,MFS22,LOGISTICS_HUB,medium
LC5166,Kanagawa Ken Logistics P1,139.1532,35.3166,MFS22,MEDIUM_WAREHOUSE,medium
LC5167,Kanagawa Ken Logistics P2,139.2942,35.3597,MFS22,LARGE_DISTRIBUTION,medium
LC5168,Kanagawa Ken Logistics P2,139.2421,35.3162,MFS22,LARGE_DISTRIBUTION,medium
LC5169,Kanagawa Ken Logistics P2,139.1784,35.3526,MFS22,LARGE_DISTRIBUTION,medium
LC5170,Kanagawa Ken Logistics P3,139.3167,35.3441,MFS22,LARGE_DISTRIBUTION,medium
LC5171,Kanagawa Ken Logistics P3,139.2242,35.3368,MFS22,LOGISTICS_HUB,medium
LC5172,Kanagawa Ken Logistics P3,139.1624,35.3227,MFS22,MEDIUM_WAREHOUSE,medium
LC5173,Kanagawa Ken Logistics P4,139.3231,35.3508,MFS22,LARGE_DISTRIBUTION,medium
LC5174,Kanagawa Ken Logistics P4,139.2228,35.3366,MFS22,LOGISTICS_HUB,medium
LC5175,Kanagawa Ken Logistics P4,139.1569,35.3292,MFS22,LOGISTICS_HUB,medium
LC5176,Kanagawa Ken Logistics P5,139.3225,35.3569,MFS22,LARGE_DISTRIBUTION,medium
LC5177,Kanagawa Ken Logistics P5,139.2207,35.3637,MFS22,LARGE_DISTRIBUTION,medium
LC5178,Kanagawa Ken Logistics P5,139.1628,35.3228,MFS22,MEDIUM_WAREHOUSE,medium
LC5179,Kanagawa Ken Logistics P6,139.3157,35.3573,MFS22,LOGISTICS_HUB,medium
LC5180,Kanagawa Ken Logistics P6,139.2317,35.3632,MFS22,MEDIUM_WAREHOUSE,medium
LC5181,Kanagawa Ken Logistics P6,139.1674,35.3486,MFS22,LARGE_DISTRIBUTION,medium
LC5182,Kanagawa Ken Logistics P7,139.3283,35.3603,MFS22,MEDIUM_WAREHOUSE,medium
LC5183,Kanagawa Ken Logistics P7,139.2075,35.3367,MFS22,MEDIUM_WAREHOUSE,medium
LC5184,Kanagawa Ken Logistics P7,139.1499,35.3450,MFS22,LOGISTICS_HUB,medium
LC5185,Kanagawa Ken Logistics P8,139.3283,35.3542,MFS22,MEDIUM_WAREHOUSE,medium
LC5186,Kanagawa Ken Logistics P8,139.2198,35.3211,MFS22,LARGE_DISTRIBUTION,medium
LC5187,Kanagawa Ken Logistics P8,139.1523,35.3405,MFS22,LOGISTICS_HUB,medium
LC5188,Kanagawa Ken Logistics P9,139.3214,35.3367,MFS22,MEDIUM_WAREHOUSE,medium
LC5189,Kanagawa Ken Logistics P9,139.2262,35.3399,MFS22,LARGE_DISTRIBUTION,medium
LC5190,Kanagawa Ken Logistics P9,139.1564,35.3290,MFS22,LOGISTICS_HUB,medium
LC5191,Kanagawa Ken Logistics P10,139.3468,35.3692,MFS22,LARGE_DISTRIBUTION,medium
LC5192,Kanagawa Ken Logistics P10,139.2321,35.3251,MFS22,LARGE_DISTRIBUTION,medium
LC5193,Kanagawa Ken Logistics P10,139.1517,35.3507,MFS22,LARGE_DISTRIBUTION,medium
LC5194,Kanagawa Ken Logistics P11,139.3245,35.3434,MFS22,MEDIUM_WAREHOUSE,medium
LC5195,Kanagawa Ken Logistics P1,139.4087,35.4497,MFS23,LARGE_DISTRIBUTION,medium
LC5196,Kanagawa Ken Logistics P1,139.0190,35.2550,MFS23,LARGE_DISTRIBUTION,medium
LC5197,Kanagawa Ken Logistics P1,139.1392,35.1615,MFS23,LARGE_DISTRIBUTION,medium
LC5198,Kanagawa Ken Logistics P1,139.0668,35.1580,MFS23,LARGE_DISTRIBUTION,medium
LC5199,Kanagawa Ken Logistics P1,139.1474,35.2667,MFS23,LOGISTICS_HUB,medium
LC5200,Kanagawa Ken Logistics P2,139.3786,35.4450,MFS23,LARGE_DISTRIBUTION,medium
LC5201,Kanagawa Ken Logistics P2,139.0352,35.2280,MFS23,LARGE_DISTRIBUTION,medium
LC5202,Kanagawa Ken Logistics P2,139.141881,35.157201,MFS23,LARGE_DISTRIBUTION,medium
LC5203,Kanagawa Ken Logistics P2,139.0773,35.1743,MFS23,LOGISTICS_HUB,medium
LC5204,Kanagawa Ken Logistics P2,139.1284,35.2743,MFS23,MEDIUM_WAREHOUSE,medium
LC5205,Kanagawa Ken Logistics P3,139.3788,35.4290,MFS23,MEDIUM_WAREHOUSE,medium
LC5206,Kanagawa Ken Logistics P3,139.0462,35.2386,MFS23,LOGISTICS_HUB,medium
LC5207,Kanagawa Ken Logistics P3,139.1309,35.1541,MFS23,LARGE_DISTRIBUTION,medium
LC5208,Kanagawa Ken Logistics P3,139.0877,35.1673,MFS23,LARGE_DISTRIBUTION,medium
LC5209,Kanagawa Ken Logistics P3,139.1640,35.2701,MFS23,MEDIUM_WAREHOUSE,medium
LC5210,Kanagawa Ken Logistics P4,139.3832,35.4417,MFS23,LARGE_DISTRIBUTION,medium
LC5211,Kanagawa Ken Logistics P4,139.0440,35.2497,MFS23,LOGISTICS_HUB,medium
LC5212,Kanagawa Ken Logistics P4,139.1347,35.1703,MFS23,MEDIUM_WAREHOUSE,medium
LC5213,Kanagawa Ken Logistics P4,139.0601,35.1566,MFS23,LARGE_DISTRIBUTION,medium
LC5214,Kanagawa Ken Logistics P4,139.1277,35.2596,MFS23,MEDIUM_WAREHOUSE,medium
LC5215,Kanagawa Ken Logistics P5,139.4245,35.4408,MFS23,LARGE_DISTRIBUTION,medium
LC5216,Kanagawa Ken Logistics P5,139.0339,35.2125,MFS23,MEDIUM_WAREHOUSE,medium
LC5217,Kanagawa Ken Logistics P1,139.6156,35.1353,MFS24,LARGE_DISTRIBUTION,medium
LC5218,Kanagawa Ken Logistics P1,139.2658,35.3004,MFS24,LOGISTICS_HUB,medium
LC5219,Kanagawa Ken Logistics P1,139.1860,35.3659,MFS24,LOGISTICS_HUB,medium
LC5220,Kanagawa Ken Logistics P1,139.1303,35.4006,MFS24,LOGISTICS_HUB,medium
LC5221,Kanagawa Ken Logistics P1,139.0628,35.4282,MFS24,LARGE_DISTRIBUTION,medium
LC5222,Kanagawa Ken Logistics P2,139.619988,35.153351,MFS24,LARGE_DISTRIBUTION,medium
LC5223,Kanagawa Ken Logistics P2,139.2337,35.3304,MFS24,MEDIUM_WAREHOUSE,medium
LC5224,Kanagawa Ken Logistics P2,139.1614,35.3386,MFS24,LOGISTICS_HUB,medium
LC5225,Kanagawa Ken Logistics P2,139.1400,35.3990,MFS24,LOGISTICS_HUB,medium
LC5226,Kanagawa Ken Logistics P2,139.0520,35.4016,MFS24,LOGISTICS_HUB,medium
LC5227,Kanagawa Ken Logistics P3,139.611818,35.134107,MFS24,MEDIUM_WAREHOUSE,medium
LC5228,Kanagawa Ken Logistics P3,139.2544,35.3091,MFS24,LARGE_DISTRIBUTION,medium
LC5229,Kanagawa Ken Logistics P3,139.1552,35.3314,MFS24,LOGISTICS_HUB,medium
LC5230,Kanagawa Ken Logistics P3,139.1424,35.3988,MFS24,LARGE_DISTRIBUTION,medium
LC5231,Kanagawa Ken Logistics P3,139.0488,35.4089,MFS24,LOGISTICS_HUB,medium
LC5232,Kanagawa Ken Logistics P4,139.6184,35.1355,MFS24,LARGE_DISTRIBUTION,medium
LC5233,Kanagawa Ken Logistics P4,139.2773,35.3038,MFS24,LOGISTICS_HUB,medium
LC5234,Kanagawa Ken Logistics P4,139.1606,35.3362,MFS24,LARGE_DISTRIBUTION,medium
LC5235,Kanagawa Ken Logistics P4,139.1336,35.3940,MFS24,MEDIUM_WAREHOUSE,medium
LC5236,Kanagawa Ken Logistics P4,139.0436,35.4326,MFS24,MEDIUM_WAREHOUSE,medium
LC5237,Kanagawa Ken Logistics P5,139.6176,35.1485,MFS24,LARGE_DISTRIBUTION,medium
LC5238,Kanagawa Ken Logistics P5,139.2795,35.3190,MFS24,MEDIUM_WAREHOUSE,medium
LC5239,Kanagawa Ken Logistics P5,139.1837,35.3391,MFS24,MEDIUM_WAREHOUSE,medium
LC5240,Kanagawa Ken Logistics P5,139.1722,35.3898,MFS24,LARGE_DISTRIBUTION,medium
LC5241,Kanagawa Ken Logistics P5,139.0309,35.4224,MFS24,LARGE_DISTRIBUTION,medium
LC5242,Kanagawa Ken Logistics P6,139.6127,35.1417,MFS24,LOGISTICS_HUB,medium
LC5243,Kanagawa Ken Logistics P6,139.2604,35.2966,MFS24,LARGE_DISTRIBUTION,medium
LC5244,Kanagawa Ken Logistics P6,139.1600,35.3393,MFS24,LARGE_DISTRIBUTION,medium
LC5245,Kanagawa Ken Logistics P6,139.1131,35.4057,MFS24,MEDIUM_WAREHOUSE,medium
LC5246,Kanagawa Ken Logistics P6,139.147705,35.240665,MFS24,LOGISTICS_HUB,medium
LC5247,Kanagawa Ken Logistics P7,139.6214,35.1413,MFS24,MEDIUM_WAREHOUSE,medium
LC5248,Kanagawa Ken Logistics P7,139.2693,35.3185,MFS24,LARGE_DISTRIBUTION,medium
LC5249,Kanagawa Ken Logistics P7,139.1823,35.3450,MFS24,LOGISTICS_HUB,medium
LC5250,Kanagawa Ken Logistics P7,139.1354,35.4136,MFS24,MEDIUM_WAREHOUSE,medium
LC5251,Kanagawa Ken Logistics P7,139.0579,35.4153,MFS24,LOGISTICS_HUB,medium
LC5252,Kanagawa Ken Logistics P8,139.622641,35.133605,MFS24,MEDIUM_WAREHOUSE,medium
LC5253,Kanagawa Ken Logistics P8,139.2473,35.3133,MFS24,LOGISTICS_HUB,medium
LC5254,Kanagawa Ken Logistics P8,139.1668,35.3423,MFS24,MEDIUM_WAREHOUSE,medium
LC5255,Kanagawa Ken Logistics P8,139.1239,35.3841,MFS24,MEDIUM_WAREHOUSE,medium
LC5256,Kanagawa Ken Logistics P8,139.0716,35.4329,MFS24,LOGISTICS_HUB,medium
LC5257,Kanagawa Ken Logistics P9,139.6256,35.1497,MFS24,MEDIUM_WAREHOUSE,medium
LC5258,Kanagawa Ken Logistics P1,139.3240,35.4634,MFS25,LARGE_DISTRIBUTION,medium
LC5259,Kanagawa Ken Logistics P1,139.4751,35.4584,MFS25,LOGISTICS_HUB,medium
LC5260,Kanagawa Ken Logistics P1,139.1357,35.3244,MFS25,LOGISTICS_HUB,medium
LC5261,Kanagawa Ken Logistics P1,139.3280,35.4280,MFS25,LARGE_DISTRIBUTION,medium
LC5262,Kanagawa Ken Logistics P1,139.2497,35.4813,MFS25,LOGISTICS_HUB,medium
LC5263,Kanagawa Ken Logistics P1,139.2180,35.3954,MFS25,LARGE_DISTRIBUTION,medium
LC5264,Kanagawa Ken Logistics P2,139.3053,35.4712,MFS25,MEDIUM_WAREHOUSE,medium
LC5265,Kanagawa Ken Logistics P2,139.4631,35.4932,MFS25,MEDIUM_WAREHOUSE,medium
LC5266,Kanagawa Ken Logistics P2,139.1109,35.3430,MFS25,MEDIUM_WAREHOUSE,medium
LC5267,Kanagawa Ken Logistics P2,139.2999,35.4034,MFS25,MEDIUM_WAREHOUSE,medium
LC5268,Kanagawa Ken Logistics P2,139.2555,35.5031,MFS25,LARGE_DISTRIBUTION,medium
LC5269,Kanagawa Ken Logistics P2,139.2013,35.3722,MFS25,LOGISTICS_HUB,medium
LC5270,Kanagawa Ken Logistics P3,139.3185,35.4702,MFS25,LOGISTICS_HUB,medium
LC5271,Kanagawa Ken Logistics P3,139.4459,35.4881,MFS25,MEDIUM_WAREHOUSE,medium
LC5272,Kanagawa Ken Logistics P3,139.1268,35.3254,MFS25,MEDIUM_WAREHOUSE,medium
LC5273,Kanagawa Ken Logistics P3,139.2973,35.3945,MFS25,LOGISTICS_HUB,medium
LC5274,Kanagawa Ken Logistics P3,139.2099,35.4825,MFS25,MEDIUM_WAREHOUSE,medium
LC5275,Kanagawa Ken Logistics P3,139.2154,35.3925,MFS25,LARGE_DISTRIBUTION,medium
LC5276,Kanagawa Ken Logistics P4,139.3182,35.4724,MFS25,LOGISTICS_HUB,medium
LC5277,Kanagawa Ken Logistics P4,139.4613,35.4776,MFS25,LOGISTICS_HUB,medium
LC5278,Kanagawa Ken Logistics P4,139.1503,35.3360,MFS25,LARGE_DISTRIBUTION,medium
LC5279,Kanagawa Ken Logistics P4,139.2902,35.4182,MFS25,LARGE_DISTRIBUTION,medium
LC5280,Kanagawa Ken Logistics P4,139.2419,35.4865,MFS25,LOGISTICS_HUB,medium
LC5281,Kanagawa Ken Logistics P4,139.1872,35.4018,MFS25,LARGE_DISTRIBUTION,medium
LC5282,Kanagawa Ken Logistics P5,139.3523,35.4570,MFS25,MEDIUM_WAREHOUSE,medium
LC5283,Kanagawa Ken Logistics P5,139.4369,35.4674,MFS25,LARGE_DISTRIBUTION,medium
LC5284,Kanagawa Ken Logistics P5,139.1311,35.3206,MFS25,LARGE_DISTRIBUTION,medium
LC5285,Kanagawa Ken Logistics P5,139.3037,35.4166,MFS25,LOGISTICS_HUB,medium
LC5286,Kanagawa Ken Logistics P5,139.2479,35.4883,MFS25,LARGE_DISTRIBUTION,medium
LC5287,Kanagawa Ken Logistics P5,139.2040,35.3794,MFS25,LARGE_DISTRIBUTION,medium
LC5288,Kanagawa Ken Logistics P6,139.3553,35.4805,MFS25,MEDIUM_WAREHOUSE,medium
LC5289,Kanagawa Ken Logistics P6,139.4373,35.4748,MFS25,MEDIUM_WAREHOUSE,medium
LC5290,Kanagawa Ken Logistics P6,139.1381,35.3435,MFS25,LOGISTICS_HUB,medium
LC5291,Kanagawa Ken Logistics P6,139.2967,35.4111,MFS25,LOGISTICS_HUB,medium
LC5292,Kanagawa Ken Logistics P6,139.1980,35.4708,MFS25,MEDIUM_WAREHOUSE,medium
LC5293,Kanagawa Ken Logistics P6,139.2182,35.3655,MFS25,LARGE_DISTRIBUTION,medium
LC5294,Kanagawa Ken Logistics P7,139.3283,35.4648,MFS25,LOGISTICS_HUB,medium
LC5295,Kanagawa Ken Logistics P7,139.4764,35.4703,MFS25,LARGE_DISTRIBUTION,medium
LC5296,Kanagawa Ken Logistics P7,139.0969,35.3662,MFS25,MEDIUM_WAREHOUSE,medium
LC5297,Kanagawa Ken Logistics P7,139.2746,35.4172,MFS25,LOGISTICS_HUB,medium
LC5298,Kanagawa Ken Logistics P7,139.2227,35.4921,MFS25,MEDIUM_WAREHOUSE,medium
LC5299,Saitama Ken Logistics P1,139.6787,35.8225,MFS29,MEDIUM_WAREHOUSE,medium
LC5300,Saitama Ken Logistics P1,139.7606,35.9752,MFS29,LOGISTICS_HUB,medium
LC5301,Saitama Ken Logistics P1,139.5393,35.7775,MFS29,LARGE_DISTRIBUTION,medium
LC5302,Saitama Ken Logistics P1,139.4507,35.7920,MFS29,MEDIUM_WAREHOUSE,medium
LC5303,Saitama Ken Logistics P1,139.5824,35.8409,MFS29,MEDIUM_WAREHOUSE,medium
LC5304,Saitama Ken Logistics P1,139.5962,35.7836,MFS29,LARGE_DISTRIBUTION,medium
LC5305,Tokyo To Logistics P1,139.5153,35.7732,MFS29,LARGE_DISTRIBUTION,medium
LC5306,Saitama Ken Logistics P1,139.5275,35.8406,MFS29,LARGE_DISTRIBUTION,medium
LC5307,Saitama Ken Logistics P1,139.5628,35.8475,MFS29,MEDIUM_WAREHOUSE,medium
LC5308,Tokyo To Logistics P1,139.4963,35.7628,MFS29,LARGE_DISTRIBUTION,medium
LC5309,Saitama Ken Logistics P1,139.5375,35.8660,MFS29,LARGE_DISTRIBUTION,medium
LC5310,Tokyo To Logistics P1,139.4756,35.7459,MFS29,LOGISTICS_HUB,medium
LC5311,Tokyo To Logistics P1,139.4012,35.7533,MFS29,MEDIUM_WAREHOUSE,medium
LC5312,Saitama Ken Logistics P2,139.6478,35.7943,MFS29,MEDIUM_WAREHOUSE,medium
LC5313,Saitama Ken Logistics P2,139.7980,35.9893,MFS29,MEDIUM_WAREHOUSE,medium
LC5314,Saitama Ken Logistics P2,139.5698,35.7877,MFS29,LARGE_DISTRIBUTION,medium
LC5315,Saitama Ken Logistics P2,139.4489,35.7922,MFS29,LARGE_DISTRIBUTION,medium
LC5316,Saitama Ken Logistics P2,139.5801,35.8325,MFS29,LARGE_DISTRIBUTION,medium
LC5317,Saitama Ken Logistics P2,139.6160,35.7982,MFS29,LARGE_DISTRIBUTION,medium
LC5318,Tokyo To Logistics P2,139.4944,35.7652,MFS29,LARGE_DISTRIBUTION,medium
LC5319,Saitama Ken Logistics P2,139.5503,35.8194,MFS29,LARGE_DISTRIBUTION,medium
LC5320,Saitama Ken Logistics P2,139.5460,35.8525,MFS29,MEDIUM_WAREHOUSE,medium
LC5321,Tokyo To Logistics P2,139.5122,35.7582,MFS29,MEDIUM_WAREHOUSE,medium
LC5322,Saitama Ken Logistics P1,139.7871,35.8256,MFS30,LARGE_DISTRIBUTION,medium
LC5323,Saitama Ken Logistics P1,139.7725,35.9879,MFS30,LARGE_DISTRIBUTION,medium
LC5324,Saitama Ken Logistics P1,139.8548,35.8467,MFS30,LARGE_DISTRIBUTION,medium
LC5325,Saitama Ken Logistics P1,139.7903,35.8997,MFS30,LARGE_DISTRIBUTION,medium
LC5326,Saitama Ken Logistics P1,139.7972,35.9162,MFS30,LOGISTICS_HUB,medium
LC5327,Saitama Ken Logistics P1,139.8531,35.8036,MFS30,MEDIUM_WAREHOUSE,medium
LC5328,Saitama Ken Logistics P1,139.2347,35.8699,MFS31,LARGE_DISTRIBUTION,medium
LC5329,Saitama Ken Logistics P1,139.8758,35.8217,MFS31,LARGE_DISTRIBUTION,medium
LC5330,Saitama Ken Logistics P1,139.3601,36.0706,MFS31,MEDIUM_WAREHOUSE,medium
LC5331,Saitama Ken Logistics P1,139.2378,35.9654,MFS31,LOGISTICS_HUB,medium
LC5332,Saitama Ken Logistics P1,139.3729,35.8074,MFS31,LARGE_DISTRIBUTION,medium
LC5333,Saitama Ken Logistics P1,139.3433,35.8991,MFS31,LARGE_DISTRIBUTION,medium
LC5334,Saitama Ken Logistics P1,139.4307,35.8592,MFS31,LARGE_DISTRIBUTION,medium
LC5335,Tokyo To Logistics P1,139.3983,35.7578,MFS31,LARGE_DISTRIBUTION,medium
LC5336,Saitama Ken Logistics P2,139.2029,35.8876,MFS31,LOGISTICS_HUB,medium
LC5337,Saitama Ken Logistics P2,139.8830,35.8325,MFS31,LARGE_DISTRIBUTION,medium
LC5338,Saitama Ken Logistics P2,139.3692,36.0338,MFS31,LARGE_DISTRIBUTION,medium
LC5339,Saitama Ken Logistics P2,139.2754,35.9661,MFS31,LARGE_DISTRIBUTION,medium
LC5340,Saitama Ken Logistics P2,139.3734,35.8138,MFS31,LARGE_DISTRIBUTION,medium
LC5341,Saitama Ken Logistics P2,139.3311,35.9123,MFS31,LARGE_DISTRIBUTION,medium
LC5342,Saitama Ken Logistics P2,139.4254,35.8772,MFS31,LARGE_DISTRIBUTION,medium
LC5343,Tokyo To Logistics P2,139.3798,35.7458,MFS31,LOGISTICS_HUB,medium
LC5344,Saitama Ken Logistics P3,139.2189,35.8802,MFS31,LOGISTICS_HUB,medium
LC5345,Saitama Ken Logistics P3,139.8644,35.8156,MFS31,LARGE_DISTRIBUTION,medium
LC5346,Saitama Ken Logistics P3,139.3647,36.0442,MFS31,LOGISTICS_HUB,medium
LC5347,Saitama Ken Logistics P3,139.2694,35.9684,MFS31,LOGISTICS_HUB,medium
LC5348,Saitama Ken Logistics P3,139.3311,35.8001,MFS31,MEDIUM_WAREHOUSE,medium
LC5349,Saitama Ken Logistics P3,139.3399,35.8957,MFS31,MEDIUM_WAREHOUSE,medium
LC5350,Saitama Ken Logistics P1,139.8655,35.8827,MFS32,LARGE_DISTRIBUTION,medium
LC5351,Saitama Ken Logistics P1,139.5801,35.8178,MFS32,LARGE_DISTRIBUTION,medium
LC5352,Saitama Ken Logistics P1,139.4650,35.9783,MFS32,LOGISTICS_HUB,medium
LC5353,Saitama Ken Logistics P1,139.3990,36.0447,MFS32,MEDIUM_WAREHOUSE,medium
LC5354,Saitama Ken Logistics P1,139.3914,35.9762,MFS32,LARGE_DISTRIBUTION,medium
LC5355,Saitama Ken Logistics P1,139.3956,35.9276,MFS32,MEDIUM_WAREHOUSE,medium
LC5356,Saitama Ken Logistics P1,139.3551,35.9885,MFS32,LARGE_DISTRIBUTION,medium
LC5357,Saitama Ken Logistics P1,139.4826,35.8923,MFS32,MEDIUM_WAREHOUSE,medium
LC5358,Saitama Ken Logistics P1,139.3173,35.9281,MFS32,MEDIUM_WAREHOUSE,medium
LC5359,Saitama Ken Logistics P1,139.4479,36.0361,MFS32,MEDIUM_WAREHOUSE,medium
LC5360,Saitama Ken Logistics P2,139.8432,35.8932,MFS32,LOGISTICS_HUB,medium
LC5361,Saitama Ken Logistics P2,139.5980,35.8076,MFS32,LOGISTICS_HUB,medium
LC5362,Saitama Ken Logistics P2,139.4836,35.9917,MFS32,MEDIUM_WAREHOUSE,medium
LC5363,Saitama Ken Logistics P2,139.4015,36.0532,MFS32,MEDIUM_WAREHOUSE,medium
LC5364,Saitama Ken Logistics P2,139.3921,35.9510,MFS32,LARGE_DISTRIBUTION,medium
LC5365,Saitama Ken Logistics P2,139.4238,35.9458,MFS32,LARGE_DISTRIBUTION,medium
LC5366,Saitama Ken Logistics P2,139.2795,35.9830,MFS32,LARGE_DISTRIBUTION,medium
LC5367,Saitama Ken Logistics P2,139.4692,35.9206,MFS32,MEDIUM_WAREHOUSE,medium
LC5368,Saitama Ken Logistics P2,139.3066,35.9414,MFS32,LOGISTICS_HUB,medium
LC5369,Saitama Ken Logistics P2,139.4646,36.0429,MFS32,MEDIUM_WAREHOUSE,medium
LC5370,Saitama Ken Logistics P3,139.8291,35.9088,MFS32,LARGE_DISTRIBUTION,medium
LC5371,Saitama Ken Logistics P3,139.5859,35.8218,MFS32,MEDIUM_WAREHOUSE,medium
LC5372,Saitama Ken Logistics P3,139.4994,35.9913,MFS32,LARGE_DISTRIBUTION,medium
LC5373,Saitama Ken Logistics P3,139.3940,36.0284,MFS32,LOGISTICS_HUB,medium
LC5374,Saitama Ken Logistics P3,139.3759,35.9708,MFS32,LOGISTICS_HUB,medium
LC5375,Saitama Ken Logistics P3,139.4016,35.9388,MFS32,LARGE_DISTRIBUTION,medium
LC5376,Saitama Ken Logistics P3,139.3328,36.0020,MFS32,LARGE_DISTRIBUTION,medium
LC5377,Saitama Ken Logistics P3,139.4854,35.9106,MFS32,LOGISTICS_HUB,medium
LC5378,Saitama Ken Logistics P3,139.3143,35.9414,MFS32,LOGISTICS_HUB,medium
LC5379,Saitama Ken Logistics P3,139.4502,36.0509,MFS32,LARGE_DISTRIBUTION,medium
LC5380,Saitama Ken Logistics P4,139.8220,35.8991,MFS32,LOGISTICS_HUB,medium
LC5381,Saitama Ken Logistics P1,139.5006,36.0705,MFS33,LARGE_DISTRIBUTION,medium
LC5382,Saitama Ken Logistics P1,139.6086,36.1371,MFS33,MEDIUM_WAREHOUSE,medium
LC5383,Saitama Ken Logistics P1,139.5497,36.0021,MFS33,MEDIUM_WAREHOUSE,medium
LC5384,Saitama Ken Logistics P1,139.5297,36.0198,MFS33,LARGE_DISTRIBUTION,medium
LC5385,Saitama Ken Logistics P1,139.6164,35.9824,MFS33,MEDIUM_WAREHOUSE,medium
LC5386,Saitama Ken Logistics P1,139.5792,35.9536,MFS33,LARGE_DISTRIBUTION,medium
LC5387,Saitama Ken Logistics P1,139.6808,36.0578,MFS33,MEDIUM_WAREHOUSE,medium
LC5388,Saitama Ken Logistics P1,139.7215,36.0383,MFS33,LARGE_DISTRIBUTION,medium
LC5389,Saitama Ken Logistics P2,139.4940,36.0717,MFS33,LARGE_DISTRIBUTION,medium
LC5390,Saitama Ken Logistics P2,139.6206,36.1200,MFS33,LARGE_DISTRIBUTION,medium
LC5391,Saitama Ken Logistics P2,139.5540,35.9971,MFS33,MEDIUM_WAREHOUSE,medium
LC5392,Saitama Ken Logistics P2,139.5518,36.0253,MFS33,MEDIUM_WAREHOUSE,medium
LC5393,Saitama Ken Logistics P1,139.6727,36.0735,MFS34,MEDIUM_WAREHOUSE,medium
LC5394,Saitama Ken Logistics P1,139.6242,35.9846,MFS34,LARGE_DISTRIBUTION,medium
LC5395,Saitama Ken Logistics P1,139.1504,36.1881,MFS34,MEDIUM_WAREHOUSE,medium
LC5396,Saitama Ken Logistics P1,139.4019,36.1363,MFS34,LOGISTICS_HUB,medium
LC5397,Saitama Ken Logistics P1,139.5448,36.1721,MFS34,LARGE_DISTRIBUTION,medium
LC5398,Saitama Ken Logistics P1,139.7724,36.0832,MFS34,LOGISTICS_HUB,medium
LC5399,Gunma Ken Logistics P1,139.5995,36.2309,MFS34,LARGE_DISTRIBUTION,medium
LC5400,Ibaraki Ken Logistics P1,139.7738,36.1508,MFS34,LOGISTICS_HUB,medium
LC5401,Gunma Ken Logistics P1,139.5150,36.2058,MFS34,LARGE_DISTRIBUTION,medium
LC5402,Saitama Ken Logistics P1,139.7522,36.0022,MFS34,LOGISTICS_HUB,medium
LC5403,Ibaraki Ken Logistics P1,139.8493,36.0786,MFS34,LOGISTICS_HUB,medium
LC5404,Saitama Ken Logistics P2,139.6531,36.0530,MFS34,LOGISTICS_HUB,medium
LC5405,Saitama Ken Logistics P2,139.6449,35.9874,MFS34,LOGISTICS_HUB,medium
LC5406,Saitama Ken Logistics P2,139.1491,36.1929,MFS34,MEDIUM_WAREHOUSE,medium
LC5407,Saitama Ken Logistics P2,139.3906,36.1512,MFS34,LARGE_DISTRIBUTION,medium
LC5408,Saitama Ken Logistics P2,139.5682,36.1514,MFS34,LOGISTICS_HUB,medium
LC5409,Saitama Ken Logistics P2,139.7398,36.0790,MFS34,MEDIUM_WAREHOUSE,medium
LC5410,Gunma Ken Logistics P2,139.6049,36.2298,MFS34,LARGE_DISTRIBUTION,medium
LC5411,Ibaraki Ken Logistics P2,139.7860,36.1781,MFS34,MEDIUM_WAREHOUSE,medium
LC5412,Gunma Ken Logistics P2,139.5131,36.2010,MFS34,LOGISTICS_HUB,medium
LC5413,Saitama Ken Logistics P2,139.7250,36.0232,MFS34,MEDIUM_WAREHOUSE,medium
LC5414,Ibaraki Ken Logistics P2,139.8341,36.0994,MFS34,MEDIUM_WAREHOUSE,medium
LC5415,Saitama Ken Logistics P1,139.3684,36.1454,MFS35,LARGE_DISTRIBUTION,medium
LC5416,Saitama Ken Logistics P1,139.2908,36.1627,MFS35,MEDIUM_WAREHOUSE,medium
LC5417,Saitama Ken Logistics P1,139.2709,36.0575,MFS35,LARGE_DISTRIBUTION,medium
LC5418,Saitama Ken Logistics P1,139.1778,36.0399,MFS35,LARGE_DISTRIBUTION,medium
LC5419,Gunma Ken Logistics P1,139.4358,36.2334,MFS35,LOGISTICS_HUB,medium
LC5420,Saitama Ken Logistics P1,139.3153,36.0542,MFS35,MEDIUM_WAREHOUSE,medium
LC5421,Saitama Ken Logistics P2,139.3719,36.1608,MFS35,LOGISTICS_HUB,medium
LC5422,Saitama Ken Logistics P2,139.2565,36.1791,MFS35,LOGISTICS_HUB,medium
LC5423,Saitama Ken Logistics P2,139.2448,36.0609,MFS35,MEDIUM_WAREHOUSE,medium
LC5424,Saitama Ken Logistics P2,139.1795,36.0592,MFS35,MEDIUM_WAREHOUSE,medium
LC5425,Gunma Ken Logistics P2,139.4383,36.1845,MFS35,LOGISTICS_HUB,medium
LC5426,Saitama Ken Logistics P2,139.3209,36.0540,MFS35,LOGISTICS_HUB,medium
LC5427,Saitama Ken Logistics P3,139.3700,36.1809,MFS35,LARGE_DISTRIBUTION,medium
LC5428,Saitama Ken Logistics P1,139.0603,36.1540,MFS36,LARGE_DISTRIBUTION,medium
LC5429,Saitama Ken Logistics P1,139.1358,36.2124,MFS36,LOGISTICS_HUB,medium
LC5430,Saitama Ken Logistics P1,139.1467,36.2616,MFS36,LARGE_DISTRIBUTION,medium
LC5431,Gunma Ken Logistics P1,139.1325,36.2997,MFS36,MEDIUM_WAREHOUSE,medium
LC5432,Saitama Ken Logistics P1,139.2060,36.1256,MFS36,MEDIUM_WAREHOUSE,medium
LC5433,Saitama Ken Logistics P2,139.0629,36.1654,MFS36,LARGE_DISTRIBUTION,medium
LC5434,Saitama Ken Logistics P2,139.1331,36.2146,MFS36,LOGISTICS_HUB,medium
LC5435,Saitama Ken Logistics P2,139.1406,36.2604,MFS36,LARGE_DISTRIBUTION,medium
LC5436,Gunma Ken Logistics P2,139.1487,36.3123,MFS36,LARGE_DISTRIBUTION,medium
LC5437,Saitama Ken Logistics P2,139.1964,36.1033,MFS36,MEDIUM_WAREHOUSE,medium
LC5438,Saitama Ken Logistics P3,139.0550,36.1593,MFS36,MEDIUM_WAREHOUSE,medium
LC5439,Saitama Ken Logistics P3,139.1404,36.1938,MFS36,LARGE_DISTRIBUTION,medium
LC5440,Saitama Ken Logistics P3,139.1504,36.2548,MFS36,LARGE_DISTRIBUTION,medium
LC5441,Saitama Ken Logistics P1,138.9291,35.9494,MFS37,LARGE_DISTRIBUTION,medium
LC5442,Saitama Ken Logistics P1,139.1249,35.9420,MFS37,LOGISTICS_HUB,medium
LC5443,Saitama Ken Logistics P1,139.1577,36.1880,MFS37,MEDIUM_WAREHOUSE,medium
LC5444,Saitama Ken Logistics P1,139.1904,36.0489,MFS37,LOGISTICS_HUB,medium
LC5445,Saitama Ken Logistics P1,139.0930,36.0693,MFS37,LARGE_DISTRIBUTION,medium
LC5446,Saitama Ken Logistics P1,139.0985,36.1242,MFS37,LOGISTICS_HUB,medium
LC5447,Saitama Ken Logistics P1,138.9378,36.0380,MFS37,LOGISTICS_HUB,medium
LC5448,Saitama Ken Logistics P1,139.2613,36.0079,MFS37,MEDIUM_WAREHOUSE,medium
LC5449,Saitama Ken Logistics P2,138.9378,35.9538,MFS37,LOGISTICS_HUB,medium
LC5450,Saitama Ken Logistics P2,139.1249,35.9657,MFS37,LOGISTICS_HUB,medium
LC5451,Saitama Ken Logistics P2,139.1404,36.1704,MFS37,LARGE_DISTRIBUTION,medium
LC5452,Saitama Ken Logistics P2,139.1721,36.0408,MFS37,LARGE_DISTRIBUTION,medium
LC5453,Saitama Ken Logistics P2,139.0958,36.0726,MFS37,LOGISTICS_HUB,medium
LC5454,Chiba Ken Logistics P1,140.1739,35.5916,MFS38,MEDIUM_WAREHOUSE,medium
LC5455,Chiba Ken Logistics P2,140.1438,35.6039,MFS38,MEDIUM_WAREHOUSE,medium
LC5456,Chiba Ken Logistics P3,140.1759,35.5975,MFS38,LOGISTICS_HUB,medium
LC5457,Chiba Ken Logistics P4,140.1318,35.5955,MFS38,LOGISTICS_HUB,medium
LC5458,Chiba Ken Logistics P5,140.1577,35.5869,MFS38,LARGE_DISTRIBUTION,medium
LC5459,Chiba Ken Logistics P6,140.1352,35.5750,MFS38,MEDIUM_WAREHOUSE,medium
LC5460,Chiba Ken Logistics P7,140.1707,35.5906,MFS38,LARGE_DISTRIBUTION,medium
LC5461,Chiba Ken Logistics P8,140.1621,35.5869,MFS38,MEDIUM_WAREHOUSE,medium
LC5462,Chiba Ken Logistics P9,140.1658,35.6138,MFS38,LARGE_DISTRIBUTION,medium
LC5463,Chiba Ken Logistics P10,140.1807,35.6004,MFS38,LOGISTICS_HUB,medium
LC5464,Chiba Ken Logistics P11,140.1640,35.6016,MFS38,LARGE_DISTRIBUTION,medium
LC5465,Chiba Ken Logistics P12,140.1336,35.6344,MFS38,LARGE_DISTRIBUTION,medium
LC5466,Chiba Ken Logistics P13,140.1503,35.5885,MFS38,MEDIUM_WAREHOUSE,medium
LC5467,Chiba Ken Logistics P14,140.1666,35.5968,MFS38,LOGISTICS_HUB,medium
LC5468,Chiba Ken Logistics P15,140.1478,35.5940,MFS38,LOGISTICS_HUB,medium
LC5469,Chiba Ken Logistics P16,140.1811,35.5934,MFS38,MEDIUM_WAREHOUSE,medium
LC5470,Chiba Ken Logistics P17,140.1726,35.5969,MFS38,LARGE_DISTRIBUTION,medium
LC5471,Chiba Ken Logistics P1,139.9184,35.8017,MFS40,LOGISTICS_HUB,medium
LC5472,Chiba Ken Logistics P1,139.9717,35.8017,MFS40,LARGE_DISTRIBUTION,medium
LC5473,Chiba Ken Logistics P1,139.9680,35.8686,MFS40,MEDIUM_WAREHOUSE,medium
LC5474,Chiba Ken Logistics P1,140.1388,35.4070,MFS40,LARGE_DISTRIBUTION,medium
LC5475,Chiba Ken Logistics P1,140.0770,35.7897,MFS40,LOGISTICS_HUB,medium
LC5476,Chiba Ken Logistics P2,139.9010,35.8096,MFS40,MEDIUM_WAREHOUSE,medium
LC5477,Chiba Ken Logistics P2,139.9873,35.7605,MFS40,MEDIUM_WAREHOUSE,medium
LC5478,Chiba Ken Logistics P2,139.9799,35.8555,MFS40,LARGE_DISTRIBUTION,medium
LC5479,Chiba Ken Logistics P2,140.1313,35.4255,MFS40,LOGISTICS_HUB,medium
LC5480,Chiba Ken Logistics P2,140.0384,35.7798,MFS40,LARGE_DISTRIBUTION,medium
LC5481,Chiba Ken Logistics P3,139.9321,35.7712,MFS40,LARGE_DISTRIBUTION,medium
LC5482,Chiba Ken Logistics P3,140.0219,35.7683,MFS40,LOGISTICS_HUB,medium
LC5483,Chiba Ken Logistics P3,139.9706,35.8687,MFS40,LOGISTICS_HUB,medium
LC5484,Chiba Ken Logistics P3,140.1485,35.3986,MFS40,MEDIUM_WAREHOUSE,medium
LC5485,Chiba Ken Logistics P3,140.0651,35.7931,MFS40,MEDIUM_WAREHOUSE,medium
LC5486,Chiba Ken Logistics P4,139.9484,35.7946,MFS40,LOGISTICS_HUB,medium
LC5487,Chiba Ken Logistics P4,140.0033,35.7700,MFS40,LOGISTICS_HUB,medium
LC5488,Chiba Ken Logistics P4,139.9753,35.8593,MFS40,LARGE_DISTRIBUTION,medium
LC5489,Chiba Ken Logistics P4,140.1030,35.4321,MFS40,LARGE_DISTRIBUTION,medium
LC5490,Chiba Ken Logistics P4,140.0581,35.8054,MFS40,LOGISTICS_HUB,medium
LC5491,Chiba Ken Logistics P5,139.9197,35.7962,MFS40,LARGE_DISTRIBUTION,medium
LC5492,Chiba Ken Logistics P5,140.0046,35.7757,MFS40,LARGE_DISTRIBUTION,medium
LC5493,Chiba Ken Logistics P5,139.9895,35.8540,MFS40,LOGISTICS_HUB,medium
LC5494,Chiba Ken Logistics P5,140.1204,35.4441,MFS40,LARGE_DISTRIBUTION,medium
LC5495,Chiba Ken Logistics P5,140.0602,35.7934,MFS40,LARGE_DISTRIBUTION,medium
LC5496,Chiba Ken Logistics P6,139.9634,35.8147,MFS40,LOGISTICS_HUB,medium
LC5497,Chiba Ken Logistics P6,139.9978,35.7599,MFS40,LOGISTICS_HUB,medium
LC5498,Chiba Ken Logistics P6,139.9909,35.8702,MFS40,LOGISTICS_HUB,medium
LC5499,Chiba Ken Logistics P6,140.1071,35.4187,MFS40,LARGE_DISTRIBUTION,medium
LC5500,Chiba Ken Logistics P6,140.0492,35.7874,MFS40,LOGISTICS_HUB,medium
LC5501,Chiba Ken Logistics P7,139.9272,35.8209,MFS40,LARGE_DISTRIBUTION,medium
LC5502,Chiba Ken Logistics P7,140.0202,35.7610,MFS40,LOGISTICS_HUB,medium
LC5503,Chiba Ken Logistics P7,139.9905,35.8594,MFS40,MEDIUM_WAREHOUSE,medium
LC5504,Chiba Ken Logistics P7,140.1269,35.4235,MFS40,LARGE_DISTRIBUTION,medium
LC5505,Chiba Ken Logistics P1,139.9107,35.9132,MFS41,MEDIUM_WAREHOUSE,medium
LC5506,Chiba Ken Logistics P1,140.2794,35.1599,MFS41,LOGISTICS_HUB,medium
LC5507,Chiba Ken Logistics P1,139.8661,35.9851,MFS41,LARGE_DISTRIBUTION,medium
LC5508,Chiba Ken Logistics P2,139.9139,35.8608,MFS41,LOGISTICS_HUB,medium
LC5509,Chiba Ken Logistics P2,140.2742,35.1909,MFS41,MEDIUM_WAREHOUSE,medium
LC5510,Chiba Ken Logistics P2,139.8572,35.9939,MFS41,LOGISTICS_HUB,medium
LC5511,Chiba Ken Logistics P3,139.9257,35.8975,MFS41,LOGISTICS_HUB,medium
LC5512,Chiba Ken Logistics P3,140.2529,35.1988,MFS41,MEDIUM_WAREHOUSE,medium
LC5513,Chiba Ken Logistics P3,139.8855,35.9598,MFS41,LARGE_DISTRIBUTION,medium
LC5514,Chiba Ken Logistics P4,139.9292,35.8863,MFS41,MEDIUM_WAREHOUSE,medium
LC5515,Chiba Ken Logistics P4,140.2780,35.1626,MFS41,LARGE_DISTRIBUTION,medium
LC5516,Chiba Ken Logistics P4,139.8649,35.9712,MFS41,LARGE_DISTRIBUTION,medium
LC5517,Chiba Ken Logistics P5,139.9384,35.8637,MFS41,LARGE_DISTRIBUTION,medium
LC5518,Chiba Ken Logistics P5,140.2687,35.1924,MFS41,LARGE_DISTRIBUTION,medium
LC5519,Chiba Ken Logistics P5,139.8442,35.9767,MFS41,MEDIUM_WAREHOUSE,medium
LC5520,Chiba Ken Logistics P6,139.9209,35.8748,MFS41,LARGE_DISTRIBUTION,medium
LC5521,Chiba Ken Logistics P6,140.2745,35.2064,MFS41,MEDIUM_WAREHOUSE,medium
LC5522,Chiba Ken Logistics P6,139.8673,35.9867,MFS41,LOGISTICS_HUB,medium
LC5523,Chiba Ken Logistics P7,139.9270,35.8740,MFS41,LARGE_DISTRIBUTION,medium
LC5524,Chiba Ken Logistics P7,140.2726,35.1527,MFS41,MEDIUM_WAREHOUSE,medium
LC5525,Chiba Ken Logistics P7,139.8933,35.9611,MFS41,MEDIUM_WAREHOUSE,medium
LC5526,Chiba Ken Logistics P8,139.9256,35.8675,MFS41,MEDIUM_WAREHOUSE,medium
LC5527,Chiba Ken Logistics P8,140.2664,35.1772,MFS41,LARGE_DISTRIBUTION,medium
LC5528,Chiba Ken Logistics P8,139.8642,35.9746,MFS41,LARGE_DISTRIBUTION,medium
LC5529,Chiba Ken Logistics P9,139.9347,35.8708,MFS41,LOGISTICS_HUB,medium
LC5530,Chiba Ken Logistics P9,140.2590,35.1765,MFS41,LOGISTICS_HUB,medium
LC5531,Chiba Ken Logistics P9,139.8633,35.9773,MFS41,LOGISTICS_HUB,medium
LC5532,Chiba Ken Logistics P10,139.9258,35.8904,MFS41,MEDIUM_WAREHOUSE,medium
LC5533,Chiba Ken Logistics P10,140.2816,35.1725,MFS41,LOGISTICS_HUB,medium
LC5534,Chiba Ken Logistics P10,139.8498,35.9659,MFS41,LOGISTICS_HUB,medium
LC5535,Chiba Ken Logistics P11,139.9332,35.8754,MFS41,LOGISTICS_HUB,medium
LC5536,Chiba Ken Logistics P11,140.2752,35.1879,MFS41,LARGE_DISTRIBUTION,medium
LC5537,Chiba Ken Logistics P11,139.8516,35.9893,MFS41,MEDIUM_WAREHOUSE,medium
LC5538,Chiba Ken Logistics P12,139.9318,35.8621,MFS41,MEDIUM_WAREHOUSE,medium
LC5539,Chiba Ken Logistics P12,140.2898,35.1653,MFS41,LOGISTICS_HUB,medium
LC5540,Chiba Ken Logistics P12,139.8439,35.9748,MFS41,MEDIUM_WAREHOUSE,medium
LC5541,Chiba Ken Logistics P13,139.9110,35.8587,MFS41,LOGISTICS_HUB,medium
LC5542,Chiba Ken Logistics P13,140.2551,35.1570,MFS41,LARGE_DISTRIBUTION,medium
LC5543,Chiba Ken Logistics P13,139.8502,35.9929,MFS41,LARGE_DISTRIBUTION,medium
LC5544,Chiba Ken Logistics P1,140.1054,35.7393,MFS42,MEDIUM_WAREHOUSE,medium
LC5545,Chiba Ken Logistics P1,140.2185,35.6957,MFS42,LARGE_DISTRIBUTION,medium
LC5546,Chiba Ken Logistics P1,139.9435,35.6701,MFS42,MEDIUM_WAREHOUSE,medium
LC5547,Chiba Ken Logistics P1,140.2905,35.6414,MFS42,LOGISTICS_HUB,medium
LC5548,Chiba Ken Logistics P1,140.2824,35.7293,MFS42,LOGISTICS_HUB,medium
LC5549,Chiba Ken Logistics P2,140.0977,35.7412,MFS42,LOGISTICS_HUB,medium
LC5550,Chiba Ken Logistics P2,140.1892,35.6921,MFS42,LOGISTICS_HUB,medium
LC5551,Chiba Ken Logistics P2,139.9908,35.7036,MFS42,MEDIUM_WAREHOUSE,medium
LC5552,Chiba Ken Logistics P2,140.2849,35.6440,MFS42,LOGISTICS_HUB,medium
LC5553,Chiba Ken Logistics P2,140.2739,35.7378,MFS42,LARGE_DISTRIBUTION,medium
LC5554,Chiba Ken Logistics P3,140.1004,35.7355,MFS42,LARGE_DISTRIBUTION,medium
LC5555,Chiba Ken Logistics P3,140.2292,35.7049,MFS42,LARGE_DISTRIBUTION,medium
LC5556,Chiba Ken Logistics P3,139.971092,35.684776,MFS42,LARGE_DISTRIBUTION,medium
LC5557,Chiba Ken Logistics P3,140.3265,35.6375,MFS42,LARGE_DISTRIBUTION,medium
LC5558,Chiba Ken Logistics P3,140.2755,35.7430,MFS42,LARGE_DISTRIBUTION,medium
LC5559,Chiba Ken Logistics P4,140.1281,35.7381,MFS42,MEDIUM_WAREHOUSE,medium
LC5560,Chiba Ken Logistics P4,140.1928,35.7155,MFS42,LOGISTICS_HUB,medium
LC5561,Chiba Ken Logistics P4,140.0027,35.6923,MFS42,LARGE_DISTRIBUTION,medium
LC5562,Chiba Ken Logistics P4,140.2856,35.6376,MFS42,LOGISTICS_HUB,medium
LC5563,Chiba Ken Logistics P4,140.2789,35.7289,MFS42,LARGE_DISTRIBUTION,medium
LC5564,Chiba Ken Logistics P5,140.0739,35.7302,MFS42,MEDIUM_WAREHOUSE,medium
LC5565,Chiba Ken Logistics P5,140.2212,35.7102,MFS42,LARGE_DISTRIBUTION,medium
LC5566,Chiba Ken Logistics P1,139.9848,35.3807,MFS44,MEDIUM_WAREHOUSE,medium
LC5567,Chiba Ken Logistics P1,140.0218,35.4190,MFS44,LOGISTICS_HUB,medium
LC5568,Chiba Ken Logistics P1,140.0114,35.2696,MFS44,LARGE_DISTRIBUTION,medium
LC5569,Chiba Ken Logistics P1,140.3116,35.5465,MFS44,MEDIUM_WAREHOUSE,medium
LC5570,Chiba Ken Logistics P2,139.9866,35.3755,MFS44,LOGISTICS_HUB,medium
LC5571,Chiba Ken Logistics P2,140.0126,35.4132,MFS44,LOGISTICS_HUB,medium
LC5572,Chiba Ken Logistics P2,139.9943,35.2608,MFS44,LARGE_DISTRIBUTION,medium
LC5573,Chiba Ken Logistics P2,140.3395,35.5219,MFS44,LOGISTICS_HUB,medium
LC5574,Chiba Ken Logistics P3,139.9706,35.3729,MFS44,LOGISTICS_HUB,medium
LC5575,Chiba Ken Logistics P3,140.0145,35.4236,MFS44,LOGISTICS_HUB,medium
LC5576,Chiba Ken Logistics P3,140.0322,35.2645,MFS44,LOGISTICS_HUB,medium
LC5577,Chiba Ken Logistics P3,140.3120,35.5392,MFS44,MEDIUM_WAREHOUSE,medium
LC5578,Chiba Ken Logistics P1,140.5412,35.6954,MFS45,LOGISTICS_HUB,medium
LC5579,Chiba Ken Logistics P1,140.3696,35.3761,MFS45,LARGE_DISTRIBUTION,medium
LC5580,Chiba Ken Logistics P1,140.3238,35.3011,MFS45,MEDIUM_WAREHOUSE,medium
LC5581,Chiba Ken Logistics P1,139.9011,35.0391,MFS45,LARGE_DISTRIBUTION,medium
LC5582,Chiba Ken Logistics P1,140.2084,35.3779,MFS45,LOGISTICS_HUB,medium
LC5583,Chiba Ken Logistics P1,140.3228,35.3473,MFS45,LOGISTICS_HUB,medium
LC5584,Chiba Ken Logistics P1,140.3635,35.4014,MFS45,LOGISTICS_HUB,medium
LC5585,Chiba Ken Logistics P1,140.2038,35.2575,MFS45,LARGE_DISTRIBUTION,medium
LC5586,Chiba Ken Logistics P1,140.3813,35.4360,MFS45,LARGE_DISTRIBUTION,medium
LC5587,Chiba Ken Logistics P1,140.3455,35.2124,MFS45,LOGISTICS_HUB,medium
LC5588,Chiba Ken Logistics P1,140.0818,35.1182,MFS45,LOGISTICS_HUB,medium
LC5589,Chiba Ken Logistics P2,140.5552,35.6850,MFS45,LOGISTICS_HUB,medium
LC5590,Chiba Ken Logistics P2,140.3675,35.3714,MFS45,LOGISTICS_HUB,medium
LC5591,Chiba Ken Logistics P2,140.3425,35.2719,MFS45,LARGE_DISTRIBUTION,medium
LC5592,Chiba Ken Logistics P2,139.9269,35.0424,MFS45,MEDIUM_WAREHOUSE,medium
LC5593,Chiba Ken Logistics P2,140.2439,35.3815,MFS45,LARGE_DISTRIBUTION,medium
LC5594,Chiba Ken Logistics P2,140.3152,35.3582,MFS45,LARGE_DISTRIBUTION,medium
LC5595,Chiba Ken Logistics P2,140.3303,35.3820,MFS45,MEDIUM_WAREHOUSE,medium
LC5596,Chiba Ken Logistics P2,140.1921,35.2544,MFS45,LOGISTICS_HUB,medium
LC5597,Chiba Ken Logistics P2,140.3633,35.4457,MFS45,LOGISTICS_HUB,medium
LC5598,Chiba Ken Logistics P2,140.3592,35.1871,MFS45,MEDIUM_WAREHOUSE,medium
LC5599,Chiba Ken Logistics P2,140.1028,35.1329,MFS45,LOGISTICS_HUB,medium
LC5600,Chiba Ken Logistics P3,140.5552,35.7039,MFS45,LARGE_DISTRIBUTION,medium
LC5601,Chiba Ken Logistics P3,140.3864,35.3522,MFS45,MEDIUM_WAREHOUSE,medium
LC5602,Chiba Ken Logistics P3,140.3219,35.2760,MFS45,MEDIUM_WAREHOUSE,medium
LC5603,Chiba Ken Logistics P1,140.7713,35.7416,MFS46,MEDIUM_WAREHOUSE,medium
LC5604,Chiba Ken Logistics P1,140.1729,35.7967,MFS46,LARGE_DISTRIBUTION,medium
LC5605,Chiba Ken Logistics P1,140.5686,35.7100,MFS46,LOGISTICS_HUB,medium
LC5606,Chiba Ken Logistics P1,140.3048,35.4218,MFS46,LOGISTICS_HUB,medium
LC5607,Chiba Ken Logistics P1,140.6696,35.8112,MFS46,LARGE_DISTRIBUTION,medium
LC5608,Chiba Ken Logistics P2,140.8201,35.7468,MFS46,LARGE_DISTRIBUTION,medium
LC5609,Chiba Ken Logistics P2,140.1811,35.8099,MFS46,LARGE_DISTRIBUTION,medium
LC5610,Chiba Ken Logistics P2,140.5781,35.7110,MFS46,LOGISTICS_HUB,medium
LC5611,Chiba Ken Logistics P2,140.2922,35.4525,MFS46,LOGISTICS_HUB,medium
LC5612,Chiba Ken Logistics P2,140.6657,35.8048,MFS46,LARGE_DISTRIBUTION,medium
LC5613,Chiba Ken Logistics P3,140.7676,35.7504,MFS46,LARGE_DISTRIBUTION,medium
LC5614,Chiba Ken Logistics P3,140.1675,35.8120,MFS46,LOGISTICS_HUB,medium
LC5615,Chiba Ken Logistics P3,140.5756,35.7091,MFS46,LARGE_DISTRIBUTION,medium
LC5616,Chiba Ken Logistics P3,140.3015,35.4583,MFS46,LARGE_DISTRIBUTION,medium
LC5617,Chiba Ken Logistics P3,140.6890,35.7972,MFS46,MEDIUM_WAREHOUSE,medium
LC5618,Chiba Ken Logistics P4,140.7726,35.7157,MFS46,MEDIUM_WAREHOUSE,medium
LC5619,Chiba Ken Logistics P4,140.1727,35.7984,MFS46,LARGE_DISTRIBUTION,medium
LC5620,Chiba Ken Logistics P4,140.5567,35.7048,MFS46,LARGE_DISTRIBUTION,medium
LC5621,Chiba Ken Logistics P4,140.2987,35.4449,MFS46,LARGE_DISTRIBUTION,medium
LC5622,Chiba Ken Logistics P4,140.6784,35.8090,MFS46,MEDIUM_WAREHOUSE,medium
LC5623,Chiba Ken Logistics P5,140.7990,35.7332,MFS46,LOGISTICS_HUB,medium
LC5624,Chiba Ken Logistics P5,140.1799,35.7972,MFS46,LOGISTICS_HUB,medium
LC5625,Chiba Ken Logistics P5,140.5845,35.7027,MFS46,MEDIUM_WAREHOUSE,medium
LC5626,Chiba Ken Logistics P5,140.3076,35.4250,MFS46,MEDIUM_WAREHOUSE,medium
LC5627,Chiba Ken Logistics P5,140.6666,35.8144,MFS46,MEDIUM_WAREHOUSE,medium
LC5628,Chiba Ken Logistics P1,140.6753,35.7317,MFS47,LARGE_DISTRIBUTION,medium
LC5629,Chiba Ken Logistics P1,140.0521,35.6694,MFS47,LOGISTICS_HUB,medium
LC5630,Chiba Ken Logistics P1,140.3319,35.6277,MFS47,LOGISTICS_HUB,medium
LC5631,Chiba Ken Logistics P1,140.1806,35.6462,MFS47,LARGE_DISTRIBUTION,medium
LC5632,Chiba Ken Logistics P1,140.3480,35.5344,MFS47,LOGISTICS_HUB,medium
LC5633,Chiba Ken Logistics P1,140.3218,35.7145,MFS47,LOGISTICS_HUB,medium
LC5634,Chiba Ken Logistics P1,140.4272,35.5314,MFS47,LOGISTICS_HUB,medium
LC5635,Chiba Ken Logistics P1,140.3921,35.7451,MFS47,MEDIUM_WAREHOUSE,medium
LC5636,Chiba Ken Logistics P1,140.4816,35.6681,MFS47,LOGISTICS_HUB,medium
LC5637,Chiba Ken Logistics P1,140.4809,35.7696,MFS47,LARGE_DISTRIBUTION,medium
LC5638,Chiba Ken Logistics P2,140.6754,35.7286,MFS47,LARGE_DISTRIBUTION,medium
LC5639,Chiba Ken Logistics P2,140.0158,35.6749,MFS47,MEDIUM_WAREHOUSE,medium
LC5640,Chiba Ken Logistics P2,140.2959,35.6119,MFS47,LARGE_DISTRIBUTION,medium
LC5641,Chiba Ken Logistics P2,140.1712,35.6693,MFS47,LARGE_DISTRIBUTION,medium
LC5642,Chiba Ken Logistics P2,140.3132,35.5243,MFS47,LARGE_DISTRIBUTION,medium
LC5643,Chiba Ken Logistics P2,140.3440,35.7432,MFS47,MEDIUM_WAREHOUSE,medium
LC5644,Chiba Ken Logistics P2,140.4284,35.5202,MFS47,LARGE_DISTRIBUTION,medium
LC5645,Chiba Ken Logistics P2,140.4081,35.7409,MFS47,LOGISTICS_HUB,medium
LC5646,Chiba Ken Logistics P2,140.4906,35.6673,MFS47,LOGISTICS_HUB,medium
LC5647,Chiba Ken Logistics P2,140.4577,35.7475,MFS47,LARGE_DISTRIBUTION,medium
LC5648,Chiba Ken Logistics P3,140.6542,35.7271,MFS47,LARGE_DISTRIBUTION,medium
LC5649,Chiba Ken Logistics P3,140.0250,35.6789,MFS47,LARGE_DISTRIBUTION,medium
LC5650,Chiba Ken Logistics P3,140.3327,35.6010,MFS47,LARGE_DISTRIBUTION,medium
LC5651,Chiba Ken Logistics P3,140.1633,35.6611,MFS47,MEDIUM_WAREHOUSE,medium
LC5652,Chiba Ken Logistics P3,140.3327,35.5216,MFS47,MEDIUM_WAREHOUSE,medium
LC5653,Chiba Ken Logistics P3,140.3224,35.7163,MFS47,LARGE_DISTRIBUTION,medium
LC5654,Chiba Ken Logistics P3,140.4320,35.5446,MFS47,LARGE_DISTRIBUTION,medium
LC5655,Chiba Ken Logistics P3,140.4441,35.7311,MFS47,MEDIUM_WAREHOUSE,medium
LC5656,Chiba Ken Logistics P3,140.5010,35.6550,MFS47,LOGISTICS_HUB,medium
LC5657,Chiba Ken Logistics P3,140.5015,35.7578,MFS47,LOGISTICS_HUB,medium
LC5658,Chiba Ken Logistics P4,140.6448,35.7351,MFS47,LOGISTICS_HUB,medium
LC5659,Chiba Ken Logistics P4,140.0517,35.6757,MFS47,LOGISTICS_HUB,medium
LC5660,Chiba Ken Logistics P4,140.3219,35.6019,MFS47,LOGISTICS_HUB,medium
LC5661,Chiba Ken Logistics P4,140.1839,35.6916,MFS47,LARGE_DISTRIBUTION,medium
LC5662,Chiba Ken Logistics P4,140.3451,35.5107,MFS47,LOGISTICS_HUB,medium
LC5663,Chiba Ken Logistics P4,140.3198,35.7118,MFS47,MEDIUM_WAREHOUSE,medium
LC5664,Chiba Ken Logistics P4,140.4220,35.5385,MFS47,LARGE_DISTRIBUTION,medium
LC5665,Chiba Ken Logistics P4,140.4090,35.6982,MFS47,LARGE_DISTRIBUTION,medium
LC5666,Chiba Ken Logistics P4,140.4939,35.6430,MFS47,LARGE_DISTRIBUTION,medium
LC5667,Chiba Ken Logistics P4,140.4794,35.7583,MFS47,MEDIUM_WAREHOUSE,medium
LC5668,Chiba Ken Logistics P5,140.6698,35.7354,MFS47,LOGISTICS_HUB,medium
LC5669,Ibaraki Ken Logistics P1,140.2043,36.1091,MFS48,LARGE_DISTRIBUTION,medium
LC5670,Ibaraki Ken Logistics P1,140.2221,36.2120,MFS48,MEDIUM_WAREHOUSE,medium
LC5671,Ibaraki Ken Logistics P1,140.5072,36.1649,MFS48,MEDIUM_WAREHOUSE,medium
LC5672,Ibaraki Ken Logistics P1,140.0581,35.9957,MFS48,LOGISTICS_HUB,medium
LC5673,Ibaraki Ken Logistics P2,140.2096,36.0950,MFS48,MEDIUM_WAREHOUSE,medium
LC5674,Ibaraki Ken Logistics P2,140.1998,36.2435,MFS48,LARGE_DISTRIBUTION,medium
LC5675,Ibaraki Ken Logistics P2,140.5316,36.1825,MFS48,LOGISTICS_HUB,medium
LC5676,Ibaraki Ken Logistics P2,140.0444,35.9924,MFS48,LARGE_DISTRIBUTION,medium
LC5677,Ibaraki Ken Logistics P3,140.1927,36.1178,MFS48,LARGE_DISTRIBUTION,medium
LC5678,Ibaraki Ken Logistics P3,140.2231,36.2081,MFS48,LOGISTICS_HUB,medium
LC5679,Ibaraki Ken Logistics P3,140.5486,36.1859,MFS48,LOGISTICS_HUB,medium
LC5680,Ibaraki Ken Logistics P3,140.0495,35.9574,MFS48,LARGE_DISTRIBUTION,medium
LC5681,Ibaraki Ken Logistics P4,140.2034,36.0805,MFS48,LARGE_DISTRIBUTION,medium
LC5682,Ibaraki Ken Logistics P4,140.2124,36.2239,MFS48,MEDIUM_WAREHOUSE,medium
LC5683,Ibaraki Ken Logistics P4,140.5133,36.1549,MFS48,MEDIUM_WAREHOUSE,medium
LC5684,Ibaraki Ken Logistics P4,140.0409,35.9802,MFS48,LOGISTICS_HUB,medium
LC5685,Ibaraki Ken Logistics P5,140.1916,36.1076,MFS48,LARGE_DISTRIBUTION,medium
LC5686,Ibaraki Ken Logistics P5,140.2264,36.2209,MFS48,LARGE_DISTRIBUTION,medium
LC5687,Ibaraki Ken Logistics P5,140.5316,36.1622,MFS48,LOGISTICS_HUB,medium
LC5688,Ibaraki Ken Logistics P5,140.0320,35.9668,MFS48,LARGE_DISTRIBUTION,medium
LC5689,Ibaraki Ken Logistics P6,140.2062,36.1067,MFS48,MEDIUM_WAREHOUSE,medium
LC5690,Ibaraki Ken Logistics P6,140.2377,36.2008,MFS48,LARGE_DISTRIBUTION,medium
LC5691,Ibaraki Ken Logistics P6,140.5397,36.1757,MFS48,MEDIUM_WAREHOUSE,medium
LC5692,Ibaraki Ken Logistics P6,140.0575,35.9864,MFS48,LARGE_DISTRIBUTION,medium
LC5693,Ibaraki Ken Logistics P7,140.1945,36.0957,MFS48,MEDIUM_WAREHOUSE,medium
LC5694,Ibaraki Ken Logistics P7,140.2415,36.2187,MFS48,MEDIUM_WAREHOUSE,medium
LC5695,Ibaraki Ken Logistics P7,140.5142,36.1638,MFS48,LARGE_DISTRIBUTION,medium
LC5696,Ibaraki Ken Logistics P7,140.0273,35.9665,MFS48,MEDIUM_WAREHOUSE,medium
LC5697,Ibaraki Ken Logistics P8,140.1958,36.1197,MFS48,LOGISTICS_HUB,medium
LC5698,Ibaraki Ken Logistics P8,140.2135,36.2292,MFS48,LOGISTICS_HUB,medium
LC5699,Ibaraki Ken Logistics P8,140.5095,36.1881,MFS48,LOGISTICS_HUB,medium
LC5700,Ibaraki Ken Logistics P8,140.0502,35.9775,MFS48,LOGISTICS_HUB,medium
LC5701,Ibaraki Ken Logistics P9,140.1900,36.1148,MFS48,LOGISTICS_HUB,medium
LC5702,Ibaraki Ken Logistics P9,140.2133,36.2262,MFS48,LARGE_DISTRIBUTION,medium
LC5703,Ibaraki Ken Logistics P9,140.5268,36.1958,MFS48,LARGE_DISTRIBUTION,medium
LC5704,Ibaraki Ken Logistics P9,140.0261,36.0000,MFS48,LOGISTICS_HUB,medium
LC5705,Ibaraki Ken Logistics P10,140.1822,36.1107,MFS48,MEDIUM_WAREHOUSE,medium
LC5706,Ibaraki Ken Logistics P10,140.2628,36.2221,MFS48,MEDIUM_WAREHOUSE,medium
LC5707,Ibaraki Ken Logistics P10,140.5286,36.1803,MFS48,LOGISTICS_HUB,medium
LC5708,Ibaraki Ken Logistics P10,140.0346,35.9960,MFS48,MEDIUM_WAREHOUSE,medium
LC5709,Ibaraki Ken Logistics P11,140.1731,36.1254,MFS48,MEDIUM_WAREHOUSE,medium
LC5710,Ibaraki Ken Logistics P1,139.9568,36.0791,MFS49,MEDIUM_WAREHOUSE,medium
LC5711,Ibaraki Ken Logistics P1,140.2993,36.3379,MFS49,LARGE_DISTRIBUTION,medium
LC5712,Ibaraki Ken Logistics P1,140.3874,35.9396,MFS49,MEDIUM_WAREHOUSE,medium
LC5713,Ibaraki Ken Logistics P1,139.7363,36.0960,MFS49,LARGE_DISTRIBUTION,medium
LC5714,Ibaraki Ken Logistics P1,139.8804,36.1794,MFS49,MEDIUM_WAREHOUSE,medium
LC5715,Ibaraki Ken Logistics P1,139.8127,36.1025,MFS49,LOGISTICS_HUB,medium
LC5716,Ibaraki Ken Logistics P2,139.9573,36.0411,MFS49,LARGE_DISTRIBUTION,medium
LC5717,Ibaraki Ken Logistics P2,140.2360,36.3648,MFS49,LARGE_DISTRIBUTION,medium
LC5718,Ibaraki Ken Logistics P2,140.3544,35.9531,MFS49,MEDIUM_WAREHOUSE,medium
LC5719,Ibaraki Ken Logistics P2,139.7505,36.1167,MFS49,MEDIUM_WAREHOUSE,medium
LC5720,Ibaraki Ken Logistics P2,139.8830,36.1749,MFS49,MEDIUM_WAREHOUSE,medium
LC5721,Ibaraki Ken Logistics P2,139.8648,36.0750,MFS49,LARGE_DISTRIBUTION,medium
LC5722,Ibaraki Ken Logistics P3,139.9589,36.0808,MFS49,LARGE_DISTRIBUTION,medium
LC5723,Ibaraki Ken Logistics P3,140.2822,36.3549,MFS49,LOGISTICS_HUB,medium
LC5724,Ibaraki Ken Logistics P3,140.4111,35.9386,MFS49,LARGE_DISTRIBUTION,medium
LC5725,Ibaraki Ken Logistics P3,139.7948,36.1134,MFS49,LOGISTICS_HUB,medium
LC5726,Ibaraki Ken Logistics P3,139.8761,36.1846,MFS49,LOGISTICS_HUB,medium
LC5727,Ibaraki Ken Logistics P3,139.8240,36.1089,MFS49,LOGISTICS_HUB,medium
LC5728,Ibaraki Ken Logistics P4,139.9527,36.0570,MFS49,MEDIUM_WAREHOUSE,medium
LC5729,Ibaraki Ken Logistics P4,140.2738,36.3568,MFS49,MEDIUM_WAREHOUSE,medium
LC5730,Ibaraki Ken Logistics P4,140.3634,35.9546,MFS49,LOGISTICS_HUB,medium
LC5731,Ibaraki Ken Logistics P4,139.7578,36.0848,MFS49,LARGE_DISTRIBUTION,medium
LC5732,Ibaraki Ken Logistics P4,139.8840,36.1962,MFS49,LARGE_DISTRIBUTION,medium
LC5733,Ibaraki Ken Logistics P4,139.8520,36.1116,MFS49,LOGISTICS_HUB,medium
LC5734,Ibaraki Ken Logistics P5,139.9420,36.0680,MFS49,LOGISTICS_HUB,medium
LC5735,Ibaraki Ken Logistics P5,140.2597,36.3709,MFS49,MEDIUM_WAREHOUSE,medium
LC5736,Ibaraki Ken Logistics P5,140.3514,35.9523,MFS49,LOGISTICS_HUB,medium
LC5737,Ibaraki Ken Logistics P5,139.7139,36.1142,MFS49,LOGISTICS_HUB,medium
LC5738,Ibaraki Ken Logistics P5,139.8990,36.1812,MFS49,MEDIUM_WAREHOUSE,medium
LC5739,Ibaraki Ken Logistics P5,139.8449,36.0617,MFS49,LOGISTICS_HUB,medium
LC5740,Ibaraki Ken Logistics P6,139.9648,36.0614,MFS49,LOGISTICS_HUB,medium
LC5741,Ibaraki Ken Logistics P6,140.2686,36.3542,MFS49,LOGISTICS_HUB,medium
LC5742,Ibaraki Ken Logistics P6,140.3563,35.9530,MFS49,LARGE_DISTRIBUTION,medium
LC5743,Ibaraki Ken Logistics P6,139.7766,36.0841,MFS49,LOGISTICS_HUB,medium
LC5744,Ibaraki Ken Logistics P6,139.8847,36.1969,MFS49,MEDIUM_WAREHOUSE,medium
LC5745,Ibaraki Ken Logistics P6,139.8306,36.0840,MFS49,MEDIUM_WAREHOUSE,medium
LC5746,Ibaraki Ken Logistics P7,139.9733,36.0671,MFS49,MEDIUM_WAREHOUSE,medium
LC5747,Ibaraki Ken Logistics P7,140.2530,36.3568,MFS49,MEDIUM_WAREHOUSE,medium
LC5748,Ibaraki Ken Logistics P7,140.3656,35.9555,MFS49,LOGISTICS_HUB,medium
LC5749,Ibaraki Ken Logistics P7,139.7304,36.1037,MFS49,LOGISTICS_HUB,medium
LC5750,Ibaraki Ken Logistics P7,139.9044,36.1911,MFS49,MEDIUM_WAREHOUSE,medium
LC5751,Ibaraki Ken Logistics P1,140.0734,36.1044,MFS50,MEDIUM_WAREHOUSE,medium
LC5752,Ibaraki Ken Logistics P2,140.0760,36.1146,MFS50,MEDIUM_WAREHOUSE,medium
LC5753,Ibaraki Ken Logistics P3,140.0958,36.0944,MFS50,MEDIUM_WAREHOUSE,medium
LC5754,Ibaraki Ken Logistics P4,140.0924,36.1118,MFS50,LARGE_DISTRIBUTION,medium
LC5755,Ibaraki Ken Logistics P5,140.0896,36.0935,MFS50,MEDIUM_WAREHOUSE,medium
LC5756,Ibaraki Ken Logistics P6,140.0817,36.0963,MFS50,MEDIUM_WAREHOUSE,medium
LC5757,Ibaraki Ken Logistics P7,140.0986,36.1082,MFS50,LARGE_DISTRIBUTION,medium
LC5758,Ibaraki Ken Logistics P8,140.0976,36.0996,MFS50,MEDIUM_WAREHOUSE,medium
LC5759,Ibaraki Ken Logistics P9,140.0841,36.0980,MFS50,LOGISTICS_HUB,medium
LC5760,Ibaraki Ken Logistics P10,140.1120,36.1151,MFS50,LARGE_DISTRIBUTION,medium
LC5761,Ibaraki Ken Logistics P11,140.0978,36.0957,MFS50,MEDIUM_WAREHOUSE,medium
LC5762,Ibaraki Ken Logistics P12,140.0494,36.1064,MFS50,MEDIUM_WAREHOUSE,medium
LC5763,Ibaraki Ken Logistics P13,140.0964,36.1331,MFS50,LARGE_DISTRIBUTION,medium
LC5764,Ibaraki Ken Logistics P14,140.0779,36.1038,MFS50,LOGISTICS_HUB,medium
LC5765,Ibaraki Ken Logistics P15,140.1121,36.1194,MFS50,LARGE_DISTRIBUTION,medium
LC5766,Ibaraki Ken Logistics P16,140.0756,36.1091,MFS50,LOGISTICS_HUB,medium
LC5767,Ibaraki Ken Logistics P17,140.0788,36.1137,MFS50,MEDIUM_WAREHOUSE,medium
LC5768,Ibaraki Ken Logistics P18,140.1034,36.0842,MFS50,LOGISTICS_HUB,medium
LC5769,Ibaraki Ken Logistics P19,140.0978,36.1103,MFS50,LARGE_DISTRIBUTION,medium
LC5770,Ibaraki Ken Logistics P20,140.0804,36.0980,MFS50,MEDIUM_WAREHOUSE,medium
LC5771,Ibaraki Ken Logistics P21,140.0673,36.1122,MFS50,LOGISTICS_HUB,medium
LC5772,Ibaraki Ken Logistics P22,140.0954,36.0912,MFS50,LOGISTICS_HUB,medium
LC5773,Ibaraki Ken Logistics P1,139.9735,35.9485,MFS51,LARGE_DISTRIBUTION,medium
LC5774,Ibaraki Ken Logistics P1,140.3287,36.6206,MFS51,LOGISTICS_HUB,medium
LC5775,Ibaraki Ken Logistics P2,139.9952,35.9427,MFS51,LARGE_DISTRIBUTION,medium
LC5776,Ibaraki Ken Logistics P2,140.3357,36.6232,MFS51,MEDIUM_WAREHOUSE,medium
LC5777,Ibaraki Ken Logistics P3,139.9861,35.9630,MFS51,LARGE_DISTRIBUTION,medium
LC5778,Ibaraki Ken Logistics P3,140.3427,36.6086,MFS51,LOGISTICS_HUB,medium
LC5779,Ibaraki Ken Logistics P4,139.9594,35.9598,MFS51,MEDIUM_WAREHOUSE,medium
LC5780,Ibaraki Ken Logistics P4,140.3704,36.5946,MFS51,MEDIUM_WAREHOUSE,medium
LC5781,Ibaraki Ken Logistics P5,139.9769,35.9439,MFS51,LOGISTICS_HUB,medium
LC5782,Ibaraki Ken Logistics P5,140.3574,36.5867,MFS51,LOGISTICS_HUB,medium
LC5783,Ibaraki Ken Logistics P6,139.9736,35.9433,MFS51,MEDIUM_WAREHOUSE,medium
LC5784,Ibaraki Ken Logistics P6,140.3676,36.6283,MFS51,LARGE_DISTRIBUTION,medium
LC5785,Ibaraki Ken Logistics P7,139.9568,35.9739,MFS51,MEDIUM_WAREHOUSE,medium
LC5786,Ibaraki Ken Logistics P7,140.3480,36.6216,MFS51,LOGISTICS_HUB,medium
LC5787,Ibaraki Ken Logistics P8,139.9872,35.9455,MFS51,MEDIUM_WAREHOUSE,medium
LC5788,Ibaraki Ken Logistics P8,140.3366,36.6098,MFS51,LARGE_DISTRIBUTION,medium
LC5789,Ibaraki Ken Logistics P9,139.9767,35.9386,MFS51,LOGISTICS_HUB,medium
LC5790,Ibaraki Ken Logistics P9,140.3216,36.5976,MFS51,MEDIUM_WAREHOUSE,medium
LC5791,Ibaraki Ken Logistics P10,139.9640,35.9688,MFS51,LOGISTICS_HUB,medium
LC5792,Ibaraki Ken Logistics P10,140.3424,36.6090,MFS51,LOGISTICS_HUB,medium
LC5793,Ibaraki Ken Logistics P11,139.9853,35.9422,MFS51,MEDIUM_WAREHOUSE,medium
LC5794,Ibaraki Ken Logistics P11,140.3343,36.6013,MFS51,LARGE_DISTRIBUTION,medium
LC5795,Ibaraki Ken Logistics P12,140.0035,35.9334,MFS51,MEDIUM_WAREHOUSE,medium
LC5796,Ibaraki Ken Logistics P12,140.3037,36.6212,MFS51,LOGISTICS_HUB,medium
LC5797,Ibaraki Ken Logistics P13,139.9633,35.9486,MFS51,LARGE_DISTRIBUTION,medium
LC5798,Ibaraki Ken Logistics P13,140.3020,36.6046,MFS51,MEDIUM_WAREHOUSE,medium
LC5799,Ibaraki Ken Logistics P14,139.9791,35.9696,MFS51,LARGE_DISTRIBUTION,medium
LC5800,Ibaraki Ken Logistics P14,140.3450,36.6165,MFS51,MEDIUM_WAREHOUSE,medium
LC5801,Ibaraki Ken Logistics P15,139.9885,35.9564,MFS51,LARGE_DISTRIBUTION,medium
LC5802,Ibaraki Ken Logistics P15,140.3403,36.6084,MFS51,MEDIUM_WAREHOUSE,medium
LC5803,Ibaraki Ken Logistics P16,139.9474,35.9162,MFS51,MEDIUM_WAREHOUSE,medium
LC5804,Ibaraki Ken Logistics P16,140.3400,36.5977,MFS51,MEDIUM_WAREHOUSE,medium
LC5805,Ibaraki Ken Logistics P17,139.9910,35.9608,MFS51,MEDIUM_WAREHOUSE,medium
LC5806,Ibaraki Ken Logistics P17,140.3275,36.6225,MFS51,MEDIUM_WAREHOUSE,medium
LC5807,Ibaraki Ken Logistics P18,139.9674,35.9653,MFS51,LARGE_DISTRIBUTION,medium
LC5808,Ibaraki Ken Logistics P18,140.3366,36.6273,MFS51,LARGE_DISTRIBUTION,medium
LC5809,Ibaraki Ken Logistics P19,139.9724,35.9526,MFS51,MEDIUM_WAREHOUSE,medium
LC5810,Ibaraki Ken Logistics P19,140.3399,36.5970,MFS51,MEDIUM_WAREHOUSE,medium
LC5811,Ibaraki Ken Logistics P20,140.0016,35.9503,MFS51,LOGISTICS_HUB,medium
LC5812,Ibaraki Ken Logistics P20,140.3463,36.5998,MFS51,MEDIUM_WAREHOUSE,medium
LC5813,Ibaraki Ken Logistics P21,139.9961,35.9630,MFS51,LARGE_DISTRIBUTION,medium
LC5814,Ibaraki Ken Logistics P21,140.3282,36.6319,MFS51,LOGISTICS_HUB,medium
LC5815,Ibaraki Ken Logistics P22,139.9950,35.9466,MFS51,MEDIUM_WAREHOUSE,medium
LC5816,Ibaraki Ken Logistics P22,140.3204,36.6049,MFS51,MEDIUM_WAREHOUSE,medium
LC5817,Ibaraki Ken Logistics P23,139.9616,35.9634,MFS51,MEDIUM_WAREHOUSE,medium
LC5818,Ibaraki Ken Logistics P23,140.3223,36.6054,MFS51,MEDIUM_WAREHOUSE,medium
LC5819,Ibaraki Ken Logistics P24,139.9852,35.9625,MFS51,LOGISTICS_HUB,medium
LC5820,Ibaraki Ken Logistics P24,140.3509,36.6352,MFS51,LARGE_DISTRIBUTION,medium
LC5821,Ibaraki Ken Logistics P25,140.0004,35.9497,MFS51,LARGE_DISTRIBUTION,medium
LC5822,Ibaraki Ken Logistics P25,140.3355,36.5812,MFS51,MEDIUM_WAREHOUSE,medium
LC5823,Ibaraki Ken Logistics P1,140.5216,36.6495,MFS52,MEDIUM_WAREHOUSE,medium
LC5824,Ibaraki Ken Logistics P1,139.8463,36.2889,MFS52,LOGISTICS_HUB,medium
LC5825,Ibaraki Ken Logistics P1,140.3144,36.1397,MFS52,MEDIUM_WAREHOUSE,medium
LC5826,Ibaraki Ken Logistics P1,139.8259,36.0977,MFS52,MEDIUM_WAREHOUSE,medium
LC5827,Ibaraki Ken Logistics P1,140.1879,35.9039,MFS52,LOGISTICS_HUB,medium
LC5828,Ibaraki Ken Logistics P1,140.1801,35.8741,MFS52,LOGISTICS_HUB,medium
LC5829,Chiba Ken Logistics P1,140.2743,35.8108,MFS52,MEDIUM_WAREHOUSE,medium
LC5830,Chiba Ken Logistics P1,140.0661,35.8687,MFS52,LARGE_DISTRIBUTION,medium
LC5831,Ibaraki Ken Logistics P2,140.5046,36.6471,MFS52,MEDIUM_WAREHOUSE,medium
LC5832,Ibaraki Ken Logistics P2,139.8745,36.2475,MFS52,MEDIUM_WAREHOUSE,medium
LC5833,Ibaraki Ken Logistics P2,140.2859,36.0934,MFS52,LARGE_DISTRIBUTION,medium
LC5834,Ibaraki Ken Logistics P2,139.8518,36.1110,MFS52,MEDIUM_WAREHOUSE,medium
LC5835,Ibaraki Ken Logistics P2,140.1635,35.9143,MFS52,MEDIUM_WAREHOUSE,medium
LC5836,Ibaraki Ken Logistics P2,140.1600,35.8656,MFS52,MEDIUM_WAREHOUSE,medium
LC5837,Chiba Ken Logistics P2,140.2386,35.8125,MFS52,LOGISTICS_HUB,medium
LC5838,Chiba Ken Logistics P2,140.0688,35.8909,MFS52,LARGE_DISTRIBUTION,medium
LC5839,Ibaraki Ken Logistics P3,140.5047,36.6557,MFS52,LARGE_DISTRIBUTION,medium
LC5840,Ibaraki Ken Logistics P3,139.8723,36.2725,MFS52,LOGISTICS_HUB,medium
LC5841,Ibaraki Ken Logistics P3,140.2762,36.1142,MFS52,LOGISTICS_HUB,medium
LC5842,Ibaraki Ken Logistics P3,139.8306,36.1220,MFS52,LOGISTICS_HUB,medium
LC5843,Ibaraki Ken Logistics P3,140.2028,35.9374,MFS52,LOGISTICS_HUB,medium
LC5844,Ibaraki Ken Logistics P3,140.1735,35.8826,MFS52,LOGISTICS_HUB,medium
LC5845,Chiba Ken Logistics P3,140.2485,35.8371,MFS52,MEDIUM_WAREHOUSE,medium
LC5846,Chiba Ken Logistics P3,140.0501,35.8716,MFS52,MEDIUM_WAREHOUSE,medium
LC5847,Ibaraki Ken Logistics P4,140.4807,36.6433,MFS52,LOGISTICS_HUB,medium
LC5848,Ibaraki Ken Logistics P4,139.8474,36.2573,MFS52,MEDIUM_WAREHOUSE,medium
LC5849,Ibaraki Ken Logistics P4,140.3012,36.0946,MFS52,MEDIUM_WAREHOUSE,medium
LC5850,Ibaraki Ken Logistics P4,139.8450,36.1131,MFS52,LARGE_DISTRIBUTION,medium
LC5851,Ibaraki Ken Logistics P4,140.2000,35.9297,MFS52,LOGISTICS_HUB,medium
LC5852,Ibaraki Ken Logistics P4,140.1344,35.8516,MFS52,LOGISTICS_HUB,medium
LC5853,Chiba Ken Logistics P4,140.2636,35.8229,MFS52,MEDIUM_WAREHOUSE,medium
LC5854,Ibaraki Ken Logistics P1,140.4626,36.0782,MFS53,MEDIUM_WAREHOUSE,medium
LC5855,Ibaraki Ken Logistics P1,140.3385,35.9884,MFS53,LOGISTICS_HUB,medium
LC5856,Ibaraki Ken Logistics P1,140.2091,36.0179,MFS53,LOGISTICS_HUB,medium
LC5857,Ibaraki Ken Logistics P1,140.105896,35.602665,MFS53,LARGE_DISTRIBUTION,medium
LC5858,Chiba Ken Logistics P1,140.4151,35.8975,MFS53,LOGISTICS_HUB,medium
LC5859,Chiba Ken Logistics P1,140.3547,35.8122,MFS53,LARGE_DISTRIBUTION,medium
LC5860,Ibaraki Ken Logistics P2,140.4751,36.0831,MFS53,LOGISTICS_HUB,medium
LC5861,Ibaraki Ken Logistics P2,140.585279,36.137269,MFS53,LOGISTICS_HUB,medium
LC5862,Ibaraki Ken Logistics P2,140.2153,36.0274,MFS53,LARGE_DISTRIBUTION,medium
LC5863,Ibaraki Ken Logistics P2,140.2761,35.8844,MFS53,MEDIUM_WAREHOUSE,medium
LC5864,Chiba Ken Logistics P2,140.4100,35.8926,MFS53,LOGISTICS_HUB,medium
LC5865,Chiba Ken Logistics P2,140.3376,35.8351,MFS53,MEDIUM_WAREHOUSE,medium
LC5866,Ibaraki Ken Logistics P3,140.4692,36.0935,MFS53,MEDIUM_WAREHOUSE,medium
LC5867,Ibaraki Ken Logistics P3,140.3299,36.0121,MFS53,LOGISTICS_HUB,medium
LC5868,Ibaraki Ken Logistics P3,140.2239,36.0219,MFS53,MEDIUM_WAREHOUSE,medium
LC5869,Ibaraki Ken Logistics P3,140.118195,35.595665,MFS53,MEDIUM_WAREHOUSE,medium
LC5870,Chiba Ken Logistics P3,140.4189,35.8930,MFS53,LARGE_DISTRIBUTION,medium
LC5871,Chiba Ken Logistics P3,140.3599,35.8270,MFS53,LOGISTICS_HUB,medium
LC5872,Ibaraki Ken Logistics P4,140.4426,36.0759,MFS53,LARGE_DISTRIBUTION,medium
LC5873,Ibaraki Ken Logistics P4,140.3220,36.0235,MFS53,LOGISTICS_HUB,medium
LC5874,Ibaraki Ken Logistics P4,140.2149,36.0351,MFS53,LARGE_DISTRIBUTION,medium
LC5875,Ibaraki Ken Logistics P4,140.2814,35.8887,MFS53,MEDIUM_WAREHOUSE,medium
LC5876,Chiba Ken Logistics P4,140.4002,35.9020,MFS53,MEDIUM_WAREHOUSE,medium
LC5877,Chiba Ken Logistics P4,140.3351,35.8352,MFS53,LOGISTICS_HUB,medium
LC5878,Ibaraki Ken Logistics P5,140.4479,36.0859,MFS53,MEDIUM_WAREHOUSE,medium
LC5879,Ibaraki Ken Logistics P5,140.3197,36.0045,MFS53,LOGISTICS_HUB,medium
LC5880,Ibaraki Ken Logistics P5,140.2161,36.0211,MFS53,LARGE_DISTRIBUTION,medium
LC5881,Ibaraki Ken Logistics P5,140.2830,35.8917,MFS53,MEDIUM_WAREHOUSE,medium
LC5882,Chiba Ken Logistics P5,140.3895,35.8706,MFS53,LOGISTICS_HUB,medium
LC5883,Chiba Ken Logistics P5,140.3809,35.8282,MFS53,LOGISTICS_HUB,medium
LC5884,Ibaraki Ken Logistics P6,140.4565,36.0444,MFS53,LARGE_DISTRIBUTION,medium
LC5885,Ibaraki Ken Logistics P1,139.9591,36.1888,MFS56,LOGISTICS_HUB,medium
LC5886,Ibaraki Ken Logistics P1,139.9795,36.3025,MFS56,LOGISTICS_HUB,medium
LC5887,Ibaraki Ken Logistics P1,140.1162,36.3283,MFS56,MEDIUM_WAREHOUSE,medium
LC5888,Tochigi Ken Logistics P1,139.8605,36.3864,MFS56,LOGISTICS_HUB,medium
LC5889,Ibaraki Ken Logistics P2,139.9646,36.1874,MFS56,LOGISTICS_HUB,medium
LC5890,Ibaraki Ken Logistics P2,139.9817,36.3070,MFS56,MEDIUM_WAREHOUSE,medium
LC5891,Ibaraki Ken Logistics P2,140.1044,36.3437,MFS56,MEDIUM_WAREHOUSE,medium
LC5892,Tochigi Ken Logistics P2,139.8470,36.4029,MFS56,LOGISTICS_HUB,medium
LC5893,Ibaraki Ken Logistics P3,139.9678,36.1879,MFS56,LOGISTICS_HUB,medium
LC5894,Ibaraki Ken Logistics P3,140.0107,36.3075,MFS56,LOGISTICS_HUB,medium
LC5895,Ibaraki Ken Logistics P3,140.1076,36.3142,MFS56,LOGISTICS_HUB,medium
LC5896,Tochigi Ken Logistics P3,139.8649,36.4180,MFS56,LARGE_DISTRIBUTION,medium
LC5897,Ibaraki Ken Logistics P4,139.9511,36.1817,MFS56,LOGISTICS_HUB,medium
LC5898,Gunma Ken Logistics P1,139.1388,36.4110,MFS57,LOGISTICS_HUB,medium
LC5899,Gunma Ken Logistics P1,139.3574,36.4358,MFS58,MEDIUM_WAREHOUSE,medium
LC5900,Gunma Ken Logistics P1,139.3468,36.2957,MFS58,LOGISTICS_HUB,medium
LC5901,Gunma Ken Logistics P1,139.5118,36.2343,MFS58,MEDIUM_WAREHOUSE,medium
LC5902,Gunma Ken Logistics P1,138.7855,36.3115,MFS58,LARGE_DISTRIBUTION,medium
LC5903,Gunma Ken Logistics P1,139.4053,36.2579,MFS58,LARGE_DISTRIBUTION,medium
LC5904,Gunma Ken Logistics P2,139.3760,36.4156,MFS58,LARGE_DISTRIBUTION,medium
LC5905,Gunma Ken Logistics P2,139.3350,36.2969,MFS58,LARGE_DISTRIBUTION,medium
LC5906,Gunma Ken Logistics P2,139.5213,36.2374,MFS58,LARGE_DISTRIBUTION,medium
LC5907,Gunma Ken Logistics P2,138.7691,36.3225,MFS58,LOGISTICS_HUB,medium
LC5908,Gunma Ken Logistics P2,139.3805,36.2676,MFS58,LARGE_DISTRIBUTION,medium
LC5909,Gunma Ken Logistics P3,139.3538,36.4402,MFS58,LARGE_DISTRIBUTION,medium
LC5910,Gunma Ken Logistics P3,139.3378,36.2874,MFS58,MEDIUM_WAREHOUSE,medium
LC5911,Tochigi Ken Logistics P1,139.4705,36.3478,MFS60,LARGE_DISTRIBUTION,medium
LC5912,Tochigi Ken Logistics P1,139.9933,36.4539,MFS60,LOGISTICS_HUB,medium
LC5913,Tochigi Ken Logistics P1,139.9045,36.9871,MFS60,LOGISTICS_HUB,medium
LC5914,Tochigi Ken Logistics P1,139.7439,36.2340,MFS60,MEDIUM_WAREHOUSE,medium
LC5915,Tochigi Ken Logistics P2,139.4541,36.3489,MFS60,LOGISTICS_HUB,medium
LC5916,Tochigi Ken Logistics P2,140.0040,36.4270,MFS60,LOGISTICS_HUB,medium
LC5917,Tochigi Ken Logistics P2,139.9100,36.9736,MFS60,LOGISTICS_HUB,medium
LC5918,Tochigi Ken Logistics P2,139.7472,36.2192,MFS60,LOGISTICS_HUB,medium
LC5919,Tochigi Ken Logistics P3,139.4547,36.3492,MFS60,MEDIUM_WAREHOUSE,medium
LC5920,Tochigi Ken Logistics P3,139.9884,36.4377,MFS60,MEDIUM_WAREHOUSE,medium
LC5921,Tochigi Ken Logistics P3,139.8805,36.9562,MFS60,MEDIUM_WAREHOUSE,medium
LC5922,Tochigi Ken Logistics P3,139.7376,36.2269,MFS60,LOGISTICS_HUB,medium
LC5923,Tochigi Ken Logistics P1,139.6075,36.4754,MFS61,LARGE_DISTRIBUTION,medium
LC5924,Tochigi Ken Logistics P1,139.8289,36.3020,MFS61,MEDIUM_WAREHOUSE,medium
LC5925,Gunma Ken Logistics P1,139.4604,36.2538,MFS61,LARGE_DISTRIBUTION,medium
LC5926,Gunma Ken Logistics P1,139.3581,36.5357,MFS61,LARGE_DISTRIBUTION,medium
LC5927,Tochigi Ken Logistics P2,139.6173,36.4537,MFS61,MEDIUM_WAREHOUSE,medium
LC5928,Tochigi Ken Logistics P2,139.8201,36.2756,MFS61,MEDIUM_WAREHOUSE,medium
LC5929,Gunma Ken Logistics P2,139.4617,36.2526,MFS61,LOGISTICS_HUB,medium
LC5930,Gunma Ken Logistics P2,139.3543,36.5408,MFS61,MEDIUM_WAREHOUSE,medium
LC5931,Tochigi Ken Logistics P3,139.6016,36.4606,MFS61,MEDIUM_WAREHOUSE,medium
LC5932,Tochigi Ken Logistics P3,139.7939,36.3166,MFS61,LOGISTICS_HUB,medium
LC5933,Gunma Ken Logistics P3,139.4710,36.2645,MFS61,LARGE_DISTRIBUTION,medium
LC5934,Gunma Ken Logistics P3,139.3282,36.5417,MFS61,LOGISTICS_HUB,medium
LC5935,Tochigi Ken Logistics P4,139.6078,36.4667,MFS61,MEDIUM_WAREHOUSE,medium
LC5936,Tochigi Ken Logistics P4,139.8139,36.2886,MFS61,LARGE_DISTRIBUTION,medium
LC5937,Gunma Ken Logistics P4,139.4612,36.2419,MFS61,LARGE_DISTRIBUTION,medium
LC5938,Gunma Ken Logistics P4,139.3520,36.5106,MFS61,MEDIUM_WAREHOUSE,medium
LC5939,Tochigi Ken Logistics P5,139.6137,36.4558,MFS61,LOGISTICS_HUB,medium
LC5940,Tochigi Ken Logistics P5,139.8328,36.3049,MFS61,MEDIUM_WAREHOUSE,medium
LC5941,Gunma Ken Logistics P5,139.4657,36.2804,MFS61,LOGISTICS_HUB,medium
LC5942,Gunma Ken Logistics P5,139.3532,36.5338,MFS61,LOGISTICS_HUB,medium
LC5943,Tochigi Ken Logistics P6,139.5939,36.4427,MFS61,LARGE_DISTRIBUTION,medium
LC5944,Tochigi Ken Logistics P6,139.8145,36.2977,MFS61,MEDIUM_WAREHOUSE,medium
LC5945,Ibaraki Ken Logistics P1,140.5067,36.6534,MFS63,MEDIUM_WAREHOUSE,medium
LC5946,Ibaraki Ken Logistics P1,140.6271,36.7474,MFS63,MEDIUM_WAREHOUSE,medium
LC5947,Ibaraki Ken Logistics P1,140.6625,36.8445,MFS63,MEDIUM_WAREHOUSE,medium
LC5948,Ibaraki Ken Logistics P1,140.1024,35.9143,MFS63,MEDIUM_WAREHOUSE,medium
LC5949,Ibaraki Ken Logistics P1,140.3442,36.8070,MFS63,LARGE_DISTRIBUTION,medium
LC5950,Tochigi Ken Logistics P1,140.1689,36.7533,MFS63,LOGISTICS_HUB,medium
LC5951,Ibaraki Ken Logistics P2,140.4955,36.6606,MFS63,LARGE_DISTRIBUTION,medium
LC5952,Ibaraki Ken Logistics P2,140.6093,36.7450,MFS63,MEDIUM_WAREHOUSE,medium
LC5953,Ibaraki Ken Logistics P2,140.7127,36.8288,MFS63,MEDIUM_WAREHOUSE,medium
LC5954,Ibaraki Ken Logistics P2,140.0677,35.8952,MFS63,LARGE_DISTRIBUTION,medium
LC5955,Ibaraki Ken Logistics P2,140.3688,36.7986,MFS63,LOGISTICS_HUB,medium
LC5956,Tochigi Ken Logistics P2,140.1763,36.7599,MFS63,LOGISTICS_HUB,medium
LC5957,Ibaraki Ken Logistics P3,140.5065,36.6522,MFS63,LARGE_DISTRIBUTION,medium
LC5958,Ibaraki Ken Logistics P3,140.6409,36.7632,MFS63,LARGE_DISTRIBUTION,medium
LC5959,Ibaraki Ken Logistics P3,140.6913,36.8414,MFS63,LOGISTICS_HUB,medium
LC5960,Ibaraki Ken Logistics P3,140.0880,35.9019,MFS63,MEDIUM_WAREHOUSE,medium
LC5961,Ibaraki Ken Logistics P3,140.3509,36.7970,MFS63,MEDIUM_WAREHOUSE,medium
LC5962,Tochigi Ken Logistics P3,140.1875,36.7459,MFS63,MEDIUM_WAREHOUSE,medium
LC5963,Ibaraki Ken Logistics P4,140.4803,36.6369,MFS63,LOGISTICS_HUB,medium
LC5964,Ibaraki Ken Logistics P4,140.6404,36.7839,MFS63,LOGISTICS_HUB,medium
LC5965,Ibaraki Ken Logistics P4,140.6826,36.8179,MFS63,LARGE_DISTRIBUTION,medium
LC5966,Ibaraki Ken Logistics P4,140.0925,35.9123,MFS63,MEDIUM_WAREHOUSE,medium
LC5967,Ibaraki Ken Logistics P4,140.3443,36.7811,MFS63,LOGISTICS_HUB,medium
LC5968,Tochigi Ken Logistics P4,140.1984,36.7270,MFS63,MEDIUM_WAREHOUSE,medium
LC5969,Ibaraki Ken Logistics P5,140.5095,36.6430,MFS63,LARGE_DISTRIBUTION,medium
LC5970,Ibaraki Ken Logistics P5,140.6096,36.7767,MFS63,LARGE_DISTRIBUTION,medium
LC5971,Ibaraki Ken Logistics P5,140.6702,36.8278,MFS63,LOGISTICS_HUB,medium
LC5972,Ibaraki Ken Logistics P5,140.0534,35.9001,MFS63,LOGISTICS_HUB,medium
LC5973,Ibaraki Ken Logistics P5,140.3635,36.7895,MFS63,LARGE_DISTRIBUTION,medium
LC5974,Tochigi Ken Logistics P5,140.1873,36.7470,MFS63,LARGE_DISTRIBUTION,medium
LC5975,Ibaraki Ken Logistics P6,140.5087,36.6442,MFS63,LARGE_DISTRIBUTION,medium
LC5976,Ibaraki Ken Logistics P6,140.6286,36.7593,MFS63,LARGE_DISTRIBUTION,medium
LC5977,Ibaraki Ken Logistics P6,140.6711,36.8432,MFS63,MEDIUM_WAREHOUSE,medium
LC5978,Ibaraki Ken Logistics P6,140.0733,35.9056,MFS63,LOGISTICS_HUB,medium
LC5979,Ibaraki Ken Logistics P6,140.3326,36.8195,MFS63,MEDIUM_WAREHOUSE,medium
LC5980,Tochigi Ken Logistics P6,140.1548,36.7404,MFS63,LARGE_DISTRIBUTION,medium
LC5981,Ibaraki Ken Logistics P7,140.5019,36.6590,MFS63,LOGISTICS_HUB,medium
LC5982,Ibaraki Ken Logistics P7,140.6377,36.7718,MFS63,LOGISTICS_HUB,medium
LC5983,Ibaraki Ken Logistics P7,140.6925,36.8359,MFS63,MEDIUM_WAREHOUSE,medium
LC5984,Ibaraki Ken Logistics P7,140.1054,35.9166,MFS63,MEDIUM_WAREHOUSE,medium
LC5985,Ibaraki Ken Logistics P7,140.3155,36.7904,MFS63,LOGISTICS_HUB,medium
LC5986,Tochigi Ken Logistics P7,140.1785,36.7712,MFS63,MEDIUM_WAREHOUSE,medium
LC5987,Ibaraki Ken Logistics P8,140.4964,36.6510,MFS63,MEDIUM_WAREHOUSE,medium
LC5988,Ibaraki Ken Logistics P8,140.6323,36.7691,MFS63,LARGE_DISTRIBUTION,medium
LC5989,Ibaraki Ken Logistics P8,140.6593,36.8295,MFS63,MEDIUM_WAREHOUSE,medium
LC5990,Ibaraki Ken Logistics P8,140.0627,35.9060,MFS63,MEDIUM_WAREHOUSE,medium
LC5991,Ibaraki Ken Logistics P8,140.3422,36.7941,MFS63,MEDIUM_WAREHOUSE,medium
LC5992,Tochigi Ken Logistics P8,140.1829,36.7401,MFS63,LOGISTICS_HUB,medium
LC5993,Ibaraki Ken Logistics P9,140.4810,36.6463,MFS63,LARGE_DISTRIBUTION,medium
LC5994,Ibaraki Ken Logistics P9,140.6151,36.7668,MFS63,LARGE_DISTRIBUTION,medium
LC5995,Tochigi Ken Logistics P1,139.5957,36.8209,MFS64,LARGE_DISTRIBUTION,medium
LC5996,Tochigi Ken Logistics P1,139.9042,37.0058,MFS64,LARGE_DISTRIBUTION,medium
LC5997,Tochigi Ken Logistics P1,140.1308,36.8814,MFS64,MEDIUM_WAREHOUSE,medium
LC5998,Tochigi Ken Logistics P1,139.8011,36.7931,MFS64,MEDIUM_WAREHOUSE,medium
LC5999,Tochigi Ken Logistics P1,139.8916,36.8270,MFS64,LOGISTICS_HUB,medium
LC6000,Tochigi Ken Logistics P1,140.0647,37.0233,MFS64,LOGISTICS_HUB,medium
LC6001,Tochigi Ken Logistics P2,139.5852,36.8162,MFS64,LARGE_DISTRIBUTION,medium
LC6002,Tochigi Ken Logistics P2,139.9200,36.9986,MFS64,MEDIUM_WAREHOUSE,medium
LC6003,Tochigi Ken Logistics P2,140.1264,36.8637,MFS64,LARGE_DISTRIBUTION,medium
LC6004,Tochigi Ken Logistics P2,139.8047,36.7963,MFS64,LOGISTICS_HUB,medium
LC6005,Tochigi Ken Logistics P2,139.9095,36.8178,MFS64,LOGISTICS_HUB,medium
LC6006,Tochigi Ken Logistics P2,140.0839,37.0223,MFS64,LOGISTICS_HUB,medium
LC6007,Tochigi Ken Logistics P3,139.5864,36.8032,MFS64,LOGISTICS_HUB,medium
LC6008,Gunma Ken Logistics P1,139.0143,36.5184,MFS65,LOGISTICS_HUB,medium
LC6009,Gunma Ken Logistics P1,138.7529,36.0639,MFS66,MEDIUM_WAREHOUSE,medium
LC6010,Gunma Ken Logistics P1,138.7186,36.2185,MFS66,LOGISTICS_HUB,medium
LC6011,Gunma Ken Logistics P1,138.7922,36.5457,MFS66,LOGISTICS_HUB,medium
LC6012,Gunma Ken Logistics P1,138.8595,36.1015,MFS66,MEDIUM_WAREHOUSE,medium
LC6013,Gunma Ken Logistics P1,138.6992,36.1571,MFS66,MEDIUM_WAREHOUSE,medium
LC6014,Gunma Ken Logistics P1,138.9083,36.2070,MFS66,LOGISTICS_HUB,medium
LC6015,Gunma Ken Logistics P2,138.7123,36.0972,MFS66,LOGISTICS_HUB,medium
LC6016,Gunma Ken Logistics P2,138.7296,36.2315,MFS66,LOGISTICS_HUB,medium
LC6017,Gunma Ken Logistics P2,138.7737,36.5278,MFS66,MEDIUM_WAREHOUSE,medium
LC6018,Gunma Ken Logistics P2,138.8660,36.1104,MFS66,LARGE_DISTRIBUTION,medium
LC6019,Gunma Ken Logistics P2,138.6959,36.1634,MFS66,MEDIUM_WAREHOUSE,medium
LC6020,Gunma Ken Logistics P2,138.8778,36.2433,MFS66,MEDIUM_WAREHOUSE,medium
LC6021,Gunma Ken Logistics P3,138.7179,36.0904,MFS66,LARGE_DISTRIBUTION,medium
LC6022,Gunma Ken Logistics P3,138.7421,36.2324,MFS66,LARGE_DISTRIBUTION,medium
LC6023,Gunma Ken Logistics P3,138.7749,36.5084,MFS66,LOGISTICS_HUB,medium
LC6024,Gunma Ken Logistics P3,138.8725,36.1276,MFS66,MEDIUM_WAREHOUSE,medium
LC6025,Gunma Ken Logistics P3,138.6694,36.1764,MFS66,LARGE_DISTRIBUTION,medium
LC6026,Gunma Ken Logistics P3,138.8725,36.2233,MFS66,LOGISTICS_HUB,medium
LC6027,Gunma Ken Logistics P4,138.7399,36.0875,MFS66,LARGE_DISTRIBUTION,medium
LC6028,Gunma Ken Logistics P4,138.7064,36.2421,MFS66,MEDIUM_WAREHOUSE,medium
LC6029,Gunma Ken Logistics P4,138.7939,36.5423,MFS66,LARGE_DISTRIBUTION,medium
LC6030,Gunma Ken Logistics P4,138.8446,36.1073,MFS66,LOGISTICS_HUB,medium
LC6031,MFS01 Raster Logistics R1,139.7754,35.6946,MFS01,LARGE_DISTRIBUTION,medium
LC6032,MFS01 Raster Logistics R3,139.7396,35.6679,MFS01,LARGE_DISTRIBUTION,medium
LC6033,MFS01 Raster Logistics R5,139.7688,35.7062,MFS01,MEDIUM_WAREHOUSE,medium
LC6034,MFS01 Raster Logistics R7,139.7704,35.6529,MFS01,MEDIUM_WAREHOUSE,medium
LC6035,MFS01 Raster Logistics R9,139.7388,35.6721,MFS01,LOGISTICS_HUB,medium
LC6036,MFS01 Raster Logistics R11,139.7529,35.6962,MFS01,LOGISTICS_HUB,medium
LC6037,MFS01 Raster Logistics R13,139.7629,35.6787,MFS01,LARGE_DISTRIBUTION,medium
LC6038,MFS01 Raster Logistics R15,139.7854,35.6579,MFS01,MEDIUM_WAREHOUSE,medium
LC6039,MFS01 Raster Logistics R17,139.7671,35.7037,MFS01,MEDIUM_WAREHOUSE,medium
LC6040,MFS01 Raster Logistics R19,139.7713,35.6754,MFS01,LARGE_DISTRIBUTION,medium
LC6041,MFS01 Raster Logistics R21,139.7637,35.7021,MFS01,LOGISTICS_HUB,medium
LC6042,MFS01 Raster Logistics R23,139.7946,35.6704,MFS01,MEDIUM_WAREHOUSE,medium
LC6043,MFS01 Raster Logistics R25,139.7713,35.6546,MFS01,LOGISTICS_HUB,medium
LC6044,MFS01 Raster Logistics R27,139.7454,35.6971,MFS01,LOGISTICS_HUB,medium
LC6045,MFS01 Raster Logistics R29,139.7763,35.7046,MFS01,LARGE_DISTRIBUTION,medium
LC6046,MFS01 Raster Logistics R31,139.7721,35.7037,MFS01,MEDIUM_WAREHOUSE,medium
LC6047,MFS01 Raster Logistics R33,139.7637,35.6962,MFS01,LOGISTICS_HUB,medium
LC6048,MFS01 Raster Logistics R35,139.7963,35.6896,MFS01,MEDIUM_WAREHOUSE,medium
LC6049,MFS01 Raster Logistics R37,139.7554,35.6604,MFS01,LOGISTICS_HUB,medium
LC6050,MFS01 Raster Logistics R39,139.7979,35.6871,MFS01,MEDIUM_WAREHOUSE,medium
LC6051,MFS01 Raster Logistics R41,139.7479,35.7071,MFS01,MEDIUM_WAREHOUSE,medium
LC6052,MFS01 Raster Logistics R43,139.7837,35.6779,MFS01,MEDIUM_WAREHOUSE,medium
LC6053,MFS01 Raster Logistics R45,139.7663,35.6704,MFS01,MEDIUM_WAREHOUSE,medium
LC6054,MFS01 Raster Logistics R47,139.7587,35.6954,MFS01,LOGISTICS_HUB,medium
LC6055,MFS01 Raster Logistics R49,139.7388,35.6846,MFS01,LARGE_DISTRIBUTION,medium
LC6056,MFS01 Raster Logistics R51,139.7846,35.7021,MFS01,LOGISTICS_HUB,medium
LC6057,MFS01 Raster Logistics R53,139.7654,35.6696,MFS01,MEDIUM_WAREHOUSE,medium
LC6058,MFS01 Raster Logistics R55,139.7479,35.6987,MFS01,LOGISTICS_HUB,medium
LC6059,MFS01 Raster Logistics R57,139.7788,35.7021,MFS01,MEDIUM_WAREHOUSE,medium
LC6060,MFS01 Raster Logistics R59,139.7604,35.6962,MFS01,MEDIUM_WAREHOUSE,medium
LC6061,MFS01 Raster Logistics R61,139.789736,35.648936,MFS01,LARGE_DISTRIBUTION,medium
LC6062,MFS01 Raster Logistics R63,139.7746,35.7012,MFS01,MEDIUM_WAREHOUSE,medium
LC6063,MFS01 Raster Logistics R65,139.7971,35.6737,MFS01,LARGE_DISTRIBUTION,medium
LC6064,MFS01 Raster Logistics R67,139.7404,35.6621,MFS01,LOGISTICS_HUB,medium
LC6065,MFS01 Raster Logistics R69,139.7438,35.6637,MFS01,LARGE_DISTRIBUTION,medium
LC6066,MFS01 Raster Logistics R71,139.7454,35.7054,MFS01,LOGISTICS_HUB,medium
LC6067,MFS01 Raster Logistics R73,139.789736,35.648936,MFS01,MEDIUM_WAREHOUSE,medium
LC6068,MFS01 Raster Logistics R75,139.7604,35.6729,MFS01,LOGISTICS_HUB,medium
LC6069,MFS01 Raster Logistics R77,139.7413,35.6671,MFS01,MEDIUM_WAREHOUSE,medium
LC6070,MFS01 Raster Logistics R79,139.7738,35.6712,MFS01,LARGE_DISTRIBUTION,medium
LC6071,MFS01 Raster Logistics R81,139.7729,35.6854,MFS01,MEDIUM_WAREHOUSE,medium
LC6072,MFS01 Raster Logistics R83,139.7854,35.6646,MFS01,LOGISTICS_HUB,medium
LC6073,MFS01 Raster Logistics R85,139.7771,35.6587,MFS01,LARGE_DISTRIBUTION,medium
LC6074,MFS01 Raster Logistics R87,139.7562,35.6996,MFS01,LOGISTICS_HUB,medium
LC6075,MFS01 Raster Logistics R89,139.7529,35.6637,MFS01,LOGISTICS_HUB,medium
LC6076,MFS01 Raster Logistics R91,139.78768,35.659325,MFS01,LOGISTICS_HUB,medium
LC6077,MFS01 Raster Logistics R93,139.7954,35.6796,MFS01,LOGISTICS_HUB,medium
LC6078,MFS01 Raster Logistics R95,139.7504,35.6729,MFS01,MEDIUM_WAREHOUSE,medium
LC6079,MFS01 Raster Logistics R97,139.7796,35.6879,MFS01,MEDIUM_WAREHOUSE,medium
LC6080,MFS01 Raster Logistics R99,139.7388,35.6662,MFS01,LARGE_DISTRIBUTION,medium
LC6081,MFS02 Raster Logistics R1,139.7312,35.6112,MFS02,LARGE_DISTRIBUTION,medium
LC6082,MFS02 Raster Logistics R3,139.7621,35.5904,MFS02,LOGISTICS_HUB,medium
LC6083,MFS02 Raster Logistics R5,139.7421,35.6187,MFS02,MEDIUM_WAREHOUSE,medium
LC6084,MFS02 Raster Logistics R7,139.7196,35.6037,MFS02,LARGE_DISTRIBUTION,medium
LC6085,MFS02 Raster Logistics R9,139.7254,35.6029,MFS02,LOGISTICS_HUB,medium
LC6086,MFS02 Raster Logistics R11,139.7629,35.6054,MFS02,LOGISTICS_HUB,medium
LC6087,MFS02 Raster Logistics R13,139.7371,35.6404,MFS02,LOGISTICS_HUB,medium
LC6088,MFS02 Raster Logistics R15,139.7396,35.5837,MFS02,LOGISTICS_HUB,medium
LC6089,MFS02 Raster Logistics R17,139.7129,35.6312,MFS02,MEDIUM_WAREHOUSE,medium
LC6090,MFS02 Raster Logistics R19,139.7271,35.6229,MFS02,MEDIUM_WAREHOUSE,medium
LC6091,MFS02 Raster Logistics R21,139.7612,35.6137,MFS02,LOGISTICS_HUB,medium
LC6092,MFS02 Raster Logistics R23,139.7296,35.6012,MFS02,LOGISTICS_HUB,medium
LC6093,MFS02 Raster Logistics R25,139.7388,35.5962,MFS02,LARGE_DISTRIBUTION,medium
LC6094,MFS02 Raster Logistics R27,139.7446,35.6121,MFS02,LOGISTICS_HUB,medium
LC6095,MFS02 Raster Logistics R29,139.7262,35.6162,MFS02,LOGISTICS_HUB,medium
LC6096,MFS02 Raster Logistics R31,139.7212,35.6062,MFS02,MEDIUM_WAREHOUSE,medium
LC6097,MFS02 Raster Logistics R33,139.7096,35.6196,MFS02,LARGE_DISTRIBUTION,medium
LC6098,MFS02 Raster Logistics R35,139.7663,35.5954,MFS02,LOGISTICS_HUB,medium
LC6099,MFS03 Raster Logistics R1,139.7179,35.7079,MFS03,LARGE_DISTRIBUTION,medium
LC6100,MFS03 Raster Logistics R3,139.6838,35.6712,MFS03,LARGE_DISTRIBUTION,medium
LC6101,MFS03 Raster Logistics R5,139.7113,35.7054,MFS03,LOGISTICS_HUB,medium
LC6102,MFS03 Raster Logistics R7,139.6946,35.7221,MFS03,LARGE_DISTRIBUTION,medium
LC6103,MFS03 Raster Logistics R9,139.6754,35.6896,MFS03,LARGE_DISTRIBUTION,medium
LC6104,MFS03 Raster Logistics R11,139.6829,35.6821,MFS03,LOGISTICS_HUB,medium
LC6105,MFS03 Raster Logistics R13,139.7146,35.7187,MFS03,LARGE_DISTRIBUTION,medium
LC6106,MFS03 Raster Logistics R15,139.6921,35.6904,MFS03,LARGE_DISTRIBUTION,medium
LC6107,MFS03 Raster Logistics R17,139.7071,35.6821,MFS03,LARGE_DISTRIBUTION,medium
LC6108,MFS03 Raster Logistics R19,139.6904,35.7029,MFS03,LARGE_DISTRIBUTION,medium
LC6109,MFS03 Raster Logistics R21,139.6979,35.7246,MFS03,LARGE_DISTRIBUTION,medium
LC6110,MFS03 Raster Logistics R23,139.6887,35.6837,MFS03,LARGE_DISTRIBUTION,medium
LC6111,MFS03 Raster Logistics R25,139.7063,35.7021,MFS03,LOGISTICS_HUB,medium
LC6112,MFS03 Raster Logistics R27,139.6879,35.7096,MFS03,LOGISTICS_HUB,medium
LC6113,MFS03 Raster Logistics R29,139.6871,35.7021,MFS03,LARGE_DISTRIBUTION,medium
LC6114,MFS03 Raster Logistics R31,139.7129,35.7012,MFS03,LOGISTICS_HUB,medium
LC6115,MFS03 Raster Logistics R33,139.6687,35.6971,MFS03,MEDIUM_WAREHOUSE,medium
LC6116,MFS03 Raster Logistics R35,139.6754,35.6954,MFS03,LOGISTICS_HUB,medium
LC6117,MFS03 Raster Logistics R37,139.7254,35.7154,MFS03,LOGISTICS_HUB,medium
LC6118,MFS03 Raster Logistics R39,139.6821,35.7171,MFS03,MEDIUM_WAREHOUSE,medium
LC6119,MFS03 Raster Logistics R41,139.7038,35.6662,MFS03,MEDIUM_WAREHOUSE,medium
LC6120,MFS03 Raster Logistics R43,139.6987,35.6979,MFS03,LARGE_DISTRIBUTION,medium
LC6121,MFS03 Raster Logistics R45,139.7038,35.7021,MFS03,LOGISTICS_HUB,medium
LC6122,MFS03 Raster Logistics R47,139.6912,35.7096,MFS03,MEDIUM_WAREHOUSE,medium
LC6123,MFS03 Raster Logistics R49,139.7171,35.7112,MFS03,LOGISTICS_HUB,medium
LC6124,MFS03 Raster Logistics R51,139.6796,35.6737,MFS03,LOGISTICS_HUB,medium
LC6125,MFS03 Raster Logistics R53,139.6713,35.7137,MFS03,LOGISTICS_HUB,medium
LC6126,MFS03 Raster Logistics R55,139.7179,35.6687,MFS03,LOGISTICS_HUB,medium
LC6127,MFS03 Raster Logistics R57,139.7154,35.7196,MFS03,MEDIUM_WAREHOUSE,medium
LC6128,MFS03 Raster Logistics R59,139.6887,35.7204,MFS03,LOGISTICS_HUB,medium
LC6129,MFS03 Raster Logistics R61,139.7204,35.6771,MFS03,MEDIUM_WAREHOUSE,medium
LC6130,MFS03 Raster Logistics R63,139.7038,35.6921,MFS03,MEDIUM_WAREHOUSE,medium
LC6131,MFS03 Raster Logistics R65,139.6904,35.6954,MFS03,LARGE_DISTRIBUTION,medium
LC6132,MFS03 Raster Logistics R67,139.6746,35.7179,MFS03,MEDIUM_WAREHOUSE,medium
LC6133,MFS03 Raster Logistics R69,139.6804,35.7196,MFS03,LARGE_DISTRIBUTION,medium
LC6134,MFS03 Raster Logistics R71,139.6696,35.7129,MFS03,LARGE_DISTRIBUTION,medium
LC6135,MFS03 Raster Logistics R73,139.7179,35.7154,MFS03,LOGISTICS_HUB,medium
LC6136,MFS03 Raster Logistics R75,139.7071,35.6804,MFS03,MEDIUM_WAREHOUSE,medium
LC6137,MFS03 Raster Logistics R77,139.7038,35.6704,MFS03,MEDIUM_WAREHOUSE,medium
LC6138,MFS03 Raster Logistics R79,139.6962,35.7096,MFS03,MEDIUM_WAREHOUSE,medium
LC6139,MFS03 Raster Logistics R81,139.7063,35.7012,MFS03,LARGE_DISTRIBUTION,medium
LC6140,MFS03 Raster Logistics R83,139.6829,35.6921,MFS03,LOGISTICS_HUB,medium
LC6141,MFS03 Raster Logistics R85,139.6738,35.6754,MFS03,MEDIUM_WAREHOUSE,medium
LC6142,MFS03 Raster Logistics R87,139.7113,35.6746,MFS03,MEDIUM_WAREHOUSE,medium
LC6143,MFS03 Raster Logistics R89,139.7029,35.6796,MFS03,LOGISTICS_HUB,medium
LC6144,MFS03 Raster Logistics R91,139.7188,35.6779,MFS03,MEDIUM_WAREHOUSE,medium
LC6145,MFS03 Raster Logistics R93,139.6954,35.7204,MFS03,LARGE_DISTRIBUTION,medium
LC6146,MFS03 Raster Logistics R95,139.7113,35.7046,MFS03,LARGE_DISTRIBUTION,medium
LC6147,MFS03 Raster Logistics R97,139.7071,35.6996,MFS03,LOGISTICS_HUB,medium
LC6148,MFS03 Raster Logistics R99,139.7121,35.7246,MFS03,LOGISTICS_HUB,medium
LC6149,MFS05 Raster Logistics R1,139.6454,35.6904,MFS05,MEDIUM_WAREHOUSE,medium
LC6150,MFS05 Raster Logistics R3,139.6321,35.6554,MFS05,MEDIUM_WAREHOUSE,medium
LC6151,MFS05 Raster Logistics R5,139.6238,35.6612,MFS05,LARGE_DISTRIBUTION,medium
LC6152,MFS05 Raster Logistics R7,139.6788,35.6779,MFS05,LOGISTICS_HUB,medium
LC6153,MFS05 Raster Logistics R9,139.6171,35.6721,MFS05,LARGE_DISTRIBUTION,medium
LC6154,MFS05 Raster Logistics R11,139.6646,35.6437,MFS05,LARGE_DISTRIBUTION,medium
LC6155,MFS05 Raster Logistics R13,139.6513,35.6421,MFS05,MEDIUM_WAREHOUSE,medium
LC6156,MFS05 Raster Logistics R15,139.6721,35.6429,MFS05,LOGISTICS_HUB,medium
LC6157,MFS05 Raster Logistics R17,139.6454,35.6421,MFS05,LARGE_DISTRIBUTION,medium
LC6158,MFS05 Raster Logistics R19,139.6304,35.6387,MFS05,MEDIUM_WAREHOUSE,medium
LC6159,MFS05 Raster Logistics R21,139.6687,35.6829,MFS05,LOGISTICS_HUB,medium
LC6160,MFS05 Raster Logistics R23,139.6238,35.6987,MFS05,MEDIUM_WAREHOUSE,medium
LC6161,MFS05 Raster Logistics R25,139.6179,35.6521,MFS05,LARGE_DISTRIBUTION,medium
LC6162,MFS05 Raster Logistics R27,139.6621,35.6704,MFS05,LOGISTICS_HUB,medium
LC6163,MFS05 Raster Logistics R29,139.6438,35.6621,MFS05,MEDIUM_WAREHOUSE,medium
LC6164,MFS05 Raster Logistics R31,139.6204,35.6837,MFS05,MEDIUM_WAREHOUSE,medium
LC6165,MFS05 Raster Logistics R33,139.6488,35.6679,MFS05,LOGISTICS_HUB,medium
LC6166,MFS05 Raster Logistics R35,139.6788,35.6596,MFS05,MEDIUM_WAREHOUSE,medium
LC6167,MFS05 Raster Logistics R37,139.6387,35.6737,MFS05,LOGISTICS_HUB,medium
LC6168,MFS05 Raster Logistics R39,139.6579,35.6771,MFS05,LARGE_DISTRIBUTION,medium
LC6169,MFS05 Raster Logistics R41,139.6346,35.6621,MFS05,MEDIUM_WAREHOUSE,medium
LC6170,MFS05 Raster Logistics R43,139.6554,35.6804,MFS05,LARGE_DISTRIBUTION,medium
LC6171,MFS05 Raster Logistics R45,139.6246,35.6821,MFS05,MEDIUM_WAREHOUSE,medium
LC6172,MFS05 Raster Logistics R47,139.6738,35.6421,MFS05,MEDIUM_WAREHOUSE,medium
LC6173,MFS05 Raster Logistics R49,139.6587,35.6662,MFS05,LARGE_DISTRIBUTION,medium
LC6174,MFS05 Raster Logistics R51,139.6846,35.6729,MFS05,LARGE_DISTRIBUTION,medium
LC6175,MFS05 Raster Logistics R53,139.6279,35.6904,MFS05,MEDIUM_WAREHOUSE,medium
LC6176,MFS05 Raster Logistics R55,139.6463,35.6554,MFS05,LARGE_DISTRIBUTION,medium
LC6177,MFS05 Raster Logistics R57,139.6204,35.6887,MFS05,LOGISTICS_HUB,medium
LC6178,MFS05 Raster Logistics R59,139.6546,35.7037,MFS05,LOGISTICS_HUB,medium
LC6179,MFS05 Raster Logistics R61,139.6471,35.6446,MFS05,MEDIUM_WAREHOUSE,medium
LC6180,MFS05 Raster Logistics R63,139.6713,35.6412,MFS05,LARGE_DISTRIBUTION,medium
LC6181,MFS05 Raster Logistics R65,139.6296,35.6621,MFS05,LOGISTICS_HUB,medium
LC6182,MFS05 Raster Logistics R67,139.6646,35.6746,MFS05,MEDIUM_WAREHOUSE,medium
LC6183,MFS05 Raster Logistics R69,139.6596,35.6879,MFS05,LARGE_DISTRIBUTION,medium
LC6184,MFS05 Raster Logistics R71,139.6629,35.6812,MFS05,MEDIUM_WAREHOUSE,medium
LC6185,MFS05 Raster Logistics R73,139.6654,35.6829,MFS05,LARGE_DISTRIBUTION,medium
LC6186,MFS05 Raster Logistics R75,139.6763,35.6946,MFS05,MEDIUM_WAREHOUSE,medium
LC6187,MFS05 Raster Logistics R77,139.6321,35.6729,MFS05,LARGE_DISTRIBUTION,medium
LC6188,MFS05 Raster Logistics R79,139.6538,35.6596,MFS05,LOGISTICS_HUB,medium
LC6189,MFS05 Raster Logistics R81,139.6296,35.6987,MFS05,LOGISTICS_HUB,medium
LC6190,MFS05 Raster Logistics R83,139.6304,35.6537,MFS05,LOGISTICS_HUB,medium
LC6191,MFS05 Raster Logistics R85,139.6204,35.6487,MFS05,LARGE_DISTRIBUTION,medium
LC6192,MFS05 Raster Logistics R87,139.6429,35.6804,MFS05,LOGISTICS_HUB,medium
LC6193,MFS05 Raster Logistics R89,139.6796,35.6462,MFS05,LARGE_DISTRIBUTION,medium
LC6194,MFS05 Raster Logistics R91,139.6246,35.6479,MFS05,LOGISTICS_HUB,medium
LC6195,MFS05 Raster Logistics R93,139.6496,35.6537,MFS05,LOGISTICS_HUB,medium
LC6196,MFS05 Raster Logistics R95,139.6713,35.6887,MFS05,MEDIUM_WAREHOUSE,medium
LC6197,MFS05 Raster Logistics R97,139.6229,35.6604,MFS05,MEDIUM_WAREHOUSE,medium
LC6198,MFS05 Raster Logistics R99,139.6821,35.6521,MFS05,LOGISTICS_HUB,medium
LC6199,MFS06 Raster Logistics R1,139.6887,35.7446,MFS06,LARGE_DISTRIBUTION,medium
LC6200,MFS06 Raster Logistics R3,139.6846,35.7521,MFS06,MEDIUM_WAREHOUSE,medium
LC6201,MFS06 Raster Logistics R5,139.6846,35.7412,MFS06,MEDIUM_WAREHOUSE,medium
LC6202,MFS06 Raster Logistics R7,139.6804,35.7762,MFS06,LARGE_DISTRIBUTION,medium
LC6203,MFS06 Raster Logistics R9,139.6546,35.7621,MFS06,LOGISTICS_HUB,medium
LC6204,MFS06 Raster Logistics R11,139.6896,35.7537,MFS06,LOGISTICS_HUB,medium
LC6205,MFS06 Raster Logistics R13,139.6504,35.7554,MFS06,LOGISTICS_HUB,medium
LC6206,MFS06 Raster Logistics R15,139.6637,35.7637,MFS06,MEDIUM_WAREHOUSE,medium
LC6207,MFS06 Raster Logistics R17,139.6671,35.7787,MFS06,MEDIUM_WAREHOUSE,medium
LC6208,MFS06 Raster Logistics R19,139.6804,35.7304,MFS06,LARGE_DISTRIBUTION,medium
LC6209,MFS06 Raster Logistics R21,139.6746,35.7621,MFS06,MEDIUM_WAREHOUSE,medium
LC6210,MFS06 Raster Logistics R23,139.6987,35.7371,MFS06,LOGISTICS_HUB,medium
LC6211,MFS06 Raster Logistics R25,139.6713,35.7571,MFS06,LARGE_DISTRIBUTION,medium
LC6212,MFS06 Raster Logistics R27,139.6854,35.7604,MFS06,MEDIUM_WAREHOUSE,medium
LC6213,MFS06 Raster Logistics R29,139.6721,35.7262,MFS06,LOGISTICS_HUB,medium
LC6214,MFS06 Raster Logistics R31,139.6879,35.7654,MFS06,LARGE_DISTRIBUTION,medium
LC6215,MFS06 Raster Logistics R33,139.7088,35.7562,MFS06,LOGISTICS_HUB,medium
LC6216,MFS06 Raster Logistics R35,139.6662,35.7287,MFS06,LARGE_DISTRIBUTION,medium
LC6217,MFS06 Raster Logistics R37,139.6821,35.7704,MFS06,LOGISTICS_HUB,medium
LC6218,MFS06 Raster Logistics R39,139.6754,35.7746,MFS06,LOGISTICS_HUB,medium
LC6219,MFS06 Raster Logistics R41,139.6921,35.7671,MFS06,LARGE_DISTRIBUTION,medium
LC6220,MFS06 Raster Logistics R43,139.6996,35.7262,MFS06,LARGE_DISTRIBUTION,medium
LC6221,MFS06 Raster Logistics R45,139.6646,35.7254,MFS06,LARGE_DISTRIBUTION,medium
LC6222,MFS06 Raster Logistics R47,139.6788,35.7287,MFS06,MEDIUM_WAREHOUSE,medium
LC6223,MFS06 Raster Logistics R49,139.7038,35.7437,MFS06,LOGISTICS_HUB,medium
LC6224,MFS06 Raster Logistics R51,139.6863,35.7304,MFS06,MEDIUM_WAREHOUSE,medium
LC6225,MFS06 Raster Logistics R53,139.7063,35.7504,MFS06,MEDIUM_WAREHOUSE,medium
LC6226,MFS06 Raster Logistics R55,139.6912,35.7329,MFS06,MEDIUM_WAREHOUSE,medium
LC6227,MFS06 Raster Logistics R57,139.6662,35.7612,MFS06,LARGE_DISTRIBUTION,medium
LC6228,MFS06 Raster Logistics R59,139.6637,35.7504,MFS06,MEDIUM_WAREHOUSE,medium
LC6229,MFS06 Raster Logistics R61,139.6763,35.7471,MFS06,LARGE_DISTRIBUTION,medium
LC6230,MFS06 Raster Logistics R63,139.6746,35.7596,MFS06,MEDIUM_WAREHOUSE,medium
LC6231,MFS06 Raster Logistics R65,139.6854,35.7379,MFS06,LARGE_DISTRIBUTION,medium
LC6232,MFS06 Raster Logistics R67,139.7021,35.7379,MFS06,MEDIUM_WAREHOUSE,medium
LC6233,MFS06 Raster Logistics R69,139.6887,35.7487,MFS06,LARGE_DISTRIBUTION,medium
LC6234,MFS06 Raster Logistics R71,139.6921,35.7479,MFS06,MEDIUM_WAREHOUSE,medium
LC6235,MFS06 Raster Logistics R73,139.6587,35.7354,MFS06,LOGISTICS_HUB,medium
LC6236,MFS06 Raster Logistics R75,139.6604,35.7537,MFS06,LOGISTICS_HUB,medium
LC6237,MFS06 Raster Logistics R77,139.6954,35.7412,MFS06,MEDIUM_WAREHOUSE,medium
LC6238,MFS06 Raster Logistics R79,139.6679,35.7754,MFS06,LARGE_DISTRIBUTION,medium
LC6239,MFS06 Raster Logistics R81,139.6521,35.7679,MFS06,LOGISTICS_HUB,medium
LC6240,MFS06 Raster Logistics R83,139.6529,35.7504,MFS06,LOGISTICS_HUB,medium
LC6241,MFS06 Raster Logistics R85,139.6979,35.7537,MFS06,LOGISTICS_HUB,medium
LC6242,MFS06 Raster Logistics R87,139.6996,35.7629,MFS06,LARGE_DISTRIBUTION,medium
LC6243,MFS06 Raster Logistics R89,139.7088,35.7454,MFS06,LOGISTICS_HUB,medium
LC6244,MFS06 Raster Logistics R91,139.7029,35.7537,MFS06,MEDIUM_WAREHOUSE,medium
LC6245,MFS06 Raster Logistics R93,139.6763,35.7812,MFS06,LOGISTICS_HUB,medium
LC6246,MFS06 Raster Logistics R95,139.6796,35.7462,MFS06,MEDIUM_WAREHOUSE,medium
LC6247,MFS06 Raster Logistics R97,139.6921,35.7712,MFS06,LOGISTICS_HUB,medium
LC6248,MFS06 Raster Logistics R99,139.6696,35.7512,MFS06,LARGE_DISTRIBUTION,medium
LC6249,MFS07 Raster Logistics R1,139.8704,35.7379,MFS07,LOGISTICS_HUB,medium
LC6250,MFS07 Raster Logistics R3,139.8221,35.7471,MFS07,LOGISTICS_HUB,medium
LC6251,MFS07 Raster Logistics R5,139.8588,35.7279,MFS07,LARGE_DISTRIBUTION,medium
LC6252,MFS07 Raster Logistics R7,139.8821,35.7437,MFS07,MEDIUM_WAREHOUSE,medium
LC6253,MFS07 Raster Logistics R9,139.8771,35.7371,MFS07,LARGE_DISTRIBUTION,medium
LC6254,MFS07 Raster Logistics R11,139.789736,35.648936,MFS07,MEDIUM_WAREHOUSE,medium
LC6255,MFS07 Raster Logistics R13,139.8413,35.7746,MFS07,LARGE_DISTRIBUTION,medium
LC6256,MFS07 Raster Logistics R15,139.8787,35.7654,MFS07,LARGE_DISTRIBUTION,medium
LC6257,MFS07 Raster Logistics R17,139.8313,35.7121,MFS07,LOGISTICS_HUB,medium
LC6258,MFS07 Raster Logistics R19,139.8321,35.7612,MFS07,LARGE_DISTRIBUTION,medium
LC6259,MFS07 Raster Logistics R21,139.8171,35.7337,MFS07,LARGE_DISTRIBUTION,medium
LC6260,MFS07 Raster Logistics R23,139.8446,35.7087,MFS07,MEDIUM_WAREHOUSE,medium
LC6261,MFS07 Raster Logistics R25,139.8471,35.7471,MFS07,MEDIUM_WAREHOUSE,medium
LC6262,MFS07 Raster Logistics R27,139.8738,35.7662,MFS07,LARGE_DISTRIBUTION,medium
LC6263,MFS07 Raster Logistics R29,139.8296,35.7104,MFS07,LOGISTICS_HUB,medium
LC6264,MFS07 Raster Logistics R31,139.8421,35.7379,MFS07,LARGE_DISTRIBUTION,medium
LC6265,MFS07 Raster Logistics R33,139.8604,35.7104,MFS07,LOGISTICS_HUB,medium
LC6266,MFS07 Raster Logistics R35,139.8821,35.7337,MFS07,LARGE_DISTRIBUTION,medium
LC6267,MFS07 Raster Logistics R37,139.8487,35.7746,MFS07,LARGE_DISTRIBUTION,medium
LC6268,MFS07 Raster Logistics R39,139.8271,35.7154,MFS07,LOGISTICS_HUB,medium
LC6269,MFS07 Raster Logistics R41,139.8638,35.7671,MFS07,LARGE_DISTRIBUTION,medium
LC6270,MFS07 Raster Logistics R43,139.8671,35.7246,MFS07,LARGE_DISTRIBUTION,medium
LC6271,MFS07 Raster Logistics R45,139.8496,35.7212,MFS07,LOGISTICS_HUB,medium
LC6272,MFS07 Raster Logistics R47,139.8787,35.7337,MFS07,LARGE_DISTRIBUTION,medium
LC6273,MFS07 Raster Logistics R49,139.8738,35.7371,MFS07,MEDIUM_WAREHOUSE,medium
LC6274,MFS07 Raster Logistics R51,139.8162,35.7354,MFS07,LOGISTICS_HUB,medium
LC6275,MFS07 Raster Logistics R53,139.8787,35.7371,MFS07,MEDIUM_WAREHOUSE,medium
LC6276,MFS07 Raster Logistics R55,139.8438,35.7371,MFS07,LOGISTICS_HUB,medium
LC6277,MFS07 Raster Logistics R57,139.8846,35.7271,MFS07,LOGISTICS_HUB,medium
LC6278,MFS07 Raster Logistics R59,139.8512,35.7421,MFS07,MEDIUM_WAREHOUSE,medium
LC6279,MFS07 Raster Logistics R61,139.8671,35.7429,MFS07,LOGISTICS_HUB,medium
LC6280,MFS07 Raster Logistics R63,139.8713,35.7271,MFS07,LOGISTICS_HUB,medium
LC6281,MFS07 Raster Logistics R65,139.8171,35.7537,MFS07,MEDIUM_WAREHOUSE,medium
LC6282,MFS07 Raster Logistics R67,139.8354,35.7296,MFS07,LARGE_DISTRIBUTION,medium
LC6283,MFS08 Raster Logistics R1,139.5662,35.6571,MFS08,LOGISTICS_HUB,medium
LC6284,MFS08 Raster Logistics R3,139.5629,35.6579,MFS08,LOGISTICS_HUB,medium
LC6285,MFS08 Raster Logistics R5,139.5721,35.6796,MFS08,LARGE_DISTRIBUTION,medium
LC6286,MFS08 Raster Logistics R7,139.5596,35.6896,MFS08,LOGISTICS_HUB,medium
LC6287,MFS08 Raster Logistics R9,139.5379,35.6537,MFS08,LOGISTICS_HUB,medium
LC6288,MFS08 Raster Logistics R11,139.5179,35.6779,MFS08,MEDIUM_WAREHOUSE,medium
LC6289,MFS08 Raster Logistics R13,139.5154,35.6554,MFS08,LOGISTICS_HUB,medium
LC6290,MFS08 Raster Logistics R15,139.5171,35.6471,MFS08,LARGE_DISTRIBUTION,medium
LC6291,MFS08 Raster Logistics R17,139.5513,35.6979,MFS08,MEDIUM_WAREHOUSE,medium
LC6292,MFS08 Raster Logistics R19,139.5538,35.6571,MFS08,LARGE_DISTRIBUTION,medium
LC6293,MFS08 Raster Logistics R21,139.5446,35.6462,MFS08,MEDIUM_WAREHOUSE,medium
LC6294,MFS08 Raster Logistics R23,139.5171,35.6721,MFS08,LARGE_DISTRIBUTION,medium
LC6295,MFS08 Raster Logistics R25,139.5404,35.6587,MFS08,MEDIUM_WAREHOUSE,medium
LC6296,MFS08 Raster Logistics R27,139.5637,35.6846,MFS08,LOGISTICS_HUB,medium
LC6297,MFS08 Raster Logistics R29,139.5246,35.6437,MFS08,LOGISTICS_HUB,medium
LC6298,MFS08 Raster Logistics R31,139.5737,35.6504,MFS08,LOGISTICS_HUB,medium
LC6299,MFS08 Raster Logistics R33,139.5588,35.6404,MFS08,LOGISTICS_HUB,medium
LC6300,MFS08 Raster Logistics R35,139.5421,35.6987,MFS08,LOGISTICS_HUB,medium
LC6301,MFS08 Raster Logistics R37,139.5662,35.6587,MFS08,LOGISTICS_HUB,medium
LC6302,MFS08 Raster Logistics R39,139.5387,35.6354,MFS08,LOGISTICS_HUB,medium
LC6303,MFS08 Raster Logistics R41,139.5362,35.6721,MFS08,MEDIUM_WAREHOUSE,medium
LC6304,MFS08 Raster Logistics R43,139.5854,35.6871,MFS08,LARGE_DISTRIBUTION,medium
LC6305,MFS08 Raster Logistics R45,139.5346,35.6612,MFS08,LOGISTICS_HUB,medium
LC6306,MFS08 Raster Logistics R47,139.5846,35.6496,MFS08,LOGISTICS_HUB,medium
LC6307,MFS08 Raster Logistics R49,139.5379,35.6529,MFS08,MEDIUM_WAREHOUSE,medium
LC6308,MFS08 Raster Logistics R51,139.5588,35.6721,MFS08,LOGISTICS_HUB,medium
LC6309,MFS08 Raster Logistics R53,139.5621,35.6887,MFS08,LOGISTICS_HUB,medium
LC6310,MFS08 Raster Logistics R55,139.5496,35.7037,MFS08,LARGE_DISTRIBUTION,medium
LC6311,MFS08 Raster Logistics R57,139.5504,35.6854,MFS08,LOGISTICS_HUB,medium
LC6312,MFS08 Raster Logistics R59,139.5696,35.6712,MFS08,MEDIUM_WAREHOUSE,medium
LC6313,MFS08 Raster Logistics R61,139.5613,35.6771,MFS08,LARGE_DISTRIBUTION,medium
LC6314,MFS08 Raster Logistics R63,139.5529,35.6662,MFS08,MEDIUM_WAREHOUSE,medium
LC6315,MFS08 Raster Logistics R65,139.5637,35.6879,MFS08,LOGISTICS_HUB,medium
LC6316,MFS08 Raster Logistics R67,139.5496,35.6412,MFS08,LOGISTICS_HUB,medium
LC6317,MFS08 Raster Logistics R69,139.5679,35.6537,MFS08,LOGISTICS_HUB,medium
LC6318,MFS08 Raster Logistics R71,139.5813,35.6921,MFS08,LOGISTICS_HUB,medium
LC6319,MFS08 Raster Logistics R73,139.5729,35.6771,MFS08,LOGISTICS_HUB,medium
LC6320,MFS08 Raster Logistics R75,139.5404,35.6671,MFS08,LOGISTICS_HUB,medium
LC6321,MFS08 Raster Logistics R77,139.5729,35.6737,MFS08,LARGE_DISTRIBUTION,medium
LC6322,MFS08 Raster Logistics R79,139.5421,35.7037,MFS08,MEDIUM_WAREHOUSE,medium
LC6323,MFS08 Raster Logistics R81,139.5804,35.6929,MFS08,LOGISTICS_HUB,medium
LC6324,MFS08 Raster Logistics R83,139.5479,35.6571,MFS08,LARGE_DISTRIBUTION,medium
LC6325,MFS08 Raster Logistics R85,139.5396,35.7046,MFS08,MEDIUM_WAREHOUSE,medium
LC6326,MFS08 Raster Logistics R87,139.5279,35.6754,MFS08,MEDIUM_WAREHOUSE,medium
LC6327,MFS08 Raster Logistics R89,139.5588,35.6746,MFS08,LOGISTICS_HUB,medium
LC6328,MFS08 Raster Logistics R91,139.5604,35.6546,MFS08,LOGISTICS_HUB,medium
LC6329,MFS08 Raster Logistics R93,139.5304,35.6862,MFS08,LARGE_DISTRIBUTION,medium
LC6330,MFS08 Raster Logistics R95,139.5729,35.6696,MFS08,LARGE_DISTRIBUTION,medium
LC6331,MFS08 Raster Logistics R97,139.5221,35.6554,MFS08,LOGISTICS_HUB,medium
LC6332,MFS08 Raster Logistics R99,139.5762,35.6654,MFS08,MEDIUM_WAREHOUSE,medium
LC6333,MFS10 Raster Logistics R1,139.2829,35.7487,MFS10,LARGE_DISTRIBUTION,medium
LC6334,MFS10 Raster Logistics R3,139.2862,35.7712,MFS10,LOGISTICS_HUB,medium
LC6335,MFS10 Raster Logistics R5,139.2546,35.7821,MFS10,LARGE_DISTRIBUTION,medium
LC6336,MFS10 Raster Logistics R7,139.2663,35.7696,MFS10,LARGE_DISTRIBUTION,medium
LC6337,MFS10 Raster Logistics R9,139.2562,35.7254,MFS10,MEDIUM_WAREHOUSE,medium
LC6338,MFS10 Raster Logistics R11,139.2212,35.7346,MFS10,MEDIUM_WAREHOUSE,medium
LC6339,MFS10 Raster Logistics R13,139.2921,35.7321,MFS10,LARGE_DISTRIBUTION,medium
LC6340,MFS10 Raster Logistics R15,139.2946,35.7404,MFS10,MEDIUM_WAREHOUSE,medium
LC6341,MFS10 Raster Logistics R17,139.2821,35.7246,MFS10,LOGISTICS_HUB,medium
LC6342,MFS10 Raster Logistics R19,139.2346,35.7462,MFS10,LARGE_DISTRIBUTION,medium
LC6343,MFS10 Raster Logistics R21,139.2471,35.7837,MFS10,MEDIUM_WAREHOUSE,medium
LC6344,MFS10 Raster Logistics R23,139.2846,35.7746,MFS10,LOGISTICS_HUB,medium
LC6345,MFS10 Raster Logistics R25,139.2896,35.7387,MFS10,MEDIUM_WAREHOUSE,medium
LC6346,MFS10 Raster Logistics R27,139.2562,35.7229,MFS10,LOGISTICS_HUB,medium
LC6347,MFS10 Raster Logistics R29,139.2721,35.7787,MFS10,MEDIUM_WAREHOUSE,medium
LC6348,MFS10 Raster Logistics R31,139.2329,35.7271,MFS10,LARGE_DISTRIBUTION,medium
LC6349,MFS10 Raster Logistics R33,139.2871,35.7146,MFS10,LOGISTICS_HUB,medium
LC6350,MFS10 Raster Logistics R35,139.2629,35.7562,MFS10,LOGISTICS_HUB,medium
LC6351,MFS10 Raster Logistics R37,139.2704,35.7812,MFS10,LOGISTICS_HUB,medium
LC6352,MFS10 Raster Logistics R39,139.2304,35.7262,MFS10,MEDIUM_WAREHOUSE,medium
LC6353,MFS10 Raster Logistics R41,139.2587,35.7387,MFS10,LOGISTICS_HUB,medium
LC6354,MFS10 Raster Logistics R43,139.2812,35.7721,MFS10,LARGE_DISTRIBUTION,medium
LC6355,MFS10 Raster Logistics R45,139.2738,35.7171,MFS10,LOGISTICS_HUB,medium
LC6356,MFS10 Raster Logistics R47,139.2796,35.7421,MFS10,MEDIUM_WAREHOUSE,medium
LC6357,MFS10 Raster Logistics R49,139.2671,35.7187,MFS10,MEDIUM_WAREHOUSE,medium
LC6358,MFS10 Raster Logistics R51,139.2546,35.7354,MFS10,MEDIUM_WAREHOUSE,medium
LC6359,MFS10 Raster Logistics R53,139.2854,35.7171,MFS10,LOGISTICS_HUB,medium
LC6360,MFS10 Raster Logistics R55,139.2554,35.7321,MFS10,LARGE_DISTRIBUTION,medium
LC6361,MFS10 Raster Logistics R57,139.2413,35.7821,MFS10,LOGISTICS_HUB,medium
LC6362,MFS10 Raster Logistics R59,139.2421,35.7279,MFS10,MEDIUM_WAREHOUSE,medium
LC6363,MFS10 Raster Logistics R61,139.2629,35.7171,MFS10,LARGE_DISTRIBUTION,medium
LC6364,MFS10 Raster Logistics R63,139.2846,35.7504,MFS10,LOGISTICS_HUB,medium
LC6365,MFS10 Raster Logistics R65,139.2721,35.7379,MFS10,MEDIUM_WAREHOUSE,medium
LC6366,MFS10 Raster Logistics R67,139.2854,35.7254,MFS10,LARGE_DISTRIBUTION,medium
LC6367,MFS10 Raster Logistics R69,139.2562,35.7421,MFS10,LARGE_DISTRIBUTION,medium
LC6368,MFS10 Raster Logistics R71,139.2413,35.7829,MFS10,LOGISTICS_HUB,medium
LC6369,MFS10 Raster Logistics R73,139.2754,35.7737,MFS10,LOGISTICS_HUB,medium
LC6370,MFS10 Raster Logistics R75,139.2396,35.7812,MFS10,LARGE_DISTRIBUTION,medium
LC6371,MFS10 Raster Logistics R77,139.2254,35.7521,MFS10,MEDIUM_WAREHOUSE,medium
LC6372,MFS10 Raster Logistics R79,139.2612,35.7379,MFS10,MEDIUM_WAREHOUSE,medium
LC6373,MFS10 Raster Logistics R81,139.2788,35.7196,MFS10,LOGISTICS_HUB,medium
LC6374,MFS10 Raster Logistics R83,139.2596,35.7371,MFS10,LOGISTICS_HUB,medium
LC6375,MFS10 Raster Logistics R85,139.2379,35.7262,MFS10,LOGISTICS_HUB,medium
LC6376,MFS10 Raster Logistics R87,139.2871,35.7221,MFS10,LOGISTICS_HUB,medium
LC6377,MFS10 Raster Logistics R89,139.2246,35.7304,MFS10,LARGE_DISTRIBUTION,medium
LC6378,MFS10 Raster Logistics R91,139.2779,35.7746,MFS10,LOGISTICS_HUB,medium
LC6379,MFS10 Raster Logistics R93,139.2463,35.7537,MFS10,LOGISTICS_HUB,medium
LC6380,MFS10 Raster Logistics R95,139.2579,35.7271,MFS10,LOGISTICS_HUB,medium
LC6381,MFS10 Raster Logistics R97,139.2871,35.7204,MFS10,LOGISTICS_HUB,medium
LC6382,MFS10 Raster Logistics R99,139.2796,35.7229,MFS10,MEDIUM_WAREHOUSE,medium
LC6383,MFS11 Raster Logistics R1,139.6371,35.4821,MFS11,MEDIUM_WAREHOUSE,medium
LC6384,MFS11 Raster Logistics R3,139.6321,35.4596,MFS11,LOGISTICS_HUB,medium
LC6385,MFS11 Raster Logistics R5,139.5938,35.4671,MFS11,LOGISTICS_HUB,medium
LC6386,MFS11 Raster Logistics R7,139.5987,35.4904,MFS11,MEDIUM_WAREHOUSE,medium
LC6387,MFS11 Raster Logistics R9,139.6029,35.4879,MFS11,MEDIUM_WAREHOUSE,medium
LC6388,MFS11 Raster Logistics R11,139.6113,35.4829,MFS11,MEDIUM_WAREHOUSE,medium
LC6389,MFS11 Raster Logistics R13,139.5962,35.4612,MFS11,LARGE_DISTRIBUTION,medium
LC6390,MFS11 Raster Logistics R15,139.6113,35.4446,MFS11,LARGE_DISTRIBUTION,medium
LC6391,MFS11 Raster Logistics R17,139.6379,35.4487,MFS11,LARGE_DISTRIBUTION,medium
LC6392,MFS11 Raster Logistics R19,139.6362,35.4804,MFS11,LOGISTICS_HUB,medium
LC6393,MFS11 Raster Logistics R21,139.6421,35.4787,MFS11,MEDIUM_WAREHOUSE,medium
LC6394,MFS11 Raster Logistics R23,139.5946,35.4821,MFS11,LOGISTICS_HUB,medium
LC6395,MFS11 Raster Logistics R25,139.6421,35.4796,MFS11,MEDIUM_WAREHOUSE,medium
LC6396,MFS11 Raster Logistics R27,139.5979,35.4804,MFS11,LOGISTICS_HUB,medium
LC6397,MFS11 Raster Logistics R29,139.6138,35.4446,MFS11,LOGISTICS_HUB,medium
LC6398,MFS11 Raster Logistics R31,139.6154,35.4512,MFS11,LARGE_DISTRIBUTION,medium
LC6399,MFS11 Raster Logistics R33,139.6096,35.4487,MFS11,LARGE_DISTRIBUTION,medium
LC6400,MFS11 Raster Logistics R35,139.6046,35.4821,MFS11,LARGE_DISTRIBUTION,medium
LC6401,MFS11 Raster Logistics R37,139.6046,35.4629,MFS11,MEDIUM_WAREHOUSE,medium
LC6402,MFS11 Raster Logistics R39,139.6271,35.4662,MFS11,LOGISTICS_HUB,medium
LC6403,MFS11 Raster Logistics R41,139.6096,35.4937,MFS11,MEDIUM_WAREHOUSE,medium
LC6404,MFS11 Raster Logistics R43,139.6221,35.4696,MFS11,MEDIUM_WAREHOUSE,medium
LC6405,MFS11 Raster Logistics R45,139.5938,35.4571,MFS11,MEDIUM_WAREHOUSE,medium
LC6406,MFS11 Raster Logistics R47,139.6312,35.4829,MFS11,LOGISTICS_HUB,medium
LC6407,MFS11 Raster Logistics R49,139.6304,35.4604,MFS11,LARGE_DISTRIBUTION,medium
LC6408,MFS11 Raster Logistics R51,139.6096,35.4562,MFS11,LARGE_DISTRIBUTION,medium
LC6409,MFS11 Raster Logistics R53,139.6329,35.4787,MFS11,MEDIUM_WAREHOUSE,medium
LC6410,MFS11 Raster Logistics R55,139.6188,35.4687,MFS11,LOGISTICS_HUB,medium
LC6411,MFS11 Raster Logistics R57,139.6354,35.4829,MFS11,LARGE_DISTRIBUTION,medium
LC6412,MFS11 Raster Logistics R59,139.6004,35.4504,MFS11,LOGISTICS_HUB,medium
LC6413,MFS11 Raster Logistics R61,139.6329,35.4846,MFS11,LOGISTICS_HUB,medium
LC6414,MFS11 Raster Logistics R63,139.6204,35.4571,MFS11,MEDIUM_WAREHOUSE,medium
LC6415,MFS11 Raster Logistics R65,139.5979,35.4662,MFS11,LOGISTICS_HUB,medium
LC6416,MFS11 Raster Logistics R67,139.6271,35.4454,MFS11,LARGE_DISTRIBUTION,medium
LC6417,MFS11 Raster Logistics R69,139.6154,35.4837,MFS11,LOGISTICS_HUB,medium
LC6418,MFS11 Raster Logistics R71,139.6154,35.4662,MFS11,LARGE_DISTRIBUTION,medium
LC6419,MFS11 Raster Logistics R73,139.6179,35.4629,MFS11,LOGISTICS_HUB,medium
LC6420,MFS11 Raster Logistics R75,139.6221,35.4629,MFS11,LOGISTICS_HUB,medium
LC6421,MFS11 Raster Logistics R77,139.6138,35.4862,MFS11,LOGISTICS_HUB,medium
LC6422,MFS11 Raster Logistics R79,139.6312,35.4804,MFS11,LARGE_DISTRIBUTION,medium
LC6423,MFS11 Raster Logistics R81,139.6296,35.4712,MFS11,MEDIUM_WAREHOUSE,medium
LC6424,MFS11 Raster Logistics R83,139.6321,35.4796,MFS11,LARGE_DISTRIBUTION,medium
LC6425,MFS11 Raster Logistics R85,139.6113,35.4596,MFS11,LARGE_DISTRIBUTION,medium
LC6426,MFS11 Raster Logistics R87,139.6221,35.4787,MFS11,MEDIUM_WAREHOUSE,medium
LC6427,MFS11 Raster Logistics R89,139.5954,35.4579,MFS11,LOGISTICS_HUB,medium
LC6428,MFS11 Raster Logistics R91,139.6312,35.4912,MFS11,LOGISTICS_HUB,medium
LC6429,MFS11 Raster Logistics R93,139.6379,35.4637,MFS11,MEDIUM_WAREHOUSE,medium
LC6430,MFS11 Raster Logistics R95,139.6296,35.4771,MFS11,LARGE_DISTRIBUTION,medium
LC6431,MFS11 Raster Logistics R97,139.6154,35.4912,MFS11,MEDIUM_WAREHOUSE,medium
LC6432,MFS11 Raster Logistics R99,139.6346,35.4487,MFS11,LOGISTICS_HUB,medium
LC6433,MFS11 Raster Logistics R101,139.6371,35.4696,MFS11,MEDIUM_WAREHOUSE,medium
LC6434,MFS11 Raster Logistics R103,139.5987,35.4687,MFS11,LOGISTICS_HUB,medium
LC6435,MFS11 Raster Logistics R105,139.6213,35.4604,MFS11,LARGE_DISTRIBUTION,medium
LC6436,MFS11 Raster Logistics R107,139.6129,35.4621,MFS11,LARGE_DISTRIBUTION,medium
LC6437,MFS11 Raster Logistics R109,139.6054,35.4796,MFS11,LOGISTICS_HUB,medium
LC6438,MFS11 Raster Logistics R111,139.6046,35.4496,MFS11,LARGE_DISTRIBUTION,medium
LC6439,MFS12 Raster Logistics R1,139.5987,35.3904,MFS12,LARGE_DISTRIBUTION,medium
LC6440,MFS12 Raster Logistics R3,139.6012,35.4179,MFS12,MEDIUM_WAREHOUSE,medium
LC6441,MFS12 Raster Logistics R5,139.6021,35.4237,MFS12,LARGE_DISTRIBUTION,medium
LC6442,MFS12 Raster Logistics R7,139.5987,35.4296,MFS12,MEDIUM_WAREHOUSE,medium
LC6443,MFS12 Raster Logistics R9,139.5954,35.4121,MFS12,LOGISTICS_HUB,medium
LC6444,MFS12 Raster Logistics R11,139.5954,35.4262,MFS12,LARGE_DISTRIBUTION,medium
LC6445,MFS12 Raster Logistics R13,139.6229,35.4204,MFS12,MEDIUM_WAREHOUSE,medium
LC6446,MFS12 Raster Logistics R15,139.6054,35.4012,MFS12,LARGE_DISTRIBUTION,medium
LC6447,MFS12 Raster Logistics R17,139.6296,35.4287,MFS12,LOGISTICS_HUB,medium
LC6448,MFS12 Raster Logistics R19,139.6337,35.4096,MFS12,LARGE_DISTRIBUTION,medium
LC6449,MFS12 Raster Logistics R21,139.6387,35.4279,MFS12,LARGE_DISTRIBUTION,medium
LC6450,MFS12 Raster Logistics R23,139.6312,35.4187,MFS12,MEDIUM_WAREHOUSE,medium
LC6451,MFS12 Raster Logistics R25,139.6213,35.4204,MFS12,LOGISTICS_HUB,medium
LC6452,MFS12 Raster Logistics R27,139.6312,35.4271,MFS12,LOGISTICS_HUB,medium
LC6453,MFS12 Raster Logistics R29,139.6371,35.4171,MFS12,MEDIUM_WAREHOUSE,medium
LC6454,MFS12 Raster Logistics R31,139.6188,35.4054,MFS12,LARGE_DISTRIBUTION,medium
LC6455,MFS12 Raster Logistics R33,139.6171,35.4004,MFS12,LOGISTICS_HUB,medium
LC6456,MFS12 Raster Logistics R35,139.6196,35.4046,MFS12,MEDIUM_WAREHOUSE,medium
LC6457,MFS12 Raster Logistics R37,139.6454,35.4162,MFS12,LOGISTICS_HUB,medium
LC6458,MFS12 Raster Logistics R39,139.6312,35.3896,MFS12,MEDIUM_WAREHOUSE,medium
LC6459,MFS12 Raster Logistics R41,139.6154,35.4171,MFS12,MEDIUM_WAREHOUSE,medium
LC6460,MFS12 Raster Logistics R43,139.6421,35.4212,MFS12,LARGE_DISTRIBUTION,medium
LC6461,MFS12 Raster Logistics R45,139.5938,35.4054,MFS12,LOGISTICS_HUB,medium
LC6462,MFS12 Raster Logistics R47,139.6196,35.3912,MFS12,LARGE_DISTRIBUTION,medium
LC6463,MFS12 Raster Logistics R49,139.6138,35.3854,MFS12,LARGE_DISTRIBUTION,medium
LC6464,MFS12 Raster Logistics R51,139.6271,35.4179,MFS12,LOGISTICS_HUB,medium
LC6465,MFS12 Raster Logistics R53,139.6446,35.4137,MFS12,LARGE_DISTRIBUTION,medium
LC6466,MFS12 Raster Logistics R55,139.6321,35.4337,MFS12,LOGISTICS_HUB,medium
LC6467,MFS12 Raster Logistics R57,139.6138,35.4129,MFS12,LOGISTICS_HUB,medium
LC6468,MFS12 Raster Logistics R59,139.6104,35.3937,MFS12,MEDIUM_WAREHOUSE,medium
LC6469,MFS12 Raster Logistics R61,139.6163,35.4104,MFS12,LOGISTICS_HUB,medium
LC6470,MFS12 Raster Logistics R63,139.6163,35.3896,MFS12,MEDIUM_WAREHOUSE,medium
LC6471,MFS12 Raster Logistics R65,139.6171,35.4012,MFS12,LARGE_DISTRIBUTION,medium
LC6472,MFS12 Raster Logistics R67,139.6021,35.4304,MFS12,LARGE_DISTRIBUTION,medium
LC6473,MFS12 Raster Logistics R69,139.6262,35.4129,MFS12,MEDIUM_WAREHOUSE,medium
LC6474,MFS12 Raster Logistics R71,139.5962,35.4196,MFS12,MEDIUM_WAREHOUSE,medium
LC6475,MFS12 Raster Logistics R73,139.6204,35.4079,MFS12,MEDIUM_WAREHOUSE,medium
LC6476,MFS12 Raster Logistics R75,139.6346,35.3896,MFS12,MEDIUM_WAREHOUSE,medium
LC6477,MFS12 Raster Logistics R77,139.5946,35.4196,MFS12,MEDIUM_WAREHOUSE,medium
LC6478,MFS12 Raster Logistics R79,139.5929,35.4246,MFS12,LOGISTICS_HUB,medium
LC6479,MFS12 Raster Logistics R81,139.6163,35.3854,MFS12,LARGE_DISTRIBUTION,medium
LC6480,MFS12 Raster Logistics R83,139.6396,35.4262,MFS12,LOGISTICS_HUB,medium
LC6481,MFS12 Raster Logistics R85,139.6062,35.3996,MFS12,LOGISTICS_HUB,medium
LC6482,MFS12 Raster Logistics R87,139.6254,35.4062,MFS12,LARGE_DISTRIBUTION,medium
LC6483,MFS12 Raster Logistics R89,139.6004,35.4129,MFS12,LOGISTICS_HUB,medium
LC6484,MFS12 Raster Logistics R91,139.6062,35.4137,MFS12,LOGISTICS_HUB,medium
LC6485,MFS12 Raster Logistics R93,139.5946,35.4154,MFS12,MEDIUM_WAREHOUSE,medium
LC6486,MFS12 Raster Logistics R95,139.6246,35.4162,MFS12,LARGE_DISTRIBUTION,medium
LC6487,MFS12 Raster Logistics R97,139.6413,35.4162,MFS12,LARGE_DISTRIBUTION,medium
LC6488,MFS12 Raster Logistics R99,139.6396,35.4054,MFS12,LARGE_DISTRIBUTION,medium
LC6489,MFS12 Raster Logistics R101,139.5996,35.3962,MFS12,LARGE_DISTRIBUTION,medium
LC6490,MFS12 Raster Logistics R103,139.6312,35.4179,MFS12,LOGISTICS_HUB,medium
LC6491,MFS12 Raster Logistics R105,139.6104,35.4312,MFS12,LARGE_DISTRIBUTION,medium
LC6492,MFS12 Raster Logistics R107,139.6088,35.4112,MFS12,LOGISTICS_HUB,medium
LC6493,MFS12 Raster Logistics R109,139.6312,35.3921,MFS12,MEDIUM_WAREHOUSE,medium
LC6494,MFS12 Raster Logistics R111,139.6271,35.3854,MFS12,MEDIUM_WAREHOUSE,medium
LC6495,MFS12 Raster Logistics R113,139.6321,35.4179,MFS12,LARGE_DISTRIBUTION,medium
LC6496,MFS12 Raster Logistics R115,139.6221,35.4187,MFS12,MEDIUM_WAREHOUSE,medium
LC6497,MFS12 Raster Logistics R117,139.6062,35.3887,MFS12,MEDIUM_WAREHOUSE,medium
LC6498,MFS12 Raster Logistics R119,139.6012,35.3954,MFS12,MEDIUM_WAREHOUSE,medium
LC6499,MFS12 Raster Logistics R121,139.6463,35.4229,MFS12,LOGISTICS_HUB,medium
LC6500,MFS12 Raster Logistics R123,139.6354,35.4012,MFS12,LOGISTICS_HUB,medium
LC6501,MFS12 Raster Logistics R125,139.6188,35.4354,MFS12,MEDIUM_WAREHOUSE,medium
LC6502,MFS12 Raster Logistics R127,139.6096,35.4312,MFS12,MEDIUM_WAREHOUSE,medium
LC6503,MFS12 Raster Logistics R129,139.6029,35.4112,MFS12,LARGE_DISTRIBUTION,medium
LC6504,MFS12 Raster Logistics R131,139.6146,35.3837,MFS12,LARGE_DISTRIBUTION,medium
LC6505,MFS12 Raster Logistics R133,139.6229,35.4321,MFS12,LARGE_DISTRIBUTION,medium
LC6506,MFS12 Raster Logistics R135,139.6021,35.3887,MFS12,MEDIUM_WAREHOUSE,medium
LC6507,MFS12 Raster Logistics R137,139.6246,35.4171,MFS12,LOGISTICS_HUB,medium
LC6508,MFS12 Raster Logistics R139,139.6071,35.4221,MFS12,LARGE_DISTRIBUTION,medium
LC6509,MFS12 Raster Logistics R141,139.6188,35.4046,MFS12,LOGISTICS_HUB,medium
LC6510,MFS12 Raster Logistics R143,139.5954,35.4046,MFS12,MEDIUM_WAREHOUSE,medium
LC6511,MFS12 Raster Logistics R145,139.6254,35.3837,MFS12,MEDIUM_WAREHOUSE,medium
LC6512,MFS13 Raster Logistics R1,139.5496,35.4271,MFS13,LOGISTICS_HUB,medium
LC6513,MFS13 Raster Logistics R3,139.5229,35.4446,MFS13,MEDIUM_WAREHOUSE,medium
LC6514,MFS13 Raster Logistics R5,139.5554,35.4121,MFS13,LARGE_DISTRIBUTION,medium
LC6515,MFS13 Raster Logistics R7,139.5854,35.4404,MFS13,MEDIUM_WAREHOUSE,medium
LC6516,MFS13 Raster Logistics R9,139.5104,35.4596,MFS13,LARGE_DISTRIBUTION,medium
LC6517,MFS13 Raster Logistics R11,139.5321,35.4696,MFS13,LOGISTICS_HUB,medium
LC6518,MFS13 Raster Logistics R13,139.5179,35.4212,MFS13,LARGE_DISTRIBUTION,medium
LC6519,MFS13 Raster Logistics R15,139.5654,35.4312,MFS13,LOGISTICS_HUB,medium
LC6520,MFS13 Raster Logistics R17,139.5888,35.4512,MFS13,LARGE_DISTRIBUTION,medium
LC6521,MFS13 Raster Logistics R19,139.5646,35.4554,MFS13,LOGISTICS_HUB,medium
LC6522,MFS13 Raster Logistics R21,139.5563,35.4212,MFS13,LARGE_DISTRIBUTION,medium
LC6523,MFS13 Raster Logistics R23,139.5271,35.4046,MFS13,LOGISTICS_HUB,medium
LC6524,MFS13 Raster Logistics R25,139.5863,35.4546,MFS13,MEDIUM_WAREHOUSE,medium
LC6525,MFS13 Raster Logistics R27,139.5129,35.4354,MFS13,MEDIUM_WAREHOUSE,medium
LC6526,MFS13 Raster Logistics R29,139.5129,35.4304,MFS13,LARGE_DISTRIBUTION,medium
LC6527,MFS13 Raster Logistics R31,139.5513,35.4779,MFS13,LOGISTICS_HUB,medium
LC6528,MFS13 Raster Logistics R33,139.5646,35.4362,MFS13,LOGISTICS_HUB,medium
LC6529,MFS13 Raster Logistics R35,139.5762,35.4496,MFS13,LOGISTICS_HUB,medium
LC6530,MFS13 Raster Logistics R37,139.5329,35.4121,MFS13,MEDIUM_WAREHOUSE,medium
LC6531,MFS13 Raster Logistics R39,139.5096,35.4587,MFS13,LOGISTICS_HUB,medium
LC6532,MFS13 Raster Logistics R41,139.5737,35.4646,MFS13,LOGISTICS_HUB,medium
LC6533,MFS13 Raster Logistics R43,139.5579,35.4112,MFS13,LARGE_DISTRIBUTION,medium
LC6534,MFS13 Raster Logistics R45,139.5379,35.4037,MFS13,MEDIUM_WAREHOUSE,medium
LC6535,MFS13 Raster Logistics R47,139.5288,35.4704,MFS13,LARGE_DISTRIBUTION,medium
LC6536,MFS13 Raster Logistics R49,139.5629,35.4596,MFS13,LARGE_DISTRIBUTION,medium
LC6537,MFS13 Raster Logistics R51,139.5171,35.4146,MFS13,MEDIUM_WAREHOUSE,medium
LC6538,MFS13 Raster Logistics R53,139.5579,35.4579,MFS13,LOGISTICS_HUB,medium
LC6539,MFS13 Raster Logistics R55,139.5829,35.4421,MFS13,MEDIUM_WAREHOUSE,medium
LC6540,MFS13 Raster Logistics R57,139.5871,35.4521,MFS13,MEDIUM_WAREHOUSE,medium
LC6541,MFS13 Raster Logistics R59,139.5104,35.4521,MFS13,LARGE_DISTRIBUTION,medium
LC6542,MFS13 Raster Logistics R61,139.5604,35.4254,MFS13,LOGISTICS_HUB,medium
LC6543,MFS13 Raster Logistics R63,139.5779,35.4554,MFS13,LARGE_DISTRIBUTION,medium
LC6544,MFS13 Raster Logistics R65,139.5379,35.4721,MFS13,MEDIUM_WAREHOUSE,medium
LC6545,MFS13 Raster Logistics R67,139.5288,35.4512,MFS13,MEDIUM_WAREHOUSE,medium
LC6546,MFS13 Raster Logistics R69,139.5571,35.4671,MFS13,LOGISTICS_HUB,medium
LC6547,MFS13 Raster Logistics R71,139.5446,35.4346,MFS13,MEDIUM_WAREHOUSE,medium
LC6548,MFS13 Raster Logistics R73,139.5437,35.4162,MFS13,MEDIUM_WAREHOUSE,medium
LC6549,MFS13 Raster Logistics R75,139.5196,35.4337,MFS13,LOGISTICS_HUB,medium
LC6550,MFS13 Raster Logistics R77,139.5288,35.4429,MFS13,LARGE_DISTRIBUTION,medium
LC6551,MFS13 Raster Logistics R79,139.5513,35.4746,MFS13,MEDIUM_WAREHOUSE,medium
LC6552,MFS13 Raster Logistics R81,139.5371,35.4571,MFS13,MEDIUM_WAREHOUSE,medium
LC6553,MFS13 Raster Logistics R83,139.5571,35.4229,MFS13,LARGE_DISTRIBUTION,medium
LC6554,MFS13 Raster Logistics R85,139.5571,35.4546,MFS13,LOGISTICS_HUB,medium
LC6555,MFS13 Raster Logistics R87,139.5188,35.4704,MFS13,LOGISTICS_HUB,medium
LC6556,MFS13 Raster Logistics R89,139.5838,35.4671,MFS13,MEDIUM_WAREHOUSE,medium
LC6557,MFS13 Raster Logistics R91,139.5479,35.4654,MFS13,LARGE_DISTRIBUTION,medium
LC6558,MFS13 Raster Logistics R93,139.5896,35.4254,MFS13,MEDIUM_WAREHOUSE,medium
LC6559,MFS13 Raster Logistics R95,139.5312,35.4396,MFS13,LOGISTICS_HUB,medium
LC6560,MFS13 Raster Logistics R97,139.5854,35.4512,MFS13,MEDIUM_WAREHOUSE,medium
LC6561,MFS13 Raster Logistics R99,139.5588,35.4262,MFS13,MEDIUM_WAREHOUSE,medium
LC6562,MFS13 Raster Logistics R101,139.5196,35.4554,MFS13,LOGISTICS_HUB,medium
LC6563,MFS13 Raster Logistics R103,139.5679,35.4771,MFS13,LOGISTICS_HUB,medium
LC6564,MFS13 Raster Logistics R105,139.5896,35.4279,MFS13,LARGE_DISTRIBUTION,medium
LC6565,MFS13 Raster Logistics R107,139.5629,35.4054,MFS13,LARGE_DISTRIBUTION,medium
LC6566,MFS13 Raster Logistics R109,139.5821,35.4637,MFS13,MEDIUM_WAREHOUSE,medium
LC6567,MFS13 Raster Logistics R111,139.5737,35.4754,MFS13,LARGE_DISTRIBUTION,medium
LC6568,MFS13 Raster Logistics R113,139.5762,35.4587,MFS13,LARGE_DISTRIBUTION,medium
LC6569,MFS13 Raster Logistics R115,139.5879,35.4487,MFS13,MEDIUM_WAREHOUSE,medium
LC6570,MFS13 Raster Logistics R117,139.5696,35.4187,MFS13,LARGE_DISTRIBUTION,medium
LC6571,MFS13 Raster Logistics R119,139.5312,35.4554,MFS13,LOGISTICS_HUB,medium
LC6572,MFS13 Raster Logistics R121,139.5621,35.4446,MFS13,MEDIUM_WAREHOUSE,medium
LC6573,MFS13 Raster Logistics R123,139.5813,35.4187,MFS13,LOGISTICS_HUB,medium
LC6574,MFS13 Raster Logistics R125,139.5629,35.4287,MFS13,LARGE_DISTRIBUTION,medium
LC6575,MFS13 Raster Logistics R127,139.5213,35.4087,MFS13,MEDIUM_WAREHOUSE,medium
LC6576,MFS13 Raster Logistics R129,139.5246,35.4196,MFS13,LOGISTICS_HUB,medium
LC6577,MFS13 Raster Logistics R131,139.5213,35.4129,MFS13,MEDIUM_WAREHOUSE,medium
LC6578,MFS13 Raster Logistics R133,139.5863,35.4371,MFS13,MEDIUM_WAREHOUSE,medium
LC6579,MFS13 Raster Logistics R135,139.5596,35.4504,MFS13,LARGE_DISTRIBUTION,medium
LC6580,MFS13 Raster Logistics R137,139.5371,35.4254,MFS13,LOGISTICS_HUB,medium
LC6581,MFS13 Raster Logistics R139,139.5521,35.4046,MFS13,LARGE_DISTRIBUTION,medium
LC6582,MFS13 Raster Logistics R141,139.5312,35.4637,MFS13,MEDIUM_WAREHOUSE,medium
LC6583,MFS13 Raster Logistics R143,139.5904,35.4271,MFS13,LOGISTICS_HUB,medium
LC6584,MFS13 Raster Logistics R145,139.5137,35.4604,MFS13,MEDIUM_WAREHOUSE,medium
LC6585,MFS13 Raster Logistics R147,139.5179,35.4337,MFS13,MEDIUM_WAREHOUSE,medium
LC6586,MFS13 Raster Logistics R149,139.5379,35.4696,MFS13,LOGISTICS_HUB,medium
LC6587,MFS13 Raster Logistics R151,139.5188,35.4629,MFS13,LOGISTICS_HUB,medium
LC6588,MFS13 Raster Logistics R153,139.5704,35.4262,MFS13,MEDIUM_WAREHOUSE,medium
LC6589,MFS13 Raster Logistics R155,139.5221,35.4196,MFS13,LARGE_DISTRIBUTION,medium
LC6590,MFS13 Raster Logistics R157,139.5563,35.4112,MFS13,LOGISTICS_HUB,medium
LC6591,MFS13 Raster Logistics R159,139.5888,35.4296,MFS13,LOGISTICS_HUB,medium
LC6592,MFS13 Raster Logistics R161,139.5104,35.4296,MFS13,LOGISTICS_HUB,medium
LC6593,MFS13 Raster Logistics R163,139.5404,35.4104,MFS13,MEDIUM_WAREHOUSE,medium
LC6594,MFS13 Raster Logistics R165,139.5629,35.4537,MFS13,LARGE_DISTRIBUTION,medium
LC6595,MFS13 Raster Logistics R167,139.5838,35.4396,MFS13,LOGISTICS_HUB,medium
LC6596,MFS13 Raster Logistics R169,139.5404,35.4596,MFS13,LOGISTICS_HUB,medium
LC6597,MFS13 Raster Logistics R171,139.5712,35.4387,MFS13,LARGE_DISTRIBUTION,medium
LC6598,MFS13 Raster Logistics R173,139.5613,35.4221,MFS13,LOGISTICS_HUB,medium
LC6599,MFS13 Raster Logistics R175,139.5421,35.4787,MFS13,LOGISTICS_HUB,medium
LC6600,MFS13 Raster Logistics R177,139.5838,35.4371,MFS13,MEDIUM_WAREHOUSE,medium
LC6601,MFS13 Raster Logistics R179,139.5721,35.4629,MFS13,LARGE_DISTRIBUTION,medium
LC6602,MFS13 Raster Logistics R181,139.5687,35.4454,MFS13,MEDIUM_WAREHOUSE,medium
LC6603,MFS13 Raster Logistics R183,139.5821,35.4129,MFS13,LARGE_DISTRIBUTION,medium
LC6604,MFS13 Raster Logistics R185,139.5646,35.4487,MFS13,MEDIUM_WAREHOUSE,medium
LC6605,MFS13 Raster Logistics R187,139.5654,35.4546,MFS13,LOGISTICS_HUB,medium
LC6606,MFS13 Raster Logistics R189,139.5779,35.4587,MFS13,LARGE_DISTRIBUTION,medium
LC6607,MFS14 Raster Logistics R1,139.5729,35.5079,MFS14,LARGE_DISTRIBUTION,medium
LC6608,MFS14 Raster Logistics R3,139.5454,35.5079,MFS14,MEDIUM_WAREHOUSE,medium
LC6609,MFS14 Raster Logistics R5,139.6037,35.5454,MFS14,LOGISTICS_HUB,medium
LC6610,MFS14 Raster Logistics R7,139.5588,35.5254,MFS14,MEDIUM_WAREHOUSE,medium
LC6611,MFS14 Raster Logistics R9,139.5888,35.5629,MFS14,LARGE_DISTRIBUTION,medium
LC6612,MFS14 Raster Logistics R11,139.5854,35.5112,MFS14,MEDIUM_WAREHOUSE,medium
LC6613,MFS14 Raster Logistics R13,139.5987,35.5137,MFS14,MEDIUM_WAREHOUSE,medium
LC6614,MFS14 Raster Logistics R15,139.6062,35.5021,MFS14,LOGISTICS_HUB,medium
LC6615,MFS14 Raster Logistics R17,139.6079,35.5362,MFS14,LARGE_DISTRIBUTION,medium
LC6616,MFS14 Raster Logistics R19,139.6096,35.5379,MFS14,LOGISTICS_HUB,medium
LC6617,MFS14 Raster Logistics R21,139.5871,35.5079,MFS14,LARGE_DISTRIBUTION,medium
LC6618,MFS14 Raster Logistics R23,139.5679,35.5046,MFS14,MEDIUM_WAREHOUSE,medium
LC6619,MFS14 Raster Logistics R25,139.5929,35.5279,MFS14,LOGISTICS_HUB,medium
LC6620,MFS14 Raster Logistics R27,139.5637,35.5396,MFS14,LARGE_DISTRIBUTION,medium
LC6621,MFS14 Raster Logistics R29,139.5788,35.5621,MFS14,MEDIUM_WAREHOUSE,medium
LC6622,MFS14 Raster Logistics R31,139.5979,35.5604,MFS14,LARGE_DISTRIBUTION,medium
LC6623,MFS14 Raster Logistics R33,139.6121,35.5337,MFS14,MEDIUM_WAREHOUSE,medium
LC6624,MFS14 Raster Logistics R35,139.6121,35.5262,MFS14,LOGISTICS_HUB,medium
LC6625,MFS14 Raster Logistics R37,139.5554,35.5246,MFS14,LOGISTICS_HUB,medium
LC6626,MFS14 Raster Logistics R39,139.5654,35.5212,MFS14,LARGE_DISTRIBUTION,medium
LC6627,MFS14 Raster Logistics R41,139.5871,35.5362,MFS14,LOGISTICS_HUB,medium
LC6628,MFS14 Raster Logistics R43,139.5871,35.5571,MFS14,LOGISTICS_HUB,medium
LC6629,MFS14 Raster Logistics R45,139.5471,35.5137,MFS14,LOGISTICS_HUB,medium
LC6630,MFS14 Raster Logistics R47,139.5929,35.5454,MFS14,MEDIUM_WAREHOUSE,medium
LC6631,MFS14 Raster Logistics R49,139.5538,35.5121,MFS14,LOGISTICS_HUB,medium
LC6632,MFS14 Raster Logistics R51,139.6029,35.5121,MFS14,LOGISTICS_HUB,medium
LC6633,MFS14 Raster Logistics R53,139.5796,35.5387,MFS14,MEDIUM_WAREHOUSE,medium
LC6634,MFS14 Raster Logistics R55,139.5513,35.5246,MFS14,LOGISTICS_HUB,medium
LC6635,MFS14 Raster Logistics R57,139.5671,35.5629,MFS14,MEDIUM_WAREHOUSE,medium
LC6636,MFS14 Raster Logistics R59,139.5913,35.5196,MFS14,LOGISTICS_HUB,medium
LC6637,MFS14 Raster Logistics R61,139.5746,35.5212,MFS14,MEDIUM_WAREHOUSE,medium
LC6638,MFS14 Raster Logistics R63,139.5762,35.5654,MFS14,MEDIUM_WAREHOUSE,medium
LC6639,MFS14 Raster Logistics R65,139.5946,35.5321,MFS14,MEDIUM_WAREHOUSE,medium
LC6640,MFS14 Raster Logistics R67,139.6104,35.5162,MFS14,LOGISTICS_HUB,medium
LC6641,MFS14 Raster Logistics R69,139.5929,35.5312,MFS14,MEDIUM_WAREHOUSE,medium
LC6642,MFS14 Raster Logistics R71,139.5687,35.5429,MFS14,LARGE_DISTRIBUTION,medium
LC6643,MFS14 Raster Logistics R73,139.5737,35.5221,MFS14,MEDIUM_WAREHOUSE,medium
LC6644,MFS14 Raster Logistics R75,139.5604,35.5146,MFS14,LARGE_DISTRIBUTION,medium
LC6645,MFS14 Raster Logistics R77,139.5879,35.5054,MFS14,LOGISTICS_HUB,medium
LC6646,MFS14 Raster Logistics R79,139.5571,35.5404,MFS14,MEDIUM_WAREHOUSE,medium
LC6647,MFS14 Raster Logistics R81,139.5888,35.5021,MFS14,MEDIUM_WAREHOUSE,medium
LC6648,MFS14 Raster Logistics R83,139.5846,35.5637,MFS14,LARGE_DISTRIBUTION,medium
LC6649,MFS14 Raster Logistics R85,139.5488,35.5337,MFS14,LARGE_DISTRIBUTION,medium
LC6650,MFS14 Raster Logistics R87,139.6154,35.5471,MFS14,LARGE_DISTRIBUTION,medium
LC6651,MFS14 Raster Logistics R89,139.5863,35.5221,MFS14,MEDIUM_WAREHOUSE,medium
LC6652,MFS14 Raster Logistics R91,139.5863,35.5521,MFS14,MEDIUM_WAREHOUSE,medium
LC6653,MFS14 Raster Logistics R93,139.5804,35.5571,MFS14,LARGE_DISTRIBUTION,medium
LC6654,MFS14 Raster Logistics R95,139.5879,35.5646,MFS14,MEDIUM_WAREHOUSE,medium
LC6655,MFS14 Raster Logistics R97,139.5813,35.4962,MFS14,LARGE_DISTRIBUTION,medium
LC6656,MFS14 Raster Logistics R99,139.5987,35.5421,MFS14,LARGE_DISTRIBUTION,medium
LC6657,MFS14 Raster Logistics R101,139.5979,35.5129,MFS14,LOGISTICS_HUB,medium
LC6658,MFS14 Raster Logistics R103,139.5954,35.5137,MFS14,MEDIUM_WAREHOUSE,medium
LC6659,MFS14 Raster Logistics R105,139.6104,35.5229,MFS14,LARGE_DISTRIBUTION,medium
LC6660,MFS14 Raster Logistics R107,139.5929,35.5521,MFS14,LOGISTICS_HUB,medium
LC6661,MFS14 Raster Logistics R109,139.6113,35.5554,MFS14,MEDIUM_WAREHOUSE,medium
LC6662,MFS14 Raster Logistics R111,139.5687,35.5079,MFS14,MEDIUM_WAREHOUSE,medium
LC6663,MFS14 Raster Logistics R113,139.6012,35.5387,MFS14,LARGE_DISTRIBUTION,medium
LC6664,MFS14 Raster Logistics R115,139.6062,35.5579,MFS14,LARGE_DISTRIBUTION,medium
LC6665,MFS14 Raster Logistics R117,139.5762,35.5387,MFS14,LOGISTICS_HUB,medium
LC6666,MFS14 Raster Logistics R119,139.5821,35.5204,MFS14,MEDIUM_WAREHOUSE,medium
LC6667,MFS14 Raster Logistics R121,139.5679,35.5596,MFS14,MEDIUM_WAREHOUSE,medium
LC6668,MFS14 Raster Logistics R123,139.5529,35.5537,MFS14,LOGISTICS_HUB,medium
LC6669,MFS14 Raster Logistics R125,139.5896,35.5512,MFS14,LARGE_DISTRIBUTION,medium
LC6670,MFS14 Raster Logistics R127,139.5571,35.5221,MFS14,MEDIUM_WAREHOUSE,medium
LC6671,MFS14 Raster Logistics R129,139.5813,35.5454,MFS14,LOGISTICS_HUB,medium
LC6672,MFS14 Raster Logistics R131,139.6113,35.5487,MFS14,LOGISTICS_HUB,medium
LC6673,MFS14 Raster Logistics R133,139.5971,35.5221,MFS14,MEDIUM_WAREHOUSE,medium
LC6674,MFS14 Raster Logistics R135,139.5479,35.5321,MFS14,LOGISTICS_HUB,medium
LC6675,MFS14 Raster Logistics R137,139.5737,35.5037,MFS14,MEDIUM_WAREHOUSE,medium
LC6676,MFS14 Raster Logistics R139,139.5904,35.5412,MFS14,LOGISTICS_HUB,medium
LC6677,MFS14 Raster Logistics R141,139.5979,35.5504,MFS14,MEDIUM_WAREHOUSE,medium
LC6678,MFS14 Raster Logistics R143,139.5913,35.5562,MFS14,MEDIUM_WAREHOUSE,medium
LC6679,MFS14 Raster Logistics R145,139.5504,35.5121,MFS14,LARGE_DISTRIBUTION,medium
LC6680,MFS14 Raster Logistics R147,139.5471,35.5312,MFS14,MEDIUM_WAREHOUSE,medium
LC6681,MFS14 Raster Logistics R149,139.6062,35.5371,MFS14,LARGE_DISTRIBUTION,medium
LC6682,MFS14 Raster Logistics R151,139.5971,35.5146,MFS14,MEDIUM_WAREHOUSE,medium
LC6683,MFS14 Raster Logistics R153,139.5596,35.5304,MFS14,LOGISTICS_HUB,medium
LC6684,MFS14 Raster Logistics R155,139.5621,35.5579,MFS14,LARGE_DISTRIBUTION,medium
LC6685,MFS14 Raster Logistics R157,139.5754,35.5204,MFS14,LARGE_DISTRIBUTION,medium
LC6686,MFS14 Raster Logistics R159,139.5854,35.5154,MFS14,LARGE_DISTRIBUTION,medium
LC6687,MFS14 Raster Logistics R161,139.5571,35.5162,MFS14,LARGE_DISTRIBUTION,medium
LC6688,MFS14 Raster Logistics R163,139.5662,35.5537,MFS14,LOGISTICS_HUB,medium
LC6689,MFS14 Raster Logistics R165,139.5863,35.5121,MFS14,MEDIUM_WAREHOUSE,medium
LC6690,MFS14 Raster Logistics R167,139.6163,35.5454,MFS14,MEDIUM_WAREHOUSE,medium
LC6691,MFS14 Raster Logistics R169,139.6062,35.5387,MFS14,MEDIUM_WAREHOUSE,medium
LC6692,MFS14 Raster Logistics R171,139.5754,35.5604,MFS14,MEDIUM_WAREHOUSE,medium
LC6693,MFS14 Raster Logistics R173,139.6096,35.5454,MFS14,LOGISTICS_HUB,medium
LC6694,MFS14 Raster Logistics R175,139.6146,35.5404,MFS14,LOGISTICS_HUB,medium
LC6695,MFS14 Raster Logistics R177,139.5637,35.5487,MFS14,LARGE_DISTRIBUTION,medium
LC6696,MFS15 Raster Logistics R1,139.6404,35.5154,MFS15,MEDIUM_WAREHOUSE,medium
LC6697,MFS15 Raster Logistics R3,139.6404,35.5029,MFS15,LOGISTICS_HUB,medium
LC6698,MFS15 Raster Logistics R5,139.6821,35.5171,MFS15,LARGE_DISTRIBUTION,medium
LC6699,MFS15 Raster Logistics R7,139.6496,35.4946,MFS15,LOGISTICS_HUB,medium
LC6700,MFS15 Raster Logistics R9,139.6529,35.5237,MFS15,LARGE_DISTRIBUTION,medium
LC6701,MFS15 Raster Logistics R11,139.6771,35.5012,MFS15,LARGE_DISTRIBUTION,medium
LC6702,MFS15 Raster Logistics R13,139.6379,35.5079,MFS15,LOGISTICS_HUB,medium
LC6703,MFS15 Raster Logistics R15,139.6429,35.5271,MFS15,MEDIUM_WAREHOUSE,medium
LC6704,MFS15 Raster Logistics R17,139.6621,35.5321,MFS15,MEDIUM_WAREHOUSE,medium
LC6705,MFS15 Raster Logistics R19,139.6479,35.4912,MFS15,LOGISTICS_HUB,medium
LC6706,MFS15 Raster Logistics R21,139.6554,35.4946,MFS15,LARGE_DISTRIBUTION,medium
LC6707,MFS15 Raster Logistics R23,139.6687,35.5129,MFS15,LOGISTICS_HUB,medium
LC6708,MFS15 Raster Logistics R25,139.6471,35.5062,MFS15,MEDIUM_WAREHOUSE,medium
LC6709,MFS15 Raster Logistics R27,139.6387,35.5079,MFS15,MEDIUM_WAREHOUSE,medium
LC6710,MFS15 Raster Logistics R29,139.6387,35.5062,MFS15,LOGISTICS_HUB,medium
LC6711,MFS15 Raster Logistics R31,139.6463,35.5029,MFS15,LARGE_DISTRIBUTION,medium
LC6712,MFS15 Raster Logistics R33,139.6521,35.5129,MFS15,LOGISTICS_HUB,medium
LC6713,MFS15 Raster Logistics R35,139.6612,35.5271,MFS15,LOGISTICS_HUB,medium
LC6714,MFS15 Raster Logistics R37,139.6546,35.5304,MFS15,LARGE_DISTRIBUTION,medium
LC6715,MFS15 Raster Logistics R39,139.6446,35.5071,MFS15,LARGE_DISTRIBUTION,medium
LC6716,MFS15 Raster Logistics R41,139.6562,35.5146,MFS15,LOGISTICS_HUB,medium
LC6717,MFS15 Raster Logistics R43,139.6796,35.5154,MFS15,LOGISTICS_HUB,medium
LC6718,MFS15 Raster Logistics R45,139.6746,35.5037,MFS15,LARGE_DISTRIBUTION,medium
LC6719,MFS15 Raster Logistics R47,139.6387,35.5012,MFS15,MEDIUM_WAREHOUSE,medium
LC6720,MFS15 Raster Logistics R49,139.6529,35.4987,MFS15,LOGISTICS_HUB,medium
LC6721,MFS15 Raster Logistics R51,139.6421,35.5204,MFS15,MEDIUM_WAREHOUSE,medium
LC6722,MFS15 Raster Logistics R53,139.6513,35.5029,MFS15,LOGISTICS_HUB,medium
LC6723,MFS15 Raster Logistics R55,139.6446,35.5029,MFS15,LOGISTICS_HUB,medium
LC6724,MFS15 Raster Logistics R57,139.6413,35.5029,MFS15,LARGE_DISTRIBUTION,medium
LC6725,MFS15 Raster Logistics R59,139.6796,35.5087,MFS15,LOGISTICS_HUB,medium
LC6726,MFS15 Raster Logistics R61,139.6479,35.5279,MFS15,LOGISTICS_HUB,medium
LC6727,MFS15 Raster Logistics R63,139.6596,35.4929,MFS15,MEDIUM_WAREHOUSE,medium
LC6728,MFS15 Raster Logistics R65,139.6654,35.4962,MFS15,LARGE_DISTRIBUTION,medium
LC6729,MFS15 Raster Logistics R67,139.6521,35.5246,MFS15,LARGE_DISTRIBUTION,medium
LC6730,MFS15 Raster Logistics R69,139.6738,35.5104,MFS15,MEDIUM_WAREHOUSE,medium
LC6731,MFS15 Raster Logistics R71,139.6404,35.5087,MFS15,MEDIUM_WAREHOUSE,medium
LC6732,MFS15 Raster Logistics R73,139.6646,35.5029,MFS15,LOGISTICS_HUB,medium
LC6733,MFS15 Raster Logistics R75,139.6637,35.5171,MFS15,LARGE_DISTRIBUTION,medium
LC6734,MFS15 Raster Logistics R77,139.6504,35.5096,MFS15,LOGISTICS_HUB,medium
LC6735,MFS15 Raster Logistics R79,139.6513,35.4904,MFS15,MEDIUM_WAREHOUSE,medium
LC6736,MFS15 Raster Logistics R81,139.6504,35.5154,MFS15,MEDIUM_WAREHOUSE,medium
LC6737,MFS15 Raster Logistics R83,139.6463,35.5221,MFS15,LOGISTICS_HUB,medium
LC6738,MFS15 Raster Logistics R85,139.6538,35.5254,MFS15,LARGE_DISTRIBUTION,medium
LC6739,MFS15 Raster Logistics R87,139.6646,35.5054,MFS15,LARGE_DISTRIBUTION,medium
LC6740,MFS15 Raster Logistics R89,139.6629,35.5037,MFS15,LOGISTICS_HUB,medium
LC6741,MFS15 Raster Logistics R91,139.6529,35.4904,MFS15,LARGE_DISTRIBUTION,medium
LC6742,MFS15 Raster Logistics R93,139.6829,35.5071,MFS15,LOGISTICS_HUB,medium
LC6743,MFS15 Raster Logistics R95,139.6729,35.5154,MFS15,LARGE_DISTRIBUTION,medium
LC6744,MFS15 Raster Logistics R97,139.6696,35.5296,MFS15,MEDIUM_WAREHOUSE,medium
LC6745,MFS15 Raster Logistics R99,139.6554,35.4904,MFS15,MEDIUM_WAREHOUSE,medium
LC6746,MFS15 Raster Logistics R101,139.6546,35.5196,MFS15,LOGISTICS_HUB,medium
LC6747,MFS15 Raster Logistics R103,139.6587,35.4912,MFS15,MEDIUM_WAREHOUSE,medium
LC6748,MFS15 Raster Logistics R105,139.6788,35.5012,MFS15,LOGISTICS_HUB,medium
LC6749,MFS15 Raster Logistics R107,139.6596,35.5029,MFS15,MEDIUM_WAREHOUSE,medium
LC6750,MFS15 Raster Logistics R109,139.6637,35.4929,MFS15,LARGE_DISTRIBUTION,medium
LC6751,MFS15 Raster Logistics R111,139.6754,35.5179,MFS15,LOGISTICS_HUB,medium
LC6752,MFS15 Raster Logistics R113,139.6729,35.5212,MFS15,LOGISTICS_HUB,medium
LC6753,MFS15 Raster Logistics R115,139.6687,35.5146,MFS15,LOGISTICS_HUB,medium
LC6754,MFS15 Raster Logistics R117,139.6413,35.4946,MFS15,LARGE_DISTRIBUTION,medium
LC6755,MFS15 Raster Logistics R119,139.6471,35.4962,MFS15,MEDIUM_WAREHOUSE,medium
LC6756,MFS15 Raster Logistics R121,139.6454,35.5171,MFS15,LOGISTICS_HUB,medium
LC6757,MFS15 Raster Logistics R123,139.6454,35.5262,MFS15,LARGE_DISTRIBUTION,medium
LC6758,MFS15 Raster Logistics R125,139.6479,35.5112,MFS15,MEDIUM_WAREHOUSE,medium
LC6759,MFS15 Raster Logistics R127,139.6813,35.5046,MFS15,LARGE_DISTRIBUTION,medium
LC6760,MFS15 Raster Logistics R129,139.6554,35.5087,MFS15,MEDIUM_WAREHOUSE,medium
LC6761,MFS15 Raster Logistics R131,139.6529,35.5029,MFS15,LOGISTICS_HUB,medium
LC6762,MFS15 Raster Logistics R133,139.6679,35.5054,MFS15,LARGE_DISTRIBUTION,medium
LC6763,MFS16 Raster Logistics R1,139.7038,35.5579,MFS16,MEDIUM_WAREHOUSE,medium
LC6764,MFS16 Raster Logistics R3,139.6796,35.5746,MFS16,LARGE_DISTRIBUTION,medium
LC6765,MFS16 Raster Logistics R5,139.7046,35.5471,MFS16,LARGE_DISTRIBUTION,medium
LC6766,MFS16 Raster Logistics R7,139.7079,35.5637,MFS16,LARGE_DISTRIBUTION,medium
LC6767,MFS16 Raster Logistics R9,139.6921,35.5679,MFS16,MEDIUM_WAREHOUSE,medium
LC6768,MFS16 Raster Logistics R11,139.6654,35.5354,MFS16,LOGISTICS_HUB,medium
LC6769,MFS16 Raster Logistics R13,139.6962,35.5462,MFS16,LARGE_DISTRIBUTION,medium
LC6770,MFS16 Raster Logistics R15,139.6854,35.5262,MFS16,LOGISTICS_HUB,medium
LC6771,MFS16 Raster Logistics R17,139.7004,35.5246,MFS16,LOGISTICS_HUB,medium
LC6772,MFS16 Raster Logistics R19,139.6996,35.5737,MFS16,LOGISTICS_HUB,medium
LC6773,MFS16 Raster Logistics R21,139.7129,35.5604,MFS16,MEDIUM_WAREHOUSE,medium
LC6774,MFS16 Raster Logistics R23,139.6854,35.5462,MFS16,LARGE_DISTRIBUTION,medium
LC6775,MFS16 Raster Logistics R25,139.6863,35.5671,MFS16,LARGE_DISTRIBUTION,medium
LC6776,MFS16 Raster Logistics R27,139.7038,35.5354,MFS16,LOGISTICS_HUB,medium
LC6777,MFS16 Raster Logistics R29,139.6771,35.5621,MFS16,MEDIUM_WAREHOUSE,medium
LC6778,MFS16 Raster Logistics R31,139.7004,35.5296,MFS16,MEDIUM_WAREHOUSE,medium
LC6779,MFS16 Raster Logistics R33,139.6846,35.5437,MFS16,LOGISTICS_HUB,medium
LC6780,MFS16 Raster Logistics R35,139.6813,35.5679,MFS16,LARGE_DISTRIBUTION,medium
LC6781,MFS16 Raster Logistics R37,139.6962,35.5554,MFS16,LARGE_DISTRIBUTION,medium
LC6782,MFS16 Raster Logistics R39,139.7054,35.5729,MFS16,LARGE_DISTRIBUTION,medium
LC6783,MFS16 Raster Logistics R41,139.6896,35.5421,MFS16,LOGISTICS_HUB,medium
LC6784,MFS16 Raster Logistics R43,139.6704,35.5396,MFS16,LARGE_DISTRIBUTION,medium
LC6785,MFS16 Raster Logistics R45,139.6713,35.5521,MFS16,MEDIUM_WAREHOUSE,medium
LC6786,MFS16 Raster Logistics R47,139.6804,35.5462,MFS16,LOGISTICS_HUB,medium
LC6787,MFS16 Raster Logistics R49,139.6912,35.5687,MFS16,MEDIUM_WAREHOUSE,medium
LC6788,MFS16 Raster Logistics R51,139.6779,35.5304,MFS16,LOGISTICS_HUB,medium
LC6789,MFS16 Raster Logistics R53,139.7138,35.5362,MFS16,LOGISTICS_HUB,medium
LC6790,MFS16 Raster Logistics R55,139.6879,35.5512,MFS16,MEDIUM_WAREHOUSE,medium
LC6791,MFS16 Raster Logistics R57,139.6954,35.5654,MFS16,LARGE_DISTRIBUTION,medium
LC6792,MFS16 Raster Logistics R59,139.6713,35.5279,MFS16,LARGE_DISTRIBUTION,medium
LC6793,MFS16 Raster Logistics R61,139.6704,35.5437,MFS16,LARGE_DISTRIBUTION,medium
LC6794,MFS16 Raster Logistics R63,139.7063,35.5321,MFS16,LOGISTICS_HUB,medium
LC6795,MFS16 Raster Logistics R65,139.6654,35.5537,MFS16,MEDIUM_WAREHOUSE,medium
LC6796,MFS16 Raster Logistics R67,139.6838,35.5271,MFS16,MEDIUM_WAREHOUSE,medium
LC6797,MFS17 Raster Logistics R1,139.5737,35.5787,MFS17,MEDIUM_WAREHOUSE,medium
LC6798,MFS17 Raster Logistics R3,139.5829,35.6096,MFS17,LARGE_DISTRIBUTION,medium
LC6799,MFS17 Raster Logistics R5,139.6113,35.6071,MFS17,MEDIUM_WAREHOUSE,medium
LC6800,MFS17 Raster Logistics R7,139.5946,35.6096,MFS17,MEDIUM_WAREHOUSE,medium
LC6801,MFS17 Raster Logistics R9,139.6312,35.5687,MFS17,LOGISTICS_HUB,medium
LC6802,MFS17 Raster Logistics R11,139.6079,35.5696,MFS17,LARGE_DISTRIBUTION,medium
LC6803,MFS17 Raster Logistics R13,139.6104,35.5904,MFS17,MEDIUM_WAREHOUSE,medium
LC6804,MFS17 Raster Logistics R15,139.5904,35.5846,MFS17,MEDIUM_WAREHOUSE,medium
LC6805,MFS17 Raster Logistics R17,139.5737,35.5721,MFS17,MEDIUM_WAREHOUSE,medium
LC6806,MFS17 Raster Logistics R19,139.6312,35.5946,MFS17,LARGE_DISTRIBUTION,medium
LC6807,MFS17 Raster Logistics R21,139.6163,35.5762,MFS17,LOGISTICS_HUB,medium
LC6808,MFS17 Raster Logistics R23,139.6279,35.6137,MFS17,LARGE_DISTRIBUTION,medium
LC6809,MFS17 Raster Logistics R25,139.6204,35.5846,MFS17,MEDIUM_WAREHOUSE,medium
LC6810,MFS17 Raster Logistics R27,139.6329,35.5904,MFS17,LARGE_DISTRIBUTION,medium
LC6811,MFS17 Raster Logistics R29,139.6171,35.5862,MFS17,MEDIUM_WAREHOUSE,medium
LC6812,MFS17 Raster Logistics R31,139.5987,35.5912,MFS17,LOGISTICS_HUB,medium
LC6813,MFS17 Raster Logistics R33,139.6346,35.5937,MFS17,LARGE_DISTRIBUTION,medium
LC6814,MFS17 Raster Logistics R35,139.6121,35.5896,MFS17,MEDIUM_WAREHOUSE,medium
LC6815,MFS17 Raster Logistics R37,139.5829,35.5704,MFS17,LARGE_DISTRIBUTION,medium
LC6816,MFS17 Raster Logistics R39,139.5771,35.6021,MFS17,LOGISTICS_HUB,medium
LC6817,MFS17 Raster Logistics R41,139.5662,35.5854,MFS17,LOGISTICS_HUB,medium
LC6818,MFS17 Raster Logistics R43,139.6346,35.5862,MFS17,LOGISTICS_HUB,medium
LC6819,MFS17 Raster Logistics R45,139.6071,35.6137,MFS17,LOGISTICS_HUB,medium
LC6820,MFS17 Raster Logistics R47,139.5704,35.5787,MFS17,MEDIUM_WAREHOUSE,medium
LC6821,MFS17 Raster Logistics R49,139.6079,35.5587,MFS17,LOGISTICS_HUB,medium
LC6822,MFS17 Raster Logistics R51,139.5863,35.5754,MFS17,LOGISTICS_HUB,medium
LC6823,MFS17 Raster Logistics R53,139.6238,35.5987,MFS17,LOGISTICS_HUB,medium
LC6824,MFS17 Raster Logistics R55,139.5888,35.5871,MFS17,MEDIUM_WAREHOUSE,medium
LC6825,MFS17 Raster Logistics R57,139.5846,35.6046,MFS17,LARGE_DISTRIBUTION,medium
LC6826,MFS17 Raster Logistics R59,139.5796,35.6029,MFS17,LARGE_DISTRIBUTION,medium
LC6827,MFS17 Raster Logistics R61,139.6188,35.5771,MFS17,LOGISTICS_HUB,medium
LC6828,MFS17 Raster Logistics R63,139.6129,35.5971,MFS17,LOGISTICS_HUB,medium
LC6829,MFS17 Raster Logistics R65,139.5779,35.5996,MFS17,MEDIUM_WAREHOUSE,medium
LC6830,MFS17 Raster Logistics R67,139.6196,35.6104,MFS17,LOGISTICS_HUB,medium
LC6831,MFS17 Raster Logistics R69,139.5687,35.5821,MFS17,MEDIUM_WAREHOUSE,medium
LC6832,MFS17 Raster Logistics R71,139.5938,35.5612,MFS17,LARGE_DISTRIBUTION,medium
LC6833,MFS17 Raster Logistics R73,139.5829,35.6171,MFS17,LOGISTICS_HUB,medium
LC6834,MFS17 Raster Logistics R75,139.5854,35.5621,MFS17,LOGISTICS_HUB,medium
LC6835,MFS17 Raster Logistics R77,139.6262,35.5787,MFS17,LARGE_DISTRIBUTION,medium
LC6836,MFS17 Raster Logistics R79,139.5821,35.5929,MFS17,MEDIUM_WAREHOUSE,medium
LC6837,MFS17 Raster Logistics R81,139.5771,35.5662,MFS17,LARGE_DISTRIBUTION,medium
LC6838,MFS17 Raster Logistics R83,139.5929,35.5646,MFS17,LOGISTICS_HUB,medium
LC6839,MFS17 Raster Logistics R85,139.5971,35.5887,MFS17,LOGISTICS_HUB,medium
LC6840,MFS17 Raster Logistics R87,139.5987,35.6112,MFS17,LARGE_DISTRIBUTION,medium
LC6841,MFS17 Raster Logistics R89,139.6154,35.6204,MFS17,LARGE_DISTRIBUTION,medium
LC6842,MFS17 Raster Logistics R91,139.5971,35.5704,MFS17,MEDIUM_WAREHOUSE,medium
LC6843,MFS17 Raster Logistics R93,139.5888,35.6004,MFS17,LOGISTICS_HUB,medium
LC6844,MFS17 Raster Logistics R95,139.5679,35.5854,MFS17,LARGE_DISTRIBUTION,medium
LC6845,MFS17 Raster Logistics R97,139.6287,35.5954,MFS17,MEDIUM_WAREHOUSE,medium
LC6846,MFS17 Raster Logistics R99,139.5904,35.5787,MFS17,LARGE_DISTRIBUTION,medium
LC6847,MFS17 Raster Logistics R101,139.6238,35.5679,MFS17,LARGE_DISTRIBUTION,medium
LC6848,MFS17 Raster Logistics R103,139.5662,35.5721,MFS17,LOGISTICS_HUB,medium
LC6849,MFS17 Raster Logistics R105,139.5779,35.5762,MFS17,LARGE_DISTRIBUTION,medium
LC6850,MFS17 Raster Logistics R107,139.6054,35.5812,MFS17,MEDIUM_WAREHOUSE,medium
LC6851,MFS17 Raster Logistics R109,139.6037,35.6087,MFS17,LOGISTICS_HUB,medium
LC6852,MFS17 Raster Logistics R111,139.6004,35.5787,MFS17,LARGE_DISTRIBUTION,medium
LC6853,MFS17 Raster Logistics R113,139.5929,35.5737,MFS17,LARGE_DISTRIBUTION,medium
LC6854,MFS17 Raster Logistics R115,139.6221,35.5746,MFS17,LARGE_DISTRIBUTION,medium
LC6855,MFS17 Raster Logistics R117,139.5863,35.6104,MFS17,LARGE_DISTRIBUTION,medium
LC6856,MFS17 Raster Logistics R119,139.5762,35.6021,MFS17,MEDIUM_WAREHOUSE,medium
LC6857,MFS17 Raster Logistics R121,139.5821,35.5729,MFS17,LOGISTICS_HUB,medium
LC6858,MFS17 Raster Logistics R123,139.5721,35.5887,MFS17,LARGE_DISTRIBUTION,medium
LC6859,MFS17 Raster Logistics R125,139.5712,35.5729,MFS17,LARGE_DISTRIBUTION,medium
LC6860,MFS17 Raster Logistics R127,139.5796,35.6021,MFS17,LOGISTICS_HUB,medium
LC6861,MFS17 Raster Logistics R129,139.6121,35.6196,MFS17,MEDIUM_WAREHOUSE,medium
LC6862,MFS17 Raster Logistics R131,139.5779,35.6046,MFS17,LOGISTICS_HUB,medium
LC6863,MFS17 Raster Logistics R133,139.5829,35.6079,MFS17,LARGE_DISTRIBUTION,medium
LC6864,MFS17 Raster Logistics R135,139.6188,35.6062,MFS17,LARGE_DISTRIBUTION,medium
LC6865,MFS17 Raster Logistics R137,139.5871,35.6212,MFS17,LARGE_DISTRIBUTION,medium
LC6866,MFS17 Raster Logistics R139,139.5879,35.5621,MFS17,LOGISTICS_HUB,medium
LC6867,MFS17 Raster Logistics R141,139.5913,35.6037,MFS17,LOGISTICS_HUB,medium
LC6868,MFS17 Raster Logistics R143,139.6121,35.5871,MFS17,LOGISTICS_HUB,medium
LC6869,MFS17 Raster Logistics R145,139.6254,35.6062,MFS17,LARGE_DISTRIBUTION,medium
LC6870,MFS18 Raster Logistics R1,139.4004,35.5629,MFS18,MEDIUM_WAREHOUSE,medium
LC6871,MFS18 Raster Logistics R3,139.3721,35.5696,MFS18,MEDIUM_WAREHOUSE,medium
LC6872,MFS18 Raster Logistics R5,139.3588,35.5896,MFS18,MEDIUM_WAREHOUSE,medium
LC6873,MFS18 Raster Logistics R7,139.3663,35.5946,MFS18,LOGISTICS_HUB,medium
LC6874,MFS18 Raster Logistics R9,139.4221,35.6012,MFS18,LARGE_DISTRIBUTION,medium
LC6875,MFS18 Raster Logistics R11,139.3404,35.5546,MFS18,LARGE_DISTRIBUTION,medium
LC6876,MFS18 Raster Logistics R13,139.3954,35.5637,MFS18,LARGE_DISTRIBUTION,medium
LC6877,MFS18 Raster Logistics R15,139.3963,35.6162,MFS18,LARGE_DISTRIBUTION,medium
LC6878,MFS18 Raster Logistics R17,139.3946,35.5929,MFS18,MEDIUM_WAREHOUSE,medium
LC6879,MFS18 Raster Logistics R19,139.4171,35.5404,MFS18,MEDIUM_WAREHOUSE,medium
LC6880,MFS18 Raster Logistics R21,139.4054,35.5296,MFS18,LARGE_DISTRIBUTION,medium
LC6881,MFS18 Raster Logistics R23,139.4087,35.5696,MFS18,MEDIUM_WAREHOUSE,medium
LC6882,MFS18 Raster Logistics R25,139.3904,35.6146,MFS18,LARGE_DISTRIBUTION,medium
LC6883,MFS18 Raster Logistics R27,139.3512,35.6121,MFS18,MEDIUM_WAREHOUSE,medium
LC6884,MFS18 Raster Logistics R29,139.3346,35.6054,MFS18,MEDIUM_WAREHOUSE,medium
LC6885,MFS18 Raster Logistics R31,139.3896,35.5596,MFS18,LARGE_DISTRIBUTION,medium
LC6886,MFS18 Raster Logistics R33,139.3663,35.6029,MFS18,MEDIUM_WAREHOUSE,medium
LC6887,MFS18 Raster Logistics R35,139.3738,35.5771,MFS18,LOGISTICS_HUB,medium
LC6888,MFS18 Raster Logistics R37,139.3837,35.5404,MFS18,MEDIUM_WAREHOUSE,medium
LC6889,MFS18 Raster Logistics R39,139.4079,35.5496,MFS18,LOGISTICS_HUB,medium
LC6890,MFS18 Raster Logistics R41,139.3304,35.6012,MFS18,MEDIUM_WAREHOUSE,medium
LC6891,MFS18 Raster Logistics R43,139.3954,35.5771,MFS18,LARGE_DISTRIBUTION,medium
LC6892,MFS18 Raster Logistics R45,139.4021,35.5587,MFS18,MEDIUM_WAREHOUSE,medium
LC6893,MFS18 Raster Logistics R47,139.3613,35.6012,MFS18,LOGISTICS_HUB,medium
LC6894,MFS18 Raster Logistics R49,139.3796,35.5229,MFS18,LARGE_DISTRIBUTION,medium
LC6895,MFS18 Raster Logistics R51,139.3812,35.6204,MFS18,LARGE_DISTRIBUTION,medium
LC6896,MFS18 Raster Logistics R53,139.3279,35.6096,MFS18,LOGISTICS_HUB,medium
LC6897,MFS18 Raster Logistics R55,139.4013,35.5579,MFS18,LOGISTICS_HUB,medium
LC6898,MFS18 Raster Logistics R57,139.3671,35.5521,MFS18,LARGE_DISTRIBUTION,medium
LC6899,MFS18 Raster Logistics R59,139.3579,35.6046,MFS18,LARGE_DISTRIBUTION,medium
LC6900,MFS18 Raster Logistics R61,139.3663,35.5262,MFS18,MEDIUM_WAREHOUSE,medium
LC6901,MFS18 Raster Logistics R63,139.3729,35.6179,MFS18,MEDIUM_WAREHOUSE,medium
LC6902,MFS18 Raster Logistics R65,139.3588,35.6037,MFS18,LOGISTICS_HUB,medium
LC6903,MFS18 Raster Logistics R67,139.3521,35.6071,MFS18,LARGE_DISTRIBUTION,medium
LC6904,MFS18 Raster Logistics R69,139.4021,35.6121,MFS18,LOGISTICS_HUB,medium
LC6905,MFS18 Raster Logistics R71,139.4062,35.5712,MFS18,LARGE_DISTRIBUTION,medium
LC6906,MFS18 Raster Logistics R73,139.3454,35.5887,MFS18,MEDIUM_WAREHOUSE,medium
LC6907,MFS18 Raster Logistics R75,139.3621,35.5687,MFS18,LARGE_DISTRIBUTION,medium
LC6908,MFS18 Raster Logistics R77,139.3671,35.5571,MFS18,LARGE_DISTRIBUTION,medium
LC6909,MFS18 Raster Logistics R79,139.3762,35.5196,MFS18,LOGISTICS_HUB,medium
LC6910,MFS18 Raster Logistics R81,139.3254,35.5429,MFS18,MEDIUM_WAREHOUSE,medium
LC6911,MFS18 Raster Logistics R83,139.4062,35.5487,MFS18,LOGISTICS_HUB,medium
LC6912,MFS18 Raster Logistics R85,139.3812,35.5521,MFS18,LOGISTICS_HUB,medium
LC6913,MFS18 Raster Logistics R87,139.3812,35.5504,MFS18,LARGE_DISTRIBUTION,medium
LC6914,MFS18 Raster Logistics R89,139.3996,35.5712,MFS18,MEDIUM_WAREHOUSE,medium
LC6915,MFS18 Raster Logistics R91,139.3621,35.5954,MFS18,LOGISTICS_HUB,medium
LC6916,MFS18 Raster Logistics R93,139.4013,35.5787,MFS18,LARGE_DISTRIBUTION,medium
LC6917,MFS18 Raster Logistics R95,139.3738,35.5321,MFS18,LOGISTICS_HUB,medium
LC6918,MFS18 Raster Logistics R97,139.3304,35.5471,MFS18,LOGISTICS_HUB,medium
LC6919,MFS18 Raster Logistics R99,139.4146,35.5521,MFS18,LOGISTICS_HUB,medium
LC6920,MFS19 Raster Logistics R1,139.6788,35.2662,MFS19,MEDIUM_WAREHOUSE,medium
LC6921,MFS19 Raster Logistics R3,139.6188,35.3146,MFS19,LOGISTICS_HUB,medium
LC6922,MFS19 Raster Logistics R5,139.6254,35.3221,MFS19,LARGE_DISTRIBUTION,medium
LC6923,MFS19 Raster Logistics R7,139.6813,35.2604,MFS19,LOGISTICS_HUB,medium
LC6924,MFS19 Raster Logistics R9,139.6596,35.2671,MFS19,MEDIUM_WAREHOUSE,medium
LC6925,MFS19 Raster Logistics R11,139.6521,35.2621,MFS19,LOGISTICS_HUB,medium
LC6926,MFS19 Raster Logistics R13,139.6687,35.2721,MFS19,LARGE_DISTRIBUTION,medium
LC6927,MFS19 Raster Logistics R15,139.6121,35.3029,MFS19,MEDIUM_WAREHOUSE,medium
LC6928,MFS19 Raster Logistics R17,139.6221,35.3254,MFS19,LARGE_DISTRIBUTION,medium
LC6929,MFS19 Raster Logistics R19,139.6279,35.3171,MFS19,MEDIUM_WAREHOUSE,medium
LC6930,MFS19 Raster Logistics R21,139.6213,35.3221,MFS19,LARGE_DISTRIBUTION,medium
LC6931,MFS19 Raster Logistics R23,139.6479,35.3196,MFS19,LOGISTICS_HUB,medium
LC6932,MFS19 Raster Logistics R25,139.6387,35.2879,MFS19,LARGE_DISTRIBUTION,medium
LC6933,MFS19 Raster Logistics R27,139.6596,35.2804,MFS19,LARGE_DISTRIBUTION,medium
LC6934,MFS19 Raster Logistics R29,139.6504,35.3054,MFS19,LOGISTICS_HUB,medium
LC6935,MFS19 Raster Logistics R31,139.6713,35.2804,MFS19,LOGISTICS_HUB,medium
LC6936,MFS19 Raster Logistics R33,139.6337,35.3296,MFS19,LOGISTICS_HUB,medium
LC6937,MFS19 Raster Logistics R35,139.6404,35.2946,MFS19,LOGISTICS_HUB,medium
LC6938,MFS19 Raster Logistics R37,139.6629,35.2754,MFS19,LARGE_DISTRIBUTION,medium
LC6939,MFS19 Raster Logistics R39,139.6046,35.2962,MFS19,LARGE_DISTRIBUTION,medium
LC6940,MFS19 Raster Logistics R41,139.6287,35.3154,MFS19,MEDIUM_WAREHOUSE,medium
LC6941,MFS19 Raster Logistics R43,139.6387,35.2537,MFS19,LARGE_DISTRIBUTION,medium
LC6942,MFS19 Raster Logistics R45,139.6771,35.2621,MFS19,LOGISTICS_HUB,medium
LC6943,MFS19 Raster Logistics R47,139.6721,35.2796,MFS19,LARGE_DISTRIBUTION,medium
LC6944,MFS19 Raster Logistics R49,139.6387,35.2587,MFS19,LARGE_DISTRIBUTION,medium
LC6945,MFS19 Raster Logistics R51,139.6529,35.2846,MFS19,MEDIUM_WAREHOUSE,medium
LC6946,MFS19 Raster Logistics R53,139.6104,35.3162,MFS19,LARGE_DISTRIBUTION,medium
LC6947,MFS19 Raster Logistics R55,139.6704,35.2679,MFS19,LARGE_DISTRIBUTION,medium
LC6948,MFS19 Raster Logistics R57,139.6621,35.2887,MFS19,LARGE_DISTRIBUTION,medium
LC6949,MFS19 Raster Logistics R59,139.6279,35.3204,MFS19,LOGISTICS_HUB,medium
LC6950,MFS19 Raster Logistics R61,139.6337,35.3146,MFS19,LARGE_DISTRIBUTION,medium
LC6951,MFS19 Raster Logistics R63,139.6438,35.2637,MFS19,MEDIUM_WAREHOUSE,medium
LC6952,MFS19 Raster Logistics R65,139.6213,35.2954,MFS19,LARGE_DISTRIBUTION,medium
LC6953,MFS19 Raster Logistics R67,139.6779,35.2562,MFS19,LARGE_DISTRIBUTION,medium
LC6954,MFS19 Raster Logistics R69,139.6604,35.2804,MFS19,LARGE_DISTRIBUTION,medium
LC6955,MFS19 Raster Logistics R71,139.6729,35.2996,MFS19,LARGE_DISTRIBUTION,medium
LC6956,MFS19 Raster Logistics R73,139.6204,35.3229,MFS19,LARGE_DISTRIBUTION,medium
LC6957,MFS19 Raster Logistics R75,139.6271,35.3146,MFS19,LOGISTICS_HUB,medium
LC6958,MFS19 Raster Logistics R77,139.6321,35.2946,MFS19,LARGE_DISTRIBUTION,medium
LC6959,MFS19 Raster Logistics R79,139.6771,35.2521,MFS19,LARGE_DISTRIBUTION,medium
LC6960,MFS19 Raster Logistics R81,139.6321,35.2629,MFS19,LOGISTICS_HUB,medium
LC6961,MFS19 Raster Logistics R83,139.6813,35.2679,MFS19,LARGE_DISTRIBUTION,medium
LC6962,MFS19 Raster Logistics R85,139.6713,35.2687,MFS19,MEDIUM_WAREHOUSE,medium
LC6963,MFS19 Raster Logistics R87,139.6254,35.3262,MFS19,LARGE_DISTRIBUTION,medium
LC6964,MFS19 Raster Logistics R89,139.6262,35.3137,MFS19,LOGISTICS_HUB,medium
LC6965,MFS19 Raster Logistics R91,139.6171,35.3179,MFS19,LOGISTICS_HUB,medium
LC6966,MFS19 Raster Logistics R93,139.6721,35.2612,MFS19,LARGE_DISTRIBUTION,medium
LC6967,MFS19 Raster Logistics R95,139.6262,35.3162,MFS19,MEDIUM_WAREHOUSE,medium
LC6968,MFS19 Raster Logistics R97,139.6387,35.3046,MFS19,LARGE_DISTRIBUTION,medium
LC6969,MFS19 Raster Logistics R99,139.639594,35.304937,MFS19,LARGE_DISTRIBUTION,medium
LC6970,MFS20 Raster Logistics R1,139.5221,35.3296,MFS20,LOGISTICS_HUB,medium
LC6971,MFS20 Raster Logistics R3,139.5946,35.3387,MFS20,LOGISTICS_HUB,medium
LC6972,MFS20 Raster Logistics R5,139.5771,35.3504,MFS20,LOGISTICS_HUB,medium
LC6973,MFS20 Raster Logistics R7,139.5321,35.3621,MFS20,LARGE_DISTRIBUTION,medium
LC6974,MFS20 Raster Logistics R9,139.5204,35.3137,MFS20,LARGE_DISTRIBUTION,medium
LC6975,MFS20 Raster Logistics R11,139.5687,35.3546,MFS20,MEDIUM_WAREHOUSE,medium
LC6976,MFS20 Raster Logistics R13,139.5179,35.3121,MFS20,LOGISTICS_HUB,medium
LC6977,MFS20 Raster Logistics R15,139.5463,35.3429,MFS20,MEDIUM_WAREHOUSE,medium
LC6978,MFS20 Raster Logistics R17,139.5654,35.3521,MFS20,LOGISTICS_HUB,medium
LC6979,MFS20 Raster Logistics R19,139.5529,35.3029,MFS20,LARGE_DISTRIBUTION,medium
LC6980,MFS20 Raster Logistics R21,139.5437,35.3462,MFS20,LOGISTICS_HUB,medium
LC6981,MFS20 Raster Logistics R23,139.5046,35.3346,MFS20,LOGISTICS_HUB,medium
LC6982,MFS20 Raster Logistics R25,139.5904,35.2971,MFS20,LARGE_DISTRIBUTION,medium
LC6983,MFS20 Raster Logistics R27,139.5104,35.3246,MFS20,MEDIUM_WAREHOUSE,medium
LC6984,MFS20 Raster Logistics R29,139.5871,35.3512,MFS20,LOGISTICS_HUB,medium
LC6985,MFS20 Raster Logistics R31,139.5221,35.3446,MFS20,LOGISTICS_HUB,medium
LC6986,MFS20 Raster Logistics R33,139.5871,35.3104,MFS20,MEDIUM_WAREHOUSE,medium
LC6987,MFS20 Raster Logistics R35,139.5304,35.3546,MFS20,MEDIUM_WAREHOUSE,medium
LC6988,MFS20 Raster Logistics R37,139.5246,35.3546,MFS20,MEDIUM_WAREHOUSE,medium
LC6989,MFS20 Raster Logistics R39,139.5362,35.3504,MFS20,LARGE_DISTRIBUTION,medium
LC6990,MFS20 Raster Logistics R41,139.5588,35.3129,MFS20,LOGISTICS_HUB,medium
LC6991,MFS20 Raster Logistics R43,139.5146,35.3046,MFS20,LARGE_DISTRIBUTION,medium
LC6992,MFS20 Raster Logistics R45,139.5196,35.3479,MFS20,MEDIUM_WAREHOUSE,medium
LC6993,MFS20 Raster Logistics R47,139.5437,35.3229,MFS20,LOGISTICS_HUB,medium
LC6994,MFS20 Raster Logistics R49,139.5437,35.3546,MFS20,MEDIUM_WAREHOUSE,medium
LC6995,MFS20 Raster Logistics R51,139.5179,35.3229,MFS20,LARGE_DISTRIBUTION,medium
LC6996,MFS20 Raster Logistics R53,139.5821,35.3454,MFS20,LOGISTICS_HUB,medium
LC6997,MFS20 Raster Logistics R55,139.5629,35.3237,MFS20,LOGISTICS_HUB,medium
LC6998,MFS20 Raster Logistics R57,139.5379,35.3404,MFS20,MEDIUM_WAREHOUSE,medium
LC6999,MFS20 Raster Logistics R59,139.5604,35.3546,MFS20,LARGE_DISTRIBUTION,medium
LC7000,MFS20 Raster Logistics R61,139.5354,35.3579,MFS20,LARGE_DISTRIBUTION,medium
LC7001,MFS20 Raster Logistics R63,139.5687,35.3046,MFS20,MEDIUM_WAREHOUSE,medium
LC7002,MFS20 Raster Logistics R65,139.5596,35.3087,MFS20,LARGE_DISTRIBUTION,medium
LC7003,MFS20 Raster Logistics R67,139.5288,35.3096,MFS20,LARGE_DISTRIBUTION,medium
LC7004,MFS20 Raster Logistics R69,139.5304,35.3287,MFS20,MEDIUM_WAREHOUSE,medium
LC7005,MFS20 Raster Logistics R71,139.5346,35.3304,MFS20,MEDIUM_WAREHOUSE,medium
LC7006,MFS20 Raster Logistics R73,139.5446,35.3379,MFS20,LOGISTICS_HUB,medium
LC7007,MFS20 Raster Logistics R75,139.5238,35.3287,MFS20,LARGE_DISTRIBUTION,medium
LC7008,MFS20 Raster Logistics R77,139.5646,35.3029,MFS20,LARGE_DISTRIBUTION,medium
LC7009,MFS20 Raster Logistics R79,139.5863,35.3004,MFS20,LARGE_DISTRIBUTION,medium
LC7010,MFS20 Raster Logistics R81,139.5496,35.3204,MFS20,MEDIUM_WAREHOUSE,medium
LC7011,MFS20 Raster Logistics R83,139.5196,35.3096,MFS20,LARGE_DISTRIBUTION,medium
LC7012,MFS20 Raster Logistics R85,139.5721,35.2854,MFS20,MEDIUM_WAREHOUSE,medium
LC7013,MFS20 Raster Logistics R87,139.5513,35.3154,MFS20,LOGISTICS_HUB,medium
LC7014,MFS20 Raster Logistics R89,139.5171,35.3137,MFS20,LOGISTICS_HUB,medium
LC7015,MFS20 Raster Logistics R91,139.5796,35.2912,MFS20,LOGISTICS_HUB,medium
LC7016,MFS20 Raster Logistics R93,139.5096,35.3404,MFS20,MEDIUM_WAREHOUSE,medium
LC7017,MFS20 Raster Logistics R95,139.5479,35.3279,MFS20,LARGE_DISTRIBUTION,medium
LC7018,MFS20 Raster Logistics R97,139.5171,35.3246,MFS20,LARGE_DISTRIBUTION,medium
LC7019,MFS20 Raster Logistics R99,139.5196,35.3337,MFS20,LOGISTICS_HUB,medium
LC7020,MFS21 Raster Logistics R1,139.4979,35.3662,MFS21,LARGE_DISTRIBUTION,medium
LC7021,MFS21 Raster Logistics R3,139.4654,35.3304,MFS21,LARGE_DISTRIBUTION,medium
LC7022,MFS21 Raster Logistics R5,139.5238,35.3587,MFS21,LARGE_DISTRIBUTION,medium
LC7023,MFS21 Raster Logistics R7,139.4712,35.3854,MFS21,MEDIUM_WAREHOUSE,medium
LC7024,MFS21 Raster Logistics R9,139.4871,35.3329,MFS21,MEDIUM_WAREHOUSE,medium
LC7025,MFS21 Raster Logistics R11,139.5304,35.3612,MFS21,LOGISTICS_HUB,medium
LC7026,MFS21 Raster Logistics R13,139.5096,35.3404,MFS21,LOGISTICS_HUB,medium
LC7027,MFS21 Raster Logistics R15,139.4638,35.3396,MFS21,LOGISTICS_HUB,medium
LC7028,MFS21 Raster Logistics R17,139.4404,35.3671,MFS21,LOGISTICS_HUB,medium
LC7029,MFS21 Raster Logistics R19,139.5129,35.3537,MFS21,LARGE_DISTRIBUTION,medium
LC7030,MFS21 Raster Logistics R21,139.4462,35.3212,MFS21,LOGISTICS_HUB,medium
LC7031,MFS21 Raster Logistics R23,139.4879,35.3862,MFS21,LOGISTICS_HUB,medium
LC7032,MFS21 Raster Logistics R25,139.4496,35.3837,MFS21,LOGISTICS_HUB,medium
LC7033,MFS21 Raster Logistics R27,139.4963,35.3762,MFS21,LARGE_DISTRIBUTION,medium
LC7034,MFS21 Raster Logistics R29,139.4479,35.3429,MFS21,LARGE_DISTRIBUTION,medium
LC7035,MFS21 Raster Logistics R31,139.4988,35.3112,MFS21,LOGISTICS_HUB,medium
LC7036,MFS21 Raster Logistics R33,139.4971,35.3662,MFS21,MEDIUM_WAREHOUSE,medium
LC7037,MFS21 Raster Logistics R35,139.4512,35.3862,MFS21,LOGISTICS_HUB,medium
LC7038,MFS21 Raster Logistics R37,139.5263,35.3462,MFS21,LARGE_DISTRIBUTION,medium
LC7039,MFS21 Raster Logistics R39,139.5329,35.3404,MFS21,MEDIUM_WAREHOUSE,medium
LC7040,MFS21 Raster Logistics R41,139.5329,35.3587,MFS21,MEDIUM_WAREHOUSE,medium
LC7041,MFS21 Raster Logistics R43,139.4354,35.3387,MFS21,LARGE_DISTRIBUTION,medium
LC7042,MFS21 Raster Logistics R45,139.4604,35.3679,MFS21,LARGE_DISTRIBUTION,medium
LC7043,MFS21 Raster Logistics R47,139.4729,35.3854,MFS21,MEDIUM_WAREHOUSE,medium
LC7044,MFS21 Raster Logistics R49,139.4371,35.3596,MFS21,MEDIUM_WAREHOUSE,medium
LC7045,MFS21 Raster Logistics R51,139.5337,35.3296,MFS21,LOGISTICS_HUB,medium
LC7046,MFS21 Raster Logistics R53,139.4313,35.3271,MFS21,LARGE_DISTRIBUTION,medium
LC7047,MFS21 Raster Logistics R55,139.5288,35.3762,MFS21,MEDIUM_WAREHOUSE,medium
LC7048,MFS21 Raster Logistics R57,139.4863,35.3604,MFS21,LARGE_DISTRIBUTION,medium
LC7049,MFS21 Raster Logistics R59,139.4771,35.3171,MFS21,LARGE_DISTRIBUTION,medium
LC7050,MFS21 Raster Logistics R61,139.4812,35.3362,MFS21,LARGE_DISTRIBUTION,medium
LC7051,MFS21 Raster Logistics R63,139.5012,35.3237,MFS21,MEDIUM_WAREHOUSE,medium
LC7052,MFS21 Raster Logistics R65,139.4387,35.3679,MFS21,LOGISTICS_HUB,medium
LC7053,MFS21 Raster Logistics R67,139.4321,35.3279,MFS21,MEDIUM_WAREHOUSE,medium
LC7054,MFS21 Raster Logistics R69,139.4796,35.3337,MFS21,LOGISTICS_HUB,medium
LC7055,MFS21 Raster Logistics R71,139.4863,35.3762,MFS21,MEDIUM_WAREHOUSE,medium
LC7056,MFS21 Raster Logistics R73,139.4688,35.3254,MFS21,LOGISTICS_HUB,medium
LC7057,MFS21 Raster Logistics R75,139.5188,35.3137,MFS21,LARGE_DISTRIBUTION,medium
LC7058,MFS21 Raster Logistics R77,139.4729,35.3212,MFS21,LARGE_DISTRIBUTION,medium
LC7059,MFS21 Raster Logistics R79,139.4704,35.3354,MFS21,MEDIUM_WAREHOUSE,medium
LC7060,MFS21 Raster Logistics R81,139.4412,35.3762,MFS21,MEDIUM_WAREHOUSE,medium
LC7061,MFS21 Raster Logistics R83,139.5012,35.3462,MFS21,MEDIUM_WAREHOUSE,medium
LC7062,MFS21 Raster Logistics R85,139.4271,35.3371,MFS21,LOGISTICS_HUB,medium
LC7063,MFS21 Raster Logistics R87,139.5071,35.3404,MFS21,MEDIUM_WAREHOUSE,medium
LC7064,MFS21 Raster Logistics R89,139.5254,35.3329,MFS21,LOGISTICS_HUB,medium
LC7065,MFS21 Raster Logistics R91,139.4671,35.3804,MFS21,LARGE_DISTRIBUTION,medium
LC7066,MFS21 Raster Logistics R93,139.4729,35.3154,MFS21,MEDIUM_WAREHOUSE,medium
LC7067,MFS21 Raster Logistics R95,139.5046,35.3446,MFS21,LARGE_DISTRIBUTION,medium
LC7068,MFS21 Raster Logistics R97,139.5129,35.3279,MFS21,MEDIUM_WAREHOUSE,medium
LC7069,MFS21 Raster Logistics R99,139.4729,35.3346,MFS21,LARGE_DISTRIBUTION,medium
LC7070,MFS22 Raster Logistics R1,139.3237,35.3121,MFS22,MEDIUM_WAREHOUSE,medium
LC7071,MFS22 Raster Logistics R3,139.2713,35.3029,MFS22,LOGISTICS_HUB,medium
LC7072,MFS22 Raster Logistics R5,139.3013,35.3096,MFS22,LARGE_DISTRIBUTION,medium
LC7073,MFS22 Raster Logistics R7,139.3588,35.3204,MFS22,MEDIUM_WAREHOUSE,medium
LC7074,MFS22 Raster Logistics R9,139.3237,35.3179,MFS22,LOGISTICS_HUB,medium
LC7075,MFS22 Raster Logistics R11,139.3596,35.3837,MFS22,MEDIUM_WAREHOUSE,medium
LC7076,MFS22 Raster Logistics R13,139.3288,35.3604,MFS22,MEDIUM_WAREHOUSE,medium
LC7077,MFS22 Raster Logistics R15,139.3879,35.3596,MFS22,LARGE_DISTRIBUTION,medium
LC7078,MFS22 Raster Logistics R17,139.3013,35.3287,MFS22,MEDIUM_WAREHOUSE,medium
LC7079,MFS22 Raster Logistics R19,139.3429,35.3371,MFS22,MEDIUM_WAREHOUSE,medium
LC7080,MFS22 Raster Logistics R21,139.3496,35.3412,MFS22,LARGE_DISTRIBUTION,medium
LC7081,MFS22 Raster Logistics R23,139.3638,35.3762,MFS22,MEDIUM_WAREHOUSE,medium
LC7082,MFS22 Raster Logistics R25,139.3004,35.3421,MFS22,LARGE_DISTRIBUTION,medium
LC7083,MFS22 Raster Logistics R27,139.3013,35.3496,MFS22,LARGE_DISTRIBUTION,medium
LC7084,MFS22 Raster Logistics R29,139.2879,35.3537,MFS22,MEDIUM_WAREHOUSE,medium
LC7085,MFS22 Raster Logistics R31,139.3646,35.3854,MFS22,LOGISTICS_HUB,medium
LC7086,MFS22 Raster Logistics R33,139.3771,35.3454,MFS22,MEDIUM_WAREHOUSE,medium
LC7087,MFS22 Raster Logistics R35,139.2879,35.3704,MFS22,LARGE_DISTRIBUTION,medium
LC7088,MFS22 Raster Logistics R37,139.3487,35.3662,MFS22,MEDIUM_WAREHOUSE,medium
LC7089,MFS22 Raster Logistics R39,139.3204,35.3396,MFS22,LOGISTICS_HUB,medium
LC7090,MFS22 Raster Logistics R41,139.2879,35.3604,MFS22,LOGISTICS_HUB,medium
LC7091,MFS22 Raster Logistics R43,139.3738,35.3312,MFS22,MEDIUM_WAREHOUSE,medium
LC7092,MFS22 Raster Logistics R45,139.3137,35.3829,MFS22,LOGISTICS_HUB,medium
LC7093,MFS22 Raster Logistics R47,139.2713,35.3521,MFS22,LOGISTICS_HUB,medium
LC7094,MFS22 Raster Logistics R49,139.3471,35.3587,MFS22,LARGE_DISTRIBUTION,medium
LC7095,MFS22 Raster Logistics R51,139.2921,35.3062,MFS22,LOGISTICS_HUB,medium
LC7096,MFS22 Raster Logistics R53,139.3762,35.3421,MFS22,LARGE_DISTRIBUTION,medium
LC7097,MFS22 Raster Logistics R55,139.3196,35.3412,MFS22,LARGE_DISTRIBUTION,medium
LC7098,MFS22 Raster Logistics R57,139.2796,35.3654,MFS22,MEDIUM_WAREHOUSE,medium
LC7099,MFS22 Raster Logistics R59,139.3904,35.3246,MFS22,LOGISTICS_HUB,medium
LC7100,MFS22 Raster Logistics R61,139.3046,35.3421,MFS22,LARGE_DISTRIBUTION,medium
LC7101,MFS22 Raster Logistics R63,139.3504,35.3237,MFS22,LARGE_DISTRIBUTION,medium
LC7102,MFS22 Raster Logistics R65,139.3879,35.3604,MFS22,MEDIUM_WAREHOUSE,medium
LC7103,MFS22 Raster Logistics R67,139.3288,35.3512,MFS22,LOGISTICS_HUB,medium
LC7104,MFS22 Raster Logistics R69,139.3837,35.3696,MFS22,LARGE_DISTRIBUTION,medium
LC7105,MFS22 Raster Logistics R71,139.3654,35.3554,MFS22,LARGE_DISTRIBUTION,medium
LC7106,MFS22 Raster Logistics R73,139.3887,35.3271,MFS22,MEDIUM_WAREHOUSE,medium
LC7107,MFS22 Raster Logistics R75,139.3879,35.3696,MFS22,LARGE_DISTRIBUTION,medium
LC7108,MFS22 Raster Logistics R77,139.3196,35.3904,MFS22,LOGISTICS_HUB,medium
LC7109,MFS22 Raster Logistics R79,139.3187,35.3462,MFS22,LARGE_DISTRIBUTION,medium
LC7110,MFS22 Raster Logistics R81,139.3654,35.3821,MFS22,MEDIUM_WAREHOUSE,medium
LC7111,MFS22 Raster Logistics R83,139.3771,35.3404,MFS22,MEDIUM_WAREHOUSE,medium
LC7112,MFS22 Raster Logistics R85,139.2746,35.3671,MFS22,LOGISTICS_HUB,medium
LC7113,MFS22 Raster Logistics R87,139.3562,35.3612,MFS22,LOGISTICS_HUB,medium
LC7114,MFS22 Raster Logistics R89,139.3546,35.3754,MFS22,LARGE_DISTRIBUTION,medium
LC7115,MFS22 Raster Logistics R91,139.3162,35.3779,MFS22,MEDIUM_WAREHOUSE,medium
LC7116,MFS22 Raster Logistics R93,139.3554,35.3271,MFS22,MEDIUM_WAREHOUSE,medium
LC7117,MFS22 Raster Logistics R95,139.3013,35.3279,MFS22,LOGISTICS_HUB,medium
LC7118,MFS22 Raster Logistics R97,139.3171,35.3679,MFS22,LOGISTICS_HUB,medium
LC7119,MFS22 Raster Logistics R99,139.3929,35.3471,MFS22,MEDIUM_WAREHOUSE,medium
LC7120,MFS23 Raster Logistics R1,139.1054,35.3312,MFS23,LOGISTICS_HUB,medium
LC7121,MFS23 Raster Logistics R3,139.1587,35.2504,MFS23,LARGE_DISTRIBUTION,medium
LC7122,MFS23 Raster Logistics R5,139.1196,35.2404,MFS23,LOGISTICS_HUB,medium
LC7123,MFS23 Raster Logistics R7,139.1379,35.1912,MFS23,LOGISTICS_HUB,medium
LC7124,MFS23 Raster Logistics R9,139.2246,35.3137,MFS23,MEDIUM_WAREHOUSE,medium
LC7125,MFS23 Raster Logistics R11,139.1404,35.2254,MFS23,LARGE_DISTRIBUTION,medium
LC7126,MFS23 Raster Logistics R13,139.1538,35.3304,MFS23,LOGISTICS_HUB,medium
LC7127,MFS23 Raster Logistics R15,139.1329,35.2754,MFS23,LARGE_DISTRIBUTION,medium
LC7128,MFS23 Raster Logistics R17,139.1446,35.2812,MFS23,LARGE_DISTRIBUTION,medium
LC7129,MFS23 Raster Logistics R19,139.1887,35.2979,MFS23,LARGE_DISTRIBUTION,medium
LC7130,MFS23 Raster Logistics R21,139.1154,35.3279,MFS23,MEDIUM_WAREHOUSE,medium
LC7131,MFS23 Raster Logistics R23,139.1713,35.2904,MFS23,MEDIUM_WAREHOUSE,medium
LC7132,MFS23 Raster Logistics R25,139.1996,35.2804,MFS23,LOGISTICS_HUB,medium
LC7133,MFS23 Raster Logistics R27,139.1854,35.3046,MFS23,MEDIUM_WAREHOUSE,medium
LC7134,MFS23 Raster Logistics R29,139.1438,35.2946,MFS23,LARGE_DISTRIBUTION,medium
LC7135,MFS23 Raster Logistics R31,139.1729,35.3021,MFS23,MEDIUM_WAREHOUSE,medium
LC7136,MFS23 Raster Logistics R33,139.1496,35.3212,MFS23,MEDIUM_WAREHOUSE,medium
LC7137,MFS23 Raster Logistics R35,139.0971,35.3196,MFS23,MEDIUM_WAREHOUSE,medium
LC7138,MFS23 Raster Logistics R37,139.1413,35.3121,MFS23,LOGISTICS_HUB,medium
LC7139,MFS23 Raster Logistics R39,139.1746,35.2912,MFS23,LARGE_DISTRIBUTION,medium
LC7140,MFS23 Raster Logistics R41,139.1479,35.3229,MFS23,MEDIUM_WAREHOUSE,medium
LC7141,MFS23 Raster Logistics R43,139.1413,35.3371,MFS23,LOGISTICS_HUB,medium
LC7142,MFS23 Raster Logistics R45,139.1521,35.3004,MFS23,LARGE_DISTRIBUTION,medium
LC7143,MFS23 Raster Logistics R47,139.1113,35.3321,MFS23,MEDIUM_WAREHOUSE,medium
LC7144,MFS23 Raster Logistics R49,139.1362,35.2437,MFS23,LOGISTICS_HUB,medium
LC7145,MFS23 Raster Logistics R51,139.1937,35.2679,MFS23,MEDIUM_WAREHOUSE,medium
LC7146,MFS23 Raster Logistics R53,139.1254,35.3196,MFS23,LOGISTICS_HUB,medium
LC7147,MFS23 Raster Logistics R55,139.2312,35.2962,MFS23,MEDIUM_WAREHOUSE,medium
LC7148,MFS23 Raster Logistics R57,139.1037,35.3204,MFS23,MEDIUM_WAREHOUSE,medium
LC7149,MFS23 Raster Logistics R59,139.1879,35.2754,MFS23,LOGISTICS_HUB,medium
LC7150,MFS23 Raster Logistics R61,139.1738,35.2604,MFS23,LOGISTICS_HUB,medium
LC7151,MFS23 Raster Logistics R63,139.1504,35.2562,MFS23,LOGISTICS_HUB,medium
LC7152,MFS23 Raster Logistics R65,139.1371,35.3062,MFS23,LARGE_DISTRIBUTION,medium
LC7153,MFS23 Raster Logistics R67,139.1962,35.2846,MFS23,LOGISTICS_HUB,medium
LC7154,MFS23 Raster Logistics R69,139.2188,35.3104,MFS23,LARGE_DISTRIBUTION,medium
LC7155,MFS23 Raster Logistics R71,139.1163,35.3229,MFS23,LARGE_DISTRIBUTION,medium
LC7156,MFS23 Raster Logistics R73,139.1446,35.2496,MFS23,MEDIUM_WAREHOUSE,medium
LC7157,MFS23 Raster Logistics R75,139.1562,35.3096,MFS23,LARGE_DISTRIBUTION,medium
LC7158,MFS23 Raster Logistics R77,139.1271,35.3362,MFS23,MEDIUM_WAREHOUSE,medium
LC7159,MFS23 Raster Logistics R79,139.1587,35.2771,MFS23,LARGE_DISTRIBUTION,medium
LC7160,MFS23 Raster Logistics R81,139.2054,35.2821,MFS23,MEDIUM_WAREHOUSE,medium
LC7161,MFS23 Raster Logistics R83,139.1754,35.2762,MFS23,LARGE_DISTRIBUTION,medium
LC7162,MFS23 Raster Logistics R85,139.1996,35.2879,MFS23,LARGE_DISTRIBUTION,medium
LC7163,MFS23 Raster Logistics R87,139.1429,35.2929,MFS23,LOGISTICS_HUB,medium
LC7164,MFS23 Raster Logistics R89,139.1904,35.3054,MFS23,LARGE_DISTRIBUTION,medium
LC7165,MFS23 Raster Logistics R91,139.1671,35.3071,MFS23,LOGISTICS_HUB,medium
LC7166,MFS23 Raster Logistics R93,139.1446,35.2696,MFS23,LOGISTICS_HUB,medium
LC7167,MFS23 Raster Logistics R95,139.1863,35.2704,MFS23,LARGE_DISTRIBUTION,medium
LC7168,MFS23 Raster Logistics R97,139.2129,35.3221,MFS23,LOGISTICS_HUB,medium
LC7169,MFS23 Raster Logistics R99,139.2221,35.3179,MFS23,LOGISTICS_HUB,medium
LC7170,MFS24 Raster Logistics R1,139.1387,35.2962,MFS24,LARGE_DISTRIBUTION,medium
LC7171,MFS24 Raster Logistics R3,139.1429,35.2937,MFS24,LOGISTICS_HUB,medium
LC7172,MFS24 Raster Logistics R5,139.1479,35.2996,MFS24,LARGE_DISTRIBUTION,medium
LC7173,MFS24 Raster Logistics R7,139.1679,35.3321,MFS24,LOGISTICS_HUB,medium
LC7174,MFS24 Raster Logistics R9,139.1279,35.3112,MFS24,MEDIUM_WAREHOUSE,medium
LC7175,MFS24 Raster Logistics R11,139.1504,35.2904,MFS24,LARGE_DISTRIBUTION,medium
LC7176,MFS24 Raster Logistics R13,139.1012,35.3212,MFS24,LARGE_DISTRIBUTION,medium
LC7177,MFS24 Raster Logistics R15,139.1488,35.3362,MFS24,LOGISTICS_HUB,medium
LC7178,MFS24 Raster Logistics R17,139.1129,35.3296,MFS24,LOGISTICS_HUB,medium
LC7179,MFS24 Raster Logistics R19,139.1413,35.2604,MFS24,LARGE_DISTRIBUTION,medium
LC7180,MFS24 Raster Logistics R21,139.1529,35.3212,MFS24,MEDIUM_WAREHOUSE,medium
LC7181,MFS24 Raster Logistics R23,139.1154,35.3229,MFS24,LOGISTICS_HUB,medium
LC7182,MFS24 Raster Logistics R25,139.1637,35.3121,MFS24,MEDIUM_WAREHOUSE,medium
LC7183,MFS24 Raster Logistics R27,139.0879,35.3729,MFS24,LARGE_DISTRIBUTION,medium
LC7184,MFS24 Raster Logistics R29,139.1371,35.2987,MFS24,LOGISTICS_HUB,medium
LC7185,MFS24 Raster Logistics R31,139.1379,35.2904,MFS24,LARGE_DISTRIBUTION,medium
LC7186,MFS24 Raster Logistics R33,139.1346,35.2921,MFS24,LARGE_DISTRIBUTION,medium
LC7187,MFS24 Raster Logistics R35,139.1479,35.2862,MFS24,LARGE_DISTRIBUTION,medium
LC7188,MFS24 Raster Logistics R37,139.0371,35.3679,MFS24,LOGISTICS_HUB,medium
LC7189,MFS24 Raster Logistics R39,139.1362,35.3262,MFS24,LOGISTICS_HUB,medium
LC7190,MFS24 Raster Logistics R41,139.1662,35.2921,MFS24,LOGISTICS_HUB,medium
LC7191,MFS24 Raster Logistics R43,139.1229,35.3346,MFS24,MEDIUM_WAREHOUSE,medium
LC7192,MFS24 Raster Logistics R45,139.0771,35.3454,MFS24,LOGISTICS_HUB,medium
LC7193,MFS24 Raster Logistics R47,139.1629,35.3171,MFS24,LARGE_DISTRIBUTION,medium
LC7194,MFS24 Raster Logistics R49,139.1037,35.3162,MFS24,LARGE_DISTRIBUTION,medium
LC7195,MFS24 Raster Logistics R51,139.1579,35.3246,MFS24,LARGE_DISTRIBUTION,medium
LC7196,MFS24 Raster Logistics R53,139.1262,35.3112,MFS24,LOGISTICS_HUB,medium
LC7197,MFS24 Raster Logistics R55,139.1504,35.3154,MFS24,LOGISTICS_HUB,medium
LC7198,MFS24 Raster Logistics R57,139.1204,35.3137,MFS24,MEDIUM_WAREHOUSE,medium
LC7199,MFS24 Raster Logistics R59,139.1529,35.2979,MFS24,MEDIUM_WAREHOUSE,medium
LC7200,MFS24 Raster Logistics R61,139.1571,35.2712,MFS24,LARGE_DISTRIBUTION,medium
LC7201,MFS24 Raster Logistics R63,139.1337,35.3412,MFS24,LARGE_DISTRIBUTION,medium
LC7202,MFS24 Raster Logistics R65,139.1346,35.3471,MFS24,LOGISTICS_HUB,medium
LC7203,MFS24 Raster Logistics R67,139.1329,35.3237,MFS24,LARGE_DISTRIBUTION,medium
LC7204,MFS24 Raster Logistics R69,139.1587,35.3062,MFS24,LOGISTICS_HUB,medium
LC7205,MFS24 Raster Logistics R71,139.1413,35.3454,MFS24,LOGISTICS_HUB,medium
LC7206,MFS24 Raster Logistics R73,139.1113,35.3571,MFS24,LARGE_DISTRIBUTION,medium
LC7207,MFS24 Raster Logistics R75,139.1163,35.3354,MFS24,LOGISTICS_HUB,medium
LC7208,MFS24 Raster Logistics R77,139.1287,35.3504,MFS24,MEDIUM_WAREHOUSE,medium
LC7209,MFS24 Raster Logistics R79,139.1096,35.3229,MFS24,LARGE_DISTRIBUTION,medium
LC7210,MFS24 Raster Logistics R81,139.1488,35.2921,MFS24,LOGISTICS_HUB,medium
LC7211,MFS24 Raster Logistics R83,139.1696,35.3504,MFS24,MEDIUM_WAREHOUSE,medium
LC7212,MFS24 Raster Logistics R85,139.1287,35.3379,MFS24,MEDIUM_WAREHOUSE,medium
LC7213,MFS24 Raster Logistics R87,139.1529,35.2812,MFS24,LOGISTICS_HUB,medium
LC7214,MFS24 Raster Logistics R89,139.1546,35.2729,MFS24,MEDIUM_WAREHOUSE,medium
LC7215,MFS24 Raster Logistics R91,139.1346,35.2996,MFS24,LARGE_DISTRIBUTION,medium
LC7216,MFS24 Raster Logistics R93,139.1463,35.2679,MFS24,LARGE_DISTRIBUTION,medium
LC7217,MFS24 Raster Logistics R95,139.1146,35.3304,MFS24,LARGE_DISTRIBUTION,medium
LC7218,MFS24 Raster Logistics R97,139.1262,35.2921,MFS24,MEDIUM_WAREHOUSE,medium
LC7219,MFS24 Raster Logistics R99,139.1371,35.2954,MFS24,LARGE_DISTRIBUTION,medium
LC7220,MFS25 Raster Logistics R1,139.3688,35.3771,MFS25,LOGISTICS_HUB,medium
LC7221,MFS25 Raster Logistics R3,139.3679,35.4362,MFS25,MEDIUM_WAREHOUSE,medium
LC7222,MFS25 Raster Logistics R5,139.3071,35.3854,MFS25,LARGE_DISTRIBUTION,medium
LC7223,MFS25 Raster Logistics R7,139.3596,35.3746,MFS25,LOGISTICS_HUB,medium
LC7224,MFS25 Raster Logistics R9,139.3588,35.4379,MFS25,LARGE_DISTRIBUTION,medium
LC7225,MFS25 Raster Logistics R11,139.3629,35.4321,MFS25,LOGISTICS_HUB,medium
LC7226,MFS25 Raster Logistics R13,139.3621,35.4504,MFS25,LOGISTICS_HUB,medium
LC7227,MFS25 Raster Logistics R15,139.3454,35.4646,MFS25,LARGE_DISTRIBUTION,medium
LC7228,MFS25 Raster Logistics R17,139.3604,35.4254,MFS25,LARGE_DISTRIBUTION,medium
LC7229,MFS25 Raster Logistics R19,139.3354,35.4162,MFS25,MEDIUM_WAREHOUSE,medium
LC7230,MFS25 Raster Logistics R21,139.3604,35.4179,MFS25,LOGISTICS_HUB,medium
LC7231,MFS25 Raster Logistics R23,139.3629,35.4987,MFS25,LARGE_DISTRIBUTION,medium
LC7232,MFS25 Raster Logistics R25,139.3404,35.4704,MFS25,LOGISTICS_HUB,medium
LC7233,MFS25 Raster Logistics R27,139.3663,35.3871,MFS25,MEDIUM_WAREHOUSE,medium
LC7234,MFS25 Raster Logistics R29,139.3429,35.4229,MFS25,MEDIUM_WAREHOUSE,medium
LC7235,MFS25 Raster Logistics R31,139.4021,35.4387,MFS25,MEDIUM_WAREHOUSE,medium
LC7236,MFS25 Raster Logistics R33,139.3421,35.4529,MFS25,LOGISTICS_HUB,medium
LC7237,MFS25 Raster Logistics R35,139.3554,35.5087,MFS25,LOGISTICS_HUB,medium
LC7238,MFS25 Raster Logistics R37,139.3979,35.4704,MFS25,MEDIUM_WAREHOUSE,medium
LC7239,MFS25 Raster Logistics R39,139.3646,35.4571,MFS25,LARGE_DISTRIBUTION,medium
LC7240,MFS25 Raster Logistics R41,139.3521,35.3987,MFS25,LARGE_DISTRIBUTION,medium
LC7241,MFS25 Raster Logistics R43,139.3938,35.4354,MFS25,LOGISTICS_HUB,medium
LC7242,MFS25 Raster Logistics R45,139.3396,35.4179,MFS25,LARGE_DISTRIBUTION,medium
LC7243,MFS25 Raster Logistics R47,139.3279,35.3912,MFS25,LARGE_DISTRIBUTION,medium
LC7244,MFS25 Raster Logistics R49,139.2963,35.3962,MFS25,LOGISTICS_HUB,medium
LC7245,MFS25 Raster Logistics R51,139.3212,35.4812,MFS25,LOGISTICS_HUB,medium
LC7246,MFS25 Raster Logistics R53,139.3846,35.4471,MFS25,LARGE_DISTRIBUTION,medium
LC7247,MFS25 Raster Logistics R55,139.3413,35.4854,MFS25,MEDIUM_WAREHOUSE,medium
LC7248,MFS25 Raster Logistics R57,139.3254,35.4837,MFS25,LOGISTICS_HUB,medium
LC7249,MFS25 Raster Logistics R59,139.3196,35.4962,MFS25,LOGISTICS_HUB,medium
LC7250,MFS25 Raster Logistics R61,139.4021,35.4579,MFS25,LARGE_DISTRIBUTION,medium
LC7251,MFS25 Raster Logistics R63,139.3771,35.4446,MFS25,MEDIUM_WAREHOUSE,medium
LC7252,MFS25 Raster Logistics R65,139.3946,35.4604,MFS25,MEDIUM_WAREHOUSE,medium
LC7253,MFS25 Raster Logistics R67,139.3862,35.4637,MFS25,LOGISTICS_HUB,medium
LC7254,MFS25 Raster Logistics R69,139.3704,35.4354,MFS25,MEDIUM_WAREHOUSE,medium
LC7255,MFS25 Raster Logistics R71,139.3529,35.4387,MFS25,LARGE_DISTRIBUTION,medium
LC7256,MFS25 Raster Logistics R73,139.3154,35.3746,MFS25,MEDIUM_WAREHOUSE,medium
LC7257,MFS25 Raster Logistics R75,139.3171,35.4954,MFS25,LOGISTICS_HUB,medium
LC7258,MFS25 Raster Logistics R77,139.3671,35.4612,MFS25,MEDIUM_WAREHOUSE,medium
LC7259,MFS25 Raster Logistics R79,139.3688,35.4687,MFS25,LARGE_DISTRIBUTION,medium
LC7260,MFS25 Raster Logistics R81,139.3713,35.4604,MFS25,MEDIUM_WAREHOUSE,medium
LC7261,MFS25 Raster Logistics R83,139.3096,35.3721,MFS25,LOGISTICS_HUB,medium
LC7262,MFS25 Raster Logistics R85,139.3446,35.4196,MFS25,LARGE_DISTRIBUTION,medium
LC7263,MFS25 Raster Logistics R87,139.3646,35.4304,MFS25,LOGISTICS_HUB,medium
LC7264,MFS25 Raster Logistics R89,139.3671,35.4512,MFS25,LOGISTICS_HUB,medium
LC7265,MFS25 Raster Logistics R91,139.2829,35.3996,MFS25,LOGISTICS_HUB,medium
LC7266,MFS25 Raster Logistics R93,139.3096,35.3987,MFS25,MEDIUM_WAREHOUSE,medium
LC7267,MFS25 Raster Logistics R95,139.3721,35.4662,MFS25,MEDIUM_WAREHOUSE,medium
LC7268,MFS25 Raster Logistics R97,139.3212,35.4046,MFS25,LARGE_DISTRIBUTION,medium
LC7269,MFS25 Raster Logistics R99,139.3954,35.3971,MFS25,LOGISTICS_HUB,medium
LC7270,MFS26 Raster Logistics R1,139.4013,35.4887,MFS26,LARGE_DISTRIBUTION,medium
LC7271,MFS26 Raster Logistics R3,139.4613,35.4521,MFS26,LOGISTICS_HUB,medium
LC7272,MFS26 Raster Logistics R5,139.4579,35.4712,MFS26,LARGE_DISTRIBUTION,medium
LC7273,MFS26 Raster Logistics R7,139.4938,35.4579,MFS26,MEDIUM_WAREHOUSE,medium
LC7274,MFS26 Raster Logistics R9,139.4279,35.5246,MFS26,LARGE_DISTRIBUTION,medium
LC7275,MFS26 Raster Logistics R11,139.4263,35.5121,MFS26,LOGISTICS_HUB,medium
LC7276,MFS26 Raster Logistics R13,139.4187,35.5154,MFS26,MEDIUM_WAREHOUSE,medium
LC7277,MFS26 Raster Logistics R15,139.4821,35.5237,MFS26,LOGISTICS_HUB,medium
LC7278,MFS26 Raster Logistics R17,139.4446,35.5021,MFS26,MEDIUM_WAREHOUSE,medium
LC7279,MFS26 Raster Logistics R19,139.3979,35.4671,MFS26,LOGISTICS_HUB,medium
LC7280,MFS26 Raster Logistics R21,139.4254,35.4571,MFS26,LOGISTICS_HUB,medium
LC7281,MFS26 Raster Logistics R23,139.4829,35.5054,MFS26,MEDIUM_WAREHOUSE,medium
LC7282,MFS26 Raster Logistics R25,139.4729,35.4554,MFS26,LOGISTICS_HUB,medium
LC7283,MFS26 Raster Logistics R27,139.4888,35.4771,MFS26,LARGE_DISTRIBUTION,medium
LC7284,MFS26 Raster Logistics R29,139.4654,35.4387,MFS26,MEDIUM_WAREHOUSE,medium
LC7285,MFS28 Raster Logistics R1,139.7029,35.8387,MFS28,LARGE_DISTRIBUTION,medium
LC7286,MFS28 Raster Logistics R3,139.7438,35.8254,MFS28,LOGISTICS_HUB,medium
LC7287,MFS28 Raster Logistics R5,139.7246,35.7987,MFS28,MEDIUM_WAREHOUSE,medium
LC7288,MFS28 Raster Logistics R7,139.7388,35.8054,MFS28,LARGE_DISTRIBUTION,medium
LC7289,MFS28 Raster Logistics R9,139.7129,35.8296,MFS28,MEDIUM_WAREHOUSE,medium
LC7290,MFS28 Raster Logistics R11,139.7379,35.8504,MFS28,MEDIUM_WAREHOUSE,medium
LC7291,MFS28 Raster Logistics R13,139.6971,35.8321,MFS28,LARGE_DISTRIBUTION,medium
LC7292,MFS28 Raster Logistics R15,139.7479,35.8304,MFS28,MEDIUM_WAREHOUSE,medium
LC7293,MFS28 Raster Logistics R17,139.7246,35.8021,MFS28,LARGE_DISTRIBUTION,medium
LC7294,MFS28 Raster Logistics R19,139.7221,35.8329,MFS28,LARGE_DISTRIBUTION,medium
LC7295,MFS28 Raster Logistics R21,139.7338,35.8196,MFS28,LARGE_DISTRIBUTION,medium
LC7296,MFS28 Raster Logistics R23,139.7271,35.8479,MFS28,MEDIUM_WAREHOUSE,medium
LC7297,MFS28 Raster Logistics R25,139.7354,35.8279,MFS28,MEDIUM_WAREHOUSE,medium
LC7298,MFS28 Raster Logistics R27,139.6921,35.8312,MFS28,MEDIUM_WAREHOUSE,medium
LC7299,MFS28 Raster Logistics R29,139.7088,35.8362,MFS28,LOGISTICS_HUB,medium
LC7300,MFS28 Raster Logistics R31,139.7262,35.8062,MFS28,LARGE_DISTRIBUTION,medium
LC7301,MFS28 Raster Logistics R33,139.7246,35.8312,MFS28,LOGISTICS_HUB,medium
LC7302,MFS28 Raster Logistics R35,139.7279,35.7996,MFS28,LOGISTICS_HUB,medium
LC7303,MFS28 Raster Logistics R37,139.7012,35.8146,MFS28,LOGISTICS_HUB,medium
LC7304,MFS28 Raster Logistics R39,139.6971,35.8362,MFS28,LOGISTICS_HUB,medium
LC7305,MFS28 Raster Logistics R41,139.7054,35.8421,MFS28,MEDIUM_WAREHOUSE,medium
LC7306,MFS28 Raster Logistics R43,139.7021,35.8096,MFS28,MEDIUM_WAREHOUSE,medium
LC7307,MFS28 Raster Logistics R45,139.7271,35.8037,MFS28,MEDIUM_WAREHOUSE,medium
LC7308,MFS28 Raster Logistics R47,139.7329,35.8271,MFS28,LOGISTICS_HUB,medium
LC7309,MFS28 Raster Logistics R49,139.7229,35.8429,MFS28,LOGISTICS_HUB,medium
LC7310,MFS28 Raster Logistics R51,139.6921,35.8321,MFS28,LOGISTICS_HUB,medium
LC7311,MFS28 Raster Logistics R53,139.7338,35.8221,MFS28,MEDIUM_WAREHOUSE,medium
LC7312,MFS28 Raster Logistics R55,139.7463,35.8337,MFS28,LOGISTICS_HUB,medium
LC7313,MFS28 Raster Logistics R57,139.7012,35.8379,MFS28,MEDIUM_WAREHOUSE,medium
LC7314,MFS28 Raster Logistics R59,139.7113,35.8387,MFS28,LARGE_DISTRIBUTION,medium
LC7315,MFS28 Raster Logistics R61,139.7246,35.8171,MFS28,LARGE_DISTRIBUTION,medium
LC7316,MFS28 Raster Logistics R63,139.6987,35.8512,MFS28,LARGE_DISTRIBUTION,medium
LC7317,MFS28 Raster Logistics R65,139.7363,35.8379,MFS28,LOGISTICS_HUB,medium
LC7318,MFS28 Raster Logistics R67,139.7488,35.8204,MFS28,MEDIUM_WAREHOUSE,medium
LC7319,MFS28 Raster Logistics R69,139.7221,35.8554,MFS28,MEDIUM_WAREHOUSE,medium
LC7320,MFS28 Raster Logistics R71,139.7279,35.8054,MFS28,LOGISTICS_HUB,medium
LC7321,MFS28 Raster Logistics R73,139.7071,35.8046,MFS28,LARGE_DISTRIBUTION,medium
LC7322,MFS28 Raster Logistics R75,139.7338,35.8571,MFS28,LOGISTICS_HUB,medium
LC7323,MFS28 Raster Logistics R77,139.7438,35.8121,MFS28,LOGISTICS_HUB,medium
LC7324,MFS28 Raster Logistics R79,139.6979,35.8396,MFS28,MEDIUM_WAREHOUSE,medium
LC7325,MFS28 Raster Logistics R81,139.7154,35.8004,MFS28,LOGISTICS_HUB,medium
LC7326,MFS28 Raster Logistics R83,139.7421,35.8396,MFS28,LOGISTICS_HUB,medium
LC7327,MFS28 Raster Logistics R85,139.7454,35.8304,MFS28,MEDIUM_WAREHOUSE,medium
LC7328,MFS28 Raster Logistics R87,139.7179,35.8204,MFS28,LOGISTICS_HUB,medium
LC7329,MFS28 Raster Logistics R89,139.7079,35.8296,MFS28,LARGE_DISTRIBUTION,medium
LC7330,MFS29 Raster Logistics R1,139.5854,35.8054,MFS29,LARGE_DISTRIBUTION,medium
LC7331,MFS29 Raster Logistics R3,139.5387,35.8312,MFS29,LARGE_DISTRIBUTION,medium
LC7332,MFS29 Raster Logistics R5,139.5454,35.7929,MFS29,LARGE_DISTRIBUTION,medium
LC7333,MFS29 Raster Logistics R7,139.5463,35.7779,MFS29,LOGISTICS_HUB,medium
LC7334,MFS29 Raster Logistics R9,139.5546,35.8354,MFS29,LARGE_DISTRIBUTION,medium
LC7335,MFS29 Raster Logistics R11,139.5746,35.7721,MFS29,LOGISTICS_HUB,medium
LC7336,MFS29 Raster Logistics R13,139.5513,35.7904,MFS29,LOGISTICS_HUB,medium
LC7337,MFS29 Raster Logistics R15,139.5762,35.8329,MFS29,LOGISTICS_HUB,medium
LC7338,MFS29 Raster Logistics R17,139.5929,35.7779,MFS29,LARGE_DISTRIBUTION,medium
LC7339,MFS29 Raster Logistics R19,139.5746,35.8254,MFS29,MEDIUM_WAREHOUSE,medium
LC7340,MFS29 Raster Logistics R21,139.5796,35.8087,MFS29,LARGE_DISTRIBUTION,medium
LC7341,MFS29 Raster Logistics R23,139.5662,35.8012,MFS29,MEDIUM_WAREHOUSE,medium
LC7342,MFS29 Raster Logistics R25,139.5896,35.8129,MFS29,MEDIUM_WAREHOUSE,medium
LC7343,MFS29 Raster Logistics R27,139.6029,35.7829,MFS29,LARGE_DISTRIBUTION,medium
LC7344,MFS29 Raster Logistics R29,139.5838,35.7904,MFS29,LOGISTICS_HUB,medium
LC7345,MFS29 Raster Logistics R31,139.5863,35.8021,MFS29,MEDIUM_WAREHOUSE,medium
LC7346,MFS29 Raster Logistics R33,139.5821,35.8337,MFS29,MEDIUM_WAREHOUSE,medium
LC7347,MFS29 Raster Logistics R35,139.5712,35.8021,MFS29,MEDIUM_WAREHOUSE,medium
LC7348,MFS29 Raster Logistics R37,139.5371,35.8204,MFS29,LARGE_DISTRIBUTION,medium
LC7349,MFS29 Raster Logistics R39,139.5687,35.7954,MFS29,LARGE_DISTRIBUTION,medium
LC7350,MFS29 Raster Logistics R41,139.6012,35.8312,MFS29,MEDIUM_WAREHOUSE,medium
LC7351,MFS29 Raster Logistics R43,139.5863,35.8137,MFS29,MEDIUM_WAREHOUSE,medium
LC7352,MFS29 Raster Logistics R45,139.5929,35.7771,MFS29,LOGISTICS_HUB,medium
LC7353,MFS29 Raster Logistics R47,139.5513,35.8096,MFS29,LARGE_DISTRIBUTION,medium
LC7354,MFS29 Raster Logistics R49,139.5804,35.8221,MFS29,LARGE_DISTRIBUTION,medium
LC7355,MFS29 Raster Logistics R51,139.5938,35.8112,MFS29,MEDIUM_WAREHOUSE,medium
LC7356,MFS29 Raster Logistics R53,139.5387,35.8062,MFS29,MEDIUM_WAREHOUSE,medium
LC7357,MFS29 Raster Logistics R55,139.5296,35.8096,MFS29,LARGE_DISTRIBUTION,medium
LC7358,MFS29 Raster Logistics R57,139.5521,35.7712,MFS29,LARGE_DISTRIBUTION,medium
LC7359,MFS29 Raster Logistics R59,139.5888,35.7954,MFS29,LOGISTICS_HUB,medium
LC7360,MFS29 Raster Logistics R61,139.6021,35.7971,MFS29,MEDIUM_WAREHOUSE,medium
LC7361,MFS29 Raster Logistics R63,139.5996,35.8321,MFS29,LARGE_DISTRIBUTION,medium
LC7362,MFS29 Raster Logistics R65,139.5504,35.7879,MFS29,LARGE_DISTRIBUTION,medium
LC7363,MFS29 Raster Logistics R67,139.6021,35.8037,MFS29,LOGISTICS_HUB,medium
LC7364,MFS29 Raster Logistics R69,139.5888,35.7771,MFS29,LOGISTICS_HUB,medium
LC7365,MFS29 Raster Logistics R71,139.5679,35.8321,MFS29,MEDIUM_WAREHOUSE,medium
LC7366,MFS29 Raster Logistics R73,139.5471,35.8046,MFS29,LARGE_DISTRIBUTION,medium
LC7367,MFS29 Raster Logistics R75,139.5662,35.7804,MFS29,MEDIUM_WAREHOUSE,medium
LC7368,MFS29 Raster Logistics R77,139.5863,35.8112,MFS29,MEDIUM_WAREHOUSE,medium
LC7369,MFS29 Raster Logistics R79,139.5746,35.7929,MFS29,LARGE_DISTRIBUTION,medium
LC7370,MFS29 Raster Logistics R81,139.5921,35.8196,MFS29,LOGISTICS_HUB,medium
LC7371,MFS29 Raster Logistics R83,139.5629,35.8271,MFS29,LOGISTICS_HUB,medium
LC7372,MFS29 Raster Logistics R85,139.5746,35.7896,MFS29,MEDIUM_WAREHOUSE,medium
LC7373,MFS29 Raster Logistics R87,139.5312,35.7821,MFS29,LARGE_DISTRIBUTION,medium
LC7374,MFS29 Raster Logistics R89,139.6071,35.8187,MFS29,MEDIUM_WAREHOUSE,medium
LC7375,MFS29 Raster Logistics R91,139.5771,35.8237,MFS29,LARGE_DISTRIBUTION,medium
LC7376,MFS29 Raster Logistics R93,139.6037,35.8096,MFS29,MEDIUM_WAREHOUSE,medium
LC7377,MFS29 Raster Logistics R95,139.5938,35.7887,MFS29,LARGE_DISTRIBUTION,medium
LC7378,MFS29 Raster Logistics R97,139.6012,35.7846,MFS29,MEDIUM_WAREHOUSE,medium
LC7379,MFS29 Raster Logistics R99,139.5888,35.8171,MFS29,LARGE_DISTRIBUTION,medium
LC7380,MFS30 Raster Logistics R1,139.8521,35.8954,MFS30,LOGISTICS_HUB,medium
LC7381,MFS30 Raster Logistics R3,139.8004,35.9029,MFS30,LOGISTICS_HUB,medium
LC7382,MFS30 Raster Logistics R5,139.8529,35.8812,MFS30,LOGISTICS_HUB,medium
LC7383,MFS30 Raster Logistics R7,139.8404,35.9071,MFS30,LOGISTICS_HUB,medium
LC7384,MFS30 Raster Logistics R9,139.7754,35.8804,MFS30,LARGE_DISTRIBUTION,medium
LC7385,MFS30 Raster Logistics R11,139.8529,35.8946,MFS30,LOGISTICS_HUB,medium
LC7386,MFS30 Raster Logistics R13,139.7971,35.8546,MFS30,MEDIUM_WAREHOUSE,medium
LC7387,MFS30 Raster Logistics R15,139.7979,35.8996,MFS30,LARGE_DISTRIBUTION,medium
LC7388,MFS30 Raster Logistics R17,139.7887,35.9112,MFS30,LOGISTICS_HUB,medium
LC7389,MFS30 Raster Logistics R19,139.8013,35.8929,MFS30,LARGE_DISTRIBUTION,medium
LC7390,MFS30 Raster Logistics R21,139.8271,35.8546,MFS30,MEDIUM_WAREHOUSE,medium
LC7391,MFS30 Raster Logistics R23,139.8029,35.8771,MFS30,MEDIUM_WAREHOUSE,medium
LC7392,MFS30 Raster Logistics R25,139.7921,35.8829,MFS30,LOGISTICS_HUB,medium
LC7393,MFS30 Raster Logistics R27,139.8554,35.8812,MFS30,LARGE_DISTRIBUTION,medium
LC7394,MFS30 Raster Logistics R29,139.8079,35.9154,MFS30,MEDIUM_WAREHOUSE,medium
LC7395,MFS30 Raster Logistics R31,139.8346,35.8921,MFS30,MEDIUM_WAREHOUSE,medium
LC7396,MFS30 Raster Logistics R33,139.7846,35.8604,MFS30,MEDIUM_WAREHOUSE,medium
LC7397,MFS30 Raster Logistics R35,139.8013,35.8787,MFS30,LARGE_DISTRIBUTION,medium
LC7398,MFS30 Raster Logistics R37,139.7796,35.8912,MFS30,LARGE_DISTRIBUTION,medium
LC7399,MFS30 Raster Logistics R39,139.8021,35.8537,MFS30,MEDIUM_WAREHOUSE,medium
LC7400,MFS30 Raster Logistics R41,139.7937,35.9096,MFS30,LOGISTICS_HUB,medium
LC7401,MFS30 Raster Logistics R43,139.8237,35.8737,MFS30,LARGE_DISTRIBUTION,medium
LC7402,MFS30 Raster Logistics R45,139.7996,35.8721,MFS30,LOGISTICS_HUB,medium
LC7403,MFS30 Raster Logistics R47,139.8254,35.8504,MFS30,LARGE_DISTRIBUTION,medium
LC7404,MFS30 Raster Logistics R49,139.7779,35.8846,MFS30,LOGISTICS_HUB,medium
LC7405,MFS30 Raster Logistics R51,139.8596,35.8921,MFS30,LARGE_DISTRIBUTION,medium
LC7406,MFS30 Raster Logistics R53,139.7812,35.8779,MFS30,MEDIUM_WAREHOUSE,medium
LC7407,MFS30 Raster Logistics R55,139.8179,35.8471,MFS30,MEDIUM_WAREHOUSE,medium
LC7408,MFS30 Raster Logistics R57,139.8396,35.9246,MFS30,LARGE_DISTRIBUTION,medium
LC7409,MFS30 Raster Logistics R59,139.7821,35.8837,MFS30,MEDIUM_WAREHOUSE,medium
LC7410,MFS30 Raster Logistics R61,139.8646,35.9129,MFS30,LARGE_DISTRIBUTION,medium
LC7411,MFS30 Raster Logistics R63,139.7837,35.9012,MFS30,MEDIUM_WAREHOUSE,medium
LC7412,MFS30 Raster Logistics R65,139.8046,35.8779,MFS30,LOGISTICS_HUB,medium
LC7413,MFS30 Raster Logistics R67,139.8346,35.8854,MFS30,MEDIUM_WAREHOUSE,medium
LC7414,MFS30 Raster Logistics R69,139.7887,35.9129,MFS30,LOGISTICS_HUB,medium
LC7415,MFS30 Raster Logistics R71,139.7904,35.9262,MFS30,LOGISTICS_HUB,medium
LC7416,MFS30 Raster Logistics R73,139.8296,35.8479,MFS30,MEDIUM_WAREHOUSE,medium
LC7417,MFS30 Raster Logistics R75,139.8229,35.8554,MFS30,MEDIUM_WAREHOUSE,medium
LC7418,MFS30 Raster Logistics R77,139.8371,35.8796,MFS30,LOGISTICS_HUB,medium
LC7419,MFS30 Raster Logistics R79,139.8162,35.8762,MFS30,MEDIUM_WAREHOUSE,medium
LC7420,MFS30 Raster Logistics R81,139.8529,35.8937,MFS30,MEDIUM_WAREHOUSE,medium
LC7421,MFS30 Raster Logistics R83,139.7929,35.8546,MFS30,LARGE_DISTRIBUTION,medium
LC7422,MFS30 Raster Logistics R85,139.7879,35.9062,MFS30,MEDIUM_WAREHOUSE,medium
LC7423,MFS30 Raster Logistics R87,139.8246,35.8762,MFS30,LOGISTICS_HUB,medium
LC7424,MFS30 Raster Logistics R89,139.8396,35.9204,MFS30,LOGISTICS_HUB,medium
LC7425,MFS30 Raster Logistics R91,139.8021,35.9021,MFS30,LARGE_DISTRIBUTION,medium
LC7426,MFS30 Raster Logistics R93,139.7929,35.9204,MFS30,LARGE_DISTRIBUTION,medium
LC7427,MFS30 Raster Logistics R95,139.8246,35.8546,MFS30,MEDIUM_WAREHOUSE,medium
LC7428,MFS30 Raster Logistics R97,139.8071,35.8787,MFS30,MEDIUM_WAREHOUSE,medium
LC7429,MFS30 Raster Logistics R99,139.8446,35.8821,MFS30,MEDIUM_WAREHOUSE,medium
LC7430,MFS31 Raster Logistics R1,139.3604,35.8512,MFS31,LARGE_DISTRIBUTION,medium
LC7431,MFS31 Raster Logistics R3,139.3796,35.8279,MFS31,MEDIUM_WAREHOUSE,medium
LC7432,MFS31 Raster Logistics R5,139.2713,35.8321,MFS31,MEDIUM_WAREHOUSE,medium
LC7433,MFS31 Raster Logistics R7,139.3879,35.8046,MFS31,MEDIUM_WAREHOUSE,medium
LC7434,MFS31 Raster Logistics R9,139.3946,35.8162,MFS31,LOGISTICS_HUB,medium
LC7435,MFS31 Raster Logistics R11,139.3446,35.8562,MFS31,LARGE_DISTRIBUTION,medium
LC7436,MFS31 Raster Logistics R13,139.3104,35.8604,MFS31,LOGISTICS_HUB,medium
LC7437,MFS31 Raster Logistics R15,139.3288,35.8337,MFS31,LARGE_DISTRIBUTION,medium
LC7438,MFS31 Raster Logistics R17,139.3846,35.8104,MFS31,LARGE_DISTRIBUTION,medium
LC7439,MFS31 Raster Logistics R19,139.3462,35.8171,MFS31,LOGISTICS_HUB,medium
LC7440,MFS31 Raster Logistics R21,139.3971,35.8662,MFS31,LARGE_DISTRIBUTION,medium
LC7441,MFS31 Raster Logistics R23,139.3162,35.8612,MFS31,LOGISTICS_HUB,medium
LC7442,MFS31 Raster Logistics R25,139.3338,35.8562,MFS31,LARGE_DISTRIBUTION,medium
LC7443,MFS31 Raster Logistics R27,139.3946,35.8737,MFS31,MEDIUM_WAREHOUSE,medium
LC7444,MFS31 Raster Logistics R29,139.3679,35.9037,MFS31,LOGISTICS_HUB,medium
LC7445,MFS31 Raster Logistics R31,139.3671,35.7854,MFS31,LARGE_DISTRIBUTION,medium
LC7446,MFS31 Raster Logistics R33,139.3938,35.8154,MFS31,LARGE_DISTRIBUTION,medium
LC7447,MFS31 Raster Logistics R35,139.3812,35.9079,MFS31,LOGISTICS_HUB,medium
LC7448,MFS31 Raster Logistics R37,139.3862,35.8379,MFS31,LOGISTICS_HUB,medium
LC7449,MFS31 Raster Logistics R39,139.3237,35.8979,MFS31,LOGISTICS_HUB,medium
LC7450,MFS31 Raster Logistics R41,139.3629,35.8254,MFS31,LOGISTICS_HUB,medium
LC7451,MFS31 Raster Logistics R43,139.3329,35.9021,MFS31,LARGE_DISTRIBUTION,medium
LC7452,MFS31 Raster Logistics R45,139.3479,35.7971,MFS31,LOGISTICS_HUB,medium
LC7453,MFS31 Raster Logistics R47,139.3429,35.8662,MFS31,LARGE_DISTRIBUTION,medium
LC7454,MFS31 Raster Logistics R49,139.3812,35.8046,MFS31,LOGISTICS_HUB,medium
LC7455,MFS31 Raster Logistics R51,139.3304,35.8162,MFS31,LARGE_DISTRIBUTION,medium
LC7456,MFS31 Raster Logistics R53,139.3212,35.8896,MFS31,MEDIUM_WAREHOUSE,medium
LC7457,MFS31 Raster Logistics R55,139.2704,35.8912,MFS31,LARGE_DISTRIBUTION,medium
LC7458,MFS31 Raster Logistics R57,139.3663,35.9071,MFS31,LARGE_DISTRIBUTION,medium
LC7459,MFS31 Raster Logistics R59,139.2937,35.7937,MFS31,LOGISTICS_HUB,medium
LC7460,MFS31 Raster Logistics R61,139.3837,35.8787,MFS31,LARGE_DISTRIBUTION,medium
LC7461,MFS31 Raster Logistics R63,139.3171,35.7821,MFS31,LARGE_DISTRIBUTION,medium
LC7462,MFS31 Raster Logistics R65,139.3512,35.8679,MFS31,MEDIUM_WAREHOUSE,medium
LC7463,MFS31 Raster Logistics R67,139.3604,35.8412,MFS31,LOGISTICS_HUB,medium
LC7464,MFS31 Raster Logistics R69,139.3646,35.9037,MFS31,LARGE_DISTRIBUTION,medium
LC7465,MFS31 Raster Logistics R71,139.3663,35.7879,MFS31,LARGE_DISTRIBUTION,medium
LC7466,MFS31 Raster Logistics R73,139.3896,35.8962,MFS31,MEDIUM_WAREHOUSE,medium
LC7467,MFS31 Raster Logistics R75,139.3938,35.8354,MFS31,LOGISTICS_HUB,medium
LC7468,MFS31 Raster Logistics R77,139.3162,35.8604,MFS31,LOGISTICS_HUB,medium
LC7469,MFS31 Raster Logistics R79,139.3879,35.8596,MFS31,MEDIUM_WAREHOUSE,medium
LC7470,MFS31 Raster Logistics R81,139.3771,35.8196,MFS31,LOGISTICS_HUB,medium
LC7471,MFS31 Raster Logistics R83,139.3071,35.8804,MFS31,LOGISTICS_HUB,medium
LC7472,MFS31 Raster Logistics R85,139.3104,35.8437,MFS31,LOGISTICS_HUB,medium
LC7473,MFS31 Raster Logistics R87,139.3771,35.8837,MFS31,MEDIUM_WAREHOUSE,medium
LC7474,MFS31 Raster Logistics R89,139.3338,35.8387,MFS31,LARGE_DISTRIBUTION,medium
LC7475,MFS31 Raster Logistics R91,139.3271,35.8712,MFS31,MEDIUM_WAREHOUSE,medium
LC7476,MFS31 Raster Logistics R93,139.3179,35.8512,MFS31,LARGE_DISTRIBUTION,medium
LC7477,MFS31 Raster Logistics R95,139.3029,35.7996,MFS31,LARGE_DISTRIBUTION,medium
LC7478,MFS31 Raster Logistics R97,139.3571,35.8254,MFS31,LOGISTICS_HUB,medium
LC7479,MFS31 Raster Logistics R99,139.3279,35.9162,MFS31,LARGE_DISTRIBUTION,medium
LC7480,MFS32 Raster Logistics R1,139.3713,35.9029,MFS32,LARGE_DISTRIBUTION,medium
LC7481,MFS32 Raster Logistics R3,139.3629,35.9829,MFS32,LARGE_DISTRIBUTION,medium
LC7482,MFS32 Raster Logistics R5,139.4046,35.9337,MFS32,LARGE_DISTRIBUTION,medium
LC7483,MFS32 Raster Logistics R7,139.4563,35.9479,MFS32,LARGE_DISTRIBUTION,medium
LC7484,MFS32 Raster Logistics R9,139.3529,35.9871,MFS32,LARGE_DISTRIBUTION,medium
LC7485,MFS32 Raster Logistics R11,139.3562,35.9212,MFS32,MEDIUM_WAREHOUSE,medium
LC7486,MFS32 Raster Logistics R13,139.3479,35.9371,MFS32,MEDIUM_WAREHOUSE,medium
LC7487,MFS32 Raster Logistics R15,139.3379,35.9704,MFS32,MEDIUM_WAREHOUSE,medium
LC7488,MFS32 Raster Logistics R17,139.3946,35.9779,MFS32,LOGISTICS_HUB,medium
LC7489,MFS32 Raster Logistics R19,139.4313,35.9429,MFS32,LOGISTICS_HUB,medium
LC7490,MFS32 Raster Logistics R21,139.4204,35.9304,MFS32,LARGE_DISTRIBUTION,medium
LC7491,MFS32 Raster Logistics R23,139.4379,35.9237,MFS32,LOGISTICS_HUB,medium
LC7492,MFS32 Raster Logistics R25,139.4512,35.9654,MFS32,LARGE_DISTRIBUTION,medium
LC7493,MFS32 Raster Logistics R27,139.4154,36.0004,MFS32,LARGE_DISTRIBUTION,medium
LC7494,MFS32 Raster Logistics R29,139.4504,35.9287,MFS32,LOGISTICS_HUB,medium
LC7495,MFS32 Raster Logistics R31,139.4387,35.9946,MFS32,LARGE_DISTRIBUTION,medium
LC7496,MFS32 Raster Logistics R33,139.3404,35.9204,MFS32,LARGE_DISTRIBUTION,medium
LC7497,MFS32 Raster Logistics R35,139.3954,35.9621,MFS32,LOGISTICS_HUB,medium
LC7498,MFS32 Raster Logistics R37,139.3771,35.9029,MFS32,MEDIUM_WAREHOUSE,medium
LC7499,MFS32 Raster Logistics R39,139.3671,35.9354,MFS32,LARGE_DISTRIBUTION,medium
LC7500,MFS32 Raster Logistics R41,139.4338,35.9896,MFS32,LARGE_DISTRIBUTION,medium
LC7501,MFS32 Raster Logistics R43,139.4087,35.9487,MFS32,LARGE_DISTRIBUTION,medium
LC7502,MFS32 Raster Logistics R45,139.4004,35.9571,MFS32,LOGISTICS_HUB,medium
LC7503,MFS32 Raster Logistics R47,139.3904,35.9504,MFS32,LARGE_DISTRIBUTION,medium
LC7504,MFS32 Raster Logistics R49,139.4179,35.9437,MFS32,MEDIUM_WAREHOUSE,medium
LC7505,MFS32 Raster Logistics R51,139.3837,35.9937,MFS32,MEDIUM_WAREHOUSE,medium
LC7506,MFS32 Raster Logistics R53,139.4412,35.9637,MFS32,LARGE_DISTRIBUTION,medium
LC7507,MFS32 Raster Logistics R55,139.4396,35.9287,MFS32,MEDIUM_WAREHOUSE,medium
LC7508,MFS32 Raster Logistics R57,139.4446,35.9204,MFS32,MEDIUM_WAREHOUSE,medium
LC7509,MFS32 Raster Logistics R59,139.3996,35.9671,MFS32,MEDIUM_WAREHOUSE,medium
LC7510,MFS32 Raster Logistics R61,139.4279,35.9596,MFS32,MEDIUM_WAREHOUSE,medium
LC7511,MFS32 Raster Logistics R63,139.4346,35.9679,MFS32,LARGE_DISTRIBUTION,medium
LC7512,MFS32 Raster Logistics R65,139.3546,35.9879,MFS32,LARGE_DISTRIBUTION,medium
LC7513,MFS32 Raster Logistics R67,139.4354,35.9279,MFS32,LOGISTICS_HUB,medium
LC7514,MFS32 Raster Logistics R69,139.4446,35.9296,MFS32,MEDIUM_WAREHOUSE,medium
LC7515,MFS32 Raster Logistics R71,139.3929,35.9404,MFS32,MEDIUM_WAREHOUSE,medium
LC7516,MFS32 Raster Logistics R73,139.3671,35.9704,MFS32,LARGE_DISTRIBUTION,medium
LC7517,MFS32 Raster Logistics R75,139.3571,35.9187,MFS32,LOGISTICS_HUB,medium
LC7518,MFS32 Raster Logistics R77,139.3688,35.9012,MFS32,MEDIUM_WAREHOUSE,medium
LC7519,MFS32 Raster Logistics R79,139.4213,35.9129,MFS32,LOGISTICS_HUB,medium
LC7520,MFS32 Raster Logistics R81,139.3613,35.9012,MFS32,LOGISTICS_HUB,medium
LC7521,MFS32 Raster Logistics R83,139.4054,35.9571,MFS32,LOGISTICS_HUB,medium
LC7522,MFS32 Raster Logistics R85,139.3821,35.9629,MFS32,MEDIUM_WAREHOUSE,medium
LC7523,MFS32 Raster Logistics R87,139.4104,35.9537,MFS32,MEDIUM_WAREHOUSE,medium
LC7524,MFS32 Raster Logistics R89,139.3371,35.9679,MFS32,LOGISTICS_HUB,medium
LC7525,MFS32 Raster Logistics R91,139.4487,35.9437,MFS32,LOGISTICS_HUB,medium
LC7526,MFS32 Raster Logistics R93,139.4504,35.9121,MFS32,LOGISTICS_HUB,medium
LC7527,MFS32 Raster Logistics R95,139.3946,35.9987,MFS32,MEDIUM_WAREHOUSE,medium
LC7528,MFS32 Raster Logistics R97,139.4238,35.9587,MFS32,LARGE_DISTRIBUTION,medium
LC7529,MFS32 Raster Logistics R99,139.3429,35.9587,MFS32,LARGE_DISTRIBUTION,medium
LC7530,MFS33 Raster Logistics R1,139.5946,35.9687,MFS33,MEDIUM_WAREHOUSE,medium
LC7531,MFS33 Raster Logistics R3,139.5479,36.0112,MFS33,MEDIUM_WAREHOUSE,medium
LC7532,MFS33 Raster Logistics R5,139.5704,35.9779,MFS33,LOGISTICS_HUB,medium
LC7533,MFS33 Raster Logistics R7,139.5938,36.0137,MFS33,LARGE_DISTRIBUTION,medium
LC7534,MFS33 Raster Logistics R9,139.5996,36.0121,MFS33,LARGE_DISTRIBUTION,medium
LC7535,MFS33 Raster Logistics R11,139.5529,36.0104,MFS33,MEDIUM_WAREHOUSE,medium
LC7536,MFS33 Raster Logistics R13,139.6271,36.0479,MFS33,LARGE_DISTRIBUTION,medium
LC7537,MFS33 Raster Logistics R15,139.6163,35.9871,MFS33,MEDIUM_WAREHOUSE,medium
LC7538,MFS33 Raster Logistics R17,139.5721,35.9612,MFS33,LOGISTICS_HUB,medium
LC7539,MFS33 Raster Logistics R19,139.5946,35.9579,MFS33,LARGE_DISTRIBUTION,medium
LC7540,MFS33 Raster Logistics R21,139.6337,36.0271,MFS33,LARGE_DISTRIBUTION,medium
LC7541,MFS33 Raster Logistics R23,139.5871,35.9846,MFS33,LOGISTICS_HUB,medium
LC7542,MFS33 Raster Logistics R25,139.5646,35.9687,MFS33,LARGE_DISTRIBUTION,medium
LC7543,MFS33 Raster Logistics R27,139.6463,35.9946,MFS33,MEDIUM_WAREHOUSE,medium
LC7544,MFS33 Raster Logistics R29,139.6138,35.9729,MFS33,LARGE_DISTRIBUTION,medium
LC7545,MFS33 Raster Logistics R31,139.5813,35.9487,MFS33,LARGE_DISTRIBUTION,medium
LC7546,MFS33 Raster Logistics R33,139.6204,36.0212,MFS33,LARGE_DISTRIBUTION,medium
LC7547,MFS33 Raster Logistics R35,139.5613,36.0204,MFS33,LARGE_DISTRIBUTION,medium
LC7548,MFS33 Raster Logistics R37,139.6163,35.9479,MFS33,LOGISTICS_HUB,medium
LC7549,MFS33 Raster Logistics R39,139.6396,36.0262,MFS33,MEDIUM_WAREHOUSE,medium
LC7550,MFS33 Raster Logistics R41,139.5987,35.9604,MFS33,LARGE_DISTRIBUTION,medium
LC7551,MFS33 Raster Logistics R43,139.5721,36.0296,MFS33,LARGE_DISTRIBUTION,medium
LC7552,MFS33 Raster Logistics R45,139.6029,36.0146,MFS33,LARGE_DISTRIBUTION,medium
LC7553,MFS33 Raster Logistics R47,139.6229,35.9846,MFS33,LOGISTICS_HUB,medium
LC7554,MFS33 Raster Logistics R49,139.6163,36.0496,MFS33,LARGE_DISTRIBUTION,medium
LC7555,MFS33 Raster Logistics R51,139.5737,35.9779,MFS33,LOGISTICS_HUB,medium
LC7556,MFS33 Raster Logistics R53,139.5796,35.9671,MFS33,LARGE_DISTRIBUTION,medium
LC7557,MFS33 Raster Logistics R55,139.5671,35.9621,MFS33,LARGE_DISTRIBUTION,medium
LC7558,MFS33 Raster Logistics R57,139.6296,36.0021,MFS33,LOGISTICS_HUB,medium
LC7559,MFS33 Raster Logistics R59,139.5712,36.0212,MFS33,LOGISTICS_HUB,medium
LC7560,MFS33 Raster Logistics R61,139.6179,36.0171,MFS33,LARGE_DISTRIBUTION,medium
LC7561,MFS33 Raster Logistics R63,139.5938,36.0112,MFS33,LOGISTICS_HUB,medium
LC7562,MFS33 Raster Logistics R65,139.5896,36.0312,MFS33,LARGE_DISTRIBUTION,medium
LC7563,MFS33 Raster Logistics R67,139.6538,36.0096,MFS33,MEDIUM_WAREHOUSE,medium
LC7564,MFS33 Raster Logistics R69,139.6262,36.0229,MFS33,MEDIUM_WAREHOUSE,medium
LC7565,MFS33 Raster Logistics R71,139.6446,35.9737,MFS33,MEDIUM_WAREHOUSE,medium
LC7566,MFS33 Raster Logistics R73,139.6287,35.9854,MFS33,LOGISTICS_HUB,medium
LC7567,MFS33 Raster Logistics R75,139.5746,35.9921,MFS33,MEDIUM_WAREHOUSE,medium
LC7568,MFS33 Raster Logistics R77,139.5871,36.0087,MFS33,MEDIUM_WAREHOUSE,medium
LC7569,MFS33 Raster Logistics R79,139.6304,36.0296,MFS33,LOGISTICS_HUB,medium
LC7570,MFS33 Raster Logistics R81,139.6471,35.9979,MFS33,MEDIUM_WAREHOUSE,medium
LC7571,MFS33 Raster Logistics R83,139.5737,36.0387,MFS33,LOGISTICS_HUB,medium
LC7572,MFS33 Raster Logistics R85,139.5754,36.0229,MFS33,MEDIUM_WAREHOUSE,medium
LC7573,MFS33 Raster Logistics R87,139.5762,36.0179,MFS33,LARGE_DISTRIBUTION,medium
LC7574,MFS33 Raster Logistics R89,139.6146,35.9737,MFS33,LOGISTICS_HUB,medium
LC7575,MFS33 Raster Logistics R91,139.6088,35.9687,MFS33,MEDIUM_WAREHOUSE,medium
LC7576,MFS33 Raster Logistics R93,139.6129,35.9604,MFS33,LOGISTICS_HUB,medium
LC7577,MFS33 Raster Logistics R95,139.5854,35.9604,MFS33,LARGE_DISTRIBUTION,medium
LC7578,MFS33 Raster Logistics R97,139.6346,35.9887,MFS33,LOGISTICS_HUB,medium
LC7579,MFS33 Raster Logistics R99,139.6179,36.0021,MFS33,LOGISTICS_HUB,medium
LC7580,MFS34 Raster Logistics R1,139.6379,36.1254,MFS34,MEDIUM_WAREHOUSE,medium
LC7581,MFS34 Raster Logistics R3,139.6196,36.1262,MFS34,MEDIUM_WAREHOUSE,medium
LC7582,MFS34 Raster Logistics R5,139.6721,36.0804,MFS34,LARGE_DISTRIBUTION,medium
LC7583,MFS34 Raster Logistics R7,139.6646,36.0962,MFS34,MEDIUM_WAREHOUSE,medium
LC7584,MFS34 Raster Logistics R9,139.6804,36.0787,MFS34,LOGISTICS_HUB,medium
LC7585,MFS34 Raster Logistics R11,139.6196,36.1154,MFS34,LOGISTICS_HUB,medium
LC7586,MFS34 Raster Logistics R13,139.5854,36.1312,MFS34,MEDIUM_WAREHOUSE,medium
LC7587,MFS34 Raster Logistics R15,139.6846,36.0679,MFS34,MEDIUM_WAREHOUSE,medium
LC7588,MFS34 Raster Logistics R17,139.7079,36.1779,MFS34,LARGE_DISTRIBUTION,medium
LC7589,MFS34 Raster Logistics R19,139.6054,36.1196,MFS34,LARGE_DISTRIBUTION,medium
LC7590,MFS34 Raster Logistics R21,139.6704,36.1029,MFS34,LARGE_DISTRIBUTION,medium
LC7591,MFS34 Raster Logistics R23,139.6612,36.0654,MFS34,MEDIUM_WAREHOUSE,medium
LC7592,MFS34 Raster Logistics R25,139.6979,36.1379,MFS34,LARGE_DISTRIBUTION,medium
LC7593,MFS34 Raster Logistics R27,139.5879,36.1304,MFS34,LARGE_DISTRIBUTION,medium
LC7594,MFS34 Raster Logistics R29,139.6788,36.0729,MFS34,MEDIUM_WAREHOUSE,medium
LC7595,MFS34 Raster Logistics R31,139.6637,36.1896,MFS34,LOGISTICS_HUB,medium
LC7596,MFS34 Raster Logistics R33,139.765524,35.66055,MFS34,LARGE_DISTRIBUTION,medium
LC7597,MFS34 Raster Logistics R35,139.765524,35.66055,MFS34,LOGISTICS_HUB,medium
LC7598,MFS34 Raster Logistics R37,139.6113,36.1079,MFS34,MEDIUM_WAREHOUSE,medium
LC7599,MFS34 Raster Logistics R39,139.6171,36.1054,MFS34,LOGISTICS_HUB,medium
LC7600,MFS34 Raster Logistics R41,139.6471,36.0904,MFS34,LARGE_DISTRIBUTION,medium
LC7601,MFS34 Raster Logistics R43,139.6838,36.0737,MFS34,LOGISTICS_HUB,medium
LC7602,MFS34 Raster Logistics R45,139.6004,36.1746,MFS34,LARGE_DISTRIBUTION,medium
LC7603,MFS34 Raster Logistics R47,139.6854,36.1254,MFS34,MEDIUM_WAREHOUSE,medium
LC7604,MFS34 Raster Logistics R49,139.6863,36.0671,MFS34,MEDIUM_WAREHOUSE,medium
LC7605,MFS34 Raster Logistics R51,139.6521,36.0587,MFS34,LARGE_DISTRIBUTION,medium
LC7606,MFS34 Raster Logistics R53,139.765524,35.66055,MFS34,MEDIUM_WAREHOUSE,medium
LC7607,MFS34 Raster Logistics R55,139.6213,36.1454,MFS34,LOGISTICS_HUB,medium
LC7608,MFS34 Raster Logistics R57,139.5987,36.0737,MFS34,MEDIUM_WAREHOUSE,medium
LC7609,MFS34 Raster Logistics R59,139.5938,36.1296,MFS34,LOGISTICS_HUB,medium
LC7610,MFS34 Raster Logistics R61,139.7204,36.1537,MFS34,LARGE_DISTRIBUTION,medium
LC7611,MFS34 Raster Logistics R63,139.5871,36.1287,MFS34,LARGE_DISTRIBUTION,medium
LC7612,MFS34 Raster Logistics R65,139.6813,36.0887,MFS34,LOGISTICS_HUB,medium
LC7613,MFS34 Raster Logistics R67,139.6854,36.0671,MFS34,LARGE_DISTRIBUTION,medium
LC7614,MFS34 Raster Logistics R69,139.6821,36.0996,MFS34,LARGE_DISTRIBUTION,medium
LC7615,MFS34 Raster Logistics R71,139.7046,36.1196,MFS34,MEDIUM_WAREHOUSE,medium
LC7616,MFS34 Raster Logistics R73,139.6754,36.0937,MFS34,MEDIUM_WAREHOUSE,medium
LC7617,MFS34 Raster Logistics R75,139.6463,36.0896,MFS34,LOGISTICS_HUB,medium
LC7618,MFS34 Raster Logistics R77,139.6813,36.0979,MFS34,LARGE_DISTRIBUTION,medium
LC7619,MFS34 Raster Logistics R79,139.5962,36.1279,MFS34,MEDIUM_WAREHOUSE,medium
LC7620,MFS34 Raster Logistics R81,139.7171,36.1262,MFS34,MEDIUM_WAREHOUSE,medium
LC7621,MFS34 Raster Logistics R83,139.6604,36.0646,MFS34,LOGISTICS_HUB,medium
LC7622,MFS34 Raster Logistics R85,139.6021,36.1062,MFS34,MEDIUM_WAREHOUSE,medium
LC7623,MFS34 Raster Logistics R87,139.7113,36.1637,MFS34,LOGISTICS_HUB,medium
LC7624,MFS34 Raster Logistics R89,139.6129,36.1504,MFS34,LARGE_DISTRIBUTION,medium
LC7625,MFS34 Raster Logistics R91,139.6646,36.1179,MFS34,MEDIUM_WAREHOUSE,medium
LC7626,MFS34 Raster Logistics R93,139.7146,36.1479,MFS34,LARGE_DISTRIBUTION,medium
LC7627,MFS34 Raster Logistics R95,139.6287,36.0621,MFS34,LOGISTICS_HUB,medium
LC7628,MFS34 Raster Logistics R97,139.6596,36.1154,MFS34,LARGE_DISTRIBUTION,medium
LC7629,MFS34 Raster Logistics R99,139.6804,36.0754,MFS34,MEDIUM_WAREHOUSE,medium
LC7630,MFS35 Raster Logistics R1,139.3313,36.2112,MFS35,MEDIUM_WAREHOUSE,medium
LC7631,MFS35 Raster Logistics R3,139.3313,36.2054,MFS35,LOGISTICS_HUB,medium
LC7632,MFS35 Raster Logistics R5,139.3496,36.1521,MFS35,LARGE_DISTRIBUTION,medium
LC7633,MFS35 Raster Logistics R7,139.4029,36.1096,MFS35,MEDIUM_WAREHOUSE,medium
LC7634,MFS35 Raster Logistics R9,139.3771,36.1771,MFS35,LARGE_DISTRIBUTION,medium
LC7635,MFS35 Raster Logistics R11,139.3954,36.1796,MFS35,LARGE_DISTRIBUTION,medium
LC7636,MFS35 Raster Logistics R13,139.3429,36.1454,MFS35,LOGISTICS_HUB,medium
LC7637,MFS35 Raster Logistics R15,139.4154,36.1662,MFS35,MEDIUM_WAREHOUSE,medium
LC7638,MFS35 Raster Logistics R17,139.3604,36.1096,MFS35,MEDIUM_WAREHOUSE,medium
LC7639,MFS35 Raster Logistics R19,139.4529,36.1504,MFS35,LARGE_DISTRIBUTION,medium
LC7640,MFS35 Raster Logistics R21,139.3879,36.1679,MFS35,LARGE_DISTRIBUTION,medium
LC7641,MFS35 Raster Logistics R23,139.4137,36.1512,MFS35,MEDIUM_WAREHOUSE,medium
LC7642,MFS35 Raster Logistics R25,139.4454,36.1362,MFS35,LARGE_DISTRIBUTION,medium
LC7643,MFS35 Raster Logistics R27,139.4062,36.1262,MFS35,LOGISTICS_HUB,medium
LC7644,MFS35 Raster Logistics R29,139.4721,36.1804,MFS35,MEDIUM_WAREHOUSE,medium
LC7645,MFS35 Raster Logistics R31,139.4004,36.0696,MFS35,LOGISTICS_HUB,medium
LC7646,MFS35 Raster Logistics R33,139.4704,36.1404,MFS35,MEDIUM_WAREHOUSE,medium
LC7647,MFS35 Raster Logistics R35,139.3421,36.1712,MFS35,MEDIUM_WAREHOUSE,medium
LC7648,MFS35 Raster Logistics R37,139.3129,36.1929,MFS35,MEDIUM_WAREHOUSE,medium
LC7649,MFS35 Raster Logistics R39,139.4204,36.1404,MFS35,LOGISTICS_HUB,medium
LC7650,MFS35 Raster Logistics R41,139.4412,36.1146,MFS35,LARGE_DISTRIBUTION,medium
LC7651,MFS35 Raster Logistics R43,139.4754,36.1971,MFS35,LARGE_DISTRIBUTION,medium
LC7652,MFS35 Raster Logistics R45,139.3029,36.1437,MFS35,MEDIUM_WAREHOUSE,medium
LC7653,MFS35 Raster Logistics R47,139.3354,36.2137,MFS35,LARGE_DISTRIBUTION,medium
LC7654,MFS35 Raster Logistics R49,139.4588,36.1387,MFS35,MEDIUM_WAREHOUSE,medium
LC7655,MFS35 Raster Logistics R51,139.3821,36.1937,MFS35,LARGE_DISTRIBUTION,medium
LC7656,MFS35 Raster Logistics R53,139.4329,36.1154,MFS35,MEDIUM_WAREHOUSE,medium
LC7657,MFS35 Raster Logistics R55,139.3621,36.1479,MFS35,LOGISTICS_HUB,medium
LC7658,MFS35 Raster Logistics R57,139.3063,36.1704,MFS35,MEDIUM_WAREHOUSE,medium
LC7659,MFS35 Raster Logistics R59,139.4688,36.1512,MFS35,LOGISTICS_HUB,medium
LC7660,MFS35 Raster Logistics R61,139.4721,36.1337,MFS35,LARGE_DISTRIBUTION,medium
LC7661,MFS35 Raster Logistics R63,139.4462,36.0729,MFS35,MEDIUM_WAREHOUSE,medium
LC7662,MFS35 Raster Logistics R65,139.4354,36.1821,MFS35,LARGE_DISTRIBUTION,medium
LC7663,MFS35 Raster Logistics R67,139.3746,36.1737,MFS35,MEDIUM_WAREHOUSE,medium
LC7664,MFS35 Raster Logistics R69,139.3288,36.1737,MFS35,LOGISTICS_HUB,medium
LC7665,MFS35 Raster Logistics R71,139.3596,36.1687,MFS35,LOGISTICS_HUB,medium
LC7666,MFS35 Raster Logistics R73,139.4412,36.1221,MFS35,LARGE_DISTRIBUTION,medium
LC7667,MFS35 Raster Logistics R75,139.4354,36.1179,MFS35,MEDIUM_WAREHOUSE,medium
LC7668,MFS35 Raster Logistics R77,139.3088,36.1304,MFS35,LOGISTICS_HUB,medium
LC7669,MFS35 Raster Logistics R79,139.3021,36.1871,MFS35,LOGISTICS_HUB,medium
LC7670,MFS35 Raster Logistics R81,139.4204,36.0721,MFS35,LOGISTICS_HUB,medium
LC7671,MFS35 Raster Logistics R83,139.3496,36.1471,MFS35,LARGE_DISTRIBUTION,medium
LC7672,MFS35 Raster Logistics R85,139.3204,36.1629,MFS35,LOGISTICS_HUB,medium
LC7673,MFS35 Raster Logistics R87,139.4346,36.1904,MFS35,LARGE_DISTRIBUTION,medium
LC7674,MFS35 Raster Logistics R89,139.4721,36.2071,MFS35,LOGISTICS_HUB,medium
LC7675,MFS35 Raster Logistics R91,139.3812,36.1396,MFS35,LOGISTICS_HUB,medium
LC7676,MFS35 Raster Logistics R93,139.3829,36.1262,MFS35,LARGE_DISTRIBUTION,medium
LC7677,MFS35 Raster Logistics R95,139.4754,36.1087,MFS35,LOGISTICS_HUB,medium
LC7678,MFS35 Raster Logistics R97,139.3221,36.1679,MFS35,LARGE_DISTRIBUTION,medium
LC7679,MFS35 Raster Logistics R99,139.4571,36.1062,MFS35,MEDIUM_WAREHOUSE,medium
LC7680,MFS36 Raster Logistics R1,139.1879,36.2487,MFS36,MEDIUM_WAREHOUSE,medium
LC7681,MFS36 Raster Logistics R3,139.1554,36.2129,MFS36,MEDIUM_WAREHOUSE,medium
LC7682,MFS36 Raster Logistics R5,139.1529,36.1871,MFS36,LOGISTICS_HUB,medium
LC7683,MFS36 Raster Logistics R7,139.2271,36.2946,MFS36,LOGISTICS_HUB,medium
LC7684,MFS36 Raster Logistics R9,139.1954,36.2979,MFS36,MEDIUM_WAREHOUSE,medium
LC7685,MFS36 Raster Logistics R11,139.1813,36.2904,MFS36,MEDIUM_WAREHOUSE,medium
LC7686,MFS36 Raster Logistics R13,139.1971,36.2671,MFS36,MEDIUM_WAREHOUSE,medium
LC7687,MFS36 Raster Logistics R15,139.1562,36.2237,MFS36,LOGISTICS_HUB,medium
LC7688,MFS36 Raster Logistics R17,139.2021,36.2746,MFS36,LARGE_DISTRIBUTION,medium
LC7689,MFS36 Raster Logistics R19,139.1746,36.2329,MFS36,LARGE_DISTRIBUTION,medium
LC7690,MFS36 Raster Logistics R21,139.2396,36.2137,MFS36,LOGISTICS_HUB,medium
LC7691,MFS36 Raster Logistics R23,139.1321,36.2329,MFS36,LOGISTICS_HUB,medium
LC7692,MFS36 Raster Logistics R25,139.2138,36.2621,MFS36,LARGE_DISTRIBUTION,medium
LC7693,MFS36 Raster Logistics R27,139.2504,36.2779,MFS36,MEDIUM_WAREHOUSE,medium
LC7694,MFS36 Raster Logistics R29,139.1979,36.2362,MFS36,MEDIUM_WAREHOUSE,medium
LC7695,MFS36 Raster Logistics R31,139.2088,36.2321,MFS36,LOGISTICS_HUB,medium
LC7696,MFS36 Raster Logistics R33,139.1813,36.3021,MFS36,LOGISTICS_HUB,medium
LC7697,MFS36 Raster Logistics R35,139.2321,36.2587,MFS36,MEDIUM_WAREHOUSE,medium
LC7698,MFS36 Raster Logistics R37,139.1729,36.2429,MFS36,MEDIUM_WAREHOUSE,medium
LC7699,MFS36 Raster Logistics R39,139.1446,36.2354,MFS36,MEDIUM_WAREHOUSE,medium
LC7700,MFS36 Raster Logistics R41,139.1312,36.2079,MFS36,LOGISTICS_HUB,medium
LC7701,MFS36 Raster Logistics R43,139.1971,36.2804,MFS36,MEDIUM_WAREHOUSE,medium
LC7702,MFS36 Raster Logistics R45,139.2054,36.2629,MFS36,LARGE_DISTRIBUTION,medium
LC7703,MFS36 Raster Logistics R47,139.1337,36.2171,MFS36,MEDIUM_WAREHOUSE,medium
LC7704,MFS36 Raster Logistics R49,139.1788,36.2604,MFS36,MEDIUM_WAREHOUSE,medium
LC7705,MFS36 Raster Logistics R51,139.2096,36.2346,MFS36,MEDIUM_WAREHOUSE,medium
LC7706,MFS36 Raster Logistics R53,139.1587,36.2271,MFS36,LOGISTICS_HUB,medium
LC7707,MFS36 Raster Logistics R55,139.2121,36.2896,MFS36,MEDIUM_WAREHOUSE,medium
LC7708,MFS36 Raster Logistics R57,139.2096,36.2804,MFS36,LOGISTICS_HUB,medium
LC7709,MFS36 Raster Logistics R59,139.1696,36.2012,MFS36,MEDIUM_WAREHOUSE,medium
LC7710,MFS36 Raster Logistics R61,139.1887,36.3012,MFS36,MEDIUM_WAREHOUSE,medium
LC7711,MFS36 Raster Logistics R63,139.2171,36.2087,MFS36,MEDIUM_WAREHOUSE,medium
LC7712,MFS36 Raster Logistics R65,139.1654,36.2079,MFS36,LOGISTICS_HUB,medium
LC7713,MFS36 Raster Logistics R67,139.1621,36.2446,MFS36,LOGISTICS_HUB,medium
LC7714,MFS36 Raster Logistics R69,139.1871,36.2812,MFS36,LARGE_DISTRIBUTION,medium
LC7715,MFS36 Raster Logistics R71,139.1312,36.2512,MFS36,LARGE_DISTRIBUTION,medium
LC7716,MFS36 Raster Logistics R73,139.2396,36.2396,MFS36,LARGE_DISTRIBUTION,medium
LC7717,MFS36 Raster Logistics R75,139.1646,36.2479,MFS36,MEDIUM_WAREHOUSE,medium
LC7718,MFS36 Raster Logistics R77,139.1929,36.2787,MFS36,LARGE_DISTRIBUTION,medium
LC7719,MFS36 Raster Logistics R79,139.1587,36.2546,MFS36,LARGE_DISTRIBUTION,medium
LC7720,MFS36 Raster Logistics R81,139.1687,36.2879,MFS36,LARGE_DISTRIBUTION,medium
LC7721,MFS36 Raster Logistics R83,139.1396,36.2604,MFS36,LARGE_DISTRIBUTION,medium
LC7722,MFS36 Raster Logistics R85,139.1704,36.2312,MFS36,MEDIUM_WAREHOUSE,medium
LC7723,MFS36 Raster Logistics R87,139.1771,36.2187,MFS36,LARGE_DISTRIBUTION,medium
LC7724,MFS36 Raster Logistics R89,139.1854,36.1779,MFS36,MEDIUM_WAREHOUSE,medium
LC7725,MFS36 Raster Logistics R91,139.1654,36.2687,MFS36,LOGISTICS_HUB,medium
LC7726,MFS36 Raster Logistics R93,139.1579,36.2504,MFS36,LARGE_DISTRIBUTION,medium
LC7727,MFS36 Raster Logistics R95,139.1413,36.2462,MFS36,MEDIUM_WAREHOUSE,medium
LC7728,MFS36 Raster Logistics R97,139.1713,36.2487,MFS36,LOGISTICS_HUB,medium
LC7729,MFS36 Raster Logistics R99,139.2113,36.2179,MFS36,LARGE_DISTRIBUTION,medium
LC7730,MFS37 Raster Logistics R1,139.0062,36.0221,MFS37,MEDIUM_WAREHOUSE,medium
LC7731,MFS37 Raster Logistics R3,139.0921,36.0704,MFS37,MEDIUM_WAREHOUSE,medium
LC7732,MFS37 Raster Logistics R5,139.0987,36.0371,MFS37,MEDIUM_WAREHOUSE,medium
LC7733,MFS37 Raster Logistics R7,139.0863,35.9887,MFS37,LOGISTICS_HUB,medium
LC7734,MFS37 Raster Logistics R9,139.0646,35.9712,MFS37,LOGISTICS_HUB,medium
LC7735,MFS37 Raster Logistics R11,139.0279,35.9546,MFS37,LARGE_DISTRIBUTION,medium
LC7736,MFS37 Raster Logistics R13,139.0329,35.9954,MFS37,MEDIUM_WAREHOUSE,medium
LC7737,MFS37 Raster Logistics R15,138.9871,36.0471,MFS37,LARGE_DISTRIBUTION,medium
LC7738,MFS37 Raster Logistics R17,139.1079,36.1021,MFS37,LOGISTICS_HUB,medium
LC7739,MFS37 Raster Logistics R19,139.0679,36.0221,MFS37,LOGISTICS_HUB,medium
LC7740,MFS37 Raster Logistics R21,139.1096,36.0162,MFS37,LOGISTICS_HUB,medium
LC7741,MFS37 Raster Logistics R23,139.0546,36.0504,MFS37,LARGE_DISTRIBUTION,medium
LC7742,MFS37 Raster Logistics R25,139.0329,36.0146,MFS37,LOGISTICS_HUB,medium
LC7743,MFS37 Raster Logistics R27,139.0737,35.9962,MFS37,LOGISTICS_HUB,medium
LC7744,MFS37 Raster Logistics R29,139.1121,36.0862,MFS37,LOGISTICS_HUB,medium
LC7745,MFS37 Raster Logistics R31,139.1271,36.0262,MFS37,MEDIUM_WAREHOUSE,medium
LC7746,MFS37 Raster Logistics R33,139.1054,36.0004,MFS37,MEDIUM_WAREHOUSE,medium
LC7747,MFS37 Raster Logistics R35,139.0879,36.0671,MFS37,LOGISTICS_HUB,medium
LC7748,MFS37 Raster Logistics R37,139.1071,36.0221,MFS37,LARGE_DISTRIBUTION,medium
LC7749,MFS37 Raster Logistics R39,139.0412,35.9571,MFS37,LOGISTICS_HUB,medium
LC7750,MFS37 Raster Logistics R41,139.0804,36.0012,MFS37,MEDIUM_WAREHOUSE,medium
LC7751,MFS37 Raster Logistics R43,139.0312,35.9596,MFS37,LOGISTICS_HUB,medium
LC7752,MFS37 Raster Logistics R45,139.1004,36.0254,MFS37,LOGISTICS_HUB,medium
LC7753,MFS37 Raster Logistics R47,139.0929,36.0696,MFS37,LARGE_DISTRIBUTION,medium
LC7754,MFS37 Raster Logistics R49,139.0563,36.0554,MFS37,MEDIUM_WAREHOUSE,medium
LC7755,MFS37 Raster Logistics R51,139.1088,36.0112,MFS37,LARGE_DISTRIBUTION,medium
LC7756,MFS37 Raster Logistics R53,139.0488,36.0529,MFS37,LARGE_DISTRIBUTION,medium
LC7757,MFS37 Raster Logistics R55,139.0921,35.9637,MFS37,MEDIUM_WAREHOUSE,medium
LC7758,MFS37 Raster Logistics R57,139.0863,36.0154,MFS37,MEDIUM_WAREHOUSE,medium
LC7759,MFS37 Raster Logistics R59,139.0554,35.9646,MFS37,LARGE_DISTRIBUTION,medium
LC7760,MFS37 Raster Logistics R61,139.0779,35.9779,MFS37,MEDIUM_WAREHOUSE,medium
LC7761,MFS37 Raster Logistics R63,139.0779,36.0012,MFS37,LARGE_DISTRIBUTION,medium
LC7762,MFS37 Raster Logistics R65,139.0771,35.9929,MFS37,LARGE_DISTRIBUTION,medium
LC7763,MFS37 Raster Logistics R67,139.1029,36.0162,MFS37,LARGE_DISTRIBUTION,medium
LC7764,MFS37 Raster Logistics R69,139.0962,36.0187,MFS37,LARGE_DISTRIBUTION,medium
LC7765,MFS37 Raster Logistics R71,139.0754,36.0112,MFS37,LOGISTICS_HUB,medium
LC7766,MFS37 Raster Logistics R73,139.0879,36.0012,MFS37,MEDIUM_WAREHOUSE,medium
LC7767,MFS37 Raster Logistics R75,139.0604,36.0587,MFS37,MEDIUM_WAREHOUSE,medium
LC7768,MFS37 Raster Logistics R77,139.0796,35.9837,MFS37,MEDIUM_WAREHOUSE,medium
LC7769,MFS37 Raster Logistics R79,139.1088,36.0187,MFS37,LARGE_DISTRIBUTION,medium
LC7770,MFS37 Raster Logistics R81,139.0737,35.9937,MFS37,MEDIUM_WAREHOUSE,medium
LC7771,MFS37 Raster Logistics R83,139.0788,35.9846,MFS37,LOGISTICS_HUB,medium
LC7772,MFS37 Raster Logistics R85,139.1779,36.0421,MFS37,LOGISTICS_HUB,medium
LC7773,MFS37 Raster Logistics R87,139.0871,36.0171,MFS37,LOGISTICS_HUB,medium
LC7774,MFS37 Raster Logistics R89,139.0637,35.9687,MFS37,LOGISTICS_HUB,medium
LC7775,MFS37 Raster Logistics R91,139.0163,36.0404,MFS37,LOGISTICS_HUB,medium
LC7776,MFS37 Raster Logistics R93,139.0654,35.9829,MFS37,LOGISTICS_HUB,medium
LC7777,MFS37 Raster Logistics R95,139.0071,36.0237,MFS37,LARGE_DISTRIBUTION,medium
LC7778,MFS37 Raster Logistics R97,139.0404,36.0079,MFS37,LARGE_DISTRIBUTION,medium
LC7779,MFS37 Raster Logistics R99,139.0838,35.9946,MFS37,LOGISTICS_HUB,medium
LC7780,MFS38 Raster Logistics R1,140.1354,35.6387,MFS38,LARGE_DISTRIBUTION,medium
LC7781,MFS38 Raster Logistics R3,140.0863,35.5754,MFS38,MEDIUM_WAREHOUSE,medium
LC7782,MFS38 Raster Logistics R5,140.1521,35.6312,MFS38,LARGE_DISTRIBUTION,medium
LC7783,MFS38 Raster Logistics R7,140.1571,35.6429,MFS38,LOGISTICS_HUB,medium
LC7784,MFS38 Raster Logistics R9,140.0888,35.6096,MFS38,MEDIUM_WAREHOUSE,medium
LC7785,MFS38 Raster Logistics R11,140.1037,35.6104,MFS38,LOGISTICS_HUB,medium
LC7786,MFS38 Raster Logistics R13,140.1321,35.5921,MFS38,MEDIUM_WAREHOUSE,medium
LC7787,MFS38 Raster Logistics R15,140.1438,35.6437,MFS38,LOGISTICS_HUB,medium
LC7788,MFS38 Raster Logistics R17,140.1029,35.6254,MFS38,MEDIUM_WAREHOUSE,medium
LC7789,MFS38 Raster Logistics R19,140.1621,35.6012,MFS38,MEDIUM_WAREHOUSE,medium
LC7790,MFS38 Raster Logistics R21,140.1104,35.6096,MFS38,MEDIUM_WAREHOUSE,medium
LC7791,MFS38 Raster Logistics R23,140.1163,35.5712,MFS38,LOGISTICS_HUB,medium
LC7792,MFS38 Raster Logistics R25,140.1479,35.5887,MFS38,MEDIUM_WAREHOUSE,medium
LC7793,MFS38 Raster Logistics R27,140.0796,35.6079,MFS38,MEDIUM_WAREHOUSE,medium
LC7794,MFS38 Raster Logistics R29,140.1163,35.6296,MFS38,LOGISTICS_HUB,medium
LC7795,MFS38 Raster Logistics R31,140.1246,35.5737,MFS38,MEDIUM_WAREHOUSE,medium
LC7796,MFS38 Raster Logistics R33,140.1346,35.6137,MFS38,LOGISTICS_HUB,medium
LC7797,MFS38 Raster Logistics R35,140.0796,35.6171,MFS38,LOGISTICS_HUB,medium
LC7798,MFS38 Raster Logistics R37,140.0938,35.6187,MFS38,MEDIUM_WAREHOUSE,medium
LC7799,MFS38 Raster Logistics R39,140.1571,35.5879,MFS38,LOGISTICS_HUB,medium
LC7800,MFS38 Raster Logistics R41,140.0904,35.6121,MFS38,LOGISTICS_HUB,medium
LC7801,MFS38 Raster Logistics R43,140.1287,35.6529,MFS38,LOGISTICS_HUB,medium
LC7802,MFS38 Raster Logistics R45,140.1179,35.6354,MFS38,LOGISTICS_HUB,medium
LC7803,MFS38 Raster Logistics R47,140.0913,35.6204,MFS38,LOGISTICS_HUB,medium
LC7804,MFS38 Raster Logistics R49,140.1579,35.5871,MFS38,MEDIUM_WAREHOUSE,medium
LC7805,MFS38 Raster Logistics R51,140.1396,35.6062,MFS38,LARGE_DISTRIBUTION,medium
LC7806,MFS38 Raster Logistics R53,140.1329,35.6229,MFS38,LARGE_DISTRIBUTION,medium
LC7807,MFS38 Raster Logistics R55,140.0946,35.6237,MFS38,MEDIUM_WAREHOUSE,medium
LC7808,MFS38 Raster Logistics R57,140.0962,35.6404,MFS38,LOGISTICS_HUB,medium
LC7809,MFS38 Raster Logistics R59,140.1088,35.6179,MFS38,LOGISTICS_HUB,medium
LC7810,MFS38 Raster Logistics R61,140.1379,35.6179,MFS38,MEDIUM_WAREHOUSE,medium
LC7811,MFS38 Raster Logistics R63,140.1213,35.6346,MFS38,LOGISTICS_HUB,medium
LC7812,MFS38 Raster Logistics R65,140.0829,35.6162,MFS38,LARGE_DISTRIBUTION,medium
LC7813,MFS38 Raster Logistics R67,140.1471,35.5979,MFS38,LARGE_DISTRIBUTION,medium
LC7814,MFS38 Raster Logistics R69,140.1037,35.5996,MFS38,LOGISTICS_HUB,medium
LC7815,MFS38 Raster Logistics R71,140.1513,35.6346,MFS38,MEDIUM_WAREHOUSE,medium
LC7816,MFS38 Raster Logistics R73,140.1196,35.6012,MFS38,MEDIUM_WAREHOUSE,medium
LC7817,MFS38 Raster Logistics R75,140.1062,35.6412,MFS38,LOGISTICS_HUB,medium
LC7818,MFS38 Raster Logistics R77,140.1121,35.6187,MFS38,LARGE_DISTRIBUTION,medium
LC7819,MFS38 Raster Logistics R79,140.1371,35.6462,MFS38,MEDIUM_WAREHOUSE,medium
LC7820,MFS38 Raster Logistics R81,140.0838,35.6304,MFS38,MEDIUM_WAREHOUSE,medium
LC7821,MFS38 Raster Logistics R83,140.1579,35.6421,MFS38,MEDIUM_WAREHOUSE,medium
LC7822,MFS38 Raster Logistics R85,140.0946,35.5804,MFS38,LOGISTICS_HUB,medium
LC7823,MFS38 Raster Logistics R87,140.0921,35.5729,MFS38,MEDIUM_WAREHOUSE,medium
LC7824,MFS38 Raster Logistics R89,140.1321,35.6029,MFS38,LOGISTICS_HUB,medium
LC7825,MFS38 Raster Logistics R91,140.1596,35.5954,MFS38,MEDIUM_WAREHOUSE,medium
LC7826,MFS38 Raster Logistics R93,140.1413,35.6096,MFS38,LOGISTICS_HUB,medium
LC7827,MFS38 Raster Logistics R95,140.1438,35.5896,MFS38,MEDIUM_WAREHOUSE,medium
LC7828,MFS38 Raster Logistics R97,140.1246,35.6254,MFS38,LARGE_DISTRIBUTION,medium
LC7829,MFS38 Raster Logistics R99,140.0804,35.6221,MFS38,LARGE_DISTRIBUTION,medium
LC7830,MFS40 Raster Logistics R1,139.9771,35.8279,MFS40,LOGISTICS_HUB,medium
LC7831,MFS40 Raster Logistics R3,139.9754,35.8121,MFS40,LOGISTICS_HUB,medium
LC7832,MFS40 Raster Logistics R5,139.9271,35.8654,MFS40,MEDIUM_WAREHOUSE,medium
LC7833,MFS40 Raster Logistics R7,139.9313,35.8729,MFS40,MEDIUM_WAREHOUSE,medium
LC7834,MFS40 Raster Logistics R9,139.9329,35.8312,MFS40,LOGISTICS_HUB,medium
LC7835,MFS40 Raster Logistics R11,139.9904,35.8271,MFS40,LOGISTICS_HUB,medium
LC7836,MFS40 Raster Logistics R13,139.9462,35.8721,MFS40,LOGISTICS_HUB,medium
LC7837,MFS40 Raster Logistics R15,139.9137,35.8146,MFS40,LOGISTICS_HUB,medium
LC7838,MFS40 Raster Logistics R17,139.9938,35.8554,MFS40,LOGISTICS_HUB,medium
LC7839,MFS40 Raster Logistics R19,139.9346,35.8737,MFS40,LARGE_DISTRIBUTION,medium
LC7840,MFS40 Raster Logistics R21,139.9762,35.8571,MFS40,LARGE_DISTRIBUTION,medium
LC7841,MFS40 Raster Logistics R23,139.9504,35.8837,MFS40,LOGISTICS_HUB,medium
LC7842,MFS40 Raster Logistics R25,139.9346,35.8046,MFS40,LOGISTICS_HUB,medium
LC7843,MFS40 Raster Logistics R27,139.9888,35.8596,MFS40,LOGISTICS_HUB,medium
LC7844,MFS40 Raster Logistics R29,139.9737,35.8371,MFS40,LARGE_DISTRIBUTION,medium
LC7845,MFS40 Raster Logistics R31,139.9829,35.8512,MFS40,MEDIUM_WAREHOUSE,medium
LC7846,MFS40 Raster Logistics R33,139.9263,35.7996,MFS40,MEDIUM_WAREHOUSE,medium
LC7847,MFS40 Raster Logistics R35,139.9496,35.8346,MFS40,LOGISTICS_HUB,medium
LC7848,MFS40 Raster Logistics R37,139.9504,35.8246,MFS40,LOGISTICS_HUB,medium
LC7849,MFS40 Raster Logistics R39,139.9762,35.8371,MFS40,LARGE_DISTRIBUTION,medium
LC7850,MFS40 Raster Logistics R41,139.9679,35.8387,MFS40,MEDIUM_WAREHOUSE,medium
LC7851,MFS40 Raster Logistics R43,139.9521,35.8446,MFS40,LARGE_DISTRIBUTION,medium
LC7852,MFS40 Raster Logistics R45,139.9563,35.8587,MFS40,LARGE_DISTRIBUTION,medium
LC7853,MFS40 Raster Logistics R47,139.9404,35.8271,MFS40,MEDIUM_WAREHOUSE,medium
LC7854,MFS40 Raster Logistics R49,139.9946,35.8279,MFS40,LARGE_DISTRIBUTION,medium
LC7855,MFS40 Raster Logistics R51,139.9863,35.8546,MFS40,LOGISTICS_HUB,medium
LC7856,MFS40 Raster Logistics R53,139.9512,35.8662,MFS40,MEDIUM_WAREHOUSE,medium
LC7857,MFS40 Raster Logistics R55,139.9821,35.8087,MFS40,LARGE_DISTRIBUTION,medium
LC7858,MFS40 Raster Logistics R57,139.9888,35.8612,MFS40,LARGE_DISTRIBUTION,medium
LC7859,MFS40 Raster Logistics R59,139.9379,35.8346,MFS40,LOGISTICS_HUB,medium
LC7860,MFS40 Raster Logistics R61,139.9329,35.8537,MFS40,MEDIUM_WAREHOUSE,medium
LC7861,MFS40 Raster Logistics R63,139.9863,35.8271,MFS40,LARGE_DISTRIBUTION,medium
LC7862,MFS40 Raster Logistics R65,139.9571,35.8521,MFS40,MEDIUM_WAREHOUSE,medium
LC7863,MFS40 Raster Logistics R67,139.9663,35.8446,MFS40,MEDIUM_WAREHOUSE,medium
LC7864,MFS40 Raster Logistics R69,139.9871,35.8337,MFS40,MEDIUM_WAREHOUSE,medium
LC7865,MFS40 Raster Logistics R71,139.9279,35.8471,MFS40,LOGISTICS_HUB,medium
LC7866,MFS40 Raster Logistics R73,139.9462,35.8396,MFS40,LARGE_DISTRIBUTION,medium
LC7867,MFS40 Raster Logistics R75,139.9696,35.8237,MFS40,LARGE_DISTRIBUTION,medium
LC7868,MFS40 Raster Logistics R77,139.9821,35.8079,MFS40,MEDIUM_WAREHOUSE,medium
LC7869,MFS40 Raster Logistics R79,139.9229,35.8687,MFS40,MEDIUM_WAREHOUSE,medium
LC7870,MFS40 Raster Logistics R81,139.9196,35.8204,MFS40,LOGISTICS_HUB,medium
LC7871,MFS40 Raster Logistics R83,139.9796,35.8137,MFS40,LARGE_DISTRIBUTION,medium
LC7872,MFS40 Raster Logistics R85,139.9187,35.8204,MFS40,MEDIUM_WAREHOUSE,medium
LC7873,MFS40 Raster Logistics R87,139.9154,35.8296,MFS40,LARGE_DISTRIBUTION,medium
LC7874,MFS40 Raster Logistics R89,139.9654,35.8721,MFS40,MEDIUM_WAREHOUSE,medium
LC7875,MFS40 Raster Logistics R91,139.9429,35.8321,MFS40,LOGISTICS_HUB,medium
LC7876,MFS40 Raster Logistics R93,139.9737,35.8037,MFS40,MEDIUM_WAREHOUSE,medium
LC7877,MFS40 Raster Logistics R95,139.9554,35.8604,MFS40,MEDIUM_WAREHOUSE,medium
LC7878,MFS40 Raster Logistics R97,139.9521,35.8596,MFS40,LARGE_DISTRIBUTION,medium
LC7879,MFS40 Raster Logistics R99,139.9271,35.8362,MFS40,MEDIUM_WAREHOUSE,medium
LC7880,MFS41 Raster Logistics R1,139.8829,35.9279,MFS41,LARGE_DISTRIBUTION,medium
LC7881,MFS41 Raster Logistics R3,139.9104,35.9146,MFS41,LARGE_DISTRIBUTION,medium
LC7882,MFS41 Raster Logistics R5,139.8713,35.9504,MFS41,LOGISTICS_HUB,medium
LC7883,MFS41 Raster Logistics R7,139.8846,35.9246,MFS41,MEDIUM_WAREHOUSE,medium
LC7884,MFS41 Raster Logistics R9,139.8646,35.9421,MFS41,LOGISTICS_HUB,medium
LC7885,MFS41 Raster Logistics R11,139.8896,35.9354,MFS41,LOGISTICS_HUB,medium
LC7886,MFS41 Raster Logistics R13,139.8862,35.9429,MFS41,MEDIUM_WAREHOUSE,medium
LC7887,MFS41 Raster Logistics R15,139.8821,35.9129,MFS41,LOGISTICS_HUB,medium
LC7888,MFS41 Raster Logistics R17,139.8904,35.9221,MFS41,LARGE_DISTRIBUTION,medium
LC7889,MFS41 Raster Logistics R19,139.8596,35.9587,MFS41,LOGISTICS_HUB,medium
LC7890,MFS41 Raster Logistics R21,139.9021,35.9362,MFS41,LARGE_DISTRIBUTION,medium
LC7891,MFS41 Raster Logistics R23,139.9021,35.9646,MFS41,MEDIUM_WAREHOUSE,medium
LC7892,MFS41 Raster Logistics R25,139.8771,35.9379,MFS41,LARGE_DISTRIBUTION,medium
LC7893,MFS41 Raster Logistics R27,139.8996,35.9254,MFS41,LOGISTICS_HUB,medium
LC7894,MFS41 Raster Logistics R29,139.9271,35.9362,MFS41,MEDIUM_WAREHOUSE,medium
LC7895,MFS41 Raster Logistics R31,139.8913,35.9887,MFS41,LOGISTICS_HUB,medium
LC7896,MFS41 Raster Logistics R33,139.8879,35.9221,MFS41,MEDIUM_WAREHOUSE,medium
LC7897,MFS41 Raster Logistics R35,139.9221,35.9371,MFS41,MEDIUM_WAREHOUSE,medium
LC7898,MFS41 Raster Logistics R37,139.9054,35.9287,MFS41,LARGE_DISTRIBUTION,medium
LC7899,MFS41 Raster Logistics R39,139.9146,35.9321,MFS41,MEDIUM_WAREHOUSE,medium
LC7900,MFS41 Raster Logistics R41,139.8596,35.9446,MFS41,LARGE_DISTRIBUTION,medium
LC7901,MFS41 Raster Logistics R43,139.8638,35.9546,MFS41,LARGE_DISTRIBUTION,medium
LC7902,MFS41 Raster Logistics R45,139.8796,35.9662,MFS41,MEDIUM_WAREHOUSE,medium
LC7903,MFS41 Raster Logistics R47,139.8846,35.9404,MFS41,LOGISTICS_HUB,medium
LC7904,MFS41 Raster Logistics R49,139.8887,35.9404,MFS41,LARGE_DISTRIBUTION,medium
LC7905,MFS41 Raster Logistics R51,139.8679,35.9562,MFS41,LOGISTICS_HUB,medium
LC7906,MFS41 Raster Logistics R53,139.9004,35.9104,MFS41,LARGE_DISTRIBUTION,medium
LC7907,MFS41 Raster Logistics R55,139.8762,35.9412,MFS41,MEDIUM_WAREHOUSE,medium
LC7908,MFS41 Raster Logistics R57,139.8604,35.9612,MFS41,LARGE_DISTRIBUTION,medium
LC7909,MFS41 Raster Logistics R59,139.9196,35.9562,MFS41,LOGISTICS_HUB,medium
LC7910,MFS41 Raster Logistics R61,139.8629,35.9762,MFS41,LOGISTICS_HUB,medium
LC7911,MFS41 Raster Logistics R63,139.8921,35.9204,MFS41,LOGISTICS_HUB,medium
LC7912,MFS41 Raster Logistics R65,139.9038,35.9404,MFS41,LARGE_DISTRIBUTION,medium
LC7913,MFS41 Raster Logistics R67,139.9079,35.9254,MFS41,LOGISTICS_HUB,medium
LC7914,MFS41 Raster Logistics R69,139.8613,35.9446,MFS41,LOGISTICS_HUB,medium
LC7915,MFS41 Raster Logistics R71,139.8979,35.9212,MFS41,LOGISTICS_HUB,medium
LC7916,MFS41 Raster Logistics R73,139.9046,35.9371,MFS41,LOGISTICS_HUB,medium
LC7917,MFS41 Raster Logistics R75,139.8846,35.9296,MFS41,LARGE_DISTRIBUTION,medium
LC7918,MFS41 Raster Logistics R77,139.8787,35.9671,MFS41,LOGISTICS_HUB,medium
LC7919,MFS41 Raster Logistics R79,139.8946,35.9262,MFS41,LOGISTICS_HUB,medium
LC7920,MFS41 Raster Logistics R81,139.8837,35.9262,MFS41,LOGISTICS_HUB,medium
LC7921,MFS41 Raster Logistics R83,139.8887,35.9387,MFS41,MEDIUM_WAREHOUSE,medium
LC7922,MFS41 Raster Logistics R85,139.8638,35.9504,MFS41,LARGE_DISTRIBUTION,medium
LC7923,MFS41 Raster Logistics R87,139.9263,35.9287,MFS41,LARGE_DISTRIBUTION,medium
LC7924,MFS41 Raster Logistics R89,139.9171,35.9287,MFS41,MEDIUM_WAREHOUSE,medium
LC7925,MFS41 Raster Logistics R91,139.8996,35.9321,MFS41,LOGISTICS_HUB,medium
LC7926,MFS41 Raster Logistics R93,139.8679,35.9421,MFS41,LARGE_DISTRIBUTION,medium
LC7927,MFS41 Raster Logistics R95,139.9096,35.9579,MFS41,MEDIUM_WAREHOUSE,medium
LC7928,MFS41 Raster Logistics R97,139.8762,35.9437,MFS41,LOGISTICS_HUB,medium
LC7929,MFS41 Raster Logistics R99,139.9196,35.9421,MFS41,LOGISTICS_HUB,medium
LC7930,MFS42 Raster Logistics R1,140.1171,35.6854,MFS42,MEDIUM_WAREHOUSE,medium
LC7931,MFS42 Raster Logistics R3,140.1896,35.6912,MFS42,LARGE_DISTRIBUTION,medium
LC7932,MFS42 Raster Logistics R5,140.1213,35.7412,MFS42,LOGISTICS_HUB,medium
LC7933,MFS42 Raster Logistics R7,140.1254,35.6796,MFS42,LOGISTICS_HUB,medium
LC7934,MFS42 Raster Logistics R9,140.1771,35.6846,MFS42,MEDIUM_WAREHOUSE,medium
LC7935,MFS42 Raster Logistics R11,140.1113,35.6829,MFS42,MEDIUM_WAREHOUSE,medium
LC7936,MFS42 Raster Logistics R13,140.1254,35.6737,MFS42,LOGISTICS_HUB,medium
LC7937,MFS42 Raster Logistics R15,140.1246,35.7304,MFS42,LARGE_DISTRIBUTION,medium
LC7938,MFS42 Raster Logistics R17,140.1696,35.6712,MFS42,MEDIUM_WAREHOUSE,medium
LC7939,MFS42 Raster Logistics R19,140.1404,35.7521,MFS42,MEDIUM_WAREHOUSE,medium
LC7940,MFS42 Raster Logistics R21,140.1096,35.6921,MFS42,MEDIUM_WAREHOUSE,medium
LC7941,MFS42 Raster Logistics R23,140.1029,35.7037,MFS42,LOGISTICS_HUB,medium
LC7942,MFS42 Raster Logistics R25,140.1062,35.6912,MFS42,LOGISTICS_HUB,medium
LC7943,MFS42 Raster Logistics R27,140.1946,35.6912,MFS42,MEDIUM_WAREHOUSE,medium
LC7944,MFS42 Raster Logistics R29,140.1838,35.6929,MFS42,MEDIUM_WAREHOUSE,medium
LC7945,MFS42 Raster Logistics R31,140.1763,35.6837,MFS42,LARGE_DISTRIBUTION,medium
LC7946,MFS42 Raster Logistics R33,140.1179,35.7362,MFS42,LARGE_DISTRIBUTION,medium
LC7947,MFS42 Raster Logistics R35,140.1121,35.6987,MFS42,MEDIUM_WAREHOUSE,medium
LC7948,MFS42 Raster Logistics R37,140.1354,35.6704,MFS42,MEDIUM_WAREHOUSE,medium
LC7949,MFS42 Raster Logistics R39,140.1396,35.7062,MFS42,MEDIUM_WAREHOUSE,medium
LC7950,MFS42 Raster Logistics R41,140.1796,35.7304,MFS42,MEDIUM_WAREHOUSE,medium
LC7951,MFS42 Raster Logistics R43,140.1504,35.7362,MFS42,MEDIUM_WAREHOUSE,medium
LC7952,MFS42 Raster Logistics R45,140.0971,35.7021,MFS42,LARGE_DISTRIBUTION,medium
LC7953,MFS42 Raster Logistics R47,140.1896,35.7279,MFS42,LOGISTICS_HUB,medium
LC7954,MFS42 Raster Logistics R49,140.1321,35.7112,MFS42,LARGE_DISTRIBUTION,medium
LC7955,MFS42 Raster Logistics R51,140.1154,35.7162,MFS42,LARGE_DISTRIBUTION,medium
LC7956,MFS42 Raster Logistics R53,140.1454,35.7329,MFS42,LARGE_DISTRIBUTION,medium
LC7957,MFS42 Raster Logistics R55,140.1246,35.7596,MFS42,LOGISTICS_HUB,medium
LC7958,MFS42 Raster Logistics R57,140.0979,35.7496,MFS42,LARGE_DISTRIBUTION,medium
LC7959,MFS42 Raster Logistics R59,140.1046,35.7304,MFS42,LOGISTICS_HUB,medium
LC7960,MFS42 Raster Logistics R61,140.1621,35.6679,MFS42,MEDIUM_WAREHOUSE,medium
LC7961,MFS42 Raster Logistics R63,140.1062,35.7462,MFS42,LOGISTICS_HUB,medium
LC7962,MFS42 Raster Logistics R65,140.1396,35.7229,MFS42,LARGE_DISTRIBUTION,medium
LC7963,MFS42 Raster Logistics R67,140.1246,35.7129,MFS42,MEDIUM_WAREHOUSE,medium
LC7964,MFS42 Raster Logistics R69,140.1371,35.7321,MFS42,MEDIUM_WAREHOUSE,medium
LC7965,MFS42 Raster Logistics R71,140.0962,35.7296,MFS42,MEDIUM_WAREHOUSE,medium
LC7966,MFS42 Raster Logistics R73,140.1513,35.6987,MFS42,LOGISTICS_HUB,medium
LC7967,MFS42 Raster Logistics R75,140.1813,35.7196,MFS42,LOGISTICS_HUB,medium
LC7968,MFS42 Raster Logistics R77,140.1421,35.7204,MFS42,LARGE_DISTRIBUTION,medium
LC7969,MFS42 Raster Logistics R79,140.1621,35.6721,MFS42,LARGE_DISTRIBUTION,medium
LC7970,MFS42 Raster Logistics R81,140.1413,35.7179,MFS42,LARGE_DISTRIBUTION,medium
LC7971,MFS42 Raster Logistics R83,140.1271,35.6887,MFS42,LARGE_DISTRIBUTION,medium
LC7972,MFS42 Raster Logistics R85,140.1071,35.7179,MFS42,MEDIUM_WAREHOUSE,medium
LC7973,MFS42 Raster Logistics R87,140.1771,35.6862,MFS42,MEDIUM_WAREHOUSE,medium
LC7974,MFS42 Raster Logistics R89,140.1912,35.7146,MFS42,MEDIUM_WAREHOUSE,medium
LC7975,MFS42 Raster Logistics R91,140.1946,35.6829,MFS42,MEDIUM_WAREHOUSE,medium
LC7976,MFS42 Raster Logistics R93,140.1188,35.6737,MFS42,MEDIUM_WAREHOUSE,medium
LC7977,MFS42 Raster Logistics R95,140.1446,35.6762,MFS42,MEDIUM_WAREHOUSE,medium
LC7978,MFS42 Raster Logistics R97,140.1262,35.7271,MFS42,LARGE_DISTRIBUTION,medium
LC7979,MFS42 Raster Logistics R99,140.1138,35.7129,MFS42,MEDIUM_WAREHOUSE,medium
LC7980,MFS44 Raster Logistics R1,140.0704,35.6404,MFS44,LARGE_DISTRIBUTION,medium
LC7981,MFS44 Raster Logistics R3,140.0813,35.6187,MFS44,LOGISTICS_HUB,medium
LC7982,MFS44 Raster Logistics R5,140.1088,35.6112,MFS44,LARGE_DISTRIBUTION,medium
LC7983,MFS44 Raster Logistics R7,140.1037,35.5754,MFS44,LARGE_DISTRIBUTION,medium
LC7984,MFS44 Raster Logistics R9,140.0938,35.6296,MFS44,LARGE_DISTRIBUTION,medium
LC7985,MFS44 Raster Logistics R11,140.092691,35.585405,MFS44,MEDIUM_WAREHOUSE,medium
LC7986,MFS44 Raster Logistics R13,140.0871,35.6454,MFS44,MEDIUM_WAREHOUSE,medium
LC7987,MFS44 Raster Logistics R15,140.0662,35.6396,MFS44,MEDIUM_WAREHOUSE,medium
LC7988,MFS44 Raster Logistics R17,140.0729,35.6287,MFS44,LOGISTICS_HUB,medium
LC7989,MFS44 Raster Logistics R19,140.0829,35.6504,MFS44,MEDIUM_WAREHOUSE,medium
LC7990,MFS44 Raster Logistics R21,140.0946,35.6129,MFS44,LARGE_DISTRIBUTION,medium
LC7991,MFS44 Raster Logistics R23,140.0896,35.6296,MFS44,LARGE_DISTRIBUTION,medium
LC7992,MFS44 Raster Logistics R25,140.1138,35.6162,MFS44,LOGISTICS_HUB,medium
LC7993,MFS44 Raster Logistics R27,140.0538,35.6621,MFS44,MEDIUM_WAREHOUSE,medium
LC7994,MFS44 Raster Logistics R29,140.0604,35.6204,MFS44,MEDIUM_WAREHOUSE,medium
LC7995,MFS44 Raster Logistics R31,140.0929,35.6154,MFS44,LOGISTICS_HUB,medium
LC7996,MFS44 Raster Logistics R33,140.0279,35.6554,MFS44,LOGISTICS_HUB,medium
LC7997,MFS44 Raster Logistics R35,140.0554,35.6546,MFS44,LARGE_DISTRIBUTION,medium
LC7998,MFS44 Raster Logistics R37,140.1012,35.6371,MFS44,LOGISTICS_HUB,medium
LC7999,MFS44 Raster Logistics R39,140.1071,35.6371,MFS44,LOGISTICS_HUB,medium
LC8000,MFS44 Raster Logistics R41,140.0804,35.6062,MFS44,MEDIUM_WAREHOUSE,medium
LC8001,MFS44 Raster Logistics R43,140.0571,35.6262,MFS44,LOGISTICS_HUB,medium
LC8002,MFS44 Raster Logistics R45,140.0396,35.6437,MFS44,LOGISTICS_HUB,medium
LC8003,MFS44 Raster Logistics R47,140.0721,35.6487,MFS44,MEDIUM_WAREHOUSE,medium
LC8004,MFS44 Raster Logistics R49,140.0921,35.6179,MFS44,MEDIUM_WAREHOUSE,medium
LC8005,MFS44 Raster Logistics R51,140.0896,35.6129,MFS44,LOGISTICS_HUB,medium
LC8006,MFS44 Raster Logistics R53,140.0888,35.6521,MFS44,MEDIUM_WAREHOUSE,medium
LC8007,MFS44 Raster Logistics R55,140.0637,35.6487,MFS44,MEDIUM_WAREHOUSE,medium
LC8008,MFS44 Raster Logistics R57,140.0996,35.5804,MFS44,LOGISTICS_HUB,medium
LC8009,MFS44 Raster Logistics R59,140.0504,35.6396,MFS44,LOGISTICS_HUB,medium
LC8010,MFS44 Raster Logistics R61,140.0729,35.6571,MFS44,LOGISTICS_HUB,medium
LC8011,MFS44 Raster Logistics R63,140.0921,35.6571,MFS44,MEDIUM_WAREHOUSE,medium
LC8012,MFS44 Raster Logistics R65,140.0471,35.6629,MFS44,LOGISTICS_HUB,medium
LC8013,MFS44 Raster Logistics R67,140.0996,35.6137,MFS44,MEDIUM_WAREHOUSE,medium
LC8014,MFS44 Raster Logistics R69,140.1021,35.5762,MFS44,MEDIUM_WAREHOUSE,medium
LC8015,MFS44 Raster Logistics R71,140.0987,35.6137,MFS44,LOGISTICS_HUB,medium
LC8016,MFS44 Raster Logistics R73,140.1121,35.6037,MFS44,LARGE_DISTRIBUTION,medium
LC8017,MFS44 Raster Logistics R75,140.0312,35.6479,MFS44,MEDIUM_WAREHOUSE,medium
LC8018,MFS44 Raster Logistics R77,140.0621,35.6629,MFS44,LARGE_DISTRIBUTION,medium
LC8019,MFS44 Raster Logistics R79,140.094367,35.606211,MFS44,LARGE_DISTRIBUTION,medium
LC8020,MFS44 Raster Logistics R81,140.0987,35.6237,MFS44,LOGISTICS_HUB,medium
LC8021,MFS44 Raster Logistics R83,140.0938,35.5729,MFS44,LOGISTICS_HUB,medium
LC8022,MFS44 Raster Logistics R85,140.0346,35.6596,MFS44,LOGISTICS_HUB,medium
LC8023,MFS44 Raster Logistics R87,140.0646,35.6637,MFS44,LOGISTICS_HUB,medium
LC8024,MFS44 Raster Logistics R89,140.0954,35.6312,MFS44,LARGE_DISTRIBUTION,medium
LC8025,MFS44 Raster Logistics R91,140.0362,35.6554,MFS44,LOGISTICS_HUB,medium
LC8026,MFS44 Raster Logistics R93,140.1046,35.6154,MFS44,LOGISTICS_HUB,medium
LC8027,MFS44 Raster Logistics R95,140.0813,35.6204,MFS44,MEDIUM_WAREHOUSE,medium
LC8028,MFS44 Raster Logistics R97,140.1138,35.6054,MFS44,LARGE_DISTRIBUTION,medium
LC8029,MFS44 Raster Logistics R99,140.1079,35.6462,MFS44,LOGISTICS_HUB,medium
LC8030,MFS45 Raster Logistics R1,140.2738,35.4446,MFS45,MEDIUM_WAREHOUSE,medium
LC8031,MFS45 Raster Logistics R3,140.2463,35.2779,MFS45,LOGISTICS_HUB,medium
LC8032,MFS45 Raster Logistics R5,140.3237,35.3004,MFS45,LARGE_DISTRIBUTION,medium
LC8033,MFS45 Raster Logistics R7,140.2496,35.4021,MFS45,LOGISTICS_HUB,medium
LC8034,MFS45 Raster Logistics R9,140.1838,35.3696,MFS45,MEDIUM_WAREHOUSE,medium
LC8035,MFS45 Raster Logistics R11,140.2579,35.4404,MFS45,MEDIUM_WAREHOUSE,medium
LC8036,MFS45 Raster Logistics R13,140.3396,35.3879,MFS45,LOGISTICS_HUB,medium
LC8037,MFS45 Raster Logistics R15,140.3096,35.2829,MFS45,MEDIUM_WAREHOUSE,medium
LC8038,MFS45 Raster Logistics R17,140.3754,35.3279,MFS45,MEDIUM_WAREHOUSE,medium
LC8039,MFS45 Raster Logistics R19,140.1379,35.3979,MFS45,LOGISTICS_HUB,medium
LC8040,MFS45 Raster Logistics R21,140.3546,35.3829,MFS45,LOGISTICS_HUB,medium
LC8041,MFS45 Raster Logistics R23,140.3346,35.4154,MFS45,LOGISTICS_HUB,medium
LC8042,MFS45 Raster Logistics R25,140.2479,35.3787,MFS45,MEDIUM_WAREHOUSE,medium
LC8043,MFS45 Raster Logistics R27,140.3346,35.4396,MFS45,MEDIUM_WAREHOUSE,medium
LC8044,MFS45 Raster Logistics R29,140.1704,35.2354,MFS45,LOGISTICS_HUB,medium
LC8045,MFS45 Raster Logistics R31,140.3629,35.3721,MFS45,LOGISTICS_HUB,medium
LC8046,MFS45 Raster Logistics R33,140.3521,35.3012,MFS45,MEDIUM_WAREHOUSE,medium
LC8047,MFS45 Raster Logistics R35,140.2504,35.2996,MFS45,LARGE_DISTRIBUTION,medium
LC8048,MFS45 Raster Logistics R37,140.3096,35.4396,MFS45,LOGISTICS_HUB,medium
LC8049,MFS45 Raster Logistics R39,140.3129,35.4212,MFS45,LOGISTICS_HUB,medium
LC8050,MFS45 Raster Logistics R41,140.3154,35.4379,MFS45,LARGE_DISTRIBUTION,medium
LC8051,MFS45 Raster Logistics R43,140.3629,35.4412,MFS45,LARGE_DISTRIBUTION,medium
LC8052,MFS45 Raster Logistics R45,140.3596,35.3787,MFS45,MEDIUM_WAREHOUSE,medium
LC8053,MFS45 Raster Logistics R47,140.3046,35.3437,MFS45,MEDIUM_WAREHOUSE,medium
LC8054,MFS45 Raster Logistics R49,140.3846,35.4021,MFS45,LOGISTICS_HUB,medium
LC8055,MFS45 Raster Logistics R51,140.3596,35.4087,MFS45,MEDIUM_WAREHOUSE,medium
LC8056,MFS45 Raster Logistics R53,140.2963,35.4287,MFS45,LOGISTICS_HUB,medium
LC8057,MFS45 Raster Logistics R55,140.3038,35.4296,MFS45,LARGE_DISTRIBUTION,medium
LC8058,MFS45 Raster Logistics R57,140.3829,35.3112,MFS45,LARGE_DISTRIBUTION,medium
LC8059,MFS45 Raster Logistics R59,140.2363,35.3637,MFS45,LOGISTICS_HUB,medium
LC8060,MFS45 Raster Logistics R61,140.3779,35.4254,MFS45,LARGE_DISTRIBUTION,medium
LC8061,MFS45 Raster Logistics R63,140.1904,35.4737,MFS45,LARGE_DISTRIBUTION,medium
LC8062,MFS45 Raster Logistics R65,140.3796,35.3779,MFS45,LOGISTICS_HUB,medium
LC8063,MFS45 Raster Logistics R67,140.3046,35.4204,MFS45,MEDIUM_WAREHOUSE,medium
LC8064,MFS45 Raster Logistics R69,140.2946,35.4179,MFS45,MEDIUM_WAREHOUSE,medium
LC8065,MFS45 Raster Logistics R71,140.3646,35.3712,MFS45,MEDIUM_WAREHOUSE,medium
LC8066,MFS45 Raster Logistics R73,140.3212,35.4021,MFS45,LOGISTICS_HUB,medium
LC8067,MFS45 Raster Logistics R75,140.3079,35.4554,MFS45,MEDIUM_WAREHOUSE,medium
LC8068,MFS45 Raster Logistics R77,140.2979,35.4271,MFS45,LOGISTICS_HUB,medium
LC8069,MFS45 Raster Logistics R79,140.2254,35.3729,MFS45,LARGE_DISTRIBUTION,medium
LC8070,MFS45 Raster Logistics R81,140.2621,35.4487,MFS45,LARGE_DISTRIBUTION,medium
LC8071,MFS45 Raster Logistics R83,140.1579,35.4346,MFS45,MEDIUM_WAREHOUSE,medium
LC8072,MFS45 Raster Logistics R85,140.3554,35.3846,MFS45,MEDIUM_WAREHOUSE,medium
LC8073,MFS45 Raster Logistics R87,140.1479,35.3879,MFS45,LOGISTICS_HUB,medium
LC8074,MFS45 Raster Logistics R89,140.1238,35.3954,MFS45,MEDIUM_WAREHOUSE,medium
LC8075,MFS45 Raster Logistics R91,140.3279,35.3037,MFS45,LARGE_DISTRIBUTION,medium
LC8076,MFS45 Raster Logistics R93,140.3421,35.3929,MFS45,LOGISTICS_HUB,medium
LC8077,MFS45 Raster Logistics R95,140.3304,35.4104,MFS45,MEDIUM_WAREHOUSE,medium
LC8078,MFS45 Raster Logistics R97,140.3738,35.3196,MFS45,LARGE_DISTRIBUTION,medium
LC8079,MFS45 Raster Logistics R99,140.1854,35.4329,MFS45,LOGISTICS_HUB,medium
LC8080,MFS46 Raster Logistics R1,140.8237,35.7329,MFS46,MEDIUM_WAREHOUSE,medium
LC8081,MFS46 Raster Logistics R3,140.8588,35.6971,MFS46,MEDIUM_WAREHOUSE,medium
LC8082,MFS46 Raster Logistics R5,140.7354,35.8046,MFS46,LARGE_DISTRIBUTION,medium
LC8083,MFS46 Raster Logistics R7,140.8646,35.7262,MFS46,LARGE_DISTRIBUTION,medium
LC8084,MFS46 Raster Logistics R9,140.8579,35.6979,MFS46,MEDIUM_WAREHOUSE,medium
LC8085,MFS46 Raster Logistics R11,140.7704,35.7879,MFS46,LOGISTICS_HUB,medium
LC8086,MFS46 Raster Logistics R13,140.841974,35.70737,MFS46,LARGE_DISTRIBUTION,medium
LC8087,MFS46 Raster Logistics R15,140.8296,35.7462,MFS46,LOGISTICS_HUB,medium
LC8088,MFS46 Raster Logistics R17,140.798138,35.789957,MFS46,LOGISTICS_HUB,medium
LC8089,MFS46 Raster Logistics R19,140.7854,35.7912,MFS46,LOGISTICS_HUB,medium
LC8090,MFS46 Raster Logistics R21,140.7237,35.6996,MFS46,MEDIUM_WAREHOUSE,medium
LC8091,MFS46 Raster Logistics R23,140.8663,35.7371,MFS46,LARGE_DISTRIBUTION,medium
LC8092,MFS46 Raster Logistics R25,140.8438,35.7221,MFS46,LARGE_DISTRIBUTION,medium
LC8093,MFS46 Raster Logistics R27,140.7537,35.7304,MFS46,LARGE_DISTRIBUTION,medium
LC8094,MFS46 Raster Logistics R29,140.7554,35.7946,MFS46,LARGE_DISTRIBUTION,medium
LC8095,MFS46 Raster Logistics R31,140.8054,35.7246,MFS46,LARGE_DISTRIBUTION,medium
LC8096,MFS46 Raster Logistics R33,140.7996,35.7571,MFS46,MEDIUM_WAREHOUSE,medium
LC8097,MFS46 Raster Logistics R35,140.7154,35.7079,MFS46,LARGE_DISTRIBUTION,medium
LC8098,MFS46 Raster Logistics R37,140.7954,35.7604,MFS46,LOGISTICS_HUB,medium
LC8099,MFS46 Raster Logistics R39,140.7562,35.8112,MFS46,MEDIUM_WAREHOUSE,medium
LC8100,MFS46 Raster Logistics R41,140.7671,35.7937,MFS46,MEDIUM_WAREHOUSE,medium
LC8101,MFS46 Raster Logistics R43,140.8088,35.7354,MFS46,LOGISTICS_HUB,medium
LC8102,MFS46 Raster Logistics R45,140.803802,35.782972,MFS46,LARGE_DISTRIBUTION,medium
LC8103,MFS46 Raster Logistics R47,140.7871,35.7929,MFS46,LOGISTICS_HUB,medium
LC8104,MFS46 Raster Logistics R49,140.8096,35.7221,MFS46,MEDIUM_WAREHOUSE,medium
LC8105,MFS46 Raster Logistics R51,140.7463,35.7721,MFS46,LOGISTICS_HUB,medium
LC8106,MFS46 Raster Logistics R53,140.7371,35.7796,MFS46,LOGISTICS_HUB,medium
LC8107,MFS46 Raster Logistics R55,140.7729,35.7404,MFS46,MEDIUM_WAREHOUSE,medium
LC8108,MFS46 Raster Logistics R57,140.7937,35.7396,MFS46,LARGE_DISTRIBUTION,medium
LC8109,MFS46 Raster Logistics R59,140.8113,35.7729,MFS46,MEDIUM_WAREHOUSE,medium
LC8110,MFS46 Raster Logistics R61,140.8129,35.7546,MFS46,LOGISTICS_HUB,medium
LC8111,MFS46 Raster Logistics R63,140.8679,35.7204,MFS46,LOGISTICS_HUB,medium
LC8112,MFS46 Raster Logistics R65,140.8462,35.7029,MFS46,LARGE_DISTRIBUTION,medium
LC8113,MFS46 Raster Logistics R67,140.7529,35.7862,MFS46,LARGE_DISTRIBUTION,medium
LC8114,MFS46 Raster Logistics R69,140.8271,35.7287,MFS46,MEDIUM_WAREHOUSE,medium
LC8115,MFS46 Raster Logistics R71,140.8154,35.7529,MFS46,LARGE_DISTRIBUTION,medium
LC8116,MFS46 Raster Logistics R73,140.8404,35.7112,MFS46,LOGISTICS_HUB,medium
LC8117,MFS46 Raster Logistics R75,140.8304,35.7471,MFS46,LARGE_DISTRIBUTION,medium
LC8118,MFS46 Raster Logistics R77,140.8029,35.7712,MFS46,LARGE_DISTRIBUTION,medium
LC8119,MFS46 Raster Logistics R79,140.8288,35.7321,MFS46,LOGISTICS_HUB,medium
LC8120,MFS46 Raster Logistics R81,140.8313,35.7437,MFS46,LOGISTICS_HUB,medium
LC8121,MFS46 Raster Logistics R83,140.7396,35.7512,MFS46,MEDIUM_WAREHOUSE,medium
LC8122,MFS46 Raster Logistics R85,140.8029,35.7562,MFS46,LOGISTICS_HUB,medium
LC8123,MFS46 Raster Logistics R87,140.7237,35.7921,MFS46,LARGE_DISTRIBUTION,medium
LC8124,MFS46 Raster Logistics R89,140.8113,35.7587,MFS46,MEDIUM_WAREHOUSE,medium
LC8125,MFS46 Raster Logistics R91,140.7788,35.7912,MFS46,LOGISTICS_HUB,medium
LC8126,MFS46 Raster Logistics R93,140.7738,35.7187,MFS46,LOGISTICS_HUB,medium
LC8127,MFS46 Raster Logistics R95,140.7413,35.7779,MFS46,LARGE_DISTRIBUTION,medium
LC8128,MFS46 Raster Logistics R97,140.7946,35.7812,MFS46,LOGISTICS_HUB,medium
LC8129,MFS46 Raster Logistics R99,140.8571,35.7196,MFS46,MEDIUM_WAREHOUSE,medium
LC8130,MFS47 Raster Logistics R1,140.3504,35.6437,MFS47,LARGE_DISTRIBUTION,medium
LC8131,MFS47 Raster Logistics R3,140.3537,35.6587,MFS47,LOGISTICS_HUB,medium
LC8132,MFS47 Raster Logistics R5,140.2988,35.6237,MFS47,LARGE_DISTRIBUTION,medium
LC8133,MFS47 Raster Logistics R7,140.3596,35.5479,MFS47,LOGISTICS_HUB,medium
LC8134,MFS47 Raster Logistics R9,140.2871,35.5729,MFS47,MEDIUM_WAREHOUSE,medium
LC8135,MFS47 Raster Logistics R11,140.2812,35.6437,MFS47,LOGISTICS_HUB,medium
LC8136,MFS47 Raster Logistics R13,140.3204,35.5896,MFS47,LOGISTICS_HUB,medium
LC8137,MFS47 Raster Logistics R15,140.3071,35.6162,MFS47,LARGE_DISTRIBUTION,medium
LC8138,MFS47 Raster Logistics R17,140.2704,35.6621,MFS47,LOGISTICS_HUB,medium
LC8139,MFS47 Raster Logistics R19,140.2704,35.5187,MFS47,LARGE_DISTRIBUTION,medium
LC8140,MFS47 Raster Logistics R21,140.3521,35.5862,MFS47,MEDIUM_WAREHOUSE,medium
LC8141,MFS47 Raster Logistics R23,140.3254,35.5221,MFS47,MEDIUM_WAREHOUSE,medium
LC8142,MFS47 Raster Logistics R25,140.2004,35.5546,MFS47,LARGE_DISTRIBUTION,medium
LC8143,MFS47 Raster Logistics R27,140.3704,35.6304,MFS47,MEDIUM_WAREHOUSE,medium
LC8144,MFS47 Raster Logistics R29,140.3696,35.6262,MFS47,MEDIUM_WAREHOUSE,medium
LC8145,MFS47 Raster Logistics R31,140.2529,35.5579,MFS47,LARGE_DISTRIBUTION,medium
LC8146,MFS47 Raster Logistics R33,140.2771,35.5904,MFS47,LARGE_DISTRIBUTION,medium
LC8147,MFS47 Raster Logistics R35,140.2096,35.5729,MFS47,MEDIUM_WAREHOUSE,medium
LC8148,MFS47 Raster Logistics R37,140.3187,35.6412,MFS47,LARGE_DISTRIBUTION,medium
LC8149,MFS47 Raster Logistics R39,140.2729,35.5962,MFS47,LARGE_DISTRIBUTION,medium
LC8150,MFS47 Raster Logistics R41,140.2579,35.5279,MFS47,MEDIUM_WAREHOUSE,medium
LC8151,MFS47 Raster Logistics R43,140.3187,35.5846,MFS47,MEDIUM_WAREHOUSE,medium
LC8152,MFS47 Raster Logistics R45,140.2279,35.6654,MFS47,LARGE_DISTRIBUTION,medium
LC8153,MFS47 Raster Logistics R47,140.3179,35.5204,MFS47,LOGISTICS_HUB,medium
LC8154,MFS47 Raster Logistics R49,140.2887,35.5771,MFS47,LARGE_DISTRIBUTION,medium
LC8155,MFS47 Raster Logistics R51,140.2404,35.5437,MFS47,LARGE_DISTRIBUTION,medium
LC8156,MFS47 Raster Logistics R53,140.3204,35.5729,MFS47,MEDIUM_WAREHOUSE,medium
LC8157,MFS47 Raster Logistics R55,140.3054,35.5521,MFS47,LOGISTICS_HUB,medium
LC8158,MFS47 Raster Logistics R57,140.3379,35.5637,MFS47,MEDIUM_WAREHOUSE,medium
LC8159,MFS47 Raster Logistics R59,140.2046,35.5496,MFS47,MEDIUM_WAREHOUSE,medium
LC8160,MFS47 Raster Logistics R61,140.3446,35.6387,MFS47,LARGE_DISTRIBUTION,medium
LC8161,MFS47 Raster Logistics R63,140.3746,35.5771,MFS47,LARGE_DISTRIBUTION,medium
LC8162,MFS47 Raster Logistics R65,140.2921,35.5796,MFS47,LOGISTICS_HUB,medium
LC8163,MFS47 Raster Logistics R67,140.2721,35.5162,MFS47,MEDIUM_WAREHOUSE,medium
LC8164,MFS47 Raster Logistics R69,140.3529,35.6137,MFS47,MEDIUM_WAREHOUSE,medium
LC8165,MFS47 Raster Logistics R71,140.3162,35.6779,MFS47,LOGISTICS_HUB,medium
LC8166,MFS47 Raster Logistics R73,140.2704,35.5146,MFS47,LARGE_DISTRIBUTION,medium
LC8167,MFS47 Raster Logistics R75,140.2587,35.5271,MFS47,LOGISTICS_HUB,medium
LC8168,MFS47 Raster Logistics R77,140.2837,35.5729,MFS47,LARGE_DISTRIBUTION,medium
LC8169,MFS47 Raster Logistics R79,140.2463,35.5421,MFS47,MEDIUM_WAREHOUSE,medium
LC8170,MFS47 Raster Logistics R81,140.2746,35.5279,MFS47,LARGE_DISTRIBUTION,medium
LC8171,MFS47 Raster Logistics R83,140.2696,35.6012,MFS47,MEDIUM_WAREHOUSE,medium
LC8172,MFS47 Raster Logistics R85,140.2979,35.5554,MFS47,LARGE_DISTRIBUTION,medium
LC8173,MFS47 Raster Logistics R87,140.3254,35.6512,MFS47,LOGISTICS_HUB,medium
LC8174,MFS47 Raster Logistics R89,140.3529,35.5587,MFS47,LOGISTICS_HUB,medium
LC8175,MFS47 Raster Logistics R91,140.2521,35.6271,MFS47,LOGISTICS_HUB,medium
LC8176,MFS47 Raster Logistics R93,140.2871,35.6029,MFS47,LARGE_DISTRIBUTION,medium
LC8177,MFS47 Raster Logistics R95,140.2063,35.6446,MFS47,MEDIUM_WAREHOUSE,medium
LC8178,MFS47 Raster Logistics R97,140.2121,35.5421,MFS47,LOGISTICS_HUB,medium
LC8179,MFS47 Raster Logistics R99,140.2879,35.6621,MFS47,MEDIUM_WAREHOUSE,medium
LC8180,MFS48 Raster Logistics R1,140.1404,36.1237,MFS48,MEDIUM_WAREHOUSE,medium
LC8181,MFS48 Raster Logistics R3,140.1921,36.0671,MFS48,MEDIUM_WAREHOUSE,medium
LC8182,MFS48 Raster Logistics R5,140.2521,36.0704,MFS48,LOGISTICS_HUB,medium
LC8183,MFS48 Raster Logistics R7,140.1929,36.0004,MFS48,LARGE_DISTRIBUTION,medium
LC8184,MFS48 Raster Logistics R9,140.1221,36.0796,MFS48,LOGISTICS_HUB,medium
LC8185,MFS48 Raster Logistics R11,140.2021,36.0137,MFS48,LARGE_DISTRIBUTION,medium
LC8186,MFS48 Raster Logistics R13,140.2146,36.0979,MFS48,LOGISTICS_HUB,medium
LC8187,MFS48 Raster Logistics R15,140.1596,36.0171,MFS48,LOGISTICS_HUB,medium
LC8188,MFS48 Raster Logistics R17,140.1846,36.0329,MFS48,LARGE_DISTRIBUTION,medium
LC8189,MFS48 Raster Logistics R19,140.2054,36.0937,MFS48,LOGISTICS_HUB,medium
LC8190,MFS48 Raster Logistics R21,140.1679,36.0837,MFS48,LOGISTICS_HUB,medium
LC8191,MFS48 Raster Logistics R23,140.1829,36.0912,MFS48,LARGE_DISTRIBUTION,medium
LC8192,MFS48 Raster Logistics R25,140.1696,36.0396,MFS48,LOGISTICS_HUB,medium
LC8193,MFS48 Raster Logistics R27,140.1521,36.0471,MFS48,MEDIUM_WAREHOUSE,medium
LC8194,MFS48 Raster Logistics R29,140.1446,36.0321,MFS48,LOGISTICS_HUB,medium
LC8195,MFS48 Raster Logistics R31,140.1404,36.0487,MFS48,LARGE_DISTRIBUTION,medium
LC8196,MFS48 Raster Logistics R33,140.2371,36.1296,MFS48,MEDIUM_WAREHOUSE,medium
LC8197,MFS48 Raster Logistics R35,140.2654,36.0937,MFS48,LARGE_DISTRIBUTION,medium
LC8198,MFS48 Raster Logistics R37,140.1654,36.0846,MFS48,MEDIUM_WAREHOUSE,medium
LC8199,MFS48 Raster Logistics R39,140.2021,36.0921,MFS48,LOGISTICS_HUB,medium
LC8200,MFS48 Raster Logistics R41,140.2529,36.1321,MFS48,LOGISTICS_HUB,medium
LC8201,MFS48 Raster Logistics R43,140.2429,35.9921,MFS48,LOGISTICS_HUB,medium
LC8202,MFS48 Raster Logistics R45,140.2579,36.0321,MFS48,LOGISTICS_HUB,medium
LC8203,MFS48 Raster Logistics R47,140.1696,36.1404,MFS48,LOGISTICS_HUB,medium
LC8204,MFS48 Raster Logistics R49,140.2146,36.0271,MFS48,LARGE_DISTRIBUTION,medium
LC8205,MFS48 Raster Logistics R51,140.2338,36.0396,MFS48,LARGE_DISTRIBUTION,medium
LC8206,MFS48 Raster Logistics R53,140.2696,36.0062,MFS48,LOGISTICS_HUB,medium
LC8207,MFS48 Raster Logistics R55,140.2413,36.1179,MFS48,LARGE_DISTRIBUTION,medium
LC8208,MFS48 Raster Logistics R57,140.2188,36.1004,MFS48,LOGISTICS_HUB,medium
LC8209,MFS48 Raster Logistics R59,140.2646,36.1112,MFS48,LARGE_DISTRIBUTION,medium
LC8210,MFS48 Raster Logistics R61,140.1921,36.0812,MFS48,LOGISTICS_HUB,medium
LC8211,MFS48 Raster Logistics R63,140.2154,36.0412,MFS48,LARGE_DISTRIBUTION,medium
LC8212,MFS48 Raster Logistics R65,140.2204,36.1221,MFS48,LARGE_DISTRIBUTION,medium
LC8213,MFS48 Raster Logistics R67,140.1188,36.0846,MFS48,LARGE_DISTRIBUTION,medium
LC8214,MFS48 Raster Logistics R69,140.2879,36.0237,MFS48,MEDIUM_WAREHOUSE,medium
LC8215,MFS48 Raster Logistics R71,140.1146,36.0929,MFS48,LOGISTICS_HUB,medium
LC8216,MFS48 Raster Logistics R73,140.1129,36.0904,MFS48,MEDIUM_WAREHOUSE,medium
LC8217,MFS48 Raster Logistics R75,140.1538,36.0279,MFS48,LARGE_DISTRIBUTION,medium
LC8218,MFS48 Raster Logistics R77,140.2429,36.0879,MFS48,LOGISTICS_HUB,medium
LC8219,MFS48 Raster Logistics R79,140.1171,36.0787,MFS48,LOGISTICS_HUB,medium
LC8220,MFS48 Raster Logistics R81,140.1771,36.1196,MFS48,MEDIUM_WAREHOUSE,medium
LC8221,MFS48 Raster Logistics R83,140.1937,36.0529,MFS48,LOGISTICS_HUB,medium
LC8222,MFS48 Raster Logistics R85,140.1979,36.0921,MFS48,LOGISTICS_HUB,medium
LC8223,MFS48 Raster Logistics R87,140.1504,36.0987,MFS48,LARGE_DISTRIBUTION,medium
LC8224,MFS48 Raster Logistics R89,140.2421,36.1279,MFS48,MEDIUM_WAREHOUSE,medium
LC8225,MFS48 Raster Logistics R91,140.2246,36.0487,MFS48,LOGISTICS_HUB,medium
LC8226,MFS48 Raster Logistics R93,140.2188,36.0854,MFS48,LOGISTICS_HUB,medium
LC8227,MFS48 Raster Logistics R95,140.1479,35.9929,MFS48,MEDIUM_WAREHOUSE,medium
LC8228,MFS48 Raster Logistics R97,140.1238,36.0629,MFS48,MEDIUM_WAREHOUSE,medium
LC8229,MFS48 Raster Logistics R99,140.1854,36.0429,MFS48,LARGE_DISTRIBUTION,medium
LC8230,MFS49 Raster Logistics R1,139.9454,36.2354,MFS49,LARGE_DISTRIBUTION,medium
LC8231,MFS49 Raster Logistics R3,139.9654,36.1712,MFS49,LARGE_DISTRIBUTION,medium
LC8232,MFS49 Raster Logistics R5,139.9437,36.1212,MFS49,LARGE_DISTRIBUTION,medium
LC8233,MFS49 Raster Logistics R7,139.9454,36.2037,MFS49,LARGE_DISTRIBUTION,medium
LC8234,MFS49 Raster Logistics R9,139.9804,36.2454,MFS49,MEDIUM_WAREHOUSE,medium
LC8235,MFS49 Raster Logistics R11,139.9787,36.2471,MFS49,LOGISTICS_HUB,medium
LC8236,MFS49 Raster Logistics R13,139.9129,36.1171,MFS49,LARGE_DISTRIBUTION,medium
LC8237,MFS49 Raster Logistics R15,139.9779,36.2121,MFS49,LOGISTICS_HUB,medium
LC8238,MFS49 Raster Logistics R17,139.9963,36.1379,MFS49,MEDIUM_WAREHOUSE,medium
LC8239,MFS49 Raster Logistics R19,139.9746,36.1221,MFS49,LARGE_DISTRIBUTION,medium
LC8240,MFS49 Raster Logistics R21,139.9963,36.1796,MFS49,LOGISTICS_HUB,medium
LC8241,MFS49 Raster Logistics R23,139.9762,36.2062,MFS49,LOGISTICS_HUB,medium
LC8242,MFS49 Raster Logistics R25,139.8963,36.2287,MFS49,MEDIUM_WAREHOUSE,medium
LC8243,MFS49 Raster Logistics R27,140.0121,36.1912,MFS49,MEDIUM_WAREHOUSE,medium
LC8244,MFS49 Raster Logistics R29,139.9246,36.1729,MFS49,MEDIUM_WAREHOUSE,medium
LC8245,MFS49 Raster Logistics R31,139.9571,36.1087,MFS49,LARGE_DISTRIBUTION,medium
LC8246,MFS49 Raster Logistics R33,139.8796,36.1804,MFS49,LOGISTICS_HUB,medium
LC8247,MFS49 Raster Logistics R35,139.9187,36.1321,MFS49,LARGE_DISTRIBUTION,medium
LC8248,MFS49 Raster Logistics R37,139.8879,36.1596,MFS49,LARGE_DISTRIBUTION,medium
LC8249,MFS49 Raster Logistics R39,139.9437,36.1237,MFS49,LOGISTICS_HUB,medium
LC8250,MFS49 Raster Logistics R41,139.9371,36.1304,MFS49,LARGE_DISTRIBUTION,medium
LC8251,MFS49 Raster Logistics R43,139.9812,36.2229,MFS49,LARGE_DISTRIBUTION,medium
LC8252,MFS49 Raster Logistics R45,139.8862,36.1987,MFS49,LARGE_DISTRIBUTION,medium
LC8253,MFS49 Raster Logistics R47,139.9104,36.1179,MFS49,LOGISTICS_HUB,medium
LC8254,MFS49 Raster Logistics R49,139.9154,36.1171,MFS49,LARGE_DISTRIBUTION,medium
LC8255,MFS49 Raster Logistics R51,139.8862,36.1529,MFS49,LARGE_DISTRIBUTION,medium
LC8256,MFS49 Raster Logistics R53,139.8837,36.2071,MFS49,LOGISTICS_HUB,medium
LC8257,MFS49 Raster Logistics R55,140.0179,36.1996,MFS49,MEDIUM_WAREHOUSE,medium
LC8258,MFS49 Raster Logistics R57,139.9221,36.2429,MFS49,LOGISTICS_HUB,medium
LC8259,MFS49 Raster Logistics R59,139.9762,36.1162,MFS49,LARGE_DISTRIBUTION,medium
LC8260,MFS49 Raster Logistics R61,139.9104,36.1496,MFS49,LOGISTICS_HUB,medium
LC8261,MFS49 Raster Logistics R63,139.9796,36.1129,MFS49,MEDIUM_WAREHOUSE,medium
LC8262,MFS49 Raster Logistics R65,139.9596,36.2179,MFS49,LOGISTICS_HUB,medium
LC8263,MFS49 Raster Logistics R67,139.9646,36.1104,MFS49,LARGE_DISTRIBUTION,medium
LC8264,MFS49 Raster Logistics R69,139.9204,36.1204,MFS49,MEDIUM_WAREHOUSE,medium
LC8265,MFS49 Raster Logistics R71,140.0062,36.1912,MFS49,LOGISTICS_HUB,medium
LC8266,MFS49 Raster Logistics R73,139.9229,36.1271,MFS49,MEDIUM_WAREHOUSE,medium
LC8267,MFS49 Raster Logistics R75,139.9879,36.2004,MFS49,MEDIUM_WAREHOUSE,medium
LC8268,MFS49 Raster Logistics R77,139.9963,36.1637,MFS49,LOGISTICS_HUB,medium
LC8269,MFS49 Raster Logistics R79,139.9471,36.2087,MFS49,MEDIUM_WAREHOUSE,medium
LC8270,MFS49 Raster Logistics R81,139.9737,36.2371,MFS49,LARGE_DISTRIBUTION,medium
LC8271,MFS49 Raster Logistics R83,139.9112,36.1379,MFS49,MEDIUM_WAREHOUSE,medium
LC8272,MFS49 Raster Logistics R85,139.9412,36.2196,MFS49,LARGE_DISTRIBUTION,medium
LC8273,MFS49 Raster Logistics R87,139.9529,36.2487,MFS49,LOGISTICS_HUB,medium
LC8274,MFS49 Raster Logistics R89,139.9596,36.1321,MFS49,MEDIUM_WAREHOUSE,medium
LC8275,MFS49 Raster Logistics R91,139.9729,36.1854,MFS49,MEDIUM_WAREHOUSE,medium
LC8276,MFS49 Raster Logistics R93,139.9771,36.2421,MFS49,LOGISTICS_HUB,medium
LC8277,MFS49 Raster Logistics R95,139.9221,36.1421,MFS49,LOGISTICS_HUB,medium
LC8278,MFS49 Raster Logistics R97,139.8829,36.2079,MFS49,LOGISTICS_HUB,medium
LC8279,MFS49 Raster Logistics R99,139.9629,36.1162,MFS49,MEDIUM_WAREHOUSE,medium
LC8280,MFS50 Raster Logistics R1,140.1387,36.0187,MFS50,LOGISTICS_HUB,medium
LC8281,MFS50 Raster Logistics R3,140.1296,36.1312,MFS50,LARGE_DISTRIBUTION,medium
LC8282,MFS50 Raster Logistics R5,140.0471,36.1196,MFS50,LARGE_DISTRIBUTION,medium
LC8283,MFS50 Raster Logistics R7,140.1771,36.0546,MFS50,LOGISTICS_HUB,medium
LC8284,MFS50 Raster Logistics R9,140.1229,36.0487,MFS50,LOGISTICS_HUB,medium
LC8285,MFS50 Raster Logistics R11,140.1229,36.0254,MFS50,MEDIUM_WAREHOUSE,medium
LC8286,MFS50 Raster Logistics R13,140.1262,36.0796,MFS50,MEDIUM_WAREHOUSE,medium
LC8287,MFS50 Raster Logistics R15,140.0613,36.0229,MFS50,LARGE_DISTRIBUTION,medium
LC8288,MFS50 Raster Logistics R17,140.0454,36.0429,MFS50,MEDIUM_WAREHOUSE,medium
LC8289,MFS50 Raster Logistics R19,140.0613,36.0296,MFS50,MEDIUM_WAREHOUSE,medium
LC8290,MFS50 Raster Logistics R21,140.1488,36.0554,MFS50,MEDIUM_WAREHOUSE,medium
LC8291,MFS50 Raster Logistics R23,140.1587,36.0671,MFS50,LOGISTICS_HUB,medium
LC8292,MFS50 Raster Logistics R25,140.0754,36.1179,MFS50,LOGISTICS_HUB,medium
LC8293,MFS50 Raster Logistics R27,140.0962,36.0846,MFS50,LOGISTICS_HUB,medium
LC8294,MFS50 Raster Logistics R29,140.1321,36.0654,MFS50,LARGE_DISTRIBUTION,medium
LC8295,MFS50 Raster Logistics R31,140.0396,36.0512,MFS50,MEDIUM_WAREHOUSE,medium
LC8296,MFS50 Raster Logistics R33,140.1413,36.0537,MFS50,LOGISTICS_HUB,medium
LC8297,MFS50 Raster Logistics R35,140.0729,36.1121,MFS50,LOGISTICS_HUB,medium
LC8298,MFS50 Raster Logistics R37,140.1129,36.0754,MFS50,MEDIUM_WAREHOUSE,medium
LC8299,MFS50 Raster Logistics R39,140.0521,36.0296,MFS50,LARGE_DISTRIBUTION,medium
LC8300,MFS50 Raster Logistics R41,140.1021,36.0862,MFS50,LARGE_DISTRIBUTION,medium
LC8301,MFS50 Raster Logistics R43,140.0996,36.0587,MFS50,LOGISTICS_HUB,medium
LC8302,MFS50 Raster Logistics R45,140.0788,36.1071,MFS50,LARGE_DISTRIBUTION,medium
LC8303,MFS50 Raster Logistics R47,140.1579,36.1279,MFS50,MEDIUM_WAREHOUSE,medium
LC8304,MFS50 Raster Logistics R49,140.1754,36.0479,MFS50,LARGE_DISTRIBUTION,medium
LC8305,MFS50 Raster Logistics R51,140.1054,36.0746,MFS50,MEDIUM_WAREHOUSE,medium
LC8306,MFS50 Raster Logistics R53,140.1121,36.0404,MFS50,LOGISTICS_HUB,medium
LC8307,MFS50 Raster Logistics R55,140.1129,36.1187,MFS50,MEDIUM_WAREHOUSE,medium
LC8308,MFS50 Raster Logistics R57,140.0921,36.0721,MFS50,LOGISTICS_HUB,medium
LC8309,MFS50 Raster Logistics R59,140.1496,36.0454,MFS50,LOGISTICS_HUB,medium
LC8310,MFS50 Raster Logistics R61,140.0571,36.0262,MFS50,LARGE_DISTRIBUTION,medium
LC8311,MFS50 Raster Logistics R63,140.0904,36.0829,MFS50,LOGISTICS_HUB,medium
LC8312,MFS50 Raster Logistics R65,140.1729,36.0387,MFS50,LARGE_DISTRIBUTION,medium
LC8313,MFS50 Raster Logistics R67,140.0987,36.0929,MFS50,MEDIUM_WAREHOUSE,medium
LC8314,MFS50 Raster Logistics R69,140.1604,36.1129,MFS50,MEDIUM_WAREHOUSE,medium
LC8315,MFS50 Raster Logistics R71,140.0921,36.1121,MFS50,LARGE_DISTRIBUTION,medium
LC8316,MFS50 Raster Logistics R73,140.0446,36.1287,MFS50,LARGE_DISTRIBUTION,medium
LC8317,MFS50 Raster Logistics R75,140.1088,36.0179,MFS50,LOGISTICS_HUB,medium
LC8318,MFS50 Raster Logistics R77,140.1213,36.0537,MFS50,LOGISTICS_HUB,medium
LC8319,MFS50 Raster Logistics R79,140.0838,36.1012,MFS50,LOGISTICS_HUB,medium
LC8320,MFS50 Raster Logistics R81,140.1238,36.0829,MFS50,MEDIUM_WAREHOUSE,medium
LC8321,MFS50 Raster Logistics R83,140.1088,36.1162,MFS50,MEDIUM_WAREHOUSE,medium
LC8322,MFS50 Raster Logistics R85,140.0979,36.0129,MFS50,LOGISTICS_HUB,medium
LC8323,MFS50 Raster Logistics R87,140.1621,36.0337,MFS50,MEDIUM_WAREHOUSE,medium
LC8324,MFS50 Raster Logistics R89,140.1521,36.0637,MFS50,LARGE_DISTRIBUTION,medium
LC8325,MFS50 Raster Logistics R91,140.0979,36.0162,MFS50,MEDIUM_WAREHOUSE,medium
LC8326,MFS50 Raster Logistics R93,140.1321,36.1271,MFS50,LARGE_DISTRIBUTION,medium
LC8327,MFS50 Raster Logistics R95,140.1088,36.0837,MFS50,LARGE_DISTRIBUTION,medium
LC8328,MFS50 Raster Logistics R97,140.0987,36.1004,MFS50,LOGISTICS_HUB,medium
LC8329,MFS50 Raster Logistics R99,140.1337,36.0171,MFS50,LOGISTICS_HUB,medium
LC8330,MFS51 Raster Logistics R1,139.9621,35.9696,MFS51,MEDIUM_WAREHOUSE,medium
LC8331,MFS51 Raster Logistics R3,139.9854,35.9746,MFS51,LOGISTICS_HUB,medium
LC8332,MFS51 Raster Logistics R5,139.9771,35.9779,MFS51,MEDIUM_WAREHOUSE,medium
LC8333,MFS51 Raster Logistics R7,139.9846,35.9654,MFS51,LARGE_DISTRIBUTION,medium
LC8334,MFS51 Raster Logistics R9,139.9579,35.9654,MFS51,LARGE_DISTRIBUTION,medium
LC8335,MFS51 Raster Logistics R11,139.9396,36.0196,MFS51,LOGISTICS_HUB,medium
LC8336,MFS51 Raster Logistics R13,139.9779,35.9704,MFS51,LOGISTICS_HUB,medium
LC8337,MFS51 Raster Logistics R15,139.9979,35.9637,MFS51,LOGISTICS_HUB,medium
LC8338,MFS51 Raster Logistics R17,139.9671,36.0687,MFS51,MEDIUM_WAREHOUSE,medium
LC8339,MFS51 Raster Logistics R19,139.9854,35.9929,MFS51,LOGISTICS_HUB,medium
LC8340,MFS51 Raster Logistics R21,139.9838,35.9587,MFS51,LOGISTICS_HUB,medium
LC8341,MFS51 Raster Logistics R23,139.9554,36.0287,MFS51,MEDIUM_WAREHOUSE,medium
LC8342,MFS51 Raster Logistics R25,139.9313,36.0379,MFS51,MEDIUM_WAREHOUSE,medium
LC8343,MFS51 Raster Logistics R27,140.0171,36.0121,MFS51,LOGISTICS_HUB,medium
LC8344,MFS51 Raster Logistics R29,139.9838,36.0721,MFS51,MEDIUM_WAREHOUSE,medium
LC8345,MFS51 Raster Logistics R31,139.9304,36.0337,MFS51,LARGE_DISTRIBUTION,medium
LC8346,MFS51 Raster Logistics R33,140.0337,35.9762,MFS51,LARGE_DISTRIBUTION,medium
LC8347,MFS51 Raster Logistics R35,140.0221,35.9929,MFS51,LOGISTICS_HUB,medium
LC8348,MFS51 Raster Logistics R37,140.0188,36.0154,MFS51,MEDIUM_WAREHOUSE,medium
LC8349,MFS51 Raster Logistics R39,140.0371,35.9879,MFS51,LOGISTICS_HUB,medium
LC8350,MFS51 Raster Logistics R41,139.9979,36.0129,MFS51,LOGISTICS_HUB,medium
LC8351,MFS51 Raster Logistics R43,140.0412,36.0054,MFS51,LARGE_DISTRIBUTION,medium
LC8352,MFS51 Raster Logistics R45,139.9854,36.0621,MFS51,MEDIUM_WAREHOUSE,medium
LC8353,MFS51 Raster Logistics R47,139.9663,35.9704,MFS51,MEDIUM_WAREHOUSE,medium
LC8354,MFS51 Raster Logistics R49,139.9888,35.9671,MFS51,LARGE_DISTRIBUTION,medium
LC8355,MFS51 Raster Logistics R51,140.0179,36.0421,MFS51,MEDIUM_WAREHOUSE,medium
LC8356,MFS51 Raster Logistics R53,140.0154,35.9996,MFS51,LOGISTICS_HUB,medium
LC8357,MFS51 Raster Logistics R55,140.0404,36.0496,MFS51,LARGE_DISTRIBUTION,medium
LC8358,MFS51 Raster Logistics R57,139.9829,36.0021,MFS51,LOGISTICS_HUB,medium
LC8359,MFS51 Raster Logistics R59,140.0362,36.0021,MFS51,MEDIUM_WAREHOUSE,medium
LC8360,MFS51 Raster Logistics R61,139.9854,36.0362,MFS51,LOGISTICS_HUB,medium
LC8361,MFS51 Raster Logistics R63,140.0296,35.9979,MFS51,LARGE_DISTRIBUTION,medium
LC8362,MFS51 Raster Logistics R65,139.9938,35.9637,MFS51,MEDIUM_WAREHOUSE,medium
LC8363,MFS51 Raster Logistics R67,139.9896,36.0229,MFS51,LARGE_DISTRIBUTION,medium
LC8364,MFS51 Raster Logistics R69,139.9921,36.0179,MFS51,LARGE_DISTRIBUTION,medium
LC8365,MFS51 Raster Logistics R71,140.0346,36.0604,MFS51,LOGISTICS_HUB,medium
LC8366,MFS51 Raster Logistics R73,139.9321,36.0554,MFS51,LARGE_DISTRIBUTION,medium
LC8367,MFS51 Raster Logistics R75,139.9187,36.0479,MFS51,LARGE_DISTRIBUTION,medium
LC8368,MFS51 Raster Logistics R77,139.9888,36.0196,MFS51,LOGISTICS_HUB,medium
LC8369,MFS51 Raster Logistics R79,139.9246,35.9946,MFS51,LARGE_DISTRIBUTION,medium
LC8370,MFS51 Raster Logistics R81,139.9496,36.0662,MFS51,LARGE_DISTRIBUTION,medium
LC8371,MFS51 Raster Logistics R83,139.9596,35.9929,MFS51,LOGISTICS_HUB,medium
LC8372,MFS51 Raster Logistics R85,139.9829,35.9654,MFS51,LARGE_DISTRIBUTION,medium
LC8373,MFS51 Raster Logistics R87,139.9546,36.0662,MFS51,LOGISTICS_HUB,medium
LC8374,MFS51 Raster Logistics R89,139.9338,36.0362,MFS51,LARGE_DISTRIBUTION,medium
LC8375,MFS51 Raster Logistics R91,139.9596,35.9829,MFS51,LARGE_DISTRIBUTION,medium
LC8376,MFS51 Raster Logistics R93,139.9504,35.9671,MFS51,LARGE_DISTRIBUTION,medium
LC8377,MFS51 Raster Logistics R95,139.9621,35.9796,MFS51,MEDIUM_WAREHOUSE,medium
LC8378,MFS51 Raster Logistics R97,139.9721,35.9971,MFS51,LOGISTICS_HUB,medium
LC8379,MFS51 Raster Logistics R99,139.9387,35.9796,MFS51,LOGISTICS_HUB,medium
LC8380,MFS52 Raster Logistics R1,140.1554,35.9446,MFS52,LARGE_DISTRIBUTION,medium
LC8381,MFS52 Raster Logistics R3,140.1513,35.9329,MFS52,MEDIUM_WAREHOUSE,medium
LC8382,MFS52 Raster Logistics R5,140.1612,35.9237,MFS52,LOGISTICS_HUB,medium
LC8383,MFS52 Raster Logistics R7,140.1421,35.9321,MFS52,MEDIUM_WAREHOUSE,medium
LC8384,MFS52 Raster Logistics R9,140.2212,35.8854,MFS52,LOGISTICS_HUB,medium
LC8385,MFS52 Raster Logistics R11,140.1821,35.9004,MFS52,MEDIUM_WAREHOUSE,medium
LC8386,MFS52 Raster Logistics R13,140.1838,35.9146,MFS52,MEDIUM_WAREHOUSE,medium
LC8387,MFS52 Raster Logistics R15,140.2029,35.9046,MFS52,LARGE_DISTRIBUTION,medium
LC8388,MFS52 Raster Logistics R17,140.1321,35.9346,MFS52,LARGE_DISTRIBUTION,medium
LC8389,MFS52 Raster Logistics R19,140.1954,35.9296,MFS52,MEDIUM_WAREHOUSE,medium
LC8390,MFS52 Raster Logistics R21,140.2154,35.8937,MFS52,LOGISTICS_HUB,medium
LC8391,MFS52 Raster Logistics R23,140.1763,35.9096,MFS52,LARGE_DISTRIBUTION,medium
LC8392,MFS52 Raster Logistics R25,140.1354,35.9262,MFS52,MEDIUM_WAREHOUSE,medium
LC8393,MFS52 Raster Logistics R27,140.1554,35.9604,MFS52,MEDIUM_WAREHOUSE,medium
LC8394,MFS52 Raster Logistics R29,140.1421,35.9229,MFS52,LOGISTICS_HUB,medium
LC8395,MFS52 Raster Logistics R31,140.1438,35.9579,MFS52,MEDIUM_WAREHOUSE,medium
LC8396,MFS52 Raster Logistics R33,140.1654,35.8962,MFS52,LOGISTICS_HUB,medium
LC8397,MFS52 Raster Logistics R35,140.1521,35.9071,MFS52,MEDIUM_WAREHOUSE,medium
LC8398,MFS52 Raster Logistics R37,140.1887,35.9104,MFS52,LOGISTICS_HUB,medium
LC8399,MFS52 Raster Logistics R39,140.1838,35.9229,MFS52,MEDIUM_WAREHOUSE,medium
LC8400,MFS52 Raster Logistics R41,140.2063,35.9371,MFS52,LARGE_DISTRIBUTION,medium
LC8401,MFS52 Raster Logistics R43,140.1496,35.8612,MFS52,LOGISTICS_HUB,medium
LC8402,MFS52 Raster Logistics R45,140.1838,35.8979,MFS52,LARGE_DISTRIBUTION,medium
LC8403,MFS52 Raster Logistics R47,140.1846,35.8629,MFS52,MEDIUM_WAREHOUSE,medium
LC8404,MFS52 Raster Logistics R49,140.1546,35.9587,MFS52,LOGISTICS_HUB,medium
LC8405,MFS52 Raster Logistics R51,140.1504,35.9446,MFS52,MEDIUM_WAREHOUSE,medium
LC8406,MFS52 Raster Logistics R53,140.1362,35.9329,MFS52,MEDIUM_WAREHOUSE,medium
LC8407,MFS52 Raster Logistics R55,140.1496,35.8779,MFS52,MEDIUM_WAREHOUSE,medium
LC8408,MFS52 Raster Logistics R57,140.2004,35.9387,MFS52,LARGE_DISTRIBUTION,medium
LC8409,MFS52 Raster Logistics R59,140.1863,35.9146,MFS52,LOGISTICS_HUB,medium
LC8410,MFS52 Raster Logistics R61,140.1954,35.8729,MFS52,LOGISTICS_HUB,medium
LC8411,MFS52 Raster Logistics R63,140.1179,35.9221,MFS52,LARGE_DISTRIBUTION,medium
LC8412,MFS52 Raster Logistics R65,140.1362,35.9221,MFS52,LARGE_DISTRIBUTION,medium
LC8413,MFS52 Raster Logistics R67,140.1596,35.9496,MFS52,LOGISTICS_HUB,medium
LC8414,MFS52 Raster Logistics R69,140.1471,35.9037,MFS52,MEDIUM_WAREHOUSE,medium
LC8415,MFS52 Raster Logistics R71,140.1713,35.9071,MFS52,LOGISTICS_HUB,medium
LC8416,MFS52 Raster Logistics R73,140.2171,35.8937,MFS52,LARGE_DISTRIBUTION,medium
LC8417,MFS52 Raster Logistics R75,140.1788,35.9154,MFS52,MEDIUM_WAREHOUSE,medium
LC8418,MFS52 Raster Logistics R77,140.2071,35.9287,MFS52,MEDIUM_WAREHOUSE,medium
LC8419,MFS52 Raster Logistics R79,140.2154,35.8946,MFS52,LOGISTICS_HUB,medium
LC8420,MFS52 Raster Logistics R81,140.2113,35.8929,MFS52,MEDIUM_WAREHOUSE,medium
LC8421,MFS52 Raster Logistics R83,140.1687,35.8696,MFS52,LARGE_DISTRIBUTION,medium
LC8422,MFS52 Raster Logistics R85,140.2012,35.9396,MFS52,LARGE_DISTRIBUTION,medium
LC8423,MFS52 Raster Logistics R87,140.1896,35.9379,MFS52,LARGE_DISTRIBUTION,medium
LC8424,MFS52 Raster Logistics R89,140.1704,35.9221,MFS52,LOGISTICS_HUB,medium
LC8425,MFS52 Raster Logistics R91,140.1479,35.8946,MFS52,LARGE_DISTRIBUTION,medium
LC8426,MFS52 Raster Logistics R93,140.2146,35.9171,MFS52,MEDIUM_WAREHOUSE,medium
LC8427,MFS52 Raster Logistics R95,140.1379,35.9062,MFS52,LARGE_DISTRIBUTION,medium
LC8428,MFS52 Raster Logistics R97,140.1463,35.9254,MFS52,LARGE_DISTRIBUTION,medium
LC8429,MFS52 Raster Logistics R99,140.1738,35.9362,MFS52,LARGE_DISTRIBUTION,medium
LC8430,MFS53 Raster Logistics R1,140.3512,35.9679,MFS53,LOGISTICS_HUB,medium
LC8431,MFS53 Raster Logistics R3,140.3646,35.9621,MFS53,LARGE_DISTRIBUTION,medium
LC8432,MFS53 Raster Logistics R5,140.3704,35.9096,MFS53,MEDIUM_WAREHOUSE,medium
LC8433,MFS53 Raster Logistics R7,140.2854,35.9062,MFS53,LOGISTICS_HUB,medium
LC8434,MFS53 Raster Logistics R9,140.2862,35.9896,MFS53,LOGISTICS_HUB,medium
LC8435,MFS53 Raster Logistics R11,140.2679,35.9179,MFS53,LOGISTICS_HUB,medium
LC8436,MFS53 Raster Logistics R13,140.3288,35.9821,MFS53,MEDIUM_WAREHOUSE,medium
LC8437,MFS53 Raster Logistics R15,140.2821,35.8971,MFS53,MEDIUM_WAREHOUSE,medium
LC8438,MFS53 Raster Logistics R17,140.2596,35.9146,MFS53,LOGISTICS_HUB,medium
LC8439,MFS53 Raster Logistics R19,140.3004,35.9012,MFS53,MEDIUM_WAREHOUSE,medium
LC8440,MFS53 Raster Logistics R21,140.2879,35.9554,MFS53,LARGE_DISTRIBUTION,medium
LC8441,MFS53 Raster Logistics R23,140.2646,35.9871,MFS53,LOGISTICS_HUB,medium
LC8442,MFS53 Raster Logistics R25,140.3221,35.9696,MFS53,LOGISTICS_HUB,medium
LC8443,MFS53 Raster Logistics R27,140.3221,35.9671,MFS53,LOGISTICS_HUB,medium
LC8444,MFS53 Raster Logistics R29,140.3154,35.9179,MFS53,LARGE_DISTRIBUTION,medium
LC8445,MFS53 Raster Logistics R31,140.3038,35.9754,MFS53,MEDIUM_WAREHOUSE,medium
LC8446,MFS53 Raster Logistics R33,140.2804,35.9996,MFS53,LOGISTICS_HUB,medium
LC8447,MFS53 Raster Logistics R35,140.2671,35.9146,MFS53,LARGE_DISTRIBUTION,medium
LC8448,MFS53 Raster Logistics R37,140.3121,35.9929,MFS53,LOGISTICS_HUB,medium
LC8449,MFS53 Raster Logistics R39,140.3196,35.9546,MFS53,LOGISTICS_HUB,medium
LC8450,MFS53 Raster Logistics R41,140.3638,35.9012,MFS53,LOGISTICS_HUB,medium
LC8451,MFS53 Raster Logistics R43,140.3421,35.9779,MFS53,LARGE_DISTRIBUTION,medium
LC8452,MFS53 Raster Logistics R45,140.2854,35.9829,MFS53,LARGE_DISTRIBUTION,medium
LC8453,MFS53 Raster Logistics R47,140.2862,35.9029,MFS53,LARGE_DISTRIBUTION,medium
LC8454,MFS53 Raster Logistics R49,140.3404,35.9371,MFS53,MEDIUM_WAREHOUSE,medium
LC8455,MFS53 Raster Logistics R51,140.3071,35.9779,MFS53,LARGE_DISTRIBUTION,medium
LC8456,MFS53 Raster Logistics R53,140.2921,35.9954,MFS53,LARGE_DISTRIBUTION,medium
LC8457,MFS53 Raster Logistics R55,140.2946,35.9087,MFS53,LARGE_DISTRIBUTION,medium
LC8458,MFS53 Raster Logistics R57,140.3013,36.0004,MFS53,MEDIUM_WAREHOUSE,medium
LC8459,MFS53 Raster Logistics R59,140.2637,35.9562,MFS53,LOGISTICS_HUB,medium
LC8460,MFS53 Raster Logistics R61,140.3013,35.9871,MFS53,LOGISTICS_HUB,medium
LC8461,MFS53 Raster Logistics R63,140.2654,35.9679,MFS53,LARGE_DISTRIBUTION,medium
LC8462,MFS53 Raster Logistics R65,140.3046,35.9879,MFS53,LOGISTICS_HUB,medium
LC8463,MFS53 Raster Logistics R67,140.3146,35.9737,MFS53,MEDIUM_WAREHOUSE,medium
LC8464,MFS53 Raster Logistics R69,140.3021,35.9171,MFS53,LARGE_DISTRIBUTION,medium
LC8465,MFS53 Raster Logistics R71,140.2937,36.0071,MFS53,LOGISTICS_HUB,medium
LC8466,MFS53 Raster Logistics R73,140.2788,35.9837,MFS53,LARGE_DISTRIBUTION,medium
LC8467,MFS53 Raster Logistics R75,140.2746,35.9137,MFS53,LOGISTICS_HUB,medium
LC8468,MFS53 Raster Logistics R77,140.3404,35.9387,MFS53,LOGISTICS_HUB,medium
LC8469,MFS53 Raster Logistics R79,140.3237,35.8896,MFS53,LOGISTICS_HUB,medium
LC8470,MFS53 Raster Logistics R81,140.3013,35.9979,MFS53,LOGISTICS_HUB,medium
LC8471,MFS53 Raster Logistics R83,140.3046,36.0046,MFS53,LARGE_DISTRIBUTION,medium
LC8472,MFS53 Raster Logistics R85,140.3438,35.9979,MFS53,MEDIUM_WAREHOUSE,medium
LC8473,MFS53 Raster Logistics R87,140.3446,35.8904,MFS53,LARGE_DISTRIBUTION,medium
LC8474,MFS53 Raster Logistics R89,140.3704,35.9596,MFS53,LOGISTICS_HUB,medium
LC8475,MFS53 Raster Logistics R91,140.2862,35.9962,MFS53,MEDIUM_WAREHOUSE,medium
LC8476,MFS53 Raster Logistics R93,140.3063,35.9871,MFS53,LARGE_DISTRIBUTION,medium
LC8477,MFS53 Raster Logistics R95,140.3354,35.9071,MFS53,LOGISTICS_HUB,medium
LC8478,MFS53 Raster Logistics R97,140.2788,35.9112,MFS53,LOGISTICS_HUB,medium
LC8479,MFS53 Raster Logistics R99,140.2879,35.9487,MFS53,LARGE_DISTRIBUTION,medium
LC8480,MFS55 Raster Logistics R1,140.3579,36.3562,MFS55,LARGE_DISTRIBUTION,medium
LC8481,MFS55 Raster Logistics R3,140.5863,36.4079,MFS55,LOGISTICS_HUB,medium
LC8482,MFS55 Raster Logistics R5,140.5062,36.4562,MFS55,LOGISTICS_HUB,medium
LC8483,MFS55 Raster Logistics R7,140.5554,36.2762,MFS55,LOGISTICS_HUB,medium
LC8484,MFS55 Raster Logistics R9,140.4529,36.3921,MFS55,LOGISTICS_HUB,medium
LC8485,MFS55 Raster Logistics R11,140.4771,36.3646,MFS55,LARGE_DISTRIBUTION,medium
LC8486,MFS55 Raster Logistics R13,140.4046,36.3712,MFS55,MEDIUM_WAREHOUSE,medium
LC8487,MFS55 Raster Logistics R15,140.5654,36.4187,MFS55,MEDIUM_WAREHOUSE,medium
LC8488,MFS55 Raster Logistics R17,140.4046,36.2871,MFS55,LARGE_DISTRIBUTION,medium
LC8489,MFS55 Raster Logistics R19,140.5012,36.4312,MFS55,LOGISTICS_HUB,medium
LC8490,MFS55 Raster Logistics R21,140.4646,36.3396,MFS55,MEDIUM_WAREHOUSE,medium
LC8491,MFS55 Raster Logistics R23,140.4104,36.3087,MFS55,LOGISTICS_HUB,medium
LC8492,MFS55 Raster Logistics R25,140.5471,36.4862,MFS55,MEDIUM_WAREHOUSE,medium
LC8493,MFS55 Raster Logistics R27,140.5379,36.3296,MFS55,LOGISTICS_HUB,medium
LC8494,MFS55 Raster Logistics R29,140.4279,36.4012,MFS55,MEDIUM_WAREHOUSE,medium
LC8495,MFS55 Raster Logistics R31,140.3371,36.3687,MFS55,LOGISTICS_HUB,medium
LC8496,MFS55 Raster Logistics R33,140.5154,36.4154,MFS55,LARGE_DISTRIBUTION,medium
LC8497,MFS55 Raster Logistics R35,140.4696,36.4504,MFS55,LOGISTICS_HUB,medium
LC8498,MFS55 Raster Logistics R37,140.4929,36.3196,MFS55,MEDIUM_WAREHOUSE,medium
LC8499,MFS55 Raster Logistics R39,140.5163,36.3121,MFS55,MEDIUM_WAREHOUSE,medium
LC8500,MFS55 Raster Logistics R41,140.4771,36.3487,MFS55,LARGE_DISTRIBUTION,medium
LC8501,MFS55 Raster Logistics R43,140.4613,36.3154,MFS55,MEDIUM_WAREHOUSE,medium
LC8502,MFS55 Raster Logistics R45,140.6012,36.4196,MFS55,LOGISTICS_HUB,medium
LC8503,MFS55 Raster Logistics R47,140.4354,36.3779,MFS55,MEDIUM_WAREHOUSE,medium
LC8504,MFS55 Raster Logistics R49,140.4521,36.3512,MFS55,LARGE_DISTRIBUTION,medium
LC8505,MFS55 Raster Logistics R51,140.4446,36.2962,MFS55,LOGISTICS_HUB,medium
LC8506,MFS55 Raster Logistics R53,140.5221,36.4354,MFS55,LARGE_DISTRIBUTION,medium
LC8507,MFS55 Raster Logistics R55,140.4988,36.3271,MFS55,LARGE_DISTRIBUTION,medium
LC8508,MFS55 Raster Logistics R57,140.4046,36.3996,MFS55,MEDIUM_WAREHOUSE,medium
LC8509,MFS55 Raster Logistics R59,140.5021,36.3396,MFS55,LOGISTICS_HUB,medium
LC8510,MFS55 Raster Logistics R61,140.5471,36.4654,MFS55,LARGE_DISTRIBUTION,medium
LC8511,MFS55 Raster Logistics R63,140.3996,36.3004,MFS55,LOGISTICS_HUB,medium
LC8512,MFS55 Raster Logistics R65,140.4921,36.3654,MFS55,LOGISTICS_HUB,medium
LC8513,MFS55 Raster Logistics R67,140.5087,36.4454,MFS55,LARGE_DISTRIBUTION,medium
LC8514,MFS55 Raster Logistics R69,140.4421,36.3712,MFS55,LARGE_DISTRIBUTION,medium
LC8515,MFS55 Raster Logistics R71,140.4346,36.3821,MFS55,LOGISTICS_HUB,medium
LC8516,MFS55 Raster Logistics R73,140.4946,36.4629,MFS55,LOGISTICS_HUB,medium
LC8517,MFS55 Raster Logistics R75,140.5579,36.3579,MFS55,LOGISTICS_HUB,medium
LC8518,MFS56 Raster Logistics R1,139.8487,36.3146,MFS56,MEDIUM_WAREHOUSE,medium
LC8519,MFS56 Raster Logistics R3,139.8096,36.3229,MFS56,MEDIUM_WAREHOUSE,medium
LC8520,MFS56 Raster Logistics R5,139.8588,36.3662,MFS56,LOGISTICS_HUB,medium
LC8521,MFS56 Raster Logistics R7,139.8296,36.3037,MFS56,LOGISTICS_HUB,medium
LC8522,MFS56 Raster Logistics R9,139.8571,36.2846,MFS56,LARGE_DISTRIBUTION,medium
LC8523,MFS56 Raster Logistics R11,139.8088,36.2879,MFS56,LARGE_DISTRIBUTION,medium
LC8524,MFS56 Raster Logistics R13,139.8596,36.2954,MFS56,LOGISTICS_HUB,medium
LC8525,MFS56 Raster Logistics R15,139.8054,36.3154,MFS56,MEDIUM_WAREHOUSE,medium
LC8526,MFS56 Raster Logistics R17,139.8237,36.2862,MFS56,MEDIUM_WAREHOUSE,medium
LC8527,MFS56 Raster Logistics R19,139.9288,36.3096,MFS56,LARGE_DISTRIBUTION,medium
LC8528,MFS56 Raster Logistics R21,139.8079,36.3362,MFS56,MEDIUM_WAREHOUSE,medium
LC8529,MFS56 Raster Logistics R23,139.9137,36.2596,MFS56,LARGE_DISTRIBUTION,medium
LC8530,MFS56 Raster Logistics R25,139.8663,36.3021,MFS56,LARGE_DISTRIBUTION,medium
LC8531,MFS56 Raster Logistics R27,139.9137,36.2829,MFS56,MEDIUM_WAREHOUSE,medium
LC8532,MFS56 Raster Logistics R29,139.8579,36.3071,MFS56,LOGISTICS_HUB,medium
LC8533,MFS56 Raster Logistics R31,139.8246,36.3262,MFS56,MEDIUM_WAREHOUSE,medium
LC8534,MFS56 Raster Logistics R33,139.8121,36.3029,MFS56,MEDIUM_WAREHOUSE,medium
LC8535,MFS56 Raster Logistics R35,139.8779,36.3112,MFS56,LARGE_DISTRIBUTION,medium
LC8536,MFS56 Raster Logistics R37,139.8029,36.3246,MFS56,LARGE_DISTRIBUTION,medium
LC8537,MFS56 Raster Logistics R39,139.8787,36.2937,MFS56,LOGISTICS_HUB,medium
LC8538,MFS56 Raster Logistics R41,139.8471,36.3129,MFS56,LARGE_DISTRIBUTION,medium
LC8539,MFS56 Raster Logistics R43,139.8271,36.3171,MFS56,LARGE_DISTRIBUTION,medium
LC8540,MFS56 Raster Logistics R45,139.9187,36.2979,MFS56,MEDIUM_WAREHOUSE,medium
LC8541,MFS56 Raster Logistics R47,139.8688,36.3037,MFS56,MEDIUM_WAREHOUSE,medium
LC8542,MFS56 Raster Logistics R49,139.9029,36.2546,MFS56,LOGISTICS_HUB,medium
LC8543,MFS56 Raster Logistics R51,139.8721,36.2912,MFS56,LARGE_DISTRIBUTION,medium
LC8544,MFS56 Raster Logistics R53,139.9196,36.3137,MFS56,LOGISTICS_HUB,medium
LC8545,MFS56 Raster Logistics R55,139.8462,36.3212,MFS56,LOGISTICS_HUB,medium
LC8546,MFS56 Raster Logistics R57,139.8113,36.3512,MFS56,LARGE_DISTRIBUTION,medium
LC8547,MFS56 Raster Logistics R59,139.9129,36.2662,MFS56,LARGE_DISTRIBUTION,medium
LC8548,MFS56 Raster Logistics R61,139.9321,36.2587,MFS56,MEDIUM_WAREHOUSE,medium
LC8549,MFS56 Raster Logistics R63,139.8229,36.3504,MFS56,LOGISTICS_HUB,medium
LC8550,MFS56 Raster Logistics R65,139.8204,36.2462,MFS56,LOGISTICS_HUB,medium
LC8551,MFS56 Raster Logistics R67,139.8388,36.3221,MFS56,MEDIUM_WAREHOUSE,medium
LC8552,MFS56 Raster Logistics R69,139.9162,36.3062,MFS56,LARGE_DISTRIBUTION,medium
LC8553,MFS56 Raster Logistics R71,139.8896,36.2312,MFS56,LOGISTICS_HUB,medium
LC8554,MFS56 Raster Logistics R73,139.8946,36.3496,MFS56,LARGE_DISTRIBUTION,medium
LC8555,MFS56 Raster Logistics R75,139.8512,36.3146,MFS56,LOGISTICS_HUB,medium
LC8556,MFS56 Raster Logistics R77,139.8329,36.2862,MFS56,MEDIUM_WAREHOUSE,medium
LC8557,MFS56 Raster Logistics R79,139.8954,36.2804,MFS56,LOGISTICS_HUB,medium
LC8558,MFS56 Raster Logistics R81,139.8021,36.3187,MFS56,LOGISTICS_HUB,medium
LC8559,MFS56 Raster Logistics R83,139.8113,36.3179,MFS56,MEDIUM_WAREHOUSE,medium
LC8560,MFS56 Raster Logistics R85,139.9279,36.3304,MFS56,LOGISTICS_HUB,medium
LC8561,MFS56 Raster Logistics R87,139.8029,36.3204,MFS56,MEDIUM_WAREHOUSE,medium
LC8562,MFS56 Raster Logistics R89,139.8271,36.2679,MFS56,LOGISTICS_HUB,medium
LC8563,MFS56 Raster Logistics R91,139.8113,36.3079,MFS56,MEDIUM_WAREHOUSE,medium
LC8564,MFS56 Raster Logistics R93,139.8554,36.2821,MFS56,MEDIUM_WAREHOUSE,medium
LC8565,MFS56 Raster Logistics R95,139.8071,36.3096,MFS56,LARGE_DISTRIBUTION,medium
LC8566,MFS56 Raster Logistics R97,139.8162,36.3362,MFS56,MEDIUM_WAREHOUSE,medium
LC8567,MFS56 Raster Logistics R99,139.8221,36.3404,MFS56,LARGE_DISTRIBUTION,medium
LC8568,MFS57 Raster Logistics R1,139.0771,36.3154,MFS57,LARGE_DISTRIBUTION,medium
LC8569,MFS57 Raster Logistics R3,139.0729,36.3954,MFS57,MEDIUM_WAREHOUSE,medium
LC8570,MFS57 Raster Logistics R5,139.1671,36.3562,MFS57,MEDIUM_WAREHOUSE,medium
LC8571,MFS57 Raster Logistics R7,139.0129,36.4879,MFS57,LOGISTICS_HUB,medium
LC8572,MFS57 Raster Logistics R9,139.0854,36.3446,MFS57,MEDIUM_WAREHOUSE,medium
LC8573,MFS57 Raster Logistics R11,139.0904,36.3854,MFS57,MEDIUM_WAREHOUSE,medium
LC8574,MFS57 Raster Logistics R13,138.9721,36.3637,MFS57,LOGISTICS_HUB,medium
LC8575,MFS57 Raster Logistics R15,139.1146,36.2946,MFS57,LOGISTICS_HUB,medium
LC8576,MFS57 Raster Logistics R17,139.0221,36.3821,MFS57,LARGE_DISTRIBUTION,medium
LC8577,MFS57 Raster Logistics R19,139.1054,36.3571,MFS57,MEDIUM_WAREHOUSE,medium
LC8578,MFS57 Raster Logistics R21,139.0704,36.2971,MFS57,LOGISTICS_HUB,medium
LC8579,MFS57 Raster Logistics R23,139.1479,36.3529,MFS57,LOGISTICS_HUB,medium
LC8580,MFS57 Raster Logistics R25,139.0513,36.4337,MFS57,LARGE_DISTRIBUTION,medium
LC8581,MFS57 Raster Logistics R27,139.0079,36.3337,MFS57,LOGISTICS_HUB,medium
LC8582,MFS57 Raster Logistics R29,139.1554,36.3321,MFS57,LOGISTICS_HUB,medium
LC8583,MFS57 Raster Logistics R31,139.0421,36.4471,MFS57,LARGE_DISTRIBUTION,medium
LC8584,MFS57 Raster Logistics R33,139.0379,36.4287,MFS57,MEDIUM_WAREHOUSE,medium
LC8585,MFS57 Raster Logistics R35,139.0938,36.3779,MFS57,LARGE_DISTRIBUTION,medium
LC8586,MFS57 Raster Logistics R37,139.0437,36.3446,MFS57,LOGISTICS_HUB,medium
LC8587,MFS57 Raster Logistics R39,139.0621,36.3737,MFS57,LARGE_DISTRIBUTION,medium
LC8588,MFS57 Raster Logistics R41,139.0796,36.4104,MFS57,MEDIUM_WAREHOUSE,medium
LC8589,MFS57 Raster Logistics R43,139.1612,36.3296,MFS57,MEDIUM_WAREHOUSE,medium
LC8590,MFS57 Raster Logistics R45,139.0246,36.4429,MFS57,LOGISTICS_HUB,medium
LC8591,MFS57 Raster Logistics R47,139.0129,36.3887,MFS57,LARGE_DISTRIBUTION,medium
LC8592,MFS57 Raster Logistics R49,139.0954,36.3362,MFS57,LARGE_DISTRIBUTION,medium
LC8593,MFS57 Raster Logistics R51,139.1096,36.2971,MFS57,LOGISTICS_HUB,medium
LC8594,MFS57 Raster Logistics R53,139.1171,36.3429,MFS57,MEDIUM_WAREHOUSE,medium
LC8595,MFS57 Raster Logistics R55,139.0087,36.3179,MFS57,LOGISTICS_HUB,medium
LC8596,MFS57 Raster Logistics R57,139.0337,36.3079,MFS57,MEDIUM_WAREHOUSE,medium
LC8597,MFS57 Raster Logistics R59,138.9663,36.3437,MFS57,LARGE_DISTRIBUTION,medium
LC8598,MFS57 Raster Logistics R61,139.0729,36.3812,MFS57,LARGE_DISTRIBUTION,medium
LC8599,MFS57 Raster Logistics R63,139.1096,36.3679,MFS57,LOGISTICS_HUB,medium
LC8600,MFS57 Raster Logistics R65,138.9954,36.3912,MFS57,LARGE_DISTRIBUTION,medium
LC8601,MFS57 Raster Logistics R67,139.1062,36.4179,MFS57,LARGE_DISTRIBUTION,medium
LC8602,MFS57 Raster Logistics R69,139.1029,36.3912,MFS57,MEDIUM_WAREHOUSE,medium
LC8603,MFS57 Raster Logistics R71,139.0904,36.3871,MFS57,LOGISTICS_HUB,medium
LC8604,MFS57 Raster Logistics R73,139.0037,36.3637,MFS57,LOGISTICS_HUB,medium
LC8605,MFS57 Raster Logistics R75,138.9571,36.4237,MFS57,MEDIUM_WAREHOUSE,medium
LC8606,MFS57 Raster Logistics R77,139.1404,36.3062,MFS57,LARGE_DISTRIBUTION,medium
LC8607,MFS57 Raster Logistics R79,138.9596,36.3671,MFS57,MEDIUM_WAREHOUSE,medium
LC8608,MFS57 Raster Logistics R81,139.0062,36.3896,MFS57,LARGE_DISTRIBUTION,medium
LC8609,MFS57 Raster Logistics R83,139.0821,36.4379,MFS57,LOGISTICS_HUB,medium
LC8610,MFS57 Raster Logistics R85,139.1404,36.3637,MFS57,MEDIUM_WAREHOUSE,medium
LC8611,MFS57 Raster Logistics R87,139.0404,36.2937,MFS57,LOGISTICS_HUB,medium
LC8612,MFS57 Raster Logistics R89,139.0271,36.3696,MFS57,LARGE_DISTRIBUTION,medium
LC8613,MFS57 Raster Logistics R91,138.9946,36.3312,MFS57,LARGE_DISTRIBUTION,medium
LC8614,MFS57 Raster Logistics R93,139.0421,36.4521,MFS57,MEDIUM_WAREHOUSE,medium
LC8615,MFS57 Raster Logistics R95,139.0679,36.2937,MFS57,LOGISTICS_HUB,medium
LC8616,MFS57 Raster Logistics R97,139.0471,36.4462,MFS57,LARGE_DISTRIBUTION,medium
LC8617,MFS57 Raster Logistics R99,139.0746,36.3196,MFS57,MEDIUM_WAREHOUSE,medium
LC8618,MFS58 Raster Logistics R1,139.2862,36.3546,MFS58,MEDIUM_WAREHOUSE,medium
LC8619,MFS58 Raster Logistics R3,139.4304,36.3279,MFS58,LOGISTICS_HUB,medium
LC8620,MFS58 Raster Logistics R5,139.4504,36.2479,MFS58,LOGISTICS_HUB,medium
LC8621,MFS58 Raster Logistics R7,139.3929,36.3562,MFS58,LARGE_DISTRIBUTION,medium
LC8622,MFS58 Raster Logistics R9,139.3088,36.3529,MFS58,MEDIUM_WAREHOUSE,medium
LC8623,MFS58 Raster Logistics R11,139.4329,36.2596,MFS58,LARGE_DISTRIBUTION,medium
LC8624,MFS58 Raster Logistics R13,139.3496,36.2879,MFS58,LOGISTICS_HUB,medium
LC8625,MFS58 Raster Logistics R15,139.3196,36.2596,MFS58,LOGISTICS_HUB,medium
LC8626,MFS58 Raster Logistics R17,139.3479,36.3812,MFS58,LOGISTICS_HUB,medium
LC8627,MFS58 Raster Logistics R19,139.3837,36.3029,MFS58,MEDIUM_WAREHOUSE,medium
LC8628,MFS58 Raster Logistics R21,139.4154,36.2954,MFS58,LOGISTICS_HUB,medium
LC8629,MFS58 Raster Logistics R23,139.3288,36.2771,MFS58,LOGISTICS_HUB,medium
LC8630,MFS58 Raster Logistics R25,139.3721,36.3696,MFS58,LARGE_DISTRIBUTION,medium
LC8631,MFS58 Raster Logistics R27,139.3304,36.3829,MFS58,LARGE_DISTRIBUTION,medium
LC8632,MFS58 Raster Logistics R29,139.3796,36.3754,MFS58,LOGISTICS_HUB,medium
LC8633,MFS58 Raster Logistics R31,139.4154,36.3337,MFS58,LARGE_DISTRIBUTION,medium
LC8634,MFS58 Raster Logistics R33,139.3887,36.2671,MFS58,LOGISTICS_HUB,medium
LC8635,MFS58 Raster Logistics R35,139.4529,36.3337,MFS58,LARGE_DISTRIBUTION,medium
LC8636,MFS58 Raster Logistics R37,139.3588,36.2862,MFS58,MEDIUM_WAREHOUSE,medium
LC8637,MFS58 Raster Logistics R39,139.3496,36.3154,MFS58,LARGE_DISTRIBUTION,medium
LC8638,MFS58 Raster Logistics R41,139.3096,36.2937,MFS58,LARGE_DISTRIBUTION,medium
LC8639,MFS58 Raster Logistics R43,139.3604,36.3787,MFS58,LARGE_DISTRIBUTION,medium
LC8640,MFS58 Raster Logistics R45,139.3137,36.3096,MFS58,LARGE_DISTRIBUTION,medium
LC8641,MFS58 Raster Logistics R47,139.3771,36.3721,MFS58,MEDIUM_WAREHOUSE,medium
LC8642,MFS58 Raster Logistics R49,139.3804,36.3446,MFS58,MEDIUM_WAREHOUSE,medium
LC8643,MFS58 Raster Logistics R51,139.3271,36.3079,MFS58,LARGE_DISTRIBUTION,medium
LC8644,MFS58 Raster Logistics R53,139.4013,36.2887,MFS58,LARGE_DISTRIBUTION,medium
LC8645,MFS58 Raster Logistics R55,139.4071,36.3104,MFS58,MEDIUM_WAREHOUSE,medium
LC8646,MFS58 Raster Logistics R57,139.2846,36.3271,MFS58,LOGISTICS_HUB,medium
LC8647,MFS58 Raster Logistics R59,139.3854,36.2996,MFS58,MEDIUM_WAREHOUSE,medium
LC8648,MFS58 Raster Logistics R61,139.3288,36.3046,MFS58,LOGISTICS_HUB,medium
LC8649,MFS58 Raster Logistics R63,139.4179,36.3046,MFS58,LOGISTICS_HUB,medium
LC8650,MFS58 Raster Logistics R65,139.2912,36.2754,MFS58,LOGISTICS_HUB,medium
LC8651,MFS58 Raster Logistics R67,139.4462,36.2554,MFS58,LOGISTICS_HUB,medium
LC8652,MFS58 Raster Logistics R69,139.3812,36.3021,MFS58,LARGE_DISTRIBUTION,medium
LC8653,MFS58 Raster Logistics R71,139.3262,36.3096,MFS58,MEDIUM_WAREHOUSE,medium
LC8654,MFS58 Raster Logistics R73,139.3388,36.2671,MFS58,LOGISTICS_HUB,medium
LC8655,MFS58 Raster Logistics R75,139.2996,36.2679,MFS58,LARGE_DISTRIBUTION,medium
LC8656,MFS58 Raster Logistics R77,139.3704,36.3437,MFS58,LOGISTICS_HUB,medium
LC8657,MFS58 Raster Logistics R79,139.3887,36.2854,MFS58,LOGISTICS_HUB,medium
LC8658,MFS58 Raster Logistics R81,139.4179,36.2562,MFS58,MEDIUM_WAREHOUSE,medium
LC8659,MFS58 Raster Logistics R83,139.4246,36.3512,MFS58,MEDIUM_WAREHOUSE,medium
LC8660,MFS58 Raster Logistics R85,139.4529,36.3154,MFS58,LOGISTICS_HUB,medium
LC8661,MFS58 Raster Logistics R87,139.4571,36.3071,MFS58,LARGE_DISTRIBUTION,medium
LC8662,MFS58 Raster Logistics R89,139.3596,36.2971,MFS58,MEDIUM_WAREHOUSE,medium
LC8663,MFS58 Raster Logistics R91,139.3796,36.3487,MFS58,MEDIUM_WAREHOUSE,medium
LC8664,MFS58 Raster Logistics R93,139.4263,36.3437,MFS58,LARGE_DISTRIBUTION,medium
LC8665,MFS58 Raster Logistics R95,139.4013,36.2812,MFS58,LOGISTICS_HUB,medium
LC8666,MFS58 Raster Logistics R97,139.2879,36.3646,MFS58,MEDIUM_WAREHOUSE,medium
LC8667,MFS58 Raster Logistics R99,139.3837,36.2729,MFS58,MEDIUM_WAREHOUSE,medium
LC8668,MFS60 Raster Logistics R1,139.7429,36.3962,MFS60,LARGE_DISTRIBUTION,medium
LC8669,MFS60 Raster Logistics R3,139.7654,36.3162,MFS60,LOGISTICS_HUB,medium
LC8670,MFS60 Raster Logistics R5,139.6971,36.4112,MFS60,LOGISTICS_HUB,medium
LC8671,MFS60 Raster Logistics R7,139.7396,36.4021,MFS60,LOGISTICS_HUB,medium
LC8672,MFS60 Raster Logistics R9,139.7179,36.3746,MFS60,LOGISTICS_HUB,medium
LC8673,MFS60 Raster Logistics R11,139.7488,36.4162,MFS60,LOGISTICS_HUB,medium
LC8674,MFS60 Raster Logistics R13,139.7979,36.4246,MFS60,LARGE_DISTRIBUTION,medium
LC8675,MFS60 Raster Logistics R15,139.7004,36.3862,MFS60,LARGE_DISTRIBUTION,medium
LC8676,MFS60 Raster Logistics R17,139.7571,36.4154,MFS60,LARGE_DISTRIBUTION,medium
LC8677,MFS60 Raster Logistics R19,139.7204,36.3871,MFS60,MEDIUM_WAREHOUSE,medium
LC8678,MFS60 Raster Logistics R21,139.7929,36.3696,MFS60,LARGE_DISTRIBUTION,medium
LC8679,MFS60 Raster Logistics R23,139.7262,36.3846,MFS60,MEDIUM_WAREHOUSE,medium
LC8680,MFS60 Raster Logistics R25,139.7413,36.3696,MFS60,LARGE_DISTRIBUTION,medium
LC8681,MFS60 Raster Logistics R27,139.7079,36.3529,MFS60,LOGISTICS_HUB,medium
LC8682,MFS60 Raster Logistics R29,139.7512,36.4021,MFS60,LOGISTICS_HUB,medium
LC8683,MFS60 Raster Logistics R31,139.7463,36.3112,MFS60,LARGE_DISTRIBUTION,medium
LC8684,MFS60 Raster Logistics R33,139.7096,36.3171,MFS60,MEDIUM_WAREHOUSE,medium
LC8685,MFS60 Raster Logistics R35,139.7979,36.4212,MFS60,LOGISTICS_HUB,medium
LC8686,MFS60 Raster Logistics R37,139.7179,36.3679,MFS60,LOGISTICS_HUB,medium
LC8687,MFS60 Raster Logistics R39,139.7196,36.3996,MFS60,MEDIUM_WAREHOUSE,medium
LC8688,MFS60 Raster Logistics R41,139.7663,36.3871,MFS60,MEDIUM_WAREHOUSE,medium
LC8689,MFS60 Raster Logistics R43,139.7713,36.4037,MFS60,MEDIUM_WAREHOUSE,medium
LC8690,MFS60 Raster Logistics R45,139.7454,36.3746,MFS60,LOGISTICS_HUB,medium
LC8691,MFS60 Raster Logistics R47,139.6821,36.3504,MFS60,MEDIUM_WAREHOUSE,medium
LC8692,MFS60 Raster Logistics R49,139.7321,36.3612,MFS60,MEDIUM_WAREHOUSE,medium
LC8693,MFS60 Raster Logistics R51,139.7379,36.3887,MFS60,LARGE_DISTRIBUTION,medium
LC8694,MFS60 Raster Logistics R53,139.7154,36.3229,MFS60,MEDIUM_WAREHOUSE,medium
LC8695,MFS60 Raster Logistics R55,139.6771,36.3937,MFS60,LOGISTICS_HUB,medium
LC8696,MFS60 Raster Logistics R57,139.7254,36.3796,MFS60,MEDIUM_WAREHOUSE,medium
LC8697,MFS60 Raster Logistics R59,139.7329,36.4296,MFS60,LOGISTICS_HUB,medium
LC8698,MFS60 Raster Logistics R61,139.7071,36.4004,MFS60,LARGE_DISTRIBUTION,medium
LC8699,MFS60 Raster Logistics R63,139.6696,36.4254,MFS60,LOGISTICS_HUB,medium
LC8700,MFS60 Raster Logistics R65,139.7562,36.4404,MFS60,LARGE_DISTRIBUTION,medium
LC8701,MFS60 Raster Logistics R67,139.7212,36.3854,MFS60,LOGISTICS_HUB,medium
LC8702,MFS60 Raster Logistics R69,139.7629,36.3896,MFS60,MEDIUM_WAREHOUSE,medium
LC8703,MFS60 Raster Logistics R71,139.7279,36.3671,MFS60,LARGE_DISTRIBUTION,medium
LC8704,MFS60 Raster Logistics R73,139.7521,36.4104,MFS60,LARGE_DISTRIBUTION,medium
LC8705,MFS60 Raster Logistics R75,139.7221,36.3246,MFS60,LARGE_DISTRIBUTION,medium
LC8706,MFS60 Raster Logistics R77,139.7146,36.3321,MFS60,LOGISTICS_HUB,medium
LC8707,MFS60 Raster Logistics R79,139.7071,36.3571,MFS60,LOGISTICS_HUB,medium
LC8708,MFS60 Raster Logistics R81,139.7088,36.4087,MFS60,MEDIUM_WAREHOUSE,medium
LC8709,MFS60 Raster Logistics R83,139.6971,36.4154,MFS60,LOGISTICS_HUB,medium
LC8710,MFS60 Raster Logistics R85,139.7488,36.3379,MFS60,LOGISTICS_HUB,medium
LC8711,MFS60 Raster Logistics R87,139.6838,36.4412,MFS60,LOGISTICS_HUB,medium
LC8712,MFS60 Raster Logistics R89,139.7463,36.3779,MFS60,LARGE_DISTRIBUTION,medium
LC8713,MFS60 Raster Logistics R91,139.7179,36.3754,MFS60,LOGISTICS_HUB,medium
LC8714,MFS60 Raster Logistics R93,139.7404,36.4512,MFS60,LOGISTICS_HUB,medium
LC8715,MFS60 Raster Logistics R95,139.7429,36.4062,MFS60,MEDIUM_WAREHOUSE,medium
LC8716,MFS60 Raster Logistics R97,139.7654,36.3904,MFS60,LOGISTICS_HUB,medium
LC8717,MFS60 Raster Logistics R99,139.7512,36.3546,MFS60,LOGISTICS_HUB,medium
LC8718,MFS61 Raster Logistics R1,139.4621,36.3079,MFS61,LARGE_DISTRIBUTION,medium
LC8719,MFS61 Raster Logistics R3,139.4263,36.3179,MFS61,LOGISTICS_HUB,medium
LC8720,MFS61 Raster Logistics R5,139.4921,36.2904,MFS61,LOGISTICS_HUB,medium
LC8721,MFS61 Raster Logistics R7,139.4579,36.3512,MFS61,LOGISTICS_HUB,medium
LC8722,MFS61 Raster Logistics R9,139.4446,36.3087,MFS61,LARGE_DISTRIBUTION,medium
LC8723,MFS61 Raster Logistics R11,139.4471,36.3104,MFS61,MEDIUM_WAREHOUSE,medium
LC8724,MFS61 Raster Logistics R13,139.4162,36.2962,MFS61,LOGISTICS_HUB,medium
LC8725,MFS61 Raster Logistics R15,139.4879,36.3229,MFS61,LOGISTICS_HUB,medium
LC8726,MFS61 Raster Logistics R17,139.4879,36.3171,MFS61,LOGISTICS_HUB,medium
LC8727,MFS61 Raster Logistics R19,139.4812,36.3537,MFS61,LOGISTICS_HUB,medium
LC8728,MFS61 Raster Logistics R21,139.4737,36.3237,MFS61,MEDIUM_WAREHOUSE,medium
LC8729,MFS61 Raster Logistics R23,139.5021,36.3004,MFS61,LARGE_DISTRIBUTION,medium
LC8730,MFS61 Raster Logistics R25,139.3954,36.3546,MFS61,LARGE_DISTRIBUTION,medium
LC8731,MFS61 Raster Logistics R27,139.4854,36.3704,MFS61,MEDIUM_WAREHOUSE,medium
LC8732,MFS61 Raster Logistics R29,139.4554,36.3337,MFS61,MEDIUM_WAREHOUSE,medium
LC8733,MFS61 Raster Logistics R31,139.3896,36.3762,MFS61,LARGE_DISTRIBUTION,medium
LC8734,MFS61 Raster Logistics R33,139.3971,36.3337,MFS61,LOGISTICS_HUB,medium
LC8735,MFS61 Raster Logistics R35,139.4062,36.3304,MFS61,LOGISTICS_HUB,medium
LC8736,MFS61 Raster Logistics R37,139.3971,36.3596,MFS61,MEDIUM_WAREHOUSE,medium
LC8737,MFS61 Raster Logistics R39,139.4371,36.3279,MFS61,LARGE_DISTRIBUTION,medium
LC8738,MFS61 Raster Logistics R41,139.4329,36.3112,MFS61,LOGISTICS_HUB,medium
LC8739,MFS61 Raster Logistics R43,139.4588,36.3329,MFS61,MEDIUM_WAREHOUSE,medium
LC8740,MFS61 Raster Logistics R45,139.3921,36.3171,MFS61,LOGISTICS_HUB,medium
LC8741,MFS61 Raster Logistics R47,139.3913,36.3012,MFS61,LOGISTICS_HUB,medium
LC8742,MFS61 Raster Logistics R49,139.4638,36.3321,MFS61,MEDIUM_WAREHOUSE,medium
LC8743,MFS61 Raster Logistics R51,139.4737,36.3296,MFS61,MEDIUM_WAREHOUSE,medium
LC8744,MFS61 Raster Logistics R53,139.4296,36.3462,MFS61,LARGE_DISTRIBUTION,medium
LC8745,MFS61 Raster Logistics R55,139.4646,36.3529,MFS61,LOGISTICS_HUB,medium
LC8746,MFS61 Raster Logistics R57,139.4129,36.3279,MFS61,LARGE_DISTRIBUTION,medium
LC8747,MFS61 Raster Logistics R59,139.4804,36.3229,MFS61,MEDIUM_WAREHOUSE,medium
LC8748,MFS61 Raster Logistics R61,139.3954,36.3221,MFS61,MEDIUM_WAREHOUSE,medium
LC8749,MFS61 Raster Logistics R63,139.4363,36.2829,MFS61,MEDIUM_WAREHOUSE,medium
LC8750,MFS61 Raster Logistics R65,139.4213,36.3204,MFS61,MEDIUM_WAREHOUSE,medium
LC8751,MFS61 Raster Logistics R67,139.4762,36.3321,MFS61,LOGISTICS_HUB,medium
LC8752,MFS61 Raster Logistics R69,139.4779,36.3596,MFS61,MEDIUM_WAREHOUSE,medium
LC8753,MFS61 Raster Logistics R71,139.4071,36.3437,MFS61,LOGISTICS_HUB,medium
LC8754,MFS61 Raster Logistics R73,139.4071,36.3804,MFS61,LARGE_DISTRIBUTION,medium
LC8755,MFS61 Raster Logistics R75,139.4021,36.3512,MFS61,LOGISTICS_HUB,medium
LC8756,MFS61 Raster Logistics R77,139.4846,36.3637,MFS61,LOGISTICS_HUB,medium
LC8757,MFS61 Raster Logistics R79,139.4629,36.3446,MFS61,LOGISTICS_HUB,medium
LC8758,MFS61 Raster Logistics R81,139.4338,36.2812,MFS61,MEDIUM_WAREHOUSE,medium
LC8759,MFS61 Raster Logistics R83,139.4013,36.2996,MFS61,LOGISTICS_HUB,medium
LC8760,MFS61 Raster Logistics R85,139.4321,36.3279,MFS61,LOGISTICS_HUB,medium
LC8761,MFS61 Raster Logistics R87,139.4729,36.3096,MFS61,MEDIUM_WAREHOUSE,medium
LC8762,MFS61 Raster Logistics R89,139.4487,36.3437,MFS61,MEDIUM_WAREHOUSE,medium
LC8763,MFS61 Raster Logistics R91,139.3954,36.3404,MFS61,LOGISTICS_HUB,medium
LC8764,MFS61 Raster Logistics R93,139.3887,36.3454,MFS61,MEDIUM_WAREHOUSE,medium
LC8765,MFS61 Raster Logistics R95,139.3913,36.3279,MFS61,MEDIUM_WAREHOUSE,medium
LC8766,MFS61 Raster Logistics R97,139.4754,36.3012,MFS61,LOGISTICS_HUB,medium
LC8767,MFS61 Raster Logistics R99,139.4071,36.3079,MFS61,LARGE_DISTRIBUTION,medium
LC8768,MFS63 Raster Logistics R1,140.3654,36.6879,MFS63,LARGE_DISTRIBUTION,medium
LC8769,MFS63 Raster Logistics R3,140.4246,36.6412,MFS63,LARGE_DISTRIBUTION,medium
LC8770,MFS63 Raster Logistics R5,140.3588,36.7646,MFS63,LARGE_DISTRIBUTION,medium
LC8771,MFS63 Raster Logistics R7,140.3613,36.7646,MFS63,LOGISTICS_HUB,medium
LC8772,MFS63 Raster Logistics R9,140.4688,36.6971,MFS63,LOGISTICS_HUB,medium
LC8773,MFS63 Raster Logistics R11,140.4288,36.6287,MFS63,MEDIUM_WAREHOUSE,medium
LC8774,MFS63 Raster Logistics R13,140.3938,36.5771,MFS63,LARGE_DISTRIBUTION,medium
LC8775,MFS63 Raster Logistics R15,140.3854,36.5987,MFS63,LOGISTICS_HUB,medium
LC8776,MFS63 Raster Logistics R17,140.3496,36.6087,MFS63,LOGISTICS_HUB,medium
LC8777,MFS63 Raster Logistics R19,140.3338,36.6596,MFS63,LARGE_DISTRIBUTION,medium
LC8778,MFS63 Raster Logistics R21,140.3379,36.6496,MFS63,LOGISTICS_HUB,medium
LC8779,MFS63 Raster Logistics R23,140.3546,36.7854,MFS63,MEDIUM_WAREHOUSE,medium
LC8780,MFS63 Raster Logistics R25,140.4829,36.7729,MFS63,LARGE_DISTRIBUTION,medium
LC8781,MFS63 Raster Logistics R27,140.4579,36.8254,MFS63,MEDIUM_WAREHOUSE,medium
LC8782,MFS63 Raster Logistics R29,140.4754,36.6612,MFS63,LOGISTICS_HUB,medium
LC8783,MFS63 Raster Logistics R31,140.3829,36.6087,MFS63,MEDIUM_WAREHOUSE,medium
LC8784,MFS63 Raster Logistics R33,140.3487,36.7787,MFS63,MEDIUM_WAREHOUSE,medium
LC8785,MFS63 Raster Logistics R35,140.3787,36.7537,MFS63,LARGE_DISTRIBUTION,medium
LC8786,MFS63 Raster Logistics R37,140.3696,36.8012,MFS63,LARGE_DISTRIBUTION,medium
LC8787,MFS63 Raster Logistics R39,140.4929,36.7262,MFS63,MEDIUM_WAREHOUSE,medium
LC8788,MFS63 Raster Logistics R41,140.3787,36.7229,MFS63,LOGISTICS_HUB,medium
LC8789,MFS63 Raster Logistics R43,140.3554,36.7687,MFS63,LARGE_DISTRIBUTION,medium
LC8790,MFS63 Raster Logistics R45,140.3929,36.6587,MFS63,LARGE_DISTRIBUTION,medium
LC8791,MFS63 Raster Logistics R47,140.3604,36.7804,MFS63,LARGE_DISTRIBUTION,medium
LC8792,MFS63 Raster Logistics R49,140.4812,36.7804,MFS63,MEDIUM_WAREHOUSE,medium
LC8793,MFS63 Raster Logistics R51,140.5121,36.5837,MFS63,LARGE_DISTRIBUTION,medium
LC8794,MFS63 Raster Logistics R53,140.4054,36.5737,MFS63,LOGISTICS_HUB,medium
LC8795,MFS63 Raster Logistics R55,140.5396,36.6046,MFS63,LOGISTICS_HUB,medium
LC8796,MFS63 Raster Logistics R57,140.4396,36.6104,MFS63,LARGE_DISTRIBUTION,medium
LC8797,MFS63 Raster Logistics R59,140.3746,36.8146,MFS63,MEDIUM_WAREHOUSE,medium
LC8798,MFS63 Raster Logistics R61,140.3471,36.7804,MFS63,LARGE_DISTRIBUTION,medium
LC8799,MFS63 Raster Logistics R63,140.5079,36.6562,MFS63,LARGE_DISTRIBUTION,medium
LC8800,MFS63 Raster Logistics R65,140.3596,36.7637,MFS63,LOGISTICS_HUB,medium
LC8801,MFS63 Raster Logistics R67,140.3971,36.5987,MFS63,MEDIUM_WAREHOUSE,medium
LC8802,MFS63 Raster Logistics R69,140.3546,36.7829,MFS63,LOGISTICS_HUB,medium
LC8803,MFS63 Raster Logistics R71,140.5071,36.5762,MFS63,LARGE_DISTRIBUTION,medium
LC8804,MFS63 Raster Logistics R73,140.3963,36.6379,MFS63,LOGISTICS_HUB,medium
LC8805,MFS63 Raster Logistics R75,140.3596,36.7612,MFS63,LARGE_DISTRIBUTION,medium
LC8806,MFS63 Raster Logistics R77,140.4804,36.6246,MFS63,MEDIUM_WAREHOUSE,medium
LC8807,MFS63 Raster Logistics R79,140.4387,36.6037,MFS63,MEDIUM_WAREHOUSE,medium
LC8808,MFS63 Raster Logistics R81,140.3638,36.7912,MFS63,LOGISTICS_HUB,medium
LC8809,MFS63 Raster Logistics R83,140.3721,36.7646,MFS63,LARGE_DISTRIBUTION,medium
LC8810,MFS63 Raster Logistics R85,140.4421,36.7729,MFS63,LARGE_DISTRIBUTION,medium
LC8811,MFS63 Raster Logistics R87,140.3787,36.7471,MFS63,LOGISTICS_HUB,medium
LC8812,MFS63 Raster Logistics R89,140.3571,36.7854,MFS63,MEDIUM_WAREHOUSE,medium
LC8813,MFS63 Raster Logistics R91,140.4029,36.6287,MFS63,MEDIUM_WAREHOUSE,medium
LC8814,MFS63 Raster Logistics R93,140.4838,36.6204,MFS63,MEDIUM_WAREHOUSE,medium
LC8815,MFS63 Raster Logistics R95,140.3804,36.7254,MFS63,MEDIUM_WAREHOUSE,medium
LC8816,MFS63 Raster Logistics R97,140.3429,36.6404,MFS63,MEDIUM_WAREHOUSE,medium
LC8817,MFS63 Raster Logistics R99,140.5412,36.5962,MFS63,MEDIUM_WAREHOUSE,medium
LC8818,MFS64 Raster Logistics R1,139.7021,36.7879,MFS64,MEDIUM_WAREHOUSE,medium
LC8819,MFS64 Raster Logistics R3,139.8946,36.7954,MFS64,LARGE_DISTRIBUTION,medium
LC8820,MFS64 Raster Logistics R5,139.8704,36.7887,MFS64,LARGE_DISTRIBUTION,medium
LC8821,MFS64 Raster Logistics R7,139.7188,36.8254,MFS64,LOGISTICS_HUB,medium
LC8822,MFS64 Raster Logistics R9,139.7046,36.8929,MFS64,LARGE_DISTRIBUTION,medium
LC8823,MFS64 Raster Logistics R11,139.7096,36.8196,MFS64,MEDIUM_WAREHOUSE,medium
LC8824,MFS64 Raster Logistics R13,139.8688,36.7746,MFS64,LOGISTICS_HUB,medium
LC8825,MFS64 Raster Logistics R15,139.8579,36.7846,MFS64,LARGE_DISTRIBUTION,medium
LC8826,MFS64 Raster Logistics R17,139.7212,36.7771,MFS64,LARGE_DISTRIBUTION,medium
LC8827,MFS64 Raster Logistics R19,139.9079,36.8404,MFS64,LOGISTICS_HUB,medium
LC8828,MFS64 Raster Logistics R21,139.7104,36.8046,MFS64,LARGE_DISTRIBUTION,medium
LC8829,MFS64 Raster Logistics R23,139.7896,36.7687,MFS64,LARGE_DISTRIBUTION,medium
LC8830,MFS64 Raster Logistics R25,139.6996,36.7971,MFS64,MEDIUM_WAREHOUSE,medium
LC8831,MFS64 Raster Logistics R27,139.7329,36.7629,MFS64,LARGE_DISTRIBUTION,medium
LC8832,MFS64 Raster Logistics R29,139.7113,36.7746,MFS64,MEDIUM_WAREHOUSE,medium
LC8833,MFS64 Raster Logistics R31,139.8896,36.8279,MFS64,LARGE_DISTRIBUTION,medium
LC8834,MFS64 Raster Logistics R33,139.7121,36.7829,MFS64,LOGISTICS_HUB,medium
LC8835,MFS64 Raster Logistics R35,139.7937,36.7687,MFS64,MEDIUM_WAREHOUSE,medium
LC8836,MFS64 Raster Logistics R37,139.8004,36.8187,MFS64,LARGE_DISTRIBUTION,medium
LC8837,MFS64 Raster Logistics R39,139.8296,36.7704,MFS64,LARGE_DISTRIBUTION,medium
LC8838,MFS64 Raster Logistics R41,139.7663,36.7496,MFS64,MEDIUM_WAREHOUSE,medium
LC8839,MFS64 Raster Logistics R43,139.7146,36.8137,MFS64,LOGISTICS_HUB,medium
LC8840,MFS64 Raster Logistics R45,139.7088,36.7871,MFS64,MEDIUM_WAREHOUSE,medium
LC8841,MFS64 Raster Logistics R47,139.8529,36.7696,MFS64,LOGISTICS_HUB,medium
LC8842,MFS64 Raster Logistics R49,139.8129,36.7779,MFS64,LOGISTICS_HUB,medium
LC8843,MFS64 Raster Logistics R51,139.7113,36.8062,MFS64,MEDIUM_WAREHOUSE,medium
LC8844,MFS64 Raster Logistics R53,139.7179,36.8362,MFS64,LARGE_DISTRIBUTION,medium
LC8845,MFS64 Raster Logistics R55,139.7212,36.8246,MFS64,LARGE_DISTRIBUTION,medium
LC8846,MFS64 Raster Logistics R57,139.8646,36.7804,MFS64,MEDIUM_WAREHOUSE,medium
LC8847,MFS64 Raster Logistics R59,139.7021,36.7829,MFS64,MEDIUM_WAREHOUSE,medium
LC8848,MFS64 Raster Logistics R61,139.8921,36.8671,MFS64,LOGISTICS_HUB,medium
LC8849,MFS64 Raster Logistics R63,139.8487,36.7696,MFS64,LOGISTICS_HUB,medium
LC8850,MFS64 Raster Logistics R65,139.7121,36.8079,MFS64,LARGE_DISTRIBUTION,medium
LC8851,MFS64 Raster Logistics R67,139.8963,36.8087,MFS64,LARGE_DISTRIBUTION,medium
LC8852,MFS64 Raster Logistics R69,139.7912,36.7696,MFS64,MEDIUM_WAREHOUSE,medium
LC8853,MFS64 Raster Logistics R71,139.7154,36.8154,MFS64,MEDIUM_WAREHOUSE,medium
LC8854,MFS64 Raster Logistics R73,139.8071,36.7721,MFS64,MEDIUM_WAREHOUSE,medium
LC8855,MFS64 Raster Logistics R75,139.7079,36.8062,MFS64,MEDIUM_WAREHOUSE,medium
LC8856,MFS64 Raster Logistics R77,139.7246,36.8421,MFS64,MEDIUM_WAREHOUSE,medium
LC8857,MFS64 Raster Logistics R79,139.7104,36.8037,MFS64,LOGISTICS_HUB,medium
LC8858,MFS64 Raster Logistics R81,139.8713,36.7887,MFS64,LARGE_DISTRIBUTION,medium
LC8859,MFS64 Raster Logistics R83,139.7104,36.7729,MFS64,LOGISTICS_HUB,medium
LC8860,MFS64 Raster Logistics R85,139.7329,36.7579,MFS64,MEDIUM_WAREHOUSE,medium
LC8861,MFS64 Raster Logistics R87,139.7071,36.8071,MFS64,MEDIUM_WAREHOUSE,medium
LC8862,MFS64 Raster Logistics R89,139.7138,36.8171,MFS64,LARGE_DISTRIBUTION,medium
LC8863,MFS64 Raster Logistics R91,139.7004,36.7896,MFS64,LOGISTICS_HUB,medium
LC8864,MFS64 Raster Logistics R93,139.9021,36.8946,MFS64,LARGE_DISTRIBUTION,medium
LC8865,MFS64 Raster Logistics R95,139.7063,36.7887,MFS64,MEDIUM_WAREHOUSE,medium
LC8866,MFS64 Raster Logistics R97,139.7138,36.8146,MFS64,LARGE_DISTRIBUTION,medium
LC8867,MFS64 Raster Logistics R99,139.7154,36.7787,MFS64,LARGE_DISTRIBUTION,medium
LC8868,MFS65 Raster Logistics R1,139.0721,36.6596,MFS65,LARGE_DISTRIBUTION,medium
LC8869,MFS65 Raster Logistics R3,138.8821,36.6862,MFS65,MEDIUM_WAREHOUSE,medium
LC8870,MFS65 Raster Logistics R5,138.9554,36.6246,MFS65,MEDIUM_WAREHOUSE,medium
LC8871,MFS65 Raster Logistics R7,139.0463,36.6504,MFS65,LOGISTICS_HUB,medium
LC8872,MFS65 Raster Logistics R9,139.0404,36.6862,MFS65,LARGE_DISTRIBUTION,medium
LC8873,MFS65 Raster Logistics R11,139.0754,36.6562,MFS65,LOGISTICS_HUB,medium
LC8874,MFS65 Raster Logistics R13,139.0421,36.6137,MFS65,LARGE_DISTRIBUTION,medium
LC8875,MFS65 Raster Logistics R15,139.0396,36.6254,MFS65,LOGISTICS_HUB,medium
LC8876,MFS65 Raster Logistics R17,139.0362,36.6479,MFS65,LOGISTICS_HUB,medium
LC8877,MFS65 Raster Logistics R19,139.0488,36.6021,MFS65,LOGISTICS_HUB,medium
LC8878,MFS65 Raster Logistics R21,138.8854,36.7279,MFS65,LOGISTICS_HUB,medium
LC8879,MFS65 Raster Logistics R23,138.9654,36.6262,MFS65,MEDIUM_WAREHOUSE,medium
LC8880,MFS65 Raster Logistics R25,139.0646,36.7187,MFS65,LARGE_DISTRIBUTION,medium
LC8881,MFS65 Raster Logistics R27,139.0529,36.6546,MFS65,MEDIUM_WAREHOUSE,medium
LC8882,MFS65 Raster Logistics R29,139.0671,36.6596,MFS65,MEDIUM_WAREHOUSE,medium
LC8883,MFS65 Raster Logistics R31,139.0621,36.6471,MFS65,LARGE_DISTRIBUTION,medium
LC8884,MFS65 Raster Logistics R33,139.0704,36.6604,MFS65,LARGE_DISTRIBUTION,medium
LC8885,MFS65 Raster Logistics R35,139.0662,36.6479,MFS65,LOGISTICS_HUB,medium
LC8886,MFS65 Raster Logistics R37,139.0012,36.7396,MFS65,LOGISTICS_HUB,medium
LC8887,MFS65 Raster Logistics R39,138.9821,36.7029,MFS65,LARGE_DISTRIBUTION,medium
LC8888,MFS65 Raster Logistics R41,138.9863,36.6671,MFS65,LARGE_DISTRIBUTION,medium
LC8889,MFS65 Raster Logistics R43,139.0112,36.6687,MFS65,MEDIUM_WAREHOUSE,medium
LC8890,MFS65 Raster Logistics R45,139.0479,36.6396,MFS65,LARGE_DISTRIBUTION,medium
LC8891,MFS65 Raster Logistics R47,138.9154,36.6229,MFS65,LARGE_DISTRIBUTION,medium
LC8892,MFS65 Raster Logistics R49,138.9412,36.6771,MFS65,MEDIUM_WAREHOUSE,medium
LC8893,MFS65 Raster Logistics R51,139.0496,36.6062,MFS65,LOGISTICS_HUB,medium
LC8894,MFS65 Raster Logistics R53,138.9838,36.7346,MFS65,LOGISTICS_HUB,medium
LC8895,MFS65 Raster Logistics R55,138.9746,36.7129,MFS65,LARGE_DISTRIBUTION,medium
LC8896,MFS65 Raster Logistics R57,138.9613,36.6087,MFS65,MEDIUM_WAREHOUSE,medium
LC8897,MFS65 Raster Logistics R59,138.9213,36.6129,MFS65,LOGISTICS_HUB,medium
LC8898,MFS65 Raster Logistics R61,139.0796,36.6537,MFS65,MEDIUM_WAREHOUSE,medium
LC8899,MFS65 Raster Logistics R63,138.9654,36.6179,MFS65,LARGE_DISTRIBUTION,medium
LC8900,MFS65 Raster Logistics R65,139.0771,36.6437,MFS65,LOGISTICS_HUB,medium
LC8901,MFS65 Raster Logistics R67,139.0238,36.6754,MFS65,LARGE_DISTRIBUTION,medium
LC8902,MFS65 Raster Logistics R69,139.0588,36.6471,MFS65,LARGE_DISTRIBUTION,medium
LC8903,MFS65 Raster Logistics R71,139.0488,36.6404,MFS65,LARGE_DISTRIBUTION,medium
LC8904,MFS65 Raster Logistics R73,139.0304,36.6446,MFS65,MEDIUM_WAREHOUSE,medium
LC8905,MFS65 Raster Logistics R75,138.9729,36.6712,MFS65,LARGE_DISTRIBUTION,medium
LC8906,MFS65 Raster Logistics R77,139.0288,36.6446,MFS65,MEDIUM_WAREHOUSE,medium
LC8907,MFS65 Raster Logistics R79,138.9829,36.7912,MFS65,LARGE_DISTRIBUTION,medium
LC8908,MFS65 Raster Logistics R81,138.9054,36.7004,MFS65,LOGISTICS_HUB,medium
LC8909,MFS65 Raster Logistics R83,138.9787,36.6771,MFS65,MEDIUM_WAREHOUSE,medium
LC8910,MFS65 Raster Logistics R85,138.9404,36.7796,MFS65,LOGISTICS_HUB,medium
LC8911,MFS65 Raster Logistics R87,138.9396,36.6196,MFS65,LARGE_DISTRIBUTION,medium
LC8912,MFS65 Raster Logistics R89,139.0521,36.6504,MFS65,MEDIUM_WAREHOUSE,medium
LC8913,MFS65 Raster Logistics R91,139.0229,36.6396,MFS65,LOGISTICS_HUB,medium
LC8914,MFS65 Raster Logistics R93,138.9429,36.6812,MFS65,LOGISTICS_HUB,medium
LC8915,MFS65 Raster Logistics R95,139.0154,36.6662,MFS65,LARGE_DISTRIBUTION,medium
LC8916,MFS65 Raster Logistics R97,138.9613,36.6004,MFS65,LOGISTICS_HUB,medium
LC8917,MFS65 Raster Logistics R99,139.0312,36.6412,MFS65,LOGISTICS_HUB,medium
LC8918,MFS66 Raster Logistics R1,138.8212,36.2337,MFS66,MEDIUM_WAREHOUSE,medium
LC8919,MFS66 Raster Logistics R3,138.7512,36.1904,MFS66,LARGE_DISTRIBUTION,medium
LC8920,MFS66 Raster Logistics R5,138.7413,36.1787,MFS66,LOGISTICS_HUB,medium
LC8921,MFS66 Raster Logistics R7,138.8146,36.2304,MFS66,LOGISTICS_HUB,medium
LC8922,MFS66 Raster Logistics R9,138.8779,36.0979,MFS66,LOGISTICS_HUB,medium
LC8923,MFS66 Raster Logistics R11,138.7612,36.2296,MFS66,MEDIUM_WAREHOUSE,medium
LC8924,MFS66 Raster Logistics R13,138.7846,36.2137,MFS66,LARGE_DISTRIBUTION,medium
LC8925,MFS66 Raster Logistics R15,138.8129,36.2354,MFS66,LOGISTICS_HUB,medium
LC8926,MFS66 Raster Logistics R17,138.7287,36.1537,MFS66,MEDIUM_WAREHOUSE,medium
LC8927,MFS66 Raster Logistics R19,138.8229,36.2271,MFS66,LARGE_DISTRIBUTION,medium
LC8928,MFS66 Raster Logistics R21,138.7846,36.2121,MFS66,LOGISTICS_HUB,medium
LC8929,MFS66 Raster Logistics R23,138.7812,36.2112,MFS66,MEDIUM_WAREHOUSE,medium
LC8930,MFS66 Raster Logistics R25,138.7771,36.2137,MFS66,LARGE_DISTRIBUTION,medium
LC8931,MFS66 Raster Logistics R27,138.7721,36.2212,MFS66,LARGE_DISTRIBUTION,medium
LC8932,MFS66 Raster Logistics R29,138.7521,36.0837,MFS66,LARGE_DISTRIBUTION,medium
LC8933,MFS66 Raster Logistics R31,138.8146,36.0929,MFS66,LOGISTICS_HUB,medium
LC8934,MFS66 Raster Logistics R33,138.7971,36.2112,MFS66,MEDIUM_WAREHOUSE,medium
LC8935,MFS66 Raster Logistics R35,138.7804,36.2087,MFS66,LOGISTICS_HUB,medium
LC8936,MFS66 Raster Logistics R37,138.7963,36.2246,MFS66,LARGE_DISTRIBUTION,medium
LC8937,MFS66 Raster Logistics R39,138.8046,36.2354,MFS66,LOGISTICS_HUB,medium
LC8938,MFS66 Raster Logistics R41,138.7279,36.1679,MFS66,LOGISTICS_HUB,medium
LC8939,MFS66 Raster Logistics R43,138.7546,36.2304,MFS66,MEDIUM_WAREHOUSE,medium
LC8940,MFS66 Raster Logistics R45,138.8146,36.2329,MFS66,LOGISTICS_HUB,medium
LC8941,MFS66 Raster Logistics R47,138.8229,36.2287,MFS66,MEDIUM_WAREHOUSE,medium
LC8942,MFS66 Raster Logistics R49,138.7421,36.1612,MFS66,LARGE_DISTRIBUTION,medium
LC8943,MFS66 Raster Logistics R51,138.7929,36.2112,MFS66,LOGISTICS_HUB,medium
LC8944,MFS66 Raster Logistics R53,138.8104,36.2312,MFS66,LOGISTICS_HUB,medium
LC8945,MFS66 Raster Logistics R55,138.7837,36.2062,MFS66,MEDIUM_WAREHOUSE,medium
LC8946,MFS66 Raster Logistics R57,138.8212,36.0921,MFS66,MEDIUM_WAREHOUSE,medium
LC8947,MFS66 Raster Logistics R59,138.7621,36.2296,MFS66,LARGE_DISTRIBUTION,medium
LC8948,MFS66 Raster Logistics R61,138.8096,36.2262,MFS66,MEDIUM_WAREHOUSE,medium
LC8949,MFS66 Raster Logistics R63,138.8854,36.1979,MFS66,LOGISTICS_HUB,medium
LC8950,MFS66 Raster Logistics R65,138.8471,36.1179,MFS66,MEDIUM_WAREHOUSE,medium
LC8951,MFS66 Raster Logistics R67,138.8096,36.2271,MFS66,LARGE_DISTRIBUTION,medium
LC8952,MFS66 Raster Logistics R69,138.7763,36.0837,MFS66,MEDIUM_WAREHOUSE,medium
LC8953,MFS66 Raster Logistics R71,138.8704,36.1987,MFS66,LOGISTICS_HUB,medium
LC8954,MFS66 Raster Logistics R73,138.8029,36.2171,MFS66,MEDIUM_WAREHOUSE,medium
LC8955,MFS66 Raster Logistics R75,138.8854,36.2021,MFS66,MEDIUM_WAREHOUSE,medium
LC8956,MFS66 Raster Logistics R77,138.8071,36.2337,MFS66,LOGISTICS_HUB,medium
LC8957,MFS66 Raster Logistics R79,138.8021,36.2304,MFS66,MEDIUM_WAREHOUSE,medium
LC8958,MFS66 Raster Logistics R81,138.8029,36.2237,MFS66,LOGISTICS_HUB,medium
LC8959,MFS66 Raster Logistics R83,138.7404,36.1796,MFS66,LOGISTICS_HUB,medium
LC8960,MFS66 Raster Logistics R85,138.7413,36.1621,MFS66,LOGISTICS_HUB,medium
LC8961,MFS66 Raster Logistics R87,138.8096,36.2362,MFS66,MEDIUM_WAREHOUSE,medium
LC8962,MFS66 Raster Logistics R89,138.7896,36.2112,MFS66,LOGISTICS_HUB,medium
LC8963,MFS66 Raster Logistics R91,138.7846,36.0812,MFS66,LARGE_DISTRIBUTION,medium
LC8964,MFS66 Raster Logistics R93,138.8479,36.2262,MFS66,MEDIUM_WAREHOUSE,medium
LC8965,MFS66 Raster Logistics R95,138.7363,36.1737,MFS66,LOGISTICS_HUB,medium
LC8966,MFS66 Raster Logistics R97,138.7788,36.2104,MFS66,MEDIUM_WAREHOUSE,medium
LC8967,MFS66 Raster Logistics R99,138.8004,36.2112,MFS66,MEDIUM_WAREHOUSE,medium
LC8968,Sapporo Central Distribution Hub,141.3469,43.0621,MFS67,LOGISTICS_HUB,high
LC8969,Sapporo Higashi Logistics Park,141.4100,43.0500,MFS67,LARGE_DISTRIBUTION,high
LC8970,Sapporo Minami Freight Terminal,141.3800,43.0200,MFS67,LARGE_DISTRIBUTION,medium
LC8971,Tomakomai Port Logistics Center,141.7280,42.6330,MFS67,LOGISTICS_HUB,high
LC8972,Tomakomai East Industrial Hub,141.781568,42.618449,MFS67,LARGE_DISTRIBUTION,high
LC8973,Hakodate Ferry Terminal Logistics,140.7300,41.7700,MFS67,LOGISTICS_HUB,medium
LC8974,Hakodate Shichihehama Distribution,140.7500,41.7900,MFS67,LARGE_DISTRIBUTION,medium
LC8975,Aomori Port Distribution Center,140.7410,40.8240,MFS67,LOGISTICS_HUB,medium
LC8976,Aomori South Logistics Park,140.7600,40.8000,MFS67,LARGE_DISTRIBUTION,medium
LC8977,Morioka Regional Distribution Hub,141.1512,39.7028,MFS67,LOGISTICS_HUB,medium
LC8978,Morioka Freight Terminal,141.1300,39.6800,MFS67,LARGE_DISTRIBUTION,medium
LC8979,Akita Port Logistics Center,140.0668,39.7208,MFS67,LOGISTICS_HUB,medium
LC8980,Akita South Distribution,140.1000,39.6900,MFS67,LARGE_DISTRIBUTION,medium
LC8981,Yamagata Regional Logistics Hub,140.3280,38.2405,MFS67,LOGISTICS_HUB,medium
LC8982,Yamagata Freight Center,140.3492,38.2192,MFS67,LARGE_DISTRIBUTION,medium
LC8983,Fukushima Distribution Center,140.4732,37.7492,MFS67,LOGISTICS_HUB,medium
LC8984,Fukushima North Logistics,140.4600,37.7800,MFS67,LARGE_DISTRIBUTION,medium
LC8985,Koriyama Freight Hub,140.3830,37.3997,MFS67,LOGISTICS_HUB,high
LC8986,Koriyama South Distribution,140.3600,37.3700,MFS67,LARGE_DISTRIBUTION,medium
LC8987,Iwaki Onahama Logistics Center,140.8880,37.0530,MFS67,LOGISTICS_HUB,medium
LC8988,Iwaki Distribution Park,140.8500,37.0700,MFS67,LARGE_DISTRIBUTION,medium
LC8989,Asahikawa Distribution Center,142.3700,43.7700,MFS67,LARGE_DISTRIBUTION,medium
LC8990,Obihiro Freight Hub,143.2000,42.9200,MFS67,LARGE_DISTRIBUTION,medium
LC8991,Kushiro Port Logistics,144.3800,42.9700,MFS67,LOGISTICS_HUB,medium
LC8992,Toyama Port Logistics Hub,137.2120,36.6950,MFS68,LOGISTICS_HUB,high
LC8993,Toyama Shinko Distribution Center,137.2500,36.7100,MFS68,LARGE_DISTRIBUTION,medium
LC8994,Kanazawa Regional Distribution Hub,136.6256,36.5944,MFS68,LOGISTICS_HUB,high
LC8995,Kanazawa Port Logistics,136.6025,36.6167,MFS68,LARGE_DISTRIBUTION,medium
LC8996,Fukui Distribution Center,136.2219,36.0652,MFS68,LOGISTICS_HUB,medium
LC8997,Fukui North Logistics Park,136.2008,36.0892,MFS68,LARGE_DISTRIBUTION,medium
LC8998,Nagaoka Freight Terminal,138.8510,37.4468,MFS68,LOGISTICS_HUB,medium
LC8999,Nagaoka Distribution Hub,138.712204,37.558067,MFS68,LARGE_DISTRIBUTION,medium
LC9000,Joetsu Port Logistics Center,138.2360,37.1480,MFS68,LOGISTICS_HUB,medium
LC9001,Joetsu Distribution Park,138.2700,37.1200,MFS68,LARGE_DISTRIBUTION,medium
LC9002,Tsuruga Port Logistics,136.0550,35.6450,MFS68,LOGISTICS_HUB,medium
LC9003,Ueda Logistics Hub,138.2490,36.4025,MFS69,LOGISTICS_HUB,medium
LC9004,Ueda Distribution Center,138.2692,36.3792,MFS69,LARGE_DISTRIBUTION,medium
LC9005,Iida Freight Terminal,137.8220,35.5145,MFS69,LOGISTICS_HUB,medium
LC9006,Iida South Distribution,137.7992,35.4892,MFS69,LARGE_DISTRIBUTION,medium
LC9007,Suwa/Okaya Distribution Hub,138.1112,36.0383,MFS69,LOGISTICS_HUB,medium
LC9008,Suwa Freight Center,138.1292,36.0192,MFS69,LARGE_DISTRIBUTION,medium
LC9009,Saku Logistics Park,138.4800,36.2500,MFS69,LARGE_DISTRIBUTION,medium
LC9010,Numazu Logistics Gateway,138.8652,35.0998,MFS70,LOGISTICS_HUB,high
LC9011,Numazu East Distribution,138.9000,35.0800,MFS70,LARGE_DISTRIBUTION,medium
LC9012,Fuji City Freight Hub,138.6760,35.1614,MFS70,LOGISTICS_HUB,medium
LC9013,Fuji Paper Industry Logistics,138.6900,35.1400,MFS70,LARGE_DISTRIBUTION,medium
LC9014,Shimizu Port Logistics Center,138.4930,35.0160,MFS70,LOGISTICS_HUB,high
LC9015,Shimizu International Trade Hub,138.506185,35.034073,MFS70,LARGE_DISTRIBUTION,high
LC9016,Iwata Automotive Logistics,137.8520,34.7180,MFS70,LOGISTICS_HUB,medium
LC9017,Kakegawa Manufacturing Logistics,138.0140,34.7690,MFS70,LOGISTICS_HUB,medium
LC9018,Yaizu Seafood Distribution,138.3200,34.8700,MFS70,LARGE_DISTRIBUTION,medium
LC9019,Toyota City Automotive Hub,137.1600,35.0830,MFS71,LOGISTICS_HUB,high
LC9020,Toyota Freight Terminal,137.1800,35.0600,MFS71,LARGE_DISTRIBUTION,high
LC9021,Yokkaichi Petrochemical Logistics,136.6240,34.9665,MFS71,LOGISTICS_HUB,high
LC9022,Yokkaichi Port Distribution,136.6000,34.9500,MFS71,LARGE_DISTRIBUTION,high
LC9023,Sakai-Senboku Port Hub,135.4600,34.5500,MFS71,LOGISTICS_HUB,high
LC9024,Sakai Industrial Logistics,135.4800,34.5700,MFS71,LARGE_DISTRIBUTION,high
LC9025,Higashiosaka SME Distribution,135.6000,34.6800,MFS71,LOGISTICS_HUB,medium
LC9026,Higashiosaka Freight Center,135.6200,34.6600,MFS71,LARGE_DISTRIBUTION,medium
LC9027,Kyoto South Logistics Hub,135.7580,34.9550,MFS71,LOGISTICS_HUB,medium
LC9028,Kyoto Fushimi Distribution,135.7700,34.9300,MFS71,LARGE_DISTRIBUTION,medium
LC9029,Kobe Port International Logistics,135.1940,34.6870,MFS71,LOGISTICS_HUB,high
LC9030,Kobe Rokko Island Distribution,135.2500,34.7000,MFS71,LARGE_DISTRIBUTION,high
LC9031,Wakayama Port Logistics,135.1700,34.2300,MFS71,LOGISTICS_HUB,medium
LC9032,Wakayama Distribution Center,135.1908,34.2483,MFS71,LARGE_DISTRIBUTION,medium
LC9033,Tsu Regional Freight Hub,136.5080,34.7302,MFS71,LOGISTICS_HUB,medium
LC9034,Tsu Distribution Center,136.52142,34.709185,MFS71,LARGE_DISTRIBUTION,medium
LC9035,Otsu Logistics Park,135.8680,35.0045,MFS71,LOGISTICS_HUB,medium
LC9036,Nara Distribution Center,135.8050,34.6851,MFS71,LARGE_DISTRIBUTION,medium
LC9037,Himeji Port Logistics Hub,134.6930,34.8150,MFS71,LOGISTICS_HUB,medium
LC9038,Himeji West Distribution,134.6700,34.8300,MFS71,LARGE_DISTRIBUTION,medium
LC9039,Amagasaki Industrial Logistics,135.4100,34.7300,MFS71,LOGISTICS_HUB,medium
LC9040,Amagasaki Distribution Center,135.4300,34.7100,MFS71,LARGE_DISTRIBUTION,medium
LC9041,Gifu Regional Freight Hub,136.7610,35.4232,MFS71,LOGISTICS_HUB,medium
LC9042,Okazaki Automotive Logistics,137.1700,34.9540,MFS71,LOGISTICS_HUB,medium
LC9043,Suzuka Circuit Area Logistics,136.5840,34.8430,MFS71,LARGE_DISTRIBUTION,medium
