large_zone,region,tokyo_chiyoda_chuo_minato,tokyo_meguro_shinagawa_ota,tokyo_toshima_bunkyo_shinjuku_shibuya,tokyo_arakawa_taito_sumida_koto,tokyo_nakano_suginami_setagaya,tokyo_nerima_itabashi_kita,tokyo_adachi_katsushika_edogawa,chofu_nishitokyo_fuchu_musashino_etc,machida_tama_hachioji_inagi_etc,mizuho_fussa_hamura_akiruno_etc,yokohama_nishi_naka,yokohama_isogo_minami_kanazawa_konan,yokohama_hodogaya_totsuka_sakae_izumi_etc,yokohama_kohoku_tsuzuki_midori_aoba,yokohama_tsurumi_kanagawa,kawasaki_kawasaki_saiwai_nakahara,kawasaki_takatsu_miyamae_tama_asao,sagamihara_city,yokosuka_miura,kamakura_zushi_hayama,fujisawa_chigasaki_samukawa,hiratsuka_oiso_ninomiya,odawara_manazuru_yugawara_hakone,minami_ashigara_nakai_oi_matsuda_etc,atsugi_hadano_kiyokawa_isehara_etc,zama_yamato_ebina_ayase,saitama_city,kawaguchi_warabi_toda,asaka_wako_niiza_tokorozawa_etc,soka_kasukabe_misato_koshigaya_etc,hanno_hidaka_moroyama_ogose_etc,tsurugashima_sakado_kawajima_higashimatsuyama_etc,ageo_konosu_okegawa_kitamoto_etc,kuki_kazo_hanyu_gyoda_etc,kumagaya_fukaya_ogawa_yorii_etc,honjo_kamikawa_kamisato,chichibu_yokoze_minano_nagatoro_etc,chiba_city,ichikawa_urayasu_narashino_funabashi,matsudo_kamagaya_kashiwa_abiko,nagareyama_noda,yachiyo_sakura_narita_shiroi_etc,ichihara_city,kisarazu_sodegaura_kimitsu_futtsu,katsuura_otaki_tateyama_kamogawa_etc,choshi_asahi_sosa_katori_etc,togane_mobara_sanmu_oamishirasato_etc,tsuchiura_ishioka_omitama_kasumigaura_etc,koga_shimotsuma_yachiyo_goka_etc,tsukuba_city,joso_bando,ryugasaki_toride_ushiku_moriya_etc,inashiki_miho_kawachi,kashima_kamisu_namegata_itako,mito_hitachi_kasama_hitachinaka_etc,yuki_chikusei_sakuragawa,maebashi_takasaki_isesaki_shibukawa_etc,kiryu_ota_tatebayashi_midori_etc,utsunomiya_kanuma_moka_kaminokawa_etc,tochigi_oyama_shimotsuke_nogi_etc,ashikaga_sano,tokyo_islands,ibaraki_north,tochigi_north,gunma_north,gunma_other_ueno_kanna_nanmoku,hokkaido_tohoku,hokuriku,yamanashi_nagano,shizuoka,chubu_west,overseas,unknown,all_regions
0,tokyo_chiyoda_chuo_minato,11537,348,2604,1535,91,49,57,87,10,1,30,33,64,38,26,31,11,19,0,1,21,1,0,0,1,4,34,20,44,4,0,0,1,44,0,0,0,20,149,14,25,33,5,4,0,1,0,0,24,0,0,0,24,20,1,0,6,0,2,3,2,0,0,162,0,0,175,7,22,95,418,244,610,18811
1,tokyo_meguro_shinagawa_ota,1942,9337,225,1721,342,351,537,262,373,22,113,229,206,197,363,875,162,145,28,0,80,105,7,0,250,270,107,508,332,658,4,93,315,451,45,22,0,231,880,133,73,325,8,442,1,47,29,569,10,8,103,26,26,91,111,110,356,596,303,655,87,0,5,52,0,0,2006,96,133,653,8081,5866,20196,62984
2,tokyo_toshima_bunkyo_shinjuku_shibuya,191,27,396,187,34,936,146,46,8,6,1,0,1,3,7,0,1,0,0,0,0,0,0,0,0,0,124,209,320,68,0,17,71,0,0,0,0,2,4,3,1,25,0,1,0,0,0,142,0,0,0,1,0,0,0,142,12,178,1,3,286,0,0,0,107,0,1369,1,287,193,340,12,527,6437
3,tokyo_arakawa_taito_sumida_koto,9962,2854,1128,18667,412,564,2217,161,265,34,121,53,9,34,19,34,11,106,33,2,10,13,6,2,157,75,99,469,306,1808,33,26,7,169,142,52,35,97,1391,155,137,145,47,65,9,5,42,37,93,25,50,8,5,24,110,101,52,9,67,286,169,3,24,29,0,0,789,980,78,1686,3707,3017,3123,56662
4,tokyo_nakano_suginami_setagaya,156,488,1053,54,4181,7,14,3347,128,0,24,11,23,299,15,25,14,1,1,0,12,0,1,0,13,11,58,66,9,48,0,0,1,57,3,0,0,0,0,1,0,7,0,0,0,0,5,0,0,0,0,1,0,0,0,0,0,0,14,0,0,0,0,0,0,0,9,2,7,38,33,0,343,10583
5,tokyo_nerima_itabashi_kita,175,112,330,448,1069,4759,299,176,73,131,1,3,5,29,4,12,16,0,28,0,11,8,6,0,0,2,142,967,786,154,6,87,368,62,41,29,0,7,86,166,2,62,0,0,0,0,13,5,2,10,1,163,0,1,3,1,35,19,15,0,2,0,2,6,0,0,330,83,17,100,1052,8,869,13396
6,tokyo_adachi_katsushika_edogawa,661,461,1566,4036,127,1476,4739,840,182,87,109,52,81,28,246,583,23,35,38,2,79,17,0,3,68,387,214,1061,323,979,150,18,17,161,36,13,40,227,1773,95,167,483,181,55,0,7,42,25,18,66,26,74,0,354,197,1,30,8,108,62,157,0,8,50,0,0,860,236,67,217,1193,20,2455,28203
7,chofu_nishitokyo_fuchu_musashino_etc,151,503,445,687,345,950,411,10744,3653,1066,41,136,90,114,135,237,146,146,24,1,49,32,12,1,196,385,459,365,1098,404,57,60,18,223,93,4,0,144,298,134,31,53,11,18,3,91,4,25,12,0,21,43,0,37,43,28,165,31,122,17,5,0,1,12,0,0,430,81,420,112,656,161,4758,31449
8,machida_tama_hachioji_inagi_etc,331,258,150,116,538,23,7,4284,6901,784,12,47,181,1043,115,102,150,646,14,2,19,350,14,9,22,1408,24,27,170,82,110,1,1,30,12,0,0,5,16,0,2,7,14,0,0,0,0,3,218,0,1,2,0,0,5,0,12,298,4,1,1,0,12,57,0,0,244,38,223,195,238,145,543,20268
9,mizuho_fussa_hamura_akiruno_etc,27,50,14,300,284,396,76,5338,3486,7407,10,57,517,21,8,295,137,115,2,0,115,5,0,10,137,36,43,132,1523,744,79,28,364,38,68,0,0,11,554,4,0,162,1,0,0,0,13,30,77,1,101,0,4,0,7,63,55,84,19,18,3,0,0,0,0,0,242,93,147,251,428,71,998,25302
10,yokohama_nishi_naka,132,270,49,162,10,2,45,156,34,1,526,682,312,354,738,240,176,106,135,5,559,273,16,5,295,306,48,172,71,64,0,0,2,91,38,15,0,66,101,6,22,47,19,0,4,6,0,38,6,1,11,0,0,19,24,0,267,15,498,38,105,0,19,32,0,0,364,4,392,228,390,9728,556,19096
11,yokohama_isogo_minami_kanazawa_konan,77,3432,46,114,151,26,31,39,184,33,12008,2434,404,398,587,536,61,1733,3335,57,369,28,59,12,1075,139,29,17,34,95,0,0,14,489,105,49,0,6,95,1,0,0,70,118,2,65,45,3,0,57,5,0,6,20,0,1,16,3,97,6,0,0,120,5,0,0,1109,63,109,1175,3557,1314,69010,105279
12,yokohama_hodogaya_totsuka_sakae_izumi_etc,287,294,195,151,113,83,78,200,577,99,1082,2115,7605,4730,820,208,1552,2329,196,118,385,126,47,4,523,2428,72,19,61,198,0,0,18,37,0,0,11,36,195,39,30,64,0,0,18,2,122,51,0,18,0,12,18,36,72,18,26,72,54,110,0,0,18,54,18,0,121,8,337,336,68,6,2287,31014
13,yokohama_kohoku_tsuzuki_midori_aoba,78,141,68,53,42,8,43,135,108,18,167,130,399,1176,606,1105,110,168,30,9,162,38,34,0,150,205,72,104,15,77,0,58,1,1,25,0,35,107,7,4,0,11,253,11,1,0,1,3,4,0,0,2,0,1,9,1,2,2,0,0,0,0,0,3,0,0,255,4,97,307,545,660,1668,9526
14,yokohama_tsurumi_kanagawa,120,607,92,367,104,101,99,409,112,9,5824,348,427,783,7059,1437,201,124,38,2,200,74,1,1,337,195,45,54,201,188,4,17,26,58,346,2,0,87,513,376,407,107,8,99,1,24,41,41,65,1,379,84,1,141,134,5,137,351,735,92,61,33,0,5,1,0,1314,655,369,865,2035,903,3627,33710
15,kawasaki_kawasaki_saiwai_nakahara,2325,10187,151,1315,1714,569,202,437,211,18,1615,363,129,619,3955,17013,2011,528,49,229,192,248,42,1,375,651,217,450,425,362,31,43,120,259,146,30,0,763,831,339,723,736,4684,388,2,40,70,60,116,3,274,5,19,325,34,93,282,31,88,118,38,0,10,151,0,0,4730,748,854,585,13554,1112,10987,90024
16,kawasaki_takatsu_miyamae_tama_asao,15,1248,16,5,6012,13,6,30,28,8,34,6,27,288,14,742,2343,22,1,4,56,0,4,0,51,23,0,1,5,6,0,0,0,4,0,0,0,0,1,1,4,12,0,0,0,0,0,9,0,0,0,0,0,0,0,0,2,0,1,0,2,0,0,0,0,0,29,17,25,38,52,1,82,11291
17,sagamihara_city,18,111,8,14,53,37,8,142,4153,171,142,181,111,194,981,452,44,8475,70,36,169,566,34,31,689,416,315,40,149,24,70,15,0,13,88,7,9,406,37,0,5,23,30,36,0,0,150,44,8,9,0,6,0,31,216,3,140,2,179,41,7,0,489,14,0,0,1321,418,318,759,3529,98,2896,29255
18,yokosuka_miura,16,93,0,29,0,6,0,0,0,0,46,283,3,44,170,88,4,3,3108,12,32,0,0,0,22,8,0,1,0,1,0,0,0,0,0,0,0,1,4,4,0,7,0,6,0,35,3,7,0,0,0,0,0,0,0,0,0,0,215,3,0,0,0,11,0,0,418,28,13,236,311,186,403,5861
19,kamakura_zushi_hayama,3,10,1,0,0,0,0,0,1,0,0,12,34,0,1,14,0,0,18,106,232,1,6,0,12,77,0,0,3,3,0,0,0,0,0,0,0,13,0,0,0,0,0,0,0,0,2,2,0,3,0,0,0,0,0,6,1,5,0,0,0,0,0,9,0,0,2,0,0,5,21,0,3,608
20,fujisawa_chigasaki_samukawa,29,111,2,54,76,33,13,123,70,111,313,185,382,96,632,603,36,1031,120,152,6380,249,85,2,975,2053,16,483,183,61,1,20,21,26,67,0,0,204,5,7,59,83,8,8,0,1,4,83,6,112,171,289,0,8,31,0,327,142,693,1968,108,0,0,3,0,0,718,122,167,289,1243,2585,3137,27373
21,hiratsuka_oiso_ninomiya,0,6,16,11,18,1,4,5,10,136,18,46,22,13,73,56,0,118,39,10,984,1019,484,285,1695,581,18,35,80,44,3,1,22,66,12,4,0,8,95,0,3,2,48,42,1,0,12,3,0,0,0,18,0,1,0,51,5,5,88,12,0,0,1,0,0,0,431,160,57,443,503,2,610,8537
22,odawara_manazuru_yugawara_hakone,5,4,0,80,0,1,2,2,46,0,0,34,11,0,20,214,1,12,0,0,115,201,2677,83,137,136,1,4,6,556,0,0,15,34,0,0,0,15,36,146,0,73,0,1,0,0,0,0,7,0,0,3,0,0,0,0,1,0,1,0,257,0,0,0,0,0,176,52,32,646,289,104,654,6891
23,minami_ashigara_nakai_oi_matsuda_etc,19,107,7,3,1,3,33,5,290,6,209,355,774,87,270,416,98,281,19,51,37,348,3869,3886,865,85,65,21,59,21,0,0,2,0,12,0,0,12,13,5,1,27,10,0,0,0,7,5,0,22,16,0,0,2,0,0,10,0,7,622,0,0,0,35,0,0,152,28,467,1667,972,0,2677,19061
24,atsugi_hadano_kiyokawa_isehara_etc,261,178,67,328,111,164,55,158,121,139,343,172,173,113,183,658,27,506,94,57,414,224,201,52,4581,701,137,51,231,93,184,50,80,191,51,0,0,65,154,9,237,95,1,5,6,3,4,51,109,8,4,249,0,19,20,51,159,442,105,22,34,0,94,1,0,0,858,90,356,804,2041,89,5842,23179
25,zama_yamato_ebina_ayase,115,253,61,200,145,46,339,624,441,117,266,450,1520,855,368,965,262,1197,200,122,1043,945,90,124,1786,2125,56,215,79,85,4,26,67,262,64,32,0,430,225,116,33,17,2,51,1,11,18,4,1,3,2,97,0,21,24,5,63,12,33,127,43,0,0,30,0,0,757,84,410,743,1257,10,1812,21990
26,saitama_city,18,14,41,296,50,928,160,81,28,13,3,1,19,267,14,39,2,46,1,1,17,18,1,5,53,21,38445,1359,1261,2440,10,162,2733,2104,94,5,19,15,172,98,18,31,28,19,0,9,11,40,62,44,18,51,0,0,12,17,39,74,267,28,64,0,1,131,2,0,435,114,48,395,678,183,2477,56350
27,kawaguchi_warabi_toda,95,734,2628,501,219,1654,646,298,59,54,89,15,37,38,109,81,16,152,32,13,83,13,7,0,25,51,1812,9084,1428,1003,18,152,368,590,356,6,38,114,753,242,137,257,28,41,1,70,12,167,137,87,56,84,0,49,154,106,112,237,67,37,47,0,1,40,46,0,550,76,155,416,748,6,6916,34453
28,asaka_wako_niiza_tokorozawa_etc,264,276,467,587,254,1667,682,2003,627,200,21,28,55,1601,10,204,13,66,37,0,7,15,27,9,170,26,1752,955,29809,450,466,863,544,758,374,74,203,1044,2792,78,10,253,27,71,0,11,125,974,74,29,106,18,0,25,211,4,341,196,110,624,35,0,4,15,9,0,1347,511,358,555,1727,260,2277,59783
29,soka_kasukabe_misato_koshigaya_etc,591,496,591,754,230,457,3950,561,274,167,358,315,353,139,185,282,69,201,13,0,715,141,49,265,505,190,2435,2281,1543,8718,174,264,821,855,789,543,90,345,2120,853,1430,767,43,325,1,161,75,880,835,255,740,298,104,444,354,117,1269,190,713,1168,677,0,8,304,55,0,2802,1495,962,1198,3622,2980,2623,60578
30,hanno_hidaka_moroyama_ogose_etc,830,50,130,971,186,844,235,1362,502,1935,713,237,28,168,20,838,259,15,0,0,1,54,0,40,75,5,1219,473,1045,1792,908,198,20,1359,358,39,68,66,124,169,96,0,140,0,0,0,27,156,1,8,0,14,0,394,122,105,173,208,227,180,0,0,4,10,0,0,91,53,1399,45,255,49,1307,22399
31,tsurugashima_sakado_kawajima_higashimatsuyama_etc,188,42,27,111,114,22,9,116,42,58,24,7,18,16,31,61,0,70,19,0,29,47,2,0,102,71,473,420,1262,228,2152,2443,210,1379,778,207,47,2,48,179,30,106,13,0,0,0,2,24,22,1,0,6,0,0,9,0,558,442,96,32,4,0,0,18,35,0,335,729,56,114,648,54,832,15218
32,ageo_konosu_okegawa_kitamoto_etc,48,82,50,149,13,42,80,139,23,56,11,5,1,16,52,219,42,28,4,0,17,42,0,0,23,47,367,251,588,798,24,204,849,534,322,34,3,47,131,25,26,72,40,24,39,19,5,100,87,34,281,17,0,11,57,25,188,163,42,242,72,0,1,14,4,0,693,120,59,224,1392,53,1976,11447
33,kuki_kazo_hanyu_gyoda_etc,119,189,119,52,10,271,242,107,100,24,25,8,59,70,42,89,10,172,17,1,46,25,17,7,80,177,848,627,1217,910,58,206,1808,3793,1423,48,9,71,518,93,945,206,33,7,0,16,24,396,426,144,196,127,8,10,332,145,866,443,302,394,300,0,94,27,13,0,4042,1435,1357,404,1781,641,25469,54288
34,kumagaya_fukaya_ogawa_yorii_etc,293,230,328,466,427,189,1082,1394,380,217,366,54,69,30,60,81,91,400,60,0,178,145,0,100,358,127,1355,318,1958,854,580,1958,1424,2116,6128,845,537,51,143,70,23,206,147,265,0,9,9,86,1949,108,183,128,2,176,1074,1033,2148,2029,1439,409,205,0,105,1420,169,0,1077,213,877,199,1555,158,7041,49904
35,honjo_kamikawa_kamisato,14,23,7,70,24,46,7,94,2,21,21,1,8,12,3,0,0,0,1,0,21,15,0,0,0,228,71,245,292,60,14,157,38,202,511,1580,77,15,7,6,0,1,13,1,0,0,11,1,53,2,4,3,0,0,3,13,363,413,75,467,22,0,7,56,14,0,78,72,19,84,239,8,233,6148
36,chichibu_yokoze_minano_nagatoro_etc,151,2,72,165,11,558,56,166,131,1040,0,45,12,0,78,441,36,246,0,48,7,36,45,42,89,122,554,436,2710,438,82,448,269,1216,2379,113,5079,195,442,28,0,197,150,85,0,0,0,86,82,34,0,17,57,1031,17,6,1093,128,243,92,50,0,0,67,34,0,373,377,416,416,474,74,1516,25101
37,chiba_city,1004,296,37,163,51,33,509,152,108,5,24,1,29,38,13,152,4,84,2,0,34,5,0,0,129,119,244,166,143,170,18,59,185,33,33,109,0,6081,2009,850,198,909,913,796,218,370,371,109,353,152,99,63,24,156,204,36,668,1940,98,84,196,0,35,100,0,0,1754,263,325,396,964,108,1753,26743
38,ichikawa_urayasu_narashino_funabashi,816,3875,173,5622,101,302,2231,111,178,10,14,219,94,68,80,437,35,113,243,4,199,99,20,0,411,93,964,422,1189,3013,9,549,230,703,205,1,1,1274,14848,1230,348,1364,1044,315,17,233,831,345,225,711,299,344,122,506,137,354,756,938,667,704,181,0,24,395,2,0,2740,616,853,551,3431,3513,5556,68309
39,matsudo_kamagaya_kashiwa_abiko,211,439,142,662,5,153,213,213,8,35,309,3,2,2,43,43,3,57,14,0,505,5,0,612,77,1,456,137,67,884,7,17,14,230,68,40,0,144,1718,9361,1194,2634,101,18,8,47,176,12303,297,65,171,782,4,29,130,33,97,145,60,321,65,0,36,22,0,0,1422,201,155,333,1128,2,2276,41156
40,nagareyama_noda,15,48,34,69,55,66,84,162,55,0,5,81,15,27,55,40,0,15,17,0,40,2,0,0,15,8,177,100,163,190,0,73,16,65,77,4,38,158,152,153,460,35,14,71,1,36,16,84,5,28,20,30,1,47,53,3,77,38,84,22,1,0,12,2,0,0,235,114,72,42,350,0,410,4638
41,yachiyo_sakura_narita_shiroi_etc,314,170,174,559,97,106,414,204,149,28,966,124,32,169,119,183,39,178,4,6,18,19,56,1,46,226,282,169,602,379,30,34,72,187,52,1,6,2050,1840,971,93,5764,304,150,99,759,570,139,59,158,17,415,231,1476,172,17,140,94,207,19,80,0,44,141,13,0,728,159,160,289,1844,8,3862,29289
42,ichihara_city,264,541,105,645,27,23,48,73,8,5,89,45,21,53,85,386,0,1231,16,16,45,114,36,7,17,807,66,248,133,272,42,27,102,374,192,35,0,1736,1155,146,169,281,6997,2525,18,441,257,403,333,6,348,93,6,535,107,30,386,285,132,221,160,0,101,377,13,0,1080,788,210,829,6810,6831,2594,42599
43,kisarazu_sodegaura_kimitsu_futtsu,1417,2047,655,134,751,1,146,7,23,7,873,218,0,690,665,92,0,8,33,0,68,0,2,0,71,54,124,9,14,82,1,5,2,235,34,0,0,93,641,6,3,65,304,8480,72,4,12,0,1,58,1,3,0,240,0,2,104,9,67,0,26,9,0,30,5,0,325,35,143,198,597,170,309,20477
44,katsuura_otaki_tateyama_kamogawa_etc,1,50,0,0,0,2,4,15,0,0,54,0,1,2,0,0,1,0,27,0,0,0,0,0,0,14,1,0,91,1,0,0,0,1,0,0,0,30,78,1,1,11,374,733,3712,39,35,0,10,0,0,17,0,0,1,0,1,0,108,0,0,0,0,0,0,0,19,1,1,2,102,0,50,5595
45,choshi_asahi_sosa_katori_etc,172,114,1,35,53,8,65,1,106,1,15,1,0,7,2,2,20,4,0,1,34,1,0,0,117,402,16,26,102,70,15,4,4,113,2,0,0,297,355,80,267,249,63,40,0,3940,70,27,46,0,6,98,17,677,28,4,62,110,28,77,2,0,17,67,51,0,430,120,355,142,857,1600,265,11961
46,togane_mobara_sanmu_oamishirasato_etc,103,117,43,168,69,51,200,140,120,62,6,18,6,5,96,107,49,22,13,0,13,11,90,3,23,18,27,56,352,68,1,4,2,94,2,0,1,446,706,167,34,1523,397,324,540,523,1686,115,8,0,6,53,30,429,55,18,246,91,50,10,13,0,3,183,0,0,347,262,210,228,872,189,4996,16922
47,tsuchiura_ishioka_omitama_kasumigaura_etc,347,83,23,185,101,141,697,101,13,10,1,20,65,63,659,300,8,156,3,1,92,11,0,137,190,39,250,1522,608,259,1582,22,25,626,24,24,0,118,347,70,90,723,20,29,0,363,108,5567,2408,933,117,1035,89,1226,4101,181,149,391,14939,88,504,0,89,30,29,0,1692,478,4110,278,45139,106,7591,101528
48,koga_shimotsuma_yachiyo_goka_etc,155,530,93,72,167,4,211,176,117,6,8,5,41,19,24,81,14,121,1,0,26,6,14,19,66,299,427,90,404,274,11,45,206,722,109,0,3,163,298,219,116,119,1,1,10,39,2,206,3227,87,372,77,2,78,611,219,539,866,1476,3547,428,0,20,72,0,0,2696,399,231,794,1782,536,1470,25271
49,tsukuba_city,6,41,0,110,15,0,99,60,48,0,1,94,104,44,15,4,0,14,0,0,0,0,11,3,2,45,43,91,86,390,1,0,0,57,1,38,0,166,63,211,132,224,7,52,0,7,2,342,151,1863,121,364,11,14,136,424,44,20,22,51,4,0,0,35,40,0,130,12,114,124,523,49,758,7640
50,joso_bando,468,379,52,88,101,141,230,185,71,34,8,65,16,12,96,184,43,77,4,0,171,19,0,0,41,45,128,145,174,1091,147,28,86,112,176,9,0,111,178,146,891,56,40,2,1,46,4,399,894,152,1272,798,11,154,281,81,144,103,183,363,47,0,40,36,3,0,829,120,140,33,1724,342,2726,16976
51,ryugasaki_toride_ushiku_moriya_etc,13,79,1,100,0,83,24,9,7,0,20,0,1,26,26,26,0,1,13,0,1,8,0,0,1,1,166,59,144,159,0,51,60,70,39,27,0,34,131,1211,57,89,53,0,0,4,4,192,92,1296,60,1866,139,1,164,106,40,1,14,55,15,0,0,58,1,0,286,25,21,110,580,620,978,9517
52,inashiki_miho_kawachi,18,49,10,11,5,10,14,29,7,0,5,1,14,32,11,10,1,81,1,0,0,95,0,0,41,1,15,49,48,21,0,0,47,73,26,3,1,64,40,61,19,166,77,5,0,62,42,346,23,244,0,651,629,151,58,5,6,5,16,5,13,0,22,36,0,0,138,58,48,7,437,4,116,4282
53,kashima_kamisu_namegata_itako,141,61,39,555,46,21,181,29,2,80,614,252,54,13657,3750,508,162,9,100,0,27,134,4,139,124,4,225,110,524,612,60,224,923,798,165,351,3,161,1205,32,1784,1106,239,292,72,1119,62,882,361,71,366,182,101,32344,1494,258,1698,3783,589,287,361,0,65,465,153,0,26246,1952,898,734,17233,22255,30499,174042
54,mito_hitachi_kasama_hitachinaka_etc,5099,355,0,368,1,382,1041,164,95,3,13,0,15,22,26,138,17,27,27,0,4,17,1,0,123,9,43,484,480,148,0,93,3,140,157,0,0,124,103,128,26,576,52,6,0,126,198,1461,1055,357,49,575,279,2008,19188,541,124,269,486,399,11,0,1368,434,8,0,2889,192,45,248,1431,138,1812,46200
55,yuki_chikusei_sakuragawa,14,33,12,21,31,17,19,897,32,109,32,45,14,33,8098,14,0,31,13,0,212,4,0,0,636,5422,102,24,43,84,0,60,48,91,19,3,0,120,187,1517,1266,172,8,63,0,7,5,207,386,198,101,928,43,97,254,2060,102,130,330,358,71,0,69,147,8,0,18488,165,4402,11191,19427,112,9782,88617
56,maebashi_takasaki_isesaki_shibukawa_etc,810,182,41,316,40,412,352,455,270,178,41,48,74,219,216,523,26,140,58,2,228,730,113,9,1895,361,442,473,1970,597,110,308,145,1555,2358,731,121,254,749,320,297,305,86,41,19,100,584,176,296,13,220,41,1,266,539,106,39488,9713,672,917,456,0,77,100,4504,480,3219,2826,2507,691,16403,473,5847,109334
57,kiryu_ota_tatebayashi_midori_etc,134,208,2,312,105,31,264,184,151,221,66,27,34,4,706,2360,1,235,78,0,4,15,0,124,97,102,341,197,2072,217,21,134,237,517,1648,284,150,15,2018,1072,950,181,32,83,0,55,122,655,95,49,81,980,46,174,162,92,4563,19052,340,875,632,0,35,1043,912,47,3071,1886,2717,268,9633,146,16354,79722
58,utsunomiya_kanuma_moka_kaminokawa_etc,30,77,77,388,5,126,115,90,144,0,7,8,47,12,208,15,18,180,131,0,230,90,23,74,102,106,130,129,971,427,60,33,6,180,144,24,1,103,232,270,39,262,1,96,100,538,212,478,220,174,244,158,42,306,463,1148,251,416,17304,1435,257,0,20,6844,5,0,1036,513,155,448,1561,56,2561,42357
59,tochigi_oyama_shimotsuke_nogi_etc,54,300,22,367,6,36,310,89,115,32,103,59,7,3,147,423,30,91,21,38,865,13,18,0,24,76,195,115,348,384,0,13,96,1099,237,4,0,247,1612,30,210,43,30,103,1,13,19,380,2011,26,527,149,6,94,370,268,1135,853,3265,6851,554,0,35,398,6,0,1758,181,180,150,1987,265,6612,36108
60,ashikaga_sano,2,2,0,101,3,5,230,42,2,34,26,15,17,0,27,679,28,115,13,0,32,2,286,4,62,277,967,624,542,3695,17,123,235,283,261,41,0,275,538,19,76,154,3,1291,135,229,39,588,244,42,36,44,1,2,129,9,2093,7299,531,2047,4067,0,41,182,6,0,2071,495,553,519,970,78,23243,56841
61,tokyo_islands,0,0,0,0,0,0,0,0,0,0,0,0,0,0,0,0,0,0,0,0,0,0,0,0,0,0,0,0,0,0,0,0,0,0,0,0,0,0,0,0,0,0,0,0,0,0,0,0,0,0,0,0,0,0,0,0,0,0,0,0,0,0,0,0,0,0,0,0,0,0,0,0,0,0
62,ibaraki_north,0,0,0,0,0,0,0,0,3,0,0,0,18,0,0,0,0,36,0,0,68,0,0,0,1,41,2,0,4,144,0,0,0,16,0,3,133,0,3,49,1,33,43,1,4,8,0,103,1,5,1,0,0,0,1879,20,39,21,122,97,0,0,0,0,0,0,0,0,0,0,0,0,0,2900
63,tochigi_north,0,0,4,42,0,2,9,3,1,14,10,0,54,0,0,119,0,26,1,0,57,0,0,0,84,3,6,17,101,12,0,41,0,52,193,0,64,0,6,1,0,5,7,0,0,93,0,45,18,186,29,118,30,294,4,23,187,135,2637,228,150,0,0,0,0,0,0,0,0,0,0,0,0,5108
64,gunma_north,0,0,0,0,0,0,0,24,0,0,0,57,18,0,0,0,0,0,0,0,0,0,0,0,0,0,0,0,10,5,0,0,0,0,25,0,0,0,0,0,0,0,0,0,0,0,0,0,0,0,0,9,0,0,0,0,593,115,0,0,510,0,0,0,0,0,0,0,0,0,0,0,0,1369
65,gunma_other_ueno_kanna_nanmoku,0,0,0,0,0,0,0,0,0,0,0,0,0,0,0,0,0,0,0,0,0,0,0,0,0,0,0,0,0,0,0,0,0,0,0,0,0,0,0,0,0,0,0,0,0,0,0,0,0,0,0,0,0,0,0,0,30,0,0,0,0,0,0,0,0,0,0,0,0,0,0,0,0,30
66,hokkaido_tohoku,84,2892,26,1979,1047,5847,917,656,360,95,472,10512,688,161,160,807,145,160,60,0,1091,58,32,309,479,725,275,913,1307,1474,293,318,1114,1482,3136,6,1369,442,1638,648,73,644,258,239,99,366,718,268,2083,496,718,263,274,3506,1019,359,2725,928,747,875,1055,0,0,0,0,0,0,0,0,0,0,0,0,61893
67,hokuriku,245,290,102,323,0,697,209,208,132,48,291,178,27,141,152,52,7,171,11,1,91,73,22,51,321,109,139,465,512,1063,220,63,223,915,295,33,46,140,63,74,26,134,217,33,2,303,79,30,441,83,131,47,161,376,534,131,1269,140,184,438,47,0,0,0,0,0,0,0,0,0,0,0,0,13010
68,yamanashi_nagano,4,376,6,98,18,4,7,721,144,23,61,103,656,36,67,261,4,410,0,0,74,22,147,353,89,444,219,79,213,379,121,218,167,283,259,21,610,100,12,1,9,260,15,1,2,92,181,6,65,24,28,49,0,37,11,39,1432,544,25,179,16,0,0,0,0,0,0,0,0,0,0,0,0,9823
69,shizuoka,1,974,4,291,21,158,562,185,49,28,2393,1085,75,37,369,2549,4,184,0,16,654,285,227,482,725,587,429,1670,415,809,336,179,358,353,161,64,204,423,330,239,439,207,1,34,48,229,1084,53,144,5,76,118,11,145,63,99,1010,657,338,896,139,0,0,0,0,0,0,0,0,0,0,0,0,23702
70,chubu_west,308,13687,198,4951,22,681,753,1228,320,592,1688,33413,472,519,3164,3848,129,2413,95,5,1590,300,199,679,3072,1208,867,1485,2440,2103,152,595,2452,3443,910,202,135,723,4901,1155,598,1598,4500,3157,11,202,337,1377,2272,385,253,345,305,4381,645,407,4289,1777,1202,1584,2128,0,0,0,0,0,0,0,0,0,0,0,0,128853
71,overseas,354,8265,3,1436,8,169,795,207,88,264,4105,401,10,0,5449,1378,1,382,1,423,619,4,17,146,712,220,44,814,424,1245,260,40,298,1356,2642,90,1486,330,36329,309,29,862,6024,1770,0,245,393,84,1018,118,223,83,803,339349,693,144,1233,283,214,446,675,0,0,0,0,0,0,0,0,0,0,0,0,425813
999,unknown,0,0,0,0,0,0,0,0,0,0,0,0,0,0,0,0,0,30,0,0,0,0,0,0,0,0,0,0,0,0,0,0,0,150,0,0,0,0,0,0,0,0,0,0,0,0,0,0,0,0,0,0,0,0,0,0,0,0,0,0,0,0,0,0,0,0,0,0,0,0,0,0,0,181
○agricultural_marine_products_temperature_controlled,,,,,,,,,,,,,,,,,,,,,,,,,,,,,,,,,,,,,,,,,,,,,,,,,,,,,,,,,,,,,,,,,,,,,,,,,,,(unit: ton/day)
large_zone,region,tokyo_chiyoda_chuo_minato,tokyo_meguro_shinagawa_ota,tokyo_toshima_bunkyo_shinjuku_shibuya,tokyo_arakawa_taito_sumida_koto,tokyo_nakano_suginami_setagaya,tokyo_nerima_itabashi_kita,tokyo_adachi_katsushika_edogawa,chofu_nishitokyo_fuchu_musashino_etc,machida_tama_hachioji_inagi_etc,mizuho_fussa_hamura_akiruno_etc,yokohama_nishi_naka,yokohama_isogo_minami_kanazawa_konan,yokohama_hodogaya_totsuka_sakae_izumi_etc,yokohama_kohoku_tsuzuki_midori_aoba,yokohama_tsurumi_kanagawa,kawasaki_kawasaki_saiwai_nakahara,kawasaki_takatsu_miyamae_tama_asao,sagamihara_city,yokosuka_miura,kamakura_zushi_hayama,fujisawa_chigasaki_samukawa,hiratsuka_oiso_ninomiya,odawara_manazuru_yugawara_hakone,minami_ashigara_nakai_oi_matsuda_etc,atsugi_hadano_kiyokawa_isehara_etc,zama_yamato_ebina_ayase,saitama_city,kawaguchi_warabi_toda,asaka_wako_niiza_tokorozawa_etc,soka_kasukabe_misato_koshigaya_etc,hanno_hidaka_moroyama_ogose_etc,tsurugashima_sakado_kawajima_higashimatsuyama_etc,ageo_konosu_okegawa_kitamoto_etc,kuki_kazo_hanyu_gyoda_etc,kumagaya_fukaya_ogawa_yorii_etc,honjo_kamikawa_kamisato,chichibu_yokoze_minano_nagatoro_etc,chiba_city,ichikawa_urayasu_narashino_funabashi,matsudo_kamagaya_kashiwa_abiko,nagareyama_noda,yachiyo_sakura_narita_shiroi_etc,ichihara_city,kisarazu_sodegaura_kimitsu_futtsu,katsuura_otaki_tateyama_kamogawa_etc,choshi_asahi_sosa_katori_etc,togane_mobara_sanmu_oamishirasato_etc,tsuchiura_ishioka_omitama_kasumigaura_etc,koga_shimotsuma_yachiyo_goka_etc,tsukuba_city,joso_bando,ryugasaki_toride_ushiku_moriya_etc,inashiki_miho_kawachi,kashima_kamisu_namegata_itako,mito_hitachi_kasama_hitachinaka_etc,yuki_chikusei_sakuragawa,maebashi_takasaki_isesaki_shibukawa_etc,kiryu_ota_tatebayashi_midori_etc,utsunomiya_kanuma_moka_kaminokawa_etc,tochigi_oyama_shimotsuke_nogi_etc,ashikaga_sano,tokyo_islands,ibaraki_north,tochigi_north,gunma_north,gunma_other_ueno_kanna_nanmoku,hokkaido_tohoku,hokuriku,yamanashi_nagano,shizuoka,chubu_west,overseas,unknown,all_regions
0,tokyo_chiyoda_chuo_minato,0,159,8,20,16,20,45,0,0,0,8,24,4,28,4,12,4,0,0,0,0,0,0,0,0,0,0,0,0,0,0,0,0,0,0,0,0,0,0,0,0,0,0,0,0,0,0,0,0,0,0,0,0,0,0,0,0,0,0,0,0,0,0,0,0,0,0,0,0,0,0,0,0,352
1,tokyo_meguro_shinagawa_ota,437,808,7,207,212,0,71,67,228,0,18,42,71,71,48,269,141,8,18,0,14,1,0,0,176,8,6,29,30,47,1,0,128,0,0,22,0,84,91,12,6,141,0,18,0,0,3,181,4,0,0,0,0,89,0,0,9,0,10,53,1,0,0,0,0,0,231,11,8,45,199,0,819,5202
2,tokyo_toshima_bunkyo_shinjuku_shibuya,107,0,116,0,2,751,142,0,0,0,0,0,0,0,0,0,0,0,0,0,0,0,0,0,0,0,107,142,213,0,0,0,71,0,0,0,0,0,0,0,0,0,0,0,0,0,0,142,0,0,0,0,0,0,0,142,0,178,0,0,284,0,0,0,107,0,1349,0,284,178,213,0,222,4747
3,tokyo_arakawa_taito_sumida_koto,135,7,24,182,108,43,389,63,9,2,1,1,2,2,0,0,0,6,2,1,3,3,2,0,3,12,10,10,42,220,1,2,1,2,2,1,1,4,14,20,6,5,0,0,0,0,0,5,1,2,0,6,0,3,19,2,4,2,15,0,2,0,1,0,0,0,11,0,0,6,5,0,23,1449
4,tokyo_nakano_suginami_setagaya,6,2,11,0,19,1,0,11,1,0,1,0,0,272,0,0,0,0,0,0,0,0,0,0,0,0,1,0,3,1,0,0,0,0,3,0,0,0,0,0,0,0,0,0,0,0,0,0,0,0,0,0,0,0,0,0,0,0,0,0,0,0,0,0,0,0,0,0,0,0,0,0,0,333
5,tokyo_nerima_itabashi_kita,10,3,23,8,10,40,9,7,2,0,0,1,0,0,0,0,0,0,0,0,0,0,0,0,0,0,1,14,4,2,5,0,0,0,2,1,0,2,18,2,0,0,0,0,0,0,0,4,2,0,0,0,0,0,0,1,2,0,6,0,1,0,0,0,0,0,0,0,0,11,0,0,1,188
6,tokyo_adachi_katsushika_edogawa,6,0,2,19,0,147,190,72,0,0,0,2,0,0,0,0,0,0,0,0,0,0,0,0,0,0,3,1,72,164,0,0,0,0,0,0,0,6,24,6,0,0,1,0,0,0,1,0,0,0,0,0,0,0,0,0,0,0,0,0,0,0,0,0,0,0,0,0,0,0,0,0,0,716
7,chofu_nishitokyo_fuchu_musashino_etc,18,25,9,24,0,65,26,148,165,35,0,6,0,0,56,9,0,12,0,0,1,0,12,0,20,15,38,267,82,11,30,2,1,1,6,0,0,1,24,40,1,0,1,0,0,90,4,13,0,0,0,0,0,0,0,0,50,0,0,0,0,0,0,0,0,0,0,2,2,0,57,0,123,1491
8,machida_tama_hachioji_inagi_etc,0,7,0,2,4,0,0,7,41,0,7,13,13,31,9,13,15,4,4,2,7,4,4,9,7,11,0,0,0,20,3,0,0,0,0,0,0,0,0,0,0,0,0,0,0,0,0,0,0,0,0,0,0,0,0,0,0,0,0,0,0,0,0,0,0,0,0,20,0,14,0,0,4,276
9,mizuho_fussa_hamura_akiruno_etc,0,0,0,0,0,0,0,0,0,0,0,0,0,0,0,0,0,0,0,0,0,0,0,0,0,0,0,0,0,0,0,0,0,0,0,0,0,0,0,0,0,0,0,0,0,0,0,0,0,0,0,0,0,0,0,0,0,0,0,0,0,0,0,0,0,0,0,0,0,0,0,0,0,0
10,yokohama_nishi_naka,0,4,0,0,0,0,0,5,0,0,0,5,0,8,4,0,0,0,0,0,0,0,0,0,0,5,0,0,0,0,0,0,0,23,0,0,0,38,0,6,0,0,0,0,0,6,0,0,0,0,5,0,0,19,0,0,57,5,3,0,0,0,0,32,0,0,0,0,0,19,27,0,99,370
11,yokohama_isogo_minami_kanazawa_konan,0,6,0,0,0,0,0,0,0,0,5,33,8,0,2,37,0,0,0,2,0,0,0,0,18,0,0,3,34,0,0,0,0,0,21,0,0,0,40,0,0,0,0,0,0,0,0,0,0,0,0,0,0,0,0,0,9,0,0,0,0,0,0,0,0,0,5,6,0,19,24,0,786,1058
12,yokohama_hodogaya_totsuka_sakae_izumi_etc,0,0,0,0,0,0,0,0,0,0,0,0,3,0,0,0,0,0,0,0,0,0,0,0,0,0,0,0,0,0,0,0,0,0,0,0,0,0,0,0,0,0,0,0,0,0,0,0,0,0,0,0,0,0,0,0,0,0,0,0,0,0,0,0,0,0,0,0,0,0,0,0,0,3
13,yokohama_kohoku_tsuzuki_midori_aoba,0,0,0,0,0,0,0,0,0,0,0,0,0,0,0,0,0,0,0,0,0,0,0,0,0,0,0,0,0,0,0,0,0,0,0,0,0,0,0,0,0,0,0,0,0,0,0,0,0,0,0,0,0,0,0,0,0,0,0,0,0,0,0,0,0,0,0,0,0,0,0,0,0,0
14,yokohama_tsurumi_kanagawa,1,12,0,6,0,0,1,39,41,0,30,55,10,273,27,14,0,0,0,0,15,0,0,0,84,6,4,1,96,96,2,1,2,22,4,2,0,1,57,0,229,8,0,0,0,0,0,21,58,0,0,19,0,77,0,0,48,307,34,0,44,0,0,0,0,0,101,39,77,21,77,19,180,2261
15,kawasaki_kawasaki_saiwai_nakahara,0,329,42,262,66,90,17,55,4,0,33,154,17,116,65,104,23,6,0,0,0,0,0,0,3,0,0,0,80,43,0,0,21,0,0,0,0,2,9,35,0,0,0,0,0,0,0,0,0,0,0,0,0,0,0,0,45,0,0,4,0,0,0,0,0,0,243,51,3,3,0,0,424,2350
16,kawasaki_takatsu_miyamae_tama_asao,0,0,0,0,0,0,0,0,0,0,0,0,0,0,0,0,0,0,0,0,0,0,0,0,0,0,0,0,0,0,0,0,0,0,0,0,0,0,0,0,0,0,0,0,0,0,0,0,0,0,0,0,0,0,0,0,0,0,0,0,0,0,0,0,0,0,0,0,0,0,0,0,0,1
17,sagamihara_city,0,10,0,0,0,0,0,8,361,0,0,0,24,121,25,50,16,161,0,0,45,30,0,0,30,87,0,0,0,0,0,0,0,0,0,0,0,0,0,0,0,0,0,0,0,0,0,0,0,0,0,0,0,0,0,0,0,0,0,0,0,0,0,0,0,0,0,0,0,0,0,0,0,968
18,yokosuka_miura,7,5,0,0,0,0,0,0,0,0,0,15,1,4,0,1,0,0,8,2,1,0,0,0,0,0,0,1,0,0,0,0,0,0,0,0,0,0,0,0,0,0,0,0,0,0,0,0,0,0,0,0,0,0,0,0,0,0,0,0,0,0,0,0,0,0,0,1,0,16,9,0,2,73
19,kamakura_zushi_hayama,0,0,0,0,0,0,0,0,0,0,0,0,0,0,0,0,0,0,0,0,0,0,0,0,0,0,0,0,0,0,0,0,0,0,0,0,0,0,0,0,0,0,0,0,0,0,0,0,0,0,0,0,0,0,0,0,0,0,0,0,0,0,0,0,0,0,0,0,0,0,0,0,0,0
20,fujisawa_chigasaki_samukawa,24,0,0,0,0,0,0,0,0,0,0,0,1,0,0,1,0,0,0,0,10,0,24,0,2,0,0,0,0,0,0,0,0,0,0,0,0,0,0,0,0,0,0,0,0,0,0,0,0,0,0,0,0,0,0,0,0,0,0,0,0,0,0,0,0,0,0,0,0,0,1,0,0,63
21,hiratsuka_oiso_ninomiya,0,0,0,0,0,0,0,0,0,0,0,0,0,0,0,0,0,0,0,0,0,8,0,0,0,0,0,0,0,0,0,0,0,0,0,0,0,0,0,0,0,0,0,0,0,0,0,0,0,0,0,0,0,0,0,0,0,0,0,0,0,0,0,0,0,0,0,0,0,0,0,0,0,8
22,odawara_manazuru_yugawara_hakone,0,0,0,0,0,0,0,0,0,0,0,0,0,0,0,0,0,0,0,0,0,0,1,0,0,0,0,0,0,0,0,0,0,0,0,0,0,0,0,0,0,0,0,0,0,0,0,0,0,0,0,0,0,0,0,0,0,0,0,0,0,0,0,0,0,0,13,0,27,17,22,0,234,314
23,minami_ashigara_nakai_oi_matsuda_etc,0,0,0,0,0,0,0,0,0,0,0,0,0,0,0,0,0,0,0,0,5,35,7,2,26,0,0,0,0,0,0,0,0,0,0,0,0,0,0,0,0,0,0,0,0,0,0,0,0,0,0,0,0,0,0,0,0,0,0,0,0,0,0,0,0,0,0,0,0,0,0,0,7,82
24,atsugi_hadano_kiyokawa_isehara_etc,0,2,0,0,1,0,0,7,18,0,2,43,32,5,2,4,1,31,6,10,46,26,25,5,77,111,0,0,3,0,0,0,0,96,0,0,0,0,0,0,0,0,0,0,0,0,0,0,0,0,0,0,0,0,0,0,0,0,0,0,0,0,0,0,0,0,0,0,0,25,4,0,13,595
25,zama_yamato_ebina_ayase,2,3,0,2,0,1,7,7,4,0,0,0,0,0,0,2,0,16,7,4,19,8,9,1,17,32,6,1,3,0,0,0,0,1,0,0,0,2,2,0,1,0,0,0,0,0,0,0,0,0,0,1,0,0,0,0,0,0,0,0,0,0,0,0,0,0,1,0,3,4,4,0,148,318
26,saitama_city,0,0,3,51,0,32,0,11,0,8,0,0,18,0,1,20,0,0,0,0,0,0,0,0,0,0,151,17,144,96,8,124,2,113,21,0,0,0,22,0,0,0,0,0,0,0,0,0,0,0,0,0,0,0,0,0,2,17,51,0,0,0,0,8,0,0,0,0,0,0,0,0,80,1000
27,kawaguchi_warabi_toda,0,9,0,2,0,0,1,0,0,0,0,0,0,0,0,0,0,0,0,0,0,0,0,0,0,2,9,91,0,9,0,0,0,0,0,0,0,0,0,0,0,0,0,0,0,0,0,0,0,0,0,0,0,0,0,0,0,0,0,0,0,0,0,0,0,0,0,0,0,0,0,0,0,123
28,asaka_wako_niiza_tokorozawa_etc,1,0,1,0,60,1,0,0,0,0,0,0,0,0,0,0,0,0,0,0,0,0,0,0,0,0,57,1,78,1,44,1,0,0,5,0,0,0,0,0,0,0,0,0,0,0,0,0,0,0,0,0,0,2,0,0,61,5,0,0,0,0,0,0,0,0,0,0,0,7,23,0,2,352
29,soka_kasukabe_misato_koshigaya_etc,6,126,5,1,0,2,35,21,0,0,3,14,0,20,1,41,0,0,0,0,0,0,0,0,0,28,140,35,8,189,0,5,0,13,0,4,0,114,39,65,0,14,1,3,0,0,0,28,2,13,0,0,0,0,10,0,0,0,14,0,0,0,0,0,0,0,2,6,3,0,26,0,9,1047
30,hanno_hidaka_moroyama_ogose_etc,0,0,0,0,0,0,0,0,0,0,0,0,0,0,8,0,0,0,0,0,0,0,0,0,0,0,0,0,15,0,22,39,0,39,77,39,0,0,0,0,0,0,8,0,0,0,0,0,0,0,0,0,0,0,0,0,58,0,0,0,0,0,0,0,0,0,0,0,19,8,0,0,39,373
31,tsurugashima_sakado_kawajima_higashimatsuyama_etc,0,2,0,0,0,0,0,10,0,0,0,1,0,3,0,32,0,0,0,0,0,0,0,0,3,0,1,159,24,18,3,41,4,38,4,2,0,1,8,20,0,4,0,0,0,0,0,23,0,0,0,0,0,0,0,0,3,0,0,0,0,0,0,0,0,0,0,0,0,0,0,0,25,430
32,ageo_konosu_okegawa_kitamoto_etc,0,0,0,40,0,0,0,0,0,0,0,0,0,0,0,0,0,0,0,0,0,0,0,0,0,0,3,0,8,0,0,8,62,0,0,0,0,0,0,0,0,0,0,0,0,0,0,0,0,0,0,0,0,0,40,0,0,0,0,0,0,0,0,3,4,0,128,68,0,0,102,0,762,1227
33,kuki_kazo_hanyu_gyoda_etc,0,0,10,0,0,0,0,0,0,0,0,0,0,0,0,0,0,0,0,0,0,0,0,0,0,0,0,0,0,0,0,0,0,34,0,0,0,0,0,0,0,0,0,0,0,0,0,0,0,0,0,0,0,0,0,0,0,0,0,0,0,0,0,0,0,0,2526,763,1010,0,27,0,22320,26690
34,kumagaya_fukaya_ogawa_yorii_etc,0,109,5,0,1,0,2,70,27,0,0,0,0,0,0,27,0,0,0,0,0,0,0,0,30,0,4,14,98,0,1,306,23,243,63,123,2,0,0,0,0,0,0,0,0,0,0,0,11,0,0,0,0,1,1,2,33,0,101,0,13,0,0,0,0,0,38,1,1,1,3,0,27,1384
35,honjo_kamikawa_kamisato,0,0,0,0,0,0,0,0,0,0,0,0,0,0,0,0,0,0,0,0,0,0,0,0,0,0,0,0,0,0,0,0,0,0,0,0,0,0,0,0,0,0,0,0,0,0,0,0,0,0,0,0,0,0,0,0,0,0,0,0,0,0,0,0,0,0,0,0,0,0,0,0,0,0
36,chichibu_yokoze_minano_nagatoro_etc,0,0,0,0,0,0,0,0,0,0,0,0,0,0,0,0,0,0,0,0,0,0,0,0,0,0,0,0,0,0,0,0,0,0,0,0,0,0,0,0,0,0,0,0,0,0,0,0,0,0,0,0,0,0,0,0,0,0,0,0,0,0,0,0,0,0,0,0,0,0,0,0,0,0
37,chiba_city,0,0,1,0,0,0,15,9,0,0,0,0,0,0,0,0,0,0,0,0,0,0,0,0,0,0,0,0,16,5,0,0,12,0,0,79,0,838,89,26,55,17,2,0,4,4,5,21,0,0,0,4,0,4,1,0,302,0,0,0,0,0,0,0,0,0,0,0,0,0,0,0,0,1507
38,ichikawa_urayasu_narashino_funabashi,4,41,9,26,7,24,73,7,2,0,2,28,2,1,3,0,0,3,2,1,1,1,2,0,1,2,31,4,6,63,0,0,49,0,1,0,0,12,5,24,16,20,0,32,0,0,1,0,0,0,0,0,0,0,1,0,5,2,1,0,0,0,0,0,0,0,10,3,5,3,0,0,60,599
39,matsudo_kamagaya_kashiwa_abiko,0,0,0,1,0,0,1,0,0,0,3,0,0,0,0,0,0,0,0,0,0,0,0,0,0,0,0,1,0,0,0,0,0,0,0,0,0,3,2,71,0,0,0,0,0,0,0,0,0,0,6,0,0,0,0,0,1,0,0,0,0,0,0,0,0,0,0,3,0,0,1,0,1,95
40,nagareyama_noda,0,0,0,0,0,0,0,0,0,0,0,0,0,0,0,0,0,0,0,0,0,0,0,0,0,0,0,0,0,0,0,0,0,0,0,0,0,0,0,0,1,0,0,0,0,0,0,0,1,0,0,0,0,0,1,2,0,0,0,0,0,0,0,0,0,0,2,0,0,0,1,0,0,10
41,yachiyo_sakura_narita_shiroi_etc,2,0,1,1,0,0,0,1,0,0,0,0,0,0,0,1,0,0,0,0,0,0,0,0,0,0,0,0,1,0,0,0,0,0,0,0,0,1,0,0,0,11,0,0,0,19,0,0,0,0,0,0,2,0,0,0,0,0,0,0,0,0,0,0,0,0,0,0,0,59,0,0,87,185
42,ichihara_city,0,0,0,0,0,0,0,0,0,0,0,0,0,0,0,0,0,0,0,0,0,0,0,0,0,0,0,0,0,0,0,0,0,0,0,0,0,0,0,0,0,0,0,0,0,0,0,0,0,0,0,0,0,0,13,0,0,0,0,0,0,0,0,0,0,0,0,0,0,16,0,0,18,47
43,kisarazu_sodegaura_kimitsu_futtsu,0,0,0,0,0,0,44,0,0,0,0,0,0,0,0,0,0,0,0,0,44,0,0,0,0,44,0,0,0,0,0,0,0,0,0,0,0,0,0,0,0,0,0,12,0,0,0,0,0,0,0,0,0,0,0,0,0,0,0,0,0,0,0,0,0,0,0,0,0,0,0,0,44,186
44,katsuura_otaki_tateyama_kamogawa_etc,0,1,0,0,0,0,0,0,0,0,0,0,0,0,0,0,0,0,0,0,0,0,0,0,0,0,0,0,0,0,0,0,0,0,0,0,0,0,1,0,0,0,0,0,18,0,0,0,0,0,0,0,0,0,0,0,0,0,0,0,0,0,0,0,0,0,0,0,0,0,1,0,0,21
45,choshi_asahi_sosa_katori_etc,115,22,0,0,51,1,51,0,81,0,10,0,0,0,0,0,0,0,0,0,0,0,0,0,23,0,5,1,0,0,0,0,0,0,0,0,0,183,52,0,0,5,0,0,0,100,0,2,0,0,0,0,0,8,0,0,0,0,0,0,0,0,0,0,0,0,0,66,0,0,29,1266,31,2103
46,togane_mobara_sanmu_oamishirasato_etc,0,0,5,0,0,0,0,130,0,54,0,0,0,2,23,0,45,0,0,0,0,0,0,0,0,0,5,10,9,12,0,0,0,0,0,0,0,81,6,0,0,178,7,7,41,0,34,0,0,0,0,0,0,0,0,0,0,0,0,0,0,0,0,0,0,0,0,0,0,0,0,0,210,858
47,tsuchiura_ishioka_omitama_kasumigaura_etc,0,0,0,2,0,29,7,0,0,0,0,0,0,0,0,0,0,0,0,0,1,0,0,0,0,0,9,16,12,1,0,0,7,1,0,0,0,1,0,7,0,25,0,0,0,0,0,40,2,9,2,0,11,0,10,0,0,0,33,17,0,0,0,0,0,0,0,0,0,40,0,0,20,302
48,koga_shimotsuma_yachiyo_goka_etc,0,0,0,0,0,0,0,0,0,0,0,0,0,0,11,0,11,43,0,0,0,0,11,0,0,0,43,0,0,0,0,0,0,0,0,0,0,0,43,0,0,0,0,0,0,0,0,3,0,0,0,0,0,0,427,0,0,0,0,0,0,0,0,0,0,0,21,0,0,43,0,0,0,654
49,tsukuba_city,0,0,0,0,0,0,0,0,0,0,0,0,0,0,0,0,0,0,0,0,0,0,0,0,0,0,0,0,0,0,0,0,0,2,1,0,0,11,0,40,0,0,7,0,0,7,0,97,4,53,0,0,0,0,15,6,0,19,0,0,0,0,0,0,0,0,0,0,0,0,0,0,69,329
50,joso_bando,68,122,47,28,18,55,53,55,0,0,8,30,0,0,60,6,37,0,0,0,0,0,0,0,11,0,0,43,12,6,0,0,46,3,0,0,0,20,0,54,0,0,0,0,0,0,0,0,0,1,28,0,0,0,55,0,0,0,1,0,0,0,0,3,0,0,165,18,110,0,92,0,98,1354
51,ryugasaki_toride_ushiku_moriya_etc,0,0,0,0,0,0,0,0,0,0,0,0,0,0,0,0,0,0,0,0,0,0,0,0,0,0,0,0,0,0,0,0,0,0,0,0,0,0,0,0,0,0,0,0,0,0,0,0,0,0,0,0,0,0,0,0,0,0,0,0,0,0,0,0,0,0,0,0,0,0,0,0,0,0
52,inashiki_miho_kawachi,0,3,6,0,0,0,0,8,1,0,0,0,11,0,2,0,0,1,1,0,0,0,0,0,0,0,1,3,29,0,0,0,0,0,0,0,0,5,3,27,0,34,6,0,0,0,0,2,0,0,0,3,0,0,2,0,0,0,0,0,0,0,0,0,0,0,0,0,0,0,0,0,5,153
53,kashima_kamisu_namegata_itako,3,11,4,11,0,1,0,10,0,0,54,0,0,0,3,0,2,0,0,0,0,0,0,0,0,0,9,0,0,0,0,0,42,42,0,62,0,0,0,4,0,0,0,0,0,4,0,45,0,0,144,0,0,1114,47,0,662,2426,0,41,41,0,0,0,0,0,128,74,144,46,146,0,917,6236
54,mito_hitachi_kasama_hitachinaka_etc,22,23,0,0,0,0,0,0,0,0,0,0,0,0,10,0,0,0,0,0,0,0,0,0,0,0,4,0,0,9,0,0,0,0,0,0,0,0,1,9,0,2,0,0,0,0,0,34,49,15,6,6,0,16,151,0,20,6,76,15,6,0,21,15,0,0,87,35,0,165,47,0,81,930
55,yuki_chikusei_sakuragawa,4,12,0,0,0,1,2,0,0,0,0,0,0,0,0,9,0,0,0,0,0,0,0,0,0,0,13,2,0,4,0,0,0,0,0,0,0,0,0,0,0,0,0,0,0,0,0,17,14,21,0,4,0,0,9,28,0,0,0,10,0,0,0,0,0,0,0,0,0,0,10,0,3,161
56,maebashi_takasaki_isesaki_shibukawa_etc,0,9,0,0,0,0,0,0,0,0,5,1,0,1,0,14,0,0,0,0,0,0,0,0,0,194,2,2,12,3,0,0,25,74,35,18,0,0,1,0,0,0,0,0,0,0,0,2,6,0,0,0,0,0,0,0,562,37,0,4,20,0,0,0,5,0,4,82,26,0,5,0,111,1260
57,kiryu_ota_tatebayashi_midori_etc,0,0,0,0,0,0,0,0,0,0,0,0,0,0,0,0,0,0,0,0,0,0,0,0,0,0,7,0,0,0,0,3,0,1,7,0,0,0,0,0,0,0,0,0,0,0,0,0,0,0,0,0,0,0,0,9,8,77,0,0,0,0,0,0,0,0,0,0,0,0,0,0,5,117
58,utsunomiya_kanuma_moka_kaminokawa_etc,0,0,0,0,0,1,30,0,0,0,0,1,0,0,0,0,0,0,0,0,0,4,0,0,0,0,0,0,0,0,0,0,0,0,93,0,0,0,5,0,0,1,0,0,0,0,0,0,47,0,0,0,0,0,0,30,0,4,709,5,1,0,0,172,0,0,31,0,0,7,215,0,72,1429
59,tochigi_oyama_shimotsuke_nogi_etc,8,61,0,0,0,0,6,0,0,0,0,0,0,0,0,0,0,0,0,0,0,0,0,0,0,0,61,0,0,0,0,0,0,0,30,0,0,0,0,0,30,0,6,0,0,0,0,124,0,0,30,0,0,0,0,41,0,0,29,312,0,0,0,0,0,0,61,0,0,0,0,0,0,799
60,ashikaga_sano,0,0,0,11,0,0,0,0,0,0,0,0,0,0,0,0,0,0,0,0,0,0,286,0,0,164,0,0,0,0,0,0,0,36,0,0,0,0,0,0,0,0,0,0,0,0,0,0,0,0,0,0,0,0,0,0,0,0,0,0,74,0,0,0,0,0,879,141,146,55,167,0,1429,3388
61,tokyo_islands,0,0,0,0,0,0,0,0,0,0,0,0,0,0,0,0,0,0,0,0,0,0,0,0,0,0,0,0,0,0,0,0,0,0,0,0,0,0,0,0,0,0,0,0,0,0,0,0,0,0,0,0,0,0,0,0,0,0,0,0,0,0,0,0,0,0,0,0,0,0,0,0,0,0
62,ibaraki_north,0,0,0,0,0,0,0,0,0,0,0,0,0,0,0,0,0,0,0,0,0,0,0,0,0,0,0,0,0,0,0,0,0,0,0,3,0,0,0,0,0,0,0,0,0,0,0,0,0,0,0,0,0,0,2,20,0,0,0,0,0,0,0,0,0,0,0,0,0,0,0,0,0,24
63,tochigi_north,0,0,0,0,0,0,0,3,0,0,0,0,0,0,0,0,0,0,0,0,9,0,0,0,0,0,0,0,0,0,0,0,0,0,0,0,0,0,0,0,0,0,0,0,0,0,0,0,0,184,0,0,0,0,2,0,0,0,0,176,0,0,0,0,0,0,0,0,0,0,0,0,0,375
64,gunma_north,0,0,0,0,0,0,0,23,0,0,0,57,0,0,0,0,0,0,0,0,0,0,0,0,0,0,0,0,10,0,0,0,0,0,0,0,0,0,0,0,0,0,0,0,0,0,0,0,0,0,0,0,0,0,0,0,2,0,0,0,0,0,0,0,0,0,0,0,0,0,0,0,0,93
65,gunma_other_ueno_kanna_nanmoku,0,0,0,0,0,0,0,0,0,0,0,0,0,0,0,0,0,0,0,0,0,0,0,0,0,0,0,0,0,0,0,0,0,0,0,0,0,0,0,0,0,0,0,0,0,0,0,0,0,0,0,0,0,0,0,0,0,0,0,0,0,0,0,0,0,0,0,0,0,0,0,0,0,0
66,hokkaido_tohoku,10,1001,0,388,24,0,4,177,39,0,103,315,0,0,31,44,0,23,18,0,249,0,23,36,12,287,83,47,356,49,10,91,325,256,1583,0,0,174,5,19,0,56,0,0,11,36,102,2,15,223,409,0,26,0,528,34,69,0,80,0,0,0,0,0,0,0,0,0,0,0,0,0,0,7373
67,hokuriku,0,118,0,25,0,1,0,91,35,0,69,0,0,0,6,0,0,0,0,0,2,0,0,0,0,56,44,0,209,123,0,0,11,116,81,0,0,0,0,0,0,12,0,0,0,151,0,0,0,42,0,0,0,0,0,0,42,0,0,0,0,0,0,0,0,0,0,0,0,0,0,0,0,1233
68,yamanashi_nagano,0,233,0,0,0,1,0,177,4,0,0,0,0,0,0,0,0,3,0,0,6,0,22,0,0,5,38,0,8,0,19,101,5,1,0,0,0,2,0,0,0,0,0,0,0,0,8,0,0,0,2,0,0,0,0,0,6,7,0,61,0,0,0,0,0,0,0,0,0,0,0,0,0,709
69,shizuoka,0,342,0,0,0,0,0,14,2,0,0,0,0,0,0,0,0,0,0,0,0,0,0,0,0,0,0,0,15,2,0,0,9,0,2,0,0,0,0,0,0,25,0,0,0,0,72,0,0,0,0,0,0,0,0,0,17,0,0,0,0,0,0,0,0,0,0,0,0,0,0,0,0,502
70,chubu_west,20,639,0,0,4,3,0,197,39,0,192,44,1,0,50,36,0,33,0,0,0,0,22,2,18,41,9,2,31,35,0,4,41,7,2,5,0,39,36,0,0,5,0,22,0,19,66,110,2,0,14,0,0,0,75,5,13,16,51,0,1594,0,0,0,0,0,0,0,0,0,0,0,0,3541
71,overseas,14,966,0,422,0,0,0,0,0,0,229,0,0,0,809,0,0,0,0,0,0,0,0,0,0,0,34,0,30,50,0,0,0,0,0,8,0,0,33810,1,0,257,0,0,0,90,0,0,0,0,0,0,330,20556,4,70,145,0,0,71,0,0,0,0,0,0,0,0,0,0,0,0,0,57895
999,unknown,0,0,0,0,0,0,0,0,0,0,0,0,0,0,0,0,0,0,0,0,0,0,0,0,0,0,0,0,0,0,0,0,0,0,0,0,0,0,0,0,0,0,0,0,0,0,0,0,0,0,0,0,0,0,0,0,0,0,0,0,0,0,0,0,0,0,0,0,0,0,0,0,0,0
○agricultural_marine_products_ambient,,,,,,,,,,,,,,,,,,,,,,,,,,,,,,,,,,,,,,,,,,,,,,,,,,,,,,,,,,,,,,,,,,,,,,,,,,,(unit: ton/day)
large_zone,region,tokyo_chiyoda_chuo_minato,tokyo_meguro_shinagawa_ota,tokyo_toshima_bunkyo_shinjuku_shibuya,tokyo_arakawa_taito_sumida_koto,tokyo_nakano_suginami_setagaya,tokyo_nerima_itabashi_kita,tokyo_adachi_katsushika_edogawa,chofu_nishitokyo_fuchu_musashino_etc,machida_tama_hachioji_inagi_etc,mizuho_fussa_hamura_akiruno_etc,yokohama_nishi_naka,yokohama_isogo_minami_kanazawa_konan,yokohama_hodogaya_totsuka_sakae_izumi_etc,yokohama_kohoku_tsuzuki_midori_aoba,yokohama_tsurumi_kanagawa,kawasaki_kawasaki_saiwai_nakahara,kawasaki_takatsu_miyamae_tama_asao,sagamihara_city,yokosuka_miura,kamakura_zushi_hayama,fujisawa_chigasaki_samukawa,hiratsuka_oiso_ninomiya,odawara_manazuru_yugawara_hakone,minami_ashigara_nakai_oi_matsuda_etc,atsugi_hadano_kiyokawa_isehara_etc,zama_yamato_ebina_ayase,saitama_city,kawaguchi_warabi_toda,asaka_wako_niiza_tokorozawa_etc,soka_kasukabe_misato_koshigaya_etc,hanno_hidaka_moroyama_ogose_etc,tsurugashima_sakado_kawajima_higashimatsuyama_etc,ageo_konosu_okegawa_kitamoto_etc,kuki_kazo_hanyu_gyoda_etc,kumagaya_fukaya_ogawa_yorii_etc,honjo_kamikawa_kamisato,chichibu_yokoze_minano_nagatoro_etc,chiba_city,ichikawa_urayasu_narashino_funabashi,matsudo_kamagaya_kashiwa_abiko,nagareyama_noda,yachiyo_sakura_narita_shiroi_etc,ichihara_city,kisarazu_sodegaura_kimitsu_futtsu,katsuura_otaki_tateyama_kamogawa_etc,choshi_asahi_sosa_katori_etc,togane_mobara_sanmu_oamishirasato_etc,tsuchiura_ishioka_omitama_kasumigaura_etc,koga_shimotsuma_yachiyo_goka_etc,tsukuba_city,joso_bando,ryugasaki_toride_ushiku_moriya_etc,inashiki_miho_kawachi,kashima_kamisu_namegata_itako,mito_hitachi_kasama_hitachinaka_etc,yuki_chikusei_sakuragawa,maebashi_takasaki_isesaki_shibukawa_etc,kiryu_ota_tatebayashi_midori_etc,utsunomiya_kanuma_moka_kaminokawa_etc,tochigi_oyama_shimotsuke_nogi_etc,ashikaga_sano,tokyo_islands,ibaraki_north,tochigi_north,gunma_north,gunma_other_ueno_kanna_nanmoku,hokkaido_tohoku,hokuriku,yamanashi_nagano,shizuoka,chubu_west,overseas,unknown,all_regions
0,tokyo_chiyoda_chuo_minato,87,0,35,4,0,11,6,0,0,0,0,0,0,0,0,0,0,0,0,0,0,0,0,0,0,0,0,3,1,0,0,0,0,0,0,0,0,1,0,0,0,0,0,3,0,1,0,0,0,0,0,0,0,0,0,0,0,0,0,0,2,0,0,0,0,0,1,0,0,0,4,0,0,161
1,tokyo_meguro_shinagawa_ota,9,44,31,0,0,0,2,0,0,0,0,0,0,0,0,0,0,0,0,0,0,0,0,0,0,0,0,0,0,10,0,10,0,0,0,0,0,0,0,0,0,0,0,0,0,0,0,2,0,0,0,0,0,0,0,0,0,0,0,0,0,0,0,0,0,0,15,0,0,32,0,0,0,156
2,tokyo_toshima_bunkyo_shinjuku_shibuya,0,0,0,0,0,0,0,0,0,0,0,0,0,0,0,0,0,0,0,0,0,0,0,0,0,0,0,0,0,0,0,0,0,0,0,0,0,0,0,0,0,0,0,0,0,0,0,0,0,0,0,0,0,0,0,0,0,0,0,0,0,0,0,0,0,0,0,0,0,0,0,0,0,0
3,tokyo_arakawa_taito_sumida_koto,0,0,0,1,0,0,1,0,0,0,0,0,0,0,0,0,0,0,0,0,0,0,0,0,0,0,0,0,0,0,0,0,0,0,0,0,0,0,0,0,0,0,0,0,0,0,0,0,0,0,0,0,0,0,0,0,0,0,0,0,0,0,0,0,0,0,0,0,10,0,0,0,0,13
4,tokyo_nakano_suginami_setagaya,0,0,0,0,0,0,0,0,0,0,0,0,0,0,0,0,0,0,0,0,0,0,0,0,0,0,0,0,0,0,0,0,0,0,0,0,0,0,0,0,0,0,0,0,0,0,0,0,0,0,0,0,0,0,0,0,0,0,0,0,0,0,0,0,0,0,0,0,0,0,0,0,0,0
5,tokyo_nerima_itabashi_kita,0,2,4,2,2,18,0,0,5,0,0,0,0,0,0,0,0,0,0,0,0,0,0,0,0,0,0,10,9,0,0,0,5,0,0,0,0,0,0,0,0,0,0,0,0,0,0,0,0,0,0,0,0,0,0,0,0,0,0,0,0,0,0,0,0,0,0,0,0,0,0,0,0,56
6,tokyo_adachi_katsushika_edogawa,4,0,0,13,0,0,0,0,0,0,0,0,0,0,0,0,0,0,0,0,0,0,0,0,0,0,0,0,0,5,0,0,0,0,0,0,0,3,0,0,0,0,0,0,0,0,0,0,0,0,0,0,0,0,0,0,0,0,0,0,0,0,0,0,0,0,14,16,0,5,5,0,0,67
7,chofu_nishitokyo_fuchu_musashino_etc,7,0,3,0,9,1,0,21,2,1,0,0,0,0,0,0,0,4,0,0,0,0,0,0,0,0,0,0,16,0,0,0,0,9,0,0,0,0,0,0,0,0,0,0,0,0,0,0,0,0,0,0,0,0,0,0,13,0,0,0,0,0,0,0,0,0,0,0,0,0,0,0,165,251
8,machida_tama_hachioji_inagi_etc,0,0,0,0,0,0,0,0,0,0,0,0,0,0,0,0,0,0,0,0,0,0,0,0,0,0,0,0,0,0,0,0,0,0,0,0,0,0,0,0,0,0,0,0,0,0,0,0,0,0,0,0,0,0,0,0,0,0,0,0,0,0,0,0,0,0,0,0,0,0,0,0,0,0
9,mizuho_fussa_hamura_akiruno_etc,0,0,0,0,0,0,0,1,1,2,0,0,0,0,0,0,0,1,0,0,0,0,0,0,0,0,0,0,1,0,0,0,0,0,0,0,0,0,0,0,0,0,0,0,0,0,0,0,0,0,0,0,0,0,0,0,0,0,0,0,0,0,0,0,0,0,0,0,1,0,0,0,0,6
10,yokohama_nishi_naka,0,0,0,0,0,0,0,0,0,0,0,38,0,0,0,0,0,0,0,0,0,0,0,0,0,0,0,0,0,48,0,0,0,48,0,0,0,0,0,0,0,0,19,0,0,0,0,0,6,0,0,0,0,0,0,0,19,0,0,0,8,0,0,0,0,0,0,0,78,0,0,0,286,551
11,yokohama_isogo_minami_kanazawa_konan,0,0,0,0,0,0,0,0,17,0,2,37,93,17,25,17,17,0,2,2,25,0,59,0,9,25,0,0,0,0,0,0,0,0,0,0,0,0,0,0,0,0,0,0,0,0,0,0,0,0,0,0,0,0,0,0,0,0,0,0,0,0,0,0,0,0,0,0,0,51,0,0,0,398
12,yokohama_hodogaya_totsuka_sakae_izumi_etc,0,0,0,0,0,0,0,0,0,0,0,0,0,0,0,0,0,0,0,0,0,0,0,0,0,0,0,0,0,0,0,0,0,0,0,0,0,0,0,0,0,0,0,0,0,0,0,0,0,0,0,0,0,0,0,0,0,0,0,0,0,0,0,0,0,0,0,0,0,0,0,0,0,0
13,yokohama_kohoku_tsuzuki_midori_aoba,0,0,0,0,0,0,0,0,0,0,0,7,0,0,0,0,0,0,0,0,0,0,0,0,0,0,0,0,0,0,0,0,0,0,0,0,0,0,0,0,0,0,0,0,0,0,0,0,0,0,0,0,0,0,0,0,0,0,0,0,0,0,0,0,0,0,0,0,0,0,0,0,0,7
14,yokohama_tsurumi_kanagawa,2,0,0,0,0,0,0,0,0,0,0,0,0,3,145,0,0,0,0,0,0,0,0,0,0,0,0,0,0,0,0,0,0,0,0,0,0,0,0,0,0,0,0,0,1,0,0,0,0,0,0,0,0,0,0,0,0,0,0,0,0,0,0,1,0,0,0,1,1,0,3,0,24,181
15,kawasaki_kawasaki_saiwai_nakahara,0,1,0,0,0,0,0,0,0,0,3,2,0,0,1,3,1,0,1,0,0,0,0,0,2,1,0,0,0,2,0,0,0,0,0,0,0,0,0,0,0,1,0,0,0,0,0,0,0,0,0,0,0,0,0,0,0,0,0,0,0,0,0,0,0,0,0,0,0,0,0,0,0,18
16,kawasaki_takatsu_miyamae_tama_asao,0,0,0,0,8,0,0,0,0,0,0,0,0,61,0,0,5,0,0,0,0,0,0,0,0,0,0,0,0,0,0,0,0,0,0,0,0,0,0,0,0,0,0,0,0,0,0,0,0,0,0,0,0,0,0,0,0,0,0,0,0,0,0,0,0,0,0,0,0,0,0,0,0,75
17,sagamihara_city,0,9,0,0,3,0,0,7,0,1,0,0,20,5,0,0,0,117,0,2,2,0,18,0,12,28,0,0,0,0,0,0,0,0,0,0,0,0,0,0,0,0,0,0,0,0,0,0,0,0,0,0,0,0,0,0,0,0,0,0,0,0,0,0,0,0,0,0,0,0,0,0,4,227
18,yokosuka_miura,0,0,0,0,0,0,0,0,0,0,0,84,0,0,0,0,0,0,35,0,0,0,0,0,0,0,0,0,0,0,0,0,0,0,0,0,0,0,0,0,0,0,0,0,0,0,0,0,0,0,0,0,0,0,0,0,0,0,0,0,0,0,0,0,0,0,0,0,0,0,0,0,0,119
19,kamakura_zushi_hayama,0,0,0,0,0,0,0,0,0,0,0,0,0,0,0,0,0,0,0,0,0,0,0,0,0,0,0,0,0,0,0,0,0,0,0,0,0,0,0,0,0,0,0,0,0,0,0,0,0,0,0,0,0,0,0,0,0,0,0,0,0,0,0,0,0,0,0,0,0,0,0,0,0,0
20,fujisawa_chigasaki_samukawa,0,0,0,0,0,0,0,0,0,0,0,0,0,0,1,0,0,0,0,1,0,0,0,0,0,0,0,0,0,0,0,0,0,0,0,0,0,0,0,0,0,0,0,0,0,0,0,0,0,0,0,0,0,0,0,0,0,0,0,0,0,0,0,0,0,0,0,0,0,0,0,0,0,2
21,hiratsuka_oiso_ninomiya,0,0,0,0,0,0,0,0,0,0,0,0,0,0,0,0,0,0,0,0,0,0,0,0,0,0,0,0,0,0,0,0,0,0,0,0,0,0,0,0,0,0,0,0,0,0,0,0,0,0,0,0,0,0,0,0,0,0,0,0,0,0,0,0,0,0,0,0,0,0,0,0,0,0
22,odawara_manazuru_yugawara_hakone,0,0,0,0,0,0,0,0,0,0,0,0,9,0,20,0,0,12,0,0,17,6,0,0,0,0,0,0,0,0,0,0,0,0,0,0,0,15,0,0,0,0,0,0,0,0,0,0,0,0,0,0,0,0,0,0,0,0,0,0,0,0,0,0,0,0,0,0,0,0,0,0,0,79
23,minami_ashigara_nakai_oi_matsuda_etc,0,0,0,0,0,0,0,0,0,0,0,0,0,0,0,0,0,0,0,0,0,0,0,0,0,0,0,0,0,0,0,0,0,0,0,0,0,0,0,0,0,0,0,0,0,0,0,0,0,0,0,0,0,0,0,0,0,0,0,0,0,0,0,0,0,0,0,0,0,0,0,0,0,0
24,atsugi_hadano_kiyokawa_isehara_etc,0,0,0,0,0,0,0,0,0,0,0,0,0,0,0,0,0,0,0,0,0,14,29,43,92,2,0,0,0,0,0,0,0,0,0,0,0,0,0,0,0,0,0,0,0,0,0,0,0,0,0,0,0,0,0,0,0,0,0,0,0,0,0,0,0,0,0,0,0,0,1,0,0,181
25,zama_yamato_ebina_ayase,0,3,0,0,0,0,0,18,6,0,6,36,17,105,15,161,24,141,9,7,25,0,0,36,189,51,0,0,0,0,0,0,0,0,0,0,0,0,0,0,0,0,0,0,0,0,0,0,0,0,0,0,0,0,0,0,0,0,0,0,0,0,0,0,0,0,68,0,9,27,64,0,18,1034
26,saitama_city,0,0,4,0,7,0,0,0,0,0,0,0,0,0,0,0,0,0,0,0,0,0,0,0,0,0,9,0,0,7,0,0,0,0,0,0,0,0,0,0,0,0,0,0,0,0,0,0,0,0,0,0,0,0,0,0,0,0,0,0,0,0,0,0,0,0,0,0,2,0,0,0,10,40
27,kawaguchi_warabi_toda,1,0,5,1,0,2,1,51,0,0,0,0,0,0,0,0,0,0,0,0,0,0,0,0,0,0,2,33,3,0,0,0,23,0,0,0,0,0,0,0,0,0,0,0,0,0,0,0,0,0,0,0,0,0,0,0,0,0,0,0,0,0,0,0,0,0,0,0,0,0,0,0,0,123
28,asaka_wako_niiza_tokorozawa_etc,1,0,0,0,0,1,0,0,0,0,0,0,0,0,0,0,0,0,0,0,0,0,0,0,0,0,0,0,8,0,1,3,0,0,0,0,0,0,0,0,0,0,0,0,0,0,0,0,0,0,0,0,0,0,0,0,0,0,0,0,0,0,0,0,0,0,0,0,0,0,0,0,1,16
29,soka_kasukabe_misato_koshigaya_etc,4,0,3,27,0,6,15,0,0,11,0,0,0,0,0,0,0,0,0,0,0,0,0,0,0,0,24,1,21,36,0,0,0,9,0,0,0,1,1,4,0,0,0,0,0,0,5,0,15,0,0,0,0,0,0,0,0,0,10,0,0,0,0,0,0,0,0,0,0,0,0,0,0,195
30,hanno_hidaka_moroyama_ogose_etc,0,0,0,0,0,0,0,0,0,0,0,0,0,0,0,0,0,0,0,0,0,0,0,0,0,0,0,0,0,0,0,0,0,0,0,0,0,0,0,0,0,0,0,0,0,0,0,0,0,0,0,0,0,0,0,0,0,0,0,0,0,0,0,0,0,0,0,0,0,0,0,0,0,0
31,tsurugashima_sakado_kawajima_higashimatsuyama_etc,4,4,0,0,0,0,0,0,0,0,0,0,0,0,0,0,0,0,0,0,0,0,0,0,0,0,0,0,0,0,0,2,0,0,0,0,0,0,4,0,0,18,0,0,0,0,0,0,0,0,0,0,0,0,0,0,0,0,0,0,0,0,0,0,0,0,0,0,0,0,0,0,0,30
32,ageo_konosu_okegawa_kitamoto_etc,0,0,0,0,0,1,0,1,19,0,0,0,0,15,0,0,0,0,0,0,2,0,0,0,0,0,11,0,19,53,0,9,6,9,0,12,0,0,0,12,0,0,0,0,0,0,0,0,0,0,8,0,0,0,14,4,12,0,9,0,0,0,0,2,0,0,3,1,0,0,1,0,29,252
33,kuki_kazo_hanyu_gyoda_etc,0,0,0,0,0,0,0,0,0,0,0,0,0,0,0,0,0,0,0,0,0,0,0,0,0,0,5,32,2,3,0,28,11,5,0,0,0,0,0,3,1,0,0,0,0,0,0,0,0,0,0,0,0,0,0,0,0,0,0,0,6,0,0,0,0,0,6,0,0,35,14,0,0,153
34,kumagaya_fukaya_ogawa_yorii_etc,15,0,0,0,0,0,0,0,0,0,0,0,0,0,0,0,0,0,0,0,0,0,0,0,4,0,0,20,46,0,0,20,0,0,117,0,15,0,0,0,0,0,0,0,0,0,0,0,0,0,0,0,0,0,0,0,31,0,0,0,0,0,0,0,0,0,59,14,3,0,1,0,5,351
35,honjo_kamikawa_kamisato,0,0,0,0,0,0,0,0,0,0,0,0,0,0,0,0,0,0,0,0,0,0,0,0,0,1,0,0,0,0,0,0,0,0,1,0,0,0,0,0,0,0,0,0,0,0,0,0,0,0,0,0,0,0,0,0,0,0,0,0,0,0,0,0,0,0,0,0,0,0,1,0,0,3
36,chichibu_yokoze_minano_nagatoro_etc,0,0,0,0,0,0,0,0,0,0,0,0,0,0,0,0,0,0,0,0,0,0,0,0,0,0,0,0,0,0,0,0,0,0,0,0,0,0,0,0,0,0,0,0,0,0,0,0,0,0,0,0,0,0,0,0,0,0,0,0,0,0,0,0,0,0,0,0,0,0,0,0,0,0
37,chiba_city,0,0,0,0,0,0,0,0,0,0,0,0,0,0,0,0,0,0,0,0,0,0,0,0,0,0,27,0,0,81,0,0,0,0,0,0,0,569,0,0,0,0,0,0,0,0,0,0,0,0,0,0,0,0,0,0,0,0,0,0,0,0,0,0,0,0,0,0,0,27,0,1,94,799
38,ichikawa_urayasu_narashino_funabashi,0,0,0,5,0,0,5,0,0,0,0,0,0,0,0,0,0,0,0,0,0,0,0,0,0,0,0,0,0,8,0,0,0,0,0,0,0,11,45,15,0,9,7,0,1,1,11,0,0,0,0,8,0,0,0,0,0,0,0,0,0,0,0,0,0,0,0,0,0,0,0,0,0,125
39,matsudo_kamagaya_kashiwa_abiko,0,10,0,0,0,0,0,0,0,0,0,0,0,0,0,0,0,0,0,0,0,0,0,0,0,0,0,10,10,0,0,0,0,0,0,0,0,10,10,21,0,10,0,0,0,0,0,0,0,0,0,0,0,0,0,0,0,0,0,0,0,0,0,0,0,0,0,0,0,0,0,0,0,82
40,nagareyama_noda,0,0,0,0,0,0,0,0,0,0,0,0,0,0,0,0,0,0,0,0,0,0,0,0,1,0,0,0,0,0,0,0,0,0,0,0,0,0,0,0,0,0,0,0,0,0,0,0,0,0,0,0,0,0,0,0,0,0,0,0,0,0,0,0,0,0,0,0,0,0,0,0,0,2
41,yachiyo_sakura_narita_shiroi_etc,0,0,0,0,0,0,2,0,0,0,0,0,0,0,0,0,0,0,0,0,0,0,0,0,0,0,0,0,0,0,0,8,0,0,0,0,0,0,0,0,0,5,0,0,0,0,0,0,16,0,0,0,0,0,0,0,0,0,0,0,13,0,0,0,0,0,0,0,0,0,49,0,0,95
42,ichihara_city,0,22,0,0,0,0,0,27,0,0,0,0,0,0,0,0,0,0,0,0,0,0,0,0,0,0,0,0,0,0,0,0,0,0,18,0,0,0,0,0,0,0,0,0,0,0,0,0,0,0,0,0,0,0,0,0,0,56,0,0,0,0,0,0,0,0,0,0,0,44,0,0,0,168
43,kisarazu_sodegaura_kimitsu_futtsu,45,32,0,116,0,0,0,0,0,0,0,0,0,0,0,0,0,0,0,0,0,0,0,0,0,0,0,0,0,0,0,0,0,0,0,0,0,59,116,0,0,0,0,227,5,0,0,0,0,58,0,0,0,0,0,0,0,0,0,0,0,0,0,0,0,0,0,0,0,0,12,0,0,671
44,katsuura_otaki_tateyama_kamogawa_etc,1,0,0,0,0,0,0,0,0,0,0,0,0,0,0,0,0,0,0,0,0,0,0,0,0,0,0,0,0,0,0,0,0,0,0,0,0,0,0,0,0,0,291,669,2532,0,23,0,0,0,0,0,0,0,0,0,0,0,0,0,0,0,0,0,0,0,0,0,0,0,0,0,12,3528
45,choshi_asahi_sosa_katori_etc,0,5,0,0,0,0,0,0,0,0,0,0,0,0,0,0,0,0,0,0,0,0,0,0,0,0,0,0,14,0,0,0,0,0,0,0,0,54,0,0,0,2,0,0,0,2,0,0,0,0,0,0,0,0,0,0,0,0,0,0,0,0,0,0,0,0,0,0,67,59,0,0,0,202
46,togane_mobara_sanmu_oamishirasato_etc,5,9,23,0,0,9,18,0,14,0,0,0,0,0,0,0,0,0,0,0,0,5,0,0,0,0,0,0,0,0,0,0,0,0,0,0,0,5,5,5,0,0,0,0,0,0,5,0,0,0,0,0,0,0,0,0,0,0,0,0,0,0,0,0,0,0,23,0,14,0,0,0,2730,2866
47,tsuchiura_ishioka_omitama_kasumigaura_etc,0,3,0,6,0,0,0,3,0,0,0,0,0,0,0,0,0,0,0,0,0,0,0,0,0,0,23,0,15,0,0,0,0,0,0,0,0,3,0,0,0,5,0,0,0,0,0,0,0,0,10,0,0,0,9,0,0,0,29,0,0,0,0,0,0,0,0,0,0,0,0,0,0,106
48,koga_shimotsuma_yachiyo_goka_etc,0,46,10,0,0,0,0,0,0,0,0,0,0,0,0,0,0,0,0,0,0,0,0,0,0,0,0,0,0,0,0,0,0,0,0,0,0,0,0,0,0,0,0,0,0,0,0,0,10,0,0,0,0,0,0,0,0,0,4,0,0,0,0,0,0,0,10,0,0,0,1,0,7,87
49,tsukuba_city,0,0,0,0,0,0,0,0,0,0,0,0,0,0,0,0,0,0,0,0,0,0,0,0,0,0,0,0,0,0,0,0,0,0,0,0,0,0,0,0,0,0,0,0,0,0,0,1,0,1,0,0,0,0,0,0,0,0,0,0,0,0,0,0,0,0,0,0,0,0,0,0,0,1
50,joso_bando,0,0,0,0,0,0,0,0,0,0,0,0,0,0,0,0,0,0,0,0,0,0,0,0,0,0,0,0,0,0,0,0,0,0,0,0,0,6,0,0,0,0,0,0,0,0,0,52,286,7,42,138,4,38,103,0,0,0,6,0,0,0,0,29,0,0,0,1,1,0,4,0,18,734
51,ryugasaki_toride_ushiku_moriya_etc,0,0,0,0,0,0,0,0,0,0,0,0,0,0,0,0,0,0,0,0,0,0,0,0,0,0,0,0,0,0,0,0,0,0,0,0,0,0,0,0,0,0,0,0,0,0,0,0,0,0,0,0,0,0,0,0,0,0,0,0,0,0,0,0,0,0,0,0,0,0,0,0,0,0
52,inashiki_miho_kawachi,0,5,0,0,0,0,0,0,0,0,0,0,0,0,0,1,0,0,0,0,0,0,0,0,0,0,0,0,0,0,0,0,0,0,0,0,0,0,0,0,0,0,0,0,0,0,0,4,0,0,0,0,182,0,0,0,0,0,0,0,0,0,0,0,0,0,0,0,0,0,0,0,1,193
53,kashima_kamisu_namegata_itako,2,0,0,0,0,0,0,0,0,0,0,0,0,0,0,0,0,0,0,0,0,0,0,0,0,0,0,0,0,0,0,0,0,0,0,0,0,0,0,0,0,0,0,0,0,346,0,0,0,0,0,0,0,15891,0,0,554,0,0,0,0,0,0,346,0,0,20820,0,0,0,0,0,422,38383
54,mito_hitachi_kasama_hitachinaka_etc,3,0,0,0,0,0,0,0,0,0,0,0,0,0,0,0,0,0,0,0,0,0,0,0,0,0,0,0,0,0,0,0,0,0,0,0,0,0,0,0,0,0,0,0,0,0,0,24,3,1,0,0,0,12,133,5,0,0,0,0,0,0,0,0,0,0,0,0,0,0,0,0,0,181
55,yuki_chikusei_sakuragawa,0,0,0,0,0,0,0,0,0,0,0,0,0,0,0,0,0,0,0,0,0,0,0,0,0,0,0,0,0,0,0,0,0,0,0,0,0,0,0,0,0,0,0,0,0,0,0,0,0,0,0,0,0,0,0,0,0,0,0,0,0,0,0,0,0,0,0,0,0,0,0,0,0,0
56,maebashi_takasaki_isesaki_shibukawa_etc,4,0,0,0,0,0,1,0,0,0,0,0,0,0,0,0,0,28,0,0,0,0,0,0,1,0,1,0,0,0,0,0,0,0,10,10,0,0,0,0,0,1,0,0,0,0,0,0,0,0,0,0,0,27,2,0,365,38,0,0,0,0,0,2,16,0,95,7,4,1,79,0,42,736
57,kiryu_ota_tatebayashi_midori_etc,0,0,0,0,0,0,0,0,0,5,0,0,0,0,0,0,0,0,0,0,0,0,0,0,0,0,10,0,0,0,0,0,7,17,0,0,0,0,0,0,0,0,0,0,0,0,0,0,41,0,0,0,0,0,0,10,20,79,41,5,45,0,0,17,0,0,5,0,0,0,0,0,4,304
58,utsunomiya_kanuma_moka_kaminokawa_etc,0,0,0,0,0,0,8,16,0,0,0,0,0,5,0,0,0,0,0,0,0,0,0,0,3,0,0,33,9,0,0,21,0,2,0,0,0,0,4,0,0,1,0,0,0,0,0,9,0,0,0,0,0,0,3,0,9,0,1,7,9,0,0,0,0,0,16,3,0,0,0,0,69,228
59,tochigi_oyama_shimotsuke_nogi_etc,0,83,0,0,0,12,0,0,0,0,0,50,0,0,0,41,17,0,0,0,0,0,0,0,0,0,0,0,33,0,0,0,0,0,0,0,0,1,41,0,0,21,0,0,0,0,0,0,0,0,0,0,0,0,0,0,0,50,0,0,0,0,0,0,0,0,0,0,0,0,25,0,0,373
60,ashikaga_sano,0,0,0,0,0,0,0,0,0,0,0,0,0,0,0,0,0,0,0,0,0,0,0,0,0,0,0,0,0,0,0,0,0,0,0,0,0,0,0,0,0,0,0,0,0,0,0,0,0,0,0,0,0,0,0,0,0,0,0,0,0,0,0,0,0,0,0,0,0,0,0,0,17705,17705
61,tokyo_islands,0,0,0,0,0,0,0,0,0,0,0,0,0,0,0,0,0,0,0,0,0,0,0,0,0,0,0,0,0,0,0,0,0,0,0,0,0,0,0,0,0,0,0,0,0,0,0,0,0,0,0,0,0,0,0,0,0,0,0,0,0,0,0,0,0,0,0,0,0,0,0,0,0,0
62,ibaraki_north,0,0,0,0,0,0,0,0,0,0,0,0,0,0,0,0,0,0,0,0,0,0,0,0,0,0,0,0,0,0,0,0,0,0,0,0,0,0,0,0,0,0,0,0,0,0,0,0,0,0,0,0,0,0,0,0,0,0,0,0,0,0,0,0,0,0,0,0,0,0,0,0,0,0
63,tochigi_north,0,0,0,0,0,0,0,0,0,0,0,0,0,0,0,0,0,0,0,0,0,0,0,0,0,0,0,0,0,0,0,0,0,0,0,0,0,0,0,0,0,0,0,0,0,0,0,0,0,0,0,0,0,0,0,0,0,0,11,0,0,0,0,0,0,0,0,0,0,0,0,0,0,11
64,gunma_north,0,0,0,0,0,0,0,0,0,0,0,0,0,0,0,0,0,0,0,0,0,0,0,0,0,0,0,0,0,0,0,0,0,0,8,0,0,0,0,0,0,0,0,0,0,0,0,0,0,0,0,0,0,0,0,0,32,0,0,0,0,0,0,0,0,0,0,0,0,0,0,0,0,40
65,gunma_other_ueno_kanna_nanmoku,0,0,0,0,0,0,0,0,0,0,0,0,0,0,0,0,0,0,0,0,0,0,0,0,0,0,0,0,0,0,0,0,0,0,0,0,0,0,0,0,0,0,0,0,0,0,0,0,0,0,0,0,0,0,0,0,0,0,0,0,0,0,0,0,0,0,0,0,0,0,0,0,0,0
66,hokkaido_tohoku,33,21,0,0,0,0,0,3,0,0,0,362,0,0,0,0,0,30,0,0,0,0,0,0,0,51,6,11,0,31,0,84,77,21,0,0,0,20,55,0,0,0,2,0,0,45,0,17,0,0,44,0,0,0,12,0,15,5,7,232,0,0,0,0,0,0,0,0,0,0,0,0,0,1184
67,hokuriku,0,0,0,0,0,0,0,0,0,0,0,39,0,0,0,0,0,2,0,0,0,0,0,0,0,0,0,0,0,0,0,0,0,0,0,0,0,0,18,0,0,0,0,0,0,98,0,0,0,0,0,0,14,0,0,0,0,0,0,0,15,0,0,0,0,0,0,0,0,0,0,0,0,185
68,yamanashi_nagano,0,10,0,0,0,0,0,0,0,0,0,0,0,0,0,0,0,41,0,0,2,0,0,0,0,0,17,0,0,2,0,0,0,0,0,0,0,0,0,0,0,0,0,0,0,0,0,0,6,0,1,0,0,0,0,0,1,0,0,41,0,0,0,0,0,0,0,0,0,0,0,0,0,122
69,shizuoka,0,0,0,13,0,0,0,0,0,0,0,132,0,0,0,0,0,0,0,0,0,0,0,0,4,0,1,0,0,2,0,0,0,0,0,1,3,0,0,0,0,0,0,0,48,14,14,0,27,0,0,0,0,31,0,0,32,0,0,0,0,0,0,0,0,0,0,0,0,0,0,0,0,323
70,chubu_west,0,19,0,0,0,0,13,0,0,0,0,148,0,36,0,0,0,14,28,0,0,0,0,0,0,33,12,1,0,2,0,27,45,21,0,1,0,0,1,0,0,1,0,12,0,0,0,0,31,0,0,0,0,0,0,0,40,1,0,257,0,0,0,0,0,0,0,0,0,0,0,0,0,746
71,overseas,44,0,0,0,0,0,1,0,0,0,865,0,0,0,121,0,0,0,0,0,0,0,0,0,0,0,0,0,2,0,0,0,0,0,0,0,0,2,70,0,0,0,0,20,0,0,0,0,0,0,0,0,128,219463,0,0,91,10,0,16,36,0,0,0,0,0,0,0,0,0,0,0,0,220869
999,unknown,0,0,0,0,0,0,0,0,0,0,0,0,0,0,0,0,0,24,0,0,0,0,0,0,0,0,0,0,0,0,0,0,0,0,0,0,0,0,0,0,0,0,0,0,0,0,0,0,0,0,0,0,0,0,0,0,0,0,0,0,0,0,0,0,0,0,0,0,0,0,0,0,0,24
○food_products_frozen,,,,,,,,,,,,,,,,,,,,,,,,,,,,,,,,,,,,,,,,,,,,,,,,,,,,,,,,,,,,,,,,,,,,,,,,,,,(unit: ton/day)
large_zone,region,tokyo_chiyoda_chuo_minato,tokyo_meguro_shinagawa_ota,tokyo_toshima_bunkyo_shinjuku_shibuya,tokyo_arakawa_taito_sumida_koto,tokyo_nakano_suginami_setagaya,tokyo_nerima_itabashi_kita,tokyo_adachi_katsushika_edogawa,chofu_nishitokyo_fuchu_musashino_etc,machida_tama_hachioji_inagi_etc,mizuho_fussa_hamura_akiruno_etc,yokohama_nishi_naka,yokohama_isogo_minami_kanazawa_konan,yokohama_hodogaya_totsuka_sakae_izumi_etc,yokohama_kohoku_tsuzuki_midori_aoba,yokohama_tsurumi_kanagawa,kawasaki_kawasaki_saiwai_nakahara,kawasaki_takatsu_miyamae_tama_asao,sagamihara_city,yokosuka_miura,kamakura_zushi_hayama,fujisawa_chigasaki_samukawa,hiratsuka_oiso_ninomiya,odawara_manazuru_yugawara_hakone,minami_ashigara_nakai_oi_matsuda_etc,atsugi_hadano_kiyokawa_isehara_etc,zama_yamato_ebina_ayase,saitama_city,kawaguchi_warabi_toda,asaka_wako_niiza_tokorozawa_etc,soka_kasukabe_misato_koshigaya_etc,hanno_hidaka_moroyama_ogose_etc,tsurugashima_sakado_kawajima_higashimatsuyama_etc,ageo_konosu_okegawa_kitamoto_etc,kuki_kazo_hanyu_gyoda_etc,kumagaya_fukaya_ogawa_yorii_etc,honjo_kamikawa_kamisato,chichibu_yokoze_minano_nagatoro_etc,chiba_city,ichikawa_urayasu_narashino_funabashi,matsudo_kamagaya_kashiwa_abiko,nagareyama_noda,yachiyo_sakura_narita_shiroi_etc,ichihara_city,kisarazu_sodegaura_kimitsu_futtsu,katsuura_otaki_tateyama_kamogawa_etc,choshi_asahi_sosa_katori_etc,togane_mobara_sanmu_oamishirasato_etc,tsuchiura_ishioka_omitama_kasumigaura_etc,koga_shimotsuma_yachiyo_goka_etc,tsukuba_city,joso_bando,ryugasaki_toride_ushiku_moriya_etc,inashiki_miho_kawachi,kashima_kamisu_namegata_itako,mito_hitachi_kasama_hitachinaka_etc,yuki_chikusei_sakuragawa,maebashi_takasaki_isesaki_shibukawa_etc,kiryu_ota_tatebayashi_midori_etc,utsunomiya_kanuma_moka_kaminokawa_etc,tochigi_oyama_shimotsuke_nogi_etc,ashikaga_sano,tokyo_islands,ibaraki_north,tochigi_north,gunma_north,gunma_other_ueno_kanna_nanmoku,hokkaido_tohoku,hokuriku,yamanashi_nagano,shizuoka,chubu_west,overseas,unknown,all_regions
0,tokyo_chiyoda_chuo_minato,40,0,0,0,0,0,0,0,0,0,18,0,0,0,0,0,0,0,0,0,0,0,0,0,0,0,7,0,16,0,0,0,0,0,0,0,0,7,0,3,0,0,0,0,0,0,0,0,0,0,0,0,0,0,0,0,0,0,0,0,0,0,0,0,0,0,15,0,12,13,35,0,195,362
1,tokyo_meguro_shinagawa_ota,12,150,5,8,12,15,0,16,17,0,22,5,8,33,2,23,0,0,0,0,0,0,0,0,2,33,2,26,46,21,0,0,4,22,11,0,0,1,93,5,0,0,0,0,0,0,0,20,0,4,0,0,0,0,0,12,55,0,19,41,0,0,0,0,0,0,202,7,35,55,396,0,1133,2572
2,tokyo_toshima_bunkyo_shinjuku_shibuya,0,0,0,0,0,0,0,0,0,0,0,0,0,0,6,0,0,0,0,0,0,0,0,0,0,0,0,0,0,0,0,0,0,0,0,0,0,0,0,0,0,0,0,0,0,0,0,0,0,0,0,0,0,0,0,0,0,0,0,0,0,0,0,0,0,0,0,0,0,0,0,0,0,8
3,tokyo_arakawa_taito_sumida_koto,24,0,20,14,10,0,0,0,0,0,0,0,0,0,0,0,0,0,0,0,0,0,0,0,0,0,0,0,0,0,0,0,0,0,0,0,0,0,0,0,0,0,0,0,0,0,0,0,0,0,0,0,0,0,0,0,0,0,0,0,0,0,0,0,0,0,0,0,0,0,0,0,128,196
4,tokyo_nakano_suginami_setagaya,0,0,0,0,0,0,0,0,0,0,0,0,0,0,0,0,0,0,0,0,0,0,0,0,0,0,0,0,0,0,0,0,0,0,0,0,0,0,0,0,0,0,0,0,0,0,0,0,0,0,0,0,0,0,0,0,0,0,0,0,0,0,0,0,0,0,0,0,0,0,0,0,0,0
5,tokyo_nerima_itabashi_kita,0,0,0,0,0,4,0,0,0,0,0,0,0,0,0,0,0,0,0,0,0,0,0,0,0,0,0,0,4,0,0,0,0,0,0,0,0,0,0,0,0,0,0,0,0,0,0,0,0,0,0,0,0,0,0,0,0,0,0,0,0,0,0,0,0,0,0,0,0,0,0,0,118,126
6,tokyo_adachi_katsushika_edogawa,14,0,0,23,0,0,90,0,0,0,0,0,0,0,0,3,0,0,0,0,0,0,0,0,2,0,0,2,2,74,0,0,0,2,0,0,0,0,31,0,0,0,0,0,0,0,0,0,0,0,0,0,0,0,9,0,0,0,0,0,0,0,0,0,0,0,0,0,0,0,1,0,0,254
7,chofu_nishitokyo_fuchu_musashino_etc,8,3,5,3,4,2,0,53,204,21,0,0,0,0,0,0,2,0,0,0,0,0,0,0,0,0,31,10,41,65,0,12,0,157,0,0,0,35,28,11,4,9,0,0,0,0,0,0,0,0,0,0,0,0,0,0,30,3,44,2,0,0,0,0,0,0,2,25,18,5,129,0,63,1029
8,machida_tama_hachioji_inagi_etc,1,0,1,1,2,0,0,2,64,6,0,0,0,0,0,0,3,0,0,0,0,0,0,0,0,0,0,0,0,0,0,0,0,0,0,0,0,0,0,0,0,0,0,0,0,0,0,0,0,0,0,0,0,0,0,0,0,0,0,0,0,0,0,0,0,0,0,0,0,0,0,0,0,83
9,mizuho_fussa_hamura_akiruno_etc,0,2,0,0,0,0,0,3,0,3,0,0,0,0,0,0,0,0,0,0,0,0,0,0,0,0,0,0,0,0,2,0,0,0,0,0,0,0,0,0,0,0,0,0,0,0,0,0,0,0,0,0,0,0,0,0,0,0,0,0,0,0,0,0,0,0,0,0,0,0,0,0,5,15
10,yokohama_nishi_naka,0,0,0,0,0,0,0,0,0,0,0,6,0,0,0,0,0,0,0,0,0,0,0,0,13,0,0,1,0,0,0,0,0,0,15,15,0,0,0,0,3,24,0,0,0,0,0,0,0,0,6,0,0,0,0,0,0,0,0,0,0,0,0,0,0,0,0,0,0,22,4,38,0,147
11,yokohama_isogo_minami_kanazawa_konan,0,0,0,0,0,0,0,0,10,0,14,21,0,0,59,0,0,0,0,0,0,0,0,0,0,0,0,14,0,0,0,0,0,0,0,0,0,0,0,0,0,0,0,0,0,0,0,0,0,0,0,0,0,0,0,0,0,0,0,0,0,0,0,0,0,0,0,0,0,0,0,0,24,143
12,yokohama_hodogaya_totsuka_sakae_izumi_etc,0,3,0,0,4,0,6,12,4,3,0,0,9,4,6,0,0,0,0,0,0,0,0,0,0,2,0,0,0,0,0,0,0,1,0,0,0,0,0,0,0,0,0,0,0,0,0,0,0,0,0,0,0,0,0,0,0,0,0,0,0,0,0,0,0,0,0,0,0,0,0,0,0,55
13,yokohama_kohoku_tsuzuki_midori_aoba,10,2,6,0,4,2,0,2,1,0,3,1,4,5,1,3,2,15,16,0,10,29,0,0,40,33,0,2,1,0,0,0,0,0,0,0,0,0,0,0,0,0,1,2,1,0,1,0,0,0,0,0,0,0,0,0,0,0,0,0,0,0,0,0,0,0,0,0,13,63,0,0,172,446
14,yokohama_tsurumi_kanagawa,0,27,0,0,0,5,2,1,1,2,11,12,18,4,102,10,0,0,0,0,0,0,0,0,5,1,1,1,0,0,0,0,0,0,0,0,0,0,0,37,0,0,0,0,0,0,0,0,0,0,1,9,0,0,0,0,3,3,0,0,0,0,0,0,0,0,20,0,0,1,37,0,114,428
15,kawasaki_kawasaki_saiwai_nakahara,85,5883,0,0,8,8,0,5,55,0,11,0,1,10,2,127,12,28,25,21,5,1,41,0,72,46,3,16,8,3,0,0,5,21,3,0,0,15,19,21,0,11,0,0,0,0,0,2,2,2,0,0,0,0,0,2,11,0,8,0,0,0,0,4,0,0,79,38,739,9,283,0,1995,9741
16,kawasaki_takatsu_miyamae_tama_asao,0,0,0,0,0,0,0,0,0,0,0,0,0,0,0,0,0,0,0,0,0,0,0,0,0,0,0,0,0,0,0,0,0,0,0,0,0,0,0,0,0,0,0,0,0,0,0,0,0,0,0,0,0,0,0,0,0,0,0,0,0,0,0,0,0,0,0,0,0,0,0,0,0,0
17,sagamihara_city,0,0,1,0,2,2,0,1,29,0,0,1,0,0,0,1,2,2,0,4,2,0,0,0,0,3,0,0,0,0,0,0,0,0,0,0,0,0,0,0,0,0,0,0,0,0,0,0,0,0,0,0,0,0,0,0,0,0,0,0,0,0,0,0,0,0,0,0,0,0,0,0,2,54
18,yokosuka_miura,6,0,0,0,0,0,0,0,0,0,0,5,0,0,2,1,4,0,28,4,0,0,0,0,8,1,0,0,0,1,0,0,0,0,0,0,0,1,4,4,0,0,0,6,0,35,3,7,0,0,0,0,0,0,0,0,0,0,9,3,0,0,0,11,0,0,56,0,11,46,183,85,4,529
19,kamakura_zushi_hayama,0,0,0,0,0,0,0,0,0,0,0,0,0,0,0,0,0,0,0,0,0,0,0,0,0,0,0,0,0,0,0,0,0,0,0,0,0,0,0,0,0,0,0,0,0,0,0,0,0,0,0,0,0,0,0,0,0,0,0,0,0,0,0,0,0,0,0,0,0,0,0,0,0,0
20,fujisawa_chigasaki_samukawa,0,0,0,1,0,0,0,1,0,0,0,0,0,0,4,0,0,0,0,0,2,0,0,0,32,0,0,0,0,0,0,2,0,0,0,0,0,0,0,0,0,0,0,0,0,0,0,0,0,0,0,0,0,0,0,0,0,0,0,0,0,0,0,0,0,0,0,0,0,0,0,0,0,42
21,hiratsuka_oiso_ninomiya,0,5,16,5,10,1,3,3,7,0,0,0,0,0,0,0,0,6,1,4,8,9,8,0,14,6,4,0,0,0,0,0,0,0,0,0,0,0,0,0,0,0,0,0,0,0,0,0,0,0,0,0,0,0,0,0,0,0,0,0,0,0,0,0,0,0,0,0,0,0,0,0,15,124
22,odawara_manazuru_yugawara_hakone,0,0,0,0,0,0,0,0,0,0,0,0,0,0,0,0,0,0,0,0,0,0,61,0,0,0,0,0,0,0,0,0,0,0,0,0,0,0,0,0,0,0,0,0,0,0,0,0,0,0,0,0,0,0,0,0,0,0,0,0,0,0,0,0,0,0,0,0,0,0,0,0,0,61
23,minami_ashigara_nakai_oi_matsuda_etc,0,0,0,0,0,0,0,0,0,0,0,0,0,0,0,0,0,0,0,0,0,0,90,0,0,0,0,0,0,0,0,0,0,0,0,0,0,0,0,0,0,0,0,0,0,0,0,0,0,0,0,0,0,0,0,0,0,0,0,0,0,0,0,0,0,0,0,0,11,76,0,0,44,223
24,atsugi_hadano_kiyokawa_isehara_etc,0,0,0,0,0,0,0,0,0,0,0,0,0,0,0,0,0,0,0,0,0,24,0,0,380,0,0,0,0,0,0,0,0,0,0,0,0,0,0,0,0,0,0,0,0,0,0,0,0,0,0,0,0,0,0,0,0,0,0,0,0,0,0,0,0,0,10,0,0,0,0,0,2,416
25,zama_yamato_ebina_ayase,4,0,2,0,0,0,0,0,0,0,0,0,0,0,1,1,0,1,0,0,0,1,0,0,1,2,0,0,0,11,0,0,0,0,0,11,0,0,0,0,0,0,0,0,0,0,0,0,0,0,0,0,0,0,0,0,0,0,0,0,0,0,0,0,0,0,0,0,1,4,20,0,248,310
26,saitama_city,0,4,0,0,38,19,19,23,19,0,0,0,0,0,0,11,0,0,0,0,0,0,0,0,4,4,47,41,19,38,0,4,0,8,4,0,19,0,0,0,0,0,0,0,0,0,0,0,0,0,0,0,0,0,0,0,4,4,0,0,0,0,0,0,0,0,11,11,4,0,15,0,19,386
27,kawaguchi_warabi_toda,0,0,0,0,0,0,0,0,0,0,0,0,0,0,0,0,0,0,0,0,0,0,0,0,0,0,0,0,0,0,0,0,0,0,0,0,0,0,0,0,0,0,0,0,0,0,0,0,0,0,0,0,0,0,0,0,0,0,0,0,0,0,0,0,0,0,0,0,0,0,0,0,0,0
28,asaka_wako_niiza_tokorozawa_etc,0,5,1,0,10,12,8,25,8,5,7,0,15,0,0,116,0,0,10,0,0,0,0,0,1,0,4,0,41,0,1,0,1,0,0,0,0,0,0,15,0,2,0,0,0,0,0,0,0,0,0,0,0,0,0,0,0,0,0,0,0,0,0,0,0,0,3,10,20,0,27,0,55,406
29,soka_kasukabe_misato_koshigaya_etc,0,0,0,0,0,0,0,0,0,0,0,0,0,0,0,0,0,0,0,0,0,0,0,0,0,0,0,0,0,0,0,0,0,0,0,0,0,0,0,0,0,0,0,0,0,0,0,0,0,0,0,0,0,0,0,0,0,0,0,0,0,0,0,0,0,0,30,15,15,15,45,0,152,272
30,hanno_hidaka_moroyama_ogose_etc,0,0,0,0,0,0,0,0,0,0,0,0,0,0,0,10,0,1,0,0,0,0,0,0,0,0,0,0,0,0,0,0,0,1,0,0,0,0,0,0,0,0,0,0,0,0,0,0,0,0,0,0,0,0,0,0,0,0,0,0,0,0,0,0,0,0,0,0,0,0,0,0,1,14
31,tsurugashima_sakado_kawajima_higashimatsuyama_etc,0,0,0,0,0,0,0,0,0,0,0,0,0,0,0,0,0,0,0,0,0,0,0,0,0,0,0,0,38,0,0,24,0,0,0,0,0,0,0,0,30,0,0,0,0,0,0,0,0,0,0,0,0,0,0,0,0,0,0,0,0,0,0,0,0,0,0,0,0,0,0,0,117,210
32,ageo_konosu_okegawa_kitamoto_etc,0,0,0,0,0,4,3,3,0,1,0,0,0,0,0,0,0,0,0,0,0,0,0,0,0,0,12,6,32,8,3,5,6,5,5,5,1,4,3,4,1,37,1,1,1,3,3,0,0,0,0,0,0,0,0,0,0,0,1,10,3,0,0,3,0,0,11,0,17,0,9,0,23,236
33,kuki_kazo_hanyu_gyoda_etc,0,0,0,0,1,4,0,6,1,2,0,0,0,0,0,17,0,0,0,0,0,0,0,0,0,0,0,0,43,0,0,3,1,176,17,2,8,0,0,0,0,0,0,0,0,0,0,0,1,0,0,0,0,0,0,0,12,4,0,1,39,0,0,0,1,0,0,0,0,0,0,0,0,340
34,kumagaya_fukaya_ogawa_yorii_etc,0,35,0,0,0,2,0,0,0,0,0,1,0,0,35,3,0,0,0,0,0,0,0,0,35,0,17,0,139,0,0,18,0,2,166,0,0,0,3,0,0,10,0,0,0,0,0,0,0,0,0,0,0,0,0,0,0,0,0,0,0,0,0,0,0,0,15,1,0,0,31,0,0,515
35,honjo_kamikawa_kamisato,0,0,0,1,0,0,0,0,1,0,0,0,0,0,0,0,0,0,0,0,0,0,0,0,0,0,0,0,1,0,0,0,0,0,0,0,0,0,2,0,0,0,0,0,0,0,0,0,0,0,0,0,0,0,0,0,3,0,0,0,0,0,0,0,0,0,1,0,0,0,6,0,3,19
36,chichibu_yokoze_minano_nagatoro_etc,0,0,0,0,0,0,0,0,0,0,0,0,0,0,0,0,0,0,0,0,0,0,0,0,0,0,32,0,0,0,0,0,0,0,0,0,0,0,0,0,0,0,0,0,0,0,0,0,0,0,0,0,0,0,0,0,0,0,0,0,0,0,0,0,0,0,0,0,0,0,0,0,0,32
37,chiba_city,30,19,5,7,4,0,5,0,0,0,0,0,0,6,0,3,0,0,0,0,0,0,0,0,0,0,0,7,0,0,0,0,0,0,0,0,0,6,10,2,12,26,3,9,12,6,24,0,0,0,4,0,0,6,0,0,6,0,11,0,0,0,0,0,0,0,1,0,0,0,2,0,31,256
38,ichikawa_urayasu_narashino_funabashi,20,15,18,51,20,61,41,6,83,0,2,36,2,7,9,6,1,1,0,1,2,1,0,0,3,2,42,20,38,119,0,2,3,7,3,1,0,43,688,19,8,15,4,6,3,1,2,8,1,0,2,0,0,2,14,1,14,5,7,2,2,0,0,2,2,0,38,8,9,8,126,0,125,1789
39,matsudo_kamagaya_kashiwa_abiko,0,0,0,0,0,0,0,0,0,0,0,0,0,0,0,0,0,0,0,0,0,0,0,0,0,0,0,0,0,0,0,0,0,0,0,0,0,0,1,86,0,0,0,0,0,0,0,0,0,0,0,0,0,0,0,0,0,0,0,0,0,0,0,0,0,0,0,0,0,0,0,0,0,88
40,nagareyama_noda,0,0,0,10,0,0,10,0,31,0,0,55,0,0,7,13,0,0,0,0,0,0,0,0,0,0,18,0,0,26,0,0,0,0,0,0,0,49,29,13,2,2,6,4,0,0,0,57,0,0,0,0,0,0,11,0,37,0,33,0,0,0,0,0,0,0,161,44,64,0,154,0,284,1119
41,yachiyo_sakura_narita_shiroi_etc,0,4,1,1,0,0,1,0,0,0,0,0,0,0,0,7,0,0,0,0,0,0,0,0,0,0,46,30,69,12,0,15,7,23,7,0,5,14,81,8,0,30,0,27,0,0,0,0,0,0,0,0,0,0,0,0,0,0,0,0,0,0,0,0,0,0,0,0,0,0,1,0,57,444
42,ichihara_city,1,0,0,0,0,0,0,0,0,0,0,0,0,0,0,0,0,0,0,0,0,17,0,0,0,0,0,0,0,0,0,0,0,0,0,0,0,0,0,0,0,0,0,0,0,0,0,39,0,0,0,0,0,0,0,0,0,0,0,16,0,0,0,0,0,0,0,0,0,0,0,0,0,73
43,kisarazu_sodegaura_kimitsu_futtsu,0,0,0,0,0,0,0,0,0,0,0,0,0,0,0,0,0,0,0,0,0,0,0,0,0,0,0,0,0,0,0,0,0,0,0,0,0,0,0,0,0,0,0,19,0,0,0,0,0,0,0,0,0,0,0,0,0,0,0,0,0,0,0,0,0,0,0,0,0,60,0,100,0,179
44,katsuura_otaki_tateyama_kamogawa_etc,0,38,0,0,0,0,0,0,0,0,0,0,0,0,0,0,0,0,0,0,0,0,0,0,0,0,0,0,0,0,0,0,0,0,0,0,0,0,8,0,0,0,0,4,14,35,0,0,0,0,0,0,0,0,0,0,0,0,0,0,0,0,0,0,0,0,0,0,0,0,0,0,1,99
45,choshi_asahi_sosa_katori_etc,5,0,0,0,0,0,0,0,0,0,0,1,0,0,1,0,1,0,0,0,0,0,0,0,0,0,0,0,12,0,10,0,0,0,0,0,0,2,12,0,0,0,0,0,0,31,1,0,0,0,0,0,0,10,0,0,1,0,5,0,1,0,0,0,0,0,0,1,1,0,177,333,1,607
46,togane_mobara_sanmu_oamishirasato_etc,25,0,0,8,1,6,3,0,0,0,0,0,0,0,0,76,0,5,0,0,0,0,0,0,10,0,1,6,0,3,0,0,0,0,0,0,0,4,253,0,0,9,0,0,0,0,0,0,0,0,0,0,0,0,0,0,0,0,0,0,0,0,0,0,0,0,0,0,0,0,0,0,0,408
47,tsuchiura_ishioka_omitama_kasumigaura_etc,0,0,0,0,0,0,0,0,0,0,0,0,0,0,0,0,0,0,0,0,0,0,0,0,0,0,0,0,1,0,0,0,0,0,0,0,0,0,3,0,0,0,0,0,0,0,0,106,0,0,0,0,0,0,0,0,0,0,0,0,0,0,0,0,0,0,0,0,0,0,1,0,0,111
48,koga_shimotsuma_yachiyo_goka_etc,9,18,0,0,0,0,0,0,0,0,0,0,0,0,0,0,0,0,0,0,0,0,0,0,0,0,0,0,0,0,0,0,0,0,0,0,0,0,0,0,0,0,0,0,0,0,0,0,0,0,0,0,0,0,0,0,0,0,0,0,0,0,0,0,0,0,0,0,0,0,0,0,9,35
49,tsukuba_city,0,1,0,0,0,0,0,0,0,0,0,0,0,0,0,0,0,0,0,0,0,0,0,0,2,0,0,0,0,0,0,0,0,0,0,0,0,0,0,0,0,0,0,0,0,0,0,0,0,0,0,0,0,0,0,0,0,0,0,0,0,0,0,0,0,0,0,0,0,0,2,0,0,5
50,joso_bando,0,0,0,1,0,2,0,0,0,0,0,0,10,0,1,142,0,0,0,0,0,0,0,0,4,0,1,1,2,2,0,3,0,16,0,0,0,0,1,0,0,0,0,0,0,0,0,0,6,0,2,0,0,0,0,1,0,1,0,15,0,0,0,0,0,0,31,5,0,0,105,0,0,351
51,ryugasaki_toride_ushiku_moriya_etc,0,0,0,0,0,0,0,0,0,0,0,0,0,0,0,0,0,0,0,0,0,0,0,0,0,0,0,0,0,0,0,0,0,0,0,0,0,0,0,0,0,0,0,0,0,0,0,0,0,0,0,0,0,0,0,0,0,0,0,0,0,0,0,0,0,0,0,0,0,0,31,0,100,131
52,inashiki_miho_kawachi,3,12,0,0,0,0,0,0,0,0,0,0,0,0,0,6,0,0,0,0,0,0,0,0,0,0,0,0,0,0,0,0,0,0,0,0,0,0,0,0,0,0,0,0,0,0,0,0,0,0,0,0,0,0,0,0,0,0,0,0,0,0,0,0,0,0,0,0,0,0,0,0,0,21
53,kashima_kamisu_namegata_itako,3,3,0,0,0,0,0,0,0,0,0,0,0,0,1,0,1,0,0,0,0,0,0,0,0,0,0,0,0,0,0,0,0,0,0,0,0,0,0,0,0,0,0,0,0,0,0,0,0,0,0,0,0,42,32,0,0,0,0,0,0,0,0,0,0,0,3,6,1,0,75,0,45,212
54,mito_hitachi_kasama_hitachinaka_etc,19,4,0,0,0,2,31,0,0,0,0,0,0,0,0,10,0,0,0,0,0,0,0,0,0,0,3,0,0,0,0,0,0,0,3,0,0,0,4,0,0,0,0,0,0,0,0,4,0,9,0,1,0,21,29,0,0,0,0,0,0,0,2,0,0,0,0,0,11,0,54,0,11,219
55,yuki_chikusei_sakuragawa,0,0,0,0,0,0,0,0,0,0,0,0,0,0,0,0,0,0,0,0,0,0,0,0,0,0,0,0,0,0,0,0,0,0,0,0,0,0,1,0,0,0,0,0,0,0,0,0,0,0,9,0,0,0,0,51,0,0,12,6,0,0,0,0,0,0,0,0,0,0,0,0,3,81
56,maebashi_takasaki_isesaki_shibukawa_etc,0,1,0,0,0,0,0,3,1,0,0,10,0,1,35,6,0,0,7,0,0,0,0,0,82,0,92,0,72,1,0,0,0,2,2,0,0,4,57,13,0,0,0,0,0,0,0,0,2,0,0,0,0,0,11,0,72,0,1,1,1,0,0,0,0,0,45,2,4,0,175,0,48,750
57,kiryu_ota_tatebayashi_midori_etc,0,0,0,0,0,0,0,0,0,0,0,0,0,0,0,36,0,0,0,0,0,0,0,0,0,0,0,0,0,10,0,0,2,85,0,0,0,0,0,0,32,0,0,0,0,0,0,0,0,0,0,0,0,0,0,0,1,0,0,0,0,0,0,0,0,0,0,7,0,0,45,0,18,236
58,utsunomiya_kanuma_moka_kaminokawa_etc,0,0,0,0,0,0,1,0,0,0,0,0,0,0,0,0,0,0,0,0,0,0,0,0,0,0,3,2,3,3,1,1,2,2,2,1,1,1,1,1,1,1,0,0,0,0,0,2,1,1,1,1,0,1,5,1,8,3,43,2,2,0,2,3,1,0,1,0,0,0,35,0,39,182
59,tochigi_oyama_shimotsuke_nogi_etc,0,0,0,0,0,0,0,0,0,0,0,0,0,0,0,0,0,0,0,0,0,0,0,0,0,0,11,0,0,0,0,0,0,0,0,0,0,0,0,0,0,0,0,0,0,0,0,0,0,0,0,0,0,0,0,0,0,0,0,0,0,0,0,4,0,0,0,0,0,0,0,0,0,15
60,ashikaga_sano,0,0,0,0,0,0,0,0,0,0,0,0,0,0,0,0,0,0,0,0,0,0,0,0,0,0,0,0,0,0,0,0,0,0,0,0,0,0,0,0,0,0,0,0,0,0,0,0,0,0,0,0,0,0,0,0,0,0,25,0,0,0,0,0,0,0,0,0,0,0,0,0,0,25
61,tokyo_islands,0,0,0,0,0,0,0,0,0,0,0,0,0,0,0,0,0,0,0,0,0,0,0,0,0,0,0,0,0,0,0,0,0,0,0,0,0,0,0,0,0,0,0,0,0,0,0,0,0,0,0,0,0,0,0,0,0,0,0,0,0,0,0,0,0,0,0,0,0,0,0,0,0,0
62,ibaraki_north,0,0,0,0,0,0,0,0,0,0,0,0,0,0,0,0,0,0,0,0,0,0,0,0,0,0,0,0,0,0,0,0,0,0,0,0,0,0,0,0,0,0,0,0,0,0,0,0,0,0,0,0,0,0,0,0,0,0,0,0,0,0,0,0,0,0,0,0,0,0,0,0,0,0
63,tochigi_north,0,0,0,0,0,0,0,0,0,0,0,0,0,0,0,0,0,0,0,0,0,0,0,0,0,0,0,0,0,0,0,0,0,0,0,0,0,0,0,0,0,0,0,0,0,0,0,0,0,0,29,0,0,0,0,0,0,0,0,0,0,0,0,0,0,0,0,0,0,0,0,0,0,29
64,gunma_north,0,0,0,0,0,0,0,0,0,0,0,0,0,0,0,0,0,0,0,0,0,0,0,0,0,0,0,0,0,0,0,0,0,0,0,0,0,0,0,0,0,0,0,0,0,0,0,0,0,0,0,0,0,0,0,0,0,0,0,0,0,0,0,0,0,0,0,0,0,0,0,0,0,0
65,gunma_other_ueno_kanna_nanmoku,0,0,0,0,0,0,0,0,0,0,0,0,0,0,0,0,0,0,0,0,0,0,0,0,0,0,0,0,0,0,0,0,0,0,0,0,0,0,0,0,0,0,0,0,0,0,0,0,0,0,0,0,0,0,0,0,0,0,0,0,0,0,0,0,0,0,0,0,0,0,0,0,0,0
66,hokkaido_tohoku,17,134,0,0,0,0,32,195,2,0,19,0,0,0,0,45,0,0,11,0,0,0,0,0,2,0,4,0,0,20,0,3,3,0,0,0,3,0,5,0,1,0,0,0,8,5,10,1,0,0,13,0,0,0,3,0,3,0,0,0,1,0,0,0,0,0,0,0,0,0,0,0,0,539
67,hokuriku,0,8,0,0,0,0,0,25,0,0,0,0,0,0,0,0,0,0,11,0,0,0,0,0,83,0,0,0,0,0,0,0,0,19,0,0,0,0,7,0,0,0,0,0,0,0,0,0,0,0,0,0,0,0,0,0,0,0,0,0,0,0,0,0,0,0,0,0,0,0,0,0,0,153
68,yamanashi_nagano,0,21,0,0,0,0,0,0,0,0,0,0,0,0,0,48,0,1,0,0,0,0,0,0,0,0,0,0,0,0,0,0,0,0,0,0,0,0,0,0,0,0,0,0,0,0,0,0,0,0,1,0,0,0,0,0,0,0,0,0,0,0,0,0,0,0,0,0,0,0,0,0,0,70
69,shizuoka,0,168,0,0,0,0,10,11,0,0,0,0,0,0,0,0,0,0,0,0,3,0,1,59,1,0,1,0,0,0,0,0,3,22,0,0,0,0,45,0,21,0,0,0,0,0,0,1,0,0,2,0,0,0,1,0,0,2,0,0,0,0,0,0,0,0,0,0,0,0,0,0,0,349
70,chubu_west,1,190,0,0,0,1,0,505,2,0,0,16,0,0,0,346,0,0,0,0,0,0,26,0,286,0,4,0,85,0,0,0,10,23,0,0,0,0,112,0,141,8,0,0,0,0,0,2,0,0,36,0,0,0,0,0,134,2,0,0,0,0,0,0,0,0,0,0,0,0,0,0,0,1929
71,overseas,163,2602,0,0,0,0,0,0,7,0,174,2,0,0,195,105,0,0,0,0,0,0,0,0,0,0,0,0,0,0,0,0,0,56,0,0,0,0,894,0,0,0,0,0,0,0,0,0,0,0,0,0,0,0,0,0,44,0,0,0,0,0,0,0,0,0,0,0,0,0,0,0,0,4241
999,unknown,0,0,0,0,0,0,0,0,0,0,0,0,0,0,0,0,0,0,0,0,0,0,0,0,0,0,0,0,0,0,0,0,0,0,0,0,0,0,0,0,0,0,0,0,0,0,0,0,0,0,0,0,0,0,0,0,0,0,0,0,0,0,0,0,0,0,0,0,0,0,0,0,0,0
○food_products_temperature_controlled,,,,,,,,,,,,,,,,,,,,,,,,,,,,,,,,,,,,,,,,,,,,,,,,,,,,,,,,,,,,,,,,,,,,,,,,,,,(unit: ton/day)
large_zone,region,tokyo_chiyoda_chuo_minato,tokyo_meguro_shinagawa_ota,tokyo_toshima_bunkyo_shinjuku_shibuya,tokyo_arakawa_taito_sumida_koto,tokyo_nakano_suginami_setagaya,tokyo_nerima_itabashi_kita,tokyo_adachi_katsushika_edogawa,chofu_nishitokyo_fuchu_musashino_etc,machida_tama_hachioji_inagi_etc,mizuho_fussa_hamura_akiruno_etc,yokohama_nishi_naka,yokohama_isogo_minami_kanazawa_konan,yokohama_hodogaya_totsuka_sakae_izumi_etc,yokohama_kohoku_tsuzuki_midori_aoba,yokohama_tsurumi_kanagawa,kawasaki_kawasaki_saiwai_nakahara,kawasaki_takatsu_miyamae_tama_asao,sagamihara_city,yokosuka_miura,kamakura_zushi_hayama,fujisawa_chigasaki_samukawa,hiratsuka_oiso_ninomiya,odawara_manazuru_yugawara_hakone,minami_ashigara_nakai_oi_matsuda_etc,atsugi_hadano_kiyokawa_isehara_etc,zama_yamato_ebina_ayase,saitama_city,kawaguchi_warabi_toda,asaka_wako_niiza_tokorozawa_etc,soka_kasukabe_misato_koshigaya_etc,hanno_hidaka_moroyama_ogose_etc,tsurugashima_sakado_kawajima_higashimatsuyama_etc,ageo_konosu_okegawa_kitamoto_etc,kuki_kazo_hanyu_gyoda_etc,kumagaya_fukaya_ogawa_yorii_etc,honjo_kamikawa_kamisato,chichibu_yokoze_minano_nagatoro_etc,chiba_city,ichikawa_urayasu_narashino_funabashi,matsudo_kamagaya_kashiwa_abiko,nagareyama_noda,yachiyo_sakura_narita_shiroi_etc,ichihara_city,kisarazu_sodegaura_kimitsu_futtsu,katsuura_otaki_tateyama_kamogawa_etc,choshi_asahi_sosa_katori_etc,togane_mobara_sanmu_oamishirasato_etc,tsuchiura_ishioka_omitama_kasumigaura_etc,koga_shimotsuma_yachiyo_goka_etc,tsukuba_city,joso_bando,ryugasaki_toride_ushiku_moriya_etc,inashiki_miho_kawachi,kashima_kamisu_namegata_itako,mito_hitachi_kasama_hitachinaka_etc,yuki_chikusei_sakuragawa,maebashi_takasaki_isesaki_shibukawa_etc,kiryu_ota_tatebayashi_midori_etc,utsunomiya_kanuma_moka_kaminokawa_etc,tochigi_oyama_shimotsuke_nogi_etc,ashikaga_sano,tokyo_islands,ibaraki_north,tochigi_north,gunma_north,gunma_other_ueno_kanna_nanmoku,hokkaido_tohoku,hokuriku,yamanashi_nagano,shizuoka,chubu_west,overseas,unknown,all_regions
0,tokyo_chiyoda_chuo_minato,10,4,7,1,4,0,1,0,0,0,2,0,0,0,0,0,0,0,0,0,0,0,0,0,0,0,0,0,0,3,0,0,0,0,0,0,0,3,20,0,0,0,0,0,0,0,0,0,0,0,0,0,0,0,0,0,1,0,0,0,0,0,0,0,0,0,0,0,0,0,0,0,6,63
1,tokyo_meguro_shinagawa_ota,13,2,23,0,1,1,0,0,0,0,29,0,0,0,0,0,0,0,0,0,0,0,0,0,0,0,0,0,0,0,0,0,0,0,0,0,0,0,0,0,0,0,0,0,0,0,0,0,0,0,0,0,0,0,0,0,0,0,0,0,0,0,0,0,0,0,1,0,0,1,0,0,4,74
2,tokyo_toshima_bunkyo_shinjuku_shibuya,0,0,0,0,0,0,0,0,0,0,0,0,0,0,0,0,0,0,0,0,0,0,0,0,0,0,0,0,0,0,0,0,0,0,0,0,0,0,0,0,0,0,0,0,0,0,0,0,0,0,0,0,0,0,0,0,0,0,0,0,0,0,0,0,0,0,0,0,0,0,0,0,0,1
3,tokyo_arakawa_taito_sumida_koto,24,3,6,3550,1,1,10,1,160,0,1,0,0,0,2,0,0,0,0,0,0,0,0,0,0,0,25,4,0,0,0,0,0,0,25,0,0,9,2,0,22,0,0,0,0,0,0,0,0,0,0,0,0,0,0,89,0,0,0,0,0,0,22,0,0,0,0,0,22,0,1,0,124,4105
4,tokyo_nakano_suginami_setagaya,134,185,158,2,234,2,2,34,23,0,22,11,22,22,11,22,11,0,0,0,11,0,0,0,13,11,0,0,0,0,0,0,0,0,0,0,0,0,0,0,0,1,0,0,0,0,0,0,0,0,0,0,0,0,0,0,0,0,0,0,0,0,0,0,0,0,0,0,0,0,13,0,0,945
5,tokyo_nerima_itabashi_kita,0,2,1,0,0,18,1,1,0,0,0,0,0,0,0,0,0,0,0,0,0,0,0,0,0,0,34,7,52,0,1,4,2,1,1,0,0,0,1,1,0,0,0,0,0,0,0,0,0,0,0,0,0,0,0,0,0,0,0,0,0,0,0,0,0,0,0,0,0,1,7,0,16,151
6,tokyo_adachi_katsushika_edogawa,4,52,6,11,1,0,116,564,0,0,2,0,1,1,84,2,6,0,0,0,0,0,0,0,5,322,1,7,2,0,0,6,0,0,0,0,0,0,8,0,0,0,0,0,0,0,0,0,1,0,15,0,0,0,0,0,0,0,81,0,0,0,0,0,0,0,581,174,17,81,889,0,283,3328
7,chofu_nishitokyo_fuchu_musashino_etc,10,22,29,29,73,120,2,1019,168,142,12,116,72,93,20,172,102,93,20,0,21,24,0,0,152,100,39,61,454,121,20,27,0,1,30,0,0,83,96,58,15,17,0,0,0,1,0,10,12,0,13,31,0,26,17,28,46,19,5,14,5,0,0,0,0,0,69,21,38,21,182,0,184,4377
8,machida_tama_hachioji_inagi_etc,3,1,10,0,0,1,4,27,36,0,1,1,6,10,3,0,6,6,0,0,0,0,0,0,6,8,8,1,11,3,0,0,0,0,0,0,0,4,3,0,0,0,0,0,0,0,0,2,0,0,0,0,0,0,0,0,0,0,2,0,0,0,0,0,0,0,0,0,4,3,0,0,0,168
9,mizuho_fussa_hamura_akiruno_etc,0,0,0,4,0,0,0,16,0,0,0,0,0,0,0,0,0,0,0,0,0,0,0,10,7,7,0,29,35,7,0,0,0,0,14,0,0,0,15,0,0,0,0,0,0,0,0,0,0,0,0,0,0,0,0,0,10,0,0,0,0,0,0,0,0,0,0,0,0,4,0,0,20,181
10,yokohama_nishi_naka,0,24,0,0,0,0,0,0,0,0,1,1,0,39,19,38,0,10,0,0,0,0,0,0,10,115,0,0,22,0,0,0,2,0,0,0,0,4,29,0,19,0,0,0,0,0,0,38,0,1,0,0,0,0,0,0,19,0,2,0,0,0,19,0,0,0,39,0,57,0,41,0,15,563
11,yokohama_isogo_minami_kanazawa_konan,14,7,4,0,9,0,0,0,27,0,6,55,52,9,7,12,30,5,28,6,53,13,0,6,8,0,0,0,0,15,0,0,0,0,0,0,0,0,0,0,0,0,0,0,0,0,0,0,0,0,0,0,0,0,0,0,0,0,0,0,0,0,0,0,0,0,0,0,0,0,15,0,0,384
12,yokohama_hodogaya_totsuka_sakae_izumi_etc,4,10,3,1,0,0,0,61,0,0,14,4,11,10,6,6,0,6,0,0,7,0,0,0,62,10,0,0,0,92,0,0,0,0,0,0,0,0,0,0,0,0,0,0,0,0,0,0,0,0,0,0,0,0,0,0,0,0,0,0,0,0,0,0,0,0,0,0,0,80,1,0,31,419
13,yokohama_kohoku_tsuzuki_midori_aoba,7,6,6,0,13,1,0,10,2,0,2,8,4,561,2,0,4,2,4,0,3,3,2,0,9,8,0,102,0,0,0,58,0,0,0,0,0,0,0,0,0,0,0,0,0,0,0,0,0,0,0,0,0,0,0,0,0,0,0,0,0,0,0,0,0,0,0,0,0,0,203,0,6,1026
14,yokohama_tsurumi_kanagawa,5,21,1,5,2,26,3,24,0,0,1,13,0,0,365,60,0,9,2,0,3,0,0,0,37,40,26,2,48,6,0,0,0,8,6,0,0,17,13,0,0,10,0,0,0,0,1,0,6,0,4,0,0,0,0,0,17,0,1,4,0,0,0,0,0,0,121,0,24,25,104,0,205,1264
15,kawasaki_kawasaki_saiwai_nakahara,0,4,0,2,1,6,2,1,3,0,1,4,2,3,0,7,4,0,0,0,1,1,1,0,5,8,0,7,4,0,0,0,4,0,0,0,0,7,16,0,0,0,0,0,0,0,0,4,0,0,0,0,0,0,0,0,0,0,0,0,0,0,0,0,0,0,0,0,0,0,0,0,41,138
16,kawasaki_takatsu_miyamae_tama_asao,0,192,0,0,246,0,0,11,0,0,11,0,3,126,5,60,129,0,0,0,0,0,0,0,3,0,0,0,0,0,0,0,0,0,0,0,0,0,0,0,0,0,0,0,0,0,0,0,0,0,0,0,0,0,0,0,0,0,0,0,0,0,0,0,0,0,0,0,0,0,0,0,32,819
17,sagamihara_city,0,7,0,0,6,6,2,39,41,0,0,6,10,17,6,5,11,12,0,11,20,0,6,3,2,12,34,3,3,0,18,13,0,1,0,0,0,2,0,0,0,0,0,0,0,0,0,21,0,0,0,5,0,0,0,1,0,0,0,0,0,0,0,0,0,0,2,0,52,59,5,0,156,594
18,yokosuka_miura,0,0,0,0,0,0,0,0,0,0,0,0,0,0,0,0,0,0,5,0,0,0,0,0,0,0,0,0,0,0,0,0,0,0,0,0,0,0,0,0,0,0,0,0,0,0,0,0,0,0,0,0,0,0,0,0,0,0,0,0,0,0,0,0,0,0,0,0,0,0,0,0,0,5
19,kamakura_zushi_hayama,0,4,0,0,0,0,0,0,0,0,0,0,0,0,0,9,0,0,0,1,0,0,0,0,9,0,0,0,0,0,0,0,0,0,0,0,0,0,0,0,0,0,0,0,0,0,0,0,0,0,0,0,0,0,0,4,0,0,0,0,0,0,0,0,0,0,0,0,0,0,0,0,0,28
20,fujisawa_chigasaki_samukawa,1,16,0,0,60,0,0,61,32,0,0,0,1,0,2,0,1,43,36,8,55,29,4,2,176,122,0,411,0,0,0,0,0,0,0,0,0,0,0,0,0,0,0,0,0,0,0,0,0,0,0,285,0,0,0,0,48,0,36,0,0,0,0,0,0,0,72,0,41,27,72,0,345,1984
21,hiratsuka_oiso_ninomiya,0,0,0,0,0,1,0,0,1,71,2,0,1,1,0,13,0,1,0,0,3,21,4,0,368,0,4,0,45,0,0,0,3,0,0,0,0,0,0,0,0,0,0,0,0,0,0,0,0,0,0,0,0,0,0,0,0,0,0,0,0,0,0,0,0,0,0,0,0,0,18,0,18,573
22,odawara_manazuru_yugawara_hakone,1,0,0,0,0,0,0,0,0,0,0,0,0,0,0,0,0,0,0,0,0,0,3,0,0,0,0,0,0,0,0,0,0,0,0,0,0,0,0,0,0,0,0,0,0,0,0,0,0,0,0,0,0,0,0,0,0,0,0,0,0,0,0,0,0,0,0,0,0,0,0,0,0,6
23,minami_ashigara_nakai_oi_matsuda_etc,18,8,6,0,0,3,0,5,0,0,5,4,5,0,15,8,2,3,0,0,3,0,1,1,13,11,2,5,14,0,0,0,2,0,0,0,0,0,9,0,1,0,0,0,0,0,0,0,0,0,16,0,0,0,0,0,0,0,0,0,0,0,0,0,0,0,1,0,4,9,3,0,2,178
24,atsugi_hadano_kiyokawa_isehara_etc,0,12,0,6,0,0,0,11,2,0,2,13,1,33,15,40,2,43,4,0,7,8,0,0,60,101,12,36,39,20,176,7,14,8,0,0,0,9,40,0,0,12,0,5,5,0,0,8,1,0,0,15,0,0,0,0,49,0,0,6,10,0,49,0,0,0,50,0,0,121,131,0,82,1267
25,zama_yamato_ebina_ayase,3,22,6,9,11,1,225,279,34,4,86,217,119,139,111,99,36,55,34,5,19,16,12,2,142,201,20,10,33,45,0,0,8,29,10,0,0,68,33,14,2,2,0,0,0,0,4,2,0,0,0,0,0,0,3,0,5,0,0,4,0,0,0,0,0,0,108,1,31,68,208,0,78,2667
26,saitama_city,1,1,4,2,1,2,1,1,0,0,0,0,0,0,0,0,0,1,0,0,0,0,0,0,0,0,31,1,68,45,0,0,3,0,1,0,0,0,0,0,0,0,0,0,0,0,0,2,0,0,0,0,0,0,0,0,0,1,0,0,0,0,0,1,0,0,0,0,0,0,0,0,23,191
27,kawaguchi_warabi_toda,1,0,0,5,0,12,5,7,0,0,0,0,0,0,0,0,0,0,0,0,4,0,0,0,0,0,0,15,55,17,0,0,0,0,0,0,0,0,0,5,22,0,0,0,0,0,0,0,0,0,0,0,0,0,0,0,0,0,0,0,0,0,0,0,0,0,22,0,48,0,22,0,132,375
28,asaka_wako_niiza_tokorozawa_etc,2,8,0,0,78,42,2,1076,485,75,0,2,0,0,0,0,0,2,0,0,0,0,0,0,46,7,485,125,952,60,69,144,116,87,3,6,3,16,48,25,0,2,0,0,0,0,0,25,0,0,0,4,0,0,13,0,23,2,13,0,6,0,0,1,0,0,45,12,29,4,93,0,606,4847
29,soka_kasukabe_misato_koshigaya_etc,45,0,66,31,6,59,116,2,0,2,3,0,0,0,0,0,0,0,0,0,0,0,0,0,0,16,54,52,53,53,12,3,16,5,0,0,0,18,65,19,1,10,0,7,1,1,1,0,1,0,3,2,0,1,18,0,17,0,6,9,1,0,0,0,0,0,53,18,37,10,17,0,207,1122
30,hanno_hidaka_moroyama_ogose_etc,0,4,0,0,0,0,0,5,0,0,0,2,0,1,0,0,0,0,0,0,0,0,0,0,0,0,6,0,6,7,10,3,0,3,0,0,0,0,8,0,0,0,0,0,0,0,0,0,0,0,0,0,0,0,0,0,2,0,0,0,0,0,0,0,0,0,1,0,0,4,0,0,10,74
31,tsurugashima_sakado_kawajima_higashimatsuyama_etc,2,1,0,0,0,0,0,1,0,0,0,3,1,0,0,0,0,0,0,0,0,0,0,0,35,0,3,0,4,0,0,0,0,0,1,0,0,0,0,1,0,0,0,0,0,0,0,0,0,0,0,0,0,0,0,0,0,0,0,0,0,0,0,0,0,0,28,0,0,29,55,0,7,172
32,ageo_konosu_okegawa_kitamoto_etc,0,0,0,5,0,0,0,0,0,0,0,0,0,0,0,0,0,7,0,0,0,0,0,0,0,0,30,43,12,3,0,35,24,0,0,0,0,0,24,0,0,0,0,0,0,0,0,0,0,0,0,0,0,0,0,0,0,0,0,0,0,0,0,0,0,0,4,0,0,0,5,0,0,192
33,kuki_kazo_hanyu_gyoda_etc,13,16,24,7,6,10,32,41,7,0,2,2,2,4,1,2,2,2,1,1,1,1,1,0,21,16,81,34,279,125,1,0,66,60,192,0,0,3,133,23,67,0,0,0,0,0,9,0,4,0,0,0,0,0,8,14,115,0,8,12,0,0,0,0,0,0,38,1,18,6,12,0,49,1569
34,kumagaya_fukaya_ogawa_yorii_etc,0,0,0,0,0,0,0,1,0,0,0,0,0,3,0,27,1,0,0,0,0,0,0,0,1,1,72,0,5,6,2,4,1,1,34,1,1,1,0,0,0,0,0,0,0,0,0,7,30,0,0,0,0,0,0,0,1,1,0,0,0,0,0,0,0,0,5,0,18,0,7,0,8,236
35,honjo_kamikawa_kamisato,0,0,0,0,0,0,0,0,0,0,0,0,0,0,0,0,0,0,0,0,0,0,0,0,0,0,0,4,0,1,0,0,0,1,1,0,2,0,4,3,0,0,0,0,0,0,0,0,1,0,0,0,0,0,0,0,11,1,0,0,0,0,0,0,0,0,0,0,1,0,9,0,5,46
36,chichibu_yokoze_minano_nagatoro_etc,0,0,0,0,0,0,6,0,0,0,0,0,0,0,0,0,0,0,0,0,0,0,0,0,0,0,0,0,1,0,0,0,0,1,0,0,0,0,0,0,0,0,0,0,0,0,0,0,0,0,0,0,1,0,0,0,0,0,0,0,0,0,0,1,0,0,0,0,1,0,0,0,3,16
37,chiba_city,1,0,0,10,0,0,323,47,68,0,0,0,12,1,0,0,0,61,0,0,0,0,0,0,73,118,8,0,53,34,0,59,113,31,0,31,0,55,89,174,1,30,31,0,0,32,5,6,294,21,3,6,0,0,1,0,274,626,2,5,0,0,0,0,0,0,37,216,147,82,19,0,513,3712
38,ichikawa_urayasu_narashino_funabashi,90,1652,28,236,4,10,176,14,1,1,0,0,0,0,0,64,0,1,0,0,0,0,0,0,7,0,2,91,0,56,0,0,0,1,0,0,0,203,257,85,28,334,22,0,0,0,0,0,0,0,0,4,0,0,0,0,0,0,0,0,0,0,0,0,0,0,64,8,9,6,108,0,259,3821
39,matsudo_kamagaya_kashiwa_abiko,0,28,1,0,0,28,1,139,0,28,0,1,0,0,0,0,0,0,0,0,417,0,0,0,42,0,0,35,35,29,0,14,0,0,0,0,0,63,507,56,278,18,0,0,0,0,0,0,288,0,0,0,0,0,0,0,35,0,0,0,0,0,0,0,0,0,476,28,87,2,179,0,0,2812
40,nagareyama_noda,0,0,0,0,1,0,0,0,0,0,0,0,0,0,0,0,0,0,0,0,0,0,0,0,0,0,0,0,0,0,0,0,0,0,0,0,0,0,0,0,0,0,0,0,0,0,0,0,0,0,0,0,0,0,3,0,0,0,1,0,0,0,0,0,0,0,7,0,1,0,0,0,0,14
41,yachiyo_sakura_narita_shiroi_etc,0,0,0,53,26,1,16,21,25,0,164,61,1,0,18,133,0,0,0,0,0,14,0,0,0,0,113,15,407,46,0,0,38,55,0,0,0,53,392,37,2,108,0,0,0,8,29,58,1,16,0,0,0,20,25,0,13,51,44,12,0,0,0,0,0,0,238,68,39,38,831,0,32,3325
42,ichihara_city,0,0,0,0,0,0,0,0,0,0,0,0,0,0,0,0,0,0,0,0,0,0,0,0,0,0,0,0,0,0,0,0,0,0,0,0,0,0,0,0,0,0,0,0,0,0,0,0,16,0,0,0,0,0,0,0,0,0,23,0,0,0,0,0,0,0,1,1,0,0,1,0,28,71
43,kisarazu_sodegaura_kimitsu_futtsu,0,0,0,2,0,0,0,0,0,0,0,0,0,0,0,0,0,0,0,0,0,0,0,0,0,0,0,0,0,36,0,0,0,0,0,0,0,2,4,0,0,0,0,7,0,0,0,0,0,0,0,0,0,0,0,0,0,0,0,0,0,0,0,0,0,0,15,0,0,0,52,0,100,218
44,katsuura_otaki_tateyama_kamogawa_etc,0,0,0,0,0,0,0,0,0,0,0,0,0,0,0,0,0,0,0,0,0,0,0,0,0,0,0,0,0,0,0,0,0,0,0,0,0,1,0,0,0,0,0,0,12,0,3,0,0,0,0,0,0,0,0,0,0,0,0,0,0,0,0,0,0,0,0,0,0,1,3,0,4,23
45,choshi_asahi_sosa_katori_etc,51,62,0,0,0,0,0,0,0,0,0,0,0,0,0,0,0,0,0,0,0,0,0,0,55,52,0,0,0,1,5,0,0,0,0,0,0,1,1,1,51,17,2,0,0,114,2,1,0,0,0,1,1,3,0,0,61,0,0,51,0,0,0,51,51,0,56,0,101,2,1,0,4,798
46,togane_mobara_sanmu_oamishirasato_etc,0,0,0,0,0,0,8,0,5,0,0,0,0,0,0,7,0,0,0,0,0,0,0,0,0,0,0,1,0,0,0,0,0,1,0,0,0,0,9,0,0,1,0,0,1,0,2,0,0,0,0,0,0,0,0,0,0,0,0,0,0,0,0,0,0,0,0,0,0,0,30,0,2,66
47,tsuchiura_ishioka_omitama_kasumigaura_etc,0,0,0,0,1,0,0,1,0,3,0,0,0,0,0,0,0,0,0,0,0,0,0,0,57,0,2,0,123,7,0,0,9,2,0,0,0,2,25,0,0,6,0,1,0,0,0,155,2,4,1,3,1,3,18,2,0,6,3,0,0,0,3,2,0,0,41,0,0,0,0,0,834,1319
48,koga_shimotsuma_yachiyo_goka_etc,0,0,3,0,0,0,0,13,29,0,0,0,0,0,0,0,0,1,0,0,0,0,0,0,0,0,7,4,6,6,0,29,0,21,9,0,0,4,4,13,0,0,0,0,0,0,0,4,85,9,3,0,0,0,3,11,0,10,65,23,13,0,0,24,0,0,0,0,0,35,18,0,127,579
49,tsukuba_city,0,1,0,0,0,0,99,0,0,0,0,0,0,0,0,0,0,0,0,0,0,0,0,0,0,0,1,1,24,3,1,0,0,0,0,0,0,0,0,0,0,0,0,0,0,0,0,0,8,0,0,0,0,0,0,5,7,0,0,0,0,0,0,0,0,0,10,0,0,0,71,0,0,232
50,joso_bando,0,0,4,1,0,7,7,0,2,34,0,1,1,2,1,0,0,0,0,0,0,0,0,0,21,22,48,20,61,3,88,0,13,32,0,0,0,3,2,2,63,6,0,0,0,1,0,2,134,1,2,3,0,0,2,0,2,0,0,15,0,0,0,0,0,0,20,2,1,1,17,0,2,649
51,ryugasaki_toride_ushiku_moriya_etc,0,59,0,0,0,0,0,0,0,0,0,0,0,0,0,0,0,0,0,0,0,0,0,0,0,0,77,51,27,0,0,0,1,36,0,0,0,0,16,0,0,34,0,0,0,0,0,0,0,0,0,20,0,0,4,0,0,0,3,0,3,0,0,0,0,0,0,17,0,0,0,0,7,355
52,inashiki_miho_kawachi,0,6,0,0,0,0,0,7,0,0,0,0,0,3,0,0,0,0,0,0,0,0,0,0,0,0,0,0,3,6,0,0,0,0,0,0,0,3,0,0,0,7,0,0,0,0,0,1,0,0,0,0,0,0,0,0,0,0,0,0,0,0,0,0,0,0,0,0,0,0,0,0,0,37
53,kashima_kamisu_namegata_itako,0,0,0,0,0,0,29,0,0,0,0,3,0,0,0,3,25,0,0,0,0,0,0,0,31,0,31,0,15,129,0,38,0,0,0,0,0,12,1,0,0,7,0,0,0,0,0,0,22,0,0,31,0,0,0,0,0,31,0,0,31,0,0,0,0,0,56,87,62,31,222,0,62,960
54,mito_hitachi_kasama_hitachinaka_etc,1,0,0,5,0,0,8,3,0,0,0,0,0,0,4,0,0,0,0,0,0,0,0,0,0,0,1,110,1,67,0,0,0,8,0,0,0,0,1,0,0,1,0,0,0,0,0,49,0,2,0,3,0,75,195,2,4,0,10,0,0,0,10,42,0,0,305,0,0,0,398,0,53,1357
55,yuki_chikusei_sakuragawa,0,0,0,0,0,2,0,1,2,0,0,0,0,0,0,0,0,0,0,0,0,0,0,0,0,0,0,1,1,1,0,0,0,0,0,0,0,0,0,0,0,0,0,0,0,0,0,0,0,0,0,0,0,0,0,5,0,0,0,1,2,0,0,1,0,0,0,0,0,1,0,0,2,20
56,maebashi_takasaki_isesaki_shibukawa_etc,68,0,0,0,0,61,157,42,0,9,0,0,12,14,0,0,0,0,0,0,0,491,0,0,86,1,58,80,130,144,0,0,1,2,4,1,1,88,338,95,156,0,0,0,0,0,0,55,12,0,35,0,0,0,158,0,856,61,74,99,0,0,0,4,1,0,370,99,21,1,838,0,109,4833
57,kiryu_ota_tatebayashi_midori_etc,1,8,0,0,0,0,4,8,0,0,0,8,1,0,672,15,1,0,0,0,0,0,0,0,10,0,122,0,594,8,0,0,8,9,25,0,0,4,1397,928,814,1,0,0,0,1,5,629,2,0,2,49,0,5,6,2,660,139,2,4,1,0,0,0,0,0,1378,1520,1944,8,5109,0,12473,28577
58,utsunomiya_kanuma_moka_kaminokawa_etc,0,41,0,4,0,0,0,56,0,0,0,8,46,0,0,5,15,46,0,0,122,0,0,0,11,8,12,61,126,5,0,0,0,7,1,0,0,38,122,38,0,0,0,0,0,0,0,106,0,0,6,0,0,0,17,77,0,5,94,36,0,0,0,0,0,0,0,0,0,0,0,0,1,1112
59,tochigi_oyama_shimotsuke_nogi_etc,2,0,0,0,0,0,0,0,0,0,0,0,0,0,0,0,0,0,0,0,0,0,0,0,2,0,0,49,0,0,0,0,0,0,0,0,0,0,0,0,0,0,0,0,0,0,0,0,3,0,0,98,0,0,0,0,0,0,25,19,15,0,0,7,0,0,479,49,59,0,389,0,1164,2359
60,ashikaga_sano,0,1,0,0,0,0,0,9,1,0,0,0,0,0,0,29,22,0,0,0,0,0,0,0,0,0,0,9,9,14,0,0,0,38,4,20,0,0,6,0,0,6,0,1,0,0,0,6,0,0,0,0,0,0,0,0,13,30,0,0,24,0,0,0,0,0,30,0,9,0,14,0,0,294
61,tokyo_islands,0,0,0,0,0,0,0,0,0,0,0,0,0,0,0,0,0,0,0,0,0,0,0,0,0,0,0,0,0,0,0,0,0,0,0,0,0,0,0,0,0,0,0,0,0,0,0,0,0,0,0,0,0,0,0,0,0,0,0,0,0,0,0,0,0,0,0,0,0,0,0,0,0,0
62,ibaraki_north,0,0,0,0,0,0,0,0,0,0,0,0,0,0,0,0,0,0,0,0,0,0,0,0,0,0,0,0,0,0,0,0,0,0,0,0,0,0,2,0,0,6,0,0,0,0,0,0,0,0,0,0,0,0,314,0,37,21,0,0,0,0,0,0,0,0,0,0,0,0,0,0,0,380
63,tochigi_north,0,0,0,0,0,0,0,0,0,0,0,0,0,0,0,0,0,0,0,0,0,0,0,0,0,0,0,0,5,0,0,0,0,0,0,0,0,0,0,0,0,0,0,0,0,0,0,0,0,0,0,0,0,0,0,0,6,0,13,0,0,0,0,0,0,0,0,0,0,0,0,0,0,24
64,gunma_north,0,0,0,0,0,0,0,1,0,0,0,0,0,0,0,0,0,0,0,0,0,0,0,0,0,0,0,0,0,0,0,0,0,0,0,0,0,0,0,0,0,0,0,0,0,0,0,0,0,0,0,0,0,0,0,0,31,0,0,0,0,0,0,0,0,0,0,0,0,0,0,0,0,32
65,gunma_other_ueno_kanna_nanmoku,0,0,0,0,0,0,0,0,0,0,0,0,0,0,0,0,0,0,0,0,0,0,0,0,0,0,0,0,0,0,0,0,0,0,0,0,0,0,0,0,0,0,0,0,0,0,0,0,0,0,0,0,0,0,0,0,0,0,0,0,0,0,0,0,0,0,0,0,0,0,0,0,0,0
66,hokkaido_tohoku,19,0,0,0,0,0,553,81,0,0,29,25,0,102,0,0,0,0,0,0,57,0,0,0,0,36,0,0,25,0,8,28,0,0,0,0,0,21,32,0,0,57,0,1,4,0,0,38,0,0,0,0,0,0,2,1,505,0,0,13,0,0,0,0,0,0,0,0,0,0,0,0,0,1633
67,hokuriku,6,0,0,0,0,0,81,0,0,0,0,0,0,0,0,6,0,0,0,0,0,0,0,0,0,0,0,0,113,0,2,0,0,7,0,0,0,102,7,0,0,0,0,0,0,0,0,0,0,0,0,0,0,0,0,0,1,0,1,0,0,0,0,0,0,0,0,0,0,0,0,0,0,325
68,yamanashi_nagano,3,0,0,0,18,0,1,1,0,0,0,0,0,0,5,0,0,32,0,0,0,0,0,0,22,14,0,0,103,0,5,0,12,14,0,0,0,40,11,0,0,0,0,0,0,0,0,1,0,0,0,0,0,0,0,0,276,0,1,0,1,0,0,0,0,0,0,0,0,0,0,0,0,558
69,shizuoka,0,0,0,0,0,0,1,49,0,0,0,2,0,0,0,0,0,0,0,0,1,0,0,0,95,15,0,1,31,30,1,58,3,3,0,0,0,4,0,0,0,1,0,0,0,0,0,0,15,0,0,0,0,0,0,0,192,2,0,0,0,0,0,0,0,0,0,0,0,0,0,0,0,503
70,chubu_west,42,0,0,0,0,0,454,80,0,0,0,13,0,0,102,15,0,0,0,0,0,0,0,0,121,83,0,0,90,0,5,145,10,74,1,0,0,0,5,491,133,35,0,0,0,35,1,140,7,0,0,11,7,0,1,0,1000,231,0,343,29,0,0,0,0,0,0,0,0,0,0,0,0,3706
71,overseas,22,223,0,104,0,60,127,0,0,0,434,0,0,0,1013,0,0,0,0,0,0,0,0,48,0,0,0,0,25,0,0,0,0,0,0,67,0,0,0,0,0,0,0,0,0,75,0,1,0,0,0,0,0,0,0,0,71,0,0,0,0,0,0,0,0,0,0,0,0,0,0,0,0,2270
999,unknown,0,0,0,0,0,0,0,0,0,0,0,0,0,0,0,0,0,0,0,0,0,0,0,0,0,0,0,0,0,0,0,0,0,0,0,0,0,0,0,0,0,0,0,0,0,0,0,0,0,0,0,0,0,0,0,0,0,0,0,0,0,0,0,0,0,0,0,0,0,0,0,0,0,0
○food_products_ambient,,,,,,,,,,,,,,,,,,,,,,,,,,,,,,,,,,,,,,,,,,,,,,,,,,,,,,,,,,,,,,,,,,,,,,,,,,,(unit: ton/day)
large_zone,region,tokyo_chiyoda_chuo_minato,tokyo_meguro_shinagawa_ota,tokyo_toshima_bunkyo_shinjuku_shibuya,tokyo_arakawa_taito_sumida_koto,tokyo_nakano_suginami_setagaya,tokyo_nerima_itabashi_kita,tokyo_adachi_katsushika_edogawa,chofu_nishitokyo_fuchu_musashino_etc,machida_tama_hachioji_inagi_etc,mizuho_fussa_hamura_akiruno_etc,yokohama_nishi_naka,yokohama_isogo_minami_kanazawa_konan,yokohama_hodogaya_totsuka_sakae_izumi_etc,yokohama_kohoku_tsuzuki_midori_aoba,yokohama_tsurumi_kanagawa,kawasaki_kawasaki_saiwai_nakahara,kawasaki_takatsu_miyamae_tama_asao,sagamihara_city,yokosuka_miura,kamakura_zushi_hayama,fujisawa_chigasaki_samukawa,hiratsuka_oiso_ninomiya,odawara_manazuru_yugawara_hakone,minami_ashigara_nakai_oi_matsuda_etc,atsugi_hadano_kiyokawa_isehara_etc,zama_yamato_ebina_ayase,saitama_city,kawaguchi_warabi_toda,asaka_wako_niiza_tokorozawa_etc,soka_kasukabe_misato_koshigaya_etc,hanno_hidaka_moroyama_ogose_etc,tsurugashima_sakado_kawajima_higashimatsuyama_etc,ageo_konosu_okegawa_kitamoto_etc,kuki_kazo_hanyu_gyoda_etc,kumagaya_fukaya_ogawa_yorii_etc,honjo_kamikawa_kamisato,chichibu_yokoze_minano_nagatoro_etc,chiba_city,ichikawa_urayasu_narashino_funabashi,matsudo_kamagaya_kashiwa_abiko,nagareyama_noda,yachiyo_sakura_narita_shiroi_etc,ichihara_city,kisarazu_sodegaura_kimitsu_futtsu,katsuura_otaki_tateyama_kamogawa_etc,choshi_asahi_sosa_katori_etc,togane_mobara_sanmu_oamishirasato_etc,tsuchiura_ishioka_omitama_kasumigaura_etc,koga_shimotsuma_yachiyo_goka_etc,tsukuba_city,joso_bando,ryugasaki_toride_ushiku_moriya_etc,inashiki_miho_kawachi,kashima_kamisu_namegata_itako,mito_hitachi_kasama_hitachinaka_etc,yuki_chikusei_sakuragawa,maebashi_takasaki_isesaki_shibukawa_etc,kiryu_ota_tatebayashi_midori_etc,utsunomiya_kanuma_moka_kaminokawa_etc,tochigi_oyama_shimotsuke_nogi_etc,ashikaga_sano,tokyo_islands,ibaraki_north,tochigi_north,gunma_north,gunma_other_ueno_kanna_nanmoku,hokkaido_tohoku,hokuriku,yamanashi_nagano,shizuoka,chubu_west,overseas,unknown,all_regions
0,tokyo_chiyoda_chuo_minato,2,1,0,1,0,0,0,0,0,0,0,0,0,0,0,0,0,0,0,0,0,0,0,0,0,0,0,0,0,0,0,0,0,0,0,0,0,0,32,0,0,0,0,0,0,0,0,0,0,0,0,0,1,0,0,0,0,0,0,0,0,0,0,0,0,0,1,0,0,1,1,0,4,44
1,tokyo_meguro_shinagawa_ota,97,359,50,126,16,20,15,64,3,0,10,8,4,12,8,6,0,6,1,0,20,1,0,0,9,12,12,9,13,2,0,4,1,6,0,0,0,3,23,2,1,18,1,0,0,0,2,0,0,0,0,0,0,0,0,0,21,0,21,0,0,0,0,0,0,0,134,13,30,51,222,76,239,1752
2,tokyo_toshima_bunkyo_shinjuku_shibuya,0,0,0,0,0,0,0,10,4,2,0,0,0,2,0,0,0,0,0,0,0,0,0,0,0,0,0,0,0,7,0,0,0,0,0,0,0,0,0,0,0,0,0,0,0,0,0,0,0,0,0,0,0,0,0,0,0,0,0,0,0,0,0,0,0,0,0,0,2,0,0,0,4,31
3,tokyo_arakawa_taito_sumida_koto,68,72,64,252,25,61,261,1,0,0,0,0,0,0,3,2,0,1,0,0,0,0,0,0,3,17,2,4,21,19,0,0,0,0,0,0,0,0,5,12,2,0,0,0,0,0,0,1,25,0,7,2,0,0,0,0,10,0,0,0,0,0,0,0,0,0,64,1,8,2,28,0,17,1057
4,tokyo_nakano_suginami_setagaya,0,266,71,0,799,0,0,213,0,0,0,0,0,0,0,0,0,0,0,0,0,0,0,0,0,0,0,0,0,0,0,0,0,0,0,0,0,0,0,0,0,0,0,0,0,0,0,0,0,0,0,0,0,0,0,0,0,0,0,0,0,0,0,0,0,0,0,0,0,0,0,0,5,1355
5,tokyo_nerima_itabashi_kita,1,0,1,69,0,80,35,3,0,0,0,0,5,0,0,1,0,0,0,0,0,0,0,0,0,0,0,23,0,1,0,0,1,0,0,16,0,0,0,0,0,3,0,0,0,0,0,0,0,0,0,0,0,0,0,0,5,0,0,0,0,0,0,0,0,0,3,2,3,0,7,0,0,258
6,tokyo_adachi_katsushika_edogawa,8,11,0,227,0,7,48,24,48,3,0,0,0,0,4,12,0,0,9,0,1,0,0,0,20,4,9,4,13,67,0,0,0,74,4,0,0,2,256,14,53,8,0,0,0,0,0,0,0,1,6,0,0,38,10,0,0,5,8,0,0,0,0,0,0,0,3,1,0,0,32,0,108,1145
7,chofu_nishitokyo_fuchu_musashino_etc,5,344,260,593,85,635,260,1538,274,495,0,3,8,11,4,37,25,3,3,0,0,3,0,0,3,230,60,11,44,60,3,2,11,0,3,0,0,2,101,24,4,3,0,6,3,0,0,0,0,0,0,0,0,0,0,0,0,0,0,0,0,0,0,0,0,0,2,1,1,0,54,0,2197,7413
8,machida_tama_hachioji_inagi_etc,0,20,0,32,8,0,0,35,125,97,0,1,0,7,0,32,0,17,0,0,0,0,0,0,3,0,0,0,1,0,2,0,0,0,0,0,0,0,0,0,2,0,0,0,0,0,0,0,0,0,0,0,0,0,0,0,1,0,0,0,0,0,0,0,0,0,8,0,3,0,11,0,77,484
9,mizuho_fussa_hamura_akiruno_etc,0,0,0,1,1,1,0,10,6,24,0,0,0,0,0,0,0,32,0,0,0,0,0,0,0,0,0,0,0,1,0,0,0,29,0,0,0,0,0,0,0,0,0,0,0,0,0,0,32,0,0,0,0,0,0,0,0,32,0,0,0,0,0,0,0,0,36,0,22,0,0,0,47,274
10,yokohama_nishi_naka,31,5,3,0,10,0,0,0,18,1,4,190,138,9,15,25,43,5,40,4,95,9,0,5,6,27,48,0,49,0,0,0,0,0,23,0,0,24,25,0,0,0,0,0,0,0,0,0,0,0,0,0,0,0,24,0,50,0,2,38,0,0,0,0,0,0,45,4,73,1,39,0,37,1167
11,yokohama_isogo_minami_kanazawa_konan,0,54,0,0,3,0,0,0,0,0,4,47,40,1,74,57,0,7,19,6,9,0,0,0,0,10,0,0,0,0,0,0,0,0,0,0,0,0,0,0,0,0,0,0,0,0,0,0,0,0,0,0,0,0,0,0,0,0,0,0,0,0,0,0,0,0,0,0,1,0,0,0,2,335
12,yokohama_hodogaya_totsuka_sakae_izumi_etc,0,0,0,0,0,0,0,0,0,0,4,6,2,2,19,24,4,13,13,0,4,0,2,0,28,5,0,0,0,0,0,0,0,0,0,0,0,0,0,0,12,0,0,0,0,0,0,0,0,0,0,12,0,0,0,0,0,0,0,0,0,0,0,0,0,0,0,0,5,0,1,0,1,159
13,yokohama_kohoku_tsuzuki_midori_aoba,0,0,0,0,0,0,0,0,2,0,23,11,15,24,29,1,2,0,0,0,0,0,0,0,0,0,0,0,0,0,0,0,0,0,0,0,0,0,0,0,0,0,0,0,0,0,0,0,0,0,0,0,0,0,0,0,0,0,0,0,0,0,0,0,0,0,4,0,0,0,12,0,1,126
14,yokohama_tsurumi_kanagawa,60,109,50,85,62,14,44,103,24,0,212,73,112,65,87,461,156,43,0,0,15,20,0,0,75,72,1,1,3,8,0,0,15,1,0,0,0,59,202,62,29,0,6,0,1,0,0,0,0,0,0,0,0,0,110,0,0,1,0,1,0,0,0,0,0,0,55,34,47,33,52,36,42,2742
15,kawasaki_kawasaki_saiwai_nakahara,73,418,4,317,10,26,45,96,0,18,26,67,71,51,200,383,35,4,16,0,0,1,0,0,103,287,141,33,254,80,30,18,66,109,0,0,0,136,2,81,527,99,35,0,0,0,33,14,1,0,0,0,0,0,8,35,87,0,32,0,6,0,0,38,0,0,139,6,13,25,67,0,382,4748
16,kawasaki_takatsu_miyamae_tama_asao,0,12,10,0,0,4,0,0,0,0,0,0,0,0,0,0,5,0,0,0,0,0,0,0,0,0,0,0,0,0,0,0,0,0,0,0,0,0,0,0,0,0,0,0,0,0,0,0,0,0,0,0,0,0,0,0,0,0,0,0,0,0,0,0,0,0,0,0,0,0,1,0,0,33
17,sagamihara_city,0,0,0,0,0,0,0,2,46,0,0,0,0,3,0,0,0,49,0,0,0,0,0,0,0,0,0,0,0,0,0,0,0,0,0,0,0,0,0,0,0,0,0,0,0,0,0,0,0,0,0,0,0,0,0,0,0,0,0,0,0,0,0,0,0,0,0,0,0,0,0,0,4,104
18,yokosuka_miura,0,0,0,0,0,0,0,0,0,0,0,0,0,0,0,0,0,0,14,0,0,0,0,0,0,0,0,0,0,0,0,0,0,0,0,0,0,0,0,0,0,0,0,0,0,0,0,0,0,0,0,0,0,0,0,0,0,0,0,0,0,0,0,0,0,0,0,0,0,0,0,0,0,14
19,kamakura_zushi_hayama,0,0,0,0,0,0,0,0,0,0,0,1,17,0,0,0,0,0,3,73,131,0,0,0,0,0,0,0,0,0,0,0,0,0,0,0,0,0,0,0,0,0,0,0,0,0,0,0,0,0,0,0,0,0,0,0,0,0,0,0,0,0,0,0,0,0,0,0,0,0,0,0,0,226
20,fujisawa_chigasaki_samukawa,4,7,1,0,2,0,6,29,2,0,1,10,5,7,11,4,4,4,6,1,5,1,1,0,7,28,0,0,0,0,0,15,0,0,0,0,0,0,0,0,47,0,0,0,0,0,0,0,0,0,0,0,0,7,0,0,0,0,0,0,0,0,0,0,0,0,7,0,9,6,8,0,7,250
21,hiratsuka_oiso_ninomiya,0,0,0,0,0,0,0,0,0,0,0,0,0,0,0,0,0,0,0,0,0,0,0,0,0,0,0,0,0,0,0,0,0,0,0,0,0,0,0,0,0,0,0,0,0,0,0,0,0,0,0,0,0,0,0,0,0,0,0,0,0,0,0,0,0,0,0,0,0,0,0,0,0,0
22,odawara_manazuru_yugawara_hakone,0,0,0,0,0,0,0,0,0,0,0,0,0,0,0,0,0,0,0,0,0,0,0,0,0,0,0,0,0,0,0,0,0,0,0,0,0,0,0,0,0,0,0,0,0,0,0,0,0,0,0,0,0,0,0,0,0,0,0,0,0,0,0,0,0,0,0,0,0,0,0,0,3,5
23,minami_ashigara_nakai_oi_matsuda_etc,0,99,0,0,0,0,0,0,0,6,0,332,64,85,251,247,95,230,0,0,0,0,1203,1200,600,0,0,0,0,0,0,0,0,0,0,0,0,0,0,0,0,0,0,0,0,0,0,0,0,0,0,0,0,0,0,0,0,0,0,0,0,0,0,0,0,0,71,0,339,555,495,0,2439,8310
24,atsugi_hadano_kiyokawa_isehara_etc,0,49,0,129,0,1,0,16,0,5,1,0,1,2,10,362,4,27,1,0,6,14,5,0,52,129,2,2,18,5,0,3,40,83,0,0,0,4,7,2,1,4,0,0,0,2,0,6,1,0,0,227,0,0,0,0,3,346,2,1,0,0,3,0,0,0,353,6,153,17,517,0,188,2809
25,zama_yamato_ebina_ayase,1,0,0,117,56,34,44,229,54,91,1,58,32,10,17,163,2,91,5,8,217,7,16,50,464,133,0,0,0,0,0,0,43,162,0,0,0,336,86,81,0,0,0,0,0,0,0,0,0,0,0,44,0,0,0,0,43,0,0,0,0,0,0,0,0,0,228,43,258,207,292,0,441,4164
26,saitama_city,2,1,0,61,0,5,5,24,4,0,0,0,0,0,0,0,0,0,0,0,0,0,0,0,33,0,6,72,24,18,0,0,1,5,0,0,0,0,8,0,0,5,0,0,0,0,0,4,1,0,0,1,0,0,1,0,5,0,0,1,4,0,0,0,0,0,80,23,12,7,98,1,98,611
27,kawaguchi_warabi_toda,8,31,17,56,4,44,29,19,3,1,27,0,1,15,25,29,16,9,0,0,3,1,0,0,8,9,11,29,14,21,3,0,2,0,0,0,0,5,11,8,4,1,0,3,0,0,0,2,0,0,0,0,0,2,7,0,2,168,8,0,0,0,0,0,0,0,96,0,1,11,109,0,1830,2699
28,asaka_wako_niiza_tokorozawa_etc,0,0,0,0,0,4,0,62,18,16,0,0,0,1,0,0,0,18,0,0,0,0,0,0,0,3,8,0,441,0,40,59,10,0,60,18,18,0,0,0,8,0,0,0,0,0,0,0,0,0,0,0,0,0,0,0,79,27,0,0,27,0,0,0,9,0,5,11,2,1,28,0,141,1117
29,soka_kasukabe_misato_koshigaya_etc,4,6,4,12,1,6,13,0,0,0,0,0,0,0,1,0,0,0,0,0,0,0,0,0,0,0,0,6,1,251,0,0,0,0,0,0,0,0,4,1,267,0,0,0,0,32,0,0,0,0,0,0,0,0,0,0,0,34,12,0,0,0,0,0,0,0,52,0,0,5,136,5,220,1078
30,hanno_hidaka_moroyama_ogose_etc,0,0,0,0,0,7,0,0,0,0,0,0,0,0,0,0,0,0,0,0,0,0,0,0,19,0,0,3,31,0,4,22,0,0,13,0,0,0,105,0,0,0,0,0,0,0,12,0,0,0,0,0,0,0,0,0,0,45,0,0,0,0,0,0,0,0,29,0,1,18,13,0,3,324
31,tsurugashima_sakado_kawajima_higashimatsuyama_etc,0,0,0,0,0,0,0,78,4,8,0,0,0,0,0,0,0,0,0,0,0,0,0,0,35,70,430,229,505,168,180,521,33,1218,356,70,35,0,35,105,0,0,0,0,0,0,0,0,0,0,0,0,0,0,0,0,309,253,0,0,0,0,0,0,35,0,140,699,8,0,221,0,256,6000
32,ageo_konosu_okegawa_kitamoto_etc,3,0,4,4,0,0,1,56,0,0,0,0,0,0,0,0,0,0,0,0,0,0,0,0,0,0,141,81,159,92,0,0,19,2,0,8,0,0,0,0,0,0,0,0,0,0,0,0,0,0,0,0,0,0,0,0,0,0,0,0,0,0,0,0,0,0,11,4,0,0,11,0,26,623
33,kuki_kazo_hanyu_gyoda_etc,4,0,14,3,1,5,5,14,1,0,0,2,0,1,0,0,1,1,1,0,1,1,0,0,0,14,42,94,123,50,0,15,0,460,240,17,0,11,7,43,466,2,2,0,0,1,0,169,37,11,18,1,0,1,216,0,435,227,197,114,25,0,0,15,7,0,36,380,78,6,88,0,94,3798
34,kumagaya_fukaya_ogawa_yorii_etc,0,8,0,0,0,0,2,7,1,0,0,0,0,0,0,3,0,0,0,0,0,0,0,0,0,0,131,2,96,4,1,3,14,3,65,12,10,0,0,1,0,0,0,0,0,0,0,0,14,0,0,0,0,0,0,0,38,3,0,0,0,0,0,0,0,0,1,0,2,1,11,0,7,440
35,honjo_kamikawa_kamisato,1,0,0,0,0,0,2,0,0,0,0,0,0,0,0,0,0,0,0,0,0,0,0,0,0,0,0,0,0,2,0,0,0,0,27,31,9,0,0,0,0,0,0,0,0,0,0,0,0,0,0,0,0,0,0,0,0,0,0,0,0,0,0,0,0,0,0,25,0,0,56,0,15,170
36,chichibu_yokoze_minano_nagatoro_etc,0,0,1,2,0,0,0,1,0,0,0,0,0,0,0,0,0,0,0,0,0,0,0,0,0,0,0,0,0,0,0,0,0,0,8,0,5,0,0,0,0,0,0,0,0,0,0,0,0,0,0,0,0,0,0,0,8,0,0,0,0,0,0,0,0,0,0,0,0,0,2,0,0,27
37,chiba_city,3,72,1,11,0,0,20,9,0,0,5,0,0,0,0,0,0,0,0,0,0,0,0,0,7,0,1,19,3,7,0,0,0,0,0,0,0,1129,549,504,126,582,145,388,142,303,257,16,0,2,0,48,23,57,15,0,7,139,6,0,0,0,0,0,0,0,152,0,13,0,45,107,402,5314
38,ichikawa_urayasu_narashino_funabashi,254,58,16,815,18,41,498,22,16,8,0,0,62,0,16,8,0,50,4,1,0,0,1,0,42,2,297,132,141,304,5,3,124,135,0,0,1,142,713,223,109,450,27,17,13,8,18,0,22,1,19,186,0,1,3,0,1,0,0,22,22,0,0,30,0,0,136,7,24,26,57,0,642,5993
39,matsudo_kamagaya_kashiwa_abiko,1,294,0,486,0,42,119,4,0,0,5,0,0,2,0,4,0,0,0,0,1,0,0,612,0,0,83,41,0,442,0,1,0,1,0,0,0,35,444,2961,118,602,0,0,8,1,4,9,0,0,89,612,0,0,1,0,0,0,0,0,0,0,0,2,0,0,306,19,1,1,311,0,1049,8713
40,nagareyama_noda,0,0,0,0,0,5,0,0,0,0,0,0,0,1,0,0,0,0,0,0,0,0,0,0,0,0,0,1,0,8,0,2,0,0,0,0,0,4,9,0,4,0,0,0,0,0,0,3,2,0,10,0,0,0,0,0,0,0,0,0,0,0,3,0,0,0,8,3,0,0,9,0,11,85
41,yachiyo_sakura_narita_shiroi_etc,0,28,0,56,0,0,45,0,0,28,0,1,0,0,0,0,28,14,0,0,0,0,0,0,0,168,3,27,32,54,28,1,0,0,0,0,0,207,44,29,3,138,0,0,0,2,112,2,0,0,0,0,0,0,0,0,112,0,0,0,0,0,0,0,0,0,126,3,14,2,143,0,146,1600
42,ichihara_city,0,0,0,0,4,0,0,1,0,0,0,0,1,0,0,0,0,0,0,0,0,0,0,0,0,0,0,0,0,0,0,0,0,0,0,0,0,12,0,0,0,0,70,0,0,0,0,0,0,0,2,0,0,52,0,0,0,0,0,0,0,0,0,0,0,0,3,6,0,8,10,0,0,170
43,kisarazu_sodegaura_kimitsu_futtsu,0,0,0,0,0,0,0,0,15,0,0,0,0,0,0,0,0,0,0,0,0,0,0,0,0,0,0,0,0,0,0,0,0,0,0,0,0,11,6,0,0,5,0,18,0,4,5,0,0,0,0,0,0,0,0,0,0,0,0,0,0,0,0,0,0,0,0,0,0,0,1,0,1,67
44,katsuura_otaki_tateyama_kamogawa_etc,0,0,0,0,0,0,0,0,0,0,0,0,0,0,0,0,0,0,0,0,0,0,0,0,0,0,0,0,0,0,0,0,0,0,0,0,0,0,0,0,0,0,0,0,0,0,0,0,0,0,0,0,0,0,0,0,0,0,0,0,0,0,0,0,0,0,0,0,0,0,0,0,0,0
45,choshi_asahi_sosa_katori_etc,0,0,0,6,0,0,0,0,0,0,0,0,0,0,0,1,0,0,0,0,0,0,0,0,35,1,7,0,28,0,0,2,0,5,0,0,0,2,0,7,215,16,0,0,0,1220,21,9,0,0,0,0,0,0,0,0,0,17,0,0,0,0,0,0,0,0,33,0,0,0,105,0,52,1784
46,togane_mobara_sanmu_oamishirasato_etc,4,4,0,0,0,1,0,0,0,0,0,0,0,0,0,0,0,0,0,0,0,0,0,0,0,0,0,0,0,6,0,0,0,6,0,0,0,28,0,0,0,15,0,14,95,0,321,0,0,0,0,0,0,0,0,0,0,1,0,2,0,0,0,0,0,0,3,0,0,1,2,0,14,515
47,tsuchiura_ishioka_omitama_kasumigaura_etc,10,3,2,80,5,0,50,2,0,0,0,0,8,0,56,29,0,0,0,0,0,0,0,0,2,0,0,2,0,2,0,0,1,1,7,0,0,0,0,5,29,1,0,0,0,1,0,127,83,28,23,22,0,20,61,7,0,29,5,2,0,0,2,3,29,0,43,1,32,1,140,0,16,972
48,koga_shimotsuma_yachiyo_goka_etc,0,0,0,0,0,0,73,14,0,0,0,0,8,1,0,0,0,0,0,0,0,0,0,0,0,49,6,14,28,57,4,3,0,40,0,0,0,1,0,0,0,40,0,0,0,3,0,0,254,0,16,1,0,0,38,15,3,0,5,43,0,0,0,0,0,0,55,27,14,14,389,0,72,1290
49,tsukuba_city,0,0,0,0,0,0,0,0,0,0,0,0,0,0,0,0,0,0,0,0,0,0,0,0,0,0,0,0,0,5,0,0,0,0,0,0,0,0,0,0,0,0,0,0,0,0,0,46,8,203,23,40,0,0,0,0,0,0,0,0,0,0,0,0,0,0,0,0,0,0,0,0,0,326
50,joso_bando,0,1,0,0,0,0,1,0,0,0,0,0,0,0,0,0,0,0,0,0,0,0,0,0,0,0,0,4,1,3,0,0,0,1,0,0,0,0,1,0,0,0,0,0,0,0,0,0,0,0,64,4,4,0,0,0,0,3,0,0,2,0,0,0,0,0,14,2,19,24,17,0,457,623
51,ryugasaki_toride_ushiku_moriya_etc,7,0,0,0,0,0,0,0,7,0,20,0,0,0,0,0,0,0,0,0,0,0,0,0,0,0,0,7,10,0,0,0,17,0,0,27,0,0,0,0,0,0,0,0,0,0,0,0,0,0,0,0,0,0,0,0,0,0,0,0,0,0,0,0,0,0,100,0,0,0,261,0,1,460
52,inashiki_miho_kawachi,0,0,0,7,0,0,0,0,0,0,0,0,0,0,0,0,0,0,0,0,0,0,0,0,0,0,0,0,0,0,0,0,0,69,0,0,0,0,14,0,0,0,0,0,0,0,0,0,0,0,0,180,0,35,0,0,0,0,0,0,0,0,0,0,0,0,35,0,0,0,35,0,35,409
53,kashima_kamisu_namegata_itako,100,30,0,2,0,0,32,7,2,34,0,203,7,5,3718,13,64,0,0,0,20,98,4,0,28,2,32,91,205,233,0,180,878,2,0,94,0,30,674,1,1758,919,93,47,70,515,10,306,97,20,86,104,3,9052,51,2,67,827,19,0,31,0,40,47,0,0,827,652,87,140,1474,0,149,24282
54,mito_hitachi_kasama_hitachinaka_etc,0,0,0,0,0,0,0,0,0,0,0,0,0,0,0,0,0,0,0,0,0,0,0,0,41,0,0,0,0,0,0,41,0,0,0,0,0,0,0,0,0,0,0,0,0,0,0,10,0,0,3,42,0,0,81,7,0,0,0,0,1,0,4,4,0,0,1,0,0,0,2,57,35,331
55,yuki_chikusei_sakuragawa,0,0,0,0,0,0,0,0,0,0,0,0,0,0,0,0,0,0,0,0,0,0,0,0,0,7,4,0,0,0,0,0,0,0,0,0,0,0,0,0,0,0,0,0,0,0,0,0,1,0,0,0,0,0,0,1,7,0,0,0,7,0,0,0,0,0,36,5,0,5,15,0,12,102
56,maebashi_takasaki_isesaki_shibukawa_etc,1,0,1,44,0,3,25,140,66,0,0,14,0,14,86,1,0,11,0,0,0,86,0,0,0,22,3,42,128,79,1,1,35,1005,6,4,1,3,117,37,87,6,0,0,0,40,431,2,2,2,26,1,0,0,1,1,2196,3523,2,107,4,0,1,3,57,0,469,111,142,122,623,0,736,10668
57,kiryu_ota_tatebayashi_midori_etc,0,44,0,246,0,0,38,0,3,0,0,0,0,0,26,0,0,152,0,0,0,0,0,102,34,0,29,117,264,20,0,49,2,39,4,0,0,2,7,111,64,4,0,0,0,0,0,12,9,0,3,861,0,0,0,0,150,1477,24,95,160,0,0,2,10,0,854,5,15,0,2526,0,1520,9082
58,utsunomiya_kanuma_moka_kaminokawa_etc,0,1,0,3,0,2,0,0,0,0,0,0,0,0,0,1,0,0,0,0,0,0,0,0,1,0,1,0,0,0,0,0,0,0,0,0,0,0,15,0,26,0,0,0,0,4,0,0,0,0,0,0,0,0,0,0,22,1,182,46,0,0,0,13,0,0,3,0,2,0,2,0,0,327
59,tochigi_oyama_shimotsuke_nogi_etc,0,101,0,13,0,0,4,47,85,0,0,0,0,0,44,48,0,44,0,0,52,0,0,0,0,51,11,53,97,0,0,0,52,150,142,0,0,1,0,0,0,0,0,0,0,0,0,0,4,0,8,0,0,0,0,0,102,478,4,616,12,0,0,0,0,0,170,10,2,2,573,0,195,3172
60,ashikaga_sano,0,0,0,0,2,0,0,0,0,0,0,0,0,0,0,0,0,0,0,0,0,0,0,0,0,0,0,1,0,0,0,0,0,0,0,3,0,0,0,0,0,0,0,0,0,0,0,0,0,0,0,0,0,0,11,0,7,50,38,6,40,0,0,0,0,0,3,0,0,15,16,0,0,189
61,tokyo_islands,0,0,0,0,0,0,0,0,0,0,0,0,0,0,0,0,0,0,0,0,0,0,0,0,0,0,0,0,0,0,0,0,0,0,0,0,0,0,0,0,0,0,0,0,0,0,0,0,0,0,0,0,0,0,0,0,0,0,0,0,0,0,0,0,0,0,0,0,0,0,0,0,0,0
62,ibaraki_north,0,0,0,0,0,0,0,0,0,0,0,0,0,0,0,0,0,0,0,0,0,0,0,0,0,0,0,0,0,0,0,0,0,0,0,0,0,0,0,11,0,0,0,0,0,0,0,0,0,0,0,0,0,0,0,0,0,0,0,0,0,0,0,0,0,0,0,0,0,0,0,0,0,11
63,tochigi_north,0,0,0,0,0,0,0,0,0,0,0,0,0,0,0,100,0,0,0,0,0,0,0,0,23,0,0,0,0,0,0,0,0,0,0,0,0,0,0,0,0,0,0,0,0,0,0,0,0,0,0,0,0,294,0,0,0,38,1,0,0,0,0,0,0,0,0,0,0,0,0,0,0,455
64,gunma_north,0,0,0,0,0,0,0,0,0,0,0,0,0,0,0,0,0,0,0,0,0,0,0,0,0,0,0,0,0,0,0,0,0,0,0,0,0,0,0,0,0,0,0,0,0,0,0,0,0,0,0,0,0,0,0,0,0,90,0,0,0,0,0,0,0,0,0,0,0,0,0,0,0,90
65,gunma_other_ueno_kanna_nanmoku,0,0,0,0,0,0,0,0,0,0,0,0,0,0,0,0,0,0,0,0,0,0,0,0,0,0,0,0,0,0,0,0,0,0,0,0,0,0,0,0,0,0,0,0,0,0,0,0,0,0,0,0,0,0,0,0,0,0,0,0,0,0,0,0,0,0,0,0,0,0,0,0,0,0
66,hokkaido_tohoku,0,15,0,53,0,1,102,30,16,0,0,3,0,0,41,0,0,0,0,0,0,0,0,124,39,11,0,1,75,8,0,73,2,39,19,0,0,20,113,0,3,16,0,0,0,3,0,2,111,6,49,201,0,0,0,4,75,0,39,0,0,0,0,0,0,0,0,0,0,0,0,0,0,1294
67,hokuriku,0,10,0,2,0,0,0,0,1,0,0,0,0,0,1,0,0,0,0,0,0,0,0,42,1,6,0,0,2,19,0,35,1,0,0,0,0,2,22,0,1,0,0,0,0,50,0,0,1,0,1,0,0,0,0,0,0,0,3,0,0,0,0,0,0,0,0,0,0,0,0,0,0,201
68,yamanashi_nagano,0,3,0,80,0,2,0,505,34,0,0,2,0,0,0,158,0,0,0,0,0,0,0,42,0,389,92,6,3,0,0,106,135,213,0,0,0,52,0,0,5,1,0,0,0,45,0,2,0,0,18,0,0,0,0,0,758,0,0,5,11,0,0,0,0,0,0,0,0,0,0,0,0,2668
69,shizuoka,1,0,0,66,0,1,207,22,2,0,0,8,40,0,18,2297,0,0,0,0,4,0,0,113,26,86,22,6,0,2,0,110,0,108,1,1,0,402,94,0,43,10,0,0,0,120,0,30,4,3,2,0,0,0,0,0,262,0,0,111,1,0,0,0,0,0,0,0,0,0,0,0,0,4224
70,chubu_west,2,152,0,94,5,2,3,111,17,36,0,22,13,0,91,476,3,4,0,0,22,0,0,304,82,67,2,91,31,47,0,177,141,334,0,1,8,5,64,77,85,115,2,0,0,7,0,7,9,10,13,0,0,0,1,1,308,399,43,107,1,0,0,0,0,0,0,0,0,0,0,0,0,3594
71,overseas,1,1639,0,130,0,0,247,0,0,0,378,0,0,0,1690,0,0,0,0,0,0,0,0,0,0,0,0,6,5,0,0,0,71,0,1,0,0,0,260,0,0,0,0,3,0,0,0,0,0,0,0,0,0,0,0,0,156,0,0,0,0,0,0,0,0,0,0,0,0,0,0,0,0,4587
999,unknown,0,0,0,0,0,0,0,0,0,0,0,0,0,0,0,0,0,0,0,0,0,0,0,0,0,0,0,0,0,0,0,0,0,0,0,0,0,0,0,0,0,0,0,0,0,0,0,0,0,0,0,0,0,0,0,0,0,0,0,0,0,0,0,0,0,0,0,0,0,0,0,0,0,0
○light_industrial_goods_excl_food,,,,,,,,,,,,,,,,,,,,,,,,,,,,,,,,,,,,,,,,,,,,,,,,,,,,,,,,,,,,,,,,,,,,,,,,,,,(unit: ton/day)
large_zone,region,tokyo_chiyoda_chuo_minato,tokyo_meguro_shinagawa_ota,tokyo_toshima_bunkyo_shinjuku_shibuya,tokyo_arakawa_taito_sumida_koto,tokyo_nakano_suginami_setagaya,tokyo_nerima_itabashi_kita,tokyo_adachi_katsushika_edogawa,chofu_nishitokyo_fuchu_musashino_etc,machida_tama_hachioji_inagi_etc,mizuho_fussa_hamura_akiruno_etc,yokohama_nishi_naka,yokohama_isogo_minami_kanazawa_konan,yokohama_hodogaya_totsuka_sakae_izumi_etc,yokohama_kohoku_tsuzuki_midori_aoba,yokohama_tsurumi_kanagawa,kawasaki_kawasaki_saiwai_nakahara,kawasaki_takatsu_miyamae_tama_asao,sagamihara_city,yokosuka_miura,kamakura_zushi_hayama,fujisawa_chigasaki_samukawa,hiratsuka_oiso_ninomiya,odawara_manazuru_yugawara_hakone,minami_ashigara_nakai_oi_matsuda_etc,atsugi_hadano_kiyokawa_isehara_etc,zama_yamato_ebina_ayase,saitama_city,kawaguchi_warabi_toda,asaka_wako_niiza_tokorozawa_etc,soka_kasukabe_misato_koshigaya_etc,hanno_hidaka_moroyama_ogose_etc,tsurugashima_sakado_kawajima_higashimatsuyama_etc,ageo_konosu_okegawa_kitamoto_etc,kuki_kazo_hanyu_gyoda_etc,kumagaya_fukaya_ogawa_yorii_etc,honjo_kamikawa_kamisato,chichibu_yokoze_minano_nagatoro_etc,chiba_city,ichikawa_urayasu_narashino_funabashi,matsudo_kamagaya_kashiwa_abiko,nagareyama_noda,yachiyo_sakura_narita_shiroi_etc,ichihara_city,kisarazu_sodegaura_kimitsu_futtsu,katsuura_otaki_tateyama_kamogawa_etc,choshi_asahi_sosa_katori_etc,togane_mobara_sanmu_oamishirasato_etc,tsuchiura_ishioka_omitama_kasumigaura_etc,koga_shimotsuma_yachiyo_goka_etc,tsukuba_city,joso_bando,ryugasaki_toride_ushiku_moriya_etc,inashiki_miho_kawachi,kashima_kamisu_namegata_itako,mito_hitachi_kasama_hitachinaka_etc,yuki_chikusei_sakuragawa,maebashi_takasaki_isesaki_shibukawa_etc,kiryu_ota_tatebayashi_midori_etc,utsunomiya_kanuma_moka_kaminokawa_etc,tochigi_oyama_shimotsuke_nogi_etc,ashikaga_sano,tokyo_islands,ibaraki_north,tochigi_north,gunma_north,gunma_other_ueno_kanna_nanmoku,hokkaido_tohoku,hokuriku,yamanashi_nagano,shizuoka,chubu_west,overseas,unknown,all_regions
0,tokyo_chiyoda_chuo_minato,0,0,0,0,0,0,0,0,0,0,1,0,0,0,0,0,0,0,0,0,0,0,0,0,0,0,0,0,0,0,0,0,0,0,0,0,0,0,0,0,0,0,0,1,0,0,0,0,0,0,0,0,0,0,0,0,0,0,0,0,0,0,0,0,0,0,0,0,0,3,1,0,0,7
1,tokyo_meguro_shinagawa_ota,5,27,5,13,16,9,7,9,7,0,2,2,4,5,3,2,0,2,0,0,18,2,0,0,2,2,46,3,5,6,0,2,0,2,3,0,0,8,5,5,0,3,0,0,0,0,0,22,0,0,0,0,0,2,44,0,22,22,65,0,22,0,0,0,0,0,3,0,0,170,2,0,1,604
2,tokyo_toshima_bunkyo_shinjuku_shibuya,4,0,26,0,7,12,3,0,0,2,0,0,0,0,0,0,0,0,0,0,0,0,0,0,0,0,0,5,0,0,0,0,0,0,0,0,0,0,1,0,0,0,0,0,0,0,0,0,0,0,0,0,0,0,0,0,0,0,0,0,0,0,0,0,0,0,0,0,0,0,0,0,0,60
3,tokyo_arakawa_taito_sumida_koto,150,33,121,3233,76,187,175,17,0,28,13,36,0,1,0,21,11,0,0,0,0,5,0,0,61,0,3,292,108,1223,0,0,0,93,15,51,0,3,128,0,67,25,0,0,0,0,5,22,0,22,43,0,0,1,75,4,22,0,0,16,25,0,0,22,0,0,149,891,0,1378,2,0,352,9207
4,tokyo_nakano_suginami_setagaya,0,0,0,0,12,0,0,0,0,0,0,0,0,0,0,0,0,0,0,0,0,0,0,0,0,0,0,0,0,0,0,0,0,0,0,0,0,0,0,0,0,0,0,0,0,0,0,0,0,0,0,0,0,0,0,0,0,0,0,0,0,0,0,0,0,0,0,0,0,0,0,0,0,12
5,tokyo_nerima_itabashi_kita,11,7,70,265,0,526,10,10,6,0,0,0,0,0,0,0,0,0,0,0,0,0,0,0,0,0,37,357,77,9,0,3,0,5,0,0,0,0,0,0,0,0,0,0,0,0,0,0,0,2,0,0,0,0,0,0,0,0,0,0,0,0,0,0,0,0,0,0,0,6,2,0,414,1817
6,tokyo_adachi_katsushika_edogawa,50,14,22,62,0,21,12,12,11,0,85,2,0,0,4,62,0,0,0,0,0,0,0,3,10,0,9,729,36,62,0,0,0,17,0,12,40,44,11,2,56,5,0,44,0,0,0,0,0,10,0,53,0,12,177,0,11,0,0,38,113,0,0,0,0,0,3,0,0,70,31,0,22,1978
7,chofu_nishitokyo_fuchu_musashino_etc,0,0,0,0,0,0,0,12,2,12,0,0,0,0,0,0,0,0,0,0,0,0,0,0,0,0,0,0,4,3,0,0,0,0,0,0,0,0,0,0,0,0,0,0,0,0,0,0,0,0,0,0,0,0,0,0,0,0,0,0,0,0,0,0,0,0,0,0,0,0,1,0,0,36
8,machida_tama_hachioji_inagi_etc,0,0,0,0,0,0,0,0,85,0,0,0,0,0,72,0,0,0,0,0,0,0,0,0,0,0,0,3,0,58,0,0,0,0,0,0,0,0,0,0,0,0,0,0,0,0,0,0,0,0,0,0,0,0,0,0,0,0,0,0,0,0,0,0,0,0,130,0,37,138,38,72,0,634
9,mizuho_fussa_hamura_akiruno_etc,0,0,0,0,0,0,0,3,0,39,0,0,0,0,0,0,0,0,0,0,0,0,0,0,0,0,0,0,1,288,0,0,0,0,0,0,0,0,0,0,0,0,0,0,0,0,0,0,0,0,0,0,0,0,0,0,0,0,0,0,0,0,0,0,0,0,0,0,0,0,0,0,2,333
10,yokohama_nishi_naka,0,0,0,0,0,0,0,0,0,0,0,0,0,0,0,0,0,0,0,0,0,0,0,0,0,0,0,0,0,0,0,0,0,0,0,0,0,0,0,0,0,0,0,0,0,0,0,0,0,0,0,0,0,0,0,0,19,0,0,0,0,0,0,0,0,0,0,0,0,0,0,0,0,19
11,yokohama_isogo_minami_kanazawa_konan,0,56,0,0,0,0,0,0,0,0,64,8,11,4,0,0,0,0,9,0,5,5,0,0,0,5,0,0,0,0,0,0,0,0,0,0,0,0,0,0,0,0,0,0,0,0,0,0,0,0,0,0,0,0,0,0,0,0,0,0,0,0,0,0,0,0,0,0,0,8,0,0,0,175
12,yokohama_hodogaya_totsuka_sakae_izumi_etc,0,0,0,0,0,0,0,0,0,0,0,0,292,0,0,0,0,0,0,0,0,0,0,0,0,209,0,0,0,0,0,0,0,0,0,0,0,0,0,0,0,0,0,0,0,0,0,0,0,0,0,0,0,0,0,0,0,0,0,0,0,0,0,0,0,0,0,0,0,0,0,0,0,501
13,yokohama_kohoku_tsuzuki_midori_aoba,0,2,7,2,0,0,0,0,11,0,3,0,11,20,2,3,9,14,0,0,0,0,0,0,0,0,0,0,0,0,0,0,0,0,0,0,0,0,0,0,0,0,0,0,0,0,0,0,0,0,0,0,0,0,0,0,0,0,0,0,0,0,0,0,0,0,0,0,0,13,0,0,0,98
14,yokohama_tsurumi_kanagawa,12,11,6,0,9,2,3,0,0,0,13,31,2,6,17,8,0,3,18,0,0,2,0,0,0,0,0,0,0,0,0,0,0,3,0,0,0,0,0,0,0,0,0,0,0,0,0,0,0,0,0,0,0,0,0,0,0,0,2,0,0,0,0,4,0,0,0,0,0,0,0,0,0,150
15,kawasaki_kawasaki_saiwai_nakahara,0,8,0,0,0,0,0,0,0,0,0,0,0,0,0,2,0,0,0,0,0,0,0,0,0,0,0,0,0,0,0,0,0,0,0,0,0,0,0,0,0,0,0,0,0,0,0,0,0,0,0,0,0,0,0,0,0,0,0,0,0,0,0,0,0,0,45,0,0,0,482,0,723,1261
16,kawasaki_takatsu_miyamae_tama_asao,0,0,0,0,0,0,0,0,2,0,0,0,0,41,0,0,2,1,0,0,0,0,0,0,0,1,0,0,0,0,0,0,0,0,0,0,0,0,0,0,0,0,0,0,0,0,0,0,0,0,0,0,0,0,0,0,0,0,0,0,0,0,0,0,0,0,0,0,0,0,0,0,0,47
17,sagamihara_city,0,1,0,0,1,0,0,0,2,0,0,1,1,3,2,4,1,13,0,1,1,0,3,14,3,4,0,0,5,5,0,0,0,2,0,0,0,0,0,0,0,0,1,0,0,0,0,0,0,0,0,0,0,1,0,0,0,0,0,0,0,0,0,0,0,0,2,2,1,2,15,0,26,118
18,yokosuka_miura,0,0,0,0,0,0,0,0,0,0,5,12,0,0,12,0,0,0,0,0,0,0,0,0,0,0,0,0,0,0,0,0,0,0,0,0,0,0,0,0,0,0,0,0,0,0,0,0,0,0,0,0,0,0,0,0,0,0,0,0,0,0,0,0,0,0,0,0,0,0,0,0,0,30
19,kamakura_zushi_hayama,0,0,0,0,0,0,0,0,0,0,0,0,0,0,0,0,0,0,0,1,0,0,0,0,0,0,0,0,0,0,0,0,0,0,0,0,0,0,0,0,0,0,0,0,0,0,0,0,0,0,0,0,0,0,0,0,0,0,0,0,0,0,0,0,0,0,0,0,0,0,0,0,0,2
20,fujisawa_chigasaki_samukawa,0,0,0,0,0,0,2,1,0,0,0,0,0,1,0,0,0,0,0,0,7,0,0,0,0,13,0,0,0,0,0,0,0,0,0,0,0,0,0,0,0,0,0,0,0,0,0,0,0,0,0,0,0,0,0,0,0,0,0,0,0,0,0,0,0,0,0,0,0,0,0,0,1,25
21,hiratsuka_oiso_ninomiya,0,0,0,0,0,0,0,0,0,0,0,0,0,0,0,0,0,0,0,0,0,0,0,0,0,0,0,0,0,0,0,0,0,0,0,0,0,0,0,0,0,0,0,0,0,0,0,0,0,0,0,0,0,0,0,0,0,0,0,0,0,0,0,0,0,0,59,0,0,59,0,0,0,119
22,odawara_manazuru_yugawara_hakone,2,0,0,2,0,0,0,2,0,0,0,6,1,0,0,0,0,0,0,0,10,4,14,0,7,23,0,0,3,1,0,0,15,0,0,0,0,0,0,3,0,0,0,0,0,0,0,0,7,0,0,3,0,0,0,0,0,0,0,0,0,0,0,0,0,0,6,0,1,2,3,0,0,114
23,minami_ashigara_nakai_oi_matsuda_etc,0,0,0,0,0,0,0,0,1,0,3,1,8,2,1,21,0,7,0,0,6,4,11,11,27,12,0,0,0,0,0,0,0,0,0,0,0,0,0,0,0,0,0,0,0,0,0,0,0,0,0,0,0,0,0,0,0,0,0,0,0,0,0,0,0,0,0,0,0,0,0,0,1,118
24,atsugi_hadano_kiyokawa_isehara_etc,4,2,0,0,0,0,2,14,0,0,0,15,0,1,20,0,0,1,0,4,7,5,14,0,83,36,0,0,0,22,0,0,0,0,0,0,0,19,2,0,0,0,0,0,0,0,0,0,0,0,0,0,0,0,0,0,0,0,0,0,6,0,0,0,0,0,25,0,30,11,7,0,83,413
25,zama_yamato_ebina_ayase,0,0,0,11,0,0,1,17,0,0,0,5,1,0,0,0,0,9,0,0,0,0,0,7,0,60,0,0,29,0,0,18,0,54,0,0,0,0,11,0,0,9,0,0,0,0,11,0,0,0,0,49,0,11,0,0,0,11,0,0,0,0,0,0,0,0,11,0,21,25,79,0,69,517
26,saitama_city,0,0,0,20,0,67,12,0,1,0,0,0,0,0,0,0,0,0,0,0,0,0,0,0,0,0,60,10,38,17,0,0,58,19,0,0,0,0,0,0,0,0,0,0,0,0,1,0,17,0,0,0,0,0,0,0,0,1,0,7,1,0,1,0,0,0,7,2,1,1,11,0,122,473
27,kawaguchi_warabi_toda,11,8,6,66,5,7,67,19,30,13,5,11,0,0,47,0,0,30,16,0,45,0,2,0,8,25,37,112,43,212,9,7,9,176,13,0,0,2,103,7,4,60,0,3,1,33,0,37,0,0,49,78,0,0,76,0,34,16,27,0,17,0,0,26,45,0,137,22,35,151,83,0,65,2149
28,asaka_wako_niiza_tokorozawa_etc,3,56,3,100,1,327,33,0,0,0,0,0,0,0,0,0,0,0,0,0,0,0,0,0,0,0,1,100,258,185,109,305,0,156,61,42,0,1,303,0,0,52,0,0,0,0,1,0,0,27,92,0,0,0,0,0,0,0,0,0,0,0,0,0,0,0,405,0,0,209,7,105,40,2982
29,soka_kasukabe_misato_koshigaya_etc,11,0,16,1,0,3,99,0,5,0,0,0,0,4,1,59,0,0,0,0,565,80,0,263,203,55,155,1029,150,1448,0,0,552,368,596,511,0,1,31,12,535,328,2,0,0,55,0,687,598,112,224,154,104,0,75,0,759,64,11,1130,114,0,0,114,0,0,1740,1260,640,941,1996,2806,42,20708
30,hanno_hidaka_moroyama_ogose_etc,0,0,0,0,0,0,0,0,0,0,0,0,0,0,0,0,0,0,0,0,0,0,0,0,0,0,0,0,1,0,7,0,0,0,0,0,0,0,0,0,0,0,0,0,0,0,0,0,0,0,0,0,0,0,0,0,0,0,0,0,0,0,0,0,0,0,0,0,0,0,6,0,0,14
31,tsurugashima_sakado_kawajima_higashimatsuyama_etc,0,0,0,1,0,0,0,0,0,0,0,0,0,0,0,0,0,0,0,0,0,0,0,0,11,0,0,0,0,0,0,0,0,0,0,0,0,0,0,0,0,0,0,0,0,0,0,0,0,0,0,0,0,0,0,0,0,0,0,0,0,0,0,0,0,0,0,0,0,3,2,0,2,21
32,ageo_konosu_okegawa_kitamoto_etc,0,0,0,83,0,0,4,2,2,3,0,0,0,0,0,0,0,0,0,0,0,0,0,0,0,42,0,71,3,393,0,0,116,150,2,0,0,17,0,0,0,0,14,0,0,0,0,0,3,0,118,0,0,10,0,0,2,0,0,38,0,0,0,0,0,0,1,3,0,87,191,0,3,1358
33,kuki_kazo_hanyu_gyoda_etc,0,48,0,5,0,1,9,0,0,0,0,0,0,6,0,9,0,0,0,0,0,7,0,0,0,0,3,27,11,128,0,22,5,12,57,0,0,0,0,0,0,0,0,3,0,3,0,8,36,0,92,0,0,0,1,0,54,48,0,1,23,0,0,4,0,0,45,6,0,123,160,109,64,1132
34,kumagaya_fukaya_ogawa_yorii_etc,0,0,0,12,0,5,0,0,10,5,19,0,0,0,0,0,0,1,0,0,0,0,0,0,0,1,1,0,16,41,1,3,23,0,50,0,2,7,0,0,1,1,16,0,0,9,0,0,0,0,0,0,0,48,0,3,5,6,6,0,0,0,0,0,0,0,7,13,2,3,185,0,50,553
35,honjo_kamikawa_kamisato,0,0,0,1,0,7,0,70,0,0,0,0,0,0,0,0,0,0,0,0,0,0,0,0,0,0,0,0,82,0,0,14,30,35,10,24,0,2,0,0,0,0,13,0,0,0,0,0,52,0,0,0,0,0,0,0,126,28,18,10,10,0,7,0,14,0,14,38,10,0,3,0,0,621
36,chichibu_yokoze_minano_nagatoro_etc,0,0,0,0,0,1,0,0,0,0,0,0,0,0,0,0,0,0,0,0,0,0,0,0,0,0,0,0,0,0,0,0,0,0,0,0,0,0,0,0,0,0,0,0,0,0,0,0,0,0,0,0,0,0,0,0,1,0,0,0,0,0,0,0,0,0,80,0,0,83,0,0,1,166
37,chiba_city,0,0,0,8,0,0,8,0,0,0,0,0,0,0,0,0,0,0,0,0,0,0,0,0,0,0,0,31,8,0,0,0,0,1,0,0,0,0,3,0,0,8,0,0,0,8,0,0,0,0,0,0,0,0,0,0,0,0,0,0,0,0,0,0,0,0,0,0,0,0,3,0,0,77
38,ichikawa_urayasu_narashino_funabashi,0,0,4,0,0,0,0,0,0,0,0,0,0,0,0,0,0,0,0,0,0,0,0,0,0,0,0,0,0,0,0,0,0,0,0,0,0,5,7,1,2,1,0,0,0,0,0,0,0,0,0,0,0,0,0,0,0,0,0,0,0,0,0,0,0,0,0,0,0,0,0,0,0,20
39,matsudo_kamagaya_kashiwa_abiko,0,13,1,7,0,0,13,0,0,0,1,0,0,0,3,0,1,0,0,0,0,0,0,0,0,0,0,18,0,84,0,3,6,3,0,0,0,5,18,33,5,10,2,0,0,0,2,0,0,0,14,3,2,5,13,0,1,0,0,0,2,0,0,0,0,0,0,0,0,0,0,0,20,289
40,nagareyama_noda,0,0,0,0,0,0,0,0,0,0,0,0,0,0,0,0,0,0,0,0,0,0,0,0,0,0,0,0,0,0,0,0,0,0,0,0,0,0,0,0,4,0,0,0,0,0,0,0,0,0,0,0,0,0,0,0,0,0,0,0,0,0,0,0,0,0,0,0,0,0,0,0,0,4
41,yachiyo_sakura_narita_shiroi_etc,0,0,0,2,0,0,0,0,0,0,0,0,0,0,5,3,0,0,0,0,1,1,0,0,0,0,0,0,0,9,0,0,0,1,7,0,0,101,20,0,0,14,6,44,73,5,36,0,0,0,0,0,0,0,0,0,2,0,41,0,4,0,0,7,0,0,23,0,0,3,60,0,24,490
42,ichihara_city,0,0,0,0,0,0,0,0,2,0,0,0,0,0,0,0,0,0,0,0,0,0,0,0,0,0,0,0,0,0,0,0,0,0,0,0,0,6,0,0,0,56,4,0,0,0,5,0,0,0,0,0,0,4,0,0,0,0,0,0,34,0,0,0,0,0,0,0,0,0,0,0,0,112
43,kisarazu_sodegaura_kimitsu_futtsu,0,0,0,0,0,0,0,0,0,0,0,0,0,0,0,0,0,0,0,0,0,0,0,0,0,0,0,0,0,0,0,0,0,0,0,0,0,0,0,0,0,0,0,0,0,0,0,0,0,0,0,0,0,0,0,0,0,0,0,0,0,0,0,0,0,0,0,0,0,0,0,0,0,1
44,katsuura_otaki_tateyama_kamogawa_etc,0,0,0,0,0,0,0,0,0,0,0,0,0,0,0,0,0,0,0,0,0,0,0,0,0,0,0,0,0,0,0,0,0,0,0,0,0,0,0,0,0,0,0,0,5,0,0,0,0,0,0,0,0,0,0,0,0,0,0,0,0,0,0,0,0,0,0,0,0,0,0,0,0,5
45,choshi_asahi_sosa_katori_etc,0,0,0,0,0,0,0,0,0,0,0,0,0,0,0,0,0,0,0,0,0,0,0,0,0,0,0,0,0,0,0,0,0,0,0,0,0,0,0,5,0,0,0,0,0,0,0,0,0,0,0,0,0,0,0,0,0,0,0,0,0,0,0,0,0,0,0,0,0,0,0,0,0,5
46,togane_mobara_sanmu_oamishirasato_etc,0,0,0,0,0,0,0,0,0,0,0,0,0,0,0,0,0,0,0,0,0,0,0,0,4,0,0,0,0,0,0,0,0,0,0,0,0,35,0,0,0,12,0,0,0,0,0,0,0,0,0,0,0,0,0,0,0,0,0,0,0,0,0,0,0,0,0,0,1,36,22,0,18,129
47,tsuchiura_ishioka_omitama_kasumigaura_etc,1,0,0,0,0,0,0,0,0,0,0,0,0,0,0,0,0,0,0,0,0,0,0,0,0,0,0,0,0,0,0,0,0,0,0,0,0,0,0,0,0,0,0,0,0,15,0,77,0,18,0,23,1,0,3,0,0,0,0,0,0,0,0,0,0,0,0,0,0,0,0,0,3,141
48,koga_shimotsuma_yachiyo_goka_etc,0,4,0,35,1,3,15,28,0,1,0,1,1,0,0,2,0,2,0,0,0,0,0,0,0,44,16,19,31,60,7,0,13,53,2,0,0,8,2,13,81,21,0,0,0,0,0,13,105,23,30,6,0,0,7,26,9,56,113,16,17,0,0,17,0,0,90,9,25,5,100,0,53,1183
49,tsukuba_city,0,0,0,0,0,0,0,0,0,0,0,0,0,0,0,0,0,0,0,0,0,0,0,0,0,0,0,0,0,0,0,0,0,0,0,0,0,0,0,0,0,9,0,0,0,0,0,0,0,0,15,6,0,0,0,0,0,0,0,0,0,0,0,0,0,0,1,0,0,0,2,0,0,32
50,joso_bando,0,224,0,0,0,0,0,0,0,0,0,0,0,0,0,0,0,0,0,0,0,0,0,0,0,0,0,0,0,61,0,0,0,0,0,0,0,0,0,0,0,0,0,0,0,0,0,0,0,0,0,0,0,0,0,0,0,0,0,0,0,0,0,0,0,0,208,0,0,0,821,0,0,1314
51,ryugasaki_toride_ushiku_moriya_etc,0,0,0,0,0,0,0,0,0,0,0,0,0,0,3,0,0,0,0,0,0,0,0,0,0,0,0,0,29,0,0,0,0,0,0,0,0,0,0,0,0,0,0,0,0,0,0,0,1,0,12,0,0,0,0,0,0,0,0,0,0,0,0,0,0,0,0,0,0,0,9,4,0,58
52,inashiki_miho_kawachi,0,0,0,0,0,0,0,0,0,0,0,0,0,0,0,0,0,0,0,0,0,0,0,0,0,0,0,0,0,0,0,0,0,0,0,0,0,0,0,0,0,0,0,0,0,0,0,0,0,0,0,0,0,0,0,0,0,0,0,0,0,0,0,0,0,0,0,0,0,0,0,0,0,0
53,kashima_kamisu_namegata_itako,0,0,0,0,0,0,0,0,0,0,0,0,0,0,0,0,0,0,0,0,0,0,0,0,0,0,0,0,0,0,0,0,0,0,0,0,0,0,0,0,0,0,0,0,0,0,0,0,0,0,0,0,0,0,0,0,0,0,0,0,0,0,0,0,0,0,0,0,0,0,0,0,0,0
54,mito_hitachi_kasama_hitachinaka_etc,0,21,0,21,0,0,106,0,11,2,0,0,5,0,2,0,0,0,0,0,0,0,0,0,0,0,0,0,21,42,0,0,0,40,65,0,0,0,21,0,21,6,2,0,0,0,21,1,14,0,0,0,0,0,944,0,42,0,6,0,0,0,0,0,0,0,55,21,0,0,261,0,8,1763
55,yuki_chikusei_sakuragawa,0,0,0,0,0,0,0,0,0,0,0,0,0,0,0,0,0,0,0,0,0,0,0,0,0,0,0,0,0,0,0,0,0,0,0,0,0,0,0,0,0,0,0,0,0,0,0,0,0,0,0,0,0,0,0,0,0,0,0,0,0,0,0,0,0,0,0,0,0,0,0,0,4,4
56,maebashi_takasaki_isesaki_shibukawa_etc,0,0,0,21,0,0,35,35,0,0,0,0,0,0,0,0,0,0,0,0,0,0,35,0,1,0,0,249,18,2,0,0,0,0,23,31,0,0,141,0,0,0,0,0,0,0,0,0,35,0,0,0,0,0,0,0,1282,857,7,0,0,0,0,0,22,0,309,51,7,0,83,0,19,3261
57,kiryu_ota_tatebayashi_midori_etc,0,50,0,6,0,0,2,0,0,0,0,0,33,0,0,0,0,0,0,0,0,0,0,0,0,0,2,14,109,9,0,18,39,0,27,11,0,0,0,0,11,0,0,0,0,0,0,0,0,11,0,0,0,0,0,0,52,114,16,0,87,0,0,1,0,0,1,10,0,0,218,0,12,852
58,utsunomiya_kanuma_moka_kaminokawa_etc,0,0,0,51,0,0,0,0,55,0,0,0,1,0,0,0,0,0,0,0,0,0,0,0,0,0,5,0,5,0,59,0,0,2,8,0,0,1,0,0,0,0,0,20,0,0,0,1,35,1,0,0,11,3,9,24,1,35,722,27,7,0,14,12,4,0,70,17,0,0,1,0,0,1203
59,tochigi_oyama_shimotsuke_nogi_etc,2,1,15,173,0,1,6,4,1,1,0,0,0,0,83,0,0,1,0,0,0,2,0,0,0,0,21,12,1,90,0,9,30,0,0,0,0,7,1,1,8,0,0,0,0,0,3,54,15,0,237,35,0,0,29,4,61,71,27,95,255,0,0,8,0,0,259,12,1,21,197,217,72,2143
60,ashikaga_sano,0,1,0,0,1,2,9,0,0,0,0,0,16,0,0,0,3,79,0,0,0,0,0,3,59,63,96,43,33,589,5,79,98,49,0,19,0,0,1,19,31,58,0,0,0,51,0,276,141,5,0,5,1,0,99,7,30,55,88,10,32,0,8,23,0,0,383,98,21,68,243,0,58,3060
61,tokyo_islands,0,0,0,0,0,0,0,0,0,0,0,0,0,0,0,0,0,0,0,0,0,0,0,0,0,0,0,0,0,0,0,0,0,0,0,0,0,0,0,0,0,0,0,0,0,0,0,0,0,0,0,0,0,0,0,0,0,0,0,0,0,0,0,0,0,0,0,0,0,0,0,0,0,0
62,ibaraki_north,0,0,0,0,0,0,0,0,0,0,0,0,0,0,0,0,0,0,0,0,0,0,0,0,0,0,0,0,0,0,0,0,0,0,0,0,0,0,0,0,0,0,0,0,0,0,0,0,0,0,0,0,0,0,0,0,0,0,0,39,0,0,0,0,0,0,0,0,0,0,0,0,0,39
63,tochigi_north,0,0,0,0,0,0,0,0,1,0,0,0,0,0,0,0,0,0,0,0,0,0,0,0,0,0,0,0,94,0,0,0,0,0,7,0,0,0,2,0,0,0,0,0,0,0,0,0,0,0,0,0,0,0,0,0,142,0,60,0,9,0,0,0,0,0,0,0,0,0,0,0,0,315
64,gunma_north,0,0,0,0,0,0,0,0,0,0,0,0,0,0,0,0,0,0,0,0,0,0,0,0,0,0,0,0,0,0,0,0,0,0,0,0,0,0,0,0,0,0,0,0,0,0,0,0,0,0,0,0,0,0,0,0,0,0,0,0,0,0,0,0,0,0,0,0,0,0,0,0,0,0
65,gunma_other_ueno_kanna_nanmoku,0,0,0,0,0,0,0,0,0,0,0,0,0,0,0,0,0,0,0,0,0,0,0,0,0,0,0,0,0,0,0,0,0,0,0,0,0,0,0,0,0,0,0,0,0,0,0,0,0,0,0,0,0,0,0,0,0,0,0,0,0,0,0,0,0,0,0,0,0,0,0,0,0,0
66,hokkaido_tohoku,4,0,0,617,0,3412,93,0,87,0,0,9,385,1,0,0,0,18,0,0,1,0,0,86,85,5,81,558,423,0,0,1,193,126,36,0,0,0,114,149,39,70,2,0,0,0,16,0,247,1,0,0,8,0,0,0,867,410,160,5,0,0,0,0,0,0,0,0,0,0,0,0,0,8306
67,hokuriku,0,3,0,125,0,693,80,72,2,24,0,0,0,0,0,0,0,11,0,0,0,14,0,5,5,0,27,426,73,64,0,0,0,111,0,6,0,0,0,14,0,0,0,0,0,0,16,24,0,0,14,0,0,25,441,3,506,34,5,224,0,0,0,0,0,0,0,0,0,0,0,0,0,3048
68,yamanashi_nagano,0,0,0,3,0,0,0,0,0,0,0,0,0,0,0,0,0,0,0,0,0,0,0,0,0,0,0,0,0,0,0,7,0,7,0,0,0,0,0,0,0,0,14,0,0,1,0,0,9,0,0,0,0,0,0,0,54,57,8,1,3,0,0,0,0,0,0,0,0,0,0,0,0,165
69,shizuoka,0,92,0,37,0,140,192,0,0,0,0,0,6,0,44,6,2,66,0,0,1,35,6,55,241,259,334,954,331,0,14,3,143,136,11,16,0,0,0,78,28,150,0,0,0,0,23,0,68,0,37,8,0,32,0,8,400,276,135,627,0,0,0,0,0,0,0,0,0,0,0,0,0,4993
70,chubu_west,5,260,0,998,0,436,29,11,3,5,1,27,104,0,15,2,0,10,0,0,10,14,11,95,128,37,91,1039,1176,135,0,7,129,337,32,127,3,29,7,62,0,83,2,2,1,2,0,58,182,1,22,7,0,1,7,0,61,74,92,118,31,0,0,0,0,0,0,0,0,0,0,0,0,6117
71,overseas,0,0,0,255,0,55,66,0,0,0,0,0,0,0,0,0,0,0,0,0,0,0,0,60,0,0,0,0,0,318,0,0,0,52,0,0,0,0,9,1,0,2,0,0,0,0,7,0,216,0,0,0,0,0,284,0,0,0,0,0,0,0,0,0,0,0,0,0,0,0,0,0,0,1325
999,unknown,0,0,0,0,0,0,0,0,0,0,0,0,0,0,0,0,0,0,0,0,0,0,0,0,0,0,0,0,0,0,0,0,0,0,0,0,0,0,0,0,0,0,0,0,0,0,0,0,0,0,0,0,0,0,0,0,0,0,0,0,0,0,0,0,0,0,0,0,0,0,0,0,0,0
○publications_printed_matter,,,,,,,,,,,,,,,,,,,,,,,,,,,,,,,,,,,,,,,,,,,,,,,,,,,,,,,,,,,,,,,,,,,,,,,,,,,(unit: ton/day)
large_zone,region,tokyo_chiyoda_chuo_minato,tokyo_meguro_shinagawa_ota,tokyo_toshima_bunkyo_shinjuku_shibuya,tokyo_arakawa_taito_sumida_koto,tokyo_nakano_suginami_setagaya,tokyo_nerima_itabashi_kita,tokyo_adachi_katsushika_edogawa,chofu_nishitokyo_fuchu_musashino_etc,machida_tama_hachioji_inagi_etc,mizuho_fussa_hamura_akiruno_etc,yokohama_nishi_naka,yokohama_isogo_minami_kanazawa_konan,yokohama_hodogaya_totsuka_sakae_izumi_etc,yokohama_kohoku_tsuzuki_midori_aoba,yokohama_tsurumi_kanagawa,kawasaki_kawasaki_saiwai_nakahara,kawasaki_takatsu_miyamae_tama_asao,sagamihara_city,yokosuka_miura,kamakura_zushi_hayama,fujisawa_chigasaki_samukawa,hiratsuka_oiso_ninomiya,odawara_manazuru_yugawara_hakone,minami_ashigara_nakai_oi_matsuda_etc,atsugi_hadano_kiyokawa_isehara_etc,zama_yamato_ebina_ayase,saitama_city,kawaguchi_warabi_toda,asaka_wako_niiza_tokorozawa_etc,soka_kasukabe_misato_koshigaya_etc,hanno_hidaka_moroyama_ogose_etc,tsurugashima_sakado_kawajima_higashimatsuyama_etc,ageo_konosu_okegawa_kitamoto_etc,kuki_kazo_hanyu_gyoda_etc,kumagaya_fukaya_ogawa_yorii_etc,honjo_kamikawa_kamisato,chichibu_yokoze_minano_nagatoro_etc,chiba_city,ichikawa_urayasu_narashino_funabashi,matsudo_kamagaya_kashiwa_abiko,nagareyama_noda,yachiyo_sakura_narita_shiroi_etc,ichihara_city,kisarazu_sodegaura_kimitsu_futtsu,katsuura_otaki_tateyama_kamogawa_etc,choshi_asahi_sosa_katori_etc,togane_mobara_sanmu_oamishirasato_etc,tsuchiura_ishioka_omitama_kasumigaura_etc,koga_shimotsuma_yachiyo_goka_etc,tsukuba_city,joso_bando,ryugasaki_toride_ushiku_moriya_etc,inashiki_miho_kawachi,kashima_kamisu_namegata_itako,mito_hitachi_kasama_hitachinaka_etc,yuki_chikusei_sakuragawa,maebashi_takasaki_isesaki_shibukawa_etc,kiryu_ota_tatebayashi_midori_etc,utsunomiya_kanuma_moka_kaminokawa_etc,tochigi_oyama_shimotsuke_nogi_etc,ashikaga_sano,tokyo_islands,ibaraki_north,tochigi_north,gunma_north,gunma_other_ueno_kanna_nanmoku,hokkaido_tohoku,hokuriku,yamanashi_nagano,shizuoka,chubu_west,overseas,unknown,all_regions
0,tokyo_chiyoda_chuo_minato,61,4,16,31,4,2,0,12,4,1,1,0,0,0,1,3,0,1,0,0,0,0,0,0,0,3,1,0,8,0,0,0,0,0,0,0,0,0,10,0,0,0,0,0,0,0,0,0,0,0,0,0,0,0,1,0,0,0,0,0,0,0,0,0,0,0,1,0,0,0,3,0,13,181
1,tokyo_meguro_shinagawa_ota,41,104,9,47,0,7,0,1,0,0,0,0,0,0,3,0,0,0,0,0,0,0,0,0,0,0,30,45,30,2,0,0,0,0,0,0,0,4,13,3,24,0,0,0,0,0,0,0,0,0,0,0,0,0,0,0,0,0,0,0,0,0,0,0,0,0,2,0,0,0,3,0,1,371
2,tokyo_toshima_bunkyo_shinjuku_shibuya,45,0,133,15,3,93,0,11,3,0,0,0,1,0,0,0,0,0,0,0,0,0,0,0,0,0,9,56,103,13,0,15,0,0,0,0,0,0,1,0,0,0,0,0,0,0,0,0,0,0,0,0,0,0,0,0,11,0,0,3,0,0,0,0,0,0,0,0,0,15,1,11,202,745
3,tokyo_arakawa_taito_sumida_koto,54,51,80,320,6,103,61,19,0,0,12,0,0,26,0,2,0,1,0,0,0,0,0,0,0,10,10,116,87,12,0,0,1,0,0,0,0,4,4,2,0,1,0,0,0,0,0,1,0,0,0,0,0,0,6,5,0,0,0,0,0,0,0,0,0,0,6,0,14,49,91,0,51,1206
4,tokyo_nakano_suginami_setagaya,1,12,5,0,6,0,1,0,0,0,0,0,0,0,0,0,0,0,0,0,1,0,0,0,0,0,0,0,0,0,0,0,0,0,0,0,0,0,0,1,0,0,0,0,0,0,0,0,0,0,0,1,0,0,0,0,0,0,0,0,0,0,0,0,0,0,1,1,1,1,3,0,73,109
5,tokyo_nerima_itabashi_kita,131,8,130,57,0,1021,133,4,36,130,0,0,0,0,0,0,0,0,0,0,0,6,6,0,0,0,25,435,56,90,0,78,348,17,36,0,0,0,20,0,0,0,0,0,0,0,0,0,1,6,0,157,0,0,0,0,0,9,0,0,0,0,0,0,0,0,0,13,0,30,131,0,108,3224
6,tokyo_adachi_katsushika_edogawa,6,1,10,234,0,17,52,1,20,0,0,0,0,0,0,0,0,0,0,0,0,0,0,0,0,0,3,73,22,28,0,0,0,2,24,1,0,1,3,1,5,0,0,0,0,0,0,0,0,0,0,0,0,0,0,0,0,0,0,1,0,0,0,0,0,0,22,11,0,0,14,0,2,555
7,chofu_nishitokyo_fuchu_musashino_etc,4,1,3,8,0,13,0,24,5,1,0,0,0,0,0,0,0,0,0,0,0,0,0,0,0,0,9,0,16,14,0,0,0,0,0,0,0,0,3,0,0,0,0,0,0,0,0,0,0,0,0,0,0,0,0,0,0,0,2,0,0,0,0,0,0,0,0,0,0,0,1,0,7,113
8,machida_tama_hachioji_inagi_etc,28,3,7,5,0,4,0,0,1,0,3,12,11,0,0,0,11,0,6,0,9,0,9,0,0,2,3,4,6,0,0,0,1,0,0,0,0,0,0,0,0,0,0,0,0,0,0,0,0,0,0,0,0,0,0,0,0,0,0,0,0,0,0,0,0,0,0,1,0,0,2,0,6,133
9,mizuho_fussa_hamura_akiruno_etc,17,40,10,20,4,0,0,57,0,15,4,7,0,15,0,0,0,0,0,0,0,0,0,0,92,8,35,103,158,61,1,18,0,0,24,0,0,8,347,0,0,0,0,0,0,0,0,16,0,0,16,0,0,0,0,0,2,0,6,0,0,0,0,0,0,0,1,3,1,14,30,0,100,1235
10,yokohama_nishi_naka,0,1,0,1,0,0,0,0,0,0,1,0,0,2,2,0,0,0,0,0,0,0,0,0,0,0,0,0,0,0,0,0,0,0,0,0,0,0,0,0,0,1,0,0,0,0,0,0,0,0,0,0,0,0,0,0,0,0,0,0,0,0,0,0,0,0,0,0,0,0,0,0,0,7
11,yokohama_isogo_minami_kanazawa_konan,0,0,1,0,0,0,0,1,0,0,6,2,1,1,2,1,1,1,0,1,0,1,0,0,0,1,0,0,0,0,0,0,0,0,0,0,0,3,0,0,0,0,0,0,0,0,0,0,0,0,0,0,0,0,0,0,0,0,0,0,0,0,0,0,0,0,0,0,0,0,0,0,0,22
12,yokohama_hodogaya_totsuka_sakae_izumi_etc,0,9,28,0,5,29,0,0,0,0,2,0,0,0,0,0,0,0,0,1,0,0,0,0,0,0,0,1,1,0,0,0,0,0,0,0,0,0,0,0,0,0,0,0,0,0,0,0,0,0,0,0,0,0,0,0,0,0,0,0,0,0,0,0,0,0,0,0,0,1,0,0,0,78
13,yokohama_kohoku_tsuzuki_midori_aoba,0,0,0,0,0,0,0,0,0,0,0,0,0,7,0,0,0,0,0,0,0,0,0,0,0,0,0,0,0,0,0,0,0,0,0,0,0,0,0,0,0,0,0,0,0,0,0,0,0,0,0,0,0,0,0,0,0,0,0,0,0,0,0,0,0,0,0,0,0,0,0,0,0,8
14,yokohama_tsurumi_kanagawa,10,0,1,0,2,0,0,0,0,0,4,0,0,0,0,8,1,0,0,0,0,0,0,0,1,0,0,0,0,0,0,0,0,0,0,0,0,0,0,0,0,0,0,0,0,0,0,0,0,0,0,0,0,0,5,0,0,0,0,0,0,0,0,0,0,0,0,0,0,0,8,0,5,46
15,kawasaki_kawasaki_saiwai_nakahara,0,0,0,0,0,0,0,0,0,0,0,0,0,0,0,0,0,0,0,0,0,0,0,0,0,0,0,0,0,0,0,0,0,0,0,0,0,0,0,0,0,0,0,0,0,0,0,0,0,0,0,0,0,0,0,0,0,0,0,0,0,0,0,0,0,0,0,0,0,0,0,0,0,2
16,kawasaki_takatsu_miyamae_tama_asao,0,1,0,0,3,0,0,0,0,0,0,0,0,2,0,2,18,1,0,0,0,0,0,0,0,0,0,0,0,0,0,0,0,0,0,0,0,0,0,0,0,0,0,0,0,0,0,0,0,0,0,0,0,0,0,0,0,0,0,0,0,0,0,0,0,0,0,0,0,0,0,0,0,26
17,sagamihara_city,0,0,0,0,0,11,0,0,7,0,0,0,0,0,0,0,0,17,0,0,3,0,2,0,0,2,0,19,0,0,0,0,0,0,0,0,0,0,0,0,0,0,0,0,0,0,0,0,0,0,0,0,0,0,0,0,0,0,0,0,0,0,0,0,0,0,0,0,0,0,0,0,0,61
18,yokosuka_miura,0,0,0,0,0,0,0,0,0,0,0,0,0,0,0,0,0,0,0,0,0,0,0,0,0,0,0,0,0,0,0,0,0,0,0,0,0,0,0,0,0,0,0,0,0,0,0,0,0,0,0,0,0,0,0,0,0,0,0,0,0,0,0,0,0,0,0,0,0,0,0,0,0,0
19,kamakura_zushi_hayama,2,0,0,0,0,0,0,0,0,0,0,0,0,0,0,0,0,0,0,0,0,0,0,0,0,0,0,0,0,0,0,0,0,0,0,0,0,0,0,0,0,0,0,0,0,0,0,0,0,0,0,0,0,0,0,0,0,0,0,0,0,0,0,0,0,0,0,0,0,0,0,0,0,3
20,fujisawa_chigasaki_samukawa,0,0,0,0,0,13,0,0,0,0,0,0,18,0,0,0,0,42,0,2,1,0,19,0,1,0,0,9,0,0,0,0,0,0,0,0,0,0,0,0,0,0,0,0,0,0,0,0,0,0,0,0,0,0,0,0,0,0,0,0,0,0,0,0,0,0,0,0,0,10,0,0,0,114
21,hiratsuka_oiso_ninomiya,0,0,0,4,0,0,0,0,0,0,2,1,0,0,0,1,0,0,0,0,17,7,14,1,47,1,0,35,13,4,0,0,0,23,0,0,0,0,14,0,0,0,0,0,0,0,0,0,0,0,0,0,0,0,0,0,0,0,0,0,0,0,0,0,0,0,0,0,0,0,0,0,5,186
22,odawara_manazuru_yugawara_hakone,0,0,0,0,0,0,0,0,0,0,0,0,0,0,0,0,0,0,0,0,0,0,0,0,0,0,0,0,0,0,0,0,0,0,0,0,0,0,0,0,0,0,0,0,0,0,0,0,0,0,0,0,0,0,0,0,0,0,0,0,0,0,0,0,0,0,0,0,0,0,0,0,0,0
23,minami_ashigara_nakai_oi_matsuda_etc,0,0,0,0,0,0,0,0,0,0,0,0,0,0,0,0,0,0,0,0,0,0,0,0,0,0,0,17,45,0,0,0,0,0,0,0,0,8,0,0,0,0,0,0,0,0,0,5,0,0,0,0,0,0,0,0,7,0,7,0,0,0,0,0,0,0,31,0,28,6,82,0,65,303
24,atsugi_hadano_kiyokawa_isehara_etc,1,0,2,0,0,0,0,1,0,0,0,0,0,1,0,0,0,0,0,0,0,0,0,0,1,1,0,0,0,0,0,0,0,0,0,0,0,0,0,0,0,0,0,0,0,0,0,0,0,0,0,0,0,0,0,0,0,0,0,0,0,0,0,0,0,0,0,0,0,0,0,0,0,7
25,zama_yamato_ebina_ayase,0,0,0,1,0,1,0,0,2,0,19,32,33,61,5,0,49,47,0,0,57,19,24,0,66,64,0,0,0,0,0,0,0,0,0,0,0,0,0,0,0,0,0,0,0,0,0,0,0,0,1,0,0,0,0,0,0,0,0,0,0,0,0,0,0,0,3,1,0,61,7,0,23,579
26,saitama_city,1,0,18,0,0,32,14,3,3,0,0,0,0,0,1,0,0,0,1,0,2,0,0,0,0,0,29,78,5,25,0,17,1,13,0,0,0,2,1,0,0,1,0,0,0,3,0,0,0,0,0,0,0,0,0,0,0,0,0,0,0,0,0,0,0,0,0,1,0,17,7,0,59,337
27,kawaguchi_warabi_toda,13,3,90,104,0,586,51,1,21,20,25,0,21,16,0,4,0,0,0,0,13,0,0,0,7,4,107,827,113,309,0,44,110,73,15,0,0,2,38,35,6,0,4,0,0,0,0,25,2,0,0,0,0,0,2,13,2,0,2,4,18,0,0,0,0,0,8,4,4,20,31,0,4137,6932
28,asaka_wako_niiza_tokorozawa_etc,53,129,184,103,10,610,17,5,2,0,0,0,0,3,0,0,0,0,0,0,0,0,0,1,4,0,24,503,655,69,21,43,255,6,0,0,0,0,22,0,0,2,0,0,0,1,0,0,3,0,0,0,0,0,0,1,1,1,3,1,0,0,0,0,0,0,2,0,2,3,22,0,429,3192
29,soka_kasukabe_misato_koshigaya_etc,13,1,13,22,2,50,2,0,0,0,2,0,1,0,2,0,0,0,0,0,0,1,0,0,1,0,10,184,11,33,0,0,56,0,3,0,0,0,6,0,0,0,0,0,0,0,0,0,0,0,1,2,0,0,7,0,0,3,0,0,0,0,0,0,0,0,0,0,0,0,13,0,12,452
30,hanno_hidaka_moroyama_ogose_etc,0,0,0,1,0,5,0,0,0,0,0,0,0,0,0,0,0,0,0,0,0,0,0,0,0,0,41,25,38,7,0,51,7,7,10,0,0,31,10,17,96,0,14,0,0,0,0,0,0,0,0,0,0,0,0,0,0,0,0,62,0,0,0,0,0,0,0,0,0,0,0,0,0,421
31,tsurugashima_sakado_kawajima_higashimatsuyama_etc,0,0,0,4,0,0,0,0,0,0,0,0,0,0,0,0,0,0,0,0,0,0,0,0,0,0,0,0,0,0,0,0,1,3,3,1,0,0,0,0,0,0,0,0,0,0,0,0,0,0,0,0,0,0,0,0,0,0,1,1,0,0,0,0,0,0,1,0,0,5,5,0,1,27
32,ageo_konosu_okegawa_kitamoto_etc,0,0,0,0,0,4,0,0,0,0,0,0,0,0,0,0,0,0,0,0,0,0,0,0,0,0,2,3,4,1,0,1,5,1,3,1,0,0,0,0,0,0,0,0,0,0,0,0,0,0,0,0,0,0,0,0,10,0,0,0,0,0,0,0,0,0,0,0,0,0,0,0,23,59
33,kuki_kazo_hanyu_gyoda_etc,0,3,0,2,0,61,7,0,0,0,0,0,0,0,0,0,0,0,0,0,0,0,0,0,0,0,7,244,130,1,0,0,5,30,10,0,0,0,112,0,0,0,0,0,0,1,0,0,0,0,0,0,0,0,0,0,0,0,0,0,0,0,0,0,0,0,2,0,0,0,0,0,67,683
34,kumagaya_fukaya_ogawa_yorii_etc,1,0,6,31,0,0,54,1,29,21,0,0,0,0,10,5,0,0,0,0,0,0,0,0,108,0,1,69,79,32,0,0,1,0,10,0,0,0,75,0,2,0,0,0,0,0,0,1,1,0,3,0,0,0,0,0,5,9,0,7,0,0,0,0,0,0,1,0,0,27,32,0,9,629
35,honjo_kamikawa_kamisato,8,1,1,0,2,0,0,0,0,0,1,0,0,0,0,0,0,0,0,0,0,0,0,0,0,0,0,0,77,0,0,0,0,0,146,439,66,0,0,0,0,1,0,0,0,0,0,0,0,0,0,0,0,0,0,0,76,318,0,0,0,0,0,0,0,0,0,0,1,0,0,0,1,1138
36,chichibu_yokoze_minano_nagatoro_etc,0,0,11,0,0,51,0,0,0,0,0,0,0,0,0,0,0,0,0,0,0,0,0,0,0,0,4,0,0,0,0,0,0,7,0,0,0,0,0,0,0,0,0,0,0,0,0,0,0,0,0,0,0,0,0,0,0,0,0,0,0,0,0,0,0,0,0,0,0,0,0,0,0,72
37,chiba_city,20,0,2,5,1,6,0,0,0,0,0,1,1,1,0,1,0,1,0,0,0,0,0,0,0,0,2,4,5,0,0,0,6,0,0,0,0,10,11,0,0,3,1,0,0,0,1,0,0,0,0,0,0,0,0,0,0,0,0,0,0,0,0,0,0,0,0,0,0,0,0,0,3,83
38,ichikawa_urayasu_narashino_funabashi,149,6,0,8,0,1,2,0,0,0,0,0,0,0,0,0,0,0,0,0,0,0,0,0,0,0,93,0,1,0,0,0,0,0,0,0,0,14,49,12,3,51,73,0,0,0,2,0,0,0,0,0,0,0,0,0,0,0,0,0,0,0,0,0,0,0,0,0,0,0,0,0,50,513
39,matsudo_kamagaya_kashiwa_abiko,0,0,0,0,0,43,21,0,0,0,0,0,0,0,0,0,0,0,0,0,0,0,0,0,0,0,0,14,0,0,0,0,0,0,0,0,0,0,0,0,0,0,0,0,0,0,0,0,0,56,0,0,0,0,0,0,0,0,0,0,0,0,0,0,0,0,0,0,0,0,0,0,0,134
40,nagareyama_noda,3,0,1,0,0,0,0,0,0,0,0,0,0,3,0,0,0,0,0,0,0,0,0,0,0,0,0,2,0,0,0,0,0,2,0,0,0,0,0,0,2,0,0,0,0,0,0,0,0,0,0,0,0,0,0,0,0,0,0,0,0,0,0,0,0,0,8,0,0,0,7,0,18,47
41,yachiyo_sakura_narita_shiroi_etc,1,1,13,7,0,35,0,0,0,0,0,0,0,0,0,0,0,0,0,0,0,0,0,0,0,0,5,46,15,4,0,0,0,0,0,0,0,2,0,0,0,1,0,0,0,0,0,0,0,0,0,0,0,0,0,0,0,1,0,0,0,0,0,0,0,0,3,1,1,0,6,0,15,159
42,ichihara_city,0,0,0,0,0,0,0,0,0,0,0,0,0,0,0,0,0,0,0,0,0,0,0,0,0,0,0,0,0,0,0,0,0,0,0,0,0,0,0,0,0,0,12,0,0,0,0,0,0,0,0,0,0,0,0,0,0,0,0,0,0,0,0,0,0,0,0,0,0,0,0,0,0,12
43,kisarazu_sodegaura_kimitsu_futtsu,0,0,0,0,0,0,0,0,0,0,0,0,0,0,0,0,0,0,0,0,0,0,0,0,0,0,0,0,0,0,0,0,0,0,0,0,0,0,0,0,0,0,0,0,0,0,0,0,0,0,0,0,0,0,0,0,0,0,0,0,0,0,0,0,0,0,0,0,0,0,0,0,0,0
44,katsuura_otaki_tateyama_kamogawa_etc,0,0,0,0,0,0,0,0,0,0,0,0,0,0,0,0,0,0,0,0,0,0,0,0,0,0,0,0,0,0,0,0,0,0,0,0,0,0,0,0,0,0,0,0,0,0,0,0,0,0,0,0,0,0,0,0,0,0,0,0,0,0,0,0,0,0,0,0,0,0,0,0,0,0
45,choshi_asahi_sosa_katori_etc,0,0,0,0,0,0,0,0,0,0,0,0,0,0,0,0,0,0,0,0,0,0,0,0,0,0,0,0,0,0,0,0,0,0,0,0,0,0,0,0,0,0,0,0,0,0,0,0,0,0,0,0,0,0,0,0,0,0,0,0,0,0,0,0,0,0,0,0,0,0,0,0,0,0
46,togane_mobara_sanmu_oamishirasato_etc,0,1,1,2,0,3,0,0,0,0,2,0,0,0,0,0,0,0,0,0,0,0,0,0,1,0,0,10,1,3,0,0,0,1,0,0,0,0,0,1,0,7,0,0,0,0,0,0,5,0,0,0,0,0,0,0,0,0,0,0,0,0,0,0,0,0,3,0,5,14,1,0,4,68
47,tsuchiura_ishioka_omitama_kasumigaura_etc,0,0,0,0,0,0,0,0,0,0,0,0,0,0,0,0,0,0,0,0,0,0,0,0,0,10,0,2,0,0,0,0,0,0,0,0,0,0,0,0,0,0,0,0,0,0,0,75,0,0,0,0,0,0,0,0,0,0,0,10,0,0,0,0,0,0,0,0,0,0,0,0,0,97
48,koga_shimotsuma_yachiyo_goka_etc,0,0,5,0,0,0,0,0,0,0,0,0,0,0,0,0,0,0,0,0,0,0,0,0,0,0,0,0,0,0,0,0,0,3,2,0,0,0,0,0,0,0,0,0,0,0,0,0,3,0,1,1,0,0,0,0,0,0,0,0,0,0,0,0,0,0,0,0,0,0,1,0,0,16
49,tsukuba_city,0,0,0,0,0,0,0,0,0,0,0,0,0,0,0,0,0,0,0,0,0,0,0,0,0,0,0,0,0,0,0,0,0,0,0,0,0,0,0,0,0,0,0,0,0,0,0,0,0,9,20,0,0,0,0,0,0,0,0,0,0,0,0,0,0,0,0,0,0,0,0,0,255,285
50,joso_bando,0,0,0,7,0,0,0,0,0,0,0,0,0,0,0,0,0,0,0,0,0,0,0,0,0,0,0,26,16,16,7,0,0,0,0,0,0,0,19,0,0,0,0,0,0,0,0,0,0,0,0,0,0,0,0,0,0,0,0,0,0,0,0,0,0,0,0,0,0,0,0,0,62,153
51,ryugasaki_toride_ushiku_moriya_etc,0,0,0,0,0,0,0,0,0,0,0,0,0,0,5,0,0,0,0,0,0,0,0,0,0,0,1,0,5,107,0,5,36,30,25,0,0,0,0,5,0,0,0,0,0,4,0,46,4,0,0,0,0,0,0,18,8,0,0,0,0,0,0,0,0,0,86,0,0,46,46,0,3,483
52,inashiki_miho_kawachi,0,0,0,0,0,0,0,0,0,0,0,0,0,0,0,0,0,0,0,0,0,0,0,0,0,0,0,0,0,0,0,0,0,0,0,0,0,0,0,0,0,0,0,0,0,0,0,0,0,0,0,0,0,0,0,0,0,0,0,0,0,0,0,0,0,0,0,0,0,0,0,0,0,0
53,kashima_kamisu_namegata_itako,0,0,0,0,0,0,0,0,0,0,0,0,0,0,0,0,0,0,0,0,0,0,0,0,0,0,0,0,0,0,0,0,0,0,0,0,0,0,0,0,0,0,0,0,0,0,0,0,0,0,0,0,0,0,0,0,6,0,0,9,0,0,0,0,0,0,0,0,0,0,0,0,0,15
54,mito_hitachi_kasama_hitachinaka_etc,0,0,0,10,0,0,0,0,0,0,0,0,0,0,7,28,0,9,0,0,0,0,0,0,28,0,1,0,0,0,0,0,0,0,0,0,0,1,0,0,0,0,0,0,0,0,0,9,0,0,10,0,0,0,38,0,0,0,50,0,0,0,0,22,0,0,15,0,8,44,90,0,1,370
55,yuki_chikusei_sakuragawa,0,0,0,0,0,0,0,0,0,0,0,0,0,0,0,0,0,0,0,0,0,0,0,0,0,0,0,3,0,0,0,0,0,0,0,0,0,0,0,0,0,0,0,0,0,0,0,0,0,0,0,0,0,0,0,0,0,0,0,0,0,0,0,0,0,0,0,0,0,0,7,0,0,12
56,maebashi_takasaki_isesaki_shibukawa_etc,0,0,0,0,0,0,0,0,0,0,0,0,0,0,0,0,0,0,0,0,0,0,0,0,0,0,0,5,2,0,0,0,0,0,2,0,0,0,31,0,1,0,0,0,0,0,0,0,0,0,0,0,0,0,0,0,155,31,0,0,2,0,0,0,0,0,1,1,1,0,1,0,0,231
57,kiryu_ota_tatebayashi_midori_etc,1,1,0,0,0,0,0,0,0,0,0,0,0,0,0,0,0,0,0,0,0,0,0,0,0,0,0,0,0,0,0,0,0,0,0,0,0,0,0,0,0,0,0,0,0,0,0,0,0,0,0,0,0,0,0,0,17,0,0,0,0,0,0,0,0,0,2,0,0,0,2,0,3,29
58,utsunomiya_kanuma_moka_kaminokawa_etc,0,0,0,0,0,0,0,0,0,0,0,0,0,0,0,0,0,0,0,0,0,0,0,0,0,0,0,0,0,0,0,0,0,0,0,0,0,0,0,0,0,0,0,0,0,0,0,0,0,0,0,0,0,0,0,1,0,0,72,43,14,0,0,60,0,0,1,0,1,0,6,0,6,205
59,tochigi_oyama_shimotsuke_nogi_etc,0,0,0,0,0,0,0,0,0,0,0,0,0,0,0,0,0,0,0,0,0,0,0,0,0,0,0,0,0,0,0,0,0,0,0,0,0,0,0,0,0,0,0,0,0,0,0,0,0,0,0,0,0,0,0,0,0,0,0,1,0,0,0,0,0,0,0,0,0,0,0,0,1,2
60,ashikaga_sano,0,0,0,4,0,2,0,0,0,0,0,0,0,0,0,0,0,0,0,0,0,0,0,0,0,0,0,0,0,0,0,0,0,0,0,0,0,0,0,0,0,0,0,0,0,0,0,0,0,0,0,0,0,0,0,0,7,1,0,0,171,0,0,3,0,0,0,0,0,0,0,0,11,199
61,tokyo_islands,0,0,0,0,0,0,0,0,0,0,0,0,0,0,0,0,0,0,0,0,0,0,0,0,0,0,0,0,0,0,0,0,0,0,0,0,0,0,0,0,0,0,0,0,0,0,0,0,0,0,0,0,0,0,0,0,0,0,0,0,0,0,0,0,0,0,0,0,0,0,0,0,0,0
62,ibaraki_north,0,0,0,0,0,0,0,0,0,0,0,0,0,0,0,0,0,0,0,0,0,0,0,0,0,0,0,0,0,0,0,0,0,0,0,0,0,0,0,0,0,0,0,0,0,0,0,0,0,0,0,0,0,0,0,0,0,0,0,0,0,0,0,0,0,0,0,0,0,0,0,0,0,0
63,tochigi_north,0,0,0,0,0,0,0,0,0,0,0,0,0,0,0,0,0,0,0,0,0,0,0,0,0,0,0,0,0,0,0,0,0,0,0,0,0,0,0,0,0,0,0,0,0,0,0,0,0,0,0,0,0,0,0,0,0,0,0,0,0,0,0,0,0,0,0,0,0,0,0,0,0,0
64,gunma_north,0,0,0,0,0,0,0,0,0,0,0,0,0,0,0,0,0,0,0,0,0,0,0,0,0,0,0,0,0,0,0,0,0,0,0,0,0,0,0,0,0,0,0,0,0,0,0,0,0,0,0,0,0,0,0,0,1,0,0,0,0,0,0,0,0,0,0,0,0,0,0,0,0,1
65,gunma_other_ueno_kanna_nanmoku,0,0,0,0,0,0,0,0,0,0,0,0,0,0,0,0,0,0,0,0,0,0,0,0,0,0,0,0,0,0,0,0,0,0,0,0,0,0,0,0,0,0,0,0,0,0,0,0,0,0,0,0,0,0,0,0,0,0,0,0,0,0,0,0,0,0,0,0,0,0,0,0,0,0
66,hokkaido_tohoku,0,0,0,1,0,2400,1,0,0,0,0,0,0,0,0,0,0,0,0,0,0,0,0,0,0,0,0,0,15,0,0,0,0,0,0,0,0,0,0,0,0,1,0,1,0,0,0,0,5,0,0,0,0,0,0,0,0,0,0,0,0,0,0,0,0,0,0,0,0,0,0,0,0,2426
67,hokuriku,0,0,0,4,0,0,0,0,1,0,0,0,0,0,0,0,0,0,0,0,0,0,0,0,0,0,0,10,3,0,0,0,2,0,0,0,0,0,0,0,0,0,0,0,0,0,0,0,0,0,0,0,0,0,0,0,4,0,0,0,0,0,0,0,0,0,0,0,0,0,0,0,0,25
68,yamanashi_nagano,0,0,0,0,0,0,0,0,0,0,0,0,0,0,0,0,0,0,0,0,0,0,0,0,0,0,0,51,5,0,27,0,0,0,0,0,0,0,0,0,0,13,0,0,0,0,0,0,0,0,0,0,0,0,0,0,0,0,0,0,0,0,0,0,0,0,0,0,0,0,0,0,0,97
69,shizuoka,0,0,0,0,0,0,0,0,0,0,0,0,0,0,0,0,0,0,0,0,0,0,0,0,3,0,17,4,0,24,27,0,0,0,0,0,0,0,0,0,0,3,0,0,0,0,0,0,0,0,0,0,0,0,0,1,0,0,0,0,0,0,0,0,0,0,0,0,0,0,0,0,0,80
70,chubu_west,0,2,1,40,0,2,79,9,0,7,0,0,0,0,3,0,0,0,0,2,0,0,0,0,0,4,0,5,2,15,27,1,0,0,0,0,0,0,18,0,0,7,0,0,0,0,2,0,5,0,0,9,0,0,0,0,1,0,4,0,0,0,0,0,0,0,0,0,0,0,0,0,0,246
71,overseas,4,0,0,7,0,0,0,0,0,0,0,0,0,0,0,0,0,0,0,0,0,0,0,0,0,0,0,203,0,0,0,0,0,0,0,0,0,0,0,3,3,0,0,0,0,0,0,0,0,0,0,0,0,0,0,0,0,0,0,0,0,0,0,0,0,0,0,0,0,0,0,0,0,220
999,unknown,0,0,0,0,0,0,0,0,0,0,0,0,0,0,0,0,0,0,0,0,0,0,0,0,0,0,0,0,0,0,0,0,0,0,0,0,0,0,0,0,0,0,0,0,0,0,0,0,0,0,0,0,0,0,0,0,0,0,0,0,0,0,0,0,0,0,0,0,0,0,0,0,0,0
○daily_necessities,,,,,,,,,,,,,,,,,,,,,,,,,,,,,,,,,,,,,,,,,,,,,,,,,,,,,,,,,,,,,,,,,,,,,,,,,,,(unit: ton/day)
large_zone,region,tokyo_chiyoda_chuo_minato,tokyo_meguro_shinagawa_ota,tokyo_toshima_bunkyo_shinjuku_shibuya,tokyo_arakawa_taito_sumida_koto,tokyo_nakano_suginami_setagaya,tokyo_nerima_itabashi_kita,tokyo_adachi_katsushika_edogawa,chofu_nishitokyo_fuchu_musashino_etc,machida_tama_hachioji_inagi_etc,mizuho_fussa_hamura_akiruno_etc,yokohama_nishi_naka,yokohama_isogo_minami_kanazawa_konan,yokohama_hodogaya_totsuka_sakae_izumi_etc,yokohama_kohoku_tsuzuki_midori_aoba,yokohama_tsurumi_kanagawa,kawasaki_kawasaki_saiwai_nakahara,kawasaki_takatsu_miyamae_tama_asao,sagamihara_city,yokosuka_miura,kamakura_zushi_hayama,fujisawa_chigasaki_samukawa,hiratsuka_oiso_ninomiya,odawara_manazuru_yugawara_hakone,minami_ashigara_nakai_oi_matsuda_etc,atsugi_hadano_kiyokawa_isehara_etc,zama_yamato_ebina_ayase,saitama_city,kawaguchi_warabi_toda,asaka_wako_niiza_tokorozawa_etc,soka_kasukabe_misato_koshigaya_etc,hanno_hidaka_moroyama_ogose_etc,tsurugashima_sakado_kawajima_higashimatsuyama_etc,ageo_konosu_okegawa_kitamoto_etc,kuki_kazo_hanyu_gyoda_etc,kumagaya_fukaya_ogawa_yorii_etc,honjo_kamikawa_kamisato,chichibu_yokoze_minano_nagatoro_etc,chiba_city,ichikawa_urayasu_narashino_funabashi,matsudo_kamagaya_kashiwa_abiko,nagareyama_noda,yachiyo_sakura_narita_shiroi_etc,ichihara_city,kisarazu_sodegaura_kimitsu_futtsu,katsuura_otaki_tateyama_kamogawa_etc,choshi_asahi_sosa_katori_etc,togane_mobara_sanmu_oamishirasato_etc,tsuchiura_ishioka_omitama_kasumigaura_etc,koga_shimotsuma_yachiyo_goka_etc,tsukuba_city,joso_bando,ryugasaki_toride_ushiku_moriya_etc,inashiki_miho_kawachi,kashima_kamisu_namegata_itako,mito_hitachi_kasama_hitachinaka_etc,yuki_chikusei_sakuragawa,maebashi_takasaki_isesaki_shibukawa_etc,kiryu_ota_tatebayashi_midori_etc,utsunomiya_kanuma_moka_kaminokawa_etc,tochigi_oyama_shimotsuke_nogi_etc,ashikaga_sano,tokyo_islands,ibaraki_north,tochigi_north,gunma_north,gunma_other_ueno_kanna_nanmoku,hokkaido_tohoku,hokuriku,yamanashi_nagano,shizuoka,chubu_west,overseas,unknown,all_regions
0,tokyo_chiyoda_chuo_minato,34,0,5,32,0,0,1,17,3,0,0,0,0,0,0,0,0,2,0,0,3,0,0,0,0,0,10,0,6,0,0,0,0,0,0,0,0,0,22,6,0,0,0,0,0,0,0,0,0,0,0,0,0,15,0,0,4,0,0,0,0,0,0,0,0,0,0,5,2,0,4,61,42,275
1,tokyo_meguro_shinagawa_ota,18,267,14,10,1,0,0,1,0,0,0,6,0,0,50,1,0,1,0,0,0,0,0,0,0,1,0,0,20,0,0,0,3,0,0,0,0,9,0,0,41,27,0,0,0,0,0,0,3,0,0,0,0,0,0,0,0,0,0,0,0,0,0,0,0,0,18,1,1,3,89,0,138,724
2,tokyo_toshima_bunkyo_shinjuku_shibuya,22,6,38,15,22,37,0,9,0,2,1,0,0,0,0,0,0,0,0,0,0,0,0,0,0,0,8,5,4,48,0,2,0,0,0,0,0,2,1,1,0,0,0,0,0,0,0,0,0,0,0,0,0,0,0,0,0,0,1,0,0,0,0,0,0,0,19,1,0,0,122,0,35,405
3,tokyo_arakawa_taito_sumida_koto,9,5,8,71,0,0,7,1,0,0,0,0,1,1,1,2,0,0,0,1,0,0,1,0,3,3,0,6,7,4,18,0,0,2,0,0,0,0,180,18,0,0,0,0,0,0,0,0,1,0,0,0,0,0,0,1,0,0,0,0,0,0,0,0,0,0,12,4,4,2,35,0,152,559
4,tokyo_nakano_suginami_setagaya,9,4,13,0,5,1,0,11,1,0,1,0,0,1,0,0,0,0,0,0,0,0,0,0,0,0,0,0,0,0,0,0,0,0,0,0,0,0,0,0,0,0,0,0,0,0,0,0,0,0,0,0,0,0,0,0,0,0,0,0,0,0,0,0,0,0,6,1,0,2,13,0,59,130
5,tokyo_nerima_itabashi_kita,2,10,8,5,1,7,8,0,0,0,0,0,0,0,2,0,0,0,0,0,0,0,0,0,0,0,0,0,0,0,0,0,0,3,0,0,0,0,0,0,0,0,0,0,0,0,0,0,0,0,0,0,0,0,0,0,1,0,0,0,1,0,0,0,0,0,6,0,1,0,20,6,12,92
6,tokyo_adachi_katsushika_edogawa,22,1,30,49,2,10,53,20,1,0,1,1,0,0,5,41,0,0,0,1,0,0,0,0,0,0,21,0,0,47,30,0,0,0,0,0,0,2,20,13,0,4,0,0,0,0,1,0,0,0,1,14,0,0,0,0,1,0,2,0,0,0,0,0,0,0,44,1,7,2,42,0,252,741
7,chofu_nishitokyo_fuchu_musashino_etc,60,16,71,21,32,0,1,108,33,7,0,0,0,0,0,0,7,0,0,0,0,0,0,0,0,0,14,0,256,0,3,4,0,0,0,0,0,0,4,0,2,0,0,0,0,0,0,0,0,0,0,0,0,0,0,0,0,0,0,0,0,0,0,0,0,0,118,12,13,15,18,5,243,1064
8,machida_tama_hachioji_inagi_etc,12,81,97,52,0,14,0,14,35,0,1,1,1,15,11,12,10,1,0,0,0,0,0,0,0,15,0,0,2,0,0,0,0,0,0,0,0,0,0,0,0,0,0,0,0,0,0,0,0,0,0,0,0,0,0,0,0,0,0,0,0,0,0,0,0,0,2,1,0,0,6,0,9,395
9,mizuho_fussa_hamura_akiruno_etc,0,0,2,0,0,0,0,18,0,6,0,0,0,0,0,0,0,0,0,0,0,0,0,0,0,0,0,0,0,0,4,0,0,0,0,0,0,0,0,0,0,0,0,0,0,0,0,0,0,0,0,0,0,0,0,0,0,0,0,0,0,0,0,0,0,0,0,0,0,0,1,0,1,34
10,yokohama_nishi_naka,0,0,0,0,0,2,0,0,0,0,0,0,0,0,0,0,0,30,0,0,0,0,0,0,0,0,0,0,0,0,0,0,0,0,0,0,0,0,0,0,0,0,0,0,0,0,0,0,0,0,0,0,0,0,0,0,0,0,0,0,0,0,0,0,0,0,38,0,0,0,3,0,6,80
11,yokohama_isogo_minami_kanazawa_konan,0,0,0,0,0,0,0,0,0,0,6,8,21,3,23,0,0,1,3,2,3,1,0,0,0,1,0,0,0,1,0,0,0,0,0,0,0,0,0,0,0,0,0,0,0,0,0,0,0,0,0,0,0,0,0,0,0,0,0,0,0,0,0,0,0,0,0,0,0,0,1,0,8,84
12,yokohama_hodogaya_totsuka_sakae_izumi_etc,1,0,1,4,0,0,0,0,0,0,17,0,2,0,1,1,0,0,0,0,0,0,0,0,0,0,0,0,0,0,0,0,0,0,0,0,0,0,0,0,0,0,0,0,0,0,1,0,0,0,0,0,0,0,0,0,0,0,0,0,0,0,0,0,0,0,0,0,0,0,0,0,3,32
13,yokohama_kohoku_tsuzuki_midori_aoba,47,15,7,35,1,0,7,108,42,14,35,4,93,86,51,85,3,75,5,8,4,0,25,0,50,3,0,0,0,77,0,0,0,0,0,0,0,4,6,0,0,4,0,2,0,0,0,0,0,0,0,0,0,0,0,0,0,0,0,0,0,0,0,0,0,0,15,0,73,162,123,0,6,1274
14,yokohama_tsurumi_kanagawa,8,21,3,12,1,2,0,5,14,0,19,0,1,0,22,4,1,4,0,0,0,0,0,0,0,0,2,0,0,4,0,14,5,2,0,0,0,0,0,1,0,1,0,0,0,0,0,1,0,0,0,0,0,0,0,1,1,0,7,12,0,0,0,0,1,0,23,1,0,0,2,95,1085,1374
15,kawasaki_kawasaki_saiwai_nakahara,9,12,39,48,1,0,1,0,0,0,4,0,0,7,13,177,14,0,1,5,0,0,0,0,0,0,0,0,0,0,0,0,0,0,80,0,0,0,0,0,0,0,194,0,0,0,0,0,0,0,0,0,0,0,0,0,0,0,0,0,0,0,0,0,0,0,23,0,0,0,155,0,28,809
16,kawasaki_takatsu_miyamae_tama_asao,1,2,0,2,0,2,4,0,0,0,5,3,7,8,0,1,7,3,0,0,2,0,0,0,0,0,0,1,1,4,0,0,0,0,0,0,0,0,1,0,4,7,0,0,0,0,0,1,0,0,0,0,0,0,0,0,0,0,0,0,2,0,0,0,0,0,9,2,1,2,33,0,10,124
17,sagamihara_city,1,11,5,0,6,3,2,22,14,4,0,3,7,8,1,4,5,123,2,2,2,1,2,0,6,9,0,0,5,0,1,0,0,0,0,0,1,1,4,0,0,0,0,0,0,0,0,0,0,8,0,0,0,0,2,0,0,0,8,0,0,0,0,0,0,0,0,0,1,3,8,0,36,320
18,yokosuka_miura,3,0,0,2,0,6,0,0,0,0,26,7,0,16,3,10,0,0,13,5,0,0,0,0,9,7,0,0,0,0,0,0,0,0,0,0,0,0,0,0,0,0,0,0,0,0,0,0,0,0,0,0,0,0,0,0,0,0,0,0,0,0,0,0,0,0,0,0,0,0,0,0,7,113
19,kamakura_zushi_hayama,0,0,0,0,0,0,0,0,0,0,0,5,16,0,0,0,0,0,15,10,17,1,0,0,1,3,0,0,0,0,0,0,0,0,0,0,0,0,0,0,0,0,0,0,0,0,0,0,0,0,0,0,0,0,0,0,0,0,0,0,0,0,0,0,0,0,0,0,0,0,0,0,0,68
20,fujisawa_chigasaki_samukawa,0,0,1,0,0,0,0,0,0,0,0,0,0,0,15,1,0,0,1,0,48,0,0,0,11,3,0,0,0,0,0,0,0,1,0,0,0,0,0,1,4,0,0,0,0,0,0,0,0,0,0,0,0,0,0,0,4,0,0,0,0,0,0,0,0,0,1,0,0,1,6,0,80,180
21,hiratsuka_oiso_ninomiya,0,0,0,0,0,0,0,0,1,0,0,2,2,0,0,1,0,0,0,0,8,3,0,0,1,1,0,0,0,0,0,0,0,0,0,0,0,0,1,0,0,0,0,1,1,0,0,0,0,0,0,0,0,0,0,0,0,0,0,0,0,0,0,0,0,0,1,0,0,1,0,0,34,60
22,odawara_manazuru_yugawara_hakone,0,4,0,1,0,1,1,0,0,0,0,2,1,0,0,0,1,0,0,0,2,2,16,5,100,64,1,4,3,0,0,0,0,34,0,0,0,0,36,0,0,2,0,1,0,0,0,0,0,0,0,0,0,0,0,0,1,0,0,0,0,0,0,0,0,0,11,1,1,4,176,0,6,481
23,minami_ashigara_nakai_oi_matsuda_etc,0,0,0,0,0,0,0,0,0,0,36,0,0,0,0,0,0,0,0,0,0,0,0,0,0,0,0,0,0,0,0,0,0,0,0,0,0,0,0,0,0,0,0,0,0,0,7,0,0,0,0,0,0,0,0,0,0,0,0,0,0,0,0,0,0,0,0,0,14,0,37,0,36,132
24,atsugi_hadano_kiyokawa_isehara_etc,107,0,0,3,1,0,2,0,0,0,0,1,1,0,0,0,0,108,0,0,0,10,0,0,24,13,71,0,15,7,0,36,0,0,1,0,0,0,9,7,0,0,0,0,0,0,0,0,107,0,0,0,0,0,1,0,0,0,36,0,0,0,0,0,0,0,46,0,0,44,125,0,32,806
25,zama_yamato_ebina_ayase,1,25,5,29,13,0,7,10,12,5,3,4,2,29,22,13,6,6,21,2,13,1,14,0,204,3,2,4,5,3,0,2,0,0,0,0,0,0,5,0,1,3,0,0,0,0,0,0,0,0,0,0,0,0,3,0,0,0,0,0,0,0,0,0,0,0,0,6,10,44,14,0,69,620
26,saitama_city,11,5,0,7,0,0,1,0,0,0,0,0,0,0,2,0,0,0,0,0,0,0,0,0,1,0,18,2,0,1,0,0,14,2,10,0,0,1,0,5,0,0,0,0,0,0,0,0,1,0,0,0,0,0,0,0,0,0,0,0,0,0,0,0,0,0,86,2,0,1,12,0,262,446
27,kawaguchi_warabi_toda,6,63,147,149,108,217,244,117,1,7,1,0,5,1,0,0,0,80,0,0,1,0,0,0,0,0,90,135,157,190,0,2,49,135,38,0,38,48,102,109,92,92,16,0,0,0,0,3,0,4,0,4,0,0,6,0,0,40,0,0,0,0,0,0,0,0,54,0,1,0,110,0,48,2713
28,asaka_wako_niiza_tokorozawa_etc,2,6,4,5,0,2,0,2,3,0,0,0,0,0,0,53,0,19,0,0,0,0,23,0,14,0,12,1,88,52,24,54,0,166,1,0,0,0,0,1,0,0,0,0,0,0,40,0,2,0,0,0,0,1,0,0,21,2,3,0,0,0,0,0,0,0,4,7,3,2,253,6,34,910
29,soka_kasukabe_misato_koshigaya_etc,37,47,59,33,2,10,40,11,21,22,0,0,24,3,26,48,21,7,2,0,3,0,14,0,54,1,1574,82,54,211,0,3,42,42,33,0,0,58,1466,25,1,58,14,25,0,0,1,17,8,32,25,23,0,4,17,0,30,36,71,14,5,0,0,16,20,0,205,22,14,51,266,0,112,5161
30,hanno_hidaka_moroyama_ogose_etc,6,21,6,2,9,25,0,18,4,7,0,0,4,3,0,7,1,0,0,0,0,3,0,0,1,1,1,44,27,6,1,0,0,0,0,0,0,0,0,0,0,0,0,0,0,0,14,0,0,0,0,0,0,0,0,0,14,0,0,0,0,0,1,10,0,0,0,0,7,10,25,0,0,281
31,tsurugashima_sakado_kawajima_higashimatsuyama_etc,0,11,6,76,0,4,0,0,0,0,0,0,0,0,0,22,0,0,0,0,0,0,0,0,12,0,0,0,90,0,0,12,0,0,0,0,0,0,0,0,0,0,0,0,0,0,0,0,0,0,0,0,0,0,0,0,96,90,19,0,0,0,0,0,0,0,62,0,0,6,20,1,5,534
32,ageo_konosu_okegawa_kitamoto_etc,1,0,0,0,0,0,0,0,0,0,0,0,0,0,0,0,0,0,0,0,0,0,0,0,0,0,41,0,14,99,3,2,35,13,11,7,1,0,0,0,0,0,0,0,0,0,0,0,0,0,0,0,0,0,0,0,0,0,0,0,0,0,0,0,0,0,6,0,1,0,5,0,0,243
33,kuki_kazo_hanyu_gyoda_etc,13,11,16,16,1,5,46,25,5,11,0,1,12,5,5,4,4,3,0,0,4,6,10,6,11,70,46,21,29,234,1,5,1,155,2,0,0,26,130,6,76,26,1,2,0,0,1,5,0,11,0,4,5,2,18,0,18,7,4,19,1,0,0,4,2,0,214,20,30,40,144,240,268,2110
34,kumagaya_fukaya_ogawa_yorii_etc,3,0,1,0,4,2,13,0,2,0,0,0,0,2,0,0,4,6,0,0,0,0,0,92,5,8,36,8,39,18,1,0,7,4,34,1,6,2,3,3,0,6,0,0,0,0,8,1,2,4,0,2,2,0,3,0,21,4,60,2,1,0,0,11,0,0,140,15,0,10,146,1,17,764
35,honjo_kamikawa_kamisato,0,0,0,11,0,5,0,0,0,0,0,0,0,0,0,0,0,0,0,0,0,0,0,0,0,0,3,0,0,2,0,0,0,0,0,7,0,0,0,1,0,0,0,0,0,0,0,0,0,1,0,0,0,0,0,0,1,0,0,0,0,0,0,0,0,0,4,0,0,0,33,0,51,118
36,chichibu_yokoze_minano_nagatoro_etc,0,0,0,0,0,0,0,0,0,0,0,0,0,0,0,0,0,0,0,0,7,0,0,0,0,0,0,0,0,0,0,0,0,0,4,0,0,0,0,0,0,0,0,0,0,0,0,0,0,0,0,0,0,0,0,0,0,0,0,0,0,0,0,0,0,0,0,0,0,0,0,0,3,14
37,chiba_city,0,0,0,7,0,0,26,0,0,0,0,0,0,0,0,0,0,0,0,0,0,0,0,0,0,0,0,0,0,0,0,0,0,0,0,0,0,25,7,0,0,12,2,2,0,0,0,0,0,7,0,0,0,0,0,0,0,0,0,0,0,0,0,0,0,0,1,1,0,0,4,0,22,116
38,ichikawa_urayasu_narashino_funabashi,6,5,19,87,4,0,8,0,0,0,4,0,0,0,0,0,0,0,0,0,0,0,0,0,0,0,0,0,0,5,0,0,0,0,0,0,0,18,175,8,4,3,0,0,0,0,7,0,0,0,0,1,0,0,0,0,28,1,0,0,0,0,0,0,0,0,21,7,1,9,129,0,1340,1891
39,matsudo_kamagaya_kashiwa_abiko,34,61,16,27,0,2,11,0,0,0,0,2,0,0,0,0,0,0,0,0,0,0,0,0,25,0,16,0,14,0,7,0,0,0,0,0,0,12,20,174,0,3,0,0,0,0,0,0,0,4,0,123,0,0,0,0,13,0,1,18,0,0,0,0,0,0,4,2,2,1,13,2,134,743
40,nagareyama_noda,7,24,31,28,39,26,24,26,22,0,3,2,15,23,8,22,0,10,14,0,3,0,0,0,13,2,13,7,0,17,0,0,9,9,0,0,0,1,24,87,16,6,0,0,0,0,0,0,0,0,2,1,0,0,1,0,1,0,1,0,1,0,0,0,0,0,13,3,0,0,70,0,33,661
41,yachiyo_sakura_narita_shiroi_etc,14,7,0,8,0,1,22,2,0,0,8,3,0,20,27,0,0,1,0,0,0,0,0,0,0,1,0,2,2,60,0,0,0,0,0,0,0,11,2,24,1,53,22,0,0,1,1,0,1,1,0,30,0,0,0,0,0,0,0,0,0,0,0,6,0,0,1,3,0,10,81,0,2,429
42,ichihara_city,0,0,0,0,0,0,0,0,0,0,0,0,0,0,0,0,0,0,0,0,0,0,0,0,0,0,0,0,0,0,0,0,0,0,0,0,0,3,38,0,0,0,350,132,7,0,2,0,0,0,0,0,0,0,0,0,0,0,0,0,0,0,0,0,0,0,18,0,0,0,73,0,36,659
43,kisarazu_sodegaura_kimitsu_futtsu,0,0,0,0,0,0,1,0,0,0,0,0,0,0,0,0,0,0,0,0,0,0,0,0,0,0,0,0,0,0,0,0,0,0,0,0,0,0,0,0,3,0,0,1,0,0,0,0,0,0,0,0,0,0,0,0,0,0,0,0,0,0,0,0,0,0,0,0,0,0,0,0,0,6
44,katsuura_otaki_tateyama_kamogawa_etc,0,0,0,0,0,0,0,0,0,0,0,0,0,0,0,0,0,0,0,0,0,0,0,0,0,0,0,0,0,0,0,0,0,0,0,0,0,0,0,0,0,0,0,0,0,0,0,0,0,0,0,0,0,0,0,0,0,0,0,0,0,0,0,0,0,0,0,0,0,0,0,0,2,2
45,choshi_asahi_sosa_katori_etc,0,0,1,9,0,0,2,1,0,0,0,0,0,0,0,0,0,0,0,0,0,0,0,0,0,0,0,0,7,0,0,0,2,0,0,0,0,0,1,1,0,24,0,0,0,1,0,0,0,0,0,0,0,0,0,0,0,0,0,0,0,0,0,0,0,0,0,0,0,1,5,0,2,56
46,togane_mobara_sanmu_oamishirasato_etc,13,27,9,125,1,0,9,2,0,0,0,0,0,0,29,4,4,3,0,0,0,0,0,0,0,0,1,0,232,8,0,0,0,0,0,0,0,66,28,4,0,583,214,223,305,437,448,69,0,0,0,0,0,123,0,0,203,74,0,0,0,0,0,174,0,0,40,13,116,120,316,5,18,4047
47,tsuchiura_ishioka_omitama_kasumigaura_etc,2,0,0,11,10,0,14,0,0,0,0,0,0,2,2,0,0,0,0,0,0,0,0,5,0,3,0,1,11,15,0,0,0,125,0,0,0,0,1,0,0,3,0,0,0,0,0,94,2,40,13,26,4,2,2,3,0,10,0,0,3,0,0,0,0,0,0,0,0,0,107,0,5,516
48,koga_shimotsuma_yachiyo_goka_etc,0,7,0,0,0,0,0,0,0,0,4,0,0,0,0,36,2,0,0,0,0,0,0,18,36,36,40,0,43,7,0,0,0,49,0,0,0,0,9,22,1,5,0,0,0,0,0,0,4,6,0,11,0,0,4,0,14,0,7,0,4,0,0,0,0,0,35,40,19,26,94,0,145,726
49,tsukuba_city,0,0,0,0,0,0,0,0,0,0,0,0,0,0,0,0,0,0,0,0,0,0,0,0,0,0,0,0,0,0,0,0,0,0,0,0,0,0,0,0,0,0,0,0,0,0,0,4,2,16,1,5,0,0,11,2,0,0,3,1,4,0,0,2,0,0,1,0,0,0,0,0,21,74
50,joso_bando,2,0,0,8,0,0,2,0,0,0,0,0,0,0,0,0,0,0,0,0,0,0,0,0,0,0,0,9,0,0,0,0,0,0,0,0,0,0,3,0,0,0,0,0,0,0,0,0,0,3,6,2,0,0,2,5,0,0,1,0,0,0,0,0,0,0,18,4,0,0,16,0,0,79
51,ryugasaki_toride_ushiku_moriya_etc,0,17,0,0,0,76,8,0,0,0,0,0,0,0,0,0,0,0,0,0,0,0,0,0,0,0,51,0,67,0,0,0,0,0,0,0,0,0,112,6,0,0,0,0,0,0,0,0,0,0,0,0,0,0,0,0,0,0,0,0,0,0,0,0,0,0,0,0,0,0,0,0,45,382
52,inashiki_miho_kawachi,0,0,0,0,0,0,0,0,0,0,0,0,0,0,0,0,0,0,0,0,0,0,0,0,41,0,0,16,0,4,0,0,41,0,0,0,0,0,0,0,0,4,0,0,0,0,0,0,0,0,0,0,0,4,0,0,6,0,0,0,0,0,1,0,0,0,0,0,15,0,76,0,1,210
53,kashima_kamisu_namegata_itako,19,0,0,50,19,0,16,12,0,0,0,37,46,25,0,0,0,0,77,0,0,0,0,0,0,0,0,6,6,16,0,0,0,300,0,0,0,50,25,25,0,10,0,0,0,1,0,11,0,0,0,0,0,34,8,0,0,0,0,0,0,0,0,0,0,0,335,0,0,0,5,0,5,1137
54,mito_hitachi_kasama_hitachinaka_etc,0,0,0,0,0,0,0,0,0,0,0,0,0,0,0,0,0,7,0,0,0,0,0,0,0,0,0,7,0,0,0,0,0,0,0,0,0,0,0,0,0,1,0,0,0,0,0,8,0,0,0,0,0,0,103,0,0,0,0,0,0,0,26,1,0,0,0,0,0,0,1,0,5,159
55,yuki_chikusei_sakuragawa,1,1,3,1,0,1,1,0,0,0,1,0,0,1,0,0,0,0,0,0,0,0,0,0,6,0,0,0,0,0,0,0,0,0,0,0,0,0,0,0,2,0,0,0,0,0,0,0,0,0,0,0,0,1,0,0,2,0,0,0,0,0,0,0,0,0,9,2,1,4,42,0,25,104
56,maebashi_takasaki_isesaki_shibukawa_etc,5,8,3,8,1,14,16,2,10,0,0,0,0,0,0,5,0,0,6,2,7,0,0,0,7,0,18,0,40,38,17,65,2,70,11,0,0,8,3,26,15,35,0,0,0,0,63,0,1,0,0,0,0,18,75,0,691,115,70,1,3,0,0,24,9,0,449,55,46,3,1335,0,858,4259
57,kiryu_ota_tatebayashi_midori_etc,3,2,1,3,6,7,7,1,0,0,5,0,0,0,6,0,0,0,0,0,0,0,0,0,0,0,0,11,0,1,0,0,0,7,22,0,0,0,2,0,0,0,0,0,0,0,0,0,0,0,0,0,0,0,0,0,36,69,2,31,4,0,0,0,0,0,4,0,0,0,4,0,18,255
58,utsunomiya_kanuma_moka_kaminokawa_etc,0,0,0,1,0,0,0,0,0,0,0,0,0,1,0,0,0,0,0,0,0,0,0,0,0,0,0,0,0,169,0,0,0,23,0,0,0,14,45,0,0,3,0,3,0,0,0,1,0,0,1,0,0,0,23,0,35,0,130,10,0,0,0,11,0,0,108,21,7,6,134,2,76,829
59,tochigi_oyama_shimotsuke_nogi_etc,1,10,2,1,0,12,5,17,1,0,0,10,3,0,9,1,0,0,0,0,1,0,1,0,1,24,12,1,10,38,0,0,1,15,41,0,0,3,2,5,0,9,0,0,0,0,3,0,46,0,0,4,3,11,1,0,258,42,3,1,0,0,1,3,0,0,4,8,29,30,71,0,11,768
60,ashikaga_sano,0,0,0,2,1,0,0,0,0,31,0,0,0,0,0,0,0,31,0,0,0,0,0,0,0,0,31,0,0,0,0,0,2,0,56,0,0,0,0,0,0,0,0,0,0,0,0,0,0,0,0,0,0,0,0,0,8,133,5,8,9,0,0,0,0,0,0,2,0,0,22,1,861,1204
61,tokyo_islands,0,0,0,0,0,0,0,0,0,0,0,0,0,0,0,0,0,0,0,0,0,0,0,0,0,0,0,0,0,0,0,0,0,0,0,0,0,0,0,0,0,0,0,0,0,0,0,0,0,0,0,0,0,0,0,0,0,0,0,0,0,0,0,0,0,0,0,0,0,0,0,0,0,0
62,ibaraki_north,0,0,0,0,0,0,0,0,0,0,0,0,0,0,0,0,0,33,0,0,0,0,0,0,0,0,0,0,0,0,0,0,0,8,0,0,0,0,0,0,1,0,0,0,0,0,0,0,0,0,1,0,0,0,1,0,2,0,0,0,0,0,0,0,0,0,0,0,0,0,0,0,0,46
63,tochigi_north,0,0,4,0,0,0,0,0,0,0,0,0,0,0,0,0,0,0,0,0,0,0,0,0,0,3,0,0,0,9,0,0,0,52,11,0,0,0,0,0,0,0,0,0,0,0,0,0,0,2,0,0,0,0,0,0,0,0,0,0,0,0,0,0,0,0,0,0,0,0,0,0,0,80
64,gunma_north,0,0,0,0,0,0,0,0,0,0,0,0,0,0,0,0,0,0,0,0,0,0,0,0,0,0,0,0,0,0,0,0,0,0,0,0,0,0,0,0,0,0,0,0,0,0,0,0,0,0,0,0,0,0,0,0,0,0,0,0,0,0,0,0,0,0,0,0,0,0,0,0,0,1
65,gunma_other_ueno_kanna_nanmoku,0,0,0,0,0,0,0,0,0,0,0,0,0,0,0,0,0,0,0,0,0,0,0,0,0,0,0,0,0,0,0,0,0,0,0,0,0,0,0,0,0,0,0,0,0,0,0,0,0,0,0,0,0,0,0,0,0,0,0,0,0,0,0,0,0,0,0,0,0,0,0,0,0,0
66,hokkaido_tohoku,1,0,26,6,0,0,0,11,0,0,0,0,1,34,0,0,54,0,0,0,0,14,1,0,13,27,0,0,278,15,0,0,0,99,109,0,0,0,0,0,1,0,0,0,0,20,51,0,0,49,0,0,0,121,0,0,0,0,34,0,0,0,0,0,0,0,0,0,0,0,0,0,0,966
67,hokuriku,4,1,102,4,0,0,9,1,0,0,0,0,1,138,0,1,2,0,0,0,0,1,2,0,13,23,1,0,26,132,0,0,0,8,1,0,0,0,1,0,19,1,0,0,0,0,15,0,0,0,0,0,0,149,1,0,6,0,34,0,0,0,0,0,0,0,0,0,0,0,0,0,0,696
68,yamanashi_nagano,0,0,0,0,0,0,0,0,0,0,0,0,0,15,0,0,0,0,0,0,0,5,0,0,0,0,0,0,0,0,0,0,0,42,0,0,0,5,0,1,0,0,0,0,0,0,163,0,0,0,0,0,0,37,0,0,0,0,0,0,0,0,0,0,0,0,0,0,0,0,0,0,0,270
69,shizuoka,0,0,4,9,0,1,0,13,1,0,0,0,0,24,73,0,0,0,0,10,0,55,3,0,1,89,0,2,1,39,0,0,0,4,0,0,0,0,2,0,37,0,0,0,0,0,36,0,0,2,0,0,0,0,2,0,12,0,0,8,0,0,0,0,0,0,0,0,0,0,0,0,0,430
70,chubu_west,12,15,195,41,0,11,17,54,41,0,38,13,5,205,32,0,1,13,0,0,2,56,4,0,531,258,203,4,379,461,0,0,26,297,200,0,0,14,50,124,51,1,0,0,0,17,1,3,52,1,2,1,58,4,1,0,91,0,142,18,0,0,0,0,0,0,0,0,0,0,0,0,0,3748
71,overseas,1,275,2,76,0,0,161,13,5,79,0,0,0,0,888,1,0,12,1,0,2,0,0,23,442,172,3,81,101,134,137,0,38,609,77,1,0,4,401,189,21,0,0,0,0,0,235,2,0,0,0,0,82,0,9,0,35,9,1,0,525,0,0,0,0,0,0,0,0,0,0,0,0,4850
999,unknown,0,0,0,0,0,0,0,0,0,0,0,0,0,0,0,0,0,0,0,0,0,0,0,0,0,0,0,0,0,0,0,0,0,150,0,0,0,0,0,0,0,0,0,0,0,0,0,0,0,0,0,0,0,0,0,0,0,0,0,0,0,0,0,0,0,0,0,0,0,0,0,0,0,150
○misc_industrial_goods_excl_daily,,,,,,,,,,,,,,,,,,,,,,,,,,,,,,,,,,,,,,,,,,,,,,,,,,,,,,,,,,,,,,,,,,,,,,,,,,,(unit: ton/day)
large_zone,region,tokyo_chiyoda_chuo_minato,tokyo_meguro_shinagawa_ota,tokyo_toshima_bunkyo_shinjuku_shibuya,tokyo_arakawa_taito_sumida_koto,tokyo_nakano_suginami_setagaya,tokyo_nerima_itabashi_kita,tokyo_adachi_katsushika_edogawa,chofu_nishitokyo_fuchu_musashino_etc,machida_tama_hachioji_inagi_etc,mizuho_fussa_hamura_akiruno_etc,yokohama_nishi_naka,yokohama_isogo_minami_kanazawa_konan,yokohama_hodogaya_totsuka_sakae_izumi_etc,yokohama_kohoku_tsuzuki_midori_aoba,yokohama_tsurumi_kanagawa,kawasaki_kawasaki_saiwai_nakahara,kawasaki_takatsu_miyamae_tama_asao,sagamihara_city,yokosuka_miura,kamakura_zushi_hayama,fujisawa_chigasaki_samukawa,hiratsuka_oiso_ninomiya,odawara_manazuru_yugawara_hakone,minami_ashigara_nakai_oi_matsuda_etc,atsugi_hadano_kiyokawa_isehara_etc,zama_yamato_ebina_ayase,saitama_city,kawaguchi_warabi_toda,asaka_wako_niiza_tokorozawa_etc,soka_kasukabe_misato_koshigaya_etc,hanno_hidaka_moroyama_ogose_etc,tsurugashima_sakado_kawajima_higashimatsuyama_etc,ageo_konosu_okegawa_kitamoto_etc,kuki_kazo_hanyu_gyoda_etc,kumagaya_fukaya_ogawa_yorii_etc,honjo_kamikawa_kamisato,chichibu_yokoze_minano_nagatoro_etc,chiba_city,ichikawa_urayasu_narashino_funabashi,matsudo_kamagaya_kashiwa_abiko,nagareyama_noda,yachiyo_sakura_narita_shiroi_etc,ichihara_city,kisarazu_sodegaura_kimitsu_futtsu,katsuura_otaki_tateyama_kamogawa_etc,choshi_asahi_sosa_katori_etc,togane_mobara_sanmu_oamishirasato_etc,tsuchiura_ishioka_omitama_kasumigaura_etc,koga_shimotsuma_yachiyo_goka_etc,tsukuba_city,joso_bando,ryugasaki_toride_ushiku_moriya_etc,inashiki_miho_kawachi,kashima_kamisu_namegata_itako,mito_hitachi_kasama_hitachinaka_etc,yuki_chikusei_sakuragawa,maebashi_takasaki_isesaki_shibukawa_etc,kiryu_ota_tatebayashi_midori_etc,utsunomiya_kanuma_moka_kaminokawa_etc,tochigi_oyama_shimotsuke_nogi_etc,ashikaga_sano,tokyo_islands,ibaraki_north,tochigi_north,gunma_north,gunma_other_ueno_kanna_nanmoku,hokkaido_tohoku,hokuriku,yamanashi_nagano,shizuoka,chubu_west,overseas,unknown,all_regions
0,tokyo_chiyoda_chuo_minato,15,0,0,5,0,0,0,0,0,0,0,0,0,0,0,0,0,0,0,0,0,0,0,0,0,0,0,0,0,0,0,0,0,0,0,0,0,0,0,0,0,0,0,0,0,0,0,0,0,0,0,0,0,0,0,0,0,0,0,0,0,0,0,0,0,0,0,0,0,0,0,0,0,20
1,tokyo_meguro_shinagawa_ota,2,16,1,0,3,0,0,0,0,0,0,0,0,0,0,2,0,2,0,0,0,0,0,0,0,0,0,0,0,0,0,0,0,0,0,0,0,0,0,0,0,0,0,0,0,0,0,0,0,0,0,0,0,0,0,0,2,0,0,0,0,0,0,0,0,0,0,0,0,0,0,0,61,90
2,tokyo_toshima_bunkyo_shinjuku_shibuya,0,0,1,0,0,0,0,0,0,0,0,0,0,0,0,0,0,0,0,0,0,0,0,0,0,0,0,0,0,0,0,0,0,0,0,0,0,0,0,0,0,0,0,0,0,0,0,0,0,0,0,0,0,0,0,0,0,0,0,0,0,0,0,0,0,0,0,0,0,0,0,0,3,4
3,tokyo_arakawa_taito_sumida_koto,6,6,0,31,0,0,11,0,0,0,0,0,0,0,0,1,0,0,0,0,0,0,0,0,0,3,0,1,4,1,0,4,0,4,0,0,0,0,0,6,0,4,0,0,0,0,0,0,0,0,0,0,0,0,0,0,3,0,1,0,1,0,0,0,0,0,2,1,1,1,2712,2369,19,5195
4,tokyo_nakano_suginami_setagaya,0,0,18,0,1,0,0,0,0,0,1,0,0,0,0,0,0,0,0,0,0,0,0,0,0,0,0,9,0,0,0,0,0,0,0,0,0,0,0,0,0,0,0,0,0,0,0,0,0,0,0,0,0,0,0,0,0,0,0,0,0,0,0,0,0,0,0,0,0,35,0,0,0,64
5,tokyo_nerima_itabashi_kita,1,0,1,1,0,53,0,1,0,0,0,0,0,0,0,0,0,0,0,0,0,0,0,0,0,0,1,0,0,0,0,0,0,0,0,0,0,0,0,0,0,0,0,0,0,0,0,0,0,0,0,0,0,0,0,0,0,0,0,0,0,0,0,0,0,0,2,0,0,0,3,0,0,64
6,tokyo_adachi_katsushika_edogawa,0,14,0,21,0,0,239,0,0,0,3,0,0,1,0,0,0,0,0,0,0,0,0,0,0,0,0,0,0,2,0,0,0,0,0,0,0,0,0,1,0,2,0,0,0,0,0,0,0,0,0,0,0,0,0,0,0,0,0,0,0,0,0,0,0,0,0,0,0,0,3,0,18,305
7,chofu_nishitokyo_fuchu_musashino_etc,0,0,0,0,0,0,0,4,0,0,0,0,0,0,0,0,0,0,0,0,0,0,0,0,0,0,0,0,0,0,0,0,0,0,0,0,0,0,0,0,0,0,0,0,0,0,0,0,0,0,0,0,0,0,0,0,0,0,0,0,0,0,0,0,0,0,0,0,0,0,2,0,0,8
8,machida_tama_hachioji_inagi_etc,0,1,0,0,0,0,0,2,5,1,0,0,0,0,0,0,0,0,1,0,4,0,1,0,1,0,0,0,0,0,1,0,0,0,0,0,0,0,0,0,0,0,0,0,0,0,0,0,0,0,0,0,0,0,0,0,0,0,0,0,0,0,0,0,0,0,0,0,0,7,2,0,2,29
9,mizuho_fussa_hamura_akiruno_etc,0,0,0,0,0,0,0,0,0,0,0,0,0,0,0,0,0,0,0,0,0,0,0,0,0,0,0,0,0,0,0,0,0,0,0,0,0,0,0,0,0,0,0,0,0,0,0,0,0,0,0,0,0,0,0,0,0,0,0,0,0,0,0,0,0,0,0,0,0,0,0,0,0,0
10,yokohama_nishi_naka,0,0,0,23,0,0,0,0,0,0,0,0,76,0,0,0,0,0,0,0,0,0,0,0,0,0,0,0,0,0,0,0,0,0,0,0,0,0,0,0,0,0,0,0,0,0,0,0,0,0,0,0,0,0,0,0,0,0,0,0,0,0,0,0,0,0,0,0,0,0,0,0,0,99
11,yokohama_isogo_minami_kanazawa_konan,0,0,0,0,0,0,0,0,0,0,0,33,0,0,0,0,0,0,0,0,0,0,0,0,0,0,0,0,0,0,0,0,0,0,0,0,0,0,0,0,0,0,0,0,0,0,0,0,0,0,0,0,0,0,0,0,1,0,0,0,0,0,0,0,0,0,3,1,0,0,6,0,1,46
12,yokohama_hodogaya_totsuka_sakae_izumi_etc,0,0,0,0,0,0,0,0,0,0,1,2,4,0,1,0,0,0,0,0,0,0,0,0,0,0,0,0,0,0,0,0,0,0,0,0,0,0,0,0,0,0,0,0,0,0,0,0,0,0,0,0,0,0,0,0,0,0,0,0,0,0,0,0,0,0,0,0,0,0,0,0,0,8
13,yokohama_kohoku_tsuzuki_midori_aoba,7,0,8,0,2,0,5,0,0,0,3,0,0,0,0,0,2,0,0,0,0,0,0,0,0,0,0,0,0,0,0,0,0,0,0,0,0,0,0,0,0,0,0,0,0,0,0,0,0,0,0,0,0,0,0,0,0,0,0,0,0,0,0,0,0,0,0,0,0,0,2,0,0,30
14,yokohama_tsurumi_kanagawa,0,0,0,0,0,0,0,0,0,0,0,0,0,0,0,0,0,0,0,0,0,0,0,0,0,0,0,0,0,0,0,0,0,0,0,0,0,0,0,0,0,0,0,0,0,0,0,0,0,0,0,0,0,0,0,0,0,0,0,0,0,0,0,0,0,0,0,0,0,0,0,0,0,2
15,kawasaki_kawasaki_saiwai_nakahara,0,8,0,0,0,4,0,4,0,0,0,0,0,8,10,33,8,4,0,0,0,0,0,0,0,0,0,0,0,0,0,0,0,0,0,0,0,0,0,0,0,0,0,0,0,0,0,0,0,0,0,0,0,0,0,0,0,0,0,0,0,0,0,0,0,0,0,0,0,0,0,0,1,80
16,kawasaki_takatsu_miyamae_tama_asao,8,0,0,0,0,0,0,0,0,0,2,0,0,0,0,0,0,0,0,0,0,0,0,0,0,0,0,0,0,0,0,0,0,0,0,0,0,0,0,0,0,0,0,0,0,0,0,0,0,0,0,0,0,0,0,0,0,0,0,0,0,0,0,0,0,0,0,0,0,0,0,0,2,16
17,sagamihara_city,1,0,0,2,0,0,0,0,0,5,0,0,0,0,0,0,0,11,0,0,0,0,0,0,2,1,0,0,0,0,0,0,0,0,0,0,0,0,0,0,0,0,0,0,0,0,0,0,0,0,0,0,0,0,0,0,0,0,0,0,0,0,0,0,0,0,5,0,0,5,3,0,0,35
18,yokosuka_miura,0,0,0,0,0,0,0,0,0,0,0,0,0,0,0,0,0,0,0,0,0,0,0,0,0,0,0,0,0,0,0,0,0,0,0,0,0,0,0,0,0,0,0,0,0,0,0,0,0,0,0,0,0,0,0,0,0,0,0,0,0,0,0,0,0,0,0,0,0,0,0,0,0,0
19,kamakura_zushi_hayama,0,0,0,0,0,0,0,0,0,0,0,0,0,0,0,0,0,0,0,0,0,0,0,0,0,0,0,0,0,0,0,0,0,0,0,0,0,0,0,0,0,0,0,0,0,0,0,0,0,0,0,0,0,0,0,0,0,0,0,0,0,0,0,0,0,0,0,0,0,0,0,0,0,0
20,fujisawa_chigasaki_samukawa,0,4,0,0,0,13,0,0,0,0,0,1,6,1,0,0,0,0,0,3,23,1,0,0,0,6,0,0,0,0,0,0,0,0,0,0,0,0,0,0,0,19,0,0,0,0,0,0,0,0,0,0,0,0,0,0,0,0,0,0,0,0,0,0,0,0,8,0,0,0,34,0,0,123
21,hiratsuka_oiso_ninomiya,0,0,0,0,0,0,0,0,0,0,0,0,0,0,0,0,0,0,0,0,639,91,71,0,152,93,0,0,0,0,0,0,0,0,0,0,0,0,0,0,0,0,0,0,0,0,0,0,0,0,0,0,0,0,0,0,2,0,0,0,0,0,0,0,0,0,0,0,0,0,0,0,0,1047
22,odawara_manazuru_yugawara_hakone,0,0,0,0,0,0,0,0,0,0,0,5,0,0,0,0,0,0,0,0,2,3,14,5,1,1,0,0,0,0,0,0,0,0,0,0,0,0,0,0,0,0,0,0,0,0,0,0,0,0,0,0,0,0,0,0,0,0,0,0,0,0,0,0,0,0,0,0,0,1,0,0,0,32
23,minami_ashigara_nakai_oi_matsuda_etc,0,0,0,0,0,0,0,0,0,0,0,0,0,0,0,0,0,0,0,0,0,0,0,1,0,0,0,0,0,0,0,0,0,0,0,0,0,0,0,0,0,0,0,0,0,0,0,0,0,0,0,0,0,0,0,0,0,0,0,0,0,0,0,0,0,0,0,0,0,11,0,0,0,12
24,atsugi_hadano_kiyokawa_isehara_etc,8,61,36,30,65,60,9,16,10,0,2,8,0,4,0,52,11,3,0,15,48,1,2,0,30,1,0,0,67,1,0,0,0,0,1,0,0,0,0,0,134,0,0,0,0,0,0,0,0,0,0,0,0,4,2,0,0,14,14,0,0,0,0,0,0,0,19,4,6,19,59,0,4,819
25,zama_yamato_ebina_ayase,1,14,2,15,15,8,2,14,8,2,0,1,0,1,0,9,1,66,17,0,0,0,0,0,0,0,0,0,0,0,0,0,0,0,0,0,0,5,5,2,0,0,0,10,0,0,0,0,0,0,0,0,0,10,5,0,2,0,0,0,0,0,0,0,0,0,0,0,1,0,0,0,17,236
26,saitama_city,0,0,0,0,0,4,0,4,0,0,0,0,0,0,0,0,1,0,0,0,0,0,0,0,0,11,39,5,7,0,0,3,0,11,0,0,0,0,0,0,0,0,0,0,0,0,0,0,4,0,0,7,0,0,0,0,0,0,0,0,0,0,0,0,0,0,12,0,0,0,2,0,0,111
27,kawaguchi_warabi_toda,0,105,2,3,0,2,12,18,0,0,0,0,0,0,13,0,0,0,0,0,0,0,0,0,0,0,3,4,0,4,0,0,0,0,0,0,0,0,0,0,0,13,0,0,0,0,0,0,0,0,0,1,0,0,0,0,0,5,0,0,0,0,0,0,0,0,0,0,11,0,1,0,0,198
28,asaka_wako_niiza_tokorozawa_etc,1,0,0,4,0,1,1,11,5,0,0,0,2,0,0,0,0,3,7,0,0,2,0,0,0,0,1,15,20,0,2,4,1,0,0,0,0,1,0,0,0,0,0,0,0,0,0,0,2,0,0,4,0,0,0,0,1,14,10,0,0,0,0,0,0,0,1,3,1,4,12,0,24,157
29,soka_kasukabe_misato_koshigaya_etc,63,45,0,38,78,31,2,36,40,0,19,0,34,60,0,110,31,0,0,0,57,0,1,0,20,0,11,5,63,35,0,0,1,2,15,0,0,0,0,0,19,1,0,0,0,0,0,64,0,1,0,0,0,0,0,0,0,11,21,0,0,0,0,0,0,0,1,0,1,0,45,0,44,1006
30,hanno_hidaka_moroyama_ogose_etc,0,0,0,0,0,0,23,2,1,1,0,0,0,0,0,0,0,0,0,0,0,0,0,0,0,0,0,0,2,0,3,23,1,0,0,0,0,0,0,0,0,0,0,0,0,0,1,49,0,0,0,0,0,0,0,0,0,0,0,0,0,0,0,0,0,0,0,0,0,0,3,0,0,106
31,tsurugashima_sakado_kawajima_higashimatsuyama_etc,5,8,4,19,13,3,2,11,3,0,0,1,1,3,0,5,0,0,1,0,0,0,2,0,0,0,3,2,3,2,2,218,0,1,1,0,0,0,0,48,0,0,0,0,0,0,0,0,0,0,0,3,0,0,6,0,2,10,5,0,0,0,0,0,0,0,0,0,0,0,0,51,2,442
32,ageo_konosu_okegawa_kitamoto_etc,42,0,44,5,3,8,53,10,0,0,0,0,0,0,0,3,0,0,0,0,0,0,0,0,6,0,1,8,15,0,0,0,6,0,1,0,0,0,0,0,0,0,0,22,3,10,0,0,0,0,0,0,0,0,0,14,2,0,0,0,4,0,0,0,0,0,0,1,8,50,55,3,36,414
33,kuki_kazo_hanyu_gyoda_etc,0,1,0,0,1,1,1,1,0,1,0,0,0,0,0,0,0,0,0,0,0,1,1,0,0,0,4,0,2,3,0,0,4,345,48,0,0,0,1,2,0,64,0,0,0,0,0,30,3,64,5,2,0,0,0,0,1,50,1,1,0,0,0,1,0,0,6,14,1,0,46,146,0,852
34,kumagaya_fukaya_ogawa_yorii_etc,0,0,0,8,0,0,0,0,6,0,0,0,0,0,0,0,0,0,0,0,0,0,0,0,0,0,2,0,24,0,0,0,0,1,7,2,0,0,0,0,0,0,0,0,0,0,0,0,0,0,0,0,0,0,0,0,0,34,0,0,0,0,0,0,0,0,0,0,0,0,13,34,12,142
35,honjo_kamikawa_kamisato,0,21,0,42,21,21,0,0,0,0,0,0,0,0,0,0,0,0,0,0,21,0,0,0,0,0,0,0,0,0,0,0,0,0,0,17,0,0,0,0,0,0,0,0,0,0,0,0,0,0,0,0,0,0,0,0,0,0,0,0,0,0,0,0,0,0,0,0,0,0,0,0,0,143
36,chichibu_yokoze_minano_nagatoro_etc,0,0,0,0,0,0,0,0,0,0,0,0,0,0,0,0,0,0,0,0,0,0,0,0,0,0,0,0,0,0,0,0,0,0,0,0,0,0,0,0,0,0,0,0,0,0,0,0,0,0,0,0,0,0,0,0,0,0,0,0,0,0,0,0,0,0,0,0,0,0,1,0,2,3
37,chiba_city,10,0,0,1,0,0,0,0,0,0,0,0,0,0,0,0,0,0,0,0,0,0,0,0,0,0,0,0,0,0,0,0,0,0,0,0,0,15,0,0,0,0,0,0,0,0,0,0,0,0,0,0,0,34,0,0,0,0,0,0,0,0,0,0,0,0,0,0,0,0,34,0,0,94
38,ichikawa_urayasu_narashino_funabashi,0,0,0,71,0,0,0,0,0,0,0,0,0,0,0,0,0,0,0,0,0,0,0,0,0,0,0,0,0,0,0,0,0,0,0,0,0,13,5,89,0,0,0,0,0,0,0,0,0,0,0,0,0,0,0,0,0,0,0,0,0,0,0,0,0,0,0,0,0,0,0,0,0,179
39,matsudo_kamagaya_kashiwa_abiko,1,4,0,1,0,0,1,0,0,0,0,0,0,0,0,0,0,0,0,0,0,0,0,0,0,0,4,2,1,2,0,0,0,4,0,0,0,0,2,127,0,1,2,0,0,0,0,1,1,0,0,4,0,0,0,0,0,2,0,1,0,0,0,1,0,0,4,4,0,0,6,0,1,174
40,nagareyama_noda,0,0,0,1,0,0,0,0,0,0,0,0,0,0,0,2,0,0,0,0,1,0,0,0,0,0,0,0,4,0,0,0,0,0,0,0,0,0,0,0,2,0,0,0,0,0,0,0,0,0,0,0,0,0,0,0,0,1,0,0,0,0,0,0,0,0,0,1,0,1,3,0,1,18
41,yachiyo_sakura_narita_shiroi_etc,8,24,24,63,32,30,33,33,13,0,9,13,25,18,15,6,8,9,4,6,7,2,2,1,8,14,19,7,15,14,1,2,11,5,6,1,1,6,21,20,4,14,3,62,1,4,4,4,0,3,0,6,0,120,6,4,0,0,6,6,62,0,1,6,0,0,68,4,2,1,33,0,2,963
42,ichihara_city,0,0,0,0,0,0,0,0,0,0,55,0,0,0,0,0,0,0,0,0,0,0,0,0,0,0,0,0,0,0,0,0,2,0,0,0,0,0,0,0,0,0,3,3,0,30,0,0,2,0,2,0,0,0,0,0,0,0,0,0,0,0,0,100,0,0,0,0,0,0,95,0,0,293
43,kisarazu_sodegaura_kimitsu_futtsu,0,0,0,0,0,0,0,0,0,0,0,0,0,0,0,0,0,0,0,0,0,0,0,0,0,0,0,0,0,0,0,0,0,0,0,0,0,0,0,0,0,0,163,63,6,0,0,0,0,0,0,0,0,0,0,0,0,0,0,0,0,0,0,0,0,0,3,1,0,1,8,0,1,246
44,katsuura_otaki_tateyama_kamogawa_etc,0,0,0,0,0,0,0,0,0,0,3,0,0,0,0,0,0,0,0,0,0,0,0,0,0,0,0,0,0,0,0,0,0,0,0,0,0,0,0,0,0,0,0,0,2,0,0,0,10,0,0,0,0,0,0,0,0,0,0,0,0,0,0,0,0,0,2,0,0,0,8,0,0,30
45,choshi_asahi_sosa_katori_etc,0,0,0,0,0,0,1,0,0,0,0,0,0,0,0,0,0,0,0,1,0,0,0,0,0,0,0,0,0,2,0,0,0,1,0,0,0,0,0,0,0,7,0,0,0,3,0,0,0,0,0,0,0,1,0,0,0,0,0,1,0,0,0,0,0,0,4,0,0,0,0,0,0,22
46,togane_mobara_sanmu_oamishirasato_etc,0,0,1,0,0,2,0,0,0,0,0,0,0,0,0,0,0,0,0,0,0,0,0,0,0,0,0,0,0,0,0,0,0,0,0,0,0,0,0,0,0,0,0,0,0,0,0,0,0,0,0,0,0,0,0,0,0,0,0,0,0,0,0,0,0,0,1,1,2,0,1,0,2,14
47,tsuchiura_ishioka_omitama_kasumigaura_etc,0,0,0,0,0,1,0,0,0,0,0,0,53,0,0,0,0,0,0,0,0,0,0,0,0,0,25,34,49,183,0,0,0,34,15,0,0,31,8,0,0,35,1,0,0,0,0,32,0,0,0,0,0,0,0,0,15,0,32,0,0,0,27,0,0,0,134,0,12,7,5,0,0,732
48,koga_shimotsuma_yachiyo_goka_etc,0,0,0,1,0,0,0,0,0,0,0,0,0,0,0,0,0,0,0,0,0,0,0,0,12,0,0,2,0,0,0,0,0,1,0,0,0,29,0,0,0,0,0,0,0,0,0,0,9,0,15,0,0,0,0,18,0,0,0,0,0,0,0,0,0,0,2,0,0,2,0,0,0,91
49,tsukuba_city,0,0,0,0,0,0,0,0,0,0,0,0,0,0,0,0,0,0,0,0,0,0,0,0,0,0,0,0,0,0,0,0,0,0,0,0,0,0,0,0,0,0,0,0,0,0,0,0,0,0,0,0,0,0,0,0,0,0,0,0,0,0,0,0,0,0,0,0,0,0,0,0,0,0
50,joso_bando,0,0,0,20,77,70,133,50,50,0,0,0,0,0,0,0,0,0,0,0,0,5,0,0,0,0,0,0,0,0,0,0,0,0,0,0,0,0,62,28,3,3,0,0,0,0,0,2,9,4,3,0,0,0,0,3,0,0,0,2,0,0,3,0,0,0,0,0,0,0,3,102,0,634
51,ryugasaki_toride_ushiku_moriya_etc,0,0,0,0,0,0,0,0,0,0,0,0,0,0,0,0,0,0,0,0,0,0,0,0,0,0,0,0,0,0,0,0,0,0,0,0,0,0,0,0,0,0,0,0,0,0,0,0,0,0,0,213,0,0,0,0,0,0,0,0,0,0,0,0,0,0,0,0,0,0,0,0,0,213
52,inashiki_miho_kawachi,0,0,0,0,0,0,0,0,0,0,0,0,0,0,0,0,0,0,0,0,0,0,0,0,0,0,0,0,0,0,0,0,0,3,0,0,0,0,0,0,0,0,0,0,0,0,0,0,3,0,0,5,0,0,0,0,0,0,0,0,0,0,0,0,0,0,0,0,0,0,0,0,29,40
53,kashima_kamisu_namegata_itako,0,0,0,0,0,0,0,0,0,0,0,0,0,0,0,0,0,0,0,0,0,0,0,0,0,0,0,0,0,0,0,0,0,0,0,0,0,0,0,0,0,0,0,0,0,0,0,0,0,0,0,0,0,0,0,0,0,0,0,0,0,0,0,0,0,0,0,0,0,0,0,0,0,0
54,mito_hitachi_kasama_hitachinaka_etc,0,0,0,53,0,0,0,0,0,0,7,0,0,0,0,0,0,0,0,0,1,0,0,0,0,0,0,0,1,0,0,0,0,0,0,0,0,0,0,0,0,0,0,0,0,0,0,13,0,0,0,11,0,0,30,0,0,2,0,0,0,0,0,0,0,0,2,0,0,0,10,0,0,133
55,yuki_chikusei_sakuragawa,0,0,0,0,0,1,0,0,0,0,0,0,0,0,0,0,0,0,0,0,0,0,0,0,0,0,0,0,0,0,0,0,0,0,0,0,0,0,0,0,0,0,0,0,0,0,0,0,0,85,0,0,0,0,1,0,0,0,14,1,0,0,0,0,0,0,0,0,0,0,1,0,0,104
56,maebashi_takasaki_isesaki_shibukawa_etc,0,0,3,0,0,0,3,0,0,0,0,0,0,6,0,0,0,0,0,0,0,2,0,0,0,3,1,1,0,7,0,0,0,0,0,265,0,0,0,0,0,0,0,0,0,0,0,0,0,0,0,0,0,0,1,0,463,226,0,0,0,0,0,3,0,0,2,6,0,34,26,0,153,1205
57,kiryu_ota_tatebayashi_midori_etc,0,0,0,0,0,0,1,0,0,0,1,1,0,0,1,0,0,0,0,0,0,0,0,0,0,0,0,0,0,1,0,2,0,0,6,0,0,0,2,0,0,0,2,0,0,0,0,0,0,0,0,0,0,0,0,0,0,2,1,5,1,0,0,0,0,0,0,2,1,0,23,0,225,279
58,utsunomiya_kanuma_moka_kaminokawa_etc,0,0,0,7,0,0,0,0,0,0,0,0,0,0,0,0,0,0,0,0,0,0,0,73,0,0,0,0,0,0,0,0,0,27,0,0,0,0,27,0,0,0,0,0,0,0,0,0,0,0,0,0,0,0,0,0,0,0,13,0,0,0,0,0,0,0,0,0,0,54,1,0,157,361
59,tochigi_oyama_shimotsuke_nogi_etc,0,0,0,0,0,0,0,0,0,0,0,0,0,0,0,0,0,0,0,0,0,0,0,0,0,0,0,0,0,1,0,0,0,0,0,0,0,0,0,0,0,0,0,0,0,0,0,0,0,0,0,0,0,0,0,0,0,0,114,100,3,0,0,0,0,0,172,0,1,0,2,0,304,699
60,ashikaga_sano,1,0,0,1,0,0,1,0,0,0,0,0,1,0,0,0,0,1,0,0,0,0,0,0,0,0,4,0,0,4,0,0,0,4,0,0,0,1,0,0,0,0,0,0,0,0,0,0,4,0,0,0,0,0,0,0,2,2,0,0,7,0,0,0,0,0,4,0,1,0,4,0,0,40
61,tokyo_islands,0,0,0,0,0,0,0,0,0,0,0,0,0,0,0,0,0,0,0,0,0,0,0,0,0,0,0,0,0,0,0,0,0,0,0,0,0,0,0,0,0,0,0,0,0,0,0,0,0,0,0,0,0,0,0,0,0,0,0,0,0,0,0,0,0,0,0,0,0,0,0,0,0,0
62,ibaraki_north,0,0,0,0,0,0,0,0,0,0,0,0,0,0,0,0,0,0,0,0,0,0,0,0,0,0,0,0,0,0,0,0,0,0,0,0,0,0,0,0,0,0,0,1,0,0,0,0,0,0,0,0,0,0,0,0,0,0,0,0,0,0,0,0,0,0,0,0,0,0,0,0,0,1
63,tochigi_north,0,0,0,0,0,0,0,0,0,0,0,0,0,0,0,0,0,0,0,0,48,0,0,0,0,0,0,17,0,0,0,0,0,0,0,0,0,0,0,0,0,0,0,0,0,0,0,0,0,0,0,0,0,0,0,0,0,0,0,0,0,0,0,0,0,0,0,0,0,0,0,0,0,65
64,gunma_north,0,0,0,0,0,0,0,0,0,0,0,0,0,0,0,0,0,0,0,0,0,0,0,0,0,0,0,0,0,0,0,0,0,0,0,0,0,0,0,0,0,0,0,0,0,0,0,0,0,0,0,0,0,0,0,0,0,0,0,0,0,0,0,0,0,0,0,0,0,0,0,0,0,0
65,gunma_other_ueno_kanna_nanmoku,0,0,0,0,0,0,0,0,0,0,0,0,0,0,0,0,0,0,0,0,0,0,0,0,0,0,0,0,0,0,0,0,0,0,0,0,0,0,0,0,0,0,0,0,0,0,0,0,0,0,0,0,0,0,0,0,0,0,0,0,0,0,0,0,0,0,0,0,0,0,0,0,0,0
66,hokkaido_tohoku,0,0,0,4,0,1,0,0,0,1,0,0,0,0,0,0,0,0,0,0,8,0,0,0,0,0,0,0,5,1,0,0,0,12,16,0,0,0,0,7,4,0,9,0,0,0,1,28,0,0,0,0,0,0,14,0,1,6,13,0,0,0,0,0,0,0,0,0,0,0,0,0,0,131
67,hokuriku,0,0,0,1,0,0,0,0,0,0,0,0,0,0,0,0,0,0,0,0,0,0,0,0,0,0,0,0,3,0,0,0,35,0,0,0,0,0,0,0,0,0,0,0,0,0,0,0,0,0,0,0,0,0,6,0,0,18,0,0,0,0,0,0,0,0,0,0,0,0,0,0,0,63
68,yamanashi_nagano,0,0,0,0,0,0,0,0,0,0,0,0,0,0,0,0,0,0,0,0,0,1,0,0,0,1,0,0,0,1,0,0,0,0,0,0,0,0,1,0,0,0,0,0,0,0,1,0,38,0,0,0,0,0,0,0,0,9,0,0,0,0,0,0,0,0,0,0,0,0,0,0,0,52
69,shizuoka,0,61,0,0,21,0,27,2,10,0,0,0,0,0,0,8,0,0,0,0,0,0,22,0,0,34,0,0,0,244,0,0,128,0,0,0,0,0,0,4,1,0,0,0,0,1,0,0,23,0,0,0,0,0,0,0,0,5,13,0,0,0,0,0,0,0,0,0,0,0,0,0,0,605
70,chubu_west,0,0,0,19,12,2,3,1,2,0,0,0,0,4,0,0,0,0,0,0,12,2,0,0,12,90,10,7,2,11,0,0,419,41,1,13,0,0,1,3,6,0,7,2,0,0,1,1,1096,0,2,34,2,0,0,1,2,9,27,0,0,0,0,0,0,0,0,0,0,0,0,0,0,1857
71,overseas,0,3,0,9,0,0,0,0,0,0,305,0,0,0,0,0,0,1,0,100,2,0,0,0,0,2,0,1,0,3,0,0,0,0,40,0,21,0,1,1,2,1,0,0,0,0,28,0,1,0,173,0,0,1,0,0,1,0,0,0,0,0,0,0,0,0,0,0,0,0,0,0,0,695
999,unknown,0,0,0,0,0,0,0,0,0,0,0,0,0,0,0,0,0,0,0,0,0,0,0,0,0,0,0,0,0,0,0,0,0,0,0,0,0,0,0,0,0,0,0,0,0,0,0,0,0,0,0,0,0,0,0,0,0,0,0,0,0,0,0,0,0,0,0,0,0,0,0,0,0,0
○forestry_products,,,,,,,,,,,,,,,,,,,,,,,,,,,,,,,,,,,,,,,,,,,,,,,,,,,,,,,,,,,,,,,,,,,,,,,,,,,(unit: ton/day)
large_zone,region,tokyo_chiyoda_chuo_minato,tokyo_meguro_shinagawa_ota,tokyo_toshima_bunkyo_shinjuku_shibuya,tokyo_arakawa_taito_sumida_koto,tokyo_nakano_suginami_setagaya,tokyo_nerima_itabashi_kita,tokyo_adachi_katsushika_edogawa,chofu_nishitokyo_fuchu_musashino_etc,machida_tama_hachioji_inagi_etc,mizuho_fussa_hamura_akiruno_etc,yokohama_nishi_naka,yokohama_isogo_minami_kanazawa_konan,yokohama_hodogaya_totsuka_sakae_izumi_etc,yokohama_kohoku_tsuzuki_midori_aoba,yokohama_tsurumi_kanagawa,kawasaki_kawasaki_saiwai_nakahara,kawasaki_takatsu_miyamae_tama_asao,sagamihara_city,yokosuka_miura,kamakura_zushi_hayama,fujisawa_chigasaki_samukawa,hiratsuka_oiso_ninomiya,odawara_manazuru_yugawara_hakone,minami_ashigara_nakai_oi_matsuda_etc,atsugi_hadano_kiyokawa_isehara_etc,zama_yamato_ebina_ayase,saitama_city,kawaguchi_warabi_toda,asaka_wako_niiza_tokorozawa_etc,soka_kasukabe_misato_koshigaya_etc,hanno_hidaka_moroyama_ogose_etc,tsurugashima_sakado_kawajima_higashimatsuyama_etc,ageo_konosu_okegawa_kitamoto_etc,kuki_kazo_hanyu_gyoda_etc,kumagaya_fukaya_ogawa_yorii_etc,honjo_kamikawa_kamisato,chichibu_yokoze_minano_nagatoro_etc,chiba_city,ichikawa_urayasu_narashino_funabashi,matsudo_kamagaya_kashiwa_abiko,nagareyama_noda,yachiyo_sakura_narita_shiroi_etc,ichihara_city,kisarazu_sodegaura_kimitsu_futtsu,katsuura_otaki_tateyama_kamogawa_etc,choshi_asahi_sosa_katori_etc,togane_mobara_sanmu_oamishirasato_etc,tsuchiura_ishioka_omitama_kasumigaura_etc,koga_shimotsuma_yachiyo_goka_etc,tsukuba_city,joso_bando,ryugasaki_toride_ushiku_moriya_etc,inashiki_miho_kawachi,kashima_kamisu_namegata_itako,mito_hitachi_kasama_hitachinaka_etc,yuki_chikusei_sakuragawa,maebashi_takasaki_isesaki_shibukawa_etc,kiryu_ota_tatebayashi_midori_etc,utsunomiya_kanuma_moka_kaminokawa_etc,tochigi_oyama_shimotsuke_nogi_etc,ashikaga_sano,tokyo_islands,ibaraki_north,tochigi_north,gunma_north,gunma_other_ueno_kanna_nanmoku,hokkaido_tohoku,hokuriku,yamanashi_nagano,shizuoka,chubu_west,overseas,unknown,all_regions
0,tokyo_chiyoda_chuo_minato,0,0,0,0,0,0,0,0,0,0,0,0,0,0,0,0,0,0,0,0,0,0,0,0,0,0,0,0,0,0,0,0,0,0,0,0,0,0,0,0,0,0,0,0,0,0,0,0,0,0,0,0,0,0,0,0,0,0,0,0,0,0,0,0,0,0,0,0,0,0,0,0,0,0
1,tokyo_meguro_shinagawa_ota,3,60,3,10,13,1,3,0,9,0,9,0,0,8,0,0,3,0,0,0,0,0,0,0,0,0,1,1,0,0,0,0,0,0,0,0,0,0,27,0,0,0,0,0,0,0,0,0,0,0,0,0,0,0,0,0,0,0,0,0,0,0,0,0,0,0,0,0,0,0,0,0,0,149
2,tokyo_toshima_bunkyo_shinjuku_shibuya,0,0,0,0,0,0,0,0,0,0,0,0,0,0,0,0,0,0,0,0,0,0,0,0,0,0,0,0,0,0,0,0,0,0,0,0,0,0,0,0,0,0,0,0,0,0,0,0,0,0,0,0,0,0,0,0,0,0,0,0,0,0,0,0,0,0,0,0,0,0,0,0,0,0
3,tokyo_arakawa_taito_sumida_koto,9,11,42,187,1,10,48,39,8,0,13,10,0,0,10,3,0,6,2,0,0,0,0,0,0,0,2,24,20,38,14,0,0,0,4,0,0,15,50,14,2,16,0,0,0,0,2,0,6,0,0,0,0,0,0,0,0,0,0,0,0,3,0,0,0,0,117,23,0,0,0,0,4,754
4,tokyo_nakano_suginami_setagaya,0,0,0,0,0,0,0,0,0,0,0,0,0,0,0,0,0,0,0,0,0,0,0,0,0,0,0,0,0,0,0,0,0,0,0,0,0,0,0,0,0,0,0,0,0,0,0,0,0,0,0,0,0,0,0,0,0,0,0,0,0,0,0,0,0,0,0,0,0,0,0,0,0,0
5,tokyo_nerima_itabashi_kita,0,0,0,0,6,1,0,0,0,0,0,0,0,0,0,0,0,0,0,0,0,0,0,0,0,0,0,0,0,0,0,0,0,0,0,0,0,0,0,0,0,0,0,0,0,0,0,0,0,0,0,0,0,0,0,0,0,0,0,0,0,0,0,0,0,0,0,0,0,0,0,0,0,7
6,tokyo_adachi_katsushika_edogawa,5,0,1,5,0,0,255,0,0,0,3,0,0,0,0,0,0,0,0,0,0,17,0,0,0,0,2,0,0,357,0,0,0,0,0,0,0,2,0,0,0,0,0,0,0,0,0,0,0,0,0,0,0,0,0,0,0,0,0,0,0,0,0,0,0,0,0,0,0,0,2,0,0,648
7,chofu_nishitokyo_fuchu_musashino_etc,15,15,14,0,33,6,0,77,9,6,0,0,0,3,0,7,0,0,0,0,3,0,0,0,0,18,0,0,24,27,0,0,0,0,0,0,0,0,13,0,0,0,0,0,0,0,0,0,0,0,0,0,0,0,0,0,0,0,0,0,0,0,0,0,0,0,0,0,0,0,0,0,349,618
8,machida_tama_hachioji_inagi_etc,0,0,1,0,0,0,0,2,16,26,0,0,2,1,0,0,1,12,0,0,0,0,0,0,4,0,11,0,1,0,12,0,0,0,0,0,0,0,0,0,0,0,0,0,0,0,0,0,0,0,0,0,0,0,0,0,0,0,0,0,0,0,0,0,0,0,0,0,40,0,0,0,157,285
9,mizuho_fussa_hamura_akiruno_etc,1,0,0,0,0,0,0,1305,325,1604,0,0,0,1,0,0,0,0,0,0,0,0,0,0,0,0,0,0,26,0,5,0,0,0,0,0,0,0,1,0,0,0,0,0,0,0,0,0,0,0,0,0,0,0,0,0,0,0,0,0,0,0,0,0,0,0,0,0,0,0,0,0,141,3411
10,yokohama_nishi_naka,0,0,0,0,0,0,0,0,0,0,104,45,2,24,14,0,0,34,8,0,17,0,0,0,0,25,0,0,0,0,0,0,0,0,0,0,0,0,0,0,0,0,0,0,4,0,0,0,0,0,0,0,0,0,0,0,0,0,0,0,0,0,0,0,0,0,0,0,0,0,0,0,0,276
11,yokohama_isogo_minami_kanazawa_konan,0,0,0,3,1,0,0,0,0,0,0,16,4,7,1,2,1,0,8,3,7,0,0,0,0,0,0,0,0,0,0,0,0,0,0,0,0,0,0,0,0,0,0,0,0,0,0,0,0,0,0,0,0,0,0,0,0,0,0,0,0,0,0,0,0,0,0,0,0,0,0,0,0,53
12,yokohama_hodogaya_totsuka_sakae_izumi_etc,0,0,0,0,0,0,0,0,4,0,5,4,47,13,21,0,0,12,0,3,10,4,5,2,23,11,0,0,0,0,0,0,0,0,0,0,0,0,0,0,0,0,0,0,0,0,0,0,0,0,0,0,0,0,0,0,0,0,0,0,0,0,0,0,0,0,0,0,0,0,0,0,2,165
13,yokohama_kohoku_tsuzuki_midori_aoba,0,0,0,3,0,0,0,0,3,0,0,0,6,0,0,3,0,0,0,0,0,0,0,0,0,0,0,0,0,0,0,0,0,0,0,0,0,0,0,0,0,0,0,0,0,0,0,0,0,0,0,0,0,0,0,0,0,0,0,0,0,0,0,0,0,0,0,0,0,0,0,0,0,17
14,yokohama_tsurumi_kanagawa,0,15,0,0,0,0,0,0,0,0,10,15,30,46,30,20,5,10,0,0,0,0,0,0,0,0,0,0,0,0,0,0,0,0,0,0,0,0,0,0,0,0,0,0,0,0,0,0,0,0,0,0,0,0,0,0,0,0,0,0,0,0,0,0,0,0,0,0,0,0,0,0,0,184
15,kawasaki_kawasaki_saiwai_nakahara,0,2,0,0,3,0,0,44,0,0,0,87,0,1,0,1,14,0,0,0,0,0,0,0,0,0,0,0,0,0,0,0,0,0,0,0,0,0,0,0,0,0,0,0,0,0,0,0,0,0,0,0,0,0,0,0,0,0,0,0,0,0,0,0,0,0,0,0,0,0,0,0,75,227
16,kawasaki_takatsu_miyamae_tama_asao,0,0,0,0,0,0,0,0,0,0,0,0,0,0,0,0,1,1,0,0,0,0,0,0,0,0,0,0,0,0,0,0,0,0,0,0,0,0,0,0,0,0,0,0,0,0,0,0,0,0,0,0,0,0,0,0,0,0,0,0,0,0,0,0,0,0,0,0,0,0,0,0,0,2
17,sagamihara_city,6,13,0,0,22,6,0,0,14,0,6,13,13,10,13,0,0,40,6,6,19,0,0,6,9,6,0,0,0,0,0,0,0,1,0,0,0,0,1,0,0,1,0,0,0,0,0,0,0,1,0,0,0,0,1,0,0,0,0,0,0,0,487,0,0,0,36,0,0,314,2,0,5,1061
18,yokosuka_miura,0,0,0,0,0,0,0,0,0,0,0,0,0,3,0,0,0,0,25,0,0,0,0,0,0,0,0,0,0,0,0,0,0,0,0,0,0,0,0,0,0,0,0,0,0,0,0,0,0,0,0,0,0,0,0,0,0,0,0,0,0,0,0,0,0,0,0,0,0,0,0,0,0,28
19,kamakura_zushi_hayama,0,0,0,0,0,0,0,0,0,0,0,0,0,0,0,0,0,0,0,15,0,0,0,0,0,0,0,0,0,0,0,0,0,0,0,0,0,0,0,0,0,0,0,0,0,0,0,0,0,0,0,0,0,0,0,0,0,0,0,0,0,0,0,0,0,0,0,0,0,0,0,0,0,15
20,fujisawa_chigasaki_samukawa,0,1,0,0,2,1,0,0,0,0,27,71,161,17,2,0,0,6,12,13,161,105,22,0,90,51,0,0,0,0,0,0,0,0,0,0,0,0,0,0,0,0,0,0,0,0,0,0,0,0,0,0,0,0,8,0,0,0,0,0,0,0,0,0,0,0,0,19,0,12,1,0,80,863
21,hiratsuka_oiso_ninomiya,0,0,0,0,0,0,0,0,0,0,0,5,2,3,1,0,0,4,0,0,8,15,2,0,5,0,0,0,0,0,0,0,0,0,0,0,0,0,0,0,0,0,0,0,0,0,0,0,0,0,0,0,0,0,0,0,0,0,0,0,0,0,0,0,0,0,0,0,0,13,0,0,0,59
22,odawara_manazuru_yugawara_hakone,0,0,0,0,0,0,0,0,0,0,0,0,0,0,0,0,0,0,0,0,0,0,47,24,0,0,0,0,0,0,0,0,0,0,0,0,0,0,0,0,0,0,0,0,0,0,0,0,0,0,0,0,0,0,0,0,0,0,0,0,0,0,0,0,0,0,0,0,0,0,0,0,0,71
23,minami_ashigara_nakai_oi_matsuda_etc,0,0,0,0,0,0,0,0,2,0,0,0,0,0,0,0,0,0,0,0,3,3,8,5,7,0,0,0,0,20,0,0,0,0,0,0,0,0,1,0,0,27,0,0,0,0,0,0,0,0,0,0,0,0,0,0,0,0,0,0,0,0,0,0,0,0,0,0,0,14,0,0,14,103
24,atsugi_hadano_kiyokawa_isehara_etc,0,0,0,0,0,0,0,0,0,0,0,0,35,0,11,0,0,0,11,4,0,0,0,0,0,4,0,0,0,0,0,0,0,0,0,0,0,0,0,0,0,0,0,0,0,0,0,0,0,0,0,0,0,0,0,0,0,0,0,0,0,0,0,0,0,0,0,0,0,0,0,0,0,64
25,zama_yamato_ebina_ayase,0,0,0,0,0,0,0,0,0,0,0,12,30,0,0,0,0,0,0,0,4,0,0,0,0,12,0,0,0,0,0,0,0,0,0,0,0,0,0,0,0,0,0,0,0,0,0,0,0,0,0,0,0,0,0,0,0,0,0,0,0,0,0,0,0,0,0,0,0,0,0,0,18,75
26,saitama_city,0,0,0,0,0,513,0,0,0,0,0,0,0,0,0,0,0,0,0,0,0,0,0,0,0,0,8436,883,7,0,0,0,1414,1608,0,0,0,0,0,0,0,0,0,0,0,0,0,0,0,0,0,0,0,0,0,0,0,0,0,0,0,0,0,92,0,0,0,0,0,0,0,0,1412,14366
27,kawaguchi_warabi_toda,0,0,0,5,0,0,0,0,0,0,0,0,0,0,0,0,0,0,0,13,0,0,0,0,0,0,12,6,0,0,0,0,0,0,0,0,0,0,6,0,0,0,6,0,0,0,0,0,0,0,0,0,0,0,0,0,12,0,6,0,0,0,0,0,0,0,0,0,0,0,0,0,271,339
28,asaka_wako_niiza_tokorozawa_etc,3,30,13,21,31,84,8,49,44,3,10,23,28,30,0,0,0,0,20,0,0,0,0,0,0,10,21,1,219,14,13,54,3,1,3,0,0,28,0,12,0,0,0,0,0,0,0,0,0,0,0,1,0,0,0,0,9,1,5,9,0,0,0,0,0,0,0,0,24,1,5,0,3,835
29,soka_kasukabe_misato_koshigaya_etc,0,22,5,0,3,3,59,0,0,0,0,0,0,26,0,0,0,0,0,0,0,0,0,0,0,0,11,5,0,152,0,0,3,5,0,0,0,0,2,23,0,0,0,0,0,0,0,0,0,0,2,0,0,0,0,5,0,0,0,0,0,0,0,13,0,0,55,0,0,0,11,0,112,519
30,hanno_hidaka_moroyama_ogose_etc,0,1,0,0,3,3,0,2,3,5,0,0,6,4,0,0,5,0,0,0,0,0,0,0,0,0,3,1,0,0,29,0,0,0,3,0,0,0,0,1,0,0,0,0,0,0,0,0,0,0,0,0,0,0,0,0,0,0,0,0,0,0,0,0,0,0,0,1,0,0,0,0,0,71
31,tsurugashima_sakado_kawajima_higashimatsuyama_etc,0,0,0,0,3,0,1,1,1,35,0,0,0,0,0,0,0,0,0,0,0,0,0,0,0,0,0,12,26,35,0,18,3,0,0,12,0,0,0,0,0,0,0,0,0,0,0,0,0,1,0,0,0,0,0,0,0,0,0,0,0,0,0,0,0,0,7,0,0,0,1,0,0,158
32,ageo_konosu_okegawa_kitamoto_etc,0,0,0,0,0,0,0,0,0,0,0,0,0,0,0,0,0,0,0,0,0,0,0,0,0,0,1,5,5,0,0,0,6,0,0,0,0,0,0,0,0,0,0,0,0,0,0,0,0,0,0,0,0,0,0,0,0,10,0,0,0,0,0,0,0,0,0,0,0,0,0,0,70,97
33,kuki_kazo_hanyu_gyoda_etc,0,0,0,1,0,0,2,0,0,0,0,0,0,0,0,0,0,0,0,0,0,0,0,0,0,0,33,15,6,3,46,0,18,97,0,0,0,0,0,0,0,0,0,0,0,0,0,0,0,0,0,6,0,0,0,0,0,2,0,6,88,0,87,0,0,0,698,111,91,80,46,0,1215,2653
34,kumagaya_fukaya_ogawa_yorii_etc,20,0,0,0,0,0,0,0,0,0,0,0,0,0,0,0,0,0,0,0,0,0,0,0,0,0,7,0,0,3,13,0,31,0,41,0,61,0,0,14,0,0,0,0,0,0,0,0,0,0,0,0,0,0,0,0,112,0,0,0,0,0,0,0,0,0,0,0,0,0,0,0,2,304
35,honjo_kamikawa_kamisato,0,0,0,0,0,0,0,0,0,0,0,0,0,0,0,0,0,0,0,0,0,0,0,0,0,0,0,0,0,0,0,0,0,0,0,0,0,0,0,0,0,0,0,0,0,0,0,0,0,0,0,0,0,0,0,0,0,0,0,0,0,0,0,0,0,0,0,0,0,0,0,0,0,0
36,chichibu_yokoze_minano_nagatoro_etc,0,0,0,0,0,0,0,0,0,0,0,0,0,0,0,0,0,0,0,48,0,0,17,0,17,0,0,0,29,0,14,0,0,16,97,23,0,0,0,0,0,0,0,15,0,0,0,0,0,0,0,0,0,34,17,0,13,37,0,0,0,0,0,0,0,0,0,101,17,208,168,0,0,871
37,chiba_city,0,23,0,10,46,25,0,31,0,0,0,0,15,15,0,0,0,0,0,0,0,0,0,0,0,0,23,0,0,0,0,0,0,0,0,0,0,68,8,0,0,18,14,193,14,0,0,0,0,0,0,0,0,0,0,0,0,0,0,0,0,0,0,0,0,0,0,0,0,0,0,0,0,506
38,ichikawa_urayasu_narashino_funabashi,0,0,0,0,0,0,0,0,0,0,0,0,0,0,0,0,0,0,0,0,0,0,0,0,0,0,0,0,0,0,0,0,0,0,0,0,0,0,1,0,0,0,0,0,0,1,1,0,0,0,0,0,0,0,0,0,0,0,0,0,0,0,0,0,0,0,0,0,3,0,0,0,0,5
39,matsudo_kamagaya_kashiwa_abiko,7,0,3,0,5,0,0,0,0,0,0,0,0,0,10,0,0,0,0,0,0,0,0,0,0,0,36,0,0,0,0,0,0,0,0,0,0,0,0,16,0,0,0,0,0,0,0,0,0,0,0,0,0,0,21,4,0,0,4,0,0,0,36,0,0,0,93,0,0,0,3,0,0,238
40,nagareyama_noda,0,0,0,0,1,0,0,6,0,0,0,0,0,0,0,0,0,0,0,0,0,0,0,0,0,0,0,0,0,0,0,0,1,0,0,0,0,5,0,0,12,6,0,0,0,0,0,0,0,0,0,1,0,0,0,0,0,1,0,0,0,0,0,1,0,0,4,5,1,0,0,0,0,46
41,yachiyo_sakura_narita_shiroi_etc,0,0,0,45,0,7,8,10,0,0,6,32,0,0,0,25,0,0,0,0,0,0,10,0,0,0,29,0,11,29,0,0,0,0,0,0,0,65,19,2,6,12,4,4,4,15,12,0,0,0,0,0,4,8,0,0,0,0,0,0,0,0,23,0,0,0,0,0,10,0,0,0,314,713
42,ichihara_city,0,0,0,0,0,0,0,0,0,0,0,0,0,0,0,0,0,0,0,0,0,0,0,0,0,0,0,0,0,0,0,0,0,0,0,0,0,13,8,0,0,0,2,210,0,0,0,0,0,0,0,0,0,0,0,0,0,0,0,0,36,0,0,0,0,0,0,0,0,0,0,0,0,269
43,kisarazu_sodegaura_kimitsu_futtsu,0,0,0,13,0,0,27,0,0,0,0,0,0,0,0,0,0,0,0,0,0,0,0,0,0,0,2,0,0,0,1,0,0,0,1,0,0,3,0,0,0,9,0,112,10,0,0,0,1,0,0,0,0,4,0,0,3,1,4,0,0,0,0,0,0,0,0,0,0,0,0,0,0,192
44,katsuura_otaki_tateyama_kamogawa_etc,0,0,0,0,0,0,0,0,0,0,0,0,0,0,0,0,0,0,0,0,0,0,0,0,0,0,0,0,0,0,0,0,0,0,0,0,0,11,0,0,0,0,11,0,32,0,0,0,0,0,0,0,0,0,0,0,0,0,0,0,0,0,0,0,0,0,0,0,0,0,0,0,11,64
45,choshi_asahi_sosa_katori_etc,0,0,0,0,0,0,0,0,0,0,0,0,0,0,0,0,0,0,0,0,0,0,0,0,0,0,0,0,0,0,0,0,0,0,0,0,0,0,0,0,0,0,0,0,0,37,0,0,0,0,0,0,0,0,0,0,0,0,0,0,0,0,0,0,0,0,0,0,0,0,0,0,0,38
46,togane_mobara_sanmu_oamishirasato_etc,0,0,3,5,2,0,0,0,0,0,0,0,0,0,0,0,0,0,0,0,0,0,0,0,0,0,0,0,0,0,0,0,0,0,0,0,0,1,0,0,0,94,0,2,0,0,25,0,0,0,0,0,0,0,0,0,0,0,0,0,0,0,0,0,0,0,0,0,0,0,0,0,5,136
47,tsuchiura_ishioka_omitama_kasumigaura_etc,0,0,0,0,0,20,17,0,0,0,0,10,0,0,0,0,0,7,0,0,0,0,0,0,0,0,23,0,0,2,17,0,0,0,0,0,0,0,0,10,10,20,3,21,0,0,0,165,0,53,43,15,28,82,52,3,0,0,10,0,0,0,2,0,0,0,0,0,0,0,2,0,23,637
48,koga_shimotsuma_yachiyo_goka_etc,0,0,0,2,0,0,0,0,0,0,0,0,0,0,0,0,0,0,0,0,0,0,0,0,0,0,0,0,0,0,0,0,0,0,0,0,0,0,0,0,0,0,0,0,0,0,0,0,9,5,40,0,0,0,0,10,0,0,0,94,0,0,0,0,0,0,0,0,0,0,0,0,0,160
49,tsukuba_city,0,0,0,80,15,0,0,0,48,0,0,0,0,40,0,0,0,0,0,0,0,0,0,3,0,0,0,0,39,277,0,0,0,55,0,38,0,0,0,0,0,40,0,52,0,0,0,77,63,393,44,14,0,0,0,13,36,0,15,51,0,0,0,0,40,0,0,0,81,121,59,0,0,1693
50,joso_bando,0,0,0,0,0,0,0,0,0,0,0,0,0,0,0,0,0,0,0,0,0,0,0,0,0,0,0,0,0,0,0,0,0,0,0,0,0,0,0,0,0,0,0,0,0,0,0,0,141,0,0,0,0,0,0,0,0,0,0,0,0,0,0,0,0,0,0,0,0,0,0,0,0,141
51,ryugasaki_toride_ushiku_moriya_etc,3,0,0,0,0,0,1,0,0,0,0,0,0,0,0,0,0,0,0,0,0,0,0,0,0,0,0,0,0,3,0,0,0,0,0,0,0,15,0,0,3,9,0,0,0,0,0,3,0,40,0,26,3,0,0,0,0,0,0,0,0,0,0,0,1,0,0,0,0,0,2,0,36,144
52,inashiki_miho_kawachi,0,0,0,0,0,0,0,0,0,0,0,0,0,0,0,0,0,0,0,0,0,0,0,0,0,0,0,0,0,0,0,0,0,0,0,0,0,0,0,0,0,3,0,0,0,0,0,0,0,0,0,5,1,0,0,0,0,0,0,0,0,0,0,0,0,0,0,0,0,0,0,0,8,17
53,kashima_kamisu_namegata_itako,6,0,0,0,0,0,0,0,0,0,0,0,0,0,0,0,0,0,0,0,0,0,0,0,0,0,0,0,0,0,0,0,0,0,0,0,0,0,0,0,0,0,0,0,0,0,0,0,0,0,0,0,0,45,0,0,0,0,0,0,0,0,0,0,0,0,19,0,0,0,37,0,171,278
54,mito_hitachi_kasama_hitachinaka_etc,0,0,0,7,0,0,33,0,0,0,0,0,0,0,0,0,0,3,0,0,0,0,0,0,0,0,0,0,0,0,0,0,0,0,0,0,0,33,0,0,0,0,0,0,0,0,0,31,0,0,0,0,0,33,308,17,0,0,0,0,0,0,11,0,0,0,13,0,0,0,0,0,26,514
55,yuki_chikusei_sakuragawa,0,0,0,0,0,0,0,0,0,0,0,0,0,0,0,0,0,0,0,0,0,0,0,0,0,0,10,0,0,0,0,12,0,10,0,0,0,0,12,0,0,0,0,0,0,0,0,0,0,0,0,0,0,0,0,0,0,0,7,0,0,0,0,0,0,0,0,0,0,0,0,0,32,84
56,maebashi_takasaki_isesaki_shibukawa_etc,0,0,0,0,0,0,0,0,0,0,0,0,0,0,0,0,0,0,0,0,0,0,0,0,0,0,0,0,0,0,68,47,0,35,23,24,33,0,0,0,0,0,0,0,0,0,0,0,0,0,49,0,0,0,55,0,575,65,37,0,0,0,51,0,70,4,0,55,53,47,0,0,225,1518
57,kiryu_ota_tatebayashi_midori_etc,1,0,0,0,0,0,0,0,0,0,0,0,0,0,0,0,0,0,0,0,0,0,0,0,0,0,0,0,0,0,0,0,0,3,0,0,0,0,0,0,0,0,0,0,0,0,0,14,0,0,0,0,0,0,0,2,16,68,28,0,8,0,0,0,0,0,0,0,0,0,0,0,2,141
58,utsunomiya_kanuma_moka_kaminokawa_etc,0,0,0,5,0,0,2,8,2,0,0,0,0,0,3,0,0,1,0,0,0,0,0,0,0,0,0,3,1,170,0,0,0,0,0,0,0,0,0,7,0,0,0,0,0,0,0,0,4,0,0,0,0,0,131,130,0,87,148,44,0,0,0,245,0,0,4,1,0,0,39,0,11,1048
59,tochigi_oyama_shimotsuke_nogi_etc,0,0,0,0,0,0,0,0,11,0,0,0,0,0,0,0,0,0,0,0,0,0,0,0,0,0,0,0,0,0,0,0,0,36,0,0,0,0,0,0,0,0,0,0,0,0,0,0,0,0,0,0,0,0,236,0,0,0,117,5,0,0,0,0,0,0,0,0,0,0,0,0,186,592
60,ashikaga_sano,0,0,0,0,0,0,0,0,0,0,0,0,0,0,0,0,0,0,0,0,0,0,0,0,0,0,0,0,0,0,0,0,20,0,2,0,0,0,47,0,0,0,0,0,0,0,0,0,12,0,0,0,0,0,0,0,59,23,62,4,35,0,0,95,0,0,16,59,0,155,117,0,0,703
61,tokyo_islands,0,0,0,0,0,0,0,0,0,0,0,0,0,0,0,0,0,0,0,0,0,0,0,0,0,0,0,0,0,0,0,0,0,0,0,0,0,0,0,0,0,0,0,0,0,0,0,0,0,0,0,0,0,0,0,0,0,0,0,0,0,0,0,0,0,0,0,0,0,0,0,0,0,0
62,ibaraki_north,0,0,0,0,0,0,0,0,0,0,0,0,0,0,0,0,0,0,0,0,0,0,0,0,0,0,0,0,0,0,0,0,0,7,0,0,0,0,0,0,0,0,0,0,0,0,0,0,0,0,0,0,0,0,10,0,0,0,0,0,0,0,0,0,0,0,0,0,0,0,0,0,0,17
63,tochigi_north,0,0,0,0,0,0,0,0,0,0,0,0,0,0,0,0,0,0,0,0,0,0,0,0,0,0,0,0,0,0,0,0,0,0,0,0,0,0,0,0,0,0,0,0,0,0,0,0,0,0,0,0,0,0,0,23,0,0,0,0,98,0,0,0,0,0,0,0,0,0,0,0,0,120
64,gunma_north,0,0,0,0,0,0,0,0,0,0,0,0,0,0,0,0,0,0,0,0,0,0,0,0,0,0,0,0,0,0,0,0,0,0,0,0,0,0,0,0,0,0,0,0,0,0,0,0,0,0,0,0,0,0,0,0,0,10,0,0,39,0,0,0,0,0,0,0,0,0,0,0,0,49
65,gunma_other_ueno_kanna_nanmoku,0,0,0,0,0,0,0,0,0,0,0,0,0,0,0,0,0,0,0,0,0,0,0,0,0,0,0,0,0,0,0,0,0,0,0,0,0,0,0,0,0,0,0,0,0,0,0,0,0,0,0,0,0,0,0,0,0,0,0,0,0,0,0,0,0,0,0,0,0,0,0,0,0,0
66,hokkaido_tohoku,0,11,0,161,0,0,3,104,199,0,89,0,0,0,25,0,0,0,0,0,303,0,0,18,35,0,0,0,33,55,0,0,7,100,0,3,0,106,0,36,0,25,0,35,0,0,132,61,0,0,0,0,0,21,35,0,272,8,7,0,0,0,0,0,0,0,0,0,0,0,0,0,0,1887
67,hokuriku,0,0,0,0,0,0,0,0,71,0,0,0,0,0,5,0,0,0,0,0,84,0,0,0,0,0,0,0,0,0,0,3,0,613,0,0,0,31,0,0,0,36,0,0,0,0,22,2,0,29,0,0,0,0,0,0,0,0,29,0,0,0,0,0,0,0,0,0,0,0,0,0,0,924
68,yamanashi_nagano,0,0,0,14,0,0,0,0,23,2,0,0,0,0,0,0,0,0,0,0,58,0,0,0,0,0,0,0,0,0,0,0,0,3,0,0,0,0,0,0,0,26,0,0,0,0,0,0,0,0,0,0,0,0,0,0,0,0,0,0,0,0,0,0,0,0,0,0,0,0,0,0,0,126
69,shizuoka,0,19,0,68,0,0,0,0,23,0,15,0,0,0,5,0,0,13,0,0,107,0,0,0,36,0,0,0,0,13,0,0,0,0,0,0,0,0,0,0,0,1,0,0,0,0,0,0,0,0,0,77,0,0,0,0,0,0,3,0,44,0,0,0,0,0,0,0,0,0,0,0,0,424
70,chubu_west,0,0,0,33,0,0,2,4,1,8,15,7,6,0,56,2,0,2,0,0,191,0,0,0,35,1,4,0,68,16,0,0,0,1296,7,0,0,0,0,0,15,10,0,0,0,0,0,26,0,15,0,0,31,18,0,0,2,0,39,0,0,0,0,0,0,0,0,0,0,0,0,0,0,1912
71,overseas,65,0,0,86,0,0,0,0,0,2,17,0,0,0,132,0,0,0,0,0,90,0,0,0,0,0,0,0,0,195,0,0,7,0,0,0,0,184,0,0,0,0,0,0,0,0,0,0,0,117,0,0,0,0,0,28,0,0,0,45,0,0,0,0,0,0,0,0,0,0,0,0,0,969
999,unknown,0,0,0,0,0,0,0,0,0,0,0,0,0,0,0,0,0,0,0,0,0,0,0,0,0,0,0,0,0,0,0,0,0,0,0,0,0,0,0,0,0,0,0,0,0,0,0,0,0,0,0,0,0,0,0,0,0,0,0,0,0,0,0,0,0,0,0,0,0,0,0,0,0,0
○mineral_products,,,,,,,,,,,,,,,,,,,,,,,,,,,,,,,,,,,,,,,,,,,,,,,,,,,,,,,,,,,,,,,,,,,,,,,,,,,(unit: ton/day)
large_zone,region,tokyo_chiyoda_chuo_minato,tokyo_meguro_shinagawa_ota,tokyo_toshima_bunkyo_shinjuku_shibuya,tokyo_arakawa_taito_sumida_koto,tokyo_nakano_suginami_setagaya,tokyo_nerima_itabashi_kita,tokyo_adachi_katsushika_edogawa,chofu_nishitokyo_fuchu_musashino_etc,machida_tama_hachioji_inagi_etc,mizuho_fussa_hamura_akiruno_etc,yokohama_nishi_naka,yokohama_isogo_minami_kanazawa_konan,yokohama_hodogaya_totsuka_sakae_izumi_etc,yokohama_kohoku_tsuzuki_midori_aoba,yokohama_tsurumi_kanagawa,kawasaki_kawasaki_saiwai_nakahara,kawasaki_takatsu_miyamae_tama_asao,sagamihara_city,yokosuka_miura,kamakura_zushi_hayama,fujisawa_chigasaki_samukawa,hiratsuka_oiso_ninomiya,odawara_manazuru_yugawara_hakone,minami_ashigara_nakai_oi_matsuda_etc,atsugi_hadano_kiyokawa_isehara_etc,zama_yamato_ebina_ayase,saitama_city,kawaguchi_warabi_toda,asaka_wako_niiza_tokorozawa_etc,soka_kasukabe_misato_koshigaya_etc,hanno_hidaka_moroyama_ogose_etc,tsurugashima_sakado_kawajima_higashimatsuyama_etc,ageo_konosu_okegawa_kitamoto_etc,kuki_kazo_hanyu_gyoda_etc,kumagaya_fukaya_ogawa_yorii_etc,honjo_kamikawa_kamisato,chichibu_yokoze_minano_nagatoro_etc,chiba_city,ichikawa_urayasu_narashino_funabashi,matsudo_kamagaya_kashiwa_abiko,nagareyama_noda,yachiyo_sakura_narita_shiroi_etc,ichihara_city,kisarazu_sodegaura_kimitsu_futtsu,katsuura_otaki_tateyama_kamogawa_etc,choshi_asahi_sosa_katori_etc,togane_mobara_sanmu_oamishirasato_etc,tsuchiura_ishioka_omitama_kasumigaura_etc,koga_shimotsuma_yachiyo_goka_etc,tsukuba_city,joso_bando,ryugasaki_toride_ushiku_moriya_etc,inashiki_miho_kawachi,kashima_kamisu_namegata_itako,mito_hitachi_kasama_hitachinaka_etc,yuki_chikusei_sakuragawa,maebashi_takasaki_isesaki_shibukawa_etc,kiryu_ota_tatebayashi_midori_etc,utsunomiya_kanuma_moka_kaminokawa_etc,tochigi_oyama_shimotsuke_nogi_etc,ashikaga_sano,tokyo_islands,ibaraki_north,tochigi_north,gunma_north,gunma_other_ueno_kanna_nanmoku,hokkaido_tohoku,hokuriku,yamanashi_nagano,shizuoka,chubu_west,overseas,unknown,all_regions
0,tokyo_chiyoda_chuo_minato,162,10,0,0,58,0,0,0,0,0,0,0,0,0,0,0,0,0,0,0,0,0,0,0,0,0,0,6,0,0,0,0,0,0,0,0,0,0,0,0,0,0,0,0,0,0,0,0,0,0,0,0,0,0,0,0,0,0,0,0,0,0,0,0,0,0,0,0,0,27,0,0,27,290
1,tokyo_meguro_shinagawa_ota,0,724,0,0,0,0,323,0,0,0,0,0,0,0,0,0,0,0,0,0,0,0,0,0,0,0,4,0,0,0,0,0,0,0,0,0,0,0,0,0,0,0,0,0,0,0,0,0,0,0,0,0,0,0,0,0,0,0,0,0,0,0,0,0,0,0,0,0,0,45,4888,0,3713,9698
2,tokyo_toshima_bunkyo_shinjuku_shibuya,0,0,0,0,0,0,0,0,0,0,0,0,0,0,0,0,0,0,0,0,0,0,0,0,0,0,0,0,0,0,0,0,0,0,0,0,0,0,0,0,0,0,0,0,0,0,0,0,0,0,0,0,0,0,0,0,0,0,0,0,0,0,0,0,0,0,0,0,0,0,0,0,0,0
3,tokyo_arakawa_taito_sumida_koto,0,831,66,0,83,33,259,0,0,0,0,0,0,0,0,0,0,0,0,0,0,0,0,0,0,0,0,0,0,0,0,0,0,0,0,0,0,0,388,0,32,0,0,0,0,0,0,0,0,0,0,0,0,0,0,0,0,0,0,0,0,0,0,0,0,0,0,0,0,0,0,0,0,1693
4,tokyo_nakano_suginami_setagaya,0,0,0,0,765,0,0,153,0,0,0,0,0,0,0,0,0,0,0,0,0,0,0,0,0,0,0,0,0,0,0,0,0,0,0,0,0,0,0,0,0,5,0,0,0,0,5,0,0,0,0,0,0,0,0,0,0,0,0,0,0,0,0,0,0,0,0,0,0,0,0,0,0,928
5,tokyo_nerima_itabashi_kita,0,0,0,0,0,0,0,0,0,0,0,0,0,0,0,0,0,0,0,0,0,0,0,0,0,0,0,0,0,0,0,0,0,0,0,0,0,0,0,0,0,0,0,0,0,0,0,0,0,0,0,0,0,0,0,0,0,0,0,0,0,0,0,0,0,0,0,0,0,0,0,0,12,13
6,tokyo_adachi_katsushika_edogawa,0,0,176,88,0,88,205,0,0,0,0,0,0,0,0,0,0,0,0,0,0,0,0,0,0,0,0,0,0,0,0,0,0,0,0,0,0,0,3,0,0,0,0,0,0,0,0,0,0,0,0,0,0,0,0,0,0,0,0,0,0,0,0,0,0,0,0,0,0,0,0,0,165,724
7,chofu_nishitokyo_fuchu_musashino_etc,0,0,0,0,9,9,0,206,36,153,0,0,0,0,0,0,0,9,0,0,0,0,0,0,0,0,130,0,0,0,0,0,0,0,0,0,0,0,0,0,0,1,0,0,0,0,0,0,0,0,0,0,0,0,0,0,0,0,0,0,0,0,0,0,0,0,0,0,0,0,0,0,584,1136
8,machida_tama_hachioji_inagi_etc,0,0,0,0,512,0,0,686,597,0,0,0,0,682,0,0,0,512,0,0,0,341,0,0,0,1364,0,0,0,0,0,0,0,0,0,0,0,0,0,0,0,0,0,0,0,0,0,0,0,0,0,0,0,0,0,0,0,0,0,0,0,0,0,0,0,0,0,0,7,0,0,0,0,4700
9,mizuho_fussa_hamura_akiruno_etc,0,0,0,270,271,0,0,3104,3009,3896,0,0,372,0,0,270,135,35,0,0,0,0,0,0,0,0,5,0,0,0,9,0,0,0,0,0,0,0,0,0,0,0,0,0,0,0,0,12,0,0,0,0,0,0,0,0,0,0,0,0,0,0,0,0,0,0,0,0,31,0,0,0,297,11717
10,yokohama_nishi_naka,0,0,0,0,0,0,0,0,0,0,0,19,0,0,0,0,0,10,0,0,27,0,0,0,0,0,0,0,0,0,0,0,0,0,0,0,0,0,0,0,0,0,0,0,0,0,0,0,0,0,0,0,0,0,0,0,0,0,0,0,0,0,0,0,0,0,0,0,0,5,0,0,19,79
11,yokohama_isogo_minami_kanazawa_konan,0,0,0,0,0,0,0,0,0,0,1171,374,0,0,0,0,0,0,0,0,0,0,0,0,0,0,0,0,0,0,0,0,0,0,0,0,0,0,0,0,0,0,0,0,0,0,0,0,0,0,0,0,0,17,0,0,0,0,0,0,0,0,0,0,0,0,0,0,0,0,0,0,407,1968
12,yokohama_hodogaya_totsuka_sakae_izumi_etc,0,0,0,0,10,0,0,0,0,0,732,233,1743,367,526,0,34,0,0,0,273,0,0,0,234,399,0,0,0,0,0,0,0,0,0,0,0,0,0,0,0,0,0,0,0,0,0,0,0,0,0,0,0,0,0,0,0,0,0,0,0,0,0,0,0,0,0,0,0,0,0,0,1767,6318
13,yokohama_kohoku_tsuzuki_midori_aoba,0,0,0,0,0,0,0,0,6,0,15,0,5,53,0,0,3,0,0,0,0,0,0,0,0,0,0,0,0,0,0,0,0,0,0,0,0,0,0,0,0,0,0,0,0,0,0,1,0,0,0,0,0,0,0,0,0,0,0,0,0,0,0,0,0,0,0,0,0,0,0,0,0,82
14,yokohama_tsurumi_kanagawa,0,0,0,0,7,0,0,0,0,0,81,5,15,15,318,259,10,0,0,0,0,0,0,0,0,0,0,0,0,0,0,0,0,0,0,0,0,0,0,0,0,0,0,38,0,0,0,0,0,0,0,0,0,1,0,0,0,0,154,3,0,0,0,0,0,0,0,0,0,0,0,0,203,1109
15,kawasaki_kawasaki_saiwai_nakahara,516,0,0,94,0,0,0,0,0,0,0,0,0,301,508,3898,90,0,0,0,0,0,0,0,0,0,0,0,0,0,0,0,0,0,0,0,0,0,0,0,0,0,3261,0,0,0,0,0,0,0,0,0,0,0,0,0,0,0,0,0,17,0,0,0,0,0,0,0,0,0,0,0,594,9279
16,kawasaki_takatsu_miyamae_tama_asao,0,0,0,0,0,0,0,0,0,0,0,0,0,0,0,0,0,0,0,0,0,0,0,0,0,0,0,0,0,0,0,0,0,0,0,0,0,0,0,0,0,0,0,0,0,0,0,0,0,0,0,0,0,0,0,0,0,0,0,0,0,0,0,0,0,0,0,0,0,0,0,0,0,0
17,sagamihara_city,0,0,0,0,7,0,0,0,9,0,0,0,0,0,0,0,0,69,0,0,0,0,0,0,0,5,0,0,0,0,0,0,0,0,0,0,0,0,0,0,0,0,0,0,0,0,0,0,0,0,0,0,0,0,0,0,0,0,0,0,0,0,0,0,0,0,0,0,0,0,0,0,0,91
18,yokosuka_miura,0,0,0,0,0,0,0,0,0,0,0,0,0,0,0,0,0,0,106,0,0,0,0,0,0,0,0,0,0,0,0,0,0,0,0,0,0,0,0,0,0,0,0,0,0,0,0,0,0,0,0,0,0,0,0,0,0,0,0,0,0,0,0,0,0,0,0,0,0,0,0,0,0,106
19,kamakura_zushi_hayama,0,0,0,0,0,0,0,0,0,0,0,0,0,0,0,0,0,0,0,0,0,0,0,0,0,0,0,0,0,0,0,0,0,0,0,0,0,0,0,0,0,0,0,0,0,0,0,0,0,0,0,0,0,0,0,0,0,0,0,0,0,0,0,0,0,0,0,0,0,0,0,0,0,0
20,fujisawa_chigasaki_samukawa,0,0,0,0,0,0,0,0,0,0,0,0,0,0,0,0,0,0,0,0,0,0,0,0,0,0,0,0,0,0,0,0,0,0,0,0,0,0,0,0,0,0,0,0,0,0,0,0,0,0,0,0,0,0,0,0,0,0,0,0,0,0,0,0,0,0,0,0,0,0,0,0,9,9
21,hiratsuka_oiso_ninomiya,0,0,0,0,0,0,0,0,0,59,0,30,0,0,0,0,0,89,0,0,140,145,139,257,498,235,0,0,0,0,0,0,0,0,0,0,0,0,0,0,0,0,0,0,0,0,0,0,0,0,0,0,0,0,0,0,0,0,0,0,0,0,0,0,0,0,1,2,0,28,0,0,0,1622
22,odawara_manazuru_yugawara_hakone,0,0,0,0,0,0,0,0,0,0,0,0,0,0,0,0,0,0,0,0,0,0,217,0,0,0,0,0,0,0,0,0,0,0,0,0,0,0,0,0,0,0,0,0,0,0,0,0,0,0,0,0,0,0,0,0,0,0,0,0,0,0,0,0,0,0,0,0,0,155,0,0,218,591
23,minami_ashigara_nakai_oi_matsuda_etc,0,0,0,0,0,0,0,0,0,0,0,0,696,0,0,0,0,0,0,0,0,0,2118,696,31,0,0,0,0,0,0,0,0,0,0,0,0,0,0,0,0,0,0,0,0,0,0,0,0,0,0,0,0,0,0,0,0,0,0,0,0,0,0,0,0,0,0,0,0,755,0,0,0,4295
24,atsugi_hadano_kiyokawa_isehara_etc,0,0,0,0,23,0,0,0,32,31,0,0,0,3,0,0,0,33,0,0,35,1,62,0,595,36,0,0,0,0,0,0,0,0,0,0,0,0,0,0,0,0,0,0,0,0,0,0,0,0,0,0,0,0,0,29,0,0,0,0,0,0,0,0,0,0,0,0,0,0,0,0,4476,5358
25,zama_yamato_ebina_ayase,0,0,0,0,0,0,0,0,192,0,0,0,748,382,0,0,0,157,0,0,0,0,0,0,5,630,0,0,0,0,0,0,0,0,0,0,0,0,0,0,0,0,0,0,0,0,0,0,0,0,0,0,0,0,0,0,0,0,0,0,0,0,0,0,0,0,0,0,59,0,0,0,1,2175
26,saitama_city,0,0,0,0,0,0,0,0,0,0,0,0,0,0,0,0,0,0,0,0,0,0,0,0,0,0,117,0,6,0,0,0,478,0,0,0,0,0,0,0,0,0,0,0,0,0,0,0,0,0,0,0,0,0,0,0,0,0,1,0,0,0,0,0,0,0,1,2,0,10,0,0,0,615
27,kawaguchi_warabi_toda,0,0,0,0,0,8,2,0,0,0,0,0,0,0,0,0,0,0,0,0,0,0,0,0,0,0,949,1376,0,33,0,0,0,40,0,0,0,3,35,10,0,24,0,0,0,0,0,16,0,0,0,0,0,0,0,0,0,0,0,0,0,0,0,0,0,0,1,21,0,0,5,0,20,2544
28,asaka_wako_niiza_tokorozawa_etc,0,0,224,0,0,449,0,186,0,0,0,0,0,0,0,0,0,0,0,0,0,0,0,0,0,0,0,0,1171,0,0,0,0,0,0,0,0,0,0,0,0,0,0,0,0,0,0,0,0,0,0,0,0,0,0,0,0,0,0,0,0,0,0,0,0,0,0,0,0,0,0,0,30,2060
29,soka_kasukabe_misato_koshigaya_etc,0,0,0,0,0,0,386,13,0,0,0,13,0,0,0,0,13,0,0,0,0,0,0,0,0,0,0,0,26,386,0,0,0,0,0,0,0,0,41,386,386,7,0,0,0,0,0,0,10,0,0,0,0,0,7,0,2,0,0,0,0,0,0,0,0,0,0,0,26,0,0,0,0,1702
30,hanno_hidaka_moroyama_ogose_etc,0,24,0,0,0,1,1,64,67,0,18,0,17,71,0,2,0,8,0,0,0,2,0,0,53,4,28,0,13,2,4,0,0,0,2,0,0,2,0,17,0,0,0,0,0,0,0,0,0,0,0,14,0,33,75,0,0,0,0,0,0,0,0,0,0,0,0,7,0,0,0,0,0,529
31,tsurugashima_sakado_kawajima_higashimatsuyama_etc,162,0,0,0,97,0,0,0,0,0,0,0,0,0,0,0,0,0,0,0,0,0,0,0,0,0,0,0,324,0,1621,1297,0,0,324,0,0,0,0,0,0,0,0,0,0,0,0,0,0,0,0,0,0,0,0,0,32,0,0,0,0,0,0,0,0,0,0,0,0,0,0,0,0,3859
32,ageo_konosu_okegawa_kitamoto_etc,0,0,0,0,0,0,0,0,0,0,0,0,0,0,0,0,0,0,0,0,0,0,0,0,0,0,1,7,0,0,0,0,0,0,0,0,0,0,0,0,0,0,0,0,0,0,0,0,0,0,0,0,0,0,0,0,0,0,0,0,0,0,0,2,0,0,18,0,0,0,1,0,0,29
33,kuki_kazo_hanyu_gyoda_etc,0,0,0,0,0,0,0,0,0,0,0,0,0,0,0,0,0,0,0,0,0,0,0,0,0,0,0,0,0,17,0,0,0,7,0,0,0,0,0,0,0,0,0,0,0,0,0,0,9,0,0,0,0,0,0,0,0,0,0,0,0,0,0,0,0,0,0,0,0,0,0,0,0,34
34,kumagaya_fukaya_ogawa_yorii_etc,0,0,0,0,0,0,0,0,0,0,0,0,0,0,0,0,0,0,0,0,0,0,0,0,0,0,162,0,130,0,337,84,1181,45,899,394,0,0,0,32,0,0,0,0,0,0,0,0,0,0,0,0,0,0,0,0,0,0,198,0,0,0,0,0,0,0,0,0,0,0,0,0,2075,5538
35,honjo_kamikawa_kamisato,0,0,0,0,0,0,0,0,0,0,0,0,0,0,0,0,0,0,0,0,0,0,0,0,0,0,0,0,0,0,0,0,0,0,0,0,0,0,0,0,0,0,0,0,0,0,0,0,0,0,0,0,0,0,0,0,0,0,0,0,0,0,0,0,0,0,0,0,0,0,0,0,0,0
36,chichibu_yokoze_minano_nagatoro_etc,0,0,5,61,0,0,39,0,0,0,0,0,0,0,36,304,0,13,0,0,0,0,0,42,44,13,0,33,0,169,33,40,0,11,41,36,1419,0,28,0,0,84,0,0,0,0,0,0,70,0,0,0,0,794,0,0,42,0,150,0,0,0,0,28,33,0,13,0,42,0,44,0,0,3667
37,chiba_city,0,0,0,0,0,0,0,0,0,0,0,0,0,0,0,0,0,0,0,0,0,0,0,0,0,0,0,0,0,0,0,0,0,0,0,0,0,66,7,0,0,11,5,0,0,0,0,0,0,0,0,0,0,0,0,0,0,0,0,0,0,0,0,0,0,0,0,0,0,0,0,0,0,89
38,ichikawa_urayasu_narashino_funabashi,0,0,0,0,0,0,0,0,0,0,0,0,0,0,20,20,0,0,0,0,0,0,0,0,0,0,0,0,0,0,0,0,0,20,0,0,0,27,303,38,46,23,0,0,0,0,0,0,0,0,0,0,0,20,0,20,0,0,0,0,0,0,0,0,0,0,0,0,0,0,0,0,0,537
39,matsudo_kamagaya_kashiwa_abiko,0,0,0,0,0,0,0,0,0,0,0,0,0,0,0,0,0,0,0,0,0,0,0,0,0,0,0,0,0,0,0,0,0,0,0,0,0,0,0,758,0,1880,0,0,0,0,0,0,0,0,0,0,0,0,0,0,0,0,0,0,0,0,0,0,0,0,0,0,0,0,0,0,0,2638
40,nagareyama_noda,0,0,0,0,0,0,0,0,0,0,0,0,0,0,0,0,0,0,0,0,0,0,0,0,0,0,0,0,67,0,0,67,0,0,0,0,0,0,0,0,316,0,0,0,0,0,0,0,0,0,0,0,0,0,0,0,0,0,0,0,0,0,0,0,0,0,0,0,0,0,0,0,0,451
41,yachiyo_sakura_narita_shiroi_etc,0,0,0,0,0,0,0,0,0,0,0,0,0,0,0,0,0,0,0,0,0,0,0,0,0,0,0,0,0,0,0,0,0,0,8,0,0,815,258,0,0,852,71,0,0,0,0,0,0,0,0,0,0,0,0,0,0,0,0,0,0,0,0,0,0,0,0,0,0,32,2,0,0,2038
42,ichihara_city,0,0,0,0,0,0,0,0,0,0,0,0,0,0,0,0,0,0,0,0,0,0,0,0,0,0,0,0,0,0,0,0,0,0,0,0,0,0,0,0,0,0,0,0,0,0,0,0,0,0,0,0,0,0,0,0,0,0,0,0,0,0,0,0,0,0,0,0,0,0,0,0,0,0
43,kisarazu_sodegaura_kimitsu_futtsu,48,0,0,0,96,0,38,0,0,0,0,0,0,0,0,0,0,0,0,0,0,0,0,0,0,0,0,0,0,0,0,0,0,221,0,0,0,0,144,0,0,48,0,603,0,0,0,0,0,0,0,0,0,0,0,0,0,0,0,0,0,0,0,0,0,0,0,0,98,0,0,0,0,1297
44,katsuura_otaki_tateyama_kamogawa_etc,0,0,0,0,0,0,0,0,0,0,0,0,0,0,0,0,0,0,0,0,0,0,0,0,0,0,0,0,0,0,0,0,0,0,0,0,0,0,0,0,0,0,0,0,2,0,0,0,0,0,0,0,0,0,0,0,0,0,0,0,0,0,0,0,0,0,0,0,0,0,57,0,0,59
45,choshi_asahi_sosa_katori_etc,0,0,0,0,0,0,0,0,0,0,0,0,0,0,0,0,0,0,0,0,0,0,0,0,0,0,0,0,0,0,0,0,0,0,0,0,0,0,0,0,0,0,0,0,0,0,0,0,0,0,0,0,0,0,0,0,0,0,0,0,0,0,0,0,0,0,0,0,0,0,0,0,0,0
46,togane_mobara_sanmu_oamishirasato_etc,0,0,0,0,0,0,0,0,0,0,0,0,0,0,0,0,0,0,0,0,0,0,0,0,0,0,0,0,0,0,0,0,0,0,0,0,0,0,0,0,0,39,34,7,0,0,17,0,0,0,0,0,0,0,0,0,0,0,0,0,0,0,0,0,0,0,0,0,0,0,0,0,46,142
47,tsuchiura_ishioka_omitama_kasumigaura_etc,0,0,0,0,0,0,0,0,0,0,0,0,0,0,0,0,0,0,0,0,0,0,0,0,0,0,68,0,0,0,0,0,0,0,0,0,0,61,0,0,0,0,0,0,0,0,0,1446,482,0,0,0,0,964,2893,0,0,0,0,0,0,0,0,0,0,0,0,0,0,0,0,0,45,5960
48,koga_shimotsuma_yachiyo_goka_etc,0,0,0,0,0,0,0,0,0,0,0,0,0,0,0,0,0,0,0,0,0,0,0,0,0,0,0,0,0,0,0,0,0,0,0,0,0,0,0,0,0,0,0,0,0,0,0,0,0,0,0,0,0,0,0,0,0,0,0,0,0,0,0,0,0,0,0,0,0,0,0,0,0,0
49,tsukuba_city,0,0,0,0,0,0,0,0,0,0,0,0,0,0,0,0,0,0,0,0,0,0,0,0,0,0,0,0,0,0,0,0,0,0,0,0,0,0,0,0,0,0,0,0,0,0,0,0,0,0,0,0,0,0,0,0,0,0,0,0,0,0,0,0,0,0,0,0,0,0,0,0,0,0
50,joso_bando,0,0,0,0,0,0,0,0,0,0,0,0,0,0,0,0,0,0,0,0,0,0,0,0,0,0,0,0,0,625,0,0,0,0,0,0,0,0,0,0,569,0,0,0,0,0,0,0,0,0,0,0,0,0,0,0,0,0,0,0,0,0,0,0,0,0,0,0,0,0,0,0,0,1194
51,ryugasaki_toride_ushiku_moriya_etc,0,0,0,0,0,0,0,0,0,0,0,0,0,0,0,0,0,0,0,0,0,0,0,0,0,0,0,0,0,0,0,0,0,0,0,0,0,0,0,0,0,0,0,0,0,0,0,0,0,0,0,0,0,0,0,0,0,0,0,0,0,0,0,0,0,0,1,0,0,0,2,0,2,5
52,inashiki_miho_kawachi,0,0,0,0,0,0,0,0,0,0,0,0,0,0,0,0,0,0,0,0,0,0,0,0,0,0,0,0,0,0,0,0,0,0,0,0,0,0,0,0,0,0,0,0,0,0,0,0,0,0,0,366,0,0,0,0,0,0,0,0,0,0,0,0,0,0,0,0,0,0,0,0,0,366
53,kashima_kamisu_namegata_itako,0,0,31,0,0,0,0,0,0,0,0,0,0,13628,0,0,69,0,0,0,0,0,0,0,0,0,0,0,0,0,0,5,0,0,0,195,0,0,0,0,0,0,0,0,0,0,0,0,0,0,0,0,0,0,1227,0,0,167,222,0,0,0,0,0,0,0,1783,137,0,0,1251,6426,18589,43732
54,mito_hitachi_kasama_hitachinaka_etc,0,0,0,265,0,14,1,0,0,0,0,0,3,17,0,0,17,9,0,0,0,0,0,0,0,0,6,0,0,28,0,11,0,40,40,0,0,23,9,0,0,206,0,0,0,11,129,375,7,0,0,50,180,217,7232,356,0,14,50,7,0,0,239,0,0,0,0,0,0,0,0,0,11,9563
55,yuki_chikusei_sakuragawa,0,0,1,0,0,0,0,0,6,0,0,0,6,0,0,0,0,0,6,0,0,0,0,0,0,0,0,9,0,1,0,0,0,6,0,0,0,17,11,0,17,6,0,0,0,0,0,0,0,0,0,0,0,0,21,957,0,0,37,0,0,0,0,0,0,0,0,0,0,0,0,20,385,1505
56,maebashi_takasaki_isesaki_shibukawa_etc,0,0,0,0,0,0,0,0,0,0,0,0,0,0,12,0,0,0,0,0,12,52,0,0,0,0,0,0,0,62,0,0,0,7,47,0,0,0,0,0,0,0,0,0,0,0,0,0,4,0,0,0,0,0,59,0,3164,3,0,6,0,0,0,0,295,234,187,64,30,52,42,0,1461,5794
57,kiryu_ota_tatebayashi_midori_etc,0,0,0,0,0,0,0,0,0,0,0,0,0,0,0,0,0,0,0,0,0,0,0,0,0,0,0,0,0,0,0,0,0,0,0,0,0,0,0,0,0,0,0,0,0,0,0,0,0,0,0,0,0,0,0,0,1095,1220,0,0,70,0,0,0,0,0,0,0,0,0,0,0,0,2385
58,utsunomiya_kanuma_moka_kaminokawa_etc,0,0,0,0,0,0,0,0,78,0,0,0,0,0,0,0,0,0,0,0,0,0,0,0,23,23,0,0,0,32,0,0,0,0,0,0,0,0,0,0,0,126,0,0,0,62,32,125,0,133,135,41,31,41,83,653,0,0,467,104,2,0,0,501,0,0,83,35,98,0,108,0,117,3133
59,tochigi_oyama_shimotsuke_nogi_etc,0,0,0,0,0,0,0,0,0,0,0,0,0,0,0,0,0,0,0,0,0,0,0,0,0,0,0,0,0,0,0,0,0,514,0,0,0,0,0,0,0,0,0,0,0,0,0,0,1175,0,235,0,0,0,0,24,0,9,1356,3303,0,0,0,28,0,0,0,0,0,0,0,0,213,6856
60,ashikaga_sano,0,0,0,0,0,0,205,0,0,0,0,0,0,0,0,0,0,0,0,0,0,0,0,0,0,0,822,445,34,2911,0,0,103,34,137,0,0,274,308,0,0,0,0,342,103,0,0,0,0,0,34,0,0,0,0,0,850,6358,34,1233,2637,0,0,0,0,0,0,0,0,0,0,0,0,16865
61,tokyo_islands,0,0,0,0,0,0,0,0,0,0,0,0,0,0,0,0,0,0,0,0,0,0,0,0,0,0,0,0,0,0,0,0,0,0,0,0,0,0,0,0,0,0,0,0,0,0,0,0,0,0,0,0,0,0,0,0,0,0,0,0,0,0,0,0,0,0,0,0,0,0,0,0,0,0
62,ibaraki_north,0,0,0,0,0,0,0,0,0,0,0,0,0,0,0,0,0,0,0,0,0,0,0,0,0,0,0,0,0,0,0,0,0,0,0,0,39,0,0,8,0,0,0,0,0,0,0,51,0,0,0,0,0,0,1361,0,0,0,122,0,0,0,0,0,0,0,0,0,0,0,0,0,0,1580
63,tochigi_north,0,0,0,0,0,0,0,0,0,0,0,0,0,0,0,0,0,0,0,0,0,0,0,0,0,0,0,0,0,0,0,0,0,0,0,0,0,0,0,0,0,5,0,0,0,0,0,25,0,0,0,0,0,0,0,0,0,0,1254,0,0,0,0,0,0,0,0,0,0,0,0,0,0,1283
64,gunma_north,0,0,0,0,0,0,0,0,0,0,0,0,0,0,0,0,0,0,0,0,0,0,0,0,0,0,0,0,0,0,0,0,0,0,0,0,0,0,0,0,0,0,0,0,0,0,0,0,0,0,0,0,0,0,0,0,485,0,0,0,0,0,0,0,0,0,0,0,0,0,0,0,0,485
65,gunma_other_ueno_kanna_nanmoku,0,0,0,0,0,0,0,0,0,0,0,0,0,0,0,0,0,0,0,0,0,0,0,0,0,0,0,0,0,0,0,0,0,0,0,0,0,0,0,0,0,0,0,0,0,0,0,0,0,0,0,0,0,0,0,0,30,0,0,0,0,0,0,0,0,0,0,0,0,0,0,0,0,30
66,hokkaido_tohoku,0,0,0,648,0,2,6,0,0,0,0,60,0,0,0,257,90,0,0,0,0,4,0,0,0,0,0,94,0,569,0,0,38,42,0,0,128,0,1012,4,0,19,0,114,0,0,0,0,0,0,3,0,28,3121,300,31,147,0,0,0,0,0,0,0,0,0,0,0,0,0,0,0,0,6716
67,hokuriku,0,0,0,0,0,0,0,0,0,0,0,0,0,0,0,0,0,0,0,0,0,9,7,0,0,0,0,0,6,0,0,0,0,0,0,0,0,0,0,0,0,0,0,15,0,0,0,0,0,0,0,0,0,49,17,0,0,0,90,0,0,0,0,0,0,0,0,0,0,0,0,0,0,193
68,yamanashi_nagano,0,0,0,0,0,0,0,0,0,0,0,0,398,0,0,0,0,0,0,0,0,0,124,311,0,0,0,0,0,0,0,0,0,0,0,0,0,0,0,0,0,0,0,0,0,0,0,0,0,0,0,0,0,0,0,0,3,0,0,0,0,0,0,0,0,0,0,0,0,0,0,0,0,836
69,shizuoka,0,0,0,0,0,0,0,0,0,0,0,0,0,0,0,0,0,30,0,0,0,2,156,0,0,0,0,46,0,0,0,0,65,0,0,0,0,0,40,0,0,0,0,0,0,0,0,0,0,0,0,0,0,0,23,0,0,0,0,0,0,0,0,0,0,0,0,0,0,0,0,0,0,363
70,chubu_west,0,9535,0,2524,0,6,14,5,0,1,0,0,0,1,0,1922,0,154,0,0,9,23,68,0,12,0,1,40,75,3,0,37,353,0,21,0,67,22,121,0,0,26,0,3018,0,0,0,0,0,0,1,0,0,2028,204,16,46,18,203,5,0,0,0,0,0,0,0,0,0,0,0,0,0,20578
71,overseas,0,0,0,0,0,5,6,0,0,0,0,0,0,0,0,0,0,11,0,0,230,4,13,0,210,0,0,0,0,0,122,0,0,0,2006,0,1463,0,0,0,0,0,0,1740,0,0,0,0,126,0,0,0,0,63958,96,46,52,0,181,0,0,0,0,0,0,0,0,0,0,0,0,0,0,70269
999,unknown,0,0,0,0,0,0,0,0,0,0,0,0,0,0,0,0,0,0,0,0,0,0,0,0,0,0,0,0,0,0,0,0,0,0,0,0,0,0,0,0,0,0,0,0,0,0,0,0,0,0,0,0,0,0,0,0,0,0,0,0,0,0,0,0,0,0,0,0,0,0,0,0,0,0
○metal_products,,,,,,,,,,,,,,,,,,,,,,,,,,,,,,,,,,,,,,,,,,,,,,,,,,,,,,,,,,,,,,,,,,,,,,,,,,,(unit: ton/day)
large_zone,region,tokyo_chiyoda_chuo_minato,tokyo_meguro_shinagawa_ota,tokyo_toshima_bunkyo_shinjuku_shibuya,tokyo_arakawa_taito_sumida_koto,tokyo_nakano_suginami_setagaya,tokyo_nerima_itabashi_kita,tokyo_adachi_katsushika_edogawa,chofu_nishitokyo_fuchu_musashino_etc,machida_tama_hachioji_inagi_etc,mizuho_fussa_hamura_akiruno_etc,yokohama_nishi_naka,yokohama_isogo_minami_kanazawa_konan,yokohama_hodogaya_totsuka_sakae_izumi_etc,yokohama_kohoku_tsuzuki_midori_aoba,yokohama_tsurumi_kanagawa,kawasaki_kawasaki_saiwai_nakahara,kawasaki_takatsu_miyamae_tama_asao,sagamihara_city,yokosuka_miura,kamakura_zushi_hayama,fujisawa_chigasaki_samukawa,hiratsuka_oiso_ninomiya,odawara_manazuru_yugawara_hakone,minami_ashigara_nakai_oi_matsuda_etc,atsugi_hadano_kiyokawa_isehara_etc,zama_yamato_ebina_ayase,saitama_city,kawaguchi_warabi_toda,asaka_wako_niiza_tokorozawa_etc,soka_kasukabe_misato_koshigaya_etc,hanno_hidaka_moroyama_ogose_etc,tsurugashima_sakado_kawajima_higashimatsuyama_etc,ageo_konosu_okegawa_kitamoto_etc,kuki_kazo_hanyu_gyoda_etc,kumagaya_fukaya_ogawa_yorii_etc,honjo_kamikawa_kamisato,chichibu_yokoze_minano_nagatoro_etc,chiba_city,ichikawa_urayasu_narashino_funabashi,matsudo_kamagaya_kashiwa_abiko,nagareyama_noda,yachiyo_sakura_narita_shiroi_etc,ichihara_city,kisarazu_sodegaura_kimitsu_futtsu,katsuura_otaki_tateyama_kamogawa_etc,choshi_asahi_sosa_katori_etc,togane_mobara_sanmu_oamishirasato_etc,tsuchiura_ishioka_omitama_kasumigaura_etc,koga_shimotsuma_yachiyo_goka_etc,tsukuba_city,joso_bando,ryugasaki_toride_ushiku_moriya_etc,inashiki_miho_kawachi,kashima_kamisu_namegata_itako,mito_hitachi_kasama_hitachinaka_etc,yuki_chikusei_sakuragawa,maebashi_takasaki_isesaki_shibukawa_etc,kiryu_ota_tatebayashi_midori_etc,utsunomiya_kanuma_moka_kaminokawa_etc,tochigi_oyama_shimotsuke_nogi_etc,ashikaga_sano,tokyo_islands,ibaraki_north,tochigi_north,gunma_north,gunma_other_ueno_kanna_nanmoku,hokkaido_tohoku,hokuriku,yamanashi_nagano,shizuoka,chubu_west,overseas,unknown,all_regions
0,tokyo_chiyoda_chuo_minato,11,9,7,8,1,1,2,11,2,0,0,0,3,9,5,1,6,0,0,0,0,0,0,0,0,0,1,0,2,0,0,0,0,1,0,0,0,1,0,0,0,0,0,0,0,0,0,0,0,0,0,0,0,1,0,0,0,0,0,3,0,0,0,0,0,0,5,0,4,1,9,21,1,126
1,tokyo_meguro_shinagawa_ota,29,143,10,8,11,2,29,21,2,4,2,26,2,14,12,55,3,24,1,0,3,2,1,0,6,9,4,3,9,22,2,20,1,3,0,0,0,0,22,27,0,45,3,9,0,15,10,0,0,0,0,6,26,0,0,0,1,1,22,1,0,0,0,7,0,0,13,1,7,3,120,50,184,1057
2,tokyo_toshima_bunkyo_shinjuku_shibuya,1,0,2,1,0,2,1,1,0,0,0,0,0,0,0,0,0,0,0,0,0,0,0,0,0,0,0,0,0,0,0,0,0,0,0,0,0,0,0,0,0,0,0,0,0,0,0,0,0,0,0,0,0,0,0,0,0,0,0,0,0,0,0,0,0,0,0,0,0,0,0,0,1,7
3,tokyo_arakawa_taito_sumida_koto,11,59,25,283,35,15,107,13,12,4,1,3,4,5,3,2,0,0,0,0,0,4,3,0,23,0,14,9,8,24,0,0,4,11,0,0,0,26,191,13,2,20,0,0,9,0,34,8,0,0,0,0,0,0,10,0,11,4,22,2,7,0,0,7,0,0,26,21,14,168,168,0,208,1652
4,tokyo_nakano_suginami_setagaya,0,0,0,0,0,3,11,0,1,0,0,0,0,4,4,1,0,0,0,0,0,0,0,0,0,0,0,0,0,0,0,0,0,0,0,0,0,0,0,0,0,1,0,0,0,0,0,0,0,0,0,0,0,0,0,0,0,0,14,0,0,0,0,0,0,0,0,0,5,0,0,0,2,46
5,tokyo_nerima_itabashi_kita,0,9,41,11,0,27,1,0,11,0,0,3,0,11,1,0,0,0,0,0,11,0,0,0,0,1,1,114,31,16,0,0,12,10,0,0,0,5,24,1,1,41,0,0,0,0,6,0,0,0,0,1,0,0,0,0,20,3,0,0,1,0,1,0,0,0,112,64,6,36,251,0,96,981
6,tokyo_adachi_katsushika_edogawa,10,6,10,29,0,3,298,8,12,0,10,18,11,3,16,0,2,0,13,0,34,0,0,0,16,39,1,15,22,42,0,3,2,39,0,0,0,54,108,38,4,29,27,0,0,3,35,0,5,0,0,1,0,0,0,0,0,0,1,13,6,0,0,0,0,0,25,1,23,1,33,2,85,1155
7,chofu_nishitokyo_fuchu_musashino_etc,7,3,10,4,8,6,0,63,36,15,0,0,0,4,9,0,1,2,0,1,6,1,0,1,1,4,1,1,56,2,0,1,1,0,29,0,0,0,1,0,0,0,0,0,0,0,0,0,0,0,0,0,0,1,0,0,0,0,0,0,0,0,0,0,0,0,2,17,7,3,11,3,12,330
8,machida_tama_hachioji_inagi_etc,0,4,0,0,12,2,0,107,72,38,0,20,5,0,8,0,2,18,0,0,0,2,0,0,1,0,0,0,0,0,0,0,0,0,0,0,0,0,0,0,0,0,0,0,0,0,0,0,0,0,1,0,0,0,0,0,1,0,0,0,0,0,0,0,0,0,9,1,22,16,13,0,69,424
9,mizuho_fussa_hamura_akiruno_etc,0,0,0,0,4,0,0,190,20,127,0,0,0,3,0,0,2,0,1,0,0,0,0,0,0,0,0,0,16,1,0,0,0,0,0,0,0,0,0,4,0,0,0,0,0,0,0,0,30,0,0,0,0,0,0,10,1,6,0,0,0,0,0,0,0,0,6,1,11,4,120,0,2,562
10,yokohama_nishi_naka,0,0,0,0,0,0,0,0,0,0,357,92,9,6,67,6,0,0,0,0,85,57,0,0,191,6,0,0,0,0,0,0,0,0,0,0,0,0,0,0,0,22,0,0,0,0,0,0,0,0,0,0,0,0,0,0,99,0,0,0,1,0,0,0,0,0,76,0,0,19,8,0,19,1120
11,yokohama_isogo_minami_kanazawa_konan,0,1,0,0,0,0,3,1,3,0,8000,75,58,92,11,39,0,104,3003,1,158,3,0,0,1026,39,0,0,0,0,0,0,14,26,84,0,0,3,11,0,0,0,0,0,0,0,0,0,0,0,0,0,0,0,0,1,6,0,9,6,0,0,0,5,0,0,24,14,0,93,194,0,28226,41332
12,yokohama_hodogaya_totsuka_sakae_izumi_etc,0,59,0,0,0,0,0,0,0,0,193,142,224,45,61,104,51,21,152,87,46,41,0,0,52,116,0,0,2,0,0,0,0,0,0,0,0,0,2,0,0,7,0,0,0,0,0,0,0,0,0,0,0,0,0,0,0,51,0,74,0,0,0,0,0,0,78,6,59,0,23,5,128,1829
13,yokohama_kohoku_tsuzuki_midori_aoba,0,63,33,0,0,0,27,9,11,3,17,61,57,114,25,44,7,13,4,0,8,2,1,0,9,30,0,0,13,0,0,0,0,0,0,0,0,1,0,4,0,2,0,0,0,0,0,0,0,0,0,2,0,1,9,1,1,2,0,0,0,0,0,0,0,0,40,2,6,12,100,0,82,819
14,yokohama_tsurumi_kanagawa,7,203,16,89,13,38,38,13,1,0,4,20,2,22,295,111,2,15,8,1,7,45,0,0,12,14,9,0,25,20,0,0,4,2,336,0,0,5,24,0,0,15,1,40,0,0,0,0,0,0,0,0,1,0,0,0,29,40,531,29,15,0,0,0,0,0,287,18,53,224,54,24,102,2865
15,kawasaki_kawasaki_saiwai_nakahara,5,34,6,69,2,287,0,0,0,0,83,8,6,22,654,184,3,0,2,0,34,17,0,0,50,34,40,189,1,132,0,0,6,0,0,0,0,324,175,9,183,255,18,0,0,31,0,0,4,0,267,2,0,0,0,0,38,6,12,0,14,0,0,18,0,0,74,314,0,4,1146,0,105,4868
16,kawasaki_takatsu_miyamae_tama_asao,0,0,0,0,0,0,0,0,0,0,0,0,0,1,0,4,7,1,0,0,6,0,0,0,2,7,0,0,0,0,0,0,0,0,0,0,0,0,0,0,0,0,0,0,0,0,0,0,0,0,0,0,0,0,0,0,0,0,0,0,0,0,0,0,0,0,0,0,1,0,0,0,4,36
17,sagamihara_city,5,17,0,0,6,9,1,6,91,127,10,83,0,1,109,138,0,458,34,0,23,44,0,0,17,123,0,1,89,18,0,0,0,0,27,5,0,0,32,0,5,0,9,7,0,0,0,0,0,0,0,0,0,30,29,0,2,0,0,10,7,0,0,14,0,0,2,30,21,144,76,0,139,1997
18,yokosuka_miura,0,2,0,0,0,0,0,0,0,0,0,91,0,21,0,0,0,0,53,0,31,0,0,0,0,0,0,0,0,0,0,0,0,0,0,0,0,0,0,0,0,7,0,0,0,0,0,0,0,0,0,0,0,0,0,0,0,0,205,0,0,0,0,0,0,0,278,26,0,103,103,0,266,1186
19,kamakura_zushi_hayama,0,0,0,0,0,0,0,0,0,0,0,0,0,0,1,2,0,0,0,2,2,1,0,0,2,0,0,0,0,0,0,0,0,0,0,0,0,0,0,0,0,0,0,0,0,0,0,0,0,0,0,0,0,0,0,0,0,0,0,0,0,0,0,0,0,0,1,0,0,0,6,0,0,16
20,fujisawa_chigasaki_samukawa,0,47,0,0,2,0,2,2,4,0,39,59,17,6,31,12,1,35,39,71,259,58,2,0,98,143,9,0,23,0,1,1,2,13,0,0,0,0,5,7,3,64,8,8,0,0,0,0,0,31,0,0,0,0,12,0,24,26,0,0,0,0,0,0,0,0,32,2,11,20,119,9,62,1416
21,hiratsuka_oiso_ninomiya,0,0,0,0,0,0,0,0,0,0,0,4,2,3,0,0,0,0,35,6,27,80,7,0,17,3,0,0,0,0,0,0,0,37,0,0,0,0,40,0,0,0,0,0,0,0,0,0,0,0,0,0,0,0,0,0,3,0,12,0,0,0,0,0,0,0,0,37,25,13,12,2,12,379
22,odawara_manazuru_yugawara_hakone,1,0,0,0,0,0,0,0,0,0,0,0,0,0,0,0,0,0,0,0,76,101,7,1,16,0,0,0,0,0,0,0,0,0,0,0,0,0,0,0,0,0,0,0,0,0,0,0,0,0,0,0,0,0,0,0,0,0,1,0,0,0,0,0,0,0,0,0,0,15,3,0,2,223
23,minami_ashigara_nakai_oi_matsuda_etc,0,0,0,1,1,0,25,0,0,0,0,0,1,0,0,0,0,0,19,49,16,0,0,6,0,3,64,0,0,0,0,0,0,0,1,0,0,4,3,1,0,0,0,0,0,0,0,0,0,0,0,0,0,0,0,0,3,0,0,0,0,0,0,0,0,0,36,0,1,0,112,0,19,365
24,atsugi_hadano_kiyokawa_isehara_etc,27,2,15,67,0,1,3,15,0,5,8,5,11,3,6,80,0,79,0,2,31,30,0,1,269,7,0,13,12,0,1,3,0,0,0,0,0,0,64,0,1,7,0,0,0,0,0,8,0,3,0,0,0,0,1,20,2,17,0,0,18,0,0,0,0,0,17,14,62,120,154,41,185,1429
25,zama_yamato_ebina_ayase,55,87,31,1,32,0,2,38,7,2,13,38,69,72,19,39,105,165,46,60,367,115,8,0,454,281,0,10,7,0,1,0,0,0,0,0,0,1,12,0,1,1,0,16,1,0,0,1,1,0,0,2,0,0,1,0,1,1,0,1,41,0,0,0,0,0,15,3,13,45,14,0,307,2603
26,saitama_city,0,2,1,1,0,14,7,2,1,3,0,0,0,2,0,6,0,3,0,0,0,0,0,0,2,0,118,65,59,73,0,1,40,59,1,4,0,1,56,1,1,5,15,19,0,0,0,2,16,0,5,11,0,0,1,2,14,2,41,0,0,0,0,17,0,0,21,20,15,13,31,0,224,996
27,kawaguchi_warabi_toda,22,45,27,35,16,29,177,57,1,6,31,3,5,0,15,34,0,25,0,0,3,11,0,0,0,0,47,501,391,62,1,64,38,133,281,0,0,28,126,2,3,42,1,32,0,0,0,72,33,83,0,1,0,0,63,75,24,1,1,32,5,0,1,0,1,0,32,12,45,37,77,0,168,3056
28,asaka_wako_niiza_tokorozawa_etc,184,5,26,347,20,108,250,48,16,67,0,3,0,1517,0,34,2,4,0,0,0,12,0,3,85,6,45,79,385,8,85,70,23,212,23,0,78,0,2330,25,0,162,2,0,0,0,77,36,62,2,0,6,0,0,193,1,52,31,42,230,0,0,4,13,0,0,48,151,83,203,184,11,151,7845
29,soka_kasukabe_misato_koshigaya_etc,226,19,12,213,2,10,124,52,30,57,6,0,224,4,13,0,0,60,0,0,6,2,0,2,13,52,129,153,163,655,162,171,40,61,113,0,0,82,342,204,74,92,2,2,0,71,2,3,48,37,82,102,0,440,58,11,118,3,91,1,3,0,8,54,0,0,251,14,85,32,666,1,1187,6936
30,hanno_hidaka_moroyama_ogose_etc,4,0,12,0,0,0,1,0,11,1,1,0,1,46,0,0,0,0,0,0,0,0,0,0,0,0,0,0,219,46,0,6,2,0,0,0,0,0,1,0,0,0,0,0,0,0,0,0,1,0,0,0,0,0,0,0,0,0,4,10,0,0,3,0,0,0,23,20,2,0,115,1,65,598
31,tsurugashima_sakado_kawajima_higashimatsuyama_etc,15,3,17,0,0,0,0,5,16,4,4,0,2,10,0,1,0,47,0,0,2,1,0,0,2,1,14,4,68,1,317,123,82,6,32,100,0,0,0,0,0,82,0,0,0,0,0,0,21,0,0,2,0,0,0,0,68,32,4,0,0,0,0,16,0,0,11,9,35,0,14,0,82,1252
32,ageo_konosu_okegawa_kitamoto_etc,0,15,1,0,2,13,3,0,0,37,0,0,0,0,0,91,0,12,3,0,0,26,0,0,2,4,51,10,245,80,0,24,200,215,285,1,0,25,79,0,19,31,0,1,33,5,0,3,74,19,0,0,0,0,2,7,157,125,19,135,66,0,1,1,0,0,197,14,3,48,805,4,173,3367
33,kuki_kazo_hanyu_gyoda_etc,1,86,53,7,0,6,47,6,13,9,0,0,0,2,11,5,1,6,0,0,0,0,4,0,33,61,148,23,87,26,0,18,66,618,21,0,0,15,89,0,36,62,0,0,0,0,8,12,74,41,67,0,0,0,44,62,37,2,2,177,86,0,0,2,1,0,159,64,1,6,150,16,610,3186
34,kumagaya_fukaya_ogawa_yorii_etc,40,60,3,65,1,2,3,0,17,31,3,0,0,0,4,7,0,47,2,0,1,36,0,0,74,0,86,32,63,46,6,68,8,114,323,3,3,0,54,1,3,4,1,0,0,0,0,13,26,30,2,0,0,12,4,7,98,40,31,25,21,0,1,115,0,0,269,15,58,124,320,0,293,2715
35,honjo_kamikawa_kamisato,4,1,5,13,2,13,2,11,0,0,0,1,7,12,2,0,0,0,1,0,0,3,0,0,0,226,20,239,38,0,13,1,5,22,18,456,0,12,1,1,0,0,0,0,0,0,11,0,0,1,0,0,0,0,0,13,1,1,10,454,1,0,0,21,0,0,0,4,5,4,40,0,6,1702
36,chichibu_yokoze_minano_nagatoro_etc,0,2,0,0,0,0,0,0,0,0,0,0,1,0,0,1,0,0,0,0,0,0,0,0,0,0,0,0,1,0,0,0,0,0,9,0,1,8,0,0,0,29,0,0,0,0,0,0,0,0,0,0,0,0,0,0,11,0,0,0,0,0,0,0,0,0,1,0,3,10,46,73,17,213
37,chiba_city,29,20,26,17,0,1,25,1,6,5,0,0,0,14,13,148,0,21,2,0,22,5,0,0,11,0,35,0,18,8,17,0,28,0,33,0,0,129,118,55,5,35,41,36,9,3,19,1,14,11,51,2,1,3,4,33,70,1169,79,79,160,0,0,9,0,0,511,41,66,154,176,0,231,3817
38,ichikawa_urayasu_narashino_funabashi,265,1912,63,1948,29,84,245,61,75,1,5,133,25,19,30,60,24,37,226,0,185,5,0,0,341,79,162,91,786,804,4,533,53,285,140,0,0,331,3158,227,84,144,467,231,0,187,617,303,201,51,224,82,0,322,55,297,697,915,570,593,19,0,24,108,0,0,1220,408,790,461,1601,126,1044,24271
39,matsudo_kamagaya_kashiwa_abiko,18,15,0,30,0,0,21,0,0,0,0,0,1,0,0,0,0,9,0,0,20,0,0,0,7,0,8,5,1,19,0,0,7,0,0,0,0,7,32,229,28,21,0,0,0,2,0,23,0,0,9,17,2,2,27,0,0,9,43,0,0,0,0,0,0,0,67,10,10,86,196,0,1008,1990
40,nagareyama_noda,0,18,0,9,13,2,10,65,2,0,2,23,0,0,26,2,0,0,0,0,0,0,0,0,0,0,8,40,48,24,0,3,0,19,66,0,0,44,0,5,29,0,7,0,0,0,0,4,0,4,6,5,0,0,25,0,23,1,44,0,0,0,0,0,0,0,15,24,0,37,78,0,12,745
41,yachiyo_sakura_narita_shiroi_etc,223,20,82,241,30,24,253,94,8,0,10,5,2,121,5,3,3,63,0,0,0,0,12,0,36,16,12,10,36,83,1,0,12,99,0,0,0,467,623,182,32,290,109,9,2,26,17,0,0,22,12,50,62,0,38,6,12,33,50,0,0,0,17,1,0,0,256,68,88,75,484,1,1614,6153
42,ichihara_city,58,0,105,74,22,0,3,0,4,0,0,0,0,43,0,0,0,0,0,0,9,0,0,0,0,106,1,208,29,3,1,0,0,60,0,0,0,164,740,1,78,0,323,9,0,1,0,104,121,0,0,0,0,1,0,0,0,77,6,142,0,0,0,0,0,0,161,86,0,82,465,0,124,3412
43,kisarazu_sodegaura_kimitsu_futtsu,0,0,0,2,0,0,35,2,1,0,0,0,0,35,0,0,0,0,9,0,24,0,0,0,71,9,0,5,8,15,0,0,0,0,0,0,0,0,0,6,0,0,3,277,8,0,0,0,0,0,0,0,0,23,0,0,101,3,60,0,0,0,0,21,5,0,35,26,45,127,287,0,12,1257
44,katsuura_otaki_tateyama_kamogawa_etc,0,10,0,0,0,0,3,0,0,0,0,0,0,0,0,0,0,0,0,0,0,0,0,0,0,14,0,0,0,0,0,0,0,0,0,0,0,0,7,0,0,10,34,0,7,3,0,0,0,0,0,0,0,0,0,0,0,0,0,0,0,0,0,0,0,0,0,0,0,0,0,0,0,88
45,choshi_asahi_sosa_katori_etc,0,11,0,1,0,3,0,1,25,0,4,0,0,1,0,1,19,0,0,0,0,0,0,0,0,142,0,6,40,0,0,0,1,44,0,0,0,12,35,0,0,53,23,6,0,131,7,0,0,0,5,0,0,44,2,0,0,20,14,0,0,0,16,0,0,0,38,0,21,31,77,0,69,903
46,togane_mobara_sanmu_oamishirasato_etc,52,5,0,5,0,27,47,5,1,4,0,6,0,2,0,9,0,4,13,0,4,1,0,3,2,9,16,12,60,29,1,3,2,16,1,0,1,53,70,39,9,29,59,4,17,3,76,5,2,0,5,32,0,4,22,1,43,13,1,2,2,0,2,2,0,0,53,44,66,9,264,10,312,1593
47,tsuchiura_ishioka_omitama_kasumigaura_etc,158,28,3,26,13,5,13,5,6,0,0,10,3,1,0,1,0,3,2,1,1,3,0,76,3,10,61,6,316,15,0,0,0,36,0,0,0,5,86,6,2,4,4,3,0,0,0,264,16,23,4,271,17,11,642,3,3,3,93,1,0,0,1,1,0,0,149,97,6,9,170,0,215,2915
48,koga_shimotsuma_yachiyo_goka_etc,30,340,10,1,9,1,2,2,1,0,1,0,2,11,13,17,1,0,0,0,0,1,0,1,0,1,60,6,25,7,0,13,2,98,41,0,0,115,27,41,2,12,0,1,0,0,1,71,211,39,155,17,2,38,118,52,30,8,67,75,7,0,10,31,0,0,186,26,0,22,85,311,298,2751
49,tsukuba_city,0,33,0,30,0,0,0,60,0,0,0,0,104,3,0,4,0,0,0,0,0,0,0,0,0,45,43,90,21,94,0,0,0,0,0,0,0,155,62,141,132,176,0,0,0,0,0,37,0,42,4,5,0,11,7,2,0,0,0,0,0,0,0,0,0,0,25,0,33,0,0,0,354,1714
50,joso_bando,15,0,0,0,5,6,1,3,17,0,0,8,6,1,0,13,6,7,4,0,9,4,0,0,1,0,7,0,16,44,0,0,19,19,4,0,0,6,19,23,4,30,0,0,0,0,0,8,235,31,16,4,1,62,13,15,26,5,0,259,0,0,0,1,0,0,34,13,0,3,57,0,98,1180
51,ryugasaki_toride_ushiku_moriya_etc,0,4,0,0,0,4,2,8,0,0,0,0,0,0,0,0,0,0,13,0,0,5,0,0,0,0,0,0,0,19,0,42,3,0,0,0,0,15,0,3,0,0,0,0,0,0,0,2,46,5,0,13,5,0,3,8,0,0,0,50,0,0,0,58,0,0,28,0,0,0,1,9,22,367
52,inashiki_miho_kawachi,14,11,0,0,0,0,0,0,0,0,0,0,0,0,0,0,0,77,0,0,0,0,0,0,0,0,4,0,1,0,0,0,0,0,0,0,0,4,10,0,0,8,0,5,0,0,0,197,0,178,0,19,9,0,33,0,0,0,1,2,0,0,9,35,0,0,0,0,0,3,87,0,29,737
53,kashima_kamisu_namegata_itako,3,13,3,238,28,19,84,0,0,46,548,2,0,0,1,76,0,6,0,0,0,0,0,0,42,0,0,10,65,22,55,0,0,95,58,0,3,38,425,0,0,132,31,76,0,242,23,75,70,52,0,39,93,2194,1,151,110,302,46,99,234,0,0,27,63,0,563,198,158,64,9903,10330,194,27349
54,mito_hitachi_kasama_hitachinaka_etc,0,1,0,0,1,0,11,0,0,0,0,0,4,0,0,0,0,0,0,0,2,0,0,0,48,2,7,0,1,1,0,0,3,48,49,0,0,1,5,11,0,48,0,0,0,48,48,84,0,13,15,149,0,82,1326,101,48,0,93,73,0,0,224,51,0,0,140,68,1,4,109,76,30,3022
55,yuki_chikusei_sakuragawa,0,2,1,4,0,2,2,877,13,0,0,0,0,2,8095,0,0,2,0,0,0,2,0,0,603,5396,0,1,16,20,0,0,0,16,5,3,0,64,105,1516,1230,110,0,14,0,0,0,94,249,86,89,853,0,0,46,733,53,92,61,245,5,0,0,15,0,0,17891,13,4137,11152,18772,0,8492,81180
56,maebashi_takasaki_isesaki_shibukawa_etc,0,2,0,1,0,13,3,33,15,0,1,10,2,4,10,32,0,7,7,0,17,41,8,3,6,64,49,7,3,7,3,71,20,28,121,9,43,21,1,14,0,2,0,0,0,0,10,16,0,0,0,0,0,202,1,43,11347,813,50,97,140,0,24,25,61,0,131,158,304,78,10759,8,350,25298
57,kiryu_ota_tatebayashi_midori_etc,0,2,0,19,0,0,0,1,0,88,56,0,0,0,0,2,0,76,0,0,0,1,0,22,50,79,57,4,56,29,2,23,24,28,18,1,3,0,424,5,0,98,14,66,0,54,110,0,2,3,0,4,46,5,110,23,163,2745,20,339,172,0,28,47,13,0,244,130,167,94,1211,6,270,7254
58,utsunomiya_kanuma_moka_kaminokawa_etc,0,4,0,19,0,0,4,0,8,0,3,0,0,0,189,5,0,4,0,0,13,6,0,0,27,0,101,3,5,0,0,0,4,74,1,0,0,33,0,0,0,0,0,74,92,0,0,82,6,0,29,5,0,0,101,85,40,173,1915,63,97,0,0,255,0,0,195,65,2,179,270,54,618,4903
59,tochigi_oyama_shimotsuke_nogi_etc,0,0,0,130,0,0,266,0,0,0,0,0,0,0,1,33,0,3,0,3,142,5,4,0,0,0,17,0,3,199,0,1,0,299,2,0,0,213,1483,23,172,12,25,103,1,0,0,160,513,3,12,3,3,40,22,47,609,185,313,826,169,0,1,244,0,0,256,8,0,55,125,0,2410,9139
60,ashikaga_sano,0,0,0,0,0,0,15,0,0,0,0,0,0,0,0,39,0,0,0,0,0,0,0,0,0,39,0,2,39,39,0,0,0,16,0,0,0,0,71,0,0,12,0,0,0,178,0,0,30,0,0,0,0,0,6,0,15,65,22,23,104,0,0,0,0,0,86,78,47,86,62,0,121,1193
61,tokyo_islands,0,0,0,0,0,0,0,0,0,0,0,0,0,0,0,0,0,0,0,0,0,0,0,0,0,0,0,0,0,0,0,0,0,0,0,0,0,0,0,0,0,0,0,0,0,0,0,0,0,0,0,0,0,0,0,0,0,0,0,0,0,0,0,0,0,0,0,0,0,0,0,0,0,0
62,ibaraki_north,0,0,0,0,0,0,0,0,0,0,0,0,0,0,0,0,0,3,0,0,0,0,0,0,0,40,0,0,4,16,0,0,0,2,0,0,0,0,2,0,0,23,43,0,0,8,0,0,0,5,0,0,0,0,123,0,0,0,0,0,0,0,0,0,0,0,0,0,0,0,0,0,0,267
63,tochigi_north,0,0,0,42,0,0,5,0,0,0,0,0,0,0,0,2,0,26,1,0,0,0,0,0,25,0,1,0,1,0,0,15,0,0,4,0,0,0,4,1,0,0,0,0,0,0,0,20,0,0,0,0,0,0,0,0,11,15,138,8,0,0,0,0,0,0,0,0,0,0,0,0,0,318
64,gunma_north,0,0,0,0,0,0,0,0,0,0,0,0,0,0,0,0,0,0,0,0,0,0,0,0,0,0,0,0,1,0,0,0,0,0,0,0,0,0,0,0,0,0,0,0,0,0,0,0,0,0,0,0,0,0,0,0,0,5,0,0,0,0,0,0,0,0,0,0,0,0,0,0,0,6
65,gunma_other_ueno_kanna_nanmoku,0,0,0,0,0,0,0,0,0,0,0,0,0,0,0,0,0,0,0,0,0,0,0,0,0,0,0,0,0,0,0,0,0,0,0,0,0,0,0,0,0,0,0,0,0,0,0,0,0,0,0,0,0,0,0,0,0,0,0,0,0,0,0,0,0,0,0,0,0,0,0,0,0,0
66,hokkaido_tohoku,0,96,0,62,0,0,5,4,1,68,0,23,210,16,2,3,0,83,31,0,3,22,0,0,124,184,2,172,52,53,41,12,211,93,2,0,0,70,251,217,1,143,0,12,0,0,33,4,189,43,10,51,0,8,10,105,492,10,6,397,18,0,0,0,0,0,0,0,0,0,0,0,0,3648
67,hokuriku,0,47,0,97,0,0,5,15,12,5,0,42,7,1,82,2,0,154,1,0,1,3,11,0,19,22,24,21,25,82,39,0,95,34,157,14,0,0,0,56,0,44,142,14,0,0,1,2,235,0,66,0,143,0,19,81,425,17,10,191,4,0,0,0,0,0,0,0,0,0,0,0,0,2466
68,yamanashi_nagano,1,72,0,1,0,0,2,4,17,3,0,5,0,0,5,2,0,66,0,0,4,12,0,0,36,0,4,11,70,68,0,0,6,0,10,0,3,0,0,0,0,26,0,1,0,0,0,3,0,24,6,0,0,0,8,0,12,1,15,24,0,0,0,0,0,0,0,0,0,0,0,0,0,522
69,shizuoka,0,24,0,82,0,12,0,4,0,0,0,142,0,5,30,16,0,26,0,6,18,15,0,10,57,27,0,612,18,46,0,3,0,0,0,0,28,16,67,0,2,1,0,1,0,17,1,13,8,0,0,0,0,6,4,78,41,32,19,77,0,0,0,0,0,0,0,0,0,0,0,0,0,1559
70,chubu_west,1,178,0,33,0,160,18,16,37,188,55,1812,43,36,2119,256,1,524,61,0,44,29,1,142,1140,475,128,87,249,410,14,47,224,198,133,2,0,201,2886,61,16,747,129,84,0,13,140,452,387,1,37,51,3,92,58,64,989,79,193,201,253,0,0,0,0,0,0,0,0,0,0,0,0,16000
71,overseas,1,90,0,0,3,42,0,32,0,75,191,374,0,0,76,163,0,0,0,100,16,0,0,15,45,2,6,143,17,66,0,0,0,358,0,0,0,30,476,24,0,181,0,0,0,0,108,5,0,0,2,7,0,0,5,0,69,45,26,0,0,0,0,0,0,0,0,0,0,0,0,0,0,2791
999,unknown,0,0,0,0,0,0,0,0,0,0,0,0,0,0,0,0,0,0,0,0,0,0,0,0,0,0,0,0,0,0,0,0,0,0,0,0,0,0,0,0,0,0,0,0,0,0,0,0,0,0,0,0,0,0,0,0,0,0,0,0,0,0,0,0,0,0,0,0,0,0,0,0,0,0
○general_machinery,,,,,,,,,,,,,,,,,,,,,,,,,,,,,,,,,,,,,,,,,,,,,,,,,,,,,,,,,,,,,,,,,,,,,,,,,,,(unit: ton/day)
large_zone,region,tokyo_chiyoda_chuo_minato,tokyo_meguro_shinagawa_ota,tokyo_toshima_bunkyo_shinjuku_shibuya,tokyo_arakawa_taito_sumida_koto,tokyo_nakano_suginami_setagaya,tokyo_nerima_itabashi_kita,tokyo_adachi_katsushika_edogawa,chofu_nishitokyo_fuchu_musashino_etc,machida_tama_hachioji_inagi_etc,mizuho_fussa_hamura_akiruno_etc,yokohama_nishi_naka,yokohama_isogo_minami_kanazawa_konan,yokohama_hodogaya_totsuka_sakae_izumi_etc,yokohama_kohoku_tsuzuki_midori_aoba,yokohama_tsurumi_kanagawa,kawasaki_kawasaki_saiwai_nakahara,kawasaki_takatsu_miyamae_tama_asao,sagamihara_city,yokosuka_miura,kamakura_zushi_hayama,fujisawa_chigasaki_samukawa,hiratsuka_oiso_ninomiya,odawara_manazuru_yugawara_hakone,minami_ashigara_nakai_oi_matsuda_etc,atsugi_hadano_kiyokawa_isehara_etc,zama_yamato_ebina_ayase,saitama_city,kawaguchi_warabi_toda,asaka_wako_niiza_tokorozawa_etc,soka_kasukabe_misato_koshigaya_etc,hanno_hidaka_moroyama_ogose_etc,tsurugashima_sakado_kawajima_higashimatsuyama_etc,ageo_konosu_okegawa_kitamoto_etc,kuki_kazo_hanyu_gyoda_etc,kumagaya_fukaya_ogawa_yorii_etc,honjo_kamikawa_kamisato,chichibu_yokoze_minano_nagatoro_etc,chiba_city,ichikawa_urayasu_narashino_funabashi,matsudo_kamagaya_kashiwa_abiko,nagareyama_noda,yachiyo_sakura_narita_shiroi_etc,ichihara_city,kisarazu_sodegaura_kimitsu_futtsu,katsuura_otaki_tateyama_kamogawa_etc,choshi_asahi_sosa_katori_etc,togane_mobara_sanmu_oamishirasato_etc,tsuchiura_ishioka_omitama_kasumigaura_etc,koga_shimotsuma_yachiyo_goka_etc,tsukuba_city,joso_bando,ryugasaki_toride_ushiku_moriya_etc,inashiki_miho_kawachi,kashima_kamisu_namegata_itako,mito_hitachi_kasama_hitachinaka_etc,yuki_chikusei_sakuragawa,maebashi_takasaki_isesaki_shibukawa_etc,kiryu_ota_tatebayashi_midori_etc,utsunomiya_kanuma_moka_kaminokawa_etc,tochigi_oyama_shimotsuke_nogi_etc,ashikaga_sano,tokyo_islands,ibaraki_north,tochigi_north,gunma_north,gunma_other_ueno_kanna_nanmoku,hokkaido_tohoku,hokuriku,yamanashi_nagano,shizuoka,chubu_west,overseas,unknown,all_regions
0,tokyo_chiyoda_chuo_minato,14,0,5,10,0,7,0,0,0,0,0,0,0,0,0,0,0,0,0,0,0,0,0,0,0,0,0,0,9,0,0,0,0,0,0,0,0,0,0,1,0,0,0,0,0,0,0,0,0,0,0,0,0,0,0,0,0,0,1,0,0,0,0,0,0,0,0,0,0,0,0,0,0,48
1,tokyo_meguro_shinagawa_ota,19,57,0,10,0,0,1,0,0,0,1,0,1,13,12,5,1,11,0,0,2,6,0,0,17,63,0,20,0,0,0,0,0,0,0,0,0,0,10,0,0,0,0,6,0,30,0,0,0,0,0,0,0,0,0,0,0,0,1,0,0,0,0,0,0,0,885,13,26,8,1827,5058,913,9019
2,tokyo_toshima_bunkyo_shinjuku_shibuya,0,0,0,0,0,0,0,0,0,0,0,0,0,0,0,0,0,0,0,0,0,0,0,0,0,0,0,0,0,0,0,0,0,0,0,0,0,0,0,0,0,0,0,0,0,0,0,0,0,0,0,0,0,0,0,0,0,0,0,0,0,0,0,0,0,0,0,0,1,0,0,0,0,1
3,tokyo_arakawa_taito_sumida_koto,1,0,0,22,0,0,1,0,0,0,0,0,0,0,0,0,0,0,0,0,0,0,0,0,7,0,0,1,0,1,0,0,0,0,0,0,0,0,0,0,0,0,0,0,0,0,0,0,0,0,0,0,0,6,0,0,0,0,0,0,0,0,0,0,0,0,0,0,0,0,36,0,203,279
4,tokyo_nakano_suginami_setagaya,0,0,0,0,0,0,0,0,0,0,0,0,0,0,0,1,2,0,0,0,0,0,0,0,0,0,0,0,0,0,0,0,0,0,0,0,0,0,0,0,0,0,0,0,0,0,0,0,0,0,0,0,0,0,0,0,0,0,0,0,0,0,0,0,0,0,0,0,0,0,1,0,0,5
5,tokyo_nerima_itabashi_kita,0,9,0,0,0,0,0,0,0,0,0,0,0,0,0,9,0,0,0,0,0,0,0,0,0,0,0,0,2,1,0,0,0,0,0,0,0,0,0,0,0,0,0,0,0,0,0,0,0,0,1,0,0,0,0,0,2,0,0,0,0,0,0,0,0,0,1,0,0,0,1,0,1,26
6,tokyo_adachi_katsushika_edogawa,1,9,1,22,0,0,4,0,0,0,0,0,0,0,25,35,0,1,0,0,0,0,0,0,0,21,0,1,5,9,0,0,0,0,0,0,0,4,7,2,0,0,1,0,0,0,0,2,0,0,3,0,0,0,0,0,2,0,0,2,2,0,0,0,0,0,7,8,7,0,44,18,8,250
7,chofu_nishitokyo_fuchu_musashino_etc,0,0,0,0,0,0,0,11,16,3,0,0,0,0,1,0,4,0,0,0,0,4,0,0,6,6,0,0,20,0,0,0,1,0,4,0,0,0,0,0,3,1,0,0,0,0,0,1,0,0,0,0,0,0,0,0,0,0,0,0,0,0,0,0,0,0,7,0,44,6,11,6,12,166
8,machida_tama_hachioji_inagi_etc,0,0,0,0,0,0,0,0,3,0,0,0,0,0,0,0,0,0,0,0,0,0,0,0,0,0,0,0,2,0,0,0,0,0,0,0,0,0,2,0,0,0,0,0,0,0,0,0,0,0,0,0,0,0,0,0,0,0,0,0,0,0,0,0,0,0,1,0,31,0,10,1,18,68
9,mizuho_fussa_hamura_akiruno_etc,9,7,1,1,2,3,3,4,31,1436,5,1,0,0,0,1,0,13,0,0,11,0,0,0,1,11,3,0,60,0,0,0,4,0,3,0,0,0,0,0,0,0,0,0,0,0,1,3,7,1,0,0,4,0,6,0,9,10,8,4,3,0,0,0,0,0,1,1,1,1,3,0,77,1754
10,yokohama_nishi_naka,0,0,0,0,0,0,0,0,0,0,14,0,0,0,42,5,0,0,84,0,73,0,0,0,0,19,0,0,0,0,0,0,0,0,0,0,0,0,0,0,0,0,0,0,0,0,0,0,0,0,0,0,0,0,0,0,0,0,0,0,0,0,0,0,0,0,0,0,0,0,70,0,71,378
11,yokohama_isogo_minami_kanazawa_konan,0,1,0,0,0,0,0,0,0,0,56,33,0,26,53,2,0,2,13,0,2,1,0,0,3,2,0,0,0,0,0,0,0,0,0,0,0,0,0,0,0,0,0,0,0,0,0,0,0,0,0,0,0,0,0,0,0,0,0,0,0,0,0,0,0,0,0,1,5,0,8,25,18,254
12,yokohama_hodogaya_totsuka_sakae_izumi_etc,270,180,162,144,72,54,72,126,144,0,37,18,39,18,36,72,18,18,18,18,34,69,0,0,18,95,72,18,54,72,0,0,18,36,0,0,0,36,90,36,18,54,0,0,18,0,18,36,0,18,0,0,18,36,72,18,18,18,54,36,0,0,18,54,18,0,0,1,252,0,0,0,0,2940
13,yokohama_kohoku_tsuzuki_midori_aoba,0,1,0,0,0,0,0,0,0,0,0,8,1,3,1,5,1,0,0,0,2,0,0,0,0,11,0,0,0,0,0,0,0,0,0,0,0,0,0,0,0,0,0,0,0,0,0,0,0,0,0,0,0,0,0,0,0,0,0,0,0,0,0,0,0,0,6,1,3,10,2,0,23,76
14,yokohama_tsurumi_kanagawa,1,5,0,0,0,0,0,0,0,0,1601,4,0,0,616,10,0,0,0,0,0,0,0,0,2,0,0,0,29,0,0,0,0,0,0,0,0,0,0,0,0,0,0,2,0,0,0,0,0,0,0,0,0,0,0,0,0,0,0,0,0,0,0,0,0,0,0,0,6,27,390,524,182,3399
15,kawasaki_kawasaki_saiwai_nakahara,1,27,0,0,0,1,0,0,0,0,0,0,0,6,10,38,0,6,0,0,1,0,0,0,0,11,0,0,0,0,0,0,0,0,0,0,0,0,0,0,0,10,0,0,0,0,3,4,0,0,0,0,0,0,22,0,0,0,4,0,0,0,0,0,0,0,0,0,0,6,31,0,1,181
16,kawasaki_takatsu_miyamae_tama_asao,5,2,2,0,0,0,0,11,5,0,5,0,6,0,0,8,0,0,0,0,24,0,0,0,20,0,0,0,0,0,0,0,0,0,0,0,0,0,0,0,0,6,0,0,0,0,0,8,0,0,0,0,0,0,0,0,0,0,0,0,0,0,0,0,0,0,1,1,4,8,1,0,10,128
17,sagamihara_city,0,29,0,0,0,0,0,0,2,0,0,0,0,4,766,0,0,43,0,0,0,0,1,0,14,1,0,0,0,0,0,0,0,0,0,0,0,0,0,0,0,0,0,0,0,0,0,0,0,0,0,0,0,0,0,0,0,0,0,0,0,0,0,0,0,0,180,78,69,66,168,84,642,2146
18,yokosuka_miura,0,1,0,27,0,0,0,0,0,0,0,0,0,0,0,0,0,0,6,1,0,0,0,0,4,0,0,0,0,0,0,0,0,0,0,0,0,0,0,0,0,0,0,0,0,0,0,0,0,0,0,0,0,0,0,0,0,0,0,0,0,0,0,0,0,0,0,0,2,0,15,0,33,90
19,kamakura_zushi_hayama,0,0,0,0,0,0,0,0,0,0,0,0,0,0,0,0,0,0,0,0,0,0,0,0,0,0,0,0,0,0,0,0,0,0,0,0,0,0,0,0,0,0,0,0,0,0,0,0,0,0,0,0,0,0,0,0,0,0,0,0,0,0,0,0,0,0,0,0,0,0,0,0,0,0
20,fujisawa_chigasaki_samukawa,0,5,0,0,0,2,0,5,10,2,0,0,1,0,287,33,0,115,0,0,15,0,0,0,21,1,0,0,0,2,0,0,2,1,0,0,0,186,0,0,0,0,0,0,0,0,0,51,0,80,128,0,0,0,0,0,0,11,17,0,0,0,0,0,0,0,50,9,8,12,286,6,40,1388
21,hiratsuka_oiso_ninomiya,0,0,0,0,0,0,0,0,0,0,0,0,0,0,0,1,0,0,0,0,24,0,0,0,1,8,0,0,2,0,0,0,0,0,0,0,0,0,0,0,0,0,0,0,0,0,0,2,0,0,0,0,0,0,0,0,0,0,0,0,0,0,0,0,0,0,4,0,0,38,4,0,0,83
22,odawara_manazuru_yugawara_hakone,0,0,0,0,0,0,0,0,0,0,0,0,0,0,0,0,0,0,0,0,0,0,1,0,0,0,0,0,0,0,0,0,0,0,0,0,0,0,0,0,0,0,0,0,0,0,0,0,0,0,0,0,0,0,0,0,0,0,0,0,0,0,0,0,0,0,0,0,0,0,0,0,0,1
23,minami_ashigara_nakai_oi_matsuda_etc,0,0,0,0,0,0,0,0,0,0,0,0,0,0,0,0,0,0,0,0,0,0,0,0,0,0,0,0,0,0,0,0,0,0,0,0,0,0,0,0,0,0,0,0,0,0,0,0,0,0,0,0,0,0,0,0,0,0,0,0,0,0,0,0,0,0,0,0,0,0,0,0,0,0
24,atsugi_hadano_kiyokawa_isehara_etc,0,4,6,0,0,1,0,14,14,0,2,4,6,11,6,3,4,7,0,0,11,1,1,0,88,26,0,0,20,4,6,0,16,0,0,0,0,0,0,0,0,0,0,0,0,0,0,0,0,5,0,0,0,0,1,0,37,0,0,0,0,0,0,0,0,0,81,20,32,112,227,0,90,863
25,zama_yamato_ebina_ayase,0,18,0,0,0,0,7,0,0,1,85,3,69,2,54,0,0,12,0,0,1,11,0,0,63,126,0,0,0,0,0,0,0,0,0,0,0,0,0,0,25,1,0,0,0,5,0,1,0,0,0,0,0,0,0,0,5,0,1,0,0,0,0,0,0,0,21,2,1,38,73,0,17,641
26,saitama_city,1,0,0,0,0,0,0,0,0,0,0,0,0,0,0,1,0,0,0,0,0,0,0,0,0,0,27,98,7,1,0,1,24,3,0,0,0,0,1,0,0,0,0,0,0,0,0,0,9,0,0,0,0,0,0,0,0,0,0,0,0,0,0,0,0,0,2,0,0,0,1,0,41,220
27,kawaguchi_warabi_toda,0,12,0,0,0,1,8,4,1,6,0,1,0,0,0,6,0,6,0,0,15,1,0,0,0,0,1,18,0,4,0,2,0,13,5,6,0,12,0,0,0,14,0,4,0,0,11,0,0,0,0,0,0,0,0,0,3,6,3,0,0,0,0,0,0,0,1,0,4,0,2,2,0,175
28,asaka_wako_niiza_tokorozawa_etc,2,0,0,0,1,0,0,3,34,9,0,0,0,0,0,0,0,0,0,0,5,0,3,0,2,0,1,17,168,0,8,18,56,0,64,5,27,11,0,0,0,30,0,0,0,0,6,0,3,0,6,3,0,10,0,0,2,4,0,0,0,0,0,0,0,0,142,25,29,13,61,100,7,873
29,soka_kasukabe_misato_koshigaya_etc,31,0,0,5,0,0,6,0,0,0,0,0,0,0,0,4,0,1,0,0,0,0,0,0,0,0,0,9,2,26,0,3,0,2,5,0,0,0,0,1,1,0,0,0,0,0,0,0,0,7,14,0,0,0,0,0,2,0,6,0,0,0,0,4,0,0,10,2,1,1,6,0,5,153
30,hanno_hidaka_moroyama_ogose_etc,8,0,0,0,0,0,0,4,0,0,0,0,0,0,0,0,0,0,0,0,0,0,0,0,2,0,0,0,1,0,45,0,8,0,0,0,0,0,0,8,0,0,0,0,0,0,0,2,0,0,0,0,0,0,0,0,0,1,0,0,0,0,0,0,0,0,0,0,0,0,15,0,6,101
31,tsurugashima_sakado_kawajima_higashimatsuyama_etc,0,0,0,0,0,0,0,0,0,0,0,0,0,0,29,0,0,0,2,0,0,30,0,0,0,0,0,0,4,0,0,0,0,0,2,0,0,0,0,0,0,0,0,0,0,0,0,1,0,0,0,0,0,0,0,0,0,0,1,1,0,0,0,0,0,0,8,1,0,0,8,0,0,89
32,ageo_konosu_okegawa_kitamoto_etc,0,0,0,0,0,0,0,0,0,0,1,0,0,0,0,0,0,0,0,0,0,0,0,0,0,0,12,0,0,0,6,2,14,0,0,0,0,0,0,0,0,2,0,0,0,0,0,0,0,0,0,0,0,0,0,0,0,0,1,0,0,0,0,0,0,0,79,0,0,0,63,0,6,190
33,kuki_kazo_hanyu_gyoda_etc,30,0,0,0,0,0,25,0,0,0,13,0,0,0,0,0,3,0,0,0,0,0,0,0,0,0,16,0,2,0,0,1,14,1,1,0,0,0,12,3,12,3,0,0,0,0,0,0,0,0,2,0,0,4,11,0,1,0,0,0,2,0,3,0,0,0,15,16,16,35,170,4,0,415
34,kumagaya_fukaya_ogawa_yorii_etc,0,0,0,0,0,0,0,0,1,0,1,0,0,0,10,0,0,0,0,0,0,0,0,0,0,0,30,0,0,46,0,3,0,46,106,1,47,0,0,0,0,0,0,0,0,0,0,0,0,0,0,0,0,0,0,0,0,0,0,0,0,0,0,0,0,0,0,1,0,0,0,34,13,340
35,honjo_kamikawa_kamisato,0,0,0,4,0,0,0,0,0,0,0,0,0,0,0,0,0,0,0,0,0,0,0,0,0,0,0,0,0,0,0,0,0,0,0,24,0,0,0,1,0,0,0,0,0,0,0,0,0,0,0,0,0,0,0,0,17,15,0,0,11,0,0,0,0,0,0,0,0,0,3,0,0,76
36,chichibu_yokoze_minano_nagatoro_etc,0,0,0,0,0,0,0,0,0,0,0,0,0,0,0,0,0,0,0,0,0,0,0,0,0,0,0,0,0,0,0,0,0,0,0,0,1,0,0,0,0,0,1,0,0,0,0,0,0,0,0,0,0,0,0,3,0,0,0,0,0,0,0,0,0,0,0,0,0,0,0,0,0,5
37,chiba_city,0,0,0,0,0,0,10,0,0,0,0,0,0,0,0,0,0,0,0,0,0,0,0,0,0,0,0,2,0,0,0,0,0,0,0,0,0,3,0,1,0,4,1,1,0,0,3,65,0,0,0,0,0,0,0,0,0,0,0,0,0,0,0,0,0,0,24,0,0,0,1,0,0,118
38,ichikawa_urayasu_narashino_funabashi,0,2,0,35,0,0,0,0,0,0,1,0,2,0,0,0,4,0,11,0,1,0,0,0,0,2,0,0,1,2,0,0,1,0,0,0,0,0,5,0,0,14,0,0,0,0,0,0,0,0,0,0,0,1,8,0,0,0,5,0,0,0,0,0,0,0,26,5,9,1,59,0,5,202
39,matsudo_kamagaya_kashiwa_abiko,150,0,120,0,0,0,0,0,0,0,300,0,0,0,0,0,0,0,14,0,0,5,0,0,3,0,300,0,3,7,0,0,0,33,0,0,0,0,9,6,0,7,5,0,0,44,61,1,0,0,0,0,0,0,0,0,0,0,0,0,0,0,0,0,0,0,0,1,0,150,90,0,2,1313
40,nagareyama_noda,2,0,0,2,0,0,6,0,0,0,0,0,0,0,0,0,0,0,0,0,0,0,0,0,0,0,0,7,0,20,0,0,4,7,0,0,0,0,0,0,20,0,0,0,0,0,15,0,0,22,0,0,0,0,0,0,0,0,0,0,0,0,0,0,0,0,6,35,0,0,0,0,0,146
41,yachiyo_sakura_narita_shiroi_etc,40,41,0,0,0,0,6,0,0,0,0,0,0,9,0,0,0,6,0,0,0,0,0,0,0,27,0,22,0,22,0,0,0,0,0,0,0,6,49,4,0,9,0,2,0,0,1,16,0,0,0,0,0,1,0,0,0,0,0,0,0,0,0,0,0,0,1,0,0,0,36,6,0,304
42,ichihara_city,0,0,0,0,0,0,0,0,1,0,0,17,0,0,0,0,0,0,0,0,0,0,0,0,0,0,0,0,0,0,0,0,0,0,0,0,0,0,3,0,0,0,0,112,0,0,1,0,0,0,0,0,0,0,0,0,160,0,0,0,0,0,0,0,0,0,8,0,0,0,24,0,18,346
43,kisarazu_sodegaura_kimitsu_futtsu,2,16,0,0,0,0,0,0,0,0,0,0,0,0,0,0,0,0,23,0,0,0,0,0,0,0,0,0,0,0,0,0,0,0,0,0,0,0,0,0,0,0,0,198,0,0,0,0,0,0,0,0,0,0,0,0,0,0,0,0,0,0,0,0,0,0,0,0,0,0,7,0,7,255
44,katsuura_otaki_tateyama_kamogawa_etc,0,0,0,0,0,0,0,14,0,0,0,0,1,0,0,0,0,0,0,0,0,0,0,0,0,0,0,0,0,0,0,0,0,0,0,0,0,17,0,0,0,0,0,1,9,0,4,0,0,0,0,0,0,0,0,0,0,0,0,0,0,0,0,0,0,0,0,0,0,0,0,0,2,47
45,choshi_asahi_sosa_katori_etc,0,0,0,0,0,0,0,0,0,0,0,0,0,7,0,0,0,0,0,0,34,0,0,0,0,206,0,0,0,10,0,0,0,0,0,0,0,0,0,0,0,41,0,0,0,17,1,0,0,0,0,85,0,10,0,0,0,0,0,0,0,0,0,0,0,0,106,0,153,0,1,0,0,672
46,togane_mobara_sanmu_oamishirasato_etc,0,0,0,0,66,0,0,0,0,0,0,0,0,0,0,0,0,0,0,0,0,0,0,0,0,0,0,0,0,0,0,0,0,0,0,0,0,1,58,0,0,0,2,0,4,0,13,5,0,0,0,5,0,0,0,0,0,0,0,0,0,0,0,0,0,0,14,0,0,0,23,11,57,258
47,tsuchiura_ishioka_omitama_kasumigaura_etc,8,2,0,0,62,0,0,0,0,0,0,0,0,0,16,0,0,0,0,0,0,0,0,0,0,0,6,0,2,2,0,0,0,10,0,0,0,0,0,0,0,2,0,0,0,0,0,74,8,0,0,8,0,0,15,0,6,0,1,0,0,0,0,0,0,0,6,5,1,0,36,17,4,291
48,koga_shimotsuma_yachiyo_goka_etc,0,0,0,0,0,0,0,0,13,0,0,0,0,0,0,0,0,0,0,0,0,0,0,0,0,0,0,0,0,0,0,0,0,3,0,0,0,0,0,0,0,0,0,0,0,0,0,0,16,0,0,0,0,0,0,0,0,0,0,0,0,0,0,0,0,0,0,0,0,0,0,0,40,71
49,tsukuba_city,0,0,0,0,0,0,0,0,0,0,0,94,0,0,0,0,0,0,0,0,0,0,0,0,0,0,0,0,0,0,0,0,0,0,0,0,0,0,0,0,0,0,0,0,0,0,0,38,0,0,0,19,0,0,13,0,0,0,0,0,0,0,0,0,0,0,0,0,0,0,320,0,0,485
50,joso_bando,0,2,0,0,0,0,0,0,0,0,0,0,0,0,0,0,0,32,0,0,160,0,0,0,0,0,0,0,0,0,0,0,0,0,0,0,0,48,5,3,0,0,0,0,0,0,0,262,0,12,18,2,0,2,0,0,0,48,0,0,0,0,0,0,0,0,6,0,0,1,35,0,0,635
51,ryugasaki_toride_ushiku_moriya_etc,0,0,0,0,0,0,0,0,0,0,0,0,0,0,0,0,0,0,0,0,0,0,0,0,0,0,0,0,0,0,0,0,0,0,0,0,0,0,0,0,0,0,0,0,0,0,0,0,0,0,0,23,0,0,0,0,0,0,0,0,0,0,0,0,0,0,0,0,0,0,0,601,230,854
52,inashiki_miho_kawachi,0,0,0,0,0,0,0,0,0,0,0,0,0,0,0,0,0,2,0,0,0,0,0,0,0,0,0,0,0,0,0,0,0,0,0,0,0,0,0,0,0,0,0,0,0,0,0,0,0,0,0,10,11,0,0,0,0,0,0,0,0,0,0,0,0,0,0,0,0,0,2,0,1,25
53,kashima_kamisu_namegata_itako,0,0,0,0,0,0,0,0,0,0,0,0,0,0,0,0,0,0,0,0,0,0,0,0,0,0,0,0,0,0,0,0,0,0,0,0,0,0,0,0,0,0,0,0,0,0,0,0,0,0,0,0,1,0,0,0,0,0,0,0,0,0,0,0,0,0,0,0,0,0,0,0,0,1
54,mito_hitachi_kasama_hitachinaka_etc,0,4,0,0,0,0,0,0,0,0,0,0,0,4,0,1,0,0,11,0,0,0,0,0,0,6,4,0,0,0,0,0,0,0,0,0,0,4,0,0,5,0,3,5,0,0,0,63,0,4,0,0,3,26,304,27,0,4,16,0,0,0,9,0,0,0,54,8,18,0,12,0,3,598
55,yuki_chikusei_sakuragawa,0,0,0,0,0,0,0,0,0,0,0,0,0,0,0,0,0,0,0,0,0,0,0,0,0,0,0,0,0,0,0,0,0,0,0,0,0,0,0,0,0,0,0,0,0,0,0,2,0,2,0,0,12,0,4,3,0,0,1,2,0,0,0,0,0,0,0,0,15,2,1,0,4,47
56,maebashi_takasaki_isesaki_shibukawa_etc,0,0,0,0,0,11,0,0,0,0,0,0,0,0,7,0,0,0,0,0,5,3,0,0,0,0,13,0,1,21,0,0,0,11,8,0,0,0,0,0,0,18,0,0,0,0,22,0,2,0,0,0,0,0,14,0,449,29,0,0,90,0,0,7,0,0,18,31,2,21,324,28,320,1456
57,kiryu_ota_tatebayashi_midori_etc,1,1,0,0,7,0,0,0,0,0,0,0,0,0,0,0,0,2,0,0,3,0,0,0,0,0,0,1,12,8,17,10,0,8,9,0,0,7,0,0,0,0,0,15,0,0,8,0,0,0,0,0,0,0,0,3,7,1955,0,1,8,0,7,9,0,0,20,51,18,13,93,88,12,2392
58,utsunomiya_kanuma_moka_kaminokawa_etc,0,0,0,0,0,0,64,1,0,0,0,0,0,0,0,0,0,0,0,0,0,0,0,0,34,0,6,0,0,0,0,0,0,0,0,0,0,0,0,0,0,0,0,0,0,0,0,0,61,0,35,0,0,0,0,1,0,0,51,26,1,0,0,4,0,0,3,0,0,0,46,0,31,365
59,tochigi_oyama_shimotsuke_nogi_etc,0,0,0,0,0,0,0,0,0,0,0,0,0,0,0,0,0,0,0,0,0,0,0,0,0,0,0,0,0,0,0,2,0,18,0,0,0,0,0,0,0,0,0,0,0,0,0,0,16,0,0,2,0,0,1,34,0,0,193,629,1,0,1,5,0,0,37,10,57,0,0,0,35,1040
60,ashikaga_sano,0,0,0,0,0,0,0,0,0,0,1,0,0,0,2,0,0,0,0,0,0,0,0,0,0,0,0,0,0,0,0,0,0,0,0,0,0,0,0,0,0,0,0,0,0,0,0,0,0,0,0,0,0,0,0,0,0,8,0,0,3,0,0,0,0,0,2,0,1,0,0,0,0,18
61,tokyo_islands,0,0,0,0,0,0,0,0,0,0,0,0,0,0,0,0,0,0,0,0,0,0,0,0,0,0,0,0,0,0,0,0,0,0,0,0,0,0,0,0,0,0,0,0,0,0,0,0,0,0,0,0,0,0,0,0,0,0,0,0,0,0,0,0,0,0,0,0,0,0,0,0,0,0
62,ibaraki_north,0,0,0,0,0,0,0,0,0,0,0,0,18,0,0,0,0,0,0,0,0,0,0,0,0,0,0,0,0,0,0,0,0,0,0,0,0,0,0,0,0,1,0,0,0,0,0,0,0,0,0,0,0,0,0,0,0,0,0,0,0,0,0,0,0,0,0,0,0,0,0,0,0,19
63,tochigi_north,0,0,0,0,0,0,4,0,0,0,0,0,54,0,0,0,0,0,0,0,0,0,0,0,0,0,0,0,0,0,0,0,0,0,0,0,0,0,0,0,0,0,0,0,0,0,0,0,0,0,0,0,0,0,0,0,0,0,0,5,0,0,0,0,0,0,0,0,0,0,0,0,0,62
64,gunma_north,0,0,0,0,0,0,0,0,0,0,0,0,18,0,0,0,0,0,0,0,0,0,0,0,0,0,0,0,0,0,0,0,0,0,0,0,0,0,0,0,0,0,0,0,0,0,0,0,0,0,0,0,0,0,0,0,0,0,0,0,0,0,0,0,0,0,0,0,0,0,0,0,0,18
65,gunma_other_ueno_kanna_nanmoku,0,0,0,0,0,0,0,0,0,0,0,0,0,0,0,0,0,0,0,0,0,0,0,0,0,0,0,0,0,0,0,0,0,0,0,0,0,0,0,0,0,0,0,0,0,0,0,0,0,0,0,0,0,0,0,0,0,0,0,0,0,0,0,0,0,0,0,0,0,0,0,0,0,0
66,hokkaido_tohoku,0,426,0,0,0,1,1,0,2,25,0,2,0,0,0,25,0,0,0,0,8,4,0,0,6,0,27,10,2,0,0,0,59,0,0,0,0,2,1,155,0,96,0,0,0,1,0,0,0,0,0,0,0,0,12,0,0,0,0,39,0,0,0,0,0,0,0,0,0,0,0,0,0,904
67,hokuriku,0,0,0,0,0,0,0,0,0,2,0,0,2,2,0,0,0,3,0,0,0,1,0,0,3,0,33,0,1,3,0,1,66,0,0,0,0,1,0,0,0,6,0,0,0,0,3,0,0,0,0,0,0,0,34,0,1,0,0,0,0,0,0,0,0,0,0,0,0,0,0,0,0,161
68,yamanashi_nagano,0,4,0,0,0,1,0,6,0,0,10,0,252,0,0,2,4,50,0,0,0,2,0,0,5,0,54,0,0,0,0,0,0,0,0,0,0,1,0,0,0,191,0,0,0,0,0,0,0,0,0,0,0,0,0,0,0,1,0,9,0,0,0,0,0,0,0,0,0,0,0,0,0,591
69,shizuoka,0,0,0,0,0,0,0,0,0,0,44,0,1,0,6,6,0,2,0,0,0,2,0,0,149,53,0,0,0,0,0,0,0,4,0,0,0,0,0,150,0,0,0,0,0,0,0,0,0,0,0,0,0,0,0,0,1,0,2,0,0,0,0,0,0,0,0,0,0,0,0,0,0,421
70,chubu_west,91,1716,0,1,0,0,26,14,49,95,49,16,1,15,72,63,63,1437,0,0,788,3,0,0,46,7,122,0,111,7,2,12,111,45,31,0,0,31,2,254,0,0,1,0,0,1,11,29,0,327,2,0,0,0,7,0,11,7,19,0,0,0,0,0,0,0,0,0,0,0,0,0,0,5693
71,overseas,0,2113,0,3,0,0,139,2,6,0,14,25,0,0,0,0,0,3,0,0,18,0,0,0,8,0,1,0,210,0,0,1,0,0,34,0,0,25,15,0,0,0,0,0,0,0,0,0,0,0,0,0,0,0,2,0,10,53,0,0,0,0,0,0,0,0,0,0,0,0,0,0,0,2683
999,unknown,0,0,0,0,0,0,0,0,0,0,0,0,0,0,0,0,0,0,0,0,0,0,0,0,0,0,0,0,0,0,0,0,0,0,0,0,0,0,0,0,0,0,0,0,0,0,0,0,0,0,0,0,0,0,0,0,0,0,0,0,0,0,0,0,0,0,0,0,0,0,0,0,0,0
○electrical_equipment,,,,,,,,,,,,,,,,,,,,,,,,,,,,,,,,,,,,,,,,,,,,,,,,,,,,,,,,,,,,,,,,,,,,,,,,,,,(unit: ton/day)
large_zone,region,tokyo_chiyoda_chuo_minato,tokyo_meguro_shinagawa_ota,tokyo_toshima_bunkyo_shinjuku_shibuya,tokyo_arakawa_taito_sumida_koto,tokyo_nakano_suginami_setagaya,tokyo_nerima_itabashi_kita,tokyo_adachi_katsushika_edogawa,chofu_nishitokyo_fuchu_musashino_etc,machida_tama_hachioji_inagi_etc,mizuho_fussa_hamura_akiruno_etc,yokohama_nishi_naka,yokohama_isogo_minami_kanazawa_konan,yokohama_hodogaya_totsuka_sakae_izumi_etc,yokohama_kohoku_tsuzuki_midori_aoba,yokohama_tsurumi_kanagawa,kawasaki_kawasaki_saiwai_nakahara,kawasaki_takatsu_miyamae_tama_asao,sagamihara_city,yokosuka_miura,kamakura_zushi_hayama,fujisawa_chigasaki_samukawa,hiratsuka_oiso_ninomiya,odawara_manazuru_yugawara_hakone,minami_ashigara_nakai_oi_matsuda_etc,atsugi_hadano_kiyokawa_isehara_etc,zama_yamato_ebina_ayase,saitama_city,kawaguchi_warabi_toda,asaka_wako_niiza_tokorozawa_etc,soka_kasukabe_misato_koshigaya_etc,hanno_hidaka_moroyama_ogose_etc,tsurugashima_sakado_kawajima_higashimatsuyama_etc,ageo_konosu_okegawa_kitamoto_etc,kuki_kazo_hanyu_gyoda_etc,kumagaya_fukaya_ogawa_yorii_etc,honjo_kamikawa_kamisato,chichibu_yokoze_minano_nagatoro_etc,chiba_city,ichikawa_urayasu_narashino_funabashi,matsudo_kamagaya_kashiwa_abiko,nagareyama_noda,yachiyo_sakura_narita_shiroi_etc,ichihara_city,kisarazu_sodegaura_kimitsu_futtsu,katsuura_otaki_tateyama_kamogawa_etc,choshi_asahi_sosa_katori_etc,togane_mobara_sanmu_oamishirasato_etc,tsuchiura_ishioka_omitama_kasumigaura_etc,koga_shimotsuma_yachiyo_goka_etc,tsukuba_city,joso_bando,ryugasaki_toride_ushiku_moriya_etc,inashiki_miho_kawachi,kashima_kamisu_namegata_itako,mito_hitachi_kasama_hitachinaka_etc,yuki_chikusei_sakuragawa,maebashi_takasaki_isesaki_shibukawa_etc,kiryu_ota_tatebayashi_midori_etc,utsunomiya_kanuma_moka_kaminokawa_etc,tochigi_oyama_shimotsuke_nogi_etc,ashikaga_sano,tokyo_islands,ibaraki_north,tochigi_north,gunma_north,gunma_other_ueno_kanna_nanmoku,hokkaido_tohoku,hokuriku,yamanashi_nagano,shizuoka,chubu_west,overseas,unknown,all_regions
0,tokyo_chiyoda_chuo_minato,3,1,0,1,0,1,0,7,0,0,0,0,11,0,1,0,0,0,0,0,0,0,0,0,0,2,0,0,0,1,0,0,0,43,0,0,0,0,0,0,0,0,0,0,0,0,0,0,0,0,0,0,0,0,0,0,0,0,0,0,0,0,0,0,0,0,21,1,2,0,13,0,3,112
1,tokyo_meguro_shinagawa_ota,21,7,3,13,0,1,2,8,4,0,4,2,8,5,21,1,1,3,0,0,2,6,1,0,0,5,1,1,6,10,0,0,0,0,1,0,0,1,31,1,0,4,0,0,1,0,0,0,2,0,0,0,0,0,1,0,1,0,0,0,0,0,0,1,0,0,33,4,2,4,75,631,15,942
2,tokyo_toshima_bunkyo_shinjuku_shibuya,0,0,2,0,0,2,1,0,0,0,0,0,0,0,0,0,0,0,0,0,0,0,0,0,0,0,0,0,0,0,0,0,0,0,0,0,0,0,0,0,0,0,0,0,0,0,0,0,0,0,0,0,0,0,0,0,0,0,0,0,0,0,0,0,0,0,0,0,0,0,0,0,0,5
3,tokyo_arakawa_taito_sumida_koto,4,2,7,12,0,0,0,0,41,0,19,0,0,0,0,0,0,0,0,0,0,1,0,0,0,0,29,0,0,0,0,0,0,0,0,0,0,31,0,0,3,1,0,0,0,0,0,0,0,0,0,0,0,0,0,0,0,0,0,0,0,0,0,0,0,0,1,0,4,1,26,1,10,193
4,tokyo_nakano_suginami_setagaya,0,0,0,0,0,0,0,0,0,0,0,0,0,0,0,1,0,0,0,0,0,0,0,0,0,0,0,0,5,0,0,0,0,0,0,0,0,0,0,0,0,0,0,0,0,0,0,0,0,0,0,0,0,0,0,0,0,0,0,0,0,0,0,0,0,0,0,0,0,0,1,0,0,8
5,tokyo_nerima_itabashi_kita,0,0,0,0,0,2,0,1,0,0,0,0,0,0,0,0,0,0,0,0,0,0,0,0,0,0,0,0,1,1,0,0,0,0,0,0,0,0,1,0,0,0,0,0,0,0,0,0,0,2,0,0,0,0,0,0,0,0,0,0,0,0,0,0,0,0,0,0,0,0,0,0,6,14
6,tokyo_adachi_katsushika_edogawa,0,1,0,2,0,0,7,0,0,1,0,0,0,0,0,0,0,0,0,0,0,0,0,0,0,0,0,0,1,0,0,0,0,4,0,0,0,0,7,0,0,0,0,0,0,0,0,0,0,0,0,0,0,0,0,0,0,0,0,0,0,0,0,0,0,0,4,0,0,0,7,1,602,638
7,chofu_nishitokyo_fuchu_musashino_etc,0,20,3,4,3,0,0,28,3,2,29,0,0,0,0,0,0,3,0,0,0,0,0,0,0,3,1,0,5,0,0,1,0,0,0,0,0,12,0,0,0,6,0,12,0,0,0,0,0,0,0,0,0,0,0,0,0,1,1,0,0,0,0,0,0,0,6,1,1,2,3,0,78,231
8,machida_tama_hachioji_inagi_etc,0,0,6,0,0,0,0,19,39,12,1,0,0,9,0,5,0,21,0,0,0,2,0,0,0,8,1,0,0,1,0,1,0,0,0,0,0,0,4,0,0,6,0,0,0,0,0,0,0,0,0,0,0,0,4,0,1,0,1,1,0,0,0,0,0,0,5,5,2,3,35,3,19,217
9,mizuho_fussa_hamura_akiruno_etc,0,0,1,0,2,0,0,9,20,2,0,0,0,1,8,3,0,2,0,0,1,0,0,0,1,0,0,0,46,0,1,0,0,0,8,0,0,0,13,0,0,1,1,0,0,0,0,0,0,0,0,0,0,0,0,0,0,0,0,13,0,0,0,0,0,0,84,0,8,0,58,0,4,288
10,yokohama_nishi_naka,0,1,0,0,0,0,0,0,0,0,1,1,1,2,1,1,1,3,1,0,2,0,0,0,0,0,0,0,0,0,0,0,0,0,0,0,0,0,0,1,0,0,0,0,0,0,0,0,0,0,0,0,0,0,0,0,4,0,1,0,0,0,0,0,0,0,2,0,0,39,0,0,0,62
11,yokohama_isogo_minami_kanazawa_konan,0,1,0,0,0,5,0,0,0,0,0,13,0,0,0,0,0,0,0,0,0,0,0,0,0,0,0,0,0,0,0,0,0,0,0,0,0,0,0,0,0,0,0,0,0,0,0,0,0,0,0,0,0,0,0,0,0,0,0,0,0,0,0,0,0,0,2,14,0,0,11,0,3,49
12,yokohama_hodogaya_totsuka_sakae_izumi_etc,0,0,0,0,0,0,0,0,1,0,1,9,4,1,3,0,0,0,0,0,0,4,0,0,0,0,0,0,0,0,0,0,0,0,0,0,0,0,0,0,0,1,0,0,0,0,0,0,0,0,0,0,0,0,0,0,0,0,0,0,0,0,0,0,0,0,0,0,0,0,7,0,0,33
13,yokohama_kohoku_tsuzuki_midori_aoba,1,3,1,1,8,0,1,0,0,0,1,3,2,19,5,6,1,0,0,1,0,0,0,0,3,1,0,0,0,0,0,0,0,0,0,0,0,0,0,0,0,3,0,0,0,0,0,0,0,0,0,0,0,0,0,0,0,0,0,0,0,0,0,0,0,0,10,0,0,6,63,0,20,161
14,yokohama_tsurumi_kanagawa,0,10,0,4,0,0,0,0,0,0,101,1,0,0,9,1,0,0,0,0,0,1,0,0,0,0,0,0,0,4,0,0,0,0,0,0,0,2,19,0,10,64,0,0,0,0,0,1,0,0,0,0,0,0,0,0,1,0,0,0,0,0,0,0,0,0,0,10,1,3,11,0,122,377
15,kawasaki_kawasaki_saiwai_nakahara,0,0,2,0,0,0,0,3,0,0,18,0,0,1,1,3,0,0,0,0,0,0,0,0,0,1,0,0,1,0,1,0,0,0,0,1,0,34,0,1,0,0,1,0,0,0,0,0,0,0,0,0,0,0,0,0,0,0,0,0,0,0,0,1,0,0,9,1,1,3,50,26,15,175
16,kawasaki_takatsu_miyamae_tama_asao,0,2,0,0,1,0,0,6,1,0,0,1,2,0,1,0,1,0,0,0,0,0,0,0,2,5,0,0,0,2,0,0,0,4,0,0,0,0,0,0,0,0,0,0,0,0,0,1,0,0,0,0,0,0,0,0,0,0,1,0,0,0,0,0,0,0,7,7,4,5,10,0,8,72
17,sagamihara_city,0,0,0,0,0,0,0,7,1,0,0,0,0,0,0,0,0,4,0,0,0,0,0,0,6,4,0,0,0,0,0,0,0,0,0,0,0,0,0,0,0,0,0,0,0,0,0,0,0,0,0,0,0,0,0,0,0,0,0,0,0,0,0,0,0,0,4,12,1,4,1,0,8,54
18,yokosuka_miura,0,0,0,0,0,0,0,0,0,0,0,0,0,0,0,0,0,0,6,0,0,0,0,0,0,0,0,0,0,0,0,0,0,0,0,0,0,0,0,0,0,0,0,0,0,0,0,0,0,0,0,0,0,0,0,0,0,0,0,0,0,0,0,0,0,0,10,1,0,0,0,0,0,19
19,kamakura_zushi_hayama,0,5,1,0,0,0,0,0,0,0,0,2,0,0,0,3,0,0,0,1,3,0,0,0,0,0,0,0,3,0,0,0,0,0,0,0,0,0,0,0,0,0,0,0,0,0,2,2,0,3,0,0,0,0,0,0,0,0,0,0,0,0,0,0,0,0,0,0,0,0,5,0,2,33
20,fujisawa_chigasaki_samukawa,0,0,0,0,0,0,0,0,0,0,0,0,3,0,1,0,0,0,0,0,16,0,0,0,4,3,0,0,0,0,0,0,0,0,0,0,0,0,0,0,0,0,0,0,0,1,0,0,0,0,0,0,0,0,0,0,0,0,0,0,0,0,0,0,0,0,0,0,0,2,0,2,0,33
21,hiratsuka_oiso_ninomiya,0,0,0,0,0,0,0,0,0,0,3,0,0,7,3,0,0,6,3,0,3,7,0,0,6,0,0,0,0,0,0,0,0,0,0,0,0,0,0,0,0,0,0,0,0,0,0,0,0,0,0,4,0,0,0,0,0,1,0,0,0,0,0,0,0,0,0,0,0,0,5,0,10,61
22,odawara_manazuru_yugawara_hakone,0,0,0,0,0,0,0,0,0,0,0,0,0,0,0,0,0,0,0,0,0,0,0,0,0,0,0,0,0,0,0,0,0,0,0,0,0,0,0,0,0,0,0,0,0,0,0,0,0,0,0,0,0,0,0,0,0,0,0,0,0,0,0,0,0,0,0,0,0,0,0,0,0,0
23,minami_ashigara_nakai_oi_matsuda_etc,0,0,0,0,0,0,0,0,0,0,0,0,0,0,0,0,0,0,0,0,0,0,0,0,0,0,0,0,0,0,0,0,0,0,0,0,0,0,0,0,0,0,0,0,0,0,0,0,0,0,0,0,0,0,0,0,0,0,0,0,0,0,0,0,0,0,0,0,0,0,0,0,6,7
24,atsugi_hadano_kiyokawa_isehara_etc,1,2,3,7,0,0,11,0,3,0,0,15,12,0,0,17,0,20,0,0,3,5,9,0,20,13,0,0,5,0,0,0,1,0,27,0,0,0,27,0,0,0,1,0,0,0,3,0,0,0,0,0,0,0,1,0,0,0,0,0,0,0,37,0,0,0,16,35,2,49,44,18,75,482
25,zama_yamato_ebina_ayase,0,0,0,0,0,1,0,10,0,0,2,0,1,3,28,0,0,0,0,0,0,6,4,0,19,20,0,0,0,0,0,0,0,0,0,0,0,0,1,0,0,0,0,0,0,0,0,0,0,0,0,0,0,0,0,0,0,0,0,0,0,0,0,0,0,0,3,0,1,2,2,0,0,104
26,saitama_city,1,0,0,1,0,2,0,0,0,0,0,0,0,0,1,0,0,0,0,0,0,1,0,0,13,0,25,13,22,19,0,6,11,13,9,0,0,0,10,15,0,0,0,0,0,0,0,0,0,0,0,0,0,0,1,0,2,0,0,0,0,0,0,0,0,0,4,2,0,1,5,1,2,179
27,kawaguchi_warabi_toda,1,2,0,7,0,1,2,2,2,0,0,0,0,1,2,1,0,1,0,0,0,0,0,0,0,4,8,19,11,6,0,6,0,0,3,0,0,8,6,2,0,1,0,0,0,0,0,0,0,0,0,0,0,0,0,3,2,0,1,1,0,0,0,0,0,0,22,2,1,0,41,0,1,170
28,asaka_wako_niiza_tokorozawa_etc,2,0,0,0,0,1,6,0,0,0,0,0,2,0,7,0,0,9,0,0,0,0,0,0,0,0,14,6,203,0,9,3,7,29,6,0,0,2,6,1,0,0,0,0,0,0,0,1,0,0,0,0,0,0,2,0,1,32,20,0,0,0,0,0,0,0,13,79,93,1,174,3,49,784
29,soka_kasukabe_misato_koshigaya_etc,0,20,0,2,0,0,0,1,0,0,1,1,1,18,7,0,0,0,0,0,0,0,0,0,0,4,2,2,2,7,0,0,2,0,0,0,0,1,0,0,0,2,0,0,0,0,6,1,0,0,2,0,0,0,0,0,3,20,6,0,0,0,0,0,0,0,11,2,3,2,6,0,12,146
30,hanno_hidaka_moroyama_ogose_etc,0,0,0,0,0,0,0,13,2,0,0,0,0,0,0,0,0,0,0,0,0,0,0,0,0,0,0,0,13,0,1,3,0,0,0,0,0,0,0,0,0,0,0,0,0,0,0,0,0,0,0,0,0,0,0,0,0,0,1,1,0,0,0,0,0,0,0,0,1,0,2,0,0,36
31,tsurugashima_sakado_kawajima_higashimatsuyama_etc,0,1,0,8,0,0,0,0,8,0,0,0,0,0,0,0,0,0,0,0,0,0,0,0,0,0,0,0,23,0,0,0,0,0,0,0,0,0,0,0,0,0,0,0,0,0,0,0,0,0,0,0,0,0,0,0,0,0,0,0,0,0,0,0,0,0,1,0,0,0,1,0,1,43
32,ageo_konosu_okegawa_kitamoto_etc,0,0,0,2,0,0,0,7,0,0,0,0,0,0,0,15,0,4,0,0,15,15,0,0,0,0,1,0,1,0,0,2,102,3,0,0,0,0,11,0,0,0,0,0,0,0,0,75,0,0,0,15,0,0,0,0,0,15,0,7,0,0,0,0,0,0,0,1,0,0,22,4,19,337
33,kuki_kazo_hanyu_gyoda_etc,0,1,0,0,0,0,0,3,0,0,0,0,0,0,0,1,0,0,12,0,0,0,0,0,15,0,0,15,0,0,0,0,2,8,3,0,0,15,0,0,0,1,0,0,0,0,0,0,0,0,0,0,0,0,0,15,0,4,4,0,0,0,0,0,0,0,21,5,0,13,73,0,174,386
34,kumagaya_fukaya_ogawa_yorii_etc,1,1,15,0,0,0,0,0,1,0,0,3,0,25,0,0,0,26,26,0,0,13,0,0,5,9,0,0,0,1,1,1,1,0,49,14,1,1,0,0,9,3,0,0,0,0,0,0,0,0,0,0,0,4,1,0,67,4,14,0,0,0,0,1,0,0,23,5,1,1,211,66,18,621
35,honjo_kamikawa_kamisato,0,0,0,0,0,0,3,0,0,0,0,0,0,0,0,0,0,0,0,0,1,0,0,0,0,0,0,0,0,0,0,0,0,0,0,0,0,0,0,0,0,0,0,0,0,0,0,0,0,0,0,1,0,0,0,0,0,0,0,0,0,0,0,0,0,0,14,0,0,11,10,0,42,82
36,chichibu_yokoze_minano_nagatoro_etc,0,0,0,0,0,0,0,0,0,7,0,0,0,0,0,0,0,0,0,0,0,0,0,0,0,0,0,0,8,0,0,3,18,0,0,0,12,0,0,0,0,0,1,0,0,0,0,0,0,0,0,0,0,0,0,0,0,4,0,0,0,0,0,0,0,0,0,0,0,0,1,0,0,54
37,chiba_city,3,8,0,4,0,0,0,1,0,0,0,0,0,0,0,0,0,0,0,0,0,0,0,0,0,0,0,0,0,0,0,0,26,0,0,0,0,25,26,33,0,21,0,11,32,9,17,0,8,0,0,0,0,0,0,0,0,4,0,0,0,0,0,0,0,0,15,0,1,110,1,0,0,357
38,ichikawa_urayasu_narashino_funabashi,2,1,1,4,1,0,1,1,1,0,0,0,0,0,0,1,0,0,0,0,0,0,0,0,0,0,1,0,1,0,0,0,0,0,2,0,0,0,734,1,0,0,0,1,0,0,0,0,0,0,0,0,0,0,0,0,0,0,0,0,0,0,0,0,0,0,6,2,2,2,7,0,1,779
39,matsudo_kamagaya_kashiwa_abiko,0,4,0,0,0,0,0,0,0,0,0,0,1,0,0,0,0,0,0,0,0,0,0,0,0,0,0,0,0,0,0,0,0,0,0,2,0,0,1,26,0,0,0,0,0,0,0,0,0,4,0,0,0,0,57,0,1,1,0,2,0,0,0,3,0,0,1,0,11,2,8,0,41,168
40,nagareyama_noda,0,0,0,5,0,0,0,0,0,0,0,0,0,0,0,0,0,4,0,0,0,0,0,0,0,0,4,0,0,4,0,0,0,0,0,0,0,0,0,0,0,0,0,0,0,0,0,3,0,0,0,0,0,0,5,0,2,0,4,0,0,0,0,0,0,0,0,0,0,0,0,0,0,30
41,yachiyo_sakura_narita_shiroi_etc,0,0,0,0,0,0,0,0,0,0,0,0,0,0,0,0,0,1,0,0,0,0,0,0,0,0,0,0,0,0,0,0,0,0,0,0,0,0,0,0,0,0,0,0,0,0,2,1,0,0,0,0,0,0,1,0,0,0,2,0,0,0,0,0,0,0,1,6,0,0,3,0,13,32
42,ichihara_city,0,0,0,0,0,0,0,0,0,0,0,0,0,0,0,1,0,0,0,0,0,0,0,0,3,0,0,0,0,0,0,0,0,0,0,0,0,8,0,0,0,0,12,0,0,0,0,0,0,0,0,0,0,0,0,0,1,0,0,0,0,0,0,0,0,0,0,0,0,0,64,7,24,119
43,kisarazu_sodegaura_kimitsu_futtsu,0,10,0,0,0,0,0,5,0,0,0,0,0,0,0,0,0,0,0,0,0,0,0,0,0,1,0,0,1,0,0,5,0,0,0,0,0,0,0,0,0,0,0,2,0,0,0,0,0,0,0,2,0,0,0,0,0,0,0,0,0,0,0,0,0,0,1,0,0,0,27,0,16,70
44,katsuura_otaki_tateyama_kamogawa_etc,0,1,0,0,0,2,1,1,0,0,0,0,0,1,0,0,1,0,0,0,0,0,0,0,0,0,1,0,1,0,0,0,0,1,0,0,0,0,1,1,1,0,0,1,3,0,0,0,0,0,0,0,0,0,1,0,0,0,0,0,0,0,0,0,0,0,7,1,1,1,32,0,1,66
45,choshi_asahi_sosa_katori_etc,0,0,0,0,0,0,0,0,0,0,0,0,0,0,0,0,0,0,0,0,0,0,0,0,0,0,0,0,0,0,0,0,0,0,0,0,0,0,52,0,0,0,0,0,0,2,0,0,14,0,0,0,0,0,0,0,0,0,0,0,0,0,0,14,0,0,0,0,0,0,35,0,0,117
46,togane_mobara_sanmu_oamishirasato_etc,0,35,0,9,0,0,0,0,0,0,0,0,0,0,7,9,0,0,0,0,0,0,0,0,0,0,0,5,0,0,0,0,0,0,0,0,0,0,10,0,0,102,0,0,5,0,1,0,0,0,0,0,0,0,0,0,0,0,0,0,0,0,0,0,0,0,1,0,0,0,1,150,728,1064
47,tsuchiura_ishioka_omitama_kasumigaura_etc,1,2,0,1,0,0,0,2,0,0,0,0,0,0,0,0,0,0,0,0,0,0,0,0,0,0,0,0,1,0,0,0,0,0,0,0,0,0,2,0,0,0,0,0,0,0,0,22,0,4,4,1,0,0,182,0,0,0,0,2,0,0,0,0,0,0,10,2,0,0,7,0,24,268
48,koga_shimotsuma_yachiyo_goka_etc,10,0,10,2,0,0,0,0,1,0,0,0,0,0,0,0,0,0,0,0,0,0,0,0,0,0,0,0,0,0,0,0,0,3,0,0,0,0,0,0,0,0,0,0,0,0,0,0,4,0,0,2,0,0,0,3,0,0,0,11,0,0,0,0,0,0,1,0,1,4,34,0,9,95
49,tsukuba_city,0,0,0,0,0,0,0,0,0,0,0,0,0,0,0,0,0,0,0,0,0,0,0,0,0,0,0,0,0,0,0,0,0,0,0,0,0,0,0,1,0,0,0,0,0,0,0,5,0,4,2,3,0,2,90,0,0,0,0,0,0,0,0,0,0,0,0,0,0,0,3,3,10,124
50,joso_bando,0,0,0,0,0,0,0,0,0,0,0,0,0,0,0,0,0,0,0,0,0,0,0,0,0,0,0,0,0,0,0,0,0,0,0,0,0,0,0,0,0,0,0,0,0,0,0,0,0,0,0,1,0,0,1,0,0,0,0,0,0,0,0,0,0,0,0,0,0,0,0,0,8,9
51,ryugasaki_toride_ushiku_moriya_etc,0,0,0,93,0,3,1,0,0,0,0,0,0,25,0,0,0,0,0,0,0,0,0,0,1,0,0,0,0,0,0,0,0,0,1,0,0,1,0,26,0,1,0,0,0,0,0,0,0,4,0,25,0,0,20,0,0,0,0,0,0,0,0,0,0,0,0,0,0,0,6,3,77,285
52,inashiki_miho_kawachi,0,0,0,0,0,0,0,0,0,0,0,0,0,0,0,0,0,0,0,0,0,0,0,0,0,0,0,0,0,0,0,0,0,0,0,0,0,0,0,0,0,0,0,0,0,0,0,0,0,0,0,0,3,2,6,0,0,0,0,0,0,0,0,0,0,0,0,0,0,0,0,0,0,11
53,kashima_kamisu_namegata_itako,0,0,0,0,0,0,0,0,0,0,0,0,0,0,0,0,0,0,0,0,0,0,0,0,0,0,0,0,0,0,0,0,0,0,0,0,0,0,0,0,0,0,0,0,0,0,0,0,0,0,0,0,0,0,31,0,0,0,0,0,0,0,0,0,0,0,0,0,0,0,0,0,31,63
54,mito_hitachi_kasama_hitachinaka_etc,0,6,0,0,0,0,25,8,0,0,0,0,0,0,0,0,0,0,16,0,0,0,0,0,2,1,1,0,0,0,0,0,0,0,0,0,0,0,62,2,0,0,0,0,0,0,0,10,0,0,0,0,0,65,374,0,0,4,0,141,0,0,21,0,0,0,135,30,4,28,296,0,96,1327
55,yuki_chikusei_sakuragawa,0,0,0,0,0,0,0,0,0,0,0,0,0,0,0,0,0,0,0,0,0,0,0,0,0,0,0,0,0,1,0,0,0,2,0,0,0,0,0,0,0,0,0,0,0,0,0,0,2,1,0,0,1,0,3,5,0,0,0,6,0,0,0,0,0,0,0,0,2,5,4,0,4,38
56,maebashi_takasaki_isesaki_shibukawa_etc,2,10,4,16,3,5,32,26,8,2,0,0,3,0,0,4,0,4,4,0,68,10,44,1,3,5,25,8,22,6,1,1,7,3,2,3,0,21,5,8,2,5,2,2,2,2,5,13,1,0,3,4,0,1,8,4,102,75,14,3,3,0,0,0,1,0,326,27,28,68,1074,0,155,2297
57,kiryu_ota_tatebayashi_midori_etc,0,0,0,36,0,0,0,4,0,0,1,0,0,0,0,0,0,0,0,0,0,0,0,0,0,2,0,0,1,0,0,5,0,0,5,0,0,0,0,0,1,0,0,0,0,0,0,0,0,0,0,0,0,0,0,0,4,187,7,0,0,0,0,14,1,0,24,0,0,0,88,0,33,413
58,utsunomiya_kanuma_moka_kaminokawa_etc,0,0,0,3,0,0,0,0,0,0,0,0,0,0,0,0,0,0,0,0,0,0,0,0,0,0,0,0,0,1,0,1,0,0,0,0,0,0,3,1,0,0,0,0,0,471,0,0,0,0,24,1,0,0,8,0,0,0,43,2,0,0,0,6,0,0,10,0,0,3,250,0,9,837
59,tochigi_oyama_shimotsuke_nogi_etc,1,44,3,13,6,0,0,1,0,0,0,0,1,3,4,0,13,0,0,0,2,0,0,0,0,0,0,0,1,3,0,0,0,16,0,0,0,7,58,0,0,0,0,0,0,0,0,0,4,3,1,0,0,0,0,0,8,0,25,22,0,0,6,1,4,0,35,0,3,12,367,14,34,715
60,ashikaga_sano,0,0,0,0,0,0,0,0,0,0,0,0,0,0,0,0,0,0,0,0,0,0,0,0,0,0,0,0,0,0,0,1,0,0,0,0,0,0,0,0,0,0,0,0,0,0,0,0,0,0,0,0,0,2,0,0,1,4,10,0,0,0,0,0,0,0,0,0,2,0,3,0,0,23
61,tokyo_islands,0,0,0,0,0,0,0,0,0,0,0,0,0,0,0,0,0,0,0,0,0,0,0,0,0,0,0,0,0,0,0,0,0,0,0,0,0,0,0,0,0,0,0,0,0,0,0,0,0,0,0,0,0,0,0,0,0,0,0,0,0,0,0,0,0,0,0,0,0,0,0,0,0,0
62,ibaraki_north,0,0,0,0,0,0,0,0,0,0,0,0,0,0,0,0,0,0,0,0,0,0,0,0,0,0,0,0,0,0,0,0,0,0,0,0,0,0,0,0,0,0,0,0,4,0,0,0,0,0,0,0,0,0,61,0,0,0,0,3,0,0,0,0,0,0,0,0,0,0,0,0,0,68
63,tochigi_north,0,0,0,0,0,2,0,0,0,0,0,0,0,0,0,0,0,0,0,0,0,0,0,0,0,0,0,0,0,0,0,0,0,0,12,0,0,0,0,0,0,0,0,0,0,0,0,0,0,0,0,0,0,0,0,0,4,0,3,0,0,0,0,0,0,0,0,0,0,0,0,0,0,20
64,gunma_north,0,0,0,0,0,0,0,0,0,0,0,0,0,0,0,0,0,0,0,0,0,0,0,0,0,0,0,0,0,0,0,0,0,0,0,0,0,0,0,0,0,0,0,0,0,0,0,0,0,0,0,0,0,0,0,0,2,0,0,0,0,0,0,0,0,0,0,0,0,0,0,0,0,2
65,gunma_other_ueno_kanna_nanmoku,0,0,0,0,0,0,0,0,0,0,0,0,0,0,0,0,0,0,0,0,0,0,0,0,0,0,0,0,0,0,0,0,0,0,0,0,0,0,0,0,0,0,0,0,0,0,0,0,0,0,0,0,0,0,0,0,0,0,0,0,0,0,0,0,0,0,0,0,0,0,0,0,0,0
66,hokkaido_tohoku,0,344,0,0,0,0,0,5,5,1,0,0,0,6,3,5,0,3,0,0,1,0,0,0,0,3,0,0,1,2,0,0,12,1,5,0,0,0,0,0,0,1,0,0,1,0,23,6,0,14,0,10,37,0,2,2,1,0,7,11,0,0,0,0,0,0,0,0,0,0,0,0,0,514
67,hokuriku,0,0,0,0,0,0,0,0,3,1,31,0,0,0,0,1,0,0,0,0,0,0,0,0,34,0,0,2,0,1,0,0,11,0,1,1,0,0,0,1,0,0,0,0,1,0,6,0,0,0,0,0,0,0,3,0,52,0,0,6,0,0,0,0,0,0,0,0,0,0,0,0,0,156
68,yamanashi_nagano,0,4,0,0,0,0,4,1,2,2,6,0,0,9,20,0,0,0,0,0,0,0,0,0,12,1,0,0,2,5,0,0,0,0,1,0,0,0,0,0,0,1,0,0,2,0,0,0,0,0,0,0,0,0,0,0,1,0,0,3,0,0,0,0,0,0,0,0,0,0,0,0,0,77
69,shizuoka,0,78,0,0,0,0,0,2,5,0,0,0,0,2,0,1,0,2,0,0,0,0,0,0,13,2,0,0,1,3,0,0,4,0,0,0,0,0,30,0,149,0,0,0,0,0,0,0,0,0,0,0,0,0,0,2,0,0,0,5,1,0,0,0,0,0,0,0,0,0,0,0,0,299
70,chubu_west,0,62,0,5,0,0,4,6,2,4,0,15,1,9,15,1,3,0,0,0,4,24,0,0,4,3,1,83,0,11,6,1,7,23,14,1,1,0,0,0,0,31,0,11,8,0,13,3,4,1,0,1,0,0,3,0,181,0,1,19,1,0,0,0,0,0,0,0,0,0,0,0,0,590
71,overseas,2,131,0,61,3,0,0,105,30,0,0,0,0,0,123,0,1,2,0,23,1,0,0,0,3,0,1,2,3,0,0,0,50,34,5,0,0,0,0,86,2,0,0,7,0,0,4,0,0,0,0,2,0,0,0,0,11,0,0,249,20,0,0,0,0,0,0,0,0,0,0,0,0,962
999,unknown,0,0,0,0,0,0,0,0,0,0,0,0,0,0,0,0,0,0,0,0,0,0,0,0,0,0,0,0,0,0,0,0,0,0,0,0,0,0,0,0,0,0,0,0,0,0,0,0,0,0,0,0,0,0,0,0,0,0,0,0,0,0,0,0,0,0,0,0,0,0,0,0,0,0
○transport_equipment,,,,,,,,,,,,,,,,,,,,,,,,,,,,,,,,,,,,,,,,,,,,,,,,,,,,,,,,,,,,,,,,,,,,,,,,,,,(unit: ton/day)
large_zone,region,tokyo_chiyoda_chuo_minato,tokyo_meguro_shinagawa_ota,tokyo_toshima_bunkyo_shinjuku_shibuya,tokyo_arakawa_taito_sumida_koto,tokyo_nakano_suginami_setagaya,tokyo_nerima_itabashi_kita,tokyo_adachi_katsushika_edogawa,chofu_nishitokyo_fuchu_musashino_etc,machida_tama_hachioji_inagi_etc,mizuho_fussa_hamura_akiruno_etc,yokohama_nishi_naka,yokohama_isogo_minami_kanazawa_konan,yokohama_hodogaya_totsuka_sakae_izumi_etc,yokohama_kohoku_tsuzuki_midori_aoba,yokohama_tsurumi_kanagawa,kawasaki_kawasaki_saiwai_nakahara,kawasaki_takatsu_miyamae_tama_asao,sagamihara_city,yokosuka_miura,kamakura_zushi_hayama,fujisawa_chigasaki_samukawa,hiratsuka_oiso_ninomiya,odawara_manazuru_yugawara_hakone,minami_ashigara_nakai_oi_matsuda_etc,atsugi_hadano_kiyokawa_isehara_etc,zama_yamato_ebina_ayase,saitama_city,kawaguchi_warabi_toda,asaka_wako_niiza_tokorozawa_etc,soka_kasukabe_misato_koshigaya_etc,hanno_hidaka_moroyama_ogose_etc,tsurugashima_sakado_kawajima_higashimatsuyama_etc,ageo_konosu_okegawa_kitamoto_etc,kuki_kazo_hanyu_gyoda_etc,kumagaya_fukaya_ogawa_yorii_etc,honjo_kamikawa_kamisato,chichibu_yokoze_minano_nagatoro_etc,chiba_city,ichikawa_urayasu_narashino_funabashi,matsudo_kamagaya_kashiwa_abiko,nagareyama_noda,yachiyo_sakura_narita_shiroi_etc,ichihara_city,kisarazu_sodegaura_kimitsu_futtsu,katsuura_otaki_tateyama_kamogawa_etc,choshi_asahi_sosa_katori_etc,togane_mobara_sanmu_oamishirasato_etc,tsuchiura_ishioka_omitama_kasumigaura_etc,koga_shimotsuma_yachiyo_goka_etc,tsukuba_city,joso_bando,ryugasaki_toride_ushiku_moriya_etc,inashiki_miho_kawachi,kashima_kamisu_namegata_itako,mito_hitachi_kasama_hitachinaka_etc,yuki_chikusei_sakuragawa,maebashi_takasaki_isesaki_shibukawa_etc,kiryu_ota_tatebayashi_midori_etc,utsunomiya_kanuma_moka_kaminokawa_etc,tochigi_oyama_shimotsuke_nogi_etc,ashikaga_sano,tokyo_islands,ibaraki_north,tochigi_north,gunma_north,gunma_other_ueno_kanna_nanmoku,hokkaido_tohoku,hokuriku,yamanashi_nagano,shizuoka,chubu_west,overseas,unknown,all_regions
0,tokyo_chiyoda_chuo_minato,62,34,19,0,6,0,0,0,0,0,0,3,0,0,0,0,0,0,0,0,0,0,0,0,0,0,0,0,0,0,0,0,0,0,0,0,0,0,0,0,0,0,0,0,0,0,0,0,0,0,0,0,0,0,0,0,0,0,0,0,0,0,0,0,0,0,0,0,0,0,0,0,0,125
1,tokyo_meguro_shinagawa_ota,2,6,0,0,3,0,7,0,0,0,3,1,2,0,0,0,0,0,3,0,4,0,0,0,0,2,0,0,0,0,0,0,0,0,0,0,0,3,0,0,0,0,0,0,0,0,0,0,0,0,0,0,0,0,0,0,0,3,0,0,0,0,0,0,0,0,0,0,7,1,0,0,7,55
2,tokyo_toshima_bunkyo_shinjuku_shibuya,0,0,0,0,0,0,0,0,0,0,0,0,0,0,0,0,0,0,0,0,0,0,0,0,0,0,0,0,0,0,0,0,0,0,0,0,0,0,0,0,0,0,0,0,0,0,0,0,0,0,0,0,0,0,0,0,0,0,0,0,0,0,0,0,0,0,0,0,0,0,0,0,0,2
3,tokyo_arakawa_taito_sumida_koto,0,3,0,23,0,0,37,0,5,0,60,0,0,0,0,0,0,0,21,0,0,0,0,0,0,0,0,0,0,0,0,0,0,0,0,0,0,0,5,0,0,0,0,0,0,0,0,0,0,0,0,0,0,0,0,0,0,0,0,0,0,0,0,0,0,0,0,0,0,7,0,0,30,191
4,tokyo_nakano_suginami_setagaya,0,0,0,0,3,0,0,7,0,0,0,0,0,0,0,0,0,0,0,0,0,0,0,0,0,0,57,57,0,46,0,0,0,57,0,0,0,0,0,0,0,0,0,0,0,0,0,0,0,0,0,0,0,0,0,0,0,0,0,0,0,0,0,0,0,0,0,0,0,0,0,0,0,228
5,tokyo_nerima_itabashi_kita,0,11,0,0,0,26,28,31,6,0,0,0,0,0,0,0,0,0,0,0,0,0,0,0,0,0,0,0,4,0,0,0,0,0,0,0,0,0,0,0,0,0,0,0,0,0,0,0,0,0,0,0,0,0,0,0,0,0,4,0,0,0,0,0,0,0,1,0,0,0,14,0,0,126
6,tokyo_adachi_katsushika_edogawa,0,0,0,5,0,0,1,0,0,0,0,0,0,0,0,0,0,0,0,0,6,0,0,0,0,0,0,0,0,4,0,6,0,0,0,0,0,0,7,0,0,1,2,0,0,0,0,20,0,0,0,6,0,0,0,0,6,0,0,0,0,0,0,0,0,0,0,0,0,0,17,0,21,102
7,chofu_nishitokyo_fuchu_musashino_etc,1,0,9,0,23,19,64,41,50,30,0,0,0,0,44,0,0,0,0,0,17,0,0,0,0,0,13,0,0,9,0,0,3,0,0,3,0,0,2,0,1,2,0,0,0,0,0,0,0,0,0,0,0,0,0,0,0,8,4,0,0,0,0,0,0,0,17,0,0,0,1,0,3,367
8,machida_tama_hachioji_inagi_etc,285,0,0,0,0,3,0,47,91,540,0,0,0,266,0,0,0,0,0,0,0,0,0,0,0,0,0,0,1,0,93,0,0,0,0,0,0,0,1,0,0,0,0,0,0,0,0,1,218,0,0,1,0,0,0,0,8,297,0,0,0,0,12,0,0,0,11,0,61,1,75,0,158,2171
9,mizuho_fussa_hamura_akiruno_etc,0,0,0,0,0,0,0,1,38,68,0,36,0,0,0,4,0,19,0,0,0,4,0,0,35,10,0,0,111,4,48,9,7,0,10,0,0,0,11,0,0,0,0,0,0,0,0,0,0,0,0,0,0,0,0,14,33,26,5,0,0,0,0,0,0,0,21,0,72,0,94,0,28,711
10,yokohama_nishi_naka,0,0,0,0,0,0,0,0,15,0,22,35,9,15,472,9,0,0,0,0,137,184,0,0,0,61,0,0,0,0,0,0,0,0,0,0,0,0,0,0,0,0,0,0,0,0,0,0,0,0,0,0,0,0,0,0,0,0,490,0,10,0,0,0,0,0,61,0,0,0,184,8492,0,10196
11,yokohama_isogo_minami_kanazawa_konan,61,3286,41,34,102,11,6,0,124,0,146,91,36,178,25,65,10,1586,197,25,79,0,0,0,9,24,0,0,0,0,0,0,0,463,0,3,0,0,0,0,0,0,0,0,0,0,0,3,0,0,0,0,0,0,0,0,0,3,0,0,0,0,0,0,0,0,27,1,0,439,2551,1078,2313,13017
12,yokohama_hodogaya_totsuka_sakae_izumi_etc,0,0,0,0,0,0,0,0,0,96,0,0,40,3,3,0,0,6,0,3,3,9,0,0,0,4,0,0,0,0,0,0,0,0,0,0,0,0,0,0,0,2,0,0,0,0,0,0,0,0,0,0,0,0,0,0,8,0,0,0,0,0,0,0,0,0,3,0,3,25,4,0,31,245
13,yokohama_kohoku_tsuzuki_midori_aoba,0,0,0,0,0,0,0,1,0,0,36,0,81,188,11,177,1,1,0,0,127,0,0,0,20,5,5,0,0,0,0,0,0,0,0,0,0,0,1,0,0,0,0,3,0,0,0,2,0,0,0,0,0,0,0,0,0,0,0,0,0,0,0,0,0,0,0,0,0,0,0,229,39,928
14,yokohama_tsurumi_kanagawa,0,0,0,0,0,0,0,0,28,1,1,3,0,4,5,0,0,2,0,0,124,0,0,0,0,3,0,0,0,0,0,0,0,0,0,0,0,0,0,11,0,0,0,0,0,0,0,0,0,0,0,0,0,0,0,0,0,0,0,3,0,0,0,0,0,0,0,0,0,0,4,0,27,215
15,kawasaki_kawasaki_saiwai_nakahara,0,0,0,0,0,0,0,0,0,0,109,5,9,0,279,4486,9,0,5,0,129,0,0,0,2,0,0,0,16,0,0,0,0,0,0,0,0,0,0,0,0,0,0,0,0,0,0,0,0,0,0,0,0,0,0,0,0,0,0,0,0,0,0,0,0,0,4,0,0,2,2,0,48,5104
16,kawasaki_takatsu_miyamae_tama_asao,0,20,3,3,5,7,0,2,4,0,0,0,0,4,0,65,15,8,0,4,23,0,4,0,24,4,0,0,0,0,0,0,0,0,0,0,0,0,0,0,0,0,0,0,0,0,0,0,0,0,0,0,0,0,0,0,0,0,0,0,0,0,0,0,0,0,0,0,0,0,2,0,5,205
17,sagamihara_city,0,0,0,0,0,0,0,28,0,0,23,0,9,0,16,5,0,112,0,0,29,0,0,0,21,26,279,2,5,0,0,2,0,0,5,0,0,253,0,0,0,0,0,0,0,0,0,24,0,0,0,0,0,0,184,2,122,2,143,1,0,0,0,0,0,0,670,296,134,3,2764,0,4,5163
18,yokosuka_miura,0,0,0,0,0,0,0,0,0,0,0,8,0,0,0,0,0,0,40,0,0,0,0,0,0,0,0,0,0,0,0,0,0,0,0,0,0,0,0,0,0,0,0,0,0,0,0,0,0,0,0,0,0,0,0,0,0,0,0,0,0,0,0,0,0,0,3,0,0,0,0,0,1,53
19,kamakura_zushi_hayama,0,0,0,0,0,0,0,0,0,0,0,0,0,0,0,0,0,0,0,0,6,0,0,0,0,0,0,0,0,0,0,0,0,0,0,0,0,0,0,0,0,0,0,0,0,0,0,0,0,0,0,0,0,0,0,0,0,4,0,0,0,0,0,0,0,0,0,0,0,0,0,0,0,11
20,fujisawa_chigasaki_samukawa,0,29,0,41,9,0,0,24,23,109,243,42,148,64,150,103,0,766,24,0,5563,27,0,0,506,1636,7,63,105,14,0,2,17,10,54,0,0,17,0,0,0,0,0,0,0,0,4,32,6,0,5,4,0,0,10,0,250,105,622,1968,108,0,0,2,0,0,455,48,98,118,645,2564,2487,19327
21,hiratsuka_oiso_ninomiya,0,0,0,0,0,0,0,1,0,0,0,0,14,0,68,0,0,9,0,0,62,66,0,2,28,37,0,0,0,0,1,0,0,0,12,0,0,0,0,0,0,0,0,0,0,0,0,0,0,0,0,0,0,0,0,0,0,3,0,1,0,0,0,0,0,0,0,0,0,70,0,0,1,375
22,odawara_manazuru_yugawara_hakone,0,0,0,0,0,0,0,0,0,0,0,0,0,0,0,0,0,0,0,0,0,0,7,13,3,0,0,0,0,0,0,0,0,0,0,0,0,0,0,0,0,0,0,0,0,0,0,0,0,0,0,0,0,0,0,0,0,0,0,0,0,0,0,0,0,0,0,0,0,2,3,96,0,124
23,minami_ashigara_nakai_oi_matsuda_etc,0,0,0,0,0,0,0,0,0,0,0,0,0,0,0,0,0,0,0,0,1,0,0,0,0,1,0,0,0,0,0,0,0,0,0,0,0,0,0,0,0,0,0,0,0,0,0,0,0,0,0,0,0,0,0,0,0,0,0,0,0,0,0,0,0,0,0,0,0,0,0,0,5,7
24,atsugi_hadano_kiyokawa_isehara_etc,0,1,0,0,0,0,1,0,2,89,314,8,0,3,50,25,3,67,43,0,12,19,0,0,68,31,0,0,8,1,0,0,9,0,0,0,0,8,0,0,0,0,0,0,0,0,0,0,0,0,0,7,0,0,14,0,16,48,37,15,0,0,3,0,0,0,70,0,9,99,444,29,53,1608
25,zama_yamato_ebina_ayase,46,16,1,0,15,0,3,3,45,11,43,23,31,17,5,70,0,30,57,11,268,82,0,0,61,266,16,188,1,5,3,0,15,0,1,0,0,17,0,20,4,0,0,0,0,0,0,0,0,0,0,0,0,0,12,5,0,0,31,110,2,0,0,0,0,0,25,26,0,0,369,0,105,2059
26,saitama_city,0,0,0,0,0,4,0,0,0,0,0,0,0,0,0,0,0,2,0,0,4,0,0,0,0,0,41,20,26,4,0,0,23,16,0,0,0,0,0,0,0,7,0,0,0,0,0,0,0,0,0,0,0,0,0,1,0,36,0,15,0,0,0,0,1,0,2,0,0,40,29,0,0,271
27,kawaguchi_warabi_toda,0,0,0,1,1,0,1,0,0,0,0,0,0,0,3,0,0,0,15,0,0,0,0,0,1,0,0,3,41,2,0,0,39,0,0,0,0,0,0,0,5,0,0,0,0,0,0,0,0,0,0,0,0,0,0,0,1,0,20,0,0,0,0,0,0,0,0,0,0,0,0,0,0,132
28,asaka_wako_niiza_tokorozawa_etc,0,0,0,0,0,0,0,42,0,0,0,0,2,49,0,0,0,0,0,0,0,0,0,0,14,0,0,6,189,1,22,13,16,0,46,2,0,0,0,0,0,0,0,0,0,0,0,0,0,0,0,0,0,0,0,0,31,75,0,0,0,0,0,0,0,0,0,0,14,1,20,31,147,722
29,soka_kasukabe_misato_koshigaya_etc,0,0,0,0,0,0,1,0,0,6,73,25,0,0,0,9,0,0,9,0,0,0,0,0,0,2,0,0,2,65,0,0,12,0,0,0,0,0,0,0,2,0,0,0,0,0,0,0,0,0,0,0,0,0,0,0,0,3,53,9,0,0,0,0,0,0,5,0,0,6,8,0,9,300
30,hanno_hidaka_moroyama_ogose_etc,0,0,0,0,0,0,0,0,0,0,0,0,0,0,11,0,0,0,0,0,0,0,0,0,0,0,0,0,62,0,2,3,2,111,8,0,0,0,0,0,0,0,0,0,0,0,0,0,0,0,0,0,0,0,1,0,0,14,0,0,0,0,0,0,0,0,8,0,0,4,72,49,7,355
31,tsurugashima_sakado_kawajima_higashimatsuyama_etc,0,0,0,0,0,3,3,0,9,0,13,1,0,0,0,0,0,19,16,0,20,15,0,0,4,0,0,3,78,0,26,63,23,32,20,22,1,0,0,0,0,0,0,0,0,0,0,0,0,0,0,0,0,0,0,0,16,36,62,5,4,0,0,0,0,0,13,4,0,20,108,1,16,657
32,ageo_konosu_okegawa_kitamoto_etc,0,61,0,7,9,9,12,12,0,0,0,0,0,1,4,111,0,0,0,0,0,0,0,0,15,2,10,6,0,3,2,21,135,59,6,0,0,0,0,0,0,0,0,0,0,0,0,22,0,15,0,0,0,0,0,0,4,0,0,34,0,0,0,4,0,0,14,7,27,4,61,0,35,711
33,kuki_kazo_hanyu_gyoda_etc,0,0,0,5,0,0,1,0,35,0,7,0,0,0,0,12,0,1,3,0,34,4,0,0,0,13,11,3,452,15,0,2,23,65,394,0,0,1,0,0,29,0,0,0,0,0,0,3,243,0,0,0,0,0,12,1,6,13,4,0,0,0,0,0,0,0,2,2,1,39,176,38,152,1803
34,kumagaya_fukaya_ogawa_yorii_etc,0,1,0,0,0,0,2,0,18,108,4,0,0,0,0,0,0,0,32,0,11,36,0,0,11,35,9,0,250,1,5,22,5,11,256,17,6,0,0,0,0,3,0,0,0,0,0,2,0,0,0,0,0,0,0,19,36,249,55,11,10,0,0,0,0,0,14,0,6,6,200,2,76,1530
35,honjo_kamikawa_kamisato,0,0,0,0,0,0,0,0,0,0,20,0,0,0,0,0,0,0,0,0,0,12,0,0,0,0,2,0,29,0,0,29,0,0,6,3,0,0,0,0,0,0,0,0,0,0,0,0,0,0,0,0,0,0,0,0,29,0,20,0,0,0,0,0,0,0,15,0,0,36,48,0,0,250
36,chichibu_yokoze_minano_nagatoro_etc,0,0,0,0,0,0,0,0,0,0,0,0,0,0,0,0,0,0,0,0,0,0,0,0,0,0,0,0,0,0,0,0,0,0,15,0,8,0,0,0,0,0,0,0,0,0,0,0,0,0,0,0,0,0,0,0,0,0,0,0,1,0,0,0,0,0,0,0,0,0,0,0,3,28
37,chiba_city,0,0,0,0,0,0,0,19,0,0,0,0,0,0,0,0,0,1,0,0,12,0,0,0,0,0,0,14,1,0,0,0,0,0,0,0,0,30,17,0,0,30,2,0,0,0,3,0,0,0,0,0,0,0,16,3,0,2,0,0,0,0,0,1,0,0,15,0,4,0,46,0,5,222
38,ichikawa_urayasu_narashino_funabashi,0,0,0,0,0,0,10,0,0,0,0,0,0,0,0,0,0,0,0,0,0,0,0,0,0,0,0,0,0,0,0,0,0,0,0,0,0,0,1,7,0,6,0,0,0,0,0,0,0,0,0,0,0,0,0,0,0,0,0,0,0,0,0,0,0,0,0,0,0,0,0,0,0,23
39,matsudo_kamagaya_kashiwa_abiko,0,1,0,0,0,0,0,0,0,0,0,0,0,0,0,0,0,2,0,0,2,0,0,0,0,0,0,0,0,1,0,0,0,0,0,0,0,0,0,0,0,2,0,0,0,0,0,0,0,0,0,12,1,0,0,0,0,1,0,0,0,0,0,0,0,0,2,0,0,2,13,0,5,43
40,nagareyama_noda,2,4,0,0,0,0,0,34,0,0,0,0,0,0,0,0,0,0,0,0,0,2,0,0,0,0,0,34,34,0,0,0,0,0,0,0,0,34,34,0,0,0,0,0,0,0,0,0,0,0,0,17,0,0,0,0,9,27,0,0,0,0,0,0,0,0,0,0,0,0,1,0,0,234
41,yachiyo_sakura_narita_shiroi_etc,0,18,0,0,0,0,0,0,0,0,770,9,0,0,0,0,0,0,0,0,0,0,0,0,0,0,0,0,0,0,0,0,0,0,0,0,0,0,12,22,8,25,6,0,0,0,0,0,0,0,0,0,0,0,0,0,0,0,0,0,0,0,0,0,0,0,0,0,0,0,0,1,513,1385
42,ichihara_city,0,0,0,0,0,0,0,0,0,0,0,0,0,0,0,160,0,1200,0,0,0,0,0,0,0,600,0,0,0,0,0,0,0,0,0,0,0,0,0,0,0,0,47,22,0,0,5,0,0,0,0,0,0,0,0,0,0,0,0,0,0,0,0,0,0,0,1,0,0,0,5,0,0,2040
43,kisarazu_sodegaura_kimitsu_futtsu,12,0,0,0,0,0,0,0,7,7,0,0,0,0,0,0,0,8,0,0,0,0,0,0,0,0,0,0,3,0,0,0,2,0,0,0,0,15,0,0,0,0,0,12,0,0,0,0,0,0,0,0,0,0,0,0,0,0,0,0,0,9,0,0,0,0,0,0,0,0,15,0,25,115
44,katsuura_otaki_tateyama_kamogawa_etc,0,0,0,0,0,0,0,0,0,0,0,0,0,0,0,0,0,0,27,0,0,0,0,0,0,0,0,0,90,0,0,0,0,0,0,0,0,0,16,0,0,0,0,0,38,0,0,0,0,0,0,0,0,0,0,0,0,0,108,0,0,0,0,0,0,0,10,0,0,0,0,0,0,290
45,choshi_asahi_sosa_katori_etc,0,0,0,0,0,0,0,0,0,0,0,0,0,0,0,0,0,0,0,0,0,0,0,0,0,0,0,0,0,0,0,0,0,0,0,0,0,0,63,27,0,0,0,0,0,14,0,0,0,0,0,0,0,0,0,0,0,0,0,0,0,0,0,0,0,0,0,0,0,0,0,0,1,105
46,togane_mobara_sanmu_oamishirasato_etc,0,0,0,0,0,0,0,1,1,0,0,3,3,0,0,0,0,0,0,0,0,0,0,0,0,0,0,0,0,0,0,0,0,0,0,0,0,63,35,36,15,42,23,21,10,10,34,0,0,0,0,0,0,0,0,0,0,0,0,0,0,0,0,0,0,0,91,142,0,0,6,0,581,1117
47,tsuchiura_ishioka_omitama_kasumigaura_etc,0,0,0,0,0,0,0,1,0,0,0,0,0,53,552,269,0,144,0,0,90,0,0,0,62,0,3,0,2,1,0,1,6,1,1,0,0,0,0,0,1,0,0,0,0,0,0,6,0,0,1,32,0,0,9,0,21,0,2,12,0,0,0,0,0,0,122,157,37,55,235,0,2230,4108
48,koga_shimotsuma_yachiyo_goka_etc,0,0,0,0,0,0,0,0,11,2,0,3,0,0,0,2,0,7,0,0,24,5,0,0,1,61,221,2,220,55,0,0,0,64,55,0,3,0,2,39,0,0,0,0,0,0,0,0,281,0,3,0,0,0,0,0,460,784,1145,2957,386,0,10,0,0,0,1459,212,13,12,416,0,109,9022
49,tsukuba_city,0,0,0,0,0,0,0,0,0,0,0,0,0,0,0,0,0,0,0,0,0,0,0,0,0,0,0,0,0,0,0,0,0,0,0,0,0,0,0,0,0,0,0,0,0,0,0,0,0,0,0,0,0,0,0,0,0,0,0,0,0,0,0,0,0,0,0,0,0,0,0,0,0,0
50,joso_bando,0,0,0,0,0,0,0,0,0,0,0,0,0,0,0,0,0,0,0,0,0,0,0,0,0,0,0,0,0,0,0,0,0,0,98,0,0,0,0,0,0,0,0,0,0,0,0,0,0,0,0,48,0,0,0,0,98,0,3,0,0,0,0,0,0,0,2,0,0,0,3,4,0,256
51,ryugasaki_toride_ushiku_moriya_etc,0,0,0,0,0,0,0,0,0,0,0,0,0,0,0,23,0,0,0,0,0,0,0,0,0,0,0,0,4,4,0,0,1,0,0,0,0,0,0,0,2,0,0,0,0,0,0,0,0,0,0,1238,0,0,2,0,0,0,1,0,0,0,0,0,0,0,0,0,0,0,0,0,0,1276
52,inashiki_miho_kawachi,0,0,0,0,0,0,0,0,0,0,0,0,0,0,0,0,0,0,0,0,0,0,0,0,0,0,0,0,0,0,0,0,0,0,0,0,0,0,0,0,0,0,0,0,0,0,0,0,0,0,0,0,0,0,0,0,0,0,0,0,0,0,0,0,0,0,0,0,0,0,0,0,0,0
53,kashima_kamisu_namegata_itako,0,0,0,0,0,0,0,0,0,0,0,0,0,0,0,0,0,0,0,0,0,0,0,0,0,0,0,0,0,0,0,0,0,0,0,0,0,0,0,0,0,0,0,0,0,0,0,0,0,0,0,0,0,1,0,0,0,3,0,0,0,0,0,0,0,0,0,0,0,0,0,0,0,4
54,mito_hitachi_kasama_hitachinaka_etc,2,0,0,0,0,0,0,1,0,0,5,0,3,0,0,0,0,0,0,0,0,0,0,0,4,0,0,0,0,0,0,0,0,0,0,0,0,0,0,0,0,1,0,0,0,0,0,20,16,11,6,18,3,9,105,7,0,0,0,0,3,0,15,0,8,0,55,18,1,0,2,0,0,315
55,yuki_chikusei_sakuragawa,0,0,0,0,0,0,0,0,0,100,0,33,0,0,0,0,0,26,0,0,209,0,0,0,0,0,0,0,0,0,0,0,45,45,1,0,0,0,0,0,0,29,0,0,0,0,0,0,0,0,0,0,12,0,7,99,0,13,3,4,17,0,0,0,0,0,32,46,0,4,360,0,246,1334
56,maebashi_takasaki_isesaki_shibukawa_etc,0,0,0,0,0,0,0,4,1,0,27,0,0,0,0,0,0,9,20,0,12,11,0,0,5,11,14,0,599,5,0,44,20,6,1016,23,35,0,0,0,0,2,0,0,0,0,0,0,0,0,0,0,0,0,11,0,1354,813,29,23,22,0,0,0,260,0,3,4,45,192,218,382,106,5324
57,kiryu_ota_tatebayashi_midori_etc,0,71,0,0,0,14,0,2,141,62,4,0,0,0,0,2305,0,4,78,0,0,1,0,0,3,20,2,3,1010,0,2,25,6,11,1388,6,0,0,0,0,0,0,0,0,0,0,0,0,36,0,17,0,0,0,0,4,132,7569,39,13,18,0,0,0,0,0,17,18,22,93,192,18,1178,14523
58,utsunomiya_kanuma_moka_kaminokawa_etc,4,1,0,0,0,0,0,0,0,0,0,0,0,0,0,4,0,42,123,0,0,72,0,0,0,63,0,0,87,1,0,0,0,0,22,0,0,0,0,0,0,129,0,0,0,0,0,7,0,0,0,0,0,0,0,2,73,0,613,139,3,0,0,9,0,0,0,0,0,161,116,0,165,1835
59,tochigi_oyama_shimotsuke_nogi_etc,0,0,0,0,0,0,0,0,4,31,103,0,0,0,0,255,0,13,11,0,230,7,0,0,21,0,2,0,147,4,0,2,2,0,0,0,0,10,0,0,0,1,0,0,0,0,0,4,70,1,4,0,0,0,2,11,17,17,122,34,11,0,0,2,2,0,18,1,0,18,199,28,39,1441
60,ashikaga_sano,0,0,0,0,0,0,0,0,0,3,0,11,0,0,21,0,0,3,2,0,29,2,0,0,2,10,0,1,12,0,10,0,3,14,4,0,0,0,0,0,0,27,0,0,0,0,0,18,6,0,0,0,0,0,0,2,43,177,18,59,110,0,0,9,0,0,31,0,1,87,85,0,93,894
61,tokyo_islands,0,0,0,0,0,0,0,0,0,0,0,0,0,0,0,0,0,0,0,0,0,0,0,0,0,0,0,0,0,0,0,0,0,0,0,0,0,0,0,0,0,0,0,0,0,0,0,0,0,0,0,0,0,0,0,0,0,0,0,0,0,0,0,0,0,0,0,0,0,0,0,0,0,0
62,ibaraki_north,0,0,0,0,0,0,0,0,3,0,0,0,0,0,0,0,0,0,0,0,68,0,0,0,0,0,0,0,0,0,0,0,0,0,0,0,0,0,0,0,0,0,0,0,0,0,0,0,0,0,0,0,0,0,3,0,0,0,0,0,0,0,0,0,0,0,0,0,0,0,0,0,0,75
63,tochigi_north,0,0,0,0,0,0,0,0,0,0,0,0,0,0,0,0,0,0,0,0,0,0,0,0,0,0,0,0,2,0,0,0,0,0,1,0,0,0,0,0,0,0,0,0,0,0,0,0,0,0,0,0,0,0,0,0,0,50,63,2,0,0,0,0,0,0,0,0,0,0,0,0,0,117
64,gunma_north,0,0,0,0,0,0,0,0,0,0,0,0,0,0,0,0,0,0,0,0,0,0,0,0,0,0,0,0,0,0,0,0,0,0,0,0,0,0,0,0,0,0,0,0,0,0,0,0,0,0,0,0,0,0,0,0,39,0,0,0,0,0,0,0,0,0,0,0,0,0,0,0,0,39
65,gunma_other_ueno_kanna_nanmoku,0,0,0,0,0,0,0,0,0,0,0,0,0,0,0,0,0,0,0,0,0,0,0,0,0,0,0,0,0,0,0,0,0,0,0,0,0,0,0,0,0,0,0,0,0,0,0,0,0,0,0,0,0,0,0,0,0,0,0,0,0,0,0,0,0,0,0,0,0,0,0,0,0,0
66,hokkaido_tohoku,0,0,0,0,0,0,0,0,6,0,0,3255,1,0,0,87,0,0,0,0,458,6,1,0,143,18,56,0,8,93,0,10,0,66,16,0,0,0,0,0,18,0,0,0,76,0,48,0,1458,0,32,0,0,0,0,4,159,379,222,0,49,0,0,0,0,0,0,0,0,0,0,0,0,6669
67,hokuriku,0,0,0,0,0,0,0,0,0,0,0,3,0,0,26,0,0,0,0,0,0,0,0,0,11,0,0,0,8,47,6,0,0,0,12,6,0,0,0,0,0,0,0,0,0,0,0,0,202,0,0,0,0,0,0,0,56,60,2,0,0,0,0,0,0,0,0,0,0,0,0,0,0,438
68,yamanashi_nagano,0,0,0,0,0,0,0,0,36,0,0,0,0,0,0,0,0,1,0,0,0,0,0,0,0,0,0,0,18,1,0,0,0,0,0,20,0,0,0,0,0,0,0,0,0,0,0,0,0,0,0,0,0,0,1,0,20,447,0,0,0,0,0,0,0,0,0,0,0,0,0,0,0,546
69,shizuoka,0,0,0,7,0,0,0,0,1,0,24,150,12,0,0,0,1,0,0,0,511,34,1,0,58,5,0,0,0,27,3,1,1,12,0,43,0,0,0,0,152,0,0,0,0,0,936,0,0,0,0,0,0,0,0,2,47,224,143,4,0,0,0,0,0,0,0,0,0,0,0,0,0,2398
70,chubu_west,0,0,0,50,0,4,0,103,69,146,0,4384,276,3,26,24,7,3,0,0,404,11,7,0,164,47,0,0,37,27,17,9,12,53,132,0,0,3,0,0,1,46,0,0,0,27,0,1,253,0,67,0,0,0,88,86,240,778,28,4,18,0,0,0,0,0,0,0,0,0,0,0,0,7655
71,overseas,0,0,0,0,0,6,0,0,13,0,1093,1,10,0,97,0,0,0,0,0,199,0,4,0,4,0,0,0,12,52,1,0,76,160,113,0,0,8,0,0,0,0,250,0,0,0,1,0,0,0,48,0,0,0,84,0,36,144,0,57,66,0,0,0,0,0,0,0,0,0,0,0,0,2537
999,unknown,0,0,0,0,0,0,0,0,0,0,0,0,0,0,0,0,0,0,0,0,0,0,0,0,0,0,0,0,0,0,0,0,0,0,0,0,0,0,0,0,0,0,0,0,0,0,0,0,0,0,0,0,0,0,0,0,0,0,0,0,0,0,0,0,0,0,0,0,0,0,0,0,0,0
○precision_instruments,,,,,,,,,,,,,,,,,,,,,,,,,,,,,,,,,,,,,,,,,,,,,,,,,,,,,,,,,,,,,,,,,,,,,,,,,,,(unit: ton/day)
large_zone,region,tokyo_chiyoda_chuo_minato,tokyo_meguro_shinagawa_ota,tokyo_toshima_bunkyo_shinjuku_shibuya,tokyo_arakawa_taito_sumida_koto,tokyo_nakano_suginami_setagaya,tokyo_nerima_itabashi_kita,tokyo_adachi_katsushika_edogawa,chofu_nishitokyo_fuchu_musashino_etc,machida_tama_hachioji_inagi_etc,mizuho_fussa_hamura_akiruno_etc,yokohama_nishi_naka,yokohama_isogo_minami_kanazawa_konan,yokohama_hodogaya_totsuka_sakae_izumi_etc,yokohama_kohoku_tsuzuki_midori_aoba,yokohama_tsurumi_kanagawa,kawasaki_kawasaki_saiwai_nakahara,kawasaki_takatsu_miyamae_tama_asao,sagamihara_city,yokosuka_miura,kamakura_zushi_hayama,fujisawa_chigasaki_samukawa,hiratsuka_oiso_ninomiya,odawara_manazuru_yugawara_hakone,minami_ashigara_nakai_oi_matsuda_etc,atsugi_hadano_kiyokawa_isehara_etc,zama_yamato_ebina_ayase,saitama_city,kawaguchi_warabi_toda,asaka_wako_niiza_tokorozawa_etc,soka_kasukabe_misato_koshigaya_etc,hanno_hidaka_moroyama_ogose_etc,tsurugashima_sakado_kawajima_higashimatsuyama_etc,ageo_konosu_okegawa_kitamoto_etc,kuki_kazo_hanyu_gyoda_etc,kumagaya_fukaya_ogawa_yorii_etc,honjo_kamikawa_kamisato,chichibu_yokoze_minano_nagatoro_etc,chiba_city,ichikawa_urayasu_narashino_funabashi,matsudo_kamagaya_kashiwa_abiko,nagareyama_noda,yachiyo_sakura_narita_shiroi_etc,ichihara_city,kisarazu_sodegaura_kimitsu_futtsu,katsuura_otaki_tateyama_kamogawa_etc,choshi_asahi_sosa_katori_etc,togane_mobara_sanmu_oamishirasato_etc,tsuchiura_ishioka_omitama_kasumigaura_etc,koga_shimotsuma_yachiyo_goka_etc,tsukuba_city,joso_bando,ryugasaki_toride_ushiku_moriya_etc,inashiki_miho_kawachi,kashima_kamisu_namegata_itako,mito_hitachi_kasama_hitachinaka_etc,yuki_chikusei_sakuragawa,maebashi_takasaki_isesaki_shibukawa_etc,kiryu_ota_tatebayashi_midori_etc,utsunomiya_kanuma_moka_kaminokawa_etc,tochigi_oyama_shimotsuke_nogi_etc,ashikaga_sano,tokyo_islands,ibaraki_north,tochigi_north,gunma_north,gunma_other_ueno_kanna_nanmoku,hokkaido_tohoku,hokuriku,yamanashi_nagano,shizuoka,chubu_west,overseas,unknown,all_regions
0,tokyo_chiyoda_chuo_minato,0,0,0,1,0,0,0,0,0,0,0,0,0,0,0,0,0,0,0,0,0,0,0,0,0,0,0,0,0,0,0,0,0,0,0,0,0,0,0,0,0,0,0,0,0,0,0,0,0,0,0,0,0,0,0,0,0,0,0,0,0,0,0,0,0,0,0,0,0,0,1,1,0,4
1,tokyo_meguro_shinagawa_ota,48,18,12,0,0,2,0,25,0,0,0,0,0,6,4,0,0,0,0,0,0,0,0,0,0,0,0,0,0,0,0,1,0,0,0,0,0,0,3,0,0,0,0,5,0,0,0,0,0,4,0,0,0,0,0,0,0,13,0,0,0,0,0,0,0,0,15,2,2,2,21,0,40,227
2,tokyo_toshima_bunkyo_shinjuku_shibuya,1,0,77,75,0,37,0,14,0,0,0,0,0,0,1,0,1,0,0,0,0,0,0,0,0,0,0,0,0,0,0,0,0,0,0,0,0,0,1,1,0,25,0,1,0,0,0,0,0,0,0,1,0,0,0,0,0,0,0,0,2,0,0,0,0,0,1,0,0,0,4,1,2,245
3,tokyo_arakawa_taito_sumida_koto,1,2,0,13,0,0,0,0,0,0,0,0,0,0,0,0,0,0,0,0,0,0,0,0,0,0,0,0,0,6,0,19,0,0,0,0,0,0,0,0,0,0,0,0,0,0,0,0,0,0,0,0,0,0,0,0,0,0,0,0,0,0,0,0,0,0,0,0,1,0,1,0,309,353
4,tokyo_nakano_suginami_setagaya,0,0,1,0,0,0,0,0,0,0,0,0,0,0,0,0,0,0,0,0,0,0,0,0,0,0,0,0,0,1,0,0,1,0,0,0,0,0,0,0,0,0,0,0,0,0,0,0,0,0,0,0,0,0,0,0,0,0,0,0,0,0,0,0,0,0,0,0,0,0,0,0,0,4
5,tokyo_nerima_itabashi_kita,0,20,2,1,0,0,0,0,0,0,0,0,0,0,0,0,0,0,0,0,0,0,0,0,0,0,0,0,4,0,0,0,0,0,0,0,0,0,0,0,0,0,0,0,0,0,0,0,0,0,0,0,0,0,0,0,0,0,0,0,0,0,0,0,0,0,0,0,0,0,0,0,0,29
6,tokyo_adachi_katsushika_edogawa,0,0,0,0,0,2,0,0,0,0,0,0,0,0,0,0,0,0,0,0,0,0,0,0,0,0,0,0,0,0,0,0,0,0,0,0,0,0,0,0,0,0,0,0,0,0,0,0,0,0,0,0,0,0,0,0,0,1,0,0,0,0,0,0,0,0,0,0,0,0,0,0,0,4
7,chofu_nishitokyo_fuchu_musashino_etc,0,12,14,1,0,20,0,34,15,3,0,0,0,0,0,0,0,0,0,0,0,0,0,0,0,0,0,0,0,1,0,0,0,0,0,0,0,1,0,0,0,0,0,0,0,0,0,0,0,0,0,0,0,0,0,0,0,0,0,0,0,0,0,0,0,0,1,1,3,1,12,0,7,128
8,machida_tama_hachioji_inagi_etc,0,0,0,0,0,0,2,0,82,0,0,0,0,0,3,0,0,11,0,0,0,0,0,0,0,0,0,0,0,0,0,0,0,0,0,0,0,0,0,0,0,1,0,0,0,0,0,0,0,0,0,0,0,0,0,0,1,0,0,0,0,0,0,0,0,0,6,4,0,0,10,11,6,138
9,mizuho_fussa_hamura_akiruno_etc,0,0,1,1,0,0,0,0,0,8,0,0,0,0,0,0,0,0,0,0,0,0,0,0,0,0,0,0,0,0,0,0,0,0,0,0,0,0,0,0,0,0,0,0,0,0,0,0,0,0,0,0,0,0,0,0,0,0,0,0,0,0,0,0,0,0,1,0,0,0,1,0,0,13
10,yokohama_nishi_naka,0,0,0,0,0,0,0,0,0,0,4,1,1,1,1,1,0,0,1,0,1,0,0,0,0,0,0,0,0,5,0,0,0,0,0,0,0,0,0,0,0,0,0,0,0,0,0,0,0,0,0,0,0,0,0,0,0,0,0,0,0,0,0,0,0,0,0,0,0,0,1,0,2,19
11,yokohama_isogo_minami_kanazawa_konan,0,0,0,0,0,0,0,0,0,0,0,0,0,0,0,0,0,0,0,0,0,0,0,0,0,0,0,0,0,0,0,0,0,0,0,0,0,0,0,0,0,0,0,0,0,0,0,0,0,0,0,0,0,0,0,0,0,0,0,0,0,0,0,0,0,0,0,0,0,0,0,25,10,35
12,yokohama_hodogaya_totsuka_sakae_izumi_etc,0,3,0,1,1,1,0,0,0,0,1,0,6,3,0,1,0,3,0,0,2,0,0,0,0,0,0,0,0,0,0,0,0,0,0,0,0,0,0,0,0,0,0,0,0,0,1,0,0,0,0,0,0,0,0,0,0,0,0,0,0,0,0,0,0,0,2,1,0,1,2,2,5,36
13,yokohama_kohoku_tsuzuki_midori_aoba,0,0,0,0,0,0,0,0,0,0,0,0,1,23,0,0,1,0,0,0,0,0,4,0,0,0,0,0,0,0,0,0,0,0,0,0,0,0,0,0,0,0,0,0,0,0,0,0,0,0,0,0,0,0,0,0,0,0,0,0,0,0,0,3,0,0,0,0,2,0,1,0,0,38
14,yokohama_tsurumi_kanagawa,1,12,1,0,0,8,0,0,0,0,9,0,0,0,8,0,0,0,0,0,0,0,0,0,0,0,0,0,0,0,0,0,0,0,0,0,0,0,0,0,0,1,0,0,0,0,1,0,0,0,0,0,0,0,0,0,0,0,0,0,0,0,0,0,0,0,1,1,0,1,14,2,2,64
15,kawasaki_kawasaki_saiwai_nakahara,0,1,0,0,0,8,0,0,0,0,0,0,0,0,0,11,0,0,0,0,0,0,0,0,8,0,0,0,0,0,0,0,0,0,0,0,0,0,0,0,0,0,0,0,0,0,0,0,0,0,0,0,0,0,0,0,0,0,0,0,0,0,0,15,0,0,0,0,1,0,1,0,8,55
16,kawasaki_takatsu_miyamae_tama_asao,0,0,0,0,0,0,0,0,0,0,0,0,0,0,0,0,0,0,0,0,0,0,0,0,0,0,0,0,0,0,0,0,0,0,0,0,0,0,0,0,0,0,0,0,0,0,0,0,0,0,0,0,0,0,0,0,0,0,0,0,0,0,0,0,0,0,0,0,0,0,0,0,0,1
17,sagamihara_city,0,1,1,0,0,0,0,1,6,0,0,0,11,0,1,0,3,8,0,1,1,0,1,0,4,2,0,0,0,0,0,0,0,0,0,0,0,0,0,0,0,0,0,0,0,0,0,0,0,0,0,0,0,0,0,0,0,0,0,0,0,0,0,0,0,0,0,0,0,0,3,12,1,58
18,yokosuka_miura,0,0,0,0,0,0,0,0,0,0,0,0,0,0,0,0,0,0,0,0,0,0,0,0,0,0,0,0,0,0,0,0,0,0,0,0,0,0,0,0,0,0,0,0,0,0,0,0,0,0,0,0,0,0,0,0,0,0,0,0,0,0,0,0,0,0,0,0,0,0,0,0,0,0
19,kamakura_zushi_hayama,0,0,0,0,0,0,0,0,0,0,0,0,0,0,0,0,0,0,0,0,0,0,0,0,0,0,0,0,0,0,0,0,0,0,0,0,0,0,0,0,0,0,0,0,0,0,0,0,0,0,0,0,0,0,0,0,0,0,0,0,0,0,0,0,0,0,0,0,0,0,0,0,0,0
20,fujisawa_chigasaki_samukawa,0,0,0,0,0,0,0,0,0,0,1,0,0,0,0,0,0,0,0,0,0,0,0,0,0,0,0,0,0,0,0,0,0,0,0,0,0,0,0,0,0,0,0,0,0,0,0,0,0,0,0,0,0,1,0,0,0,0,0,0,0,0,0,0,0,0,0,0,0,0,3,0,0,6
21,hiratsuka_oiso_ninomiya,0,0,0,0,0,0,0,0,0,0,0,0,0,0,0,0,0,0,0,0,0,0,0,0,0,0,0,0,0,0,0,0,0,0,0,0,0,0,0,0,0,0,0,0,0,0,0,0,0,0,0,0,0,0,0,0,0,0,1,0,0,0,0,0,0,0,0,0,0,0,0,0,0,1
22,odawara_manazuru_yugawara_hakone,1,0,0,3,0,0,0,0,0,0,0,0,0,0,0,0,0,0,0,0,0,0,0,0,0,0,0,0,0,0,0,0,0,0,0,0,0,0,0,0,0,0,0,0,0,0,0,0,0,0,0,0,0,0,0,0,0,0,0,0,0,0,0,0,0,0,0,0,0,0,0,0,0,5
23,minami_ashigara_nakai_oi_matsuda_etc,0,0,0,0,0,0,8,0,0,0,0,0,0,0,0,0,0,0,0,1,0,0,0,0,0,0,0,0,0,0,0,0,0,0,0,0,0,0,0,0,0,0,0,0,0,0,0,0,0,0,0,0,0,0,0,0,0,0,0,0,0,0,0,0,0,0,0,0,0,0,1,0,0,11
24,atsugi_hadano_kiyokawa_isehara_etc,2,3,0,1,0,0,3,0,0,0,0,0,0,1,1,2,2,6,0,0,0,0,0,0,23,0,0,0,0,0,0,0,0,3,0,0,0,0,0,0,0,0,0,0,0,0,0,2,0,0,4,1,0,0,0,0,0,0,1,0,0,0,0,0,0,0,2,1,0,1,13,0,8,80
25,zama_yamato_ebina_ayase,0,0,0,0,0,0,0,0,0,0,0,0,0,0,0,0,0,0,0,0,0,0,0,0,0,0,0,0,0,0,0,0,0,0,0,0,0,0,0,0,0,0,0,0,0,0,0,0,0,1,1,1,0,0,0,0,0,0,0,0,0,0,0,0,0,0,0,0,0,0,8,1,1,15
26,saitama_city,0,0,2,1,0,0,0,0,0,0,0,0,0,0,0,0,0,0,0,0,5,0,0,0,0,0,6,1,2,0,0,1,6,0,2,0,0,0,0,0,0,7,0,0,0,0,0,0,0,0,0,0,0,0,0,0,1,0,1,0,0,0,0,0,0,0,0,0,2,0,1,0,9,47
27,kawaguchi_warabi_toda,0,0,0,0,0,0,0,0,0,0,0,0,0,0,0,0,0,0,0,0,1,0,0,0,0,0,0,0,0,0,0,0,0,0,0,0,0,0,0,1,0,0,0,0,0,0,0,0,0,0,0,0,0,0,0,0,0,0,0,0,0,0,0,0,0,0,0,0,0,0,2,0,0,4
28,asaka_wako_niiza_tokorozawa_etc,0,0,0,0,0,0,0,2,8,0,0,0,0,0,0,0,3,0,0,0,0,0,0,0,0,0,3,1,4,0,0,0,1,0,0,0,0,0,0,0,0,0,0,0,0,0,0,0,0,0,0,0,0,0,0,0,0,1,0,0,0,0,0,0,0,0,0,0,3,0,5,0,4,38
29,soka_kasukabe_misato_koshigaya_etc,0,0,0,8,0,0,0,0,0,0,0,0,0,0,7,0,0,0,0,0,0,0,0,0,0,0,3,0,0,28,0,0,0,0,0,0,0,0,0,0,0,0,0,0,0,0,0,0,0,0,0,0,0,0,0,0,0,0,0,0,0,0,0,0,0,0,1,0,0,11,2,0,0,61
30,hanno_hidaka_moroyama_ogose_etc,0,0,0,0,0,0,0,0,0,0,0,0,0,0,0,0,0,0,0,0,0,0,0,0,0,0,0,0,0,0,1,0,0,0,0,0,0,0,0,0,0,0,0,0,0,0,0,0,0,0,0,0,0,0,0,0,0,0,0,0,0,0,0,0,0,0,0,0,0,0,0,0,0,1
31,tsurugashima_sakado_kawajima_higashimatsuyama_etc,0,0,0,0,0,6,2,0,0,0,0,0,3,0,0,0,0,3,0,0,5,0,0,0,0,0,1,0,0,0,0,0,3,0,1,0,0,0,0,4,0,0,0,0,0,0,0,0,0,0,0,0,0,0,1,0,0,0,0,0,0,0,0,0,0,0,1,0,0,0,0,0,3,35
32,ageo_konosu_okegawa_kitamoto_etc,0,0,0,0,0,0,0,0,1,0,0,0,0,0,0,0,0,4,0,0,0,0,0,0,0,0,0,0,9,0,10,1,1,0,1,0,0,0,0,0,0,0,0,0,0,0,0,0,0,0,0,0,0,0,0,0,0,0,0,0,0,0,0,0,0,0,0,0,1,16,9,0,0,53
33,kuki_kazo_hanyu_gyoda_etc,0,0,0,0,0,0,0,0,4,0,0,0,0,0,0,0,0,0,0,0,0,0,0,0,0,0,0,0,1,0,0,0,0,3,0,0,0,0,0,0,0,0,0,0,0,0,0,0,0,0,0,0,0,0,0,0,0,0,1,0,0,0,0,0,0,0,0,0,7,0,3,7,0,28
34,kumagaya_fukaya_ogawa_yorii_etc,0,0,3,0,0,0,0,0,0,0,0,3,0,0,0,0,0,0,0,0,0,0,0,0,0,0,0,1,3,0,0,3,2,3,29,0,0,0,0,0,0,0,0,0,0,0,0,0,0,0,0,0,0,0,0,0,0,0,0,0,0,0,0,1,0,0,4,0,0,0,0,0,3,57
35,honjo_kamikawa_kamisato,0,0,0,0,0,0,0,0,0,0,0,0,0,0,0,0,0,0,0,0,0,0,0,0,0,0,0,0,0,0,0,4,0,0,0,0,0,0,0,0,0,0,0,0,0,0,0,0,0,0,0,0,0,0,0,0,1,0,0,0,0,0,0,0,0,0,0,0,0,0,0,0,0,7
36,chichibu_yokoze_minano_nagatoro_etc,0,0,0,0,0,0,0,0,0,0,0,0,0,0,0,0,0,0,0,0,0,0,0,0,0,0,0,0,0,0,0,0,0,0,0,3,0,0,0,0,0,0,0,0,0,0,0,0,0,0,0,0,0,0,0,0,0,0,0,0,0,0,0,0,0,0,0,0,0,0,0,0,0,3
37,chiba_city,26,52,0,0,0,0,0,0,0,0,18,0,0,0,0,0,0,0,0,0,0,0,0,0,0,0,0,0,0,0,0,0,0,0,0,0,0,3,0,0,0,0,0,0,0,0,0,0,0,0,0,0,0,0,0,0,0,0,0,0,0,0,0,0,0,0,6,0,0,14,61,0,4,185
38,ichikawa_urayasu_narashino_funabashi,0,0,0,0,0,0,0,0,0,0,0,0,0,0,0,0,0,9,0,0,0,0,0,0,0,0,0,0,0,0,0,0,0,0,0,0,0,20,0,0,0,0,0,0,0,0,0,0,0,0,0,0,0,0,0,0,0,0,0,0,0,0,0,0,0,0,243,157,0,0,419,0,617,1465
39,matsudo_kamagaya_kashiwa_abiko,0,0,0,2,0,0,0,0,0,0,0,0,0,0,0,0,0,0,0,0,0,0,0,0,0,0,0,0,0,0,0,0,0,0,0,0,0,0,0,0,0,0,0,0,0,0,0,0,0,0,0,0,0,0,0,0,0,0,0,0,0,0,0,0,0,0,0,0,0,1,0,0,0,4
40,nagareyama_noda,0,0,0,0,0,0,0,0,0,0,0,0,0,0,0,0,0,0,0,0,0,0,0,0,0,0,0,0,0,0,0,0,0,0,0,0,0,0,0,0,0,0,0,0,0,0,0,0,0,0,0,0,0,0,0,0,0,0,0,0,0,0,0,0,0,0,0,0,0,0,0,0,0,1
41,yachiyo_sakura_narita_shiroi_etc,0,0,0,0,0,0,0,0,0,0,0,0,0,0,0,0,0,0,0,0,0,0,0,0,0,0,0,0,0,0,0,0,0,0,0,0,0,0,0,1,0,34,0,0,0,0,0,0,0,0,0,0,0,0,0,0,0,0,0,0,0,0,0,0,0,0,0,0,0,0,3,0,0,39
42,ichihara_city,0,0,0,0,0,0,0,0,0,0,0,0,0,0,0,0,0,0,0,0,1,0,0,0,0,0,0,0,0,0,0,0,0,0,0,0,0,0,0,0,0,0,1,0,0,0,0,0,0,0,0,0,0,0,0,0,0,0,0,0,0,0,0,0,0,0,0,0,0,0,0,0,0,3
43,kisarazu_sodegaura_kimitsu_futtsu,0,0,0,0,0,0,0,0,0,0,0,0,0,0,0,0,0,0,0,0,0,0,0,0,0,0,0,0,0,0,0,0,0,0,0,0,0,0,0,0,0,0,0,15,0,0,0,0,0,0,0,0,0,0,0,0,0,0,0,0,0,0,0,0,0,0,0,0,0,0,0,0,0,16
44,katsuura_otaki_tateyama_kamogawa_etc,0,0,0,0,0,0,0,0,0,0,0,0,0,0,0,0,0,0,0,0,0,0,0,0,0,0,0,0,0,0,0,0,0,0,0,0,0,0,0,0,0,0,0,0,0,0,0,0,0,0,0,0,0,0,0,0,0,0,0,0,0,0,0,0,0,0,0,0,0,0,0,0,0,1
45,choshi_asahi_sosa_katori_etc,0,0,0,2,0,0,0,0,0,0,0,0,0,0,0,0,0,0,0,0,0,0,0,0,0,0,0,0,0,0,0,0,0,0,0,0,0,5,0,0,0,0,0,0,0,0,0,0,0,0,0,0,0,0,0,0,0,0,0,0,0,0,0,0,0,0,0,0,0,0,0,0,0,7
46,togane_mobara_sanmu_oamishirasato_etc,0,0,0,0,0,0,0,0,0,0,0,0,0,0,0,0,0,0,0,0,0,0,0,0,0,0,0,0,0,0,0,0,0,0,0,0,0,0,0,0,0,240,0,0,0,0,4,0,0,0,0,0,0,0,0,0,0,0,0,0,0,0,0,0,0,0,0,0,0,0,0,0,0,245
47,tsuchiura_ishioka_omitama_kasumigaura_etc,0,0,0,0,0,0,0,0,0,0,0,0,0,0,0,0,0,0,0,0,0,0,0,0,0,0,0,0,0,0,0,0,0,0,0,0,0,0,10,0,0,0,0,0,0,0,0,40,0,2,0,2,0,0,0,0,0,0,0,0,0,0,0,0,0,0,0,0,0,0,1,0,0,57
48,koga_shimotsuma_yachiyo_goka_etc,0,0,0,0,0,0,0,0,0,0,0,0,0,0,0,0,0,0,0,0,0,0,0,0,0,0,0,0,0,0,0,0,3,0,0,0,0,0,0,0,0,0,0,0,0,0,0,0,8,0,0,0,0,0,0,0,0,0,0,0,0,0,0,0,0,0,0,0,0,0,0,0,0,12
49,tsukuba_city,0,0,0,0,0,0,0,0,0,0,0,0,0,0,0,1,0,0,0,0,0,0,0,0,0,0,0,0,0,0,0,0,0,0,0,0,0,0,0,0,0,0,0,0,0,0,0,0,0,185,11,181,0,0,0,0,0,0,0,0,0,0,0,0,0,0,18,0,0,0,11,22,0,428
50,joso_bando,0,0,0,0,0,0,0,0,0,0,0,0,0,0,0,0,0,0,0,0,0,0,0,0,0,0,0,0,0,0,0,0,0,0,0,0,0,0,17,0,0,0,0,0,0,0,0,1,0,0,0,0,0,0,0,0,0,0,0,0,0,0,0,0,0,0,0,0,0,0,0,0,0,18
51,ryugasaki_toride_ushiku_moriya_etc,0,0,0,2,0,0,2,1,0,0,0,0,1,1,0,2,0,0,0,0,0,3,0,0,1,1,1,0,1,0,0,2,1,0,0,0,0,2,2,0,0,1,0,0,0,0,0,1,1,0,7,0,0,0,2,0,1,0,1,1,0,0,0,0,0,0,11,2,2,2,24,0,0,83
52,inashiki_miho_kawachi,0,0,0,0,0,0,0,0,0,0,0,0,0,0,0,0,0,0,0,0,0,0,0,0,0,0,0,0,0,0,0,0,0,0,0,0,0,0,0,0,0,0,0,0,0,0,0,0,0,0,0,0,0,0,0,0,0,0,0,0,0,0,0,0,0,0,0,0,0,0,1,4,3,8
53,kashima_kamisu_namegata_itako,0,0,0,0,0,0,0,0,0,0,0,0,0,0,0,0,0,0,0,0,0,0,0,0,0,0,0,0,0,0,0,0,0,0,0,0,0,0,0,0,0,0,0,0,0,0,0,0,0,0,0,0,0,0,0,0,0,0,0,0,0,0,0,0,0,0,0,0,0,0,0,0,0,0
54,mito_hitachi_kasama_hitachinaka_etc,0,134,0,0,0,0,0,0,0,0,0,0,0,1,0,0,0,0,0,0,0,0,0,0,0,0,0,0,0,0,0,0,0,0,0,0,0,1,0,0,0,0,1,0,0,0,0,0,0,1,9,0,0,0,38,0,0,0,0,0,0,0,0,3,0,0,51,0,0,3,23,4,11,282
55,yuki_chikusei_sakuragawa,0,0,0,0,0,0,0,0,0,0,0,0,0,0,0,0,0,0,2,0,0,0,0,0,0,0,0,0,0,0,0,0,0,0,0,0,0,0,0,0,0,0,0,0,0,0,0,0,0,0,0,0,0,0,0,1,2,0,0,0,0,0,0,0,0,0,5,1,1,1,10,0,6,31
56,maebashi_takasaki_isesaki_shibukawa_etc,0,1,0,1,0,0,19,1,1,0,0,0,1,0,0,1,0,1,0,0,1,1,0,0,1,3,1,4,1,10,0,3,2,0,1,0,0,1,2,0,0,2,0,0,0,0,0,0,0,0,0,0,0,0,1,0,223,4,1,0,0,0,0,0,0,0,0,1,0,0,0,54,7,346
57,kiryu_ota_tatebayashi_midori_etc,3,0,0,0,0,0,0,0,0,0,0,0,0,0,0,1,0,0,0,0,1,0,0,0,0,1,36,0,0,0,0,0,0,0,0,0,0,0,0,0,0,0,0,0,0,0,0,0,0,0,0,3,0,0,0,0,0,23,0,3,0,0,0,0,0,0,19,7,4,0,42,11,2,156
58,utsunomiya_kanuma_moka_kaminokawa_etc,18,0,7,26,0,0,0,1,0,0,1,0,0,0,11,0,0,0,0,0,0,0,0,0,0,0,0,0,2,0,0,0,0,0,4,0,0,0,0,0,0,0,0,0,0,0,0,0,0,0,0,0,0,0,0,2,0,0,11,0,0,0,0,0,0,0,0,0,0,0,18,0,34,137
59,tochigi_oyama_shimotsuke_nogi_etc,0,0,0,0,0,0,0,0,0,0,0,0,0,0,0,0,0,0,0,0,0,0,0,0,0,0,0,0,0,0,0,0,0,0,0,0,0,0,0,0,0,0,0,0,0,0,0,0,0,0,0,0,0,0,0,3,0,0,4,2,0,0,0,3,0,0,0,0,0,0,0,5,5,24
60,ashikaga_sano,0,0,0,0,0,0,0,0,0,0,0,0,0,0,0,0,0,0,0,0,0,0,0,0,0,0,0,0,0,0,0,0,0,0,0,0,0,0,0,0,0,0,0,0,0,0,0,0,0,5,0,0,0,0,0,0,0,3,0,0,0,0,0,0,0,0,3,0,0,7,11,12,0,40
61,tokyo_islands,0,0,0,0,0,0,0,0,0,0,0,0,0,0,0,0,0,0,0,0,0,0,0,0,0,0,0,0,0,0,0,0,0,0,0,0,0,0,0,0,0,0,0,0,0,0,0,0,0,0,0,0,0,0,0,0,0,0,0,0,0,0,0,0,0,0,0,0,0,0,0,0,0,0
62,ibaraki_north,0,0,0,0,0,0,0,0,0,0,0,0,0,0,0,0,0,0,0,0,0,0,0,0,0,0,0,0,0,0,0,0,0,0,0,0,0,0,0,0,0,0,0,0,0,0,0,0,0,0,0,0,0,0,0,0,0,0,0,0,0,0,0,0,0,0,0,0,0,0,0,0,0,0
63,tochigi_north,0,0,0,0,0,0,0,0,0,0,0,0,0,0,0,0,0,0,0,0,0,0,0,0,0,0,0,0,0,0,0,0,0,0,0,0,0,0,0,0,0,0,0,0,0,0,0,0,0,0,0,0,0,0,0,0,0,0,3,0,0,0,0,0,0,0,0,0,0,0,0,0,0,3
64,gunma_north,0,0,0,0,0,0,0,0,0,0,0,0,0,0,0,0,0,0,0,0,0,0,0,0,0,0,0,0,0,0,0,0,0,0,0,0,0,0,0,0,0,0,0,0,0,0,0,0,0,0,0,0,0,0,0,0,0,0,0,0,0,0,0,0,0,0,0,0,0,0,0,0,0,0
65,gunma_other_ueno_kanna_nanmoku,0,0,0,0,0,0,0,0,0,0,0,0,0,0,0,0,0,0,0,0,0,0,0,0,0,0,0,0,0,0,0,0,0,0,0,0,0,0,0,0,0,0,0,0,0,0,0,0,0,0,0,0,0,0,0,0,0,0,0,0,0,0,0,0,0,0,0,0,0,0,0,0,0,0
66,hokkaido_tohoku,0,0,0,39,0,0,0,2,0,0,0,205,2,0,0,11,0,0,0,0,0,0,0,0,0,2,1,0,1,0,0,0,17,1,0,0,0,0,0,0,0,0,0,0,0,0,240,0,0,0,0,0,0,0,4,0,0,0,0,0,0,0,0,0,0,0,0,0,0,0,0,0,0,524
67,hokuriku,0,1,0,0,0,0,0,0,0,0,0,0,1,0,0,0,0,0,0,0,0,3,0,0,0,0,0,0,0,0,0,0,0,0,0,0,0,0,0,0,0,0,0,0,0,0,0,0,0,0,0,0,0,0,3,0,0,1,0,0,0,0,0,0,0,0,0,0,0,0,0,0,0,10
68,yamanashi_nagano,0,0,6,0,0,0,0,0,0,0,0,0,0,1,0,2,0,0,0,0,0,3,0,0,0,0,0,0,0,0,0,0,9,0,0,0,0,0,0,0,0,0,0,0,0,0,0,0,0,0,0,0,0,0,0,0,0,3,0,0,0,0,0,0,0,0,0,0,0,0,0,0,0,25
69,shizuoka,0,51,0,0,0,0,0,0,0,0,0,0,0,0,4,0,0,0,0,0,0,0,0,0,0,0,0,0,0,0,0,0,0,0,0,0,0,0,0,0,0,0,0,0,0,0,0,0,0,0,0,0,0,0,0,0,0,0,0,0,0,0,0,0,0,0,0,0,0,0,0,0,0,56
70,chubu_west,1,0,0,36,0,0,0,5,0,0,1,2,1,0,0,0,0,4,0,0,0,0,0,0,0,0,2,0,2,0,0,0,0,0,0,0,0,2,743,0,0,0,0,0,0,0,0,0,0,0,0,2,0,0,0,0,0,0,3,0,0,0,0,0,0,0,0,0,0,0,0,0,0,806
71,overseas,2,56,0,0,1,0,0,1,2,8,41,1,0,0,1,1,0,12,0,0,0,0,0,0,0,3,0,0,1,1,0,37,0,0,0,2,2,0,388,0,0,0,0,0,0,0,0,0,0,0,0,61,0,0,0,0,54,5,0,0,0,0,0,0,0,0,0,0,0,0,0,0,0,682
999,unknown,0,0,0,0,0,0,0,0,0,0,0,0,0,0,0,0,0,0,0,0,0,0,0,0,0,0,0,0,0,0,0,0,0,0,0,0,0,0,0,0,0,0,0,0,0,0,0,0,0,0,0,0,0,0,0,0,0,0,0,0,0,0,0,0,0,0,0,0,0,0,0,0,0,0
○ceramic_products,,,,,,,,,,,,,,,,,,,,,,,,,,,,,,,,,,,,,,,,,,,,,,,,,,,,,,,,,,,,,,,,,,,,,,,,,,,(unit: ton/day)
large_zone,region,tokyo_chiyoda_chuo_minato,tokyo_meguro_shinagawa_ota,tokyo_toshima_bunkyo_shinjuku_shibuya,tokyo_arakawa_taito_sumida_koto,tokyo_nakano_suginami_setagaya,tokyo_nerima_itabashi_kita,tokyo_adachi_katsushika_edogawa,chofu_nishitokyo_fuchu_musashino_etc,machida_tama_hachioji_inagi_etc,mizuho_fussa_hamura_akiruno_etc,yokohama_nishi_naka,yokohama_isogo_minami_kanazawa_konan,yokohama_hodogaya_totsuka_sakae_izumi_etc,yokohama_kohoku_tsuzuki_midori_aoba,yokohama_tsurumi_kanagawa,kawasaki_kawasaki_saiwai_nakahara,kawasaki_takatsu_miyamae_tama_asao,sagamihara_city,yokosuka_miura,kamakura_zushi_hayama,fujisawa_chigasaki_samukawa,hiratsuka_oiso_ninomiya,odawara_manazuru_yugawara_hakone,minami_ashigara_nakai_oi_matsuda_etc,atsugi_hadano_kiyokawa_isehara_etc,zama_yamato_ebina_ayase,saitama_city,kawaguchi_warabi_toda,asaka_wako_niiza_tokorozawa_etc,soka_kasukabe_misato_koshigaya_etc,hanno_hidaka_moroyama_ogose_etc,tsurugashima_sakado_kawajima_higashimatsuyama_etc,ageo_konosu_okegawa_kitamoto_etc,kuki_kazo_hanyu_gyoda_etc,kumagaya_fukaya_ogawa_yorii_etc,honjo_kamikawa_kamisato,chichibu_yokoze_minano_nagatoro_etc,chiba_city,ichikawa_urayasu_narashino_funabashi,matsudo_kamagaya_kashiwa_abiko,nagareyama_noda,yachiyo_sakura_narita_shiroi_etc,ichihara_city,kisarazu_sodegaura_kimitsu_futtsu,katsuura_otaki_tateyama_kamogawa_etc,choshi_asahi_sosa_katori_etc,togane_mobara_sanmu_oamishirasato_etc,tsuchiura_ishioka_omitama_kasumigaura_etc,koga_shimotsuma_yachiyo_goka_etc,tsukuba_city,joso_bando,ryugasaki_toride_ushiku_moriya_etc,inashiki_miho_kawachi,kashima_kamisu_namegata_itako,mito_hitachi_kasama_hitachinaka_etc,yuki_chikusei_sakuragawa,maebashi_takasaki_isesaki_shibukawa_etc,kiryu_ota_tatebayashi_midori_etc,utsunomiya_kanuma_moka_kaminokawa_etc,tochigi_oyama_shimotsuke_nogi_etc,ashikaga_sano,tokyo_islands,ibaraki_north,tochigi_north,gunma_north,gunma_other_ueno_kanna_nanmoku,hokkaido_tohoku,hokuriku,yamanashi_nagano,shizuoka,chubu_west,overseas,unknown,all_regions
0,tokyo_chiyoda_chuo_minato,10946,0,2502,1367,0,0,0,0,0,0,0,0,0,0,0,0,0,0,0,0,0,0,0,0,0,0,0,0,0,0,0,0,0,0,0,0,0,0,0,3,0,0,0,0,0,0,0,0,0,0,0,0,0,0,0,0,0,0,0,0,0,0,0,0,0,0,1,0,0,0,0,0,5,14825
1,tokyo_meguro_shinagawa_ota,649,1830,14,0,0,0,0,10,0,0,0,0,12,0,0,0,0,0,0,0,0,0,0,0,0,0,0,0,0,0,0,0,0,0,0,0,0,0,0,0,0,0,0,0,0,2,0,0,0,0,0,0,0,0,0,0,0,0,0,0,0,0,0,0,0,0,0,0,0,0,0,0,8538,11056
2,tokyo_toshima_bunkyo_shinjuku_shibuya,0,0,0,0,0,0,0,0,0,0,0,0,0,0,0,0,0,0,0,0,0,0,0,0,0,0,0,0,0,0,0,0,0,0,0,0,0,0,0,0,0,0,0,0,0,0,0,0,0,0,0,0,0,0,0,0,0,0,0,0,0,0,0,0,0,0,0,0,0,0,0,0,0,0
3,tokyo_arakawa_taito_sumida_koto,9279,118,578,9667,1,1,636,0,0,0,0,0,0,0,0,1,0,0,0,0,0,0,0,0,0,0,0,0,0,0,0,0,0,5,0,0,0,4,203,0,0,0,0,33,0,0,0,0,0,0,0,0,0,0,0,0,0,0,0,0,133,0,0,0,0,0,0,0,0,0,19,0,873,21551
4,tokyo_nakano_suginami_setagaya,0,0,745,0,2285,0,0,2918,0,0,0,0,0,0,0,0,0,0,0,0,0,0,0,0,0,0,0,0,0,0,0,0,0,0,0,0,0,0,0,0,0,0,0,0,0,0,0,0,0,0,0,0,0,0,0,0,0,0,0,0,0,0,0,0,0,0,0,0,0,0,0,0,0,5949
5,tokyo_nerima_itabashi_kita,0,0,0,0,968,2882,0,95,6,0,0,0,0,0,0,0,0,0,0,0,0,0,0,0,0,0,0,0,279,0,0,0,0,0,0,0,0,0,0,163,0,0,0,0,0,0,0,0,0,0,0,0,0,0,0,0,0,0,0,0,0,0,0,0,0,0,182,0,0,0,1,2,0,4579
6,tokyo_adachi_katsushika_edogawa,515,91,1297,3121,118,1141,3007,126,90,83,3,21,65,23,60,30,14,28,15,0,38,0,0,0,4,0,124,35,78,62,0,0,15,0,0,0,0,16,25,15,8,0,0,0,0,0,0,0,0,23,0,0,0,0,0,0,1,0,2,0,0,0,0,0,0,0,56,0,0,7,49,0,3,10412
7,chofu_nishitokyo_fuchu_musashino_etc,11,0,0,0,40,48,1,6825,2519,56,0,0,10,1,0,0,6,16,0,0,0,0,0,0,0,6,0,12,47,7,0,0,0,0,0,0,0,10,0,0,0,0,0,0,0,0,0,0,0,0,0,0,0,0,0,0,0,0,0,0,0,0,1,0,0,0,1,0,0,0,0,20,0,9638
8,machida_tama_hachioji_inagi_etc,0,17,0,0,0,0,0,3323,5317,55,0,0,0,10,0,40,0,13,0,0,0,0,0,0,0,0,0,0,0,0,0,0,0,0,0,0,0,0,0,0,0,0,0,0,0,0,0,0,0,0,0,0,0,0,0,0,0,0,0,0,0,0,0,0,0,0,0,0,0,0,8,0,0,8782
9,mizuho_fussa_hamura_akiruno_etc,0,0,0,0,0,388,73,266,0,14,0,0,145,0,0,0,0,0,0,0,103,0,0,0,0,0,0,0,208,381,0,0,353,0,0,0,0,0,167,0,0,161,0,0,0,0,13,0,0,0,0,0,0,0,0,0,0,0,0,0,0,0,0,0,0,0,0,0,0,190,0,0,240,2700
10,yokohama_nishi_naka,101,235,46,138,0,0,45,151,0,0,0,5,70,244,81,58,132,0,0,0,108,0,0,0,74,49,0,171,0,0,0,0,0,0,0,0,0,0,45,0,0,0,0,0,0,0,0,0,0,0,0,0,0,0,0,0,0,0,0,0,87,0,0,0,0,0,0,0,184,46,0,0,0,2070
11,yokohama_isogo_minami_kanazawa_konan,1,3,0,1,4,10,21,36,0,0,1925,1293,20,10,19,0,1,0,10,8,20,3,0,0,0,4,0,0,0,0,0,0,0,0,0,0,0,0,0,0,0,0,0,0,0,0,0,0,0,0,2,0,0,0,0,0,0,0,0,0,0,0,0,0,0,0,32,6,1,1,132,0,218,3784
12,yokohama_hodogaya_totsuka_sakae_izumi_etc,12,24,0,0,19,0,0,0,424,0,66,1685,5149,4261,136,0,1446,2249,12,6,0,0,30,0,79,1568,0,0,0,0,0,0,0,0,0,0,0,0,0,0,0,0,0,0,0,0,0,0,0,0,0,0,0,0,0,0,0,0,0,0,0,0,0,0,0,0,0,0,0,0,2,0,259,17426
13,yokohama_kohoku_tsuzuki_midori_aoba,5,20,0,5,5,5,0,4,23,0,5,3,12,16,381,678,5,2,0,0,0,0,0,0,0,0,0,0,0,0,0,0,0,0,0,0,0,0,0,0,0,0,0,3,0,0,0,0,0,0,0,0,0,0,0,0,0,0,0,0,0,0,0,0,0,0,0,0,0,0,10,0,0,1184
14,yokohama_tsurumi_kanagawa,12,114,13,0,0,0,0,6,0,0,3086,16,198,310,4162,38,20,0,6,0,17,0,0,0,0,46,0,0,0,0,0,0,0,0,0,0,0,0,0,0,15,0,0,0,0,24,21,0,1,0,0,0,0,0,0,0,0,0,0,0,0,29,0,0,0,0,25,347,95,13,378,0,396,9392
15,kawasaki_kawasaki_saiwai_nakahara,9,1583,31,113,57,118,102,0,148,0,11,0,0,25,431,4326,116,139,0,203,0,101,0,0,45,251,0,64,0,0,0,0,0,0,46,0,0,117,0,181,0,150,0,45,0,0,0,0,0,0,0,0,0,0,0,0,0,0,29,0,0,0,0,0,0,0,0,0,0,0,0,0,71,8510
16,kawasaki_takatsu_miyamae_tama_asao,0,1017,0,0,5749,0,0,0,0,0,3,0,0,41,7,601,2147,0,0,0,0,0,0,0,0,0,0,0,0,0,0,0,0,0,0,0,0,0,0,0,0,0,0,0,0,0,0,0,0,0,0,0,0,0,0,0,0,0,0,0,0,0,0,0,0,0,0,0,0,0,0,0,0,9566
17,sagamihara_city,0,14,0,7,0,0,4,15,3379,1,0,25,14,8,23,21,0,6513,0,8,20,3,0,7,272,14,1,0,14,0,0,0,0,0,30,0,7,150,0,0,0,0,0,0,0,0,150,0,0,0,0,0,0,0,0,0,0,0,7,30,0,0,0,0,0,0,218,0,2,0,391,2,60,11410
18,yokosuka_miura,0,0,0,0,0,0,0,0,0,0,0,1,0,0,0,0,0,0,2649,0,0,0,0,0,0,0,0,0,0,0,0,0,0,0,0,0,0,0,0,0,0,0,0,0,0,0,0,0,0,0,0,0,0,0,0,0,0,0,0,0,0,0,0,0,0,0,0,0,0,0,0,0,0,2650
19,kamakura_zushi_hayama,0,0,0,0,0,0,0,0,0,0,0,0,0,0,0,0,0,0,0,0,0,0,0,0,0,0,0,0,0,0,0,0,0,0,0,0,0,0,0,0,0,0,0,0,0,0,0,0,0,0,0,0,0,0,0,0,0,0,0,0,0,0,0,0,0,0,0,0,0,0,2,0,0,2
20,fujisawa_chigasaki_samukawa,0,0,0,9,0,0,0,0,0,0,0,0,19,0,0,0,30,0,0,0,1,5,6,0,3,1,0,0,0,0,0,0,0,0,0,0,0,0,0,0,0,0,0,0,0,0,0,0,0,0,0,0,0,0,0,0,0,0,0,0,0,0,0,0,0,0,0,0,0,0,0,0,0,74
21,hiratsuka_oiso_ninomiya,0,0,0,0,0,0,0,0,0,0,0,0,0,0,0,0,0,0,0,0,0,26,36,0,58,0,0,0,0,0,0,0,0,0,0,0,0,0,0,0,0,0,0,0,0,0,0,0,0,0,0,0,0,0,0,0,0,0,0,0,0,0,0,0,0,0,0,0,0,5,0,0,0,126
22,odawara_manazuru_yugawara_hakone,0,0,0,0,0,0,0,0,46,0,0,0,0,0,0,0,0,0,0,0,0,0,2184,0,0,46,0,0,0,552,0,0,0,0,0,0,0,0,0,142,0,71,0,0,0,0,0,0,0,0,0,0,0,0,0,0,0,0,0,0,256,0,0,0,0,0,103,46,0,255,18,0,45,3765
23,minami_ashigara_nakai_oi_matsuda_etc,0,0,0,0,0,0,0,0,287,0,0,0,0,0,2,0,0,41,0,0,0,202,348,1909,101,0,0,0,0,0,0,0,0,0,0,0,0,0,0,0,0,0,0,0,0,0,0,0,0,0,0,0,0,0,0,0,0,0,0,621,0,0,0,0,0,0,4,0,36,93,12,0,0,3657
24,atsugi_hadano_kiyokawa_isehara_etc,49,23,5,7,21,30,22,60,23,10,0,35,73,34,25,37,0,47,15,20,83,3,3,3,2049,121,0,0,42,19,0,0,0,0,17,0,0,0,0,0,0,72,0,0,0,0,0,0,0,0,0,0,0,0,0,0,50,17,15,0,0,0,0,0,0,0,116,5,3,70,138,0,98,3460
25,zama_yamato_ebina_ayase,0,31,0,0,0,0,0,0,66,0,0,0,56,0,13,0,34,55,0,25,0,0,0,0,11,0,0,0,0,0,0,0,0,0,0,0,0,1,0,1,0,0,0,0,0,0,0,0,0,0,0,0,0,0,0,0,0,0,0,1,0,0,0,0,0,0,3,0,0,2,25,0,0,326
26,saitama_city,0,0,0,142,0,199,8,0,0,0,0,0,0,0,0,0,0,39,0,0,6,6,0,5,0,0,27968,8,24,1879,0,0,634,0,39,0,0,0,0,78,0,6,0,0,0,0,0,0,15,43,13,0,0,0,9,13,3,0,12,4,0,0,0,10,1,0,0,2,8,13,6,0,15,31208
27,kawaguchi_warabi_toda,18,85,1661,20,72,75,27,0,1,0,0,0,0,1,0,0,0,0,0,0,0,0,0,0,0,0,170,3679,574,1,0,25,92,0,0,0,0,1,209,44,0,1,0,0,0,37,0,0,0,0,0,0,0,47,0,0,0,0,0,0,0,0,0,0,0,0,16,0,0,0,57,4,26,6945
28,asaka_wako_niiza_tokorozawa_etc,3,3,0,0,22,0,0,421,0,0,0,0,3,0,0,0,0,0,0,0,0,0,0,0,0,0,1011,0,24268,0,8,15,0,0,0,0,0,986,0,0,0,0,0,0,0,0,0,898,0,0,0,0,0,0,0,0,0,0,0,0,0,0,0,0,0,0,9,0,4,0,0,0,8,27662
29,soka_kasukabe_misato_koshigaya_etc,145,110,397,322,132,240,2851,403,160,2,67,247,58,0,23,1,1,100,0,0,0,22,0,0,197,0,263,421,543,2333,0,0,76,0,0,0,86,0,6,0,85,0,0,151,0,0,0,12,0,0,0,0,0,0,141,73,274,0,295,0,0,0,0,0,35,0,3,0,64,0,0,0,31,10370
30,hanno_hidaka_moroyama_ogose_etc,813,0,109,968,174,720,211,1253,412,1045,695,234,0,42,0,818,103,0,0,0,0,49,0,40,0,0,1139,399,535,1725,621,48,0,1198,244,0,68,33,0,127,0,0,1,0,0,0,0,105,0,8,0,0,0,0,45,105,59,147,222,106,0,0,0,0,0,0,28,25,1369,0,2,0,1045,17094
31,tsurugashima_sakado_kawajima_higashimatsuyama_etc,0,0,0,0,0,0,0,0,0,0,0,0,0,0,0,0,0,0,0,0,0,0,0,0,0,0,0,0,0,0,0,56,0,0,0,0,0,0,0,0,0,0,0,0,0,0,0,0,0,0,0,0,0,0,0,0,0,0,0,0,0,0,0,0,0,0,0,0,0,0,37,0,0,94
32,ageo_konosu_okegawa_kitamoto_etc,0,0,0,0,0,0,0,48,0,11,0,0,0,0,27,0,42,0,0,0,0,0,0,0,0,0,12,0,20,0,0,6,48,9,0,0,0,0,8,0,0,0,0,0,0,0,0,0,0,0,0,0,0,0,0,0,0,0,0,0,0,0,0,0,0,0,34,11,0,0,3,0,28,309
33,kuki_kazo_hanyu_gyoda_etc,0,0,0,0,0,138,0,11,11,0,0,0,0,0,22,22,0,109,0,0,0,0,0,0,0,0,248,47,3,141,10,19,1575,745,389,0,0,0,22,0,0,5,0,0,0,0,0,104,0,0,0,11,0,0,0,34,0,6,0,0,0,0,0,0,0,0,0,0,0,0,208,0,29,3910
34,kumagaya_fukaya_ogawa_yorii_etc,109,8,143,112,33,177,403,1257,269,36,0,46,16,0,0,0,84,261,0,0,165,8,0,8,42,10,795,149,851,464,212,1408,76,1554,2501,265,379,26,0,11,7,25,128,224,0,0,0,62,673,71,177,0,0,76,1005,969,1630,764,952,364,79,0,44,1185,169,0,92,96,707,0,179,0,4244,25800
35,honjo_kamikawa_kamisato,0,0,0,0,0,0,0,13,0,20,0,0,0,0,1,0,0,0,0,0,0,0,0,0,0,1,45,0,38,0,0,109,0,144,281,567,0,0,0,0,0,0,0,1,0,0,0,0,0,0,0,0,0,0,3,0,91,49,0,0,0,0,0,0,0,0,0,0,0,0,15,0,0,1378
36,chichibu_yokoze_minano_nagatoro_etc,151,0,56,101,11,506,11,166,131,1033,0,44,12,0,42,136,36,233,0,0,0,36,28,0,28,109,518,402,2660,268,11,392,251,1181,2138,50,3577,187,414,28,0,84,148,70,0,0,0,86,11,33,0,17,56,203,0,3,1018,87,94,92,39,0,0,38,0,0,279,270,352,115,202,0,1487,19730
37,chiba_city,872,102,0,0,0,0,76,0,0,0,0,0,0,0,0,0,0,0,0,0,0,0,0,0,0,0,0,0,0,0,0,0,0,0,0,0,0,2381,890,0,0,4,259,53,4,5,0,0,1,0,0,0,0,53,0,0,0,0,0,0,0,0,0,11,0,0,614,0,53,0,0,0,80,5458
38,ichikawa_urayasu_narashino_funabashi,0,0,0,2000,0,0,814,0,0,0,0,0,0,3,0,0,0,0,0,0,0,0,0,0,0,0,0,0,4,1223,0,0,0,0,0,0,0,0,7310,29,0,0,0,0,0,0,0,0,0,0,0,0,0,0,0,0,0,0,0,0,0,0,0,0,0,0,829,0,0,0,793,0,96,13102
39,matsudo_kamagaya_kashiwa_abiko,0,8,0,8,0,8,20,15,8,8,0,0,0,0,29,38,0,0,0,0,66,0,0,0,0,0,8,8,0,35,0,0,0,180,0,0,0,8,50,3834,759,57,8,8,0,1,84,11,8,0,0,11,0,21,11,0,0,43,11,294,0,0,0,0,0,0,354,112,0,0,123,0,0,6242
40,nagareyama_noda,0,0,0,0,0,0,0,0,0,0,0,0,0,0,0,0,0,0,0,0,0,0,0,0,0,0,0,0,0,0,0,0,0,0,0,0,0,0,0,0,0,0,0,0,0,0,0,0,0,0,0,0,0,0,0,0,0,0,0,0,0,0,0,0,0,0,0,0,0,0,0,0,0,0
41,yachiyo_sakura_narita_shiroi_etc,0,0,52,0,8,0,0,15,0,0,0,0,0,0,0,0,0,31,0,0,0,0,0,0,0,0,6,3,0,0,0,0,0,0,0,0,0,1,285,161,0,3320,0,0,0,0,49,0,0,0,0,0,1,0,0,0,0,0,0,0,0,0,0,0,13,0,0,0,0,6,31,0,158,4140
42,ichihara_city,0,0,0,0,0,0,0,0,0,0,0,0,0,0,0,0,0,0,0,0,0,0,0,0,0,0,0,0,0,0,24,0,0,0,0,0,0,1039,0,14,0,24,621,6,0,0,0,60,0,0,0,18,0,0,0,0,0,0,0,0,0,0,0,0,0,0,0,0,0,0,0,0,0,1807
43,kisarazu_sodegaura_kimitsu_futtsu,0,0,0,0,0,0,0,0,0,0,0,0,0,0,0,30,0,0,0,0,0,0,0,0,0,0,0,0,0,0,0,0,0,0,0,0,0,0,0,1,0,1,0,1787,42,0,0,0,0,0,0,0,0,95,0,0,0,0,0,0,0,0,0,0,0,0,182,0,0,0,0,0,39,2178
44,katsuura_otaki_tateyama_kamogawa_etc,0,0,0,0,0,0,0,0,0,0,0,0,0,0,0,0,0,0,0,0,0,0,0,0,0,0,0,0,0,0,0,0,0,0,0,0,0,0,19,0,0,0,0,43,946,0,0,0,0,0,0,17,0,0,0,0,0,0,0,0,0,0,0,0,0,0,0,0,0,0,0,0,12,1038
45,choshi_asahi_sosa_katori_etc,0,2,0,0,2,4,0,0,0,1,1,0,0,0,0,1,0,4,0,0,0,0,0,0,2,0,1,1,0,2,0,0,0,3,0,0,0,0,0,32,1,0,0,0,0,1304,7,1,0,0,0,0,0,14,1,4,0,4,9,0,0,0,1,0,0,0,4,2,0,19,70,0,37,1534
46,togane_mobara_sanmu_oamishirasato_etc,0,0,0,0,0,0,63,0,0,0,0,0,0,0,0,0,0,0,0,0,0,0,0,0,0,0,0,0,0,0,0,0,0,0,0,0,0,91,221,77,0,4,4,18,0,51,188,0,0,0,0,0,17,282,30,0,0,0,0,0,0,0,0,0,0,0,0,0,0,0,0,0,163,1209
47,tsuchiura_ishioka_omitama_kasumigaura_etc,167,0,1,0,1,0,12,1,0,0,0,0,0,0,1,0,0,2,0,0,0,0,0,0,0,0,0,0,0,0,0,0,0,0,0,0,0,0,0,0,35,0,0,0,0,0,0,1740,26,368,0,222,23,137,113,0,0,0,68,0,7,0,47,17,0,0,21,10,0,10,14,0,213,3255
48,koga_shimotsuma_yachiyo_goka_etc,104,114,53,28,156,0,121,69,62,0,0,0,23,0,0,19,0,68,0,0,0,0,3,0,0,0,0,42,48,58,0,0,183,344,0,0,0,0,177,89,28,26,0,0,0,0,0,0,2091,0,79,0,0,0,0,80,0,0,0,12,0,0,0,0,0,0,326,0,0,503,0,0,0,4906
49,tsukuba_city,0,0,0,0,0,0,0,0,0,0,0,0,0,0,0,0,0,0,0,0,0,0,0,0,0,0,0,0,0,0,0,0,0,0,0,0,0,0,0,0,0,0,0,0,0,0,0,0,64,296,0,3,0,0,0,51,0,0,0,0,0,0,0,0,0,0,0,0,0,0,0,0,0,413
50,joso_bando,383,26,0,0,0,0,25,58,0,0,0,0,0,0,4,0,0,30,0,0,0,0,0,0,0,0,35,0,36,145,49,22,0,26,52,0,0,0,1,10,3,0,0,0,0,0,0,35,57,80,456,561,0,0,0,14,0,0,100,36,0,0,0,0,0,0,245,59,0,0,524,0,666,3737
51,ryugasaki_toride_ushiku_moriya_etc,0,0,0,0,0,0,0,0,0,0,0,0,0,0,0,0,0,0,0,0,0,0,0,0,0,0,0,0,0,0,0,0,0,0,0,0,0,0,0,1169,12,9,24,0,0,0,0,10,0,127,5,18,0,0,4,0,0,0,0,0,0,0,0,0,0,0,0,0,0,0,0,0,0,1378
52,inashiki_miho_kawachi,0,0,0,0,0,0,0,0,0,0,0,0,0,0,0,0,0,0,0,0,0,95,0,0,0,0,0,0,0,0,0,0,0,0,0,0,0,28,0,0,0,52,0,0,0,0,42,134,0,0,0,0,33,0,0,0,0,0,0,0,0,0,0,0,0,0,0,0,0,0,0,0,0,383
53,kashima_kamisu_namegata_itako,0,0,0,0,0,0,0,0,0,0,0,0,0,0,0,0,0,0,0,0,0,0,0,0,0,0,0,0,208,208,0,0,0,0,0,0,0,0,0,0,0,0,0,0,0,0,0,25,0,0,0,8,0,2163,0,0,83,0,83,0,0,0,0,0,0,0,522,222,83,69,1095,0,1034,5803
54,mito_hitachi_kasama_hitachinaka_etc,164,0,0,0,0,364,826,151,84,0,0,0,0,0,0,100,0,0,0,0,0,0,0,0,0,0,0,366,454,0,0,0,0,0,0,0,0,59,0,94,0,0,0,0,0,67,0,684,917,280,0,294,88,1362,5313,0,0,239,174,160,0,0,334,297,0,0,1946,0,0,0,1,0,153,14971
55,yuki_chikusei_sakuragawa,5,0,5,8,22,3,8,5,8,0,24,0,0,13,0,5,0,0,0,0,0,0,0,0,16,13,60,0,3,11,0,7,0,6,2,0,0,37,47,0,17,27,0,50,0,0,5,84,63,2,0,69,17,93,157,61,30,8,161,52,6,0,68,119,8,0,225,34,171,0,39,91,173,2141
56,maebashi_takasaki_isesaki_shibukawa_etc,9,83,28,203,37,300,16,78,107,66,0,13,24,118,53,32,26,75,0,0,80,21,24,5,109,44,45,6,173,48,16,45,28,98,121,53,5,0,31,90,12,133,24,26,0,0,12,0,18,11,63,24,0,0,94,0,8470,341,123,42,22,0,0,11,197,242,383,256,427,20,78,0,175,13517
57,kiryu_ota_tatebayashi_midori_etc,124,0,0,0,91,10,209,0,0,15,0,0,0,0,0,0,0,0,0,0,0,0,0,0,0,0,48,13,12,107,0,0,118,206,41,7,0,0,185,0,0,77,0,0,0,0,0,0,3,0,0,0,0,0,0,0,311,1105,17,3,20,0,0,10,0,0,403,0,0,10,0,0,371,3517
58,utsunomiya_kanuma_moka_kaminokawa_etc,0,21,0,0,0,120,0,0,0,0,0,0,0,0,0,0,0,77,0,0,0,0,23,0,0,0,0,6,673,3,0,0,0,27,0,0,0,12,9,88,0,0,0,0,0,0,164,144,66,27,0,61,0,59,77,60,12,11,11025,322,24,0,3,4914,0,0,268,315,0,0,1,0,762,19374
59,tochigi_oyama_shimotsuke_nogi_etc,0,0,0,19,0,0,9,14,0,0,0,0,0,0,0,9,0,16,10,0,0,0,0,0,0,0,27,0,34,7,0,0,10,46,17,3,0,0,0,0,0,0,0,0,0,0,0,32,147,0,0,0,0,43,64,48,47,0,700,683,73,0,26,54,0,0,130,0,0,0,1,0,1315,3583
60,ashikaga_sano,0,0,0,0,0,0,0,33,0,0,0,0,0,0,0,611,0,0,0,0,0,0,0,0,0,0,0,98,405,48,0,0,0,19,0,0,0,0,93,0,45,32,0,948,0,0,39,210,45,0,0,0,0,0,13,0,913,110,158,231,657,0,32,0,0,0,519,112,299,35,57,65,1428,7256
61,tokyo_islands,0,0,0,0,0,0,0,0,0,0,0,0,0,0,0,0,0,0,0,0,0,0,0,0,0,0,0,0,0,0,0,0,0,0,0,0,0,0,0,0,0,0,0,0,0,0,0,0,0,0,0,0,0,0,0,0,0,0,0,0,0,0,0,0,0,0,0,0,0,0,0,0,0,0
62,ibaraki_north,0,0,0,0,0,0,0,0,0,0,0,0,0,0,0,0,0,0,0,0,0,0,0,0,0,0,2,0,0,12,0,0,0,0,0,0,0,0,0,0,0,0,0,0,0,0,0,0,0,0,0,0,0,0,0,0,0,0,0,0,0,0,0,0,0,0,0,0,0,0,0,0,0,15
63,tochigi_north,0,0,0,0,0,0,0,0,0,0,0,0,0,0,0,0,0,0,0,0,0,0,0,0,0,0,0,0,0,0,0,0,0,0,0,0,0,0,0,0,0,0,0,0,0,0,0,0,0,0,0,0,0,0,0,0,0,0,610,4,0,0,0,0,0,0,0,0,0,0,0,0,0,614
64,gunma_north,0,0,0,0,0,0,0,0,0,0,0,0,0,0,0,0,0,0,0,0,0,0,0,0,0,0,0,0,0,5,0,0,0,0,0,0,0,0,0,0,0,0,0,0,0,0,0,0,0,0,0,0,0,0,0,0,0,0,0,0,0,0,0,0,0,0,0,0,0,0,0,0,0,5
65,gunma_other_ueno_kanna_nanmoku,0,0,0,0,0,0,0,0,0,0,0,0,0,0,0,0,0,0,0,0,0,0,0,0,0,0,0,0,0,0,0,0,0,0,0,0,0,0,0,0,0,0,0,0,0,0,0,0,0,0,0,0,0,0,0,0,0,0,0,0,0,0,0,0,0,0,0,0,0,0,0,0,0,0
66,hokkaido_tohoku,0,0,0,0,1023,20,104,0,0,0,0,0,0,0,18,0,0,0,0,0,0,0,0,18,1,1,0,5,0,0,0,0,0,173,0,0,62,0,0,0,0,61,0,0,0,0,0,0,0,153,18,0,0,16,40,57,7,0,0,0,0,0,0,0,0,0,0,0,0,0,0,0,0,1778
67,hokuriku,0,0,0,0,0,0,0,0,0,0,0,92,0,0,0,0,0,0,0,0,0,0,0,0,6,0,0,0,0,0,0,17,0,0,0,0,0,0,0,0,0,0,0,0,0,0,0,0,0,0,7,32,0,0,0,0,3,0,0,0,0,0,0,0,0,0,0,0,0,0,0,0,0,157
68,yamanashi_nagano,0,0,0,0,0,0,0,0,2,0,0,57,0,1,0,0,0,179,0,0,0,0,0,0,12,34,0,0,0,16,0,0,0,0,0,0,0,0,0,0,0,0,0,0,0,0,0,0,0,0,0,0,0,0,0,0,0,0,0,0,0,0,0,0,0,0,0,0,0,0,0,0,0,300
69,shizuoka,0,0,0,0,0,0,0,0,0,28,0,198,0,0,30,0,0,2,0,0,0,0,36,0,19,1,0,0,0,0,0,0,0,0,0,0,0,0,0,0,0,6,0,0,0,0,0,0,0,0,0,0,0,0,0,0,1,0,0,0,0,0,0,0,0,0,0,0,0,0,0,0,0,322
70,chubu_west,0,380,0,716,0,1,21,50,34,0,0,6,1,0,24,84,0,135,0,0,42,0,16,1,8,3,86,0,10,15,0,0,11,123,26,15,0,259,59,34,0,31,0,4,0,0,1,0,0,0,0,0,0,65,2,52,24,0,95,214,2,0,0,0,0,0,0,0,0,0,0,0,0,2650
71,overseas,0,0,0,76,0,0,1,2,17,28,0,0,0,0,0,0,0,281,0,0,59,0,0,0,0,0,0,0,0,0,0,0,0,0,0,0,0,0,0,1,0,0,346,0,0,0,0,0,0,0,0,0,0,0,122,0,0,0,0,0,0,0,0,0,0,0,0,0,0,0,0,0,0,933
999,unknown,0,0,0,0,0,0,0,0,0,0,0,0,0,0,0,0,0,0,0,0,0,0,0,0,0,0,0,0,0,0,0,0,0,0,0,0,0,0,0,0,0,0,0,0,0,0,0,0,0,0,0,0,0,0,0,0,0,0,0,0,0,0,0,0,0,0,0,0,0,0,0,0,0,0
○chemical_products,,,,,,,,,,,,,,,,,,,,,,,,,,,,,,,,,,,,,,,,,,,,,,,,,,,,,,,,,,,,,,,,,,,,,,,,,,,(unit: ton/day)
large_zone,region,tokyo_chiyoda_chuo_minato,tokyo_meguro_shinagawa_ota,tokyo_toshima_bunkyo_shinjuku_shibuya,tokyo_arakawa_taito_sumida_koto,tokyo_nakano_suginami_setagaya,tokyo_nerima_itabashi_kita,tokyo_adachi_katsushika_edogawa,chofu_nishitokyo_fuchu_musashino_etc,machida_tama_hachioji_inagi_etc,mizuho_fussa_hamura_akiruno_etc,yokohama_nishi_naka,yokohama_isogo_minami_kanazawa_konan,yokohama_hodogaya_totsuka_sakae_izumi_etc,yokohama_kohoku_tsuzuki_midori_aoba,yokohama_tsurumi_kanagawa,kawasaki_kawasaki_saiwai_nakahara,kawasaki_takatsu_miyamae_tama_asao,sagamihara_city,yokosuka_miura,kamakura_zushi_hayama,fujisawa_chigasaki_samukawa,hiratsuka_oiso_ninomiya,odawara_manazuru_yugawara_hakone,minami_ashigara_nakai_oi_matsuda_etc,atsugi_hadano_kiyokawa_isehara_etc,zama_yamato_ebina_ayase,saitama_city,kawaguchi_warabi_toda,asaka_wako_niiza_tokorozawa_etc,soka_kasukabe_misato_koshigaya_etc,hanno_hidaka_moroyama_ogose_etc,tsurugashima_sakado_kawajima_higashimatsuyama_etc,ageo_konosu_okegawa_kitamoto_etc,kuki_kazo_hanyu_gyoda_etc,kumagaya_fukaya_ogawa_yorii_etc,honjo_kamikawa_kamisato,chichibu_yokoze_minano_nagatoro_etc,chiba_city,ichikawa_urayasu_narashino_funabashi,matsudo_kamagaya_kashiwa_abiko,nagareyama_noda,yachiyo_sakura_narita_shiroi_etc,ichihara_city,kisarazu_sodegaura_kimitsu_futtsu,katsuura_otaki_tateyama_kamogawa_etc,choshi_asahi_sosa_katori_etc,togane_mobara_sanmu_oamishirasato_etc,tsuchiura_ishioka_omitama_kasumigaura_etc,koga_shimotsuma_yachiyo_goka_etc,tsukuba_city,joso_bando,ryugasaki_toride_ushiku_moriya_etc,inashiki_miho_kawachi,kashima_kamisu_namegata_itako,mito_hitachi_kasama_hitachinaka_etc,yuki_chikusei_sakuragawa,maebashi_takasaki_isesaki_shibukawa_etc,kiryu_ota_tatebayashi_midori_etc,utsunomiya_kanuma_moka_kaminokawa_etc,tochigi_oyama_shimotsuke_nogi_etc,ashikaga_sano,tokyo_islands,ibaraki_north,tochigi_north,gunma_north,gunma_other_ueno_kanna_nanmoku,hokkaido_tohoku,hokuriku,yamanashi_nagano,shizuoka,chubu_west,overseas,unknown,all_regions
0,tokyo_chiyoda_chuo_minato,1,0,0,6,0,0,0,40,0,0,0,0,46,0,0,0,0,0,0,0,18,0,0,0,0,0,15,0,0,0,0,0,0,0,0,0,0,0,62,0,25,32,5,0,0,0,0,0,24,0,0,0,23,4,0,0,0,0,0,0,0,0,0,162,0,0,113,0,0,49,343,162,39,1171
1,tokyo_meguro_shinagawa_ota,6,2595,14,40,54,13,6,29,17,18,14,21,20,30,30,32,3,44,5,0,17,7,4,0,10,2,1,86,2,2,1,0,0,24,0,0,0,39,17,1,0,9,0,0,0,0,0,157,0,0,0,0,0,0,0,0,0,0,0,0,0,0,0,2,0,0,54,1,15,33,4,49,152,3682
2,tokyo_toshima_bunkyo_shinjuku_shibuya,0,0,0,0,0,0,0,0,0,0,0,0,0,0,0,0,0,0,0,0,0,0,0,0,0,0,0,1,0,0,0,0,0,0,0,0,0,0,0,1,0,0,0,0,0,0,0,0,0,0,0,0,0,0,0,0,0,0,0,0,0,0,0,0,0,0,0,0,0,0,0,0,0,3
3,tokyo_arakawa_taito_sumida_koto,162,1628,85,176,66,71,2,9,29,0,0,0,0,0,0,0,0,0,0,0,0,0,0,2,53,28,4,0,6,24,0,1,0,44,29,0,0,0,134,3,0,0,31,0,0,0,0,0,59,0,0,0,5,0,0,0,0,3,29,83,0,0,1,0,0,0,27,9,0,3,84,128,23,3042
4,tokyo_nakano_suginami_setagaya,0,0,0,0,0,0,0,0,0,0,0,0,0,0,0,0,0,0,1,0,0,0,1,0,0,0,0,0,0,0,0,0,0,0,0,0,0,0,0,0,0,0,0,0,0,0,0,0,0,0,0,0,0,0,0,0,0,0,0,0,0,0,0,0,0,0,0,0,0,0,0,0,0,2
5,tokyo_nerima_itabashi_kita,2,4,16,0,56,19,48,22,0,0,0,0,0,11,0,2,15,0,0,0,0,1,0,0,0,0,34,7,5,10,0,0,0,25,2,0,0,0,0,0,0,18,0,0,0,0,7,0,0,0,0,4,0,1,3,0,5,7,4,0,0,0,1,5,0,0,24,4,7,15,60,0,16,463
6,tokyo_adachi_katsushika_edogawa,4,28,4,49,1,19,49,0,0,0,2,0,3,0,24,27,0,5,0,1,0,0,0,0,5,0,39,15,33,34,0,2,0,21,8,0,0,25,15,5,8,25,0,0,0,3,5,4,11,0,1,0,0,0,1,0,8,1,15,7,31,0,8,3,0,0,67,18,3,44,23,0,63,766
7,chofu_nishitokyo_fuchu_musashino_etc,3,17,2,1,6,5,0,173,13,25,0,11,0,1,0,14,0,1,0,0,0,0,0,0,14,3,125,2,28,30,0,10,0,55,20,0,0,0,12,0,0,0,10,0,0,0,0,0,0,0,0,12,0,10,10,0,24,0,9,0,0,0,0,12,0,0,78,0,1,0,59,0,592,1389
8,machida_tama_hachioji_inagi_etc,0,3,0,0,0,0,1,6,40,6,0,0,7,3,0,0,0,2,0,0,0,0,0,0,0,0,0,0,137,0,0,0,0,0,7,0,0,0,0,0,0,0,14,0,0,0,0,0,0,0,0,0,0,0,0,0,0,0,0,0,0,0,0,0,0,0,2,2,7,1,10,0,15,264
9,mizuho_fussa_hamura_akiruno_etc,0,0,0,4,0,0,0,1,0,2,0,14,0,0,0,0,0,0,0,0,0,0,0,0,0,0,0,0,42,0,3,0,0,0,0,0,0,3,0,0,0,0,0,0,0,0,0,0,0,0,10,0,0,0,0,0,0,0,0,0,0,0,0,0,0,0,11,0,1,0,8,0,5,103
10,yokohama_nishi_naka,0,0,0,0,0,0,0,0,0,0,1,31,0,0,19,97,0,0,0,0,15,19,15,0,0,0,0,0,0,0,0,0,0,19,0,0,0,0,2,0,0,0,0,0,0,0,0,0,0,0,0,0,0,0,0,0,0,11,0,0,0,0,0,0,0,0,0,0,0,0,14,191,0,435
11,yokohama_isogo_minami_kanazawa_konan,0,16,0,3,0,0,0,0,3,33,166,101,5,0,18,66,0,2,2,0,9,0,0,6,1,0,0,0,0,7,0,0,0,0,0,0,0,0,0,0,0,0,29,0,2,0,0,0,0,0,3,0,6,0,0,0,0,0,0,0,0,0,0,0,0,0,965,21,102,439,467,185,23669,26328
12,yokohama_hodogaya_totsuka_sakae_izumi_etc,0,0,0,0,0,0,0,0,0,0,1,1,8,0,0,0,0,0,0,0,0,0,0,0,0,5,0,0,0,0,0,0,0,0,0,0,0,0,0,3,0,0,0,0,0,0,0,0,0,0,0,0,0,0,0,0,0,0,0,0,0,0,0,0,0,0,2,0,0,0,5,0,1,28
13,yokohama_kohoku_tsuzuki_midori_aoba,0,27,0,4,7,0,3,0,8,0,23,22,69,32,93,95,70,44,1,1,7,3,1,0,19,5,66,0,1,0,0,0,1,0,25,0,0,0,0,0,0,0,0,0,0,0,0,0,4,0,0,0,0,0,0,0,0,0,0,0,0,0,0,0,0,0,0,0,0,0,27,40,1316,2015
14,yokohama_tsurumi_kanagawa,3,45,1,46,3,5,8,87,3,7,639,50,21,8,338,143,6,24,4,0,16,6,1,1,41,13,0,49,0,20,2,1,0,21,0,0,0,0,76,2,44,0,0,0,0,0,13,18,0,0,374,55,0,0,0,0,38,0,6,41,1,3,0,0,0,0,503,203,64,516,856,203,31,4662
15,kawasaki_kawasaki_saiwai_nakahara,1620,1860,28,210,1565,21,15,216,0,0,1311,0,0,12,1664,1540,1522,340,1,0,22,73,0,1,81,12,34,106,42,52,0,24,19,69,4,29,0,36,306,9,12,5,1175,342,2,9,35,36,80,0,6,3,19,153,3,56,100,22,0,78,0,0,3,62,0,0,276,284,97,416,2038,1087,2044,21286
16,kawasaki_takatsu_miyamae_tama_asao,0,0,0,0,0,0,0,0,7,0,0,0,0,0,0,0,6,0,0,0,0,0,0,0,0,5,0,0,3,0,0,0,0,0,0,0,0,0,0,0,0,0,0,0,0,0,0,0,0,0,0,0,0,0,0,0,1,0,0,0,0,0,0,0,0,0,0,3,0,0,3,0,3,33
17,sagamihara_city,0,0,0,0,0,0,0,4,135,11,0,0,0,12,0,20,0,520,0,0,3,1,0,0,159,50,0,0,3,0,0,0,0,0,0,0,0,0,0,0,0,0,20,0,0,0,0,0,0,0,0,0,0,0,0,0,0,0,0,0,0,0,0,0,0,0,3,0,11,2,7,0,693,1656
18,yokosuka_miura,0,0,0,0,0,0,0,0,0,0,0,1,1,0,0,9,0,0,38,0,0,0,0,0,0,0,0,0,0,0,0,0,0,0,0,0,0,0,0,0,0,0,0,0,0,0,0,0,0,0,0,0,0,0,0,0,0,0,0,0,0,0,0,0,0,0,0,0,0,0,0,30,32,111
19,kamakura_zushi_hayama,0,0,0,0,0,0,0,0,1,0,0,0,0,0,0,0,0,0,0,0,50,0,6,0,0,0,0,0,0,3,0,0,0,0,0,0,0,13,0,0,0,0,0,0,0,0,0,0,0,0,0,0,0,0,0,1,1,0,0,0,0,0,0,9,0,0,1,0,0,5,8,0,0,99
20,fujisawa_chigasaki_samukawa,0,0,0,2,0,4,3,0,0,0,1,1,1,0,103,358,0,10,1,50,160,13,0,0,6,1,0,0,19,0,0,0,0,0,0,0,0,0,0,0,5,0,0,0,0,0,0,0,0,0,0,0,0,0,0,0,0,0,0,0,0,0,0,0,0,0,0,0,0,13,18,5,13,786
21,hiratsuka_oiso_ninomiya,0,0,0,3,9,0,1,0,1,4,11,2,2,0,0,21,0,1,0,0,34,359,15,15,488,18,8,0,20,34,1,1,0,6,0,4,0,8,26,0,3,1,48,0,0,0,2,1,0,0,0,14,0,1,0,3,0,1,75,10,0,0,1,0,0,0,148,64,8,110,312,0,12,1909
22,odawara_manazuru_yugawara_hakone,0,0,0,0,0,0,0,0,0,0,0,0,0,0,0,0,0,0,0,0,8,12,53,33,9,1,0,0,0,2,0,0,0,0,0,0,0,0,0,0,0,0,0,0,0,0,0,0,0,0,0,0,0,0,0,0,0,0,0,0,0,0,0,0,0,0,0,5,0,7,0,8,0,139
23,minami_ashigara_nakai_oi_matsuda_etc,0,0,0,0,0,0,0,0,0,0,165,17,1,0,0,109,0,0,0,1,0,2,7,41,20,25,0,0,0,0,0,0,0,0,11,0,0,0,0,4,0,0,0,0,0,0,0,0,0,22,0,0,0,2,0,0,0,0,0,1,0,0,0,8,0,0,9,28,33,148,227,0,29,911
24,atsugi_hadano_kiyokawa_isehara_etc,1,0,0,0,0,0,0,4,0,0,2,1,0,0,11,0,0,22,0,4,6,0,0,0,59,2,48,1,2,8,0,1,0,1,0,0,0,0,1,0,97,0,0,0,0,0,0,1,0,0,0,0,0,0,0,1,1,0,0,0,0,0,0,0,0,0,50,6,47,2,114,2,6,505
25,zama_yamato_ebina_ayase,0,18,0,2,0,0,1,0,6,0,9,18,44,31,73,32,0,16,0,0,27,34,0,28,60,106,1,1,2,0,0,0,0,6,0,0,0,0,15,0,0,1,0,0,0,0,0,0,0,2,0,0,0,0,0,0,7,0,1,0,0,0,0,30,0,0,9,2,0,5,37,9,12,646
26,saitama_city,0,0,3,4,0,32,22,0,0,2,0,0,0,264,8,0,0,2,0,0,0,10,0,0,0,5,540,29,794,50,0,4,24,213,5,0,0,11,75,0,17,0,13,0,0,0,10,32,0,0,0,0,0,0,0,0,5,14,6,2,39,0,0,2,0,0,169,50,2,7,459,5,31,2961
27,kawaguchi_warabi_toda,5,366,668,44,7,668,12,0,0,0,0,0,5,4,4,5,0,1,0,0,0,0,4,0,0,7,351,1991,18,36,6,1,4,14,1,0,0,0,5,18,0,9,0,0,0,0,0,1,0,0,0,0,0,0,0,15,11,0,0,0,6,0,0,0,0,0,38,14,5,9,172,0,175,4702
28,asaka_wako_niiza_tokorozawa_etc,1,1,6,4,16,23,0,32,4,3,3,0,1,0,2,0,7,9,0,0,1,0,0,5,2,0,55,83,481,5,10,28,52,98,8,1,2,0,1,0,2,0,0,0,0,10,1,9,2,0,7,0,0,10,0,2,9,1,11,4,0,0,0,0,0,0,86,141,0,27,455,3,289,2012
29,soka_kasukabe_misato_koshigaya_etc,2,86,10,28,2,22,77,21,3,66,29,4,0,4,40,8,0,4,1,0,74,37,5,0,3,2,28,159,358,1732,0,35,13,63,4,28,4,69,3,92,48,220,24,64,0,2,61,55,40,52,135,14,0,0,20,0,13,9,17,4,7,0,0,0,0,0,209,108,23,52,280,0,385,4959
30,hanno_hidaka_moroyama_ogose_etc,0,0,3,0,0,44,0,0,2,0,0,0,0,0,0,0,0,0,0,0,0,0,0,0,0,0,0,0,1,0,0,0,0,0,0,0,0,0,0,0,0,0,0,0,0,0,0,0,0,0,0,0,0,0,0,0,1,0,0,0,0,0,0,0,0,0,0,0,0,0,0,0,0,52
31,tsurugashima_sakado_kawajima_higashimatsuyama_etc,0,11,1,2,0,6,0,9,0,10,0,0,0,0,0,0,0,2,1,0,1,0,0,0,1,1,18,10,68,5,3,17,27,57,11,1,11,0,0,1,0,1,13,0,0,0,1,0,0,0,0,0,0,0,2,0,30,9,3,25,0,0,0,1,0,0,64,15,12,35,172,0,24,683
32,ageo_konosu_okegawa_kitamoto_etc,0,4,0,0,0,2,1,0,1,0,10,4,0,0,21,0,0,0,0,0,0,0,0,0,0,0,16,2,41,3,0,12,19,49,6,0,0,0,2,0,4,0,23,0,0,0,0,0,9,0,2,1,0,0,0,0,1,2,6,15,0,0,0,0,0,0,24,0,0,9,33,0,199,522
33,kuki_kazo_hanyu_gyoda_etc,0,21,1,4,1,37,8,0,24,1,1,2,1,52,3,14,0,7,0,0,6,6,1,0,0,2,187,23,42,145,1,84,12,348,9,24,0,0,10,7,258,42,30,2,0,10,6,0,17,8,8,58,3,3,10,18,82,54,51,2,12,0,3,2,3,0,225,49,35,11,409,81,406,2978
34,kumagaya_fukaya_ogawa_yorii_etc,0,0,0,0,0,0,1,0,0,15,0,0,0,0,0,0,0,19,0,0,0,0,0,0,0,0,1,1,18,0,1,4,48,41,23,9,2,0,0,0,1,6,0,0,0,0,0,0,0,0,1,0,0,0,0,11,6,1,2,0,39,0,0,0,0,0,29,5,74,23,60,22,126,588
35,honjo_kamikawa_kamisato,0,0,0,0,0,0,0,0,0,1,0,0,0,0,0,0,0,0,0,0,0,0,0,0,0,0,0,2,26,53,0,0,0,0,0,0,0,0,0,0,0,0,0,0,0,0,0,0,0,0,0,0,0,0,0,0,0,0,26,0,0,0,0,0,0,0,26,4,1,0,7,0,30,176
36,chichibu_yokoze_minano_nagatoro_etc,0,0,0,0,0,0,0,0,0,0,0,0,0,0,0,0,0,0,0,0,0,0,0,0,0,0,0,0,11,0,0,0,0,0,0,0,4,0,0,0,0,0,0,0,0,0,0,0,1,0,0,0,0,0,0,0,0,0,0,0,10,0,0,0,0,0,0,0,0,0,0,0,0,27
37,chiba_city,10,0,1,27,0,0,0,36,0,0,0,0,1,1,0,0,3,0,0,0,0,0,0,0,0,0,148,89,5,0,0,0,0,1,0,0,0,79,33,20,0,33,165,33,1,0,16,0,36,0,0,4,0,0,0,0,8,0,0,0,36,0,0,45,0,0,252,4,30,8,268,0,280,1674
38,ichikawa_urayasu_narashino_funabashi,0,53,0,13,0,44,58,0,0,0,0,13,0,32,0,81,6,10,0,0,10,92,17,0,1,0,321,1,211,267,0,10,0,254,59,0,0,43,281,36,22,291,444,0,0,35,173,18,1,109,33,9,9,74,0,36,9,11,0,1,67,0,0,256,0,0,20,11,2,7,76,0,78,3708
39,matsudo_kamagaya_kashiwa_abiko,0,1,0,7,0,0,0,0,0,0,0,0,0,0,0,0,0,0,0,0,0,0,0,0,0,0,0,3,3,1,0,0,0,6,0,38,0,1,2,23,1,1,0,2,0,0,25,0,0,0,0,0,0,0,0,0,47,88,0,6,0,0,0,0,0,0,11,3,44,86,140,0,3,544
40,nagareyama_noda,0,2,0,2,0,0,20,0,0,0,0,0,0,0,14,0,0,1,4,0,0,0,0,0,0,0,86,1,7,54,0,0,0,15,0,0,38,2,26,0,5,5,0,29,0,0,0,3,0,1,0,0,1,0,1,0,4,8,1,0,0,0,8,0,0,0,2,0,2,3,25,0,1,372
41,yachiyo_sakura_narita_shiroi_etc,26,25,1,3,0,8,2,28,0,0,0,0,0,0,2,5,0,31,1,0,10,1,31,0,0,0,1,6,15,45,0,8,3,3,24,0,0,137,14,426,38,630,12,2,4,582,297,57,22,3,5,329,163,894,0,8,2,8,3,0,0,0,2,20,0,0,12,5,5,10,71,0,35,4075
42,ichihara_city,205,518,0,570,2,23,43,44,1,5,34,28,20,8,62,225,0,30,16,16,34,86,36,7,14,101,64,40,54,267,17,27,100,313,174,35,0,441,97,87,78,88,5170,1519,11,32,181,153,145,6,95,75,6,297,94,30,91,151,91,39,90,0,101,198,13,0,815,430,209,670,6051,6587,1373,28736
43,kisarazu_sodegaura_kimitsu_futtsu,0,3,0,0,0,0,0,0,0,0,0,0,0,0,11,38,0,0,0,0,0,0,0,0,0,0,2,4,2,30,0,0,0,13,33,0,0,3,30,0,0,1,119,4763,0,0,0,0,0,0,0,0,0,0,0,0,0,4,2,0,26,0,0,9,0,0,11,8,0,9,164,70,39,5397
44,katsuura_otaki_tateyama_kamogawa_etc,0,0,0,0,0,0,0,0,0,0,51,0,0,0,0,0,0,0,0,0,0,0,0,0,0,0,0,0,0,0,0,0,0,0,0,0,0,0,0,0,0,0,0,0,2,0,5,0,0,0,0,0,0,0,0,0,0,0,0,0,0,0,0,0,0,0,0,0,0,0,0,0,0,58
45,choshi_asahi_sosa_katori_etc,0,2,0,0,1,1,10,0,0,0,0,0,0,0,1,0,0,0,0,0,0,0,0,0,0,0,2,15,0,51,0,2,0,59,2,0,0,0,0,0,0,46,35,24,0,128,2,0,19,0,0,11,16,14,6,0,0,1,0,0,0,0,0,0,0,0,48,51,9,28,76,0,60,720
46,togane_mobara_sanmu_oamishirasato_etc,4,36,2,14,0,4,51,2,99,4,4,8,3,1,37,1,0,9,0,0,10,2,90,0,5,8,3,10,50,4,0,2,0,68,1,0,0,6,9,2,10,10,6,29,62,20,436,37,1,0,1,16,12,17,2,6,0,3,18,6,9,0,1,7,0,0,118,60,5,48,194,13,27,1724
47,tsuchiura_ishioka_omitama_kasumigaura_etc,0,45,17,34,7,85,580,10,3,7,1,0,0,8,23,0,0,1,1,0,0,1,0,0,7,3,10,1418,23,31,1565,13,0,389,0,17,0,2,212,9,3,584,0,1,0,336,0,1076,1757,370,10,388,3,6,57,119,59,326,14657,0,437,0,0,1,0,0,963,163,3975,33,44064,0,3581,77494
48,koga_shimotsuma_yachiyo_goka_etc,2,2,2,3,0,0,0,26,0,4,3,1,8,7,0,4,0,1,1,0,2,0,0,0,5,108,35,3,4,14,0,0,5,26,0,0,0,6,0,3,4,15,0,0,10,2,0,114,54,0,30,38,0,0,14,3,2,6,5,211,2,0,0,0,0,0,247,85,149,93,396,0,315,2071
49,tsukuba_city,0,5,0,0,0,0,0,0,0,0,1,0,0,0,0,0,0,12,0,0,0,0,11,0,0,0,0,0,2,0,0,0,0,0,0,0,0,0,0,12,0,0,0,0,0,0,0,0,0,2,0,0,0,0,0,0,0,0,1,0,0,0,0,0,0,0,38,12,0,0,55,24,34,209
50,joso_bando,1,5,1,9,0,0,1,1,2,0,1,26,0,1,1,1,0,0,0,0,1,9,0,0,5,24,21,42,22,185,3,3,8,4,14,1,0,28,48,21,61,16,40,2,1,2,4,38,23,8,606,36,1,50,87,36,19,13,71,36,38,0,35,3,3,0,86,17,9,4,14,2,6,1852
51,ryugasaki_toride_ushiku_moriya_etc,1,0,0,1,0,0,11,0,0,0,0,0,0,0,18,1,0,0,0,0,1,1,0,0,0,0,36,0,0,25,0,0,0,3,13,0,0,0,1,1,28,35,29,0,0,0,4,95,32,1,25,137,71,0,0,73,30,0,2,4,12,0,0,0,0,0,59,6,18,62,198,3,119,1159
52,inashiki_miho_kawachi,1,11,4,4,5,10,13,13,6,0,0,1,3,29,9,4,1,2,0,0,0,0,0,0,0,0,8,30,15,11,0,0,6,1,4,0,1,24,9,1,0,47,0,0,0,0,0,3,0,1,0,7,26,18,10,1,0,5,6,0,0,0,12,0,0,0,40,42,27,4,181,0,1,655
53,kashima_kamisu_namegata_itako,4,4,0,256,0,1,20,0,0,0,11,7,0,0,22,411,0,3,22,0,7,37,0,138,23,2,153,3,24,5,5,1,1,360,106,1,0,31,35,2,27,34,79,142,2,10,29,47,98,0,57,0,0,1185,98,69,128,29,173,48,23,0,0,15,2,0,695,364,313,379,2995,5499,2972,17206
54,mito_hitachi_kasama_hitachinaka_etc,0,53,0,6,0,0,1,1,0,0,0,0,0,0,2,0,0,0,0,0,1,17,0,0,0,0,17,0,0,1,0,0,0,4,0,0,0,3,1,1,0,60,0,0,0,0,0,29,48,21,0,2,5,17,506,18,11,0,11,3,1,0,425,0,0,0,20,8,2,3,97,0,786,2183
55,yuki_chikusei_sakuragawa,3,10,3,6,8,7,6,14,3,9,3,11,8,8,3,0,0,3,6,0,3,2,0,0,11,6,15,8,17,6,0,8,3,6,2,0,0,0,0,0,0,0,8,0,0,0,0,9,10,0,3,3,0,3,6,61,8,6,34,16,3,0,0,13,0,0,203,64,70,16,164,0,382,1275
56,maebashi_takasaki_isesaki_shibukawa_etc,0,36,2,4,0,3,11,35,14,38,9,0,0,11,12,232,0,5,14,0,14,12,0,0,22,13,29,32,154,37,3,1,0,90,91,23,3,16,2,13,24,19,59,1,17,33,39,24,212,1,43,11,0,0,30,46,3639,298,126,59,18,0,0,18,1803,0,347,263,249,20,607,0,721,9705
57,kiryu_ota_tatebayashi_midori_etc,0,17,0,0,0,0,1,0,0,1,0,0,0,1,0,0,0,0,0,0,0,13,0,0,0,0,28,8,0,17,0,1,3,12,9,0,73,2,0,4,27,0,16,0,0,0,0,0,0,28,17,0,0,0,0,5,313,1099,56,2,32,0,0,0,114,0,25,6,16,49,79,24,126,2224
58,utsunomiya_kanuma_moka_kaminokawa_etc,5,10,69,3,3,3,4,8,1,0,4,0,0,5,5,1,3,10,7,0,2,8,0,0,2,10,0,21,54,42,1,10,0,15,12,1,0,2,0,60,12,1,1,0,8,0,16,0,1,12,13,47,0,194,6,53,48,9,252,41,77,0,0,184,0,0,235,54,45,37,258,0,282,2267
59,tochigi_oyama_shimotsuke_nogi_etc,6,0,0,16,0,10,1,6,0,0,0,0,3,0,6,35,0,0,0,0,0,0,0,0,0,0,0,0,6,37,0,0,0,5,4,0,0,7,0,0,0,0,0,0,0,13,0,0,17,0,0,7,0,0,15,55,22,2,64,77,15,0,0,20,0,0,37,0,0,0,26,1,60,573
60,ashikaga_sano,0,0,0,0,0,0,0,0,1,0,0,0,0,0,4,0,3,2,1,0,0,0,0,0,0,0,14,0,10,0,1,0,11,41,9,0,0,0,0,0,0,0,3,0,0,0,0,2,0,0,0,0,0,0,0,0,15,71,24,21,118,0,0,1,0,0,53,3,5,0,101,0,1447,1961
61,tokyo_islands,0,0,0,0,0,0,0,0,0,0,0,0,0,0,0,0,0,0,0,0,0,0,0,0,0,0,0,0,0,0,0,0,0,0,0,0,0,0,0,0,0,0,0,0,0,0,0,0,0,0,0,0,0,0,0,0,0,0,0,0,0,0,0,0,0,0,0,0,0,0,0,0,0,0
62,ibaraki_north,0,0,0,0,0,0,0,0,0,0,0,0,0,0,0,0,0,0,0,0,0,0,0,0,1,1,0,0,0,58,0,0,0,0,0,0,0,0,0,0,0,0,0,0,0,0,0,53,1,0,0,0,0,0,0,0,0,0,0,0,0,0,0,0,0,0,0,0,0,0,0,0,0,114
63,tochigi_north,0,0,0,0,0,0,0,0,0,14,10,0,0,0,0,17,0,0,0,0,0,0,0,0,0,0,0,0,0,0,0,22,0,0,0,0,0,0,0,0,0,0,7,0,0,3,0,0,0,0,0,0,0,0,0,0,0,5,8,7,1,0,0,0,0,0,0,0,0,0,0,0,0,95
64,gunma_north,0,0,0,0,0,0,0,0,0,0,0,0,0,0,0,0,0,0,0,0,0,0,0,0,0,0,0,0,0,0,0,0,0,0,0,0,0,0,0,0,0,0,0,0,0,0,0,0,0,0,0,0,0,0,0,0,0,0,0,0,0,0,0,0,0,0,0,0,0,0,0,0,0,0
65,gunma_other_ueno_kanna_nanmoku,0,0,0,0,0,0,0,0,0,0,0,0,0,0,0,0,0,0,0,0,0,0,0,0,0,0,0,0,0,0,0,0,0,0,0,0,0,0,0,0,0,0,0,0,0,0,0,0,0,0,0,0,0,0,0,0,0,0,0,0,0,0,0,0,0,0,0,0,0,0,0,0,0,0
66,hokkaido_tohoku,0,49,0,0,0,10,12,47,1,0,0,6251,0,0,40,16,0,2,0,0,0,8,0,26,8,87,2,1,7,167,0,16,32,86,74,2,30,29,0,0,6,42,242,5,0,0,63,78,11,0,78,0,167,219,48,0,37,46,49,80,7,0,0,0,0,0,0,0,0,0,0,0,0,8184
67,hokuriku,235,103,0,64,0,2,34,3,6,17,191,1,17,0,32,41,5,1,0,0,4,42,0,4,0,2,3,0,17,117,0,6,2,5,0,2,2,5,4,1,7,13,74,4,0,3,16,2,4,12,43,16,4,153,11,16,144,2,9,13,25,0,0,0,0,0,0,0,0,0,0,0,0,1538
68,yamanashi_nagano,0,0,0,0,0,0,0,27,7,17,0,29,0,10,35,48,0,1,0,0,0,0,0,0,0,0,13,0,1,90,0,3,0,1,22,0,0,0,0,0,3,0,0,0,0,45,9,0,0,0,0,0,0,0,1,0,3,0,1,9,0,0,0,0,0,0,0,0,0,0,0,0,0,378
69,shizuoka,0,129,0,9,0,3,125,66,5,0,12,436,0,2,61,10,0,24,0,0,8,108,0,245,4,17,54,46,4,167,1,4,2,55,2,3,1,0,3,3,7,2,1,32,0,0,2,10,0,0,35,32,11,44,29,9,4,4,1,1,7,0,0,0,0,0,0,0,0,0,0,0,0,1839
70,chubu_west,27,268,1,85,0,53,72,47,24,99,43,26888,6,209,284,568,4,78,6,3,61,138,34,118,238,43,176,126,81,466,1,58,154,246,308,27,13,114,740,26,149,342,435,1,2,79,90,470,124,26,59,217,179,2163,172,127,1054,112,218,280,93,0,0,0,0,0,0,0,0,0,0,0,0,38327
71,overseas,0,167,0,205,0,0,46,0,7,72,0,0,0,0,284,0,0,48,0,200,0,0,0,0,0,42,0,77,19,193,0,1,0,85,368,2,0,76,5,2,1,415,5428,0,0,80,6,17,674,0,0,12,11,35323,87,0,21,1,5,0,29,0,0,0,0,0,0,0,0,0,0,0,0,44009
999,unknown,0,0,0,0,0,0,0,0,0,0,0,0,0,0,0,0,0,6,0,0,0,0,0,0,0,0,0,0,0,0,0,0,0,0,0,0,0,0,0,0,0,0,0,0,0,0,0,0,0,0,0,0,0,0,0,0,0,0,0,0,0,0,0,0,0,0,0,0,0,0,0,0,0,6
○special_products,,,,,,,,,,,,,,,,,,,,,,,,,,,,,,,,,,,,,,,,,,,,,,,,,,,,,,,,,,,,,,,,,,,,,,,,,,,(unit: ton/day)
large_zone,region,tokyo_chiyoda_chuo_minato,tokyo_meguro_shinagawa_ota,tokyo_toshima_bunkyo_shinjuku_shibuya,tokyo_arakawa_taito_sumida_koto,tokyo_nakano_suginami_setagaya,tokyo_nerima_itabashi_kita,tokyo_adachi_katsushika_edogawa,chofu_nishitokyo_fuchu_musashino_etc,machida_tama_hachioji_inagi_etc,mizuho_fussa_hamura_akiruno_etc,yokohama_nishi_naka,yokohama_isogo_minami_kanazawa_konan,yokohama_hodogaya_totsuka_sakae_izumi_etc,yokohama_kohoku_tsuzuki_midori_aoba,yokohama_tsurumi_kanagawa,kawasaki_kawasaki_saiwai_nakahara,kawasaki_takatsu_miyamae_tama_asao,sagamihara_city,yokosuka_miura,kamakura_zushi_hayama,fujisawa_chigasaki_samukawa,hiratsuka_oiso_ninomiya,odawara_manazuru_yugawara_hakone,minami_ashigara_nakai_oi_matsuda_etc,atsugi_hadano_kiyokawa_isehara_etc,zama_yamato_ebina_ayase,saitama_city,kawaguchi_warabi_toda,asaka_wako_niiza_tokorozawa_etc,soka_kasukabe_misato_koshigaya_etc,hanno_hidaka_moroyama_ogose_etc,tsurugashima_sakado_kawajima_higashimatsuyama_etc,ageo_konosu_okegawa_kitamoto_etc,kuki_kazo_hanyu_gyoda_etc,kumagaya_fukaya_ogawa_yorii_etc,honjo_kamikawa_kamisato,chichibu_yokoze_minano_nagatoro_etc,chiba_city,ichikawa_urayasu_narashino_funabashi,matsudo_kamagaya_kashiwa_abiko,nagareyama_noda,yachiyo_sakura_narita_shiroi_etc,ichihara_city,kisarazu_sodegaura_kimitsu_futtsu,katsuura_otaki_tateyama_kamogawa_etc,choshi_asahi_sosa_katori_etc,togane_mobara_sanmu_oamishirasato_etc,tsuchiura_ishioka_omitama_kasumigaura_etc,koga_shimotsuma_yachiyo_goka_etc,tsukuba_city,joso_bando,ryugasaki_toride_ushiku_moriya_etc,inashiki_miho_kawachi,kashima_kamisu_namegata_itako,mito_hitachi_kasama_hitachinaka_etc,yuki_chikusei_sakuragawa,maebashi_takasaki_isesaki_shibukawa_etc,kiryu_ota_tatebayashi_midori_etc,utsunomiya_kanuma_moka_kaminokawa_etc,tochigi_oyama_shimotsuke_nogi_etc,ashikaga_sano,tokyo_islands,ibaraki_north,tochigi_north,gunma_north,gunma_other_ueno_kanna_nanmoku,hokkaido_tohoku,hokuriku,yamanashi_nagano,shizuoka,chubu_west,overseas,unknown,all_regions
0,tokyo_chiyoda_chuo_minato,88,67,0,41,0,6,0,0,0,0,0,6,0,0,7,14,0,0,0,0,0,0,0,0,0,0,0,2,0,0,0,0,0,0,0,0,0,0,3,0,0,0,0,0,0,0,0,0,0,0,0,0,0,0,0,0,0,0,0,0,0,0,0,0,0,0,9,0,0,0,0,0,6,250
1,tokyo_meguro_shinagawa_ota,0,352,0,405,0,0,1,0,20,0,0,116,73,0,169,473,10,0,0,0,0,81,0,0,26,0,1,202,1,139,0,0,35,16,14,0,0,56,67,0,0,16,4,357,0,0,14,0,0,0,0,0,0,0,0,0,0,0,0,0,0,0,0,29,0,0,243,37,0,201,162,0,1911,5231
2,tokyo_toshima_bunkyo_shinjuku_shibuya,11,20,0,81,0,0,0,0,0,0,0,0,0,0,0,0,0,0,0,0,0,0,0,0,0,0,0,0,0,0,0,0,0,0,0,0,0,0,0,0,0,0,0,0,0,0,0,0,0,0,0,0,0,0,0,0,0,0,0,0,0,0,0,0,0,0,0,0,0,0,0,0,0,112
3,tokyo_arakawa_taito_sumida_koto,0,7,0,47,0,34,27,0,0,0,0,0,0,0,0,0,0,85,0,0,0,0,0,0,0,0,0,0,0,236,0,0,0,0,67,0,31,0,76,68,0,65,0,31,0,0,0,0,0,0,0,0,0,14,0,0,0,0,0,185,0,0,0,0,0,0,62,31,0,62,250,519,528,2427
4,tokyo_nakano_suginami_setagaya,0,0,0,51,6,0,0,0,0,0,0,0,0,0,0,0,0,0,0,0,0,0,0,0,0,0,0,0,0,0,0,0,0,0,0,0,0,0,0,0,0,0,0,0,0,0,0,0,0,0,0,0,0,0,0,0,0,0,0,0,0,0,0,0,0,0,0,0,0,0,0,0,0,57
5,tokyo_nerima_itabashi_kita,17,26,26,27,26,29,26,2,1,0,0,0,0,7,0,0,0,0,28,0,0,1,0,0,0,0,2,1,258,23,0,0,0,0,1,12,0,0,22,0,0,0,0,0,0,0,0,0,0,0,0,2,0,0,0,0,0,0,0,0,0,0,0,0,0,0,0,0,0,0,553,0,0,1088
6,tokyo_adachi_katsushika_edogawa,0,219,0,33,0,0,105,13,0,0,0,8,0,0,25,371,0,0,0,0,0,0,0,0,5,0,0,179,36,14,119,0,0,3,0,0,0,69,1236,0,33,408,151,10,0,0,0,0,0,31,0,0,0,304,0,0,0,0,0,0,5,0,0,46,0,0,0,0,0,6,0,0,49,3477
7,chofu_nishitokyo_fuchu_musashino_etc,0,0,0,0,0,0,58,272,71,39,0,0,0,0,0,0,0,2,0,0,0,0,0,0,0,0,0,0,0,54,0,0,0,0,0,0,0,0,14,0,0,14,0,0,0,0,0,0,0,0,8,0,0,0,14,0,2,0,58,0,0,0,0,0,0,0,125,0,5,58,114,127,127,1162
8,machida_tama_hachioji_inagi_etc,2,0,0,23,0,0,0,4,81,2,0,0,135,4,1,0,0,29,3,0,0,0,0,0,0,0,1,19,8,0,0,0,0,30,5,0,0,0,7,0,0,0,0,0,0,0,0,0,0,0,0,0,0,0,0,0,0,0,0,0,0,0,0,57,0,0,68,0,4,10,12,58,0,564
9,mizuho_fussa_hamura_akiruno_etc,0,0,0,0,0,4,0,351,2,126,0,0,0,0,0,14,0,13,0,0,0,0,0,0,0,0,0,0,817,0,6,0,0,9,9,0,0,0,0,0,0,0,0,0,0,0,0,0,0,0,75,0,0,0,0,39,0,0,0,0,0,0,0,0,0,0,81,86,0,37,112,71,28,1880
10,yokohama_nishi_naka,0,0,0,0,0,0,0,0,0,0,10,213,0,0,3,0,0,10,0,0,0,0,0,0,0,0,0,0,0,11,0,0,0,0,0,0,0,0,0,0,0,0,0,0,0,0,0,0,0,0,0,0,0,0,0,0,0,0,0,0,0,0,0,0,0,0,101,0,0,76,0,101,0,527
11,yokohama_isogo_minami_kanazawa_konan,0,0,0,72,32,0,0,0,0,0,437,185,24,49,266,238,0,25,41,0,0,0,0,0,0,29,28,0,0,71,0,0,0,0,0,46,0,0,45,0,0,0,41,118,0,65,45,0,0,57,0,0,0,3,0,0,0,0,88,0,0,0,120,0,0,0,50,0,0,124,149,0,13325,15773
12,yokohama_hodogaya_totsuka_sakae_izumi_etc,0,4,1,0,1,0,0,0,0,0,9,11,21,1,0,0,0,0,0,0,0,0,10,2,28,5,0,0,0,0,0,0,0,0,0,0,0,0,0,0,0,0,0,0,0,0,0,15,0,0,0,0,0,0,0,0,0,3,0,0,0,0,0,0,0,0,33,0,0,221,15,0,52,432
13,yokohama_kohoku_tsuzuki_midori_aoba,0,2,0,3,0,0,0,0,0,0,0,0,38,15,3,3,0,3,0,0,0,0,0,0,0,103,0,0,0,0,0,0,0,0,0,0,34,101,0,0,0,1,251,0,0,0,0,0,0,0,0,0,0,0,0,0,0,0,0,0,0,0,0,0,0,0,178,0,0,41,0,391,0,1167
14,yokohama_tsurumi_kanagawa,0,3,0,0,0,0,0,0,0,0,1,50,17,28,403,117,0,13,0,0,0,0,0,0,0,0,0,0,0,0,0,0,0,0,0,0,0,0,14,0,0,0,0,14,0,0,0,0,0,0,0,0,0,63,19,0,0,0,0,0,0,0,0,0,0,0,96,0,0,0,21,0,10,869
15,kawasaki_kawasaki_saiwai_nakahara,0,5,0,199,0,0,21,0,0,0,0,26,1,30,50,1411,75,0,0,0,0,52,0,0,2,1,0,34,18,50,0,0,0,59,13,0,0,88,303,0,0,205,0,1,0,0,0,0,30,0,0,0,0,173,0,0,0,3,3,36,2,0,7,13,0,0,3837,53,0,118,9300,0,3506,19724
16,kawasaki_takatsu_miyamae_tama_asao,0,0,0,0,0,0,0,0,0,0,0,0,0,0,0,0,0,0,0,0,0,0,0,0,0,0,0,0,0,0,0,0,0,0,0,0,0,0,0,0,0,0,0,0,0,0,0,0,0,0,0,0,0,0,0,0,0,0,0,0,0,0,0,0,0,0,0,0,0,22,0,0,1,23
17,sagamihara_city,4,0,0,0,0,0,0,1,9,21,42,49,0,0,0,206,0,117,24,0,0,488,0,0,20,22,0,15,25,0,51,0,0,0,26,0,0,0,0,0,0,22,0,28,0,0,0,0,8,0,0,0,0,0,0,0,16,0,0,0,0,0,0,0,0,0,193,0,27,131,80,0,447,2073
18,yokosuka_miura,0,84,0,0,0,0,0,0,0,0,15,58,0,0,152,67,0,3,80,0,0,0,0,0,0,0,0,0,0,0,0,0,0,0,0,0,0,0,0,0,0,0,0,0,0,0,0,0,0,0,0,0,0,0,0,0,0,0,0,0,0,0,0,0,0,0,71,0,0,71,0,71,59,732
19,kamakura_zushi_hayama,0,0,0,0,0,0,0,0,0,0,0,3,0,0,0,0,0,0,0,3,23,0,0,0,0,74,0,0,0,0,0,0,0,0,0,0,0,0,0,0,0,0,0,0,0,0,0,0,0,0,0,0,0,0,0,0,0,0,0,0,0,0,0,0,0,0,0,0,0,0,0,0,0,104
20,fujisawa_chigasaki_samukawa,0,0,0,0,0,0,0,0,0,0,0,0,0,0,23,91,0,7,0,0,34,10,0,0,6,19,0,0,36,45,0,0,0,0,13,0,0,0,0,0,0,0,0,0,0,0,0,0,0,0,39,0,0,0,0,0,0,0,18,0,0,0,0,1,0,0,91,43,0,68,48,0,12,605
21,hiratsuka_oiso_ninomiya,0,0,0,0,0,0,0,0,0,1,0,0,0,0,0,20,0,0,0,0,12,180,121,10,12,178,0,0,0,1,0,0,0,0,0,0,0,0,0,0,0,0,0,40,0,0,0,0,0,0,0,0,0,0,0,0,0,0,0,0,0,0,0,0,0,0,104,0,0,76,0,0,0,756
22,odawara_manazuru_yugawara_hakone,0,0,0,74,0,0,0,0,0,0,0,20,0,0,0,214,0,0,0,0,0,72,52,0,0,0,0,0,0,0,0,0,0,0,0,0,0,0,0,0,0,0,0,0,0,0,0,0,0,0,0,0,0,0,0,0,0,0,0,0,0,0,0,0,0,0,43,0,0,184,64,0,74,798
23,minami_ashigara_nakai_oi_matsuda_etc,0,0,0,0,0,0,0,0,0,0,0,0,0,0,0,31,0,0,0,0,0,97,75,13,39,34,0,0,0,0,0,0,0,0,0,0,0,0,0,0,0,0,0,0,0,0,0,0,0,0,0,0,0,0,0,0,0,0,0,0,0,0,0,27,0,0,0,0,0,0,0,0,0,316
24,atsugi_hadano_kiyokawa_isehara_etc,0,0,0,5,0,71,0,0,16,0,0,21,0,2,21,36,0,5,3,0,119,62,20,0,523,64,0,0,0,6,0,0,0,0,6,0,0,25,0,0,0,0,0,0,0,0,0,0,0,0,0,0,0,15,0,0,0,0,0,0,0,0,0,0,0,0,3,0,10,115,62,0,154,1364
25,zama_yamato_ebina_ayase,1,12,2,13,2,1,41,0,0,0,0,0,258,0,4,375,4,325,2,0,0,643,0,0,24,103,12,0,0,21,0,0,0,11,52,21,0,0,55,0,0,0,2,24,0,0,3,0,0,0,0,0,0,0,0,0,0,0,0,11,0,0,0,0,0,0,262,0,0,211,42,0,212,2749
26,saitama_city,0,0,0,0,0,0,59,12,0,0,0,0,0,0,0,0,0,0,0,0,0,0,0,0,0,0,752,11,0,139,0,0,0,0,0,0,0,0,0,0,0,0,0,0,0,5,0,0,0,0,0,33,0,0,0,0,0,0,153,0,0,0,0,0,0,0,39,0,0,168,0,176,66,1613
27,kawaguchi_warabi_toda,0,0,0,0,0,0,3,0,0,0,0,0,0,0,0,0,0,0,0,0,0,0,0,0,0,0,13,227,0,94,0,0,0,3,0,0,0,7,112,0,0,0,0,0,0,0,0,0,0,0,7,0,0,0,0,0,20,0,0,0,0,0,0,0,0,0,102,0,0,188,33,0,43,852
28,asaka_wako_niiza_tokorozawa_etc,0,0,0,0,0,0,356,0,0,20,0,0,0,0,0,0,0,0,0,0,0,0,0,0,0,0,0,8,99,55,0,7,0,0,92,0,75,0,0,0,0,0,25,70,0,0,0,0,0,0,0,0,0,0,0,0,0,0,0,316,0,0,0,0,0,0,412,25,0,16,68,0,38,1682
29,soka_kasukabe_misato_koshigaya_etc,0,0,0,3,0,0,84,0,0,0,0,0,0,0,63,0,0,0,0,0,0,0,0,0,0,0,15,111,41,828,0,40,0,242,0,0,0,0,66,7,7,0,0,60,0,0,0,9,104,0,252,0,0,0,0,0,13,0,66,0,540,0,0,104,0,0,157,0,44,40,62,167,37,3164
30,hanno_hidaka_moroyama_ogose_etc,0,0,0,0,0,0,0,0,0,0,0,0,0,0,0,0,0,0,0,0,0,0,0,0,0,0,0,0,0,0,42,0,0,0,0,0,0,0,0,0,0,0,0,0,0,0,0,0,0,0,0,0,0,244,0,0,0,0,0,0,0,0,0,0,0,0,0,0,0,0,0,0,0,286
31,tsurugashima_sakado_kawajima_higashimatsuyama_etc,0,0,0,0,0,0,0,0,0,0,0,0,0,0,1,0,0,0,0,0,0,0,0,0,0,0,0,0,3,0,0,25,8,0,2,0,0,0,0,0,0,0,0,0,0,0,0,0,1,0,0,0,0,0,0,0,0,0,0,0,0,0,0,0,0,0,0,0,0,0,0,0,13,54
32,ageo_konosu_okegawa_kitamoto_etc,0,0,0,1,0,0,3,0,0,3,0,0,0,0,0,0,0,0,1,0,1,1,0,0,0,0,4,9,0,55,0,74,34,14,2,0,0,0,0,1,0,0,1,0,1,1,1,0,0,0,153,0,0,0,0,0,1,10,5,0,0,0,0,0,0,0,162,9,0,10,14,42,6,624
33,kuki_kazo_hanyu_gyoda_etc,0,0,0,0,0,0,0,0,0,0,0,0,0,0,0,0,0,0,0,0,0,0,0,0,0,0,8,0,0,17,0,8,4,608,19,4,0,0,0,4,0,0,0,0,0,0,0,0,0,8,4,0,0,0,8,2,29,17,30,8,17,0,0,0,0,0,17,0,0,0,0,0,10,822
34,kumagaya_fukaya_ogawa_yorii_etc,0,0,0,8,0,0,0,0,0,0,0,0,0,0,0,7,0,39,0,0,0,0,0,0,0,0,0,21,0,9,0,8,4,47,936,4,3,13,9,7,0,0,2,41,0,0,0,0,0,0,0,4,0,35,6,0,38,623,0,0,0,0,59,0,0,0,109,0,2,0,29,0,0,2063
35,honjo_kamikawa_kamisato,0,0,0,0,0,0,0,0,0,0,0,0,0,0,0,0,0,0,0,0,0,0,0,0,0,0,0,0,0,0,0,0,0,0,20,8,0,0,0,0,0,0,0,0,0,0,0,0,0,0,0,0,0,0,0,0,8,0,0,0,0,0,0,33,0,0,0,0,0,33,0,0,0,101
36,chichibu_yokoze_minano_nagatoro_etc,0,0,0,0,0,0,0,0,0,0,0,0,0,0,0,0,0,0,0,0,0,0,0,0,0,0,0,0,0,0,24,0,0,0,66,0,0,0,0,0,0,0,0,0,0,0,0,0,0,0,0,0,0,0,0,0,0,0,0,0,0,0,0,0,0,0,0,0,0,0,0,0,0,90
37,chiba_city,0,0,0,57,0,0,0,0,35,0,0,0,0,0,0,0,0,0,0,0,0,0,0,0,37,0,0,0,35,35,0,0,0,0,0,0,0,579,139,35,0,69,241,69,0,0,18,0,0,112,42,0,0,0,167,0,0,0,0,0,0,0,35,35,0,0,123,0,11,0,303,0,87,2262
38,ichikawa_urayasu_narashino_funabashi,0,110,0,216,0,36,4,0,0,0,0,0,0,0,0,117,0,0,0,0,0,0,0,0,0,0,0,83,0,128,0,0,0,0,0,0,0,310,478,321,0,0,0,25,0,0,0,0,0,535,0,0,0,83,55,0,0,0,83,4,71,0,0,0,0,0,107,0,0,8,0,2973,137,5884
39,matsudo_kamagaya_kashiwa_abiko,0,0,0,94,0,31,5,0,0,0,0,0,0,0,0,1,0,46,0,0,0,0,0,0,0,0,0,0,0,263,0,0,0,2,68,0,0,0,0,320,0,19,84,8,0,0,0,24,0,0,53,0,0,0,0,28,0,0,0,0,63,0,0,11,0,0,98,19,0,0,39,0,0,1276
40,nagareyama_noda,1,1,1,12,1,33,15,30,0,0,0,0,0,0,0,0,0,0,0,0,35,0,0,0,0,0,5,7,2,36,0,0,2,4,11,0,0,12,28,40,31,16,2,37,1,35,1,12,1,0,1,4,0,1,7,1,0,0,0,0,0,0,1,1,0,0,9,0,0,0,1,0,31,471
41,yachiyo_sakura_narita_shiroi_etc,0,0,0,31,0,0,2,0,0,0,0,0,0,0,0,0,0,1,0,0,0,0,0,0,0,0,48,0,0,0,0,0,0,0,0,0,0,51,4,48,0,121,0,0,0,64,0,0,0,38,0,0,0,75,0,0,0,0,51,0,0,0,0,102,0,0,0,0,0,53,8,0,42,738
42,ichihara_city,0,1,0,0,0,0,0,0,0,0,0,0,0,2,22,0,0,0,0,0,0,0,0,0,0,0,1,0,2,1,0,0,0,1,0,0,0,47,268,44,0,95,258,511,0,379,62,47,49,0,248,0,0,182,0,0,133,0,2,0,0,0,0,80,0,0,15,248,0,0,2,237,962,3898
43,kisarazu_sodegaura_kimitsu_futtsu,1309,1986,655,0,655,0,0,0,0,0,873,218,0,655,655,23,0,0,0,0,0,0,0,0,0,0,120,0,0,0,0,0,0,0,0,0,0,0,335,0,0,0,16,350,0,0,7,0,0,0,0,0,0,116,0,2,0,0,0,0,0,0,0,0,0,0,76,0,0,1,18,0,24,8094
44,katsuura_otaki_tateyama_kamogawa_etc,0,0,0,0,0,0,0,0,0,0,0,0,0,0,0,0,0,0,0,0,0,0,0,0,0,0,0,0,0,0,0,0,0,0,0,0,0,0,27,0,0,0,24,0,90,0,0,0,0,0,0,0,0,0,0,0,0,0,0,0,0,0,0,0,0,0,0,0,0,0,0,0,0,141
45,choshi_asahi_sosa_katori_etc,0,0,0,13,0,0,0,0,0,0,0,0,0,0,0,0,0,0,0,0,0,0,0,0,0,0,0,0,0,0,0,0,0,0,0,0,0,37,120,0,0,0,0,10,0,733,14,7,13,0,0,0,0,573,0,0,0,68,0,0,0,0,0,2,0,0,140,0,0,2,282,0,0,2015
46,togane_mobara_sanmu_oamishirasato_etc,0,0,0,0,0,0,0,0,0,0,0,0,0,0,0,0,0,0,0,0,0,3,0,0,1,0,0,0,0,0,0,0,0,0,0,0,0,9,3,0,0,41,49,0,0,3,58,0,0,0,0,0,0,3,0,12,0,0,30,0,2,0,0,0,0,0,0,0,0,0,2,0,4,220
47,tsuchiura_ishioka_omitama_kasumigaura_etc,0,0,0,0,0,0,0,0,0,0,0,0,0,0,9,0,7,0,0,0,0,0,0,0,0,0,0,0,0,0,0,0,0,0,0,0,0,0,0,0,0,33,0,0,0,0,0,16,17,14,1,1,1,0,32,45,0,0,0,0,45,0,0,4,0,0,47,0,0,0,0,0,303,576
48,koga_shimotsuma_yachiyo_goka_etc,0,0,0,0,0,0,0,0,0,0,0,0,0,0,0,0,0,0,0,0,0,0,0,0,0,0,0,0,0,10,0,0,0,11,0,0,0,0,33,0,0,0,0,0,0,33,0,0,75,0,0,0,0,40,0,0,20,0,57,85,0,0,0,0,0,0,218,0,0,33,67,226,147,1057
49,tsukuba_city,0,0,0,0,0,0,0,0,0,0,0,0,0,0,15,0,0,2,0,0,0,0,0,0,0,0,0,0,0,10,0,0,0,0,0,0,0,0,0,0,0,0,0,0,0,0,2,5,2,200,1,0,0,0,0,295,0,2,3,0,0,0,0,0,0,0,5,0,0,0,0,0,0,541
50,joso_bando,0,0,0,0,0,0,0,0,0,0,0,0,0,8,29,22,0,7,0,0,0,0,0,0,0,0,17,0,2,0,0,0,0,11,8,8,0,0,0,0,1,2,0,0,0,43,0,0,3,4,8,0,0,3,20,8,0,34,0,0,7,0,1,0,0,0,0,0,0,0,14,234,28,525
51,ryugasaki_toride_ushiku_moriya_etc,0,0,0,0,0,0,0,0,0,0,0,0,0,0,0,0,0,0,0,0,0,0,0,0,0,0,0,0,0,0,0,2,0,0,0,0,0,0,0,0,12,0,0,0,0,0,0,12,9,1096,6,95,32,0,128,0,0,0,6,0,0,0,0,0,0,0,0,0,0,0,0,0,335,1734
52,inashiki_miho_kawachi,0,0,0,0,0,0,0,0,0,0,5,0,0,0,0,0,0,0,0,0,0,0,0,0,0,0,0,0,0,0,0,0,0,0,22,3,0,0,3,33,18,10,70,0,0,62,0,0,20,65,0,56,364,92,4,4,0,0,6,3,0,0,0,0,0,0,63,7,6,0,55,0,0,973
53,kashima_kamisu_namegata_itako,0,0,0,0,0,0,0,0,0,0,0,0,0,0,4,4,0,0,0,0,0,0,0,0,0,0,0,0,0,0,0,0,0,0,0,0,0,0,0,0,0,0,36,28,0,0,0,145,29,0,79,0,4,122,0,0,88,0,0,0,0,0,0,29,88,0,449,123,50,4,2,0,5906,7192
54,mito_hitachi_kasama_hitachinaka_etc,4889,109,0,0,0,0,0,0,0,0,0,0,0,0,0,0,0,0,0,0,0,0,0,0,0,0,0,0,0,0,0,0,0,0,0,0,0,0,0,0,0,1,46,0,0,0,0,0,0,0,0,0,0,24,475,0,0,0,0,0,0,0,5,1,0,0,3,0,0,0,14,0,436,6004
55,yuki_chikusei_sakuragawa,0,0,0,0,0,0,0,0,0,0,0,0,0,0,0,0,0,0,0,0,0,0,0,0,0,0,0,0,6,0,0,0,0,0,0,0,0,0,0,0,0,0,0,0,0,0,0,0,26,0,0,0,0,0,1,28,0,0,0,0,0,0,0,0,0,0,85,0,1,0,0,0,2,147
56,maebashi_takasaki_isesaki_shibukawa_etc,0,0,0,0,0,0,0,0,0,0,0,0,0,0,0,159,0,1,0,0,0,0,0,0,0,0,15,0,1,0,0,0,5,79,83,268,0,0,2,0,0,3,0,0,0,0,1,0,0,0,0,1,0,0,0,0,500,775,138,81,104,0,1,4,639,0,6,315,51,4,69,0,162,3468
57,kiryu_ota_tatebayashi_midori_etc,0,0,0,0,0,0,0,130,7,0,0,18,0,0,0,0,0,0,0,0,0,0,0,0,0,0,0,26,7,0,0,0,15,47,82,259,32,0,0,0,0,0,0,0,0,0,0,0,0,7,42,64,0,164,46,35,1564,1019,82,375,7,0,0,943,774,47,73,130,529,0,1,0,70,6596
58,utsunomiya_kanuma_moka_kaminokawa_etc,0,0,0,267,0,0,0,0,0,0,0,0,0,0,0,0,0,0,0,0,93,0,0,0,0,0,0,0,0,0,0,0,0,0,0,0,0,0,2,0,0,0,0,0,0,0,0,0,0,0,0,0,0,7,0,10,2,89,681,510,20,0,0,440,0,0,6,0,0,0,1,0,10,2136
59,tochigi_oyama_shimotsuke_nogi_etc,35,0,0,2,0,0,0,0,0,0,0,0,0,0,0,0,0,0,0,35,0,0,0,0,0,0,0,0,0,0,0,0,0,0,0,0,0,0,0,0,0,0,0,0,0,0,0,0,0,17,0,0,0,0,0,0,11,0,165,98,0,0,0,2,0,0,0,70,0,0,0,0,267,702
60,ashikaga_sano,0,0,0,0,0,0,0,0,0,0,0,0,0,0,0,0,0,0,0,0,0,0,0,0,0,0,0,26,0,0,0,0,0,0,27,0,0,0,0,0,0,0,0,0,0,0,0,0,0,0,0,0,0,0,0,0,52,52,0,388,0,0,0,0,0,0,0,0,0,0,0,0,0,545
61,tokyo_islands,0,0,0,0,0,0,0,0,0,0,0,0,0,0,0,0,0,0,0,0,0,0,0,0,0,0,0,0,0,0,0,0,0,0,0,0,0,0,0,0,0,0,0,0,0,0,0,0,0,0,0,0,0,0,0,0,0,0,0,0,0,0,0,0,0,0,0,0,0,0,0,0,0,0
62,ibaraki_north,0,0,0,0,0,0,0,0,0,0,0,0,0,0,0,0,0,0,0,0,0,0,0,0,0,0,0,0,0,59,0,0,0,0,0,0,94,0,0,31,0,3,0,0,0,0,0,0,0,0,0,0,0,0,3,0,0,0,0,0,0,0,0,0,0,0,0,0,0,0,0,0,0,189
63,tochigi_north,0,0,0,0,0,0,0,0,0,0,0,0,0,0,0,0,0,0,0,0,0,0,0,0,36,0,0,0,0,2,0,0,0,0,159,0,63,0,0,0,0,0,0,0,0,0,0,0,18,0,0,0,30,0,1,0,0,28,462,26,43,0,0,0,0,0,0,0,0,0,0,0,0,867
64,gunma_north,0,0,0,0,0,0,0,0,0,0,0,0,0,0,0,0,0,0,0,0,0,0,0,0,0,0,0,0,0,0,0,0,0,0,16,0,0,0,0,0,0,0,0,0,0,0,0,0,0,0,0,9,0,0,0,0,0,11,0,0,471,0,0,0,0,0,0,0,0,0,0,0,0,508
65,gunma_other_ueno_kanna_nanmoku,0,0,0,0,0,0,0,0,0,0,0,0,0,0,0,0,0,0,0,0,0,0,0,0,0,0,0,0,0,0,0,0,0,0,0,0,0,0,0,0,0,0,0,0,0,0,0,0,0,0,0,0,0,0,0,0,0,0,0,0,0,0,0,0,0,0,0,0,0,0,0,0,0,0
66,hokkaido_tohoku,0,11,0,0,0,0,1,0,0,0,0,2,89,2,0,314,0,0,0,0,0,0,0,0,9,0,13,13,26,405,234,0,0,0,1180,0,1146,1,0,61,0,17,3,72,0,254,0,0,0,7,59,0,7,0,8,121,0,64,0,16,965,0,0,0,0,0,0,0,0,0,0,0,0,5103
67,hokuriku,0,0,0,0,0,0,0,0,0,0,0,1,0,0,0,0,0,0,0,0,0,0,0,0,25,0,0,0,26,470,174,0,0,0,4,0,44,0,0,0,0,1,0,0,0,1,0,0,0,0,0,0,0,0,0,30,27,6,0,4,4,0,0,0,0,0,0,0,0,0,0,0,0,817
68,yamanashi_nagano,0,28,0,0,0,0,0,0,19,0,0,10,7,0,0,3,0,36,0,0,1,0,0,0,2,0,0,0,0,195,69,0,0,0,225,0,607,0,0,0,0,0,0,0,0,0,0,0,0,0,0,49,0,0,0,39,24,20,0,26,1,0,0,0,0,0,0,0,0,0,0,0,0,1360
69,shizuoka,0,10,0,0,0,0,0,1,0,0,0,16,17,3,37,206,0,19,0,0,0,0,3,0,18,0,0,0,0,127,290,0,0,8,137,0,173,0,49,0,0,0,0,0,0,76,0,0,0,0,0,0,0,0,0,0,0,112,6,0,86,0,0,0,0,0,0,0,0,0,0,0,0,1394
70,chubu_west,0,0,0,3,0,0,0,7,0,0,0,3,13,0,28,52,0,0,0,0,0,0,0,17,28,2,0,0,0,349,80,0,36,0,2,0,42,0,0,0,0,1,67,0,0,1,1,1,0,5,0,0,18,3,16,0,0,46,4,3,18,0,0,0,0,0,0,0,0,0,0,0,0,844
71,overseas,0,0,0,0,0,0,0,0,0,0,0,0,0,0,19,0,0,0,0,0,0,0,0,0,0,0,0,0,0,99,0,0,0,0,0,0,0,0,0,0,0,0,0,0,0,0,4,0,0,0,0,0,239,0,0,0,0,0,0,0,0,0,0,0,0,0,0,0,0,0,0,0,0,360
999,unknown,0,0,0,0,0,0,0,0,0,0,0,0,0,0,0,0,0,0,0,0,0,0,0,0,0,0,0,0,0,0,0,0,0,0,0,0,0,0,0,0,0,0,0,0,0,0,0,0,0,0,0,0,0,0,0,0,0,0,0,0,0,0,0,0,0,0,0,0,0,0,0,0,0,0
○mixed_load,,,,,,,,,,,,,,,,,,,,,,,,,,,,,,,,,,,,,,,,,,,,,,,,,,,,,,,,,,,,,,,,,,,,,,,,,,,(unit: ton/day)
large_zone,region,tokyo_chiyoda_chuo_minato,tokyo_meguro_shinagawa_ota,tokyo_toshima_bunkyo_shinjuku_shibuya,tokyo_arakawa_taito_sumida_koto,tokyo_nakano_suginami_setagaya,tokyo_nerima_itabashi_kita,tokyo_adachi_katsushika_edogawa,chofu_nishitokyo_fuchu_musashino_etc,machida_tama_hachioji_inagi_etc,mizuho_fussa_hamura_akiruno_etc,yokohama_nishi_naka,yokohama_isogo_minami_kanazawa_konan,yokohama_hodogaya_totsuka_sakae_izumi_etc,yokohama_kohoku_tsuzuki_midori_aoba,yokohama_tsurumi_kanagawa,kawasaki_kawasaki_saiwai_nakahara,kawasaki_takatsu_miyamae_tama_asao,sagamihara_city,yokosuka_miura,kamakura_zushi_hayama,fujisawa_chigasaki_samukawa,hiratsuka_oiso_ninomiya,odawara_manazuru_yugawara_hakone,minami_ashigara_nakai_oi_matsuda_etc,atsugi_hadano_kiyokawa_isehara_etc,zama_yamato_ebina_ayase,saitama_city,kawaguchi_warabi_toda,asaka_wako_niiza_tokorozawa_etc,soka_kasukabe_misato_koshigaya_etc,hanno_hidaka_moroyama_ogose_etc,tsurugashima_sakado_kawajima_higashimatsuyama_etc,ageo_konosu_okegawa_kitamoto_etc,kuki_kazo_hanyu_gyoda_etc,kumagaya_fukaya_ogawa_yorii_etc,honjo_kamikawa_kamisato,chichibu_yokoze_minano_nagatoro_etc,chiba_city,ichikawa_urayasu_narashino_funabashi,matsudo_kamagaya_kashiwa_abiko,nagareyama_noda,yachiyo_sakura_narita_shiroi_etc,ichihara_city,kisarazu_sodegaura_kimitsu_futtsu,katsuura_otaki_tateyama_kamogawa_etc,choshi_asahi_sosa_katori_etc,togane_mobara_sanmu_oamishirasato_etc,tsuchiura_ishioka_omitama_kasumigaura_etc,koga_shimotsuma_yachiyo_goka_etc,tsukuba_city,joso_bando,ryugasaki_toride_ushiku_moriya_etc,inashiki_miho_kawachi,kashima_kamisu_namegata_itako,mito_hitachi_kasama_hitachinaka_etc,yuki_chikusei_sakuragawa,maebashi_takasaki_isesaki_shibukawa_etc,kiryu_ota_tatebayashi_midori_etc,utsunomiya_kanuma_moka_kaminokawa_etc,tochigi_oyama_shimotsuke_nogi_etc,ashikaga_sano,tokyo_islands,ibaraki_north,tochigi_north,gunma_north,gunma_other_ueno_kanna_nanmoku,hokkaido_tohoku,hokuriku,yamanashi_nagano,shizuoka,chubu_west,overseas,unknown,all_regions
0,tokyo_chiyoda_chuo_minato,2,59,0,7,2,0,2,0,0,0,0,0,0,0,8,0,0,15,0,0,0,0,0,0,0,0,0,8,0,0,0,0,0,0,0,0,0,8,0,0,0,0,0,0,0,0,0,0,0,0,0,0,0,0,0,0,0,0,0,0,0,0,0,0,0,0,6,1,1,0,4,0,2,126
1,tokyo_meguro_shinagawa_ota,0,1,0,0,0,0,0,0,0,0,0,0,0,0,0,0,0,0,0,0,0,0,0,0,0,0,0,0,0,0,0,0,0,0,0,0,0,0,0,0,0,0,0,0,0,0,0,0,0,0,0,0,0,0,0,0,0,0,0,0,0,0,0,0,0,0,0,0,0,0,0,0,29,31
2,tokyo_toshima_bunkyo_shinjuku_shibuya,0,0,0,0,0,0,0,0,0,0,0,0,0,0,0,0,0,0,0,0,0,0,0,0,0,0,0,0,0,0,0,0,0,0,0,0,0,0,0,0,0,0,0,0,0,0,0,0,0,0,0,0,0,0,0,0,0,0,0,0,0,0,0,0,0,0,0,0,0,0,0,0,0,0
3,tokyo_arakawa_taito_sumida_koto,0,0,0,1,0,0,0,0,0,0,0,0,0,0,0,0,0,0,0,0,0,0,0,0,0,0,0,0,0,0,0,0,0,0,0,0,0,0,0,0,0,0,0,0,0,0,0,0,0,0,0,0,0,0,0,0,0,0,0,0,0,0,0,0,0,0,0,0,0,0,0,0,0,1
4,tokyo_nakano_suginami_setagaya,0,18,28,0,45,0,0,0,0,0,0,0,0,0,0,0,0,0,0,0,0,0,0,0,0,0,0,0,0,0,0,0,0,0,0,0,0,0,0,0,0,0,0,0,0,0,0,0,0,0,0,0,0,0,0,0,0,0,0,0,0,0,0,0,0,0,0,0,0,0,0,0,0,92
5,tokyo_nerima_itabashi_kita,0,0,7,0,0,7,0,0,0,0,0,0,0,0,0,0,0,0,0,0,0,0,0,0,0,0,0,0,0,0,0,0,0,0,0,0,0,0,0,0,0,0,0,0,0,0,0,0,0,0,0,0,0,0,0,0,0,0,0,0,0,0,0,0,0,0,0,0,0,0,0,0,69,83
6,tokyo_adachi_katsushika_edogawa,4,0,0,0,0,5,1,0,0,0,0,0,0,0,0,0,0,0,0,0,0,0,0,0,0,0,0,0,0,0,0,0,0,0,0,0,0,0,0,0,0,0,0,0,0,0,0,0,0,0,0,0,0,0,0,0,0,0,0,0,0,0,0,0,0,0,0,0,0,0,0,0,731,742
7,chofu_nishitokyo_fuchu_musashino_etc,0,0,0,0,0,0,0,0,0,0,0,0,0,0,0,0,0,0,0,0,0,0,0,0,0,0,0,0,0,0,0,0,0,0,0,0,0,0,0,0,0,0,0,0,0,0,0,0,0,0,0,0,0,0,0,0,0,0,0,0,0,0,0,0,0,0,0,0,0,0,0,0,0,0
8,machida_tama_hachioji_inagi_etc,0,0,0,0,0,0,0,0,2,0,0,0,0,0,0,0,0,0,0,0,0,0,0,0,0,0,0,0,0,0,0,0,0,0,0,0,0,0,0,0,0,0,0,0,0,0,0,0,0,0,0,0,0,0,0,0,0,0,0,0,0,0,0,0,0,0,0,0,0,0,0,0,0,3
9,mizuho_fussa_hamura_akiruno_etc,0,0,0,0,0,0,0,0,33,25,0,0,0,0,0,0,0,0,0,0,0,0,0,0,0,0,0,0,0,0,0,0,0,0,0,0,0,0,0,0,0,0,0,0,0,0,0,0,8,0,0,0,0,0,0,0,0,8,0,0,0,0,0,0,0,0,0,0,0,0,0,0,0,75
10,yokohama_nishi_naka,0,0,0,0,0,0,0,0,0,0,0,0,0,0,0,0,0,0,0,0,0,0,0,0,0,0,0,0,0,0,0,0,0,0,0,0,0,0,0,0,0,0,0,0,0,0,0,0,0,0,0,0,0,0,0,0,0,0,0,0,0,0,0,0,0,0,0,0,0,0,0,906,0,906
11,yokohama_isogo_minami_kanazawa_konan,0,0,0,0,0,0,0,0,0,0,0,9,5,0,0,0,0,0,0,0,0,0,0,0,0,0,0,0,0,0,0,0,0,0,0,0,0,0,0,0,0,0,0,0,0,0,0,0,0,0,0,0,0,0,0,0,0,0,0,0,0,0,0,0,0,0,0,0,0,0,0,0,0,14
12,yokohama_hodogaya_totsuka_sakae_izumi_etc,0,0,0,0,0,0,0,0,0,0,0,0,0,1,0,0,0,0,0,0,0,0,0,0,0,0,0,0,0,0,0,0,0,0,0,0,0,0,0,0,0,0,0,0,0,0,0,0,0,0,0,0,0,0,0,0,0,0,0,0,0,0,0,0,0,0,0,0,0,0,0,0,0,1
13,yokohama_kohoku_tsuzuki_midori_aoba,0,0,0,0,0,0,0,0,0,0,0,0,0,0,0,0,0,0,0,0,0,0,0,0,0,0,0,0,0,0,0,0,0,0,0,0,0,0,0,0,0,0,0,0,0,0,0,0,0,0,0,0,0,0,0,0,0,0,0,0,0,0,0,0,0,0,0,0,0,0,1,0,0,2
14,yokohama_tsurumi_kanagawa,0,0,0,0,0,0,0,0,0,0,0,0,0,0,0,0,0,0,0,0,0,0,0,0,0,0,0,0,0,0,0,0,0,0,0,0,0,0,0,0,0,0,0,0,0,0,0,0,0,0,0,0,0,0,0,0,0,0,0,0,0,0,0,0,0,0,0,0,0,0,0,0,0,0
15,kawasaki_kawasaki_saiwai_nakahara,0,0,0,0,0,0,0,0,0,0,0,0,0,0,0,0,0,0,0,0,0,0,0,0,0,0,0,0,0,0,0,0,0,0,0,0,0,0,0,0,0,0,0,0,0,0,0,0,0,0,0,0,0,0,0,0,0,0,0,0,0,0,0,0,0,0,0,0,0,0,0,0,0,0
16,kawasaki_takatsu_miyamae_tama_asao,0,0,0,0,0,0,0,0,0,0,0,0,0,0,0,0,0,0,0,0,0,0,0,0,0,0,0,0,0,0,0,0,0,0,0,0,0,0,0,0,0,0,0,0,0,0,0,0,0,0,0,0,0,0,0,0,0,0,0,0,0,0,0,0,0,0,0,0,0,0,0,0,0,0
17,sagamihara_city,0,0,0,0,0,0,0,0,0,0,0,0,0,0,0,0,0,68,0,0,0,0,0,0,110,0,0,0,0,0,0,0,0,0,0,0,0,0,0,0,0,0,0,0,0,0,0,0,0,0,0,0,0,0,0,0,0,0,0,0,0,0,0,0,0,0,0,0,0,0,0,0,0,179
18,yokosuka_miura,0,0,0,0,0,0,0,0,0,0,0,0,0,0,0,0,0,0,0,0,0,0,0,0,0,0,0,0,0,0,0,0,0,0,0,0,0,0,0,0,0,0,0,0,0,0,0,0,0,0,0,0,0,0,0,0,0,0,0,0,0,0,0,0,0,0,0,0,0,0,0,0,0,0
19,kamakura_zushi_hayama,0,0,0,0,0,0,0,0,0,0,0,0,0,0,0,0,0,0,0,0,0,0,0,0,0,0,0,0,0,0,0,0,0,0,0,0,0,0,0,0,0,0,0,0,0,0,0,0,0,0,0,0,0,0,0,0,0,0,0,0,0,0,0,0,0,0,0,0,0,0,0,0,0,0
20,fujisawa_chigasaki_samukawa,0,0,0,0,0,0,0,0,0,0,0,0,0,0,0,0,0,0,0,0,1,0,0,0,0,0,0,0,0,0,0,0,0,0,0,0,0,0,0,0,0,0,0,0,0,0,0,0,0,0,0,0,0,0,0,0,0,0,0,0,0,0,0,0,0,0,0,0,0,0,0,0,0,1
21,hiratsuka_oiso_ninomiya,0,0,0,0,0,0,0,0,0,0,0,0,0,0,0,0,0,0,0,0,0,0,0,0,0,0,0,0,0,0,0,0,0,0,0,0,0,0,0,0,0,0,0,0,0,0,0,0,0,0,0,0,0,0,0,0,0,0,0,0,0,0,0,0,0,0,0,0,0,0,0,0,1,1
22,odawara_manazuru_yugawara_hakone,0,0,0,0,0,0,0,0,0,0,0,0,0,0,0,0,0,0,0,0,0,0,0,2,0,0,0,0,0,0,0,0,0,0,0,0,0,0,0,0,0,0,0,0,0,0,0,0,0,0,0,0,0,0,0,0,0,0,0,0,0,0,0,0,0,0,0,0,0,0,0,0,0,2
23,minami_ashigara_nakai_oi_matsuda_etc,0,0,0,0,0,0,0,0,0,0,0,0,0,0,0,0,0,0,0,0,0,0,0,0,0,0,0,0,0,0,0,0,0,0,0,0,0,0,0,0,0,0,0,0,0,0,0,0,0,0,0,0,0,0,0,0,0,0,0,0,0,0,0,0,0,0,0,0,0,0,1,0,0,2
24,atsugi_hadano_kiyokawa_isehara_etc,0,0,0,0,0,0,0,0,0,0,0,0,0,0,0,0,0,0,0,0,0,0,0,0,1,0,0,0,0,0,0,0,0,0,0,0,0,0,0,0,0,0,0,0,0,0,0,0,0,0,0,0,0,0,0,0,0,0,0,0,0,0,0,0,0,0,0,0,0,0,0,0,0,2
25,zama_yamato_ebina_ayase,0,3,0,0,0,0,0,0,1,0,0,0,2,0,0,0,0,0,0,0,0,0,0,0,0,4,0,0,0,0,0,0,0,0,0,0,0,0,0,0,0,0,0,0,0,0,0,0,0,0,0,0,0,0,0,0,0,0,0,0,0,0,0,0,0,0,0,0,0,0,0,0,0,11
26,saitama_city,1,0,0,0,0,0,0,0,0,0,0,0,0,0,0,0,0,0,0,0,0,0,0,0,0,0,0,0,0,0,0,0,0,0,0,0,0,0,0,0,0,0,0,0,0,0,0,0,0,0,0,0,0,0,0,0,0,0,0,0,0,0,0,0,0,0,0,0,0,0,0,0,0,1
27,kawaguchi_warabi_toda,0,0,0,0,0,0,1,0,0,0,0,0,0,0,0,0,0,0,0,0,0,0,0,0,0,0,0,0,0,0,0,0,0,0,0,0,0,0,0,0,0,1,0,0,0,0,0,0,0,0,0,0,0,0,0,0,0,0,0,0,0,0,0,0,0,0,0,0,0,0,0,0,0,2
28,asaka_wako_niiza_tokorozawa_etc,0,0,0,0,0,0,0,32,0,0,0,0,0,0,0,0,0,0,0,0,0,0,0,0,0,0,5,0,0,0,0,40,0,0,0,0,0,0,80,0,0,0,0,0,0,0,0,0,0,0,0,0,0,0,0,0,48,0,2,32,0,0,0,0,0,0,161,40,40,60,241,0,205,985
29,soka_kasukabe_misato_koshigaya_etc,0,0,0,0,0,0,0,0,0,0,0,0,0,0,0,0,0,0,0,0,0,0,0,0,0,0,0,0,0,0,0,0,0,0,0,0,0,0,0,0,0,0,0,0,0,0,0,0,0,0,0,0,0,0,0,0,0,0,0,0,0,0,0,0,0,0,0,0,0,0,0,0,0,0
30,hanno_hidaka_moroyama_ogose_etc,0,0,0,0,0,0,0,0,0,0,0,0,0,0,0,0,0,0,0,0,0,0,0,0,0,0,0,0,0,0,0,0,0,0,0,0,0,0,0,0,0,0,0,0,0,0,0,0,0,0,0,0,0,0,0,0,0,0,0,0,0,0,0,0,0,0,0,0,0,0,0,0,0,0
31,tsurugashima_sakado_kawajima_higashimatsuyama_etc,0,0,0,0,0,0,0,0,0,0,0,0,0,0,0,0,0,0,0,0,0,0,0,0,0,0,3,0,2,0,0,0,7,0,0,0,0,0,0,0,0,0,0,0,0,0,0,0,0,0,0,0,0,0,0,0,0,0,0,0,0,0,0,0,0,0,0,0,0,0,0,0,0,12
32,ageo_konosu_okegawa_kitamoto_etc,1,0,0,0,0,0,0,0,0,0,0,0,0,0,0,0,0,0,0,0,0,0,0,0,0,0,0,0,0,0,0,0,0,0,0,0,0,0,0,0,0,0,0,0,0,0,0,0,0,0,0,0,0,0,0,0,0,0,0,0,0,0,0,0,0,0,0,0,0,0,1,0,11,15
33,kuki_kazo_hanyu_gyoda_etc,0,0,0,0,0,0,0,0,0,0,0,0,0,0,0,0,0,0,0,0,0,0,0,0,0,0,0,0,0,0,0,0,0,0,0,0,0,0,0,0,0,0,0,0,0,0,0,0,0,0,0,0,0,0,0,0,0,0,0,0,0,0,0,0,0,0,0,0,0,0,0,0,0,0
34,kumagaya_fukaya_ogawa_yorii_etc,0,0,0,0,0,0,0,0,0,0,0,0,0,0,0,0,0,0,0,0,0,0,0,0,0,0,0,0,0,0,0,0,0,0,0,0,0,0,0,0,0,0,0,0,0,0,0,0,0,0,0,0,0,0,0,0,0,0,0,0,0,0,0,0,0,0,0,0,0,0,0,0,0,0
35,honjo_kamikawa_kamisato,0,0,0,0,0,0,0,0,0,0,0,0,0,0,0,0,0,0,0,0,0,0,0,0,0,0,0,0,0,0,0,0,0,0,0,0,0,0,0,0,0,0,0,0,0,0,0,0,0,0,0,0,0,0,0,0,0,0,0,0,0,0,0,0,0,0,1,1,0,0,3,0,12,20
36,chichibu_yokoze_minano_nagatoro_etc,0,0,0,0,0,0,0,0,0,0,0,0,0,0,0,0,0,0,0,0,0,0,0,0,0,0,0,0,0,0,0,0,0,0,0,0,0,0,0,0,0,0,0,0,0,0,0,0,0,0,0,0,0,0,0,0,0,0,0,0,0,0,0,0,0,0,0,0,0,0,0,0,0,0
37,chiba_city,0,0,0,0,0,0,0,0,0,0,0,0,0,0,0,0,0,0,0,0,0,0,0,0,0,0,0,0,0,0,0,0,0,0,0,0,0,62,0,0,0,0,0,0,0,0,4,0,0,0,0,0,0,0,0,0,0,0,0,0,0,0,0,0,0,0,0,0,0,0,0,0,0,66
38,ichikawa_urayasu_narashino_funabashi,0,0,0,0,0,0,0,0,0,0,0,0,0,0,0,0,0,0,0,0,0,0,0,0,0,0,0,0,0,0,0,0,0,0,0,0,0,0,0,0,0,0,0,0,0,0,0,0,0,0,0,0,0,0,0,0,0,0,0,0,0,0,0,0,0,0,0,0,0,0,0,0,0,0
39,matsudo_kamagaya_kashiwa_abiko,0,0,0,0,0,0,0,0,0,0,0,0,0,0,0,0,0,0,0,0,0,0,0,0,0,0,0,0,0,0,0,0,0,0,0,0,0,0,2,0,0,0,0,0,0,0,0,0,0,0,0,0,0,0,0,0,0,0,0,0,0,0,0,0,0,0,0,0,0,0,0,0,0,2
40,nagareyama_noda,0,0,0,0,0,0,0,0,0,0,0,0,0,0,0,0,0,0,0,0,0,0,0,0,0,0,32,0,0,0,0,0,0,0,0,0,0,0,0,0,0,0,0,0,0,0,0,0,0,0,0,0,0,45,0,0,0,0,0,21,0,0,0,0,0,0,0,0,0,0,0,0,0,97
41,yachiyo_sakura_narita_shiroi_etc,0,0,0,0,0,0,0,0,0,0,0,0,0,0,0,0,0,0,0,0,0,0,0,0,0,0,0,0,0,0,0,0,0,0,0,0,0,0,0,0,0,81,0,0,0,0,0,0,0,0,0,0,0,0,0,0,0,0,0,0,0,0,0,0,0,0,0,0,0,0,0,0,163,244
42,ichihara_city,0,0,0,0,0,0,0,0,0,0,0,0,0,0,0,0,0,0,0,0,0,0,0,0,0,0,0,0,0,0,0,0,0,0,0,0,0,0,0,0,0,0,0,0,0,0,0,0,0,0,0,0,0,0,0,0,0,0,0,0,0,0,0,0,0,0,0,0,0,0,0,0,0,0
43,kisarazu_sodegaura_kimitsu_futtsu,0,0,0,0,0,0,0,0,0,0,0,0,0,0,0,0,0,0,0,0,0,0,2,0,0,0,0,0,0,0,0,0,0,0,0,0,0,0,0,0,0,0,1,3,0,0,0,0,0,0,0,0,0,0,0,0,0,0,0,0,0,0,0,0,0,0,0,0,0,0,0,0,0,6
44,katsuura_otaki_tateyama_kamogawa_etc,0,0,0,0,0,0,0,0,0,0,0,0,0,0,0,0,0,0,0,0,0,0,0,0,0,0,0,0,0,0,0,0,0,0,0,0,0,0,0,0,0,0,0,0,0,0,0,0,0,0,0,0,0,0,0,0,0,0,0,0,0,0,0,0,0,0,0,0,0,0,0,0,0,0
45,choshi_asahi_sosa_katori_etc,0,0,0,0,0,0,0,0,0,0,0,0,0,0,0,0,0,0,0,0,0,0,0,0,0,0,0,0,0,0,0,0,0,0,0,0,0,0,0,0,0,1,0,0,0,0,0,0,0,0,0,0,0,0,0,0,0,0,0,0,0,0,0,0,0,0,0,0,0,0,0,0,0,1
46,togane_mobara_sanmu_oamishirasato_etc,0,0,0,0,0,0,0,0,0,0,0,0,0,0,0,0,0,0,0,0,0,0,0,0,0,0,0,0,0,0,0,0,0,0,0,0,0,0,0,0,0,0,0,0,0,0,0,0,0,0,0,0,0,0,0,0,0,0,0,0,0,0,0,0,0,0,0,0,0,0,0,0,0,0
47,tsuchiura_ishioka_omitama_kasumigaura_etc,0,0,0,0,0,0,0,0,0,0,0,0,0,0,0,0,0,0,0,0,0,0,0,0,0,0,0,0,0,0,0,0,0,0,0,0,0,0,0,0,0,0,0,0,0,0,0,0,0,0,0,0,0,0,0,0,0,0,0,0,0,0,0,0,0,0,0,0,0,0,0,0,0,0
48,koga_shimotsuma_yachiyo_goka_etc,0,0,0,0,0,0,0,0,0,0,0,0,0,0,0,0,0,0,0,0,0,0,0,0,0,0,0,0,0,0,0,0,0,0,0,0,0,0,0,0,0,0,0,0,0,0,0,0,0,0,0,0,0,0,0,0,0,0,0,0,0,0,0,0,0,0,0,0,0,0,0,0,0,0
49,tsukuba_city,0,0,0,0,0,0,0,0,0,0,0,0,0,0,0,0,0,0,0,0,0,0,0,0,0,0,0,0,0,0,0,0,0,0,0,0,0,0,0,0,0,0,0,0,0,0,0,0,0,0,0,0,0,0,0,0,0,0,0,0,0,0,0,0,0,0,0,0,0,0,0,0,0,0
50,joso_bando,0,0,0,0,0,0,0,0,0,0,0,0,0,0,0,0,0,0,0,0,0,0,0,0,0,0,0,0,0,0,0,0,0,0,0,0,0,0,0,0,0,0,0,0,0,0,0,0,0,0,0,0,0,0,0,0,0,0,0,0,0,0,0,0,0,0,0,0,0,0,0,0,0,0
51,ryugasaki_toride_ushiku_moriya_etc,0,0,0,0,0,0,0,0,0,0,0,0,0,0,0,0,0,0,0,0,0,0,0,0,0,0,0,0,0,0,0,0,0,0,0,0,0,0,0,0,0,0,0,0,0,0,0,0,0,0,0,0,0,0,0,0,0,0,0,0,0,0,0,0,0,0,0,0,0,0,0,0,1,1
52,inashiki_miho_kawachi,0,0,1,0,0,0,0,1,0,0,0,0,0,0,0,0,0,0,0,0,0,0,0,0,0,0,0,0,0,0,0,0,0,0,0,0,0,0,1,0,0,0,0,0,0,0,0,0,0,0,0,0,0,0,0,0,0,0,0,0,13,0,0,0,0,0,0,0,0,0,0,0,0,15
53,kashima_kamisu_namegata_itako,0,0,0,0,0,0,0,0,0,0,0,0,0,0,0,0,0,0,0,0,0,0,0,0,0,0,0,0,0,0,0,0,0,0,0,0,0,0,0,0,0,0,0,0,0,0,0,0,0,0,0,0,0,0,0,0,0,0,0,0,0,0,0,0,0,0,0,0,0,0,0,0,0,0
54,mito_hitachi_kasama_hitachinaka_etc,0,0,0,0,0,0,0,0,0,0,0,0,0,0,0,0,0,0,0,0,0,0,0,0,0,0,0,0,0,0,0,0,0,0,0,0,0,0,0,0,0,0,0,0,0,0,0,0,0,0,0,0,0,0,0,0,0,0,0,0,0,0,0,0,0,0,0,0,0,0,0,0,0,1
55,yuki_chikusei_sakuragawa,0,0,0,0,0,0,0,0,0,0,0,0,0,0,0,0,0,0,0,0,0,0,0,0,0,0,0,0,0,0,0,0,0,0,0,0,0,0,0,0,0,0,0,0,0,0,0,0,0,0,0,0,0,0,0,0,0,0,0,0,0,0,0,0,0,0,0,0,0,0,0,0,0,0
56,maebashi_takasaki_isesaki_shibukawa_etc,0,0,0,0,0,0,0,0,0,0,0,0,0,0,0,0,0,0,0,0,0,0,0,0,0,0,0,0,0,0,0,0,0,0,0,0,0,0,0,0,0,0,0,0,0,0,0,0,0,0,1,0,0,0,0,0,44,0,0,0,0,0,0,0,0,0,0,0,0,0,23,0,0,69
57,kiryu_ota_tatebayashi_midori_etc,0,0,0,0,0,0,0,0,0,0,0,0,0,0,0,0,0,0,0,0,0,0,0,0,0,0,0,0,0,0,0,0,0,0,0,0,0,0,0,0,0,0,0,0,0,0,0,0,0,0,0,0,0,0,0,0,0,0,0,0,0,0,0,0,0,0,0,0,0,0,0,0,0,0
58,utsunomiya_kanuma_moka_kaminokawa_etc,0,0,0,0,0,0,0,0,0,0,0,0,0,0,0,0,0,0,0,0,0,0,0,0,0,0,0,0,0,0,0,0,0,0,0,0,0,0,0,0,0,0,0,0,0,0,0,0,0,0,0,0,0,0,0,0,0,0,0,0,0,0,0,0,0,0,0,0,0,0,0,0,80,80
59,tochigi_oyama_shimotsuke_nogi_etc,0,0,2,0,0,0,0,0,0,0,0,0,0,0,0,0,0,0,0,0,0,0,0,0,0,0,19,0,0,1,0,0,0,0,0,0,0,0,0,0,0,0,0,0,0,0,0,0,0,0,0,0,0,0,0,0,0,0,0,21,0,0,0,0,0,0,0,0,0,0,0,0,0,43
60,ashikaga_sano,0,0,0,0,0,0,0,0,0,0,0,0,0,0,0,0,0,0,0,0,0,0,0,0,0,0,0,0,0,0,0,0,0,0,0,0,0,0,0,0,0,0,0,0,0,0,0,0,0,0,0,0,0,0,0,0,0,0,0,0,0,0,0,0,0,0,0,0,0,0,2,0,1,2
61,tokyo_islands,0,0,0,0,0,0,0,0,0,0,0,0,0,0,0,0,0,0,0,0,0,0,0,0,0,0,0,0,0,0,0,0,0,0,0,0,0,0,0,0,0,0,0,0,0,0,0,0,0,0,0,0,0,0,0,0,0,0,0,0,0,0,0,0,0,0,0,0,0,0,0,0,0,0
62,ibaraki_north,0,0,0,0,0,0,0,0,0,0,0,0,0,0,0,0,0,0,0,0,0,0,0,0,0,0,0,0,0,0,0,0,0,0,0,0,0,0,0,0,0,0,0,0,0,0,0,0,0,0,0,0,0,0,0,0,0,0,0,0,0,0,0,0,0,0,0,0,0,0,0,0,0,0
63,tochigi_north,0,0,0,0,0,0,0,0,0,0,0,0,0,0,0,0,0,0,0,0,0,0,0,0,0,0,0,0,0,0,0,0,0,0,0,0,0,0,0,0,0,0,0,0,0,0,0,0,0,0,0,0,0,0,0,0,0,0,0,0,0,0,0,0,0,0,0,0,0,0,0,0,0,0
64,gunma_north,0,0,0,0,0,0,0,0,0,0,0,0,0,0,0,0,0,0,0,0,0,0,0,0,0,0,0,0,0,0,0,0,0,0,0,0,0,0,0,0,0,0,0,0,0,0,0,0,0,0,0,0,0,0,0,0,0,0,0,0,0,0,0,0,0,0,0,0,0,0,0,0,0,0
65,gunma_other_ueno_kanna_nanmoku,0,0,0,0,0,0,0,0,0,0,0,0,0,0,0,0,0,0,0,0,0,0,0,0,0,0,0,0,0,0,0,0,0,0,0,0,0,0,0,0,0,0,0,0,0,0,0,0,0,0,0,0,0,0,0,0,0,0,0,0,0,0,0,0,0,0,0,0,0,0,0,0,0,0
66,hokkaido_tohoku,0,0,0,0,0,0,0,0,0,0,0,0,0,0,0,0,0,0,0,0,0,0,0,2,0,0,0,0,0,0,0,0,0,0,0,0,0,0,0,0,0,0,0,0,0,0,0,0,0,0,0,0,0,0,0,0,0,0,0,0,0,0,0,0,0,0,0,0,0,0,0,0,0,3
67,hokuriku,0,0,0,0,0,0,0,0,0,0,0,0,0,0,0,0,0,0,0,0,0,0,0,0,0,0,0,0,0,0,0,0,0,0,0,0,0,0,0,0,0,0,0,0,0,0,0,0,0,0,0,0,0,0,0,0,0,0,0,0,0,0,0,0,0,0,0,0,0,0,0,0,0,0
68,yamanashi_nagano,0,0,0,0,0,0,0,0,0,0,0,0,0,0,0,0,0,0,0,0,0,0,0,0,0,0,0,0,0,0,0,0,0,0,0,0,0,0,0,0,0,0,0,0,0,0,0,0,0,0,0,0,0,0,0,0,0,0,0,0,0,0,0,0,0,0,0,0,0,0,0,0,0,0
69,shizuoka,0,0,0,0,0,0,0,0,0,0,0,0,0,0,0,0,0,0,0,0,0,0,0,0,0,0,0,0,0,0,0,0,0,0,0,0,0,0,0,0,0,0,0,0,0,0,0,0,0,0,0,0,0,0,0,0,0,0,0,0,0,0,0,0,0,0,0,0,0,0,0,0,0,0
70,chubu_west,0,1,0,0,0,0,0,3,0,1,0,0,1,0,0,0,0,0,0,0,0,0,0,0,0,0,0,0,0,0,0,0,0,0,0,9,0,3,0,0,0,0,0,0,0,0,0,0,0,0,0,0,0,0,0,0,0,0,13,0,1,0,0,0,0,0,0,0,0,0,0,0,0,35
71,overseas,0,0,0,0,0,0,0,0,0,0,191,0,0,0,0,0,0,12,0,0,0,0,0,0,0,0,0,0,0,0,0,0,0,0,0,6,0,0,0,0,0,0,0,0,0,0,0,0,0,0,0,0,0,0,0,0,0,0,0,0,0,0,0,0,0,0,0,0,0,0,0,0,0,208
999,unknown,0,0,0,0,0,0,0,0,0,0,0,0,0,0,0,0,0,0,0,0,0,0,0,0,0,0,0,0,0,0,0,0,0,0,0,0,0,0,0,0,0,0,0,0,0,0,0,0,0,0,0,0,0,0,0,0,0,0,0,0,0,0,0,0,0,0,0,0,0,0,0,0,0,0
○unknown,,,,,,,,,,,,,,,,,,,,,,,,,,,,,,,,,,,,,,,,,,,,,,,,,,,,,,,,,,,,,,,,,,,,,,,,,,,(unit: ton/day)
large_zone,region,tokyo_chiyoda_chuo_minato,tokyo_meguro_shinagawa_ota,tokyo_toshima_bunkyo_shinjuku_shibuya,tokyo_arakawa_taito_sumida_koto,tokyo_nakano_suginami_setagaya,tokyo_nerima_itabashi_kita,tokyo_adachi_katsushika_edogawa,chofu_nishitokyo_fuchu_musashino_etc,machida_tama_hachioji_inagi_etc,mizuho_fussa_hamura_akiruno_etc,yokohama_nishi_naka,yokohama_isogo_minami_kanazawa_konan,yokohama_hodogaya_totsuka_sakae_izumi_etc,yokohama_kohoku_tsuzuki_midori_aoba,yokohama_tsurumi_kanagawa,kawasaki_kawasaki_saiwai_nakahara,kawasaki_takatsu_miyamae_tama_asao,sagamihara_city,yokosuka_miura,kamakura_zushi_hayama,fujisawa_chigasaki_samukawa,hiratsuka_oiso_ninomiya,odawara_manazuru_yugawara_hakone,minami_ashigara_nakai_oi_matsuda_etc,atsugi_hadano_kiyokawa_isehara_etc,zama_yamato_ebina_ayase,saitama_city,kawaguchi_warabi_toda,asaka_wako_niiza_tokorozawa_etc,soka_kasukabe_misato_koshigaya_etc,hanno_hidaka_moroyama_ogose_etc,tsurugashima_sakado_kawajima_higashimatsuyama_etc,ageo_konosu_okegawa_kitamoto_etc,kuki_kazo_hanyu_gyoda_etc,kumagaya_fukaya_ogawa_yorii_etc,honjo_kamikawa_kamisato,chichibu_yokoze_minano_nagatoro_etc,chiba_city,ichikawa_urayasu_narashino_funabashi,matsudo_kamagaya_kashiwa_abiko,nagareyama_noda,yachiyo_sakura_narita_shiroi_etc,ichihara_city,kisarazu_sodegaura_kimitsu_futtsu,katsuura_otaki_tateyama_kamogawa_etc,choshi_asahi_sosa_katori_etc,togane_mobara_sanmu_oamishirasato_etc,tsuchiura_ishioka_omitama_kasumigaura_etc,koga_shimotsuma_yachiyo_goka_etc,tsukuba_city,joso_bando,ryugasaki_toride_ushiku_moriya_etc,inashiki_miho_kawachi,kashima_kamisu_namegata_itako,mito_hitachi_kasama_hitachinaka_etc,yuki_chikusei_sakuragawa,maebashi_takasaki_isesaki_shibukawa_etc,kiryu_ota_tatebayashi_midori_etc,utsunomiya_kanuma_moka_kaminokawa_etc,tochigi_oyama_shimotsuke_nogi_etc,ashikaga_sano,tokyo_islands,ibaraki_north,tochigi_north,gunma_north,gunma_other_ueno_kanna_nanmoku,hokkaido_tohoku,hokuriku,yamanashi_nagano,shizuoka,chubu_west,overseas,unknown,all_regions
0,tokyo_chiyoda_chuo_minato,0,0,0,0,0,0,0,0,0,0,0,0,0,0,0,0,0,0,0,0,0,0,0,0,0,0,0,0,0,0,0,0,0,0,0,0,0,0,0,0,0,0,0,0,0,0,0,0,0,0,0,0,0,0,0,0,0,0,0,0,0,0,0,0,0,0,0,0,0,0,0,0,268,268
1,tokyo_meguro_shinagawa_ota,531,1766,24,822,0,280,68,11,66,0,0,0,0,0,0,7,0,42,0,0,0,0,0,0,0,132,0,84,169,396,0,55,143,378,15,0,0,22,479,77,0,61,0,46,0,0,0,187,0,0,103,20,0,0,66,97,245,557,165,559,64,0,5,13,0,0,158,6,1,1,73,1,2298,10294
2,tokyo_toshima_bunkyo_shinjuku_shibuya,0,0,0,0,0,0,0,0,0,0,0,0,0,0,0,0,0,0,0,0,0,0,0,0,0,0,0,0,0,0,0,0,0,0,0,0,0,0,0,0,0,0,0,0,0,0,0,0,0,0,0,0,0,0,0,0,0,0,0,0,0,0,0,0,0,0,0,0,0,0,0,0,59,59
3,tokyo_arakawa_taito_sumida_koto,27,17,0,581,0,4,187,0,0,0,0,3,1,0,0,0,0,5,7,0,6,0,0,0,4,2,0,0,4,1,0,0,0,8,0,0,3,1,10,0,0,6,16,0,0,4,1,0,0,0,0,0,0,0,0,0,1,0,0,0,0,0,0,0,0,0,312,0,0,7,250,0,69,1539
4,tokyo_nakano_suginami_setagaya,7,0,2,0,2,0,0,0,102,0,0,0,0,0,0,0,0,0,0,0,0,0,0,0,0,0,0,0,0,0,0,0,0,0,0,0,0,0,0,0,0,0,0,0,0,0,0,0,0,0,0,0,0,0,0,0,0,0,0,0,0,0,0,0,0,0,0,0,0,0,0,0,204,316
5,tokyo_nerima_itabashi_kita,0,0,0,1,0,0,1,0,0,0,0,0,0,0,0,0,0,0,0,0,0,0,0,0,0,0,9,0,0,0,0,0,0,0,0,0,0,0,0,0,0,0,0,0,0,0,0,0,0,0,0,0,0,0,0,0,0,0,0,0,0,0,0,0,0,0,0,0,0,0,0,0,0,11
6,tokyo_adachi_katsushika_edogawa,8,15,7,21,5,15,6,0,0,0,0,0,0,0,0,0,0,0,0,0,0,0,0,0,0,0,0,0,0,8,0,0,0,0,0,0,0,0,14,0,0,4,0,0,0,0,0,0,0,0,0,0,0,0,0,0,0,0,0,0,0,0,0,0,0,0,34,5,10,0,0,0,44,196
7,chofu_nishitokyo_fuchu_musashino_etc,1,25,13,0,18,0,0,90,32,20,0,0,0,0,0,0,0,0,0,0,0,0,0,0,0,0,0,0,4,0,0,0,0,0,0,0,0,0,0,0,0,0,0,0,0,0,0,0,0,0,0,0,0,0,0,0,0,0,0,0,0,0,0,0,0,0,0,0,288,0,0,0,13,503
8,machida_tama_hachioji_inagi_etc,0,122,27,0,0,0,0,5,168,0,0,0,0,5,7,0,101,0,0,0,0,0,0,0,0,1,0,0,0,0,0,0,0,0,0,0,0,0,0,0,0,0,0,0,0,0,0,0,0,0,0,0,0,0,0,0,0,0,0,0,1,0,0,0,0,0,2,2,2,0,6,0,2,451
9,mizuho_fussa_hamura_akiruno_etc,0,0,0,0,0,0,0,0,1,9,0,0,0,0,0,0,0,0,0,0,0,0,0,0,0,0,0,0,0,0,0,0,0,0,0,0,0,0,0,0,0,0,0,0,0,0,0,0,0,0,0,0,0,0,0,0,0,0,0,0,0,0,0,0,0,0,0,0,0,0,0,0,0,10
10,yokohama_nishi_naka,0,0,0,0,0,0,0,0,0,0,7,0,5,5,0,0,0,5,1,0,0,3,0,0,1,0,0,0,0,0,0,0,0,0,0,0,0,0,0,0,0,0,0,0,0,0,0,0,0,0,0,0,0,0,0,0,0,0,0,0,0,0,0,0,0,0,0,0,0,0,0,0,0,26
11,yokohama_isogo_minami_kanazawa_konan,0,0,0,0,0,0,0,0,0,0,0,0,27,0,0,0,0,0,0,0,0,0,0,0,0,0,0,0,0,0,0,0,0,0,0,0,0,0,0,0,0,0,0,0,0,0,0,0,0,0,0,0,0,0,0,0,0,0,0,0,0,0,0,0,0,0,0,0,0,0,0,0,0,28
12,yokohama_hodogaya_totsuka_sakae_izumi_etc,0,0,0,0,0,0,0,0,0,0,0,0,0,0,0,0,0,0,0,0,5,0,0,0,0,0,0,0,4,34,0,0,0,0,0,0,11,0,103,0,0,0,0,0,0,2,103,0,0,0,0,0,0,0,0,0,0,0,0,0,0,0,0,0,0,0,4,1,17,8,8,0,6,307
13,yokohama_kohoku_tsuzuki_midori_aoba,0,0,0,0,1,0,0,1,0,0,0,0,0,10,0,0,0,0,0,0,0,0,0,0,0,6,0,0,0,0,0,0,0,0,0,0,0,0,0,0,0,0,0,0,0,0,0,0,0,0,0,0,0,0,0,0,0,0,0,0,0,0,0,0,0,0,0,0,0,0,0,0,3,22
14,yokohama_tsurumi_kanagawa,0,0,0,120,4,0,0,130,0,0,2,2,0,0,109,175,0,0,0,0,0,0,0,0,80,0,0,0,0,30,0,0,0,0,0,0,0,2,107,264,80,9,0,5,0,0,5,0,0,0,0,0,0,0,0,5,0,0,0,0,0,0,0,0,0,0,80,0,1,1,24,0,897,2128
15,kawasaki_kawasaki_saiwai_nakahara,8,12,0,0,1,0,0,13,2,0,7,10,21,27,68,280,87,0,0,0,0,2,0,0,1,0,0,0,0,0,0,0,0,0,0,0,0,3,0,0,0,0,0,0,0,0,0,0,0,0,0,0,0,0,0,0,0,0,0,0,0,0,0,0,0,0,0,0,0,0,0,0,926,1469
16,kawasaki_takatsu_miyamae_tama_asao,0,1,0,0,0,0,1,0,8,8,8,0,8,3,0,0,0,8,1,0,0,0,0,0,0,0,0,0,0,0,0,0,0,0,0,0,0,0,0,0,0,0,0,0,0,0,0,0,0,0,0,0,0,0,0,0,0,0,0,0,0,0,0,0,0,0,11,4,15,0,2,0,7,86
17,sagamihara_city,0,0,0,4,0,0,0,0,7,0,60,0,0,3,20,0,5,20,3,0,0,0,0,0,0,19,0,0,0,1,0,0,0,9,0,2,0,0,0,0,0,0,0,0,0,0,0,0,0,0,0,1,0,0,1,0,0,0,21,0,0,0,2,0,0,0,6,1,1,24,7,0,670,888
18,yokosuka_miura,0,0,0,0,0,0,0,0,0,0,0,0,0,0,0,0,0,0,3,0,0,0,0,0,0,0,0,0,0,0,0,0,0,0,0,0,0,0,0,0,0,0,0,0,0,0,0,0,0,0,0,0,0,0,0,0,0,0,0,0,0,0,0,0,0,0,0,0,0,0,0,0,0,4
19,kamakura_zushi_hayama,0,0,0,0,0,0,0,0,0,0,0,0,0,0,0,0,0,0,0,0,0,0,0,0,0,0,0,0,0,0,0,0,0,0,0,0,0,0,0,0,0,0,0,0,0,0,0,0,0,0,0,0,0,0,0,0,0,0,0,0,0,0,0,0,0,0,0,0,0,0,0,0,0,1
20,fujisawa_chigasaki_samukawa,0,1,0,0,0,0,0,0,0,0,0,0,1,0,1,0,0,3,1,3,19,0,6,0,11,27,0,0,0,0,0,0,0,0,0,0,0,0,0,0,0,0,0,0,0,0,0,0,0,0,0,0,0,0,0,0,0,0,0,0,0,0,0,0,0,0,1,0,1,1,2,0,1,81
21,hiratsuka_oiso_ninomiya,0,0,0,0,0,0,0,0,0,0,0,0,0,0,0,0,0,0,0,0,0,1,67,0,0,0,3,0,0,5,0,0,19,0,0,0,0,0,13,0,0,1,0,0,0,0,9,0,0,0,0,0,0,0,0,48,0,0,0,0,0,0,0,0,0,0,114,58,23,31,154,0,503,1049
22,odawara_manazuru_yugawara_hakone,0,0,0,0,0,0,0,0,0,0,0,0,0,0,0,0,0,0,0,0,0,0,0,0,0,0,0,0,0,0,0,0,0,0,0,0,0,0,0,0,0,0,0,0,0,0,0,0,0,0,0,0,0,0,0,0,0,0,0,0,0,0,0,0,0,0,0,0,3,3,0,0,71,79
23,minami_ashigara_nakai_oi_matsuda_etc,0,0,0,2,0,0,0,0,0,0,0,0,0,0,0,0,0,0,0,0,2,6,0,0,0,0,0,0,0,0,0,0,0,0,0,0,0,0,0,0,0,0,10,0,0,0,0,0,0,0,0,0,0,0,0,0,0,0,0,0,0,0,0,0,0,0,0,0,0,0,0,0,10,29
24,atsugi_hadano_kiyokawa_isehara_etc,60,18,0,73,0,0,3,0,0,0,9,3,0,10,6,0,0,8,10,0,0,0,31,0,87,3,3,0,0,0,0,0,0,0,0,0,0,0,3,0,3,0,0,0,0,0,0,27,0,0,0,0,0,0,0,0,0,0,0,0,0,0,0,0,0,0,0,0,1,1,0,0,292,651
25,zama_yamato_ebina_ayase,0,0,11,0,0,0,0,0,3,0,0,3,6,4,0,0,0,6,3,1,26,2,2,0,5,28,0,0,0,0,0,6,0,0,0,0,0,0,0,0,0,0,0,0,0,6,0,0,0,0,0,0,0,0,0,0,0,0,0,0,0,0,0,0,0,0,0,0,0,0,0,0,27,140
26,saitama_city,0,0,5,7,3,2,13,0,0,0,3,0,0,0,0,0,1,0,0,1,0,0,0,0,0,0,24,6,9,28,1,0,0,22,2,0,0,0,0,0,0,0,0,0,0,0,0,0,0,0,0,0,0,0,0,0,4,0,2,0,21,0,0,0,0,0,0,0,0,117,0,0,5,277
27,kawaguchi_warabi_toda,9,2,4,3,7,2,3,2,0,0,0,0,0,0,0,0,0,1,0,0,0,0,0,0,0,0,0,17,9,4,0,0,3,3,0,0,0,0,0,0,0,0,0,0,0,0,0,13,101,0,0,0,0,0,0,0,0,0,0,0,0,0,0,13,0,0,20,0,0,0,4,0,0,221
28,asaka_wako_niiza_tokorozawa_etc,7,31,4,1,4,0,1,6,1,0,0,0,3,0,0,0,0,1,0,0,1,0,0,0,3,0,5,9,83,0,1,2,2,2,1,0,0,0,1,0,0,2,0,2,0,0,0,4,0,0,0,0,0,1,2,0,2,0,2,30,2,0,0,0,0,0,11,6,10,1,48,0,14,305
29,soka_kasukabe_misato_koshigaya_etc,0,14,0,8,1,13,38,0,14,1,155,12,11,0,0,0,3,30,0,0,10,0,29,0,13,31,15,27,47,249,0,4,8,43,20,0,0,1,49,15,4,36,0,14,0,0,0,2,9,1,0,1,0,0,1,27,39,6,34,0,6,0,0,0,0,0,17,46,6,31,37,0,48,1228
30,hanno_hidaka_moroyama_ogose_etc,0,0,0,0,0,39,0,0,0,876,0,0,0,0,0,0,149,5,0,0,0,0,0,0,0,0,0,0,80,0,117,0,0,0,0,0,0,0,0,0,0,0,117,0,0,0,0,0,0,0,0,0,0,117,0,0,39,0,0,0,0,0,0,0,0,0,0,0,0,0,1,0,130,1669
31,tsurugashima_sakado_kawajima_higashimatsuyama_etc,0,0,0,0,0,0,0,2,0,0,6,0,11,0,0,0,0,0,0,0,0,0,0,0,0,0,0,0,0,0,0,25,17,25,19,0,0,0,0,0,0,0,0,0,0,0,0,0,0,0,0,0,0,0,0,0,1,12,0,0,0,0,0,0,0,0,0,0,0,15,3,0,277,415
32,ageo_konosu_okegawa_kitamoto_etc,0,0,0,1,0,0,0,0,0,0,0,0,0,0,0,0,0,0,0,0,0,0,0,0,0,0,18,0,1,7,0,2,10,5,0,0,0,0,4,8,2,2,0,0,0,0,0,0,1,0,0,0,0,0,0,0,0,0,0,4,0,0,0,0,0,0,0,0,0,0,0,0,526,591
33,kuki_kazo_hanyu_gyoda_etc,58,0,0,2,1,1,60,0,0,0,2,1,44,0,0,2,0,44,0,0,0,0,1,0,0,0,8,48,5,2,0,0,0,17,20,0,0,0,0,2,0,0,0,0,0,0,0,64,0,0,0,44,0,0,4,0,77,8,1,52,0,0,0,0,0,0,31,4,68,9,54,0,11,745
34,kumagaya_fukaya_ogawa_yorii_etc,102,8,152,229,387,0,602,56,0,0,339,0,52,1,1,0,1,0,0,0,1,51,0,0,43,64,1,0,101,182,0,4,0,0,422,0,0,0,0,0,0,147,0,0,0,0,0,0,1193,2,0,121,0,0,54,21,29,290,20,0,42,0,0,108,0,0,269,48,2,3,128,0,58,5335
35,honjo_kamikawa_kamisato,0,0,0,0,0,0,0,0,0,0,0,0,0,0,0,0,0,0,0,0,0,0,0,0,0,0,0,0,0,0,0,0,4,0,0,2,0,0,0,0,0,0,0,0,0,0,0,0,0,0,4,2,0,0,0,0,0,2,0,2,0,0,0,2,0,0,3,0,0,0,3,7,66,99
36,chichibu_yokoze_minano_nagatoro_etc,0,0,0,0,0,0,0,0,0,0,0,0,0,0,0,0,0,0,0,0,0,0,0,0,0,0,0,0,0,0,0,13,0,0,0,0,52,0,0,0,0,0,0,0,0,0,0,0,0,0,0,0,0,0,0,0,0,0,0,0,0,0,0,0,0,0,0,6,0,0,10,0,0,81
37,chiba_city,0,0,0,0,0,0,0,0,0,0,0,0,0,0,0,0,0,0,0,0,0,0,0,0,0,0,0,0,0,0,0,0,0,0,0,0,0,9,14,0,0,7,0,0,0,0,0,0,0,0,0,0,0,0,0,0,0,0,0,0,0,0,0,0,0,0,0,0,0,0,0,0,0,32
38,ichikawa_urayasu_narashino_funabashi,24,19,16,108,19,0,295,0,0,0,0,9,0,6,0,80,0,2,0,0,0,0,0,0,15,6,15,0,0,32,0,0,0,0,0,0,0,80,632,95,24,4,0,3,0,0,0,15,0,14,21,54,113,4,0,0,0,4,0,83,0,0,0,0,0,0,21,0,0,21,54,414,1101,3400
39,matsudo_kamagaya_kashiwa_abiko,0,0,0,0,0,0,0,54,0,0,0,0,0,0,0,0,2,0,0,0,0,0,0,0,0,0,2,0,0,0,0,0,0,0,0,0,0,0,620,622,3,2,0,0,0,0,0,12233,0,0,0,0,0,0,0,0,0,0,0,0,0,0,0,5,0,0,7,0,0,0,7,0,10,13569
40,nagareyama_noda,0,0,0,0,0,0,0,0,0,0,0,0,0,0,0,0,0,0,0,0,0,0,0,0,0,6,11,0,0,0,0,0,0,9,0,4,0,7,0,7,13,0,0,0,0,0,0,0,0,0,0,2,0,0,0,0,0,0,0,0,0,0,0,0,0,0,0,0,4,0,0,0,20,84
41,yachiyo_sakura_narita_shiroi_etc,0,0,0,47,0,0,23,0,103,0,0,0,3,0,47,0,0,22,0,0,0,0,0,0,0,0,0,0,0,0,0,0,0,0,0,0,0,112,15,8,0,16,71,0,15,33,11,2,19,75,0,0,0,359,102,0,0,0,9,0,0,0,0,0,0,0,0,0,0,0,1,0,644,1735
42,ichihara_city,0,0,0,0,0,0,1,0,0,0,0,0,0,0,0,0,0,0,0,0,0,11,0,0,0,0,0,0,48,1,0,0,0,0,0,0,0,3,0,0,13,16,124,0,0,0,0,0,0,0,0,0,0,0,0,0,0,0,10,24,0,0,0,0,0,0,57,17,0,10,20,0,10,365
43,kisarazu_sodegaura_kimitsu_futtsu,0,0,0,0,0,0,0,0,0,0,0,0,0,0,0,0,0,0,0,0,0,0,0,0,0,0,0,0,0,0,0,0,0,0,0,0,0,0,6,0,0,0,1,12,1,0,0,0,0,0,0,0,0,0,0,0,0,0,0,0,0,0,0,0,0,0,2,0,0,0,4,0,0,25
44,katsuura_otaki_tateyama_kamogawa_etc,0,0,0,0,0,0,0,0,0,0,0,0,0,0,0,0,0,0,0,0,0,0,0,0,0,0,0,0,0,0,0,0,0,0,0,0,0,0,0,0,0,0,14,14,0,0,0,0,0,0,0,0,0,0,0,0,0,0,0,0,0,0,0,0,0,0,0,0,0,0,0,0,5,33
45,choshi_asahi_sosa_katori_etc,0,11,0,3,0,0,1,0,0,0,0,0,0,0,0,0,0,0,0,0,0,1,0,0,1,1,1,3,1,4,0,0,1,1,0,0,0,1,18,7,1,36,3,1,0,103,13,7,0,0,0,0,0,0,18,0,0,0,0,25,1,0,0,0,0,0,0,0,2,1,0,0,8,272
46,togane_mobara_sanmu_oamishirasato_etc,0,0,0,0,0,0,1,0,0,0,0,0,0,0,0,0,0,0,0,0,0,0,0,0,0,0,1,0,0,2,0,0,0,1,0,0,0,3,0,2,0,119,0,0,0,0,26,0,1,0,0,0,0,0,0,0,0,0,0,0,0,0,0,0,0,0,1,0,1,0,9,0,76,246
47,tsuchiura_ishioka_omitama_kasumigaura_etc,0,0,0,25,2,1,2,77,4,0,0,0,0,0,0,0,0,0,0,0,0,7,0,56,58,14,19,43,54,2,1,7,1,29,0,7,0,12,0,32,10,6,11,2,0,10,108,11,12,0,4,20,2,0,1,0,44,16,4,44,12,0,7,3,0,0,157,43,47,122,358,90,74,1672
48,koga_shimotsuma_yachiyo_goka_etc,0,0,0,0,0,0,0,24,0,0,0,0,0,0,0,0,0,0,0,0,0,0,0,0,12,0,0,0,0,0,0,0,0,5,0,0,0,0,0,0,0,0,0,0,0,0,0,1,11,5,0,0,0,0,1,1,1,2,6,18,0,0,0,0,0,0,48,0,12,0,180,0,139,464
49,tsukuba_city,5,0,0,0,0,0,0,0,0,0,0,0,0,0,0,0,0,0,0,0,0,0,0,0,0,0,0,0,0,0,0,0,0,0,0,0,0,0,0,18,0,0,0,0,0,0,0,33,0,459,0,87,11,0,0,51,0,0,0,0,0,0,0,33,0,0,33,0,0,3,0,0,14,748
50,joso_bando,0,0,0,14,0,0,7,17,0,0,0,0,0,0,0,0,0,0,0,0,0,0,0,0,0,0,0,0,5,0,0,0,0,0,0,0,0,0,0,5,187,0,0,0,0,0,0,0,0,0,20,0,0,0,0,0,0,0,0,0,0,0,0,0,0,0,0,0,0,0,0,0,1282,1538
51,ryugasaki_toride_ushiku_moriya_etc,2,0,0,3,0,0,0,0,0,0,0,0,0,0,0,0,0,0,0,0,0,0,0,0,0,0,0,0,0,0,0,0,0,0,0,0,0,0,0,0,0,0,0,0,0,0,0,23,0,23,5,57,28,1,0,6,0,0,0,0,0,0,0,0,0,0,1,0,0,0,0,0,0,150
52,inashiki_miho_kawachi,0,1,0,0,0,0,1,0,0,0,0,0,0,0,0,0,0,0,0,0,0,0,0,0,0,0,2,0,0,0,0,0,0,0,0,0,0,0,0,0,0,0,0,0,0,0,0,4,0,0,0,0,0,0,2,0,0,0,3,0,0,0,0,0,0,0,0,9,0,0,0,0,4,28
53,kashima_kamisu_namegata_itako,0,0,0,0,0,0,0,0,0,0,0,0,0,0,0,0,0,0,0,0,0,0,0,0,0,0,0,0,0,0,0,0,3,0,0,0,0,0,45,0,0,3,0,0,0,0,0,227,45,0,0,0,0,502,0,35,0,0,45,90,0,0,25,0,0,0,45,90,0,0,28,0,3,1189
54,mito_hitachi_kasama_hitachinaka_etc,0,0,0,0,0,0,0,0,0,0,0,0,0,0,0,0,0,0,0,0,0,0,0,0,0,0,0,0,0,0,0,40,0,0,0,0,0,0,0,11,0,251,0,0,0,0,0,10,0,0,0,0,0,48,1504,1,0,0,1,0,0,0,20,0,0,0,6,3,0,1,13,1,65,1976
55,yuki_chikusei_sakuragawa,0,8,0,2,0,1,0,0,0,0,4,0,0,9,0,0,0,0,0,0,0,0,0,0,0,0,0,0,1,40,0,32,0,0,10,0,0,3,10,0,0,0,0,0,0,7,0,0,21,0,0,0,0,0,0,27,0,11,0,17,31,0,0,0,0,0,2,0,4,0,0,0,10,248
56,maebashi_takasaki_isesaki_shibukawa_etc,721,31,0,18,0,1,36,55,47,62,0,0,31,49,0,37,0,0,0,0,11,0,0,0,1571,0,77,37,615,129,0,31,0,43,752,0,0,92,18,25,0,80,0,12,0,25,0,63,0,0,0,0,0,18,18,13,2979,1610,0,395,26,0,0,0,1066,0,76,1240,1066,29,45,0,88,13339
57,kiryu_ota_tatebayashi_midori_etc,0,11,0,2,0,0,2,38,0,50,0,0,0,3,0,0,0,1,0,0,0,0,0,0,0,0,0,0,7,7,0,0,14,44,6,0,42,0,0,23,0,0,0,1,0,0,0,0,1,0,0,0,0,0,0,0,12,108,4,2,1,0,0,0,0,0,0,0,0,0,0,0,12,391
58,utsunomiya_kanuma_moka_kaminokawa_etc,1,0,0,0,1,0,2,1,0,0,0,0,0,1,0,0,0,0,0,0,0,0,0,0,0,0,0,0,6,0,0,0,0,0,0,22,0,1,0,74,0,0,0,0,0,0,0,0,0,0,0,1,0,0,0,19,0,0,132,8,0,0,0,15,0,0,3,0,0,0,59,0,19,366
59,tochigi_oyama_shimotsuke_nogi_etc,0,0,0,0,0,1,14,0,14,0,0,0,0,0,1,0,0,14,0,0,439,0,14,0,0,0,14,0,15,4,0,0,0,0,0,0,0,0,28,1,0,0,0,0,0,0,13,6,0,0,0,0,0,0,0,0,0,0,5,7,0,0,0,17,0,0,99,14,28,12,13,0,302,1071
60,ashikaga_sano,0,0,0,83,0,0,0,0,0,0,25,4,0,0,0,0,0,0,11,0,3,0,0,1,1,1,0,0,0,89,0,43,0,32,22,0,0,0,13,0,0,19,0,0,32,0,0,76,6,32,2,38,0,0,1,0,80,159,46,62,47,0,0,51,6,0,61,3,21,11,65,0,89,1235
61,tokyo_islands,0,0,0,0,0,0,0,0,0,0,0,0,0,0,0,0,0,0,0,0,0,0,0,0,0,0,0,0,0,0,0,0,0,0,0,0,0,0,0,0,0,0,0,0,0,0,0,0,0,0,0,0,0,0,0,0,0,0,0,0,0,0,0,0,0,0,0,0,0,0,0,0,0,0
62,ibaraki_north,0,0,0,0,0,0,0,0,0,0,0,0,0,0,0,0,0,0,0,0,0,0,0,0,0,0,0,0,0,0,0,0,0,0,0,0,0,0,0,0,0,0,0,0,0,0,0,0,0,0,0,0,0,0,0,0,0,0,0,55,0,0,0,0,0,0,0,0,0,0,0,0,0,55
63,tochigi_north,0,0,0,0,0,0,0,0,0,0,0,0,0,0,0,0,0,0,0,0,0,0,0,0,0,0,4,0,0,1,0,3,0,0,0,0,0,0,0,0,0,0,0,0,0,90,0,0,0,0,0,118,0,0,0,0,24,0,12,0,0,0,0,0,0,0,0,0,0,0,0,0,0,252
64,gunma_north,0,0,0,0,0,0,0,0,0,0,0,0,0,0,0,0,0,0,0,0,0,0,0,0,0,0,0,0,0,0,0,0,0,0,1,0,0,0,0,0,0,0,0,0,0,0,0,0,0,0,0,0,0,0,0,0,2,0,0,0,0,0,0,0,0,0,0,0,0,0,0,0,0,2
65,gunma_other_ueno_kanna_nanmoku,0,0,0,0,0,0,0,0,0,0,0,0,0,0,0,0,0,0,0,0,0,0,0,0,0,0,0,0,0,0,0,0,0,0,0,0,0,0,0,0,0,0,0,0,0,0,0,0,0,0,0,0,0,0,0,0,0,0,0,0,0,0,0,0,0,0,0,0,0,0,0,0,0,0
66,hokkaido_tohoku,0,785,0,0,0,0,1,0,0,0,233,0,0,0,0,0,0,0,0,0,1,0,8,0,0,14,0,0,0,6,0,0,138,366,95,0,0,0,49,0,0,38,0,0,0,0,0,31,48,0,3,0,0,0,1,0,75,0,122,81,16,0,0,0,0,0,0,0,0,0,0,0,0,2112
67,hokuriku,0,0,0,0,0,0,0,0,0,0,1,0,0,0,0,0,0,0,0,0,0,0,2,0,122,0,5,6,1,5,0,1,0,3,39,4,0,0,5,1,0,21,0,0,0,0,0,0,0,0,0,0,0,0,0,0,3,3,0,0,0,0,0,0,0,0,0,0,0,0,0,0,0,222
68,yamanashi_nagano,0,0,0,0,0,0,0,0,0,0,46,0,0,0,0,0,0,0,0,0,3,0,0,0,0,0,0,10,3,0,0,0,0,0,0,0,0,0,0,0,0,1,0,0,0,1,0,0,12,0,0,0,0,0,0,0,274,0,0,0,0,0,0,0,0,0,0,0,0,0,0,0,0,350
69,shizuoka,0,0,0,0,0,0,0,0,0,0,2297,0,0,0,60,0,0,0,0,0,0,33,0,0,0,0,0,0,15,80,0,0,0,0,7,0,0,0,0,3,0,9,0,0,0,1,0,0,0,0,0,0,0,31,3,0,0,0,15,63,0,0,0,0,0,0,0,0,0,0,0,0,0,2618
70,chubu_west,105,269,0,274,0,0,0,0,0,0,1293,0,0,1,247,0,46,0,0,0,1,0,10,0,222,14,13,0,11,92,0,68,725,325,2,0,1,1,56,23,0,106,3856,0,0,0,10,73,119,0,0,12,7,8,11,54,93,6,27,14,86,0,0,0,0,0,0,0,0,0,0,0,0,8278
71,overseas,37,0,0,1,0,0,0,52,0,0,172,0,0,0,0,1109,0,0,0,0,1,0,0,0,0,0,0,303,0,135,0,0,56,1,0,4,0,0,0,0,0,7,0,0,0,0,0,60,0,0,0,0,14,50,0,0,436,15,0,7,0,0,0,0,0,0,0,0,0,0,0,0,0,2457
999,unknown,0,0,0,0,0,0,0,0,0,0,0,0,0,0,0,0,0,0,0,0,0,0,0,0,0,0,0,0,0,0,0,0,0,0,0,0,0,0,0,0,0,0,0,0,0,0,0,0,0,0,0,0,0,0,0,0,0,0,0,0,0,0,0,0,0,0,0,0,0,0,0,0,0,0
"Note: Net flow, OD basis",,,,,,,,,,,,,,,,,,,,,,,,,,,,,,,,,,,,,,,,,,,,,,,,,,,,,,,,,,,,,,,,,,,,,,,,,,,
"　 ：Note: Due to rounding, the sum by commodity may not equal all commodities",,,,,,,,,,,,,,,,,,,,,,,,,,,,,,,,,,,,,,,,,,,,,,,,,,,,,,,,,,,,,,,,,,,,,,,,,,,
"　 ：Note: Due to rounding, the sum by region may not equal all regions",,,,,,,,,,,,,,,,,,,,,,,,,,,,,,,,,,,,,,,,,,,,,,,,,,,,,,,,,,,,,,,,,,,,,,,,,,,
