large_zone,region,tokyo_chiyoda_chuo_minato,tokyo_meguro_shinagawa_ota,tokyo_toshima_bunkyo_shinjuku_shibuya,tokyo_arakawa_taito_sumida_koto,tokyo_nakano_suginami_setagaya,tokyo_nerima_itabashi_kita,tokyo_adachi_katsushika_edogawa,chofu_nishitokyo_fuchu_musashino_etc,machida_tama_hachioji_inagi_etc,mizuho_fussa_hamura_akiruno_etc,yokohama_nishi_naka,yokohama_isogo_minami_kanazawa_konan,yokohama_hodogaya_totsuka_sakae_izumi_etc,yokohama_kohoku_tsuzuki_midori_aoba,yokohama_tsurumi_kanagawa,kawasaki_kawasaki_saiwai_nakahara,kawasaki_takatsu_miyamae_tama_asao,sagamihara_city,yokosuka_miura,kamakura_zushi_hayama,fujisawa_chigasaki_samukawa,hiratsuka_oiso_ninomiya,odawara_manazuru_yugawara_hakone,minami_ashigara_nakai_oi_matsuda_etc,atsugi_hadano_kiyokawa_isehara_etc,zama_yamato_ebina_ayase,saitama_city,kawaguchi_warabi_toda,asaka_wako_niiza_tokorozawa_etc,soka_kasukabe_misato_koshigaya_etc,hanno_hidaka_moroyama_ogose_etc,tsurugashima_sakado_kawajima_higashimatsuyama_etc,ageo_konosu_okegawa_kitamoto_etc,kuki_kazo_hanyu_gyoda_etc,kumagaya_fukaya_ogawa_yorii_etc,honjo_kamikawa_kamisato,chichibu_yokoze_minano_nagatoro_etc,chiba_city,ichikawa_urayasu_narashino_funabashi,matsudo_kamagaya_kashiwa_abiko,nagareyama_noda,yachiyo_sakura_narita_shiroi_etc,ichihara_city,kisarazu_sodegaura_kimitsu_futtsu,katsuura_otaki_tateyama_kamogawa_etc,choshi_asahi_sosa_katori_etc,togane_mobara_sanmu_oamishirasato_etc,tsuchiura_ishioka_omitama_kasumigaura_etc,koga_shimotsuma_yachiyo_goka_etc,tsukuba_city,joso_bando,ryugasaki_toride_ushiku_moriya_etc,inashiki_miho_kawachi,kashima_kamisu_namegata_itako,mito_hitachi_kasama_hitachinaka_etc,yuki_chikusei_sakuragawa,maebashi_takasaki_isesaki_shibukawa_etc,kiryu_ota_tatebayashi_midori_etc,utsunomiya_kanuma_moka_kaminokawa_etc,tochigi_oyama_shimotsuke_nogi_etc,ashikaga_sano,tokyo_islands,ibaraki_north,tochigi_north,gunma_north,gunma_other_ueno_kanna_nanmoku,hokkaido_tohoku,hokuriku,yamanashi_nagano,shizuoka,chubu_west,overseas,unknown,all_regions
0,tokyo_chiyoda_chuo_minato,3063,494,943,644,107,70,281,65,56,3,65,28,22,76,38,72,29,16,10,18,13,8,0,0,15,17,67,29,124,32,6,7,16,24,3,0,7,88,117,31,8,23,3,10,3,5,6,3,3,9,9,0,6,10,30,0,47,3,60,12,3,0,0,21,3,0,418,140,83,71,1438,91,623,9842
1,tokyo_meguro_shinagawa_ota,827,2893,462,556,325,232,231,418,194,27,120,147,135,345,214,371,119,160,37,10,117,54,30,3,176,249,156,180,222,204,16,49,75,124,53,7,5,149,312,115,34,184,21,103,11,54,32,93,21,22,9,18,10,32,56,20,140,90,120,64,48,0,5,37,0,0,1502,396,534,314,3317,457,4332,22194
2,tokyo_toshima_bunkyo_shinjuku_shibuya,540,92,1498,685,347,849,111,318,35,57,126,35,14,13,49,9,35,5,3,4,7,9,2,0,7,0,268,169,268,52,0,13,39,3,2,0,0,10,97,62,9,74,0,54,0,0,3,37,3,18,0,35,0,0,7,36,32,52,82,40,109,0,0,1,36,0,543,39,134,78,698,28,447,8425
3,tokyo_arakawa_taito_sumida_koto,2567,641,1203,4930,255,564,1020,324,176,26,133,61,82,82,90,90,20,57,24,7,46,77,29,3,306,176,256,475,350,445,25,84,42,99,40,13,9,135,605,162,131,175,39,16,5,23,58,135,117,48,7,37,7,17,78,62,78,58,51,50,112,3,18,93,0,0,746,418,100,310,2248,213,1895,23076
4,tokyo_nakano_suginami_setagaya,268,446,559,73,1866,74,64,992,149,3,66,11,30,324,13,22,48,23,15,3,16,3,39,0,53,9,71,77,42,89,0,6,41,26,12,3,0,4,41,58,0,47,4,7,3,6,5,3,3,20,0,9,0,3,13,0,3,4,20,4,0,3,3,9,0,0,114,56,65,89,785,15,266,7201
5,tokyo_nerima_itabashi_kita,581,227,1134,716,581,2353,461,460,118,9,6,23,46,45,22,24,73,35,5,12,10,31,20,0,17,71,260,629,507,195,27,83,280,154,39,14,9,15,92,153,164,72,0,0,0,20,5,21,8,16,10,49,9,4,4,9,80,27,49,0,149,0,24,5,0,0,500,128,282,208,1589,23,1314,14308
6,tokyo_adachi_katsushika_edogawa,1101,290,1435,2988,126,713,2848,265,119,19,140,48,56,66,114,118,19,39,28,7,46,17,3,2,64,85,179,446,296,899,26,32,33,131,79,14,8,212,446,190,86,126,55,24,5,4,83,30,31,35,68,39,3,60,58,24,85,45,50,95,94,0,13,63,0,0,451,187,163,180,1233,36,1070,18240
7,chofu_nishitokyo_fuchu_musashino_etc,440,294,498,233,490,348,125,5717,1229,859,33,61,28,122,92,124,105,172,28,39,70,19,5,5,150,109,164,189,781,169,41,66,19,63,52,7,0,80,196,91,35,54,12,10,15,24,14,40,14,7,25,28,4,23,30,13,96,34,60,26,5,0,3,17,4,0,519,164,230,165,1025,62,1997,18063
8,machida_tama_hachioji_inagi_etc,141,134,212,118,121,57,29,823,2579,330,42,82,56,284,68,53,128,370,38,13,38,54,16,13,57,197,61,38,151,39,34,3,15,22,7,10,4,28,44,18,8,17,15,5,3,0,0,12,49,14,15,10,2,2,29,4,54,58,23,18,44,0,6,32,0,0,279,107,312,201,815,70,586,9316
9,mizuho_fussa_hamura_akiruno_etc,75,78,116,110,117,81,44,1057,456,1655,15,36,96,77,29,76,24,148,20,0,35,6,0,3,52,25,51,40,431,75,68,17,26,57,30,3,12,40,112,27,0,15,12,7,5,3,3,21,89,9,25,1,1,7,27,28,80,72,17,9,5,0,0,5,6,0,462,107,334,81,845,19,505,8220
10,yokohama_nishi_naka,37,28,30,69,20,2,8,59,59,18,526,537,434,365,301,174,57,101,106,59,212,56,30,3,87,84,15,11,24,32,0,15,2,9,4,2,0,8,18,17,4,14,2,0,2,2,0,4,4,2,4,0,0,2,2,0,32,9,61,4,11,0,5,19,0,0,47,6,57,841,194,241,111,5301
11,yokohama_isogo_minami_kanazawa_konan,43,523,41,58,52,45,41,34,56,3,659,1354,538,275,208,167,68,341,183,127,190,49,51,6,99,136,15,12,20,22,7,7,6,57,14,14,0,18,45,15,0,12,6,14,3,11,7,4,3,19,9,0,3,14,0,13,35,9,28,8,0,0,10,7,0,0,152,62,45,226,855,122,1585,8860
12,yokohama_hodogaya_totsuka_sakae_izumi_etc,91,115,85,53,70,16,21,58,228,27,470,563,1741,701,333,86,119,434,45,69,364,150,45,11,335,639,14,19,36,59,0,5,3,13,0,0,3,8,45,17,10,21,2,7,3,3,29,16,5,14,9,2,3,8,20,3,31,26,9,12,2,0,3,15,3,0,118,28,133,164,388,12,897,9090
13,yokohama_kohoku_tsuzuki_midori_aoba,132,262,96,43,86,18,48,154,226,22,332,327,795,1774,369,464,398,337,101,62,177,63,71,1,275,315,24,23,34,21,0,9,8,24,6,10,7,50,48,11,0,49,18,28,3,18,2,23,2,7,0,10,0,0,5,7,14,7,16,4,4,0,3,13,1,0,221,52,256,531,499,37,831,9884
14,yokohama_tsurumi_kanagawa,286,420,182,197,153,70,87,209,127,25,1139,417,460,788,1547,522,292,119,35,16,80,61,19,12,135,173,72,36,49,53,6,15,25,26,26,10,0,97,141,49,47,61,12,32,31,5,38,19,20,11,34,32,3,22,37,0,53,43,84,37,19,58,7,25,0,0,588,255,169,258,1809,65,1549,13595
15,kawasaki_kawasaki_saiwai_nakahara,356,904,128,243,289,106,64,189,104,17,276,291,166,330,627,1955,397,95,48,36,69,64,16,4,111,123,51,71,102,80,11,10,51,29,29,5,0,105,101,84,64,90,62,33,0,11,11,15,16,5,42,7,5,23,12,14,81,26,38,19,19,0,10,45,0,0,299,135,139,125,1259,78,1953,12373
16,kawasaki_takatsu_miyamae_tama_asao,111,477,90,52,904,43,30,131,172,14,130,96,106,532,80,377,973,66,19,3,53,5,34,4,65,49,9,10,48,26,0,23,8,3,7,0,0,12,38,9,15,38,11,4,0,4,4,13,4,8,0,0,0,0,7,0,22,8,24,11,4,0,4,4,0,0,284,100,78,92,507,15,534,6601
17,sagamihara_city,68,176,87,71,161,80,66,356,916,109,49,141,147,335,180,136,299,2834,55,39,160,69,78,11,397,575,53,28,94,25,17,8,3,47,11,29,4,71,50,7,3,40,17,11,0,13,15,14,3,19,21,15,0,17,52,9,53,21,37,23,15,0,66,8,0,0,386,139,185,255,1193,36,873,11582
18,yokosuka_miura,49,13,0,7,0,3,6,0,0,0,48,138,33,42,89,33,4,4,705,56,22,3,6,0,16,9,0,4,0,3,0,0,0,0,0,0,0,5,9,5,0,5,0,3,0,4,3,6,0,3,0,0,0,0,0,0,0,0,17,3,3,0,3,3,0,0,54,5,7,36,85,13,99,1662
19,kamakura_zushi_hayama,19,18,5,3,0,3,3,0,12,1,0,33,152,1,6,11,1,1,52,272,228,5,6,0,11,30,0,0,1,3,0,0,0,3,0,0,0,6,0,0,0,1,0,0,0,0,1,1,0,3,0,0,0,0,0,6,6,6,0,0,0,0,0,3,0,0,17,6,7,12,87,3,23,1069
20,fujisawa_chigasaki_samukawa,75,80,24,40,37,66,44,142,133,47,98,126,248,110,96,147,41,259,81,242,1999,218,94,37,491,626,32,88,63,24,6,22,21,19,7,0,0,30,12,30,46,15,12,16,0,12,3,18,12,26,16,50,0,15,17,0,74,48,121,230,36,0,3,5,0,0,356,174,183,218,1047,345,1041,10093
21,hiratsuka_oiso_ninomiya,4,35,28,13,25,15,19,33,48,23,25,56,75,39,42,34,7,96,29,26,472,768,323,113,601,191,26,29,45,28,3,9,5,28,6,6,0,12,33,7,11,11,16,21,12,7,1,13,7,8,7,14,0,3,13,12,20,17,18,15,3,0,7,0,0,0,118,143,46,100,409,36,320,4787
22,odawara_manazuru_yugawara_hakone,22,38,7,23,3,5,11,3,33,0,8,28,30,17,28,15,4,29,12,4,81,131,694,258,123,56,4,7,16,60,0,0,3,11,0,0,0,12,7,20,0,14,0,4,0,0,0,0,3,0,4,3,12,0,0,0,7,0,5,0,25,0,0,0,0,0,62,14,54,220,146,30,250,2653
23,minami_ashigara_nakai_oi_matsuda_etc,36,23,18,17,4,10,14,9,21,6,27,51,104,20,55,49,20,36,7,28,45,81,611,514,156,49,31,13,15,6,0,7,3,3,10,0,0,16,22,6,3,3,7,4,0,0,4,3,0,6,7,0,0,3,0,0,10,7,6,69,0,0,2,9,0,0,110,18,91,265,375,0,410,3553
24,atsugi_hadano_kiyokawa_isehara_etc,128,158,113,186,130,127,56,160,137,96,147,180,215,510,125,202,87,369,97,64,593,411,279,205,2340,640,97,44,149,54,40,21,35,79,45,0,0,76,164,20,54,58,9,12,6,9,9,29,29,20,18,35,3,11,73,20,67,80,51,23,12,0,25,14,3,0,519,235,228,499,1954,40,1336,14059
25,zama_yamato_ebina_ayase,134,272,100,124,106,79,149,379,295,104,191,358,769,458,244,387,280,652,155,120,697,218,138,91,807,1284,55,30,96,67,22,28,24,58,18,16,0,73,87,42,25,38,18,22,9,12,8,21,3,9,9,27,3,15,32,9,46,15,61,32,12,0,3,24,3,0,332,88,302,421,850,29,1052,12736
26,saitama_city,160,104,143,191,79,307,173,122,67,41,13,18,24,47,33,28,20,32,3,7,39,23,10,4,39,28,7201,917,1137,1408,41,244,1231,1576,185,19,10,97,112,38,66,55,8,25,0,9,13,40,33,19,13,35,0,7,53,45,130,74,151,64,30,7,14,74,7,0,483,234,180,184,914,35,1620,20591
27,kawaguchi_warabi_toda,257,260,867,659,192,945,516,286,87,51,62,36,28,77,65,58,23,99,12,15,96,21,31,0,82,75,1354,2844,771,741,49,111,217,395,138,9,19,114,212,176,69,133,17,49,20,38,37,104,228,85,6,42,0,13,74,33,114,97,74,109,68,0,0,81,15,0,811,383,367,235,1546,25,3074,19997
28,asaka_wako_niiza_tokorozawa_etc,328,215,413,274,217,729,194,1450,450,317,39,49,59,82,36,53,28,62,25,0,40,15,21,7,155,68,1149,558,5959,190,651,868,421,247,349,33,103,93,157,73,34,93,18,5,5,26,40,121,35,12,24,30,0,19,51,17,232,99,109,130,24,0,17,44,2,0,751,276,350,268,1615,70,1882,22576
29,soka_kasukabe_misato_koshigaya_etc,450,300,441,778,178,332,1162,256,165,55,90,63,103,102,127,132,50,74,43,22,112,59,39,32,112,91,649,714,544,2961,28,99,251,382,192,59,8,206,370,359,257,248,58,77,20,49,64,179,222,101,146,118,18,62,211,50,288,106,259,149,93,0,19,103,11,0,978,473,315,363,2290,158,1573,21246
30,hanno_hidaka_moroyama_ogose_etc,105,50,40,72,28,114,76,200,81,186,50,15,40,45,11,67,41,20,0,3,14,11,7,3,35,16,153,85,401,122,177,130,35,142,131,15,11,21,31,39,10,3,19,6,4,0,13,23,14,3,3,6,0,44,37,11,62,35,38,34,0,0,13,3,8,0,100,54,144,24,228,13,139,3915
31,tsurugashima_sakado_kawajima_higashimatsuyama_etc,135,160,92,220,101,73,79,310,46,63,20,19,25,45,177,70,3,143,7,0,78,10,24,7,378,90,462,271,993,372,312,686,272,407,371,73,32,178,450,159,222,303,3,0,0,12,3,23,18,10,0,9,0,0,9,0,126,118,32,16,12,0,4,16,3,0,149,112,92,61,476,35,812,10092
32,ageo_konosu_okegawa_kitamoto_etc,63,34,49,73,40,85,68,67,36,17,19,33,27,28,27,33,21,39,12,8,25,24,6,0,17,28,520,149,469,251,56,220,670,371,168,43,32,35,39,43,30,39,32,9,28,38,35,26,19,11,37,21,0,7,31,27,104,56,32,63,40,0,0,24,7,0,545,181,131,102,1165,12,829,7626
33,kuki_kazo_hanyu_gyoda_etc,107,133,59,136,28,164,198,58,52,31,34,21,41,26,28,49,26,36,10,4,34,28,13,6,37,41,327,264,301,457,26,112,445,1321,269,31,9,69,133,134,162,60,15,12,0,34,29,95,108,39,65,48,3,11,135,38,222,245,108,119,60,0,20,39,14,0,686,388,202,194,1034,76,2365,11925
34,kumagaya_fukaya_ogawa_yorii_etc,95,66,87,98,73,62,137,211,108,67,26,26,18,23,22,28,26,45,15,2,32,29,3,18,108,51,290,114,565,161,94,394,174,363,1597,229,164,53,32,47,27,75,12,22,6,5,15,31,135,25,22,31,3,32,119,104,408,414,171,51,52,0,18,110,17,0,513,124,243,140,860,55,1215,10803
35,honjo_kamikawa_kamisato,40,66,27,152,67,90,16,74,29,9,11,6,6,3,9,3,0,0,3,3,52,6,20,0,3,15,26,61,136,45,10,51,34,57,150,260,15,10,16,32,5,30,3,3,3,0,9,23,20,15,10,5,0,0,33,3,252,79,42,29,40,0,7,18,10,0,172,111,65,49,608,10,706,3977
36,chichibu_yokoze_minano_nagatoro_etc,36,7,37,30,3,50,15,24,20,48,3,15,46,3,11,31,6,17,3,14,0,3,6,6,12,18,73,55,225,43,28,45,32,106,215,20,338,26,42,3,0,20,21,6,0,0,0,9,6,9,0,3,11,45,32,6,103,25,20,6,13,0,0,11,8,0,80,65,83,62,194,12,215,2777
37,chiba_city,235,120,73,150,25,40,148,47,21,9,30,54,75,65,27,52,23,49,4,0,14,17,0,0,49,17,140,56,63,95,6,15,26,13,2,7,2,2236,731,400,110,818,424,427,245,214,494,51,50,34,10,29,21,61,35,6,79,156,45,15,14,0,7,14,0,0,244,77,51,98,382,14,1008,10367
38,ichikawa_urayasu_narashino_funabashi,503,553,308,1079,184,165,856,244,115,15,64,109,106,76,68,158,33,96,41,41,93,51,21,0,116,834,293,213,367,491,16,50,109,185,65,6,8,765,3050,681,194,870,180,104,34,70,137,82,43,88,65,139,26,69,94,83,181,129,127,74,51,0,10,60,4,0,773,252,249,221,1666,37,1517,19857
39,matsudo_kamagaya_kashiwa_abiko,125,92,92,288,28,73,287,124,34,18,120,35,82,38,37,51,10,12,35,15,59,10,4,51,37,41,185,108,106,344,3,11,24,116,20,23,0,159,291,2104,442,352,48,37,7,61,103,189,53,63,147,197,13,13,115,11,70,117,62,63,20,0,4,42,0,0,673,177,258,173,1416,20,1114,11351
40,nagareyama_noda,17,50,26,125,47,35,129,106,28,3,3,19,17,31,34,19,0,23,26,3,36,7,16,7,26,31,88,39,49,342,0,16,21,58,27,4,3,109,133,325,469,86,19,46,3,34,35,63,32,16,214,87,3,51,82,49,56,64,47,26,3,0,22,11,3,0,296,82,54,59,394,0,383,4868
41,yachiyo_sakura_narita_shiroi_etc,179,154,136,264,109,163,237,174,96,5,72,70,107,116,75,87,36,109,12,18,34,17,24,3,51,86,137,85,227,177,5,28,55,84,38,8,7,820,579,350,97,1856,113,128,80,279,314,73,76,41,22,62,36,141,55,18,45,34,89,23,43,0,11,44,3,0,370,146,90,156,1308,10,1051,11846
42,ichihara_city,53,77,14,63,15,15,22,20,16,9,17,17,9,8,10,56,1,88,5,1,20,23,6,1,7,51,21,36,36,58,9,9,17,57,42,4,1,167,113,28,18,85,741,266,136,58,125,44,54,6,46,24,4,62,40,6,72,36,27,13,15,0,10,32,0,0,212,136,79,139,868,80,451,5108
43,kisarazu_sodegaura_kimitsu_futtsu,162,244,68,54,75,5,32,10,23,11,87,28,6,68,75,16,3,5,9,0,9,2,2,8,15,19,11,11,18,16,1,7,8,37,5,0,0,114,120,8,10,117,111,1926,201,41,87,3,4,15,7,8,0,35,3,2,16,8,19,0,9,0,0,8,0,0,108,29,23,38,282,16,242,4758
44,katsuura_otaki_tateyama_kamogawa_etc,43,74,48,45,31,58,59,99,43,4,8,32,30,34,18,14,18,22,19,4,18,15,14,0,20,36,50,37,50,40,0,4,9,24,14,4,0,66,75,42,14,26,52,102,695,21,22,9,4,15,4,26,4,9,27,4,44,24,36,15,9,0,4,8,0,0,163,118,86,42,686,0,189,3675
45,choshi_asahi_sosa_katori_etc,62,136,16,41,24,17,47,11,14,3,14,0,3,8,18,11,13,9,4,0,7,3,3,0,37,89,30,16,31,25,8,14,5,34,11,0,0,109,63,47,38,147,20,14,4,1426,155,7,9,0,7,22,10,300,22,6,45,25,21,8,12,0,9,12,5,0,179,47,276,77,350,65,289,4585
46,togane_mobara_sanmu_oamishirasato_etc,114,81,100,139,65,118,143,91,44,13,29,18,4,15,20,52,31,15,5,6,20,17,13,4,16,20,40,50,109,89,4,33,14,60,10,3,4,223,231,72,33,511,129,129,264,167,833,27,28,5,5,27,5,76,44,32,50,46,16,22,6,0,3,40,2,0,199,106,96,93,559,45,794,6528
47,tsuchiura_ishioka_omitama_kasumigaura_etc,96,108,57,126,90,103,87,75,31,14,16,35,21,47,76,45,25,36,5,3,22,17,3,115,61,41,88,90,134,166,9,18,36,91,28,5,0,64,63,239,168,170,22,25,0,28,69,1635,223,591,207,667,102,231,795,78,85,33,156,63,24,0,43,33,7,0,478,148,114,110,950,27,971,10639
48,koga_shimotsuma_yachiyo_goka_etc,75,72,53,86,37,25,62,62,47,12,30,8,18,20,17,36,18,48,4,0,9,17,13,6,19,66,84,56,74,138,5,24,44,246,16,0,0,61,56,65,60,76,9,6,0,15,10,111,948,53,171,79,11,17,94,148,60,69,155,205,36,0,13,18,0,0,352,109,64,162,500,34,578,5886
49,tsukuba_city,33,31,15,19,9,0,16,14,14,0,3,10,7,8,16,13,0,9,4,0,0,0,6,3,17,2,9,12,12,35,1,0,0,18,3,3,0,11,12,31,10,21,11,9,0,3,4,350,126,766,107,183,48,16,91,115,8,4,30,11,22,0,0,28,3,0,83,20,16,16,189,16,404,3103
50,joso_bando,67,64,24,38,39,47,116,44,33,15,7,44,18,16,34,35,15,25,6,0,17,14,3,0,29,16,75,65,89,139,24,18,43,82,27,9,3,58,71,83,68,76,9,13,13,24,13,110,199,62,285,183,27,28,96,37,45,36,42,57,18,0,5,12,6,0,370,101,81,62,439,31,464,4564
51,ryugasaki_toride_ushiku_moriya_etc,43,31,14,33,7,25,171,13,6,0,10,0,9,13,5,32,0,13,3,0,9,9,0,3,20,44,53,30,36,92,3,22,30,54,38,7,0,22,36,106,27,101,8,0,3,12,6,166,28,297,72,1463,157,12,49,35,24,12,34,22,12,0,0,6,3,0,143,37,29,48,343,96,298,4584
52,inashiki_miho_kawachi,31,40,51,0,0,5,9,30,13,0,0,0,11,16,14,9,3,26,11,0,0,18,0,0,4,6,23,23,17,8,0,0,7,7,5,0,3,34,28,52,3,97,25,6,0,21,10,115,18,51,3,130,323,16,29,2,3,9,6,3,3,0,9,4,0,0,21,11,8,6,107,3,88,1636
53,kashima_kamisu_namegata_itako,59,40,122,75,19,21,49,39,7,7,36,52,16,1381,43,23,29,8,21,0,12,20,3,12,27,15,67,23,74,101,2,22,24,102,20,26,3,43,109,47,23,66,29,26,12,146,16,124,43,12,42,32,48,1806,232,28,129,250,71,38,34,0,13,41,9,0,503,203,105,119,715,90,3062,10861
54,mito_hitachi_kasama_hitachinaka_etc,338,118,61,120,16,61,150,88,24,13,15,5,19,13,33,27,3,28,8,3,16,11,16,2,38,23,78,63,78,62,4,11,8,28,22,4,4,66,35,41,6,145,19,14,16,37,44,667,174,162,46,186,55,375,5463,193,41,51,155,84,15,0,729,140,10,0,759,154,97,128,710,108,989,13520
55,yuki_chikusei_sakuragawa,22,33,24,30,18,30,29,17,28,13,14,11,15,28,51,11,0,19,11,0,25,6,3,0,22,28,36,22,32,53,0,16,12,47,13,3,0,24,42,29,29,31,1,11,0,3,3,64,183,62,47,55,13,32,146,731,32,32,146,169,44,3,11,53,3,0,205,50,139,57,341,22,676,4211
56,maebashi_takasaki_isesaki_shibukawa_etc,135,91,61,106,20,132,108,156,72,41,19,33,35,49,39,63,3,55,49,6,43,100,25,3,78,63,153,148,461,191,23,78,142,247,437,326,43,29,104,69,53,72,26,24,11,31,66,59,54,26,35,27,0,30,145,36,9168,1862,185,177,146,0,14,78,765,94,953,528,593,279,1931,107,1999,23611
57,kiryu_ota_tatebayashi_midori_etc,53,87,55,71,19,31,64,63,26,69,27,16,7,9,20,272,4,53,14,0,6,15,0,10,16,42,191,68,451,109,12,69,128,318,283,68,33,23,55,47,44,24,25,13,0,6,13,23,91,12,18,104,2,22,25,101,1052,5023,210,203,540,0,9,219,142,7,435,172,218,81,1108,24,1020,13887
58,utsunomiya_kanuma_moka_kaminokawa_etc,157,125,105,233,33,133,145,87,91,4,27,22,26,61,66,60,39,76,26,0,44,35,9,8,146,110,113,97,263,180,31,68,35,133,102,45,30,63,97,106,40,77,8,19,21,42,42,118,90,43,95,112,26,188,261,313,291,217,4897,1435,327,0,51,2157,71,5,841,253,171,212,1026,12,1725,18417
59,tochigi_oyama_shimotsuke_nogi_etc,72,90,39,127,4,45,64,66,41,5,7,50,24,42,51,67,43,70,21,12,116,23,16,0,33,31,121,37,91,100,10,19,53,179,67,5,0,79,143,19,39,68,14,19,9,6,27,65,348,44,111,39,3,10,98,301,157,163,848,2039,134,0,27,179,5,0,651,185,200,172,1013,87,2361,11502
60,ashikaga_sano,38,18,7,45,15,11,49,19,10,13,7,1,19,4,12,52,16,26,3,0,6,0,32,4,13,40,109,93,40,383,13,11,37,90,57,18,4,35,60,4,10,27,3,103,10,33,3,42,45,4,5,7,4,4,26,16,309,1017,149,322,1029,0,7,43,0,0,307,76,91,99,334,12,2579,8129
61,tokyo_islands,0,0,0,0,0,0,0,0,0,0,0,0,0,0,0,0,0,0,0,0,0,0,0,0,0,0,0,0,0,0,0,0,0,0,0,0,0,0,0,0,0,0,0,0,0,0,0,0,0,0,0,0,0,0,0,0,0,0,0,0,0,0,0,0,0,0,0,0,0,0,0,0,0,0
62,ibaraki_north,0,0,0,0,0,0,0,0,8,0,0,4,3,0,0,5,0,10,0,0,6,0,0,0,4,19,4,3,13,24,3,0,4,8,4,3,9,0,4,13,3,8,0,6,4,3,0,15,1,1,3,0,0,20,175,3,12,13,19,10,0,0,0,0,0,0,0,0,0,0,0,0,0,448
63,tochigi_north,0,3,5,3,39,4,4,15,17,3,2,3,9,0,0,27,4,16,3,0,8,0,0,0,17,5,9,9,9,30,0,22,0,13,34,0,6,0,8,4,0,3,4,4,0,5,2,1,9,39,3,19,4,29,15,14,48,44,363,72,23,0,0,0,0,0,0,0,0,0,0,0,0,1031
64,gunma_north,0,0,0,0,0,0,0,12,0,0,0,6,3,0,0,0,0,0,0,0,0,0,0,0,0,0,0,0,2,6,0,3,0,0,21,0,0,0,0,0,0,0,0,0,0,0,2,0,0,0,0,10,0,0,0,0,78,26,0,0,40,0,0,0,0,0,0,0,0,0,0,0,0,209
65,gunma_other_ueno_kanna_nanmoku,0,0,0,0,0,0,0,0,0,0,0,0,0,0,0,0,0,0,0,0,0,0,0,0,0,0,0,0,0,0,0,0,0,0,0,0,0,0,0,0,0,0,0,0,0,0,0,0,0,0,0,0,0,0,0,0,3,0,0,0,0,0,0,0,0,0,0,0,0,0,0,0,0,3
66,hokkaido_tohoku,344,633,67,312,132,1596,201,274,204,90,60,815,78,135,139,131,59,83,13,4,242,47,26,66,243,187,199,169,304,244,68,102,123,291,257,23,108,121,334,127,45,226,48,57,46,64,176,95,99,108,143,25,40,59,276,99,390,207,233,162,112,0,0,0,0,0,0,0,0,0,0,0,0,11358
67,hokuriku,353,97,56,229,10,119,93,125,79,64,63,104,22,45,44,31,30,94,10,10,63,60,30,17,100,79,86,84,161,143,20,45,89,188,93,59,9,59,64,39,20,112,20,48,21,28,65,24,57,16,32,12,25,47,119,27,334,125,93,86,61,0,0,0,0,0,0,0,0,0,0,0,0,4535
68,yamanashi_nagano,62,148,32,69,6,68,60,209,152,47,20,65,90,48,111,46,30,163,0,3,42,48,39,38,55,106,127,63,160,40,28,73,40,77,81,21,69,48,36,21,26,82,6,14,34,19,42,28,21,22,19,23,0,3,43,23,228,112,33,112,19,0,0,0,0,0,0,0,0,0,0,0,0,3553
69,shizuoka,25,165,48,66,27,157,108,121,100,45,272,253,52,70,213,256,16,62,0,8,174,72,106,70,239,158,91,183,153,209,41,47,65,73,73,25,30,66,104,84,103,76,12,24,5,42,207,33,38,18,35,20,6,25,52,42,220,142,95,120,50,0,0,0,0,0,0,0,0,0,0,0,0,5493
70,chubu_west,1317,2061,399,951,187,870,728,695,594,279,290,1367,210,364,388,629,181,487,29,23,486,367,201,145,887,595,626,463,933,1066,58,279,549,769,387,100,62,250,806,307,323,606,279,529,61,138,255,536,285,235,227,162,83,304,473,120,1230,631,557,492,407,0,0,0,0,0,0,0,0,0,0,0,0,29321
71,overseas,231,649,11,300,75,65,75,45,78,51,191,161,17,32,455,39,25,111,15,25,91,19,12,40,81,35,92,136,187,144,19,26,64,178,132,31,98,35,370,108,24,84,39,172,0,18,57,22,75,14,16,25,21,83,69,12,190,109,41,122,63,0,0,0,0,0,0,0,0,0,0,0,0,5804
999,unknown,0,0,0,0,0,0,0,0,10,0,0,0,0,0,0,2,0,16,0,0,0,0,0,0,0,0,0,0,0,0,0,0,0,19,0,0,0,0,0,0,0,0,0,0,0,0,0,0,0,0,0,0,0,0,0,4,0,0,0,0,0,0,0,0,0,0,0,0,0,0,0,0,0,51
○agricultural_marine_products_temperature_controlled,,,,,,,,,,,,,,,,,,,,,,,,,,,,,,,,,,,,,,,,,,,,,,,,,,,,,,,,,,,,,,,,,,,,,,,,,,,(unit: vehicles/day)
large_zone,region,tokyo_chiyoda_chuo_minato,tokyo_meguro_shinagawa_ota,tokyo_toshima_bunkyo_shinjuku_shibuya,tokyo_arakawa_taito_sumida_koto,tokyo_nakano_suginami_setagaya,tokyo_nerima_itabashi_kita,tokyo_adachi_katsushika_edogawa,chofu_nishitokyo_fuchu_musashino_etc,machida_tama_hachioji_inagi_etc,mizuho_fussa_hamura_akiruno_etc,yokohama_nishi_naka,yokohama_isogo_minami_kanazawa_konan,yokohama_hodogaya_totsuka_sakae_izumi_etc,yokohama_kohoku_tsuzuki_midori_aoba,yokohama_tsurumi_kanagawa,kawasaki_kawasaki_saiwai_nakahara,kawasaki_takatsu_miyamae_tama_asao,sagamihara_city,yokosuka_miura,kamakura_zushi_hayama,fujisawa_chigasaki_samukawa,hiratsuka_oiso_ninomiya,odawara_manazuru_yugawara_hakone,minami_ashigara_nakai_oi_matsuda_etc,atsugi_hadano_kiyokawa_isehara_etc,zama_yamato_ebina_ayase,saitama_city,kawaguchi_warabi_toda,asaka_wako_niiza_tokorozawa_etc,soka_kasukabe_misato_koshigaya_etc,hanno_hidaka_moroyama_ogose_etc,tsurugashima_sakado_kawajima_higashimatsuyama_etc,ageo_konosu_okegawa_kitamoto_etc,kuki_kazo_hanyu_gyoda_etc,kumagaya_fukaya_ogawa_yorii_etc,honjo_kamikawa_kamisato,chichibu_yokoze_minano_nagatoro_etc,chiba_city,ichikawa_urayasu_narashino_funabashi,matsudo_kamagaya_kashiwa_abiko,nagareyama_noda,yachiyo_sakura_narita_shiroi_etc,ichihara_city,kisarazu_sodegaura_kimitsu_futtsu,katsuura_otaki_tateyama_kamogawa_etc,choshi_asahi_sosa_katori_etc,togane_mobara_sanmu_oamishirasato_etc,tsuchiura_ishioka_omitama_kasumigaura_etc,koga_shimotsuma_yachiyo_goka_etc,tsukuba_city,joso_bando,ryugasaki_toride_ushiku_moriya_etc,inashiki_miho_kawachi,kashima_kamisu_namegata_itako,mito_hitachi_kasama_hitachinaka_etc,yuki_chikusei_sakuragawa,maebashi_takasaki_isesaki_shibukawa_etc,kiryu_ota_tatebayashi_midori_etc,utsunomiya_kanuma_moka_kaminokawa_etc,tochigi_oyama_shimotsuke_nogi_etc,ashikaga_sano,tokyo_islands,ibaraki_north,tochigi_north,gunma_north,gunma_other_ueno_kanna_nanmoku,hokkaido_tohoku,hokuriku,yamanashi_nagano,shizuoka,chubu_west,overseas,unknown,all_regions
0,tokyo_chiyoda_chuo_minato,33,57,13,22,12,17,28,0,0,0,6,18,3,21,3,9,3,0,0,0,0,0,0,0,0,0,0,0,0,0,0,0,0,0,0,0,0,0,0,0,0,0,0,0,0,0,0,0,0,0,0,0,0,0,0,0,0,0,0,0,0,0,0,0,0,0,0,0,0,0,0,0,0,244
1,tokyo_meguro_shinagawa_ota,157,212,16,59,54,5,23,27,56,0,5,10,20,22,21,79,36,5,5,0,5,5,0,0,45,7,13,5,10,20,2,0,26,3,2,4,0,28,27,11,2,75,2,5,0,0,2,38,2,0,0,0,0,18,0,0,12,0,4,4,2,0,0,2,0,0,58,10,8,8,69,0,724,2075
2,tokyo_toshima_bunkyo_shinjuku_shibuya,36,0,140,0,104,248,36,0,0,0,0,0,0,0,0,0,0,0,0,0,0,0,0,0,0,0,36,36,71,0,0,0,36,0,0,0,0,0,0,0,0,0,0,0,0,0,0,36,0,0,0,0,0,0,0,36,0,36,0,0,71,0,0,0,36,0,284,0,71,36,71,0,83,1498
3,tokyo_arakawa_taito_sumida_koto,216,30,197,233,50,100,91,106,38,8,11,19,27,23,0,0,0,11,8,4,19,6,4,0,15,34,61,66,87,62,15,15,19,34,15,8,4,23,49,38,27,42,11,4,0,11,8,15,8,11,0,27,0,8,31,8,23,8,8,0,8,0,4,0,0,0,10,0,0,12,27,0,85,2143
4,tokyo_nakano_suginami_setagaya,74,66,98,13,232,17,22,104,46,0,42,0,2,151,0,2,17,9,11,0,0,0,0,0,0,0,9,2,11,9,0,0,0,0,6,0,0,0,0,9,0,2,0,0,0,0,0,0,0,0,0,0,0,0,0,0,0,0,0,0,0,0,0,0,0,0,0,0,0,0,0,0,0,955
5,tokyo_nerima_itabashi_kita,177,6,213,39,39,235,16,71,35,0,0,2,0,0,0,0,0,0,0,0,0,0,0,0,0,0,3,8,13,2,2,0,0,0,2,2,0,2,12,3,0,0,0,0,0,0,0,2,2,2,0,0,0,0,0,2,3,0,3,0,2,0,0,2,0,0,0,0,0,2,4,0,6,907
6,tokyo_adachi_katsushika_edogawa,8,3,6,33,0,79,127,41,0,0,0,3,0,0,0,0,0,0,0,0,0,0,0,0,0,0,7,4,37,82,0,0,0,2,0,0,0,8,20,8,0,0,1,0,1,4,7,0,0,0,0,0,0,1,0,0,0,0,1,0,0,0,0,0,0,0,14,0,3,0,10,0,0,512
7,chofu_nishitokyo_fuchu_musashino_etc,33,25,36,25,4,50,23,221,142,39,0,6,0,0,9,13,0,25,0,0,5,0,5,0,23,15,13,104,136,31,23,9,4,10,15,0,0,4,25,28,10,0,5,0,0,14,10,4,0,0,0,0,0,0,0,0,9,0,0,0,0,0,0,0,0,0,4,4,4,4,17,0,391,1578
8,machida_tama_hachioji_inagi_etc,0,9,0,4,13,0,0,13,42,0,9,13,13,28,9,13,18,9,4,4,9,4,4,13,9,22,0,0,0,5,3,0,0,0,0,0,0,0,0,0,0,0,0,0,0,0,0,0,0,0,0,0,0,0,0,0,0,0,0,0,0,0,0,0,0,0,0,5,0,14,0,0,4,295
9,mizuho_fussa_hamura_akiruno_etc,0,0,0,0,0,0,0,0,0,0,0,0,0,0,0,0,0,0,0,0,0,0,0,0,0,0,0,0,0,0,0,0,0,0,0,0,0,0,0,0,0,0,0,0,0,0,0,0,0,0,0,0,0,0,0,0,0,0,0,0,0,0,0,0,0,0,0,0,0,0,0,0,0,0
10,yokohama_nishi_naka,0,2,0,0,0,0,0,2,0,0,7,18,21,75,9,10,14,0,0,0,0,0,0,0,0,2,0,0,0,0,0,0,0,2,0,0,0,4,0,2,0,0,0,0,0,2,0,0,0,0,2,0,0,2,0,0,10,2,2,0,0,0,0,4,0,0,0,0,0,2,6,0,36,233
11,yokohama_isogo_minami_kanazawa_konan,0,3,0,0,0,0,0,0,0,0,22,53,28,0,18,15,0,0,3,15,0,0,0,0,9,0,0,3,9,0,0,0,0,0,6,0,0,0,18,0,0,0,0,0,0,0,0,0,0,0,0,0,0,0,0,0,3,0,0,0,0,0,0,0,0,0,6,3,0,2,8,0,384,610
12,yokohama_hodogaya_totsuka_sakae_izumi_etc,0,0,0,0,0,0,0,0,0,0,0,0,3,0,0,0,0,0,0,0,0,0,0,0,0,0,0,0,0,0,0,0,0,0,0,0,0,0,0,0,0,0,0,0,0,0,0,0,0,0,0,0,0,0,0,0,0,0,0,0,0,0,0,0,0,0,0,0,0,0,0,0,0,3
13,yokohama_kohoku_tsuzuki_midori_aoba,0,0,0,0,0,0,0,0,0,0,0,0,0,0,0,0,0,0,0,0,0,0,0,0,0,0,0,0,0,0,0,0,0,0,0,0,0,0,0,0,0,0,0,0,0,0,0,0,0,0,0,0,0,0,0,0,0,0,0,0,0,0,0,0,0,0,0,0,0,0,0,0,0,0
14,yokohama_tsurumi_kanagawa,3,11,0,2,0,0,3,23,6,0,106,9,2,34,5,17,0,0,0,0,6,0,0,0,13,5,7,7,5,9,3,3,3,4,2,3,0,3,4,0,15,2,0,0,0,0,0,2,7,0,0,2,0,8,0,0,7,31,4,0,11,0,0,0,0,0,24,4,9,7,62,0,61,558
15,kawasaki_kawasaki_saiwai_nakahara,0,99,32,65,50,40,12,14,3,0,25,77,12,87,19,80,17,7,0,0,0,0,0,0,3,0,0,0,27,28,0,0,24,0,0,0,0,4,4,27,0,0,0,0,0,0,0,0,0,0,0,0,0,0,0,0,28,0,0,0,0,0,0,0,0,0,72,24,3,3,0,0,154,1041
16,kawasaki_takatsu_miyamae_tama_asao,4,0,4,0,4,0,0,0,4,0,0,4,4,8,4,4,4,0,0,0,0,0,0,4,0,4,0,0,0,0,0,0,0,0,0,0,0,0,0,0,0,0,0,0,0,0,0,0,0,0,0,0,0,0,0,0,0,0,0,0,0,0,0,0,0,0,0,0,0,21,0,0,104,177
17,sagamihara_city,0,4,0,0,0,0,0,3,118,0,0,0,7,27,5,10,6,77,0,0,9,6,0,0,11,28,0,0,0,0,0,0,0,0,0,0,0,0,0,0,0,0,0,0,0,0,0,0,0,0,0,0,0,0,0,0,0,0,0,0,0,0,0,0,0,0,0,0,0,0,0,0,0,311
18,yokosuka_miura,13,7,0,0,0,0,0,0,0,0,0,16,4,4,2,4,0,0,16,16,7,0,0,0,0,0,0,4,0,0,0,0,0,0,0,0,0,2,0,2,0,0,0,0,0,0,0,0,0,0,0,0,0,0,0,0,0,0,0,0,0,0,0,0,0,0,2,2,0,2,14,0,7,122
19,kamakura_zushi_hayama,0,0,0,0,0,0,0,0,0,0,0,0,0,0,0,0,0,0,0,0,0,0,0,0,0,0,0,0,0,0,0,0,0,0,0,0,0,0,0,0,0,0,0,0,0,0,0,0,0,0,0,0,0,0,0,0,0,0,0,0,0,0,0,0,0,0,0,0,0,0,0,0,0,0
20,fujisawa_chigasaki_samukawa,13,0,0,4,0,0,0,0,0,0,0,0,19,0,0,4,0,0,0,0,48,0,19,0,13,10,0,0,0,0,0,0,0,4,0,0,0,0,4,0,0,0,0,0,0,0,0,0,0,0,0,0,0,0,0,0,0,0,0,0,0,0,0,0,0,0,0,0,0,4,7,0,0,147
21,hiratsuka_oiso_ninomiya,0,0,0,0,0,0,0,0,0,0,0,0,0,0,0,0,0,0,0,0,0,3,0,0,0,0,0,0,0,0,0,0,0,0,0,0,0,0,0,0,0,0,0,0,0,0,0,0,0,0,0,0,0,0,0,0,0,0,0,0,0,0,0,0,0,0,0,0,0,0,0,0,0,3
22,odawara_manazuru_yugawara_hakone,0,4,0,0,0,0,0,0,0,0,0,0,0,0,4,4,0,0,4,4,0,0,4,0,0,0,0,0,0,0,0,0,0,0,0,0,0,0,0,0,0,0,0,0,0,0,0,0,0,0,0,0,0,0,0,0,0,0,0,0,0,0,0,0,0,0,4,0,24,19,8,0,104,180
23,minami_ashigara_nakai_oi_matsuda_etc,0,0,0,0,0,0,0,0,4,0,0,0,0,0,0,0,0,0,0,0,10,17,17,14,20,0,0,0,0,0,0,0,0,0,0,0,0,0,0,0,0,0,0,0,0,0,0,0,0,0,0,0,0,0,0,0,0,0,0,0,0,0,0,0,0,0,0,0,4,0,0,0,10,94
24,atsugi_hadano_kiyokawa_isehara_etc,4,1,0,0,2,1,0,11,9,0,3,40,31,25,9,5,1,30,13,7,69,58,51,15,97,34,0,0,3,0,0,0,0,10,0,0,0,0,0,0,0,0,0,0,0,0,0,0,0,0,0,0,0,0,0,0,0,0,0,0,0,0,0,0,0,0,0,0,1,13,9,0,15,568
25,zama_yamato_ebina_ayase,3,6,0,7,0,3,13,23,6,0,0,0,0,0,0,4,0,3,6,3,6,3,7,3,9,39,7,3,6,0,0,0,0,3,0,0,0,3,6,0,3,0,0,0,0,0,0,0,0,0,0,3,0,0,0,0,0,0,0,0,0,0,0,0,0,0,3,0,7,6,10,0,48,252
26,saitama_city,0,0,7,7,0,49,0,20,0,7,0,0,7,0,7,13,0,0,0,0,0,0,0,0,0,0,685,165,502,329,13,162,34,753,18,0,0,0,18,0,7,0,0,0,0,0,0,0,0,0,0,0,0,0,0,0,4,7,27,0,0,0,0,7,0,0,0,0,0,0,0,0,149,2994
27,kawaguchi_warabi_toda,0,18,0,12,0,0,4,0,0,0,0,0,0,0,0,0,0,0,0,0,0,0,0,0,0,12,18,18,0,18,0,0,0,0,0,0,0,0,0,0,0,0,0,0,0,0,0,0,0,0,0,0,0,0,0,0,0,0,0,0,0,0,0,0,0,0,0,0,0,0,0,0,0,102
28,asaka_wako_niiza_tokorozawa_etc,5,0,11,0,11,22,0,6,0,11,0,6,0,0,0,0,0,5,0,0,0,0,0,0,0,0,37,0,67,5,11,0,0,5,5,0,0,6,0,0,0,0,0,0,0,0,0,0,0,0,0,0,0,5,0,0,19,5,11,0,0,0,0,0,0,0,0,4,9,20,22,0,388,696
29,soka_kasukabe_misato_koshigaya_etc,11,22,55,32,0,9,49,15,0,0,6,6,0,19,27,33,0,0,6,0,0,0,0,0,0,6,75,23,6,134,0,9,0,20,0,6,0,6,51,45,0,26,5,9,0,0,0,21,9,10,0,0,0,0,25,0,0,0,16,0,0,0,0,0,0,0,10,6,6,0,6,0,2,819
30,hanno_hidaka_moroyama_ogose_etc,0,0,0,0,0,0,0,0,0,0,0,0,0,0,3,0,0,0,0,0,0,0,0,0,0,0,0,0,4,0,27,8,0,8,15,8,0,0,0,0,0,0,3,0,0,0,0,0,0,0,0,0,0,0,0,0,12,0,0,0,0,0,0,0,0,0,0,0,4,3,0,0,8,102
31,tsurugashima_sakado_kawajima_higashimatsuyama_etc,0,3,0,0,0,0,0,10,3,0,0,3,0,7,0,14,0,0,0,0,0,0,0,3,10,0,3,69,30,14,8,26,16,26,8,4,0,3,10,11,0,7,0,0,0,0,0,12,0,0,0,0,0,0,0,0,3,0,0,0,0,0,0,0,0,0,0,0,0,0,0,0,32,340
32,ageo_konosu_okegawa_kitamoto_etc,0,0,0,0,0,0,0,0,0,0,0,0,0,0,0,0,0,0,0,0,0,0,0,0,0,0,8,0,8,0,0,8,26,0,0,0,0,0,0,0,0,0,0,0,0,0,0,0,0,0,0,0,0,0,0,0,3,0,3,0,0,0,0,3,7,0,17,3,0,0,3,0,0,91
33,kuki_kazo_hanyu_gyoda_etc,0,0,0,0,0,0,0,0,0,0,0,0,0,0,0,0,0,0,0,0,0,0,0,0,0,0,0,0,0,0,0,0,3,36,0,0,0,0,0,0,0,0,0,0,0,0,0,0,0,0,0,0,0,0,0,0,0,0,0,0,0,0,0,0,0,0,105,70,35,0,108,0,1049,1405
34,kumagaya_fukaya_ogawa_yorii_etc,0,3,8,0,3,0,4,31,3,0,0,0,0,0,0,3,0,0,0,0,0,0,0,0,11,0,12,3,18,0,4,31,8,34,76,33,19,0,0,0,0,0,0,0,0,0,0,0,3,0,0,0,0,4,4,4,21,4,7,0,12,0,0,0,0,0,3,4,3,0,4,0,62,436
35,honjo_kamikawa_kamisato,0,0,0,0,0,0,0,0,0,0,0,0,0,0,0,0,0,0,0,0,0,0,0,0,0,0,0,0,0,0,0,0,0,0,0,0,0,0,0,0,0,0,0,0,0,0,0,0,0,0,0,0,0,0,0,0,0,0,0,0,0,0,0,0,0,0,0,0,0,0,0,0,0,0
36,chichibu_yokoze_minano_nagatoro_etc,0,0,0,0,0,0,0,0,0,0,0,0,0,0,0,0,0,0,0,0,0,0,0,0,0,0,0,0,0,0,0,0,0,0,0,0,0,0,0,0,0,0,0,0,0,0,0,0,0,0,0,0,0,0,0,0,0,0,0,0,0,0,0,0,0,0,0,0,0,0,0,0,0,0
37,chiba_city,0,10,4,10,0,0,14,3,10,0,0,10,10,0,0,10,0,0,0,0,0,0,0,0,10,0,10,10,13,17,0,0,3,0,0,4,0,95,50,17,27,28,30,10,5,3,7,5,0,0,0,2,0,3,3,0,24,0,10,0,0,0,0,0,0,0,2,0,0,0,0,0,0,468
38,ichikawa_urayasu_narashino_funabashi,22,34,33,26,18,43,86,52,18,0,7,31,15,7,15,0,0,11,11,7,7,7,11,0,7,11,21,18,25,24,0,0,15,0,4,0,0,35,29,28,13,56,0,11,0,0,7,0,0,0,0,0,0,0,4,0,11,8,4,0,0,0,0,0,0,0,28,7,19,8,0,0,45,902
39,matsudo_kamagaya_kashiwa_abiko,0,0,0,10,0,0,10,4,0,0,57,0,0,0,4,0,4,0,4,0,0,0,0,0,0,4,11,7,4,7,0,0,0,0,4,0,0,24,4,106,7,7,0,0,0,0,0,7,0,0,110,0,0,0,0,0,7,0,0,4,0,0,0,0,0,0,4,7,4,4,28,0,7,454
40,nagareyama_noda,0,0,0,0,0,0,0,0,0,0,0,0,0,0,0,0,0,0,12,0,12,0,12,0,12,0,0,0,12,7,0,0,0,0,12,0,0,0,12,7,23,3,0,0,0,25,25,12,12,0,28,12,0,28,25,37,0,12,0,0,0,0,0,0,0,0,74,12,0,12,49,0,0,489
41,yachiyo_sakura_narita_shiroi_etc,21,0,10,31,0,10,0,10,10,0,0,0,10,0,0,10,0,0,0,0,0,0,0,0,10,0,0,10,10,0,0,0,10,0,0,0,0,21,10,10,10,31,0,10,0,15,0,0,0,0,10,0,5,0,0,0,0,0,10,0,0,0,0,0,0,0,0,0,0,10,0,0,72,368
42,ichihara_city,0,0,0,0,0,0,0,0,0,0,0,0,0,0,0,0,0,0,0,0,0,0,0,0,0,0,0,0,0,0,0,0,0,0,0,0,0,0,0,0,0,0,3,0,0,0,0,0,0,0,0,0,0,0,1,0,0,0,0,0,0,0,0,0,0,0,0,0,0,1,0,0,1,7
43,kisarazu_sodegaura_kimitsu_futtsu,0,0,0,0,0,0,3,0,0,0,0,0,0,0,0,0,0,0,0,0,3,0,0,0,0,3,0,0,0,0,0,0,0,0,0,0,0,0,4,0,0,4,0,3,0,0,0,0,0,0,0,0,0,0,0,0,0,0,0,0,0,0,0,0,0,0,0,0,0,0,0,0,3,22
44,katsuura_otaki_tateyama_kamogawa_etc,0,5,5,0,0,0,0,0,0,0,0,0,0,0,0,0,0,0,0,0,0,0,0,0,0,0,0,0,0,0,0,0,0,0,0,0,0,0,8,0,0,0,0,0,95,0,0,0,0,0,0,0,0,0,0,0,0,0,0,0,0,0,0,0,0,0,0,0,9,0,4,0,8,133
45,choshi_asahi_sosa_katori_etc,41,19,5,0,15,9,10,0,7,0,5,0,0,0,8,0,5,0,4,0,0,0,0,0,10,0,8,5,0,0,0,0,0,0,0,0,0,28,10,5,0,23,0,0,4,55,7,5,0,0,0,0,0,24,0,0,0,0,4,0,0,0,0,0,0,0,4,16,0,4,26,51,14,425
46,togane_mobara_sanmu_oamishirasato_etc,0,0,5,0,0,0,0,50,0,5,0,0,0,14,5,0,18,0,0,0,0,0,0,0,0,0,3,5,6,6,0,0,0,0,0,0,0,9,3,0,0,68,5,5,9,0,23,0,0,0,0,0,0,0,0,0,0,0,0,0,0,0,0,0,0,0,0,0,0,0,0,0,78,312
47,tsuchiura_ishioka_omitama_kasumigaura_etc,0,11,0,11,0,43,21,0,0,0,0,0,0,0,0,0,0,0,0,0,11,0,0,0,0,0,11,21,11,32,0,0,11,11,0,0,0,11,0,32,0,32,0,0,0,0,0,139,11,21,11,11,11,0,75,0,0,0,25,24,0,0,0,0,0,0,0,0,0,3,0,0,3,599
48,koga_shimotsuma_yachiyo_goka_etc,0,0,0,0,0,0,3,0,0,0,0,0,0,0,11,0,11,9,0,0,0,0,11,0,0,0,9,0,0,0,0,0,0,0,0,0,0,0,9,0,0,0,0,0,0,0,0,6,0,0,0,0,0,0,41,0,0,0,0,0,0,0,0,0,0,0,11,0,0,43,0,0,0,164
49,tsukuba_city,0,0,0,0,0,0,0,0,0,0,0,0,0,0,0,0,0,0,0,0,0,0,0,0,0,0,0,0,0,0,0,0,0,11,3,0,0,3,0,6,0,0,3,0,0,3,0,36,11,31,11,11,0,0,3,14,0,3,0,0,0,0,0,0,0,0,0,0,0,0,0,0,34,184
50,joso_bando,22,34,21,6,9,9,24,9,0,0,3,22,0,0,16,6,9,0,0,0,0,0,0,0,3,0,0,12,6,3,0,0,9,3,0,0,0,15,0,13,0,0,0,0,0,0,0,0,0,6,34,13,0,0,18,0,0,0,2,0,0,0,0,3,0,0,65,9,28,0,37,0,15,487
51,ryugasaki_toride_ushiku_moriya_etc,0,0,0,0,0,0,0,0,0,0,0,0,0,0,0,0,0,0,0,0,0,0,0,0,0,0,0,0,0,0,0,0,0,0,0,0,0,0,0,0,0,0,0,0,0,0,0,0,0,0,0,0,0,0,0,0,0,0,0,0,0,0,0,0,0,0,0,0,0,0,0,0,0,0
52,inashiki_miho_kawachi,11,11,43,0,0,0,0,21,11,0,0,0,11,0,11,0,0,11,11,0,0,0,0,0,0,0,11,11,6,0,0,0,0,0,0,0,0,11,11,43,0,46,21,0,0,0,0,14,0,0,0,11,0,0,3,0,0,0,0,0,0,0,0,0,0,0,0,0,0,0,0,0,21,345
53,kashima_kamisu_namegata_itako,11,11,11,0,0,11,0,21,0,0,0,0,0,0,11,0,11,0,0,0,0,0,0,0,0,0,32,0,0,0,0,0,3,3,0,4,0,0,0,21,0,0,0,0,0,11,0,3,0,0,12,0,0,105,14,0,45,115,0,4,4,0,0,0,0,0,36,4,12,15,36,0,78,644
54,mito_hitachi_kasama_hitachinaka_etc,18,16,0,3,0,3,3,0,0,0,0,0,0,0,4,0,0,0,0,0,0,0,0,0,0,0,6,0,2,0,0,0,0,0,0,0,0,0,4,9,0,11,0,0,0,0,0,40,23,15,9,6,0,14,217,0,13,6,41,15,6,0,45,15,0,0,63,34,14,50,13,0,258,976
55,yuki_chikusei_sakuragawa,9,9,0,0,0,9,9,0,0,0,0,0,0,0,0,9,0,0,0,0,0,0,0,0,0,0,3,9,0,17,0,0,0,0,0,0,0,0,0,0,0,0,0,0,0,0,0,20,17,12,0,3,0,0,25,45,0,0,0,12,0,0,0,0,0,0,0,0,0,0,37,0,36,279
56,maebashi_takasaki_isesaki_shibukawa_etc,4,7,0,0,4,4,4,0,0,0,4,8,0,3,0,8,0,0,0,0,1,0,0,0,1,18,11,9,12,4,0,0,14,17,32,17,0,1,6,3,0,4,0,0,0,0,0,7,3,0,1,0,0,0,4,0,299,106,0,3,15,0,0,4,14,7,10,3,18,4,26,0,82,793
57,kiryu_ota_tatebayashi_midori_etc,0,0,0,0,0,0,0,0,0,0,0,0,0,0,0,0,0,0,0,0,0,0,0,0,0,0,4,0,0,0,0,4,0,5,10,2,0,0,0,0,0,0,0,0,0,0,0,0,0,0,0,0,0,0,0,7,17,12,0,0,2,0,0,0,0,0,0,0,0,0,0,0,7,69
58,utsunomiya_kanuma_moka_kaminokawa_etc,0,3,0,0,0,3,16,0,0,0,0,7,0,0,0,0,0,0,0,0,0,3,0,0,0,0,3,0,0,0,0,3,0,0,5,0,0,3,3,3,0,4,0,0,0,3,0,0,2,0,0,0,0,0,0,30,6,3,1356,68,18,0,0,277,0,0,63,14,6,3,52,0,162,2122
59,tochigi_oyama_shimotsuke_nogi_etc,15,15,0,0,0,0,4,0,0,0,0,0,0,0,0,0,0,0,0,0,0,0,0,0,0,0,15,0,0,0,0,0,0,0,15,0,0,0,0,0,15,0,4,0,0,0,0,21,0,0,15,0,0,0,0,21,0,0,3,51,0,0,0,0,0,0,15,0,0,0,0,0,4,213
60,ashikaga_sano,0,0,0,4,0,0,0,0,0,0,0,0,0,0,0,0,0,0,0,0,0,0,32,0,0,23,0,0,0,0,0,0,0,4,0,0,0,0,0,0,0,0,0,0,0,0,0,0,0,0,0,0,0,0,0,0,0,0,0,0,42,0,0,0,0,0,106,16,19,10,19,0,248,522
61,tokyo_islands,0,0,0,0,0,0,0,0,0,0,0,0,0,0,0,0,0,0,0,0,0,0,0,0,0,0,0,0,0,0,0,0,0,0,0,0,0,0,0,0,0,0,0,0,0,0,0,0,0,0,0,0,0,0,0,0,0,0,0,0,0,0,0,0,0,0,0,0,0,0,0,0,0,0
62,ibaraki_north,0,0,0,0,0,0,0,0,0,0,0,0,0,0,0,0,0,0,0,0,0,0,0,0,0,0,0,0,0,0,0,0,0,0,0,3,0,0,0,0,0,0,0,0,0,0,0,0,0,0,0,0,0,20,2,3,0,0,0,0,0,0,0,0,0,0,0,0,0,0,0,0,0,29
63,tochigi_north,0,3,0,0,36,0,0,4,0,0,0,0,0,0,0,0,0,0,0,0,3,0,0,0,0,0,0,0,0,0,0,0,0,0,0,0,0,0,0,0,0,0,0,0,0,0,0,0,0,18,0,0,0,0,2,0,0,0,0,15,0,0,0,0,0,0,0,0,0,0,0,0,0,80
64,gunma_north,0,0,0,0,0,0,0,11,0,0,0,6,0,0,0,0,0,0,0,0,0,0,0,0,0,0,0,0,1,0,0,3,0,0,0,0,0,0,0,0,0,0,0,0,0,0,0,0,0,0,0,0,0,0,0,0,4,0,0,0,0,0,0,0,0,0,0,0,0,0,0,0,0,24
65,gunma_other_ueno_kanna_nanmoku,0,0,0,0,0,0,0,0,0,0,0,0,0,0,0,0,0,0,0,0,0,0,0,0,0,0,0,0,0,0,0,0,0,0,0,0,0,0,0,0,0,0,0,0,0,0,0,0,0,0,0,0,0,0,0,0,0,0,0,0,0,0,0,0,0,0,0,0,0,0,0,0,0,0
66,hokkaido_tohoku,0,198,0,38,9,0,2,28,28,0,21,39,0,0,5,23,0,11,4,0,18,0,8,13,15,30,10,20,44,10,3,39,3,35,36,0,0,14,4,7,0,31,0,0,4,5,27,6,0,18,70,0,3,0,49,26,34,1,39,0,0,0,0,0,0,0,0,0,0,0,0,0,0,1025
67,hokuriku,0,16,0,3,0,35,0,10,4,0,14,0,0,0,2,0,0,0,0,0,4,0,0,0,0,15,3,0,34,3,0,0,0,14,10,0,0,0,0,0,0,1,0,0,0,12,0,0,0,3,3,0,0,0,0,0,12,0,0,0,0,0,0,0,0,0,0,0,0,0,0,0,0,198
68,yamanashi_nagano,0,34,0,0,0,2,4,71,12,0,0,0,0,0,0,0,0,4,0,0,3,0,11,0,4,3,23,0,2,0,4,40,0,3,0,0,0,2,0,0,0,0,0,0,0,0,3,3,0,0,9,0,0,0,0,3,7,4,0,15,0,0,0,0,0,0,0,0,0,0,0,0,0,266
69,shizuoka,0,38,0,0,0,0,0,0,9,0,0,0,0,0,0,0,0,0,0,0,0,0,4,0,0,0,3,0,24,5,0,0,3,0,11,0,0,0,0,0,0,4,0,0,0,0,9,0,0,0,0,0,0,0,9,0,12,0,0,0,4,0,0,0,0,0,0,0,0,0,0,0,0,135
70,chubu_west,16,110,0,11,71,8,0,32,43,0,30,11,3,0,4,16,0,18,0,0,0,0,4,4,5,25,15,11,56,16,0,4,3,14,8,3,0,5,19,0,0,16,0,11,0,5,24,3,6,0,8,0,0,0,10,5,19,35,13,0,100,0,0,0,0,0,0,0,0,0,0,0,0,822
71,overseas,3,42,0,22,0,0,0,0,0,0,11,0,0,0,30,0,0,0,0,0,0,0,0,0,0,0,3,0,16,5,0,0,0,0,0,3,0,0,3,11,0,10,0,0,0,5,0,0,0,0,0,0,6,0,0,4,26,0,0,20,0,0,0,0,0,0,0,0,0,0,0,0,0,221
999,unknown,0,0,0,0,0,0,0,0,0,0,0,0,0,0,0,0,0,0,0,0,0,0,0,0,0,0,0,0,0,0,0,0,0,0,0,0,0,0,0,0,0,0,0,0,0,0,0,0,0,0,0,0,0,0,0,0,0,0,0,0,0,0,0,0,0,0,0,0,0,0,0,0,0,0
○agricultural_marine_products_ambient,,,,,,,,,,,,,,,,,,,,,,,,,,,,,,,,,,,,,,,,,,,,,,,,,,,,,,,,,,,,,,,,,,,,,,,,,,,(unit: vehicles/day)
large_zone,region,tokyo_chiyoda_chuo_minato,tokyo_meguro_shinagawa_ota,tokyo_toshima_bunkyo_shinjuku_shibuya,tokyo_arakawa_taito_sumida_koto,tokyo_nakano_suginami_setagaya,tokyo_nerima_itabashi_kita,tokyo_adachi_katsushika_edogawa,chofu_nishitokyo_fuchu_musashino_etc,machida_tama_hachioji_inagi_etc,mizuho_fussa_hamura_akiruno_etc,yokohama_nishi_naka,yokohama_isogo_minami_kanazawa_konan,yokohama_hodogaya_totsuka_sakae_izumi_etc,yokohama_kohoku_tsuzuki_midori_aoba,yokohama_tsurumi_kanagawa,kawasaki_kawasaki_saiwai_nakahara,kawasaki_takatsu_miyamae_tama_asao,sagamihara_city,yokosuka_miura,kamakura_zushi_hayama,fujisawa_chigasaki_samukawa,hiratsuka_oiso_ninomiya,odawara_manazuru_yugawara_hakone,minami_ashigara_nakai_oi_matsuda_etc,atsugi_hadano_kiyokawa_isehara_etc,zama_yamato_ebina_ayase,saitama_city,kawaguchi_warabi_toda,asaka_wako_niiza_tokorozawa_etc,soka_kasukabe_misato_koshigaya_etc,hanno_hidaka_moroyama_ogose_etc,tsurugashima_sakado_kawajima_higashimatsuyama_etc,ageo_konosu_okegawa_kitamoto_etc,kuki_kazo_hanyu_gyoda_etc,kumagaya_fukaya_ogawa_yorii_etc,honjo_kamikawa_kamisato,chichibu_yokoze_minano_nagatoro_etc,chiba_city,ichikawa_urayasu_narashino_funabashi,matsudo_kamagaya_kashiwa_abiko,nagareyama_noda,yachiyo_sakura_narita_shiroi_etc,ichihara_city,kisarazu_sodegaura_kimitsu_futtsu,katsuura_otaki_tateyama_kamogawa_etc,choshi_asahi_sosa_katori_etc,togane_mobara_sanmu_oamishirasato_etc,tsuchiura_ishioka_omitama_kasumigaura_etc,koga_shimotsuma_yachiyo_goka_etc,tsukuba_city,joso_bando,ryugasaki_toride_ushiku_moriya_etc,inashiki_miho_kawachi,kashima_kamisu_namegata_itako,mito_hitachi_kasama_hitachinaka_etc,yuki_chikusei_sakuragawa,maebashi_takasaki_isesaki_shibukawa_etc,kiryu_ota_tatebayashi_midori_etc,utsunomiya_kanuma_moka_kaminokawa_etc,tochigi_oyama_shimotsuke_nogi_etc,ashikaga_sano,tokyo_islands,ibaraki_north,tochigi_north,gunma_north,gunma_other_ueno_kanna_nanmoku,hokkaido_tohoku,hokuriku,yamanashi_nagano,shizuoka,chubu_west,overseas,unknown,all_regions
0,tokyo_chiyoda_chuo_minato,688,2,174,7,0,7,4,0,0,0,0,0,0,0,0,0,0,0,0,0,0,0,0,0,0,0,0,0,0,0,0,0,0,0,0,0,0,2,0,0,0,0,0,2,0,0,0,0,0,0,0,0,0,0,0,0,0,0,0,0,0,0,0,0,0,0,0,0,0,0,0,0,0,886
1,tokyo_meguro_shinagawa_ota,13,41,16,0,0,0,3,0,0,0,0,0,0,0,0,0,3,0,0,0,0,0,0,0,0,3,0,0,0,2,0,2,0,0,0,0,0,0,3,0,0,3,0,0,0,0,0,0,0,0,0,0,0,0,0,0,3,0,0,0,0,0,0,0,0,0,2,3,3,8,3,0,0,114
2,tokyo_toshima_bunkyo_shinjuku_shibuya,0,0,0,0,0,0,0,0,0,0,0,0,0,0,0,0,0,0,0,0,0,0,0,0,0,0,0,0,0,0,0,0,0,0,0,0,0,0,0,0,0,0,0,0,0,0,0,0,0,0,0,0,0,0,0,0,0,0,0,0,0,0,0,0,0,0,0,0,0,0,0,0,0,0
3,tokyo_arakawa_taito_sumida_koto,0,0,0,20,0,0,27,0,0,0,0,0,0,0,0,0,0,0,0,0,0,0,0,0,0,0,0,0,0,6,0,0,0,0,0,0,0,0,6,0,0,0,0,0,0,0,0,0,0,0,0,0,0,0,0,0,0,0,0,0,0,0,0,0,0,0,0,0,3,0,0,0,0,62
4,tokyo_nakano_suginami_setagaya,0,0,0,0,0,0,0,0,0,0,0,0,0,0,0,0,0,0,0,0,0,0,0,0,0,0,0,0,0,0,0,0,0,0,0,0,0,0,0,0,0,0,0,0,0,0,0,0,0,0,0,0,0,0,0,0,0,0,0,0,0,0,0,0,0,0,0,0,0,0,0,0,0,0
5,tokyo_nerima_itabashi_kita,0,2,2,2,0,8,0,0,2,0,0,0,0,0,0,0,0,0,0,0,0,0,0,0,0,0,0,10,6,0,0,0,2,0,0,0,0,0,0,0,0,0,0,0,0,0,0,0,0,0,0,0,0,0,0,0,0,0,0,0,0,0,0,0,0,0,0,0,0,0,0,0,0,32
6,tokyo_adachi_katsushika_edogawa,9,0,0,12,0,0,0,0,0,0,0,0,0,0,0,0,0,0,0,0,0,0,0,0,0,0,0,0,0,2,0,0,0,0,0,0,0,3,0,0,0,0,1,0,0,0,0,0,0,0,0,0,0,0,0,0,0,0,0,0,0,0,0,0,0,0,14,44,0,1,4,0,0,91
7,chofu_nishitokyo_fuchu_musashino_etc,0,0,4,0,0,4,0,48,4,0,0,0,0,0,0,0,0,0,0,0,0,0,0,0,0,0,0,0,7,0,0,0,0,0,4,0,0,0,0,0,0,0,0,0,0,0,0,0,0,0,0,0,0,0,0,0,18,0,0,0,0,0,0,0,0,0,0,0,0,0,0,0,19,110
8,machida_tama_hachioji_inagi_etc,0,0,0,0,0,0,0,0,0,0,0,0,0,0,0,0,0,0,0,0,0,0,0,0,0,0,0,0,0,0,0,0,0,0,0,0,0,0,0,0,0,0,0,0,0,0,0,0,0,0,0,0,0,0,0,0,0,0,0,0,0,0,0,0,0,0,0,0,0,0,0,0,0,0
9,mizuho_fussa_hamura_akiruno_etc,0,0,0,0,0,0,0,11,11,4,0,0,0,0,0,0,0,7,0,0,0,0,0,0,0,0,0,0,11,0,0,0,0,0,0,0,0,0,0,0,0,0,0,0,0,0,0,0,0,0,0,0,0,0,0,0,0,0,0,0,0,0,0,0,0,0,0,0,4,0,0,0,7,55
10,yokohama_nishi_naka,0,0,0,0,0,0,0,0,0,0,0,4,0,0,0,7,0,0,0,0,0,0,0,0,0,0,0,0,0,10,0,0,0,5,0,0,0,0,0,0,0,0,2,0,0,0,0,0,4,0,0,0,0,0,0,0,10,0,0,0,2,0,0,0,0,0,0,0,14,0,0,0,29,84
11,yokohama_isogo_minami_kanazawa_konan,0,0,0,0,0,0,0,0,17,0,30,96,116,34,34,17,34,0,15,15,34,0,34,0,32,34,0,0,0,0,0,0,0,0,0,0,0,0,0,0,0,0,0,0,0,0,0,0,0,0,0,0,0,0,0,0,0,0,0,0,0,0,0,0,0,0,0,0,0,17,0,15,0,574
12,yokohama_hodogaya_totsuka_sakae_izumi_etc,0,0,0,0,0,0,0,0,0,0,0,0,0,0,0,0,0,0,0,0,0,0,0,0,0,0,0,0,0,0,0,0,0,0,0,0,0,0,0,0,0,0,0,0,0,0,0,0,0,0,0,0,0,0,0,0,0,0,0,0,0,0,0,0,0,0,0,0,0,0,0,0,0,0
13,yokohama_kohoku_tsuzuki_midori_aoba,0,0,0,0,0,0,0,0,0,0,0,3,0,0,0,0,0,0,0,0,0,0,0,0,0,0,0,0,0,0,0,0,0,0,0,0,0,0,0,0,0,0,0,0,0,0,0,0,0,0,0,0,0,0,0,0,0,0,0,0,0,0,0,0,0,0,0,0,0,0,0,0,0,3
14,yokohama_tsurumi_kanagawa,30,0,0,0,0,0,0,0,0,0,0,0,0,3,14,0,0,0,0,0,0,0,0,0,0,0,0,0,0,0,0,0,0,0,0,0,0,0,0,0,0,0,0,0,15,0,0,0,0,0,0,0,0,0,0,0,0,0,0,0,0,0,0,15,0,0,0,30,15,0,64,0,16,203
15,kawasaki_kawasaki_saiwai_nakahara,0,16,11,12,0,8,8,0,0,0,16,33,16,0,20,32,8,4,8,0,8,0,0,0,4,8,0,0,0,4,0,0,0,0,0,0,0,0,0,4,0,4,0,0,0,0,0,0,0,0,0,0,0,0,0,0,0,0,0,0,0,0,0,0,0,0,0,0,0,0,0,0,4,228
16,kawasaki_takatsu_miyamae_tama_asao,0,0,0,0,0,4,0,8,8,0,4,0,0,16,0,16,24,0,0,0,0,0,4,0,4,4,0,0,0,0,0,0,0,0,0,0,0,0,0,0,0,0,0,0,0,0,0,0,0,0,0,0,0,0,0,0,0,0,0,0,0,0,0,0,0,0,0,0,0,0,4,0,0,96
17,sagamihara_city,0,3,0,0,3,0,0,10,0,7,0,0,25,12,0,0,0,85,0,3,4,0,6,0,25,40,0,0,0,0,0,0,0,0,0,0,0,0,0,0,0,0,0,0,0,0,0,0,0,0,0,0,0,0,0,0,0,0,0,0,0,0,0,0,0,0,0,0,0,0,0,0,6,230
18,yokosuka_miura,0,0,0,0,0,0,0,0,0,0,0,12,0,0,0,0,0,0,35,0,0,0,0,0,0,0,0,0,0,0,0,0,0,0,0,0,0,0,0,0,0,0,0,0,0,0,0,0,0,0,0,0,0,0,0,0,0,0,0,0,0,0,0,0,0,0,0,0,0,0,0,0,0,47
19,kamakura_zushi_hayama,0,0,0,0,0,0,0,0,0,0,0,0,0,0,0,0,0,0,0,3,3,0,0,0,0,0,0,0,0,0,0,0,0,0,0,0,0,0,0,0,0,0,0,0,0,0,0,0,0,0,0,0,0,0,0,0,0,0,0,0,0,0,0,0,0,0,0,0,0,0,0,0,0,7
20,fujisawa_chigasaki_samukawa,0,0,0,0,0,0,0,0,0,0,0,0,0,0,4,0,0,0,0,7,14,0,0,0,0,0,0,0,0,0,0,0,0,0,0,0,0,0,0,0,0,0,0,0,0,0,0,0,0,0,0,0,0,0,0,0,0,0,0,0,0,0,0,0,0,0,0,0,0,0,0,0,0,25
21,hiratsuka_oiso_ninomiya,0,0,0,0,0,0,0,0,0,0,0,0,0,0,0,0,0,0,0,0,0,0,0,0,0,0,0,0,0,0,0,0,0,0,0,0,0,0,0,0,0,0,0,0,0,0,0,0,0,0,0,0,0,0,0,0,0,0,0,0,0,0,0,0,0,0,0,0,0,0,0,0,0,0
22,odawara_manazuru_yugawara_hakone,0,0,0,0,0,0,0,0,0,0,0,0,12,0,12,0,0,12,0,0,12,12,12,0,0,0,0,0,0,0,0,0,0,0,0,0,0,12,0,0,0,0,0,0,0,0,0,0,0,0,0,0,0,0,0,0,0,0,0,0,0,0,0,0,0,0,0,0,0,0,0,0,0,81
23,minami_ashigara_nakai_oi_matsuda_etc,0,0,0,0,0,0,0,0,0,0,0,0,0,0,0,0,0,0,0,4,0,0,7,7,7,0,0,0,0,0,0,0,0,0,0,0,0,0,0,0,0,0,0,0,0,0,0,0,0,0,0,0,0,0,0,0,0,0,0,0,0,0,0,0,0,0,0,0,0,14,0,0,7,46
24,atsugi_hadano_kiyokawa_isehara_etc,0,0,0,0,0,0,0,0,0,0,0,0,0,0,0,0,0,0,0,0,0,73,70,151,328,3,0,0,0,0,0,0,0,0,0,0,0,0,0,0,0,0,0,0,0,0,0,0,0,0,0,0,0,0,0,0,0,0,0,0,0,0,0,0,0,0,0,0,0,0,12,0,0,636
25,zama_yamato_ebina_ayase,0,3,0,0,0,0,0,6,3,0,3,12,9,21,6,52,12,34,3,4,10,0,0,10,27,15,0,0,0,0,0,0,0,0,0,0,0,0,0,0,0,0,0,0,0,0,0,0,0,0,0,0,0,0,0,0,0,0,0,0,0,0,0,0,0,0,15,0,3,9,21,0,6,283
26,saitama_city,0,0,7,0,7,0,0,0,0,0,0,0,0,0,0,0,0,0,0,0,0,0,0,0,0,0,28,0,0,7,0,0,0,0,0,0,0,0,0,0,0,0,0,0,0,0,0,0,0,0,0,0,0,0,0,0,0,0,0,0,0,0,0,0,0,0,7,0,7,0,0,0,54,118
27,kawaguchi_warabi_toda,11,0,45,23,0,43,23,45,0,0,0,0,0,0,0,0,0,0,0,0,0,0,0,0,0,0,11,43,56,0,11,0,0,0,0,0,0,0,0,0,0,0,0,0,0,0,0,0,0,0,0,0,0,0,0,0,0,0,0,0,0,0,0,0,0,0,0,0,0,0,0,0,244,555
28,asaka_wako_niiza_tokorozawa_etc,6,0,6,6,0,23,0,11,0,11,0,0,0,0,0,0,0,0,0,0,0,0,0,0,0,0,6,17,157,0,39,45,0,0,6,0,0,0,0,0,0,0,0,0,0,0,0,0,0,0,0,0,0,0,0,0,0,0,0,0,0,0,0,0,0,0,11,0,4,0,4,0,17,367
29,soka_kasukabe_misato_koshigaya_etc,73,9,18,55,0,27,91,0,0,9,0,0,0,0,0,0,0,0,0,0,0,0,0,0,0,0,27,29,27,212,0,0,0,9,0,0,0,9,18,37,9,0,0,0,0,0,9,0,30,0,0,0,0,0,0,9,0,0,18,0,0,0,0,0,0,0,0,0,0,0,0,0,0,727
30,hanno_hidaka_moroyama_ogose_etc,0,0,0,0,0,0,0,0,0,0,0,0,0,0,0,0,0,0,0,0,0,0,0,0,0,0,0,0,0,0,0,0,0,0,0,0,0,0,0,0,0,0,0,0,0,0,0,0,0,0,0,0,0,0,0,0,0,0,0,0,0,0,0,0,0,0,0,0,0,0,0,0,0,0
31,tsurugashima_sakado_kawajima_higashimatsuyama_etc,3,3,0,0,0,0,0,0,0,0,0,0,0,0,0,0,0,0,0,0,0,0,0,0,0,0,0,0,0,0,0,3,0,0,0,0,0,0,3,0,0,3,0,0,0,0,0,0,0,0,0,0,0,0,0,0,0,0,0,0,0,0,0,0,0,0,0,0,0,0,0,0,0,15
32,ageo_konosu_okegawa_kitamoto_etc,0,0,0,0,0,0,0,0,8,0,0,0,0,8,0,0,0,0,0,0,4,4,0,0,0,0,15,0,15,11,0,4,4,8,0,8,0,0,0,8,0,0,0,0,0,0,0,0,0,0,4,0,0,0,4,4,4,0,4,0,0,0,0,4,0,0,8,4,0,0,3,0,12,146
33,kuki_kazo_hanyu_gyoda_etc,0,16,0,8,0,8,8,0,0,0,0,0,0,0,0,8,0,0,0,0,0,0,0,0,0,0,16,8,8,40,0,0,23,20,0,0,0,0,0,24,16,0,0,0,0,8,4,8,0,0,8,8,0,0,0,0,4,0,8,0,6,0,0,0,0,0,15,0,0,14,34,0,0,320
34,kumagaya_fukaya_ogawa_yorii_etc,4,0,0,0,0,0,0,0,0,0,0,0,0,0,0,0,0,0,0,0,0,0,0,0,4,0,0,12,11,0,0,12,0,4,120,0,8,0,0,0,0,0,0,0,0,0,0,0,0,0,0,0,0,0,0,0,27,0,4,0,0,0,0,0,0,0,12,4,0,0,4,0,0,225
35,honjo_kamikawa_kamisato,0,0,0,0,0,0,0,0,0,0,0,0,0,0,0,0,0,0,0,0,0,0,0,0,0,0,0,0,0,0,0,0,0,0,12,0,0,0,0,0,0,0,0,0,0,0,0,0,0,0,0,0,0,0,0,0,0,0,0,0,0,0,0,0,0,0,0,0,0,0,0,0,0,12
36,chichibu_yokoze_minano_nagatoro_etc,0,0,0,0,0,0,0,0,0,0,0,0,0,0,0,0,0,0,0,0,0,0,0,0,0,0,0,0,0,0,0,0,0,0,0,0,0,0,0,0,0,0,0,0,0,0,0,0,0,0,0,0,0,0,0,0,0,0,0,0,0,0,0,0,0,0,0,0,0,0,0,0,0,0
37,chiba_city,0,0,0,0,0,0,10,0,0,0,0,0,0,0,0,0,0,0,0,0,0,0,0,0,0,0,3,0,0,13,0,0,0,0,0,0,0,72,20,0,0,60,12,0,0,0,0,0,0,0,0,0,0,0,0,0,0,0,0,0,0,0,0,0,0,0,0,0,0,8,0,2,13,215
38,ichikawa_urayasu_narashino_funabashi,0,0,0,0,0,0,4,0,0,0,0,0,0,0,0,0,0,0,0,0,0,0,0,0,0,0,0,0,0,4,0,0,0,0,0,0,0,4,52,7,0,11,4,0,0,4,0,0,0,0,0,7,0,0,0,0,0,0,0,0,0,0,0,0,0,0,0,0,10,0,0,0,0,104
39,matsudo_kamagaya_kashiwa_abiko,0,10,0,0,0,0,0,0,0,0,0,0,0,0,0,0,0,0,0,0,0,0,0,0,0,0,0,10,10,0,0,0,0,0,0,0,0,10,10,21,0,10,0,0,0,0,0,0,0,0,0,0,0,0,0,0,0,0,0,0,0,0,0,0,0,0,0,0,0,0,0,0,0,82
40,nagareyama_noda,0,0,4,0,0,0,0,7,0,0,0,0,0,0,0,0,0,0,0,0,0,0,0,0,7,0,0,0,0,0,0,0,0,0,0,0,0,0,0,0,0,0,0,0,0,0,0,0,0,0,0,0,0,0,0,0,0,0,0,0,0,0,0,0,0,0,0,0,0,0,0,0,0,18
41,yachiyo_sakura_narita_shiroi_etc,0,0,0,0,4,0,4,0,0,0,0,0,0,0,0,0,0,0,0,0,0,0,0,0,0,0,0,4,0,0,0,10,0,0,0,0,0,0,0,0,0,9,0,0,0,0,0,0,21,0,0,0,0,0,0,0,0,0,0,0,10,0,0,0,0,0,0,0,0,0,62,0,0,123
42,ichihara_city,0,3,0,0,0,0,0,3,0,0,0,0,0,0,0,0,0,0,0,0,0,0,0,0,0,0,0,0,0,0,0,0,0,0,1,0,0,3,0,0,0,0,0,0,0,0,0,0,0,0,0,0,0,0,0,0,0,4,0,0,0,0,0,0,0,0,0,0,0,4,0,0,0,17
43,kisarazu_sodegaura_kimitsu_futtsu,17,12,0,32,0,0,0,0,0,0,0,0,0,0,0,0,0,0,0,0,0,0,0,0,0,0,0,0,0,0,0,0,0,0,0,0,0,17,52,0,0,0,0,91,12,0,0,0,0,15,0,0,0,0,0,0,0,0,0,0,0,0,0,0,0,0,0,0,0,0,6,0,0,253
44,katsuura_otaki_tateyama_kamogawa_etc,8,4,0,0,0,0,4,0,0,0,0,0,0,0,0,5,0,0,0,0,5,0,0,0,0,0,0,0,0,0,0,0,0,0,0,0,0,5,4,0,0,0,13,32,104,0,5,0,0,0,0,0,0,0,0,0,0,0,0,0,0,0,0,0,0,0,0,0,0,0,0,0,5,189
45,choshi_asahi_sosa_katori_etc,0,5,0,0,0,0,0,0,0,0,0,0,0,0,0,0,0,0,0,0,0,0,0,0,0,0,0,0,4,0,0,0,0,0,0,0,0,5,0,0,0,4,0,0,0,4,0,0,0,0,0,0,0,0,0,0,0,0,0,0,0,0,0,0,0,0,0,0,9,5,0,0,0,33
46,togane_mobara_sanmu_oamishirasato_etc,5,5,9,0,0,5,5,0,5,0,0,0,0,0,0,0,0,0,0,0,0,5,0,0,0,0,0,0,0,0,0,0,0,0,0,0,0,5,5,5,0,0,0,0,0,0,5,0,0,0,0,0,0,0,0,0,0,0,0,0,0,0,0,0,0,0,5,0,5,0,0,0,7,70
47,tsuchiura_ishioka_omitama_kasumigaura_etc,0,3,0,6,0,0,0,3,0,0,0,0,0,0,0,0,0,0,0,0,0,0,0,0,0,0,3,0,3,0,0,0,0,0,0,0,0,3,0,0,0,7,0,0,0,0,0,0,0,0,3,0,0,0,3,0,0,0,3,0,0,0,0,0,0,0,0,0,0,0,0,0,0,36
48,koga_shimotsuma_yachiyo_goka_etc,0,10,3,0,0,0,0,0,0,0,0,0,0,0,0,0,0,0,0,0,0,0,0,0,0,0,0,0,0,0,0,0,0,0,0,0,0,0,0,0,0,0,0,0,0,0,0,0,3,0,0,0,0,0,0,0,0,0,3,0,0,0,0,0,0,0,3,0,0,0,10,0,7,41
49,tsukuba_city,0,0,0,0,0,0,0,0,0,0,0,0,0,0,0,0,0,0,0,0,0,0,0,0,0,0,0,0,0,0,0,0,0,0,0,0,0,0,0,0,0,0,0,0,0,0,0,3,0,3,0,0,0,0,0,0,0,0,0,0,0,0,0,0,0,0,0,0,0,0,0,0,0,7
50,joso_bando,0,0,0,0,0,0,0,0,0,0,0,0,0,0,0,0,0,0,0,0,0,0,0,0,0,0,0,0,0,0,0,0,0,0,0,0,0,3,0,0,0,0,0,0,0,0,0,10,26,7,3,45,3,3,9,0,0,0,3,0,0,0,0,3,0,0,3,3,3,0,18,0,21,162
51,ryugasaki_toride_ushiku_moriya_etc,0,0,0,0,0,0,0,0,0,0,0,0,0,0,0,0,0,0,0,0,0,0,0,0,0,0,0,0,0,0,0,0,0,0,0,0,0,0,0,0,0,0,0,0,0,0,0,0,0,0,0,0,0,0,0,0,0,0,0,0,0,0,0,0,0,0,0,0,0,0,0,0,0,0
52,inashiki_miho_kawachi,0,3,0,0,0,0,0,0,0,0,0,0,0,0,0,3,0,0,0,0,0,0,0,0,0,0,0,0,0,0,0,0,0,0,0,0,0,0,0,0,0,0,0,0,0,0,0,3,0,0,0,3,63,0,0,0,0,0,0,0,0,0,0,0,0,0,0,0,0,0,0,0,3,79
53,kashima_kamisu_namegata_itako,3,0,0,0,0,0,0,0,0,0,0,0,0,0,0,0,0,0,0,0,0,0,0,0,0,0,0,0,0,0,0,0,0,0,0,0,0,0,0,0,0,0,0,0,0,24,0,0,0,0,0,0,0,129,0,0,31,0,0,0,0,0,0,24,0,0,3,0,0,0,0,0,28,243
54,mito_hitachi_kasama_hitachinaka_etc,3,0,0,0,0,0,0,0,0,0,0,0,0,0,0,0,0,0,0,0,0,0,0,0,0,0,0,0,0,0,0,0,0,0,0,0,0,0,0,0,0,0,0,0,0,0,0,14,7,7,0,0,0,14,105,7,0,0,0,0,0,0,0,0,0,0,3,0,0,0,3,0,0,164
55,yuki_chikusei_sakuragawa,0,0,0,0,0,0,0,0,0,0,0,0,0,0,0,0,0,0,0,0,0,0,0,0,0,0,0,0,0,0,0,0,0,0,0,0,0,0,0,0,0,0,0,0,0,0,0,0,0,0,0,0,0,0,0,0,0,0,0,0,0,0,0,0,0,0,0,0,0,0,0,0,0,0
56,maebashi_takasaki_isesaki_shibukawa_etc,7,0,0,0,0,0,0,0,0,0,0,0,0,0,0,0,0,4,0,0,0,3,0,0,0,0,0,0,0,0,0,0,0,0,33,33,0,0,0,0,0,0,0,0,0,0,0,0,0,0,0,0,0,6,3,0,392,115,0,0,0,0,0,3,72,0,42,4,0,3,24,0,13,758
57,kiryu_ota_tatebayashi_midori_etc,0,0,0,0,0,0,0,0,0,33,0,0,0,0,0,0,0,0,0,0,0,0,0,0,0,0,66,0,0,0,0,0,33,66,0,0,0,0,0,0,0,0,0,0,0,0,0,0,33,0,0,0,0,0,0,66,7,92,33,33,73,0,0,66,0,0,33,0,0,0,0,0,36,672
58,utsunomiya_kanuma_moka_kaminokawa_etc,0,0,0,0,0,0,3,2,0,0,0,0,0,2,0,0,0,0,0,0,0,0,0,0,4,0,0,2,8,0,0,2,0,1,0,0,0,1,3,0,0,2,0,0,0,0,0,2,0,0,0,0,0,0,3,0,5,0,5,5,2,0,0,4,0,0,15,1,0,0,0,0,24,100
59,tochigi_oyama_shimotsuke_nogi_etc,0,17,0,0,0,8,0,0,0,0,0,17,0,0,0,17,8,0,0,0,0,0,0,0,0,0,0,0,17,0,0,0,0,0,0,0,0,20,17,0,0,8,7,0,0,0,0,0,0,0,0,0,0,0,0,0,0,8,0,0,0,0,0,0,0,0,0,0,0,0,8,0,0,151
60,ashikaga_sano,0,0,0,0,0,0,0,0,0,0,0,0,0,0,0,0,0,0,0,0,0,0,0,0,0,0,0,0,0,0,0,0,0,0,0,0,0,0,0,0,0,0,0,0,0,0,0,0,0,0,0,0,0,0,0,0,0,0,0,0,0,0,0,0,0,0,0,0,0,0,0,0,1342,1342
61,tokyo_islands,0,0,0,0,0,0,0,0,0,0,0,0,0,0,0,0,0,0,0,0,0,0,0,0,0,0,0,0,0,0,0,0,0,0,0,0,0,0,0,0,0,0,0,0,0,0,0,0,0,0,0,0,0,0,0,0,0,0,0,0,0,0,0,0,0,0,0,0,0,0,0,0,0,0
62,ibaraki_north,0,0,0,0,0,0,0,0,0,0,0,0,0,0,0,0,0,0,0,0,0,0,0,0,0,0,0,0,0,0,0,0,0,0,0,0,0,0,0,0,0,0,0,0,0,0,0,0,0,0,0,0,0,0,0,0,0,0,0,0,0,0,0,0,0,0,0,0,0,0,0,0,0,0
63,tochigi_north,0,0,0,0,0,0,0,0,0,0,0,0,0,0,0,0,0,0,0,0,0,0,0,0,0,0,0,0,0,0,0,0,0,0,0,0,0,0,0,0,0,0,0,0,0,0,0,0,0,0,0,0,0,0,0,0,0,0,4,0,0,0,0,0,0,0,0,0,0,0,0,0,0,4
64,gunma_north,0,0,0,0,0,0,0,0,0,0,0,0,0,0,0,0,0,0,0,0,0,0,0,0,0,0,0,0,0,0,0,0,0,0,8,0,0,0,0,0,0,0,0,0,0,0,0,0,0,0,0,0,0,0,0,0,4,0,0,0,0,0,0,0,0,0,0,0,0,0,0,0,0,12
65,gunma_other_ueno_kanna_nanmoku,0,0,0,0,0,0,0,0,0,0,0,0,0,0,0,0,0,0,0,0,0,0,0,0,0,0,0,0,0,0,0,0,0,0,0,0,0,0,0,0,0,0,0,0,0,0,0,0,0,0,0,0,0,0,0,0,0,0,0,0,0,0,0,0,0,0,0,0,0,0,0,0,0,0
66,hokkaido_tohoku,4,4,0,0,0,0,0,9,0,0,0,113,0,0,0,0,0,15,0,0,0,0,0,0,0,3,7,9,0,9,0,6,4,7,0,0,0,10,48,0,0,4,0,0,0,0,0,0,0,0,6,0,0,0,9,0,18,1,1,17,0,0,0,0,0,0,0,0,0,0,0,0,0,304
67,hokuriku,0,0,0,0,0,0,0,0,0,0,0,49,0,0,0,0,0,3,0,0,0,0,0,0,0,0,0,0,0,0,0,0,0,0,0,0,0,0,4,0,0,0,0,0,0,0,0,0,0,0,0,0,3,0,0,0,0,0,0,0,4,0,0,0,0,0,0,0,0,0,0,0,0,63
68,yamanashi_nagano,0,2,0,0,0,0,0,0,0,0,0,0,0,0,0,0,0,19,0,0,4,0,0,0,0,0,11,0,0,5,0,0,0,0,0,0,0,0,0,0,0,4,0,0,0,0,0,0,3,0,3,0,0,0,0,0,0,0,0,8,0,0,0,0,0,0,0,0,0,0,0,0,0,58
69,shizuoka,0,0,0,2,0,2,0,0,0,0,0,32,0,8,3,0,0,0,0,0,0,4,0,4,10,0,4,0,6,5,0,0,0,0,0,0,3,0,0,0,0,0,0,0,5,4,4,0,3,0,0,0,0,3,0,0,15,0,0,0,0,0,0,0,0,0,0,0,0,0,0,0,0,115
70,chubu_west,0,16,9,0,0,0,3,0,3,0,0,326,0,7,3,0,8,9,3,0,0,0,0,11,4,16,24,11,11,5,0,3,3,7,0,0,0,0,14,4,0,3,0,5,0,0,0,0,3,3,0,0,0,0,0,0,19,5,0,62,0,0,0,0,0,0,0,0,0,0,0,0,0,597
71,overseas,2,0,0,0,0,0,8,0,0,0,34,0,0,0,5,0,0,0,0,0,0,0,0,0,0,0,0,0,5,0,0,0,0,0,0,0,0,4,10,0,0,0,0,2,0,0,0,0,0,0,0,0,0,0,0,0,0,33,0,4,4,0,0,0,0,0,0,0,0,0,0,0,0,111
999,unknown,0,0,0,0,0,0,0,0,0,0,0,0,0,0,0,0,0,12,0,0,0,0,0,0,0,0,0,0,0,0,0,0,0,0,0,0,0,0,0,0,0,0,0,0,0,0,0,0,0,0,0,0,0,0,0,0,0,0,0,0,0,0,0,0,0,0,0,0,0,0,0,0,0,12
○food_products_frozen,,,,,,,,,,,,,,,,,,,,,,,,,,,,,,,,,,,,,,,,,,,,,,,,,,,,,,,,,,,,,,,,,,,,,,,,,,,(unit: vehicles/day)
large_zone,region,tokyo_chiyoda_chuo_minato,tokyo_meguro_shinagawa_ota,tokyo_toshima_bunkyo_shinjuku_shibuya,tokyo_arakawa_taito_sumida_koto,tokyo_nakano_suginami_setagaya,tokyo_nerima_itabashi_kita,tokyo_adachi_katsushika_edogawa,chofu_nishitokyo_fuchu_musashino_etc,machida_tama_hachioji_inagi_etc,mizuho_fussa_hamura_akiruno_etc,yokohama_nishi_naka,yokohama_isogo_minami_kanazawa_konan,yokohama_hodogaya_totsuka_sakae_izumi_etc,yokohama_kohoku_tsuzuki_midori_aoba,yokohama_tsurumi_kanagawa,kawasaki_kawasaki_saiwai_nakahara,kawasaki_takatsu_miyamae_tama_asao,sagamihara_city,yokosuka_miura,kamakura_zushi_hayama,fujisawa_chigasaki_samukawa,hiratsuka_oiso_ninomiya,odawara_manazuru_yugawara_hakone,minami_ashigara_nakai_oi_matsuda_etc,atsugi_hadano_kiyokawa_isehara_etc,zama_yamato_ebina_ayase,saitama_city,kawaguchi_warabi_toda,asaka_wako_niiza_tokorozawa_etc,soka_kasukabe_misato_koshigaya_etc,hanno_hidaka_moroyama_ogose_etc,tsurugashima_sakado_kawajima_higashimatsuyama_etc,ageo_konosu_okegawa_kitamoto_etc,kuki_kazo_hanyu_gyoda_etc,kumagaya_fukaya_ogawa_yorii_etc,honjo_kamikawa_kamisato,chichibu_yokoze_minano_nagatoro_etc,chiba_city,ichikawa_urayasu_narashino_funabashi,matsudo_kamagaya_kashiwa_abiko,nagareyama_noda,yachiyo_sakura_narita_shiroi_etc,ichihara_city,kisarazu_sodegaura_kimitsu_futtsu,katsuura_otaki_tateyama_kamogawa_etc,choshi_asahi_sosa_katori_etc,togane_mobara_sanmu_oamishirasato_etc,tsuchiura_ishioka_omitama_kasumigaura_etc,koga_shimotsuma_yachiyo_goka_etc,tsukuba_city,joso_bando,ryugasaki_toride_ushiku_moriya_etc,inashiki_miho_kawachi,kashima_kamisu_namegata_itako,mito_hitachi_kasama_hitachinaka_etc,yuki_chikusei_sakuragawa,maebashi_takasaki_isesaki_shibukawa_etc,kiryu_ota_tatebayashi_midori_etc,utsunomiya_kanuma_moka_kaminokawa_etc,tochigi_oyama_shimotsuke_nogi_etc,ashikaga_sano,tokyo_islands,ibaraki_north,tochigi_north,gunma_north,gunma_other_ueno_kanna_nanmoku,hokkaido_tohoku,hokuriku,yamanashi_nagano,shizuoka,chubu_west,overseas,unknown,all_regions
0,tokyo_chiyoda_chuo_minato,31,0,0,0,0,0,0,0,0,0,24,0,0,0,0,0,0,0,0,0,0,0,0,0,0,0,22,0,22,0,0,0,0,0,0,0,0,11,0,4,0,0,0,0,0,0,0,0,0,0,0,0,0,0,0,0,0,0,0,0,0,0,0,0,0,0,20,0,9,9,44,0,187,383
1,tokyo_meguro_shinagawa_ota,18,28,28,13,9,4,0,16,8,0,22,4,8,20,3,12,0,0,0,0,0,0,0,0,2,13,2,7,6,6,0,0,4,7,2,0,0,3,23,3,0,0,0,0,0,0,0,5,0,4,0,0,0,0,0,2,14,0,4,4,0,0,0,0,0,0,61,7,12,10,216,0,604,1211
2,tokyo_toshima_bunkyo_shinjuku_shibuya,1,0,3,1,0,0,0,1,1,0,2,0,0,1,9,1,0,0,0,0,1,0,0,0,0,0,1,1,1,1,0,0,0,0,0,0,0,0,1,0,1,1,0,0,0,0,0,0,0,1,0,0,0,0,0,0,0,0,0,0,1,0,0,1,0,0,0,0,0,0,0,0,0,31
3,tokyo_arakawa_taito_sumida_koto,44,4,37,17,3,0,4,0,0,0,0,0,0,0,0,0,0,0,0,0,0,0,0,0,0,0,0,0,0,0,0,0,0,0,0,0,0,0,0,0,0,0,0,0,0,0,0,0,0,0,0,0,0,0,0,0,0,0,0,0,0,0,0,0,0,0,0,0,0,0,0,0,24,134
4,tokyo_nakano_suginami_setagaya,0,0,0,0,0,0,0,0,0,0,0,0,0,0,0,0,0,0,0,0,0,0,0,0,0,0,0,0,0,0,0,0,0,0,0,0,0,0,0,0,0,0,0,0,0,0,0,0,0,0,0,0,0,0,0,0,0,0,0,0,0,0,0,0,0,0,0,0,0,0,0,0,0,0
5,tokyo_nerima_itabashi_kita,0,0,0,0,0,9,0,0,0,0,0,0,0,0,0,0,0,0,0,0,0,0,0,0,0,0,0,0,26,0,0,0,0,0,0,0,0,0,0,0,0,0,0,0,0,0,0,0,0,0,0,0,0,0,0,0,0,0,0,0,0,0,0,0,0,0,0,0,0,0,0,0,409,444
6,tokyo_adachi_katsushika_edogawa,9,0,0,47,0,0,111,0,0,0,0,0,0,0,0,3,0,0,0,0,0,0,0,0,1,0,0,1,1,14,0,0,0,1,0,0,0,0,23,0,0,0,0,0,0,0,0,0,0,0,0,0,0,0,14,0,0,0,0,0,0,0,0,0,0,0,0,0,0,0,1,0,0,228
7,chofu_nishitokyo_fuchu_musashino_etc,14,11,14,11,4,4,0,46,89,4,0,0,0,0,0,0,6,0,0,0,0,0,0,0,0,0,6,6,12,12,0,0,0,24,0,0,0,12,6,6,0,6,0,0,0,0,0,0,0,0,0,0,0,0,0,0,0,0,12,0,0,0,0,0,0,0,7,12,10,10,17,0,112,473
8,machida_tama_hachioji_inagi_etc,12,0,9,5,5,0,5,15,33,9,0,0,0,0,0,0,11,0,0,0,0,0,0,0,0,0,0,0,5,5,0,0,0,0,0,0,0,0,0,0,0,0,0,0,0,0,0,0,0,0,0,0,0,0,0,0,0,0,0,0,0,0,0,0,0,0,0,0,0,0,4,0,0,119
9,mizuho_fussa_hamura_akiruno_etc,0,3,0,0,0,0,0,7,0,4,0,0,0,0,0,0,0,0,0,0,0,0,0,0,0,0,0,0,0,0,3,0,0,0,0,0,0,0,0,0,0,0,0,0,0,0,0,0,0,0,0,0,0,0,0,0,0,0,0,0,0,0,0,0,0,0,0,0,0,0,0,0,7,24
10,yokohama_nishi_naka,0,0,0,0,0,0,0,0,0,0,30,2,0,0,0,0,0,0,0,0,0,0,0,0,2,0,0,2,0,0,0,0,0,0,2,2,0,0,0,0,2,2,0,0,0,0,0,0,0,0,2,0,0,0,0,0,0,0,0,0,0,0,0,0,0,0,0,0,0,2,2,2,0,51
11,yokohama_isogo_minami_kanazawa_konan,0,0,0,0,0,0,0,0,3,0,5,203,0,0,7,0,0,0,0,0,0,0,0,0,0,0,0,2,0,0,0,0,0,0,0,0,0,0,0,0,0,0,0,0,0,0,0,0,0,0,0,0,0,0,0,0,3,0,0,0,0,0,0,0,0,0,0,0,0,0,7,0,5,236
12,yokohama_hodogaya_totsuka_sakae_izumi_etc,0,3,0,0,3,0,3,6,3,3,0,0,6,3,6,0,0,0,0,0,0,0,0,0,0,7,0,0,0,0,0,0,0,3,0,0,0,0,0,0,0,0,0,0,0,0,0,0,0,0,0,0,0,0,0,0,0,0,0,0,0,0,0,0,0,0,0,0,0,0,0,0,0,47
13,yokohama_kohoku_tsuzuki_midori_aoba,14,7,16,0,9,3,0,3,3,1,8,2,9,18,2,3,4,9,14,0,8,15,2,0,15,20,0,3,4,0,0,0,0,0,0,0,0,0,0,0,0,0,2,4,3,0,2,0,0,0,0,0,0,0,0,0,0,0,0,0,0,0,0,0,0,0,3,0,7,41,10,0,74,342
14,yokohama_tsurumi_kanagawa,0,13,0,2,0,2,2,2,2,2,3,5,4,3,20,5,0,0,0,0,3,0,0,0,7,3,2,0,0,0,0,0,0,0,0,0,0,0,2,8,0,0,0,0,0,0,0,0,0,0,2,2,0,0,0,0,2,6,0,0,0,0,0,0,0,0,10,0,0,4,10,0,28,154
15,kawasaki_kawasaki_saiwai_nakahara,20,28,0,0,2,2,0,2,8,0,14,0,4,6,4,33,6,5,6,2,6,4,5,0,10,8,2,8,8,2,0,0,5,2,2,0,0,8,10,5,0,8,0,0,0,0,0,2,2,2,0,0,0,0,0,2,8,0,5,0,0,0,0,2,0,0,10,10,82,2,34,0,557,962
16,kawasaki_takatsu_miyamae_tama_asao,0,0,0,0,0,0,0,0,0,0,0,0,0,0,0,0,0,0,0,0,0,0,0,0,0,0,0,0,0,0,0,0,0,0,0,0,0,0,0,0,0,0,0,0,0,0,0,0,0,0,0,0,0,0,0,0,0,0,0,0,0,0,0,0,0,0,0,0,0,0,0,0,0,0
17,sagamihara_city,0,0,13,7,47,21,0,27,15,0,0,27,13,7,7,13,67,47,13,4,13,7,7,0,13,53,0,0,0,0,0,0,0,0,0,0,0,0,0,0,0,0,0,0,0,0,0,0,0,0,0,0,0,0,0,0,0,0,0,0,0,0,0,0,0,0,0,0,0,0,0,0,7,426
18,yokosuka_miura,3,0,0,0,0,0,0,0,0,0,0,9,0,0,4,6,4,0,11,4,0,0,0,0,3,3,0,0,0,3,0,0,0,0,0,0,0,3,6,3,0,0,0,3,0,4,3,6,0,0,0,0,0,0,0,0,0,0,6,3,0,0,0,3,0,0,13,0,3,17,33,4,8,160
19,kamakura_zushi_hayama,0,0,0,0,0,0,0,0,0,0,0,0,0,0,0,0,0,0,0,0,0,0,0,0,0,0,0,0,0,0,0,0,0,0,0,0,0,0,0,0,0,0,0,0,0,0,0,0,0,0,0,0,0,0,0,0,0,0,0,0,0,0,0,0,0,0,0,0,0,0,0,0,0,0
20,fujisawa_chigasaki_samukawa,0,0,0,4,0,0,0,4,4,0,0,0,0,0,4,0,0,0,0,0,4,0,0,0,11,0,0,0,0,0,0,4,0,0,0,0,0,4,0,0,0,0,0,0,0,0,0,4,0,0,0,0,0,0,0,0,0,0,0,0,0,0,0,0,0,0,4,0,0,4,7,0,0,53
21,hiratsuka_oiso_ninomiya,0,7,28,4,14,7,4,14,21,0,4,0,0,0,0,0,0,11,4,7,18,21,14,0,21,7,7,0,0,0,0,0,0,0,0,0,0,0,0,0,0,0,0,0,0,0,0,0,0,0,0,0,0,0,0,0,0,0,0,0,0,0,0,0,0,0,0,0,0,0,0,0,32,244
22,odawara_manazuru_yugawara_hakone,0,0,0,0,0,0,0,0,0,0,0,0,0,0,0,0,0,0,0,0,0,0,35,0,0,0,0,0,0,0,0,0,0,0,0,0,0,0,0,0,0,0,0,0,0,0,0,0,0,0,0,0,0,0,0,0,0,0,0,0,0,0,0,0,0,0,0,0,0,21,0,0,0,57
23,minami_ashigara_nakai_oi_matsuda_etc,0,0,0,0,0,0,0,0,0,0,0,0,0,0,0,0,0,0,0,0,0,0,32,0,0,0,0,0,0,0,0,0,0,0,0,0,0,0,0,0,0,0,0,0,0,0,0,0,0,0,0,0,0,0,0,0,0,0,0,0,0,0,0,0,0,0,0,0,6,12,0,0,23,73
24,atsugi_hadano_kiyokawa_isehara_etc,0,0,0,0,0,0,0,0,0,0,0,0,0,0,0,0,0,0,0,0,4,7,0,0,246,0,0,0,0,0,0,0,0,0,0,0,0,0,0,0,0,0,0,0,0,0,0,0,0,0,0,0,0,0,0,0,0,0,0,0,0,0,0,0,0,0,4,0,0,0,4,0,7,271
25,zama_yamato_ebina_ayase,10,0,3,3,3,0,0,3,0,0,3,0,0,9,10,25,13,3,0,10,3,10,0,0,9,19,0,0,0,4,0,0,0,0,0,7,0,0,0,0,0,0,0,0,0,0,0,0,0,0,0,0,0,0,0,0,0,0,0,0,0,0,0,0,0,0,0,10,19,10,86,0,153,421
26,saitama_city,0,4,0,0,8,4,4,8,4,0,0,0,0,0,0,4,0,0,0,0,0,0,0,0,4,4,15,11,4,8,0,4,0,8,4,0,4,0,0,0,0,0,0,0,0,0,0,0,0,0,0,0,0,0,0,0,4,4,0,0,0,0,0,0,0,0,11,11,4,0,15,0,4,152
27,kawaguchi_warabi_toda,0,0,0,0,0,0,0,0,0,0,0,0,0,0,0,0,0,0,0,0,0,0,0,0,0,0,0,0,0,0,0,0,0,0,0,0,0,0,0,0,0,0,0,0,0,0,0,0,0,0,0,0,0,0,0,0,0,0,0,0,0,0,0,0,0,0,0,0,0,0,0,0,0,0
28,asaka_wako_niiza_tokorozawa_etc,0,5,5,0,2,4,7,8,1,1,5,0,5,0,0,21,0,0,5,0,0,0,0,0,5,0,5,0,35,0,6,0,5,0,0,0,0,0,0,5,0,5,0,0,0,0,0,0,0,0,0,0,0,0,0,0,0,0,0,5,0,0,0,0,0,0,5,5,10,5,20,0,25,209
29,soka_kasukabe_misato_koshigaya_etc,0,0,0,6,0,0,0,0,0,0,0,0,0,0,0,0,0,0,0,0,0,0,0,0,0,0,6,0,6,0,0,0,0,0,0,0,0,0,0,0,0,0,0,0,0,0,0,0,0,0,0,0,0,0,0,0,0,0,0,0,0,0,0,0,0,0,0,0,0,0,0,0,0,18
30,hanno_hidaka_moroyama_ogose_etc,0,0,0,0,0,0,0,0,0,0,0,0,0,0,0,3,0,3,0,0,0,0,0,0,3,0,0,0,0,0,0,0,3,3,0,0,0,0,0,0,0,0,0,0,0,0,0,0,0,0,0,0,0,0,0,0,0,0,0,0,0,0,0,0,0,0,0,0,0,0,0,0,3,21
31,tsurugashima_sakado_kawajima_higashimatsuyama_etc,0,0,0,0,0,0,0,0,0,0,0,0,0,0,0,0,0,0,0,0,0,0,0,0,0,0,0,0,39,0,3,25,3,0,0,0,0,0,0,0,5,0,0,0,0,0,0,0,0,0,0,0,0,0,0,0,0,0,0,0,0,0,0,0,0,0,0,0,0,0,0,0,110,186
32,ageo_konosu_okegawa_kitamoto_etc,0,0,0,3,0,5,5,5,0,3,0,0,0,0,0,0,0,0,0,0,0,0,0,0,0,0,83,25,83,39,23,30,34,32,17,7,7,8,5,8,3,19,3,3,3,5,5,0,0,0,0,0,0,0,0,0,0,0,3,8,5,0,0,3,0,0,3,0,5,0,3,0,31,527
33,kuki_kazo_hanyu_gyoda_etc,0,0,0,0,3,7,0,0,0,0,0,0,0,0,0,7,0,0,0,0,0,0,0,0,0,0,7,0,0,0,0,0,3,26,3,0,0,3,0,3,0,0,0,0,0,0,0,0,0,0,0,0,0,0,0,0,10,0,0,0,3,0,0,0,0,0,0,0,0,7,7,0,0,92
34,kumagaya_fukaya_ogawa_yorii_etc,0,3,0,0,0,0,0,0,0,0,0,0,0,0,3,3,0,0,0,0,0,0,0,0,7,0,3,0,28,3,0,10,0,3,60,0,0,0,3,4,0,3,0,0,0,0,0,0,0,0,0,0,0,0,0,0,0,0,0,0,0,0,0,0,0,0,9,3,0,0,19,0,0,167
35,honjo_kamikawa_kamisato,0,0,0,3,0,0,0,0,3,0,0,0,0,0,0,0,0,0,0,0,0,0,0,0,0,0,0,0,5,3,0,0,0,0,0,0,0,0,3,0,0,0,0,0,0,0,0,0,0,0,0,0,0,0,0,0,5,0,0,0,0,0,0,0,0,0,3,0,0,0,5,0,5,36
36,chichibu_yokoze_minano_nagatoro_etc,0,0,0,0,0,0,0,0,0,0,0,0,0,0,0,0,0,0,0,0,0,0,0,0,0,0,14,0,0,0,0,3,0,0,0,0,0,0,0,0,0,0,0,0,0,0,0,0,0,0,0,0,0,0,0,0,0,0,0,0,0,0,0,0,0,0,0,0,0,0,0,0,0,17
37,chiba_city,36,9,8,14,4,0,20,0,0,0,0,0,0,2,0,3,0,0,0,0,0,0,0,0,0,0,0,7,0,4,0,0,0,0,0,0,0,195,29,8,4,20,35,35,34,2,44,0,0,0,2,0,0,2,0,0,4,0,6,0,0,0,0,0,0,0,6,0,0,0,0,0,151,683
38,ichikawa_urayasu_narashino_funabashi,119,56,129,132,112,39,139,134,55,0,21,15,27,48,9,25,18,15,3,15,21,12,7,0,15,24,64,39,81,74,4,4,17,27,24,2,4,212,587,147,28,127,36,31,10,2,12,11,5,3,8,23,0,4,33,6,28,14,16,7,8,0,0,9,4,0,88,34,38,21,247,0,55,3386
39,matsudo_kamagaya_kashiwa_abiko,0,0,0,0,0,0,0,0,0,0,0,0,0,0,0,0,0,0,0,0,0,0,0,0,0,0,0,0,0,0,0,0,0,0,0,0,0,0,9,128,0,9,0,0,0,0,3,0,0,4,0,0,0,0,0,0,0,0,0,0,0,0,0,0,0,0,0,0,0,0,0,0,0,153
40,nagareyama_noda,0,0,0,37,0,0,37,0,7,0,0,7,0,0,2,7,0,0,0,0,0,0,0,0,0,0,7,0,0,4,0,0,0,0,0,0,0,33,27,49,25,12,12,25,0,0,0,15,0,0,0,0,0,0,7,0,11,0,9,0,0,0,0,0,0,0,20,7,9,0,15,0,70,453
41,yachiyo_sakura_narita_shiroi_etc,0,4,4,4,0,0,2,0,0,0,0,0,0,0,0,7,0,0,0,0,0,0,0,0,0,0,9,5,14,5,0,3,2,9,1,0,1,34,28,7,0,99,0,3,12,0,0,0,0,0,0,0,0,12,4,0,0,0,0,0,0,0,0,0,0,0,0,0,4,4,42,0,48,365
42,ichihara_city,4,0,0,0,0,0,0,0,0,0,0,0,0,0,0,0,0,0,0,0,0,3,0,0,0,0,0,0,0,0,0,0,0,0,0,0,0,0,0,0,0,0,0,0,0,0,0,3,0,0,0,0,0,0,0,0,0,0,0,1,0,0,0,0,0,0,0,0,0,0,0,0,0,10
43,kisarazu_sodegaura_kimitsu_futtsu,0,0,0,0,0,0,0,0,0,0,0,0,0,0,0,0,0,0,0,0,0,0,0,0,0,0,0,0,0,0,0,0,0,0,0,0,0,0,0,0,0,0,0,31,0,0,0,0,0,0,0,0,0,0,0,0,0,0,0,0,0,0,0,0,0,0,0,0,0,4,0,4,0,39
44,katsuura_otaki_tateyama_kamogawa_etc,0,9,0,0,0,0,0,0,0,0,0,0,0,0,0,0,0,0,0,0,0,0,0,0,0,0,0,0,0,0,0,0,0,0,0,0,0,0,10,0,0,0,0,9,34,4,0,0,0,0,0,0,0,0,0,0,0,0,0,0,0,0,0,0,0,0,0,0,0,0,0,0,23,88
45,choshi_asahi_sosa_katori_etc,4,0,0,0,0,0,4,0,0,0,0,0,0,0,0,0,0,0,0,0,0,0,0,0,0,0,7,0,9,0,5,0,0,0,0,0,0,7,5,0,0,0,0,0,0,63,4,0,0,0,0,0,0,5,0,0,11,0,4,0,4,0,0,0,0,0,4,4,14,0,19,14,0,183
46,togane_mobara_sanmu_oamishirasato_etc,7,0,0,10,5,10,14,0,0,0,0,0,0,0,0,10,0,5,0,0,0,0,0,0,5,0,9,5,0,5,0,0,0,0,0,0,0,20,20,0,0,19,5,0,0,5,0,0,0,0,0,0,0,0,0,0,0,5,0,0,0,0,0,0,0,0,0,4,4,4,18,0,21,209
47,tsuchiura_ishioka_omitama_kasumigaura_etc,0,0,0,0,0,0,0,6,0,0,0,0,0,0,0,0,0,0,0,0,0,0,0,0,0,0,0,0,6,0,0,0,0,0,0,0,0,0,3,0,0,0,0,0,0,0,0,26,0,0,0,0,0,0,0,0,0,0,3,0,0,0,0,0,0,0,0,0,0,0,6,0,0,50
48,koga_shimotsuma_yachiyo_goka_etc,9,18,0,0,0,0,0,0,0,0,0,0,0,0,0,0,0,0,0,0,0,0,0,0,0,0,0,0,0,0,0,0,0,0,0,0,0,0,0,0,0,0,0,0,0,0,0,0,0,0,0,0,0,0,0,0,0,0,0,0,0,0,0,0,0,0,0,0,0,0,0,0,9,35
49,tsukuba_city,0,3,0,0,0,0,0,0,0,0,0,0,0,0,0,0,0,0,0,0,0,0,0,0,3,0,0,0,0,0,0,0,0,0,0,0,0,0,0,0,0,0,0,0,0,0,0,0,0,0,0,0,0,0,0,0,0,0,0,0,0,0,0,0,0,0,0,0,0,0,3,0,0,9
50,joso_bando,0,1,0,1,0,1,0,0,0,0,0,0,5,0,1,12,0,0,0,0,0,0,0,0,4,0,1,1,5,2,0,2,1,4,0,0,0,1,2,1,1,0,0,0,0,0,0,0,1,0,3,0,0,0,0,1,0,1,0,3,0,0,0,0,0,0,8,1,0,0,24,0,0,91
51,ryugasaki_toride_ushiku_moriya_etc,0,0,0,0,0,0,0,0,0,0,0,0,0,0,0,0,0,0,0,0,0,0,0,0,0,0,0,0,0,0,0,0,0,0,0,0,0,0,0,0,0,0,0,0,0,0,0,0,0,0,0,0,0,0,0,0,0,0,0,0,0,0,0,0,0,0,0,0,0,0,9,0,19,28
52,inashiki_miho_kawachi,3,6,0,0,0,0,0,0,0,0,0,0,0,0,0,3,0,0,0,0,0,0,0,0,0,0,0,0,0,0,0,0,0,0,0,0,0,0,0,0,0,0,0,0,0,0,0,0,0,0,0,0,0,0,0,0,0,0,0,0,0,0,0,0,0,0,0,0,0,0,0,0,0,12
53,kashima_kamisu_namegata_itako,6,3,3,0,0,0,3,0,0,0,0,6,0,0,6,6,3,0,0,0,0,0,0,0,0,0,0,0,0,0,0,0,0,0,0,0,0,3,3,3,0,0,0,0,0,0,0,0,0,0,0,0,0,20,9,0,0,0,3,0,0,0,0,0,0,0,21,6,13,0,15,0,21,156
54,mito_hitachi_kasama_hitachinaka_etc,10,4,0,4,0,4,7,0,0,0,0,0,0,0,0,7,0,0,3,0,0,0,0,0,0,0,4,0,0,0,0,0,0,0,4,0,0,0,2,0,0,0,0,0,0,0,0,46,34,26,0,68,4,10,140,4,0,0,0,0,0,0,77,0,0,0,37,0,7,0,14,0,75,589
55,yuki_chikusei_sakuragawa,0,0,0,0,0,0,0,0,0,0,0,0,0,0,0,0,0,0,0,0,0,0,0,0,0,0,0,0,0,0,0,0,0,0,0,0,0,0,4,0,0,0,0,0,0,0,0,0,0,0,9,0,0,0,0,51,0,0,34,17,0,0,0,0,0,0,0,0,0,0,0,0,4,118
56,maebashi_takasaki_isesaki_shibukawa_etc,10,4,0,0,0,0,4,5,5,0,0,4,5,1,4,7,0,0,4,0,0,1,0,0,0,0,11,4,13,7,0,0,4,4,7,0,4,1,0,6,1,0,0,4,0,0,0,0,5,0,0,0,0,0,7,4,461,4,7,1,4,0,0,0,132,0,20,6,8,5,24,0,7,809
57,kiryu_ota_tatebayashi_midori_etc,0,0,0,0,0,0,0,0,0,0,0,0,0,0,0,4,0,0,0,0,0,0,0,0,0,0,0,3,0,2,0,0,4,7,0,0,0,0,0,0,9,0,0,0,0,0,0,0,0,0,0,0,0,0,0,0,3,6,0,0,0,0,0,0,0,0,0,4,0,0,9,0,10,61
58,utsunomiya_kanuma_moka_kaminokawa_etc,7,5,0,5,5,10,10,0,0,0,0,0,0,0,0,0,0,0,0,0,0,0,0,0,0,0,5,15,54,34,15,34,24,39,22,15,27,5,15,10,10,24,5,10,5,15,10,24,20,5,10,24,15,20,44,15,56,42,59,24,10,0,29,54,47,5,12,5,0,2,13,0,49,1018
59,tochigi_oyama_shimotsuke_nogi_etc,0,0,0,0,0,0,0,0,0,0,0,0,0,0,0,0,0,0,0,0,0,0,0,0,0,0,4,0,0,0,0,0,0,0,0,0,0,0,0,0,0,0,0,0,0,0,0,0,0,0,0,0,0,0,0,0,0,0,0,0,0,0,0,4,0,0,0,0,0,0,4,0,0,11
60,ashikaga_sano,0,0,0,0,0,0,0,0,0,0,0,0,0,0,0,0,0,0,0,0,0,0,0,0,0,0,0,0,0,0,0,0,0,0,0,0,0,0,0,0,0,0,0,0,0,0,0,0,0,0,0,0,0,0,0,0,0,0,16,0,0,0,0,0,0,0,0,0,0,0,4,0,0,20
61,tokyo_islands,0,0,0,0,0,0,0,0,0,0,0,0,0,0,0,0,0,0,0,0,0,0,0,0,0,0,0,0,0,0,0,0,0,0,0,0,0,0,0,0,0,0,0,0,0,0,0,0,0,0,0,0,0,0,0,0,0,0,0,0,0,0,0,0,0,0,0,0,0,0,0,0,0,0
62,ibaraki_north,0,0,0,0,0,0,0,0,0,0,0,0,0,0,0,0,0,0,0,0,0,0,0,0,0,0,0,0,0,0,0,0,0,0,0,0,0,0,0,0,0,0,0,0,0,0,0,0,0,0,0,0,0,0,0,0,0,0,0,0,0,0,0,0,0,0,0,0,0,0,0,0,0,0
63,tochigi_north,0,0,0,0,0,0,0,0,0,0,0,0,0,0,0,0,0,0,0,0,0,0,0,0,0,0,0,0,0,0,0,0,0,0,0,0,0,0,0,0,0,0,0,0,0,0,0,0,0,0,3,0,0,0,0,0,0,0,0,0,0,0,0,0,0,0,0,0,0,0,0,0,0,3
64,gunma_north,0,0,0,0,0,0,0,0,0,0,0,0,0,0,0,0,0,0,0,0,0,0,0,0,0,0,0,0,0,0,0,0,0,0,0,0,0,0,0,0,0,0,0,0,0,0,0,0,0,0,0,0,0,0,0,0,0,0,0,0,0,0,0,0,0,0,0,0,0,0,0,0,0,0
65,gunma_other_ueno_kanna_nanmoku,0,0,0,0,0,0,0,0,0,0,0,0,0,0,0,0,0,0,0,0,0,0,0,0,0,0,0,0,0,0,0,0,0,0,0,0,0,0,0,0,0,0,0,0,0,0,0,0,0,0,0,0,0,0,0,0,0,0,0,0,0,0,0,0,0,0,0,0,0,0,0,0,0,0
66,hokkaido_tohoku,7,49,0,0,0,0,2,37,10,0,2,0,0,0,1,5,0,1,4,0,0,0,0,0,14,3,11,0,0,11,0,8,20,0,0,0,7,0,36,0,4,2,0,0,10,16,5,4,0,0,5,0,0,0,12,0,5,0,0,0,4,0,0,0,0,0,0,0,0,0,0,0,0,292
67,hokuriku,0,5,0,0,0,0,0,12,0,0,0,0,0,0,0,0,0,0,4,0,0,0,0,0,8,0,3,0,0,0,0,0,0,6,0,0,0,0,0,0,0,0,0,0,0,0,0,0,0,0,0,0,0,0,0,0,0,0,0,0,0,0,0,0,0,0,0,0,0,0,0,0,0,38
68,yamanashi_nagano,3,2,0,0,0,0,0,0,0,0,0,0,0,0,0,8,0,0,0,0,0,0,0,0,0,0,0,0,0,0,0,0,0,0,0,0,0,0,0,0,0,0,0,0,0,0,0,0,0,0,1,0,0,0,0,0,0,0,0,0,0,0,0,0,0,0,0,0,0,0,0,0,0,14
69,shizuoka,0,10,0,0,0,0,1,1,0,0,0,0,0,0,0,0,0,0,0,0,4,0,4,7,4,0,4,0,0,0,0,0,4,3,0,0,0,0,22,0,10,0,0,0,0,0,0,4,0,0,5,0,0,0,9,0,0,3,0,0,0,0,0,0,0,0,0,0,0,0,0,0,0,94
70,chubu_west,2,163,9,0,0,35,0,58,5,0,0,5,0,0,0,43,0,1,0,0,0,0,8,0,40,0,32,0,10,0,0,0,12,10,0,0,0,0,44,0,13,9,0,0,0,0,0,9,0,0,18,0,0,0,0,0,15,2,0,0,0,0,0,0,0,0,0,0,0,0,0,0,0,544
71,overseas,15,158,0,0,0,0,0,0,11,0,4,45,0,0,10,9,0,0,0,0,0,0,0,0,0,0,0,0,0,0,0,0,0,3,0,0,0,0,36,0,0,0,0,0,0,5,0,0,0,0,0,0,0,0,0,0,0,0,0,0,0,0,0,0,0,0,0,0,0,0,0,0,0,296
999,unknown,0,0,0,0,0,0,0,0,0,0,0,0,0,0,0,0,0,0,0,0,0,0,0,0,0,0,0,0,0,0,0,0,0,0,0,0,0,0,0,0,0,0,0,0,0,0,0,0,0,0,0,0,0,0,0,0,0,0,0,0,0,0,0,0,0,0,0,0,0,0,0,0,0,0
○food_products_temperature_controlled,,,,,,,,,,,,,,,,,,,,,,,,,,,,,,,,,,,,,,,,,,,,,,,,,,,,,,,,,,,,,,,,,,,,,,,,,,,(unit: vehicles/day)
large_zone,region,tokyo_chiyoda_chuo_minato,tokyo_meguro_shinagawa_ota,tokyo_toshima_bunkyo_shinjuku_shibuya,tokyo_arakawa_taito_sumida_koto,tokyo_nakano_suginami_setagaya,tokyo_nerima_itabashi_kita,tokyo_adachi_katsushika_edogawa,chofu_nishitokyo_fuchu_musashino_etc,machida_tama_hachioji_inagi_etc,mizuho_fussa_hamura_akiruno_etc,yokohama_nishi_naka,yokohama_isogo_minami_kanazawa_konan,yokohama_hodogaya_totsuka_sakae_izumi_etc,yokohama_kohoku_tsuzuki_midori_aoba,yokohama_tsurumi_kanagawa,kawasaki_kawasaki_saiwai_nakahara,kawasaki_takatsu_miyamae_tama_asao,sagamihara_city,yokosuka_miura,kamakura_zushi_hayama,fujisawa_chigasaki_samukawa,hiratsuka_oiso_ninomiya,odawara_manazuru_yugawara_hakone,minami_ashigara_nakai_oi_matsuda_etc,atsugi_hadano_kiyokawa_isehara_etc,zama_yamato_ebina_ayase,saitama_city,kawaguchi_warabi_toda,asaka_wako_niiza_tokorozawa_etc,soka_kasukabe_misato_koshigaya_etc,hanno_hidaka_moroyama_ogose_etc,tsurugashima_sakado_kawajima_higashimatsuyama_etc,ageo_konosu_okegawa_kitamoto_etc,kuki_kazo_hanyu_gyoda_etc,kumagaya_fukaya_ogawa_yorii_etc,honjo_kamikawa_kamisato,chichibu_yokoze_minano_nagatoro_etc,chiba_city,ichikawa_urayasu_narashino_funabashi,matsudo_kamagaya_kashiwa_abiko,nagareyama_noda,yachiyo_sakura_narita_shiroi_etc,ichihara_city,kisarazu_sodegaura_kimitsu_futtsu,katsuura_otaki_tateyama_kamogawa_etc,choshi_asahi_sosa_katori_etc,togane_mobara_sanmu_oamishirasato_etc,tsuchiura_ishioka_omitama_kasumigaura_etc,koga_shimotsuma_yachiyo_goka_etc,tsukuba_city,joso_bando,ryugasaki_toride_ushiku_moriya_etc,inashiki_miho_kawachi,kashima_kamisu_namegata_itako,mito_hitachi_kasama_hitachinaka_etc,yuki_chikusei_sakuragawa,maebashi_takasaki_isesaki_shibukawa_etc,kiryu_ota_tatebayashi_midori_etc,utsunomiya_kanuma_moka_kaminokawa_etc,tochigi_oyama_shimotsuke_nogi_etc,ashikaga_sano,tokyo_islands,ibaraki_north,tochigi_north,gunma_north,gunma_other_ueno_kanna_nanmoku,hokkaido_tohoku,hokuriku,yamanashi_nagano,shizuoka,chubu_west,overseas,unknown,all_regions
0,tokyo_chiyoda_chuo_minato,131,11,58,9,43,0,2,0,0,0,2,3,0,3,0,3,0,0,0,0,0,0,0,0,0,0,3,0,0,3,0,0,0,0,0,0,3,4,23,3,0,0,0,0,0,0,0,0,0,0,0,0,0,0,0,0,3,0,0,0,0,0,0,0,0,0,0,0,0,0,0,0,9,320
1,tokyo_meguro_shinagawa_ota,28,24,24,10,14,5,6,4,0,0,4,0,0,0,0,0,0,0,0,0,0,0,0,0,0,0,0,0,0,0,0,0,0,0,0,0,0,0,0,0,0,0,0,0,0,0,0,0,0,0,0,0,0,0,0,0,0,0,0,0,0,0,0,0,0,0,3,0,0,7,3,0,3,135
2,tokyo_toshima_bunkyo_shinjuku_shibuya,9,0,9,9,0,0,0,0,0,0,9,0,0,0,0,0,0,0,0,0,0,0,0,0,0,0,0,0,0,0,0,0,0,1,0,0,0,0,0,0,0,0,0,0,0,0,0,0,0,0,0,0,0,0,0,0,0,0,0,0,0,0,0,0,0,0,0,0,0,0,9,0,0,45
3,tokyo_arakawa_taito_sumida_koto,187,10,132,111,10,39,65,5,25,0,7,0,3,0,3,6,3,1,0,0,3,3,6,0,0,0,7,39,0,3,0,0,0,3,3,0,0,13,27,2,2,3,0,0,0,0,0,0,0,0,0,0,0,0,0,40,0,0,0,0,0,0,2,0,0,0,0,0,2,0,71,0,0,834
4,tokyo_nakano_suginami_setagaya,34,54,67,22,89,22,22,45,19,0,8,4,19,8,4,8,4,11,0,0,4,0,0,0,9,4,0,0,0,0,0,0,0,0,0,0,0,0,0,0,0,22,0,0,0,0,0,0,0,0,0,0,0,0,0,0,0,0,0,0,0,0,0,0,0,0,11,0,0,0,157,0,0,649
5,tokyo_nerima_itabashi_kita,0,0,11,0,0,24,11,22,11,0,0,0,0,0,11,0,0,0,0,0,0,0,0,0,0,0,70,34,56,11,11,22,0,22,11,0,0,0,11,11,0,0,0,0,0,0,0,11,0,0,0,0,0,0,0,0,0,0,0,0,0,0,0,0,0,0,0,0,0,11,45,0,26,445
6,tokyo_adachi_katsushika_edogawa,42,10,45,57,3,2,420,45,0,2,6,0,1,5,13,2,6,3,0,0,3,2,0,0,8,34,7,6,3,3,0,7,0,2,0,0,0,3,16,2,0,2,0,0,0,0,0,0,2,0,3,0,0,0,0,0,0,0,8,0,0,0,0,0,0,0,68,21,7,11,107,4,110,1100
7,chofu_nishitokyo_fuchu_musashino_etc,23,23,32,12,52,4,10,1041,40,258,10,36,21,29,9,48,23,35,4,4,11,5,0,0,65,24,37,27,139,42,4,13,0,10,9,0,0,49,79,29,6,21,0,0,0,5,0,10,10,0,10,11,0,15,20,10,35,15,10,5,5,0,0,0,0,0,15,10,15,10,63,0,128,2689
8,machida_tama_hachioji_inagi_etc,21,11,31,8,9,3,8,68,83,0,4,4,7,22,7,0,7,11,1,1,2,0,1,0,12,15,11,4,11,6,0,0,0,0,0,0,0,7,8,0,0,0,0,0,0,0,0,2,0,0,0,0,0,0,0,0,0,0,2,0,0,0,0,0,0,0,0,0,2,3,11,0,16,421
9,mizuho_fussa_hamura_akiruno_etc,0,0,0,0,0,0,0,5,0,0,0,3,0,0,0,0,3,0,0,0,0,0,0,3,7,4,0,4,27,7,0,0,0,0,4,0,0,3,7,0,0,0,0,0,0,0,0,0,0,0,0,0,0,0,3,0,7,0,3,0,0,0,0,0,0,0,0,0,0,3,0,0,15,110
10,yokohama_nishi_naka,0,2,0,0,0,0,0,0,0,0,43,2,0,4,2,4,0,2,3,0,0,0,0,0,4,15,0,0,2,0,0,0,2,0,0,0,0,2,4,0,2,0,0,0,0,0,0,4,0,2,0,0,0,0,0,0,2,0,2,0,0,0,2,0,0,0,8,0,13,0,8,0,4,137
11,yokohama_isogo_minami_kanazawa_konan,6,2,3,0,3,0,0,0,7,0,31,94,34,13,9,5,9,2,17,10,26,12,13,2,2,0,0,0,0,2,0,0,0,0,0,0,0,0,0,0,0,0,0,0,0,0,0,0,0,0,0,0,0,0,0,0,0,0,0,0,0,0,0,0,0,0,0,0,0,0,2,0,3,306
12,yokohama_hodogaya_totsuka_sakae_izumi_etc,6,13,6,3,3,0,0,12,0,0,23,6,22,13,6,6,0,6,0,3,10,0,0,0,16,13,0,0,3,25,0,0,0,0,0,0,0,0,0,0,0,0,0,3,0,0,0,0,0,0,0,0,0,0,0,0,0,0,0,0,0,0,0,3,0,0,10,0,0,22,30,0,13,280
13,yokohama_kohoku_tsuzuki_midori_aoba,15,9,10,0,15,3,0,15,13,0,3,10,39,34,3,10,16,13,6,0,3,3,3,0,16,6,0,7,0,0,0,6,0,0,0,0,0,0,0,0,0,0,0,0,0,0,0,0,0,0,0,0,0,0,0,0,0,0,0,0,0,0,0,0,0,0,0,0,0,0,20,0,6,286
14,yokohama_tsurumi_kanagawa,10,11,4,4,4,11,0,6,0,0,4,6,0,0,36,22,0,4,2,0,3,0,0,0,8,12,6,2,9,6,0,0,0,1,5,0,0,8,7,0,0,0,0,0,0,0,2,0,2,0,2,0,0,0,0,0,4,0,0,1,0,0,0,2,0,0,27,0,8,4,31,0,42,314
15,kawasaki_kawasaki_saiwai_nakahara,8,41,8,3,23,10,4,53,57,0,35,56,34,38,35,76,54,11,11,0,15,8,4,0,11,17,0,10,3,0,0,0,6,0,0,0,0,13,19,4,0,0,0,0,0,0,0,4,0,0,0,0,0,0,0,0,0,0,0,0,0,0,0,0,0,0,0,0,0,0,0,0,58,730
16,kawasaki_takatsu_miyamae_tama_asao,12,99,8,0,145,0,0,31,8,0,31,8,16,96,16,54,100,4,0,0,4,0,0,0,8,0,0,0,0,0,0,0,0,0,0,0,0,0,0,0,0,0,0,0,0,0,0,0,0,0,0,0,0,0,0,0,0,0,0,0,0,0,0,0,0,0,0,0,0,0,12,0,76,729
17,sagamihara_city,4,9,8,0,8,16,5,33,22,0,0,4,9,17,3,4,9,56,0,9,10,4,4,1,8,42,10,1,2,5,4,5,0,2,0,0,0,5,0,0,0,0,0,0,0,0,0,6,0,0,0,8,0,0,0,1,0,0,0,0,0,0,0,4,0,0,5,0,10,19,1,0,17,396
18,yokosuka_miura,0,0,0,0,0,0,0,0,0,0,0,7,0,0,7,0,0,0,18,4,0,0,0,0,0,0,0,0,0,0,0,0,0,0,0,0,0,0,0,0,0,0,0,0,0,0,0,0,0,0,0,0,0,0,0,0,0,0,0,0,0,0,0,0,0,0,0,0,0,0,0,0,0,35
19,kamakura_zushi_hayama,0,3,0,0,0,0,0,0,0,0,0,0,7,0,0,3,0,0,0,32,4,0,0,0,3,0,0,0,0,0,0,0,0,0,0,0,0,0,0,0,0,0,0,0,0,0,0,0,0,0,0,0,0,0,0,3,0,0,0,0,0,0,0,0,0,0,0,0,0,0,0,0,0,54
20,fujisawa_chigasaki_samukawa,7,6,0,0,6,0,0,78,87,0,0,0,4,0,4,0,4,69,21,48,157,45,12,18,119,107,0,66,0,0,0,0,0,0,0,0,0,0,0,0,0,0,0,0,0,0,0,0,0,0,0,45,0,0,0,0,18,0,21,0,0,0,0,0,0,0,9,0,69,51,9,0,234,1312
21,hiratsuka_oiso_ninomiya,0,5,0,0,0,4,0,0,3,11,7,0,7,7,4,7,4,4,0,4,22,38,24,11,25,4,4,0,18,0,0,0,4,0,0,0,0,0,0,0,0,0,0,0,0,0,0,0,0,0,0,0,0,0,0,0,0,0,0,0,0,0,0,0,0,0,0,0,0,0,4,0,4,219
22,odawara_manazuru_yugawara_hakone,0,0,0,0,0,0,0,0,0,0,0,0,0,0,0,0,0,0,0,0,0,7,32,11,4,0,0,0,0,0,0,0,0,0,0,0,0,0,0,0,0,0,0,0,0,0,0,0,0,0,0,0,0,0,0,0,0,0,0,0,0,0,0,0,0,0,0,0,0,14,0,0,0,67
23,minami_ashigara_nakai_oi_matsuda_etc,15,3,6,7,0,3,0,6,0,0,6,6,13,0,12,6,6,3,0,0,7,3,21,11,16,21,6,3,6,0,0,0,3,0,0,0,0,0,12,0,3,0,0,0,0,0,0,0,0,0,7,0,0,0,0,0,0,0,0,0,0,0,0,0,0,0,3,3,3,6,16,0,4,245
24,atsugi_hadano_kiyokawa_isehara_etc,0,6,0,3,0,0,0,11,3,0,3,23,7,48,17,27,3,25,18,0,13,9,4,0,198,60,3,17,22,5,30,3,3,5,0,0,0,18,26,0,0,13,0,8,6,3,0,5,3,0,3,7,0,0,0,0,7,0,0,5,3,0,4,0,0,0,11,2,2,50,37,0,257,1032
25,zama_yamato_ebina_ayase,16,16,6,6,6,4,27,89,31,25,41,67,94,61,40,51,38,48,20,18,31,19,15,13,71,157,15,6,20,24,0,0,3,15,6,0,0,21,18,6,3,3,0,0,0,0,1,3,0,0,0,0,0,0,6,0,9,0,3,6,0,0,0,0,0,0,12,4,56,31,32,0,56,1368
26,saitama_city,4,4,15,8,8,11,4,4,0,0,0,0,0,0,0,0,0,4,0,0,0,0,0,0,0,0,89,11,20,68,4,0,3,10,3,0,0,0,3,0,0,0,0,0,0,0,0,3,0,0,0,0,0,0,0,3,0,4,0,0,0,0,0,3,0,0,0,0,0,0,0,0,6,294
27,kawaguchi_warabi_toda,2,0,0,5,0,10,5,4,0,0,0,0,0,0,0,0,0,0,0,0,4,0,0,0,0,0,180,77,28,54,0,0,45,45,23,0,0,0,0,5,7,0,0,0,0,0,0,0,23,0,0,0,0,0,0,0,0,23,0,45,0,0,0,5,0,0,4,0,4,0,6,0,44,646
28,asaka_wako_niiza_tokorozawa_etc,11,14,0,11,32,21,2,672,270,138,0,10,0,6,11,0,0,6,0,0,0,0,0,0,40,10,351,63,681,18,73,126,73,28,8,2,8,6,45,15,0,10,0,0,0,0,5,10,0,0,0,4,0,0,6,0,4,5,6,0,2,0,0,5,0,0,23,16,43,17,44,0,328,3275
29,soka_kasukabe_misato_koshigaya_etc,32,0,35,28,5,46,61,5,5,5,5,0,0,0,6,0,0,0,0,0,0,0,0,0,0,9,56,32,67,57,9,10,30,15,10,0,0,49,63,24,5,24,5,17,10,20,15,0,5,0,5,10,0,10,27,10,34,0,21,16,10,0,0,0,0,0,21,9,9,8,47,0,137,1137
30,hanno_hidaka_moroyama_ogose_etc,0,4,0,0,0,0,0,4,0,0,0,4,0,8,0,0,0,0,0,0,0,0,0,0,0,0,4,0,7,7,3,3,0,7,0,0,0,0,4,0,0,0,0,0,0,0,0,0,0,0,0,0,0,0,0,0,8,0,0,0,0,0,0,0,0,0,8,0,0,8,8,0,19,106
31,tsurugashima_sakado_kawajima_higashimatsuyama_etc,99,115,48,171,48,36,48,235,12,24,0,3,3,24,168,48,0,111,0,0,60,0,24,0,339,72,206,99,290,276,3,19,12,108,58,24,0,171,427,127,204,276,0,0,0,12,0,0,0,0,0,0,0,0,0,0,0,0,0,0,3,0,0,0,0,0,3,0,7,10,6,0,408,4440
32,ageo_konosu_okegawa_kitamoto_etc,0,0,0,0,0,0,0,0,0,0,0,0,0,0,0,0,0,0,0,0,0,0,0,0,0,0,20,13,6,3,0,3,20,3,0,0,0,0,0,0,0,0,0,0,0,0,0,0,0,0,0,0,0,0,0,0,0,0,0,0,0,0,0,0,0,0,3,0,0,0,0,0,0,73
33,kuki_kazo_hanyu_gyoda_etc,7,5,3,14,0,0,8,5,0,0,3,3,0,0,0,0,0,0,0,0,0,0,0,0,16,3,8,9,30,45,0,0,9,40,0,0,0,0,12,10,6,0,0,0,0,0,3,0,2,0,0,0,0,0,2,3,0,3,2,8,0,0,0,0,0,0,15,8,9,6,34,0,38,374
34,kumagaya_fukaya_ogawa_yorii_etc,0,4,0,0,4,0,0,5,4,0,0,0,0,5,1,11,0,0,0,0,1,0,0,0,2,2,36,4,35,14,8,34,19,26,69,10,7,7,0,3,0,0,0,0,3,0,0,3,9,0,0,0,0,0,0,0,6,8,0,0,0,0,0,0,0,0,15,7,18,0,33,0,24,437
35,honjo_kamikawa_kamisato,3,0,0,3,3,0,0,0,0,0,0,0,0,0,0,0,0,0,0,0,0,0,0,0,3,0,0,3,0,3,0,0,3,3,22,15,8,0,3,3,0,0,0,0,0,0,0,3,3,0,0,0,0,0,0,0,33,6,0,0,3,0,0,0,3,0,6,3,9,0,16,0,20,182
36,chichibu_yokoze_minano_nagatoro_etc,0,0,0,0,0,0,3,3,0,0,0,3,0,0,0,0,0,0,0,0,0,0,0,0,3,0,0,0,6,0,0,0,0,6,3,0,0,3,0,0,0,0,0,0,0,0,0,3,0,0,0,0,3,0,0,0,0,0,0,0,0,0,0,6,6,0,0,6,22,6,3,0,14,97
37,chiba_city,0,0,0,3,0,0,34,6,6,0,0,0,3,3,0,0,0,6,0,0,0,0,0,0,9,13,4,0,12,9,0,9,12,3,0,3,0,233,85,69,20,149,25,0,10,36,32,3,34,6,3,3,0,0,3,0,28,52,3,3,0,0,0,0,0,0,9,25,12,18,21,0,98,1117
38,ichikawa_urayasu_narashino_funabashi,71,201,42,77,4,10,98,8,2,1,0,0,0,0,0,29,0,4,0,0,0,0,0,0,15,0,4,48,0,39,0,0,0,5,0,0,0,96,170,43,15,175,19,0,0,0,0,0,0,0,0,2,0,0,0,0,0,0,0,0,0,0,0,0,0,0,38,21,11,11,148,0,141,1549
39,matsudo_kamagaya_kashiwa_abiko,0,0,4,0,0,0,4,28,0,0,0,4,0,0,0,0,0,0,0,0,0,0,0,0,0,4,4,0,0,4,0,0,0,0,0,0,0,7,0,0,0,7,0,0,0,0,0,0,0,0,0,0,0,0,0,0,0,0,0,0,0,0,0,0,0,0,0,0,0,7,4,0,0,74
40,nagareyama_noda,0,0,0,0,10,0,0,0,0,0,0,0,0,0,0,0,0,0,0,0,0,0,0,0,0,0,4,0,0,4,0,0,0,0,0,0,0,4,4,4,7,0,0,0,0,0,0,0,0,0,0,0,0,0,10,0,0,0,10,0,0,0,0,0,0,0,21,0,10,0,0,0,0,87
41,yachiyo_sakura_narita_shiroi_etc,12,2,0,19,10,18,20,23,17,0,15,6,4,0,3,22,0,0,0,0,0,3,0,0,0,7,24,8,62,18,0,0,6,26,2,0,0,35,150,26,7,141,0,0,4,33,19,12,28,3,0,0,0,3,3,0,3,7,6,3,0,0,0,0,0,0,27,11,6,7,163,0,296,1320
42,ichihara_city,0,0,0,0,0,0,0,0,0,0,0,0,0,0,0,0,0,0,0,0,0,0,0,0,0,0,0,0,0,0,0,0,0,0,0,0,0,0,0,0,0,8,126,0,114,0,57,0,7,0,0,0,0,0,0,0,4,0,3,0,0,0,0,0,0,0,13,9,9,0,29,0,121,500
43,kisarazu_sodegaura_kimitsu_futtsu,3,0,0,4,0,0,0,0,0,0,0,0,0,0,0,0,0,0,0,0,0,0,0,0,0,0,0,0,0,4,0,0,0,0,0,0,0,7,12,0,0,0,0,219,7,0,0,0,0,0,0,0,0,0,0,0,0,0,0,0,0,0,0,0,0,0,0,0,0,0,0,0,11,267
44,katsuura_otaki_tateyama_kamogawa_etc,0,0,4,0,0,0,0,0,0,0,0,0,0,0,0,0,0,0,0,0,0,0,0,0,0,0,0,0,0,0,0,0,0,0,0,0,0,4,0,0,0,0,0,14,28,0,0,0,0,0,0,0,0,0,0,0,0,0,0,0,0,0,0,0,0,0,0,0,0,4,7,0,7,67
45,choshi_asahi_sosa_katori_etc,12,19,3,0,0,0,4,0,0,0,0,0,0,0,4,4,4,0,0,0,0,0,0,0,12,9,4,0,0,4,3,0,0,0,0,0,0,8,7,4,5,21,4,0,0,138,57,0,0,0,0,0,0,14,0,0,27,0,0,5,0,0,0,5,5,0,35,0,10,23,49,0,71,565
46,togane_mobara_sanmu_oamishirasato_etc,0,0,0,0,0,0,0,0,0,0,0,0,0,0,0,4,0,0,0,0,0,0,0,0,0,0,0,3,0,4,0,0,0,3,0,0,0,0,13,0,0,7,0,0,21,4,43,0,0,0,0,0,0,0,0,0,0,0,0,0,0,0,0,0,0,0,0,0,0,0,3,0,10,112
47,tsuchiura_ishioka_omitama_kasumigaura_etc,3,6,0,0,6,0,3,3,0,3,0,0,0,0,0,0,0,0,0,0,0,0,0,0,9,0,3,0,18,9,0,0,3,3,0,0,0,7,5,6,0,22,0,3,0,5,0,62,7,2,4,7,5,9,32,7,0,10,18,2,0,0,8,11,0,0,9,0,0,0,3,0,3,318
48,koga_shimotsuma_yachiyo_goka_etc,0,0,3,0,0,0,0,9,12,0,0,0,0,0,0,0,0,3,0,0,0,0,0,0,0,0,6,3,9,12,0,18,0,0,3,0,0,14,0,11,0,6,0,0,0,0,0,6,31,0,6,6,0,0,4,14,3,0,18,0,0,0,0,0,0,0,0,0,0,6,3,0,66,270
49,tsukuba_city,0,1,0,0,0,0,11,0,0,0,0,0,0,0,0,0,0,0,0,0,0,0,0,0,0,0,1,1,4,2,1,0,0,1,0,0,0,0,0,0,0,0,0,0,0,0,0,0,1,1,0,0,0,0,0,1,1,0,0,0,0,0,0,0,0,0,11,0,0,1,9,0,0,49
50,joso_bando,0,0,3,2,0,4,9,0,3,12,0,1,1,3,1,0,0,0,0,0,1,0,0,0,6,5,25,10,14,13,9,0,4,17,0,0,0,3,5,12,18,9,0,0,0,9,0,38,17,10,16,39,9,0,19,9,6,0,0,27,0,0,0,0,0,0,10,3,2,5,15,0,9,436
51,ryugasaki_toride_ushiku_moriya_etc,0,6,0,0,0,0,0,0,0,0,0,0,0,0,0,0,0,0,0,0,0,0,0,0,0,0,27,16,5,0,0,0,3,12,0,0,0,0,13,0,0,13,0,0,0,0,0,0,0,0,0,31,0,0,4,0,0,0,2,0,2,0,0,0,0,0,0,3,0,0,0,0,6,143
52,inashiki_miho_kawachi,0,3,0,0,0,0,0,6,0,0,0,0,0,3,0,0,0,0,0,0,0,0,0,0,0,0,0,0,3,3,0,0,0,0,0,0,0,3,0,0,0,6,0,0,0,0,0,3,0,0,0,0,0,0,0,0,0,0,0,0,0,0,0,0,0,0,0,0,0,0,0,0,0,29
53,kashima_kamisu_namegata_itako,3,0,0,0,0,0,3,0,0,0,0,3,0,0,0,3,3,0,0,0,0,0,0,0,3,0,3,0,3,15,0,6,0,0,0,0,0,3,3,0,0,6,0,0,0,0,0,7,3,0,0,3,0,13,3,0,0,3,3,0,3,0,0,0,0,0,9,9,6,3,27,0,18,169
54,mito_hitachi_kasama_hitachinaka_etc,9,7,0,9,7,9,20,11,9,0,0,0,0,0,11,0,0,0,0,0,0,0,0,0,0,0,24,15,2,36,0,0,0,3,0,0,0,9,7,0,0,43,0,0,0,9,17,60,0,13,0,19,0,53,254,11,2,0,9,0,0,0,68,17,0,0,44,0,0,0,56,0,44,904
55,yuki_chikusei_sakuragawa,0,0,0,0,0,0,0,0,3,0,0,0,0,0,0,0,0,0,0,0,0,0,0,0,0,0,0,4,0,0,0,0,0,0,0,0,0,0,0,0,0,0,0,0,0,0,0,0,0,0,0,0,0,0,0,4,0,0,0,7,0,0,0,4,0,0,0,0,0,4,0,0,10,35
56,maebashi_takasaki_isesaki_shibukawa_etc,16,4,4,4,1,6,16,22,0,3,0,4,2,2,0,4,0,0,0,0,4,53,0,0,16,7,18,12,58,15,0,0,7,7,31,27,7,12,40,16,23,4,0,0,0,0,4,10,2,0,4,0,0,0,16,0,341,61,10,16,0,0,0,7,18,0,74,34,60,37,154,0,305,1592
57,kiryu_ota_tatebayashi_midori_etc,8,7,0,0,7,4,7,12,0,0,0,0,0,2,11,6,4,4,0,0,0,0,0,0,0,2,36,0,15,0,0,2,0,6,5,0,0,7,15,11,11,4,0,2,0,0,2,20,0,0,0,10,0,2,0,0,16,18,0,0,0,0,0,2,0,0,83,42,27,8,244,0,116,780
58,utsunomiya_kanuma_moka_kaminokawa_etc,0,23,0,15,0,0,0,30,0,0,0,15,15,0,0,4,15,15,0,0,15,0,0,0,15,4,19,15,19,4,0,0,0,8,4,0,0,15,15,23,0,0,0,0,0,0,0,15,0,0,19,0,0,0,30,23,0,8,123,33,0,0,0,0,0,0,0,4,0,0,4,0,8,560
59,tochigi_oyama_shimotsuke_nogi_etc,0,0,0,0,0,0,4,0,0,0,0,0,0,0,0,0,0,0,0,0,0,0,0,0,4,0,0,5,0,0,0,0,0,0,0,0,0,0,0,0,0,0,0,0,0,0,0,1,31,0,0,4,0,0,0,0,0,0,11,38,4,0,0,19,0,0,61,7,10,0,80,0,247,527
60,ashikaga_sano,0,4,0,8,0,0,0,4,4,4,0,0,0,0,0,3,7,0,0,0,0,0,0,0,0,0,0,4,4,7,0,0,0,6,4,10,0,4,3,0,0,3,0,4,0,0,0,3,0,0,0,0,0,0,0,0,7,19,4,16,43,0,0,4,0,0,7,4,3,0,69,0,0,261
61,tokyo_islands,0,0,0,0,0,0,0,0,0,0,0,0,0,0,0,0,0,0,0,0,0,0,0,0,0,0,0,0,0,0,0,0,0,0,0,0,0,0,0,0,0,0,0,0,0,0,0,0,0,0,0,0,0,0,0,0,0,0,0,0,0,0,0,0,0,0,0,0,0,0,0,0,0,0
62,ibaraki_north,0,0,0,0,0,0,0,0,0,0,0,0,0,0,0,0,0,0,0,0,0,0,0,0,0,0,0,0,0,0,0,0,0,0,0,0,0,0,4,0,0,3,0,0,0,0,0,0,0,0,0,0,0,0,52,0,6,11,0,0,0,0,0,0,0,0,0,0,0,0,0,0,0,76
63,tochigi_north,0,0,0,0,0,0,0,0,0,0,0,0,0,0,0,0,0,0,0,0,0,0,0,0,0,0,0,0,1,0,0,0,0,0,0,0,0,0,1,0,0,0,0,0,0,0,0,0,0,0,0,0,0,0,0,0,3,0,12,0,0,0,0,0,0,0,0,0,0,0,0,0,0,17
64,gunma_north,0,0,0,0,0,0,0,1,0,0,0,0,0,0,0,0,0,0,0,0,0,0,0,0,0,0,0,0,0,0,0,0,0,0,0,0,0,0,0,0,0,0,0,0,0,0,0,0,0,0,0,0,0,0,0,0,6,0,0,0,0,0,0,0,0,0,0,0,0,0,0,0,0,7
65,gunma_other_ueno_kanna_nanmoku,0,0,0,0,0,0,0,0,0,0,0,0,0,0,0,0,0,0,0,0,0,0,0,0,0,0,0,0,0,0,0,0,0,0,0,0,0,0,0,0,0,0,0,0,0,0,0,0,0,0,0,0,0,0,0,0,0,0,0,0,0,0,0,0,0,0,0,0,0,0,0,0,0,0
66,hokkaido_tohoku,313,0,0,0,0,11,71,12,0,0,2,9,3,7,0,0,0,0,0,0,12,0,0,0,0,3,0,0,12,0,0,3,0,0,0,0,3,20,17,4,0,4,0,4,7,0,0,9,3,0,0,0,0,0,3,0,44,2,0,8,0,0,0,0,0,0,0,0,0,0,0,0,0,586
67,hokuriku,104,0,0,0,0,11,8,1,0,0,0,0,0,0,0,4,0,0,0,0,0,0,0,0,0,10,0,0,12,0,0,0,0,7,0,0,0,20,14,0,0,0,0,0,4,0,0,0,0,0,3,0,0,0,0,0,3,0,8,0,0,0,0,0,0,0,0,0,0,0,0,0,0,209
68,yamanashi_nagano,36,0,0,0,0,11,8,2,0,0,0,0,0,0,1,0,0,14,0,0,0,0,0,0,12,8,0,0,26,0,0,0,0,9,0,0,0,20,20,0,0,0,0,0,4,0,0,4,0,0,0,0,0,0,0,0,32,0,4,0,4,0,0,0,0,0,0,0,0,0,0,0,0,213
69,shizuoka,0,0,0,0,0,0,12,5,0,0,0,1,0,0,1,0,0,0,0,0,1,0,0,0,23,3,0,15,4,5,4,9,8,3,0,0,3,10,0,0,0,1,0,0,0,2,0,0,3,0,3,0,0,0,0,0,46,2,0,0,0,0,0,0,0,0,0,0,0,0,0,0,0,166
70,chubu_west,694,4,0,0,0,0,103,11,0,0,0,7,0,0,13,4,0,0,0,0,0,0,0,0,19,41,0,10,39,1,3,20,11,10,8,3,0,0,33,21,31,3,4,0,0,4,20,29,6,0,3,5,3,0,9,0,137,18,0,53,3,0,0,0,0,0,0,0,0,0,0,0,0,1385
71,overseas,48,32,0,6,0,3,8,0,0,0,6,0,0,0,48,0,0,0,0,0,0,0,0,16,0,0,0,0,5,0,0,0,0,0,0,3,0,0,0,0,0,0,0,0,0,4,0,3,0,0,0,0,0,0,0,0,0,0,0,0,0,0,0,0,0,0,0,0,0,0,0,0,0,183
999,unknown,0,0,0,0,0,0,0,0,0,0,0,0,0,0,0,0,0,0,0,0,0,0,0,0,0,0,0,0,0,0,0,0,0,0,0,0,0,0,0,0,0,0,0,0,0,0,0,0,0,0,0,0,0,0,0,0,0,0,0,0,0,0,0,0,0,0,0,0,0,0,0,0,0,0
○food_products_ambient,,,,,,,,,,,,,,,,,,,,,,,,,,,,,,,,,,,,,,,,,,,,,,,,,,,,,,,,,,,,,,,,,,,,,,,,,,,(unit: vehicles/day)
large_zone,region,tokyo_chiyoda_chuo_minato,tokyo_meguro_shinagawa_ota,tokyo_toshima_bunkyo_shinjuku_shibuya,tokyo_arakawa_taito_sumida_koto,tokyo_nakano_suginami_setagaya,tokyo_nerima_itabashi_kita,tokyo_adachi_katsushika_edogawa,chofu_nishitokyo_fuchu_musashino_etc,machida_tama_hachioji_inagi_etc,mizuho_fussa_hamura_akiruno_etc,yokohama_nishi_naka,yokohama_isogo_minami_kanazawa_konan,yokohama_hodogaya_totsuka_sakae_izumi_etc,yokohama_kohoku_tsuzuki_midori_aoba,yokohama_tsurumi_kanagawa,kawasaki_kawasaki_saiwai_nakahara,kawasaki_takatsu_miyamae_tama_asao,sagamihara_city,yokosuka_miura,kamakura_zushi_hayama,fujisawa_chigasaki_samukawa,hiratsuka_oiso_ninomiya,odawara_manazuru_yugawara_hakone,minami_ashigara_nakai_oi_matsuda_etc,atsugi_hadano_kiyokawa_isehara_etc,zama_yamato_ebina_ayase,saitama_city,kawaguchi_warabi_toda,asaka_wako_niiza_tokorozawa_etc,soka_kasukabe_misato_koshigaya_etc,hanno_hidaka_moroyama_ogose_etc,tsurugashima_sakado_kawajima_higashimatsuyama_etc,ageo_konosu_okegawa_kitamoto_etc,kuki_kazo_hanyu_gyoda_etc,kumagaya_fukaya_ogawa_yorii_etc,honjo_kamikawa_kamisato,chichibu_yokoze_minano_nagatoro_etc,chiba_city,ichikawa_urayasu_narashino_funabashi,matsudo_kamagaya_kashiwa_abiko,nagareyama_noda,yachiyo_sakura_narita_shiroi_etc,ichihara_city,kisarazu_sodegaura_kimitsu_futtsu,katsuura_otaki_tateyama_kamogawa_etc,choshi_asahi_sosa_katori_etc,togane_mobara_sanmu_oamishirasato_etc,tsuchiura_ishioka_omitama_kasumigaura_etc,koga_shimotsuma_yachiyo_goka_etc,tsukuba_city,joso_bando,ryugasaki_toride_ushiku_moriya_etc,inashiki_miho_kawachi,kashima_kamisu_namegata_itako,mito_hitachi_kasama_hitachinaka_etc,yuki_chikusei_sakuragawa,maebashi_takasaki_isesaki_shibukawa_etc,kiryu_ota_tatebayashi_midori_etc,utsunomiya_kanuma_moka_kaminokawa_etc,tochigi_oyama_shimotsuke_nogi_etc,ashikaga_sano,tokyo_islands,ibaraki_north,tochigi_north,gunma_north,gunma_other_ueno_kanna_nanmoku,hokkaido_tohoku,hokuriku,yamanashi_nagano,shizuoka,chubu_west,overseas,unknown,all_regions
0,tokyo_chiyoda_chuo_minato,34,17,4,29,4,4,0,0,0,0,4,0,0,4,0,0,0,0,0,0,0,0,0,0,0,0,0,0,0,0,0,0,0,0,0,0,0,0,5,0,0,0,0,0,0,0,0,0,0,0,0,0,0,0,0,0,0,0,0,0,0,0,0,0,0,0,0,0,0,4,0,0,15,124
1,tokyo_meguro_shinagawa_ota,102,221,55,66,18,9,9,60,9,2,11,10,11,12,4,7,4,6,4,0,10,6,2,0,17,18,23,11,20,11,0,4,9,15,2,0,0,8,13,4,4,9,2,2,0,4,6,0,0,0,0,0,0,0,2,0,6,0,8,0,0,0,0,2,0,0,46,14,13,14,132,8,42,1111
2,tokyo_toshima_bunkyo_shinjuku_shibuya,0,0,0,3,0,0,0,45,18,9,0,0,0,9,0,0,0,0,0,0,0,0,0,0,0,0,0,0,0,9,0,0,0,0,0,0,0,0,0,0,0,0,0,0,0,0,0,0,0,0,0,0,0,0,0,0,0,0,0,0,0,0,0,0,0,0,0,0,9,0,0,0,39,141
3,tokyo_arakawa_taito_sumida_koto,243,52,62,324,37,67,98,7,0,0,0,0,0,0,9,3,0,3,0,0,0,0,0,0,9,4,6,11,11,9,0,0,0,0,0,0,0,0,25,6,3,0,0,0,0,0,0,3,3,0,2,3,0,0,0,0,8,0,0,0,0,0,0,0,0,0,6,3,3,3,35,0,25,1079
4,tokyo_nakano_suginami_setagaya,0,107,62,0,320,0,0,133,9,0,0,0,0,9,0,0,0,0,0,0,0,0,0,0,0,0,9,0,0,0,0,0,0,0,0,0,0,0,0,0,0,0,0,0,0,0,0,0,0,0,0,0,0,0,0,0,0,0,0,0,0,0,0,0,0,0,0,0,0,9,0,0,52,708
5,tokyo_nerima_itabashi_kita,29,26,134,104,0,209,81,35,0,0,0,0,35,0,0,11,0,3,0,0,0,0,0,0,11,22,0,3,11,11,0,11,11,0,0,11,0,0,11,0,0,35,0,0,0,0,0,0,0,0,0,0,0,0,0,0,35,0,0,0,0,0,0,0,0,0,3,2,2,0,5,0,28,878
6,tokyo_adachi_katsushika_edogawa,26,32,11,125,3,3,39,15,11,3,4,0,3,0,4,3,0,0,3,0,9,0,0,0,6,4,7,4,18,18,0,0,0,10,4,0,0,11,43,17,6,8,0,0,0,0,0,0,0,3,3,0,0,4,3,0,0,3,3,0,0,0,0,0,0,0,14,1,0,3,29,0,58,578
7,chofu_nishitokyo_fuchu_musashino_etc,68,76,155,76,174,83,25,577,107,64,0,0,0,16,9,29,24,10,4,27,18,0,0,0,22,21,24,10,46,23,0,4,7,4,0,0,0,0,22,9,4,9,0,4,0,4,0,9,0,0,4,3,0,0,4,0,9,3,0,4,0,0,0,0,0,0,51,25,16,12,113,0,341,2352
8,machida_tama_hachioji_inagi_etc,7,15,11,13,8,0,0,67,86,31,4,8,0,9,0,6,0,11,2,0,4,2,0,0,9,2,4,0,20,0,4,0,0,0,0,0,0,4,4,4,5,0,0,0,0,0,0,0,0,4,0,0,0,0,0,0,3,0,0,0,0,0,0,0,0,0,5,0,20,2,30,0,49,454
9,mizuho_fussa_hamura_akiruno_etc,0,0,7,4,8,4,0,75,25,83,0,0,0,0,0,0,0,43,0,0,0,0,0,0,4,0,0,4,0,4,0,0,0,43,0,0,0,0,0,0,0,0,0,0,0,0,0,0,79,0,0,0,0,0,0,0,0,22,0,0,0,0,0,0,0,0,54,0,32,0,0,0,84,574
10,yokohama_nishi_naka,4,4,1,45,18,0,2,0,6,2,59,107,85,80,31,22,17,6,34,18,62,7,0,3,26,18,7,0,7,0,0,0,0,0,2,0,0,2,8,0,0,3,0,0,0,0,0,0,0,0,0,0,0,0,2,0,4,2,2,4,0,0,0,0,0,0,7,2,7,2,12,0,8,741
11,yokohama_isogo_minami_kanazawa_konan,0,10,7,0,3,0,0,0,0,0,27,33,30,13,13,13,0,7,7,25,22,3,0,0,3,7,0,0,0,0,0,0,0,0,0,0,0,0,0,0,0,0,0,0,0,0,0,0,0,0,0,0,0,0,0,0,0,0,0,0,0,0,0,0,0,0,0,0,3,3,0,0,3,232
12,yokohama_hodogaya_totsuka_sakae_izumi_etc,2,0,0,2,0,0,2,5,0,0,11,11,28,2,15,10,5,7,5,0,2,2,2,0,15,2,0,5,5,2,0,2,0,0,0,0,0,2,2,2,2,0,0,0,0,0,2,5,2,2,2,2,0,0,0,0,2,0,0,0,0,0,0,0,0,0,12,5,10,2,35,0,7,247
13,yokohama_kohoku_tsuzuki_midori_aoba,3,0,0,3,0,0,0,2,3,0,13,10,162,155,7,7,13,0,3,0,0,0,0,1,3,25,3,1,0,0,0,0,0,0,0,0,0,15,3,3,0,0,0,0,0,0,0,0,0,0,0,0,0,0,0,0,0,0,0,0,1,0,0,0,1,0,21,5,8,3,57,0,22,557
14,yokohama_tsurumi_kanagawa,67,94,68,91,59,22,56,86,41,2,55,70,82,53,92,94,78,39,7,0,11,39,7,0,35,53,16,18,7,2,0,0,17,2,2,0,0,51,79,12,5,0,4,0,14,0,0,0,0,0,0,23,0,2,26,0,16,2,14,14,0,0,0,0,0,0,176,26,33,82,865,2,92,2902
15,kawasaki_kawasaki_saiwai_nakahara,11,176,3,43,3,3,8,8,0,3,14,22,25,25,74,189,16,5,3,3,0,0,0,0,14,30,13,3,22,8,3,3,5,8,0,0,0,14,0,8,46,8,3,0,0,0,3,3,0,0,0,0,0,0,3,3,11,0,5,0,0,0,0,5,0,0,19,0,8,11,19,0,129,1037
16,kawasaki_takatsu_miyamae_tama_asao,4,15,11,0,4,4,4,8,4,8,0,0,0,4,0,4,28,0,0,0,0,0,0,0,4,0,0,0,0,0,0,0,8,0,0,0,0,0,4,0,0,0,0,0,0,0,4,0,0,0,0,0,0,0,4,0,4,0,0,0,0,0,0,0,0,0,23,4,0,0,23,0,11,184
17,sagamihara_city,0,0,0,0,4,0,0,49,30,19,0,0,0,7,0,4,15,55,0,0,0,0,0,0,0,4,0,0,0,0,0,0,0,0,0,0,0,0,0,0,0,0,0,0,0,0,0,0,0,0,0,0,0,0,0,0,0,0,0,0,0,0,0,0,0,0,0,0,0,0,3,0,6,195
18,yokosuka_miura,0,0,0,0,0,0,0,0,0,0,0,0,0,0,0,0,0,0,0,0,0,0,0,0,0,0,0,0,0,0,0,0,0,0,0,0,0,0,0,0,0,0,0,0,0,0,0,0,0,0,0,0,0,0,0,0,0,0,0,0,0,0,0,0,0,0,0,0,0,0,0,0,0,0
19,kamakura_zushi_hayama,0,0,0,0,0,0,0,0,0,0,0,4,38,0,0,0,0,0,12,99,125,0,0,0,0,0,0,0,0,0,0,0,0,0,0,0,0,0,0,0,0,0,0,0,0,0,0,0,0,0,0,0,0,0,0,0,0,0,0,0,0,0,0,0,0,0,0,0,0,0,0,0,0,277
20,fujisawa_chigasaki_samukawa,10,9,3,0,4,0,7,18,3,0,3,13,11,12,14,10,7,7,7,6,23,1,1,1,10,25,0,0,0,0,0,12,0,0,0,0,0,0,0,0,19,0,0,0,0,0,0,0,0,0,0,0,0,1,0,0,0,0,0,0,0,0,0,0,0,0,7,0,11,6,14,0,15,290
21,hiratsuka_oiso_ninomiya,0,0,0,0,0,0,0,0,0,0,0,0,0,0,0,0,0,0,0,0,0,19,0,0,1,0,0,0,0,0,0,0,0,0,0,0,0,0,0,0,0,0,0,0,0,0,0,0,0,0,0,0,0,0,0,0,0,0,0,0,0,0,0,0,0,0,0,0,0,0,0,0,0,20
22,odawara_manazuru_yugawara_hakone,4,4,0,0,0,0,0,0,4,0,0,4,0,0,0,0,0,0,0,0,4,4,18,4,4,7,0,0,0,0,0,0,0,0,0,0,0,0,0,0,0,0,0,0,0,0,0,0,0,0,0,0,0,0,0,0,0,0,0,0,0,0,0,0,0,0,0,0,0,0,0,0,6,59
23,minami_ashigara_nakai_oi_matsuda_etc,0,14,0,0,0,7,0,0,0,3,0,32,7,7,25,21,11,21,0,0,12,6,208,111,54,7,11,4,0,0,0,7,0,0,0,0,0,0,0,0,0,0,0,4,0,0,0,0,0,0,0,0,0,0,0,0,0,7,0,4,0,0,0,0,0,0,25,0,42,82,64,0,265,1059
24,atsugi_hadano_kiyokawa_isehara_etc,0,27,20,24,10,4,0,44,10,7,39,0,13,17,13,35,13,27,0,10,23,10,10,10,42,59,26,7,31,11,0,4,4,28,0,0,0,18,37,17,4,7,0,0,0,4,0,4,10,10,10,21,0,0,19,0,26,44,13,7,0,0,4,0,0,0,105,74,34,80,459,0,44,1622
25,zama_yamato_ebina_ayase,13,3,10,13,27,10,7,86,31,34,10,47,128,38,13,20,29,84,19,40,135,35,45,45,181,113,3,0,0,0,0,0,3,13,0,0,0,30,7,10,0,0,0,0,0,0,0,0,0,0,0,3,0,0,3,0,3,0,0,0,0,0,0,0,0,0,20,3,83,43,23,0,233,1700
26,saitama_city,14,4,0,22,7,8,2,22,3,4,0,0,0,0,4,0,0,4,0,0,0,7,0,0,14,0,169,24,29,23,0,0,14,12,13,7,7,4,17,0,0,16,0,0,0,0,0,10,7,0,0,7,0,0,13,0,2,7,0,4,3,0,0,0,0,0,46,22,8,8,167,4,71,828
27,kawaguchi_warabi_toda,22,11,30,17,21,76,49,11,0,0,4,0,0,33,13,22,11,22,0,0,15,0,0,0,0,11,207,206,162,128,10,5,23,55,0,0,0,14,36,16,11,3,0,6,0,0,0,3,0,0,0,0,0,3,6,0,11,0,6,0,0,0,0,0,0,0,11,0,0,0,15,0,744,2051
28,asaka_wako_niiza_tokorozawa_etc,0,0,0,0,0,0,4,27,0,0,0,0,0,0,0,0,0,0,0,0,0,0,0,0,0,5,25,10,223,0,22,32,15,0,17,4,4,4,0,0,5,0,0,0,0,0,0,0,0,0,0,0,0,0,0,0,10,6,0,5,0,0,0,0,0,0,15,26,15,9,54,0,53,592
29,soka_kasukabe_misato_koshigaya_etc,26,28,25,57,6,23,49,23,5,0,5,5,0,0,11,4,0,2,0,0,2,0,5,0,13,2,27,23,28,157,0,0,11,23,11,0,0,18,29,25,44,6,0,0,0,7,0,0,5,0,11,3,0,0,24,0,11,8,31,2,0,0,0,0,0,0,61,47,24,21,136,5,243,1330
30,hanno_hidaka_moroyama_ogose_etc,0,0,0,0,0,7,0,0,0,0,0,0,0,0,0,0,0,0,0,0,0,0,0,0,5,0,0,3,35,0,17,35,0,3,24,3,0,0,10,0,0,0,0,0,0,0,3,0,0,0,0,0,0,0,0,0,0,5,0,0,0,0,0,0,0,0,8,0,3,3,8,0,7,181
31,tsurugashima_sakado_kawajima_higashimatsuyama_etc,0,0,0,0,0,0,0,13,4,4,7,0,0,0,0,0,0,0,0,0,0,0,0,0,3,5,46,33,78,22,17,46,6,81,49,5,3,0,6,8,3,0,0,0,0,0,0,0,0,0,0,0,0,0,0,0,24,24,0,0,0,0,0,0,3,0,14,54,11,0,72,0,51,693
32,ageo_konosu_okegawa_kitamoto_etc,3,3,7,7,0,3,0,19,0,0,0,0,0,3,3,3,3,0,0,0,0,0,0,0,0,0,43,8,33,25,0,0,21,3,0,3,0,0,0,3,0,0,0,0,0,0,0,0,0,0,0,0,0,0,3,0,0,0,0,0,0,0,0,3,0,0,27,14,0,0,48,0,59,351
33,kuki_kazo_hanyu_gyoda_etc,30,4,8,25,13,47,56,29,9,9,0,9,4,4,4,0,9,4,4,0,9,4,0,0,0,10,20,41,59,32,0,20,0,110,57,7,0,33,43,46,53,13,9,0,0,4,3,37,19,7,10,9,0,4,66,0,78,45,46,28,10,0,0,14,3,0,38,101,36,12,79,0,38,1519
34,kumagaya_fukaya_ogawa_yorii_etc,3,1,3,2,0,0,13,3,2,3,0,0,0,1,0,0,0,0,0,0,0,0,1,1,3,0,48,4,14,5,1,12,15,9,69,24,11,3,0,4,1,1,0,0,0,0,2,2,8,0,1,2,0,0,3,1,41,7,1,2,0,0,0,1,1,0,21,4,14,8,68,0,11,461
35,honjo_kamikawa_kamisato,10,0,3,0,0,3,3,0,0,0,0,0,0,0,0,3,0,0,0,3,0,0,0,0,0,0,3,0,3,10,0,0,0,0,7,17,4,0,0,0,3,0,0,0,3,0,0,0,0,0,0,0,0,0,0,0,0,0,0,0,3,0,0,0,0,0,7,7,3,0,20,0,31,150
36,chichibu_yokoze_minano_nagatoro_etc,3,0,7,3,0,0,0,7,0,0,0,3,0,3,0,0,0,0,0,0,0,0,0,3,0,0,0,3,3,0,0,0,0,0,4,0,7,7,0,0,0,0,0,0,0,0,0,0,0,0,0,0,0,0,0,0,4,3,3,0,3,0,0,0,0,0,10,3,0,0,34,0,3,119
37,chiba_city,7,22,2,16,0,2,6,6,0,0,3,0,0,0,0,2,0,0,0,0,0,0,0,0,2,0,4,2,4,12,0,2,0,0,0,0,0,178,86,100,36,118,38,100,54,72,84,9,0,0,0,10,7,16,7,0,5,38,7,0,0,0,0,0,0,0,21,0,3,0,18,7,207,1317
38,ichikawa_urayasu_narashino_funabashi,77,16,0,117,0,5,94,8,10,5,0,0,34,0,18,3,0,20,5,0,0,0,0,0,13,5,76,45,79,113,5,0,40,43,0,0,0,49,164,39,25,77,4,5,10,4,5,0,4,0,30,44,0,0,5,0,0,0,0,9,9,0,0,3,0,0,87,14,16,14,28,4,291,1770
39,matsudo_kamagaya_kashiwa_abiko,14,4,7,93,0,24,137,7,0,0,5,3,3,11,4,4,0,0,0,4,4,0,0,51,0,0,48,28,14,172,0,7,0,7,0,0,0,24,111,452,48,73,0,0,7,4,7,7,4,4,6,64,0,3,14,0,3,0,0,0,0,0,0,21,0,0,64,16,23,7,124,0,97,1831
40,nagareyama_noda,0,3,0,0,0,7,0,3,0,0,0,0,0,3,3,0,0,0,0,0,0,0,0,0,0,0,3,4,0,10,0,3,0,3,0,0,0,10,3,0,10,0,0,0,0,0,0,3,10,0,14,0,0,0,0,0,0,0,0,0,0,0,3,0,0,0,24,10,0,0,13,0,3,149
41,yachiyo_sakura_narita_shiroi_etc,0,13,4,12,3,14,23,0,2,2,0,2,0,0,4,5,2,2,0,0,0,0,0,0,2,14,3,11,10,15,2,3,1,0,0,2,0,154,38,12,6,155,2,0,0,6,9,6,0,0,0,0,0,2,5,0,12,0,0,0,5,0,0,0,0,0,50,18,8,9,140,0,29,819
42,ichihara_city,0,0,0,0,4,0,4,4,0,0,4,0,7,0,0,0,0,4,0,0,0,4,4,0,0,0,4,4,0,0,0,0,0,0,0,0,0,9,0,0,0,0,33,0,0,0,0,0,0,0,0,0,0,4,0,0,4,0,0,0,0,0,0,0,0,0,7,14,0,4,29,0,0,143
43,kisarazu_sodegaura_kimitsu_futtsu,0,4,0,8,0,0,0,0,4,0,0,0,0,0,0,0,0,0,0,0,0,0,0,0,0,0,0,0,0,0,0,0,0,0,0,0,0,17,3,0,0,15,0,21,0,12,15,0,0,0,0,0,0,3,0,0,0,0,0,0,0,0,0,0,0,0,0,0,0,0,0,0,0,100
44,katsuura_otaki_tateyama_kamogawa_etc,0,0,0,0,0,0,0,0,0,0,0,0,0,0,0,0,0,0,0,0,0,0,0,0,0,0,0,0,0,0,0,0,0,0,0,0,0,5,0,0,0,0,9,9,27,0,5,0,0,0,0,0,0,0,0,0,0,0,0,0,0,0,0,0,0,0,0,0,0,0,0,0,0,54
45,choshi_asahi_sosa_katori_etc,2,5,4,4,4,0,0,0,0,0,0,0,0,0,0,5,0,0,0,0,0,0,0,0,4,5,4,0,6,0,0,4,0,2,0,0,0,24,2,9,22,8,5,0,0,189,29,2,0,0,0,0,0,0,0,0,0,4,0,0,2,0,0,0,0,0,8,0,7,0,34,0,24,415
46,togane_mobara_sanmu_oamishirasato_etc,4,4,0,0,0,4,4,0,0,0,0,0,0,0,0,0,0,0,0,0,0,0,0,0,0,0,0,3,0,10,4,31,1,9,0,0,0,16,4,0,6,22,4,7,32,7,108,0,2,0,0,0,0,2,0,2,1,8,0,13,0,0,0,6,0,0,12,0,0,6,41,0,18,387
47,tsuchiura_ishioka_omitama_kasumigaura_etc,21,21,12,15,22,3,7,7,0,0,0,3,3,0,3,3,0,6,0,0,0,0,0,0,0,3,0,20,0,0,0,0,9,2,7,0,0,0,13,3,3,20,0,0,0,2,0,50,18,18,3,27,0,13,44,2,0,3,12,5,7,0,2,2,3,0,50,0,10,7,93,0,14,591
48,koga_shimotsuma_yachiyo_goka_etc,0,0,3,0,0,0,14,7,0,0,0,0,6,3,0,0,0,0,0,0,0,0,0,0,0,10,4,3,6,21,3,3,0,27,0,0,0,3,0,0,0,25,0,0,0,3,0,0,194,0,14,3,0,0,11,9,4,0,5,26,0,0,0,0,0,0,23,9,3,8,100,0,27,579
49,tsukuba_city,0,0,0,0,0,0,0,0,0,0,0,0,0,0,0,0,0,0,0,0,0,0,0,0,0,0,0,0,0,3,0,0,0,0,0,0,0,0,0,0,0,0,0,0,0,0,0,71,28,123,37,43,0,0,3,0,0,0,0,0,0,0,0,3,0,0,0,0,0,0,0,0,0,311
50,joso_bando,0,6,0,3,0,0,3,0,0,3,0,6,0,3,0,3,0,0,0,0,0,0,0,0,0,0,0,8,9,6,0,3,0,3,0,6,0,6,9,3,0,6,0,0,0,0,3,6,0,3,13,20,3,0,0,0,0,3,3,0,3,0,0,0,0,0,80,9,15,33,161,0,249,688
51,ryugasaki_toride_ushiku_moriya_etc,3,3,0,3,0,0,3,0,3,0,3,0,0,0,0,0,0,0,0,0,0,0,0,0,3,0,0,3,6,0,0,0,6,0,0,3,0,0,3,6,0,9,0,0,0,3,3,15,0,6,9,22,3,0,6,3,3,3,6,3,3,0,0,0,0,0,10,3,0,0,10,0,0,170
52,inashiki_miho_kawachi,0,0,0,0,0,0,0,0,0,0,0,0,0,0,0,0,0,0,0,0,0,0,0,0,0,0,0,0,0,0,0,0,0,0,0,0,0,0,0,0,0,0,0,0,0,0,0,0,0,0,0,0,0,0,0,0,0,0,0,0,0,0,0,0,0,0,0,0,0,0,0,0,0,0
53,kashima_kamisu_namegata_itako,12,6,6,6,0,0,6,9,3,3,0,18,3,6,9,3,3,0,3,0,10,15,3,3,12,9,9,9,31,46,0,9,9,6,0,9,0,10,43,6,6,25,6,3,7,61,3,55,12,6,19,19,11,697,39,3,22,91,9,0,3,0,10,6,0,0,142,81,25,40,111,0,33,1884
54,mito_hitachi_kasama_hitachinaka_etc,0,0,0,10,4,0,4,0,0,0,4,0,0,0,0,0,0,0,0,0,0,0,0,0,4,0,0,4,4,0,0,0,0,0,0,0,0,0,0,0,0,7,0,7,13,0,0,17,0,0,10,0,3,3,139,7,0,7,0,0,3,0,3,9,0,0,14,0,0,0,21,0,50,344
55,yuki_chikusei_sakuragawa,0,0,0,0,0,0,0,0,0,0,0,0,0,0,0,0,0,0,0,0,0,0,0,0,0,0,4,0,0,0,0,0,0,0,0,0,0,0,0,0,0,0,0,0,0,0,0,3,33,12,9,7,0,0,13,37,4,0,3,7,4,0,0,0,0,0,10,0,0,0,0,0,24,168
56,maebashi_takasaki_isesaki_shibukawa_etc,4,7,7,12,0,11,21,17,24,4,0,7,0,7,7,3,0,3,0,0,0,11,0,0,7,11,14,25,24,42,2,3,14,101,6,8,1,4,11,10,11,10,0,0,0,8,25,10,5,4,6,3,0,0,3,2,394,351,13,25,10,0,0,5,47,0,111,42,70,32,210,0,169,1992
57,kiryu_ota_tatebayashi_midori_etc,0,4,0,22,0,0,4,0,3,0,0,0,0,0,0,0,0,11,0,0,0,0,0,7,0,0,18,7,39,4,0,21,2,48,0,0,0,0,0,11,0,0,0,0,0,0,0,0,2,0,0,76,0,0,0,0,49,444,8,11,36,0,0,4,7,0,85,0,0,0,231,0,33,1185
58,utsunomiya_kanuma_moka_kaminokawa_etc,7,4,4,11,4,4,4,0,0,4,0,0,4,8,4,16,0,4,0,0,4,4,0,0,8,8,4,4,7,18,0,4,0,8,4,4,0,0,8,8,11,0,0,0,0,4,0,8,0,0,0,0,0,0,4,0,20,16,102,32,0,0,4,17,4,0,59,11,27,4,60,0,22,575
59,tochigi_oyama_shimotsuke_nogi_etc,0,15,8,4,0,0,4,8,11,0,0,0,0,0,4,12,0,4,4,0,4,0,0,0,0,4,4,4,8,0,0,0,4,4,15,0,0,0,0,0,0,0,0,0,0,0,0,4,4,0,7,0,0,0,0,4,15,44,32,82,21,0,0,0,0,0,67,25,15,11,151,0,48,645
60,ashikaga_sano,0,0,0,4,4,0,0,0,0,0,0,0,0,0,0,0,0,0,0,0,0,0,0,0,0,4,0,4,4,0,0,0,4,0,0,4,0,0,0,0,0,0,0,0,0,0,0,0,0,0,0,0,0,0,4,0,66,111,4,57,96,0,0,0,0,0,8,0,0,4,6,0,0,383
61,tokyo_islands,0,0,0,0,0,0,0,0,0,0,0,0,0,0,0,0,0,0,0,0,0,0,0,0,0,0,0,0,0,0,0,0,0,0,0,0,0,0,0,0,0,0,0,0,0,0,0,0,0,0,0,0,0,0,0,0,0,0,0,0,0,0,0,0,0,0,0,0,0,0,0,0,0,0
62,ibaraki_north,0,0,0,0,0,0,0,0,0,0,0,0,0,0,0,0,0,0,0,0,0,0,0,0,0,0,0,0,0,0,0,0,0,0,0,0,0,0,0,4,0,0,0,0,0,0,0,0,0,0,0,0,0,0,7,0,0,0,0,0,0,0,0,0,0,0,0,0,0,0,0,0,0,10
63,tochigi_north,0,0,0,0,0,0,0,0,1,0,0,3,0,0,0,10,0,0,0,0,0,0,0,0,2,0,0,0,0,0,0,0,0,0,0,0,0,0,0,0,0,0,0,0,0,0,0,0,0,0,0,0,0,29,0,0,0,4,4,0,0,0,0,0,0,0,0,0,0,0,0,0,0,53
64,gunma_north,0,0,0,0,0,0,0,0,0,0,0,0,0,0,0,0,0,0,0,0,0,0,0,0,0,0,0,0,0,0,0,0,0,0,0,0,0,0,0,0,0,0,0,0,0,0,2,0,0,0,0,0,0,0,0,0,0,8,0,0,0,0,0,0,0,0,0,0,0,0,0,0,0,10
65,gunma_other_ueno_kanna_nanmoku,0,0,0,0,0,0,0,0,0,0,0,0,0,0,0,0,0,0,0,0,0,0,0,0,0,0,0,0,0,0,0,0,0,0,0,0,0,0,0,0,0,0,0,0,0,0,0,0,0,0,0,0,0,0,0,0,0,0,0,0,0,0,0,0,0,0,0,0,0,0,0,0,0,0
66,hokkaido_tohoku,0,3,0,9,0,11,17,23,30,0,0,30,3,0,13,3,0,1,0,0,0,0,4,11,9,13,0,5,20,11,8,16,7,59,12,3,0,21,17,0,3,11,0,0,0,4,2,4,5,3,23,6,0,0,0,4,11,0,4,0,0,0,0,0,0,0,0,0,0,0,0,0,0,439
67,hokuriku,3,5,0,5,0,0,0,0,5,0,0,0,0,0,2,0,0,0,0,0,0,0,0,4,19,3,0,0,9,0,0,3,4,0,1,3,0,3,14,0,3,4,0,0,0,5,0,2,1,0,3,0,0,0,0,0,0,0,8,0,0,0,0,0,0,0,0,0,0,0,0,0,0,109
68,yamanashi_nagano,0,4,0,28,0,2,9,51,3,0,0,13,0,0,0,13,0,0,0,0,0,0,4,4,0,34,9,9,6,0,0,19,16,33,1,0,0,10,5,0,12,2,0,0,4,5,8,4,0,0,3,0,0,0,0,0,60,0,4,4,4,0,0,0,0,0,0,0,0,0,0,0,0,381
69,shizuoka,9,10,0,16,0,0,23,19,9,0,3,37,7,6,4,180,0,0,0,0,13,0,4,11,12,10,4,16,0,39,0,15,0,10,3,7,0,38,28,0,16,13,0,4,0,10,11,7,6,3,9,0,0,0,0,0,7,2,0,12,20,0,0,0,0,0,0,0,0,0,0,0,0,653
70,chubu_west,9,42,1,25,11,17,7,44,59,4,0,130,2,0,30,51,4,11,0,0,8,0,11,32,45,22,17,57,63,54,0,80,20,109,1,14,12,3,43,16,53,44,4,4,7,11,17,36,5,5,42,0,0,3,24,9,41,47,11,39,38,0,0,0,0,0,0,0,0,0,0,0,0,1493
71,overseas,5,81,0,6,0,0,15,0,0,0,15,3,0,0,83,0,0,0,0,0,0,0,0,0,0,0,0,9,1,0,0,0,7,0,3,0,0,0,68,0,0,0,0,0,0,0,0,0,0,0,0,0,0,0,0,0,70,0,0,0,0,0,0,0,0,0,0,0,0,0,0,0,0,368
999,unknown,0,0,0,0,0,0,0,0,0,0,0,0,0,0,0,0,0,0,0,0,0,0,0,0,0,0,0,0,0,0,0,0,0,0,0,0,0,0,0,0,0,0,0,0,0,0,0,0,0,0,0,0,0,0,0,0,0,0,0,0,0,0,0,0,0,0,0,0,0,0,0,0,0,0
○light_industrial_goods_excl_food,,,,,,,,,,,,,,,,,,,,,,,,,,,,,,,,,,,,,,,,,,,,,,,,,,,,,,,,,,,,,,,,,,,,,,,,,,,(unit: vehicles/day)
large_zone,region,tokyo_chiyoda_chuo_minato,tokyo_meguro_shinagawa_ota,tokyo_toshima_bunkyo_shinjuku_shibuya,tokyo_arakawa_taito_sumida_koto,tokyo_nakano_suginami_setagaya,tokyo_nerima_itabashi_kita,tokyo_adachi_katsushika_edogawa,chofu_nishitokyo_fuchu_musashino_etc,machida_tama_hachioji_inagi_etc,mizuho_fussa_hamura_akiruno_etc,yokohama_nishi_naka,yokohama_isogo_minami_kanazawa_konan,yokohama_hodogaya_totsuka_sakae_izumi_etc,yokohama_kohoku_tsuzuki_midori_aoba,yokohama_tsurumi_kanagawa,kawasaki_kawasaki_saiwai_nakahara,kawasaki_takatsu_miyamae_tama_asao,sagamihara_city,yokosuka_miura,kamakura_zushi_hayama,fujisawa_chigasaki_samukawa,hiratsuka_oiso_ninomiya,odawara_manazuru_yugawara_hakone,minami_ashigara_nakai_oi_matsuda_etc,atsugi_hadano_kiyokawa_isehara_etc,zama_yamato_ebina_ayase,saitama_city,kawaguchi_warabi_toda,asaka_wako_niiza_tokorozawa_etc,soka_kasukabe_misato_koshigaya_etc,hanno_hidaka_moroyama_ogose_etc,tsurugashima_sakado_kawajima_higashimatsuyama_etc,ageo_konosu_okegawa_kitamoto_etc,kuki_kazo_hanyu_gyoda_etc,kumagaya_fukaya_ogawa_yorii_etc,honjo_kamikawa_kamisato,chichibu_yokoze_minano_nagatoro_etc,chiba_city,ichikawa_urayasu_narashino_funabashi,matsudo_kamagaya_kashiwa_abiko,nagareyama_noda,yachiyo_sakura_narita_shiroi_etc,ichihara_city,kisarazu_sodegaura_kimitsu_futtsu,katsuura_otaki_tateyama_kamogawa_etc,choshi_asahi_sosa_katori_etc,togane_mobara_sanmu_oamishirasato_etc,tsuchiura_ishioka_omitama_kasumigaura_etc,koga_shimotsuma_yachiyo_goka_etc,tsukuba_city,joso_bando,ryugasaki_toride_ushiku_moriya_etc,inashiki_miho_kawachi,kashima_kamisu_namegata_itako,mito_hitachi_kasama_hitachinaka_etc,yuki_chikusei_sakuragawa,maebashi_takasaki_isesaki_shibukawa_etc,kiryu_ota_tatebayashi_midori_etc,utsunomiya_kanuma_moka_kaminokawa_etc,tochigi_oyama_shimotsuke_nogi_etc,ashikaga_sano,tokyo_islands,ibaraki_north,tochigi_north,gunma_north,gunma_other_ueno_kanna_nanmoku,hokkaido_tohoku,hokuriku,yamanashi_nagano,shizuoka,chubu_west,overseas,unknown,all_regions
0,tokyo_chiyoda_chuo_minato,3,3,6,6,0,0,3,3,3,0,3,0,0,3,3,0,0,0,0,0,0,0,0,0,0,0,6,10,3,9,0,0,3,0,0,0,0,0,3,3,0,0,0,3,0,0,0,0,0,0,3,0,0,0,0,0,0,0,0,0,0,0,0,0,0,0,9,3,0,8,19,0,0,119
1,tokyo_meguro_shinagawa_ota,24,49,32,19,25,16,19,16,6,0,3,3,6,10,6,3,0,3,0,0,6,3,0,0,3,3,13,6,9,12,0,3,0,3,6,0,0,9,9,6,0,6,0,0,0,0,0,3,0,0,0,0,0,5,6,0,3,3,6,0,3,0,0,0,0,0,35,0,0,10,5,0,7,428
2,tokyo_toshima_bunkyo_shinjuku_shibuya,43,2,87,0,35,44,17,0,0,9,0,0,0,0,0,0,0,0,0,0,0,0,0,0,0,0,0,17,0,0,0,0,0,0,0,0,0,0,9,2,0,0,0,0,0,0,0,0,0,0,0,0,0,0,0,0,0,0,0,0,0,0,0,0,0,0,0,0,0,0,0,0,0,266
3,tokyo_arakawa_taito_sumida_koto,131,18,127,302,38,124,61,17,0,5,4,9,0,0,0,5,6,0,0,0,0,3,0,0,8,0,3,52,25,51,0,0,0,11,3,5,0,6,15,0,10,3,0,0,2,0,3,2,2,2,5,0,0,0,6,0,2,0,0,9,5,0,0,2,0,0,6,13,0,63,48,0,109,1322
4,tokyo_nakano_suginami_setagaya,0,0,0,0,37,0,0,0,0,0,0,0,0,0,0,0,0,0,0,0,0,0,0,0,0,0,0,0,0,0,0,0,0,0,0,0,0,0,0,0,0,0,0,0,0,0,0,0,0,0,0,0,0,0,0,0,0,0,0,0,0,0,0,0,0,0,0,0,0,0,0,0,0,37
5,tokyo_nerima_itabashi_kita,3,3,41,138,0,162,16,5,4,0,0,0,0,0,0,0,0,0,0,0,0,0,0,0,0,0,33,121,25,31,0,11,0,13,0,0,0,0,0,0,0,0,0,0,0,0,0,9,0,6,0,11,0,0,0,0,0,0,0,0,0,0,0,0,0,0,9,3,0,13,11,0,25,694
6,tokyo_adachi_katsushika_edogawa,35,3,46,42,0,17,14,4,7,0,8,6,0,0,22,19,0,0,0,0,0,0,0,2,9,0,7,109,16,42,0,0,0,13,0,4,4,5,7,2,8,2,0,4,0,0,0,0,0,4,0,8,0,4,16,0,4,0,0,16,16,0,0,0,0,0,54,0,0,12,109,0,46,750
7,chofu_nishitokyo_fuchu_musashino_etc,0,4,0,0,0,0,0,109,19,26,0,0,0,3,4,0,0,0,0,0,3,3,0,0,0,0,0,0,20,3,0,0,0,0,0,0,0,0,0,0,0,0,0,0,0,0,0,0,0,0,0,0,0,0,0,0,0,0,0,0,0,0,0,0,0,0,4,3,0,0,9,0,11,223
8,machida_tama_hachioji_inagi_etc,7,9,18,3,8,3,0,8,59,4,4,0,0,24,3,0,7,45,0,8,3,0,0,0,3,14,0,8,0,3,0,0,0,4,0,0,0,4,0,0,0,0,4,0,0,0,0,0,0,0,0,0,0,0,4,0,0,0,0,0,0,0,0,0,0,0,13,4,7,9,19,3,3,318
9,mizuho_fussa_hamura_akiruno_etc,0,0,0,0,0,0,0,7,0,17,0,0,0,0,0,0,0,0,0,0,0,0,0,0,0,0,0,0,3,0,0,0,0,0,0,0,0,0,0,0,0,0,0,0,0,0,0,0,0,0,0,0,0,0,0,0,0,8,0,0,0,0,0,0,0,0,0,0,0,0,0,0,3,38
10,yokohama_nishi_naka,10,0,7,3,0,0,0,0,0,0,0,0,0,0,0,0,0,0,0,0,0,0,0,0,0,0,0,0,0,0,0,0,0,0,0,0,0,0,0,0,0,0,0,0,0,0,0,0,0,0,0,0,0,0,0,0,2,0,0,0,0,0,0,0,0,0,0,0,0,0,3,0,0,25
11,yokohama_isogo_minami_kanazawa_konan,0,7,0,0,0,0,0,0,0,0,15,7,7,3,0,0,0,0,10,0,3,3,0,0,0,3,0,0,0,0,0,0,0,0,0,0,0,0,0,0,0,0,0,0,0,0,0,0,0,0,0,0,0,0,0,0,0,0,0,0,0,0,0,0,0,0,0,0,0,5,7,0,0,71
12,yokohama_hodogaya_totsuka_sakae_izumi_etc,0,0,0,0,0,0,0,0,0,0,0,3,32,0,3,0,3,0,0,0,0,0,0,0,0,19,0,0,0,0,0,0,0,0,0,0,0,0,0,0,0,0,0,0,0,0,0,0,0,0,0,0,0,0,0,0,0,0,0,0,0,0,0,0,0,0,0,0,0,0,0,0,0,61
13,yokohama_kohoku_tsuzuki_midori_aoba,7,3,10,7,0,0,3,0,11,0,11,0,34,29,3,3,23,34,0,0,0,0,0,0,0,0,0,0,0,0,0,0,0,0,0,0,0,0,0,0,0,0,0,0,0,0,0,0,0,0,0,0,0,0,0,0,0,0,0,0,0,0,0,0,0,0,17,0,0,3,7,0,3,211
14,yokohama_tsurumi_kanagawa,32,30,15,0,18,2,2,0,0,0,15,55,0,3,40,15,0,3,0,0,0,2,0,0,0,0,0,0,0,0,0,0,0,2,0,0,0,0,0,0,0,0,0,0,0,0,0,0,0,0,0,0,0,0,0,0,0,0,2,0,0,0,0,2,0,0,0,0,0,0,0,0,0,240
15,kawasaki_kawasaki_saiwai_nakahara,0,0,0,0,0,0,0,0,0,0,0,0,0,0,0,0,0,0,0,0,0,0,0,0,0,0,0,0,0,0,0,0,0,0,0,0,0,0,0,0,0,0,0,0,0,0,0,0,0,0,0,0,0,0,0,0,0,0,0,0,0,0,0,0,0,0,12,0,0,0,25,0,148,184
16,kawasaki_takatsu_miyamae_tama_asao,0,0,0,0,4,0,0,4,11,0,0,0,0,67,0,0,31,8,0,0,0,0,0,0,0,4,0,0,0,0,0,0,0,0,0,0,0,0,0,0,0,0,0,0,0,0,0,0,0,0,0,0,0,0,0,0,0,0,0,0,0,0,0,0,0,0,0,0,0,0,0,0,0,128
17,sagamihara_city,12,4,4,6,16,2,0,0,11,0,4,7,4,8,4,7,9,40,2,2,2,0,1,5,11,6,0,0,2,6,0,0,0,2,0,0,0,0,0,0,0,0,3,0,0,13,0,5,0,0,0,2,0,3,5,0,0,13,3,2,0,0,0,0,0,0,21,40,14,3,193,0,55,555
18,yokosuka_miura,0,0,0,0,0,0,0,0,0,0,6,18,0,0,12,0,0,0,3,3,0,3,0,0,0,0,0,0,0,0,0,0,0,0,0,0,0,0,0,0,0,0,0,0,0,0,0,0,0,0,0,0,0,0,0,0,0,0,0,0,0,0,0,0,0,0,0,0,0,0,0,0,0,45
19,kamakura_zushi_hayama,0,0,0,0,0,0,0,0,0,0,0,0,4,0,0,0,0,0,0,7,4,0,0,0,0,0,0,0,0,0,0,0,0,0,0,0,0,0,0,0,0,0,0,0,0,0,0,0,0,0,0,0,0,0,0,0,0,0,0,0,0,0,0,0,0,0,4,0,0,4,0,0,0,21
20,fujisawa_chigasaki_samukawa,0,0,0,0,0,0,12,12,0,0,0,0,0,12,0,0,0,0,0,0,11,4,0,0,4,15,0,0,0,0,0,0,0,0,0,0,0,0,0,0,0,0,0,0,0,0,0,0,0,0,0,0,0,0,0,0,0,0,0,0,0,0,0,0,0,0,0,0,0,0,4,0,12,83
21,hiratsuka_oiso_ninomiya,0,0,0,0,0,0,0,0,0,0,0,0,0,0,0,0,0,0,0,0,0,0,0,0,0,0,0,0,0,0,0,0,0,0,0,0,0,0,0,0,0,0,0,0,0,0,0,0,0,0,0,0,0,0,0,0,0,0,0,0,0,0,0,0,0,0,3,0,0,3,0,0,0,6
22,odawara_manazuru_yugawara_hakone,3,0,0,3,0,1,0,3,0,0,0,3,3,0,0,0,0,0,0,0,14,4,21,4,7,20,0,0,9,3,0,0,3,0,0,0,0,0,0,6,0,0,0,0,0,0,0,0,3,0,0,3,0,0,0,0,0,0,0,0,0,0,0,0,0,0,3,0,3,7,6,0,0,131
23,minami_ashigara_nakai_oi_matsuda_etc,0,0,0,0,0,0,0,0,3,3,6,6,6,10,3,13,3,3,0,0,3,3,9,3,10,6,0,0,0,0,0,0,0,0,0,0,0,0,0,0,0,0,0,0,0,0,0,0,0,0,0,0,0,0,0,0,0,0,0,0,0,0,0,0,0,0,0,0,0,0,0,0,6,99
24,atsugi_hadano_kiyokawa_isehara_etc,0,0,0,0,0,0,0,4,3,0,0,7,3,6,11,0,0,0,0,4,0,7,7,4,38,10,0,0,0,0,0,0,0,0,0,0,0,0,0,0,0,0,0,0,0,0,0,0,0,0,0,0,0,0,0,0,0,0,0,0,3,0,0,0,0,0,12,0,4,4,10,0,20,155
25,zama_yamato_ebina_ayase,0,0,0,7,0,0,3,7,0,0,0,4,4,0,0,0,0,3,0,0,0,0,0,4,0,17,0,0,7,0,0,3,0,9,0,0,0,0,7,0,0,3,0,0,0,0,4,0,0,0,0,7,0,7,0,0,0,4,0,0,0,0,0,0,0,0,4,0,7,10,13,0,13,142
26,saitama_city,13,13,7,20,7,22,20,7,20,20,0,7,7,7,0,0,0,7,0,0,0,7,0,0,7,0,70,26,31,30,7,0,40,33,0,7,0,7,7,3,0,0,0,0,0,0,7,0,3,7,0,13,0,7,7,13,0,7,13,13,7,0,7,7,0,0,90,40,13,7,174,0,76,959
27,kawaguchi_warabi_toda,37,39,74,139,31,60,75,60,26,5,5,15,0,0,15,0,0,10,5,11,20,0,23,0,26,21,75,93,35,149,5,10,32,81,15,0,0,23,15,15,5,26,0,21,11,15,0,42,0,0,0,36,0,0,31,0,36,44,24,0,32,0,0,55,15,0,169,121,126,76,82,0,83,2295
28,asaka_wako_niiza_tokorozawa_etc,5,3,6,34,0,45,12,0,0,0,0,0,0,0,0,0,0,0,0,0,0,0,0,0,0,0,14,17,181,20,22,76,0,11,17,4,0,0,41,0,0,4,10,0,0,0,0,0,0,4,10,0,0,0,0,0,55,0,0,0,9,0,0,9,0,0,81,9,0,22,119,7,71,918
29,soka_kasukabe_misato_koshigaya_etc,20,14,5,37,5,2,22,9,24,0,0,0,0,5,9,3,0,0,9,0,54,19,9,25,29,14,38,95,38,164,0,0,46,42,64,40,0,9,3,20,45,44,5,0,0,5,0,71,64,15,25,15,10,0,37,0,88,5,11,94,10,0,0,8,0,0,208,127,83,71,267,134,92,2406
30,hanno_hidaka_moroyama_ogose_etc,0,0,0,0,0,0,0,0,0,0,0,0,0,0,0,0,0,0,0,0,0,0,0,0,0,0,0,0,3,0,3,0,0,0,0,0,0,0,0,0,0,0,0,0,0,0,0,0,0,0,0,0,0,0,0,0,0,0,0,0,0,0,0,0,0,0,0,0,0,0,0,0,0,7
31,tsurugashima_sakado_kawajima_higashimatsuyama_etc,0,0,0,0,0,0,0,0,0,0,0,0,0,0,0,0,0,0,0,0,0,0,0,0,3,0,0,0,0,0,0,0,0,0,0,0,0,0,0,0,0,0,0,0,0,0,0,0,0,0,0,0,0,0,0,0,0,0,0,0,0,0,0,0,0,0,0,0,0,3,3,0,7,17
32,ageo_konosu_okegawa_kitamoto_etc,0,0,0,11,0,0,5,3,3,3,3,0,0,0,0,0,0,0,0,0,0,0,0,0,0,3,0,8,7,33,0,0,17,20,3,0,0,3,0,0,0,0,3,0,0,0,0,0,3,0,9,0,0,3,0,0,3,0,1,3,0,0,0,0,0,0,2,6,0,9,62,0,3,235
33,kuki_kazo_hanyu_gyoda_etc,0,16,3,7,0,3,7,0,0,0,0,0,3,3,0,3,0,0,0,0,0,3,0,3,0,0,3,14,14,22,0,7,7,20,17,0,0,0,3,0,0,0,0,7,0,3,0,3,9,0,6,3,0,0,3,0,3,13,0,7,7,0,0,3,0,0,43,21,3,10,84,5,31,428
34,kumagaya_fukaya_ogawa_yorii_etc,3,0,7,1,3,7,0,0,6,7,2,3,0,0,0,0,0,1,0,0,0,0,0,0,0,3,10,3,26,5,1,3,3,1,17,0,3,5,0,0,1,3,3,0,0,1,0,0,0,0,0,0,0,7,0,3,10,7,1,0,0,0,0,0,0,0,15,10,1,6,76,0,29,298
35,honjo_kamikawa_kamisato,0,0,10,13,0,7,3,35,3,0,0,0,0,0,0,0,0,0,0,0,0,0,0,0,0,0,0,6,51,0,0,24,17,21,21,17,0,7,0,0,0,0,3,0,0,0,3,0,10,0,0,0,0,0,0,0,90,19,10,3,21,0,7,0,7,0,17,14,3,3,46,0,36,530
36,chichibu_yokoze_minano_nagatoro_etc,0,0,0,0,0,0,0,0,0,0,0,0,0,0,0,0,0,0,0,0,0,0,0,0,0,0,0,0,0,0,0,0,0,0,0,0,0,0,0,0,0,0,0,0,0,0,0,0,0,0,0,0,0,0,0,0,0,0,0,0,0,0,0,0,0,0,0,0,0,0,0,0,3,3
37,chiba_city,3,0,3,3,0,0,3,3,0,0,0,0,0,0,0,0,0,0,0,0,0,0,0,0,0,0,0,3,6,0,0,0,0,3,0,0,0,0,3,0,0,3,0,0,0,3,0,0,0,0,0,0,0,0,0,0,0,0,0,0,0,0,0,0,0,0,0,0,0,0,3,0,0,40
38,ichikawa_urayasu_narashino_funabashi,14,0,4,4,0,0,7,4,0,0,0,0,0,0,0,0,0,0,0,0,0,0,0,0,0,0,0,0,0,0,0,0,0,0,0,0,0,62,55,21,21,34,0,0,0,0,0,0,0,0,0,0,0,0,0,0,0,0,0,0,0,0,0,0,0,0,0,0,0,4,7,4,0,238
39,matsudo_kamagaya_kashiwa_abiko,13,12,13,15,0,0,19,0,0,0,3,0,0,0,6,0,3,0,0,0,6,0,0,0,0,0,0,28,0,50,0,3,3,8,0,0,0,6,16,41,16,13,3,0,0,0,11,0,0,0,10,3,4,3,6,0,6,6,0,6,7,0,0,0,0,0,7,0,4,5,16,0,16,387
40,nagareyama_noda,4,0,0,0,0,0,4,0,0,0,0,0,0,0,0,0,0,0,0,0,0,0,0,0,0,0,0,0,4,0,0,0,0,0,0,0,0,0,0,0,7,0,0,0,0,0,0,0,0,0,0,0,0,0,0,0,0,0,0,0,0,0,0,0,0,0,0,0,0,0,0,0,0,18
41,yachiyo_sakura_narita_shiroi_etc,0,0,0,2,0,0,0,0,0,0,0,0,0,0,4,2,0,0,0,0,2,2,0,0,0,0,0,0,5,2,0,0,0,2,2,2,0,109,7,0,0,41,12,25,37,2,39,0,0,0,2,0,0,0,2,0,2,2,6,0,4,0,0,2,0,0,18,0,0,2,22,0,12,373
42,ichihara_city,0,0,0,0,0,0,0,0,4,0,0,0,0,0,0,0,0,0,0,0,0,0,0,0,0,0,0,0,0,0,0,0,0,0,0,0,0,4,0,0,0,7,4,0,0,0,4,0,0,0,0,0,0,4,0,0,0,0,0,0,3,0,0,0,0,0,0,0,0,0,0,0,2,30
43,kisarazu_sodegaura_kimitsu_futtsu,0,0,0,0,0,0,0,0,3,0,0,0,0,0,0,0,0,0,0,0,0,0,0,0,3,0,0,0,0,0,0,0,0,0,0,0,0,0,3,0,0,0,0,0,0,0,0,0,0,0,0,0,0,0,0,0,0,0,3,0,0,0,0,0,0,0,6,0,0,0,6,0,0,23
44,katsuura_otaki_tateyama_kamogawa_etc,0,0,0,0,0,0,0,0,0,0,0,0,0,0,0,0,0,0,0,0,0,0,0,0,0,0,0,0,0,0,0,0,0,0,0,0,0,0,0,0,0,0,0,5,28,0,0,0,0,0,0,0,0,0,0,0,0,0,0,0,0,0,0,0,0,0,0,0,0,0,0,0,0,33
45,choshi_asahi_sosa_katori_etc,0,0,0,0,0,0,0,0,0,0,0,0,0,0,0,0,0,0,0,0,0,0,0,0,0,0,0,0,0,0,0,0,0,0,0,0,0,0,0,5,0,0,0,0,0,0,0,0,0,0,0,0,0,0,0,0,0,0,0,0,0,0,0,0,0,0,0,0,0,4,0,0,0,9
46,togane_mobara_sanmu_oamishirasato_etc,0,0,0,0,0,0,0,0,0,0,0,0,0,0,0,0,0,0,0,0,0,4,0,0,0,0,0,0,0,0,0,0,0,0,0,0,0,0,0,4,0,12,0,0,0,0,4,0,0,0,0,0,0,0,0,0,0,0,0,0,0,0,0,0,0,0,0,0,4,4,5,0,0,35
47,tsuchiura_ishioka_omitama_kasumigaura_etc,16,0,0,0,0,0,0,0,0,0,0,0,0,0,0,0,0,0,0,0,0,0,0,0,0,0,0,0,0,0,0,0,0,0,0,0,0,0,0,0,0,0,0,0,0,3,0,59,0,22,0,16,3,0,9,0,0,0,0,0,0,0,0,0,0,0,0,0,0,0,0,0,21,149
48,koga_shimotsuma_yachiyo_goka_etc,0,6,3,31,3,9,25,10,0,7,0,3,3,0,0,3,0,3,0,0,3,3,0,0,3,12,15,22,15,47,0,0,6,49,3,0,0,6,3,16,27,10,0,0,0,0,0,12,69,6,18,9,0,0,3,12,9,29,45,9,13,0,0,9,0,0,25,3,3,0,28,0,20,669
49,tsukuba_city,0,0,0,0,0,0,0,0,0,0,0,0,0,0,0,0,0,0,0,0,0,0,0,0,0,0,0,0,0,0,0,0,0,0,0,0,0,0,0,0,0,4,0,0,0,0,0,0,0,0,6,3,0,0,0,0,0,0,0,0,0,0,0,0,0,0,8,0,0,0,8,0,0,28
50,joso_bando,0,3,0,0,0,0,0,0,0,0,0,0,0,0,0,0,0,0,0,0,0,0,0,0,0,0,0,0,0,3,0,0,0,0,0,0,3,0,0,0,0,0,0,0,0,0,0,0,0,0,0,0,0,0,0,0,0,0,0,0,0,0,0,0,0,0,5,0,0,0,10,0,0,24
51,ryugasaki_toride_ushiku_moriya_etc,0,0,0,0,0,0,0,0,0,0,0,0,0,0,0,0,0,0,0,0,0,0,0,0,0,0,0,0,0,0,0,0,0,0,0,0,0,0,0,0,0,0,0,0,0,0,0,0,3,0,0,3,0,0,0,0,0,0,0,0,0,0,0,0,0,0,0,0,0,0,0,6,0,13
52,inashiki_miho_kawachi,0,0,0,0,0,0,0,0,0,0,0,0,0,0,0,0,0,0,0,0,0,0,0,0,0,0,0,0,0,0,0,0,0,0,0,0,0,0,0,0,0,0,0,0,0,0,0,0,0,0,0,0,0,0,0,0,0,0,0,0,0,0,0,0,0,0,0,0,0,0,0,0,0,0
53,kashima_kamisu_namegata_itako,0,0,0,0,0,0,0,0,0,0,0,0,0,0,0,0,0,0,0,0,0,0,0,0,0,0,0,0,0,0,0,0,0,0,0,0,0,0,0,0,0,0,0,0,0,0,0,0,0,0,0,0,0,22,0,0,0,0,0,0,0,0,0,0,0,0,0,0,0,0,3,0,6,31
54,mito_hitachi_kasama_hitachinaka_etc,0,2,0,2,0,0,11,0,1,1,0,0,1,0,2,0,0,0,0,0,0,0,0,0,0,0,0,0,2,2,0,1,0,5,3,0,0,0,2,0,2,2,0,0,0,0,2,9,4,0,0,0,0,0,171,9,5,0,1,0,0,0,9,0,0,0,5,2,0,0,32,0,2,291
55,yuki_chikusei_sakuragawa,0,0,0,0,0,0,0,0,0,0,0,0,0,0,0,0,0,0,0,0,0,0,0,0,0,0,0,0,0,0,0,0,0,0,0,0,0,0,0,0,0,0,0,0,0,0,0,0,0,0,0,0,0,0,0,0,0,0,0,0,0,0,0,0,0,0,0,0,0,0,0,0,10,10
56,maebashi_takasaki_isesaki_shibukawa_etc,0,4,0,7,0,4,4,7,0,0,0,0,0,0,0,0,0,0,0,0,0,0,4,0,4,0,0,42,4,13,0,0,0,0,30,36,0,0,14,0,0,0,0,0,0,0,0,0,4,0,0,0,0,0,0,0,687,167,4,0,0,0,0,4,27,0,38,28,4,0,98,0,13,1243
57,kiryu_ota_tatebayashi_midori_etc,0,3,3,17,0,3,4,0,0,0,3,0,7,0,0,0,0,0,0,0,0,0,0,0,0,0,10,26,35,11,0,9,21,0,23,12,0,0,0,0,7,0,0,0,0,0,0,0,4,0,0,0,0,0,0,0,39,123,7,0,103,0,0,4,0,0,17,17,3,0,74,0,20,603
58,utsunomiya_kanuma_moka_kaminokawa_etc,4,0,0,8,2,5,0,0,10,0,0,0,2,0,0,0,0,0,0,0,0,0,0,0,21,0,6,2,5,2,3,0,0,2,9,0,0,2,0,2,2,0,0,5,0,0,0,2,15,2,0,0,5,2,12,13,5,15,73,20,33,0,7,13,5,0,33,5,2,6,10,0,0,374
59,tochigi_oyama_shimotsuke_nogi_etc,16,4,4,47,0,8,16,20,8,4,0,0,0,0,11,0,0,4,4,0,4,4,0,0,4,8,23,8,4,20,0,9,19,0,4,0,0,8,8,4,8,4,0,0,4,0,8,11,7,4,25,18,0,0,11,11,22,33,15,33,29,0,0,8,0,0,175,23,4,16,158,9,35,939
60,ashikaga_sano,4,4,4,0,4,4,11,0,0,0,0,0,4,0,0,0,8,11,0,0,0,0,0,4,11,11,11,15,7,62,4,7,7,11,0,4,0,0,4,4,4,11,0,0,0,3,0,22,11,4,0,4,4,0,11,7,23,30,7,8,4,0,4,4,0,0,40,15,4,7,40,0,11,488
61,tokyo_islands,0,0,0,0,0,0,0,0,0,0,0,0,0,0,0,0,0,0,0,0,0,0,0,0,0,0,0,0,0,0,0,0,0,0,0,0,0,0,0,0,0,0,0,0,0,0,0,0,0,0,0,0,0,0,0,0,0,0,0,0,0,0,0,0,0,0,0,0,0,0,0,0,0,0
62,ibaraki_north,0,0,0,0,0,0,0,0,0,0,0,0,0,0,0,0,0,0,0,0,0,0,0,0,0,0,0,0,0,0,0,0,0,0,0,0,0,0,0,0,0,0,0,0,0,0,0,0,0,0,0,0,0,0,0,0,0,0,0,4,0,0,0,0,0,0,0,0,0,0,0,0,0,4
63,tochigi_north,0,0,0,0,0,0,0,0,3,0,0,0,0,0,0,0,0,1,0,0,0,0,0,0,0,0,0,0,5,0,0,0,0,0,3,0,0,0,4,0,0,0,0,0,0,0,0,0,0,0,0,0,0,0,0,0,11,0,29,0,3,0,0,0,0,0,0,0,0,0,0,0,0,60
64,gunma_north,0,0,0,0,0,0,0,0,0,0,0,0,0,0,0,0,0,0,0,0,0,0,0,0,0,0,0,0,0,0,0,0,0,0,0,0,0,0,0,0,0,0,0,0,0,0,0,0,0,0,0,0,0,0,0,0,0,0,0,0,0,0,0,0,0,0,0,0,0,0,0,0,0,0
65,gunma_other_ueno_kanna_nanmoku,0,0,0,0,0,0,0,0,0,0,0,0,0,0,0,0,0,0,0,0,0,0,0,0,0,0,0,0,0,0,0,0,0,0,0,0,0,0,0,0,0,0,0,0,0,0,0,0,0,0,0,0,0,0,0,0,0,0,0,0,0,0,0,0,0,0,0,0,0,0,0,0,0,0
66,hokkaido_tohoku,5,0,0,58,9,831,13,0,3,0,0,3,22,10,0,0,0,5,0,0,12,0,0,9,7,18,8,55,27,0,0,3,16,12,13,3,0,0,11,16,4,15,2,3,0,0,2,0,27,11,0,0,3,0,0,0,69,31,13,4,4,0,0,0,0,0,0,0,0,0,0,0,0,1358
67,hokuriku,0,6,0,27,0,51,24,11,2,4,0,0,0,0,0,0,0,45,0,0,3,3,0,7,4,0,3,32,14,14,0,0,1,18,7,6,0,8,0,4,0,4,0,0,10,0,6,3,3,0,6,0,0,0,46,3,38,54,12,9,8,0,0,0,0,0,0,0,0,0,0,0,0,493
68,yamanashi_nagano,3,0,0,4,0,0,0,0,0,7,0,0,0,0,0,0,0,5,0,0,0,0,0,0,0,0,0,0,0,0,0,4,0,3,1,0,0,0,0,0,0,0,4,0,0,3,0,0,3,3,0,0,0,0,0,0,17,7,2,4,4,0,0,0,0,0,0,0,0,0,0,0,0,74
69,shizuoka,0,6,0,8,0,110,18,3,0,0,3,0,3,0,77,3,4,6,0,0,0,11,5,10,24,25,33,100,39,5,0,3,13,12,17,3,0,0,0,14,4,22,0,0,0,4,6,0,12,0,10,3,0,3,0,3,43,17,20,65,0,0,0,0,0,0,0,0,0,0,0,0,0,769
70,chubu_west,6,11,0,149,9,181,45,17,26,3,15,10,16,10,5,3,3,74,0,0,15,14,21,15,21,12,36,75,77,72,0,7,6,67,26,14,0,16,18,24,7,40,4,19,20,3,0,31,28,19,3,10,0,17,4,0,41,71,23,28,27,0,0,0,0,0,0,0,0,0,0,0,0,1514
71,overseas,0,0,0,13,0,14,3,0,0,0,0,0,0,0,0,0,0,0,0,0,4,0,0,6,0,0,0,0,0,20,0,0,0,3,0,0,0,0,4,1,0,20,0,0,0,0,4,0,9,0,0,0,0,0,14,0,0,0,0,0,0,0,0,0,0,0,0,0,0,0,0,0,0,116
999,unknown,0,0,0,0,0,0,0,0,0,0,0,0,0,0,0,0,0,0,0,0,0,0,0,0,0,0,0,0,0,0,0,0,0,0,0,0,0,0,0,0,0,0,0,0,0,0,0,0,0,0,0,0,0,0,0,0,0,0,0,0,0,0,0,0,0,0,0,0,0,0,0,0,0,0
○publications_printed_matter,,,,,,,,,,,,,,,,,,,,,,,,,,,,,,,,,,,,,,,,,,,,,,,,,,,,,,,,,,,,,,,,,,,,,,,,,,,(unit: vehicles/day)
large_zone,region,tokyo_chiyoda_chuo_minato,tokyo_meguro_shinagawa_ota,tokyo_toshima_bunkyo_shinjuku_shibuya,tokyo_arakawa_taito_sumida_koto,tokyo_nakano_suginami_setagaya,tokyo_nerima_itabashi_kita,tokyo_adachi_katsushika_edogawa,chofu_nishitokyo_fuchu_musashino_etc,machida_tama_hachioji_inagi_etc,mizuho_fussa_hamura_akiruno_etc,yokohama_nishi_naka,yokohama_isogo_minami_kanazawa_konan,yokohama_hodogaya_totsuka_sakae_izumi_etc,yokohama_kohoku_tsuzuki_midori_aoba,yokohama_tsurumi_kanagawa,kawasaki_kawasaki_saiwai_nakahara,kawasaki_takatsu_miyamae_tama_asao,sagamihara_city,yokosuka_miura,kamakura_zushi_hayama,fujisawa_chigasaki_samukawa,hiratsuka_oiso_ninomiya,odawara_manazuru_yugawara_hakone,minami_ashigara_nakai_oi_matsuda_etc,atsugi_hadano_kiyokawa_isehara_etc,zama_yamato_ebina_ayase,saitama_city,kawaguchi_warabi_toda,asaka_wako_niiza_tokorozawa_etc,soka_kasukabe_misato_koshigaya_etc,hanno_hidaka_moroyama_ogose_etc,tsurugashima_sakado_kawajima_higashimatsuyama_etc,ageo_konosu_okegawa_kitamoto_etc,kuki_kazo_hanyu_gyoda_etc,kumagaya_fukaya_ogawa_yorii_etc,honjo_kamikawa_kamisato,chichibu_yokoze_minano_nagatoro_etc,chiba_city,ichikawa_urayasu_narashino_funabashi,matsudo_kamagaya_kashiwa_abiko,nagareyama_noda,yachiyo_sakura_narita_shiroi_etc,ichihara_city,kisarazu_sodegaura_kimitsu_futtsu,katsuura_otaki_tateyama_kamogawa_etc,choshi_asahi_sosa_katori_etc,togane_mobara_sanmu_oamishirasato_etc,tsuchiura_ishioka_omitama_kasumigaura_etc,koga_shimotsuma_yachiyo_goka_etc,tsukuba_city,joso_bando,ryugasaki_toride_ushiku_moriya_etc,inashiki_miho_kawachi,kashima_kamisu_namegata_itako,mito_hitachi_kasama_hitachinaka_etc,yuki_chikusei_sakuragawa,maebashi_takasaki_isesaki_shibukawa_etc,kiryu_ota_tatebayashi_midori_etc,utsunomiya_kanuma_moka_kaminokawa_etc,tochigi_oyama_shimotsuke_nogi_etc,ashikaga_sano,tokyo_islands,ibaraki_north,tochigi_north,gunma_north,gunma_other_ueno_kanna_nanmoku,hokkaido_tohoku,hokuriku,yamanashi_nagano,shizuoka,chubu_west,overseas,unknown,all_regions
0,tokyo_chiyoda_chuo_minato,315,32,94,73,6,14,7,14,15,3,8,0,0,0,6,9,0,3,3,3,0,3,0,0,0,6,7,5,16,0,0,1,0,0,0,0,0,6,10,4,0,3,0,0,0,0,3,0,0,0,0,0,0,0,4,0,5,0,6,0,0,0,0,0,0,0,59,10,12,5,110,0,53,933
1,tokyo_meguro_shinagawa_ota,89,155,42,41,11,18,0,6,0,3,6,0,0,11,12,3,0,0,0,0,0,0,0,0,3,7,15,36,30,10,0,0,0,0,3,0,0,6,15,3,12,3,0,0,0,0,0,0,0,0,0,0,0,0,0,0,0,0,4,0,0,0,0,0,0,0,23,9,2,3,64,2,50,698
2,tokyo_toshima_bunkyo_shinjuku_shibuya,96,0,333,64,23,140,9,11,11,0,0,0,11,0,0,0,0,0,0,0,0,0,0,0,0,0,36,72,144,11,0,11,0,0,0,0,0,0,9,0,0,0,0,4,0,0,0,0,0,0,0,0,0,0,0,0,11,0,0,0,0,0,0,0,0,0,24,9,17,11,29,11,22,1121
3,tokyo_arakawa_taito_sumida_koto,325,99,220,609,43,142,176,26,43,11,26,4,0,11,16,35,11,15,4,0,0,0,0,0,0,3,77,98,134,40,0,0,7,11,0,0,0,16,71,14,0,16,0,0,0,0,0,8,0,0,0,0,0,0,11,12,9,0,0,0,0,0,0,0,0,0,24,0,12,65,74,0,151,2668
4,tokyo_nakano_suginami_setagaya,9,83,31,3,18,5,9,6,10,3,0,0,3,3,0,0,0,0,0,3,12,0,3,0,3,0,0,3,10,10,0,6,3,3,3,3,0,0,6,12,0,10,0,3,3,6,0,3,3,0,0,9,0,3,6,0,3,0,0,0,0,3,0,3,0,0,38,42,16,32,171,0,83,704
5,tokyo_nerima_itabashi_kita,101,19,131,57,0,821,9,42,9,0,0,9,12,9,0,0,22,0,0,3,9,11,11,0,0,0,11,363,37,60,11,22,227,17,11,0,0,2,9,0,0,0,0,0,0,0,0,0,3,2,0,11,0,0,0,0,0,11,0,0,0,0,17,0,0,0,22,11,0,40,55,0,168,2386
6,tokyo_adachi_katsushika_edogawa,40,14,61,73,7,25,114,7,26,3,0,3,3,3,3,0,3,3,0,3,3,0,3,0,3,7,21,40,36,75,3,7,7,10,21,7,0,3,14,27,7,3,0,0,0,0,0,3,3,0,0,7,0,0,3,0,17,22,3,3,3,0,3,7,0,0,27,10,7,3,74,0,14,908
7,chofu_nishitokyo_fuchu_musashino_etc,69,16,24,15,12,32,3,336,19,13,7,0,0,0,0,7,3,0,0,0,0,0,0,0,3,3,4,8,26,15,0,4,0,0,0,0,0,0,11,0,0,0,0,0,0,0,0,3,0,0,4,0,0,0,0,0,7,4,3,0,0,0,0,0,0,0,18,4,0,15,59,0,223,971
8,machida_tama_hachioji_inagi_etc,14,4,10,7,0,11,0,0,24,0,3,10,6,0,0,0,6,0,6,0,6,0,6,0,0,4,7,11,13,0,0,0,4,0,0,0,0,0,0,0,0,0,0,0,0,0,0,0,0,0,0,0,0,0,0,0,0,0,0,0,0,0,0,0,0,0,4,4,0,0,22,0,14,195
9,mizuho_fussa_hamura_akiruno_etc,12,11,22,9,18,0,0,43,3,29,0,9,0,8,5,0,0,0,4,0,0,0,0,0,9,0,14,20,47,8,4,5,0,0,3,0,0,0,43,0,0,0,0,0,0,0,0,0,0,0,5,0,0,0,0,0,5,0,0,0,0,0,0,0,0,0,4,3,4,3,23,0,27,401
10,yokohama_nishi_naka,7,3,3,7,0,0,0,0,7,0,19,0,7,10,7,3,0,0,3,0,0,0,0,0,0,0,0,0,0,0,0,0,0,0,0,0,0,0,0,0,0,3,0,0,0,0,0,0,0,0,0,0,0,0,0,0,0,0,0,0,0,0,0,0,0,0,0,3,0,0,3,0,3,90
11,yokohama_isogo_minami_kanazawa_konan,0,3,3,0,0,0,0,7,0,0,32,37,10,3,13,3,3,7,0,7,3,7,0,0,3,3,0,0,0,0,0,0,0,0,0,0,0,10,0,0,0,0,0,0,0,0,0,0,0,0,0,0,0,0,0,0,0,0,0,0,0,0,0,0,0,0,0,0,0,0,0,0,34,190
12,yokohama_hodogaya_totsuka_sakae_izumi_etc,0,7,7,0,3,3,0,0,0,0,14,3,7,0,0,0,0,0,3,3,0,0,0,0,0,0,0,3,3,0,0,0,0,0,0,0,0,0,0,0,0,0,0,0,0,0,0,0,0,0,0,0,0,0,0,0,0,0,0,0,0,0,0,0,0,0,0,0,0,3,8,0,3,72
13,yokohama_kohoku_tsuzuki_midori_aoba,0,10,0,0,3,0,0,0,0,0,27,0,0,161,0,0,7,0,0,0,7,7,0,0,13,0,0,0,7,0,0,0,0,7,0,7,0,0,0,0,0,0,0,0,0,0,0,0,0,0,0,7,0,0,0,7,7,0,7,0,0,0,0,7,0,0,24,7,21,0,0,0,7,348
14,yokohama_tsurumi_kanagawa,21,0,2,0,2,0,0,0,15,0,52,49,67,52,10,7,45,30,0,0,0,0,0,0,19,15,0,0,0,0,0,0,0,0,0,0,0,0,0,0,0,0,0,0,0,0,0,0,0,0,0,0,0,0,3,0,0,0,0,0,0,0,0,0,0,0,0,0,0,0,15,0,45,451
15,kawasaki_kawasaki_saiwai_nakahara,4,12,4,12,8,3,0,8,0,4,0,0,0,0,0,8,4,0,0,0,0,4,4,0,0,0,0,0,0,0,0,0,0,0,0,0,0,0,0,0,0,0,0,0,0,0,0,0,0,0,0,0,0,0,0,0,0,0,0,0,0,0,0,0,0,0,0,0,0,0,0,0,7,83
16,kawasaki_takatsu_miyamae_tama_asao,0,14,4,4,12,0,0,0,0,0,12,0,4,27,0,25,33,8,0,0,0,0,0,0,0,0,0,0,0,0,0,0,0,0,0,0,0,4,0,0,0,0,0,0,0,0,0,0,0,0,0,0,0,0,0,0,0,0,0,0,0,0,0,0,0,0,3,3,3,3,0,0,3,160
17,sagamihara_city,7,0,3,0,4,4,0,6,77,0,8,0,30,67,0,0,93,171,0,0,7,0,3,0,6,93,0,4,0,0,0,0,0,0,0,0,0,0,0,0,0,0,0,0,0,0,0,0,0,0,0,0,0,0,0,0,0,0,0,0,0,0,0,0,0,0,8,0,2,0,9,0,6,610
18,yokosuka_miura,4,0,0,0,0,0,0,0,0,0,4,4,4,0,0,0,0,0,21,10,4,0,0,0,0,0,0,0,0,0,0,0,0,0,0,0,0,0,0,0,0,0,0,0,0,0,0,0,0,0,0,0,0,0,0,0,0,0,0,0,0,0,0,0,0,0,0,0,0,0,0,0,0,49
19,kamakura_zushi_hayama,11,0,0,0,0,3,0,0,0,0,0,0,0,0,0,0,0,0,0,0,0,0,0,0,0,0,0,0,0,0,0,0,0,0,0,0,0,0,0,0,0,0,0,0,0,0,0,0,0,0,0,0,0,0,0,0,0,0,0,0,0,0,0,0,0,0,0,0,0,0,0,0,0,14
20,fujisawa_chigasaki_samukawa,0,0,0,0,0,10,0,0,0,0,0,0,7,0,0,0,0,14,0,11,4,0,7,0,4,0,0,4,0,0,0,0,0,0,0,0,0,0,0,0,0,0,0,0,0,0,0,0,0,0,0,0,0,0,0,0,0,0,0,0,0,0,0,0,0,0,0,0,0,4,0,0,0,63
21,hiratsuka_oiso_ninomiya,0,4,0,5,0,0,0,0,0,0,6,3,0,0,0,3,0,4,0,0,184,142,85,23,224,27,0,20,8,3,0,0,0,12,0,0,0,0,8,0,0,0,0,0,0,0,0,0,0,0,0,0,0,0,0,0,0,0,0,0,0,0,0,0,0,0,0,0,0,0,0,0,116,874
22,odawara_manazuru_yugawara_hakone,0,0,0,0,0,0,0,0,0,0,4,0,0,0,0,0,0,0,0,0,0,7,14,3,4,4,0,0,0,0,0,0,0,4,0,0,0,0,0,0,0,0,0,0,0,0,0,0,0,0,4,0,0,0,0,0,0,0,0,0,0,0,0,0,0,0,0,0,11,4,4,0,0,60
23,minami_ashigara_nakai_oi_matsuda_etc,0,0,0,0,0,0,0,0,0,0,0,0,0,0,0,0,0,0,0,0,0,0,0,0,3,0,0,6,9,3,0,0,0,0,0,0,0,6,0,0,0,0,0,0,0,0,0,3,0,0,0,0,0,0,0,0,6,0,6,0,0,0,0,0,0,0,42,9,18,9,114,0,15,249
24,atsugi_hadano_kiyokawa_isehara_etc,3,0,5,0,4,0,0,3,7,0,0,4,0,3,0,0,0,0,0,0,0,0,4,0,6,3,0,0,0,0,0,0,0,0,0,0,0,0,0,0,0,0,0,0,0,0,0,0,0,0,0,0,0,0,0,0,0,0,0,0,0,0,0,0,0,0,3,0,0,4,10,0,10,68
25,zama_yamato_ebina_ayase,21,3,3,3,6,24,6,12,27,0,18,25,35,46,21,0,42,32,3,0,64,17,24,3,98,81,3,3,12,9,0,3,6,3,6,3,0,3,3,3,0,9,0,3,3,3,0,3,0,0,6,3,0,3,3,3,12,6,27,6,3,0,0,6,3,0,56,12,24,49,78,0,27,1019
26,saitama_city,27,0,14,9,3,32,21,9,14,0,0,3,3,0,3,0,0,0,3,0,10,0,0,0,0,0,41,54,24,33,0,14,7,24,0,0,0,10,7,0,0,10,0,0,0,3,0,0,0,0,0,0,0,0,0,4,3,0,0,0,0,0,0,0,0,0,14,20,7,14,31,0,30,499
27,kawaguchi_warabi_toda,18,10,104,99,0,262,47,11,8,10,10,0,8,8,0,3,0,0,0,0,12,0,0,0,12,4,72,441,121,87,0,29,25,22,16,0,0,0,21,27,4,0,3,0,0,0,11,11,0,0,0,0,0,0,0,4,16,11,11,4,19,0,0,6,0,0,9,6,16,13,94,0,1208,2933
28,asaka_wako_niiza_tokorozawa_etc,116,17,118,54,5,226,21,34,0,0,0,0,0,11,0,0,0,0,0,0,5,0,0,1,6,0,17,221,281,22,6,17,87,7,0,0,0,4,6,0,0,15,0,0,0,1,0,0,2,0,0,0,0,0,0,3,2,5,1,3,0,0,0,0,0,0,13,5,8,0,27,0,220,1585
29,soka_kasukabe_misato_koshigaya_etc,12,6,46,27,5,25,6,3,0,0,6,0,6,0,6,0,0,0,0,5,0,6,0,0,5,0,4,59,6,40,0,0,19,0,6,0,0,0,11,0,0,0,0,0,0,0,0,0,0,0,0,0,0,0,0,0,16,5,0,0,0,0,0,0,0,0,17,6,0,6,89,0,0,444
30,hanno_hidaka_moroyama_ogose_etc,0,0,0,3,0,7,0,3,0,0,0,0,0,0,0,0,0,0,0,0,0,0,0,0,0,0,17,17,34,3,0,10,3,3,3,0,0,7,3,7,10,0,3,0,0,0,0,0,0,0,0,0,0,0,0,0,0,0,0,7,0,0,0,0,0,0,0,0,3,0,0,0,4,152
31,tsurugashima_sakado_kawajima_higashimatsuyama_etc,0,0,0,3,0,0,0,0,0,0,0,0,0,0,0,0,0,0,0,0,0,0,0,0,0,0,0,0,7,0,0,10,3,3,3,3,0,0,0,0,0,0,0,0,0,0,0,0,0,0,0,0,0,0,0,0,0,0,3,3,0,0,0,0,0,0,3,0,0,5,8,0,6,59
32,ageo_konosu_okegawa_kitamoto_etc,7,0,3,0,0,3,0,0,0,0,0,0,0,0,0,0,0,0,0,0,0,0,0,0,0,0,39,15,43,23,19,27,23,34,19,12,15,0,0,0,0,0,0,0,0,0,0,0,0,0,0,0,0,0,0,0,10,0,0,0,0,0,0,0,0,0,0,0,0,0,0,0,76,369
33,kuki_kazo_hanyu_gyoda_etc,6,10,3,7,0,19,3,0,0,0,0,0,0,0,0,0,0,0,0,0,0,0,0,0,0,0,7,55,20,3,0,0,3,9,3,0,0,0,12,0,0,3,0,0,0,0,0,0,0,0,0,0,0,0,0,0,0,0,0,0,0,0,0,0,0,0,3,0,0,0,0,0,35,203
34,kumagaya_fukaya_ogawa_yorii_etc,3,0,0,19,0,3,14,3,13,8,0,0,0,0,7,3,0,0,0,0,0,0,0,0,20,0,3,13,35,9,0,0,7,4,44,7,0,0,13,3,6,0,0,0,0,0,0,3,4,0,6,0,0,0,0,0,9,7,3,3,0,0,0,3,0,0,11,0,3,6,21,0,14,335
35,honjo_kamikawa_kamisato,10,3,3,0,3,0,0,3,0,0,3,3,3,0,0,0,0,0,0,0,0,0,0,0,0,0,0,0,3,0,0,0,0,0,7,14,3,0,0,0,0,3,0,0,0,0,0,0,0,0,0,0,0,0,0,0,3,10,0,0,0,0,0,0,0,0,0,0,0,0,7,0,0,86
36,chichibu_yokoze_minano_nagatoro_etc,0,0,3,0,0,9,0,0,0,0,0,0,0,0,0,0,0,0,0,0,0,0,0,0,0,0,3,0,0,0,0,0,0,3,0,0,0,0,0,0,0,0,0,0,0,0,0,0,0,0,0,0,0,0,0,0,0,0,0,0,0,0,0,0,0,0,0,0,0,0,0,0,0,18
37,chiba_city,11,0,6,15,3,5,4,0,0,0,20,40,50,40,20,30,20,30,0,0,10,10,0,0,10,0,80,4,3,0,0,0,2,0,0,0,0,142,38,0,0,42,18,0,0,0,12,0,0,0,0,0,0,0,0,0,0,0,0,0,0,0,0,0,0,0,3,3,0,0,0,0,0,673
38,ichikawa_urayasu_narashino_funabashi,79,21,21,31,10,7,4,0,0,0,10,0,0,0,0,0,0,0,0,0,3,0,0,0,0,0,14,0,16,0,0,0,0,0,0,0,0,46,90,48,21,52,7,0,0,0,11,4,0,0,0,0,0,0,0,0,10,10,0,0,0,0,0,0,0,0,0,0,0,10,82,0,35,641
39,matsudo_kamagaya_kashiwa_abiko,0,0,0,4,0,0,10,0,0,0,0,0,0,0,0,0,0,0,0,0,0,0,0,0,0,0,0,3,0,0,0,0,0,0,0,0,0,0,0,4,0,0,0,0,0,0,0,0,0,14,0,0,0,0,4,0,0,0,0,0,0,0,0,0,0,0,0,0,4,0,0,0,0,42
40,nagareyama_noda,0,0,6,0,0,0,0,0,0,0,0,0,0,4,0,0,0,0,0,0,0,0,0,0,0,0,0,3,0,0,0,0,0,3,0,0,0,0,0,0,0,0,0,0,0,0,0,0,0,0,0,0,0,0,0,0,0,0,0,0,0,0,0,0,0,0,15,4,4,4,22,0,0,63
41,yachiyo_sakura_narita_shiroi_etc,7,3,10,0,0,0,0,0,0,0,0,3,0,0,0,0,0,0,0,0,3,0,0,0,0,0,0,0,0,0,0,0,0,0,0,0,0,7,0,0,0,17,0,0,0,10,0,0,0,0,0,0,0,0,0,0,0,3,0,0,0,0,0,0,0,0,0,0,0,0,0,0,10,75
42,ichihara_city,0,0,0,0,0,0,0,0,0,0,0,0,0,0,0,0,0,0,0,0,0,0,0,0,0,0,0,0,0,0,0,0,0,0,0,0,0,1,0,0,0,0,7,1,0,0,0,0,0,0,0,0,0,0,0,0,0,0,0,0,0,0,0,0,0,0,0,0,0,0,0,0,0,9
43,kisarazu_sodegaura_kimitsu_futtsu,0,0,0,0,0,0,0,0,0,0,0,0,0,0,0,0,0,0,0,0,0,0,0,0,0,0,0,0,0,0,0,0,0,0,0,0,0,0,0,0,0,0,0,0,0,0,0,0,0,0,0,0,0,0,0,0,0,0,0,0,0,0,0,0,0,0,0,0,0,0,0,0,0,0
44,katsuura_otaki_tateyama_kamogawa_etc,0,0,0,0,0,0,0,0,0,0,0,0,0,0,0,0,0,0,0,0,0,0,0,0,0,0,0,0,0,0,0,0,0,0,0,0,0,0,0,0,0,0,0,0,0,0,0,0,0,0,0,0,0,0,0,0,0,0,0,0,0,0,0,0,0,0,0,0,0,0,0,0,0,0
45,choshi_asahi_sosa_katori_etc,0,0,0,0,0,0,0,0,0,0,0,0,0,0,0,0,0,0,0,0,0,0,0,0,0,0,0,0,0,0,0,0,0,0,0,0,0,0,0,0,0,0,0,0,0,4,0,0,0,0,0,0,0,0,0,0,0,0,0,0,0,0,0,0,0,0,0,0,0,0,0,0,0,4
46,togane_mobara_sanmu_oamishirasato_etc,5,5,11,16,6,9,0,0,0,0,7,0,0,0,0,2,0,0,0,0,0,0,0,0,2,0,0,14,9,6,0,0,0,5,0,0,0,2,0,2,0,2,0,0,0,0,0,0,2,2,0,2,0,0,0,0,0,0,0,0,0,0,0,0,0,0,16,2,5,10,22,0,7,172
47,tsuchiura_ishioka_omitama_kasumigaura_etc,0,0,0,0,0,0,0,0,0,0,0,0,0,0,0,0,0,0,0,0,0,0,0,0,0,3,0,3,0,0,0,0,0,0,0,0,0,0,0,0,0,0,0,0,0,0,0,34,0,6,0,0,0,3,0,0,0,0,0,3,0,0,0,0,0,0,0,0,0,0,0,0,0,53
48,koga_shimotsuma_yachiyo_goka_etc,0,0,3,0,0,3,0,0,0,0,0,0,0,0,0,0,0,0,0,0,0,0,0,0,0,0,0,3,0,0,0,0,0,3,0,0,0,0,0,0,0,0,0,0,0,0,0,0,7,0,3,0,0,0,3,3,0,0,0,0,0,0,0,0,0,0,0,0,0,0,8,0,0,34
49,tsukuba_city,6,0,0,0,0,0,0,0,0,0,0,0,0,0,0,0,0,0,0,0,0,0,0,0,0,0,0,0,0,0,0,0,0,0,0,0,0,0,0,0,0,0,0,0,0,0,0,6,32,79,7,0,0,0,0,0,0,0,0,0,0,0,0,0,0,0,0,0,0,0,0,0,6,135
50,joso_bando,0,0,0,2,0,0,0,0,0,0,0,0,0,0,0,0,0,0,0,0,0,0,0,0,0,0,0,2,5,2,2,0,0,0,0,0,0,0,2,0,0,0,0,0,0,0,0,0,0,0,3,0,0,0,0,0,0,0,0,0,0,0,0,0,0,0,0,0,0,0,0,0,12,31
51,ryugasaki_toride_ushiku_moriya_etc,22,0,9,0,0,6,0,0,0,0,0,0,0,0,2,0,0,3,0,0,0,0,0,0,3,0,3,0,3,19,0,3,5,15,12,0,0,0,0,3,0,0,0,0,0,3,0,10,3,3,0,7,0,0,0,3,6,0,0,0,0,0,0,0,0,0,15,0,7,15,21,6,7,215
52,inashiki_miho_kawachi,0,0,0,0,0,0,0,0,0,0,0,0,0,0,0,0,0,0,0,0,0,0,0,0,0,0,0,0,0,0,0,0,0,0,0,0,0,0,0,0,0,0,0,0,0,0,0,0,0,0,0,0,0,0,0,0,0,0,0,0,0,0,0,0,0,0,0,0,0,0,0,0,3,3
53,kashima_kamisu_namegata_itako,0,0,0,3,0,0,0,0,0,0,0,0,0,0,0,0,0,0,0,0,0,0,0,0,0,0,0,3,0,0,0,0,0,0,0,0,0,0,0,0,0,0,0,0,0,0,0,0,0,0,0,0,0,13,3,0,3,0,0,3,0,0,0,0,0,0,0,0,0,0,0,0,3,33
54,mito_hitachi_kasama_hitachinaka_etc,4,2,0,17,0,2,2,0,0,0,0,0,0,0,4,3,0,2,0,0,0,0,0,2,3,0,2,0,2,0,0,0,0,0,0,0,0,4,0,0,0,0,0,0,0,0,0,18,0,4,4,0,0,8,78,0,0,0,6,0,0,0,0,3,0,0,9,0,3,8,19,0,4,211
55,yuki_chikusei_sakuragawa,0,0,0,0,0,0,0,0,0,0,0,0,0,0,0,0,0,0,0,0,0,0,0,0,0,0,0,0,0,0,0,0,0,0,0,0,0,0,0,0,0,0,0,0,0,0,0,0,7,0,3,3,0,0,0,10,0,0,3,13,7,0,0,0,0,0,0,0,0,0,0,0,7,52
56,maebashi_takasaki_isesaki_shibukawa_etc,0,0,4,5,4,7,0,0,0,0,4,0,4,4,0,0,0,0,0,0,0,0,0,0,0,0,4,7,21,4,0,0,4,4,10,4,0,0,13,0,4,0,0,0,0,0,0,7,0,4,0,0,0,4,0,4,343,17,0,0,3,0,0,0,12,0,48,7,11,11,37,9,7,623
57,kiryu_ota_tatebayashi_midori_etc,4,4,0,0,0,0,0,0,0,0,0,0,0,0,0,0,0,0,0,0,0,0,0,0,0,0,0,0,0,0,0,0,0,0,0,0,0,0,0,0,0,0,0,0,0,0,0,0,0,0,0,0,0,0,0,0,6,379,0,0,0,0,0,0,0,0,11,0,0,0,4,0,4,410
58,utsunomiya_kanuma_moka_kaminokawa_etc,21,0,4,0,0,0,0,0,0,0,0,0,0,0,0,0,0,0,0,0,4,0,0,0,0,0,21,0,0,0,0,0,0,0,0,0,0,0,0,0,0,0,0,0,0,0,0,0,0,0,0,0,0,0,0,23,0,0,200,103,48,0,0,211,0,0,11,4,4,4,33,0,29,720
59,tochigi_oyama_shimotsuke_nogi_etc,0,0,0,0,0,0,0,4,0,0,0,0,0,0,0,0,0,0,0,0,0,0,0,0,0,0,0,0,0,0,0,0,0,0,0,0,0,0,0,0,0,0,0,0,0,0,0,0,0,0,0,0,0,0,0,0,0,0,0,0,0,0,0,0,0,0,0,0,0,0,0,0,41,45
60,ashikaga_sano,7,0,0,4,0,4,0,0,3,0,0,0,0,0,0,0,0,0,0,0,0,0,0,0,0,0,0,0,0,0,0,0,0,0,0,0,0,0,0,0,0,0,0,0,0,0,0,0,0,0,0,0,0,0,0,0,7,7,0,7,29,0,0,4,0,0,3,0,0,0,0,0,7,82
61,tokyo_islands,0,0,0,0,0,0,0,0,0,0,0,0,0,0,0,0,0,0,0,0,0,0,0,0,0,0,0,0,0,0,0,0,0,0,0,0,0,0,0,0,0,0,0,0,0,0,0,0,0,0,0,0,0,0,0,0,0,0,0,0,0,0,0,0,0,0,0,0,0,0,0,0,0,0
62,ibaraki_north,0,0,0,0,0,0,0,0,0,0,0,0,0,0,0,0,0,0,0,0,0,0,0,0,0,0,0,0,0,0,0,0,0,0,0,0,0,0,0,0,0,0,0,0,0,0,0,0,0,0,0,0,0,0,0,0,0,0,0,0,0,0,0,0,0,0,0,0,0,0,0,0,0,0
63,tochigi_north,0,0,0,0,0,0,0,0,0,0,0,0,0,0,0,0,0,0,0,0,0,0,0,0,0,0,0,0,0,11,0,0,0,0,0,0,0,0,0,0,0,0,0,0,0,0,0,0,0,0,0,0,0,0,0,0,0,0,0,0,0,0,0,0,0,0,0,0,0,0,0,0,0,11
64,gunma_north,0,0,0,0,0,0,0,0,0,0,0,0,0,0,0,0,0,0,0,0,0,0,0,0,0,0,0,0,0,0,0,0,0,0,0,0,0,0,0,0,0,0,0,0,0,0,0,0,0,0,0,0,0,0,0,0,11,0,0,0,0,0,0,0,0,0,0,0,0,0,0,0,0,11
65,gunma_other_ueno_kanna_nanmoku,0,0,0,0,0,0,0,0,0,0,0,0,0,0,0,0,0,0,0,0,0,0,0,0,0,0,0,0,0,0,0,0,0,0,0,0,0,0,0,0,0,0,0,0,0,0,0,0,0,0,0,0,0,0,0,0,0,0,0,0,0,0,0,0,0,0,0,0,0,0,0,0,0,0
66,hokkaido_tohoku,3,4,22,15,0,622,20,0,1,0,0,0,0,0,0,0,0,3,0,0,0,4,0,0,0,0,0,0,12,0,0,0,0,0,0,0,0,0,0,0,0,0,0,3,0,0,0,3,3,0,0,0,0,0,0,0,11,0,4,0,0,0,0,0,0,0,0,0,0,0,0,0,0,731
67,hokuriku,0,0,0,6,0,0,0,0,4,0,0,0,0,0,0,0,0,0,0,0,0,0,0,0,3,0,0,10,1,0,0,5,3,0,0,0,0,0,0,0,0,0,0,0,0,0,3,0,0,0,0,0,0,0,0,0,8,0,0,0,0,0,0,0,0,0,0,0,0,0,0,0,0,44
68,yamanashi_nagano,0,0,17,0,0,0,6,0,0,0,0,0,0,0,15,0,0,0,0,0,0,0,0,0,0,0,0,12,5,0,3,0,0,0,0,0,0,0,0,0,0,12,0,0,0,0,0,0,0,0,0,0,0,0,0,0,5,0,0,0,0,0,0,0,0,0,0,0,0,0,0,0,0,76
69,shizuoka,0,0,0,0,0,0,0,3,1,0,0,0,0,0,0,0,0,0,0,0,0,0,0,0,10,0,7,6,0,3,3,0,0,0,0,0,0,0,0,0,0,4,0,0,0,0,0,0,0,0,0,0,0,0,0,4,0,0,0,0,0,0,0,0,0,0,0,0,0,0,0,0,0,42
70,chubu_west,16,3,5,18,0,7,56,56,1,4,0,0,0,0,33,0,0,0,0,7,0,4,0,0,0,6,7,5,4,16,3,3,0,0,9,0,0,0,4,4,0,27,0,0,0,0,22,0,6,0,0,17,0,0,6,4,14,9,26,0,0,0,0,0,0,0,0,0,0,0,0,0,0,401
71,overseas,47,0,0,8,0,0,0,0,0,0,0,0,0,0,0,0,0,0,0,0,0,0,0,0,0,0,0,34,0,0,0,0,0,0,0,0,0,0,72,3,0,0,0,1,0,0,0,0,0,0,0,0,0,0,0,0,0,0,0,0,0,0,0,0,0,0,0,0,0,0,0,0,0,165
999,unknown,0,0,0,0,0,0,0,0,0,0,0,0,0,0,0,0,0,0,0,0,0,0,0,0,0,0,0,0,0,0,0,0,0,0,0,0,0,0,0,0,0,0,0,0,0,0,0,0,0,0,0,0,0,0,0,0,0,0,0,0,0,0,0,0,0,0,0,0,0,0,0,0,0,0
○daily_necessities,,,,,,,,,,,,,,,,,,,,,,,,,,,,,,,,,,,,,,,,,,,,,,,,,,,,,,,,,,,,,,,,,,,,,,,,,,,(unit: vehicles/day)
large_zone,region,tokyo_chiyoda_chuo_minato,tokyo_meguro_shinagawa_ota,tokyo_toshima_bunkyo_shinjuku_shibuya,tokyo_arakawa_taito_sumida_koto,tokyo_nakano_suginami_setagaya,tokyo_nerima_itabashi_kita,tokyo_adachi_katsushika_edogawa,chofu_nishitokyo_fuchu_musashino_etc,machida_tama_hachioji_inagi_etc,mizuho_fussa_hamura_akiruno_etc,yokohama_nishi_naka,yokohama_isogo_minami_kanazawa_konan,yokohama_hodogaya_totsuka_sakae_izumi_etc,yokohama_kohoku_tsuzuki_midori_aoba,yokohama_tsurumi_kanagawa,kawasaki_kawasaki_saiwai_nakahara,kawasaki_takatsu_miyamae_tama_asao,sagamihara_city,yokosuka_miura,kamakura_zushi_hayama,fujisawa_chigasaki_samukawa,hiratsuka_oiso_ninomiya,odawara_manazuru_yugawara_hakone,minami_ashigara_nakai_oi_matsuda_etc,atsugi_hadano_kiyokawa_isehara_etc,zama_yamato_ebina_ayase,saitama_city,kawaguchi_warabi_toda,asaka_wako_niiza_tokorozawa_etc,soka_kasukabe_misato_koshigaya_etc,hanno_hidaka_moroyama_ogose_etc,tsurugashima_sakado_kawajima_higashimatsuyama_etc,ageo_konosu_okegawa_kitamoto_etc,kuki_kazo_hanyu_gyoda_etc,kumagaya_fukaya_ogawa_yorii_etc,honjo_kamikawa_kamisato,chichibu_yokoze_minano_nagatoro_etc,chiba_city,ichikawa_urayasu_narashino_funabashi,matsudo_kamagaya_kashiwa_abiko,nagareyama_noda,yachiyo_sakura_narita_shiroi_etc,ichihara_city,kisarazu_sodegaura_kimitsu_futtsu,katsuura_otaki_tateyama_kamogawa_etc,choshi_asahi_sosa_katori_etc,togane_mobara_sanmu_oamishirasato_etc,tsuchiura_ishioka_omitama_kasumigaura_etc,koga_shimotsuma_yachiyo_goka_etc,tsukuba_city,joso_bando,ryugasaki_toride_ushiku_moriya_etc,inashiki_miho_kawachi,kashima_kamisu_namegata_itako,mito_hitachi_kasama_hitachinaka_etc,yuki_chikusei_sakuragawa,maebashi_takasaki_isesaki_shibukawa_etc,kiryu_ota_tatebayashi_midori_etc,utsunomiya_kanuma_moka_kaminokawa_etc,tochigi_oyama_shimotsuke_nogi_etc,ashikaga_sano,tokyo_islands,ibaraki_north,tochigi_north,gunma_north,gunma_other_ueno_kanna_nanmoku,hokkaido_tohoku,hokuriku,yamanashi_nagano,shizuoka,chubu_west,overseas,unknown,all_regions
0,tokyo_chiyoda_chuo_minato,207,83,47,103,0,0,175,13,2,0,8,0,0,3,0,4,7,2,0,4,2,0,0,0,0,0,7,0,7,3,0,0,0,0,0,0,0,42,49,3,0,0,0,0,0,0,0,0,0,0,0,0,0,4,0,0,3,3,36,0,0,0,0,3,0,0,41,76,2,4,804,45,44,1834
1,tokyo_meguro_shinagawa_ota,54,318,124,28,52,25,31,83,20,0,6,3,4,75,6,10,3,19,7,4,4,0,18,0,4,21,30,7,49,24,0,7,16,14,11,0,0,18,49,49,9,30,4,11,7,10,4,4,3,2,0,9,0,0,15,0,20,0,39,7,6,0,0,7,0,0,250,128,33,63,787,2,343,2984
2,tokyo_toshima_bunkyo_shinjuku_shibuya,244,19,401,203,122,156,32,60,0,1,59,35,0,0,0,5,0,2,0,0,2,0,2,0,0,0,192,36,36,27,0,2,0,2,0,0,0,7,21,19,2,2,0,11,0,0,0,2,0,13,0,0,0,0,4,0,15,8,71,36,2,0,0,0,0,0,142,22,11,9,429,0,144,2607
3,tokyo_arakawa_taito_sumida_koto,64,85,66,235,4,2,42,11,3,0,13,0,3,3,1,5,0,0,0,3,0,0,11,0,40,4,0,17,26,20,3,0,0,4,0,0,0,9,55,14,9,0,0,0,0,0,0,0,36,0,0,0,0,0,0,3,0,35,0,0,0,0,0,0,0,0,108,122,11,6,470,0,185,1728
4,tokyo_nakano_suginami_setagaya,83,58,71,6,103,11,0,44,46,0,6,6,6,140,0,6,11,0,0,0,0,0,35,0,35,0,0,0,0,35,0,0,35,0,0,0,0,0,35,35,0,0,0,0,0,0,0,0,0,0,0,0,0,0,0,0,0,0,0,0,0,0,0,0,0,0,20,1,35,11,271,9,88,1240
5,tokyo_nerima_itabashi_kita,100,75,154,205,170,206,110,87,34,0,0,9,0,0,7,0,0,17,0,9,0,7,9,0,0,0,0,3,25,31,0,0,0,0,0,0,9,0,0,0,146,17,0,0,0,16,0,0,0,0,0,0,0,0,0,7,23,0,9,0,139,0,0,0,0,0,176,80,230,29,767,11,279,3196
6,tokyo_adachi_katsushika_edogawa,85,28,99,207,23,25,162,72,17,4,19,3,4,21,10,10,6,8,0,0,6,4,0,0,7,9,17,11,8,52,11,0,3,4,0,0,0,9,36,32,3,2,4,0,0,0,43,10,3,0,46,11,0,0,0,9,42,0,7,5,10,0,0,39,0,0,60,25,63,47,392,1,171,2001
7,chofu_nishitokyo_fuchu_musashino_etc,71,31,93,31,55,18,18,682,114,22,0,0,0,4,0,10,7,17,4,0,4,0,0,0,6,8,7,0,69,3,3,2,0,0,4,0,0,0,10,8,3,0,0,0,0,0,0,3,0,0,0,0,0,0,0,0,0,3,4,0,0,0,0,4,4,0,106,21,32,21,108,3,135,1749
8,machida_tama_hachioji_inagi_etc,16,11,86,31,0,14,0,57,425,17,0,4,4,40,6,2,12,14,0,0,0,0,0,0,0,9,0,4,8,0,0,0,0,0,0,0,0,0,0,0,0,0,0,0,0,0,0,0,0,4,0,0,0,0,0,0,0,0,0,4,0,0,0,0,0,0,25,9,16,16,95,0,40,971
9,mizuho_fussa_hamura_akiruno_etc,0,0,7,0,0,0,0,27,0,57,4,0,0,4,0,0,0,0,4,0,0,0,0,0,0,0,0,0,8,14,4,0,4,0,0,0,0,0,0,0,0,0,0,0,0,0,0,0,0,0,0,0,0,0,0,0,0,0,0,0,0,0,0,0,0,0,30,9,18,0,96,0,56,341
10,yokohama_nishi_naka,9,0,0,0,2,2,3,3,3,0,3,7,3,3,7,3,3,15,0,0,0,0,0,0,0,3,3,0,0,0,0,0,0,0,0,0,0,0,0,0,0,0,0,0,0,0,0,0,0,0,0,0,0,0,0,0,0,0,0,0,0,0,0,0,0,0,5,0,0,0,5,0,3,89
11,yokohama_isogo_minami_kanazawa_konan,3,3,7,0,0,3,0,0,2,0,29,245,86,7,9,0,0,5,17,17,14,7,0,0,0,8,3,7,0,2,3,0,3,0,0,0,0,0,0,7,0,0,0,0,0,0,0,0,0,3,0,0,0,0,0,0,0,0,0,0,0,0,0,0,0,0,10,0,0,7,14,3,82,607
12,yokohama_hodogaya_totsuka_sakae_izumi_etc,10,0,21,18,0,0,0,0,0,0,208,212,301,218,154,15,0,138,0,3,135,68,0,0,135,203,0,0,0,0,0,0,0,0,0,0,0,0,0,0,0,0,0,0,0,0,3,0,3,0,0,0,0,0,0,0,0,0,0,0,0,0,0,0,0,0,0,0,0,0,0,0,6,1851
13,yokohama_kohoku_tsuzuki_midori_aoba,36,27,13,16,10,0,10,79,120,15,120,81,106,459,101,9,33,83,34,36,44,15,22,0,91,91,0,0,0,18,0,0,0,0,0,0,0,27,37,0,0,22,0,15,0,15,0,0,0,0,0,0,0,0,0,0,0,0,0,0,0,0,0,0,0,0,3,0,136,416,38,0,115,2496
14,yokohama_tsurumi_kanagawa,10,18,22,9,10,3,0,2,4,0,255,68,157,363,255,73,49,4,0,0,3,0,0,0,0,0,9,0,0,2,0,7,2,2,0,0,0,0,0,2,0,2,3,0,0,0,0,2,0,0,0,0,0,0,0,0,0,0,2,5,0,0,0,0,0,0,26,2,0,0,2,6,477,1858
15,kawasaki_kawasaki_saiwai_nakahara,19,20,39,7,7,0,3,4,8,0,6,3,0,16,9,47,3,4,3,5,0,0,0,0,0,0,8,0,0,0,0,0,0,0,8,0,0,0,4,0,0,0,14,0,0,0,0,0,0,0,3,0,0,0,0,0,0,0,0,0,0,0,0,0,0,0,14,0,4,0,31,0,22,309
16,kawasaki_takatsu_miyamae_tama_asao,30,50,11,27,27,8,4,25,59,0,18,16,23,143,10,42,236,8,0,0,4,0,21,0,0,4,4,5,25,23,0,21,0,0,0,0,0,4,25,0,12,25,0,0,0,0,0,4,0,0,0,0,0,0,0,0,4,0,4,4,4,0,0,0,0,0,33,20,4,8,196,0,8,1201
17,sagamihara_city,13,68,8,16,53,10,35,115,79,10,14,24,22,65,23,32,52,192,13,12,36,8,21,0,50,86,0,3,15,0,10,0,0,0,0,0,2,11,15,0,0,3,3,6,0,0,0,0,0,4,0,0,0,0,4,0,18,0,4,0,7,0,0,0,0,0,52,0,22,14,195,0,131,1577
18,yokosuka_miura,30,0,0,3,0,3,0,0,0,0,35,10,0,4,17,7,0,0,43,10,0,0,0,0,10,3,0,0,0,0,0,0,0,0,0,0,0,0,4,0,0,0,0,0,0,0,0,0,0,3,0,0,0,0,0,0,0,0,0,0,0,0,0,0,0,0,0,0,0,0,7,0,3,194
19,kamakura_zushi_hayama,0,0,0,0,0,0,0,0,0,0,0,20,100,0,0,0,0,0,37,75,39,2,0,0,2,15,0,0,0,0,0,0,0,0,0,0,0,0,0,0,0,0,0,0,0,0,0,0,0,0,0,0,0,0,0,0,0,0,0,0,0,0,0,0,0,0,0,0,0,0,0,0,0,291
20,fujisawa_chigasaki_samukawa,0,0,0,0,12,0,0,0,0,0,4,3,0,0,7,12,4,0,3,0,93,3,12,0,6,3,10,0,3,0,0,0,0,0,0,0,0,0,3,10,10,0,0,0,0,0,0,3,0,0,0,0,0,0,3,0,0,0,0,0,0,0,0,0,0,0,16,6,0,3,31,0,74,332
21,hiratsuka_oiso_ninomiya,0,0,0,0,7,0,6,0,12,0,0,32,45,13,19,3,3,29,0,0,39,87,20,3,61,29,0,0,0,0,0,0,0,0,0,0,0,4,12,0,0,0,0,12,12,0,0,0,0,0,0,0,0,0,0,0,0,0,0,0,0,0,0,0,0,0,18,0,0,12,3,0,17,496
22,odawara_manazuru_yugawara_hakone,0,27,4,4,0,4,7,0,17,0,0,16,12,17,13,0,4,13,9,0,17,28,30,5,32,7,4,7,4,0,0,0,0,7,0,0,0,0,7,0,0,7,0,4,0,0,0,0,0,0,0,0,0,0,0,0,7,0,4,0,4,0,0,0,0,0,37,7,7,54,62,0,15,498
23,minami_ashigara_nakai_oi_matsuda_etc,15,0,12,0,0,0,0,0,0,0,4,0,0,0,12,0,0,0,0,0,0,0,0,0,0,0,0,0,0,0,0,0,0,0,0,0,0,0,0,0,0,0,0,0,0,0,4,0,0,0,0,0,0,0,0,0,0,0,0,0,0,0,0,0,0,0,23,0,4,0,50,0,27,149
24,atsugi_hadano_kiyokawa_isehara_etc,16,0,0,10,7,0,7,3,3,0,0,3,10,18,3,0,21,53,0,0,14,17,11,17,72,45,7,0,14,3,0,4,0,0,3,0,0,3,10,3,0,0,0,0,0,0,0,0,11,0,0,0,0,0,3,0,0,0,4,0,0,0,0,0,0,0,7,0,13,7,14,0,106,544
25,zama_yamato_ebina_ayase,1,27,16,18,13,2,7,10,30,3,28,66,120,84,20,12,19,78,21,16,63,3,6,0,90,63,1,2,2,3,0,3,0,0,0,0,0,0,8,0,5,4,1,0,0,0,0,0,0,0,0,0,0,0,3,0,0,0,3,0,0,0,0,0,0,0,1,12,13,38,14,0,64,993
26,saitama_city,22,9,16,20,13,6,23,12,10,0,3,0,0,0,6,3,0,0,0,0,0,0,0,0,6,4,724,45,41,37,0,0,205,68,6,0,0,19,13,3,6,0,0,10,0,0,3,0,3,0,0,0,0,0,3,7,19,10,3,9,0,0,4,0,0,0,87,27,22,6,178,0,304,2014
27,kawaguchi_warabi_toda,28,40,113,108,67,122,106,74,7,11,11,4,7,15,11,7,3,12,4,0,11,0,0,0,9,5,95,200,114,99,0,6,33,74,19,0,19,18,45,42,26,30,8,6,0,0,0,6,0,1,0,1,0,0,2,0,0,4,0,4,3,0,0,3,0,0,14,14,15,4,212,0,51,1944
28,asaka_wako_niiza_tokorozawa_etc,51,12,59,35,5,26,5,155,25,34,20,0,0,5,0,3,5,3,0,0,0,0,3,0,20,0,178,61,1245,20,234,210,63,40,130,0,29,5,10,8,0,0,0,0,5,0,10,0,15,0,0,0,0,3,10,0,3,15,20,0,0,0,0,0,0,0,44,24,19,14,183,5,53,3123
29,soka_kasukabe_misato_koshigaya_etc,69,58,103,103,27,22,101,48,37,14,5,0,20,5,7,37,19,19,1,0,1,1,10,0,18,11,123,63,55,414,0,7,20,87,42,0,0,36,76,26,5,47,12,12,0,0,5,26,14,22,12,31,5,16,23,0,38,37,37,11,0,0,0,23,5,0,155,48,33,38,555,4,198,3098
30,hanno_hidaka_moroyama_ogose_etc,15,18,12,6,8,23,3,28,14,8,0,0,2,5,3,7,2,3,0,3,3,2,0,0,2,6,19,31,8,6,2,0,0,0,0,0,0,0,3,7,0,3,0,3,0,0,3,3,7,0,0,0,0,0,0,0,3,3,3,3,0,0,3,3,0,0,14,0,3,3,51,0,7,374
31,tsurugashima_sakado_kawajima_higashimatsuyama_etc,7,4,6,17,0,4,0,0,3,3,0,0,0,0,0,6,0,0,0,0,0,0,0,0,9,0,7,0,64,0,4,52,26,0,0,0,4,0,0,0,0,3,0,0,0,0,0,0,0,0,0,0,0,0,0,0,19,11,4,0,0,0,0,0,0,0,15,18,6,9,142,3,12,459
32,ageo_konosu_okegawa_kitamoto_etc,12,8,11,18,19,15,22,12,12,0,8,19,27,15,8,8,12,15,4,8,8,8,0,0,4,8,38,12,28,21,0,15,46,23,11,3,0,12,0,8,0,0,8,0,0,0,0,8,0,0,0,0,0,0,0,0,4,12,12,8,8,0,0,4,0,0,209,27,27,4,449,0,87,1360
33,kuki_kazo_hanyu_gyoda_etc,13,10,7,17,0,0,12,6,4,2,0,0,3,0,3,0,0,0,0,0,0,3,2,3,3,9,26,11,15,44,3,2,4,60,0,0,0,9,21,5,6,4,0,4,0,0,0,3,0,3,0,0,0,0,8,0,9,3,4,3,4,0,7,1,0,0,127,4,5,0,87,12,162,754
34,kumagaya_fukaya_ogawa_yorii_etc,13,3,27,23,29,10,6,13,8,1,3,2,3,5,1,2,3,6,2,2,3,1,2,14,4,15,56,16,58,22,7,3,13,18,64,9,12,15,4,16,1,13,1,1,3,4,5,4,5,1,0,13,0,3,16,2,13,11,10,7,11,0,1,9,2,0,116,35,24,35,134,2,30,1026
35,honjo_kamikawa_kamisato,0,0,0,10,0,7,0,0,0,0,0,0,0,0,0,0,0,0,0,0,0,0,0,0,0,0,7,0,0,3,0,0,0,0,3,6,0,0,0,3,0,0,0,0,0,0,0,0,0,8,0,0,0,0,0,0,3,3,0,0,3,0,0,0,0,0,6,0,3,0,45,0,27,135
36,chichibu_yokoze_minano_nagatoro_etc,0,0,0,0,0,0,0,0,3,0,0,0,0,0,0,0,0,0,0,0,0,0,0,0,0,0,0,0,0,0,0,0,0,0,4,0,0,0,0,0,0,0,0,0,0,0,0,0,0,0,0,0,0,0,0,0,0,0,0,0,0,0,0,0,0,0,0,0,0,0,0,0,7,14
37,chiba_city,15,4,12,19,0,0,16,0,0,0,0,4,0,0,0,0,0,0,0,0,0,0,0,0,0,0,0,0,0,0,0,0,0,0,0,0,0,54,8,7,0,33,13,10,0,0,0,0,0,3,0,0,0,0,0,0,0,0,0,0,4,0,0,0,0,0,13,20,0,0,27,0,24,286
38,ichikawa_urayasu_narashino_funabashi,16,25,26,76,4,0,24,0,0,0,3,0,0,0,0,10,0,4,0,0,0,0,0,0,10,3,0,0,0,5,0,0,0,4,0,0,0,81,200,108,17,101,0,0,7,0,7,0,0,10,0,21,0,0,0,0,3,3,10,0,0,0,0,0,0,0,43,6,0,3,93,0,451,1373
39,matsudo_kamagaya_kashiwa_abiko,43,29,38,110,24,25,35,64,27,10,10,28,69,27,0,38,0,0,27,0,27,0,1,0,31,27,35,0,50,10,3,1,0,25,0,0,0,45,40,97,34,53,0,25,0,0,0,27,27,0,0,27,0,0,27,0,27,27,27,7,0,0,0,0,0,0,426,78,119,38,695,9,301,2978
40,nagareyama_noda,7,30,17,47,27,20,24,33,17,3,3,4,17,20,10,10,0,7,7,3,3,0,0,3,7,16,7,3,6,78,0,0,10,7,3,0,0,10,17,115,89,13,3,10,3,0,3,0,6,3,17,14,0,3,13,3,13,13,13,3,3,0,7,3,3,0,56,20,10,7,182,0,106,1213
41,yachiyo_sakura_narita_shiroi_etc,33,14,11,10,0,2,9,7,0,0,7,12,0,9,6,0,0,2,0,0,0,0,0,0,0,8,0,2,9,8,0,0,0,2,0,0,0,27,11,7,2,206,8,2,0,7,34,0,4,3,0,7,0,0,0,0,0,0,0,0,0,0,0,5,0,0,6,7,2,18,80,0,5,591
42,ichihara_city,0,0,0,0,0,0,0,0,0,0,0,0,0,0,0,0,0,0,0,0,0,0,0,0,0,0,0,0,0,0,0,0,0,0,0,0,0,3,9,0,0,0,48,18,18,0,5,0,0,0,0,0,0,0,0,0,0,0,0,0,0,0,0,0,0,0,2,0,0,0,8,0,4,113
43,kisarazu_sodegaura_kimitsu_futtsu,0,0,0,0,0,0,14,0,0,0,0,0,4,0,0,0,0,0,0,0,0,0,0,0,4,0,0,0,0,4,0,0,0,0,0,0,0,55,0,0,3,58,17,114,84,20,38,0,0,0,0,0,0,0,0,0,0,0,0,0,0,0,0,0,0,0,0,0,0,3,0,0,61,480
44,katsuura_otaki_tateyama_kamogawa_etc,4,0,4,0,4,4,4,0,0,0,0,0,0,0,0,0,0,0,0,0,0,0,0,0,0,0,0,0,4,0,0,0,0,0,0,0,0,0,0,0,0,0,0,0,4,0,0,0,0,0,0,0,0,0,0,0,0,0,0,0,0,0,0,4,0,0,0,0,4,0,7,0,20,59
45,choshi_asahi_sosa_katori_etc,0,5,5,17,0,0,10,3,0,0,0,0,0,0,0,0,0,0,0,0,0,0,0,0,0,0,0,0,3,0,0,0,3,0,2,0,0,3,5,5,2,3,0,0,0,1,0,0,0,0,0,0,0,0,0,0,0,2,2,0,0,0,0,0,0,0,0,0,2,2,7,0,22,102
46,togane_mobara_sanmu_oamishirasato_etc,42,17,40,56,30,8,23,14,6,0,6,3,0,0,7,14,13,3,3,3,6,3,3,0,3,0,13,3,37,12,0,0,3,0,3,3,0,30,57,9,0,107,38,41,90,86,103,11,0,3,0,3,0,18,3,0,31,21,3,0,0,0,0,22,0,0,11,11,20,20,119,5,54,1285
47,tsuchiura_ishioka_omitama_kasumigaura_etc,7,4,0,8,7,0,0,0,0,0,1,0,3,1,1,0,0,0,0,0,0,0,3,1,0,1,2,5,2,40,0,0,0,15,0,0,0,0,4,0,0,4,0,3,0,0,0,265,8,216,95,214,36,11,10,10,0,1,6,1,1,0,4,0,0,0,4,0,4,0,20,0,19,1040
48,koga_shimotsuma_yachiyo_goka_etc,0,3,3,6,0,0,6,0,0,0,3,0,0,0,0,8,3,0,0,0,0,0,0,3,3,12,6,0,15,3,0,0,3,11,0,0,0,0,9,9,3,3,0,0,0,0,0,0,1,3,0,1,0,0,3,0,6,0,6,0,3,0,0,0,0,0,30,18,9,6,29,0,10,237
49,tsukuba_city,13,3,15,0,0,0,5,0,5,0,0,0,3,0,5,0,0,0,0,0,0,0,0,0,0,0,0,0,0,0,0,0,0,0,0,0,0,0,5,0,0,0,0,0,0,0,0,150,11,95,8,33,37,0,38,5,0,0,16,5,22,0,0,22,0,0,6,3,3,0,14,0,48,570
50,joso_bando,7,0,0,10,0,0,7,0,0,0,0,0,0,0,0,0,0,0,0,0,0,0,0,0,0,0,0,12,0,0,0,0,0,0,0,0,0,0,7,0,0,0,0,0,0,0,0,0,0,7,3,3,0,0,3,7,0,0,10,0,0,0,0,0,0,0,14,3,0,3,23,0,0,118
51,ryugasaki_toride_ushiku_moriya_etc,0,13,3,3,3,8,6,0,0,0,3,0,0,0,0,0,0,0,0,0,0,0,0,0,0,0,8,0,7,0,0,0,0,10,0,0,0,3,11,23,5,0,0,0,0,0,0,0,0,0,0,40,10,10,0,0,0,0,0,0,0,0,0,0,0,0,0,0,0,0,7,0,33,205
52,inashiki_miho_kawachi,0,0,0,0,0,0,0,0,0,0,0,0,0,0,0,0,0,0,0,0,0,0,0,0,4,0,0,7,0,3,0,0,4,0,0,0,0,0,3,0,3,3,0,0,0,0,0,0,0,0,0,0,0,3,0,0,3,0,0,0,0,0,3,0,0,0,0,0,6,0,18,0,3,64
53,kashima_kamisu_namegata_itako,8,0,0,19,9,3,7,6,0,0,0,12,9,9,0,0,0,0,15,0,0,0,0,0,0,0,0,3,3,7,0,0,0,27,0,0,0,19,9,9,0,5,0,0,0,3,0,5,0,0,0,0,27,180,19,0,0,0,0,0,0,0,0,0,0,0,31,0,3,3,24,0,0,476
54,mito_hitachi_kasama_hitachinaka_etc,0,3,0,3,0,5,0,3,0,9,0,3,3,3,0,0,0,3,0,0,3,0,11,0,0,0,3,7,3,3,0,0,0,3,0,0,0,9,0,0,0,9,0,0,0,9,0,121,0,0,0,0,0,42,914,0,0,0,0,0,0,0,161,9,0,0,35,11,5,11,153,0,24,1577
55,yuki_chikusei_sakuragawa,6,2,9,4,3,2,5,0,0,0,4,2,0,4,2,0,0,0,0,0,0,0,0,0,3,0,0,0,7,3,0,0,0,0,0,0,0,0,0,0,3,0,0,0,0,0,0,3,42,0,0,0,0,3,0,59,3,0,0,0,3,0,0,0,0,0,31,9,6,6,102,0,42,370
56,maebashi_takasaki_isesaki_shibukawa_etc,59,3,12,8,3,27,24,6,8,0,0,0,0,0,3,0,0,0,3,5,6,1,0,0,4,0,22,0,14,27,3,11,39,23,7,37,0,3,6,7,3,5,0,0,0,0,11,0,4,0,3,0,0,7,33,0,557,39,14,37,4,0,0,10,109,0,127,26,51,16,242,0,279,1943
57,kiryu_ota_tatebayashi_midori_etc,24,10,46,14,3,6,10,10,3,0,7,3,0,0,3,0,0,0,0,0,0,0,0,0,0,0,0,2,3,9,0,0,0,8,24,0,0,3,0,3,0,3,0,0,0,0,0,0,3,0,0,0,0,0,0,0,24,88,7,10,15,0,0,3,0,0,13,3,0,3,55,0,18,439
58,utsunomiya_kanuma_moka_kaminokawa_etc,28,0,5,35,3,2,5,0,0,0,0,0,0,3,0,2,3,3,0,0,0,0,0,0,0,0,0,0,5,19,0,0,0,10,3,0,3,4,22,0,0,5,0,1,0,3,0,1,1,3,1,0,0,0,85,0,16,0,230,111,5,0,0,195,0,0,43,13,5,4,64,6,144,1093
59,tochigi_oyama_shimotsuke_nogi_etc,13,15,20,11,0,17,18,21,13,0,7,33,7,13,10,7,7,13,7,0,10,7,7,0,13,10,24,16,20,21,7,0,7,20,11,0,0,13,20,3,0,38,0,13,0,0,4,0,23,7,0,4,0,4,7,3,35,11,17,453,0,0,0,4,0,0,60,37,14,14,215,0,76,1476
60,ashikaga_sano,15,0,0,22,7,0,8,8,0,6,4,0,0,0,0,4,0,3,0,0,0,0,0,0,0,0,6,0,4,4,0,0,3,6,16,0,4,0,4,0,0,0,0,0,0,0,0,0,0,0,0,0,0,0,0,0,15,40,4,16,34,0,0,4,0,0,18,10,0,0,42,3,186,496
61,tokyo_islands,0,0,0,0,0,0,0,0,0,0,0,0,0,0,0,0,0,0,0,0,0,0,0,0,0,0,0,0,0,0,0,0,0,0,0,0,0,0,0,0,0,0,0,0,0,0,0,0,0,0,0,0,0,0,0,0,0,0,0,0,0,0,0,0,0,0,0,0,0,0,0,0,0,0
62,ibaraki_north,0,0,0,0,0,0,0,0,0,0,0,0,0,0,0,0,0,6,0,0,0,0,0,0,0,0,0,0,0,0,0,0,0,2,0,0,0,0,0,0,3,0,0,0,0,0,0,0,0,0,3,0,0,0,9,0,1,0,4,0,0,0,0,0,0,0,0,0,0,0,0,0,0,27
63,tochigi_north,0,0,2,0,0,0,0,4,0,0,0,0,0,0,0,0,0,0,0,0,0,0,0,0,0,2,0,0,0,4,0,0,0,9,4,0,0,0,0,0,0,0,0,0,0,0,2,0,0,22,0,0,0,0,0,0,0,0,0,0,4,0,0,0,0,0,0,0,0,0,0,0,0,52
64,gunma_north,0,0,0,0,0,0,0,0,0,0,0,0,0,0,0,0,0,0,0,0,0,0,0,0,0,0,0,0,0,0,0,0,0,0,4,0,0,0,0,0,0,0,0,0,0,0,0,0,0,0,0,0,0,0,0,0,3,0,0,0,0,0,0,0,0,0,0,0,0,0,0,0,0,7
65,gunma_other_ueno_kanna_nanmoku,0,0,0,0,0,0,0,0,0,0,0,0,0,0,0,0,0,0,0,0,0,0,0,0,0,0,0,0,0,0,0,0,0,0,0,0,0,0,0,0,0,0,0,0,0,0,0,0,0,0,0,0,0,0,0,0,0,0,0,0,0,0,0,0,0,0,0,0,0,0,0,0,0,0
66,hokkaido_tohoku,7,16,17,72,0,17,3,42,4,0,7,0,0,6,44,4,13,0,0,4,0,5,4,0,20,10,0,10,25,12,0,0,0,45,18,0,0,4,4,0,0,0,0,3,0,5,7,14,0,18,0,0,0,15,17,0,0,13,13,0,3,0,0,0,0,0,0,0,0,0,0,0,0,520
67,hokuriku,77,7,53,109,0,9,5,20,9,0,0,0,0,28,0,3,1,6,0,0,0,20,4,0,3,8,9,6,0,30,0,0,3,3,7,0,0,0,7,0,10,3,0,10,0,0,4,0,0,6,0,0,0,12,9,0,13,0,17,0,16,0,0,0,0,0,0,0,0,0,0,0,0,526
68,yamanashi_nagano,0,10,0,3,0,7,0,17,0,0,0,0,0,2,0,0,0,0,0,0,0,12,12,0,0,2,7,0,4,0,0,0,0,5,1,0,0,4,0,10,0,0,0,0,0,0,11,0,0,0,0,0,0,3,9,0,0,0,0,0,0,0,0,0,0,0,0,0,0,0,0,0,0,119
69,shizuoka,3,8,36,7,0,0,0,22,7,0,0,0,0,7,12,0,1,4,0,5,23,11,0,0,3,25,0,1,11,17,0,7,4,2,3,0,0,1,7,0,20,0,0,0,0,0,4,0,0,11,0,0,0,0,12,0,34,0,2,13,0,0,0,0,0,0,0,0,0,0,0,0,0,323
70,chubu_west,378,125,288,228,35,83,228,76,106,4,4,10,15,66,33,4,7,42,0,0,68,135,30,0,44,78,53,19,102,135,3,3,10,40,90,15,0,37,98,3,37,51,0,3,0,6,19,19,6,16,5,3,8,19,73,0,139,0,84,27,13,0,0,0,0,0,0,0,0,0,0,0,0,3222
71,overseas,6,27,0,3,5,5,16,10,4,4,0,0,0,0,119,4,0,14,15,0,0,0,0,12,20,8,13,31,37,17,10,0,12,58,5,3,0,2,125,15,4,0,0,0,0,0,25,7,0,0,0,0,8,0,12,0,0,11,4,0,35,0,0,0,0,0,0,0,0,0,0,0,0,704
999,unknown,0,0,0,0,0,0,0,0,0,0,0,0,0,0,0,0,0,0,0,0,0,0,0,0,0,0,0,0,0,0,0,0,0,19,0,0,0,0,0,0,0,0,0,0,0,0,0,0,0,0,0,0,0,0,0,0,0,0,0,0,0,0,0,0,0,0,0,0,0,0,0,0,0,19
○misc_industrial_goods_excl_daily,,,,,,,,,,,,,,,,,,,,,,,,,,,,,,,,,,,,,,,,,,,,,,,,,,,,,,,,,,,,,,,,,,,,,,,,,,,(unit: vehicles/day)
large_zone,region,tokyo_chiyoda_chuo_minato,tokyo_meguro_shinagawa_ota,tokyo_toshima_bunkyo_shinjuku_shibuya,tokyo_arakawa_taito_sumida_koto,tokyo_nakano_suginami_setagaya,tokyo_nerima_itabashi_kita,tokyo_adachi_katsushika_edogawa,chofu_nishitokyo_fuchu_musashino_etc,machida_tama_hachioji_inagi_etc,mizuho_fussa_hamura_akiruno_etc,yokohama_nishi_naka,yokohama_isogo_minami_kanazawa_konan,yokohama_hodogaya_totsuka_sakae_izumi_etc,yokohama_kohoku_tsuzuki_midori_aoba,yokohama_tsurumi_kanagawa,kawasaki_kawasaki_saiwai_nakahara,kawasaki_takatsu_miyamae_tama_asao,sagamihara_city,yokosuka_miura,kamakura_zushi_hayama,fujisawa_chigasaki_samukawa,hiratsuka_oiso_ninomiya,odawara_manazuru_yugawara_hakone,minami_ashigara_nakai_oi_matsuda_etc,atsugi_hadano_kiyokawa_isehara_etc,zama_yamato_ebina_ayase,saitama_city,kawaguchi_warabi_toda,asaka_wako_niiza_tokorozawa_etc,soka_kasukabe_misato_koshigaya_etc,hanno_hidaka_moroyama_ogose_etc,tsurugashima_sakado_kawajima_higashimatsuyama_etc,ageo_konosu_okegawa_kitamoto_etc,kuki_kazo_hanyu_gyoda_etc,kumagaya_fukaya_ogawa_yorii_etc,honjo_kamikawa_kamisato,chichibu_yokoze_minano_nagatoro_etc,chiba_city,ichikawa_urayasu_narashino_funabashi,matsudo_kamagaya_kashiwa_abiko,nagareyama_noda,yachiyo_sakura_narita_shiroi_etc,ichihara_city,kisarazu_sodegaura_kimitsu_futtsu,katsuura_otaki_tateyama_kamogawa_etc,choshi_asahi_sosa_katori_etc,togane_mobara_sanmu_oamishirasato_etc,tsuchiura_ishioka_omitama_kasumigaura_etc,koga_shimotsuma_yachiyo_goka_etc,tsukuba_city,joso_bando,ryugasaki_toride_ushiku_moriya_etc,inashiki_miho_kawachi,kashima_kamisu_namegata_itako,mito_hitachi_kasama_hitachinaka_etc,yuki_chikusei_sakuragawa,maebashi_takasaki_isesaki_shibukawa_etc,kiryu_ota_tatebayashi_midori_etc,utsunomiya_kanuma_moka_kaminokawa_etc,tochigi_oyama_shimotsuke_nogi_etc,ashikaga_sano,tokyo_islands,ibaraki_north,tochigi_north,gunma_north,gunma_other_ueno_kanna_nanmoku,hokkaido_tohoku,hokuriku,yamanashi_nagano,shizuoka,chubu_west,overseas,unknown,all_regions
0,tokyo_chiyoda_chuo_minato,176,0,0,35,0,0,0,0,0,0,0,0,0,0,0,0,0,3,0,0,0,0,0,0,0,0,0,0,0,0,0,0,0,0,0,0,0,0,0,0,0,0,0,0,0,0,0,0,0,0,0,0,0,0,0,0,0,0,0,0,0,0,0,0,0,0,0,3,0,3,3,0,0,222
1,tokyo_meguro_shinagawa_ota,14,78,8,13,11,6,6,16,13,0,0,0,3,3,11,15,4,10,0,0,3,0,0,0,3,0,3,10,6,0,0,3,0,3,0,3,0,3,0,0,3,3,3,3,0,0,3,0,3,0,0,0,0,3,0,0,21,9,0,0,3,0,0,0,0,0,22,9,13,6,32,0,39,428
2,tokyo_toshima_bunkyo_shinjuku_shibuya,9,9,30,3,0,3,3,0,3,0,0,0,3,0,3,0,0,0,0,0,0,9,0,0,0,0,0,0,6,0,0,0,0,0,0,0,0,0,51,0,0,0,0,0,0,0,0,0,0,0,0,0,0,0,0,0,3,9,0,0,0,0,0,0,0,0,3,3,3,3,0,0,26,180
3,tokyo_arakawa_taito_sumida_koto,62,29,53,246,0,9,72,9,7,0,2,2,0,4,0,6,0,3,0,0,4,54,0,0,3,57,2,121,15,108,0,58,0,10,0,0,0,0,51,18,57,12,15,0,0,7,3,58,51,4,0,0,0,0,2,0,11,0,8,6,63,0,0,51,0,0,217,135,22,30,598,139,82,2574
4,tokyo_nakano_suginami_setagaya,9,0,31,0,0,0,0,0,9,0,9,0,0,0,0,0,0,0,0,0,0,0,0,0,0,0,0,26,0,0,0,0,0,0,0,0,0,0,0,0,0,0,0,0,0,0,0,0,0,0,0,0,0,0,0,0,0,0,0,0,0,0,0,0,0,0,0,0,0,9,3,0,0,95
5,tokyo_nerima_itabashi_kita,88,6,142,47,0,53,15,71,0,0,0,0,0,7,0,0,0,0,0,0,0,0,0,0,0,17,71,12,6,6,0,0,0,71,0,0,0,0,36,71,0,0,0,0,0,0,0,0,0,0,0,0,0,0,0,0,3,0,6,0,0,0,0,0,0,0,77,0,0,36,308,0,9,1155
6,tokyo_adachi_katsushika_edogawa,0,22,7,46,0,0,398,0,0,0,3,0,0,6,0,0,0,0,0,0,0,0,0,0,0,0,12,9,30,25,0,0,9,0,0,0,0,0,12,13,3,3,0,0,0,0,17,0,9,3,0,0,0,0,0,12,0,0,0,3,3,0,0,0,0,0,7,6,3,0,48,0,18,726
7,chofu_nishitokyo_fuchu_musashino_etc,11,11,7,11,3,16,4,78,14,18,0,4,0,4,0,0,0,7,0,0,4,0,0,0,0,4,0,4,10,7,0,0,0,0,4,0,0,0,9,0,0,0,0,0,0,0,0,0,0,0,0,0,0,0,0,0,0,4,0,4,0,0,0,0,0,0,7,4,7,4,29,34,71,395
8,machida_tama_hachioji_inagi_etc,6,10,7,3,10,0,0,27,82,9,0,6,0,3,0,6,3,7,4,0,4,0,4,0,0,0,0,0,4,0,4,0,0,0,0,4,0,0,0,0,0,0,0,0,0,0,0,0,0,0,0,0,0,0,0,0,0,0,0,0,0,0,0,4,0,0,17,3,12,28,54,0,18,340
9,mizuho_fussa_hamura_akiruno_etc,0,0,0,0,0,0,0,0,7,17,0,0,0,0,0,0,0,0,0,0,0,0,0,0,0,0,0,0,0,0,0,0,0,0,0,0,0,3,0,0,0,0,0,0,0,0,0,0,0,0,0,0,0,0,0,0,0,0,0,0,0,0,0,0,0,0,3,0,3,0,0,0,0,34
10,yokohama_nishi_naka,0,0,0,2,0,0,0,0,0,0,0,0,8,0,0,0,0,0,0,0,0,0,0,0,0,0,0,0,0,0,0,0,0,0,0,0,0,0,0,0,0,0,0,0,0,0,0,0,0,0,0,0,0,0,0,0,0,0,0,0,0,0,0,0,0,0,0,0,0,0,0,0,0,10
11,yokohama_isogo_minami_kanazawa_konan,3,0,7,7,6,0,3,5,0,0,0,10,0,6,3,0,0,0,3,0,0,0,0,0,7,0,0,0,3,3,0,3,0,0,0,0,0,3,6,3,0,2,0,0,0,2,0,0,0,0,0,0,0,0,0,0,2,0,3,0,0,0,0,0,0,0,15,6,3,2,58,0,8,185
12,yokohama_hodogaya_totsuka_sakae_izumi_etc,0,17,3,0,7,0,3,3,0,0,30,30,91,3,34,0,0,0,0,0,0,3,0,0,0,0,0,0,0,0,0,0,0,0,0,0,0,0,0,0,0,0,0,0,0,0,0,0,0,0,0,0,0,0,0,0,0,0,0,0,0,0,0,0,0,0,3,0,0,0,3,0,0,232
13,yokohama_kohoku_tsuzuki_midori_aoba,17,2,10,0,7,0,3,0,3,0,7,7,0,10,0,3,7,3,0,0,0,0,0,0,0,0,0,0,0,0,0,0,0,0,3,0,3,0,0,0,0,0,0,0,0,0,0,0,0,0,0,0,0,0,0,0,3,0,0,0,0,0,0,0,0,0,6,0,3,2,2,0,3,107
14,yokohama_tsurumi_kanagawa,3,6,3,0,0,0,3,0,0,0,0,0,0,4,14,0,0,0,0,3,0,0,0,0,0,0,0,0,0,0,0,0,0,0,0,0,0,0,0,0,0,0,0,0,0,0,0,0,0,0,0,0,0,0,0,0,0,0,0,0,0,0,0,0,0,0,0,0,0,2,0,0,3,42
15,kawasaki_kawasaki_saiwai_nakahara,0,8,0,0,0,4,0,4,0,0,0,0,11,32,47,138,11,15,0,0,0,0,0,0,0,0,0,0,0,0,0,0,0,0,0,0,0,0,0,0,0,0,0,4,0,0,0,0,0,0,0,0,0,0,0,0,0,0,0,4,0,0,0,0,0,0,14,0,0,0,509,0,50,851
16,kawasaki_takatsu_miyamae_tama_asao,16,0,0,0,0,4,8,0,0,0,11,4,0,0,4,4,0,0,0,0,0,0,4,0,4,4,0,0,4,0,0,0,0,0,0,0,0,4,0,0,0,0,4,4,0,0,0,0,0,0,0,0,0,0,0,0,0,4,0,4,0,0,0,0,0,0,12,4,0,0,21,0,30,153
17,sagamihara_city,11,0,6,9,6,0,0,0,16,0,3,0,0,3,0,0,0,222,0,0,3,0,3,0,12,10,0,0,0,0,0,0,0,0,0,0,0,0,0,0,0,0,0,0,0,0,0,0,0,0,0,0,0,0,0,0,0,0,0,0,0,0,0,0,0,0,4,2,0,0,29,0,3,344
18,yokosuka_miura,0,0,0,0,0,0,0,0,0,0,0,0,0,0,0,0,0,0,106,0,0,0,0,0,0,0,0,0,0,0,0,0,0,0,0,0,0,0,0,0,0,0,0,0,0,0,0,0,0,0,0,0,0,0,0,0,0,0,0,0,0,0,0,0,0,0,0,0,0,0,0,0,0,106
19,kamakura_zushi_hayama,0,0,0,0,0,0,0,0,0,0,0,0,0,0,0,0,0,0,0,0,0,0,0,0,0,0,0,0,0,0,0,0,0,0,0,0,0,0,0,0,0,0,0,0,0,0,0,0,0,0,0,0,0,0,0,0,0,0,0,0,0,0,0,0,0,0,0,0,0,0,0,0,0,0
20,fujisawa_chigasaki_samukawa,23,14,12,15,0,29,7,4,4,0,12,12,21,19,0,12,0,23,12,27,85,15,3,4,20,28,12,4,0,0,0,0,0,0,0,0,0,0,0,3,0,11,0,0,0,0,0,0,0,0,0,0,0,0,0,0,0,0,0,0,0,0,0,0,0,0,56,10,7,0,36,0,21,556
21,hiratsuka_oiso_ninomiya,0,0,0,0,0,0,0,0,0,0,0,0,0,0,0,0,0,0,0,0,35,51,23,0,23,12,0,0,0,0,0,0,0,0,0,0,0,0,0,0,0,0,0,0,0,0,0,0,0,0,0,0,0,0,0,0,3,0,0,0,0,0,0,0,0,0,0,0,0,0,0,0,0,148
22,odawara_manazuru_yugawara_hakone,0,0,0,0,0,0,0,0,0,0,0,1,0,0,0,0,0,0,0,0,12,12,46,23,12,12,0,0,0,0,0,0,0,0,0,0,0,0,0,0,0,0,0,0,0,0,0,0,0,0,0,0,0,0,0,0,0,0,0,0,0,0,0,0,0,0,0,0,0,12,0,0,0,129
23,minami_ashigara_nakai_oi_matsuda_etc,3,0,0,0,0,0,0,0,0,0,0,0,0,0,0,0,0,0,0,0,0,0,0,6,0,0,0,0,0,0,0,0,0,0,0,0,0,0,0,0,0,0,0,0,0,0,0,0,0,0,0,0,0,0,0,0,0,0,0,0,0,0,0,0,0,0,0,0,0,4,3,0,0,15
24,atsugi_hadano_kiyokawa_isehara_etc,7,42,17,20,56,50,7,10,13,3,4,16,0,10,0,46,13,13,3,7,48,18,27,3,52,6,0,0,30,3,0,0,0,0,3,0,0,0,0,0,30,0,0,0,0,0,0,0,0,0,0,0,0,7,4,0,0,13,3,0,0,0,0,0,0,0,24,7,3,76,40,0,86,820
25,zama_yamato_ebina_ayase,10,16,15,18,31,10,15,75,25,20,0,3,3,8,5,21,5,26,14,0,0,0,5,0,14,11,3,0,0,0,0,0,0,0,0,0,0,5,5,16,0,3,0,5,0,3,0,0,0,0,0,0,0,5,8,0,5,0,0,3,0,0,3,3,0,0,0,0,5,3,19,0,5,450
26,saitama_city,0,11,7,3,7,11,3,0,0,0,0,4,0,3,0,0,3,0,0,0,0,0,0,0,0,8,98,18,22,37,0,3,7,10,7,0,0,3,0,0,0,0,0,4,0,0,0,0,0,0,0,3,0,0,7,0,0,0,0,0,0,0,0,0,0,0,27,7,0,10,24,0,11,357
27,kawaguchi_warabi_toda,9,0,11,9,0,23,16,9,5,0,0,0,3,0,0,0,0,0,0,0,0,0,0,0,0,0,34,43,3,11,0,4,0,0,0,0,0,0,0,0,0,0,0,0,0,0,0,0,0,0,0,5,0,0,0,0,0,0,0,0,0,0,0,0,0,0,0,0,5,3,4,0,0,199
28,asaka_wako_niiza_tokorozawa_etc,8,3,0,12,0,3,5,8,6,0,0,5,6,0,0,5,0,3,3,0,3,5,0,0,7,0,3,6,123,0,13,13,5,0,0,0,0,3,3,0,0,0,0,0,0,0,0,0,3,0,0,4,0,0,0,0,4,3,3,0,0,0,0,0,0,0,16,8,7,13,105,0,45,461
29,soka_kasukabe_misato_koshigaya_etc,54,34,0,72,40,13,20,12,18,0,5,9,16,44,10,28,16,0,0,0,30,0,6,0,9,0,10,5,30,57,0,0,5,15,5,0,0,0,0,17,6,10,13,4,5,0,0,9,0,9,0,0,0,0,4,0,0,13,16,0,4,0,0,0,0,0,49,21,15,21,123,0,55,963
30,hanno_hidaka_moroyama_ogose_etc,0,0,0,0,0,0,3,3,3,3,0,0,0,0,0,0,0,0,0,0,0,0,0,0,0,0,0,0,7,0,7,3,3,0,0,0,0,0,0,0,0,0,0,0,0,0,3,3,0,0,0,0,0,0,0,0,0,0,0,0,0,0,0,0,0,0,0,0,0,0,6,0,0,46
31,tsurugashima_sakado_kawajima_higashimatsuyama_etc,0,9,3,6,3,6,0,3,0,0,0,0,0,0,0,0,0,0,0,0,0,0,0,0,0,0,0,0,18,0,0,30,18,6,12,0,0,0,0,6,0,0,0,0,0,0,0,0,0,0,0,0,0,0,3,0,9,18,0,0,0,0,0,0,0,0,0,3,0,0,3,3,13,172
32,ageo_konosu_okegawa_kitamoto_etc,20,3,16,2,2,5,10,3,0,0,0,0,0,0,0,2,0,0,0,0,3,0,0,0,3,0,2,3,6,0,0,0,14,0,3,0,0,0,0,3,0,0,0,3,3,3,0,0,0,0,0,0,0,0,0,3,10,0,0,0,3,0,0,0,0,0,19,6,14,14,49,8,35,274
33,kuki_kazo_hanyu_gyoda_etc,0,3,0,7,0,3,3,0,0,0,0,0,0,0,3,0,0,0,0,0,0,3,3,0,0,0,13,0,3,14,0,7,3,93,6,0,0,0,0,7,0,6,0,0,0,0,0,3,0,10,0,3,0,0,0,0,3,6,0,0,0,0,0,4,0,0,28,12,7,0,45,3,0,304
34,kumagaya_fukaya_ogawa_yorii_etc,7,7,3,4,0,10,3,7,3,0,3,3,0,3,0,0,0,0,0,0,0,0,0,0,0,0,7,3,12,3,0,0,0,4,12,4,0,3,0,3,0,0,0,0,0,0,0,0,0,0,0,0,0,0,3,0,3,6,0,0,0,0,0,0,0,0,7,0,0,0,29,3,11,168
35,honjo_kamikawa_kamisato,0,50,0,110,50,59,0,0,0,0,0,0,0,0,0,0,0,0,0,0,50,0,0,0,0,0,0,0,0,0,0,0,0,0,3,27,0,0,0,0,0,0,0,0,0,0,0,0,0,0,0,0,0,0,0,0,0,0,0,0,0,0,0,0,0,0,0,0,0,0,0,0,0,350
36,chichibu_yokoze_minano_nagatoro_etc,4,0,0,0,0,0,0,0,0,0,0,0,0,0,0,0,0,0,0,0,0,0,0,0,0,0,0,0,0,0,0,0,0,0,0,0,15,0,0,0,0,0,0,0,0,0,0,0,0,0,0,0,0,0,0,0,0,4,0,0,0,0,0,0,0,0,4,0,0,0,15,0,15,58
37,chiba_city,7,0,0,3,0,0,0,0,0,0,0,0,0,0,0,0,0,0,0,0,0,0,0,0,0,0,3,0,0,0,0,0,0,0,0,0,0,100,0,3,0,0,3,0,0,0,0,0,0,3,0,0,0,6,0,0,0,0,0,0,0,0,0,0,0,0,5,0,0,0,3,0,0,135
38,ichikawa_urayasu_narashino_funabashi,0,0,0,7,0,0,4,0,0,0,0,0,0,0,0,0,0,0,0,0,0,0,0,0,0,0,0,0,0,0,0,0,0,0,0,0,0,12,22,24,0,4,0,0,0,0,0,0,0,0,0,0,0,0,0,0,0,0,0,0,0,0,0,0,0,0,4,0,0,0,7,0,0,83
39,matsudo_kamagaya_kashiwa_abiko,6,4,4,7,0,4,13,0,0,0,0,0,0,0,0,0,0,0,0,0,0,0,3,0,0,0,4,4,4,4,0,0,0,7,0,0,0,6,4,121,7,4,6,0,0,0,6,6,11,0,0,15,0,0,0,0,0,9,0,6,4,0,0,4,0,0,4,28,7,0,66,0,6,376
40,nagareyama_noda,0,0,0,10,0,0,0,0,0,0,0,3,0,0,0,0,0,0,3,0,3,0,0,0,0,0,0,0,3,0,0,3,0,3,0,0,0,0,0,3,10,0,0,0,0,0,0,0,0,0,0,0,0,0,0,0,0,3,0,0,0,0,0,0,0,0,3,3,10,6,7,0,10,86
41,yachiyo_sakura_narita_shiroi_etc,24,59,59,84,80,74,89,83,33,0,12,35,71,53,41,15,21,24,9,18,18,6,6,3,24,38,62,15,42,35,3,6,27,12,15,3,3,17,57,50,12,42,9,15,3,12,9,9,0,9,0,15,0,12,15,9,6,0,18,15,12,0,3,15,0,0,33,15,5,6,127,0,9,1757
42,ichihara_city,0,0,0,0,0,0,0,0,0,0,4,0,0,0,0,0,0,0,0,0,0,0,0,0,0,0,0,0,0,0,0,0,3,0,0,0,0,0,0,0,0,0,3,3,0,3,0,0,3,0,3,0,0,0,0,0,0,0,0,0,0,0,0,5,0,0,0,0,0,0,23,0,6,55
43,kisarazu_sodegaura_kimitsu_futtsu,0,0,0,4,0,0,0,0,4,0,0,0,0,0,0,0,0,0,0,0,0,0,0,0,0,0,0,0,0,4,0,0,0,0,0,0,0,0,4,0,4,0,20,73,3,0,0,0,0,0,0,0,0,0,0,0,4,0,0,0,4,0,0,0,0,0,24,4,2,5,71,0,41,270
44,katsuura_otaki_tateyama_kamogawa_etc,4,4,0,4,0,0,4,0,0,0,0,0,3,3,0,0,0,4,0,0,0,0,0,0,0,0,4,4,0,0,0,0,0,0,0,0,0,4,0,0,0,0,0,8,50,0,5,0,0,0,0,0,0,0,0,0,4,0,0,0,0,0,0,0,0,0,7,7,0,0,35,0,4,156
45,choshi_asahi_sosa_katori_etc,0,0,0,3,0,0,4,3,0,0,0,0,0,0,0,0,0,0,0,0,0,0,0,0,0,0,0,0,0,7,0,0,0,0,0,0,0,0,0,0,0,10,0,0,0,3,0,0,0,0,0,0,0,3,0,0,0,0,0,0,0,0,0,0,0,0,7,0,0,0,0,0,10,52
46,togane_mobara_sanmu_oamishirasato_etc,0,3,3,6,0,3,0,0,0,0,0,3,0,0,0,3,0,0,0,0,0,0,0,0,0,0,0,3,0,3,0,0,3,0,6,0,0,0,0,3,0,0,0,0,0,3,3,0,3,0,0,0,0,0,6,6,0,3,0,6,0,0,0,0,0,0,20,8,14,0,36,0,13,157
47,tsuchiura_ishioka_omitama_kasumigaura_etc,0,0,0,2,0,3,0,0,0,0,0,0,0,0,0,0,0,0,0,0,0,3,0,0,0,0,6,3,6,23,0,0,0,9,3,0,0,0,3,0,0,10,3,0,0,0,0,3,0,0,0,0,0,0,0,0,3,0,6,0,0,0,0,0,0,0,8,0,2,1,13,0,0,113
48,koga_shimotsuma_yachiyo_goka_etc,21,0,11,11,0,0,0,0,11,0,11,0,0,0,0,0,0,11,0,0,0,0,0,0,3,0,0,3,0,0,0,0,0,3,0,0,0,14,11,0,0,0,0,0,0,0,0,0,0,0,3,0,0,0,0,31,0,3,0,3,0,0,0,0,0,0,7,0,0,3,64,0,0,223
49,tsukuba_city,0,0,0,0,0,0,0,0,0,0,0,0,0,0,0,0,0,0,0,0,0,0,0,0,0,0,0,0,0,0,0,0,0,0,0,0,0,0,0,0,0,0,0,0,0,0,0,0,0,0,0,0,0,0,0,0,0,0,0,0,0,0,0,0,0,0,0,0,0,0,0,0,0,0
50,joso_bando,3,0,0,7,27,23,47,17,17,0,0,0,0,3,0,0,0,0,0,0,0,3,0,0,0,0,0,0,3,0,0,0,0,0,0,0,0,0,9,6,3,3,0,0,0,0,0,0,13,6,3,0,0,0,0,3,0,0,0,0,0,0,0,0,0,0,3,0,0,0,7,6,0,213
51,ryugasaki_toride_ushiku_moriya_etc,0,0,0,0,0,0,0,0,0,0,0,0,0,0,0,0,0,0,0,0,0,0,0,0,0,0,0,0,0,0,0,0,0,0,0,0,0,0,0,0,0,0,0,0,0,0,0,0,0,0,0,11,0,0,0,0,0,0,0,0,0,0,0,0,0,0,0,0,0,0,0,6,0,17
52,inashiki_miho_kawachi,0,0,0,0,0,0,0,0,0,0,0,0,0,0,0,0,0,0,0,0,0,0,0,0,0,0,0,0,0,0,0,0,0,3,0,0,0,0,0,0,0,0,0,0,0,0,0,0,3,0,0,7,0,0,0,0,0,3,0,0,0,0,0,0,0,0,0,0,0,0,0,0,15,32
53,kashima_kamisu_namegata_itako,0,0,0,0,0,0,0,0,0,0,0,0,0,0,0,0,0,0,0,0,0,0,0,0,0,0,0,0,0,0,0,0,0,0,0,0,0,0,0,0,0,0,0,0,0,0,0,0,0,0,0,0,0,0,0,0,0,0,0,0,0,0,0,0,0,0,0,0,0,0,0,0,0,0
54,mito_hitachi_kasama_hitachinaka_etc,0,2,4,21,0,0,0,0,0,0,3,0,0,0,5,0,0,0,0,0,2,0,0,0,0,0,0,3,2,0,0,0,0,0,0,0,0,0,0,0,0,2,3,0,0,0,0,4,0,0,0,4,0,0,29,0,0,2,10,0,0,0,0,0,0,0,15,0,3,0,15,9,11,146
55,yuki_chikusei_sakuragawa,0,3,0,9,0,3,0,0,0,3,0,0,3,0,0,0,0,0,0,0,0,0,0,0,0,0,0,0,0,0,0,0,3,0,0,0,0,0,0,3,0,0,0,0,0,0,0,0,0,9,0,0,0,0,6,3,0,3,3,9,0,3,0,0,0,0,3,0,0,0,9,0,17,88
56,maebashi_takasaki_isesaki_shibukawa_etc,0,0,3,0,0,0,3,3,5,0,0,0,0,3,0,0,0,3,24,0,0,3,0,0,0,3,0,27,24,9,0,0,0,0,3,26,0,0,0,0,0,0,0,0,0,0,0,0,0,0,0,3,0,0,3,0,163,46,0,0,0,0,0,0,0,0,83,80,30,33,175,0,14,768
57,kiryu_ota_tatebayashi_midori_etc,0,0,0,0,0,0,3,1,0,0,2,1,0,0,2,0,0,0,0,0,0,0,0,0,0,0,0,0,0,12,0,4,0,3,3,0,0,0,7,0,0,0,3,0,0,0,0,0,0,0,0,0,0,0,0,0,0,15,6,3,3,0,0,0,0,0,6,5,2,0,36,0,47,164
58,utsunomiya_kanuma_moka_kaminokawa_etc,0,0,0,6,0,4,0,0,0,0,0,0,0,0,0,0,0,3,0,0,0,0,0,5,0,0,0,4,0,0,6,0,3,4,0,0,0,0,4,0,0,0,0,0,0,0,0,0,0,0,0,0,0,0,0,0,0,0,16,3,0,0,0,4,0,0,0,11,2,7,17,0,47,145
59,tochigi_oyama_shimotsuke_nogi_etc,0,0,0,0,0,0,3,0,0,0,0,0,0,0,0,0,0,0,0,0,0,0,0,0,0,0,0,0,3,3,0,0,0,0,0,0,0,0,0,0,3,0,0,0,0,0,0,1,0,0,0,0,0,0,0,0,0,0,35,36,2,0,0,1,0,0,55,0,3,0,3,0,86,236
60,ashikaga_sano,3,0,0,0,0,0,4,0,0,0,0,0,3,4,0,0,0,3,0,0,0,0,0,0,0,0,6,3,0,6,0,0,0,6,0,0,0,3,0,0,0,0,0,0,0,0,0,0,7,0,0,3,0,0,0,0,7,23,0,0,13,0,0,3,0,0,16,0,3,3,27,0,0,147
61,tokyo_islands,0,0,0,0,0,0,0,0,0,0,0,0,0,0,0,0,0,0,0,0,0,0,0,0,0,0,0,0,0,0,0,0,0,0,0,0,0,0,0,0,0,0,0,0,0,0,0,0,0,0,0,0,0,0,0,0,0,0,0,0,0,0,0,0,0,0,0,0,0,0,0,0,0,0
62,ibaraki_north,0,0,0,0,0,0,0,0,0,0,0,0,0,0,0,0,0,0,0,0,0,0,0,0,0,0,0,0,0,0,0,0,0,0,0,0,0,0,0,0,0,0,0,6,0,0,0,2,0,0,0,0,0,0,2,0,0,0,0,0,0,0,0,0,0,0,0,0,0,0,0,0,0,10
63,tochigi_north,0,0,0,0,0,0,0,0,0,0,0,0,0,0,0,0,0,0,0,0,5,0,0,0,0,0,0,0,0,0,0,0,0,0,0,0,0,0,0,0,0,0,0,0,0,0,0,0,0,0,0,0,0,0,0,0,3,1,0,0,0,0,0,0,0,0,0,0,0,0,0,0,0,9
64,gunma_north,0,0,0,0,0,0,0,0,0,0,0,0,0,0,0,0,0,0,0,0,0,0,0,0,0,0,0,0,0,0,0,0,0,0,0,0,0,0,0,0,0,0,0,0,0,0,0,0,0,0,0,0,0,0,0,0,0,0,0,0,0,0,0,0,0,0,0,0,0,0,0,0,0,0
65,gunma_other_ueno_kanna_nanmoku,0,0,0,0,0,0,0,0,0,0,0,0,0,0,0,0,0,0,0,0,0,0,0,0,0,0,0,0,0,0,0,0,0,0,0,0,0,0,0,0,0,0,0,0,0,0,0,0,0,0,0,0,0,0,0,0,0,0,0,0,0,0,0,0,0,0,0,0,0,0,0,0,0,0
66,hokkaido_tohoku,0,0,0,15,0,36,0,0,0,3,0,6,0,0,2,4,0,0,0,0,30,0,0,0,0,0,11,0,10,6,0,0,0,6,12,0,0,0,0,7,11,3,3,0,0,5,3,9,0,0,0,0,3,0,14,0,8,7,3,0,0,0,0,0,0,0,0,0,0,0,0,0,0,220
67,hokuriku,0,0,3,12,0,5,0,0,0,0,0,0,0,0,0,0,0,0,0,0,0,0,12,0,0,0,0,0,3,4,0,0,3,0,0,0,0,10,0,6,0,0,0,8,0,0,0,2,0,0,0,3,0,0,2,0,3,2,0,0,0,0,0,0,0,0,0,0,0,0,0,0,0,77
68,yamanashi_nagano,0,0,0,0,0,36,0,0,0,3,0,7,0,3,0,0,0,3,0,0,0,12,0,0,1,5,3,6,0,6,0,0,0,0,0,0,0,0,1,0,4,0,0,4,0,0,6,0,0,0,0,0,0,0,0,0,0,3,0,0,0,0,0,0,0,0,0,0,0,0,0,0,0,101
69,shizuoka,0,4,3,7,12,36,9,4,3,0,0,0,0,3,2,8,4,0,0,0,0,0,59,0,0,11,0,0,0,24,0,0,19,0,7,0,0,0,0,7,7,4,0,0,0,5,0,2,3,0,0,0,0,0,0,0,0,13,3,0,0,0,0,0,0,0,0,0,0,0,0,0,0,258
70,chubu_west,0,0,0,74,13,284,9,11,3,10,0,45,0,10,0,31,4,9,0,0,20,23,23,0,49,18,23,34,22,61,0,0,106,12,6,3,0,13,6,36,15,10,3,25,0,0,11,26,70,0,10,7,3,0,12,9,20,35,15,0,0,0,0,0,0,0,0,0,0,0,0,0,0,1229
71,overseas,0,6,0,17,0,3,0,7,0,0,10,0,0,0,0,0,0,6,0,5,7,0,0,0,0,1,0,6,0,4,0,0,0,3,4,0,4,0,4,9,6,12,0,3,0,0,4,0,21,0,10,0,0,2,0,0,6,0,0,0,0,0,0,0,0,0,0,0,0,0,0,0,0,162
999,unknown,0,0,0,0,0,0,0,0,0,0,0,0,0,0,0,0,0,0,0,0,0,0,0,0,0,0,0,0,0,0,0,0,0,0,0,0,0,0,0,0,0,0,0,0,0,0,0,0,0,0,0,0,0,0,0,0,0,0,0,0,0,0,0,0,0,0,0,0,0,0,0,0,0,0
○forestry_products,,,,,,,,,,,,,,,,,,,,,,,,,,,,,,,,,,,,,,,,,,,,,,,,,,,,,,,,,,,,,,,,,,,,,,,,,,,(unit: vehicles/day)
large_zone,region,tokyo_chiyoda_chuo_minato,tokyo_meguro_shinagawa_ota,tokyo_toshima_bunkyo_shinjuku_shibuya,tokyo_arakawa_taito_sumida_koto,tokyo_nakano_suginami_setagaya,tokyo_nerima_itabashi_kita,tokyo_adachi_katsushika_edogawa,chofu_nishitokyo_fuchu_musashino_etc,machida_tama_hachioji_inagi_etc,mizuho_fussa_hamura_akiruno_etc,yokohama_nishi_naka,yokohama_isogo_minami_kanazawa_konan,yokohama_hodogaya_totsuka_sakae_izumi_etc,yokohama_kohoku_tsuzuki_midori_aoba,yokohama_tsurumi_kanagawa,kawasaki_kawasaki_saiwai_nakahara,kawasaki_takatsu_miyamae_tama_asao,sagamihara_city,yokosuka_miura,kamakura_zushi_hayama,fujisawa_chigasaki_samukawa,hiratsuka_oiso_ninomiya,odawara_manazuru_yugawara_hakone,minami_ashigara_nakai_oi_matsuda_etc,atsugi_hadano_kiyokawa_isehara_etc,zama_yamato_ebina_ayase,saitama_city,kawaguchi_warabi_toda,asaka_wako_niiza_tokorozawa_etc,soka_kasukabe_misato_koshigaya_etc,hanno_hidaka_moroyama_ogose_etc,tsurugashima_sakado_kawajima_higashimatsuyama_etc,ageo_konosu_okegawa_kitamoto_etc,kuki_kazo_hanyu_gyoda_etc,kumagaya_fukaya_ogawa_yorii_etc,honjo_kamikawa_kamisato,chichibu_yokoze_minano_nagatoro_etc,chiba_city,ichikawa_urayasu_narashino_funabashi,matsudo_kamagaya_kashiwa_abiko,nagareyama_noda,yachiyo_sakura_narita_shiroi_etc,ichihara_city,kisarazu_sodegaura_kimitsu_futtsu,katsuura_otaki_tateyama_kamogawa_etc,choshi_asahi_sosa_katori_etc,togane_mobara_sanmu_oamishirasato_etc,tsuchiura_ishioka_omitama_kasumigaura_etc,koga_shimotsuma_yachiyo_goka_etc,tsukuba_city,joso_bando,ryugasaki_toride_ushiku_moriya_etc,inashiki_miho_kawachi,kashima_kamisu_namegata_itako,mito_hitachi_kasama_hitachinaka_etc,yuki_chikusei_sakuragawa,maebashi_takasaki_isesaki_shibukawa_etc,kiryu_ota_tatebayashi_midori_etc,utsunomiya_kanuma_moka_kaminokawa_etc,tochigi_oyama_shimotsuke_nogi_etc,ashikaga_sano,tokyo_islands,ibaraki_north,tochigi_north,gunma_north,gunma_other_ueno_kanna_nanmoku,hokkaido_tohoku,hokuriku,yamanashi_nagano,shizuoka,chubu_west,overseas,unknown,all_regions
0,tokyo_chiyoda_chuo_minato,0,0,0,0,0,0,0,0,0,0,0,0,0,0,0,0,0,0,0,0,0,0,0,0,0,0,0,0,0,0,0,0,0,0,0,0,0,0,0,0,0,0,0,0,0,0,0,0,0,0,0,0,0,0,0,0,0,0,0,0,0,0,0,0,0,0,0,0,0,0,0,0,3,3
1,tokyo_meguro_shinagawa_ota,3,68,3,4,16,3,3,0,4,0,4,0,3,10,3,0,3,0,0,0,0,0,0,0,0,0,3,3,0,0,0,0,0,0,0,0,0,0,11,0,0,0,0,0,0,0,0,0,0,0,0,0,0,0,0,0,0,0,0,0,0,0,0,0,0,0,0,0,0,0,0,0,0,146
2,tokyo_toshima_bunkyo_shinjuku_shibuya,0,0,0,0,5,0,0,0,0,0,0,0,0,0,0,0,0,0,0,0,0,0,0,0,0,0,0,0,0,0,0,0,0,0,0,0,0,0,0,0,0,0,0,0,0,0,0,0,0,0,0,0,0,0,0,0,0,0,0,0,0,0,0,0,0,0,0,0,0,0,0,0,0,5
3,tokyo_arakawa_taito_sumida_koto,25,16,32,173,7,10,55,38,7,0,7,3,0,0,13,3,0,3,4,0,0,0,0,0,0,3,8,40,13,31,7,0,0,0,4,0,0,14,38,22,4,13,0,3,0,0,3,0,3,0,0,0,0,0,0,0,0,0,0,0,0,3,0,0,0,0,11,3,0,0,0,0,10,629
4,tokyo_nakano_suginami_setagaya,0,0,0,0,0,0,0,0,0,0,0,0,0,0,0,0,0,0,0,0,0,0,0,0,0,0,0,0,0,0,0,0,0,0,0,0,0,0,0,0,0,0,0,0,0,0,0,0,0,0,0,0,0,0,0,0,0,0,0,0,0,0,0,0,0,0,0,0,0,0,0,0,0,0
5,tokyo_nerima_itabashi_kita,0,0,0,0,60,9,0,0,0,0,0,0,0,0,0,0,0,0,0,0,0,0,0,0,0,0,0,0,0,0,0,0,0,0,0,0,0,0,0,0,0,0,0,0,0,0,0,0,0,0,0,0,0,0,0,0,0,0,0,0,0,0,0,0,0,0,0,0,0,0,0,0,0,68
6,tokyo_adachi_katsushika_edogawa,206,0,50,374,0,0,156,0,0,0,81,0,0,0,0,0,0,0,0,0,0,2,0,0,0,0,3,0,0,255,0,0,0,0,0,0,0,62,0,0,0,0,0,0,0,0,0,0,0,0,0,0,0,0,9,0,0,0,0,0,0,0,0,0,0,0,0,0,0,0,6,0,0,1204
7,chofu_nishitokyo_fuchu_musashino_etc,3,12,9,0,33,16,0,192,31,12,0,0,0,3,0,3,0,0,0,0,3,0,0,0,0,3,0,0,29,3,0,0,0,0,0,0,0,0,6,0,0,0,0,0,0,0,0,0,0,0,0,0,0,0,0,0,0,0,0,0,0,0,0,0,0,0,0,0,0,0,0,0,44,399
8,machida_tama_hachioji_inagi_etc,0,0,3,0,0,0,0,6,97,11,0,0,3,3,0,0,3,35,0,0,0,0,0,0,3,0,6,0,3,0,8,0,0,0,0,0,0,0,0,0,0,0,0,0,0,0,0,0,0,0,0,0,0,0,0,0,0,0,0,0,0,0,0,0,0,0,3,0,6,0,0,0,74,263
9,mizuho_fussa_hamura_akiruno_etc,4,0,0,0,4,0,0,96,11,88,0,0,0,4,0,4,0,0,0,0,0,0,0,0,0,0,0,0,40,0,9,0,0,0,0,0,0,0,4,6,0,0,0,0,0,0,0,0,0,0,0,0,0,0,0,0,0,0,0,0,0,0,0,0,0,0,9,0,0,0,18,0,30,329
10,yokohama_nishi_naka,0,0,0,0,0,0,0,0,0,0,44,17,12,12,14,0,0,14,3,0,7,0,0,0,0,10,0,0,0,0,0,0,0,0,0,0,0,0,0,0,0,0,0,0,2,0,0,0,0,0,0,0,0,0,0,0,0,0,0,0,0,0,0,0,0,0,0,0,0,0,0,0,0,135
11,yokohama_isogo_minami_kanazawa_konan,0,0,0,7,3,0,0,0,3,0,0,52,13,23,7,7,8,0,12,12,13,0,0,0,0,0,0,0,0,3,0,0,0,0,0,0,0,0,0,0,0,0,0,0,0,0,0,0,0,0,0,0,0,0,0,0,0,0,0,0,0,0,0,0,0,0,0,0,0,0,0,0,0,163
12,yokohama_hodogaya_totsuka_sakae_izumi_etc,0,0,0,0,0,0,0,0,8,0,5,10,75,16,7,0,0,16,0,5,24,8,8,8,31,32,0,0,0,0,0,0,0,0,0,0,0,0,0,0,0,0,0,0,0,0,0,0,0,0,0,0,0,0,0,0,0,0,0,0,0,0,0,0,0,0,0,0,0,0,0,0,5,259
13,yokohama_kohoku_tsuzuki_midori_aoba,0,0,5,0,0,0,0,0,0,0,5,10,10,15,8,12,10,0,0,0,0,0,0,0,0,0,0,0,0,0,0,0,0,0,0,0,0,0,0,0,0,0,0,0,0,0,0,0,0,0,0,0,0,0,0,0,0,0,0,0,0,0,0,0,0,0,0,0,0,0,0,0,0,76
14,yokohama_tsurumi_kanagawa,0,5,0,0,0,0,0,0,0,0,10,15,20,15,48,15,5,5,0,0,2,0,0,0,0,0,2,0,0,0,0,0,0,0,0,0,0,0,0,0,2,0,0,0,0,0,0,0,0,0,0,0,0,0,0,0,0,0,0,0,0,0,0,0,0,0,0,2,0,0,2,0,0,151
15,kawasaki_kawasaki_saiwai_nakahara,0,3,0,0,6,0,0,23,0,0,0,50,6,12,6,9,12,0,0,0,0,0,0,0,0,0,0,0,0,0,0,0,0,0,0,0,0,0,0,0,0,0,0,0,0,0,0,0,0,0,0,0,0,0,0,0,0,0,0,0,0,0,0,0,0,0,0,0,0,0,0,0,36,162
16,kawasaki_takatsu_miyamae_tama_asao,0,0,0,0,0,0,0,0,0,0,0,0,0,0,0,0,8,4,0,0,0,0,0,0,0,0,0,0,0,0,0,0,0,0,0,0,0,0,0,0,0,0,0,0,0,0,0,0,0,0,0,0,0,0,0,0,0,0,0,0,0,0,0,0,0,0,0,0,0,0,0,0,0,12
17,sagamihara_city,3,6,17,0,13,3,0,0,20,0,3,6,13,27,6,0,0,36,3,3,13,3,17,3,17,13,0,0,0,0,0,0,0,28,0,0,0,0,17,0,0,14,0,0,0,0,0,0,0,10,17,0,0,0,14,0,0,0,0,0,0,0,42,0,0,0,35,0,0,38,56,0,42,542
18,yokosuka_miura,0,0,0,0,0,0,0,0,0,0,0,6,3,3,0,0,0,0,39,0,0,0,0,0,0,0,0,0,0,0,0,0,0,0,0,0,0,0,0,0,0,0,0,0,0,0,0,0,0,0,0,0,0,0,0,0,0,0,0,0,0,0,0,0,0,0,0,0,0,0,0,0,0,51
19,kamakura_zushi_hayama,0,0,0,0,0,0,0,0,0,0,0,0,0,0,0,0,0,0,0,30,0,0,0,0,0,0,0,0,0,0,0,0,0,0,0,0,0,0,0,0,0,0,0,0,0,0,0,0,0,0,0,0,0,0,0,0,0,0,0,0,0,0,0,0,0,0,0,0,0,0,0,0,0,30
20,fujisawa_chigasaki_samukawa,0,3,0,0,3,3,0,0,0,0,17,41,79,17,3,3,0,3,12,23,84,44,15,4,72,44,0,0,0,0,0,0,0,0,0,0,0,0,0,0,0,0,0,0,0,0,0,0,0,0,0,0,0,0,3,0,0,0,0,0,0,0,0,0,0,0,4,10,0,7,7,0,46,546
21,hiratsuka_oiso_ninomiya,0,0,0,0,0,0,0,0,3,0,0,3,6,3,6,0,0,6,0,0,18,30,6,0,3,3,0,0,0,0,0,0,0,0,0,0,0,0,0,0,0,0,0,0,0,0,0,0,0,0,0,0,0,0,0,0,0,0,0,0,0,0,0,0,0,0,0,0,0,3,0,0,0,89
22,odawara_manazuru_yugawara_hakone,0,0,0,0,0,0,0,0,0,0,0,0,0,0,0,0,0,0,0,0,0,0,67,21,0,0,0,0,0,0,0,0,0,0,0,0,0,0,0,0,0,0,0,0,0,0,0,0,0,0,0,0,0,0,0,0,0,0,0,0,0,0,0,0,0,0,0,0,0,4,0,0,4,94
23,minami_ashigara_nakai_oi_matsuda_etc,0,0,0,0,0,0,0,0,4,0,0,0,0,0,0,0,0,0,0,0,0,0,4,4,0,0,0,0,0,3,0,0,0,0,0,0,0,0,4,0,0,3,0,0,0,0,0,0,0,0,0,0,0,0,0,0,0,0,0,0,0,0,0,0,0,0,0,0,0,7,0,0,0,28
24,atsugi_hadano_kiyokawa_isehara_etc,0,0,0,0,0,0,0,0,0,0,0,0,11,0,4,0,0,0,4,4,0,0,0,0,0,4,0,0,0,0,0,0,0,0,0,0,0,0,0,0,0,0,0,0,0,0,0,0,0,0,0,0,0,0,0,0,0,0,0,0,0,0,0,0,0,0,0,0,0,0,0,0,0,25
25,zama_yamato_ebina_ayase,0,0,0,0,0,0,6,9,0,0,0,6,21,9,0,3,0,3,0,3,7,0,0,0,0,9,0,0,0,0,0,0,0,0,0,0,0,0,0,0,0,0,0,0,0,0,0,0,0,0,0,0,0,0,0,0,0,0,0,0,0,0,0,0,0,0,0,0,0,0,0,0,53,128
26,saitama_city,0,0,0,0,0,71,0,0,0,0,0,0,0,0,0,0,0,0,0,0,0,0,0,0,0,0,1986,159,16,167,0,0,362,292,7,0,0,0,0,0,0,0,0,0,0,0,0,0,0,0,0,0,0,0,0,0,0,0,0,0,0,0,0,5,0,0,0,0,0,0,0,0,280,3344
27,kawaguchi_warabi_toda,0,0,0,3,0,0,0,0,0,0,0,0,0,0,0,0,0,0,0,3,0,0,0,0,0,0,6,3,0,0,0,0,0,0,0,0,0,0,3,0,0,0,3,0,0,0,0,0,0,0,0,0,0,0,0,0,6,0,3,0,0,0,0,0,0,0,0,0,0,0,0,0,190,221
28,asaka_wako_niiza_tokorozawa_etc,7,28,22,32,31,74,8,50,41,3,3,16,9,19,0,0,0,0,10,0,0,0,0,0,0,10,39,8,214,26,16,52,16,18,3,0,0,9,0,7,0,0,0,0,0,0,0,0,0,0,0,9,0,0,9,0,7,3,9,18,0,0,0,0,0,0,0,9,23,9,37,0,3,908
29,soka_kasukabe_misato_koshigaya_etc,5,11,5,8,3,3,46,0,0,0,0,0,0,3,0,0,0,0,0,0,0,0,0,0,0,0,20,7,0,152,0,0,10,23,0,0,0,0,3,15,3,0,0,0,0,0,0,0,0,0,3,0,0,0,3,3,0,0,0,0,3,0,0,3,0,0,6,3,0,5,11,0,55,413
30,hanno_hidaka_moroyama_ogose_etc,0,3,0,3,7,3,0,7,7,3,0,0,13,10,0,0,10,0,0,0,0,0,3,0,0,0,10,3,3,0,3,0,3,0,7,0,0,0,0,3,0,0,0,0,0,0,0,0,0,0,0,0,0,0,0,0,0,0,0,0,0,0,0,0,0,0,3,3,3,0,7,0,0,121
31,tsurugashima_sakado_kawajima_higashimatsuyama_etc,0,0,0,0,22,3,3,6,0,10,0,0,0,0,0,0,0,0,0,0,0,0,0,0,0,0,0,12,37,10,0,12,6,0,0,12,0,0,0,0,0,0,0,0,0,0,0,0,0,6,0,0,0,0,0,0,0,0,0,0,0,0,0,0,0,0,3,0,0,0,0,0,0,146
32,ageo_konosu_okegawa_kitamoto_etc,0,0,0,0,0,0,0,0,0,0,0,0,0,0,0,0,0,0,0,0,0,0,0,0,0,0,4,6,6,0,0,0,25,0,0,0,0,0,0,0,0,0,0,0,0,0,0,0,0,0,0,0,0,0,0,0,0,3,0,0,0,0,0,0,0,0,0,0,0,0,0,0,24,68
33,kuki_kazo_hanyu_gyoda_etc,0,3,0,3,0,0,3,0,0,0,0,0,0,0,0,0,0,0,0,0,0,0,0,0,0,0,25,9,3,7,3,0,13,112,0,0,0,0,0,0,0,0,0,0,0,0,0,0,0,0,0,6,0,0,0,0,3,28,0,6,7,0,7,0,0,0,84,19,18,40,30,0,574,1007
34,kumagaya_fukaya_ogawa_yorii_etc,3,0,0,0,0,0,0,0,0,0,0,0,0,0,0,0,0,0,0,0,0,0,0,0,0,0,0,0,0,3,3,0,6,0,13,0,12,0,0,0,0,0,0,0,0,0,0,0,0,0,0,0,0,0,0,0,44,0,0,0,0,0,0,0,0,0,0,0,0,0,0,0,3,88
35,honjo_kamikawa_kamisato,0,0,0,0,0,0,0,0,0,0,0,0,0,0,0,0,0,0,0,0,0,0,0,0,0,0,0,0,0,0,0,0,0,0,0,0,0,0,0,0,0,0,0,0,0,0,0,0,0,0,0,0,0,0,0,0,0,0,0,0,0,0,0,0,0,0,0,0,0,0,0,0,0,0
36,chichibu_yokoze_minano_nagatoro_etc,0,0,0,0,0,0,0,0,0,0,0,0,0,0,0,0,0,0,0,14,0,0,3,0,3,0,0,0,7,0,3,0,0,6,20,5,13,0,0,0,0,0,0,3,0,0,0,0,0,0,0,0,0,3,3,0,3,5,0,0,0,0,0,0,0,0,0,7,3,13,13,0,0,130
37,chiba_city,0,9,0,10,18,16,0,12,0,0,0,0,6,6,0,0,0,0,0,0,0,0,0,0,0,0,9,0,0,0,0,0,0,0,0,0,0,57,8,0,0,18,4,19,4,0,4,0,0,0,0,0,0,0,0,0,0,0,0,0,0,0,0,0,0,0,0,0,0,0,2,0,0,203
38,ichikawa_urayasu_narashino_funabashi,0,0,0,0,0,0,0,0,0,0,0,0,0,0,0,0,0,0,0,0,0,0,0,0,0,0,0,0,0,0,0,0,0,0,0,0,0,0,4,0,0,0,0,0,0,4,4,0,0,0,0,0,0,0,0,0,0,0,0,0,0,0,0,0,0,0,0,0,11,0,0,0,0,23
39,matsudo_kamagaya_kashiwa_abiko,3,0,3,0,4,0,0,0,0,0,0,0,0,0,3,0,0,0,0,0,0,0,0,0,0,0,4,0,0,0,0,0,0,0,0,0,0,0,0,34,4,0,0,0,0,0,0,0,0,0,0,0,0,0,10,4,0,0,4,0,0,0,4,0,0,0,18,0,0,0,3,0,0,98
40,nagareyama_noda,0,0,0,0,4,0,0,8,0,0,0,0,0,0,0,0,0,0,0,0,0,0,0,0,0,0,4,0,0,0,0,0,8,0,4,0,0,8,0,4,26,15,0,0,0,4,0,0,0,0,0,4,0,0,0,4,0,4,0,4,0,0,8,4,0,0,23,15,4,4,4,0,0,158
41,yachiyo_sakura_narita_shiroi_etc,0,0,0,6,0,4,4,3,0,0,3,3,0,0,0,11,0,0,0,0,0,0,3,0,0,0,14,0,4,3,0,0,0,0,0,0,0,29,14,4,4,15,4,4,4,20,16,0,0,0,0,0,4,4,0,0,0,0,0,0,0,0,2,0,0,0,0,0,3,0,0,0,82,266
42,ichihara_city,0,0,0,0,0,0,0,0,0,0,0,0,0,0,0,0,0,0,0,0,0,0,0,0,0,0,0,0,0,0,0,0,0,0,0,0,0,6,3,0,0,0,16,14,0,0,0,0,0,0,0,0,0,0,0,0,0,0,0,0,4,0,0,0,0,0,0,0,0,0,0,0,0,43
43,kisarazu_sodegaura_kimitsu_futtsu,0,0,0,1,0,0,1,0,0,0,0,0,0,0,0,0,0,0,0,0,0,0,0,0,0,0,3,0,0,0,1,0,0,0,1,0,0,1,0,0,0,3,0,46,1,0,0,0,1,0,0,0,0,1,0,0,1,1,3,0,0,0,0,0,0,0,0,0,0,0,0,0,0,68
44,katsuura_otaki_tateyama_kamogawa_etc,0,0,0,0,0,0,0,0,0,0,0,0,0,0,0,0,0,0,0,0,0,0,0,0,0,0,0,0,0,0,0,0,0,0,0,0,0,4,0,0,0,0,4,0,91,0,0,0,0,0,0,0,0,0,0,0,0,0,0,0,0,0,0,0,0,0,0,0,0,0,0,0,4,102
45,choshi_asahi_sosa_katori_etc,0,0,0,4,0,0,0,0,0,0,0,0,0,0,0,0,0,0,0,0,0,0,0,0,0,0,0,0,0,0,0,0,0,0,0,0,0,0,0,0,0,3,0,0,0,48,3,0,0,0,0,0,0,3,0,0,0,0,0,0,0,0,0,0,0,0,0,0,0,0,0,0,0,62
46,togane_mobara_sanmu_oamishirasato_etc,0,5,4,4,19,35,0,0,5,5,0,0,0,0,0,0,0,0,0,0,5,0,0,0,0,0,0,0,0,0,0,0,0,0,0,0,0,20,15,0,10,13,0,4,0,3,34,0,5,0,0,0,0,10,5,10,0,0,0,0,0,0,0,0,0,0,0,0,0,0,0,0,7,218
47,tsuchiura_ishioka_omitama_kasumigaura_etc,0,0,0,0,0,10,3,0,0,0,0,3,0,0,0,0,0,3,0,0,0,0,0,0,0,0,7,0,0,3,3,0,0,0,0,0,0,0,0,7,3,10,3,6,0,0,0,155,0,27,20,13,16,38,34,3,0,0,10,0,0,0,3,0,0,0,0,0,0,0,3,0,6,392
48,koga_shimotsuma_yachiyo_goka_etc,0,0,0,3,0,0,0,0,0,0,0,0,0,0,0,0,0,0,0,0,0,0,0,0,0,0,0,0,0,0,0,0,0,0,0,0,0,0,0,0,0,0,0,0,0,0,0,0,17,12,30,0,0,0,0,7,0,0,0,27,0,0,0,0,0,0,0,0,0,0,0,0,0,97
49,tsukuba_city,0,0,0,6,9,0,0,0,6,0,0,0,0,3,0,0,0,0,0,0,0,0,0,3,0,0,0,0,3,18,0,0,0,6,0,3,0,0,0,0,0,3,0,9,0,0,0,6,20,74,14,3,0,0,0,6,3,0,6,6,0,0,0,0,3,0,0,0,6,9,6,0,0,229
50,joso_bando,0,0,0,0,0,0,0,0,0,0,0,0,0,0,0,0,0,0,0,0,0,0,0,0,0,0,0,0,0,0,0,0,0,0,0,0,0,0,0,0,0,0,0,0,0,0,0,0,35,0,0,0,0,0,0,0,0,0,0,0,0,0,0,0,0,0,0,0,0,0,0,0,0,35
51,ryugasaki_toride_ushiku_moriya_etc,3,0,0,0,0,0,3,0,0,0,0,0,0,0,0,0,0,0,0,0,0,0,0,0,0,0,0,3,0,3,0,0,0,0,0,0,0,3,0,0,3,40,0,0,0,0,0,6,0,23,0,74,11,0,0,0,0,0,0,0,0,0,0,0,3,0,6,0,0,3,3,0,35,222
52,inashiki_miho_kawachi,0,0,0,0,0,0,0,0,0,0,0,0,0,0,0,0,0,0,0,0,0,0,0,0,0,0,0,0,0,0,0,0,0,0,0,0,0,0,0,0,0,11,0,0,0,0,0,0,0,0,0,11,6,0,0,0,0,0,0,0,0,0,0,0,0,0,0,0,0,0,0,0,4,32
53,kashima_kamisu_namegata_itako,3,0,0,0,0,0,0,0,0,0,0,0,0,0,0,0,0,0,0,0,0,0,0,0,0,0,0,0,0,0,0,0,0,0,0,0,0,0,0,0,0,0,0,0,0,0,0,0,0,0,0,0,0,45,0,0,0,0,0,0,0,0,0,0,0,0,3,0,0,0,10,0,63,124
54,mito_hitachi_kasama_hitachinaka_etc,0,0,0,4,0,0,7,0,0,0,0,0,0,0,0,0,0,0,0,0,0,0,0,0,0,0,0,0,0,0,0,0,0,0,0,0,0,10,0,0,0,0,0,0,0,0,0,20,0,0,0,0,0,8,196,8,0,0,0,0,0,0,13,0,0,0,3,0,0,0,0,0,7,275
55,yuki_chikusei_sakuragawa,0,0,0,0,0,0,0,0,0,0,0,0,0,0,0,0,0,0,0,0,0,0,0,0,0,0,4,0,0,0,0,4,0,4,0,0,0,0,4,0,0,0,0,0,0,0,0,0,0,0,0,0,0,0,0,0,0,0,4,0,0,0,0,0,0,0,0,0,0,0,0,0,18,35
56,maebashi_takasaki_isesaki_shibukawa_etc,0,0,3,3,0,0,0,0,0,0,0,0,0,0,0,0,0,0,0,0,0,0,0,0,0,0,3,0,0,0,4,4,0,7,7,4,4,0,0,0,0,0,0,0,0,0,0,0,0,0,11,0,0,0,9,0,262,35,4,0,0,0,4,0,14,14,7,9,4,4,10,0,49,471
57,kiryu_ota_tatebayashi_midori_etc,0,0,0,0,0,0,0,0,0,0,0,0,0,0,0,0,0,0,0,0,0,0,0,0,0,0,0,0,0,0,0,0,0,4,3,0,0,0,0,0,0,0,0,0,0,0,0,4,0,0,0,0,0,0,0,3,21,83,7,3,3,0,0,0,0,0,0,0,0,0,0,0,0,131
58,utsunomiya_kanuma_moka_kaminokawa_etc,0,0,0,4,0,4,8,15,0,0,0,0,4,0,8,0,0,8,0,0,0,0,0,0,0,0,0,8,0,26,0,0,0,0,4,0,0,11,0,8,0,0,0,0,0,0,0,8,4,0,0,0,0,0,17,17,0,35,70,21,8,0,0,81,0,0,4,0,0,0,9,0,8,389
59,tochigi_oyama_shimotsuke_nogi_etc,0,0,0,0,0,0,0,0,4,0,0,0,0,0,0,0,0,0,0,0,0,0,0,0,0,0,0,0,0,0,0,0,0,15,0,0,0,0,0,0,0,0,0,0,0,0,0,0,0,0,0,0,0,0,8,0,0,0,11,7,0,0,0,0,0,0,0,0,0,0,0,0,37,81
60,ashikaga_sano,0,0,0,0,0,0,0,0,0,0,0,0,0,0,0,0,0,0,0,0,0,0,0,0,0,0,0,0,0,0,0,0,4,0,2,0,0,0,4,0,0,0,0,0,0,0,0,0,0,0,0,0,0,0,0,4,15,39,29,4,50,0,0,18,0,0,0,4,0,15,8,0,0,196
61,tokyo_islands,0,0,0,0,0,0,0,0,0,0,0,0,0,0,0,0,0,0,0,0,0,0,0,0,0,0,0,0,0,0,0,0,0,0,0,0,0,0,0,0,0,0,0,0,0,0,0,0,0,0,0,0,0,0,0,0,0,0,0,0,0,0,0,0,0,0,0,0,0,0,0,0,0,0
62,ibaraki_north,0,0,0,0,0,0,0,0,0,0,0,0,0,0,0,0,0,0,0,0,0,0,0,0,0,0,0,0,0,0,0,0,0,3,0,0,0,0,0,0,0,0,0,0,0,0,0,0,0,0,0,0,0,0,7,0,0,0,0,0,0,0,0,0,0,0,0,0,0,0,0,0,0,10
63,tochigi_north,0,0,0,0,0,0,0,0,0,0,0,0,0,0,0,0,0,0,0,0,0,0,0,0,0,0,0,0,0,0,0,0,0,0,0,0,0,0,0,0,0,0,0,0,0,0,0,0,0,0,0,0,0,0,0,7,3,0,4,0,8,0,0,0,0,0,0,0,0,0,0,0,0,22
64,gunma_north,0,0,0,0,0,0,0,0,0,0,0,0,0,0,0,0,0,0,0,0,0,0,0,0,0,0,0,0,0,0,0,0,0,0,0,0,0,0,0,0,0,0,0,0,0,0,0,0,0,0,0,0,0,0,0,0,0,3,0,0,4,0,0,0,0,0,0,0,0,0,0,0,0,7
65,gunma_other_ueno_kanna_nanmoku,0,0,0,0,0,0,0,0,0,0,0,0,0,0,0,0,0,0,0,0,0,0,0,0,0,0,0,0,0,0,0,0,0,0,0,0,0,0,0,0,0,0,0,0,0,0,0,0,0,0,0,0,0,0,0,0,0,0,0,0,0,0,0,0,0,0,0,0,0,0,0,0,0,0
66,hokkaido_tohoku,0,4,0,40,0,0,7,12,40,0,7,15,0,0,20,0,0,0,0,0,38,3,4,4,4,0,0,0,5,14,0,0,3,21,0,3,0,6,0,4,0,8,0,0,0,4,30,12,0,0,0,0,0,12,7,0,17,3,23,0,0,0,0,0,0,0,0,0,0,0,0,0,0,368
67,hokuriku,0,0,0,0,0,0,0,0,6,0,0,0,0,0,5,0,0,0,0,0,14,0,0,0,0,0,0,0,0,7,0,7,0,74,0,0,0,3,0,0,0,7,0,0,0,0,12,4,0,3,0,0,0,0,0,0,0,1,3,0,0,0,0,0,0,0,0,0,0,0,0,0,0,146
68,yamanashi_nagano,0,0,0,7,0,0,0,0,3,0,0,0,0,0,0,0,0,0,0,0,15,0,0,0,0,0,0,0,0,0,0,0,0,1,0,0,0,0,0,0,0,7,0,0,0,0,0,0,0,0,0,0,0,0,0,0,0,0,0,0,0,0,0,0,0,0,0,0,0,0,0,0,0,33
69,shizuoka,0,8,0,3,0,0,0,0,3,0,12,0,0,0,5,0,0,3,0,0,14,0,4,4,5,0,0,0,0,6,0,0,0,0,0,0,0,0,0,0,0,4,0,0,0,0,0,0,0,0,0,3,0,0,0,0,6,0,8,0,9,0,0,0,0,0,0,0,0,0,0,0,0,97
70,chubu_west,0,0,0,14,0,0,10,33,3,8,5,3,9,0,10,3,0,0,3,0,39,3,0,0,4,3,4,0,30,7,0,0,0,173,3,0,0,0,0,0,8,3,0,0,0,0,0,18,0,3,0,0,3,11,0,0,24,0,0,0,0,0,0,0,0,0,0,0,0,0,0,0,0,436
71,overseas,3,0,0,43,0,0,0,0,0,4,7,3,0,0,16,0,0,0,0,0,23,0,0,0,0,0,0,0,0,39,0,0,7,0,0,0,0,9,0,0,0,0,0,0,0,0,0,0,0,6,0,0,0,0,0,0,0,0,0,4,0,0,0,0,0,0,0,0,0,0,0,0,0,164
999,unknown,0,0,0,0,0,0,0,0,0,0,0,0,0,0,0,0,0,0,0,0,0,0,0,0,0,0,0,0,0,0,0,0,0,0,0,0,0,0,0,0,0,0,0,0,0,0,0,0,0,0,0,0,0,0,0,0,0,0,0,0,0,0,0,0,0,0,0,0,0,0,0,0,0,0
○mineral_products,,,,,,,,,,,,,,,,,,,,,,,,,,,,,,,,,,,,,,,,,,,,,,,,,,,,,,,,,,,,,,,,,,,,,,,,,,,(unit: vehicles/day)
large_zone,region,tokyo_chiyoda_chuo_minato,tokyo_meguro_shinagawa_ota,tokyo_toshima_bunkyo_shinjuku_shibuya,tokyo_arakawa_taito_sumida_koto,tokyo_nakano_suginami_setagaya,tokyo_nerima_itabashi_kita,tokyo_adachi_katsushika_edogawa,chofu_nishitokyo_fuchu_musashino_etc,machida_tama_hachioji_inagi_etc,mizuho_fussa_hamura_akiruno_etc,yokohama_nishi_naka,yokohama_isogo_minami_kanazawa_konan,yokohama_hodogaya_totsuka_sakae_izumi_etc,yokohama_kohoku_tsuzuki_midori_aoba,yokohama_tsurumi_kanagawa,kawasaki_kawasaki_saiwai_nakahara,kawasaki_takatsu_miyamae_tama_asao,sagamihara_city,yokosuka_miura,kamakura_zushi_hayama,fujisawa_chigasaki_samukawa,hiratsuka_oiso_ninomiya,odawara_manazuru_yugawara_hakone,minami_ashigara_nakai_oi_matsuda_etc,atsugi_hadano_kiyokawa_isehara_etc,zama_yamato_ebina_ayase,saitama_city,kawaguchi_warabi_toda,asaka_wako_niiza_tokorozawa_etc,soka_kasukabe_misato_koshigaya_etc,hanno_hidaka_moroyama_ogose_etc,tsurugashima_sakado_kawajima_higashimatsuyama_etc,ageo_konosu_okegawa_kitamoto_etc,kuki_kazo_hanyu_gyoda_etc,kumagaya_fukaya_ogawa_yorii_etc,honjo_kamikawa_kamisato,chichibu_yokoze_minano_nagatoro_etc,chiba_city,ichikawa_urayasu_narashino_funabashi,matsudo_kamagaya_kashiwa_abiko,nagareyama_noda,yachiyo_sakura_narita_shiroi_etc,ichihara_city,kisarazu_sodegaura_kimitsu_futtsu,katsuura_otaki_tateyama_kamogawa_etc,choshi_asahi_sosa_katori_etc,togane_mobara_sanmu_oamishirasato_etc,tsuchiura_ishioka_omitama_kasumigaura_etc,koga_shimotsuma_yachiyo_goka_etc,tsukuba_city,joso_bando,ryugasaki_toride_ushiku_moriya_etc,inashiki_miho_kawachi,kashima_kamisu_namegata_itako,mito_hitachi_kasama_hitachinaka_etc,yuki_chikusei_sakuragawa,maebashi_takasaki_isesaki_shibukawa_etc,kiryu_ota_tatebayashi_midori_etc,utsunomiya_kanuma_moka_kaminokawa_etc,tochigi_oyama_shimotsuke_nogi_etc,ashikaga_sano,tokyo_islands,ibaraki_north,tochigi_north,gunma_north,gunma_other_ueno_kanna_nanmoku,hokkaido_tohoku,hokuriku,yamanashi_nagano,shizuoka,chubu_west,overseas,unknown,all_regions
0,tokyo_chiyoda_chuo_minato,29,3,7,0,10,0,0,0,0,0,3,0,0,0,0,0,0,0,0,0,0,0,0,0,0,0,0,4,0,0,0,0,0,0,0,0,0,0,0,0,0,0,0,0,0,0,0,0,0,0,0,0,0,0,0,0,0,0,0,0,0,0,0,0,0,0,0,0,3,3,3,0,3,69
1,tokyo_meguro_shinagawa_ota,0,80,0,0,0,0,29,0,0,0,0,0,0,0,0,0,0,0,0,0,0,0,0,0,0,0,4,0,0,0,0,0,0,0,0,0,0,0,0,0,0,0,0,0,0,0,0,0,0,0,0,0,0,0,0,0,0,0,0,0,0,0,0,0,0,0,0,0,0,4,4,0,315,436
2,tokyo_toshima_bunkyo_shinjuku_shibuya,0,0,0,0,0,0,0,0,0,0,0,0,0,0,0,0,0,0,0,0,0,0,0,0,0,0,0,0,0,0,0,0,0,0,0,0,0,0,0,0,0,0,0,0,0,0,0,0,0,0,0,0,0,0,0,0,0,0,0,0,0,0,0,0,0,0,0,0,0,0,0,0,0,0
3,tokyo_arakawa_taito_sumida_koto,0,33,3,0,7,3,19,0,0,0,0,0,0,0,0,0,0,0,0,0,0,0,0,0,0,0,0,0,0,0,0,0,0,0,0,0,0,0,29,0,3,0,0,0,0,0,0,0,0,0,0,0,0,0,0,0,0,0,0,0,0,0,0,0,0,0,0,0,0,0,0,0,0,98
4,tokyo_nakano_suginami_setagaya,0,0,0,0,306,0,0,51,0,0,0,0,0,0,0,0,0,0,0,0,0,0,0,0,0,0,0,0,0,0,0,0,0,0,0,0,0,0,0,0,0,5,0,0,0,0,5,0,0,0,0,0,0,0,0,0,0,0,0,0,0,0,0,0,0,0,0,0,0,0,0,0,0,368
5,tokyo_nerima_itabashi_kita,0,0,0,0,0,0,0,0,0,0,0,0,0,0,0,0,0,0,0,0,0,0,0,0,0,0,0,0,0,0,0,0,0,0,0,0,0,0,0,0,0,0,0,0,0,0,0,0,0,0,0,0,0,0,0,0,0,0,0,0,0,0,0,0,0,0,69,0,35,0,69,0,35,208
6,tokyo_adachi_katsushika_edogawa,0,0,117,59,0,59,101,0,0,0,0,0,0,0,0,0,0,0,0,0,0,0,0,0,0,0,0,0,0,0,0,0,0,0,0,0,0,0,0,0,0,0,0,0,0,0,0,0,0,0,0,0,0,0,0,0,0,0,0,0,0,0,0,0,0,0,0,0,0,0,0,0,40,375
7,chofu_nishitokyo_fuchu_musashino_etc,0,0,0,0,3,3,0,55,12,17,0,0,0,0,0,0,0,3,0,0,0,0,0,0,0,0,43,0,0,0,0,0,0,0,0,0,0,0,0,0,0,0,0,0,0,0,0,0,0,0,0,0,0,0,0,0,0,0,0,0,0,0,0,0,0,0,0,0,0,0,0,0,111,246
8,machida_tama_hachioji_inagi_etc,0,0,0,0,44,0,0,54,61,0,0,3,0,55,0,0,0,51,0,0,0,27,0,0,0,102,0,0,0,0,0,0,0,0,0,0,0,0,0,0,0,0,0,0,0,0,0,0,0,0,0,0,0,0,0,0,0,0,0,0,0,0,0,0,0,0,0,0,6,0,0,0,0,403
9,mizuho_fussa_hamura_akiruno_etc,0,3,0,27,37,3,0,343,190,748,0,0,56,3,0,30,14,26,0,0,0,0,0,0,0,0,8,0,7,0,8,0,3,0,0,3,0,0,0,0,0,0,0,0,0,0,0,3,0,0,0,0,0,0,0,0,0,0,0,0,0,0,0,0,0,0,0,0,3,0,0,0,27,1545
10,yokohama_nishi_naka,0,0,0,0,0,0,0,0,0,0,0,2,0,0,0,0,0,2,0,0,2,0,0,0,0,0,0,0,0,0,0,0,0,0,0,0,0,0,0,0,0,0,0,0,0,0,0,0,0,0,0,0,0,0,0,0,0,0,0,0,0,0,0,0,0,0,0,0,0,2,0,0,2,11
11,yokohama_isogo_minami_kanazawa_konan,0,0,0,0,0,0,0,0,0,0,157,100,0,0,0,3,0,0,0,0,0,0,0,0,0,0,0,0,0,0,0,0,0,0,0,0,0,0,0,0,0,0,0,0,0,0,0,0,0,0,0,0,0,3,0,0,0,0,0,0,0,0,0,0,0,0,0,0,0,0,0,0,41,304
12,yokohama_hodogaya_totsuka_sakae_izumi_etc,0,0,0,0,7,0,0,0,0,0,100,20,363,49,40,0,7,0,0,0,64,0,0,0,13,33,0,0,0,0,0,0,0,0,0,0,0,0,0,0,0,0,0,0,0,0,0,0,0,0,0,0,0,0,0,0,0,0,0,0,0,0,0,0,0,0,0,0,0,0,0,0,185,881
13,yokohama_kohoku_tsuzuki_midori_aoba,0,0,0,0,0,0,0,0,5,0,10,0,5,10,0,0,5,0,0,0,0,0,0,0,0,0,0,0,0,0,0,0,0,0,0,0,0,0,0,0,0,0,0,0,0,0,0,15,0,0,0,0,0,0,0,0,0,0,0,0,0,0,0,0,0,0,0,0,0,0,0,0,0,51
14,yokohama_tsurumi_kanagawa,0,0,0,0,2,0,0,0,0,0,46,5,5,5,78,41,10,0,0,0,0,0,0,0,0,0,0,0,0,0,0,0,0,0,0,0,0,0,0,0,0,0,0,0,0,0,0,0,0,0,0,0,0,2,0,0,0,0,17,2,0,0,0,0,0,0,0,0,0,0,0,0,30,243
15,kawasaki_kawasaki_saiwai_nakahara,57,0,0,11,0,0,0,0,0,0,0,0,0,5,10,195,6,0,0,0,0,0,0,0,0,0,0,0,0,0,0,0,0,0,0,0,0,0,0,0,0,0,25,0,0,0,0,0,0,0,0,0,0,0,0,0,0,0,0,0,2,0,0,0,0,0,0,0,0,0,0,0,39,350
16,kawasaki_takatsu_miyamae_tama_asao,0,0,0,0,0,0,0,0,0,0,0,0,0,0,0,0,0,0,0,0,0,0,0,0,0,0,0,0,0,0,0,0,0,0,0,0,0,0,0,0,0,0,0,0,0,0,0,0,0,0,0,0,0,0,0,0,0,0,0,0,0,0,0,0,0,0,0,0,0,0,0,0,0,0
17,sagamihara_city,0,0,0,0,3,0,0,0,3,0,0,0,0,0,0,0,0,54,0,0,0,0,0,0,0,3,0,0,0,0,0,0,0,0,0,0,0,0,0,0,0,0,0,0,0,0,0,0,0,0,0,0,0,0,0,0,0,0,0,0,0,0,0,0,0,0,0,0,0,0,0,0,0,64
18,yokosuka_miura,0,0,0,0,0,0,0,0,0,0,0,0,0,0,0,0,0,0,7,0,0,0,0,0,0,0,0,0,0,0,0,0,0,0,0,0,0,0,0,0,0,0,0,0,0,0,0,0,0,0,0,0,0,0,0,0,0,0,0,0,0,0,0,0,0,0,0,0,0,0,0,0,0,7
19,kamakura_zushi_hayama,0,0,0,0,0,0,0,0,0,0,0,0,0,0,0,0,0,0,0,0,0,0,0,0,0,0,0,0,0,0,0,0,0,0,0,0,0,0,0,0,0,0,0,0,0,0,0,0,0,0,0,0,0,0,0,0,0,0,0,0,0,0,0,0,0,0,0,0,0,0,0,0,0,0
20,fujisawa_chigasaki_samukawa,0,0,0,0,0,0,0,0,0,0,0,0,0,0,0,0,0,0,0,0,0,0,0,0,0,0,0,0,0,0,0,0,0,0,0,0,0,0,0,0,0,0,0,0,0,0,0,0,0,0,0,0,0,0,0,0,0,0,0,0,0,0,0,0,0,0,0,0,0,0,0,0,9,9
21,hiratsuka_oiso_ninomiya,0,0,0,0,0,0,0,0,0,6,0,6,0,0,0,0,0,9,0,0,15,27,22,37,62,23,0,0,0,0,0,0,0,0,0,0,0,0,0,0,0,0,0,0,0,0,0,0,0,0,0,0,0,0,0,0,0,0,0,0,0,0,0,0,0,0,4,7,0,7,4,0,4,232
22,odawara_manazuru_yugawara_hakone,0,0,0,0,0,0,0,0,0,0,0,0,0,0,0,0,0,0,0,0,0,0,22,0,0,0,0,0,0,0,0,0,0,0,0,0,0,0,0,0,0,0,0,0,0,0,0,0,0,0,0,0,0,0,0,0,0,0,0,0,0,0,0,0,0,0,0,0,0,3,0,0,22,46
23,minami_ashigara_nakai_oi_matsuda_etc,0,0,0,0,0,0,0,0,0,0,0,0,71,0,0,0,0,0,0,0,0,0,217,71,3,0,0,0,0,0,0,0,0,0,0,0,0,0,0,0,0,0,0,0,0,0,0,0,0,0,0,0,0,0,0,0,0,0,0,0,0,0,0,0,0,0,0,0,0,78,0,0,0,441
24,atsugi_hadano_kiyokawa_isehara_etc,0,10,0,0,12,0,0,0,18,12,0,0,41,276,0,7,0,15,0,0,246,110,6,0,308,133,0,0,0,10,0,0,0,0,10,0,0,0,0,0,0,0,0,0,0,0,0,0,3,0,0,0,0,0,0,12,0,0,0,0,0,0,0,0,0,0,27,0,0,0,50,0,34,1338
25,zama_yamato_ebina_ayase,0,0,0,0,0,0,0,0,25,0,0,0,77,43,0,0,0,30,0,0,0,0,0,0,10,74,0,0,0,0,0,0,0,0,0,0,0,0,0,0,0,0,0,0,0,0,0,0,0,0,0,0,0,0,0,0,0,0,0,0,0,0,0,0,0,0,0,0,6,0,0,0,19,284
26,saitama_city,0,0,0,0,0,0,0,0,0,0,0,0,0,0,0,0,0,0,0,0,0,0,0,0,0,0,12,0,6,0,0,0,50,0,0,0,0,0,0,0,0,0,0,0,0,0,0,0,0,0,0,0,0,0,0,0,0,0,4,0,0,0,0,0,0,0,6,3,0,3,0,0,0,84
27,kawaguchi_warabi_toda,0,0,0,0,0,32,13,0,0,9,0,0,0,9,0,0,0,9,0,0,0,9,0,0,28,0,57,103,0,9,0,9,0,8,9,0,0,3,26,0,0,22,0,9,0,19,9,22,0,57,0,0,0,0,0,0,9,0,0,28,0,0,0,0,0,0,361,146,104,47,693,0,184,2049
28,asaka_wako_niiza_tokorozawa_etc,0,0,22,4,0,45,0,31,0,0,0,0,0,0,0,0,0,0,0,0,0,0,0,0,0,0,6,0,297,0,0,0,0,0,0,0,0,0,0,0,0,0,0,0,0,0,0,0,0,0,0,0,0,0,0,0,0,0,0,0,0,0,0,0,0,0,0,0,9,0,4,0,41,461
29,soka_kasukabe_misato_koshigaya_etc,0,0,0,0,0,0,0,3,0,0,0,3,0,0,0,0,3,0,0,0,0,0,0,0,0,0,0,0,7,0,0,0,0,0,0,0,0,0,7,0,0,7,0,0,0,0,0,0,7,0,0,0,0,0,7,0,7,0,0,0,0,0,0,0,0,0,0,0,7,0,0,0,0,57
30,hanno_hidaka_moroyama_ogose_etc,0,9,0,0,0,3,6,31,12,0,3,0,12,13,3,6,0,6,0,0,0,3,0,0,6,3,6,0,12,3,3,0,0,3,3,0,0,3,0,6,0,0,0,3,0,0,3,0,0,0,3,6,0,3,12,0,0,0,6,3,0,0,0,0,0,0,0,3,3,0,0,0,0,203
31,tsurugashima_sakado_kawajima_higashimatsuyama_etc,16,0,0,0,10,0,0,0,0,0,0,0,0,0,0,0,0,0,0,0,0,0,0,0,0,0,0,0,32,0,162,130,0,0,32,0,0,0,0,0,0,0,0,0,0,0,0,0,0,0,0,0,0,0,0,0,10,0,0,0,0,0,0,0,0,0,0,0,0,0,0,0,0,392
32,ageo_konosu_okegawa_kitamoto_etc,0,0,0,0,0,0,0,0,0,0,0,0,0,0,0,0,0,3,0,0,0,0,0,0,0,3,3,3,0,3,0,0,0,0,0,0,0,0,0,0,0,0,0,0,0,0,0,0,0,0,0,0,0,0,0,0,3,0,0,0,0,0,0,3,0,0,19,0,0,3,6,0,0,52
33,kuki_kazo_hanyu_gyoda_etc,0,0,0,0,0,0,0,0,0,0,0,0,0,0,0,0,0,0,0,0,0,0,0,0,0,0,0,0,6,4,0,0,12,4,0,0,0,0,0,0,0,0,0,0,0,0,0,0,4,0,0,0,0,0,0,0,0,0,0,0,0,0,0,0,0,0,0,0,0,0,0,0,0,31
34,kumagaya_fukaya_ogawa_yorii_etc,0,0,0,0,0,0,0,0,0,0,0,0,0,0,0,0,0,0,0,0,0,0,0,0,0,0,16,0,13,0,0,0,0,3,10,0,0,0,0,3,0,0,0,0,0,0,0,0,0,0,0,0,0,0,0,0,0,0,17,0,0,0,0,0,0,0,0,0,0,0,0,0,227,290
35,honjo_kamikawa_kamisato,0,0,0,0,0,0,0,0,0,0,0,0,0,0,0,0,0,0,0,0,0,0,0,0,0,0,0,0,0,0,0,0,0,0,0,0,0,0,0,0,0,0,0,0,0,0,0,0,0,0,0,0,0,0,0,0,0,0,0,0,0,0,0,0,0,0,0,0,0,0,0,0,0,0
36,chichibu_yokoze_minano_nagatoro_etc,0,0,15,9,0,0,9,0,0,0,0,0,0,0,3,14,0,3,0,0,0,0,0,3,3,3,0,3,0,14,3,6,0,3,6,6,154,4,3,0,0,8,0,0,0,0,0,0,3,0,0,0,0,33,0,0,7,0,11,0,0,0,0,3,3,0,3,0,3,0,6,0,0,343
37,chiba_city,0,0,0,0,0,0,0,0,0,0,0,0,0,0,0,0,0,0,0,0,0,0,0,0,0,0,0,0,0,0,0,0,0,0,0,0,0,46,0,0,0,0,0,0,0,0,0,0,0,0,0,0,0,0,0,0,0,0,0,0,0,0,0,0,0,0,0,0,0,0,0,0,0,46
38,ichikawa_urayasu_narashino_funabashi,0,0,0,0,0,0,0,0,0,0,0,0,0,0,2,2,0,0,0,0,0,0,0,0,0,0,0,0,0,0,0,0,0,2,0,0,0,8,64,8,8,8,0,0,0,0,0,0,0,0,0,0,0,2,0,2,0,0,0,0,0,0,0,0,0,0,3,0,0,0,0,0,0,107
39,matsudo_kamagaya_kashiwa_abiko,0,0,0,0,0,0,0,0,0,0,0,0,0,0,0,0,0,0,0,0,0,0,0,0,0,0,0,0,0,0,0,0,0,0,0,0,0,0,0,23,0,23,0,0,0,0,0,0,0,0,0,0,0,0,0,0,0,0,0,0,0,0,0,0,0,0,0,0,0,0,0,0,0,45
40,nagareyama_noda,0,0,0,0,0,0,0,0,0,0,0,0,0,0,0,0,0,0,0,0,0,0,0,0,0,0,0,0,3,0,0,3,0,0,0,0,0,0,0,0,63,0,0,0,0,0,0,0,0,0,0,0,0,0,0,0,0,0,0,0,0,0,0,0,0,0,0,0,0,0,0,0,0,70
41,yachiyo_sakura_narita_shiroi_etc,0,0,0,0,0,0,0,0,0,0,0,0,0,0,0,0,0,0,0,0,0,0,0,0,0,0,0,0,7,7,0,0,0,0,2,0,0,58,33,0,0,96,7,0,0,0,0,0,0,0,0,0,0,0,0,0,0,0,0,0,0,0,0,0,0,0,0,0,0,3,25,0,3,242
42,ichihara_city,0,0,0,0,0,0,0,0,0,0,0,0,0,0,0,0,0,0,0,0,0,0,0,0,0,0,0,0,0,0,0,0,0,0,0,0,0,0,0,0,0,0,0,0,0,0,0,0,0,0,0,0,0,0,0,0,0,0,0,0,0,0,0,0,0,0,0,0,0,0,0,0,0,0
43,kisarazu_sodegaura_kimitsu_futtsu,3,0,0,0,6,0,3,0,0,0,0,0,0,0,0,0,0,0,0,0,0,0,0,0,0,0,0,0,0,0,0,0,0,29,0,0,0,0,10,0,0,6,0,72,0,0,0,0,0,0,0,0,0,0,0,0,0,0,0,0,0,0,0,0,0,0,0,0,11,0,0,0,0,141
44,katsuura_otaki_tateyama_kamogawa_etc,0,0,0,0,0,5,0,0,0,0,0,0,0,0,0,0,0,0,0,0,0,0,0,0,0,0,0,0,0,0,0,0,0,0,0,0,0,0,0,0,0,0,0,0,7,0,0,0,0,0,0,0,0,0,0,0,0,0,0,0,0,0,0,0,0,0,0,0,0,0,10,0,5,26
45,choshi_asahi_sosa_katori_etc,0,0,0,0,0,0,0,0,0,0,0,0,0,0,0,0,0,0,0,0,0,0,0,0,0,0,0,0,0,0,0,0,0,0,0,0,0,0,0,0,0,0,0,0,0,0,0,0,0,0,0,0,0,0,0,0,0,0,0,0,0,0,0,0,0,0,0,0,0,0,0,0,0,0
46,togane_mobara_sanmu_oamishirasato_etc,0,0,0,0,0,0,0,0,0,0,0,0,0,0,0,0,0,0,0,0,0,0,0,0,0,0,0,0,0,0,0,0,0,0,0,0,0,0,0,0,0,7,3,7,0,0,10,0,0,0,0,0,0,0,0,0,0,0,0,0,0,0,0,0,0,0,0,0,0,0,0,0,216,243
47,tsuchiura_ishioka_omitama_kasumigaura_etc,0,0,0,0,0,0,0,0,0,0,0,0,0,0,0,0,0,0,0,0,0,0,0,0,0,0,7,0,0,0,0,0,0,0,0,0,0,10,0,0,0,0,0,0,0,0,0,145,48,0,0,0,0,96,289,0,0,0,0,0,0,0,0,0,0,0,0,0,0,0,0,0,10,605
48,koga_shimotsuma_yachiyo_goka_etc,0,0,0,0,0,0,0,0,0,0,0,0,0,0,0,0,0,0,0,0,0,0,0,0,0,0,0,0,0,0,0,0,0,0,0,0,0,0,0,0,0,0,0,0,0,0,0,0,0,0,0,0,0,0,0,0,0,0,0,0,0,0,0,0,0,0,0,0,0,0,0,0,0,0
49,tsukuba_city,0,0,0,0,0,0,0,0,0,0,0,0,0,0,0,0,0,0,0,0,0,0,0,0,0,0,0,0,0,0,0,0,0,0,0,0,0,0,0,0,0,0,0,0,0,0,0,0,0,0,0,0,0,0,0,0,0,0,0,0,0,0,0,0,0,0,0,0,0,0,0,0,0,0
50,joso_bando,0,0,0,0,0,0,0,0,0,0,0,0,0,0,0,0,0,0,0,0,0,0,0,0,0,0,0,0,0,28,0,0,0,0,0,0,0,0,0,0,17,0,0,0,0,0,0,0,0,0,0,0,0,0,0,0,0,0,0,0,0,0,0,0,0,0,0,0,0,0,0,0,0,45
51,ryugasaki_toride_ushiku_moriya_etc,0,0,0,0,0,0,0,0,0,0,0,0,0,0,0,0,0,0,0,0,0,0,0,0,0,0,0,0,0,0,0,0,0,0,0,0,0,0,0,0,0,0,0,0,0,0,0,0,0,0,0,0,0,0,0,0,0,0,0,0,0,0,0,0,0,0,6,0,0,0,11,0,6,23
52,inashiki_miho_kawachi,0,0,0,0,0,0,0,0,0,0,0,0,0,0,0,0,0,0,0,0,0,0,0,0,0,0,0,0,0,0,0,0,0,0,0,0,0,0,0,0,0,0,0,0,0,0,0,0,0,0,0,19,0,0,0,0,0,0,0,0,0,0,0,0,0,0,0,0,0,0,0,0,0,19
53,kashima_kamisu_namegata_itako,0,0,94,0,0,0,0,0,0,0,0,0,0,1365,0,0,7,0,0,0,0,0,0,0,0,0,0,0,0,0,0,3,0,0,0,11,0,0,0,0,0,0,0,0,0,0,0,0,0,0,0,0,0,0,82,0,0,14,17,0,0,0,0,0,0,0,16,3,0,0,10,0,1715,3337
54,mito_hitachi_kasama_hitachinaka_etc,0,0,0,30,0,3,11,0,0,0,0,0,3,3,0,0,3,3,0,0,0,0,0,0,0,0,3,0,0,6,0,3,0,3,3,0,0,6,3,0,0,22,0,0,0,6,13,45,6,0,0,8,19,25,704,38,0,3,8,3,0,0,30,0,0,0,0,0,0,0,0,0,3,1011
55,yuki_chikusei_sakuragawa,0,0,6,3,0,0,0,0,3,0,0,0,3,0,0,0,0,0,3,0,0,0,0,0,0,0,0,3,0,3,0,0,0,3,0,0,0,6,6,3,6,3,0,0,0,0,0,3,0,0,0,0,0,0,15,123,0,0,17,0,0,0,3,0,0,0,0,6,0,0,3,3,52,273
56,maebashi_takasaki_isesaki_shibukawa_etc,0,0,0,0,0,0,0,0,0,0,0,0,0,0,3,0,0,0,0,0,3,6,0,0,0,0,0,0,0,9,0,0,0,3,6,0,0,0,0,0,0,0,0,0,0,0,0,0,6,0,0,0,0,0,7,0,290,7,0,3,0,0,0,0,25,47,15,7,3,6,3,0,219,668
57,kiryu_ota_tatebayashi_midori_etc,0,0,0,0,0,0,0,0,0,0,0,0,0,0,0,0,0,0,0,0,0,0,0,0,0,0,0,0,0,0,0,0,0,0,0,0,0,0,0,0,0,0,0,0,0,0,0,0,0,0,0,0,0,0,0,0,84,91,0,0,7,0,0,0,0,0,0,0,0,0,0,0,0,182
58,utsunomiya_kanuma_moka_kaminokawa_etc,0,0,0,0,0,0,0,0,70,0,0,0,0,0,0,0,0,0,0,0,0,0,0,0,70,70,0,0,0,3,0,0,0,0,0,0,0,0,0,0,0,13,0,0,0,6,3,13,0,13,13,3,3,3,6,83,0,0,86,10,4,0,0,47,0,0,6,3,35,0,10,0,35,608
59,tochigi_oyama_shimotsuke_nogi_etc,0,0,0,0,0,0,0,0,0,0,0,0,0,0,0,0,0,0,0,0,0,0,0,0,0,0,0,0,0,16,0,0,0,51,0,0,0,0,0,0,0,0,0,0,0,0,0,0,143,13,49,0,0,0,0,111,0,21,225,302,0,0,0,48,0,0,0,0,0,0,0,0,80,1058
60,ashikaga_sano,0,0,0,0,0,0,21,0,0,0,0,0,0,0,0,0,0,0,0,0,0,0,0,0,0,0,82,45,3,291,0,0,10,3,14,0,0,27,31,0,0,0,0,34,10,0,0,0,0,0,3,0,0,0,0,0,74,486,3,123,264,0,0,0,0,0,0,0,0,0,0,0,0,1526
61,tokyo_islands,0,0,0,0,0,0,0,0,0,0,0,0,0,0,0,0,0,0,0,0,0,0,0,0,0,0,0,0,0,0,0,0,0,0,0,0,0,0,0,0,0,0,0,0,0,0,0,0,0,0,0,0,0,0,0,0,0,0,0,0,0,0,0,0,0,0,0,0,0,0,0,0,0,0
62,ibaraki_north,0,0,0,0,0,0,0,0,0,0,0,0,0,0,0,0,0,0,0,0,0,0,0,0,0,0,0,0,0,0,0,0,0,0,0,0,3,0,0,4,0,0,0,0,0,0,0,3,0,0,0,0,0,0,57,0,0,0,9,0,0,0,0,0,0,0,0,0,0,0,0,0,0,75
63,tochigi_north,0,0,0,0,0,0,0,0,0,0,0,0,0,0,0,0,0,0,0,0,0,0,0,0,0,0,0,0,0,0,0,0,0,0,0,0,0,0,0,0,0,3,0,0,0,0,0,0,0,0,0,0,0,0,0,0,0,0,91,0,0,0,0,0,0,0,0,0,0,0,0,0,0,94
64,gunma_north,0,0,0,0,0,0,0,0,0,0,0,0,0,0,0,0,0,0,0,0,0,0,0,0,0,0,0,0,0,0,0,0,0,0,0,0,0,0,0,0,0,0,0,0,0,0,0,0,0,0,0,0,0,0,0,0,12,0,0,0,0,0,0,0,0,0,0,0,0,0,0,0,0,12
65,gunma_other_ueno_kanna_nanmoku,0,0,0,0,0,0,0,0,0,0,0,0,0,0,0,0,0,0,0,0,0,0,0,0,0,0,0,0,0,0,0,0,0,0,0,0,0,0,0,0,0,0,0,0,0,0,0,0,0,0,0,0,0,0,0,0,3,0,0,0,0,0,0,0,0,0,0,0,0,0,0,0,0,3
66,hokkaido_tohoku,0,0,0,0,3,35,3,0,0,0,0,7,0,0,0,0,8,0,0,0,0,7,0,0,0,0,0,4,0,50,0,0,6,3,0,0,13,0,89,4,0,5,0,10,0,0,0,0,6,0,3,0,4,0,25,7,14,0,0,0,0,0,0,0,0,0,0,0,0,0,0,0,0,305
67,hokuriku,0,0,0,0,0,0,0,0,0,0,0,0,0,0,0,0,0,0,0,0,0,11,4,0,0,0,0,0,3,0,0,0,0,0,0,0,0,0,0,0,0,0,0,2,0,0,0,0,0,0,0,0,0,3,5,0,1,0,7,0,0,0,0,0,0,0,0,0,0,0,0,0,0,35
68,yamanashi_nagano,0,0,0,0,0,0,0,3,0,3,0,0,20,0,0,0,0,0,0,0,0,0,12,31,0,0,0,0,6,0,0,0,0,0,0,0,0,0,0,0,0,0,0,0,0,0,0,0,0,0,0,0,0,0,0,0,0,0,3,0,0,0,0,0,0,0,0,0,0,0,0,0,0,79
69,shizuoka,0,0,0,0,0,0,0,0,0,0,0,0,0,0,0,0,0,3,0,0,0,4,7,0,0,0,0,3,0,0,0,0,6,0,4,0,0,0,4,0,0,0,0,2,0,0,0,0,2,0,0,0,0,3,3,0,0,0,0,0,0,0,0,0,0,0,0,0,0,0,0,0,0,39
70,chubu_west,0,99,0,0,0,107,7,10,5,3,0,0,0,15,0,199,0,10,0,3,9,43,21,0,12,0,4,16,5,3,0,11,26,0,3,0,6,0,8,0,0,13,0,323,0,0,0,0,0,3,0,0,0,31,21,5,14,4,38,66,0,0,0,0,0,0,0,0,0,0,0,0,0,1140
71,overseas,0,0,0,0,0,35,7,0,0,0,0,0,0,0,4,1,0,3,0,0,11,3,3,0,18,0,0,0,0,0,6,0,0,0,59,0,84,0,0,0,0,0,0,165,0,0,0,0,6,0,0,0,0,70,10,6,6,0,20,0,0,0,0,0,0,0,0,0,0,0,0,0,0,517
999,unknown,0,0,0,0,0,0,0,0,0,0,0,0,0,0,0,0,0,0,0,0,0,0,0,0,0,0,0,0,0,0,0,0,0,0,0,0,0,0,0,0,0,0,0,0,0,0,0,0,0,0,0,0,0,0,0,4,0,0,0,0,0,0,0,0,0,0,0,0,0,0,0,0,0,4
○metal_products,,,,,,,,,,,,,,,,,,,,,,,,,,,,,,,,,,,,,,,,,,,,,,,,,,,,,,,,,,,,,,,,,,,,,,,,,,,(unit: vehicles/day)
large_zone,region,tokyo_chiyoda_chuo_minato,tokyo_meguro_shinagawa_ota,tokyo_toshima_bunkyo_shinjuku_shibuya,tokyo_arakawa_taito_sumida_koto,tokyo_nakano_suginami_setagaya,tokyo_nerima_itabashi_kita,tokyo_adachi_katsushika_edogawa,chofu_nishitokyo_fuchu_musashino_etc,machida_tama_hachioji_inagi_etc,mizuho_fussa_hamura_akiruno_etc,yokohama_nishi_naka,yokohama_isogo_minami_kanazawa_konan,yokohama_hodogaya_totsuka_sakae_izumi_etc,yokohama_kohoku_tsuzuki_midori_aoba,yokohama_tsurumi_kanagawa,kawasaki_kawasaki_saiwai_nakahara,kawasaki_takatsu_miyamae_tama_asao,sagamihara_city,yokosuka_miura,kamakura_zushi_hayama,fujisawa_chigasaki_samukawa,hiratsuka_oiso_ninomiya,odawara_manazuru_yugawara_hakone,minami_ashigara_nakai_oi_matsuda_etc,atsugi_hadano_kiyokawa_isehara_etc,zama_yamato_ebina_ayase,saitama_city,kawaguchi_warabi_toda,asaka_wako_niiza_tokorozawa_etc,soka_kasukabe_misato_koshigaya_etc,hanno_hidaka_moroyama_ogose_etc,tsurugashima_sakado_kawajima_higashimatsuyama_etc,ageo_konosu_okegawa_kitamoto_etc,kuki_kazo_hanyu_gyoda_etc,kumagaya_fukaya_ogawa_yorii_etc,honjo_kamikawa_kamisato,chichibu_yokoze_minano_nagatoro_etc,chiba_city,ichikawa_urayasu_narashino_funabashi,matsudo_kamagaya_kashiwa_abiko,nagareyama_noda,yachiyo_sakura_narita_shiroi_etc,ichihara_city,kisarazu_sodegaura_kimitsu_futtsu,katsuura_otaki_tateyama_kamogawa_etc,choshi_asahi_sosa_katori_etc,togane_mobara_sanmu_oamishirasato_etc,tsuchiura_ishioka_omitama_kasumigaura_etc,koga_shimotsuma_yachiyo_goka_etc,tsukuba_city,joso_bando,ryugasaki_toride_ushiku_moriya_etc,inashiki_miho_kawachi,kashima_kamisu_namegata_itako,mito_hitachi_kasama_hitachinaka_etc,yuki_chikusei_sakuragawa,maebashi_takasaki_isesaki_shibukawa_etc,kiryu_ota_tatebayashi_midori_etc,utsunomiya_kanuma_moka_kaminokawa_etc,tochigi_oyama_shimotsuke_nogi_etc,ashikaga_sano,tokyo_islands,ibaraki_north,tochigi_north,gunma_north,gunma_other_ueno_kanna_nanmoku,hokkaido_tohoku,hokuriku,yamanashi_nagano,shizuoka,chubu_west,overseas,unknown,all_regions
0,tokyo_chiyoda_chuo_minato,19,103,8,25,19,8,48,5,19,0,0,3,3,27,3,3,6,0,3,0,0,3,0,0,0,0,3,0,17,0,0,0,0,19,0,0,0,16,0,0,0,9,0,5,3,0,0,0,0,0,0,0,0,3,16,0,0,0,0,6,0,0,0,0,0,0,56,16,32,9,26,19,25,585
1,tokyo_meguro_shinagawa_ota,43,478,21,48,28,17,33,49,19,10,28,45,23,75,39,76,22,31,8,0,24,9,5,3,19,26,23,15,21,18,3,15,5,18,9,0,5,13,49,11,3,21,3,14,0,11,6,0,4,5,0,5,10,2,7,3,16,9,9,13,10,0,2,4,0,0,138,34,68,32,236,19,150,2220
2,tokyo_toshima_bunkyo_shinjuku_shibuya,51,0,123,153,58,63,6,153,0,0,56,0,0,0,0,0,0,0,0,0,0,0,0,0,0,0,0,0,7,3,0,0,0,0,0,0,0,0,0,0,0,0,0,0,0,0,0,0,0,0,0,0,0,0,0,0,0,0,0,0,0,0,0,0,0,0,0,0,0,0,0,0,51,725
3,tokyo_arakawa_taito_sumida_koto,21,37,40,223,43,31,139,54,27,2,7,13,13,20,6,11,0,0,0,0,6,5,8,0,12,6,34,17,6,66,0,0,16,12,3,0,0,22,80,28,3,63,3,3,2,0,38,8,9,5,0,1,0,3,18,0,14,13,19,7,14,0,3,5,0,0,146,36,27,67,314,0,205,2034
4,tokyo_nakano_suginami_setagaya,0,3,0,0,12,5,11,0,3,0,0,0,0,11,9,3,0,0,0,0,0,0,0,0,0,0,0,0,10,0,0,0,0,0,0,0,0,0,0,0,0,3,0,0,0,0,0,0,0,20,0,0,0,0,0,0,0,0,11,0,0,0,0,0,0,0,10,0,9,3,20,0,15,159
5,tokyo_nerima_itabashi_kita,41,9,155,60,4,92,23,6,3,3,0,1,0,9,0,3,0,12,0,0,1,0,0,0,0,25,21,45,89,23,0,12,25,14,0,0,0,12,3,17,17,10,0,0,0,0,1,0,4,0,9,17,9,0,0,0,7,10,5,0,9,0,3,0,0,0,31,22,3,9,75,0,26,975
6,tokyo_adachi_katsushika_edogawa,215,33,26,160,0,50,358,23,18,0,8,13,9,11,15,5,0,0,15,0,11,3,0,0,10,7,7,62,52,127,0,9,3,20,7,3,0,32,109,52,4,16,16,7,0,0,12,3,5,3,4,10,3,7,6,0,0,7,16,7,3,0,0,0,0,0,49,22,43,36,94,8,128,1981
7,chofu_nishitokyo_fuchu_musashino_etc,29,8,43,7,38,41,0,315,93,98,0,0,4,6,10,0,9,17,3,2,9,2,0,2,5,5,4,3,77,3,6,4,3,4,9,0,0,3,3,3,0,0,3,0,0,0,4,10,0,0,0,8,0,0,0,0,8,0,0,0,0,0,0,4,0,0,42,21,17,27,87,5,21,1126
8,machida_tama_hachioji_inagi_etc,0,7,0,0,6,4,5,175,278,71,6,14,10,7,7,0,17,52,0,0,0,3,0,0,3,4,0,0,6,0,0,0,0,0,3,0,0,0,0,0,3,0,0,0,0,0,0,0,0,0,3,3,0,0,0,0,6,0,3,0,0,0,0,0,0,0,6,3,23,10,18,3,58,817
9,mizuho_fussa_hamura_akiruno_etc,3,7,6,4,4,0,0,42,24,60,0,0,3,10,0,4,7,0,3,0,6,0,0,0,6,0,0,6,18,7,6,0,0,7,0,0,3,0,0,4,0,0,0,0,0,0,0,0,2,0,0,0,0,0,0,2,3,6,0,0,0,0,0,0,0,0,24,7,11,4,56,0,122,475
10,yokohama_nishi_naka,0,3,0,0,0,0,0,6,0,0,74,51,24,15,82,17,0,0,0,3,10,6,0,0,20,11,0,0,0,0,0,0,0,0,0,0,0,0,0,0,0,6,0,0,0,0,0,0,0,0,0,0,0,0,0,0,6,0,0,0,2,0,3,0,0,0,4,0,5,2,0,0,8,358
11,yokohama_isogo_minami_kanazawa_konan,0,14,0,0,0,0,7,10,0,0,19,73,87,91,22,28,4,27,19,8,20,9,0,0,18,28,3,0,0,3,0,0,3,3,8,0,0,5,11,0,0,3,0,0,0,0,4,0,3,7,0,0,0,7,0,13,6,0,11,8,0,0,0,7,0,0,14,17,6,37,87,0,107,859
12,yokohama_hodogaya_totsuka_sakae_izumi_etc,0,20,3,0,6,0,0,3,0,0,20,44,114,25,17,34,10,11,20,38,22,10,0,0,40,53,0,0,4,0,0,0,0,0,0,0,0,0,7,0,0,4,0,0,0,0,0,0,0,0,0,0,0,0,0,0,0,9,0,6,0,0,0,0,0,0,21,3,6,0,19,4,35,606
13,yokohama_kohoku_tsuzuki_midori_aoba,3,94,17,0,4,0,13,22,19,3,34,63,86,302,55,114,44,50,22,0,26,4,7,0,29,62,3,7,16,3,0,0,4,0,0,0,0,0,3,8,0,3,7,0,0,0,0,4,0,0,0,4,0,0,4,0,0,7,6,0,0,0,0,4,0,0,60,11,32,26,92,0,217,1587
14,yokohama_tsurumi_kanagawa,4,65,8,19,17,9,12,25,19,2,5,29,19,15,64,58,7,11,6,2,6,3,5,0,20,25,6,0,17,6,0,0,2,4,17,4,0,8,23,0,0,13,2,4,0,0,3,4,9,2,0,0,3,0,0,0,3,5,25,2,5,0,2,0,0,0,50,13,14,44,46,0,81,872
15,kawasaki_kawasaki_saiwai_nakahara,18,58,15,21,4,14,6,8,0,0,18,9,13,24,84,102,16,6,8,3,6,8,3,0,15,7,5,19,2,16,0,0,2,0,0,0,0,21,18,9,8,27,6,0,0,2,0,0,2,0,33,4,0,0,0,0,6,4,13,0,9,0,3,6,0,0,31,25,0,21,156,3,43,959
16,kawasaki_takatsu_miyamae_tama_asao,9,44,8,3,17,0,3,23,17,3,0,0,0,50,11,30,69,6,0,0,10,0,0,0,4,10,4,0,6,0,0,0,0,0,0,0,0,0,0,0,0,4,3,0,0,0,0,0,0,8,0,0,0,0,2,0,0,0,0,0,0,0,4,0,0,0,35,12,25,7,26,0,36,487
17,sagamihara_city,2,15,0,0,4,15,7,17,47,30,1,24,0,13,33,34,2,388,7,0,24,14,0,0,46,44,9,16,27,5,0,0,0,0,2,5,0,0,15,7,3,0,5,5,0,0,0,0,0,0,0,0,0,14,3,0,5,0,0,1,5,0,0,5,0,0,8,14,26,64,37,0,47,1092
18,yokosuka_miura,0,2,0,0,0,0,0,0,0,0,0,15,0,5,2,0,0,0,110,0,8,0,6,0,0,0,0,0,0,0,0,0,0,0,0,0,0,0,0,0,0,2,0,0,0,0,0,0,0,0,0,0,0,0,0,0,0,0,9,0,0,0,0,0,0,0,23,3,2,10,5,0,32,235
19,kamakura_zushi_hayama,0,0,0,0,0,0,0,0,0,0,0,4,0,0,6,3,0,0,3,13,18,3,0,0,3,0,0,0,0,0,0,0,0,3,0,0,0,0,0,0,0,0,0,0,0,0,0,0,0,0,0,0,0,0,0,0,0,0,0,0,0,0,0,0,0,0,11,0,3,0,7,0,6,82
20,fujisawa_chigasaki_samukawa,6,20,6,10,9,6,13,15,15,10,9,33,24,21,13,9,6,26,9,76,255,36,3,0,51,77,3,0,34,3,3,3,3,10,0,0,0,0,3,3,3,4,1,3,0,0,0,0,0,3,3,3,0,0,6,0,18,8,0,1,0,0,3,3,0,0,21,12,31,35,83,9,47,1121
21,hiratsuka_oiso_ninomiya,0,6,0,0,0,0,0,0,0,0,0,3,5,3,0,0,0,3,8,12,33,51,16,0,11,33,3,0,0,0,0,0,0,3,0,0,0,0,6,0,0,0,0,0,0,0,0,0,0,0,0,0,0,0,0,0,3,0,0,0,0,0,0,0,0,0,6,3,12,11,45,8,15,299
22,odawara_manazuru_yugawara_hakone,9,0,3,1,0,0,1,0,3,0,0,0,0,0,0,0,0,0,0,0,6,24,10,6,15,3,0,0,0,3,0,0,0,0,0,0,0,0,0,0,0,0,0,0,0,0,0,0,0,0,0,0,0,0,0,0,0,0,1,0,0,0,0,0,0,0,0,0,0,11,9,0,6,114
23,minami_ashigara_nakai_oi_matsuda_etc,0,0,0,7,4,0,14,3,0,0,0,0,4,0,0,0,0,0,7,21,7,3,15,37,0,3,14,0,0,0,0,0,0,0,4,0,0,10,6,4,0,0,0,0,0,0,0,0,0,0,0,0,0,0,0,0,4,0,0,0,0,0,2,0,0,0,11,0,4,0,54,0,13,248
24,atsugi_hadano_kiyokawa_isehara_etc,20,21,15,8,0,5,10,15,20,22,4,22,17,33,17,29,11,58,3,3,27,33,3,3,186,98,17,8,17,5,3,8,10,3,11,0,0,0,3,0,6,0,0,0,0,3,3,11,3,3,0,0,0,0,11,4,7,10,5,3,6,0,5,8,3,0,72,39,51,55,192,10,81,1360
25,zama_yamato_ebina_ayase,24,69,9,3,9,3,3,13,24,3,18,68,82,38,65,95,29,112,29,14,136,44,12,0,110,215,0,8,33,3,18,0,0,6,0,3,0,3,18,0,3,9,6,8,3,0,0,12,3,3,0,3,0,0,6,0,2,2,0,2,4,0,0,0,0,0,26,15,20,92,56,0,130,1728
26,saitama_city,26,16,20,13,0,20,24,7,7,7,0,0,0,11,0,4,0,4,0,0,0,0,10,0,5,0,236,131,97,123,0,15,68,61,7,3,0,30,24,13,11,8,4,8,0,0,0,7,8,4,3,9,0,0,3,4,35,19,31,16,7,7,0,34,0,0,26,18,14,15,26,0,72,1369
27,kawaguchi_warabi_toda,89,58,74,113,46,96,88,31,13,6,20,11,4,0,10,13,3,18,0,0,15,0,0,0,0,13,158,405,121,61,9,14,19,72,36,0,0,24,26,42,7,10,3,3,6,0,0,7,3,18,3,0,0,0,16,10,13,9,8,12,3,0,0,0,0,0,102,23,36,40,123,3,128,2293
28,asaka_wako_niiza_tokorozawa_etc,48,20,60,56,53,179,56,115,34,27,0,9,0,22,0,14,10,17,0,0,0,3,11,3,30,17,140,40,651,23,81,95,35,42,31,0,22,3,18,6,0,9,3,0,0,10,6,26,10,2,0,4,0,0,9,10,15,6,11,12,0,0,7,14,0,0,245,68,44,44,296,22,216,3062
29,soka_kasukabe_misato_koshigaya_etc,73,34,27,158,25,38,215,59,30,2,13,0,11,1,16,6,3,16,0,0,3,6,0,7,13,13,23,143,44,408,17,31,27,28,25,3,0,35,71,75,52,46,5,4,3,11,3,11,47,15,18,36,0,25,22,6,19,3,26,14,13,0,19,41,0,0,164,63,70,15,349,6,385,3191
30,hanno_hidaka_moroyama_ogose_etc,11,3,10,0,0,4,7,7,3,3,4,0,12,3,0,0,4,4,0,0,7,0,4,0,4,4,0,7,35,7,0,9,8,0,0,0,0,8,4,4,0,0,0,0,4,0,0,4,8,0,0,0,0,4,8,0,12,0,8,12,0,0,4,0,8,0,31,39,24,3,90,4,15,455
31,tsurugashima_sakado_kawajima_higashimatsuyama_etc,3,10,6,3,0,6,7,11,9,3,8,0,8,14,0,3,0,10,0,0,5,3,0,0,3,3,12,5,46,8,23,50,23,8,14,5,0,3,0,0,0,5,0,0,0,0,0,0,11,0,0,2,0,0,0,0,19,12,1,3,0,0,0,4,0,0,7,2,31,0,8,0,11,425
32,ageo_konosu_okegawa_kitamoto_etc,0,7,6,0,3,24,0,0,0,5,0,0,0,0,4,5,0,3,3,0,0,3,0,0,7,6,118,16,109,22,0,49,161,113,58,4,6,3,19,4,16,3,0,0,5,3,3,3,9,8,4,0,0,0,4,5,53,21,5,20,17,0,0,0,0,0,87,11,24,22,96,3,222,1402
33,kuki_kazo_hanyu_gyoda_etc,8,32,12,11,0,12,28,6,10,12,0,0,3,3,6,6,0,3,0,0,0,0,5,0,14,15,71,23,37,92,10,25,55,137,9,0,3,11,17,3,21,6,0,0,0,0,6,3,25,7,24,0,0,0,13,12,26,18,13,22,8,0,0,11,8,0,44,24,9,6,58,5,138,1187
34,kumagaya_fukaya_ogawa_yorii_etc,9,9,3,8,1,7,8,9,10,10,2,7,0,0,2,0,1,2,1,0,1,4,0,0,33,1,26,12,45,17,18,43,44,67,243,29,14,0,8,4,3,3,1,0,0,0,2,3,6,13,1,0,0,4,12,2,31,39,14,7,5,0,6,12,0,0,37,6,23,13,59,0,79,1076
35,honjo_kamikawa_kamisato,9,4,6,6,6,14,8,3,3,0,5,3,3,3,3,0,0,0,3,0,0,3,0,0,0,9,9,16,17,0,3,3,6,10,10,35,0,3,3,3,0,0,0,0,0,0,6,0,0,7,6,0,0,0,0,3,16,8,3,22,3,0,0,6,0,0,4,11,7,6,40,0,7,366
36,chichibu_yokoze_minano_nagatoro_etc,0,3,0,0,0,0,0,0,0,0,0,0,4,0,0,3,0,0,0,0,0,0,0,0,0,0,0,0,10,0,13,10,0,0,6,0,27,4,0,0,0,3,0,0,0,0,0,0,0,0,0,0,0,0,0,0,8,3,0,0,0,0,0,0,0,0,9,0,9,7,17,6,61,204
37,chiba_city,12,10,7,13,0,0,20,3,1,5,3,0,3,4,1,3,0,6,4,0,4,0,0,0,10,0,11,3,9,26,2,0,5,0,2,0,2,142,83,39,12,63,75,62,10,17,39,0,6,11,2,2,14,29,4,2,10,61,15,12,9,0,0,1,0,0,101,19,12,40,110,5,137,1315
38,ichikawa_urayasu_narashino_funabashi,78,171,40,304,29,41,165,35,23,10,19,50,20,11,18,42,8,16,18,10,51,11,0,0,51,41,71,47,112,110,8,43,27,61,18,4,4,94,504,97,27,130,58,45,7,50,63,51,27,10,22,25,8,37,27,31,87,86,74,44,15,0,10,18,0,0,308,111,101,90,593,9,273,4898
39,matsudo_kamagaya_kashiwa_abiko,11,7,0,27,0,3,29,0,0,0,0,0,4,0,0,0,0,3,0,0,8,0,0,0,3,0,7,3,7,41,0,0,11,0,3,0,0,14,13,110,29,17,0,0,0,7,0,6,4,0,11,8,7,3,16,4,0,3,3,0,0,0,0,0,0,0,53,24,65,25,229,10,513,1343
40,nagareyama_noda,0,7,0,8,2,2,6,24,4,0,0,6,0,0,8,2,0,0,0,0,0,0,0,0,0,0,4,7,7,138,0,3,0,8,4,0,0,4,0,15,63,0,3,0,0,0,0,4,0,2,154,41,0,0,5,0,6,0,8,0,0,0,0,0,0,0,4,5,0,13,19,0,88,675
41,yachiyo_sakura_narita_shiroi_etc,47,21,26,61,9,27,55,21,4,0,4,2,10,22,5,6,9,24,0,0,5,3,5,0,12,12,3,9,30,28,0,0,5,18,3,0,0,103,83,49,9,147,24,5,2,19,6,3,0,8,6,9,6,1,7,3,9,16,11,2,0,0,3,9,0,0,137,26,41,37,233,5,235,1743
42,ichihara_city,9,0,14,9,6,0,3,3,3,0,0,0,0,0,0,0,0,0,0,0,3,0,0,0,0,6,3,15,6,3,3,0,0,9,0,0,0,14,34,0,3,3,31,28,0,3,0,15,11,0,0,0,0,9,3,0,0,0,0,0,0,0,0,0,0,0,0,3,3,0,3,0,18,276
43,kisarazu_sodegaura_kimitsu_futtsu,3,0,0,2,0,0,10,5,5,0,0,6,0,2,0,6,3,0,2,0,6,0,0,5,8,5,0,2,3,0,0,0,0,0,0,0,0,0,3,2,3,0,18,230,12,0,6,0,0,0,0,0,0,8,0,0,11,2,6,0,0,0,0,2,0,0,16,13,5,19,66,2,19,518
44,katsuura_otaki_tateyama_kamogawa_etc,0,3,0,0,0,0,3,0,0,0,0,0,0,0,0,0,0,0,0,0,0,0,0,0,0,17,0,0,0,0,0,0,0,0,0,0,0,0,3,0,0,3,3,0,19,3,0,0,0,0,0,0,0,0,0,0,0,0,0,0,0,0,0,0,0,0,4,0,0,0,0,0,7,67
45,choshi_asahi_sosa_katori_etc,0,13,0,3,0,3,3,4,7,0,8,0,0,2,0,3,5,0,0,0,0,0,0,0,2,38,0,5,4,0,0,7,2,8,3,0,0,19,12,3,0,24,5,3,0,192,3,0,0,0,3,0,0,32,16,0,3,9,3,0,3,0,6,3,0,0,14,0,14,5,62,0,30,589
46,togane_mobara_sanmu_oamishirasato_etc,20,6,0,7,0,11,23,13,0,0,3,3,0,0,0,11,0,3,3,3,3,0,0,3,0,7,0,3,26,7,0,0,0,10,0,0,0,48,51,21,3,44,35,14,18,15,135,0,4,0,4,10,0,8,20,0,15,2,0,0,0,0,0,0,0,0,38,17,19,16,107,15,96,920
47,tsuchiura_ishioka_omitama_kasumigaura_etc,17,16,7,30,27,5,17,5,0,0,0,29,4,2,2,2,0,7,2,0,0,7,0,81,9,1,8,4,15,15,0,0,0,7,0,0,0,3,16,11,2,9,3,2,0,0,0,109,9,17,14,206,7,15,57,8,0,0,12,2,0,0,9,0,0,0,118,25,16,14,136,0,38,1177
48,koga_shimotsuma_yachiyo_goka_etc,18,27,14,11,21,7,7,17,7,0,7,0,4,11,3,13,4,4,4,0,0,7,0,4,0,4,16,14,6,11,0,3,7,60,6,0,0,14,10,14,7,14,7,4,0,3,7,43,147,21,79,49,11,10,16,46,11,10,35,25,3,0,7,3,0,0,63,24,0,14,37,12,68,1131
49,tsukuba_city,3,17,0,13,0,0,0,4,0,0,0,0,4,1,0,2,0,0,0,0,0,0,0,0,0,2,8,7,2,7,0,0,0,0,0,0,0,8,6,15,6,8,0,0,0,0,0,3,0,9,5,7,0,6,3,4,0,0,0,0,0,0,0,0,0,0,12,6,3,0,0,0,46,215
50,joso_bando,13,9,0,0,4,4,6,4,10,0,0,7,7,3,0,4,4,4,4,0,4,4,0,0,6,0,10,3,10,29,0,0,14,34,10,0,0,7,14,17,9,31,0,0,0,0,0,10,61,3,26,7,6,3,10,6,17,13,3,19,7,0,0,3,0,0,29,16,3,3,49,0,18,599
51,ryugasaki_toride_ushiku_moriya_etc,0,4,0,0,0,4,7,7,0,0,3,0,0,0,0,0,0,0,3,0,0,3,0,0,0,3,0,0,0,17,0,6,0,0,0,0,0,7,0,7,0,0,0,0,0,0,0,3,9,7,0,12,3,0,0,3,0,0,0,3,0,0,0,6,0,0,10,0,0,0,23,6,53,208
52,inashiki_miho_kawachi,14,11,0,0,0,0,0,0,0,0,0,0,0,0,0,0,0,9,0,0,0,0,0,0,0,3,4,0,3,0,0,0,0,3,0,0,0,7,3,0,0,9,0,6,0,0,0,45,0,21,0,19,9,0,10,0,0,0,3,3,0,0,3,4,0,0,0,0,0,6,24,0,19,241
53,kashima_kamisu_namegata_itako,7,6,7,26,9,4,16,0,0,4,31,3,0,0,3,4,0,3,0,0,0,0,0,0,6,0,0,2,8,7,1,0,0,5,2,0,1,2,32,0,0,7,2,4,0,13,8,12,6,6,0,5,7,105,4,8,7,17,2,12,13,0,0,1,2,0,49,9,11,7,72,0,14,593
54,mito_hitachi_kasama_hitachinaka_etc,0,13,0,4,3,3,6,4,0,0,0,0,5,0,0,0,0,10,0,0,5,4,0,0,5,3,8,3,0,3,0,0,8,5,10,0,0,3,5,9,0,8,0,0,0,5,8,44,0,3,7,10,0,13,368,11,5,0,12,11,0,0,36,12,0,0,119,49,12,24,132,60,64,1130
55,yuki_chikusei_sakuragawa,0,3,6,3,0,3,6,8,6,0,0,0,0,3,45,0,0,3,0,0,0,3,0,0,8,23,0,3,6,10,0,0,0,16,3,3,0,10,12,23,18,18,0,6,0,0,0,10,45,11,20,29,0,3,16,242,14,21,18,46,11,0,3,14,0,0,36,12,20,26,30,0,145,1022
56,maebashi_takasaki_isesaki_shibukawa_etc,7,24,10,12,0,3,5,22,0,4,0,7,7,5,3,3,0,12,0,0,3,4,7,0,8,2,24,6,13,15,4,25,17,13,52,49,16,5,0,4,0,2,3,0,0,0,2,4,0,4,0,0,0,13,2,6,1047,276,30,26,33,0,7,5,28,0,89,82,108,28,215,5,139,2548
57,kiryu_ota_tatebayashi_midori_etc,0,14,2,9,0,6,7,9,0,9,2,0,0,0,0,7,0,20,3,0,0,7,0,3,6,24,21,10,17,20,4,9,9,30,32,10,12,6,18,10,0,10,4,4,0,3,5,0,12,5,0,7,2,5,13,8,161,341,30,17,92,0,6,20,5,0,64,47,40,16,113,14,91,1473
58,utsunomiya_kanuma_moka_kaminokawa_etc,0,4,0,14,0,3,10,0,4,0,1,0,0,0,15,3,0,1,0,0,5,4,0,0,5,0,6,6,3,0,0,0,3,9,3,0,0,7,0,0,0,0,0,3,6,0,0,7,8,0,3,4,4,0,8,10,28,35,238,20,20,0,0,50,0,0,55,19,6,44,43,3,158,879
59,tochigi_oyama_shimotsuke_nogi_etc,3,0,0,44,0,0,7,0,0,0,0,0,4,4,8,19,0,18,0,3,21,0,4,0,4,4,27,0,3,10,4,3,4,13,7,0,0,14,65,6,13,12,3,6,5,3,10,10,80,3,9,3,3,3,33,85,47,23,183,248,34,0,3,6,0,0,65,14,11,20,53,4,451,1738
60,ashikaga_sano,0,0,0,3,0,0,6,0,0,0,0,0,0,0,0,0,0,0,0,0,0,0,0,0,0,0,0,3,0,3,0,0,0,9,0,0,0,0,5,0,0,3,0,0,0,30,0,0,18,0,0,0,0,0,6,0,18,75,17,24,99,0,0,0,0,0,10,0,12,4,0,0,30,374
61,tokyo_islands,0,0,0,0,0,0,0,0,0,0,0,0,0,0,0,0,0,0,0,0,0,0,0,0,0,0,0,0,0,0,0,0,0,0,0,0,0,0,0,0,0,0,0,0,0,0,0,0,0,0,0,0,0,0,0,0,0,0,0,0,0,0,0,0,0,0,0,0,0,0,0,0,0,0
62,ibaraki_north,0,0,0,0,0,0,0,0,0,0,0,0,0,0,0,0,0,1,0,0,0,0,0,0,0,16,0,0,7,11,3,0,0,3,0,0,0,0,0,0,0,2,0,0,0,3,0,0,0,1,0,0,0,0,17,0,3,0,0,0,0,0,0,0,0,0,0,0,0,0,0,0,0,67
63,tochigi_north,0,0,0,0,4,0,0,0,0,0,0,0,0,0,0,2,4,9,3,0,0,0,0,0,9,0,0,0,3,3,0,5,0,0,5,0,0,0,4,4,0,0,0,0,0,0,0,1,0,0,0,0,0,0,7,4,10,10,34,10,0,0,0,0,0,0,0,0,0,0,0,0,0,131
64,gunma_north,0,0,0,0,0,0,0,0,0,0,0,0,0,0,0,0,0,0,0,0,0,0,0,0,0,0,0,0,1,0,0,0,0,0,0,0,0,0,0,0,0,0,0,0,0,0,0,0,0,0,0,0,0,0,0,0,0,5,0,0,0,0,0,0,0,0,0,0,0,0,0,0,0,6
65,gunma_other_ueno_kanna_nanmoku,0,0,0,0,0,0,0,0,0,0,0,0,0,0,0,0,0,0,0,0,0,0,0,0,0,0,0,0,0,0,0,0,0,0,0,0,0,0,0,0,0,0,0,0,0,0,0,0,0,0,0,0,0,0,0,0,0,0,0,0,0,0,0,0,0,0,0,0,0,0,0,0,0,0
66,hokkaido_tohoku,0,42,0,49,3,12,16,29,22,11,0,19,27,25,14,15,11,23,3,0,9,13,0,0,43,39,31,34,38,6,12,7,22,29,10,7,6,7,29,22,4,29,0,20,0,0,16,8,22,16,6,10,0,8,25,23,64,39,22,36,16,0,0,0,0,0,0,0,0,0,0,0,0,1047
67,hokuriku,0,23,0,61,6,4,48,16,6,15,5,27,8,11,7,4,16,28,3,3,25,7,4,0,12,34,18,17,33,37,11,3,40,38,25,17,0,2,0,18,0,31,0,14,0,3,12,10,46,0,3,0,14,0,13,13,80,18,10,35,3,0,0,0,0,0,0,0,0,0,0,0,0,936
68,yamanashi_nagano,5,43,3,10,3,0,31,23,23,4,0,23,0,3,10,2,8,49,0,3,7,14,0,0,10,11,10,16,40,12,0,3,17,6,9,7,11,0,0,0,0,15,0,5,0,0,2,5,3,4,3,0,0,0,14,3,26,15,9,4,4,0,0,0,0,0,0,0,0,0,0,0,0,530
69,shizuoka,5,24,0,10,4,3,0,12,8,3,0,79,16,8,19,12,0,12,0,3,22,17,0,6,31,38,11,18,21,16,0,3,0,3,3,0,3,1,4,0,4,11,0,3,0,7,3,6,7,0,0,3,0,0,7,16,12,19,17,9,0,0,0,0,0,0,0,0,0,0,0,0,0,539
70,chubu_west,15,102,0,85,3,23,40,59,31,28,3,39,51,61,107,65,27,123,14,3,56,55,3,11,181,150,77,84,108,115,11,20,179,98,36,7,6,36,226,34,20,137,17,53,0,34,25,91,89,8,43,22,6,10,69,18,209,74,71,55,16,0,0,0,0,0,0,0,0,0,0,0,0,3439
71,overseas,3,39,0,35,17,3,5,6,3,3,15,6,4,0,4,10,0,20,0,5,9,0,0,3,11,7,31,12,15,3,0,0,0,37,0,0,0,6,24,3,0,13,0,0,0,0,9,0,0,0,4,6,0,0,15,0,12,24,4,0,0,0,0,0,0,0,0,0,0,0,0,0,0,427
999,unknown,0,0,0,0,0,0,0,0,10,0,0,0,0,0,0,0,0,0,0,0,0,0,0,0,0,0,0,0,0,0,0,0,0,0,0,0,0,0,0,0,0,0,0,0,0,0,0,0,0,0,0,0,0,0,0,0,0,0,0,0,0,0,0,0,0,0,0,0,0,0,0,0,0,10
○general_machinery,,,,,,,,,,,,,,,,,,,,,,,,,,,,,,,,,,,,,,,,,,,,,,,,,,,,,,,,,,,,,,,,,,,,,,,,,,,(unit: vehicles/day)
large_zone,region,tokyo_chiyoda_chuo_minato,tokyo_meguro_shinagawa_ota,tokyo_toshima_bunkyo_shinjuku_shibuya,tokyo_arakawa_taito_sumida_koto,tokyo_nakano_suginami_setagaya,tokyo_nerima_itabashi_kita,tokyo_adachi_katsushika_edogawa,chofu_nishitokyo_fuchu_musashino_etc,machida_tama_hachioji_inagi_etc,mizuho_fussa_hamura_akiruno_etc,yokohama_nishi_naka,yokohama_isogo_minami_kanazawa_konan,yokohama_hodogaya_totsuka_sakae_izumi_etc,yokohama_kohoku_tsuzuki_midori_aoba,yokohama_tsurumi_kanagawa,kawasaki_kawasaki_saiwai_nakahara,kawasaki_takatsu_miyamae_tama_asao,sagamihara_city,yokosuka_miura,kamakura_zushi_hayama,fujisawa_chigasaki_samukawa,hiratsuka_oiso_ninomiya,odawara_manazuru_yugawara_hakone,minami_ashigara_nakai_oi_matsuda_etc,atsugi_hadano_kiyokawa_isehara_etc,zama_yamato_ebina_ayase,saitama_city,kawaguchi_warabi_toda,asaka_wako_niiza_tokorozawa_etc,soka_kasukabe_misato_koshigaya_etc,hanno_hidaka_moroyama_ogose_etc,tsurugashima_sakado_kawajima_higashimatsuyama_etc,ageo_konosu_okegawa_kitamoto_etc,kuki_kazo_hanyu_gyoda_etc,kumagaya_fukaya_ogawa_yorii_etc,honjo_kamikawa_kamisato,chichibu_yokoze_minano_nagatoro_etc,chiba_city,ichikawa_urayasu_narashino_funabashi,matsudo_kamagaya_kashiwa_abiko,nagareyama_noda,yachiyo_sakura_narita_shiroi_etc,ichihara_city,kisarazu_sodegaura_kimitsu_futtsu,katsuura_otaki_tateyama_kamogawa_etc,choshi_asahi_sosa_katori_etc,togane_mobara_sanmu_oamishirasato_etc,tsuchiura_ishioka_omitama_kasumigaura_etc,koga_shimotsuma_yachiyo_goka_etc,tsukuba_city,joso_bando,ryugasaki_toride_ushiku_moriya_etc,inashiki_miho_kawachi,kashima_kamisu_namegata_itako,mito_hitachi_kasama_hitachinaka_etc,yuki_chikusei_sakuragawa,maebashi_takasaki_isesaki_shibukawa_etc,kiryu_ota_tatebayashi_midori_etc,utsunomiya_kanuma_moka_kaminokawa_etc,tochigi_oyama_shimotsuke_nogi_etc,ashikaga_sano,tokyo_islands,ibaraki_north,tochigi_north,gunma_north,gunma_other_ueno_kanna_nanmoku,hokkaido_tohoku,hokuriku,yamanashi_nagano,shizuoka,chubu_west,overseas,unknown,all_regions
0,tokyo_chiyoda_chuo_minato,61,11,34,26,3,10,0,0,0,0,4,0,0,0,0,3,6,0,0,0,0,0,0,0,3,0,7,0,6,0,0,0,0,0,3,0,0,0,3,6,0,0,0,0,0,0,0,0,0,0,6,0,0,0,0,0,0,0,6,4,0,0,0,0,0,0,4,0,6,0,11,7,0,231
1,tokyo_meguro_shinagawa_ota,6,135,6,9,3,41,3,6,3,3,4,6,16,10,13,20,6,5,0,4,13,10,0,0,43,101,0,19,11,8,0,3,0,16,3,0,0,0,4,0,0,0,0,10,0,22,3,3,0,2,4,2,0,0,0,3,0,0,12,0,10,0,0,3,0,0,538,121,272,26,991,303,327,3185
2,tokyo_toshima_bunkyo_shinjuku_shibuya,0,0,3,0,0,12,0,2,2,4,0,0,0,0,0,0,0,0,0,0,4,0,0,0,4,0,0,0,0,0,0,0,3,0,2,0,0,0,0,0,0,0,0,0,0,0,0,0,0,0,0,0,0,0,0,0,0,0,4,4,0,0,0,0,0,0,4,2,12,2,28,2,11,106
3,tokyo_arakawa_taito_sumida_koto,37,0,11,376,4,0,16,11,5,0,0,0,0,0,0,0,0,0,0,0,4,0,0,0,172,0,0,3,3,6,0,0,0,0,0,0,0,4,7,0,0,4,0,0,0,0,0,0,0,0,0,3,0,3,0,0,3,0,0,0,0,0,0,0,0,0,11,0,0,0,47,0,11,741
4,tokyo_nakano_suginami_setagaya,0,0,0,0,0,0,0,0,0,0,0,0,0,0,0,3,3,0,0,0,0,0,0,0,0,0,0,0,0,0,0,0,0,0,0,0,0,0,0,0,0,0,0,0,0,0,0,0,0,0,0,0,0,0,0,0,0,0,0,0,0,0,0,0,0,0,0,0,0,0,3,0,3,12
5,tokyo_nerima_itabashi_kita,14,3,0,0,0,19,0,0,0,0,0,0,0,0,4,4,0,0,0,0,0,0,0,0,0,0,0,0,4,1,0,0,0,4,0,0,0,0,0,0,0,0,0,0,0,0,0,0,0,0,1,0,0,0,0,0,1,0,0,0,0,0,0,0,0,0,8,0,0,0,8,0,5,76
6,tokyo_adachi_katsushika_edogawa,6,10,10,17,2,5,28,0,0,0,0,3,0,6,4,4,0,4,0,0,0,3,0,0,3,14,4,8,3,11,0,0,0,6,3,0,0,4,3,13,0,3,3,0,0,0,0,4,0,6,9,0,0,6,0,0,3,0,0,16,3,0,0,0,0,0,18,12,4,20,81,4,47,415
7,chofu_nishitokyo_fuchu_musashino_etc,3,3,4,0,0,0,0,84,16,48,0,0,0,13,7,0,7,0,8,0,0,3,0,0,4,3,3,0,33,0,0,4,1,0,3,0,0,0,0,0,3,3,0,0,0,0,0,0,0,0,3,3,0,0,0,0,0,0,0,0,0,0,0,4,0,0,20,3,21,3,48,5,17,382
8,machida_tama_hachioji_inagi_etc,0,0,0,0,0,3,0,7,42,3,0,0,0,0,0,0,4,4,0,0,0,4,0,0,7,3,0,0,4,0,0,0,3,0,0,3,0,0,4,0,0,0,0,0,0,0,0,4,0,0,3,0,0,0,4,0,0,0,0,3,0,0,0,0,0,0,19,10,14,3,39,4,9,202
9,mizuho_fussa_hamura_akiruno_etc,11,6,8,1,10,6,7,30,36,91,1,3,3,1,1,4,0,5,0,0,1,0,0,0,1,6,6,0,17,0,0,1,1,1,3,0,3,0,3,1,0,0,0,0,0,0,0,5,1,9,0,1,1,0,3,0,5,3,4,3,1,0,0,1,0,0,3,0,6,7,15,0,21,363
10,yokohama_nishi_naka,0,0,0,0,0,0,0,0,0,0,1,3,3,0,8,15,0,0,8,0,4,0,0,0,0,2,0,0,0,0,0,0,0,0,0,0,0,0,0,0,0,0,0,0,0,0,0,0,0,0,0,0,0,0,0,0,0,0,0,0,0,0,0,0,0,0,0,0,0,0,6,0,7,58
11,yokohama_isogo_minami_kanazawa_konan,7,7,0,0,0,0,0,4,0,0,9,11,11,16,17,15,0,7,10,4,14,4,3,0,6,14,3,0,7,0,0,3,0,0,0,0,0,0,0,0,0,0,0,4,0,0,0,0,0,0,3,0,0,0,0,0,0,0,0,0,0,0,0,0,0,0,7,7,19,14,55,2,23,307
12,yokohama_hodogaya_totsuka_sakae_izumi_etc,45,30,27,24,12,9,12,21,24,0,12,6,21,6,6,12,3,3,7,6,23,24,0,0,9,22,12,3,9,12,0,0,3,6,0,0,0,6,15,6,3,9,0,0,3,0,3,6,0,3,0,0,3,6,12,3,3,3,9,6,0,0,3,9,3,0,0,7,42,0,0,0,4,578
13,yokohama_kohoku_tsuzuki_midori_aoba,0,20,4,4,0,4,4,10,0,0,0,17,17,28,15,11,10,0,0,0,8,0,4,0,4,14,4,0,0,0,0,4,0,4,0,0,0,0,0,0,0,3,0,0,0,0,0,0,0,0,0,0,0,0,0,0,0,0,0,4,0,0,3,0,0,0,16,10,10,3,85,8,23,348
14,yokohama_tsurumi_kanagawa,0,17,0,1,1,0,0,0,3,0,110,11,1,3,69,13,0,0,0,1,0,0,0,0,4,0,0,0,0,0,0,0,0,0,0,0,0,0,0,0,0,0,0,13,0,0,0,0,0,0,0,0,0,0,0,0,0,0,0,0,0,0,0,4,0,0,4,0,8,15,17,38,164,498
15,kawasaki_kawasaki_saiwai_nakahara,0,7,0,0,0,0,0,0,0,3,0,3,8,7,4,22,4,15,0,0,0,0,0,0,8,3,0,0,0,0,0,0,0,0,0,0,0,0,0,0,0,11,0,0,0,0,3,2,0,0,0,0,0,0,2,0,0,0,4,0,0,0,0,0,0,0,0,4,0,7,22,3,24,164
16,kawasaki_takatsu_miyamae_tama_asao,7,14,5,0,0,0,0,16,9,0,5,4,4,13,0,11,20,0,0,0,12,0,0,0,17,0,0,0,0,0,0,0,0,0,0,0,0,0,0,0,0,4,0,0,0,0,0,5,0,0,0,0,0,0,0,0,0,0,3,0,0,0,0,0,0,0,8,4,4,12,19,4,8,207
17,sagamihara_city,0,13,0,0,0,0,0,4,11,0,0,0,0,9,65,0,0,44,0,0,0,0,3,0,9,3,0,0,0,0,0,0,3,0,0,0,0,0,3,0,0,0,0,0,0,0,0,0,0,0,0,0,0,0,0,0,0,0,0,0,0,0,0,0,0,0,31,11,14,9,52,19,72,376
18,yokosuka_miura,0,3,0,3,0,0,0,0,0,0,0,0,0,0,0,0,0,0,13,6,0,0,0,0,3,0,0,0,0,0,0,0,0,0,0,0,0,0,0,0,0,0,0,0,0,0,0,0,0,0,0,0,0,0,0,0,0,0,3,0,0,0,0,0,0,0,3,0,3,0,17,0,15,68
19,kamakura_zushi_hayama,0,3,0,0,0,0,0,0,0,0,0,0,0,0,0,0,0,0,0,3,0,0,0,0,3,0,0,0,0,0,0,0,0,0,0,0,0,0,0,0,0,0,0,0,0,0,0,0,0,0,0,0,0,0,0,0,0,0,0,0,0,0,0,0,0,0,0,0,0,0,6,0,0,15
20,fujisawa_chigasaki_samukawa,7,1,0,0,0,1,0,3,3,0,0,0,3,4,17,23,0,22,0,0,40,0,1,0,19,12,3,0,0,1,0,0,0,1,0,0,0,8,0,0,0,0,0,0,0,0,0,4,0,8,10,0,0,0,0,0,0,13,4,4,0,0,0,0,0,0,148,68,45,41,335,6,300,1157
21,hiratsuka_oiso_ninomiya,0,0,0,0,0,0,0,0,0,0,0,0,0,0,0,3,0,3,0,0,0,0,0,3,3,6,0,0,3,0,0,0,0,0,0,0,0,0,0,0,0,0,3,0,0,0,0,3,0,0,0,0,0,0,0,0,0,0,0,0,0,0,0,0,0,0,5,0,0,10,6,0,0,47
22,odawara_manazuru_yugawara_hakone,0,0,0,0,0,0,0,0,0,0,0,0,0,0,0,0,0,0,0,0,0,0,7,3,0,0,0,0,0,0,0,0,0,0,0,0,0,0,0,0,0,0,0,0,0,0,0,0,0,0,0,0,0,0,0,0,0,0,0,0,0,0,0,0,0,0,0,0,0,0,0,0,0,10
23,minami_ashigara_nakai_oi_matsuda_etc,0,0,0,0,0,0,0,0,0,0,0,0,0,0,0,0,0,0,0,0,0,0,3,3,0,0,0,0,0,0,0,0,0,0,0,0,0,0,0,0,0,0,0,0,0,0,0,0,0,0,0,0,0,0,0,0,0,0,0,0,0,0,0,0,0,0,0,0,0,0,0,0,0,6
24,atsugi_hadano_kiyokawa_isehara_etc,19,8,28,42,19,23,0,5,5,19,29,17,20,26,11,10,14,16,19,19,25,34,23,0,109,23,3,0,3,1,4,0,6,19,0,0,0,19,61,0,0,23,0,0,0,0,3,0,0,4,0,0,0,0,1,0,8,0,0,0,0,0,0,0,0,0,82,55,23,61,501,0,129,1572
25,zama_yamato_ebina_ayase,0,10,0,3,0,0,3,4,3,4,17,3,23,10,12,0,4,22,0,0,2,11,0,0,30,102,0,2,2,3,0,3,0,0,0,0,0,0,0,0,8,0,0,0,3,3,0,3,0,0,0,3,0,0,0,0,3,3,4,0,0,0,0,3,0,0,41,9,14,16,74,0,35,499
26,saitama_city,17,18,0,0,0,7,13,13,0,3,3,0,0,0,0,3,3,0,0,0,0,0,0,0,0,0,94,39,44,35,0,7,17,28,0,0,0,0,3,0,0,7,0,0,0,0,0,0,4,0,0,0,0,0,0,7,0,0,13,0,3,0,3,0,0,0,20,13,16,7,43,0,57,546
27,kawaguchi_warabi_toda,3,19,0,0,0,9,13,17,3,6,6,3,3,0,6,3,0,3,0,0,10,6,0,0,0,0,13,34,0,6,3,9,3,9,6,6,0,13,5,3,0,9,0,4,0,0,9,0,0,3,0,0,0,3,9,0,3,3,3,3,0,0,0,6,0,0,20,9,18,0,47,8,3,390
28,asaka_wako_niiza_tokorozawa_etc,6,14,0,0,10,0,0,14,18,13,0,0,0,11,4,0,0,0,0,0,15,0,4,0,7,0,7,14,164,8,16,35,14,6,15,4,12,4,0,0,0,34,0,0,0,0,8,0,3,0,3,3,0,4,0,0,27,15,3,4,0,0,4,4,0,0,75,17,35,17,86,15,15,785
29,soka_kasukabe_misato_koshigaya_etc,16,0,0,11,0,0,6,0,0,0,0,0,0,0,0,3,0,3,0,0,0,0,0,0,0,0,6,9,8,55,0,6,0,2,3,0,0,0,0,3,0,0,0,0,0,0,5,0,0,7,7,0,0,0,6,0,3,0,3,0,0,0,0,9,0,0,13,11,5,3,51,3,35,294
30,hanno_hidaka_moroyama_ogose_etc,4,4,0,0,0,0,0,4,0,0,0,0,0,0,0,0,0,0,0,0,0,0,0,0,7,0,0,0,6,0,4,0,3,0,0,0,0,0,0,4,0,0,0,0,0,0,0,4,0,0,0,0,0,0,0,0,0,4,0,0,0,0,0,0,0,0,0,0,0,0,11,0,6,61
31,tsurugashima_sakado_kawajima_higashimatsuyama_etc,0,0,0,0,0,0,0,0,0,0,4,9,4,0,3,0,0,0,3,0,0,4,0,0,4,4,9,4,8,3,0,0,0,0,11,0,0,0,0,0,0,4,0,0,0,0,0,12,4,4,0,4,0,0,0,0,8,9,10,3,0,0,0,7,0,0,29,7,7,3,74,15,3,272
32,ageo_konosu_okegawa_kitamoto_etc,0,3,3,3,0,7,0,0,0,0,7,0,0,0,0,0,0,0,0,0,0,0,0,0,0,0,27,6,10,7,7,3,20,6,3,0,0,3,0,0,0,14,8,0,11,15,23,8,0,0,8,8,0,0,8,11,0,3,0,0,0,0,0,0,0,0,56,33,35,13,85,0,107,560
33,kuki_kazo_hanyu_gyoda_etc,3,0,0,3,0,0,16,0,4,3,14,0,4,3,0,0,4,0,0,4,4,4,0,0,3,0,13,11,11,7,4,12,20,18,27,12,4,0,7,18,3,3,4,0,0,0,3,11,0,0,7,0,0,3,25,4,6,0,0,8,3,0,3,0,0,0,30,62,18,24,116,19,14,596
34,kumagaya_fukaya_ogawa_yorii_etc,0,4,0,3,0,0,0,0,0,0,0,0,0,0,8,0,0,0,0,0,4,0,0,0,0,0,0,0,7,4,16,71,0,4,99,7,10,0,0,0,0,4,0,0,0,0,4,0,0,0,0,0,0,0,0,0,4,0,0,0,0,0,0,4,0,0,13,4,4,0,8,3,29,312
35,honjo_kamikawa_kamisato,3,3,0,4,0,0,0,0,0,0,0,0,0,0,0,0,0,0,0,0,0,0,0,0,0,3,0,7,0,0,0,0,0,3,0,3,0,0,0,4,0,3,0,0,0,0,0,0,0,0,0,0,0,0,0,0,4,4,0,0,4,0,0,0,0,0,3,0,3,0,24,0,7,83
36,chichibu_yokoze_minano_nagatoro_etc,0,0,0,0,0,0,0,0,0,0,0,0,0,0,0,0,0,0,0,0,0,0,0,0,0,0,0,0,0,0,0,0,0,3,6,0,12,0,0,0,0,0,3,0,0,0,0,0,0,0,0,0,0,0,0,3,0,0,0,0,0,0,0,0,0,0,0,0,0,0,3,0,6,36
37,chiba_city,0,0,0,0,0,0,3,0,0,0,0,0,0,0,0,0,0,0,0,0,0,0,0,0,0,0,4,0,0,0,0,0,0,0,0,0,0,55,27,13,0,27,17,27,20,21,24,23,0,3,0,10,0,0,0,0,3,0,0,0,0,0,0,0,0,0,10,0,0,0,0,0,10,301
38,ichikawa_urayasu_narashino_funabashi,15,3,0,21,4,11,7,4,7,0,4,0,10,0,3,7,4,0,4,7,7,4,0,0,0,722,0,4,10,7,0,0,10,4,4,0,0,0,22,0,0,18,3,0,0,4,0,11,4,0,0,7,0,3,18,0,7,4,14,4,0,0,0,0,0,0,62,42,35,32,298,0,36,1504
39,matsudo_kamagaya_kashiwa_abiko,35,0,20,0,0,0,0,0,0,0,40,0,0,0,4,3,0,0,4,11,4,10,0,0,3,0,60,0,14,10,0,0,0,31,0,0,0,0,10,59,29,10,25,4,0,41,51,4,0,0,3,11,0,0,0,0,4,4,0,0,0,0,0,0,0,0,4,3,0,30,72,0,18,631
40,nagareyama_noda,4,0,0,7,0,0,15,0,0,0,0,0,0,0,0,0,0,0,0,0,0,0,0,0,0,0,4,4,0,26,0,0,4,7,0,0,0,0,0,19,28,0,0,0,0,0,4,0,1,3,0,0,0,0,0,0,0,0,0,0,0,0,0,0,0,0,3,7,0,0,7,0,0,141
41,yachiyo_sakura_narita_shiroi_etc,19,21,0,10,0,0,9,0,0,0,0,0,0,6,0,3,0,9,0,0,0,0,0,0,0,5,0,8,3,18,0,0,4,0,0,0,3,7,28,4,0,31,3,7,0,0,7,6,0,0,0,0,0,3,0,0,3,0,0,0,6,0,0,0,0,0,27,19,9,7,109,3,3,399
42,ichihara_city,4,15,0,0,0,6,0,0,6,0,0,3,0,0,0,4,0,0,0,0,0,0,0,0,0,0,0,0,0,0,0,0,0,0,0,0,0,6,12,0,0,0,0,8,0,0,6,0,0,0,0,0,0,4,0,0,16,0,0,0,0,0,0,0,0,0,22,13,0,0,37,0,30,191
43,kisarazu_sodegaura_kimitsu_futtsu,5,10,0,0,3,3,0,0,0,0,0,0,0,0,3,0,0,0,7,0,0,0,0,3,0,3,0,0,0,0,0,0,0,3,0,0,0,0,0,0,0,0,0,80,0,0,0,0,0,0,0,0,0,0,0,0,0,0,3,0,3,0,0,0,0,0,9,5,3,0,38,0,5,184
44,katsuura_otaki_tateyama_kamogawa_etc,0,0,0,0,0,0,0,3,0,0,0,0,4,0,0,0,0,0,0,0,0,0,0,0,0,0,0,0,0,0,0,0,0,0,0,0,0,0,0,0,0,0,7,3,50,0,4,0,0,0,0,0,0,0,0,0,0,0,0,0,0,0,0,0,0,0,0,0,0,0,0,0,3,74
45,choshi_asahi_sosa_katori_etc,0,51,0,0,0,0,0,0,0,0,0,0,0,3,0,0,0,0,0,0,7,0,0,0,0,34,0,0,0,3,0,0,0,0,0,0,0,0,0,0,0,7,0,0,0,18,5,0,0,0,0,17,0,107,0,0,0,0,0,0,0,0,0,0,0,0,44,0,205,0,22,0,0,523
46,togane_mobara_sanmu_oamishirasato_etc,0,0,0,0,3,0,0,0,0,0,0,0,0,0,0,0,0,0,0,0,0,0,0,0,0,0,0,0,0,0,0,0,0,0,0,0,0,5,4,0,0,0,5,0,9,0,35,2,0,0,0,2,0,0,0,0,0,0,0,0,0,0,0,0,0,0,4,0,0,0,8,4,28,109
47,tsuchiura_ishioka_omitama_kasumigaura_etc,3,3,0,0,12,0,3,0,1,0,0,0,0,9,6,3,0,0,0,0,0,2,0,0,0,2,1,0,5,1,0,0,2,5,0,0,0,0,0,0,0,3,0,0,0,0,0,53,3,0,1,7,0,1,20,0,11,0,6,0,0,0,0,0,0,0,11,7,5,3,22,3,19,237
48,koga_shimotsuma_yachiyo_goka_etc,0,0,0,0,0,0,0,0,3,0,0,0,0,0,0,0,0,0,0,0,0,0,0,0,0,0,0,0,0,0,0,0,0,3,0,0,0,0,0,0,0,0,0,0,0,0,0,0,110,0,0,0,0,0,0,0,0,0,0,0,0,0,0,0,0,0,0,0,0,0,0,0,11,128
49,tsukuba_city,5,0,0,0,0,0,0,0,0,0,0,10,0,0,3,0,0,0,0,0,0,0,0,0,0,0,0,3,0,0,0,0,0,0,0,0,0,0,0,0,0,3,0,0,0,0,0,10,3,0,0,20,0,0,6,7,0,0,3,0,0,0,0,0,0,0,0,0,0,0,74,0,8,155
50,joso_bando,0,2,0,0,0,0,0,0,0,0,0,0,0,0,0,0,0,3,0,0,10,0,0,0,0,0,0,0,0,0,0,0,0,0,0,0,0,3,3,3,0,0,0,0,0,0,0,15,0,3,13,1,0,3,0,0,0,3,0,0,0,0,0,0,0,0,2,0,0,1,7,0,0,74
51,ryugasaki_toride_ushiku_moriya_etc,0,0,0,0,0,0,7,0,0,0,0,0,0,0,0,0,0,0,0,0,0,0,0,0,0,0,0,0,0,0,0,0,0,0,0,0,0,0,0,0,0,0,0,0,0,0,0,0,0,0,0,14,0,0,0,0,0,0,0,0,0,0,0,0,0,0,0,0,0,0,0,52,39,112
52,inashiki_miho_kawachi,0,0,0,0,0,0,0,0,0,0,0,0,0,0,0,0,0,3,0,0,0,0,0,0,0,0,0,0,0,0,0,0,0,0,0,0,0,0,0,0,0,0,0,0,0,0,0,0,3,0,0,7,11,0,0,0,0,0,0,0,0,0,0,0,0,0,0,0,0,0,6,0,3,33
53,kashima_kamisu_namegata_itako,0,0,0,0,0,0,0,0,0,0,0,0,0,0,0,0,0,0,0,0,0,0,0,0,0,0,0,0,0,0,0,0,0,0,0,0,0,0,0,0,0,0,0,0,0,0,0,0,0,0,0,0,3,0,0,0,0,0,0,0,0,0,0,0,0,0,0,0,0,0,0,0,0,3
54,mito_hitachi_kasama_hitachinaka_etc,0,0,0,0,0,0,0,0,3,0,0,0,0,0,0,2,0,0,3,0,0,0,0,0,3,8,0,0,0,0,0,0,0,0,0,0,0,0,0,0,0,0,3,5,0,0,0,15,0,0,0,0,0,2,226,3,0,0,6,0,0,0,7,0,0,0,12,5,4,4,17,0,12,337
55,yuki_chikusei_sakuragawa,0,0,0,0,0,0,0,0,0,0,0,0,0,0,0,0,0,0,0,0,0,0,0,0,0,0,0,0,0,0,0,0,0,0,0,0,0,0,0,0,0,0,0,0,0,0,0,7,0,6,0,0,3,0,7,3,0,0,4,3,0,0,0,0,0,0,0,0,9,11,7,0,7,67
56,maebashi_takasaki_isesaki_shibukawa_etc,0,0,0,0,0,7,0,0,0,0,0,0,0,0,1,0,0,0,0,0,1,3,0,0,0,0,12,0,21,7,0,0,5,4,19,0,0,0,0,2,0,7,0,7,0,0,0,0,3,0,0,0,0,0,9,0,404,23,2,9,14,0,0,2,2,0,39,33,22,2,132,14,53,859
57,kiryu_ota_tatebayashi_midori_etc,5,29,0,0,4,0,0,5,0,0,0,0,0,0,0,0,0,5,0,0,5,0,0,0,0,0,0,5,8,5,1,4,0,0,1,0,0,4,0,0,0,0,0,0,0,0,5,0,0,0,0,0,0,0,5,3,38,190,2,5,0,0,4,3,1,0,63,12,21,12,89,2,66,604
58,utsunomiya_kanuma_moka_kaminokawa_etc,0,4,0,0,0,0,15,7,0,0,0,0,0,0,0,0,0,0,0,0,0,0,0,0,5,0,6,0,0,0,0,0,0,0,0,0,0,0,0,0,0,0,0,0,0,0,0,0,17,0,6,2,0,0,0,5,0,0,62,9,4,0,0,9,0,0,6,4,0,4,13,4,20,202
59,tochigi_oyama_shimotsuke_nogi_etc,0,7,0,0,0,0,0,0,0,0,0,0,0,0,0,0,0,0,0,0,0,0,0,0,0,0,0,0,0,0,0,4,0,48,0,0,0,0,0,0,0,0,0,0,0,0,0,0,21,0,0,3,0,0,7,21,0,0,45,139,3,0,7,7,0,0,27,41,69,0,0,0,72,521
60,ashikaga_sano,0,0,3,0,0,0,0,0,0,0,3,0,0,0,4,0,0,0,0,0,0,0,0,0,0,0,0,0,0,0,0,0,0,0,3,0,0,0,0,0,0,0,0,0,0,0,0,0,0,0,0,0,0,0,0,0,0,3,3,0,6,0,0,0,0,0,6,3,4,0,0,0,0,38
61,tokyo_islands,0,0,0,0,0,0,0,0,0,0,0,0,0,0,0,0,0,0,0,0,0,0,0,0,0,0,0,0,0,0,0,0,0,0,0,0,0,0,0,0,0,0,0,0,0,0,0,0,0,0,0,0,0,0,0,0,0,0,0,0,0,0,0,0,0,0,0,0,0,0,0,0,0,0
62,ibaraki_north,0,0,0,0,0,0,0,0,0,0,0,4,3,0,0,5,0,0,0,0,0,0,0,0,0,0,0,0,0,0,0,0,0,0,0,0,0,0,0,0,0,3,0,0,0,0,0,0,0,0,0,0,0,0,0,0,0,0,0,0,0,0,0,0,0,0,0,0,0,0,0,0,0,15
63,tochigi_north,0,0,0,0,0,0,4,4,0,0,0,0,9,0,0,0,0,0,0,0,0,0,0,0,0,0,0,3,0,0,0,0,0,0,0,0,0,0,0,0,0,0,0,0,0,0,0,0,0,0,0,0,0,0,0,0,0,1,0,7,0,0,0,0,0,0,0,0,0,0,0,0,0,28
64,gunma_north,0,0,0,0,0,0,0,0,0,0,0,0,3,0,0,0,0,0,0,0,0,0,0,0,0,0,0,0,0,0,0,0,0,0,0,0,0,0,0,0,0,0,0,0,0,0,0,0,0,0,0,0,0,0,0,0,7,1,0,0,0,0,0,0,0,0,0,0,0,0,0,0,0,11
65,gunma_other_ueno_kanna_nanmoku,0,0,0,0,0,0,0,0,0,0,0,0,0,0,0,0,0,0,0,0,0,0,0,0,0,0,0,0,0,0,0,0,0,0,0,0,0,0,0,0,0,0,0,0,0,0,0,0,0,0,0,0,0,0,0,0,0,0,0,0,0,0,0,0,0,0,0,0,0,0,0,0,0,0
66,hokkaido_tohoku,0,233,0,4,0,1,14,0,11,9,0,0,0,0,0,4,0,0,0,0,13,5,0,0,82,0,21,13,8,23,0,0,15,0,8,0,0,20,31,30,0,34,0,0,0,3,0,2,0,3,0,3,0,0,12,0,3,0,3,11,0,0,0,0,0,0,0,0,0,0,0,0,0,619
67,hokuriku,0,12,0,3,0,1,0,0,7,0,0,0,4,6,0,0,4,3,0,0,0,3,0,0,5,0,7,0,13,21,0,3,16,0,0,0,0,10,21,0,0,3,0,0,0,0,4,0,0,0,0,0,0,5,14,0,54,1,0,0,0,0,0,0,0,0,0,0,0,0,0,0,0,222
68,yamanashi_nagano,4,22,0,0,0,8,0,3,0,0,5,0,42,10,46,2,4,16,0,0,1,3,0,0,8,0,33,6,4,6,0,0,0,4,4,0,0,10,10,0,0,14,0,3,0,0,0,2,0,0,0,0,0,0,9,0,0,2,0,7,0,0,0,0,0,0,0,0,0,0,0,0,0,286
69,shizuoka,0,9,0,0,0,0,0,14,0,0,6,0,6,4,42,4,0,3,0,0,5,3,0,0,53,16,0,0,9,17,0,0,0,4,0,0,0,0,10,23,0,0,0,0,0,0,0,2,0,0,0,0,0,0,0,0,7,2,1,0,0,0,0,0,0,0,0,0,0,0,0,0,0,239
70,chubu_west,34,872,0,13,0,10,4,34,26,11,6,3,4,24,28,31,23,22,1,0,64,10,3,0,148,19,38,3,67,100,4,22,37,6,12,0,0,50,66,53,0,3,4,3,0,17,4,27,0,91,3,15,0,0,89,0,80,43,38,0,3,0,0,0,0,0,0,0,0,0,0,0,0,2266
71,overseas,0,218,4,36,0,0,8,3,4,0,1,2,0,4,0,0,0,3,0,0,11,0,0,0,1,0,6,11,18,0,0,18,0,12,3,0,0,3,10,0,0,0,0,0,0,0,0,0,0,5,0,0,0,0,0,0,7,9,0,0,0,0,0,0,0,0,0,0,0,0,0,0,0,398
999,unknown,0,0,0,0,0,0,0,0,0,0,0,0,0,0,0,0,0,0,0,0,0,0,0,0,0,0,0,0,0,0,0,0,0,0,0,0,0,0,0,0,0,0,0,0,0,0,0,0,0,0,0,0,0,0,0,0,0,0,0,0,0,0,0,0,0,0,0,0,0,0,0,0,0,0
○electrical_equipment,,,,,,,,,,,,,,,,,,,,,,,,,,,,,,,,,,,,,,,,,,,,,,,,,,,,,,,,,,,,,,,,,,,,,,,,,,,(unit: vehicles/day)
large_zone,region,tokyo_chiyoda_chuo_minato,tokyo_meguro_shinagawa_ota,tokyo_toshima_bunkyo_shinjuku_shibuya,tokyo_arakawa_taito_sumida_koto,tokyo_nakano_suginami_setagaya,tokyo_nerima_itabashi_kita,tokyo_adachi_katsushika_edogawa,chofu_nishitokyo_fuchu_musashino_etc,machida_tama_hachioji_inagi_etc,mizuho_fussa_hamura_akiruno_etc,yokohama_nishi_naka,yokohama_isogo_minami_kanazawa_konan,yokohama_hodogaya_totsuka_sakae_izumi_etc,yokohama_kohoku_tsuzuki_midori_aoba,yokohama_tsurumi_kanagawa,kawasaki_kawasaki_saiwai_nakahara,kawasaki_takatsu_miyamae_tama_asao,sagamihara_city,yokosuka_miura,kamakura_zushi_hayama,fujisawa_chigasaki_samukawa,hiratsuka_oiso_ninomiya,odawara_manazuru_yugawara_hakone,minami_ashigara_nakai_oi_matsuda_etc,atsugi_hadano_kiyokawa_isehara_etc,zama_yamato_ebina_ayase,saitama_city,kawaguchi_warabi_toda,asaka_wako_niiza_tokorozawa_etc,soka_kasukabe_misato_koshigaya_etc,hanno_hidaka_moroyama_ogose_etc,tsurugashima_sakado_kawajima_higashimatsuyama_etc,ageo_konosu_okegawa_kitamoto_etc,kuki_kazo_hanyu_gyoda_etc,kumagaya_fukaya_ogawa_yorii_etc,honjo_kamikawa_kamisato,chichibu_yokoze_minano_nagatoro_etc,chiba_city,ichikawa_urayasu_narashino_funabashi,matsudo_kamagaya_kashiwa_abiko,nagareyama_noda,yachiyo_sakura_narita_shiroi_etc,ichihara_city,kisarazu_sodegaura_kimitsu_futtsu,katsuura_otaki_tateyama_kamogawa_etc,choshi_asahi_sosa_katori_etc,togane_mobara_sanmu_oamishirasato_etc,tsuchiura_ishioka_omitama_kasumigaura_etc,koga_shimotsuma_yachiyo_goka_etc,tsukuba_city,joso_bando,ryugasaki_toride_ushiku_moriya_etc,inashiki_miho_kawachi,kashima_kamisu_namegata_itako,mito_hitachi_kasama_hitachinaka_etc,yuki_chikusei_sakuragawa,maebashi_takasaki_isesaki_shibukawa_etc,kiryu_ota_tatebayashi_midori_etc,utsunomiya_kanuma_moka_kaminokawa_etc,tochigi_oyama_shimotsuke_nogi_etc,ashikaga_sano,tokyo_islands,ibaraki_north,tochigi_north,gunma_north,gunma_other_ueno_kanna_nanmoku,hokkaido_tohoku,hokuriku,yamanashi_nagano,shizuoka,chubu_west,overseas,unknown,all_regions
0,tokyo_chiyoda_chuo_minato,10,45,8,13,2,4,6,4,5,0,0,0,0,8,2,36,0,0,3,8,0,2,0,0,3,4,0,0,38,8,6,0,2,2,0,0,0,0,0,0,0,3,0,0,0,0,0,3,0,0,0,0,3,0,0,0,0,0,9,2,3,0,0,0,0,0,134,14,6,6,257,3,24,688
1,tokyo_meguro_shinagawa_ota,67,182,39,50,13,28,20,75,18,0,7,13,0,32,25,27,6,26,0,0,14,5,2,0,7,19,10,10,22,27,7,0,0,7,9,0,0,13,23,17,0,15,0,0,3,0,0,2,4,2,0,0,0,0,13,7,14,35,11,6,0,0,0,7,0,0,176,32,39,28,240,65,116,1635
2,tokyo_toshima_bunkyo_shinjuku_shibuya,6,6,25,7,0,35,3,0,0,0,0,0,0,0,0,0,0,0,0,0,0,0,0,0,0,0,0,0,0,0,0,0,0,0,0,0,0,0,0,3,0,0,0,0,0,0,0,0,0,0,0,0,0,0,0,0,3,0,0,0,0,0,0,0,0,0,10,0,7,3,42,7,14,171
3,tokyo_arakawa_taito_sumida_koto,66,41,44,25,0,5,3,0,9,0,6,0,0,0,0,10,0,0,3,0,5,4,0,0,0,18,7,5,5,0,0,0,0,3,0,0,0,12,5,5,14,4,0,0,0,0,0,5,0,16,0,0,0,0,0,0,3,0,0,5,0,0,0,0,0,0,69,38,10,16,70,44,42,618
4,tokyo_nakano_suginami_setagaya,18,18,15,0,8,0,0,7,3,0,0,0,0,0,0,0,0,0,0,0,0,0,0,0,6,5,3,0,5,0,0,0,0,0,3,0,0,0,0,0,0,0,0,0,0,0,0,0,0,0,0,0,0,0,0,0,0,0,6,0,0,0,0,0,0,0,3,6,0,4,18,0,8,138
5,tokyo_nerima_itabashi_kita,0,4,6,3,0,24,4,10,3,3,0,0,0,0,0,0,0,0,0,0,0,0,0,0,0,5,3,3,18,3,3,0,0,0,0,0,0,0,3,0,0,0,0,0,0,0,0,0,0,7,0,0,0,0,0,0,0,0,0,0,0,0,0,0,0,0,7,0,3,0,11,3,218,343
6,tokyo_adachi_katsushika_edogawa,6,6,6,10,0,3,2,0,3,0,0,0,4,0,0,0,0,4,0,0,3,0,0,0,3,8,6,3,6,7,0,0,0,4,0,0,0,0,0,4,0,4,0,0,0,0,0,0,0,0,0,0,0,0,0,0,3,0,0,0,0,0,0,0,0,0,22,6,0,0,58,19,52,251
7,chofu_nishitokyo_fuchu_musashino_etc,42,21,40,24,34,3,4,284,64,43,11,6,0,22,9,11,18,36,0,0,0,0,0,0,7,6,4,0,49,0,4,11,0,7,0,4,0,6,4,4,4,8,0,6,15,0,0,0,0,7,0,0,0,0,0,0,0,3,13,8,0,0,0,2,0,0,91,31,44,39,235,0,100,1382
8,machida_tama_hachioji_inagi_etc,25,32,31,20,7,4,3,146,119,23,13,7,3,19,16,20,16,68,18,0,6,10,0,0,5,12,26,0,38,16,0,3,4,9,2,0,4,13,19,4,0,3,4,3,3,0,0,0,18,3,9,4,2,2,17,4,12,9,11,11,0,0,0,15,0,0,123,41,100,61,320,17,166,1720
9,mizuho_fussa_hamura_akiruno_etc,4,7,22,15,6,0,0,70,35,39,0,0,3,26,23,18,0,15,4,0,14,3,0,0,15,3,0,0,41,0,7,6,0,3,4,0,0,7,3,0,0,1,1,0,0,0,0,0,0,0,0,0,0,0,0,11,16,0,0,3,0,0,0,0,0,0,89,23,18,30,105,13,32,735
10,yokohama_nishi_naka,0,2,0,0,0,0,0,0,17,0,24,10,41,51,24,27,14,22,7,3,19,17,0,0,17,0,0,0,0,15,0,0,0,0,0,0,0,0,0,15,0,0,0,0,0,0,0,0,0,0,0,0,0,0,0,0,0,0,30,0,0,0,0,0,0,0,0,0,5,824,3,0,3,1189
11,yokohama_isogo_minami_kanazawa_konan,0,4,4,0,0,11,7,0,0,0,0,3,0,0,0,0,0,0,4,0,0,0,0,0,4,0,0,0,0,0,0,0,0,0,0,0,0,0,0,0,0,0,0,0,0,0,0,0,0,0,0,0,0,0,0,0,0,0,4,0,0,0,0,0,0,0,14,19,0,1,42,0,21,138
12,yokohama_hodogaya_totsuka_sakae_izumi_etc,15,7,0,0,0,0,0,4,15,0,6,7,27,34,13,3,0,3,3,0,4,19,8,0,3,11,0,0,8,0,0,0,0,0,0,0,0,0,0,3,4,1,0,0,0,0,0,0,0,8,0,0,0,0,8,0,0,8,0,0,0,0,0,0,0,0,4,4,6,4,124,0,45,412
13,yokohama_kohoku_tsuzuki_midori_aoba,12,7,6,3,4,3,3,9,23,0,40,59,103,211,39,90,58,36,0,19,24,3,15,0,74,19,3,0,3,0,0,0,0,0,0,3,0,3,0,0,0,3,0,0,0,3,0,0,0,3,0,0,0,0,0,0,3,0,0,0,0,0,0,0,0,0,27,7,24,18,109,7,73,1148
14,yokohama_tsurumi_kanagawa,50,9,15,37,15,1,1,0,0,1,14,18,1,10,68,7,38,7,0,0,5,3,0,0,0,21,1,0,1,5,0,0,0,0,0,0,0,1,4,0,2,5,0,0,0,0,0,4,0,0,0,0,0,0,0,0,1,0,0,0,0,0,0,0,0,0,20,34,30,21,146,6,97,704
15,kawasaki_kawasaki_saiwai_nakahara,41,37,9,13,3,2,0,33,7,0,9,13,14,18,15,91,8,6,3,3,4,4,0,2,14,17,2,0,4,0,5,2,3,0,0,5,0,15,2,2,0,6,4,0,0,0,0,0,0,0,2,0,0,2,4,0,4,6,5,0,3,0,0,3,0,0,40,14,20,11,143,12,10,691
16,kawasaki_takatsu_miyamae_tama_asao,5,36,14,8,8,10,4,7,19,0,5,8,12,16,4,8,50,10,0,0,4,3,3,0,4,9,2,5,6,4,0,3,0,3,7,0,0,0,3,3,3,2,0,0,0,4,0,4,0,0,0,0,0,0,2,0,7,4,9,3,0,0,0,3,0,0,109,39,23,29,122,0,191,832
17,sagamihara_city,9,24,0,12,0,3,9,15,26,3,0,3,0,9,13,3,6,46,0,0,7,0,0,0,16,36,0,0,8,0,0,0,0,4,0,0,0,0,0,0,0,7,0,0,0,0,0,0,0,0,0,0,0,0,3,2,4,0,3,0,0,0,0,0,0,0,50,18,28,16,96,0,59,541
18,yokosuka_miura,0,0,0,0,0,0,0,0,0,0,0,0,3,0,7,1,0,0,9,0,0,0,0,0,0,3,0,0,0,0,0,0,0,0,0,0,0,0,0,0,0,0,0,0,0,0,0,0,0,0,0,0,0,0,0,0,0,0,0,0,0,0,0,0,0,0,3,0,0,0,0,0,0,27
19,kamakura_zushi_hayama,1,9,5,3,0,0,0,0,0,1,0,3,0,1,0,5,1,1,0,7,1,0,0,0,0,0,0,0,1,0,0,0,0,0,0,0,0,0,0,0,0,1,0,0,0,0,1,1,0,3,0,0,0,0,0,0,0,0,0,0,0,0,0,0,0,0,0,0,1,0,22,0,1,73
20,fujisawa_chigasaki_samukawa,3,8,0,0,0,14,0,0,0,0,0,0,23,0,7,3,3,0,0,35,91,0,0,0,6,18,4,0,0,0,0,0,0,0,0,0,0,0,0,0,0,0,0,0,0,12,0,0,0,4,0,0,0,0,0,0,0,0,3,0,0,0,0,0,0,0,7,0,8,3,11,12,17,293
21,hiratsuka_oiso_ninomiya,4,7,0,0,0,4,0,8,4,0,3,0,0,13,3,0,0,10,11,4,6,37,8,0,29,0,0,3,0,0,0,3,0,0,3,3,0,0,0,0,3,3,4,0,0,0,0,0,0,4,0,3,0,0,10,0,4,3,0,0,0,0,0,0,0,0,13,4,23,8,96,28,19,390
22,odawara_manazuru_yugawara_hakone,0,3,0,3,3,0,0,0,0,0,0,0,3,0,0,3,0,0,0,0,0,0,0,3,0,0,0,0,3,0,0,0,0,0,0,0,0,0,0,0,0,0,0,0,0,0,0,0,0,0,0,0,0,0,0,0,0,0,0,0,0,0,0,0,0,0,0,0,3,0,10,0,0,35
23,minami_ashigara_nakai_oi_matsuda_etc,0,3,0,0,0,0,0,0,0,0,0,2,0,0,0,0,0,0,0,0,0,0,0,0,3,0,0,0,0,0,0,0,0,0,0,0,0,0,0,0,0,0,0,0,0,0,0,0,0,0,0,0,0,0,0,0,0,0,0,0,0,0,0,0,0,0,0,0,0,10,0,0,3,22
24,atsugi_hadano_kiyokawa_isehara_etc,18,18,22,19,4,0,11,18,13,0,4,13,19,0,8,15,4,8,0,0,13,3,15,0,34,21,11,0,8,0,0,0,1,0,7,0,0,4,11,0,0,1,3,3,0,0,0,0,0,0,0,0,3,0,19,1,6,0,0,0,0,0,5,3,0,0,39,10,24,52,102,13,74,683
25,zama_yamato_ebina_ayase,14,32,17,0,0,6,0,34,21,0,31,0,35,52,21,27,57,27,14,0,8,3,4,0,24,81,4,0,0,3,0,0,0,0,0,0,0,0,3,0,0,0,4,0,0,0,0,0,0,0,0,0,0,0,0,0,0,0,6,0,0,0,0,0,0,0,33,1,16,15,42,0,13,648
26,saitama_city,19,7,24,8,15,9,0,7,7,0,0,4,0,2,6,0,4,0,0,0,2,3,0,0,4,0,66,89,170,149,0,22,154,159,69,0,0,4,7,4,4,0,0,0,0,0,0,0,0,4,0,0,0,0,7,0,15,4,6,0,3,0,0,4,0,0,41,26,15,13,61,7,73,1294
27,kawaguchi_warabi_toda,11,16,0,30,0,13,16,9,16,0,0,0,0,0,2,4,5,13,0,0,0,0,0,0,0,5,24,43,13,7,6,4,13,2,0,3,0,11,0,4,3,4,0,0,3,0,0,0,0,0,3,0,0,0,3,6,3,3,7,3,0,0,0,3,0,0,14,16,13,0,35,0,28,418
28,asaka_wako_niiza_tokorozawa_etc,8,10,3,5,6,13,12,27,3,3,4,4,11,3,10,4,4,16,4,0,8,4,0,0,8,12,69,15,321,4,32,7,12,15,3,3,4,4,11,8,3,2,0,0,0,4,3,8,0,0,7,3,0,0,8,0,15,5,16,8,0,0,6,8,2,0,49,22,74,23,138,3,31,1128
29,soka_kasukabe_misato_koshigaya_etc,6,5,0,11,0,0,3,8,0,0,11,4,37,9,18,0,0,0,11,0,0,0,0,0,0,14,37,21,18,20,0,3,31,11,11,0,0,11,0,5,0,0,0,3,0,0,13,5,3,0,3,0,0,0,0,0,10,6,23,0,0,0,0,0,0,0,53,6,8,23,106,0,29,601
30,hanno_hidaka_moroyama_ogose_etc,0,0,0,0,0,0,0,17,3,3,0,0,0,0,0,0,0,0,0,0,0,0,0,0,0,0,0,0,40,0,13,10,0,0,10,3,0,0,0,0,0,0,0,0,0,0,0,0,0,0,0,0,0,0,0,0,3,0,3,0,0,0,0,0,0,0,0,0,10,0,10,0,0,127
31,tsurugashima_sakado_kawajima_higashimatsuyama_etc,0,10,0,4,0,0,0,0,7,0,0,0,0,0,0,0,0,0,0,0,0,0,0,0,0,0,3,0,10,7,3,22,0,0,4,0,0,0,0,0,0,1,0,0,0,0,0,0,0,0,0,0,0,0,3,0,0,0,0,0,0,0,0,0,0,0,14,3,3,3,16,11,13,139
32,ageo_konosu_okegawa_kitamoto_etc,0,4,3,7,4,0,3,4,7,0,0,0,0,0,0,4,0,7,0,0,7,4,3,0,0,4,17,0,7,4,0,6,17,15,0,0,0,3,3,3,3,0,0,0,0,0,0,4,0,0,0,4,0,3,3,0,0,7,0,7,4,0,0,0,0,0,15,0,7,0,56,1,17,269
33,kuki_kazo_hanyu_gyoda_etc,0,7,0,0,0,3,0,6,0,0,3,0,0,0,0,3,0,0,3,0,0,0,0,0,1,0,3,4,0,0,0,4,7,21,11,0,0,3,3,0,0,1,0,0,0,0,0,0,0,0,0,0,0,0,0,1,8,6,8,4,0,0,0,0,0,0,14,1,0,11,30,4,37,206
34,kumagaya_fukaya_ogawa_yorii_etc,11,10,6,0,0,0,0,4,18,0,0,3,0,8,0,0,0,3,3,0,4,1,0,0,4,5,0,0,7,6,3,6,11,8,42,8,3,4,0,0,1,10,0,0,0,0,0,0,0,0,0,0,0,1,4,4,24,14,9,4,4,0,0,3,0,0,28,8,10,15,58,12,27,414
35,honjo_kamikawa_kamisato,1,5,1,0,0,0,1,0,0,3,0,0,0,0,3,0,0,0,0,0,1,0,0,0,0,0,0,0,3,0,0,3,0,0,6,0,0,0,8,0,1,0,0,0,0,0,0,0,0,0,0,1,0,0,3,0,6,0,0,0,0,0,0,4,0,0,3,0,3,1,21,6,13,98
36,chichibu_yokoze_minano_nagatoro_etc,12,0,0,0,0,6,0,0,0,0,0,0,39,0,6,0,0,0,0,0,0,0,0,0,0,6,10,6,13,0,0,0,7,0,13,0,21,0,6,0,0,0,4,0,0,0,0,0,0,0,0,0,0,0,29,0,0,4,0,0,0,0,0,0,0,0,23,23,10,18,74,6,0,333
37,chiba_city,29,27,3,7,0,4,11,11,0,0,0,0,0,7,0,0,0,3,0,0,0,0,0,0,0,3,3,11,8,0,4,4,4,0,0,0,0,85,60,18,2,17,0,33,27,15,33,0,4,0,0,0,0,0,0,0,0,4,0,0,0,0,0,0,0,0,8,2,1,18,22,0,35,522
38,ichikawa_urayasu_narashino_funabashi,9,0,0,9,0,0,4,0,0,0,0,0,0,4,0,0,0,0,0,0,0,0,0,0,0,0,5,4,7,0,0,0,0,0,4,0,0,5,134,4,0,4,0,4,0,0,4,0,0,0,0,0,0,0,0,0,0,0,5,0,0,0,0,0,0,0,31,4,0,9,26,0,18,289
39,matsudo_kamagaya_kashiwa_abiko,0,4,0,0,0,0,0,0,0,0,0,0,4,0,0,0,0,0,0,0,0,0,0,0,0,7,0,7,0,0,0,0,0,3,0,0,0,0,4,31,0,0,0,0,0,0,0,0,0,7,0,0,0,0,33,0,0,0,0,0,0,0,0,0,0,0,4,0,0,0,3,0,55,161
40,nagareyama_noda,0,0,0,3,0,0,0,10,0,0,0,0,0,0,0,0,0,13,0,0,0,0,0,0,0,10,3,0,0,3,0,0,0,0,0,0,0,0,0,0,0,0,0,0,0,0,0,3,0,0,0,0,0,0,3,0,3,0,3,0,0,0,0,0,0,0,10,0,0,0,10,0,4,79
41,yachiyo_sakura_narita_shiroi_etc,0,0,0,9,0,0,0,0,0,2,0,2,0,0,0,0,0,15,0,0,3,0,0,0,0,0,3,0,3,3,0,0,0,0,0,0,0,0,0,0,0,23,0,0,0,3,1,6,0,0,0,0,0,0,2,0,0,0,6,0,0,0,0,0,0,0,23,14,3,6,35,0,15,177
42,ichihara_city,0,0,0,0,0,0,0,0,0,0,0,0,0,0,0,2,0,0,0,0,0,0,0,0,2,0,0,0,0,0,0,0,0,0,0,0,0,3,0,9,0,0,9,0,0,0,0,0,0,0,0,0,0,0,0,0,1,0,0,0,0,0,0,0,0,0,0,0,0,0,17,11,8,61
43,kisarazu_sodegaura_kimitsu_futtsu,0,14,2,2,0,0,0,5,0,0,0,0,2,0,0,0,0,0,0,0,0,2,0,0,0,5,0,0,2,2,0,5,0,2,0,0,0,0,0,2,0,0,0,32,12,0,0,0,0,0,0,5,0,0,0,0,0,0,0,0,0,0,0,0,0,0,7,0,0,5,33,0,19,160
44,katsuura_otaki_tateyama_kamogawa_etc,22,45,36,36,27,50,45,90,32,4,4,32,22,30,18,9,18,18,9,4,14,9,14,0,9,14,40,22,27,36,0,4,9,18,4,4,0,40,36,36,14,14,4,16,7,4,3,9,4,9,4,22,4,9,27,4,40,18,18,9,9,0,4,4,0,0,102,66,40,18,353,0,52,1780
45,choshi_asahi_sosa_katori_etc,0,0,0,0,0,0,0,0,0,0,0,0,0,0,0,0,0,0,0,0,0,0,0,0,3,0,0,0,0,0,0,0,0,0,0,0,0,0,5,0,0,0,0,0,0,12,0,0,3,0,0,0,0,0,0,0,0,0,0,0,0,0,0,3,0,0,7,7,0,0,17,0,0,58
46,togane_mobara_sanmu_oamishirasato_etc,4,27,0,12,0,0,0,0,3,0,0,0,0,0,3,7,0,0,0,0,0,0,0,0,0,0,0,3,0,0,0,0,4,4,0,0,4,0,3,0,0,84,0,0,12,0,5,0,4,0,0,0,0,0,0,0,0,0,0,0,0,0,0,4,0,0,28,0,12,3,23,16,64,327
47,tsuchiura_ishioka_omitama_kasumigaura_etc,6,12,3,9,0,3,3,9,3,0,0,0,0,0,0,0,0,0,0,0,0,0,0,0,0,3,0,0,7,0,0,0,0,0,0,0,0,3,5,149,149,5,0,0,0,0,0,33,7,6,3,18,0,3,47,0,0,0,0,5,0,0,0,0,0,0,28,9,9,3,40,9,9,601
48,koga_shimotsuma_yachiyo_goka_etc,13,0,6,10,0,3,0,4,0,0,3,0,0,0,0,0,0,4,0,0,0,0,0,0,0,0,0,0,0,6,0,0,0,3,0,0,0,0,0,0,0,0,0,0,0,0,0,0,7,0,0,3,0,0,0,3,4,0,0,6,0,0,0,0,0,0,10,0,0,3,6,0,6,100
49,tsukuba_city,0,0,0,0,0,0,0,0,0,0,0,0,0,0,0,0,0,0,0,0,0,0,0,0,0,0,0,0,0,0,0,0,0,0,0,0,0,0,0,3,0,0,0,0,0,0,0,44,0,35,14,17,0,11,33,0,0,0,0,0,0,0,0,0,0,0,3,0,0,0,6,6,19,190
50,joso_bando,0,0,0,0,0,0,0,0,0,0,0,0,0,0,0,0,0,3,0,0,0,0,0,0,0,0,0,0,0,0,0,0,0,0,0,0,0,0,0,0,0,0,0,0,0,0,0,0,3,0,3,3,0,0,3,0,0,0,0,0,0,0,0,0,0,0,3,0,0,0,0,0,8,27
51,ryugasaki_toride_ushiku_moriya_etc,0,0,0,10,0,3,11,0,0,0,0,0,0,3,0,0,0,0,0,0,0,0,0,0,11,0,0,0,0,0,0,0,0,0,11,0,0,5,0,8,0,5,0,0,0,0,0,0,0,20,0,3,0,0,5,0,0,0,0,0,0,0,0,0,0,0,0,0,0,11,56,9,15,186
52,inashiki_miho_kawachi,0,0,0,0,0,0,0,0,0,0,0,0,0,0,0,0,0,0,0,0,0,0,0,0,0,0,0,0,0,0,0,0,0,0,0,0,0,0,0,0,0,0,0,0,0,0,0,0,0,0,0,0,7,0,0,0,0,0,0,0,0,0,0,0,0,0,0,0,0,0,0,0,0,7
53,kashima_kamisu_namegata_itako,0,0,0,0,0,0,0,0,0,0,0,0,0,0,0,0,0,0,0,0,0,0,0,0,0,0,0,0,1,0,0,0,0,0,0,0,1,0,0,0,0,1,0,0,0,0,0,0,0,0,0,0,0,0,19,0,0,0,0,0,0,0,0,0,0,0,1,0,0,0,1,3,17,45
54,mito_hitachi_kasama_hitachinaka_etc,0,5,0,0,0,0,8,11,0,4,0,0,4,0,0,0,0,0,2,0,4,0,0,0,15,13,6,0,3,0,0,0,0,4,0,4,4,0,9,9,0,0,0,0,0,0,0,3,0,7,0,0,0,25,263,4,5,4,0,22,0,0,6,0,0,0,50,7,12,10,51,0,34,605
55,yuki_chikusei_sakuragawa,0,3,0,0,0,3,0,0,0,0,0,0,6,9,0,0,0,0,0,0,0,0,3,0,3,0,0,0,0,4,0,0,0,6,0,0,0,0,0,0,0,0,0,0,0,0,0,0,4,4,3,3,4,9,23,13,0,0,0,12,0,0,0,0,0,0,11,3,50,3,31,14,9,228
56,maebashi_takasaki_isesaki_shibukawa_etc,12,6,7,0,0,7,0,21,0,0,0,0,14,7,0,1,0,4,3,0,0,0,2,0,1,0,1,0,4,7,5,7,0,7,0,1,0,0,0,3,0,0,0,0,0,7,2,0,0,7,0,7,0,0,7,0,168,16,9,0,0,0,0,0,5,0,58,7,18,15,96,4,44,593
57,kiryu_ota_tatebayashi_midori_etc,0,0,0,4,5,0,0,7,0,5,5,0,0,0,0,0,0,0,0,0,0,0,0,0,0,6,0,0,3,0,0,5,2,0,6,0,0,0,0,0,4,5,0,0,0,0,0,0,0,0,0,0,0,0,0,0,14,82,4,3,4,0,0,7,3,0,13,0,0,0,53,0,32,272
58,utsunomiya_kanuma_moka_kaminokawa_etc,5,8,0,9,0,3,0,0,4,0,3,0,0,1,0,0,0,0,0,0,0,0,0,0,0,1,2,1,0,4,4,5,0,3,10,0,0,4,4,4,0,3,0,0,0,12,0,21,0,0,6,24,0,0,11,3,3,3,36,14,0,0,0,11,0,0,35,5,0,14,54,0,39,369
59,tochigi_oyama_shimotsuke_nogi_etc,12,18,4,6,4,0,0,4,0,0,0,0,11,25,10,3,25,10,0,0,5,0,0,0,0,0,0,4,5,3,0,0,0,8,6,2,0,17,22,3,0,3,0,0,0,0,4,0,6,8,2,2,0,0,6,0,3,0,22,19,0,0,10,3,2,0,49,8,52,70,180,3,375,1030
60,ashikaga_sano,7,10,0,0,0,0,0,4,0,0,0,0,0,0,4,0,0,0,0,0,0,0,0,0,0,0,0,0,0,0,0,3,0,0,0,0,0,0,0,0,0,3,0,0,0,0,0,0,0,0,0,0,0,4,0,0,4,6,0,0,3,0,0,0,0,0,0,4,14,0,21,0,0,86
61,tokyo_islands,0,0,0,0,0,0,0,0,0,0,0,0,0,0,0,0,0,0,0,0,0,0,0,0,0,0,0,0,0,0,0,0,0,0,0,0,0,0,0,0,0,0,0,0,0,0,0,0,0,0,0,0,0,0,0,0,0,0,0,0,0,0,0,0,0,0,0,0,0,0,0,0,0,0
62,ibaraki_north,0,0,0,0,0,0,0,0,0,0,0,0,0,0,0,0,0,3,0,0,0,0,0,0,0,0,0,0,3,0,0,0,0,0,0,0,0,0,0,0,0,0,0,0,4,0,0,3,0,0,0,0,0,0,6,0,1,0,0,6,0,0,0,0,0,0,0,0,0,0,0,0,0,27
63,tochigi_north,0,0,0,0,0,4,0,3,3,0,0,0,0,0,0,2,0,0,0,0,0,0,0,0,0,0,0,0,0,0,0,0,0,4,4,0,0,0,0,0,0,0,0,0,0,0,0,0,0,0,0,0,0,0,0,0,7,0,11,0,0,0,0,0,0,0,0,0,0,0,0,0,0,37
64,gunma_north,0,0,0,0,0,0,0,0,0,0,0,0,0,0,0,0,0,0,0,0,0,0,0,0,0,0,0,0,0,0,0,0,0,0,0,0,0,0,0,0,0,0,0,0,0,0,0,0,0,0,0,0,0,0,0,0,5,0,0,0,0,0,0,0,0,0,0,0,0,0,0,0,0,5
65,gunma_other_ueno_kanna_nanmoku,0,0,0,0,0,0,0,0,0,0,0,0,0,0,0,0,0,0,0,0,0,0,0,0,0,0,0,0,0,0,0,0,0,0,0,0,0,0,0,0,0,0,0,0,0,0,0,0,0,0,0,0,0,0,0,0,0,0,0,0,0,0,0,0,0,0,0,0,0,0,0,0,0,0
66,hokkaido_tohoku,0,42,8,3,8,0,4,62,23,55,0,4,0,73,6,31,11,15,0,0,8,0,0,0,10,4,19,16,7,13,0,1,3,11,30,3,6,0,14,0,0,17,0,2,21,0,25,6,4,12,3,3,4,0,29,3,4,0,12,34,0,0,0,0,0,0,0,0,0,0,0,0,0,669
67,hokuriku,3,6,0,0,4,0,0,27,12,41,4,1,0,0,17,8,0,6,0,0,0,0,0,0,10,3,6,11,0,3,0,0,4,5,11,6,0,0,0,4,0,3,0,3,7,0,2,0,0,0,0,0,0,0,3,0,20,0,7,21,0,0,0,0,0,0,0,0,0,0,0,0,0,258
68,yamanashi_nagano,3,12,2,0,0,0,3,15,50,18,6,0,0,22,21,3,7,9,0,0,3,0,0,0,5,17,20,9,21,5,0,4,3,6,22,0,4,0,0,0,0,9,0,0,27,0,6,0,0,0,0,0,0,0,0,0,3,0,3,24,0,0,0,0,0,0,0,0,0,0,0,0,0,361
69,shizuoka,3,14,0,0,12,0,3,21,25,26,0,1,0,21,0,11,4,11,0,0,5,4,0,7,22,5,8,3,9,24,0,0,0,0,0,0,0,10,15,0,15,0,2,0,0,0,0,0,0,0,0,0,0,0,0,16,0,0,4,4,4,0,0,0,0,0,0,0,0,0,0,0,0,310
70,chubu_west,33,35,42,37,4,6,16,132,98,67,3,17,3,86,17,36,19,21,0,0,25,8,0,0,17,16,13,69,27,54,7,10,18,46,36,3,9,3,0,4,0,34,6,15,22,3,3,6,4,3,0,6,0,4,19,0,23,3,28,35,4,0,0,0,0,0,0,0,0,0,0,0,0,1253
71,overseas,76,11,0,5,42,0,0,8,41,10,0,0,6,25,113,7,11,9,0,5,4,0,0,0,10,0,10,3,3,6,0,1,18,7,14,6,6,0,0,39,10,0,0,1,0,0,4,0,0,3,0,12,0,0,0,0,6,0,0,62,5,0,0,0,0,0,0,0,0,0,0,0,0,601
999,unknown,0,0,0,0,0,0,0,0,0,0,0,0,0,0,0,0,0,0,0,0,0,0,0,0,0,0,0,0,0,0,0,0,0,0,0,0,0,0,0,0,0,0,0,0,0,0,0,0,0,0,0,0,0,0,0,0,0,0,0,0,0,0,0,0,0,0,0,0,0,0,0,0,0,0
○transport_equipment,,,,,,,,,,,,,,,,,,,,,,,,,,,,,,,,,,,,,,,,,,,,,,,,,,,,,,,,,,,,,,,,,,,,,,,,,,,(unit: vehicles/day)
large_zone,region,tokyo_chiyoda_chuo_minato,tokyo_meguro_shinagawa_ota,tokyo_toshima_bunkyo_shinjuku_shibuya,tokyo_arakawa_taito_sumida_koto,tokyo_nakano_suginami_setagaya,tokyo_nerima_itabashi_kita,tokyo_adachi_katsushika_edogawa,chofu_nishitokyo_fuchu_musashino_etc,machida_tama_hachioji_inagi_etc,mizuho_fussa_hamura_akiruno_etc,yokohama_nishi_naka,yokohama_isogo_minami_kanazawa_konan,yokohama_hodogaya_totsuka_sakae_izumi_etc,yokohama_kohoku_tsuzuki_midori_aoba,yokohama_tsurumi_kanagawa,kawasaki_kawasaki_saiwai_nakahara,kawasaki_takatsu_miyamae_tama_asao,sagamihara_city,yokosuka_miura,kamakura_zushi_hayama,fujisawa_chigasaki_samukawa,hiratsuka_oiso_ninomiya,odawara_manazuru_yugawara_hakone,minami_ashigara_nakai_oi_matsuda_etc,atsugi_hadano_kiyokawa_isehara_etc,zama_yamato_ebina_ayase,saitama_city,kawaguchi_warabi_toda,asaka_wako_niiza_tokorozawa_etc,soka_kasukabe_misato_koshigaya_etc,hanno_hidaka_moroyama_ogose_etc,tsurugashima_sakado_kawajima_higashimatsuyama_etc,ageo_konosu_okegawa_kitamoto_etc,kuki_kazo_hanyu_gyoda_etc,kumagaya_fukaya_ogawa_yorii_etc,honjo_kamikawa_kamisato,chichibu_yokoze_minano_nagatoro_etc,chiba_city,ichikawa_urayasu_narashino_funabashi,matsudo_kamagaya_kashiwa_abiko,nagareyama_noda,yachiyo_sakura_narita_shiroi_etc,ichihara_city,kisarazu_sodegaura_kimitsu_futtsu,katsuura_otaki_tateyama_kamogawa_etc,choshi_asahi_sosa_katori_etc,togane_mobara_sanmu_oamishirasato_etc,tsuchiura_ishioka_omitama_kasumigaura_etc,koga_shimotsuma_yachiyo_goka_etc,tsukuba_city,joso_bando,ryugasaki_toride_ushiku_moriya_etc,inashiki_miho_kawachi,kashima_kamisu_namegata_itako,mito_hitachi_kasama_hitachinaka_etc,yuki_chikusei_sakuragawa,maebashi_takasaki_isesaki_shibukawa_etc,kiryu_ota_tatebayashi_midori_etc,utsunomiya_kanuma_moka_kaminokawa_etc,tochigi_oyama_shimotsuke_nogi_etc,ashikaga_sano,tokyo_islands,ibaraki_north,tochigi_north,gunma_north,gunma_other_ueno_kanna_nanmoku,hokkaido_tohoku,hokuriku,yamanashi_nagano,shizuoka,chubu_west,overseas,unknown,all_regions
0,tokyo_chiyoda_chuo_minato,0,0,0,0,0,0,3,0,0,0,0,0,0,0,0,0,0,0,0,3,0,0,0,0,0,0,3,0,0,0,0,0,3,0,0,0,3,0,0,0,0,0,0,0,0,0,0,0,0,0,0,0,0,0,0,0,0,0,0,0,0,0,0,0,0,0,3,3,0,0,3,0,9,35
1,tokyo_meguro_shinagawa_ota,5,33,0,6,12,6,5,0,6,6,3,6,3,3,4,3,0,10,10,0,6,0,0,0,6,3,6,0,10,6,0,0,0,0,0,0,0,5,6,0,0,0,0,6,0,0,0,0,4,0,0,0,0,0,0,0,0,7,0,0,3,0,0,0,0,0,0,0,7,10,3,0,29,243
2,tokyo_toshima_bunkyo_shinjuku_shibuya,0,14,14,0,0,0,0,3,0,0,0,0,0,3,3,0,0,3,0,0,0,0,0,0,3,0,0,0,3,0,0,0,0,0,0,0,0,3,0,0,0,0,0,0,0,0,0,0,0,0,0,0,0,0,0,0,0,0,3,0,0,0,0,0,0,0,0,0,0,0,0,0,0,52
3,tokyo_arakawa_taito_sumida_koto,0,3,0,23,0,0,37,0,5,0,7,0,0,0,0,0,0,0,4,0,3,0,0,0,0,0,0,0,0,0,0,0,0,0,0,0,0,3,0,0,0,3,0,0,0,0,0,0,0,0,0,0,0,0,0,0,0,0,0,0,0,0,0,0,0,0,0,0,8,4,0,0,685,784
4,tokyo_nakano_suginami_setagaya,0,0,0,0,139,0,0,278,0,0,0,0,0,0,0,0,0,0,0,0,0,0,0,0,0,0,40,46,0,29,0,0,0,23,0,0,0,0,0,0,0,0,0,0,0,0,0,0,0,0,0,0,0,0,0,0,0,0,0,0,0,0,0,0,0,0,0,0,0,0,0,0,0,554
5,tokyo_nerima_itabashi_kita,0,11,2,0,0,23,30,29,6,0,0,0,0,0,0,2,0,0,0,0,0,0,0,0,0,2,0,0,4,0,0,0,0,0,0,0,0,0,0,0,0,0,0,0,0,0,0,0,0,0,0,0,0,0,0,0,2,0,4,0,0,0,0,0,0,0,3,0,0,0,22,0,0,139
6,tokyo_adachi_katsushika_edogawa,6,0,0,0,0,0,6,0,0,0,0,0,3,3,0,0,0,0,0,0,3,0,0,0,0,0,3,3,3,35,0,4,0,0,0,0,0,3,3,0,0,3,3,0,0,0,0,0,0,0,0,4,0,0,0,0,3,0,0,0,0,0,0,0,0,0,3,0,0,3,13,0,22,131
7,chofu_nishitokyo_fuchu_musashino_etc,4,0,4,0,20,16,20,109,44,58,0,0,0,0,22,0,0,0,0,0,7,0,0,0,0,0,4,0,32,9,0,3,3,0,0,3,0,0,8,0,4,3,0,0,0,0,0,0,4,0,0,0,0,4,0,3,0,1,4,4,0,0,0,0,0,0,44,0,0,0,18,0,13,473
8,machida_tama_hachioji_inagi_etc,20,8,0,0,0,8,0,56,104,78,0,3,0,38,0,0,0,0,0,0,0,3,0,0,0,0,0,0,12,0,14,0,0,0,0,0,0,0,0,3,0,0,0,0,0,0,0,3,31,0,0,3,0,0,0,0,19,45,0,0,0,0,6,0,0,0,0,3,39,3,45,30,38,610
9,mizuho_fussa_hamura_akiruno_etc,37,37,40,40,30,37,33,176,92,267,7,18,17,17,0,9,0,36,0,0,7,3,0,0,9,7,23,0,67,19,15,3,3,0,9,0,7,23,41,7,0,7,7,7,0,3,0,7,7,0,7,0,0,7,13,9,36,33,9,3,3,0,0,3,0,0,176,50,215,20,419,0,31,2208
10,yokohama_nishi_naka,0,0,15,0,0,0,0,30,25,15,18,41,19,15,50,15,0,0,0,15,28,9,0,0,0,3,0,0,15,0,0,15,0,0,0,0,0,0,0,0,0,0,0,0,0,0,0,0,0,0,0,0,0,0,0,0,0,0,24,0,4,0,0,15,0,0,18,0,0,0,130,162,0,683
11,yokohama_isogo_minami_kanazawa_konan,17,452,10,30,27,22,19,0,16,0,40,32,21,46,7,19,7,262,50,10,14,0,0,0,11,18,0,0,0,0,0,0,0,54,0,4,0,0,0,0,0,0,0,0,0,0,0,4,0,0,0,0,0,0,0,0,15,9,0,0,0,0,0,0,0,0,50,3,0,114,489,76,407,2355
12,yokohama_hodogaya_totsuka_sakae_izumi_etc,0,0,0,0,0,0,0,0,3,24,0,0,45,9,3,0,0,12,0,6,9,3,0,0,0,19,0,0,0,0,0,0,0,0,0,0,0,0,0,0,0,4,0,0,0,0,0,0,0,0,0,0,0,0,0,0,25,0,0,0,0,0,0,0,0,0,6,0,20,80,30,0,436,736
13,yokohama_kohoku_tsuzuki_midori_aoba,0,0,0,0,0,0,0,4,0,0,0,3,26,53,6,33,62,4,0,0,19,0,0,0,7,11,4,0,0,0,0,0,0,0,0,0,0,0,4,0,0,0,0,4,0,0,0,4,0,0,0,0,0,0,0,0,0,0,0,0,0,0,0,0,0,0,0,0,0,0,9,6,28,288
14,yokohama_tsurumi_kanagawa,0,0,0,0,0,0,0,0,3,3,15,0,0,106,30,0,0,3,0,0,16,0,0,0,0,6,0,0,0,0,0,0,0,0,0,0,0,0,0,2,0,0,0,0,0,0,0,0,0,0,0,0,0,0,0,0,0,0,0,3,0,0,0,0,0,0,0,0,0,0,0,0,35,225
15,kawasaki_kawasaki_saiwai_nakahara,0,3,0,0,0,0,0,0,0,0,19,0,0,4,44,92,0,0,0,0,18,0,0,0,4,0,0,0,4,0,0,0,0,0,0,0,0,0,0,0,5,0,0,0,0,0,0,0,0,0,0,0,0,0,0,0,0,0,0,0,0,0,0,0,0,0,3,3,0,3,4,0,11,215
16,kawasaki_takatsu_miyamae_tama_asao,11,74,22,6,14,13,4,3,13,0,31,46,31,42,15,60,65,8,15,3,14,0,3,0,12,4,0,0,0,0,0,0,0,0,0,0,0,0,0,0,0,0,0,0,0,0,0,0,0,0,0,0,0,0,0,0,0,0,0,0,0,0,0,0,0,0,8,4,4,6,22,3,27,580
17,sagamihara_city,0,2,0,0,0,0,0,9,10,0,6,0,3,0,4,3,0,116,4,0,12,1,0,0,12,12,30,2,3,0,0,3,0,0,6,0,0,30,0,0,0,0,0,0,0,0,0,3,0,0,0,0,0,0,21,2,15,6,18,8,0,0,0,0,0,0,84,41,20,2,348,0,9,848
18,yokosuka_miura,0,0,0,0,0,0,0,0,0,0,0,9,0,0,0,0,0,0,9,0,0,0,0,0,0,0,0,0,0,0,0,0,0,0,0,0,0,0,0,0,0,0,0,0,0,0,0,0,0,0,0,0,0,0,0,0,0,0,0,0,0,0,0,0,0,0,3,0,0,3,3,0,9,37
19,kamakura_zushi_hayama,0,0,0,0,0,0,3,0,3,0,0,0,0,0,0,0,0,0,0,0,3,0,0,0,0,3,0,0,0,0,0,0,0,0,0,0,0,0,0,0,0,0,0,0,0,0,0,0,0,0,0,0,0,0,0,0,0,3,0,0,0,0,0,0,0,0,0,3,3,0,18,3,6,47
20,fujisawa_chigasaki_samukawa,0,5,0,3,0,0,0,7,17,37,33,12,24,11,5,21,0,84,10,0,870,19,3,0,83,198,1,12,21,3,0,3,4,4,4,0,0,7,3,0,0,0,0,3,0,0,3,7,8,0,0,1,0,0,1,0,27,17,86,224,11,0,0,0,0,0,66,8,9,39,126,312,247,2699
21,hiratsuka_oiso_ninomiya,0,0,0,0,0,0,0,0,0,0,0,0,3,0,7,0,0,6,0,0,16,37,0,3,22,9,0,0,0,0,0,0,0,0,3,0,0,0,0,0,0,0,0,0,0,0,0,0,0,0,0,0,0,0,0,0,0,6,0,0,0,0,0,0,0,0,0,0,0,6,3,0,6,129
22,odawara_manazuru_yugawara_hakone,0,0,0,0,0,0,0,0,0,0,4,0,0,0,0,0,0,4,0,0,4,0,96,152,3,0,0,0,0,0,0,0,0,0,0,0,0,0,0,0,0,0,0,0,0,0,0,0,0,0,0,0,0,0,0,0,0,0,0,0,0,0,0,0,0,0,4,0,0,6,25,26,0,326
23,minami_ashigara_nakai_oi_matsuda_etc,0,0,0,0,0,0,0,0,0,0,0,0,0,0,0,0,0,0,0,0,3,3,0,0,0,3,0,0,0,0,0,0,0,0,0,0,0,0,0,0,0,0,0,0,0,0,0,0,0,0,0,0,0,0,0,0,0,0,0,0,0,0,0,0,0,0,0,0,0,9,3,0,3,25
24,atsugi_hadano_kiyokawa_isehara_etc,3,6,0,3,3,0,3,0,8,32,35,10,0,7,9,7,7,19,23,0,8,11,3,0,41,10,3,3,4,3,0,0,8,3,3,0,0,1,3,0,0,0,0,0,0,0,3,0,0,0,0,1,0,0,4,0,0,5,11,4,0,0,3,0,0,0,14,0,5,37,93,11,23,494
25,zama_yamato_ebina_ayase,3,13,1,0,1,3,9,3,18,15,10,24,17,6,3,14,12,21,17,5,106,18,0,0,30,79,13,3,5,3,3,0,6,0,3,0,0,1,0,1,2,0,0,0,0,0,0,0,0,0,0,0,0,0,3,6,6,0,16,9,1,0,0,0,0,0,7,3,0,3,71,0,33,628
26,saitama_city,0,0,0,0,0,9,0,0,0,0,0,0,0,0,0,0,0,0,0,0,7,0,0,0,0,0,90,25,29,40,0,3,31,36,10,0,0,3,0,0,0,4,0,0,0,0,0,7,0,0,0,0,0,0,0,3,0,11,0,4,0,0,0,0,3,0,0,0,3,15,14,0,3,350
27,kawaguchi_warabi_toda,0,0,0,21,9,3,9,0,0,0,0,3,0,0,3,3,0,0,4,0,0,0,0,0,3,0,3,36,11,3,0,0,11,3,0,0,0,0,0,0,3,0,0,0,0,0,3,0,0,0,0,0,0,0,0,0,3,0,4,0,0,0,0,0,0,0,6,0,0,0,3,0,0,149
28,asaka_wako_niiza_tokorozawa_etc,3,0,3,6,3,0,3,13,0,0,4,0,3,6,4,0,0,3,3,0,0,0,3,0,6,3,6,9,253,6,12,31,11,0,53,11,0,0,0,0,0,0,0,0,0,0,0,0,0,3,0,0,0,0,6,3,19,10,7,3,3,0,0,4,0,0,0,0,6,12,33,8,60,639
29,soka_kasukabe_misato_koshigaya_etc,0,0,0,0,0,0,0,0,0,6,3,3,0,0,0,3,0,0,3,0,0,0,0,0,0,3,0,0,3,119,0,0,8,0,0,0,0,0,0,0,3,0,0,0,0,0,5,0,0,0,0,0,0,0,0,0,10,3,6,3,0,0,0,5,0,0,10,5,0,11,18,0,3,235
30,hanno_hidaka_moroyama_ogose_etc,0,0,0,0,0,3,0,0,0,3,0,0,0,0,1,3,0,0,0,0,3,0,0,0,3,3,0,0,82,0,22,32,8,35,6,0,0,0,3,0,0,0,0,0,0,0,0,0,0,0,0,0,0,3,3,3,3,11,0,0,0,0,6,0,0,0,29,0,0,4,23,9,1,301
31,tsurugashima_sakado_kawajima_higashimatsuyama_etc,0,0,0,0,0,3,4,0,4,0,1,4,0,0,0,0,0,4,4,0,4,4,0,0,4,0,14,3,80,0,16,83,23,24,48,16,3,0,0,0,5,0,0,0,0,0,0,0,0,0,0,0,0,0,0,0,15,24,14,1,4,0,0,0,0,0,14,6,9,8,46,4,15,510
32,ageo_konosu_okegawa_kitamoto_etc,0,4,0,7,9,9,12,12,0,0,0,7,0,1,4,11,0,0,0,0,0,0,0,0,4,3,42,14,22,17,0,24,115,37,30,4,4,0,3,0,0,0,0,0,0,0,0,4,0,4,0,0,0,0,0,0,4,0,0,4,0,0,0,4,0,0,13,20,9,4,41,0,44,543
33,kuki_kazo_hanyu_gyoda_etc,1,0,0,1,0,0,2,0,12,0,4,0,0,0,0,3,0,1,3,0,9,1,0,0,0,1,13,11,58,15,0,7,18,128,49,0,0,1,2,0,8,0,0,1,0,0,1,4,15,0,0,2,0,0,5,1,7,14,2,5,0,0,0,0,0,0,18,6,4,7,44,6,31,522
34,kumagaya_fukaya_ogawa_yorii_etc,0,6,0,3,0,3,4,6,15,14,3,0,0,0,0,0,0,0,9,0,6,8,0,0,3,7,7,6,136,9,6,21,6,7,192,29,15,0,0,0,3,6,0,0,0,0,0,1,0,3,0,0,3,0,0,4,12,143,14,6,7,0,0,0,0,0,20,0,7,14,83,11,47,904
35,honjo_kamikawa_kamisato,0,0,0,0,0,0,0,0,0,0,3,0,0,0,0,0,0,0,0,0,0,3,0,0,0,0,0,0,11,0,0,3,0,0,3,3,0,0,0,0,0,0,0,0,0,0,0,0,0,0,0,0,0,0,0,0,10,0,3,0,0,0,0,0,0,0,4,0,0,7,7,0,0,57
36,chichibu_yokoze_minano_nagatoro_etc,0,0,0,0,0,0,0,0,0,0,0,0,0,0,0,0,0,0,0,0,0,0,0,0,0,0,0,0,0,0,0,0,0,0,11,0,14,0,0,0,0,0,0,0,0,0,0,0,0,0,0,0,0,0,0,0,0,0,0,0,4,0,0,0,0,0,0,0,0,0,0,0,3,33
37,chiba_city,0,0,0,0,0,0,0,0,0,0,0,0,0,0,0,0,0,1,0,0,0,0,0,0,0,0,0,0,1,0,0,0,0,0,0,0,0,3,13,29,0,40,11,10,10,29,3,0,0,0,0,0,0,0,0,1,0,1,4,0,0,0,0,1,0,0,3,1,1,0,3,0,2,170
38,ichikawa_urayasu_narashino_funabashi,0,0,0,3,0,0,10,0,0,0,0,0,0,0,0,0,0,3,0,1,0,1,0,0,0,0,0,0,0,0,0,0,0,0,0,0,0,0,45,7,0,6,0,0,0,0,0,0,0,0,0,3,0,0,0,0,0,0,0,0,0,0,0,0,0,0,0,0,0,0,0,0,3,82
39,matsudo_kamagaya_kashiwa_abiko,0,0,0,0,0,0,3,0,0,0,0,0,0,0,0,0,0,3,0,0,3,0,0,0,0,0,0,0,0,3,0,0,0,0,0,0,0,0,0,172,98,28,0,0,0,0,0,0,0,0,0,31,3,0,0,0,0,4,0,0,0,0,0,0,0,0,3,0,0,9,22,0,6,390
40,nagareyama_noda,3,6,0,0,0,0,3,7,0,0,0,0,0,0,0,0,0,0,0,0,0,3,0,0,0,0,0,7,7,0,0,3,0,0,0,0,0,7,7,0,10,0,0,0,0,0,0,0,0,0,0,6,0,0,3,0,6,15,0,0,0,0,0,0,0,0,0,0,0,0,6,0,0,99
41,yachiyo_sakura_narita_shiroi_etc,0,5,0,0,0,0,0,2,0,0,31,3,0,0,0,0,0,0,0,0,0,0,0,0,0,0,4,0,0,0,0,0,0,7,0,0,0,10,22,58,15,41,4,0,0,0,0,0,0,0,0,0,0,0,0,0,4,0,10,0,0,0,0,0,0,0,2,0,0,10,28,3,0,259
42,ichihara_city,0,3,0,0,0,0,0,0,0,0,0,0,0,0,0,24,0,80,0,0,0,0,0,0,0,32,0,0,0,0,0,0,0,0,0,0,0,0,0,0,0,0,2,2,3,0,5,0,0,0,0,0,0,0,0,0,0,0,0,0,0,0,0,0,0,0,3,0,0,0,9,0,0,163
43,kisarazu_sodegaura_kimitsu_futtsu,0,0,0,0,0,0,0,0,8,5,0,0,0,0,0,0,0,5,0,0,0,0,0,0,0,0,0,0,8,0,0,2,8,0,0,0,0,0,0,0,0,0,11,119,60,0,17,0,0,0,0,0,0,0,0,0,0,0,0,0,0,0,0,0,0,0,0,6,0,0,2,0,15,265
44,katsuura_otaki_tateyama_kamogawa_etc,0,0,0,0,0,0,0,0,0,0,0,0,0,0,0,0,0,0,4,0,0,0,0,0,0,0,0,0,14,0,0,0,0,0,3,0,0,0,5,0,0,3,0,0,12,0,0,0,0,0,0,0,0,0,0,0,0,0,18,0,0,0,0,0,0,0,0,0,0,0,3,0,0,63
45,choshi_asahi_sosa_katori_etc,0,0,0,0,0,0,0,0,0,0,0,0,0,0,0,0,0,0,0,0,0,0,0,0,0,0,0,0,0,0,0,0,0,0,0,0,0,0,9,4,3,3,0,0,0,117,18,0,0,0,0,0,0,9,3,0,0,0,0,3,0,0,0,0,0,0,3,0,0,0,0,0,19,193
46,togane_mobara_sanmu_oamishirasato_etc,3,0,3,9,0,0,31,0,0,0,0,3,3,0,0,0,0,0,0,0,0,0,0,0,0,3,0,0,0,0,0,0,0,0,0,0,0,15,9,8,4,15,7,19,49,4,103,0,0,0,0,0,0,0,0,0,0,0,0,0,0,0,0,0,0,0,15,22,0,0,3,0,84,416
47,tsuchiura_ishioka_omitama_kasumigaura_etc,0,0,0,0,0,0,0,0,0,0,0,0,0,9,30,37,0,8,0,0,11,0,0,0,9,0,3,0,11,3,0,4,7,3,11,0,0,0,0,3,2,0,0,0,0,0,0,6,21,0,4,15,0,0,88,0,25,0,3,2,0,0,0,0,0,0,10,12,4,3,22,0,287,656
48,koga_shimotsuma_yachiyo_goka_etc,0,0,0,0,0,0,0,0,3,3,0,0,0,0,0,3,0,3,0,0,3,7,0,0,3,9,13,0,11,4,0,0,0,10,4,0,0,0,0,4,0,0,0,0,0,0,0,23,61,0,0,0,0,0,3,0,7,7,10,20,4,0,3,0,0,0,18,4,3,6,22,11,64,345
49,tsukuba_city,0,0,0,0,0,0,0,0,0,0,0,0,0,0,0,0,0,0,0,0,0,0,0,0,0,0,0,0,0,0,0,0,0,0,0,0,0,0,0,0,0,0,0,0,0,0,0,0,0,0,0,0,0,0,0,0,0,0,0,0,0,0,0,0,0,0,0,0,0,0,0,0,192,192
50,joso_bando,0,0,0,0,0,0,0,0,0,0,0,0,0,0,0,0,0,0,0,0,0,0,0,0,0,0,0,0,0,0,0,0,0,0,3,0,0,0,0,0,0,0,0,0,0,0,0,0,4,0,0,3,0,0,0,0,0,0,3,0,0,0,0,0,0,0,4,0,0,0,11,4,0,31
51,ryugasaki_toride_ushiku_moriya_etc,0,0,0,0,0,0,0,0,0,0,0,0,0,0,0,7,0,0,0,0,0,0,0,0,0,0,0,0,3,7,0,0,3,6,0,0,0,0,0,0,3,0,0,0,0,0,0,0,0,0,0,792,0,0,3,0,0,0,3,6,0,0,0,0,0,0,0,0,0,0,0,0,3,837
52,inashiki_miho_kawachi,0,0,0,0,0,0,0,0,0,0,0,0,0,0,0,0,0,3,0,0,0,0,0,0,0,0,0,0,0,0,0,0,0,0,0,0,0,0,0,0,0,0,0,0,0,0,0,0,6,0,0,0,0,0,0,0,0,3,0,0,0,0,0,0,0,0,0,0,0,0,0,0,0,13
53,kashima_kamisu_namegata_itako,0,0,0,0,0,0,0,0,0,0,0,0,0,0,0,0,0,0,0,0,0,0,0,0,0,0,0,0,0,0,0,0,0,0,0,0,0,0,0,0,3,0,0,0,0,3,0,0,0,0,0,0,0,7,0,0,0,5,0,0,0,0,0,0,0,0,0,0,0,0,3,0,0,21
54,mito_hitachi_kasama_hitachinaka_etc,3,3,0,0,0,0,0,11,3,0,3,3,3,0,3,0,0,7,0,0,0,3,0,0,6,0,3,0,10,0,0,0,0,3,3,0,0,0,0,0,0,3,3,0,0,0,3,15,17,0,9,0,9,0,217,21,0,3,4,0,3,0,53,0,7,0,105,25,14,4,112,4,91,785
55,yuki_chikusei_sakuragawa,0,0,0,0,0,0,0,0,0,8,0,4,0,0,0,0,0,12,0,0,21,0,0,0,4,0,0,0,0,0,0,0,8,7,4,0,0,0,0,0,0,4,0,0,0,0,0,0,0,0,0,0,3,0,14,62,0,3,10,6,6,0,0,0,0,0,5,4,0,2,34,0,31,251
56,maebashi_takasaki_isesaki_shibukawa_etc,0,1,0,0,0,0,0,16,5,7,10,1,0,4,1,0,0,7,10,0,10,9,0,0,7,7,3,0,153,5,0,9,15,6,87,8,3,0,0,0,0,4,0,0,0,0,0,6,0,1,0,0,0,0,5,5,620,200,24,13,5,0,0,4,43,0,14,5,26,27,119,64,65,1635
57,kiryu_ota_tatebayashi_midori_etc,0,4,0,3,0,9,10,1,17,8,7,0,0,0,0,255,0,12,12,0,0,5,0,0,8,8,7,3,311,3,6,7,6,19,93,3,0,0,0,0,0,0,0,0,0,0,0,0,20,0,7,0,0,0,3,4,97,2088,20,3,79,0,0,0,0,0,14,3,10,13,87,3,194,3460
58,utsunomiya_kanuma_moka_kaminokawa_etc,14,1,1,4,0,0,0,1,0,0,3,0,0,0,7,14,0,12,17,0,1,11,0,0,2,11,0,0,32,3,0,0,0,0,16,0,0,0,0,0,0,3,0,0,0,0,0,3,0,0,0,0,0,0,0,4,20,0,248,57,49,0,0,15,0,0,5,4,0,38,95,0,11,703
59,tochigi_oyama_shimotsuke_nogi_etc,0,0,0,0,0,5,2,0,1,1,0,0,0,0,0,0,3,14,3,0,28,12,2,0,6,5,4,0,3,4,0,4,17,0,0,0,0,3,0,0,0,3,0,0,0,0,0,4,0,1,4,1,0,0,4,10,11,9,37,40,16,0,0,4,3,0,3,15,4,31,131,46,10,501
60,ashikaga_sano,0,0,0,0,0,0,0,0,0,3,0,1,0,0,3,0,0,4,0,0,6,0,0,0,0,3,0,6,4,0,3,0,1,6,4,0,0,0,0,0,0,4,0,0,0,0,0,1,3,0,0,0,0,0,0,1,20,109,1,11,50,0,0,3,0,0,9,0,1,18,16,0,72,366
61,tokyo_islands,0,0,0,0,0,0,0,0,0,0,0,0,0,0,0,0,0,0,0,0,0,0,0,0,0,0,0,0,0,0,0,0,0,0,0,0,0,0,0,0,0,0,0,0,0,0,0,0,0,0,0,0,0,0,0,0,0,0,0,0,0,0,0,0,0,0,0,0,0,0,0,0,0,0
62,ibaraki_north,0,0,0,0,0,0,0,0,6,0,0,0,0,0,0,0,0,0,0,0,3,0,0,0,0,0,0,0,0,0,0,0,4,0,4,0,0,0,0,0,0,0,0,0,0,0,0,0,0,0,0,0,0,0,3,0,1,0,0,0,0,0,0,0,0,0,0,0,0,0,0,0,0,21
63,tochigi_north,0,0,0,0,0,0,0,0,0,0,0,0,0,0,0,0,0,0,0,0,0,0,0,0,0,0,0,0,0,0,0,0,0,0,4,0,0,0,0,0,0,0,0,0,0,0,0,0,0,0,0,0,0,0,4,0,1,17,22,4,0,0,0,0,0,0,0,0,0,0,0,0,0,51
64,gunma_north,0,0,0,0,0,0,0,0,0,0,0,0,0,0,0,0,0,0,0,0,0,0,0,0,0,0,0,0,0,0,0,0,0,0,0,0,0,0,0,0,0,0,0,0,0,0,0,0,0,0,0,0,0,0,0,0,16,0,0,0,0,0,0,0,0,0,0,0,0,0,0,0,0,16
65,gunma_other_ueno_kanna_nanmoku,0,0,0,0,0,0,0,0,0,0,0,0,0,0,0,0,0,0,0,0,0,0,0,0,0,0,0,0,0,0,0,0,0,0,0,0,0,0,0,0,0,0,0,0,0,0,0,0,0,0,0,0,0,0,0,0,0,0,0,0,0,0,0,0,0,0,0,0,0,0,0,0,0,0
66,hokkaido_tohoku,0,0,0,0,0,5,0,0,0,0,0,556,3,0,0,10,5,3,0,0,57,3,4,0,14,7,14,0,23,16,25,3,0,15,7,0,0,0,0,0,6,2,0,0,4,3,6,0,14,0,6,0,0,0,0,5,21,97,47,0,4,0,0,0,0,0,0,0,0,0,0,0,0,988
67,hokuriku,0,0,0,0,0,0,0,0,0,0,0,3,0,0,7,0,0,0,0,0,0,0,4,0,1,0,0,0,4,6,3,0,7,0,9,3,0,0,0,0,0,3,0,0,0,3,0,0,4,0,0,0,0,0,0,0,15,13,6,0,0,0,0,0,0,0,0,0,0,0,0,0,0,90
68,yamanashi_nagano,0,0,0,0,0,0,0,0,12,5,0,0,17,0,0,0,0,6,0,0,1,0,0,3,5,0,0,0,9,0,12,0,0,0,0,6,0,0,0,0,3,0,0,0,0,0,0,0,0,0,0,0,0,0,10,0,21,66,3,0,0,0,0,0,0,0,0,0,0,0,0,0,0,180
69,shizuoka,0,0,0,4,0,0,0,0,3,0,4,41,4,0,0,0,4,0,0,0,83,3,8,0,18,1,0,0,4,7,4,1,4,0,3,8,0,0,0,37,15,0,0,0,0,0,160,0,0,0,0,0,0,0,0,2,19,71,21,3,0,0,0,0,0,0,0,0,0,0,0,0,0,533
70,chubu_west,0,0,0,11,0,14,69,18,15,105,0,696,50,3,10,3,30,8,0,0,40,6,51,0,31,37,13,0,19,16,13,21,22,26,29,0,0,4,0,61,3,6,0,9,0,12,36,11,20,0,19,0,0,0,14,28,93,162,48,1,1,0,0,0,0,0,0,0,0,0,0,0,0,1883
71,overseas,0,0,0,0,0,2,0,0,4,0,64,91,6,0,8,0,5,5,0,0,18,0,8,0,3,0,0,0,8,14,3,0,15,7,23,0,0,1,0,0,0,0,17,0,0,0,9,0,0,0,3,0,0,0,7,0,6,25,0,14,3,0,0,0,0,0,0,0,0,0,0,0,0,369
999,unknown,0,0,0,0,0,0,0,0,0,0,0,0,0,0,0,0,0,0,0,0,0,0,0,0,0,0,0,0,0,0,0,0,0,0,0,0,0,0,0,0,0,0,0,0,0,0,0,0,0,0,0,0,0,0,0,0,0,0,0,0,0,0,0,0,0,0,0,0,0,0,0,0,0,0
○precision_instruments,,,,,,,,,,,,,,,,,,,,,,,,,,,,,,,,,,,,,,,,,,,,,,,,,,,,,,,,,,,,,,,,,,,,,,,,,,,(unit: vehicles/day)
large_zone,region,tokyo_chiyoda_chuo_minato,tokyo_meguro_shinagawa_ota,tokyo_toshima_bunkyo_shinjuku_shibuya,tokyo_arakawa_taito_sumida_koto,tokyo_nakano_suginami_setagaya,tokyo_nerima_itabashi_kita,tokyo_adachi_katsushika_edogawa,chofu_nishitokyo_fuchu_musashino_etc,machida_tama_hachioji_inagi_etc,mizuho_fussa_hamura_akiruno_etc,yokohama_nishi_naka,yokohama_isogo_minami_kanazawa_konan,yokohama_hodogaya_totsuka_sakae_izumi_etc,yokohama_kohoku_tsuzuki_midori_aoba,yokohama_tsurumi_kanagawa,kawasaki_kawasaki_saiwai_nakahara,kawasaki_takatsu_miyamae_tama_asao,sagamihara_city,yokosuka_miura,kamakura_zushi_hayama,fujisawa_chigasaki_samukawa,hiratsuka_oiso_ninomiya,odawara_manazuru_yugawara_hakone,minami_ashigara_nakai_oi_matsuda_etc,atsugi_hadano_kiyokawa_isehara_etc,zama_yamato_ebina_ayase,saitama_city,kawaguchi_warabi_toda,asaka_wako_niiza_tokorozawa_etc,soka_kasukabe_misato_koshigaya_etc,hanno_hidaka_moroyama_ogose_etc,tsurugashima_sakado_kawajima_higashimatsuyama_etc,ageo_konosu_okegawa_kitamoto_etc,kuki_kazo_hanyu_gyoda_etc,kumagaya_fukaya_ogawa_yorii_etc,honjo_kamikawa_kamisato,chichibu_yokoze_minano_nagatoro_etc,chiba_city,ichikawa_urayasu_narashino_funabashi,matsudo_kamagaya_kashiwa_abiko,nagareyama_noda,yachiyo_sakura_narita_shiroi_etc,ichihara_city,kisarazu_sodegaura_kimitsu_futtsu,katsuura_otaki_tateyama_kamogawa_etc,choshi_asahi_sosa_katori_etc,togane_mobara_sanmu_oamishirasato_etc,tsuchiura_ishioka_omitama_kasumigaura_etc,koga_shimotsuma_yachiyo_goka_etc,tsukuba_city,joso_bando,ryugasaki_toride_ushiku_moriya_etc,inashiki_miho_kawachi,kashima_kamisu_namegata_itako,mito_hitachi_kasama_hitachinaka_etc,yuki_chikusei_sakuragawa,maebashi_takasaki_isesaki_shibukawa_etc,kiryu_ota_tatebayashi_midori_etc,utsunomiya_kanuma_moka_kaminokawa_etc,tochigi_oyama_shimotsuke_nogi_etc,ashikaga_sano,tokyo_islands,ibaraki_north,tochigi_north,gunma_north,gunma_other_ueno_kanna_nanmoku,hokkaido_tohoku,hokuriku,yamanashi_nagano,shizuoka,chubu_west,overseas,unknown,all_regions
0,tokyo_chiyoda_chuo_minato,8,38,72,74,2,0,0,4,5,0,0,0,2,0,2,2,3,2,0,0,2,0,0,0,7,0,0,0,5,3,0,2,4,0,0,0,0,0,0,0,0,0,0,0,0,2,0,0,0,5,0,0,0,2,3,0,36,0,3,0,0,0,0,2,0,0,39,3,2,9,67,2,6,417
1,tokyo_meguro_shinagawa_ota,31,71,16,9,3,10,9,14,0,0,0,3,3,18,9,15,3,3,0,0,3,3,0,0,3,3,3,3,3,3,0,6,2,0,0,0,0,3,4,0,0,0,0,7,0,3,0,3,0,7,0,0,0,3,3,0,10,3,3,3,3,0,0,3,0,0,35,3,29,21,75,3,57,533
2,tokyo_toshima_bunkyo_shinjuku_shibuya,38,18,331,217,0,141,4,40,0,35,0,0,0,0,35,0,35,0,0,4,0,0,0,0,0,0,3,3,0,0,0,0,0,0,0,0,0,0,6,35,0,71,0,39,0,0,0,0,0,4,0,35,0,0,3,0,0,0,3,0,35,0,0,0,0,0,75,3,4,15,90,8,22,1351
3,tokyo_arakawa_taito_sumida_koto,8,46,45,102,0,4,3,0,0,0,42,0,35,9,35,4,0,0,0,0,0,0,0,0,0,3,41,0,0,3,0,8,0,0,0,0,0,0,0,3,0,0,0,0,0,0,0,35,0,9,0,0,0,0,0,0,0,0,9,4,6,0,3,0,0,0,15,36,0,28,199,0,3,736
4,tokyo_nakano_suginami_setagaya,6,15,6,0,4,13,0,22,4,0,0,0,0,3,0,0,3,3,3,0,0,3,0,0,0,0,11,0,6,3,0,0,3,0,0,0,0,4,0,3,0,4,4,4,0,0,0,0,0,0,0,0,0,0,7,0,0,4,3,4,0,0,3,6,0,0,31,4,6,22,119,6,14,356
5,tokyo_nerima_itabashi_kita,3,19,4,11,4,4,7,0,3,0,3,0,0,3,0,0,0,0,0,0,0,0,0,0,0,0,3,6,17,0,0,0,4,0,0,0,0,0,0,3,0,3,0,0,0,4,0,0,0,0,0,0,0,0,0,0,0,4,8,0,0,0,0,0,0,0,6,4,0,3,36,0,12,173
6,tokyo_adachi_katsushika_edogawa,5,7,6,6,0,3,0,3,0,0,0,0,0,0,0,0,0,0,3,0,0,0,0,0,0,0,0,0,0,0,0,0,0,0,0,0,0,0,3,0,0,0,3,0,0,0,0,0,0,0,0,0,0,0,3,0,0,3,0,0,0,0,0,0,0,0,3,0,0,0,7,0,5,62
7,chofu_nishitokyo_fuchu_musashino_etc,22,24,12,3,0,4,0,73,32,42,0,0,0,3,4,0,3,3,0,0,0,6,0,3,6,0,3,9,7,4,0,0,0,0,0,0,0,3,0,4,0,0,0,0,0,0,0,0,0,0,0,0,0,0,0,0,0,0,9,0,0,0,0,0,0,0,44,25,26,18,153,0,61,608
8,machida_tama_hachioji_inagi_etc,7,10,4,3,8,0,4,23,52,8,0,8,0,3,7,0,0,17,0,0,0,0,0,0,0,4,3,6,0,0,0,0,0,0,0,3,0,0,5,4,0,8,0,1,0,0,0,3,0,0,0,0,0,0,1,0,10,4,4,0,3,0,0,7,0,0,34,17,23,13,41,13,71,428
9,mizuho_fussa_hamura_akiruno_etc,3,4,4,7,0,0,0,6,4,17,0,0,4,4,0,3,0,0,0,0,0,0,0,0,0,0,0,0,1,3,0,0,0,0,0,0,0,0,4,4,0,0,4,0,0,0,0,0,0,0,0,0,0,0,4,0,1,0,0,0,0,0,0,0,0,0,14,10,0,0,17,0,0,117
10,yokohama_nishi_naka,0,0,0,0,0,0,0,0,0,0,121,213,182,45,49,34,0,15,32,15,61,0,15,0,0,15,0,0,0,2,0,0,0,0,0,0,0,0,0,0,0,0,0,0,0,0,0,0,0,0,0,0,0,0,0,0,0,0,0,0,0,0,0,0,0,0,0,0,3,0,3,0,2,808
11,yokohama_isogo_minami_kanazawa_konan,0,0,0,0,0,0,0,0,0,0,0,0,0,0,0,3,0,0,0,0,0,0,0,0,0,0,0,0,0,0,0,0,0,0,0,0,0,0,0,0,0,0,0,0,0,0,0,0,0,3,0,0,0,0,0,0,0,0,0,0,0,0,0,0,0,0,0,0,0,0,0,17,10,33
12,yokohama_hodogaya_totsuka_sakae_izumi_etc,0,7,0,0,3,3,0,3,0,0,4,13,12,7,0,3,0,10,3,0,6,6,0,0,0,0,0,0,0,0,0,0,0,0,0,0,0,0,0,0,0,0,0,3,0,0,3,0,0,0,0,0,0,0,0,0,0,0,0,0,0,0,0,0,0,0,17,3,3,11,4,8,22,156
13,yokohama_kohoku_tsuzuki_midori_aoba,18,3,0,3,0,1,0,0,11,0,15,4,61,80,0,8,27,19,15,0,15,3,15,0,0,19,3,4,0,0,0,0,0,0,0,0,0,0,0,0,0,3,0,0,0,0,0,0,0,0,0,0,0,0,0,0,0,0,0,0,0,0,0,3,0,0,16,8,7,15,25,6,10,419
14,yokohama_tsurumi_kanagawa,23,35,26,13,10,7,0,6,16,0,24,0,0,3,15,16,13,0,3,0,0,3,0,0,6,0,16,0,0,10,0,0,0,0,0,0,0,10,0,3,0,19,0,0,0,0,2,0,0,6,0,0,0,0,3,0,3,0,10,3,0,0,0,0,0,0,42,42,10,16,139,6,39,599
15,kawasaki_kawasaki_saiwai_nakahara,4,14,0,4,12,4,0,3,4,4,0,0,4,7,4,10,11,0,0,0,0,4,0,0,12,4,0,0,4,4,0,3,0,0,0,0,0,0,0,0,0,4,0,0,0,4,0,0,0,0,0,0,0,0,0,0,0,0,0,0,3,0,0,5,0,0,7,11,4,8,33,0,48,240
16,kawasaki_takatsu_miyamae_tama_asao,0,0,0,0,6,0,0,0,6,0,0,0,0,0,3,0,4,7,0,0,0,0,0,0,0,0,0,0,3,0,0,0,0,0,0,0,0,0,3,0,0,0,4,0,0,0,0,0,0,0,0,0,0,0,0,0,0,0,0,0,0,0,0,0,0,0,8,0,0,0,12,0,8,63
17,sagamihara_city,3,12,26,12,0,3,0,14,30,3,0,0,3,13,6,0,9,43,4,3,10,0,9,0,12,15,0,0,0,3,0,0,0,0,0,0,0,0,0,0,0,3,4,0,0,0,0,0,0,3,4,0,0,0,0,0,4,0,0,3,0,0,0,0,0,0,7,0,6,5,36,6,9,324
18,yokosuka_miura,0,0,0,0,0,0,0,0,0,0,0,0,0,0,0,0,0,0,0,0,0,0,0,0,0,0,0,0,0,0,0,0,0,0,0,0,0,0,0,0,0,0,0,0,0,0,0,0,0,0,0,0,0,0,0,0,0,0,0,0,0,0,0,0,0,0,0,0,0,0,0,0,0,0
19,kamakura_zushi_hayama,7,0,0,0,0,0,0,0,3,0,0,0,0,0,0,0,0,0,0,0,0,0,0,0,0,0,0,0,0,0,0,0,0,0,0,0,0,0,0,0,0,0,0,0,0,0,0,0,0,0,0,0,0,0,0,0,0,0,0,0,0,0,0,0,0,0,0,0,0,0,7,0,3,20
20,fujisawa_chigasaki_samukawa,0,0,0,0,0,0,0,0,0,0,11,0,0,11,0,0,0,0,0,0,0,0,0,11,0,11,0,0,0,11,0,0,11,0,0,0,0,0,0,11,0,0,11,11,0,0,0,0,0,11,0,0,0,11,0,0,11,11,0,0,11,0,0,0,0,0,0,43,0,11,334,0,0,538
21,hiratsuka_oiso_ninomiya,0,0,0,0,0,0,0,0,0,0,0,0,0,0,0,0,0,0,0,0,0,6,0,0,0,0,0,0,0,0,0,0,0,0,0,0,0,0,0,0,0,0,0,0,0,0,0,0,0,0,0,0,0,0,0,0,0,0,3,0,0,0,0,0,0,0,0,0,0,0,0,0,0,9
22,odawara_manazuru_yugawara_hakone,3,0,0,10,0,0,0,0,2,0,0,0,0,0,0,0,0,0,0,0,12,12,37,12,35,0,0,0,0,0,0,0,0,0,0,0,0,0,0,0,0,0,0,0,0,0,0,0,0,0,0,0,12,0,0,0,0,0,0,0,0,0,0,0,0,0,0,0,0,0,12,0,23,168
23,minami_ashigara_nakai_oi_matsuda_etc,0,3,0,0,0,0,0,0,0,0,0,0,0,0,0,0,0,0,0,0,0,0,0,0,0,0,0,0,0,0,0,0,0,0,0,0,0,0,0,0,0,0,0,0,0,0,0,0,0,0,0,0,0,0,0,0,0,0,0,0,0,0,0,0,0,0,0,0,0,0,3,0,0,6
24,atsugi_hadano_kiyokawa_isehara_etc,12,6,4,8,0,4,6,0,4,0,8,0,11,26,6,6,0,64,3,3,15,3,27,0,66,13,7,3,0,0,0,0,0,6,4,0,0,0,4,0,3,3,0,0,0,0,0,3,0,0,6,3,0,0,0,0,0,0,10,4,0,0,4,3,0,0,25,14,4,4,71,0,19,498
25,zama_yamato_ebina_ayase,8,8,4,8,0,4,8,4,0,0,4,7,4,0,0,8,0,3,0,0,0,0,3,0,14,3,0,0,0,7,0,10,0,0,0,0,0,0,0,0,0,0,0,0,0,0,0,0,0,0,0,0,0,0,0,0,0,0,0,0,0,0,0,0,0,0,35,0,0,4,57,23,39,269
26,saitama_city,3,8,4,14,0,3,3,8,3,0,0,0,5,0,0,0,0,3,0,0,8,0,0,0,0,0,85,24,32,20,13,7,17,0,21,0,0,14,0,0,7,7,0,0,0,0,0,7,0,0,0,0,0,0,7,0,14,0,22,0,0,0,0,0,0,0,21,14,23,20,44,0,76,556
27,kawaguchi_warabi_toda,0,0,0,0,0,3,0,0,0,0,0,0,0,0,0,0,0,0,0,0,3,0,0,0,0,0,0,5,0,0,0,0,0,3,0,0,0,0,0,3,0,0,0,0,0,0,0,0,0,0,0,0,0,0,0,0,0,0,0,0,0,0,0,0,0,0,0,3,3,0,9,6,0,40
28,asaka_wako_niiza_tokorozawa_etc,0,13,7,3,0,9,3,40,7,6,0,0,0,0,0,0,7,3,0,0,0,3,0,0,0,0,72,12,136,6,3,6,46,18,0,0,4,0,0,3,0,3,0,0,0,0,7,0,0,3,0,0,0,0,3,0,0,12,0,0,3,0,0,0,0,0,10,11,20,0,73,4,42,602
29,soka_kasukabe_misato_koshigaya_etc,20,13,18,9,1,1,8,16,0,0,0,1,0,13,4,0,0,15,0,12,1,3,0,0,1,0,33,3,1,79,0,6,0,0,1,0,0,12,1,1,3,0,0,0,1,0,0,0,0,4,0,0,0,0,3,0,0,0,0,0,3,0,0,3,0,0,26,6,3,18,111,0,17,477
30,hanno_hidaka_moroyama_ogose_etc,0,0,0,0,0,3,0,0,0,3,0,0,0,0,0,0,0,0,0,0,0,0,0,0,0,0,0,0,3,0,10,0,0,0,0,0,0,0,0,0,0,0,0,0,0,0,0,0,0,0,0,0,0,0,0,0,0,0,0,0,0,0,0,0,0,0,3,0,0,0,3,0,0,27
31,tsurugashima_sakado_kawajima_higashimatsuyama_etc,0,0,3,0,3,6,4,0,0,0,0,0,3,0,0,0,0,3,0,0,3,0,0,4,0,0,67,12,98,16,35,0,38,65,14,0,0,0,0,4,0,0,0,0,0,0,0,0,0,0,0,0,0,0,3,0,0,0,0,0,4,0,4,3,0,0,19,4,9,3,6,0,38,470
32,ageo_konosu_okegawa_kitamoto_etc,17,0,0,7,0,4,3,0,3,0,0,4,0,0,0,0,0,4,0,0,0,0,0,0,0,0,3,0,21,0,7,7,16,0,3,0,0,0,0,0,0,0,0,0,0,0,0,0,0,0,0,0,0,0,4,0,0,0,0,0,0,0,0,0,0,0,0,4,11,7,64,0,0,189
33,kuki_kazo_hanyu_gyoda_etc,6,3,16,0,3,6,0,0,3,0,3,0,3,3,0,3,3,0,0,0,3,0,0,0,0,0,3,9,3,3,0,3,3,6,0,0,3,3,3,3,0,0,0,0,0,0,0,0,0,3,0,0,0,0,3,0,6,3,6,9,0,0,0,0,0,0,15,12,12,10,64,6,10,258
34,kumagaya_fukaya_ogawa_yorii_etc,0,0,6,0,0,3,0,5,3,5,0,3,0,0,0,0,3,0,0,0,0,0,0,0,0,0,0,7,10,0,0,6,7,10,34,0,3,3,0,0,0,0,0,0,0,0,0,3,0,0,0,0,0,0,0,3,3,3,5,0,0,0,0,3,0,0,12,0,11,0,3,3,6,162
35,honjo_kamikawa_kamisato,4,0,0,0,3,0,0,0,0,0,0,0,0,0,0,0,0,0,0,0,0,0,0,0,0,0,0,0,0,0,3,4,3,0,0,0,0,0,0,0,0,4,0,0,0,0,0,0,0,0,0,0,0,0,0,0,3,0,0,0,0,0,0,0,0,0,3,0,0,0,0,0,0,28
36,chichibu_yokoze_minano_nagatoro_etc,0,0,0,0,0,0,0,0,0,0,0,0,0,0,0,0,0,0,0,0,0,0,0,0,0,0,0,0,0,0,0,0,0,0,3,4,0,0,0,0,0,0,0,0,0,0,0,0,0,3,0,0,0,0,0,0,0,0,0,0,0,0,0,0,0,0,0,0,0,0,0,0,0,10
37,chiba_city,2,4,10,0,0,0,0,0,0,0,4,0,0,0,0,0,0,0,0,0,0,0,0,0,0,0,0,0,0,0,0,0,0,0,0,0,0,110,20,10,0,10,10,0,0,0,20,0,0,0,0,0,0,0,0,0,0,0,0,0,0,0,0,0,0,0,1,0,0,1,7,0,172,381
38,ichikawa_urayasu_narashino_funabashi,0,0,10,0,0,0,0,0,0,0,0,0,0,0,0,0,0,10,0,0,0,0,0,0,0,25,0,0,10,0,0,0,0,0,0,0,0,21,0,0,0,0,0,0,0,0,0,0,0,0,0,0,0,0,0,0,25,0,0,0,0,0,0,0,0,0,25,10,0,0,56,0,38,230
39,matsudo_kamagaya_kashiwa_abiko,0,3,0,3,0,0,0,0,3,0,0,0,0,0,10,0,0,0,0,0,0,0,0,0,0,0,0,0,0,0,0,0,0,0,0,0,0,0,0,3,0,10,3,0,0,0,0,0,0,3,0,0,0,0,0,0,0,0,0,3,0,0,0,3,0,0,20,0,10,3,0,0,7,86
40,nagareyama_noda,0,0,0,0,0,0,0,0,0,0,0,0,0,0,0,0,0,0,0,0,0,0,0,0,0,0,0,0,0,0,0,0,0,0,0,0,0,0,12,61,27,12,0,0,0,0,0,0,0,0,0,0,0,0,0,0,0,0,0,0,0,0,0,0,0,0,0,0,0,0,0,0,37,150
41,yachiyo_sakura_narita_shiroi_etc,0,0,0,0,0,0,0,4,0,0,0,0,0,21,0,0,0,3,0,0,0,0,0,0,0,0,0,0,0,0,0,3,0,0,0,0,0,0,0,13,10,36,0,0,0,0,0,0,0,0,0,0,0,0,0,0,0,0,0,0,0,0,0,0,0,0,0,10,4,0,51,0,3,158
42,ichihara_city,0,0,0,0,0,0,0,3,0,3,0,0,0,0,0,0,0,0,0,0,2,0,0,0,0,0,0,0,0,0,0,0,0,0,0,0,0,3,0,0,0,0,5,3,0,0,0,0,0,0,0,0,0,0,0,0,0,0,0,0,0,0,0,0,0,0,0,0,3,0,0,0,0,20
43,kisarazu_sodegaura_kimitsu_futtsu,0,0,0,0,0,2,0,0,0,3,0,0,0,0,0,0,0,0,0,0,0,0,0,0,0,0,0,3,0,0,0,0,0,0,0,0,0,0,0,0,0,0,0,34,0,0,0,0,0,0,0,0,0,0,0,0,0,0,0,0,0,0,0,0,0,0,0,0,3,0,8,0,15,68
44,katsuura_otaki_tateyama_kamogawa_etc,0,0,0,0,0,0,0,0,0,0,0,0,0,0,0,0,0,0,0,0,0,0,0,0,0,0,0,0,0,4,0,0,0,0,0,0,0,0,4,0,0,0,0,0,0,0,0,0,0,0,0,0,0,0,0,0,0,0,0,0,0,0,0,0,0,0,0,0,0,4,4,0,7,22
45,choshi_asahi_sosa_katori_etc,0,0,0,3,3,0,3,0,0,0,0,0,0,0,0,0,0,0,0,0,0,0,0,0,0,0,0,0,0,0,0,0,0,0,0,0,0,3,0,0,0,0,0,0,0,0,0,0,0,0,0,0,0,0,0,0,0,0,0,0,0,0,0,0,0,0,10,3,0,3,16,0,6,51
46,togane_mobara_sanmu_oamishirasato_etc,0,0,0,0,0,0,0,0,0,0,0,0,0,0,0,0,0,0,0,0,0,0,0,0,0,0,0,0,0,0,0,0,0,0,0,0,0,0,0,0,0,36,0,0,0,0,7,0,0,0,0,0,0,0,0,0,0,0,0,0,0,0,0,0,0,0,0,0,0,0,0,0,0,43
47,tsuchiura_ishioka_omitama_kasumigaura_etc,0,11,0,3,0,0,0,0,0,0,0,0,0,0,0,0,0,0,0,0,0,0,0,0,0,0,0,0,11,0,0,0,0,0,0,0,0,0,3,0,0,0,0,0,0,0,0,10,0,9,0,9,0,0,0,0,0,0,0,0,0,0,0,0,0,0,0,0,0,0,11,0,0,67
48,koga_shimotsuma_yachiyo_goka_etc,0,0,0,0,0,0,0,0,0,0,0,0,0,0,0,0,0,0,0,0,0,0,0,0,0,0,0,0,0,3,0,0,3,0,0,0,0,0,0,0,0,0,0,0,0,0,0,0,10,0,0,0,0,0,0,0,0,0,3,0,0,0,0,0,0,0,0,0,0,0,7,0,0,26
49,tsukuba_city,0,0,0,0,0,0,0,11,0,0,0,0,0,0,0,11,0,0,0,0,0,0,0,0,11,0,0,0,0,0,0,0,0,0,0,0,0,0,0,0,0,0,0,0,0,0,0,11,0,108,1,39,0,0,0,0,0,0,0,0,0,0,0,0,0,0,6,0,0,0,4,1,0,202
50,joso_bando,0,0,0,0,0,3,3,0,0,0,0,0,0,0,0,0,0,0,0,0,0,0,3,0,0,0,3,0,0,0,0,0,0,0,0,0,0,0,2,0,0,0,0,0,0,0,0,3,0,3,0,0,0,0,0,0,0,0,0,0,0,0,0,0,3,0,3,0,3,0,0,0,0,31
51,ryugasaki_toride_ushiku_moriya_etc,3,6,0,6,0,0,3,6,3,0,0,0,9,10,0,13,0,6,0,0,3,3,0,3,3,40,3,6,12,16,3,6,9,6,0,0,0,3,3,3,3,19,0,0,3,0,0,3,3,0,3,7,0,0,13,3,6,6,9,3,0,0,0,0,0,0,22,12,10,3,100,0,6,424
52,inashiki_miho_kawachi,0,0,0,0,0,0,0,0,0,0,0,0,0,0,0,0,0,0,0,0,0,0,0,0,0,0,0,0,0,0,0,0,0,0,0,0,0,0,0,0,0,0,0,0,0,0,0,0,3,0,3,0,0,0,0,0,0,0,0,0,0,0,0,0,0,0,0,0,0,0,3,3,6,19
53,kashima_kamisu_namegata_itako,0,0,0,0,0,0,0,0,0,0,0,0,0,0,0,0,0,0,0,0,0,0,0,0,0,0,0,0,0,0,0,0,0,0,0,0,0,0,0,0,0,0,0,0,0,0,0,0,0,0,0,0,0,0,0,0,0,0,0,0,0,0,0,0,0,0,0,0,0,0,0,0,0,0
54,mito_hitachi_kasama_hitachinaka_etc,15,33,49,0,0,0,0,26,0,0,0,0,0,7,4,7,0,0,0,0,0,0,0,0,0,0,9,4,0,0,0,0,0,0,0,0,0,4,0,0,0,0,4,0,0,0,0,70,0,49,9,35,0,0,317,49,0,0,35,14,0,0,28,48,0,0,39,7,17,3,26,18,5,927
55,yuki_chikusei_sakuragawa,0,7,0,0,0,0,4,0,4,0,3,0,0,0,3,0,0,3,6,0,3,3,0,0,0,0,0,0,0,0,0,0,0,0,0,0,0,0,0,0,0,0,0,0,0,0,0,0,3,0,0,0,0,0,0,7,6,0,3,0,0,0,0,11,0,0,31,3,8,3,37,0,88,234
56,maebashi_takasaki_isesaki_shibukawa_etc,0,1,0,1,0,0,6,2,1,0,0,0,1,0,0,1,0,2,0,0,1,1,0,0,1,3,1,2,1,7,0,2,2,0,5,0,0,1,2,1,0,4,0,0,0,0,0,1,1,0,0,0,0,0,2,0,265,61,1,1,0,0,0,0,24,0,0,5,0,0,29,10,23,475
57,kiryu_ota_tatebayashi_midori_etc,5,0,0,0,0,0,3,0,0,1,0,0,0,0,0,1,0,1,0,0,1,0,0,0,0,1,7,0,0,5,0,1,2,0,0,0,0,0,0,0,0,0,0,0,0,0,0,0,0,0,0,1,0,0,0,0,0,34,0,3,1,0,0,0,0,0,16,4,4,0,29,2,7,131
58,utsunomiya_kanuma_moka_kaminokawa_etc,0,3,0,3,0,0,0,5,0,0,2,0,0,0,5,0,0,0,0,0,0,0,2,0,0,0,2,2,6,0,0,2,5,2,2,0,0,0,0,0,0,0,0,0,0,0,0,0,0,0,0,0,0,0,2,2,0,0,24,3,0,0,0,4,0,0,3,4,3,6,34,0,245,375
59,tochigi_oyama_shimotsuke_nogi_etc,0,0,0,0,0,0,0,0,0,0,0,0,0,0,0,0,0,0,0,0,0,0,0,0,2,0,0,0,0,0,0,0,0,0,0,0,0,4,0,0,0,0,0,0,0,0,0,0,0,0,0,0,0,0,0,3,0,2,6,14,0,0,0,6,0,0,2,3,7,7,8,24,7,93
60,ashikaga_sano,0,0,0,0,0,4,0,0,0,0,0,0,0,0,0,0,0,0,0,0,0,0,0,0,0,0,0,0,0,0,4,0,0,0,0,0,0,0,0,0,0,0,0,0,0,0,0,0,0,0,0,0,0,0,0,0,3,3,0,0,3,0,0,0,0,0,0,0,0,3,4,5,0,29
61,tokyo_islands,0,0,0,0,0,0,0,0,0,0,0,0,0,0,0,0,0,0,0,0,0,0,0,0,0,0,0,0,0,0,0,0,0,0,0,0,0,0,0,0,0,0,0,0,0,0,0,0,0,0,0,0,0,0,0,0,0,0,0,0,0,0,0,0,0,0,0,0,0,0,0,0,0,0
62,ibaraki_north,0,0,0,0,0,0,0,0,0,0,0,0,0,0,0,0,0,0,0,0,0,0,0,0,0,0,0,0,0,0,0,0,0,0,0,0,0,0,0,0,0,0,0,0,0,0,0,0,0,0,0,0,0,0,0,0,0,0,0,0,0,0,0,0,0,0,0,0,0,0,0,0,0,0
63,tochigi_north,0,0,3,0,0,0,0,0,7,0,0,0,0,0,0,5,0,0,0,0,0,0,0,0,0,0,3,0,0,0,0,3,0,0,0,0,0,0,0,0,0,0,0,0,0,0,0,0,0,0,0,0,0,0,0,4,0,0,2,0,0,0,0,0,0,0,0,0,0,0,0,0,0,28
64,gunma_north,0,0,0,0,0,0,0,0,0,0,0,0,0,0,0,0,0,0,0,0,0,0,0,0,0,0,0,0,0,0,0,0,0,0,0,0,0,0,0,0,0,0,0,0,0,0,0,0,0,0,0,0,0,0,0,0,0,0,0,0,0,0,0,0,0,0,0,0,0,0,0,0,0,0
65,gunma_other_ueno_kanna_nanmoku,0,0,0,0,0,0,0,0,0,0,0,0,0,0,0,0,0,0,0,0,0,0,0,0,0,0,0,0,0,0,0,0,0,0,0,0,0,0,0,0,0,0,0,0,0,0,0,0,0,0,0,0,0,0,0,0,0,0,0,0,0,0,0,0,0,0,0,0,0,0,0,0,0,0
66,hokkaido_tohoku,0,10,16,5,12,0,3,7,5,1,0,8,10,4,0,3,0,0,0,0,12,0,0,0,0,9,41,0,31,3,3,3,11,3,0,0,0,0,4,17,0,10,0,0,0,0,36,0,0,11,0,3,0,0,13,7,0,0,2,0,0,0,0,0,0,0,0,0,0,0,0,0,0,304
67,hokuriku,0,3,0,0,0,0,0,4,0,0,15,3,3,0,0,7,0,0,0,0,0,3,0,0,3,0,7,0,0,0,0,4,0,3,0,3,0,0,0,0,0,10,0,0,0,0,0,0,0,0,0,0,0,0,3,0,0,3,2,3,0,0,0,0,0,0,0,0,0,0,0,0,0,79
68,yamanashi_nagano,5,13,9,4,3,3,0,3,13,0,3,0,3,3,3,4,0,3,0,0,0,3,0,0,3,0,7,0,3,0,0,0,4,3,0,0,0,0,0,0,0,4,3,3,0,0,0,0,0,11,0,3,0,0,0,0,0,0,0,4,0,0,0,0,0,0,0,0,0,0,0,0,0,121
69,shizuoka,2,15,8,0,0,0,0,0,3,0,32,0,10,0,2,4,0,9,0,0,0,0,0,0,0,0,0,3,0,3,0,0,0,3,0,0,0,0,0,0,0,0,0,0,0,3,0,0,0,0,0,0,0,0,0,0,0,0,0,4,0,0,0,0,0,0,0,0,0,0,0,0,0,100
70,chubu_west,52,5,42,30,18,0,7,19,3,4,78,3,3,27,0,19,4,37,0,0,0,0,0,0,6,0,46,0,21,24,0,0,0,9,0,0,0,20,185,0,0,24,2,0,0,0,0,11,0,21,0,19,0,0,0,4,0,0,8,8,0,0,0,0,0,0,0,0,0,0,0,0,0,758
71,overseas,9,8,7,19,11,0,0,4,5,15,5,6,0,3,3,8,0,6,0,0,0,0,0,3,0,13,20,0,40,6,0,4,0,3,0,3,4,0,6,0,0,0,0,0,0,0,0,0,0,0,0,3,0,0,0,0,5,4,0,18,0,0,0,0,0,0,0,0,0,0,0,0,0,240
999,unknown,0,0,0,0,0,0,0,0,0,0,0,0,0,0,0,0,0,0,0,0,0,0,0,0,0,0,0,0,0,0,0,0,0,0,0,0,0,0,0,0,0,0,0,0,0,0,0,0,0,0,0,0,0,0,0,0,0,0,0,0,0,0,0,0,0,0,0,0,0,0,0,0,0,0
○ceramic_products,,,,,,,,,,,,,,,,,,,,,,,,,,,,,,,,,,,,,,,,,,,,,,,,,,,,,,,,,,,,,,,,,,,,,,,,,,,(unit: vehicles/day)
large_zone,region,tokyo_chiyoda_chuo_minato,tokyo_meguro_shinagawa_ota,tokyo_toshima_bunkyo_shinjuku_shibuya,tokyo_arakawa_taito_sumida_koto,tokyo_nakano_suginami_setagaya,tokyo_nerima_itabashi_kita,tokyo_adachi_katsushika_edogawa,chofu_nishitokyo_fuchu_musashino_etc,machida_tama_hachioji_inagi_etc,mizuho_fussa_hamura_akiruno_etc,yokohama_nishi_naka,yokohama_isogo_minami_kanazawa_konan,yokohama_hodogaya_totsuka_sakae_izumi_etc,yokohama_kohoku_tsuzuki_midori_aoba,yokohama_tsurumi_kanagawa,kawasaki_kawasaki_saiwai_nakahara,kawasaki_takatsu_miyamae_tama_asao,sagamihara_city,yokosuka_miura,kamakura_zushi_hayama,fujisawa_chigasaki_samukawa,hiratsuka_oiso_ninomiya,odawara_manazuru_yugawara_hakone,minami_ashigara_nakai_oi_matsuda_etc,atsugi_hadano_kiyokawa_isehara_etc,zama_yamato_ebina_ayase,saitama_city,kawaguchi_warabi_toda,asaka_wako_niiza_tokorozawa_etc,soka_kasukabe_misato_koshigaya_etc,hanno_hidaka_moroyama_ogose_etc,tsurugashima_sakado_kawajima_higashimatsuyama_etc,ageo_konosu_okegawa_kitamoto_etc,kuki_kazo_hanyu_gyoda_etc,kumagaya_fukaya_ogawa_yorii_etc,honjo_kamikawa_kamisato,chichibu_yokoze_minano_nagatoro_etc,chiba_city,ichikawa_urayasu_narashino_funabashi,matsudo_kamagaya_kashiwa_abiko,nagareyama_noda,yachiyo_sakura_narita_shiroi_etc,ichihara_city,kisarazu_sodegaura_kimitsu_futtsu,katsuura_otaki_tateyama_kamogawa_etc,choshi_asahi_sosa_katori_etc,togane_mobara_sanmu_oamishirasato_etc,tsuchiura_ishioka_omitama_kasumigaura_etc,koga_shimotsuma_yachiyo_goka_etc,tsukuba_city,joso_bando,ryugasaki_toride_ushiku_moriya_etc,inashiki_miho_kawachi,kashima_kamisu_namegata_itako,mito_hitachi_kasama_hitachinaka_etc,yuki_chikusei_sakuragawa,maebashi_takasaki_isesaki_shibukawa_etc,kiryu_ota_tatebayashi_midori_etc,utsunomiya_kanuma_moka_kaminokawa_etc,tochigi_oyama_shimotsuke_nogi_etc,ashikaga_sano,tokyo_islands,ibaraki_north,tochigi_north,gunma_north,gunma_other_ueno_kanna_nanmoku,hokkaido_tohoku,hokuriku,yamanashi_nagano,shizuoka,chubu_west,overseas,unknown,all_regions
0,tokyo_chiyoda_chuo_minato,1150,4,410,137,0,0,0,0,0,0,0,0,3,0,0,0,0,0,0,0,0,0,0,0,0,0,0,0,0,0,0,0,0,0,0,0,0,0,0,3,0,0,0,0,0,0,0,0,0,0,0,0,0,0,0,0,0,0,0,0,0,0,0,0,0,0,3,0,0,0,10,0,7,1727
1,tokyo_meguro_shinagawa_ota,96,249,3,0,0,3,0,6,0,0,0,0,6,0,3,0,3,3,0,0,3,0,0,0,3,0,3,0,0,0,0,0,4,0,0,0,0,0,0,0,0,0,0,0,0,3,0,0,0,0,0,0,0,0,0,0,0,0,3,0,0,0,0,0,0,0,13,0,7,3,6,0,956,1378
2,tokyo_toshima_bunkyo_shinjuku_shibuya,3,6,0,0,0,0,0,3,0,0,0,0,0,0,0,3,0,0,3,0,0,0,0,0,0,0,0,0,0,0,0,0,0,0,0,0,0,0,0,0,0,0,0,0,0,0,3,0,3,0,0,0,0,0,0,0,0,0,0,0,0,0,0,0,0,0,0,0,0,0,0,0,0,23
3,tokyo_arakawa_taito_sumida_koto,1069,31,81,1608,3,0,64,0,0,0,0,0,0,0,0,3,0,0,0,0,0,0,0,0,0,0,0,0,0,0,0,0,0,3,0,0,0,7,54,0,0,0,0,3,0,0,0,0,0,0,0,0,0,0,0,0,0,0,0,0,17,0,0,0,0,0,0,0,0,0,12,0,123,3077
4,tokyo_nakano_suginami_setagaya,0,0,69,0,451,0,0,294,0,0,0,0,0,0,0,0,0,0,0,0,0,0,0,0,0,0,0,0,0,0,0,0,0,0,0,0,0,0,0,0,0,0,0,0,0,0,0,0,0,0,0,0,0,0,0,0,0,0,0,0,0,0,0,0,0,0,0,0,0,0,0,0,0,814
5,tokyo_nerima_itabashi_kita,6,6,0,3,131,388,0,15,3,3,3,3,0,0,0,0,0,3,0,0,0,0,0,0,0,0,3,0,47,0,0,0,0,0,0,0,0,0,0,47,0,0,0,0,0,0,0,0,0,0,0,0,0,0,0,0,0,0,0,0,0,0,0,0,0,0,50,3,3,0,15,9,3,744
6,tokyo_adachi_katsushika_edogawa,340,44,932,1638,84,423,669,51,29,7,7,7,18,11,18,22,4,7,7,0,7,0,0,0,4,0,36,18,18,22,0,0,4,0,0,0,0,4,25,7,7,0,0,0,0,0,0,0,0,4,0,0,0,0,0,0,4,0,4,0,0,0,0,0,0,0,14,0,0,4,44,0,6,4551
7,chofu_nishitokyo_fuchu_musashino_etc,7,6,0,6,28,31,7,1196,299,21,0,0,3,3,3,0,3,6,0,3,0,0,0,0,0,3,2,3,31,3,0,0,0,0,0,0,0,3,0,0,0,0,0,0,0,0,0,0,0,0,0,0,0,0,0,0,0,0,2,0,0,0,3,0,0,0,17,0,2,0,7,2,0,1702
8,machida_tama_hachioji_inagi_etc,0,3,0,0,0,0,0,47,583,7,0,0,0,3,0,6,0,11,0,0,3,0,0,0,0,0,0,0,0,0,0,0,0,0,0,0,0,0,0,3,0,6,0,0,0,0,0,0,0,0,0,0,0,0,3,0,0,0,3,0,0,0,0,0,0,0,3,0,0,0,26,0,0,705
9,mizuho_fussa_hamura_akiruno_etc,0,0,0,0,0,27,3,10,0,11,0,0,10,0,0,0,0,0,0,0,7,0,0,0,0,0,0,0,14,14,0,0,14,0,0,0,0,0,7,0,0,7,0,0,0,0,3,0,0,0,0,0,0,0,0,0,0,0,0,0,0,0,0,0,6,0,0,0,0,10,0,0,10,153
10,yokohama_nishi_naka,8,11,4,11,0,0,2,17,0,0,0,5,9,24,8,4,10,0,0,0,6,0,0,0,4,4,5,10,0,0,0,0,0,0,0,0,0,0,4,0,0,0,0,0,0,0,0,0,0,0,0,0,0,0,0,0,0,0,0,0,4,0,0,0,0,0,0,0,10,2,10,0,0,169
11,yokohama_isogo_minami_kanazawa_konan,3,6,0,3,6,8,5,8,0,0,200,172,34,11,10,0,3,5,5,5,13,5,0,0,0,5,0,0,0,0,0,0,0,0,0,0,0,0,0,2,0,0,0,0,0,0,0,0,0,0,2,0,0,0,0,0,0,0,0,0,0,0,0,0,0,0,2,2,2,2,15,0,20,558
12,yokohama_hodogaya_totsuka_sakae_izumi_etc,10,3,14,0,22,0,0,0,172,0,7,158,531,303,22,0,90,207,3,3,14,0,3,0,23,167,0,0,0,0,0,0,0,0,0,0,0,0,0,0,0,0,0,0,0,0,0,0,0,0,0,0,0,0,0,0,0,0,0,0,2,0,0,0,0,0,7,0,21,7,51,0,83,1923
13,yokohama_kohoku_tsuzuki_midori_aoba,3,5,0,0,3,0,3,7,3,0,10,10,16,97,60,92,0,7,0,0,0,0,0,0,0,0,0,0,0,0,0,0,0,0,0,0,0,0,0,0,0,0,0,3,0,0,0,0,0,0,0,0,0,0,0,0,0,0,0,0,0,0,0,0,0,0,0,0,0,0,3,3,3,329
14,yokohama_tsurumi_kanagawa,20,81,9,2,2,4,0,9,5,0,346,17,52,79,508,28,18,0,12,5,14,0,0,0,0,17,2,0,4,4,0,2,0,2,0,0,0,4,0,2,10,0,0,2,2,5,7,0,2,0,0,0,0,0,0,0,2,0,2,0,0,51,0,2,0,0,48,52,17,13,107,0,125,1697
15,kawasaki_kawasaki_saiwai_nakahara,3,171,3,11,11,11,8,0,14,0,3,0,0,5,32,490,11,14,0,17,0,8,0,0,6,17,0,8,0,0,0,0,0,0,5,0,0,8,0,22,0,13,0,6,0,0,0,0,0,0,0,0,0,0,0,0,0,0,3,0,0,0,0,0,0,0,0,0,0,0,0,0,6,906
16,kawasaki_takatsu_miyamae_tama_asao,4,122,0,0,652,0,0,3,3,0,7,3,4,29,6,114,271,0,0,0,0,0,0,0,0,3,0,0,0,0,0,0,0,0,0,0,0,0,0,0,0,0,0,0,0,0,0,0,0,0,0,0,0,0,0,0,0,0,0,0,0,0,0,0,0,0,0,0,0,0,0,0,0,1220
17,sagamihara_city,0,2,0,2,0,0,2,10,295,6,0,34,15,2,2,4,0,770,0,2,2,3,0,2,42,7,4,0,4,0,0,0,0,0,0,2,2,15,0,0,0,2,0,0,0,0,15,0,0,2,0,0,0,0,0,0,2,0,2,6,3,0,0,0,0,0,22,0,4,0,42,10,6,1345
18,yokosuka_miura,0,0,0,0,0,0,0,0,0,0,3,14,8,0,0,0,0,1,184,3,0,0,0,0,0,0,0,0,0,0,0,0,0,0,0,0,0,0,0,0,0,0,0,0,0,0,0,0,0,0,0,0,0,0,0,0,0,0,0,0,0,0,0,0,0,0,0,0,0,0,0,0,0,213
19,kamakura_zushi_hayama,0,0,0,0,0,0,0,0,0,0,0,0,0,0,0,0,0,0,0,0,0,0,0,0,0,0,0,0,0,0,0,0,0,0,0,0,0,0,0,0,0,0,0,0,0,0,0,0,0,0,0,0,0,0,0,0,0,0,0,0,0,0,0,0,0,0,0,0,0,0,5,0,0,5
20,fujisawa_chigasaki_samukawa,0,3,0,0,0,0,0,0,0,0,0,0,6,0,0,0,15,0,0,0,45,26,15,0,45,30,0,0,0,0,0,0,0,0,0,0,0,0,0,0,0,0,0,0,0,0,0,0,0,0,0,0,0,0,0,0,0,0,0,0,0,0,0,0,0,0,0,0,0,0,0,0,0,184
21,hiratsuka_oiso_ninomiya,0,3,0,0,0,0,0,0,0,0,0,0,0,0,0,0,0,0,0,0,3,3,12,0,19,0,0,0,0,0,0,0,0,0,0,0,0,0,0,0,0,0,0,0,0,0,0,0,0,0,0,0,0,0,0,0,0,0,0,0,0,0,0,0,0,0,0,0,0,3,0,0,0,43
22,odawara_manazuru_yugawara_hakone,0,0,0,0,0,0,0,0,7,0,0,0,0,0,0,0,0,0,0,0,0,0,196,0,0,4,0,0,0,50,0,0,0,0,0,0,0,0,0,14,0,7,0,0,0,0,0,0,0,0,0,0,0,0,0,0,0,0,0,0,21,0,0,0,0,0,11,4,0,25,4,0,9,351
23,minami_ashigara_nakai_oi_matsuda_etc,0,0,0,0,0,0,0,0,11,0,0,0,0,0,3,0,0,6,0,0,0,33,55,239,17,0,0,0,0,0,0,0,0,0,0,0,0,0,0,0,0,0,0,0,0,0,0,0,0,0,0,0,0,0,0,0,0,0,0,62,0,0,0,0,0,0,3,0,3,12,10,0,0,455
24,atsugi_hadano_kiyokawa_isehara_etc,11,6,3,6,6,8,3,25,6,1,0,4,28,3,5,8,0,12,4,6,29,3,3,3,302,75,0,0,4,3,0,0,0,0,1,0,0,0,0,0,0,8,0,0,0,0,0,0,0,0,0,0,0,0,0,0,6,1,2,0,0,0,0,0,0,0,23,11,9,15,43,0,39,722
25,zama_yamato_ebina_ayase,0,16,0,0,0,0,0,0,16,0,0,0,9,0,3,3,6,9,0,6,0,0,0,0,11,3,0,0,0,0,0,0,3,0,0,0,0,3,0,3,0,0,0,0,0,0,0,0,0,0,0,0,0,0,0,0,3,0,0,3,0,0,0,0,0,0,11,3,3,14,91,0,15,232
26,saitama_city,0,0,0,20,0,20,4,0,0,0,0,0,0,0,0,0,0,4,0,0,8,3,0,4,0,0,1930,12,24,196,0,0,145,4,4,0,0,0,0,14,7,3,0,0,0,0,0,0,4,4,10,0,0,0,4,3,20,0,4,8,0,0,0,8,4,0,0,4,28,6,9,4,45,2568
27,kawaguchi_warabi_toda,0,3,174,10,0,19,0,6,3,3,0,0,0,3,0,0,0,0,0,0,0,0,0,0,3,0,227,519,52,7,0,10,6,0,0,0,0,3,19,4,0,9,0,0,0,4,0,0,0,0,0,0,0,6,0,0,3,0,0,0,0,0,0,0,0,0,19,3,3,0,30,8,4,1162
28,asaka_wako_niiza_tokorozawa_etc,12,22,7,0,13,3,3,65,7,13,0,0,12,0,0,6,0,0,0,0,0,0,0,0,13,0,119,6,249,0,10,23,0,6,3,0,0,43,3,11,6,0,0,0,0,0,0,67,0,0,0,3,0,0,0,0,11,0,0,0,0,0,0,0,0,0,23,0,0,3,6,0,29,802
29,soka_kasukabe_misato_koshigaya_etc,24,19,82,81,51,51,330,39,32,6,6,13,6,0,0,4,4,6,0,0,0,0,0,0,13,0,81,114,64,320,0,0,6,0,0,0,6,0,0,0,19,0,0,13,0,0,0,0,0,0,0,0,0,0,6,10,19,0,19,0,0,0,0,0,6,0,6,0,6,0,0,0,90,1560
30,hanno_hidaka_moroyama_ogose_etc,65,0,8,56,14,56,56,96,31,87,39,11,0,3,0,48,8,0,0,0,0,6,0,3,0,0,90,20,37,96,25,6,0,76,53,0,8,3,0,8,0,0,3,0,0,0,0,8,0,3,0,0,0,0,14,8,11,11,17,8,0,0,0,0,0,0,0,6,87,0,6,0,56,1251
31,tsurugashima_sakado_kawajima_higashimatsuyama_etc,0,0,0,0,0,0,0,0,0,0,0,0,0,0,0,0,0,0,0,0,0,0,0,0,0,0,0,0,0,0,0,4,0,0,0,0,0,0,0,0,0,0,0,0,0,0,0,0,0,0,0,0,0,0,0,0,0,0,0,0,0,0,0,0,0,0,0,0,0,0,4,0,0,7
32,ageo_konosu_okegawa_kitamoto_etc,0,0,0,0,0,3,0,6,0,3,0,0,0,0,3,0,6,0,0,0,0,0,0,0,0,0,6,0,3,3,0,6,21,18,0,0,0,0,6,0,3,0,0,0,0,0,0,0,0,0,0,0,0,0,0,0,0,0,0,0,0,0,0,0,0,0,3,3,0,0,4,0,3,99
33,kuki_kazo_hanyu_gyoda_etc,0,0,0,0,0,10,0,0,0,0,0,0,0,0,0,0,0,7,0,0,0,0,0,0,0,0,30,9,3,17,3,3,213,228,55,0,0,0,0,0,0,3,0,0,0,0,0,7,0,0,0,0,0,0,0,3,0,3,0,0,0,0,0,0,0,0,0,0,0,0,14,0,6,615
34,kumagaya_fukaya_ogawa_yorii_etc,14,10,6,13,5,15,46,119,23,6,0,3,9,0,0,0,14,20,0,0,14,3,0,3,5,6,45,17,46,37,22,96,6,90,141,20,22,6,0,3,3,13,3,8,0,0,0,8,39,9,11,0,0,6,65,61,95,53,59,22,6,0,6,64,14,0,8,9,56,0,34,0,352,1892
35,honjo_kamikawa_kamisato,0,0,0,0,0,0,0,13,0,3,0,0,0,0,3,0,0,0,0,0,0,0,0,0,0,3,6,0,6,0,0,14,0,17,47,78,0,0,0,0,0,0,0,3,0,0,0,0,0,0,0,0,0,0,3,0,13,6,0,0,0,0,0,0,0,0,0,0,0,0,21,0,0,236
36,chichibu_yokoze_minano_nagatoro_etc,17,0,8,17,3,28,3,14,17,45,0,9,3,0,3,14,6,14,0,0,0,3,3,0,3,9,39,37,169,25,3,25,25,84,129,6,61,8,34,3,0,8,14,3,0,0,0,3,3,6,0,3,8,8,0,3,74,6,6,6,3,0,0,3,0,0,30,22,25,18,21,0,99,1235
37,chiba_city,89,13,3,0,0,0,0,0,0,0,0,0,0,0,0,0,0,0,0,0,0,0,0,0,0,0,0,0,0,0,0,0,0,0,0,0,0,270,94,0,0,3,32,5,4,4,0,0,4,0,0,0,0,5,0,0,0,0,0,0,0,0,0,5,0,0,31,0,5,0,0,0,11,577
38,ichikawa_urayasu_narashino_funabashi,0,0,0,209,0,0,112,0,0,0,0,0,0,3,0,0,0,0,0,0,0,0,0,0,0,0,0,0,0,31,0,0,0,0,0,0,0,0,618,29,0,0,0,0,0,0,0,0,0,0,0,0,0,0,0,0,0,0,0,0,0,0,0,0,0,0,36,0,0,0,36,0,6,1081
39,matsudo_kamagaya_kashiwa_abiko,0,9,0,4,0,4,13,8,4,4,5,0,0,0,3,3,0,0,0,0,7,0,0,0,0,0,4,4,0,6,0,0,0,20,0,0,0,4,13,395,95,29,4,4,0,5,10,4,4,0,0,4,0,3,4,0,0,11,5,31,0,0,0,0,0,0,31,11,0,0,22,1,5,789
40,nagareyama_noda,0,0,0,0,0,0,0,0,0,0,0,0,0,0,0,0,0,0,0,0,0,0,0,0,0,0,0,0,0,0,0,0,0,0,0,0,0,0,0,0,0,0,0,0,0,0,0,0,0,0,0,0,0,0,0,0,0,0,0,0,0,0,0,0,0,0,0,0,0,0,0,0,0,0
41,yachiyo_sakura_narita_shiroi_etc,0,0,6,0,3,0,0,3,0,0,0,0,0,0,0,0,0,3,0,0,0,0,0,0,0,0,3,3,0,0,0,0,0,0,0,0,0,3,36,25,0,367,0,0,0,0,19,0,0,0,0,0,3,0,0,0,0,0,0,0,0,0,0,0,3,0,0,0,0,3,3,0,25,510
42,ichihara_city,0,0,0,0,0,0,0,0,0,0,0,0,0,0,0,0,0,0,0,0,0,0,0,0,0,0,0,0,0,0,2,0,0,0,0,0,0,34,0,0,0,0,21,0,0,0,0,6,0,0,0,2,0,0,0,0,0,0,0,0,0,0,0,0,0,0,0,0,0,0,0,0,0,65
43,kisarazu_sodegaura_kimitsu_futtsu,0,0,0,0,0,0,0,0,0,3,0,0,0,0,0,3,0,0,0,0,0,0,0,0,0,3,0,0,0,0,0,0,0,0,0,0,0,3,0,3,0,12,3,239,10,0,0,3,3,0,3,3,0,16,3,0,0,3,3,0,0,0,0,0,0,0,27,0,0,0,3,0,6,350
44,katsuura_otaki_tateyama_kamogawa_etc,6,6,0,6,0,0,0,6,11,0,0,0,0,0,0,0,0,0,6,0,0,6,0,0,11,6,6,11,6,0,0,0,0,6,6,0,0,6,3,6,0,6,0,6,99,6,0,0,0,6,0,3,0,0,0,0,0,6,0,6,0,0,0,0,0,0,51,45,34,17,264,0,45,700
45,choshi_asahi_sosa_katori_etc,3,3,0,0,0,3,3,0,0,3,2,0,0,0,0,0,0,3,0,0,0,0,0,0,3,0,3,3,0,3,0,0,0,3,0,0,0,0,0,9,3,0,0,0,0,202,3,0,0,0,0,3,0,7,0,6,0,3,6,0,0,0,3,0,0,0,8,3,3,6,25,0,9,332
46,togane_mobara_sanmu_oamishirasato_etc,0,0,0,0,0,0,17,0,0,0,0,0,0,0,0,0,0,0,0,0,0,0,0,0,0,0,0,0,0,0,0,0,0,0,0,0,0,9,20,10,0,3,3,3,0,6,56,0,0,0,0,0,3,28,3,0,0,0,0,0,0,0,0,0,0,0,0,0,0,0,0,0,8,170
47,tsuchiura_ishioka_omitama_kasumigaura_etc,0,0,0,0,0,3,0,0,0,0,0,0,0,0,0,0,0,0,0,0,0,0,0,0,0,0,0,0,0,0,0,0,0,0,0,0,0,0,0,0,3,0,0,0,0,0,0,189,25,133,11,39,3,20,15,0,0,0,13,0,3,0,8,5,0,0,0,0,0,0,0,0,0,469
48,koga_shimotsuma_yachiyo_goka_etc,7,5,3,3,10,0,7,7,5,0,0,0,3,0,0,3,0,8,0,0,0,0,3,0,0,0,0,5,5,6,0,0,8,13,0,0,0,0,8,9,3,3,0,0,0,0,0,0,197,0,5,0,0,0,0,10,0,0,0,3,0,0,0,0,0,0,38,0,0,35,0,0,0,411
49,tsukuba_city,0,0,0,0,0,0,0,0,0,0,0,0,0,0,0,0,0,0,0,0,0,0,0,0,0,0,0,0,0,0,0,0,0,0,0,0,0,0,0,0,0,0,0,0,0,0,0,0,13,54,0,3,0,0,0,13,0,0,0,0,0,0,0,0,0,0,0,0,0,0,0,0,0,83
50,joso_bando,16,6,0,0,0,0,13,8,0,0,0,0,0,0,6,0,0,5,0,0,0,0,0,0,0,0,3,6,6,17,8,3,0,3,5,0,0,0,3,10,3,0,0,0,0,0,0,7,10,8,75,36,0,0,0,3,0,0,10,5,0,0,0,0,0,0,21,6,0,0,44,0,50,398
51,ryugasaki_toride_ushiku_moriya_etc,0,0,0,0,0,3,0,0,0,0,0,0,0,0,0,0,0,3,0,0,0,0,0,0,0,0,0,0,0,3,0,0,0,0,0,3,0,0,0,41,3,3,5,0,0,0,0,6,0,8,3,13,0,0,6,0,0,0,0,0,0,0,0,0,0,0,0,0,0,0,7,3,3,116
52,inashiki_miho_kawachi,0,0,0,0,0,0,0,0,0,0,0,0,0,0,0,0,0,0,0,0,0,18,0,0,0,0,0,0,0,0,0,0,0,0,0,0,0,7,0,0,0,10,0,0,0,0,10,38,0,0,0,0,17,0,0,0,0,0,0,0,0,0,0,0,0,0,0,0,0,0,0,0,0,101
53,kashima_kamisu_namegata_itako,0,0,0,0,0,0,0,0,0,0,0,0,0,0,0,0,0,0,0,0,0,0,0,0,0,0,0,0,10,10,0,0,0,0,0,0,0,0,0,0,0,0,0,0,0,0,0,0,0,0,0,3,0,271,0,0,7,0,7,0,0,0,0,0,0,0,28,14,7,3,62,0,52,474
54,mito_hitachi_kasama_hitachinaka_etc,16,0,3,0,0,29,65,14,9,0,0,0,0,0,0,8,0,0,0,0,0,0,0,0,0,0,0,26,32,0,0,0,0,0,0,0,0,5,0,6,0,0,0,0,0,4,0,50,66,23,0,21,6,111,383,0,0,20,13,14,0,0,24,24,0,0,145,0,0,0,0,0,54,1171
55,yuki_chikusei_sakuragawa,3,0,3,5,11,3,3,3,11,0,3,0,0,5,0,3,0,0,0,0,0,0,0,0,3,3,13,0,3,5,0,6,0,3,3,0,0,5,8,0,2,3,0,5,0,0,3,13,14,3,0,8,3,16,22,5,3,3,24,19,6,0,5,19,3,0,19,3,13,0,14,5,47,384
56,maebashi_takasaki_isesaki_shibukawa_etc,2,14,8,33,5,30,8,15,12,9,0,3,0,11,8,6,3,11,0,0,6,0,3,3,18,6,3,3,23,8,2,6,7,16,26,21,2,0,6,11,0,24,3,6,0,0,3,0,3,2,3,6,0,0,9,0,1142,56,29,11,19,0,0,2,19,26,43,44,52,6,25,0,93,1980
57,kiryu_ota_tatebayashi_midori_etc,0,0,0,0,0,3,12,0,0,3,0,0,0,0,0,0,0,0,0,0,0,0,0,0,0,0,9,3,3,21,0,0,18,57,10,3,0,0,15,0,0,0,0,0,0,0,0,0,14,0,0,0,0,0,0,0,48,216,36,14,14,0,0,22,0,0,0,0,3,6,0,0,33,566
58,utsunomiya_kanuma_moka_kaminokawa_etc,0,3,0,0,0,19,0,0,0,0,0,0,0,4,0,0,0,3,0,0,0,0,7,0,0,0,0,4,38,4,0,4,0,11,0,0,0,3,7,10,0,0,0,0,0,0,13,14,16,3,0,11,0,10,10,8,3,4,840,33,21,0,3,459,0,0,16,16,4,0,15,0,88,1705
59,tochigi_oyama_shimotsuke_nogi_etc,0,0,0,0,0,0,3,7,0,0,0,0,0,0,0,3,0,3,3,0,0,0,0,0,0,0,10,0,17,3,0,0,3,10,7,3,0,0,0,0,0,0,0,0,0,0,0,10,27,0,0,0,0,3,21,12,10,0,125,335,13,0,7,10,0,0,10,0,0,0,2,0,360,1021
60,ashikaga_sano,0,0,0,0,0,0,0,3,0,0,0,0,12,0,0,45,0,0,0,0,0,0,0,0,0,0,0,6,10,6,0,0,0,3,0,0,0,0,10,0,6,3,0,64,0,0,3,13,6,0,0,0,0,0,3,0,26,10,20,20,55,0,3,0,0,0,45,13,29,10,13,3,210,651
61,tokyo_islands,0,0,0,0,0,0,0,0,0,0,0,0,0,0,0,0,0,0,0,0,0,0,0,0,0,0,0,0,0,0,0,0,0,0,0,0,0,0,0,0,0,0,0,0,0,0,0,0,0,0,0,0,0,0,0,0,0,0,0,0,0,0,0,0,0,0,0,0,0,0,0,0,0,0
62,ibaraki_north,0,0,0,0,0,0,0,0,0,0,0,0,0,0,0,0,0,0,0,0,0,0,0,0,0,0,4,0,0,6,0,0,0,0,0,0,0,0,0,0,0,0,0,0,0,0,0,0,0,0,0,0,0,0,0,0,0,0,4,0,0,0,0,0,0,0,0,0,0,0,0,0,0,14
63,tochigi_north,0,0,0,0,0,0,0,0,0,0,0,0,0,0,0,0,0,0,0,0,0,0,0,0,0,0,0,0,0,0,0,0,0,0,0,0,0,0,0,0,0,0,0,0,0,0,0,0,0,0,0,0,0,0,0,0,0,0,46,17,0,0,0,0,0,0,0,0,0,0,0,0,0,63
64,gunma_north,0,0,0,0,0,0,0,0,0,0,0,0,0,0,0,0,0,0,0,0,0,0,0,0,0,0,0,0,0,6,0,0,0,0,0,0,0,0,0,0,0,0,0,0,0,0,0,0,0,0,0,0,0,0,0,0,0,0,0,0,0,0,0,0,0,0,0,0,0,0,0,0,0,6
65,gunma_other_ueno_kanna_nanmoku,0,0,0,0,0,0,0,0,0,0,0,0,0,0,0,0,0,0,0,0,0,0,0,0,0,0,0,0,0,0,0,0,0,0,0,0,0,0,0,0,0,0,0,0,0,0,0,0,0,0,0,0,0,0,0,0,0,0,0,0,0,0,0,0,0,0,0,0,0,0,0,0,0,0
66,hokkaido_tohoku,0,0,0,0,80,4,7,0,7,0,0,3,0,6,5,0,0,0,0,0,6,0,0,3,9,17,0,0,23,0,0,0,0,10,0,0,3,0,0,0,0,5,0,0,0,3,0,3,0,10,3,0,0,4,7,6,5,0,0,0,0,0,0,0,0,0,0,0,0,0,0,0,0,229
67,hokuriku,0,0,0,0,0,0,0,0,0,0,0,15,2,0,0,0,0,0,0,0,0,0,0,0,3,0,4,0,0,0,0,6,0,0,0,0,0,0,0,1,0,0,0,0,0,0,0,0,3,0,3,3,0,1,8,0,5,0,0,0,0,0,0,0,0,0,0,0,0,0,0,0,0,55
68,yamanashi_nagano,0,4,0,0,0,0,0,0,3,0,0,13,2,3,3,0,5,21,0,0,0,4,0,0,4,3,0,0,3,0,0,0,0,0,0,0,0,0,0,0,0,0,0,0,0,3,0,0,0,0,0,0,0,0,0,0,0,0,0,0,0,0,0,0,0,0,0,0,0,0,0,0,0,73
69,shizuoka,3,0,0,0,0,0,0,0,3,10,0,33,0,0,5,0,0,0,0,0,0,0,9,0,4,4,0,0,0,0,0,0,0,0,0,0,0,0,0,0,0,3,0,0,0,0,0,0,0,0,0,0,0,0,0,0,0,0,0,0,3,0,0,0,0,0,0,0,0,0,0,0,0,77
70,chubu_west,7,40,0,7,4,9,4,4,7,0,10,28,6,0,8,22,5,30,0,0,0,4,7,4,22,3,39,6,9,13,0,0,3,17,15,12,6,30,6,23,0,13,1,43,0,3,2,0,0,4,0,0,0,9,19,3,5,0,32,18,7,0,0,0,0,0,0,0,0,0,0,0,0,571
71,overseas,0,0,0,8,0,0,3,4,3,10,0,0,0,0,0,0,0,30,0,0,0,4,0,0,0,0,4,0,0,0,0,0,0,0,0,0,0,0,0,4,0,0,4,0,0,0,0,0,0,0,0,0,0,0,7,0,0,0,0,0,0,0,0,0,0,0,0,0,0,0,0,0,0,81
999,unknown,0,0,0,0,0,0,0,0,0,0,0,0,0,0,0,0,0,0,0,0,0,0,0,0,0,0,0,0,0,0,0,0,0,0,0,0,0,0,0,0,0,0,0,0,0,0,0,0,0,0,0,0,0,0,0,0,0,0,0,0,0,0,0,0,0,0,0,0,0,0,0,0,0,0
○chemical_products,,,,,,,,,,,,,,,,,,,,,,,,,,,,,,,,,,,,,,,,,,,,,,,,,,,,,,,,,,,,,,,,,,,,,,,,,,,(unit: vehicles/day)
large_zone,region,tokyo_chiyoda_chuo_minato,tokyo_meguro_shinagawa_ota,tokyo_toshima_bunkyo_shinjuku_shibuya,tokyo_arakawa_taito_sumida_koto,tokyo_nakano_suginami_setagaya,tokyo_nerima_itabashi_kita,tokyo_adachi_katsushika_edogawa,chofu_nishitokyo_fuchu_musashino_etc,machida_tama_hachioji_inagi_etc,mizuho_fussa_hamura_akiruno_etc,yokohama_nishi_naka,yokohama_isogo_minami_kanazawa_konan,yokohama_hodogaya_totsuka_sakae_izumi_etc,yokohama_kohoku_tsuzuki_midori_aoba,yokohama_tsurumi_kanagawa,kawasaki_kawasaki_saiwai_nakahara,kawasaki_takatsu_miyamae_tama_asao,sagamihara_city,yokosuka_miura,kamakura_zushi_hayama,fujisawa_chigasaki_samukawa,hiratsuka_oiso_ninomiya,odawara_manazuru_yugawara_hakone,minami_ashigara_nakai_oi_matsuda_etc,atsugi_hadano_kiyokawa_isehara_etc,zama_yamato_ebina_ayase,saitama_city,kawaguchi_warabi_toda,asaka_wako_niiza_tokorozawa_etc,soka_kasukabe_misato_koshigaya_etc,hanno_hidaka_moroyama_ogose_etc,tsurugashima_sakado_kawajima_higashimatsuyama_etc,ageo_konosu_okegawa_kitamoto_etc,kuki_kazo_hanyu_gyoda_etc,kumagaya_fukaya_ogawa_yorii_etc,honjo_kamikawa_kamisato,chichibu_yokoze_minano_nagatoro_etc,chiba_city,ichikawa_urayasu_narashino_funabashi,matsudo_kamagaya_kashiwa_abiko,nagareyama_noda,yachiyo_sakura_narita_shiroi_etc,ichihara_city,kisarazu_sodegaura_kimitsu_futtsu,katsuura_otaki_tateyama_kamogawa_etc,choshi_asahi_sosa_katori_etc,togane_mobara_sanmu_oamishirasato_etc,tsuchiura_ishioka_omitama_kasumigaura_etc,koga_shimotsuma_yachiyo_goka_etc,tsukuba_city,joso_bando,ryugasaki_toride_ushiku_moriya_etc,inashiki_miho_kawachi,kashima_kamisu_namegata_itako,mito_hitachi_kasama_hitachinaka_etc,yuki_chikusei_sakuragawa,maebashi_takasaki_isesaki_shibukawa_etc,kiryu_ota_tatebayashi_midori_etc,utsunomiya_kanuma_moka_kaminokawa_etc,tochigi_oyama_shimotsuke_nogi_etc,ashikaga_sano,tokyo_islands,ibaraki_north,tochigi_north,gunma_north,gunma_other_ueno_kanna_nanmoku,hokkaido_tohoku,hokuriku,yamanashi_nagano,shizuoka,chubu_west,overseas,unknown,all_regions
0,tokyo_chiyoda_chuo_minato,4,7,4,3,0,0,0,6,3,0,0,0,8,0,0,0,0,0,0,0,3,0,0,0,0,0,8,0,3,7,0,4,0,0,0,0,0,0,8,0,5,3,3,0,0,0,0,0,3,0,0,0,3,2,0,0,0,0,0,0,0,0,0,13,0,0,20,3,7,10,42,16,3,201
1,tokyo_meguro_shinagawa_ota,14,135,26,71,50,20,22,36,20,3,16,26,22,44,26,39,22,27,3,0,21,10,3,0,11,13,4,19,20,18,3,0,0,6,0,0,0,21,26,4,0,9,0,0,0,0,0,21,0,0,0,0,0,0,3,0,3,0,7,0,3,0,0,3,0,0,49,17,26,25,64,11,95,1134
2,tokyo_toshima_bunkyo_shinjuku_shibuya,0,0,0,0,0,7,0,0,0,0,0,0,0,0,0,0,0,0,0,0,0,0,0,0,0,0,0,3,0,0,0,0,0,0,0,0,0,0,0,3,6,0,0,0,0,0,0,0,0,0,0,0,0,0,0,0,0,0,0,0,0,0,0,0,0,0,0,0,0,0,0,0,0,18
3,tokyo_arakawa_taito_sumida_koto,22,86,10,27,3,10,20,5,3,0,0,0,0,0,3,0,0,11,0,0,0,0,0,3,46,42,6,4,13,18,0,3,0,6,3,0,0,0,65,2,0,3,6,0,0,0,0,2,6,0,0,0,7,0,10,0,0,3,3,7,0,0,6,0,0,0,40,19,0,3,98,6,19,649
4,tokyo_nakano_suginami_setagaya,0,1,4,0,3,0,0,9,0,0,1,1,0,0,0,0,0,0,1,0,0,0,1,0,0,0,0,0,0,0,0,0,0,0,0,0,0,0,0,0,0,0,0,0,0,0,0,0,0,0,0,0,0,0,0,0,0,0,0,0,0,0,0,0,0,0,0,3,0,0,3,0,3,30
5,tokyo_nerima_itabashi_kita,7,4,63,7,156,20,102,51,0,0,0,0,0,14,0,4,51,0,0,0,0,7,0,0,0,0,18,15,7,5,0,4,6,12,4,0,0,0,3,0,0,7,0,0,0,0,4,0,0,0,0,4,0,4,4,0,7,1,14,0,0,0,4,4,0,0,39,4,7,63,96,0,17,835
6,tokyo_adachi_katsushika_edogawa,17,53,4,49,3,12,79,0,7,0,4,0,10,0,21,11,0,9,0,3,0,3,0,0,6,3,40,6,44,110,0,6,4,55,44,0,4,43,38,10,38,27,0,4,4,0,2,10,9,3,4,0,0,0,3,0,9,6,7,35,52,0,10,6,0,0,53,36,21,38,148,0,74,1295
7,chofu_nishitokyo_fuchu_musashino_etc,30,20,16,13,27,21,8,140,54,52,5,8,0,8,5,3,0,9,4,0,6,0,0,0,9,9,10,6,46,3,0,9,0,3,3,0,0,0,3,0,0,0,3,0,0,0,0,0,0,0,0,3,4,3,3,0,7,0,0,0,0,0,0,3,0,0,39,0,18,0,56,0,155,826
8,machida_tama_hachioji_inagi_etc,0,0,0,3,3,3,3,18,114,31,0,3,7,13,0,0,3,9,0,0,0,0,0,0,6,0,3,3,23,3,0,0,0,0,0,0,0,0,0,0,0,0,7,0,0,0,0,0,0,3,0,0,0,0,0,0,3,0,0,0,0,0,0,0,0,0,10,3,17,9,51,0,20,377
9,mizuho_fussa_hamura_akiruno_etc,0,0,0,4,0,0,0,41,7,48,3,3,0,0,0,0,0,7,5,0,0,0,0,0,0,5,0,0,64,0,10,0,0,0,0,0,0,3,0,5,0,0,0,0,5,0,0,5,0,0,7,0,0,0,3,0,5,0,0,0,0,0,0,0,0,0,40,0,20,0,87,0,14,392
10,yokohama_nishi_naka,0,0,0,0,0,0,0,0,0,0,7,41,7,0,5,13,0,3,0,3,15,2,15,0,0,0,0,0,0,0,0,0,0,2,0,0,0,0,2,0,0,0,0,0,0,0,0,0,0,0,0,0,0,0,0,0,0,5,0,0,0,0,0,0,0,0,0,0,0,0,2,19,0,143
11,yokohama_isogo_minami_kanazawa_konan,0,12,0,6,0,0,0,0,7,3,24,60,33,3,22,9,0,10,4,0,13,0,0,4,2,4,0,0,0,3,3,0,0,0,0,0,0,0,6,2,0,6,3,0,3,0,0,0,0,0,3,0,3,0,0,0,5,0,0,0,0,0,0,0,0,0,16,5,11,7,47,10,387,738
12,yokohama_hodogaya_totsuka_sakae_izumi_etc,2,0,0,5,0,0,0,0,2,0,2,23,34,0,3,0,0,20,0,0,47,2,20,0,26,53,2,0,0,0,0,2,0,0,0,0,0,0,0,5,0,0,2,0,0,0,0,2,0,0,0,0,0,2,0,0,0,0,0,0,0,0,0,2,0,0,15,2,2,2,47,0,26,357
13,yokohama_kohoku_tsuzuki_midori_aoba,0,70,0,2,20,0,8,0,11,3,23,47,114,88,65,63,79,63,7,7,23,13,3,0,21,28,3,1,4,0,0,0,4,0,2,0,0,0,0,0,0,0,0,1,0,0,0,0,2,0,0,0,0,0,0,0,0,0,3,0,0,0,0,0,0,0,5,0,3,3,12,2,222,1029
14,yokohama_tsurumi_kanagawa,12,21,9,16,7,7,7,49,12,14,54,26,40,27,73,55,30,7,5,5,9,12,7,12,24,12,5,10,5,9,2,2,0,9,0,2,0,7,9,9,12,5,2,0,0,0,14,7,0,2,30,5,0,0,2,0,14,0,8,7,2,7,5,0,0,0,155,50,24,49,298,6,21,1348
15,kawasaki_kawasaki_saiwai_nakahara,165,188,0,25,157,2,9,19,0,0,109,0,3,3,168,145,160,0,3,3,3,13,0,3,6,3,21,20,23,12,3,3,6,12,8,0,0,6,27,3,5,9,10,21,0,6,6,3,9,2,5,3,5,13,3,9,25,12,0,12,0,0,4,17,0,0,64,35,18,30,264,61,215,2196
16,kawasaki_takatsu_miyamae_tama_asao,0,3,0,0,0,0,0,0,0,0,2,3,0,9,4,6,21,0,0,0,0,3,0,0,0,3,0,0,3,0,0,0,0,0,0,0,0,0,0,3,0,0,0,0,0,0,0,0,0,0,0,0,0,0,0,0,3,0,0,0,0,0,0,0,0,0,4,3,0,3,6,0,11,90
17,sagamihara_city,0,7,0,0,0,0,7,23,77,22,0,0,2,43,0,3,3,238,4,0,7,3,0,0,62,51,0,0,16,4,0,0,0,4,0,0,0,7,0,0,0,0,2,0,0,0,0,0,0,0,0,2,0,0,0,0,2,3,2,3,0,0,0,0,0,0,28,7,17,11,48,0,162,870
18,yokosuka_miura,0,0,0,0,0,0,0,0,0,0,0,3,0,0,0,3,0,0,20,0,3,0,0,0,0,0,0,0,0,0,0,0,0,0,0,0,0,0,0,0,0,0,0,0,0,0,0,0,0,0,0,0,0,0,0,0,0,0,0,0,0,0,3,0,0,0,0,0,0,0,0,6,14,52
19,kamakura_zushi_hayama,0,3,0,0,0,0,0,0,3,0,0,0,3,0,0,0,0,0,0,0,25,0,6,0,0,3,0,0,0,3,0,0,0,0,0,0,0,6,0,0,0,0,0,0,0,0,0,0,0,0,0,0,0,0,0,3,6,3,0,0,0,0,0,3,0,0,3,3,0,8,22,0,6,106
20,fujisawa_chigasaki_samukawa,0,3,0,6,0,3,6,0,0,0,6,6,18,0,3,41,0,6,3,8,93,9,3,0,14,9,0,0,3,0,0,0,0,0,0,0,0,12,0,0,14,0,0,0,0,0,0,0,0,0,0,0,0,0,0,0,0,0,0,0,14,0,0,0,0,0,0,0,0,6,11,6,6,306
21,hiratsuka_oiso_ninomiya,0,3,0,4,4,0,10,10,5,7,5,9,8,0,3,15,0,13,0,0,80,104,66,19,78,24,10,7,17,21,3,6,0,14,0,3,0,8,6,7,8,7,8,4,0,7,0,10,7,3,7,10,0,3,3,5,10,8,15,8,3,0,7,0,0,0,52,122,7,27,228,0,77,1217
22,odawara_manazuru_yugawara_hakone,0,0,0,0,0,0,3,0,0,0,0,0,0,0,0,0,0,0,0,0,3,6,15,12,3,0,0,0,0,4,0,0,0,0,0,0,0,0,0,0,0,0,0,0,0,0,0,0,0,0,0,0,0,0,0,0,0,0,0,0,0,0,0,0,0,0,0,4,0,9,0,4,0,60
23,minami_ashigara_nakai_oi_matsuda_etc,0,0,0,0,0,0,0,0,0,0,11,2,3,3,0,6,0,0,0,3,0,6,9,6,18,5,0,0,0,0,0,0,0,0,4,0,0,0,0,3,0,0,0,0,0,0,0,0,0,6,0,0,0,3,0,0,0,0,0,4,0,0,0,3,0,0,3,6,8,22,40,0,13,183
24,atsugi_hadano_kiyokawa_isehara_etc,0,3,0,12,8,14,6,8,3,0,15,9,3,0,6,0,0,16,0,3,18,0,0,0,61,16,17,6,14,3,3,3,3,6,0,0,0,6,6,0,9,3,3,0,0,0,0,3,0,3,0,3,0,0,12,3,8,6,3,0,0,0,0,0,0,0,56,23,38,20,277,6,35,776
25,zama_yamato_ebina_ayase,6,23,3,6,3,0,9,0,12,0,9,15,48,24,20,12,0,33,3,0,99,17,12,11,65,68,3,3,8,6,0,0,3,6,0,0,0,4,7,3,0,7,4,3,0,0,0,0,0,6,3,0,3,0,0,0,3,0,3,0,4,0,0,12,0,0,30,6,18,34,95,3,35,806
26,saitama_city,4,11,7,24,0,11,34,3,0,0,0,0,4,21,6,0,0,4,0,0,4,4,0,0,0,13,348,47,30,61,0,4,56,69,10,0,0,3,13,0,25,0,3,4,0,3,4,6,4,0,0,0,0,0,1,0,10,3,10,10,4,0,0,7,0,0,78,25,18,35,123,12,104,1281
27,kawaguchi_warabi_toda,9,40,215,64,8,166,43,6,0,0,0,0,3,9,4,3,0,6,0,0,0,5,4,0,0,4,169,431,38,49,4,3,4,11,13,0,0,0,4,15,0,15,0,0,0,0,0,12,0,0,0,0,0,0,6,13,4,0,9,9,6,0,0,0,0,0,41,29,8,19,133,0,49,1687
28,asaka_wako_niiza_tokorozawa_etc,18,23,36,12,37,31,16,110,14,27,3,0,12,0,6,0,3,1,0,0,9,0,0,3,8,0,42,27,510,22,36,74,34,40,19,4,10,0,1,0,8,6,0,0,0,11,1,9,3,0,4,0,0,1,0,1,30,4,14,6,0,0,0,0,0,0,54,16,10,37,274,7,167,1851
29,soka_kasukabe_misato_koshigaya_etc,6,35,16,67,4,47,113,15,6,8,16,10,0,1,9,10,0,9,13,5,13,23,5,0,6,4,48,52,95,386,1,18,21,66,5,10,1,18,13,53,55,29,12,6,0,6,8,26,21,15,42,14,3,11,15,0,18,17,17,4,16,0,0,0,0,0,148,75,36,107,400,0,130,2464
30,hanno_hidaka_moroyama_ogose_etc,0,6,3,0,0,0,0,0,7,0,0,0,0,0,0,0,3,0,0,0,0,0,0,0,0,0,3,0,3,0,0,0,0,3,0,0,3,0,0,0,0,0,0,0,0,0,0,0,0,0,0,0,0,0,0,0,6,0,0,0,0,0,0,0,0,0,3,3,3,0,0,0,0,45
31,tsurugashima_sakado_kawajima_higashimatsuyama_etc,3,7,16,6,8,6,6,25,0,19,0,0,0,0,0,0,0,11,0,0,6,0,0,0,3,6,81,21,142,12,25,85,72,72,78,4,22,0,3,0,0,4,3,0,0,0,0,0,0,0,0,3,0,0,0,0,15,16,0,6,0,0,0,3,0,0,21,12,6,13,74,0,20,934
32,ageo_konosu_okegawa_kitamoto_etc,0,1,0,0,0,3,3,0,3,0,1,3,0,0,6,0,0,0,0,0,0,0,0,0,0,1,19,4,37,10,0,6,16,23,6,0,0,0,3,0,3,0,7,0,0,0,0,0,7,0,0,4,0,0,0,1,6,3,3,6,0,0,0,0,0,0,14,1,0,6,28,0,46,280
33,kuki_kazo_hanyu_gyoda_etc,15,11,6,25,8,29,34,6,11,6,3,6,9,8,11,12,0,6,0,0,9,6,0,0,0,3,52,35,22,76,3,11,43,172,11,8,0,6,6,11,49,20,3,0,0,15,9,0,27,6,6,6,3,3,3,8,33,90,6,3,8,0,3,6,3,0,91,44,33,34,152,15,177,1537
34,kumagaya_fukaya_ogawa_yorii_etc,8,0,0,3,3,3,3,0,0,6,0,0,0,0,0,3,3,9,0,0,0,0,0,0,0,0,13,3,27,0,4,26,18,28,102,18,12,0,0,0,8,3,0,0,0,0,0,0,0,0,3,0,0,0,0,17,5,3,3,0,4,0,0,0,0,0,51,20,20,33,165,3,181,810
35,honjo_kamikawa_kamisato,0,0,3,3,0,0,0,0,0,3,0,0,0,0,0,0,0,0,0,0,0,0,0,0,0,0,0,9,9,19,0,0,0,3,6,8,0,0,0,0,0,0,0,0,0,0,0,0,3,0,0,0,0,0,3,0,8,8,5,0,3,0,0,0,0,0,2,7,8,8,60,0,30,210
36,chichibu_yokoze_minano_nagatoro_etc,0,0,0,0,0,3,0,0,0,3,0,0,0,0,0,0,0,0,3,0,0,0,0,0,0,0,0,3,18,3,3,0,0,0,0,0,10,0,0,0,0,0,0,0,0,0,0,3,0,0,0,0,0,0,0,0,3,0,0,0,3,0,0,0,0,0,0,0,6,0,0,0,0,64
37,chiba_city,23,12,15,30,0,13,7,3,0,4,0,0,3,3,5,3,3,3,0,0,0,7,0,0,4,0,8,16,3,9,0,0,0,6,0,0,0,222,82,62,10,160,74,99,37,11,185,11,4,0,0,3,0,0,4,3,5,0,0,0,0,0,4,3,0,0,21,8,10,13,139,0,134,1479
38,ichikawa_urayasu_narashino_funabashi,0,10,0,22,0,6,34,0,0,0,0,13,0,3,3,9,3,3,0,0,3,15,3,0,0,0,34,4,27,61,0,3,0,40,12,0,0,13,107,27,17,64,48,0,0,3,21,3,3,15,6,3,4,16,0,45,10,4,0,3,9,0,0,30,0,0,10,4,7,17,37,0,28,860
39,matsudo_kamagaya_kashiwa_abiko,0,3,0,4,0,0,3,3,0,0,0,0,0,0,0,0,0,0,0,0,0,0,0,0,0,0,3,11,3,3,0,0,0,0,0,23,0,15,11,149,44,23,0,0,0,0,11,11,0,32,0,26,0,0,0,0,23,49,23,3,0,0,0,0,0,0,7,6,23,42,87,0,13,654
40,nagareyama_noda,0,4,0,4,4,0,21,0,0,0,0,0,0,4,11,0,0,4,4,0,0,4,4,4,0,0,21,7,7,41,0,0,0,18,0,0,3,7,21,3,10,10,0,7,0,0,0,10,0,3,0,0,3,0,7,0,14,17,4,0,0,0,4,0,0,0,21,0,4,14,52,0,6,378
41,yachiyo_sakura_narita_shiroi_etc,13,12,3,13,0,15,12,19,6,0,0,0,7,3,10,7,3,10,3,0,3,3,9,0,3,0,9,10,26,34,0,2,0,6,12,0,0,68,26,57,19,239,32,19,15,115,135,31,14,3,3,31,19,64,6,6,6,5,13,3,6,0,2,3,0,0,44,22,5,27,156,0,109,1560
42,ichihara_city,37,54,0,50,5,9,15,8,4,7,9,14,2,5,10,26,1,4,5,1,14,14,3,1,5,13,8,17,22,48,4,9,14,46,41,4,1,69,39,15,13,46,372,139,2,17,41,14,24,6,17,22,4,29,36,6,33,32,19,9,9,0,10,18,0,0,151,86,64,129,701,47,166,2916
43,kisarazu_sodegaura_kimitsu_futtsu,0,2,0,0,0,0,0,0,0,0,0,0,0,0,6,2,0,0,0,0,0,0,0,0,0,0,2,6,6,3,0,0,0,3,3,0,0,12,12,0,0,21,23,285,0,9,9,0,0,0,4,0,0,0,0,0,0,2,2,0,3,0,0,5,0,0,10,0,0,0,30,10,9,478
44,katsuura_otaki_tateyama_kamogawa_etc,0,0,0,0,0,0,0,0,0,0,4,0,0,0,0,0,0,0,0,0,0,0,0,0,0,0,0,0,0,0,0,0,0,0,0,0,0,0,0,0,0,0,0,0,10,0,2,0,0,0,0,0,0,0,0,0,0,0,0,0,0,0,0,0,0,0,0,0,0,0,0,0,0,15
45,choshi_asahi_sosa_katori_etc,0,13,0,0,3,3,7,0,0,0,0,0,3,3,6,0,0,6,0,0,0,0,3,0,0,3,3,3,6,8,0,3,0,18,6,0,0,0,3,0,0,21,3,8,0,140,10,0,2,0,3,2,10,37,3,0,3,3,3,0,0,0,0,0,0,0,19,15,8,25,54,0,67,537
46,togane_mobara_sanmu_oamishirasato_etc,15,12,23,16,2,26,20,15,25,3,13,5,1,2,5,2,0,4,0,0,6,3,10,1,3,9,12,5,30,27,0,3,4,16,2,0,0,27,21,4,6,12,6,26,23,24,105,10,2,0,1,5,2,7,3,8,3,4,10,3,3,0,3,9,2,0,45,31,8,27,87,5,17,865
47,tsuchiura_ishioka_omitama_kasumigaura_etc,10,20,25,39,4,26,22,22,20,11,14,0,11,20,29,0,3,11,4,3,0,4,0,0,4,18,32,22,21,33,6,12,4,20,7,3,0,24,9,21,2,24,4,7,0,11,0,188,32,98,21,64,9,21,58,22,39,17,39,4,6,0,7,4,4,0,157,82,51,40,431,0,508,2484
48,koga_shimotsuma_yachiyo_goka_etc,7,3,0,11,3,3,0,6,6,3,3,5,3,5,3,5,0,3,0,0,2,0,0,0,6,19,14,3,6,25,3,0,16,47,0,0,0,10,3,2,20,16,3,3,0,5,3,18,54,0,13,8,0,0,3,14,6,16,14,73,14,0,2,6,0,0,102,48,44,33,154,0,191,1085
49,tsukuba_city,4,7,0,0,0,0,0,0,3,0,3,0,0,4,3,0,0,4,4,0,0,0,6,0,3,0,0,0,3,0,0,0,0,0,0,0,0,0,0,4,4,3,7,0,0,0,0,0,3,44,0,3,0,0,3,0,3,0,3,0,0,0,0,0,0,0,29,11,3,3,65,8,24,270
50,joso_bando,5,3,0,3,0,3,0,0,3,0,4,8,5,3,5,5,3,8,3,0,3,8,0,0,9,11,30,10,27,34,5,10,14,17,8,3,0,20,14,14,9,23,9,13,13,8,10,18,27,3,73,12,5,15,28,6,22,10,7,3,8,0,4,3,3,0,118,49,26,18,28,3,17,880
51,ryugasaki_toride_ushiku_moriya_etc,9,0,3,8,0,3,13,0,0,0,0,0,0,0,3,12,0,0,0,0,3,2,0,0,0,0,9,0,0,28,0,3,3,3,15,0,0,0,6,15,6,12,3,0,0,6,3,37,6,11,32,75,27,3,3,12,9,3,3,3,6,0,0,0,0,0,72,18,13,16,95,6,45,664
52,inashiki_miho_kawachi,0,0,0,0,0,5,3,0,3,0,0,0,0,13,3,3,3,0,0,0,0,0,0,0,0,0,3,5,5,3,0,0,3,0,3,0,3,7,8,3,0,8,0,0,0,0,0,6,0,9,0,17,10,4,11,0,0,3,0,0,0,0,3,0,0,0,16,8,3,0,47,0,0,217
53,kashima_kamisu_namegata_itako,2,13,2,18,0,3,14,2,3,0,2,9,3,0,11,7,2,5,2,0,2,6,0,9,6,6,23,6,15,15,1,3,8,57,14,1,0,3,11,7,10,19,15,13,5,17,5,24,16,0,8,3,0,99,39,12,12,4,26,12,11,0,0,6,3,0,91,49,22,45,291,87,290,1528
54,mito_hitachi_kasama_hitachinaka_etc,5,7,5,15,3,3,3,5,0,0,2,0,0,0,2,0,0,3,0,3,0,4,4,0,0,0,4,0,0,8,0,3,0,3,0,0,0,8,3,4,0,19,3,3,3,5,0,34,12,13,0,14,14,18,358,7,11,3,10,4,2,0,103,5,3,0,9,4,3,5,21,0,72,854
55,yuki_chikusei_sakuragawa,5,4,1,2,4,6,2,6,1,2,1,5,4,4,1,0,0,1,2,0,1,0,0,0,2,2,13,4,11,2,0,4,1,2,0,0,0,0,3,0,0,3,1,0,0,0,0,4,3,6,5,1,0,1,2,26,4,2,16,10,1,0,0,6,0,0,46,10,15,2,38,0,78,383
56,maebashi_takasaki_isesaki_shibukawa_etc,0,13,3,4,4,3,7,21,7,10,2,0,0,2,10,22,0,6,5,1,4,2,9,0,9,2,9,8,66,12,3,8,5,30,55,38,6,2,6,2,12,5,20,7,11,16,14,13,19,4,4,4,0,0,16,11,964,130,24,20,23,0,0,18,118,0,85,58,75,30,169,0,241,2506
57,kiryu_ota_tatebayashi_midori_etc,6,5,3,0,0,0,3,0,0,3,0,3,0,3,0,0,0,0,0,0,0,3,0,0,3,0,14,5,6,17,0,3,12,28,34,0,10,3,0,6,13,3,18,6,0,0,0,0,0,3,8,0,0,0,0,3,145,444,8,6,93,0,0,0,27,0,14,18,22,19,71,2,303,1398
58,utsunomiya_kanuma_moka_kaminokawa_etc,48,67,91,76,19,75,72,25,3,0,18,0,0,43,28,18,22,26,10,0,6,13,0,3,15,16,15,32,84,62,3,13,0,35,19,22,0,7,15,38,16,22,3,0,10,0,16,0,8,16,37,41,0,139,26,31,130,39,377,113,85,0,6,225,15,0,459,129,75,75,443,0,518,4097
59,tochigi_oyama_shimotsuke_nogi_etc,3,0,0,13,0,3,0,3,0,0,0,0,3,0,3,7,0,0,0,0,0,0,0,0,0,0,0,0,3,12,0,0,0,10,3,0,0,0,0,0,0,0,0,0,0,3,0,0,7,0,0,3,0,0,3,21,10,13,20,71,13,0,0,7,0,0,14,0,0,0,14,3,24,291
60,ashikaga_sano,0,0,0,0,0,0,0,0,3,0,0,0,0,0,2,0,2,5,3,0,0,0,0,0,0,0,3,0,3,3,3,0,7,29,14,0,0,0,0,0,0,0,3,0,0,0,0,3,0,0,0,0,0,0,0,0,20,43,40,22,190,0,0,4,0,0,37,5,3,7,50,0,284,788
61,tokyo_islands,0,0,0,0,0,0,0,0,0,0,0,0,0,0,0,0,0,0,0,0,0,0,0,0,0,0,0,0,0,0,0,0,0,0,0,0,0,0,0,0,0,0,0,0,0,0,0,0,0,0,0,0,0,0,0,0,0,0,0,0,0,0,0,0,0,0,0,0,0,0,0,0,0,0
62,ibaraki_north,0,0,0,0,0,0,0,0,2,0,0,0,0,0,0,0,0,0,0,0,0,0,0,0,4,4,0,3,3,6,0,0,0,0,0,0,0,0,0,0,0,0,0,0,0,0,0,7,1,0,0,0,0,0,11,0,0,2,2,0,0,0,0,0,0,0,0,0,0,0,0,0,0,45
63,tochigi_north,0,0,0,3,0,0,0,0,2,3,2,0,0,0,0,8,0,3,0,0,0,0,0,0,3,0,3,6,0,0,0,9,0,0,0,0,3,0,0,0,0,0,4,4,0,3,0,0,0,0,0,0,0,0,2,0,0,4,7,11,4,0,0,0,0,0,0,0,0,0,0,0,0,82
64,gunma_north,0,0,0,0,0,0,0,0,0,0,0,0,0,0,0,0,0,0,0,0,0,0,0,0,0,0,0,0,0,0,0,0,0,0,0,0,0,0,0,0,0,0,0,0,0,0,0,0,0,0,0,0,0,0,0,0,0,0,0,0,0,0,0,0,0,0,0,0,0,0,0,0,0,0
65,gunma_other_ueno_kanna_nanmoku,0,0,0,0,0,0,0,0,0,0,0,0,0,0,0,0,0,0,0,0,0,0,0,0,0,0,0,0,0,0,0,0,0,0,0,0,0,0,0,0,0,0,0,0,0,0,0,0,0,0,0,0,0,0,0,0,0,0,0,0,0,0,0,0,0,0,0,0,0,0,0,0,0,0
66,hokkaido_tohoku,0,18,0,4,9,10,15,7,9,5,0,0,3,0,26,12,7,4,3,0,12,6,0,3,7,18,22,3,4,46,0,13,3,30,23,3,6,18,0,0,14,22,40,2,0,0,17,12,10,0,16,0,23,20,25,0,29,7,31,31,13,0,0,0,0,0,0,0,0,0,0,0,0,662
67,hokuriku,167,13,0,3,0,4,7,9,15,5,19,6,4,0,4,6,10,3,3,6,8,13,0,7,4,7,12,3,30,10,0,13,7,9,10,9,3,3,4,7,6,21,20,13,0,6,23,2,0,4,10,6,7,25,17,2,50,17,12,10,28,0,0,0,0,0,0,0,0,0,0,0,0,721
68,yamanashi_nagano,3,0,0,0,0,0,0,17,10,5,0,3,3,0,9,12,3,1,0,0,0,0,0,0,3,14,3,4,16,6,0,3,0,4,19,0,0,4,0,0,7,10,0,0,0,5,6,3,10,4,0,0,0,0,3,0,11,0,5,4,0,0,0,0,0,0,0,0,0,0,0,0,0,211
69,shizuoka,0,19,0,0,0,7,42,16,20,0,2,22,0,4,28,12,0,5,0,0,4,10,0,23,14,9,16,17,9,25,3,9,3,25,10,6,7,3,10,3,13,8,10,12,0,0,11,9,3,4,8,11,6,13,6,1,15,6,6,6,3,0,0,0,0,0,0,0,0,0,0,0,0,533
70,chubu_west,14,66,4,40,15,86,113,69,143,23,4,32,7,45,77,85,14,65,9,9,114,61,14,30,169,108,139,62,187,332,6,60,51,110,96,15,6,26,27,7,133,100,151,18,12,43,60,147,29,53,60,58,47,187,93,31,253,105,108,87,120,0,0,0,0,0,0,0,0,0,0,0,0,4436
71,overseas,12,23,0,43,0,0,2,0,4,4,0,0,0,0,9,0,0,9,0,10,0,6,0,0,17,6,4,9,6,14,0,3,0,32,21,3,0,9,8,22,4,24,18,0,0,5,0,9,38,0,0,3,4,9,5,3,7,4,13,0,16,0,0,0,0,0,0,0,0,0,0,0,0,436
999,unknown,0,0,0,0,0,0,0,0,0,0,0,0,0,0,0,0,0,4,0,0,0,0,0,0,0,0,0,0,0,0,0,0,0,0,0,0,0,0,0,0,0,0,0,0,0,0,0,0,0,0,0,0,0,0,0,0,0,0,0,0,0,0,0,0,0,0,0,0,0,0,0,0,0,4
○special_products,,,,,,,,,,,,,,,,,,,,,,,,,,,,,,,,,,,,,,,,,,,,,,,,,,,,,,,,,,,,,,,,,,,,,,,,,,,(unit: vehicles/day)
large_zone,region,tokyo_chiyoda_chuo_minato,tokyo_meguro_shinagawa_ota,tokyo_toshima_bunkyo_shinjuku_shibuya,tokyo_arakawa_taito_sumida_koto,tokyo_nakano_suginami_setagaya,tokyo_nerima_itabashi_kita,tokyo_adachi_katsushika_edogawa,chofu_nishitokyo_fuchu_musashino_etc,machida_tama_hachioji_inagi_etc,mizuho_fussa_hamura_akiruno_etc,yokohama_nishi_naka,yokohama_isogo_minami_kanazawa_konan,yokohama_hodogaya_totsuka_sakae_izumi_etc,yokohama_kohoku_tsuzuki_midori_aoba,yokohama_tsurumi_kanagawa,kawasaki_kawasaki_saiwai_nakahara,kawasaki_takatsu_miyamae_tama_asao,sagamihara_city,yokosuka_miura,kamakura_zushi_hayama,fujisawa_chigasaki_samukawa,hiratsuka_oiso_ninomiya,odawara_manazuru_yugawara_hakone,minami_ashigara_nakai_oi_matsuda_etc,atsugi_hadano_kiyokawa_isehara_etc,zama_yamato_ebina_ayase,saitama_city,kawaguchi_warabi_toda,asaka_wako_niiza_tokorozawa_etc,soka_kasukabe_misato_koshigaya_etc,hanno_hidaka_moroyama_ogose_etc,tsurugashima_sakado_kawajima_higashimatsuyama_etc,ageo_konosu_okegawa_kitamoto_etc,kuki_kazo_hanyu_gyoda_etc,kumagaya_fukaya_ogawa_yorii_etc,honjo_kamikawa_kamisato,chichibu_yokoze_minano_nagatoro_etc,chiba_city,ichikawa_urayasu_narashino_funabashi,matsudo_kamagaya_kashiwa_abiko,nagareyama_noda,yachiyo_sakura_narita_shiroi_etc,ichihara_city,kisarazu_sodegaura_kimitsu_futtsu,katsuura_otaki_tateyama_kamogawa_etc,choshi_asahi_sosa_katori_etc,togane_mobara_sanmu_oamishirasato_etc,tsuchiura_ishioka_omitama_kasumigaura_etc,koga_shimotsuma_yachiyo_goka_etc,tsukuba_city,joso_bando,ryugasaki_toride_ushiku_moriya_etc,inashiki_miho_kawachi,kashima_kamisu_namegata_itako,mito_hitachi_kasama_hitachinaka_etc,yuki_chikusei_sakuragawa,maebashi_takasaki_isesaki_shibukawa_etc,kiryu_ota_tatebayashi_midori_etc,utsunomiya_kanuma_moka_kaminokawa_etc,tochigi_oyama_shimotsuke_nogi_etc,ashikaga_sano,tokyo_islands,ibaraki_north,tochigi_north,gunma_north,gunma_other_ueno_kanna_nanmoku,hokkaido_tohoku,hokuriku,yamanashi_nagano,shizuoka,chubu_west,overseas,unknown,all_regions
0,tokyo_chiyoda_chuo_minato,46,43,0,34,0,4,0,0,0,0,0,4,0,0,4,4,0,0,0,0,0,0,0,0,0,0,0,4,0,0,0,0,0,0,0,0,0,0,9,3,0,0,0,0,0,0,0,0,0,0,0,0,0,0,0,0,0,0,0,0,0,0,0,0,0,0,3,0,0,0,0,0,3,159
1,tokyo_meguro_shinagawa_ota,0,174,0,64,0,0,3,0,3,0,0,17,6,0,29,63,3,0,0,0,0,3,0,0,3,0,0,10,0,10,0,0,3,3,3,0,0,12,4,0,0,3,6,42,0,0,3,0,0,0,0,0,0,0,0,0,0,0,0,0,0,0,0,3,0,0,29,3,0,26,13,0,194,737
2,tokyo_toshima_bunkyo_shinjuku_shibuya,5,19,0,25,0,0,0,0,0,0,0,0,0,0,0,0,0,0,0,0,0,0,0,0,0,0,0,0,0,0,0,0,0,0,0,0,0,0,0,0,0,0,0,0,0,0,0,0,0,0,0,0,0,0,0,0,0,0,0,0,0,0,0,0,0,0,0,0,0,0,0,0,0,49
3,tokyo_arakawa_taito_sumida_koto,0,7,0,38,0,3,8,0,0,0,0,0,0,0,0,0,0,7,0,0,0,0,0,0,0,0,0,0,3,19,0,0,0,0,7,0,3,0,15,7,0,6,0,3,0,0,0,0,0,0,0,0,0,3,0,0,0,0,0,13,0,0,0,0,0,0,9,3,0,6,26,24,73,285
4,tokyo_nakano_suginami_setagaya,0,0,0,29,6,0,0,0,0,0,0,0,0,0,0,0,0,0,0,0,0,0,0,0,0,0,0,0,0,0,0,0,0,0,0,0,0,0,0,0,0,0,0,0,0,0,0,0,0,0,0,0,0,0,0,0,0,0,0,0,0,0,0,0,0,0,0,0,0,0,0,0,0,34
5,tokyo_nerima_itabashi_kita,11,17,23,40,17,29,29,17,6,0,0,0,0,4,0,0,0,0,5,0,0,6,0,0,6,0,6,6,112,2,0,0,6,0,11,2,0,0,2,0,0,0,0,0,0,0,0,0,0,0,0,6,0,0,0,0,0,0,0,0,0,0,0,0,0,0,0,0,0,0,47,0,0,407
6,tokyo_adachi_katsushika_edogawa,0,23,0,29,0,0,57,4,0,0,0,9,0,0,3,39,0,0,0,0,0,0,0,0,3,0,0,158,21,18,11,0,0,3,0,0,0,22,92,0,9,53,23,9,0,0,0,0,0,4,0,0,0,38,0,0,0,0,0,0,3,0,0,11,0,0,0,0,0,0,0,0,52,697
7,chofu_nishitokyo_fuchu_musashino_etc,0,0,0,0,0,0,3,99,19,23,0,0,0,0,0,0,0,3,0,0,0,0,0,0,0,0,0,0,0,6,0,0,0,0,0,0,0,0,3,0,0,3,0,0,0,0,0,0,0,0,3,0,0,0,3,0,3,0,3,0,0,0,0,0,0,0,9,0,3,3,9,12,41,247
8,machida_tama_hachioji_inagi_etc,3,0,0,6,0,0,0,4,84,12,0,0,3,4,3,0,0,26,3,0,0,0,0,0,0,0,2,2,4,0,0,0,0,6,2,0,0,0,4,0,0,0,0,0,0,0,0,0,0,0,0,0,0,0,0,0,0,0,0,0,0,0,0,6,0,0,6,0,4,3,12,0,2,201
9,mizuho_fussa_hamura_akiruno_etc,0,0,0,0,0,3,0,61,7,51,0,0,0,0,0,3,0,7,0,0,0,0,0,0,0,0,0,0,67,0,3,1,0,3,7,0,0,0,0,0,0,0,0,0,0,0,0,0,0,0,6,0,0,0,0,6,0,1,0,0,0,0,0,0,0,0,17,6,0,3,9,3,11,276
10,yokohama_nishi_naka,0,0,0,0,0,0,0,0,0,0,31,15,0,0,7,0,0,5,0,0,0,0,0,0,0,0,0,0,0,5,0,0,0,0,0,0,0,0,0,0,0,0,0,0,0,0,0,0,0,0,0,0,0,0,0,0,0,0,0,0,0,0,0,0,0,0,5,0,0,5,0,5,5,83
11,yokohama_isogo_minami_kanazawa_konan,0,0,0,7,3,0,0,0,0,0,19,62,10,5,17,29,0,8,7,0,0,0,0,0,0,11,6,0,0,5,0,0,0,0,0,10,0,0,3,0,0,0,3,10,0,8,3,0,0,6,0,0,0,3,0,0,0,0,10,0,0,0,10,0,0,0,17,0,0,14,24,0,14,326
12,yokohama_hodogaya_totsuka_sakae_izumi_etc,0,8,3,0,3,0,0,0,0,0,21,12,15,3,0,0,0,0,0,0,0,0,3,3,24,5,0,0,0,0,0,0,0,0,0,0,0,0,0,0,0,0,0,0,0,0,0,3,0,0,0,0,0,0,0,0,0,6,0,0,0,0,0,0,0,0,8,0,0,22,10,0,18,168
13,yokohama_kohoku_tsuzuki_midori_aoba,3,3,1,3,3,0,0,0,0,0,0,0,7,13,3,3,0,15,0,0,0,0,0,0,0,20,0,0,0,0,0,0,0,0,0,0,3,5,0,0,0,15,8,0,0,0,0,0,0,0,0,0,0,0,0,0,0,0,0,0,0,0,0,0,0,0,15,0,0,0,0,5,0,129
14,yokohama_tsurumi_kanagawa,0,3,0,0,0,0,0,0,0,0,10,19,9,7,45,10,0,5,0,0,0,0,0,0,0,0,0,0,0,0,0,0,0,0,0,0,0,0,4,0,0,0,0,4,0,0,0,0,0,0,0,0,0,10,2,0,0,0,0,0,0,0,0,0,0,0,5,0,0,0,4,0,17,154
15,kawasaki_kawasaki_saiwai_nakahara,0,8,0,12,0,0,6,3,0,0,0,17,8,6,32,136,8,3,3,0,6,8,0,0,3,8,0,2,6,5,0,0,0,6,6,0,0,14,16,0,0,0,0,3,0,0,0,0,3,0,0,0,0,8,0,0,0,3,3,3,3,0,3,6,0,0,12,10,0,30,20,0,382,809
16,kawasaki_takatsu_miyamae_tama_asao,0,0,0,0,0,0,0,0,0,0,0,0,0,0,0,0,3,0,0,0,0,0,0,0,0,0,0,0,0,0,0,0,0,0,0,0,0,0,0,0,0,0,0,0,0,0,0,0,0,0,0,0,0,0,0,0,0,0,0,0,0,0,0,0,0,0,0,0,0,3,0,0,3,9
17,sagamihara_city,4,4,0,0,0,0,0,19,15,8,7,11,0,0,4,17,0,54,2,0,0,20,0,0,15,18,0,2,16,0,2,0,0,0,3,0,0,3,0,0,0,8,0,0,0,0,0,0,3,0,0,0,0,0,0,4,3,0,0,0,0,0,0,0,0,0,13,0,9,10,7,0,32,311
18,yokosuka_miura,0,0,0,0,0,0,3,0,0,0,0,4,0,0,27,13,0,3,12,0,0,0,0,0,0,0,0,0,0,0,0,0,0,0,0,0,0,0,0,0,0,3,0,0,0,0,0,0,0,0,0,0,0,0,0,0,0,0,0,0,0,0,0,0,0,0,4,0,0,4,0,4,6,82
19,kamakura_zushi_hayama,0,0,0,0,0,0,0,0,0,0,0,3,0,0,0,0,0,0,0,3,3,0,0,0,0,10,0,0,0,0,0,0,0,0,0,0,0,0,0,0,0,0,0,0,0,0,0,0,0,0,0,0,0,0,0,0,0,0,0,0,0,0,0,0,0,0,0,0,0,0,0,0,0,20
20,fujisawa_chigasaki_samukawa,0,0,0,0,0,0,0,0,0,0,3,3,7,0,13,10,0,0,3,0,10,10,0,0,3,10,0,0,3,3,0,0,0,0,3,0,0,0,0,0,0,0,0,0,0,0,0,0,0,0,3,0,0,0,0,0,0,0,3,0,0,0,0,1,0,0,7,7,0,6,7,0,10,126
21,hiratsuka_oiso_ninomiya,0,0,0,0,0,0,0,0,0,0,0,0,0,0,0,3,0,0,0,0,3,79,22,13,19,14,0,0,0,3,0,0,0,0,0,0,0,0,0,0,0,0,0,6,0,0,0,0,0,0,0,0,0,0,0,0,0,0,0,0,0,0,0,0,0,0,3,0,0,6,0,0,3,174
22,odawara_manazuru_yugawara_hakone,0,0,0,3,0,0,0,0,0,0,0,3,0,0,0,9,0,0,0,0,0,6,23,0,0,0,0,0,0,0,0,0,0,0,0,0,0,0,0,0,0,0,0,0,0,0,0,0,0,0,0,0,0,0,0,0,0,0,0,0,0,0,0,0,0,0,3,0,0,25,6,0,9,87
23,minami_ashigara_nakai_oi_matsuda_etc,0,0,0,0,0,0,0,0,0,0,0,0,0,0,0,3,0,0,0,0,0,7,13,3,7,3,0,0,0,0,0,0,0,0,0,0,0,0,0,0,0,0,0,0,0,0,0,0,0,0,0,0,0,0,0,0,0,0,0,0,0,0,0,3,0,0,0,0,0,0,0,0,0,39
24,atsugi_hadano_kiyokawa_isehara_etc,0,0,0,4,0,18,0,0,11,0,0,10,0,4,6,7,0,9,7,0,42,12,7,0,128,24,0,0,0,7,0,0,0,0,3,0,0,7,0,0,0,0,0,0,0,0,0,0,0,0,0,0,0,4,0,0,0,0,0,0,0,0,0,0,0,0,7,0,7,17,18,0,37,393
25,zama_yamato_ebina_ayase,6,23,8,28,8,6,28,0,14,0,0,0,32,0,3,41,12,58,3,0,14,34,0,0,6,86,3,0,0,2,0,0,0,2,3,2,0,0,5,0,0,0,3,3,0,0,3,0,0,0,0,0,0,0,0,0,0,0,0,2,0,0,0,0,0,0,17,0,0,35,9,0,40,541
26,saitama_city,0,0,0,0,0,0,4,3,0,0,0,0,0,0,0,0,0,0,0,0,0,0,0,0,0,0,292,12,0,23,0,0,0,0,3,0,0,0,0,0,0,0,0,0,0,3,0,0,0,0,0,3,0,0,0,0,0,0,19,0,0,0,0,0,0,0,4,0,0,12,0,8,66,450
27,kawaguchi_warabi_toda,0,0,0,0,0,0,0,0,0,0,0,0,0,0,0,0,0,0,0,0,0,0,0,0,0,0,3,57,0,31,0,0,0,6,0,0,0,0,11,0,0,0,0,0,0,0,0,0,0,0,0,0,0,0,0,0,0,0,0,0,0,0,0,0,0,0,14,0,0,16,0,0,9,148
28,asaka_wako_niiza_tokorozawa_etc,0,0,0,0,0,0,30,0,3,3,0,0,0,0,0,0,0,0,0,0,0,0,0,0,0,0,0,4,38,10,5,0,0,0,11,0,10,0,0,0,0,0,5,5,0,0,0,0,0,0,0,0,0,0,0,0,0,0,0,35,0,0,0,0,0,0,39,5,0,3,5,0,10,221
29,soka_kasukabe_misato_koshigaya_etc,0,0,0,3,0,3,16,0,0,0,0,0,0,0,0,0,0,0,0,0,0,0,0,0,0,0,16,6,7,79,0,3,0,24,0,0,0,0,7,0,0,0,0,0,0,0,0,3,10,0,19,3,0,0,0,0,4,0,3,0,25,0,0,10,0,0,16,3,3,3,3,7,37,315
30,hanno_hidaka_moroyama_ogose_etc,0,0,0,0,0,0,0,0,0,0,0,0,0,0,0,0,0,0,0,0,0,0,0,0,0,0,0,0,0,0,6,0,0,0,0,0,0,0,0,0,0,0,0,0,0,0,0,0,0,0,0,0,0,24,0,0,0,0,0,0,0,0,0,0,0,0,0,0,0,0,0,0,0,30
31,tsurugashima_sakado_kawajima_higashimatsuyama_etc,0,0,3,7,0,0,3,0,3,0,0,0,0,0,3,0,0,3,0,0,0,0,0,0,0,0,9,10,10,3,0,17,3,0,7,0,0,0,0,3,3,0,0,0,0,0,3,0,3,0,0,0,0,0,0,0,0,0,0,0,0,0,0,0,0,0,3,3,3,3,13,0,16,139
32,ageo_konosu_okegawa_kitamoto_etc,0,0,0,5,3,3,5,3,0,3,0,0,0,0,0,0,0,6,5,0,3,5,3,0,0,0,6,12,5,18,0,21,16,16,13,3,0,3,0,5,3,3,3,3,5,11,3,0,0,0,12,5,0,0,5,3,3,6,0,3,3,0,0,0,0,0,49,49,0,17,153,0,10,511
33,kuki_kazo_hanyu_gyoda_etc,0,0,0,0,0,0,0,0,0,0,0,0,0,0,0,0,0,0,0,0,0,0,0,0,0,0,3,0,0,12,0,4,4,18,14,4,0,0,0,4,0,0,0,0,0,0,0,0,7,4,4,0,0,0,4,4,7,3,11,4,3,0,0,0,0,0,3,0,0,0,0,0,7,124
34,kumagaya_fukaya_ogawa_yorii_etc,0,0,0,4,0,0,0,0,0,3,0,0,0,0,0,3,0,4,0,0,0,3,0,0,0,3,0,7,3,11,0,7,7,23,112,7,7,7,3,3,0,3,3,13,0,0,0,3,0,0,0,3,0,6,3,0,29,61,3,0,0,0,6,3,0,0,118,3,42,3,11,17,69,620
35,honjo_kamikawa_kamisato,0,0,0,0,0,0,0,0,0,0,0,0,0,0,0,0,0,0,0,0,0,0,0,0,0,0,0,0,0,0,0,0,0,0,3,21,0,0,0,0,0,0,0,0,0,0,0,0,0,0,0,0,0,0,0,0,18,7,0,0,0,0,0,3,0,0,0,10,0,3,0,0,0,67
36,chichibu_yokoze_minano_nagatoro_etc,0,0,0,0,0,0,0,0,0,0,0,0,0,0,0,0,0,0,0,0,0,0,0,0,0,0,0,3,0,0,3,0,0,0,8,0,0,0,0,0,0,0,0,0,0,0,0,0,0,0,0,0,0,0,0,0,0,0,0,0,0,0,0,0,0,0,0,0,0,0,0,0,0,15
37,chiba_city,0,0,0,7,0,0,0,0,3,0,0,0,0,0,0,0,0,0,0,0,0,0,0,0,4,0,0,0,3,3,0,0,0,0,0,0,0,104,14,3,0,7,25,7,0,0,6,0,0,7,3,0,0,0,14,0,0,0,0,0,0,0,3,3,0,0,10,0,6,0,25,0,14,273
38,ichikawa_urayasu_narashino_funabashi,0,11,0,14,0,4,4,0,0,0,0,0,0,0,0,11,0,0,0,0,0,0,0,0,0,0,0,4,0,11,0,0,0,0,0,0,0,12,33,32,0,0,0,8,0,0,0,0,0,50,0,0,0,4,7,0,0,0,4,4,7,0,0,0,0,0,11,0,0,4,0,0,25,259
39,matsudo_kamagaya_kashiwa_abiko,0,0,0,8,0,3,5,0,0,0,0,0,0,0,0,4,0,6,0,0,0,0,0,0,0,0,0,0,0,19,0,0,0,4,13,0,0,0,0,27,0,14,7,4,0,0,0,7,0,0,4,0,0,0,0,3,0,0,0,0,6,0,0,4,0,0,15,4,0,0,11,0,4,170
40,nagareyama_noda,0,0,0,9,0,7,18,14,0,0,0,0,0,0,0,0,0,0,0,0,18,0,0,0,0,0,10,5,0,30,0,0,0,5,4,0,0,22,30,41,37,15,0,5,0,6,4,15,1,1,1,6,0,1,9,5,2,0,0,0,0,0,1,4,0,0,22,0,0,0,7,0,34,387
41,yachiyo_sakura_narita_shiroi_etc,0,0,0,0,0,0,4,0,0,0,0,0,0,0,0,0,0,4,0,0,0,0,0,0,0,0,0,0,0,0,0,0,0,0,0,0,0,5,0,0,0,51,0,0,0,4,0,0,0,4,0,0,0,4,0,0,0,0,5,0,0,0,0,10,0,0,0,0,0,6,11,0,24,131
42,ichihara_city,0,2,0,4,0,0,0,0,0,0,0,0,0,4,0,0,0,0,0,0,0,0,0,0,0,0,6,0,4,7,0,0,0,2,0,0,0,5,13,4,0,19,39,44,0,35,8,7,9,0,27,0,0,13,0,0,13,0,4,0,0,0,0,9,0,0,7,9,0,0,11,23,84,411
43,kisarazu_sodegaura_kimitsu_futtsu,131,203,65,0,65,0,0,0,0,0,87,22,0,65,65,5,0,0,0,0,0,0,0,0,0,0,6,0,0,0,0,0,0,0,0,0,0,0,16,0,0,0,9,50,0,0,2,0,0,0,0,0,0,7,0,2,0,0,0,0,0,0,0,0,0,0,3,0,0,2,4,0,8,820
44,katsuura_otaki_tateyama_kamogawa_etc,0,0,0,0,0,0,0,0,0,0,0,0,0,0,0,0,0,0,0,0,0,0,0,0,0,0,0,0,0,0,0,0,0,0,0,0,0,0,3,0,0,0,8,0,27,0,0,0,0,0,0,0,0,0,0,0,0,0,0,0,0,0,0,0,0,0,0,0,0,0,0,0,0,38
45,choshi_asahi_sosa_katori_etc,0,0,0,3,0,0,0,0,0,0,0,0,0,0,0,0,0,0,0,0,0,0,0,0,0,0,0,0,0,0,0,0,0,0,0,0,0,8,6,0,0,0,0,3,0,146,5,0,3,0,0,0,0,60,0,0,0,5,0,0,0,0,0,0,0,0,16,0,0,0,18,0,0,274
46,togane_mobara_sanmu_oamishirasato_etc,0,0,0,0,0,2,0,0,0,0,0,0,0,0,0,0,0,0,0,0,0,3,0,0,3,0,0,0,0,3,0,0,0,0,0,0,0,6,6,0,0,12,15,3,0,11,29,0,0,0,0,0,0,3,0,6,0,0,3,0,3,0,0,0,0,0,0,0,0,0,2,0,10,121
47,tsuchiura_ishioka_omitama_kasumigaura_etc,0,0,0,0,0,0,0,0,0,0,0,0,0,0,4,0,21,0,0,0,0,0,0,0,0,0,0,0,0,0,0,0,0,0,0,0,0,0,0,0,0,15,0,0,0,0,0,30,32,15,13,11,11,0,11,26,0,0,0,0,4,0,0,11,0,0,8,0,0,0,0,0,23,234
48,koga_shimotsuma_yachiyo_goka_etc,0,0,0,0,0,0,0,0,0,0,0,0,0,0,0,0,0,0,0,0,0,0,0,0,0,0,0,0,0,0,0,0,0,6,0,0,0,0,3,0,0,0,0,0,0,3,0,0,31,0,0,0,0,7,0,0,7,0,6,6,0,0,0,0,0,0,17,0,0,3,7,10,66,171
49,tsukuba_city,0,0,0,0,0,0,0,0,0,0,0,0,0,0,4,0,0,5,0,0,0,0,0,0,0,0,0,0,0,4,0,0,0,0,0,0,0,0,1,0,0,0,0,0,0,0,4,5,5,52,4,0,0,0,1,61,0,1,1,0,0,0,0,0,0,0,4,0,0,0,0,0,0,152
50,joso_bando,0,0,0,0,0,0,0,0,0,0,0,0,0,1,5,5,0,2,0,0,0,0,0,0,0,0,3,0,1,0,0,0,1,2,1,1,0,0,0,0,7,3,0,0,0,7,0,3,1,3,15,0,0,3,5,1,0,5,0,0,1,0,1,0,0,0,2,0,0,0,2,17,7,108
51,ryugasaki_toride_ushiku_moriya_etc,0,0,0,0,0,0,0,0,0,0,0,0,0,0,0,0,0,0,0,0,0,0,0,0,0,0,0,0,0,0,0,3,0,0,0,0,0,0,0,0,3,0,0,0,0,0,0,3,3,135,3,68,6,0,10,0,0,0,10,0,0,0,0,0,0,0,0,0,0,0,0,0,19,263
52,inashiki_miho_kawachi,0,0,0,0,0,0,0,0,0,0,0,0,0,0,0,0,0,0,0,0,0,0,0,0,0,0,0,0,0,0,0,0,0,0,2,0,0,0,0,3,0,3,4,0,0,21,0,3,2,21,0,36,201,9,2,2,0,0,0,0,0,0,0,0,0,0,2,0,0,0,8,0,0,320
53,kashima_kamisu_namegata_itako,0,0,0,0,0,0,0,0,0,0,0,0,0,0,0,0,0,0,0,0,0,0,0,0,0,0,0,0,0,0,0,0,0,3,0,0,0,0,0,0,0,0,6,5,0,0,0,6,3,0,3,0,0,40,0,0,3,0,0,0,0,0,0,3,3,0,59,18,6,0,3,0,725,885
54,mito_hitachi_kasama_hitachinaka_etc,254,12,0,0,0,0,0,0,0,0,0,0,0,0,0,0,0,0,0,0,0,0,0,0,0,0,0,0,0,0,0,0,0,0,0,0,0,0,0,0,0,0,4,0,0,0,0,5,0,0,0,0,0,6,70,0,0,0,0,0,0,0,5,0,0,0,0,0,0,0,3,0,52,410
55,yuki_chikusei_sakuragawa,0,0,0,0,0,0,0,0,0,0,0,0,0,0,0,0,0,0,0,0,0,0,0,0,0,0,0,0,3,0,0,0,0,0,0,0,0,0,0,0,0,0,0,0,0,0,0,0,9,0,0,0,0,0,3,18,0,0,3,3,0,0,0,0,0,0,8,0,3,0,0,0,3,54
56,maebashi_takasaki_isesaki_shibukawa_etc,0,0,0,0,0,0,0,0,3,0,0,0,0,0,0,8,0,3,0,0,0,3,0,0,0,3,3,0,6,0,0,0,4,5,11,11,0,0,1,0,0,3,0,0,0,0,3,0,0,0,3,4,0,0,0,0,180,96,12,8,13,0,3,4,55,0,28,30,20,10,73,0,39,646
57,kiryu_ota_tatebayashi_midori_etc,0,0,0,0,0,0,0,7,4,0,0,9,0,0,0,0,0,0,0,0,0,0,0,0,0,0,0,3,4,0,0,0,7,13,35,38,7,0,0,0,0,0,0,0,0,4,0,0,0,4,4,10,0,14,4,7,272,177,35,87,10,0,0,88,98,7,4,14,84,4,7,0,0,1058
58,utsunomiya_kanuma_moka_kaminokawa_etc,0,0,0,43,0,0,0,0,0,0,0,0,0,0,0,0,0,0,0,0,8,0,0,0,0,0,0,0,0,0,0,0,0,0,0,0,0,0,3,0,0,0,0,0,0,0,0,0,0,0,0,0,0,14,0,14,0,17,556,692,16,0,0,396,0,0,3,0,0,0,3,0,35,1799
59,tochigi_oyama_shimotsuke_nogi_etc,9,0,0,3,0,0,0,0,0,0,0,0,0,0,0,0,0,0,0,9,0,0,0,0,0,0,0,0,0,0,0,0,0,0,0,0,0,0,0,0,0,0,0,0,0,0,0,0,0,9,0,0,0,0,0,0,4,0,41,33,0,0,0,3,0,0,0,9,0,0,0,0,74,193
60,ashikaga_sano,0,0,0,0,0,0,0,0,0,0,0,0,0,0,0,0,0,0,0,0,0,0,0,0,0,0,0,3,0,0,0,0,0,0,0,0,0,0,0,0,0,0,0,0,0,0,0,0,0,0,0,0,0,0,0,0,3,3,0,16,3,0,0,0,0,0,0,0,0,0,0,0,0,27
61,tokyo_islands,0,0,0,0,0,0,0,0,0,0,0,0,0,0,0,0,0,0,0,0,0,0,0,0,0,0,0,0,0,0,0,0,0,0,0,0,0,0,0,0,0,0,0,0,0,0,0,0,0,0,0,0,0,0,0,0,0,0,0,0,0,0,0,0,0,0,0,0,0,0,0,0,0,0
62,ibaraki_north,0,0,0,0,0,0,0,0,0,0,0,0,0,0,0,0,0,0,0,0,0,0,0,0,0,0,0,0,0,0,0,0,0,0,0,0,6,0,0,6,0,0,0,0,0,0,0,0,0,0,0,0,0,0,0,0,0,0,0,0,0,0,0,0,0,0,0,0,0,0,0,0,0,12
63,tochigi_north,0,0,0,0,0,0,0,0,0,0,0,0,0,0,0,0,0,0,0,0,0,0,0,0,4,0,0,0,0,7,0,0,0,0,14,0,3,0,0,0,0,0,0,0,0,0,0,0,9,0,0,0,4,0,0,0,0,7,91,7,4,0,0,0,0,0,0,0,0,0,0,0,0,149
64,gunma_north,0,0,0,0,0,0,0,0,0,0,0,0,0,0,0,0,0,0,0,0,0,0,0,0,0,0,0,0,0,0,0,0,0,0,7,0,0,0,0,0,0,0,0,0,0,0,0,0,0,0,0,10,0,0,0,0,6,9,0,0,36,0,0,0,0,0,0,0,0,0,0,0,0,68
65,gunma_other_ueno_kanna_nanmoku,0,0,0,0,0,0,0,0,0,0,0,0,0,0,0,0,0,0,0,0,0,0,0,0,0,0,0,0,0,0,0,0,0,0,0,0,0,0,0,0,0,0,0,0,0,0,0,0,0,0,0,0,0,0,0,0,0,0,0,0,0,0,0,0,0,0,0,0,0,0,0,0,0,0
66,hokkaido_tohoku,0,3,0,0,0,0,0,0,6,0,0,3,0,3,2,17,0,0,0,0,0,0,0,0,5,6,5,0,5,3,16,0,0,0,69,0,65,0,4,12,0,13,2,6,0,15,0,0,0,6,3,0,0,0,0,20,0,6,0,12,68,0,0,0,0,0,0,0,0,0,0,0,0,376
67,hokuriku,0,0,0,0,0,0,0,0,9,0,0,0,0,0,0,0,0,0,0,0,0,0,0,0,6,0,0,0,2,3,6,0,0,0,4,0,6,0,0,0,0,4,0,0,0,0,0,0,0,0,0,0,0,0,0,6,18,6,0,9,4,0,0,0,0,0,0,0,0,0,0,0,0,81
68,yamanashi_nagano,0,3,0,13,0,0,0,0,22,0,0,7,0,0,2,3,0,13,0,0,3,0,0,0,1,6,0,0,0,0,8,0,0,0,24,0,51,0,0,0,0,0,0,0,0,0,0,0,0,0,0,19,0,0,0,9,18,15,0,38,4,0,0,0,0,0,0,0,0,0,0,0,0,259
69,shizuoka,0,0,0,6,0,0,0,1,6,0,0,7,0,7,10,24,0,6,0,0,0,0,3,0,5,4,0,0,0,0,26,0,0,8,12,0,14,0,4,0,0,0,0,0,0,5,0,0,0,0,0,0,0,0,0,0,0,7,6,0,7,0,0,0,0,0,0,0,0,0,0,0,0,168
70,chubu_west,0,3,0,107,0,0,0,7,8,0,0,3,2,0,7,14,0,2,0,0,6,0,0,3,13,27,0,0,0,8,8,4,3,0,3,0,6,0,0,0,0,23,8,0,0,0,1,11,0,4,0,0,0,6,6,0,2,7,4,3,4,0,0,0,0,0,0,0,0,0,0,0,0,313
71,overseas,0,0,0,0,0,0,0,0,0,0,0,0,0,0,2,0,0,0,0,0,0,0,0,0,0,0,0,0,0,0,0,0,0,0,0,0,0,0,0,0,0,0,0,0,0,0,4,0,0,0,0,0,0,0,0,0,0,0,0,0,0,0,0,0,0,0,0,0,0,0,0,0,0,5
999,unknown,0,0,0,0,0,0,0,0,0,0,0,0,0,0,0,0,0,0,0,0,0,0,0,0,0,0,0,0,0,0,0,0,0,0,0,0,0,0,0,0,0,0,0,0,0,0,0,0,0,0,0,0,0,0,0,0,0,0,0,0,0,0,0,0,0,0,0,0,0,0,0,0,0,0
○mixed_load,,,,,,,,,,,,,,,,,,,,,,,,,,,,,,,,,,,,,,,,,,,,,,,,,,,,,,,,,,,,,,,,,,,,,,,,,,,(unit: vehicles/day)
large_zone,region,tokyo_chiyoda_chuo_minato,tokyo_meguro_shinagawa_ota,tokyo_toshima_bunkyo_shinjuku_shibuya,tokyo_arakawa_taito_sumida_koto,tokyo_nakano_suginami_setagaya,tokyo_nerima_itabashi_kita,tokyo_adachi_katsushika_edogawa,chofu_nishitokyo_fuchu_musashino_etc,machida_tama_hachioji_inagi_etc,mizuho_fussa_hamura_akiruno_etc,yokohama_nishi_naka,yokohama_isogo_minami_kanazawa_konan,yokohama_hodogaya_totsuka_sakae_izumi_etc,yokohama_kohoku_tsuzuki_midori_aoba,yokohama_tsurumi_kanagawa,kawasaki_kawasaki_saiwai_nakahara,kawasaki_takatsu_miyamae_tama_asao,sagamihara_city,yokosuka_miura,kamakura_zushi_hayama,fujisawa_chigasaki_samukawa,hiratsuka_oiso_ninomiya,odawara_manazuru_yugawara_hakone,minami_ashigara_nakai_oi_matsuda_etc,atsugi_hadano_kiyokawa_isehara_etc,zama_yamato_ebina_ayase,saitama_city,kawaguchi_warabi_toda,asaka_wako_niiza_tokorozawa_etc,soka_kasukabe_misato_koshigaya_etc,hanno_hidaka_moroyama_ogose_etc,tsurugashima_sakado_kawajima_higashimatsuyama_etc,ageo_konosu_okegawa_kitamoto_etc,kuki_kazo_hanyu_gyoda_etc,kumagaya_fukaya_ogawa_yorii_etc,honjo_kamikawa_kamisato,chichibu_yokoze_minano_nagatoro_etc,chiba_city,ichikawa_urayasu_narashino_funabashi,matsudo_kamagaya_kashiwa_abiko,nagareyama_noda,yachiyo_sakura_narita_shiroi_etc,ichihara_city,kisarazu_sodegaura_kimitsu_futtsu,katsuura_otaki_tateyama_kamogawa_etc,choshi_asahi_sosa_katori_etc,togane_mobara_sanmu_oamishirasato_etc,tsuchiura_ishioka_omitama_kasumigaura_etc,koga_shimotsuma_yachiyo_goka_etc,tsukuba_city,joso_bando,ryugasaki_toride_ushiku_moriya_etc,inashiki_miho_kawachi,kashima_kamisu_namegata_itako,mito_hitachi_kasama_hitachinaka_etc,yuki_chikusei_sakuragawa,maebashi_takasaki_isesaki_shibukawa_etc,kiryu_ota_tatebayashi_midori_etc,utsunomiya_kanuma_moka_kaminokawa_etc,tochigi_oyama_shimotsuke_nogi_etc,ashikaga_sano,tokyo_islands,ibaraki_north,tochigi_north,gunma_north,gunma_other_ueno_kanna_nanmoku,hokkaido_tohoku,hokuriku,yamanashi_nagano,shizuoka,chubu_west,overseas,unknown,all_regions
0,tokyo_chiyoda_chuo_minato,115,34,3,49,6,3,3,16,3,0,3,0,3,6,13,0,3,6,0,0,6,0,0,0,3,6,0,6,6,0,0,0,3,3,0,0,0,6,6,0,3,6,0,0,0,3,3,0,0,3,0,0,0,0,6,0,0,0,0,0,0,0,0,3,3,0,26,10,3,3,38,0,28,456
1,tokyo_meguro_shinagawa_ota,6,23,0,3,6,0,0,0,0,0,0,0,0,0,0,0,0,0,0,0,0,0,0,0,0,6,0,0,0,3,0,0,0,0,0,0,0,0,0,0,0,0,0,0,0,0,0,0,0,0,0,0,0,0,0,0,0,0,0,0,0,0,0,0,0,0,3,0,0,0,3,0,14,69
2,tokyo_toshima_bunkyo_shinjuku_shibuya,0,0,0,0,0,0,0,0,0,0,0,0,0,0,0,0,0,0,0,0,0,0,0,0,0,0,0,0,0,0,0,0,0,0,0,0,0,0,0,0,0,0,0,0,0,0,0,0,0,0,0,0,0,0,0,0,0,0,0,0,0,0,0,0,0,0,0,0,0,0,0,0,0,0
3,tokyo_arakawa_taito_sumida_koto,0,0,35,44,0,0,0,35,0,0,0,0,0,0,0,0,0,0,0,0,0,0,0,0,0,0,0,0,3,0,0,0,0,0,0,0,0,0,0,0,0,0,0,0,0,0,0,0,0,0,0,3,0,0,0,0,0,0,0,0,0,0,0,35,0,0,0,0,0,0,35,0,0,189
4,tokyo_nakano_suginami_setagaya,0,39,69,0,104,0,0,0,0,0,0,0,0,0,0,0,9,0,0,0,0,0,0,0,0,0,0,0,0,5,0,0,0,0,0,0,0,0,0,0,0,0,0,0,0,0,0,0,0,0,0,0,0,0,0,0,0,0,0,0,0,0,0,0,0,0,0,0,0,0,19,0,0,245
5,tokyo_nerima_itabashi_kita,0,17,55,0,0,19,0,0,0,0,0,0,0,0,0,0,0,0,0,0,0,0,0,0,0,0,0,0,0,0,0,0,0,0,0,0,0,0,0,0,0,0,0,0,0,0,0,0,0,0,0,0,0,0,0,0,0,0,0,0,0,0,0,0,0,0,0,0,0,0,0,0,46,137
6,tokyo_adachi_katsushika_edogawa,41,2,6,5,0,7,7,0,0,0,0,0,0,0,0,0,0,0,0,0,0,0,0,0,0,0,0,0,0,0,0,0,0,0,0,0,0,0,0,3,0,0,0,0,0,0,0,0,0,5,0,0,0,0,0,3,0,3,0,0,0,0,0,0,0,0,7,0,0,0,7,0,220,317
7,chofu_nishitokyo_fuchu_musashino_etc,5,0,0,0,0,0,0,0,0,0,0,0,0,0,0,0,0,0,0,0,0,0,0,0,0,0,0,0,0,0,0,0,0,0,0,0,0,0,0,0,0,0,0,0,0,0,0,0,0,0,0,0,0,0,0,0,0,0,0,0,0,0,0,0,0,0,0,0,0,0,0,0,0,5
8,machida_tama_hachioji_inagi_etc,3,0,0,3,0,0,0,18,31,18,0,0,0,0,0,0,0,0,0,0,0,0,0,0,0,0,0,0,0,0,0,0,0,3,0,0,0,0,0,0,0,0,0,0,0,0,0,0,0,0,0,0,0,0,0,0,0,0,0,0,0,0,0,0,0,0,0,0,0,0,9,0,0,84
9,mizuho_fussa_hamura_akiruno_etc,0,0,0,0,0,0,0,0,0,0,0,0,0,0,0,0,0,0,0,0,0,0,0,0,0,0,0,0,0,0,0,0,0,0,0,0,0,0,0,0,0,0,0,0,0,0,0,0,0,0,0,0,0,0,0,0,0,0,0,0,0,0,0,0,0,0,0,0,0,0,0,0,3,3
10,yokohama_nishi_naka,0,0,0,0,0,0,0,0,0,0,0,0,0,0,0,0,0,0,0,0,0,0,0,0,0,0,0,0,0,0,0,0,0,0,0,0,0,0,0,0,0,0,0,0,0,0,0,0,0,0,0,0,0,0,0,0,0,0,0,0,0,0,0,0,0,0,0,0,0,0,0,53,0,53
11,yokohama_isogo_minami_kanazawa_konan,0,0,0,0,0,0,0,0,0,0,0,5,5,0,0,0,0,0,0,0,0,0,0,0,0,0,0,0,0,0,0,0,0,0,0,0,0,0,0,0,0,0,0,0,0,0,0,0,0,0,0,0,0,0,0,0,0,0,0,0,0,0,0,0,0,0,0,0,0,0,0,0,0,10
12,yokohama_hodogaya_totsuka_sakae_izumi_etc,0,0,0,0,0,0,0,0,0,0,7,0,10,9,3,3,0,0,0,0,0,3,0,0,0,0,0,3,0,3,0,0,0,3,0,0,0,0,3,0,0,3,0,0,0,0,0,0,0,0,0,0,0,0,0,0,0,0,0,0,0,0,0,0,0,0,7,0,13,0,16,0,3,91
13,yokohama_kohoku_tsuzuki_midori_aoba,0,0,3,0,0,3,0,0,0,0,0,1,0,3,0,3,0,0,0,0,0,0,0,0,0,0,0,0,0,0,0,0,0,13,0,0,0,0,0,0,0,0,0,0,0,0,0,0,0,0,0,0,0,0,1,0,0,0,0,0,0,0,0,0,0,0,3,0,5,0,13,0,11,62
14,yokohama_tsurumi_kanagawa,0,0,0,0,0,0,0,0,0,0,0,0,0,0,0,0,0,0,0,0,0,0,0,0,0,0,0,0,0,0,0,0,0,0,0,0,0,0,0,0,0,0,0,0,0,0,0,0,0,0,0,0,0,0,0,0,0,0,0,0,0,0,0,0,0,0,0,0,0,0,0,0,0,0
15,kawasaki_kawasaki_saiwai_nakahara,0,0,0,0,0,0,0,0,0,0,0,0,0,0,0,0,0,0,0,0,0,0,0,0,0,0,0,0,0,0,0,0,0,0,0,0,0,0,0,0,0,0,0,0,0,0,0,0,0,0,0,0,0,0,0,0,0,0,0,0,0,0,0,0,0,0,0,0,0,0,0,0,6,6
16,kawasaki_takatsu_miyamae_tama_asao,4,1,0,0,0,0,0,0,0,0,0,0,0,4,0,0,0,0,0,0,0,0,0,0,0,0,0,0,0,0,0,0,0,0,0,0,0,0,0,0,0,0,0,0,0,0,0,0,0,0,0,0,0,0,0,0,0,0,4,0,0,0,0,1,0,0,4,0,4,0,22,8,0,53
17,sagamihara_city,0,0,0,0,0,3,0,0,0,0,0,0,0,0,0,0,0,16,0,0,0,0,0,0,21,0,0,0,0,0,0,0,0,0,0,0,0,0,0,0,0,0,0,0,0,0,0,0,0,0,0,0,0,0,0,0,0,0,0,0,0,0,0,0,0,0,12,3,0,0,15,0,9,80
18,yokosuka_miura,0,0,0,0,0,0,0,0,0,0,0,0,0,0,0,0,0,0,0,0,0,0,0,0,0,0,0,0,0,0,0,0,0,0,0,0,0,0,0,0,0,0,0,0,0,0,0,0,0,0,0,0,0,0,0,0,0,0,0,0,0,0,0,0,0,0,0,0,0,0,0,0,0,0
19,kamakura_zushi_hayama,0,0,0,0,0,0,0,0,0,0,0,0,0,0,0,0,0,0,0,0,0,0,0,0,0,0,0,0,0,0,0,0,0,0,0,0,0,0,0,0,0,0,0,0,0,0,0,0,0,0,0,0,0,0,0,0,0,0,0,0,0,0,0,0,0,0,0,0,0,0,0,0,0,0
20,fujisawa_chigasaki_samukawa,7,0,0,0,0,0,0,0,0,0,0,0,0,0,0,0,0,0,0,0,35,0,0,0,0,0,0,0,0,0,0,0,0,0,0,0,0,0,0,0,0,0,0,0,0,0,0,0,0,0,0,0,0,0,0,0,0,0,0,0,0,0,0,0,0,0,0,0,0,0,3,0,0,45
21,hiratsuka_oiso_ninomiya,0,0,0,0,0,0,0,0,0,0,0,0,0,0,0,0,0,0,0,0,0,0,0,0,0,0,0,0,0,0,0,0,0,0,0,0,0,0,0,0,0,0,0,0,0,0,0,0,0,0,0,0,0,0,0,0,0,0,0,0,0,0,0,0,0,0,0,0,0,0,0,0,11,11
22,odawara_manazuru_yugawara_hakone,0,0,0,0,0,0,0,0,0,0,0,0,0,0,0,0,0,0,0,0,0,0,0,1,0,0,0,0,0,0,0,0,0,0,0,0,0,0,0,0,0,0,0,0,0,0,0,0,0,0,0,0,0,0,0,0,0,0,0,0,0,0,0,0,0,0,0,0,0,0,0,0,0,1
23,minami_ashigara_nakai_oi_matsuda_etc,3,0,0,0,0,0,0,0,0,0,0,3,0,0,0,0,0,3,0,0,0,0,0,0,0,0,0,0,0,0,0,0,0,3,3,0,0,0,0,0,0,0,0,0,0,0,0,0,0,0,0,0,0,0,0,0,0,0,0,0,0,0,0,3,0,0,0,0,0,0,19,0,0,36
24,atsugi_hadano_kiyokawa_isehara_etc,0,0,0,0,0,0,0,3,0,0,0,0,0,0,0,0,0,0,0,0,0,0,0,0,6,0,0,0,0,0,0,0,0,0,0,0,0,0,0,0,0,0,3,0,0,0,0,0,0,0,0,0,0,0,0,0,0,0,0,0,0,0,0,0,0,0,0,0,0,3,0,0,0,15
25,zama_yamato_ebina_ayase,0,3,0,0,0,0,0,0,3,0,0,0,3,0,0,0,0,0,0,0,0,0,0,0,0,14,0,0,0,0,0,0,0,0,0,0,0,0,0,0,0,0,0,0,0,0,0,0,0,0,0,0,0,0,0,0,0,0,0,0,0,0,0,0,0,0,18,12,6,6,35,0,12,112
26,saitama_city,7,0,0,0,0,0,3,0,0,0,0,0,0,0,0,0,3,3,0,0,0,0,0,0,0,0,3,0,0,0,0,0,0,0,0,0,0,0,0,0,0,0,0,0,0,0,0,0,0,0,0,0,0,0,0,0,0,0,0,0,0,0,0,0,0,0,0,0,0,0,0,0,3,23
27,kawaguchi_warabi_toda,0,0,0,0,0,0,4,0,0,0,0,0,0,0,0,0,0,0,0,0,0,0,0,0,0,0,0,0,0,0,0,0,0,0,0,0,0,0,0,0,0,4,0,0,0,0,0,0,0,0,0,0,0,0,0,0,0,0,0,0,0,0,0,0,0,0,0,0,0,0,0,0,0,9
28,asaka_wako_niiza_tokorozawa_etc,0,0,0,0,0,0,0,12,0,0,0,0,0,0,0,0,0,0,0,0,0,0,0,0,0,0,9,0,0,0,0,10,0,0,0,0,0,0,20,0,0,0,0,0,0,0,0,0,0,0,0,0,0,0,0,0,12,0,9,8,0,0,0,0,0,0,25,4,4,6,33,0,29,182
29,soka_kasukabe_misato_koshigaya_etc,0,0,0,0,0,0,0,0,0,0,0,0,0,0,0,0,0,0,0,0,0,0,0,0,0,0,0,0,0,4,0,0,0,0,0,0,0,0,0,0,0,0,0,0,0,0,0,0,0,0,0,0,0,0,0,0,0,0,0,0,0,0,0,0,0,0,0,0,0,0,3,0,0,8
30,hanno_hidaka_moroyama_ogose_etc,10,0,6,3,0,0,0,0,0,0,3,0,0,3,0,0,0,0,0,0,0,0,0,0,0,0,0,0,0,0,0,0,0,0,0,0,0,0,3,0,0,0,0,0,0,0,0,0,0,0,0,0,0,0,0,0,0,0,0,0,0,0,0,0,0,0,0,0,0,0,0,0,0,29
31,tsurugashima_sakado_kawajima_higashimatsuyama_etc,0,0,0,0,0,0,0,0,0,0,0,0,3,0,0,0,0,0,0,0,0,0,0,0,0,0,5,0,3,0,0,0,8,0,0,0,0,0,0,0,0,0,0,0,0,0,0,0,0,0,0,0,0,0,0,0,0,0,0,0,0,0,0,0,0,0,0,0,0,0,0,0,0,19
32,ageo_konosu_okegawa_kitamoto_etc,0,0,0,0,0,0,0,0,0,0,0,0,0,0,0,0,0,0,0,0,0,0,0,0,0,0,0,0,0,0,0,0,0,0,0,0,0,0,0,0,0,0,0,0,0,0,0,0,0,0,0,0,0,0,0,0,0,0,0,0,0,0,0,0,0,0,0,0,0,0,0,0,11,11
33,kuki_kazo_hanyu_gyoda_etc,0,0,0,0,0,0,0,0,0,0,0,0,0,0,0,0,0,0,0,0,0,0,0,0,0,0,6,0,0,0,0,0,0,6,0,0,0,0,0,0,0,0,0,0,0,0,0,0,0,0,0,0,0,0,0,0,0,0,0,0,0,0,0,0,0,0,0,0,0,0,0,0,0,12
34,kumagaya_fukaya_ogawa_yorii_etc,0,0,0,0,0,0,0,0,0,0,0,0,0,0,0,0,0,0,0,0,0,0,0,0,0,0,0,0,0,0,0,0,0,0,0,0,0,0,0,0,0,0,0,0,0,0,0,0,0,0,0,0,0,0,0,0,0,0,0,0,0,0,0,0,0,0,0,0,0,0,0,0,0,0
35,honjo_kamikawa_kamisato,0,0,0,0,0,0,0,20,20,0,0,0,0,0,0,0,0,0,0,0,0,0,20,0,0,0,0,20,20,0,0,0,0,0,0,0,0,0,0,20,0,20,0,0,0,0,0,20,0,0,0,0,0,0,20,0,20,0,20,0,0,0,0,0,0,0,103,60,20,20,283,0,37,744
36,chichibu_yokoze_minano_nagatoro_etc,0,0,0,0,0,0,0,0,0,0,0,0,0,0,0,0,0,0,0,0,0,0,0,0,0,0,0,0,0,0,0,0,0,0,0,0,0,0,0,0,0,0,0,0,0,0,0,0,0,0,0,0,0,0,0,0,0,0,0,0,0,0,0,0,0,0,0,0,0,0,0,0,0,0
37,chiba_city,0,0,0,0,0,0,0,0,0,0,0,0,0,0,0,0,0,0,0,0,0,0,0,0,0,0,0,0,0,0,0,0,0,0,0,0,0,7,0,0,0,0,0,0,0,0,0,0,0,0,0,0,0,0,0,0,0,0,0,0,0,0,0,0,0,0,0,0,0,0,0,0,0,7
38,ichikawa_urayasu_narashino_funabashi,0,0,0,0,0,0,0,0,0,0,0,0,0,0,0,0,0,0,0,0,0,0,0,0,0,0,0,0,0,0,0,0,0,0,0,0,0,0,21,0,0,0,0,0,0,0,0,0,0,0,0,0,0,0,0,0,0,0,0,0,0,0,0,0,0,0,0,0,0,0,0,0,0,21
39,matsudo_kamagaya_kashiwa_abiko,0,0,0,0,0,0,0,0,0,0,0,0,0,0,0,0,0,0,0,0,0,0,0,0,0,0,0,0,0,0,0,0,0,0,0,0,0,4,3,30,0,19,0,0,0,4,0,0,0,0,0,4,0,0,0,0,0,0,0,0,0,0,0,0,0,0,0,0,0,0,0,0,0,63
40,nagareyama_noda,0,0,0,0,0,0,0,0,0,0,0,0,0,0,0,0,0,0,0,0,0,0,0,0,0,0,19,0,0,0,0,0,0,0,0,0,0,0,0,0,0,0,0,0,0,0,0,0,0,0,0,0,0,19,0,0,0,0,0,19,0,0,0,0,0,0,0,0,0,0,0,0,0,57
41,yachiyo_sakura_narita_shiroi_etc,3,0,0,0,0,0,0,0,3,0,0,0,3,3,0,0,0,0,0,0,0,0,0,0,0,0,3,0,3,0,0,0,0,0,0,0,0,0,0,3,0,35,0,0,0,0,0,0,3,0,0,0,0,0,0,0,0,0,0,0,0,0,0,0,0,0,3,3,0,0,22,0,27,114
42,ichihara_city,0,0,0,0,0,0,0,0,0,0,0,0,0,0,0,0,0,0,0,0,0,0,0,0,0,0,0,0,0,0,0,0,0,0,0,0,0,0,0,0,0,0,0,0,0,0,0,0,0,0,0,0,0,0,0,0,0,0,0,0,0,0,0,0,0,0,0,0,0,0,0,0,0,0
43,kisarazu_sodegaura_kimitsu_futtsu,0,0,0,0,0,0,0,0,0,0,0,0,0,0,0,0,0,0,0,0,0,0,2,0,0,0,0,0,0,0,0,0,0,0,0,0,0,0,0,0,0,0,9,109,0,0,0,0,0,0,0,0,0,0,0,0,0,0,0,0,0,0,0,0,0,0,0,0,0,0,0,0,0,120
44,katsuura_otaki_tateyama_kamogawa_etc,0,0,0,0,0,0,0,0,0,0,0,0,0,0,0,0,0,0,0,0,0,0,0,0,0,0,0,0,0,0,0,0,0,0,0,0,0,0,0,0,0,0,0,0,0,0,0,0,0,0,0,0,0,0,0,0,0,0,0,0,0,0,0,0,0,0,0,0,0,0,0,0,0,0
45,choshi_asahi_sosa_katori_etc,0,0,0,0,0,0,0,0,0,0,0,0,0,0,0,0,0,0,0,0,0,0,0,0,0,0,0,0,0,0,0,0,0,0,0,0,0,0,0,0,0,4,0,0,0,0,0,0,0,0,0,0,0,0,0,0,0,0,0,0,0,0,0,0,0,0,0,0,0,0,0,0,0,4
46,togane_mobara_sanmu_oamishirasato_etc,0,0,0,0,0,0,0,0,0,0,0,0,0,0,0,0,0,0,0,0,0,0,0,0,0,0,0,0,0,0,0,0,0,0,0,0,0,0,0,0,0,0,0,0,0,0,0,0,0,0,0,0,0,0,0,0,0,0,0,0,0,0,0,0,0,0,0,0,0,0,0,0,0,0
47,tsuchiura_ishioka_omitama_kasumigaura_etc,12,0,3,0,0,0,0,0,0,0,0,0,0,3,0,0,0,0,0,0,0,0,0,0,0,0,0,0,0,0,0,0,0,0,0,0,0,0,0,0,0,0,0,0,0,0,0,0,0,0,0,0,0,0,0,0,0,0,0,0,0,0,0,0,0,0,0,0,0,0,0,0,0,19
48,koga_shimotsuma_yachiyo_goka_etc,0,0,0,0,0,0,0,0,0,0,0,0,0,0,0,0,0,0,0,0,0,0,0,0,0,0,0,0,0,0,0,0,0,0,0,0,0,0,0,0,0,0,0,0,0,0,0,0,0,0,0,0,0,0,0,0,0,0,0,0,0,0,0,0,0,0,0,0,0,0,0,0,0,0
49,tsukuba_city,0,0,0,0,0,0,0,0,0,0,0,0,0,0,0,0,0,0,0,0,0,0,0,0,0,0,0,0,0,0,0,0,0,0,0,0,0,0,0,0,0,0,0,0,0,0,0,0,0,0,0,0,0,0,0,0,0,0,0,0,0,0,0,0,0,0,0,0,0,0,0,0,0,0
50,joso_bando,0,0,0,0,0,0,0,0,0,0,0,0,0,0,0,0,0,0,0,0,0,0,0,0,0,0,0,0,0,0,0,0,0,0,0,0,0,0,0,0,0,0,0,0,0,0,0,0,0,0,0,0,0,0,0,0,0,0,0,0,0,0,0,0,0,0,0,0,0,0,0,0,0,0
51,ryugasaki_toride_ushiku_moriya_etc,0,0,0,0,0,0,0,0,0,0,0,0,0,0,0,0,0,0,0,0,0,0,0,0,0,0,0,0,0,0,0,0,0,0,0,0,0,0,0,0,0,0,0,0,0,0,0,0,0,0,0,0,0,0,0,0,0,0,0,0,0,0,0,0,0,0,0,0,0,0,0,0,7,7
52,inashiki_miho_kawachi,0,0,5,0,0,0,0,3,0,0,0,0,0,0,0,0,0,0,0,0,0,0,0,0,0,3,0,0,0,0,0,0,0,0,0,0,0,0,3,3,0,0,0,0,0,0,0,0,0,0,0,0,0,0,0,0,0,0,0,0,3,0,0,0,0,0,0,0,0,0,0,0,0,18
53,kashima_kamisu_namegata_itako,0,0,0,0,0,0,0,0,0,0,0,0,0,0,0,0,0,0,0,0,0,0,0,0,0,0,0,0,0,0,0,0,0,0,0,0,0,0,0,0,0,0,0,0,0,0,0,0,0,0,0,0,0,0,0,0,0,0,0,0,0,0,0,0,0,0,0,0,0,0,0,0,0,0
54,mito_hitachi_kasama_hitachinaka_etc,0,7,0,0,0,0,0,0,0,0,0,0,0,0,0,0,0,0,0,0,0,0,0,0,0,0,7,0,17,0,0,0,0,0,0,0,0,7,0,0,0,0,0,0,0,0,0,0,0,0,0,0,0,0,0,0,0,0,0,0,0,0,0,0,0,0,17,0,0,0,0,0,0,55
55,yuki_chikusei_sakuragawa,0,0,0,0,0,0,0,0,0,0,0,0,0,0,0,0,0,0,0,0,0,0,0,0,0,0,0,0,0,0,0,0,0,0,0,0,0,0,0,0,0,0,0,0,0,0,0,0,0,0,0,0,0,0,0,0,0,0,0,0,0,0,0,0,0,0,0,0,0,0,0,0,0,0
56,maebashi_takasaki_isesaki_shibukawa_etc,10,0,0,17,0,21,0,0,0,0,0,0,0,0,0,0,0,0,0,0,0,0,0,0,0,0,10,0,0,0,0,0,1,0,0,0,0,0,0,0,0,0,0,0,0,0,0,0,0,0,1,1,0,0,10,0,39,0,0,0,0,0,0,7,0,0,0,7,0,0,25,0,7,158
57,kiryu_ota_tatebayashi_midori_etc,0,0,0,0,0,0,0,0,0,0,0,0,0,0,3,0,0,0,0,0,0,0,0,0,0,0,0,0,0,0,0,0,0,0,0,0,0,0,0,0,0,0,0,0,0,0,0,0,0,0,0,0,0,0,0,0,0,0,0,0,0,0,0,0,0,0,0,0,0,0,0,0,0,3
58,utsunomiya_kanuma_moka_kaminokawa_etc,23,0,0,0,0,0,0,0,0,0,0,0,0,0,0,3,0,0,0,0,0,0,0,0,0,0,23,0,0,0,0,0,0,0,0,0,0,0,0,0,0,0,0,0,0,0,0,0,0,0,0,0,0,0,0,0,0,0,0,0,0,0,0,0,0,0,0,0,0,0,0,0,11,60
59,tochigi_oyama_shimotsuke_nogi_etc,0,0,4,0,0,0,0,0,0,0,0,0,0,0,0,0,0,0,0,0,0,0,0,0,0,0,7,0,0,4,0,0,0,0,0,0,0,0,0,0,0,0,0,0,0,0,0,0,0,0,0,0,0,0,0,0,0,0,0,10,0,0,0,0,0,0,0,0,0,0,4,0,0,29
60,ashikaga_sano,0,0,0,0,0,0,0,0,0,0,0,0,0,0,0,0,0,0,0,0,0,0,0,0,0,0,0,0,0,0,0,0,0,0,0,0,0,0,0,0,0,0,0,0,0,0,0,0,0,0,0,0,0,0,0,0,0,0,0,0,0,0,0,0,0,0,0,0,0,0,15,0,91,106
61,tokyo_islands,0,0,0,0,0,0,0,0,0,0,0,0,0,0,0,0,0,0,0,0,0,0,0,0,0,0,0,0,0,0,0,0,0,0,0,0,0,0,0,0,0,0,0,0,0,0,0,0,0,0,0,0,0,0,0,0,0,0,0,0,0,0,0,0,0,0,0,0,0,0,0,0,0,0
62,ibaraki_north,0,0,0,0,0,0,0,0,0,0,0,0,0,0,0,0,0,0,0,0,0,0,0,0,0,0,0,0,0,0,0,0,0,0,0,0,0,0,0,0,0,0,0,0,0,0,0,0,0,0,0,0,0,0,0,0,0,0,0,0,0,0,0,0,0,0,0,0,0,0,0,0,0,0
63,tochigi_north,0,0,0,0,0,0,0,0,0,0,0,0,0,0,0,0,0,0,0,0,0,0,0,0,0,0,0,0,0,0,0,0,0,0,0,0,0,0,0,0,0,0,0,0,0,0,0,0,0,0,0,0,0,0,0,0,7,0,0,0,0,0,0,0,0,0,0,0,0,0,0,0,0,7
64,gunma_north,0,0,0,0,0,0,0,0,0,0,0,0,0,0,0,0,0,0,0,0,0,0,0,0,0,0,0,0,0,0,0,0,0,0,0,0,0,0,0,0,0,0,0,0,0,0,0,0,0,0,0,0,0,0,0,0,0,0,0,0,0,0,0,0,0,0,0,0,0,0,0,0,0,0
65,gunma_other_ueno_kanna_nanmoku,0,0,0,0,0,0,0,0,0,0,0,0,0,0,0,0,0,0,0,0,0,0,0,0,0,0,0,0,0,0,0,0,0,0,0,0,0,0,0,0,0,0,0,0,0,0,0,0,0,0,0,0,0,0,0,0,0,0,0,0,0,0,0,0,0,0,0,0,0,0,0,0,0,0
66,hokkaido_tohoku,4,3,4,0,0,0,0,3,0,0,0,0,3,0,0,0,0,0,0,0,0,0,0,6,0,0,0,0,9,0,0,0,0,0,0,0,0,0,0,0,0,0,0,0,0,0,0,0,0,0,0,0,0,0,17,0,21,0,0,0,0,0,0,0,0,0,0,0,0,0,0,0,0,70
67,hokuriku,0,0,0,0,0,0,0,3,0,0,0,0,0,0,0,0,0,0,0,0,0,0,0,0,0,0,0,0,0,0,0,0,0,0,0,0,0,0,0,0,0,0,0,0,0,0,0,0,0,0,0,0,0,0,0,0,10,0,0,0,0,0,0,0,0,0,0,0,0,0,0,0,0,13
68,yamanashi_nagano,0,0,0,0,0,0,0,0,0,0,0,0,3,1,0,0,0,0,0,0,0,0,0,0,0,0,0,0,5,0,0,0,0,0,0,0,0,0,0,4,0,0,0,0,0,0,0,0,0,0,0,0,0,0,0,0,0,0,0,0,0,0,0,0,0,0,0,0,0,0,0,0,0,13
69,shizuoka,0,0,0,0,0,0,0,0,0,0,0,0,0,0,0,0,0,0,0,0,0,0,0,0,3,0,0,0,0,0,0,0,0,0,0,0,0,0,0,0,0,0,0,0,0,0,0,0,0,0,0,0,0,0,0,0,0,0,0,0,0,0,0,0,0,0,0,0,0,0,0,0,0,3
70,chubu_west,14,3,0,69,5,0,0,6,0,3,0,0,16,5,0,0,5,0,0,0,0,0,0,8,0,0,0,0,18,3,0,0,0,0,0,12,0,7,0,8,0,3,0,0,0,0,0,0,0,0,0,0,0,0,0,0,22,0,2,0,61,0,0,0,0,0,0,0,0,0,0,0,0,270
71,overseas,0,0,0,0,0,0,0,0,0,0,10,3,0,0,0,0,8,6,0,0,0,0,0,0,0,0,0,0,0,0,0,0,0,0,0,6,0,0,0,0,0,0,0,0,0,0,0,0,0,0,0,0,0,0,0,0,0,0,0,0,0,0,0,0,0,0,0,0,0,0,0,0,0,33
999,unknown,0,0,0,0,0,0,0,0,0,0,0,0,0,0,0,2,0,0,0,0,0,0,0,0,0,0,0,0,0,0,0,0,0,0,0,0,0,0,0,0,0,0,0,0,0,0,0,0,0,0,0,0,0,0,0,0,0,0,0,0,0,0,0,0,0,0,0,0,0,0,0,0,0,2
○unknown,,,,,,,,,,,,,,,,,,,,,,,,,,,,,,,,,,,,,,,,,,,,,,,,,,,,,,,,,,,,,,,,,,,,,,,,,,,(unit: vehicles/day)
large_zone,region,tokyo_chiyoda_chuo_minato,tokyo_meguro_shinagawa_ota,tokyo_toshima_bunkyo_shinjuku_shibuya,tokyo_arakawa_taito_sumida_koto,tokyo_nakano_suginami_setagaya,tokyo_nerima_itabashi_kita,tokyo_adachi_katsushika_edogawa,chofu_nishitokyo_fuchu_musashino_etc,machida_tama_hachioji_inagi_etc,mizuho_fussa_hamura_akiruno_etc,yokohama_nishi_naka,yokohama_isogo_minami_kanazawa_konan,yokohama_hodogaya_totsuka_sakae_izumi_etc,yokohama_kohoku_tsuzuki_midori_aoba,yokohama_tsurumi_kanagawa,kawasaki_kawasaki_saiwai_nakahara,kawasaki_takatsu_miyamae_tama_asao,sagamihara_city,yokosuka_miura,kamakura_zushi_hayama,fujisawa_chigasaki_samukawa,hiratsuka_oiso_ninomiya,odawara_manazuru_yugawara_hakone,minami_ashigara_nakai_oi_matsuda_etc,atsugi_hadano_kiyokawa_isehara_etc,zama_yamato_ebina_ayase,saitama_city,kawaguchi_warabi_toda,asaka_wako_niiza_tokorozawa_etc,soka_kasukabe_misato_koshigaya_etc,hanno_hidaka_moroyama_ogose_etc,tsurugashima_sakado_kawajima_higashimatsuyama_etc,ageo_konosu_okegawa_kitamoto_etc,kuki_kazo_hanyu_gyoda_etc,kumagaya_fukaya_ogawa_yorii_etc,honjo_kamikawa_kamisato,chichibu_yokoze_minano_nagatoro_etc,chiba_city,ichikawa_urayasu_narashino_funabashi,matsudo_kamagaya_kashiwa_abiko,nagareyama_noda,yachiyo_sakura_narita_shiroi_etc,ichihara_city,kisarazu_sodegaura_kimitsu_futtsu,katsuura_otaki_tateyama_kamogawa_etc,choshi_asahi_sosa_katori_etc,togane_mobara_sanmu_oamishirasato_etc,tsuchiura_ishioka_omitama_kasumigaura_etc,koga_shimotsuma_yachiyo_goka_etc,tsukuba_city,joso_bando,ryugasaki_toride_ushiku_moriya_etc,inashiki_miho_kawachi,kashima_kamisu_namegata_itako,mito_hitachi_kasama_hitachinaka_etc,yuki_chikusei_sakuragawa,maebashi_takasaki_isesaki_shibukawa_etc,kiryu_ota_tatebayashi_midori_etc,utsunomiya_kanuma_moka_kaminokawa_etc,tochigi_oyama_shimotsuke_nogi_etc,ashikaga_sano,tokyo_islands,ibaraki_north,tochigi_north,gunma_north,gunma_other_ueno_kanna_nanmoku,hokkaido_tohoku,hokuriku,yamanashi_nagano,shizuoka,chubu_west,overseas,unknown,all_regions
0,tokyo_chiyoda_chuo_minato,0,0,0,0,0,0,0,0,0,0,0,0,0,0,3,0,0,0,0,0,0,0,0,0,0,0,0,0,0,0,0,0,0,0,0,0,0,0,0,0,0,0,0,0,0,0,0,0,0,0,0,0,0,0,0,0,0,0,0,0,0,0,0,0,0,0,0,0,0,0,0,0,203,207
1,tokyo_meguro_shinagawa_ota,56,138,3,42,0,15,4,2,8,0,0,0,0,0,0,0,0,14,0,3,6,0,0,0,3,4,0,16,4,24,0,4,7,26,2,0,0,5,47,7,0,6,0,2,0,0,3,13,0,0,4,2,0,0,7,4,16,24,9,26,4,0,3,2,0,0,22,6,3,10,368,45,267,1292
2,tokyo_toshima_bunkyo_shinjuku_shibuya,0,0,0,0,0,0,0,0,0,0,0,0,0,0,0,0,0,0,0,0,0,0,0,0,0,0,0,0,0,0,0,0,0,0,0,0,0,0,0,0,0,0,0,0,0,0,0,0,0,0,0,0,0,0,0,0,0,0,0,0,0,0,0,0,0,0,0,0,0,0,0,0,36,36
3,tokyo_arakawa_taito_sumida_koto,46,14,9,194,3,14,19,0,3,0,0,11,2,12,4,0,0,2,2,0,2,3,0,0,3,2,5,3,5,2,0,0,0,2,3,0,2,7,13,3,0,2,3,0,0,4,4,0,0,0,0,0,0,0,0,0,5,0,3,0,0,0,0,0,0,0,72,10,3,7,123,0,66,690
4,tokyo_nakano_suginami_setagaya,35,0,35,0,35,0,0,0,0,0,0,0,0,0,0,0,0,0,0,0,0,0,0,0,0,0,0,0,0,0,0,0,0,0,0,0,0,0,0,0,0,0,0,0,0,0,0,0,0,0,0,0,0,0,0,0,0,0,0,0,0,0,0,0,0,0,0,0,0,0,0,0,0,104
5,tokyo_nerima_itabashi_kita,0,0,0,0,0,3,9,0,0,0,0,0,0,0,0,0,0,0,0,0,0,0,0,0,0,0,17,0,3,9,0,0,0,0,0,0,0,0,3,0,0,0,0,0,0,0,0,0,0,0,0,0,0,0,0,0,0,0,0,0,0,0,0,0,0,0,0,0,0,3,15,0,3,64
6,tokyo_adachi_katsushika_edogawa,3,0,3,0,0,0,0,0,0,0,0,0,0,0,0,0,0,0,0,0,0,0,0,0,0,0,0,3,0,3,0,0,3,0,0,0,0,0,0,0,0,0,0,0,0,0,0,0,0,0,0,0,0,0,0,0,0,0,0,9,0,0,0,0,0,0,22,3,12,0,0,0,5,68
7,chofu_nishitokyo_fuchu_musashino_etc,4,4,5,0,4,0,0,33,18,0,0,0,0,7,0,0,0,0,0,4,0,0,0,0,0,4,0,10,11,0,0,4,0,0,0,0,0,0,7,0,0,0,0,0,0,0,0,0,0,0,0,0,0,0,0,0,0,0,0,0,0,0,0,0,0,0,0,0,14,0,0,0,0,127
8,machida_tama_hachioji_inagi_etc,0,3,3,6,0,3,0,14,179,0,0,0,0,14,11,0,20,0,0,0,0,0,0,0,0,5,0,0,0,0,0,0,3,0,0,0,0,0,0,0,0,0,0,0,0,0,0,0,0,0,0,0,0,0,0,0,0,0,0,0,41,0,0,0,0,0,11,5,24,28,19,0,4,392
9,mizuho_fussa_hamura_akiruno_etc,0,0,0,0,0,0,0,7,3,24,0,0,0,0,0,0,0,0,0,0,0,0,0,0,0,0,0,7,0,0,0,0,0,0,0,0,0,0,0,0,0,0,0,0,0,0,0,0,0,0,0,0,0,0,0,0,0,0,0,0,0,0,0,0,0,0,0,0,0,0,0,3,3,48
10,yokohama_nishi_naka,0,0,0,0,0,0,0,0,0,0,45,0,15,30,0,0,0,15,15,0,0,15,0,0,15,0,0,0,0,0,0,0,0,0,0,0,0,0,0,0,0,0,0,0,0,0,0,0,0,0,0,0,0,0,0,0,0,0,0,0,0,0,0,0,0,0,0,0,0,0,0,0,0,152
11,yokohama_isogo_minami_kanazawa_konan,3,0,0,0,0,0,0,0,0,0,0,6,12,0,0,0,0,0,0,0,0,0,0,0,0,0,0,0,0,0,0,0,0,0,0,0,0,0,0,0,0,0,0,0,0,0,0,0,0,0,0,0,0,0,0,0,0,0,0,0,0,0,0,0,0,0,0,0,0,0,0,0,35,57
12,yokohama_hodogaya_totsuka_sakae_izumi_etc,0,0,0,0,0,0,0,0,0,0,0,3,4,0,0,0,0,0,0,0,4,0,0,0,0,0,0,4,3,17,0,0,0,0,0,0,3,0,17,0,0,0,0,0,0,3,17,0,0,0,6,0,0,0,0,0,0,0,0,0,0,0,0,0,0,0,7,3,10,10,11,0,4,128
13,yokohama_kohoku_tsuzuki_midori_aoba,0,0,0,0,7,0,0,4,0,0,3,0,0,7,0,0,0,0,0,0,0,0,0,0,0,0,0,0,0,0,0,0,0,0,0,0,0,0,0,0,0,0,0,0,0,0,0,0,0,4,0,0,0,0,0,0,0,0,0,0,3,0,0,0,0,0,6,3,0,0,16,0,13,66
14,yokohama_tsurumi_kanagawa,0,0,0,0,5,0,0,0,0,0,15,15,0,0,62,45,0,0,0,0,0,0,0,0,0,3,0,0,0,0,0,0,0,0,0,0,0,5,10,10,0,15,0,10,0,0,10,0,0,0,0,0,0,0,0,0,0,0,0,0,0,0,0,0,0,0,0,0,0,0,0,0,175,382
15,kawasaki_kawasaki_saiwai_nakahara,6,14,4,3,3,4,0,7,3,4,9,9,9,37,19,60,42,0,0,0,3,3,0,0,3,3,0,0,0,0,0,0,0,0,0,0,0,3,0,0,0,0,0,0,0,0,0,0,0,0,0,0,0,0,0,0,0,0,0,0,0,0,0,0,0,0,0,0,0,0,0,0,4,250
16,kawasaki_takatsu_miyamae_tama_asao,4,4,4,4,12,0,4,4,11,4,4,0,8,7,4,0,8,4,4,0,4,0,0,0,8,0,0,0,0,0,0,0,0,0,0,0,0,0,4,4,0,4,0,0,0,0,0,0,4,0,0,0,0,0,0,0,4,0,4,0,0,0,0,0,0,0,38,8,11,0,23,0,19,221
17,sagamihara_city,0,2,0,7,0,0,0,2,15,0,3,0,0,3,4,0,28,84,3,0,0,0,2,0,7,11,0,0,0,2,0,0,0,8,0,23,0,0,0,0,0,2,0,0,0,0,0,0,0,0,0,2,0,0,2,0,2,0,5,0,0,0,25,0,0,0,4,2,11,63,25,0,196,544
18,yokosuka_miura,0,0,0,0,0,0,3,0,0,0,0,12,12,27,12,0,0,0,50,0,0,0,0,0,0,0,0,0,0,0,0,0,0,0,0,0,0,0,0,0,0,0,0,0,0,0,0,0,0,0,0,0,0,0,0,0,0,0,0,0,3,0,0,0,0,0,3,0,0,0,7,0,3,132
19,kamakura_zushi_hayama,0,0,0,0,0,0,0,0,3,0,0,0,0,0,0,0,0,0,0,0,3,0,0,0,0,0,0,0,0,0,0,0,0,0,0,0,0,0,0,0,0,0,0,0,0,0,0,0,0,0,0,0,0,0,0,0,0,0,0,0,0,0,0,0,0,0,0,0,0,0,0,0,0,6
20,fujisawa_chigasaki_samukawa,0,7,3,0,3,0,0,3,0,0,0,3,3,3,4,0,3,5,1,0,38,7,0,0,11,31,0,3,0,3,3,0,3,0,0,0,0,0,0,3,0,0,0,0,0,0,0,0,3,0,0,0,0,3,3,0,0,0,3,0,0,0,0,0,0,0,12,9,4,1,23,0,3,207
21,hiratsuka_oiso_ninomiya,0,0,0,0,0,0,0,0,0,0,0,0,0,0,0,0,0,0,7,0,0,35,7,0,0,0,1,0,0,1,0,0,1,0,0,0,0,0,1,0,0,1,0,0,0,0,1,0,0,0,0,0,0,0,0,7,0,0,0,7,0,0,0,0,0,0,15,7,4,4,22,0,17,138
22,odawara_manazuru_yugawara_hakone,4,0,0,0,0,0,0,0,0,0,0,0,0,0,0,0,0,0,0,0,0,11,11,0,7,0,0,0,0,0,0,0,0,0,0,0,0,0,0,0,0,0,0,0,0,0,0,0,0,0,0,0,0,0,0,0,0,0,0,0,0,0,0,0,0,0,0,0,6,7,0,0,53,97
23,minami_ashigara_nakai_oi_matsuda_etc,0,0,0,4,0,0,0,0,0,0,0,0,0,0,0,0,0,0,0,0,4,0,0,0,0,0,0,0,0,0,0,0,0,0,0,0,0,0,0,0,0,0,7,0,0,0,0,0,0,0,0,0,0,0,0,0,0,0,0,0,0,0,0,0,0,0,0,0,0,0,0,0,21,35
24,atsugi_hadano_kiyokawa_isehara_etc,16,5,0,28,0,0,3,0,0,0,2,3,0,10,0,0,0,3,0,0,0,3,9,0,21,2,3,0,0,0,0,0,0,0,0,0,0,0,3,0,3,0,0,0,0,0,0,3,0,0,0,0,0,0,0,0,0,0,0,0,0,0,0,0,0,0,8,0,8,3,13,0,318,467
25,zama_yamato_ebina_ayase,0,0,5,0,0,3,3,0,6,0,1,11,22,7,1,0,3,24,4,2,15,4,6,1,7,36,0,0,0,0,0,6,0,0,0,0,0,0,0,0,0,0,0,0,0,3,0,0,0,0,0,3,0,0,0,0,0,0,0,0,0,0,0,0,0,0,3,0,3,3,24,3,23,234
26,saitama_city,2,0,17,24,7,14,10,0,0,0,7,0,0,3,0,0,7,0,0,7,0,0,0,0,0,0,138,26,14,23,3,3,20,10,4,3,0,0,0,0,0,0,0,0,0,0,0,0,0,0,0,0,0,0,0,0,3,0,0,0,3,0,0,0,0,0,3,3,0,14,3,0,138,510
27,kawaguchi_warabi_toda,15,5,27,5,10,8,5,3,6,0,6,0,0,0,0,0,0,5,0,0,6,0,4,0,0,0,0,87,17,21,0,7,3,3,0,0,0,6,0,0,3,0,0,0,0,0,3,0,203,6,0,0,0,0,0,0,5,0,0,0,3,0,0,3,0,0,25,12,16,15,59,0,104,707
28,asaka_wako_niiza_tokorozawa_etc,24,32,47,5,8,5,4,52,21,25,0,0,0,0,0,0,0,5,0,0,0,0,0,0,6,11,4,27,134,0,13,16,6,10,27,0,0,3,0,10,11,6,0,0,0,0,0,0,0,0,0,0,0,6,0,0,0,5,0,23,6,0,0,0,0,0,22,27,9,12,53,0,35,710
29,soka_kasukabe_misato_koshigaya_etc,2,11,7,11,4,21,25,0,8,4,9,8,8,0,4,0,4,4,0,0,8,0,4,0,4,15,19,29,34,103,0,4,17,18,8,0,0,4,17,11,6,9,0,8,0,0,0,6,7,2,0,6,0,0,8,11,11,8,11,4,8,0,0,0,0,0,16,38,8,13,15,0,67,687
30,hanno_hidaka_moroyama_ogose_etc,0,3,0,0,0,3,0,0,0,71,0,0,0,0,0,0,13,3,0,0,0,0,0,0,3,0,3,3,80,0,30,14,3,0,8,0,0,0,0,0,0,0,10,0,0,0,0,0,0,0,0,0,0,10,0,0,3,0,0,0,0,0,0,0,0,0,0,0,0,0,3,0,13,277
31,tsurugashima_sakado_kawajima_higashimatsuyama_etc,3,0,7,3,7,3,3,7,0,0,0,0,4,0,3,0,3,0,0,0,0,0,0,0,0,0,0,3,0,0,11,72,13,14,34,0,0,0,0,0,0,0,0,0,0,0,0,0,0,0,0,0,0,0,0,0,3,4,0,0,0,0,0,0,0,0,3,0,0,0,0,0,56,258
32,ageo_konosu_okegawa_kitamoto_etc,3,0,0,0,0,0,0,0,0,0,0,0,0,0,0,0,0,0,0,0,0,0,0,0,0,0,27,4,19,11,0,11,59,19,0,0,0,0,0,0,0,0,0,0,0,0,0,0,0,0,0,0,0,0,0,0,0,0,0,3,0,0,0,0,0,0,0,0,0,3,13,0,43,216
33,kuki_kazo_hanyu_gyoda_etc,17,11,0,8,0,15,18,0,0,0,3,3,11,0,0,3,11,15,0,0,0,3,3,0,0,0,8,14,7,24,0,7,0,54,5,0,0,0,4,0,0,0,0,0,0,3,0,16,0,0,0,11,0,0,4,0,19,8,3,13,0,0,0,0,0,0,12,4,14,14,46,0,19,432
34,kumagaya_fukaya_ogawa_yorii_etc,16,6,18,14,24,0,36,6,0,3,12,0,6,0,0,0,2,0,0,0,0,8,0,0,12,8,7,3,33,12,0,11,4,22,80,25,4,0,0,0,0,12,0,0,0,0,2,0,61,0,0,12,0,0,8,3,29,49,20,0,3,0,0,7,0,0,17,7,7,7,51,0,14,684
35,honjo_kamikawa_kamisato,0,0,0,0,0,0,0,0,0,0,0,0,0,0,0,0,0,0,0,0,0,0,0,0,0,0,0,0,7,7,4,0,4,0,0,15,0,0,0,0,0,0,0,0,0,0,0,0,4,0,4,4,0,0,4,0,18,7,0,4,0,0,0,4,0,0,11,0,4,0,11,4,493,608
36,chichibu_yokoze_minano_nagatoro_etc,0,4,3,0,0,4,0,0,0,0,3,0,0,0,0,0,0,0,0,0,0,0,0,0,0,0,8,0,0,0,0,0,0,0,0,0,3,0,0,0,0,0,0,0,0,0,0,0,0,0,0,0,0,0,0,0,4,0,0,0,0,0,0,0,0,0,0,3,4,0,7,0,3,47
37,chiba_city,0,0,0,0,0,0,0,0,0,0,0,0,0,0,0,0,0,0,0,0,0,0,0,0,0,0,0,0,0,0,0,0,0,0,0,0,0,65,11,20,0,20,3,10,30,0,0,0,0,0,0,0,0,0,0,0,0,0,0,0,0,0,0,0,0,0,0,0,0,0,0,0,0,160
38,ichikawa_urayasu_narashino_funabashi,3,3,3,26,3,0,61,0,0,0,0,0,0,0,0,19,0,11,0,0,0,0,0,0,5,4,5,0,0,13,0,0,0,0,0,0,0,17,131,13,3,4,0,0,0,0,4,2,0,0,0,3,15,3,0,0,0,0,0,4,4,0,0,0,0,0,0,0,0,0,8,21,70,458
39,matsudo_kamagaya_kashiwa_abiko,0,7,4,4,0,10,7,10,0,4,0,0,4,0,4,0,4,0,0,0,0,0,0,0,0,0,7,4,0,14,0,0,10,10,0,0,0,0,43,102,30,4,0,0,0,0,4,110,4,0,4,3,0,0,0,0,0,4,0,4,4,0,0,10,0,0,14,0,0,4,35,0,65,544
40,nagareyama_noda,0,0,0,0,0,0,4,0,0,0,0,0,0,0,0,0,0,0,0,0,0,0,0,0,0,4,4,0,0,0,0,0,0,4,0,4,0,4,0,4,32,4,0,0,0,0,0,0,0,4,0,4,0,0,0,0,0,0,0,0,0,0,0,0,0,0,0,0,4,0,0,0,25,98
41,yachiyo_sakura_narita_shiroi_etc,0,0,3,2,0,0,8,0,21,0,0,0,3,0,2,0,0,13,0,0,0,0,0,0,0,0,0,0,0,0,0,0,0,0,0,0,0,134,35,26,3,33,7,38,4,32,19,0,7,11,0,0,0,36,10,0,0,0,5,0,0,0,0,0,0,0,0,0,0,0,0,0,45,494
42,ichihara_city,0,0,0,0,0,0,0,0,0,0,0,0,0,0,0,0,0,0,0,0,0,2,0,0,0,0,0,0,4,0,0,0,0,0,0,0,0,9,3,0,2,2,22,6,0,0,0,0,0,0,0,0,0,0,0,0,0,0,2,2,0,0,0,0,0,0,6,2,0,2,2,0,12,77
43,kisarazu_sodegaura_kimitsu_futtsu,0,0,0,0,0,0,0,0,0,0,0,0,0,0,0,0,0,0,0,0,0,0,0,0,0,0,0,0,0,0,0,0,0,0,0,0,0,0,2,0,0,0,0,80,0,0,0,0,0,0,0,0,0,0,0,0,0,0,0,0,0,0,0,0,0,0,7,0,0,0,14,0,30,134
44,katsuura_otaki_tateyama_kamogawa_etc,0,0,0,0,0,0,0,0,0,0,0,0,0,0,0,0,0,0,0,0,0,0,0,0,0,0,0,0,0,0,0,0,0,0,0,0,0,0,0,0,0,0,4,0,4,4,0,0,0,0,0,0,0,0,0,0,0,0,0,0,0,0,0,0,0,0,0,0,0,0,0,0,0,11
45,choshi_asahi_sosa_katori_etc,0,4,0,3,0,0,0,0,0,0,0,0,0,0,0,0,0,0,0,0,0,3,0,0,3,0,3,0,0,0,0,0,0,3,0,0,0,3,0,3,3,14,3,0,0,93,12,0,0,0,0,0,0,0,0,0,0,0,0,0,3,0,0,0,0,0,0,0,3,3,0,0,17,174
46,togane_mobara_sanmu_oamishirasato_etc,11,0,4,4,0,4,7,0,0,0,0,0,0,0,0,0,0,0,0,0,0,0,0,0,0,0,4,4,0,7,0,0,0,14,0,0,0,11,0,7,4,50,4,4,0,0,29,4,7,0,0,4,0,0,4,0,0,4,0,0,0,0,0,0,0,0,7,11,7,4,85,0,57,356
47,tsuchiura_ishioka_omitama_kasumigaura_etc,0,0,6,3,12,6,6,20,6,0,0,0,0,3,0,0,0,0,0,0,0,1,0,32,30,9,4,12,19,6,0,1,0,16,0,1,0,3,0,7,3,9,9,3,0,7,69,78,3,3,3,11,3,0,3,0,8,2,0,15,3,0,1,0,0,0,74,13,12,35,150,16,9,749
48,koga_shimotsuma_yachiyo_goka_etc,0,0,0,0,0,0,0,2,0,0,3,0,0,0,0,0,0,0,0,0,0,0,0,0,1,0,0,0,0,0,0,0,0,11,0,0,0,0,0,0,0,0,0,0,0,0,0,3,10,11,0,0,0,0,6,0,3,3,11,7,0,0,0,0,0,0,5,4,1,2,26,0,32,140
49,tsukuba_city,3,0,0,0,0,0,0,0,0,0,0,0,0,0,0,0,0,0,0,0,0,0,0,0,0,0,0,0,0,0,0,0,0,0,0,0,0,0,0,3,0,0,0,0,0,0,0,5,0,58,0,0,11,0,0,5,0,0,0,0,0,0,0,3,0,0,3,0,0,3,0,0,28,122
50,joso_bando,0,0,0,3,0,0,3,7,0,0,0,0,0,0,0,0,0,0,0,0,0,0,0,0,0,0,0,0,3,0,0,0,0,0,0,0,0,0,0,3,0,0,0,0,0,0,0,0,0,0,0,0,0,0,0,0,0,0,0,0,0,0,0,0,0,0,0,0,0,0,3,0,59,83
51,ryugasaki_toride_ushiku_moriya_etc,2,0,0,2,3,0,118,0,0,0,0,0,0,0,0,0,0,0,0,0,3,0,0,0,0,0,3,1,0,0,0,0,0,0,0,0,0,1,0,0,0,0,0,0,0,0,0,83,0,83,21,293,97,0,0,11,0,0,0,3,0,0,0,0,0,0,3,0,0,0,0,0,3,732
52,inashiki_miho_kawachi,3,6,3,0,0,0,7,0,0,0,0,0,0,0,0,0,0,0,0,0,0,0,0,0,0,0,6,0,0,0,0,0,0,0,0,0,0,0,0,0,0,0,0,0,0,0,0,3,0,0,0,0,0,0,3,0,0,0,3,0,0,0,0,0,0,0,3,3,0,0,0,0,9,51
53,kashima_kamisu_namegata_itako,3,0,0,3,0,0,0,0,0,0,3,0,0,0,3,0,0,0,0,0,0,0,0,0,0,0,0,0,3,0,0,0,3,0,3,0,0,3,7,0,3,3,0,0,0,13,0,11,3,0,0,0,0,59,0,5,0,0,3,7,0,0,3,0,0,0,13,10,0,3,46,0,0,214
54,mito_hitachi_kasama_hitachinaka_etc,0,4,0,0,0,0,4,4,0,0,4,0,0,0,0,0,0,0,0,0,3,0,0,0,4,0,0,3,0,4,4,4,0,0,0,0,0,3,0,4,4,21,0,0,0,0,0,38,4,4,0,0,0,23,315,15,0,4,0,0,0,0,62,0,0,0,34,10,4,10,22,18,128,756
55,yuki_chikusei_sakuragawa,0,3,0,3,0,3,0,0,0,0,3,0,0,3,0,0,0,0,0,0,0,0,0,0,0,0,0,0,3,8,0,3,0,6,3,0,0,3,6,0,0,0,0,0,0,3,0,0,7,0,0,0,0,0,0,24,0,0,4,6,6,0,0,0,0,0,6,0,14,0,0,0,48,163
56,maebashi_takasaki_isesaki_shibukawa_etc,3,4,0,0,0,3,6,0,2,4,0,0,3,0,0,0,0,0,0,0,4,0,0,0,3,0,4,4,4,0,0,3,6,0,9,4,0,0,0,3,0,0,0,0,0,0,0,1,0,0,0,0,0,0,0,4,151,59,3,4,4,0,0,4,3,0,23,11,14,13,46,0,139,551
57,kiryu_ota_tatebayashi_midori_etc,0,7,0,4,0,0,2,10,0,7,0,0,0,3,0,0,0,0,0,0,0,0,0,0,0,0,0,0,7,0,0,0,11,23,3,0,3,0,0,6,0,0,0,0,0,0,0,0,3,0,0,0,0,0,0,0,10,99,7,4,5,0,0,0,0,0,0,4,0,0,7,0,4,226
58,utsunomiya_kanuma_moka_kaminokawa_etc,0,0,0,0,0,0,2,0,0,0,0,0,0,0,0,0,0,0,0,0,0,0,0,0,0,0,0,0,2,0,0,0,0,0,0,4,0,0,0,0,0,0,0,0,0,0,0,0,0,0,0,2,0,0,0,31,0,0,196,62,2,0,0,87,0,0,11,0,0,0,52,0,71,524
59,tochigi_oyama_shimotsuke_nogi_etc,0,0,0,0,0,4,4,0,4,0,0,0,0,0,4,0,0,4,0,0,44,0,4,0,0,0,4,0,8,4,0,0,0,0,0,0,0,0,12,3,0,0,0,0,0,0,3,3,0,0,0,0,0,0,0,0,0,0,21,127,0,0,0,51,0,0,47,4,11,4,3,0,333,703
60,ashikaga_sano,2,0,0,0,0,0,0,0,0,0,0,0,0,0,0,0,0,0,0,0,0,0,0,0,2,0,0,3,0,0,0,0,0,7,0,0,0,0,0,0,0,0,0,0,0,0,0,0,0,0,2,0,0,0,2,3,3,10,0,0,45,0,0,0,0,0,0,2,0,20,2,0,98,200
61,tokyo_islands,0,0,0,0,0,0,0,0,0,0,0,0,0,0,0,0,0,0,0,0,0,0,0,0,0,0,0,0,0,0,0,0,0,0,0,0,0,0,0,0,0,0,0,0,0,0,0,0,0,0,0,0,0,0,0,0,0,0,0,0,0,0,0,0,0,0,0,0,0,0,0,0,0,0
62,ibaraki_north,0,0,0,0,0,0,0,0,0,0,0,0,0,0,0,0,0,0,0,0,3,0,0,0,0,0,0,0,0,0,0,0,0,0,0,0,0,0,0,0,0,0,0,0,0,0,0,0,0,0,0,0,0,0,3,0,0,0,0,0,0,0,0,0,0,0,0,0,0,0,0,0,0,6
63,tochigi_north,0,0,0,0,0,0,0,0,0,0,0,0,0,0,0,0,0,3,0,0,0,0,0,0,0,3,3,0,0,5,0,4,0,0,0,0,0,0,0,0,0,0,0,0,0,2,0,0,0,0,0,19,0,0,0,0,4,0,6,0,0,0,0,0,0,0,0,0,0,0,0,0,0,50
64,gunma_north,0,0,0,0,0,0,0,0,0,0,0,0,0,0,0,0,0,0,0,0,0,0,0,0,0,0,0,0,0,0,0,0,0,0,3,0,0,0,0,0,0,0,0,0,0,0,0,0,0,0,0,0,0,0,0,0,3,0,0,0,0,0,0,0,0,0,0,0,0,0,0,0,0,6
65,gunma_other_ueno_kanna_nanmoku,0,0,0,0,0,0,0,0,0,0,0,0,0,0,0,0,0,0,0,0,0,0,0,0,0,0,0,0,0,0,0,0,0,0,0,0,0,0,0,0,0,0,0,0,0,0,0,0,0,0,0,0,0,0,0,0,0,0,0,0,0,0,0,0,0,0,0,0,0,0,0,0,0,0
66,hokkaido_tohoku,0,3,0,0,0,0,3,3,6,5,21,0,2,0,0,0,4,1,0,0,16,0,3,18,4,7,0,0,0,10,0,1,8,6,18,0,0,0,29,4,0,9,0,4,0,0,0,3,5,0,0,0,0,0,12,0,13,0,15,10,0,0,0,0,0,0,0,0,0,0,0,0,0,244
67,hokuriku,0,0,0,0,0,0,0,11,0,0,6,0,0,0,0,0,0,0,0,0,9,0,3,0,20,0,13,5,3,5,0,1,0,11,8,11,0,0,1,0,0,18,0,0,0,0,0,0,0,0,0,0,0,0,0,3,3,9,0,0,0,0,0,0,0,0,0,0,0,0,0,0,0,141
68,yamanashi_nagano,0,0,0,0,0,0,0,3,0,1,6,0,0,0,0,0,4,0,0,0,4,0,0,0,0,3,0,0,9,0,0,0,0,0,0,7,3,0,0,7,0,6,0,0,0,3,0,6,1,0,0,0,0,0,0,9,27,0,0,0,0,0,0,0,0,0,0,0,0,0,0,0,0,101
69,shizuoka,0,0,0,3,0,0,0,0,0,5,208,0,6,1,0,0,0,0,0,0,0,7,0,0,0,7,0,0,18,8,0,0,0,0,0,0,0,3,0,0,0,3,0,4,0,3,0,3,0,0,0,0,0,3,7,0,3,0,5,4,0,0,0,0,0,0,0,0,0,0,0,0,0,299
70,chubu_west,26,361,0,33,0,0,7,0,9,3,131,0,19,5,2,0,27,6,0,0,22,0,4,28,58,16,47,0,55,33,0,12,39,17,7,0,12,0,9,11,4,43,75,0,0,0,11,63,12,0,12,0,12,8,7,5,61,11,10,10,10,0,0,0,0,0,0,0,0,0,0,0,0,1349
71,overseas,2,3,0,37,0,0,0,3,0,0,10,0,0,0,0,0,0,0,0,0,4,7,0,0,0,0,0,20,34,13,0,0,6,12,0,4,0,1,0,0,0,6,0,0,0,0,0,3,0,0,0,0,3,3,0,0,39,0,0,0,0,0,0,0,0,0,0,0,0,0,0,0,0,208
999,unknown,0,0,0,0,0,0,0,0,0,0,0,0,0,0,0,0,0,0,0,0,0,0,0,0,0,0,0,0,0,0,0,0,0,0,0,0,0,0,0,0,0,0,0,0,0,0,0,0,0,0,0,0,0,0,0,0,0,0,0,0,0,0,0,0,0,0,0,0,0,0,0,0,0,0
"Note: Net flow, OD basis",,,,,,,,,,,,,,,,,,,,,,,,,,,,,,,,,,,,,,,,,,,,,,,,,,,,,,,,,,,,,,,,,,,,,,,,,,,
"　 ：Note: Due to rounding, the sum by commodity may not equal all commodities",,,,,,,,,,,,,,,,,,,,,,,,,,,,,,,,,,,,,,,,,,,,,,,,,,,,,,,,,,,,,,,,,,,,,,,,,,,
"　 ：Note: Due to rounding, the sum by region may not equal all regions",,,,,,,,,,,,,,,,,,,,,,,,,,,,,,,,,,,,,,,,,,,,,,,,,,,,,,,,,,,,,,,,,,,,,,,,,,,
